
         /\      Grafana   /‾‾/  
    /\  /  \     |\  __   /  /   
   /  \/    \    | |/ /  /   ‾‾\ 
  /          \   |   (  |  (‾)  |
 / __________ \  |_|\_\  \_____/ 


     execution: local
        script: /Users/katha/Desktop/EliteLabIndividual_Research/testbedForFinApiZTA/microservices-api/psao-artifact/experiments/k6/openloop-ramp.js
        output: csv (/Users/katha/Desktop/EliteLabIndividual_Research/testbedForFinApiZTA/microservices-api/psao-artifact/data/runs/2026-09-13T17-34-37Z-ramp-S3/k6_raw.csv)

     scenarios: (100.00%) 20 scenarios, 5850 max VUs, 10m10s max duration (incl. graceful stop):
              * step_00050: 50.00 iterations/s for 30s (maxVUs: 20-150, gracefulStop: 10s)
              * step_00100: 100.00 iterations/s for 30s (maxVUs: 20-300, startTime: 30s, gracefulStop: 10s)
              * step_00150: 150.00 iterations/s for 30s (maxVUs: 30-450, startTime: 1m0s, gracefulStop: 10s)
              * step_00200: 200.00 iterations/s for 30s (maxVUs: 40-600, startTime: 1m30s, gracefulStop: 10s)
              * step_00250: 250.00 iterations/s for 30s (maxVUs: 50-750, startTime: 2m0s, gracefulStop: 10s)
              * step_00300: 300.00 iterations/s for 30s (maxVUs: 60-900, startTime: 2m30s, gracefulStop: 10s)
              * step_00350: 350.00 iterations/s for 30s (maxVUs: 70-1050, startTime: 3m0s, gracefulStop: 10s)
              * step_00400: 400.00 iterations/s for 30s (maxVUs: 80-1200, startTime: 3m30s, gracefulStop: 10s)
              * step_00450: 450.00 iterations/s for 30s (maxVUs: 90-1350, startTime: 4m0s, gracefulStop: 10s)
              * step_00500: 500.00 iterations/s for 30s (maxVUs: 100-1500, startTime: 4m30s, gracefulStop: 10s)
              * step_00550: 550.00 iterations/s for 30s (maxVUs: 110-1650, startTime: 5m0s, gracefulStop: 10s)
              * step_00600: 600.00 iterations/s for 30s (maxVUs: 120-1800, startTime: 5m30s, gracefulStop: 10s)
              * step_00650: 650.00 iterations/s for 30s (maxVUs: 130-1950, startTime: 6m0s, gracefulStop: 10s)
              * step_00700: 700.00 iterations/s for 30s (maxVUs: 140-2100, startTime: 6m30s, gracefulStop: 10s)
              * step_00750: 750.00 iterations/s for 30s (maxVUs: 150-2250, startTime: 7m0s, gracefulStop: 10s)
              * step_00800: 800.00 iterations/s for 30s (maxVUs: 160-2400, startTime: 7m30s, gracefulStop: 10s)
              * step_00850: 850.00 iterations/s for 30s (maxVUs: 170-2550, startTime: 8m0s, gracefulStop: 10s)
              * step_00900: 900.00 iterations/s for 30s (maxVUs: 180-2700, startTime: 8m30s, gracefulStop: 10s)
              * step_00950: 950.00 iterations/s for 30s (maxVUs: 190-2850, startTime: 9m0s, gracefulStop: 10s)
              * step_01000: 1000.00 iterations/s for 30s (maxVUs: 200-3000, startTime: 9m30s, gracefulStop: 10s)


running (00m01.0s), 0000/0390 VUs, 49 complete and 0 interrupted iterations
step_00050   [   3% ] 000/020 VUs  01.0s/30s  50.00 iters/s
step_00100 • [   0% ] waiting      29.0s     
step_00150 • [   0% ] waiting      0m59.0s   
step_00200 • [   0% ] waiting      1m29.0s   
step_00250 • [   0% ] waiting      1m59.0s   
step_00300 • [   0% ] waiting      2m29.0s   
step_00350 • [   0% ] waiting      2m59.0s   
step_00400 • [   0% ] waiting      3m29.0s   
step_00450 • [   0% ] waiting      3m59.0s   
step_00500 • [   0% ] waiting      4m29.0s   
step_00550 • [   0% ] waiting      4m59.0s   
step_00600 • [   0% ] waiting      5m29.0s   
step_00650 • [   0% ] waiting      5m59.0s   
step_00700 • [   0% ] waiting      6m29.0s   
step_00750 • [   0% ] waiting      6m59.0s   
step_00800 • [   0% ] waiting      7m29.0s   
step_00850 • [   0% ] waiting      7m59.0s   
step_00900 • [   0% ] waiting      8m29.0s   
step_00950 • [   0% ] waiting      8m59.0s   
step_01000 • [   0% ] waiting      9m29.0s   

running (00m02.0s), 0001/0390 VUs, 98 complete and 0 interrupted iterations
step_00050   [   7% ] 001/020 VUs  02.0s/30s  50.00 iters/s
step_00100 • [   0% ] waiting      28.0s     
step_00150 • [   0% ] waiting      0m58.0s   
step_00200 • [   0% ] waiting      1m28.0s   
step_00250 • [   0% ] waiting      1m58.0s   
step_00300 • [   0% ] waiting      2m28.0s   
step_00350 • [   0% ] waiting      2m58.0s   
step_00400 • [   0% ] waiting      3m28.0s   
step_00450 • [   0% ] waiting      3m58.0s   
step_00500 • [   0% ] waiting      4m28.0s   
step_00550 • [   0% ] waiting      4m58.0s   
step_00600 • [   0% ] waiting      5m28.0s   
step_00650 • [   0% ] waiting      5m58.0s   
step_00700 • [   0% ] waiting      6m28.0s   
step_00750 • [   0% ] waiting      6m58.0s   
step_00800 • [   0% ] waiting      7m28.0s   
step_00850 • [   0% ] waiting      7m58.0s   
step_00900 • [   0% ] waiting      8m28.0s   
step_00950 • [   0% ] waiting      8m58.0s   
step_01000 • [   0% ] waiting      9m28.0s   

running (00m03.0s), 0001/0390 VUs, 148 complete and 0 interrupted iterations
step_00050   [  10% ] 001/020 VUs  03.0s/30s  50.00 iters/s
step_00100 • [   0% ] waiting      27.0s     
step_00150 • [   0% ] waiting      0m57.0s   
step_00200 • [   0% ] waiting      1m27.0s   
step_00250 • [   0% ] waiting      1m57.0s   
step_00300 • [   0% ] waiting      2m27.0s   
step_00350 • [   0% ] waiting      2m57.0s   
step_00400 • [   0% ] waiting      3m27.0s   
step_00450 • [   0% ] waiting      3m57.0s   
step_00500 • [   0% ] waiting      4m27.0s   
step_00550 • [   0% ] waiting      4m57.0s   
step_00600 • [   0% ] waiting      5m27.0s   
step_00650 • [   0% ] waiting      5m57.0s   
step_00700 • [   0% ] waiting      6m27.0s   
step_00750 • [   0% ] waiting      6m57.0s   
step_00800 • [   0% ] waiting      7m27.0s   
step_00850 • [   0% ] waiting      7m57.0s   
step_00900 • [   0% ] waiting      8m27.0s   
step_00950 • [   0% ] waiting      8m57.0s   
step_01000 • [   0% ] waiting      9m27.0s   

running (00m04.0s), 0000/0390 VUs, 199 complete and 0 interrupted iterations
step_00050   [  13% ] 000/020 VUs  04.0s/30s  50.00 iters/s
step_00100 • [   0% ] waiting      26.0s     
step_00150 • [   0% ] waiting      0m56.0s   
step_00200 • [   0% ] waiting      1m26.0s   
step_00250 • [   0% ] waiting      1m56.0s   
step_00300 • [   0% ] waiting      2m26.0s   
step_00350 • [   0% ] waiting      2m56.0s   
step_00400 • [   0% ] waiting      3m26.0s   
step_00450 • [   0% ] waiting      3m56.0s   
step_00500 • [   0% ] waiting      4m26.0s   
step_00550 • [   0% ] waiting      4m56.0s   
step_00600 • [   0% ] waiting      5m26.0s   
step_00650 • [   0% ] waiting      5m56.0s   
step_00700 • [   0% ] waiting      6m26.0s   
step_00750 • [   0% ] waiting      6m56.0s   
step_00800 • [   0% ] waiting      7m26.0s   
step_00850 • [   0% ] waiting      7m56.0s   
step_00900 • [   0% ] waiting      8m26.0s   
step_00950 • [   0% ] waiting      8m56.0s   
step_01000 • [   0% ] waiting      9m26.0s   

running (00m05.0s), 0001/0390 VUs, 248 complete and 0 interrupted iterations
step_00050   [  17% ] 001/020 VUs  05.0s/30s  50.00 iters/s
step_00100 • [   0% ] waiting      25.0s     
step_00150 • [   0% ] waiting      0m55.0s   
step_00200 • [   0% ] waiting      1m25.0s   
step_00250 • [   0% ] waiting      1m55.0s   
step_00300 • [   0% ] waiting      2m25.0s   
step_00350 • [   0% ] waiting      2m55.0s   
step_00400 • [   0% ] waiting      3m25.0s   
step_00450 • [   0% ] waiting      3m55.0s   
step_00500 • [   0% ] waiting      4m25.0s   
step_00550 • [   0% ] waiting      4m55.0s   
step_00600 • [   0% ] waiting      5m25.0s   
step_00650 • [   0% ] waiting      5m55.0s   
step_00700 • [   0% ] waiting      6m25.0s   
step_00750 • [   0% ] waiting      6m55.0s   
step_00800 • [   0% ] waiting      7m25.0s   
step_00850 • [   0% ] waiting      7m55.0s   
step_00900 • [   0% ] waiting      8m25.0s   
step_00950 • [   0% ] waiting      8m55.0s   
step_01000 • [   0% ] waiting      9m25.0s   

running (00m06.0s), 0000/0390 VUs, 299 complete and 0 interrupted iterations
step_00050   [  20% ] 000/020 VUs  06.0s/30s  50.00 iters/s
step_00100 • [   0% ] waiting      24.0s     
step_00150 • [   0% ] waiting      0m54.0s   
step_00200 • [   0% ] waiting      1m24.0s   
step_00250 • [   0% ] waiting      1m54.0s   
step_00300 • [   0% ] waiting      2m24.0s   
step_00350 • [   0% ] waiting      2m54.0s   
step_00400 • [   0% ] waiting      3m24.0s   
step_00450 • [   0% ] waiting      3m54.0s   
step_00500 • [   0% ] waiting      4m24.0s   
step_00550 • [   0% ] waiting      4m54.0s   
step_00600 • [   0% ] waiting      5m24.0s   
step_00650 • [   0% ] waiting      5m54.0s   
step_00700 • [   0% ] waiting      6m24.0s   
step_00750 • [   0% ] waiting      6m54.0s   
step_00800 • [   0% ] waiting      7m24.0s   
step_00850 • [   0% ] waiting      7m54.0s   
step_00900 • [   0% ] waiting      8m24.0s   
step_00950 • [   0% ] waiting      8m54.0s   
step_01000 • [   0% ] waiting      9m24.0s   

running (00m07.0s), 0001/0390 VUs, 348 complete and 0 interrupted iterations
step_00050   [  23% ] 001/020 VUs  07.0s/30s  50.00 iters/s
step_00100 • [   0% ] waiting      23.0s     
step_00150 • [   0% ] waiting      0m53.0s   
step_00200 • [   0% ] waiting      1m23.0s   
step_00250 • [   0% ] waiting      1m53.0s   
step_00300 • [   0% ] waiting      2m23.0s   
step_00350 • [   0% ] waiting      2m53.0s   
step_00400 • [   0% ] waiting      3m23.0s   
step_00450 • [   0% ] waiting      3m53.0s   
step_00500 • [   0% ] waiting      4m23.0s   
step_00550 • [   0% ] waiting      4m53.0s   
step_00600 • [   0% ] waiting      5m23.0s   
step_00650 • [   0% ] waiting      5m53.0s   
step_00700 • [   0% ] waiting      6m23.0s   
step_00750 • [   0% ] waiting      6m53.0s   
step_00800 • [   0% ] waiting      7m23.0s   
step_00850 • [   0% ] waiting      7m53.0s   
step_00900 • [   0% ] waiting      8m23.0s   
step_00950 • [   0% ] waiting      8m53.0s   
step_01000 • [   0% ] waiting      9m23.0s   

running (00m08.0s), 0000/0390 VUs, 399 complete and 0 interrupted iterations
step_00050   [  27% ] 000/020 VUs  08.0s/30s  50.00 iters/s
step_00100 • [   0% ] waiting      22.0s     
step_00150 • [   0% ] waiting      0m52.0s   
step_00200 • [   0% ] waiting      1m22.0s   
step_00250 • [   0% ] waiting      1m52.0s   
step_00300 • [   0% ] waiting      2m22.0s   
step_00350 • [   0% ] waiting      2m52.0s   
step_00400 • [   0% ] waiting      3m22.0s   
step_00450 • [   0% ] waiting      3m52.0s   
step_00500 • [   0% ] waiting      4m22.0s   
step_00550 • [   0% ] waiting      4m52.0s   
step_00600 • [   0% ] waiting      5m22.0s   
step_00650 • [   0% ] waiting      5m52.0s   
step_00700 • [   0% ] waiting      6m22.0s   
step_00750 • [   0% ] waiting      6m52.0s   
step_00800 • [   0% ] waiting      7m22.0s   
step_00850 • [   0% ] waiting      7m52.0s   
step_00900 • [   0% ] waiting      8m22.0s   
step_00950 • [   0% ] waiting      8m52.0s   
step_01000 • [   0% ] waiting      9m22.0s   

running (00m09.0s), 0000/0390 VUs, 449 complete and 0 interrupted iterations
step_00050   [  30% ] 000/020 VUs  09.0s/30s  50.00 iters/s
step_00100 • [   0% ] waiting      21.0s     
step_00150 • [   0% ] waiting      0m51.0s   
step_00200 • [   0% ] waiting      1m21.0s   
step_00250 • [   0% ] waiting      1m51.0s   
step_00300 • [   0% ] waiting      2m21.0s   
step_00350 • [   0% ] waiting      2m51.0s   
step_00400 • [   0% ] waiting      3m21.0s   
step_00450 • [   0% ] waiting      3m51.0s   
step_00500 • [   0% ] waiting      4m21.0s   
step_00550 • [   0% ] waiting      4m51.0s   
step_00600 • [   0% ] waiting      5m21.0s   
step_00650 • [   0% ] waiting      5m51.0s   
step_00700 • [   0% ] waiting      6m21.0s   
step_00750 • [   0% ] waiting      6m51.0s   
step_00800 • [   0% ] waiting      7m21.0s   
step_00850 • [   0% ] waiting      7m51.0s   
step_00900 • [   0% ] waiting      8m21.0s   
step_00950 • [   0% ] waiting      8m51.0s   
step_01000 • [   0% ] waiting      9m21.0s   

running (00m10.0s), 0000/0390 VUs, 499 complete and 0 interrupted iterations
step_00050   [  33% ] 000/020 VUs  10.0s/30s  50.00 iters/s
step_00100 • [   0% ] waiting      20.0s     
step_00150 • [   0% ] waiting      0m50.0s   
step_00200 • [   0% ] waiting      1m20.0s   
step_00250 • [   0% ] waiting      1m50.0s   
step_00300 • [   0% ] waiting      2m20.0s   
step_00350 • [   0% ] waiting      2m50.0s   
step_00400 • [   0% ] waiting      3m20.0s   
step_00450 • [   0% ] waiting      3m50.0s   
step_00500 • [   0% ] waiting      4m20.0s   
step_00550 • [   0% ] waiting      4m50.0s   
step_00600 • [   0% ] waiting      5m20.0s   
step_00650 • [   0% ] waiting      5m50.0s   
step_00700 • [   0% ] waiting      6m20.0s   
step_00750 • [   0% ] waiting      6m50.0s   
step_00800 • [   0% ] waiting      7m20.0s   
step_00850 • [   0% ] waiting      7m50.0s   
step_00900 • [   0% ] waiting      8m20.0s   
step_00950 • [   0% ] waiting      8m50.0s   
step_01000 • [   0% ] waiting      9m20.0s   

running (00m11.0s), 0001/0390 VUs, 548 complete and 0 interrupted iterations
step_00050   [  37% ] 001/020 VUs  11.0s/30s  50.00 iters/s
step_00100 • [   0% ] waiting      19.0s     
step_00150 • [   0% ] waiting      0m49.0s   
step_00200 • [   0% ] waiting      1m19.0s   
step_00250 • [   0% ] waiting      1m49.0s   
step_00300 • [   0% ] waiting      2m19.0s   
step_00350 • [   0% ] waiting      2m49.0s   
step_00400 • [   0% ] waiting      3m19.0s   
step_00450 • [   0% ] waiting      3m49.0s   
step_00500 • [   0% ] waiting      4m19.0s   
step_00550 • [   0% ] waiting      4m49.0s   
step_00600 • [   0% ] waiting      5m19.0s   
step_00650 • [   0% ] waiting      5m49.0s   
step_00700 • [   0% ] waiting      6m19.0s   
step_00750 • [   0% ] waiting      6m49.0s   
step_00800 • [   0% ] waiting      7m19.0s   
step_00850 • [   0% ] waiting      7m49.0s   
step_00900 • [   0% ] waiting      8m19.0s   
step_00950 • [   0% ] waiting      8m49.0s   
step_01000 • [   0% ] waiting      9m19.0s   

running (00m12.0s), 0000/0390 VUs, 599 complete and 0 interrupted iterations
step_00050   [  40% ] 000/020 VUs  12.0s/30s  50.00 iters/s
step_00100 • [   0% ] waiting      18.0s     
step_00150 • [   0% ] waiting      0m48.0s   
step_00200 • [   0% ] waiting      1m18.0s   
step_00250 • [   0% ] waiting      1m48.0s   
step_00300 • [   0% ] waiting      2m18.0s   
step_00350 • [   0% ] waiting      2m48.0s   
step_00400 • [   0% ] waiting      3m18.0s   
step_00450 • [   0% ] waiting      3m48.0s   
step_00500 • [   0% ] waiting      4m18.0s   
step_00550 • [   0% ] waiting      4m48.0s   
step_00600 • [   0% ] waiting      5m18.0s   
step_00650 • [   0% ] waiting      5m48.0s   
step_00700 • [   0% ] waiting      6m18.0s   
step_00750 • [   0% ] waiting      6m48.0s   
step_00800 • [   0% ] waiting      7m18.0s   
step_00850 • [   0% ] waiting      7m48.0s   
step_00900 • [   0% ] waiting      8m18.0s   
step_00950 • [   0% ] waiting      8m48.0s   
step_01000 • [   0% ] waiting      9m18.0s   

running (00m13.0s), 0001/0390 VUs, 648 complete and 0 interrupted iterations
step_00050   [  43% ] 001/020 VUs  13.0s/30s  50.00 iters/s
step_00100 • [   0% ] waiting      17.0s     
step_00150 • [   0% ] waiting      0m47.0s   
step_00200 • [   0% ] waiting      1m17.0s   
step_00250 • [   0% ] waiting      1m47.0s   
step_00300 • [   0% ] waiting      2m17.0s   
step_00350 • [   0% ] waiting      2m47.0s   
step_00400 • [   0% ] waiting      3m17.0s   
step_00450 • [   0% ] waiting      3m47.0s   
step_00500 • [   0% ] waiting      4m17.0s   
step_00550 • [   0% ] waiting      4m47.0s   
step_00600 • [   0% ] waiting      5m17.0s   
step_00650 • [   0% ] waiting      5m47.0s   
step_00700 • [   0% ] waiting      6m17.0s   
step_00750 • [   0% ] waiting      6m47.0s   
step_00800 • [   0% ] waiting      7m17.0s   
step_00850 • [   0% ] waiting      7m47.0s   
step_00900 • [   0% ] waiting      8m17.0s   
step_00950 • [   0% ] waiting      8m47.0s   
step_01000 • [   0% ] waiting      9m17.0s   

running (00m14.0s), 0000/0390 VUs, 699 complete and 0 interrupted iterations
step_00050   [  47% ] 000/020 VUs  14.0s/30s  50.00 iters/s
step_00100 • [   0% ] waiting      16.0s     
step_00150 • [   0% ] waiting      0m46.0s   
step_00200 • [   0% ] waiting      1m16.0s   
step_00250 • [   0% ] waiting      1m46.0s   
step_00300 • [   0% ] waiting      2m16.0s   
step_00350 • [   0% ] waiting      2m46.0s   
step_00400 • [   0% ] waiting      3m16.0s   
step_00450 • [   0% ] waiting      3m46.0s   
step_00500 • [   0% ] waiting      4m16.0s   
step_00550 • [   0% ] waiting      4m46.0s   
step_00600 • [   0% ] waiting      5m16.0s   
step_00650 • [   0% ] waiting      5m46.0s   
step_00700 • [   0% ] waiting      6m16.0s   
step_00750 • [   0% ] waiting      6m46.0s   
step_00800 • [   0% ] waiting      7m16.0s   
step_00850 • [   0% ] waiting      7m46.0s   
step_00900 • [   0% ] waiting      8m16.0s   
step_00950 • [   0% ] waiting      8m46.0s   
step_01000 • [   0% ] waiting      9m16.0s   

running (00m15.0s), 0000/0390 VUs, 749 complete and 0 interrupted iterations
step_00050   [  50% ] 000/020 VUs  15.0s/30s  50.00 iters/s
step_00100 • [   0% ] waiting      15.0s     
step_00150 • [   0% ] waiting      0m45.0s   
step_00200 • [   0% ] waiting      1m15.0s   
step_00250 • [   0% ] waiting      1m45.0s   
step_00300 • [   0% ] waiting      2m15.0s   
step_00350 • [   0% ] waiting      2m45.0s   
step_00400 • [   0% ] waiting      3m15.0s   
step_00450 • [   0% ] waiting      3m45.0s   
step_00500 • [   0% ] waiting      4m15.0s   
step_00550 • [   0% ] waiting      4m45.0s   
step_00600 • [   0% ] waiting      5m15.0s   
step_00650 • [   0% ] waiting      5m45.0s   
step_00700 • [   0% ] waiting      6m15.0s   
step_00750 • [   0% ] waiting      6m45.0s   
step_00800 • [   0% ] waiting      7m15.0s   
step_00850 • [   0% ] waiting      7m45.0s   
step_00900 • [   0% ] waiting      8m15.0s   
step_00950 • [   0% ] waiting      8m45.0s   
step_01000 • [   0% ] waiting      9m15.0s   

running (00m16.0s), 0000/0390 VUs, 799 complete and 0 interrupted iterations
step_00050   [  53% ] 000/020 VUs  16.0s/30s  50.00 iters/s
step_00100 • [   0% ] waiting      14.0s     
step_00150 • [   0% ] waiting      0m44.0s   
step_00200 • [   0% ] waiting      1m14.0s   
step_00250 • [   0% ] waiting      1m44.0s   
step_00300 • [   0% ] waiting      2m14.0s   
step_00350 • [   0% ] waiting      2m44.0s   
step_00400 • [   0% ] waiting      3m14.0s   
step_00450 • [   0% ] waiting      3m44.0s   
step_00500 • [   0% ] waiting      4m14.0s   
step_00550 • [   0% ] waiting      4m44.0s   
step_00600 • [   0% ] waiting      5m14.0s   
step_00650 • [   0% ] waiting      5m44.0s   
step_00700 • [   0% ] waiting      6m14.0s   
step_00750 • [   0% ] waiting      6m44.0s   
step_00800 • [   0% ] waiting      7m14.0s   
step_00850 • [   0% ] waiting      7m44.0s   
step_00900 • [   0% ] waiting      8m14.0s   
step_00950 • [   0% ] waiting      8m44.0s   
step_01000 • [   0% ] waiting      9m14.0s   

running (00m17.0s), 0001/0390 VUs, 848 complete and 0 interrupted iterations
step_00050   [  57% ] 001/020 VUs  17.0s/30s  50.00 iters/s
step_00100 • [   0% ] waiting      13.0s     
step_00150 • [   0% ] waiting      0m43.0s   
step_00200 • [   0% ] waiting      1m13.0s   
step_00250 • [   0% ] waiting      1m43.0s   
step_00300 • [   0% ] waiting      2m13.0s   
step_00350 • [   0% ] waiting      2m43.0s   
step_00400 • [   0% ] waiting      3m13.0s   
step_00450 • [   0% ] waiting      3m43.0s   
step_00500 • [   0% ] waiting      4m13.0s   
step_00550 • [   0% ] waiting      4m43.0s   
step_00600 • [   0% ] waiting      5m13.0s   
step_00650 • [   0% ] waiting      5m43.0s   
step_00700 • [   0% ] waiting      6m13.0s   
step_00750 • [   0% ] waiting      6m43.0s   
step_00800 • [   0% ] waiting      7m13.0s   
step_00850 • [   0% ] waiting      7m43.0s   
step_00900 • [   0% ] waiting      8m13.0s   
step_00950 • [   0% ] waiting      8m43.0s   
step_01000 • [   0% ] waiting      9m13.0s   

running (00m18.0s), 0001/0390 VUs, 898 complete and 0 interrupted iterations
step_00050   [  60% ] 001/020 VUs  18.0s/30s  50.00 iters/s
step_00100 • [   0% ] waiting      12.0s     
step_00150 • [   0% ] waiting      0m42.0s   
step_00200 • [   0% ] waiting      1m12.0s   
step_00250 • [   0% ] waiting      1m42.0s   
step_00300 • [   0% ] waiting      2m12.0s   
step_00350 • [   0% ] waiting      2m42.0s   
step_00400 • [   0% ] waiting      3m12.0s   
step_00450 • [   0% ] waiting      3m42.0s   
step_00500 • [   0% ] waiting      4m12.0s   
step_00550 • [   0% ] waiting      4m42.0s   
step_00600 • [   0% ] waiting      5m12.0s   
step_00650 • [   0% ] waiting      5m42.0s   
step_00700 • [   0% ] waiting      6m12.0s   
step_00750 • [   0% ] waiting      6m42.0s   
step_00800 • [   0% ] waiting      7m12.0s   
step_00850 • [   0% ] waiting      7m42.0s   
step_00900 • [   0% ] waiting      8m12.0s   
step_00950 • [   0% ] waiting      8m42.0s   
step_01000 • [   0% ] waiting      9m12.0s   

running (00m19.0s), 0000/0390 VUs, 949 complete and 0 interrupted iterations
step_00050   [  63% ] 000/020 VUs  19.0s/30s  50.00 iters/s
step_00100 • [   0% ] waiting      11.0s     
step_00150 • [   0% ] waiting      0m41.0s   
step_00200 • [   0% ] waiting      1m11.0s   
step_00250 • [   0% ] waiting      1m41.0s   
step_00300 • [   0% ] waiting      2m11.0s   
step_00350 • [   0% ] waiting      2m41.0s   
step_00400 • [   0% ] waiting      3m11.0s   
step_00450 • [   0% ] waiting      3m41.0s   
step_00500 • [   0% ] waiting      4m11.0s   
step_00550 • [   0% ] waiting      4m41.0s   
step_00600 • [   0% ] waiting      5m11.0s   
step_00650 • [   0% ] waiting      5m41.0s   
step_00700 • [   0% ] waiting      6m11.0s   
step_00750 • [   0% ] waiting      6m41.0s   
step_00800 • [   0% ] waiting      7m11.0s   
step_00850 • [   0% ] waiting      7m41.0s   
step_00900 • [   0% ] waiting      8m11.0s   
step_00950 • [   0% ] waiting      8m41.0s   
step_01000 • [   0% ] waiting      9m11.0s   

running (00m20.0s), 0001/0390 VUs, 998 complete and 0 interrupted iterations
step_00050   [  67% ] 001/020 VUs  20.0s/30s  50.00 iters/s
step_00100 • [   0% ] waiting      10.0s     
step_00150 • [   0% ] waiting      0m40.0s   
step_00200 • [   0% ] waiting      1m10.0s   
step_00250 • [   0% ] waiting      1m40.0s   
step_00300 • [   0% ] waiting      2m10.0s   
step_00350 • [   0% ] waiting      2m40.0s   
step_00400 • [   0% ] waiting      3m10.0s   
step_00450 • [   0% ] waiting      3m40.0s   
step_00500 • [   0% ] waiting      4m10.0s   
step_00550 • [   0% ] waiting      4m40.0s   
step_00600 • [   0% ] waiting      5m10.0s   
step_00650 • [   0% ] waiting      5m40.0s   
step_00700 • [   0% ] waiting      6m10.0s   
step_00750 • [   0% ] waiting      6m40.0s   
step_00800 • [   0% ] waiting      7m10.0s   
step_00850 • [   0% ] waiting      7m40.0s   
step_00900 • [   0% ] waiting      8m10.0s   
step_00950 • [   0% ] waiting      8m40.0s   
step_01000 • [   0% ] waiting      9m10.0s   

running (00m21.0s), 0000/0390 VUs, 1049 complete and 0 interrupted iterations
step_00050   [  70% ] 000/020 VUs  21.0s/30s  50.00 iters/s
step_00100 • [   0% ] waiting      09.0s     
step_00150 • [   0% ] waiting      0m39.0s   
step_00200 • [   0% ] waiting      1m09.0s   
step_00250 • [   0% ] waiting      1m39.0s   
step_00300 • [   0% ] waiting      2m09.0s   
step_00350 • [   0% ] waiting      2m39.0s   
step_00400 • [   0% ] waiting      3m09.0s   
step_00450 • [   0% ] waiting      3m39.0s   
step_00500 • [   0% ] waiting      4m09.0s   
step_00550 • [   0% ] waiting      4m39.0s   
step_00600 • [   0% ] waiting      5m09.0s   
step_00650 • [   0% ] waiting      5m39.0s   
step_00700 • [   0% ] waiting      6m09.0s   
step_00750 • [   0% ] waiting      6m39.0s   
step_00800 • [   0% ] waiting      7m09.0s   
step_00850 • [   0% ] waiting      7m39.0s   
step_00900 • [   0% ] waiting      8m09.0s   
step_00950 • [   0% ] waiting      8m39.0s   
step_01000 • [   0% ] waiting      9m09.0s   

running (00m22.0s), 0000/0390 VUs, 1099 complete and 0 interrupted iterations
step_00050   [  73% ] 000/020 VUs  22.0s/30s  50.00 iters/s
step_00100 • [   0% ] waiting      08.0s     
step_00150 • [   0% ] waiting      0m38.0s   
step_00200 • [   0% ] waiting      1m08.0s   
step_00250 • [   0% ] waiting      1m38.0s   
step_00300 • [   0% ] waiting      2m08.0s   
step_00350 • [   0% ] waiting      2m38.0s   
step_00400 • [   0% ] waiting      3m08.0s   
step_00450 • [   0% ] waiting      3m38.0s   
step_00500 • [   0% ] waiting      4m08.0s   
step_00550 • [   0% ] waiting      4m38.0s   
step_00600 • [   0% ] waiting      5m08.0s   
step_00650 • [   0% ] waiting      5m38.0s   
step_00700 • [   0% ] waiting      6m08.0s   
step_00750 • [   0% ] waiting      6m38.0s   
step_00800 • [   0% ] waiting      7m08.0s   
step_00850 • [   0% ] waiting      7m38.0s   
step_00900 • [   0% ] waiting      8m08.0s   
step_00950 • [   0% ] waiting      8m38.0s   
step_01000 • [   0% ] waiting      9m08.0s   

running (00m23.0s), 0000/0390 VUs, 1149 complete and 0 interrupted iterations
step_00050   [  77% ] 000/020 VUs  23.0s/30s  50.00 iters/s
step_00100 • [   0% ] waiting      07.0s     
step_00150 • [   0% ] waiting      0m37.0s   
step_00200 • [   0% ] waiting      1m07.0s   
step_00250 • [   0% ] waiting      1m37.0s   
step_00300 • [   0% ] waiting      2m07.0s   
step_00350 • [   0% ] waiting      2m37.0s   
step_00400 • [   0% ] waiting      3m07.0s   
step_00450 • [   0% ] waiting      3m37.0s   
step_00500 • [   0% ] waiting      4m07.0s   
step_00550 • [   0% ] waiting      4m37.0s   
step_00600 • [   0% ] waiting      5m07.0s   
step_00650 • [   0% ] waiting      5m37.0s   
step_00700 • [   0% ] waiting      6m07.0s   
step_00750 • [   0% ] waiting      6m37.0s   
step_00800 • [   0% ] waiting      7m07.0s   
step_00850 • [   0% ] waiting      7m37.0s   
step_00900 • [   0% ] waiting      8m07.0s   
step_00950 • [   0% ] waiting      8m37.0s   
step_01000 • [   0% ] waiting      9m07.0s   

running (00m24.0s), 0000/0390 VUs, 1199 complete and 0 interrupted iterations
step_00050   [  80% ] 000/020 VUs  24.0s/30s  50.00 iters/s
step_00100 • [   0% ] waiting      06.0s     
step_00150 • [   0% ] waiting      0m36.0s   
step_00200 • [   0% ] waiting      1m06.0s   
step_00250 • [   0% ] waiting      1m36.0s   
step_00300 • [   0% ] waiting      2m06.0s   
step_00350 • [   0% ] waiting      2m36.0s   
step_00400 • [   0% ] waiting      3m06.0s   
step_00450 • [   0% ] waiting      3m36.0s   
step_00500 • [   0% ] waiting      4m06.0s   
step_00550 • [   0% ] waiting      4m36.0s   
step_00600 • [   0% ] waiting      5m06.0s   
step_00650 • [   0% ] waiting      5m36.0s   
step_00700 • [   0% ] waiting      6m06.0s   
step_00750 • [   0% ] waiting      6m36.0s   
step_00800 • [   0% ] waiting      7m06.0s   
step_00850 • [   0% ] waiting      7m36.0s   
step_00900 • [   0% ] waiting      8m06.0s   
step_00950 • [   0% ] waiting      8m36.0s   
step_01000 • [   0% ] waiting      9m06.0s   

running (00m25.0s), 0000/0390 VUs, 1249 complete and 0 interrupted iterations
step_00050   [  83% ] 000/020 VUs  25.0s/30s  50.00 iters/s
step_00100 • [   0% ] waiting      05.0s     
step_00150 • [   0% ] waiting      0m35.0s   
step_00200 • [   0% ] waiting      1m05.0s   
step_00250 • [   0% ] waiting      1m35.0s   
step_00300 • [   0% ] waiting      2m05.0s   
step_00350 • [   0% ] waiting      2m35.0s   
step_00400 • [   0% ] waiting      3m05.0s   
step_00450 • [   0% ] waiting      3m35.0s   
step_00500 • [   0% ] waiting      4m05.0s   
step_00550 • [   0% ] waiting      4m35.0s   
step_00600 • [   0% ] waiting      5m05.0s   
step_00650 • [   0% ] waiting      5m35.0s   
step_00700 • [   0% ] waiting      6m05.0s   
step_00750 • [   0% ] waiting      6m35.0s   
step_00800 • [   0% ] waiting      7m05.0s   
step_00850 • [   0% ] waiting      7m35.0s   
step_00900 • [   0% ] waiting      8m05.0s   
step_00950 • [   0% ] waiting      8m35.0s   
step_01000 • [   0% ] waiting      9m05.0s   

running (00m26.0s), 0001/0390 VUs, 1298 complete and 0 interrupted iterations
step_00050   [  87% ] 001/020 VUs  26.0s/30s  50.00 iters/s
step_00100 • [   0% ] waiting      04.0s     
step_00150 • [   0% ] waiting      0m34.0s   
step_00200 • [   0% ] waiting      1m04.0s   
step_00250 • [   0% ] waiting      1m34.0s   
step_00300 • [   0% ] waiting      2m04.0s   
step_00350 • [   0% ] waiting      2m34.0s   
step_00400 • [   0% ] waiting      3m04.0s   
step_00450 • [   0% ] waiting      3m34.0s   
step_00500 • [   0% ] waiting      4m04.0s   
step_00550 • [   0% ] waiting      4m34.0s   
step_00600 • [   0% ] waiting      5m04.0s   
step_00650 • [   0% ] waiting      5m34.0s   
step_00700 • [   0% ] waiting      6m04.0s   
step_00750 • [   0% ] waiting      6m34.0s   
step_00800 • [   0% ] waiting      7m04.0s   
step_00850 • [   0% ] waiting      7m34.0s   
step_00900 • [   0% ] waiting      8m04.0s   
step_00950 • [   0% ] waiting      8m34.0s   
step_01000 • [   0% ] waiting      9m04.0s   

running (00m27.0s), 0000/0390 VUs, 1349 complete and 0 interrupted iterations
step_00050   [  90% ] 000/020 VUs  27.0s/30s  50.00 iters/s
step_00100 • [   0% ] waiting      03.0s     
step_00150 • [   0% ] waiting      0m33.0s   
step_00200 • [   0% ] waiting      1m03.0s   
step_00250 • [   0% ] waiting      1m33.0s   
step_00300 • [   0% ] waiting      2m03.0s   
step_00350 • [   0% ] waiting      2m33.0s   
step_00400 • [   0% ] waiting      3m03.0s   
step_00450 • [   0% ] waiting      3m33.0s   
step_00500 • [   0% ] waiting      4m03.0s   
step_00550 • [   0% ] waiting      4m33.0s   
step_00600 • [   0% ] waiting      5m03.0s   
step_00650 • [   0% ] waiting      5m33.0s   
step_00700 • [   0% ] waiting      6m03.0s   
step_00750 • [   0% ] waiting      6m33.0s   
step_00800 • [   0% ] waiting      7m03.0s   
step_00850 • [   0% ] waiting      7m33.0s   
step_00900 • [   0% ] waiting      8m03.0s   
step_00950 • [   0% ] waiting      8m33.0s   
step_01000 • [   0% ] waiting      9m03.0s   

running (00m28.0s), 0000/0390 VUs, 1399 complete and 0 interrupted iterations
step_00050   [  93% ] 000/020 VUs  28.0s/30s  50.00 iters/s
step_00100 • [   0% ] waiting      02.0s     
step_00150 • [   0% ] waiting      0m32.0s   
step_00200 • [   0% ] waiting      1m02.0s   
step_00250 • [   0% ] waiting      1m32.0s   
step_00300 • [   0% ] waiting      2m02.0s   
step_00350 • [   0% ] waiting      2m32.0s   
step_00400 • [   0% ] waiting      3m02.0s   
step_00450 • [   0% ] waiting      3m32.0s   
step_00500 • [   0% ] waiting      4m02.0s   
step_00550 • [   0% ] waiting      4m32.0s   
step_00600 • [   0% ] waiting      5m02.0s   
step_00650 • [   0% ] waiting      5m32.0s   
step_00700 • [   0% ] waiting      6m02.0s   
step_00750 • [   0% ] waiting      6m32.0s   
step_00800 • [   0% ] waiting      7m02.0s   
step_00850 • [   0% ] waiting      7m32.0s   
step_00900 • [   0% ] waiting      8m02.0s   
step_00950 • [   0% ] waiting      8m32.0s   
step_01000 • [   0% ] waiting      9m02.0s   

running (00m29.0s), 0000/0390 VUs, 1449 complete and 0 interrupted iterations
step_00050   [  97% ] 000/020 VUs  29.0s/30s  50.00 iters/s
step_00100 • [   0% ] waiting      01.0s     
step_00150 • [   0% ] waiting      0m31.0s   
step_00200 • [   0% ] waiting      1m01.0s   
step_00250 • [   0% ] waiting      1m31.0s   
step_00300 • [   0% ] waiting      2m01.0s   
step_00350 • [   0% ] waiting      2m31.0s   
step_00400 • [   0% ] waiting      3m01.0s   
step_00450 • [   0% ] waiting      3m31.0s   
step_00500 • [   0% ] waiting      4m01.0s   
step_00550 • [   0% ] waiting      4m31.0s   
step_00600 • [   0% ] waiting      5m01.0s   
step_00650 • [   0% ] waiting      5m31.0s   
step_00700 • [   0% ] waiting      6m01.0s   
step_00750 • [   0% ] waiting      6m31.0s   
step_00800 • [   0% ] waiting      7m01.0s   
step_00850 • [   0% ] waiting      7m31.0s   
step_00900 • [   0% ] waiting      8m01.0s   
step_00950 • [   0% ] waiting      8m31.0s   
step_01000 • [   0% ] waiting      9m01.0s   

running (00m30.0s), 0000/0390 VUs, 1499 complete and 0 interrupted iterations
step_00050   [ 100% ] 000/020 VUs  30.0s/30s  50.00 iters/s
step_00100 • [   0% ] waiting      00.0s     
step_00150 • [   0% ] waiting      0m30.0s   
step_00200 • [   0% ] waiting      1m00.0s   
step_00250 • [   0% ] waiting      1m30.0s   
step_00300 • [   0% ] waiting      2m00.0s   
step_00350 • [   0% ] waiting      2m30.0s   
step_00400 • [   0% ] waiting      3m00.0s   
step_00450 • [   0% ] waiting      3m30.0s   
step_00500 • [   0% ] waiting      4m00.0s   
step_00550 • [   0% ] waiting      4m30.0s   
step_00600 • [   0% ] waiting      5m00.0s   
step_00650 • [   0% ] waiting      5m30.0s   
step_00700 • [   0% ] waiting      6m00.0s   
step_00750 • [   0% ] waiting      6m30.0s   
step_00800 • [   0% ] waiting      7m00.0s   
step_00850 • [   0% ] waiting      7m30.0s   
step_00900 • [   0% ] waiting      8m00.0s   
step_00950 • [   0% ] waiting      8m30.0s   
step_01000 • [   0% ] waiting      9m00.0s   

running (00m31.0s), 0000/0390 VUs, 1598 complete and 0 interrupted iterations
step_00050 ✓ [ 100% ] 000/020 VUs  30s        50.00 iters/s
step_00100   [   3% ] 000/020 VUs  01.0s/30s  100.00 iters/s
step_00150 • [   0% ] waiting      0m29.0s   
step_00200 • [   0% ] waiting      0m59.0s   
step_00250 • [   0% ] waiting      1m29.0s   
step_00300 • [   0% ] waiting      1m59.0s   
step_00350 • [   0% ] waiting      2m29.0s   
step_00400 • [   0% ] waiting      2m59.0s   
step_00450 • [   0% ] waiting      3m29.0s   
step_00500 • [   0% ] waiting      3m59.0s   
step_00550 • [   0% ] waiting      4m29.0s   
step_00600 • [   0% ] waiting      4m59.0s   
step_00650 • [   0% ] waiting      5m29.0s   
step_00700 • [   0% ] waiting      5m59.0s   
step_00750 • [   0% ] waiting      6m29.0s   
step_00800 • [   0% ] waiting      6m59.0s   
step_00850 • [   0% ] waiting      7m29.0s   
step_00900 • [   0% ] waiting      7m59.0s   
step_00950 • [   0% ] waiting      8m29.0s   
step_01000 • [   0% ] waiting      8m59.0s   

running (00m32.0s), 0000/0390 VUs, 1698 complete and 0 interrupted iterations
step_00050 ✓ [ 100% ] 000/020 VUs  30s        50.00 iters/s
step_00100   [   7% ] 000/020 VUs  02.0s/30s  100.00 iters/s
step_00150 • [   0% ] waiting      0m28.0s   
step_00200 • [   0% ] waiting      0m58.0s   
step_00250 • [   0% ] waiting      1m28.0s   
step_00300 • [   0% ] waiting      1m58.0s   
step_00350 • [   0% ] waiting      2m28.0s   
step_00400 • [   0% ] waiting      2m58.0s   
step_00450 • [   0% ] waiting      3m28.0s   
step_00500 • [   0% ] waiting      3m58.0s   
step_00550 • [   0% ] waiting      4m28.0s   
step_00600 • [   0% ] waiting      4m58.0s   
step_00650 • [   0% ] waiting      5m28.0s   
step_00700 • [   0% ] waiting      5m58.0s   
step_00750 • [   0% ] waiting      6m28.0s   
step_00800 • [   0% ] waiting      6m58.0s   
step_00850 • [   0% ] waiting      7m28.0s   
step_00900 • [   0% ] waiting      7m58.0s   
step_00950 • [   0% ] waiting      8m28.0s   
step_01000 • [   0% ] waiting      8m58.0s   

running (00m33.0s), 0000/0390 VUs, 1798 complete and 0 interrupted iterations
step_00050 ✓ [ 100% ] 000/020 VUs  30s        50.00 iters/s
step_00100   [  10% ] 000/020 VUs  03.0s/30s  100.00 iters/s
step_00150 • [   0% ] waiting      0m27.0s   
step_00200 • [   0% ] waiting      0m57.0s   
step_00250 • [   0% ] waiting      1m27.0s   
step_00300 • [   0% ] waiting      1m57.0s   
step_00350 • [   0% ] waiting      2m27.0s   
step_00400 • [   0% ] waiting      2m57.0s   
step_00450 • [   0% ] waiting      3m27.0s   
step_00500 • [   0% ] waiting      3m57.0s   
step_00550 • [   0% ] waiting      4m27.0s   
step_00600 • [   0% ] waiting      4m57.0s   
step_00650 • [   0% ] waiting      5m27.0s   
step_00700 • [   0% ] waiting      5m57.0s   
step_00750 • [   0% ] waiting      6m27.0s   
step_00800 • [   0% ] waiting      6m57.0s   
step_00850 • [   0% ] waiting      7m27.0s   
step_00900 • [   0% ] waiting      7m57.0s   
step_00950 • [   0% ] waiting      8m27.0s   
step_01000 • [   0% ] waiting      8m57.0s   

running (00m34.0s), 0001/0390 VUs, 1897 complete and 0 interrupted iterations
step_00050 ✓ [ 100% ] 000/020 VUs  30s        50.00 iters/s
step_00100   [  13% ] 001/020 VUs  04.0s/30s  100.00 iters/s
step_00150 • [   0% ] waiting      0m26.0s   
step_00200 • [   0% ] waiting      0m56.0s   
step_00250 • [   0% ] waiting      1m26.0s   
step_00300 • [   0% ] waiting      1m56.0s   
step_00350 • [   0% ] waiting      2m26.0s   
step_00400 • [   0% ] waiting      2m56.0s   
step_00450 • [   0% ] waiting      3m26.0s   
step_00500 • [   0% ] waiting      3m56.0s   
step_00550 • [   0% ] waiting      4m26.0s   
step_00600 • [   0% ] waiting      4m56.0s   
step_00650 • [   0% ] waiting      5m26.0s   
step_00700 • [   0% ] waiting      5m56.0s   
step_00750 • [   0% ] waiting      6m26.0s   
step_00800 • [   0% ] waiting      6m56.0s   
step_00850 • [   0% ] waiting      7m26.0s   
step_00900 • [   0% ] waiting      7m56.0s   
step_00950 • [   0% ] waiting      8m26.0s   
step_01000 • [   0% ] waiting      8m56.0s   

running (00m35.0s), 0000/0390 VUs, 1998 complete and 0 interrupted iterations
step_00050 ✓ [ 100% ] 000/020 VUs  30s        50.00 iters/s
step_00100   [  17% ] 000/020 VUs  05.0s/30s  100.00 iters/s
step_00150 • [   0% ] waiting      0m25.0s   
step_00200 • [   0% ] waiting      0m55.0s   
step_00250 • [   0% ] waiting      1m25.0s   
step_00300 • [   0% ] waiting      1m55.0s   
step_00350 • [   0% ] waiting      2m25.0s   
step_00400 • [   0% ] waiting      2m55.0s   
step_00450 • [   0% ] waiting      3m25.0s   
step_00500 • [   0% ] waiting      3m55.0s   
step_00550 • [   0% ] waiting      4m25.0s   
step_00600 • [   0% ] waiting      4m55.0s   
step_00650 • [   0% ] waiting      5m25.0s   
step_00700 • [   0% ] waiting      5m55.0s   
step_00750 • [   0% ] waiting      6m25.0s   
step_00800 • [   0% ] waiting      6m55.0s   
step_00850 • [   0% ] waiting      7m25.0s   
step_00900 • [   0% ] waiting      7m55.0s   
step_00950 • [   0% ] waiting      8m25.0s   
step_01000 • [   0% ] waiting      8m55.0s   

running (00m36.0s), 0001/0390 VUs, 2097 complete and 0 interrupted iterations
step_00050 ✓ [ 100% ] 000/020 VUs  30s        50.00 iters/s
step_00100   [  20% ] 001/020 VUs  06.0s/30s  100.00 iters/s
step_00150 • [   0% ] waiting      0m24.0s   
step_00200 • [   0% ] waiting      0m54.0s   
step_00250 • [   0% ] waiting      1m24.0s   
step_00300 • [   0% ] waiting      1m54.0s   
step_00350 • [   0% ] waiting      2m24.0s   
step_00400 • [   0% ] waiting      2m54.0s   
step_00450 • [   0% ] waiting      3m24.0s   
step_00500 • [   0% ] waiting      3m54.0s   
step_00550 • [   0% ] waiting      4m24.0s   
step_00600 • [   0% ] waiting      4m54.0s   
step_00650 • [   0% ] waiting      5m24.0s   
step_00700 • [   0% ] waiting      5m54.0s   
step_00750 • [   0% ] waiting      6m24.0s   
step_00800 • [   0% ] waiting      6m54.0s   
step_00850 • [   0% ] waiting      7m24.0s   
step_00900 • [   0% ] waiting      7m54.0s   
step_00950 • [   0% ] waiting      8m24.0s   
step_01000 • [   0% ] waiting      8m54.0s   

running (00m37.0s), 0000/0390 VUs, 2198 complete and 0 interrupted iterations
step_00050 ✓ [ 100% ] 000/020 VUs  30s        50.00 iters/s
step_00100   [  23% ] 000/020 VUs  07.0s/30s  100.00 iters/s
step_00150 • [   0% ] waiting      0m23.0s   
step_00200 • [   0% ] waiting      0m53.0s   
step_00250 • [   0% ] waiting      1m23.0s   
step_00300 • [   0% ] waiting      1m53.0s   
step_00350 • [   0% ] waiting      2m23.0s   
step_00400 • [   0% ] waiting      2m53.0s   
step_00450 • [   0% ] waiting      3m23.0s   
step_00500 • [   0% ] waiting      3m53.0s   
step_00550 • [   0% ] waiting      4m23.0s   
step_00600 • [   0% ] waiting      4m53.0s   
step_00650 • [   0% ] waiting      5m23.0s   
step_00700 • [   0% ] waiting      5m53.0s   
step_00750 • [   0% ] waiting      6m23.0s   
step_00800 • [   0% ] waiting      6m53.0s   
step_00850 • [   0% ] waiting      7m23.0s   
step_00900 • [   0% ] waiting      7m53.0s   
step_00950 • [   0% ] waiting      8m23.0s   
step_01000 • [   0% ] waiting      8m53.0s   

running (00m38.0s), 0000/0390 VUs, 2298 complete and 0 interrupted iterations
step_00050 ✓ [ 100% ] 000/020 VUs  30s        50.00 iters/s
step_00100   [  27% ] 000/020 VUs  08.0s/30s  100.00 iters/s
step_00150 • [   0% ] waiting      0m22.0s   
step_00200 • [   0% ] waiting      0m52.0s   
step_00250 • [   0% ] waiting      1m22.0s   
step_00300 • [   0% ] waiting      1m52.0s   
step_00350 • [   0% ] waiting      2m22.0s   
step_00400 • [   0% ] waiting      2m52.0s   
step_00450 • [   0% ] waiting      3m22.0s   
step_00500 • [   0% ] waiting      3m52.0s   
step_00550 • [   0% ] waiting      4m22.0s   
step_00600 • [   0% ] waiting      4m52.0s   
step_00650 • [   0% ] waiting      5m22.0s   
step_00700 • [   0% ] waiting      5m52.0s   
step_00750 • [   0% ] waiting      6m22.0s   
step_00800 • [   0% ] waiting      6m52.0s   
step_00850 • [   0% ] waiting      7m22.0s   
step_00900 • [   0% ] waiting      7m52.0s   
step_00950 • [   0% ] waiting      8m22.0s   
step_01000 • [   0% ] waiting      8m52.0s   

running (00m39.0s), 0000/0390 VUs, 2398 complete and 0 interrupted iterations
step_00050 ✓ [ 100% ] 000/020 VUs  30s        50.00 iters/s
step_00100   [  30% ] 000/020 VUs  09.0s/30s  100.00 iters/s
step_00150 • [   0% ] waiting      0m21.0s   
step_00200 • [   0% ] waiting      0m51.0s   
step_00250 • [   0% ] waiting      1m21.0s   
step_00300 • [   0% ] waiting      1m51.0s   
step_00350 • [   0% ] waiting      2m21.0s   
step_00400 • [   0% ] waiting      2m51.0s   
step_00450 • [   0% ] waiting      3m21.0s   
step_00500 • [   0% ] waiting      3m51.0s   
step_00550 • [   0% ] waiting      4m21.0s   
step_00600 • [   0% ] waiting      4m51.0s   
step_00650 • [   0% ] waiting      5m21.0s   
step_00700 • [   0% ] waiting      5m51.0s   
step_00750 • [   0% ] waiting      6m21.0s   
step_00800 • [   0% ] waiting      6m51.0s   
step_00850 • [   0% ] waiting      7m21.0s   
step_00900 • [   0% ] waiting      7m51.0s   
step_00950 • [   0% ] waiting      8m21.0s   
step_01000 • [   0% ] waiting      8m51.0s   

running (00m40.0s), 0000/0390 VUs, 2498 complete and 0 interrupted iterations
step_00050 ✓ [ 100% ] 000/020 VUs  30s        50.00 iters/s
step_00100   [  33% ] 000/020 VUs  10.0s/30s  100.00 iters/s
step_00150 • [   0% ] waiting      0m20.0s   
step_00200 • [   0% ] waiting      0m50.0s   
step_00250 • [   0% ] waiting      1m20.0s   
step_00300 • [   0% ] waiting      1m50.0s   
step_00350 • [   0% ] waiting      2m20.0s   
step_00400 • [   0% ] waiting      2m50.0s   
step_00450 • [   0% ] waiting      3m20.0s   
step_00500 • [   0% ] waiting      3m50.0s   
step_00550 • [   0% ] waiting      4m20.0s   
step_00600 • [   0% ] waiting      4m50.0s   
step_00650 • [   0% ] waiting      5m20.0s   
step_00700 • [   0% ] waiting      5m50.0s   
step_00750 • [   0% ] waiting      6m20.0s   
step_00800 • [   0% ] waiting      6m50.0s   
step_00850 • [   0% ] waiting      7m20.0s   
step_00900 • [   0% ] waiting      7m50.0s   
step_00950 • [   0% ] waiting      8m20.0s   
step_01000 • [   0% ] waiting      8m50.0s   

running (00m41.0s), 0000/0390 VUs, 2598 complete and 0 interrupted iterations
step_00050 ✓ [ 100% ] 000/020 VUs  30s        50.00 iters/s
step_00100   [  37% ] 000/020 VUs  11.0s/30s  100.00 iters/s
step_00150 • [   0% ] waiting      0m19.0s   
step_00200 • [   0% ] waiting      0m49.0s   
step_00250 • [   0% ] waiting      1m19.0s   
step_00300 • [   0% ] waiting      1m49.0s   
step_00350 • [   0% ] waiting      2m19.0s   
step_00400 • [   0% ] waiting      2m49.0s   
step_00450 • [   0% ] waiting      3m19.0s   
step_00500 • [   0% ] waiting      3m49.0s   
step_00550 • [   0% ] waiting      4m19.0s   
step_00600 • [   0% ] waiting      4m49.0s   
step_00650 • [   0% ] waiting      5m19.0s   
step_00700 • [   0% ] waiting      5m49.0s   
step_00750 • [   0% ] waiting      6m19.0s   
step_00800 • [   0% ] waiting      6m49.0s   
step_00850 • [   0% ] waiting      7m19.0s   
step_00900 • [   0% ] waiting      7m49.0s   
step_00950 • [   0% ] waiting      8m19.0s   
step_01000 • [   0% ] waiting      8m49.0s   

running (00m42.0s), 0001/0390 VUs, 2697 complete and 0 interrupted iterations
step_00050 ✓ [ 100% ] 000/020 VUs  30s        50.00 iters/s
step_00100   [  40% ] 001/020 VUs  12.0s/30s  100.00 iters/s
step_00150 • [   0% ] waiting      0m18.0s   
step_00200 • [   0% ] waiting      0m48.0s   
step_00250 • [   0% ] waiting      1m18.0s   
step_00300 • [   0% ] waiting      1m48.0s   
step_00350 • [   0% ] waiting      2m18.0s   
step_00400 • [   0% ] waiting      2m48.0s   
step_00450 • [   0% ] waiting      3m18.0s   
step_00500 • [   0% ] waiting      3m48.0s   
step_00550 • [   0% ] waiting      4m18.0s   
step_00600 • [   0% ] waiting      4m48.0s   
step_00650 • [   0% ] waiting      5m18.0s   
step_00700 • [   0% ] waiting      5m48.0s   
step_00750 • [   0% ] waiting      6m18.0s   
step_00800 • [   0% ] waiting      6m48.0s   
step_00850 • [   0% ] waiting      7m18.0s   
step_00900 • [   0% ] waiting      7m48.0s   
step_00950 • [   0% ] waiting      8m18.0s   
step_01000 • [   0% ] waiting      8m48.0s   

running (00m43.0s), 0000/0390 VUs, 2798 complete and 0 interrupted iterations
step_00050 ✓ [ 100% ] 000/020 VUs  30s        50.00 iters/s
step_00100   [  43% ] 000/020 VUs  13.0s/30s  100.00 iters/s
step_00150 • [   0% ] waiting      0m17.0s   
step_00200 • [   0% ] waiting      0m47.0s   
step_00250 • [   0% ] waiting      1m17.0s   
step_00300 • [   0% ] waiting      1m47.0s   
step_00350 • [   0% ] waiting      2m17.0s   
step_00400 • [   0% ] waiting      2m47.0s   
step_00450 • [   0% ] waiting      3m17.0s   
step_00500 • [   0% ] waiting      3m47.0s   
step_00550 • [   0% ] waiting      4m17.0s   
step_00600 • [   0% ] waiting      4m47.0s   
step_00650 • [   0% ] waiting      5m17.0s   
step_00700 • [   0% ] waiting      5m47.0s   
step_00750 • [   0% ] waiting      6m17.0s   
step_00800 • [   0% ] waiting      6m47.0s   
step_00850 • [   0% ] waiting      7m17.0s   
step_00900 • [   0% ] waiting      7m47.0s   
step_00950 • [   0% ] waiting      8m17.0s   
step_01000 • [   0% ] waiting      8m47.0s   

running (00m44.0s), 0001/0390 VUs, 2897 complete and 0 interrupted iterations
step_00050 ✓ [ 100% ] 000/020 VUs  30s        50.00 iters/s
step_00100   [  47% ] 001/020 VUs  14.0s/30s  100.00 iters/s
step_00150 • [   0% ] waiting      0m16.0s   
step_00200 • [   0% ] waiting      0m46.0s   
step_00250 • [   0% ] waiting      1m16.0s   
step_00300 • [   0% ] waiting      1m46.0s   
step_00350 • [   0% ] waiting      2m16.0s   
step_00400 • [   0% ] waiting      2m46.0s   
step_00450 • [   0% ] waiting      3m16.0s   
step_00500 • [   0% ] waiting      3m46.0s   
step_00550 • [   0% ] waiting      4m16.0s   
step_00600 • [   0% ] waiting      4m46.0s   
step_00650 • [   0% ] waiting      5m16.0s   
step_00700 • [   0% ] waiting      5m46.0s   
step_00750 • [   0% ] waiting      6m16.0s   
step_00800 • [   0% ] waiting      6m46.0s   
step_00850 • [   0% ] waiting      7m16.0s   
step_00900 • [   0% ] waiting      7m46.0s   
step_00950 • [   0% ] waiting      8m16.0s   
step_01000 • [   0% ] waiting      8m46.0s   

running (00m45.0s), 0000/0390 VUs, 2998 complete and 0 interrupted iterations
step_00050 ✓ [ 100% ] 000/020 VUs  30s        50.00 iters/s
step_00100   [  50% ] 000/020 VUs  15.0s/30s  100.00 iters/s
step_00150 • [   0% ] waiting      0m15.0s   
step_00200 • [   0% ] waiting      0m45.0s   
step_00250 • [   0% ] waiting      1m15.0s   
step_00300 • [   0% ] waiting      1m45.0s   
step_00350 • [   0% ] waiting      2m15.0s   
step_00400 • [   0% ] waiting      2m45.0s   
step_00450 • [   0% ] waiting      3m15.0s   
step_00500 • [   0% ] waiting      3m45.0s   
step_00550 • [   0% ] waiting      4m15.0s   
step_00600 • [   0% ] waiting      4m45.0s   
step_00650 • [   0% ] waiting      5m15.0s   
step_00700 • [   0% ] waiting      5m45.0s   
step_00750 • [   0% ] waiting      6m15.0s   
step_00800 • [   0% ] waiting      6m45.0s   
step_00850 • [   0% ] waiting      7m15.0s   
step_00900 • [   0% ] waiting      7m45.0s   
step_00950 • [   0% ] waiting      8m15.0s   
step_01000 • [   0% ] waiting      8m45.0s   

running (00m46.0s), 0001/0390 VUs, 3097 complete and 0 interrupted iterations
step_00050 ✓ [ 100% ] 000/020 VUs  30s        50.00 iters/s
step_00100   [  53% ] 001/020 VUs  16.0s/30s  100.00 iters/s
step_00150 • [   0% ] waiting      0m14.0s   
step_00200 • [   0% ] waiting      0m44.0s   
step_00250 • [   0% ] waiting      1m14.0s   
step_00300 • [   0% ] waiting      1m44.0s   
step_00350 • [   0% ] waiting      2m14.0s   
step_00400 • [   0% ] waiting      2m44.0s   
step_00450 • [   0% ] waiting      3m14.0s   
step_00500 • [   0% ] waiting      3m44.0s   
step_00550 • [   0% ] waiting      4m14.0s   
step_00600 • [   0% ] waiting      4m44.0s   
step_00650 • [   0% ] waiting      5m14.0s   
step_00700 • [   0% ] waiting      5m44.0s   
step_00750 • [   0% ] waiting      6m14.0s   
step_00800 • [   0% ] waiting      6m44.0s   
step_00850 • [   0% ] waiting      7m14.0s   
step_00900 • [   0% ] waiting      7m44.0s   
step_00950 • [   0% ] waiting      8m14.0s   
step_01000 • [   0% ] waiting      8m44.0s   

running (00m47.0s), 0000/0390 VUs, 3198 complete and 0 interrupted iterations
step_00050 ✓ [ 100% ] 000/020 VUs  30s        50.00 iters/s
step_00100   [  57% ] 000/020 VUs  17.0s/30s  100.00 iters/s
step_00150 • [   0% ] waiting      0m13.0s   
step_00200 • [   0% ] waiting      0m43.0s   
step_00250 • [   0% ] waiting      1m13.0s   
step_00300 • [   0% ] waiting      1m43.0s   
step_00350 • [   0% ] waiting      2m13.0s   
step_00400 • [   0% ] waiting      2m43.0s   
step_00450 • [   0% ] waiting      3m13.0s   
step_00500 • [   0% ] waiting      3m43.0s   
step_00550 • [   0% ] waiting      4m13.0s   
step_00600 • [   0% ] waiting      4m43.0s   
step_00650 • [   0% ] waiting      5m13.0s   
step_00700 • [   0% ] waiting      5m43.0s   
step_00750 • [   0% ] waiting      6m13.0s   
step_00800 • [   0% ] waiting      6m43.0s   
step_00850 • [   0% ] waiting      7m13.0s   
step_00900 • [   0% ] waiting      7m43.0s   
step_00950 • [   0% ] waiting      8m13.0s   
step_01000 • [   0% ] waiting      8m43.0s   

running (00m48.0s), 0000/0390 VUs, 3298 complete and 0 interrupted iterations
step_00050 ✓ [ 100% ] 000/020 VUs  30s        50.00 iters/s
step_00100   [  60% ] 000/020 VUs  18.0s/30s  100.00 iters/s
step_00150 • [   0% ] waiting      0m12.0s   
step_00200 • [   0% ] waiting      0m42.0s   
step_00250 • [   0% ] waiting      1m12.0s   
step_00300 • [   0% ] waiting      1m42.0s   
step_00350 • [   0% ] waiting      2m12.0s   
step_00400 • [   0% ] waiting      2m42.0s   
step_00450 • [   0% ] waiting      3m12.0s   
step_00500 • [   0% ] waiting      3m42.0s   
step_00550 • [   0% ] waiting      4m12.0s   
step_00600 • [   0% ] waiting      4m42.0s   
step_00650 • [   0% ] waiting      5m12.0s   
step_00700 • [   0% ] waiting      5m42.0s   
step_00750 • [   0% ] waiting      6m12.0s   
step_00800 • [   0% ] waiting      6m42.0s   
step_00850 • [   0% ] waiting      7m12.0s   
step_00900 • [   0% ] waiting      7m42.0s   
step_00950 • [   0% ] waiting      8m12.0s   
step_01000 • [   0% ] waiting      8m42.0s   

running (00m49.0s), 0000/0390 VUs, 3398 complete and 0 interrupted iterations
step_00050 ✓ [ 100% ] 000/020 VUs  30s        50.00 iters/s
step_00100   [  63% ] 000/020 VUs  19.0s/30s  100.00 iters/s
step_00150 • [   0% ] waiting      0m11.0s   
step_00200 • [   0% ] waiting      0m41.0s   
step_00250 • [   0% ] waiting      1m11.0s   
step_00300 • [   0% ] waiting      1m41.0s   
step_00350 • [   0% ] waiting      2m11.0s   
step_00400 • [   0% ] waiting      2m41.0s   
step_00450 • [   0% ] waiting      3m11.0s   
step_00500 • [   0% ] waiting      3m41.0s   
step_00550 • [   0% ] waiting      4m11.0s   
step_00600 • [   0% ] waiting      4m41.0s   
step_00650 • [   0% ] waiting      5m11.0s   
step_00700 • [   0% ] waiting      5m41.0s   
step_00750 • [   0% ] waiting      6m11.0s   
step_00800 • [   0% ] waiting      6m41.0s   
step_00850 • [   0% ] waiting      7m11.0s   
step_00900 • [   0% ] waiting      7m41.0s   
step_00950 • [   0% ] waiting      8m11.0s   
step_01000 • [   0% ] waiting      8m41.0s   

running (00m50.0s), 0000/0390 VUs, 3498 complete and 0 interrupted iterations
step_00050 ✓ [ 100% ] 000/020 VUs  30s        50.00 iters/s
step_00100   [  67% ] 000/020 VUs  20.0s/30s  100.00 iters/s
step_00150 • [   0% ] waiting      0m10.0s   
step_00200 • [   0% ] waiting      0m40.0s   
step_00250 • [   0% ] waiting      1m10.0s   
step_00300 • [   0% ] waiting      1m40.0s   
step_00350 • [   0% ] waiting      2m10.0s   
step_00400 • [   0% ] waiting      2m40.0s   
step_00450 • [   0% ] waiting      3m10.0s   
step_00500 • [   0% ] waiting      3m40.0s   
step_00550 • [   0% ] waiting      4m10.0s   
step_00600 • [   0% ] waiting      4m40.0s   
step_00650 • [   0% ] waiting      5m10.0s   
step_00700 • [   0% ] waiting      5m40.0s   
step_00750 • [   0% ] waiting      6m10.0s   
step_00800 • [   0% ] waiting      6m40.0s   
step_00850 • [   0% ] waiting      7m10.0s   
step_00900 • [   0% ] waiting      7m40.0s   
step_00950 • [   0% ] waiting      8m10.0s   
step_01000 • [   0% ] waiting      8m40.0s   

running (00m51.0s), 0001/0390 VUs, 3597 complete and 0 interrupted iterations
step_00050 ✓ [ 100% ] 000/020 VUs  30s        50.00 iters/s
step_00100   [  70% ] 001/020 VUs  21.0s/30s  100.00 iters/s
step_00150 • [   0% ] waiting      0m09.0s   
step_00200 • [   0% ] waiting      0m39.0s   
step_00250 • [   0% ] waiting      1m09.0s   
step_00300 • [   0% ] waiting      1m39.0s   
step_00350 • [   0% ] waiting      2m09.0s   
step_00400 • [   0% ] waiting      2m39.0s   
step_00450 • [   0% ] waiting      3m09.0s   
step_00500 • [   0% ] waiting      3m39.0s   
step_00550 • [   0% ] waiting      4m09.0s   
step_00600 • [   0% ] waiting      4m39.0s   
step_00650 • [   0% ] waiting      5m09.0s   
step_00700 • [   0% ] waiting      5m39.0s   
step_00750 • [   0% ] waiting      6m09.0s   
step_00800 • [   0% ] waiting      6m39.0s   
step_00850 • [   0% ] waiting      7m09.0s   
step_00900 • [   0% ] waiting      7m39.0s   
step_00950 • [   0% ] waiting      8m09.0s   
step_01000 • [   0% ] waiting      8m39.0s   

running (00m52.0s), 0000/0390 VUs, 3698 complete and 0 interrupted iterations
step_00050 ✓ [ 100% ] 000/020 VUs  30s        50.00 iters/s
step_00100   [  73% ] 000/020 VUs  22.0s/30s  100.00 iters/s
step_00150 • [   0% ] waiting      0m08.0s   
step_00200 • [   0% ] waiting      0m38.0s   
step_00250 • [   0% ] waiting      1m08.0s   
step_00300 • [   0% ] waiting      1m38.0s   
step_00350 • [   0% ] waiting      2m08.0s   
step_00400 • [   0% ] waiting      2m38.0s   
step_00450 • [   0% ] waiting      3m08.0s   
step_00500 • [   0% ] waiting      3m38.0s   
step_00550 • [   0% ] waiting      4m08.0s   
step_00600 • [   0% ] waiting      4m38.0s   
step_00650 • [   0% ] waiting      5m08.0s   
step_00700 • [   0% ] waiting      5m38.0s   
step_00750 • [   0% ] waiting      6m08.0s   
step_00800 • [   0% ] waiting      6m38.0s   
step_00850 • [   0% ] waiting      7m08.0s   
step_00900 • [   0% ] waiting      7m38.0s   
step_00950 • [   0% ] waiting      8m08.0s   
step_01000 • [   0% ] waiting      8m38.0s   

running (00m53.0s), 0000/0390 VUs, 3798 complete and 0 interrupted iterations
step_00050 ✓ [ 100% ] 000/020 VUs  30s        50.00 iters/s
step_00100   [  77% ] 000/020 VUs  23.0s/30s  100.00 iters/s
step_00150 • [   0% ] waiting      0m07.0s   
step_00200 • [   0% ] waiting      0m37.0s   
step_00250 • [   0% ] waiting      1m07.0s   
step_00300 • [   0% ] waiting      1m37.0s   
step_00350 • [   0% ] waiting      2m07.0s   
step_00400 • [   0% ] waiting      2m37.0s   
step_00450 • [   0% ] waiting      3m07.0s   
step_00500 • [   0% ] waiting      3m37.0s   
step_00550 • [   0% ] waiting      4m07.0s   
step_00600 • [   0% ] waiting      4m37.0s   
step_00650 • [   0% ] waiting      5m07.0s   
step_00700 • [   0% ] waiting      5m37.0s   
step_00750 • [   0% ] waiting      6m07.0s   
step_00800 • [   0% ] waiting      6m37.0s   
step_00850 • [   0% ] waiting      7m07.0s   
step_00900 • [   0% ] waiting      7m37.0s   
step_00950 • [   0% ] waiting      8m07.0s   
step_01000 • [   0% ] waiting      8m37.0s   

running (00m54.0s), 0000/0390 VUs, 3898 complete and 0 interrupted iterations
step_00050 ✓ [ 100% ] 000/020 VUs  30s        50.00 iters/s
step_00100   [  80% ] 000/020 VUs  24.0s/30s  100.00 iters/s
step_00150 • [   0% ] waiting      0m06.0s   
step_00200 • [   0% ] waiting      0m36.0s   
step_00250 • [   0% ] waiting      1m06.0s   
step_00300 • [   0% ] waiting      1m36.0s   
step_00350 • [   0% ] waiting      2m06.0s   
step_00400 • [   0% ] waiting      2m36.0s   
step_00450 • [   0% ] waiting      3m06.0s   
step_00500 • [   0% ] waiting      3m36.0s   
step_00550 • [   0% ] waiting      4m06.0s   
step_00600 • [   0% ] waiting      4m36.0s   
step_00650 • [   0% ] waiting      5m06.0s   
step_00700 • [   0% ] waiting      5m36.0s   
step_00750 • [   0% ] waiting      6m06.0s   
step_00800 • [   0% ] waiting      6m36.0s   
step_00850 • [   0% ] waiting      7m06.0s   
step_00900 • [   0% ] waiting      7m36.0s   
step_00950 • [   0% ] waiting      8m06.0s   
step_01000 • [   0% ] waiting      8m36.0s   

running (00m55.0s), 0001/0390 VUs, 3997 complete and 0 interrupted iterations
step_00050 ✓ [ 100% ] 000/020 VUs  30s        50.00 iters/s
step_00100   [  83% ] 001/020 VUs  25.0s/30s  100.00 iters/s
step_00150 • [   0% ] waiting      0m05.0s   
step_00200 • [   0% ] waiting      0m35.0s   
step_00250 • [   0% ] waiting      1m05.0s   
step_00300 • [   0% ] waiting      1m35.0s   
step_00350 • [   0% ] waiting      2m05.0s   
step_00400 • [   0% ] waiting      2m35.0s   
step_00450 • [   0% ] waiting      3m05.0s   
step_00500 • [   0% ] waiting      3m35.0s   
step_00550 • [   0% ] waiting      4m05.0s   
step_00600 • [   0% ] waiting      4m35.0s   
step_00650 • [   0% ] waiting      5m05.0s   
step_00700 • [   0% ] waiting      5m35.0s   
step_00750 • [   0% ] waiting      6m05.0s   
step_00800 • [   0% ] waiting      6m35.0s   
step_00850 • [   0% ] waiting      7m05.0s   
step_00900 • [   0% ] waiting      7m35.0s   
step_00950 • [   0% ] waiting      8m05.0s   
step_01000 • [   0% ] waiting      8m35.0s   

running (00m56.0s), 0001/0390 VUs, 4097 complete and 0 interrupted iterations
step_00050 ✓ [ 100% ] 000/020 VUs  30s        50.00 iters/s
step_00100   [  87% ] 001/020 VUs  26.0s/30s  100.00 iters/s
step_00150 • [   0% ] waiting      0m04.0s   
step_00200 • [   0% ] waiting      0m34.0s   
step_00250 • [   0% ] waiting      1m04.0s   
step_00300 • [   0% ] waiting      1m34.0s   
step_00350 • [   0% ] waiting      2m04.0s   
step_00400 • [   0% ] waiting      2m34.0s   
step_00450 • [   0% ] waiting      3m04.0s   
step_00500 • [   0% ] waiting      3m34.0s   
step_00550 • [   0% ] waiting      4m04.0s   
step_00600 • [   0% ] waiting      4m34.0s   
step_00650 • [   0% ] waiting      5m04.0s   
step_00700 • [   0% ] waiting      5m34.0s   
step_00750 • [   0% ] waiting      6m04.0s   
step_00800 • [   0% ] waiting      6m34.0s   
step_00850 • [   0% ] waiting      7m04.0s   
step_00900 • [   0% ] waiting      7m34.0s   
step_00950 • [   0% ] waiting      8m04.0s   
step_01000 • [   0% ] waiting      8m34.0s   

running (00m57.0s), 0000/0390 VUs, 4198 complete and 0 interrupted iterations
step_00050 ✓ [ 100% ] 000/020 VUs  30s        50.00 iters/s
step_00100   [  90% ] 000/020 VUs  27.0s/30s  100.00 iters/s
step_00150 • [   0% ] waiting      0m03.0s   
step_00200 • [   0% ] waiting      0m33.0s   
step_00250 • [   0% ] waiting      1m03.0s   
step_00300 • [   0% ] waiting      1m33.0s   
step_00350 • [   0% ] waiting      2m03.0s   
step_00400 • [   0% ] waiting      2m33.0s   
step_00450 • [   0% ] waiting      3m03.0s   
step_00500 • [   0% ] waiting      3m33.0s   
step_00550 • [   0% ] waiting      4m03.0s   
step_00600 • [   0% ] waiting      4m33.0s   
step_00650 • [   0% ] waiting      5m03.0s   
step_00700 • [   0% ] waiting      5m33.0s   
step_00750 • [   0% ] waiting      6m03.0s   
step_00800 • [   0% ] waiting      6m33.0s   
step_00850 • [   0% ] waiting      7m03.0s   
step_00900 • [   0% ] waiting      7m33.0s   
step_00950 • [   0% ] waiting      8m03.0s   
step_01000 • [   0% ] waiting      8m33.0s   

running (00m58.0s), 0000/0390 VUs, 4298 complete and 0 interrupted iterations
step_00050 ✓ [ 100% ] 000/020 VUs  30s        50.00 iters/s
step_00100   [  93% ] 000/020 VUs  28.0s/30s  100.00 iters/s
step_00150 • [   0% ] waiting      0m02.0s   
step_00200 • [   0% ] waiting      0m32.0s   
step_00250 • [   0% ] waiting      1m02.0s   
step_00300 • [   0% ] waiting      1m32.0s   
step_00350 • [   0% ] waiting      2m02.0s   
step_00400 • [   0% ] waiting      2m32.0s   
step_00450 • [   0% ] waiting      3m02.0s   
step_00500 • [   0% ] waiting      3m32.0s   
step_00550 • [   0% ] waiting      4m02.0s   
step_00600 • [   0% ] waiting      4m32.0s   
step_00650 • [   0% ] waiting      5m02.0s   
step_00700 • [   0% ] waiting      5m32.0s   
step_00750 • [   0% ] waiting      6m02.0s   
step_00800 • [   0% ] waiting      6m32.0s   
step_00850 • [   0% ] waiting      7m02.0s   
step_00900 • [   0% ] waiting      7m32.0s   
step_00950 • [   0% ] waiting      8m02.0s   
step_01000 • [   0% ] waiting      8m32.0s   

running (00m59.0s), 0001/0390 VUs, 4397 complete and 0 interrupted iterations
step_00050 ✓ [ 100% ] 000/020 VUs  30s        50.00 iters/s
step_00100   [  97% ] 001/020 VUs  29.0s/30s  100.00 iters/s
step_00150 • [   0% ] waiting      0m01.0s   
step_00200 • [   0% ] waiting      0m31.0s   
step_00250 • [   0% ] waiting      1m01.0s   
step_00300 • [   0% ] waiting      1m31.0s   
step_00350 • [   0% ] waiting      2m01.0s   
step_00400 • [   0% ] waiting      2m31.0s   
step_00450 • [   0% ] waiting      3m01.0s   
step_00500 • [   0% ] waiting      3m31.0s   
step_00550 • [   0% ] waiting      4m01.0s   
step_00600 • [   0% ] waiting      4m31.0s   
step_00650 • [   0% ] waiting      5m01.0s   
step_00700 • [   0% ] waiting      5m31.0s   
step_00750 • [   0% ] waiting      6m01.0s   
step_00800 • [   0% ] waiting      6m31.0s   
step_00850 • [   0% ] waiting      7m01.0s   
step_00900 • [   0% ] waiting      7m31.0s   
step_00950 • [   0% ] waiting      8m01.0s   
step_01000 • [   0% ] waiting      8m31.0s   

running (01m00.0s), 0001/0390 VUs, 4497 complete and 0 interrupted iterations
step_00050 ✓ [ 100% ] 000/020 VUs  30s        50.00 iters/s
step_00100   [ 100% ] 001/020 VUs  30.0s/30s  100.00 iters/s
step_00150 • [   0% ] waiting      0m00.0s   
step_00200 • [   0% ] waiting      0m30.0s   
step_00250 • [   0% ] waiting      1m00.0s   
step_00300 • [   0% ] waiting      1m30.0s   
step_00350 • [   0% ] waiting      2m00.0s   
step_00400 • [   0% ] waiting      2m30.0s   
step_00450 • [   0% ] waiting      3m00.0s   
step_00500 • [   0% ] waiting      3m30.0s   
step_00550 • [   0% ] waiting      4m00.0s   
step_00600 • [   0% ] waiting      4m30.0s   
step_00650 • [   0% ] waiting      5m00.0s   
step_00700 • [   0% ] waiting      5m30.0s   
step_00750 • [   0% ] waiting      6m00.0s   
step_00800 • [   0% ] waiting      6m30.0s   
step_00850 • [   0% ] waiting      7m00.0s   
step_00900 • [   0% ] waiting      7m30.0s   
step_00950 • [   0% ] waiting      8m00.0s   
step_01000 • [   0% ] waiting      8m30.0s   

running (01m01.0s), 0000/0390 VUs, 4647 complete and 0 interrupted iterations
step_00050 ✓ [ 100% ] 000/020 VUs  30s        50.00 iters/s
step_00100 ✓ [ 100% ] 000/020 VUs  30s        100.00 iters/s
step_00150   [   3% ] 000/030 VUs  01.0s/30s  150.00 iters/s
step_00200 • [   0% ] waiting      0m29.0s   
step_00250 • [   0% ] waiting      0m59.0s   
step_00300 • [   0% ] waiting      1m29.0s   
step_00350 • [   0% ] waiting      1m59.0s   
step_00400 • [   0% ] waiting      2m29.0s   
step_00450 • [   0% ] waiting      2m59.0s   
step_00500 • [   0% ] waiting      3m29.0s   
step_00550 • [   0% ] waiting      3m59.0s   
step_00600 • [   0% ] waiting      4m29.0s   
step_00650 • [   0% ] waiting      4m59.0s   
step_00700 • [   0% ] waiting      5m29.0s   
step_00750 • [   0% ] waiting      5m59.0s   
step_00800 • [   0% ] waiting      6m29.0s   
step_00850 • [   0% ] waiting      6m59.0s   
step_00900 • [   0% ] waiting      7m29.0s   
step_00950 • [   0% ] waiting      7m59.0s   
step_01000 • [   0% ] waiting      8m29.0s   

running (01m02.0s), 0000/0390 VUs, 4797 complete and 0 interrupted iterations
step_00050 ✓ [ 100% ] 000/020 VUs  30s        50.00 iters/s
step_00100 ✓ [ 100% ] 000/020 VUs  30s        100.00 iters/s
step_00150   [   7% ] 000/030 VUs  02.0s/30s  150.00 iters/s
step_00200 • [   0% ] waiting      0m28.0s   
step_00250 • [   0% ] waiting      0m58.0s   
step_00300 • [   0% ] waiting      1m28.0s   
step_00350 • [   0% ] waiting      1m58.0s   
step_00400 • [   0% ] waiting      2m28.0s   
step_00450 • [   0% ] waiting      2m58.0s   
step_00500 • [   0% ] waiting      3m28.0s   
step_00550 • [   0% ] waiting      3m58.0s   
step_00600 • [   0% ] waiting      4m28.0s   
step_00650 • [   0% ] waiting      4m58.0s   
step_00700 • [   0% ] waiting      5m28.0s   
step_00750 • [   0% ] waiting      5m58.0s   
step_00800 • [   0% ] waiting      6m28.0s   
step_00850 • [   0% ] waiting      6m58.0s   
step_00900 • [   0% ] waiting      7m28.0s   
step_00950 • [   0% ] waiting      7m58.0s   
step_01000 • [   0% ] waiting      8m28.0s   

running (01m03.0s), 0001/0390 VUs, 4946 complete and 0 interrupted iterations
step_00050 ✓ [ 100% ] 000/020 VUs  30s        50.00 iters/s
step_00100 ✓ [ 100% ] 000/020 VUs  30s        100.00 iters/s
step_00150   [  10% ] 001/030 VUs  03.0s/30s  150.00 iters/s
step_00200 • [   0% ] waiting      0m27.0s   
step_00250 • [   0% ] waiting      0m57.0s   
step_00300 • [   0% ] waiting      1m27.0s   
step_00350 • [   0% ] waiting      1m57.0s   
step_00400 • [   0% ] waiting      2m27.0s   
step_00450 • [   0% ] waiting      2m57.0s   
step_00500 • [   0% ] waiting      3m27.0s   
step_00550 • [   0% ] waiting      3m57.0s   
step_00600 • [   0% ] waiting      4m27.0s   
step_00650 • [   0% ] waiting      4m57.0s   
step_00700 • [   0% ] waiting      5m27.0s   
step_00750 • [   0% ] waiting      5m57.0s   
step_00800 • [   0% ] waiting      6m27.0s   
step_00850 • [   0% ] waiting      6m57.0s   
step_00900 • [   0% ] waiting      7m27.0s   
step_00950 • [   0% ] waiting      7m57.0s   
step_01000 • [   0% ] waiting      8m27.0s   

running (01m04.0s), 0000/0390 VUs, 5097 complete and 0 interrupted iterations
step_00050 ✓ [ 100% ] 000/020 VUs  30s        50.00 iters/s
step_00100 ✓ [ 100% ] 000/020 VUs  30s        100.00 iters/s
step_00150   [  13% ] 000/030 VUs  04.0s/30s  150.00 iters/s
step_00200 • [   0% ] waiting      0m26.0s   
step_00250 • [   0% ] waiting      0m56.0s   
step_00300 • [   0% ] waiting      1m26.0s   
step_00350 • [   0% ] waiting      1m56.0s   
step_00400 • [   0% ] waiting      2m26.0s   
step_00450 • [   0% ] waiting      2m56.0s   
step_00500 • [   0% ] waiting      3m26.0s   
step_00550 • [   0% ] waiting      3m56.0s   
step_00600 • [   0% ] waiting      4m26.0s   
step_00650 • [   0% ] waiting      4m56.0s   
step_00700 • [   0% ] waiting      5m26.0s   
step_00750 • [   0% ] waiting      5m56.0s   
step_00800 • [   0% ] waiting      6m26.0s   
step_00850 • [   0% ] waiting      6m56.0s   
step_00900 • [   0% ] waiting      7m26.0s   
step_00950 • [   0% ] waiting      7m56.0s   
step_01000 • [   0% ] waiting      8m26.0s   

running (01m05.0s), 0000/0390 VUs, 5247 complete and 0 interrupted iterations
step_00050 ✓ [ 100% ] 000/020 VUs  30s        50.00 iters/s
step_00100 ✓ [ 100% ] 000/020 VUs  30s        100.00 iters/s
step_00150   [  17% ] 000/030 VUs  05.0s/30s  150.00 iters/s
step_00200 • [   0% ] waiting      0m25.0s   
step_00250 • [   0% ] waiting      0m55.0s   
step_00300 • [   0% ] waiting      1m25.0s   
step_00350 • [   0% ] waiting      1m55.0s   
step_00400 • [   0% ] waiting      2m25.0s   
step_00450 • [   0% ] waiting      2m55.0s   
step_00500 • [   0% ] waiting      3m25.0s   
step_00550 • [   0% ] waiting      3m55.0s   
step_00600 • [   0% ] waiting      4m25.0s   
step_00650 • [   0% ] waiting      4m55.0s   
step_00700 • [   0% ] waiting      5m25.0s   
step_00750 • [   0% ] waiting      5m55.0s   
step_00800 • [   0% ] waiting      6m25.0s   
step_00850 • [   0% ] waiting      6m55.0s   
step_00900 • [   0% ] waiting      7m25.0s   
step_00950 • [   0% ] waiting      7m55.0s   
step_01000 • [   0% ] waiting      8m25.0s   

running (01m06.0s), 0000/0390 VUs, 5397 complete and 0 interrupted iterations
step_00050 ✓ [ 100% ] 000/020 VUs  30s        50.00 iters/s
step_00100 ✓ [ 100% ] 000/020 VUs  30s        100.00 iters/s
step_00150   [  20% ] 000/030 VUs  06.0s/30s  150.00 iters/s
step_00200 • [   0% ] waiting      0m24.0s   
step_00250 • [   0% ] waiting      0m54.0s   
step_00300 • [   0% ] waiting      1m24.0s   
step_00350 • [   0% ] waiting      1m54.0s   
step_00400 • [   0% ] waiting      2m24.0s   
step_00450 • [   0% ] waiting      2m54.0s   
step_00500 • [   0% ] waiting      3m24.0s   
step_00550 • [   0% ] waiting      3m54.0s   
step_00600 • [   0% ] waiting      4m24.0s   
step_00650 • [   0% ] waiting      4m54.0s   
step_00700 • [   0% ] waiting      5m24.0s   
step_00750 • [   0% ] waiting      5m54.0s   
step_00800 • [   0% ] waiting      6m24.0s   
step_00850 • [   0% ] waiting      6m54.0s   
step_00900 • [   0% ] waiting      7m24.0s   
step_00950 • [   0% ] waiting      7m54.0s   
step_01000 • [   0% ] waiting      8m24.0s   

running (01m07.0s), 0000/0390 VUs, 5547 complete and 0 interrupted iterations
step_00050 ✓ [ 100% ] 000/020 VUs  30s        50.00 iters/s
step_00100 ✓ [ 100% ] 000/020 VUs  30s        100.00 iters/s
step_00150   [  23% ] 000/030 VUs  07.0s/30s  150.00 iters/s
step_00200 • [   0% ] waiting      0m23.0s   
step_00250 • [   0% ] waiting      0m53.0s   
step_00300 • [   0% ] waiting      1m23.0s   
step_00350 • [   0% ] waiting      1m53.0s   
step_00400 • [   0% ] waiting      2m23.0s   
step_00450 • [   0% ] waiting      2m53.0s   
step_00500 • [   0% ] waiting      3m23.0s   
step_00550 • [   0% ] waiting      3m53.0s   
step_00600 • [   0% ] waiting      4m23.0s   
step_00650 • [   0% ] waiting      4m53.0s   
step_00700 • [   0% ] waiting      5m23.0s   
step_00750 • [   0% ] waiting      5m53.0s   
step_00800 • [   0% ] waiting      6m23.0s   
step_00850 • [   0% ] waiting      6m53.0s   
step_00900 • [   0% ] waiting      7m23.0s   
step_00950 • [   0% ] waiting      7m53.0s   
step_01000 • [   0% ] waiting      8m23.0s   

running (01m08.0s), 0000/0390 VUs, 5697 complete and 0 interrupted iterations
step_00050 ✓ [ 100% ] 000/020 VUs  30s        50.00 iters/s
step_00100 ✓ [ 100% ] 000/020 VUs  30s        100.00 iters/s
step_00150   [  27% ] 000/030 VUs  08.0s/30s  150.00 iters/s
step_00200 • [   0% ] waiting      0m22.0s   
step_00250 • [   0% ] waiting      0m52.0s   
step_00300 • [   0% ] waiting      1m22.0s   
step_00350 • [   0% ] waiting      1m52.0s   
step_00400 • [   0% ] waiting      2m22.0s   
step_00450 • [   0% ] waiting      2m52.0s   
step_00500 • [   0% ] waiting      3m22.0s   
step_00550 • [   0% ] waiting      3m52.0s   
step_00600 • [   0% ] waiting      4m22.0s   
step_00650 • [   0% ] waiting      4m52.0s   
step_00700 • [   0% ] waiting      5m22.0s   
step_00750 • [   0% ] waiting      5m52.0s   
step_00800 • [   0% ] waiting      6m22.0s   
step_00850 • [   0% ] waiting      6m52.0s   
step_00900 • [   0% ] waiting      7m22.0s   
step_00950 • [   0% ] waiting      7m52.0s   
step_01000 • [   0% ] waiting      8m22.0s   

running (01m09.0s), 0000/0390 VUs, 5847 complete and 0 interrupted iterations
step_00050 ✓ [ 100% ] 000/020 VUs  30s        50.00 iters/s
step_00100 ✓ [ 100% ] 000/020 VUs  30s        100.00 iters/s
step_00150   [  30% ] 000/030 VUs  09.0s/30s  150.00 iters/s
step_00200 • [   0% ] waiting      0m21.0s   
step_00250 • [   0% ] waiting      0m51.0s   
step_00300 • [   0% ] waiting      1m21.0s   
step_00350 • [   0% ] waiting      1m51.0s   
step_00400 • [   0% ] waiting      2m21.0s   
step_00450 • [   0% ] waiting      2m51.0s   
step_00500 • [   0% ] waiting      3m21.0s   
step_00550 • [   0% ] waiting      3m51.0s   
step_00600 • [   0% ] waiting      4m21.0s   
step_00650 • [   0% ] waiting      4m51.0s   
step_00700 • [   0% ] waiting      5m21.0s   
step_00750 • [   0% ] waiting      5m51.0s   
step_00800 • [   0% ] waiting      6m21.0s   
step_00850 • [   0% ] waiting      6m51.0s   
step_00900 • [   0% ] waiting      7m21.0s   
step_00950 • [   0% ] waiting      7m51.0s   
step_01000 • [   0% ] waiting      8m21.0s   

running (01m10.0s), 0000/0390 VUs, 5997 complete and 0 interrupted iterations
step_00050 ✓ [ 100% ] 000/020 VUs  30s        50.00 iters/s
step_00100 ✓ [ 100% ] 000/020 VUs  30s        100.00 iters/s
step_00150   [  33% ] 000/030 VUs  10.0s/30s  150.00 iters/s
step_00200 • [   0% ] waiting      0m20.0s   
step_00250 • [   0% ] waiting      0m50.0s   
step_00300 • [   0% ] waiting      1m20.0s   
step_00350 • [   0% ] waiting      1m50.0s   
step_00400 • [   0% ] waiting      2m20.0s   
step_00450 • [   0% ] waiting      2m50.0s   
step_00500 • [   0% ] waiting      3m20.0s   
step_00550 • [   0% ] waiting      3m50.0s   
step_00600 • [   0% ] waiting      4m20.0s   
step_00650 • [   0% ] waiting      4m50.0s   
step_00700 • [   0% ] waiting      5m20.0s   
step_00750 • [   0% ] waiting      5m50.0s   
step_00800 • [   0% ] waiting      6m20.0s   
step_00850 • [   0% ] waiting      6m50.0s   
step_00900 • [   0% ] waiting      7m20.0s   
step_00950 • [   0% ] waiting      7m50.0s   
step_01000 • [   0% ] waiting      8m20.0s   

running (01m11.0s), 0000/0390 VUs, 6147 complete and 0 interrupted iterations
step_00050 ✓ [ 100% ] 000/020 VUs  30s        50.00 iters/s
step_00100 ✓ [ 100% ] 000/020 VUs  30s        100.00 iters/s
step_00150   [  37% ] 000/030 VUs  11.0s/30s  150.00 iters/s
step_00200 • [   0% ] waiting      0m19.0s   
step_00250 • [   0% ] waiting      0m49.0s   
step_00300 • [   0% ] waiting      1m19.0s   
step_00350 • [   0% ] waiting      1m49.0s   
step_00400 • [   0% ] waiting      2m19.0s   
step_00450 • [   0% ] waiting      2m49.0s   
step_00500 • [   0% ] waiting      3m19.0s   
step_00550 • [   0% ] waiting      3m49.0s   
step_00600 • [   0% ] waiting      4m19.0s   
step_00650 • [   0% ] waiting      4m49.0s   
step_00700 • [   0% ] waiting      5m19.0s   
step_00750 • [   0% ] waiting      5m49.0s   
step_00800 • [   0% ] waiting      6m19.0s   
step_00850 • [   0% ] waiting      6m49.0s   
step_00900 • [   0% ] waiting      7m19.0s   
step_00950 • [   0% ] waiting      7m49.0s   
step_01000 • [   0% ] waiting      8m19.0s   

running (01m12.0s), 0000/0390 VUs, 6297 complete and 0 interrupted iterations
step_00050 ✓ [ 100% ] 000/020 VUs  30s        50.00 iters/s
step_00100 ✓ [ 100% ] 000/020 VUs  30s        100.00 iters/s
step_00150   [  40% ] 000/030 VUs  12.0s/30s  150.00 iters/s
step_00200 • [   0% ] waiting      0m18.0s   
step_00250 • [   0% ] waiting      0m48.0s   
step_00300 • [   0% ] waiting      1m18.0s   
step_00350 • [   0% ] waiting      1m48.0s   
step_00400 • [   0% ] waiting      2m18.0s   
step_00450 • [   0% ] waiting      2m48.0s   
step_00500 • [   0% ] waiting      3m18.0s   
step_00550 • [   0% ] waiting      3m48.0s   
step_00600 • [   0% ] waiting      4m18.0s   
step_00650 • [   0% ] waiting      4m48.0s   
step_00700 • [   0% ] waiting      5m18.0s   
step_00750 • [   0% ] waiting      5m48.0s   
step_00800 • [   0% ] waiting      6m18.0s   
step_00850 • [   0% ] waiting      6m48.0s   
step_00900 • [   0% ] waiting      7m18.0s   
step_00950 • [   0% ] waiting      7m48.0s   
step_01000 • [   0% ] waiting      8m18.0s   

running (01m13.0s), 0000/0390 VUs, 6447 complete and 0 interrupted iterations
step_00050 ✓ [ 100% ] 000/020 VUs  30s        50.00 iters/s
step_00100 ✓ [ 100% ] 000/020 VUs  30s        100.00 iters/s
step_00150   [  43% ] 000/030 VUs  13.0s/30s  150.00 iters/s
step_00200 • [   0% ] waiting      0m17.0s   
step_00250 • [   0% ] waiting      0m47.0s   
step_00300 • [   0% ] waiting      1m17.0s   
step_00350 • [   0% ] waiting      1m47.0s   
step_00400 • [   0% ] waiting      2m17.0s   
step_00450 • [   0% ] waiting      2m47.0s   
step_00500 • [   0% ] waiting      3m17.0s   
step_00550 • [   0% ] waiting      3m47.0s   
step_00600 • [   0% ] waiting      4m17.0s   
step_00650 • [   0% ] waiting      4m47.0s   
step_00700 • [   0% ] waiting      5m17.0s   
step_00750 • [   0% ] waiting      5m47.0s   
step_00800 • [   0% ] waiting      6m17.0s   
step_00850 • [   0% ] waiting      6m47.0s   
step_00900 • [   0% ] waiting      7m17.0s   
step_00950 • [   0% ] waiting      7m47.0s   
step_01000 • [   0% ] waiting      8m17.0s   

running (01m14.0s), 0000/0390 VUs, 6597 complete and 0 interrupted iterations
step_00050 ✓ [ 100% ] 000/020 VUs  30s        50.00 iters/s
step_00100 ✓ [ 100% ] 000/020 VUs  30s        100.00 iters/s
step_00150   [  47% ] 000/030 VUs  14.0s/30s  150.00 iters/s
step_00200 • [   0% ] waiting      0m16.0s   
step_00250 • [   0% ] waiting      0m46.0s   
step_00300 • [   0% ] waiting      1m16.0s   
step_00350 • [   0% ] waiting      1m46.0s   
step_00400 • [   0% ] waiting      2m16.0s   
step_00450 • [   0% ] waiting      2m46.0s   
step_00500 • [   0% ] waiting      3m16.0s   
step_00550 • [   0% ] waiting      3m46.0s   
step_00600 • [   0% ] waiting      4m16.0s   
step_00650 • [   0% ] waiting      4m46.0s   
step_00700 • [   0% ] waiting      5m16.0s   
step_00750 • [   0% ] waiting      5m46.0s   
step_00800 • [   0% ] waiting      6m16.0s   
step_00850 • [   0% ] waiting      6m46.0s   
step_00900 • [   0% ] waiting      7m16.0s   
step_00950 • [   0% ] waiting      7m46.0s   
step_01000 • [   0% ] waiting      8m16.0s   

running (01m15.0s), 0000/0390 VUs, 6747 complete and 0 interrupted iterations
step_00050 ✓ [ 100% ] 000/020 VUs  30s        50.00 iters/s
step_00100 ✓ [ 100% ] 000/020 VUs  30s        100.00 iters/s
step_00150   [  50% ] 000/030 VUs  15.0s/30s  150.00 iters/s
step_00200 • [   0% ] waiting      0m15.0s   
step_00250 • [   0% ] waiting      0m45.0s   
step_00300 • [   0% ] waiting      1m15.0s   
step_00350 • [   0% ] waiting      1m45.0s   
step_00400 • [   0% ] waiting      2m15.0s   
step_00450 • [   0% ] waiting      2m45.0s   
step_00500 • [   0% ] waiting      3m15.0s   
step_00550 • [   0% ] waiting      3m45.0s   
step_00600 • [   0% ] waiting      4m15.0s   
step_00650 • [   0% ] waiting      4m45.0s   
step_00700 • [   0% ] waiting      5m15.0s   
step_00750 • [   0% ] waiting      5m45.0s   
step_00800 • [   0% ] waiting      6m15.0s   
step_00850 • [   0% ] waiting      6m45.0s   
step_00900 • [   0% ] waiting      7m15.0s   
step_00950 • [   0% ] waiting      7m45.0s   
step_01000 • [   0% ] waiting      8m15.0s   

running (01m16.0s), 0000/0390 VUs, 6897 complete and 0 interrupted iterations
step_00050 ✓ [ 100% ] 000/020 VUs  30s        50.00 iters/s
step_00100 ✓ [ 100% ] 000/020 VUs  30s        100.00 iters/s
step_00150   [  53% ] 000/030 VUs  16.0s/30s  150.00 iters/s
step_00200 • [   0% ] waiting      0m14.0s   
step_00250 • [   0% ] waiting      0m44.0s   
step_00300 • [   0% ] waiting      1m14.0s   
step_00350 • [   0% ] waiting      1m44.0s   
step_00400 • [   0% ] waiting      2m14.0s   
step_00450 • [   0% ] waiting      2m44.0s   
step_00500 • [   0% ] waiting      3m14.0s   
step_00550 • [   0% ] waiting      3m44.0s   
step_00600 • [   0% ] waiting      4m14.0s   
step_00650 • [   0% ] waiting      4m44.0s   
step_00700 • [   0% ] waiting      5m14.0s   
step_00750 • [   0% ] waiting      5m44.0s   
step_00800 • [   0% ] waiting      6m14.0s   
step_00850 • [   0% ] waiting      6m44.0s   
step_00900 • [   0% ] waiting      7m14.0s   
step_00950 • [   0% ] waiting      7m44.0s   
step_01000 • [   0% ] waiting      8m14.0s   

running (01m17.0s), 0000/0390 VUs, 7047 complete and 0 interrupted iterations
step_00050 ✓ [ 100% ] 000/020 VUs  30s        50.00 iters/s
step_00100 ✓ [ 100% ] 000/020 VUs  30s        100.00 iters/s
step_00150   [  57% ] 000/030 VUs  17.0s/30s  150.00 iters/s
step_00200 • [   0% ] waiting      0m13.0s   
step_00250 • [   0% ] waiting      0m43.0s   
step_00300 • [   0% ] waiting      1m13.0s   
step_00350 • [   0% ] waiting      1m43.0s   
step_00400 • [   0% ] waiting      2m13.0s   
step_00450 • [   0% ] waiting      2m43.0s   
step_00500 • [   0% ] waiting      3m13.0s   
step_00550 • [   0% ] waiting      3m43.0s   
step_00600 • [   0% ] waiting      4m13.0s   
step_00650 • [   0% ] waiting      4m43.0s   
step_00700 • [   0% ] waiting      5m13.0s   
step_00750 • [   0% ] waiting      5m43.0s   
step_00800 • [   0% ] waiting      6m13.0s   
step_00850 • [   0% ] waiting      6m43.0s   
step_00900 • [   0% ] waiting      7m13.0s   
step_00950 • [   0% ] waiting      7m43.0s   
step_01000 • [   0% ] waiting      8m13.0s   

running (01m18.0s), 0000/0390 VUs, 7197 complete and 0 interrupted iterations
step_00050 ✓ [ 100% ] 000/020 VUs  30s        50.00 iters/s
step_00100 ✓ [ 100% ] 000/020 VUs  30s        100.00 iters/s
step_00150   [  60% ] 000/030 VUs  18.0s/30s  150.00 iters/s
step_00200 • [   0% ] waiting      0m12.0s   
step_00250 • [   0% ] waiting      0m42.0s   
step_00300 • [   0% ] waiting      1m12.0s   
step_00350 • [   0% ] waiting      1m42.0s   
step_00400 • [   0% ] waiting      2m12.0s   
step_00450 • [   0% ] waiting      2m42.0s   
step_00500 • [   0% ] waiting      3m12.0s   
step_00550 • [   0% ] waiting      3m42.0s   
step_00600 • [   0% ] waiting      4m12.0s   
step_00650 • [   0% ] waiting      4m42.0s   
step_00700 • [   0% ] waiting      5m12.0s   
step_00750 • [   0% ] waiting      5m42.0s   
step_00800 • [   0% ] waiting      6m12.0s   
step_00850 • [   0% ] waiting      6m42.0s   
step_00900 • [   0% ] waiting      7m12.0s   
step_00950 • [   0% ] waiting      7m42.0s   
step_01000 • [   0% ] waiting      8m12.0s   

running (01m19.0s), 0000/0390 VUs, 7347 complete and 0 interrupted iterations
step_00050 ✓ [ 100% ] 000/020 VUs  30s        50.00 iters/s
step_00100 ✓ [ 100% ] 000/020 VUs  30s        100.00 iters/s
step_00150   [  63% ] 000/030 VUs  19.0s/30s  150.00 iters/s
step_00200 • [   0% ] waiting      0m11.0s   
step_00250 • [   0% ] waiting      0m41.0s   
step_00300 • [   0% ] waiting      1m11.0s   
step_00350 • [   0% ] waiting      1m41.0s   
step_00400 • [   0% ] waiting      2m11.0s   
step_00450 • [   0% ] waiting      2m41.0s   
step_00500 • [   0% ] waiting      3m11.0s   
step_00550 • [   0% ] waiting      3m41.0s   
step_00600 • [   0% ] waiting      4m11.0s   
step_00650 • [   0% ] waiting      4m41.0s   
step_00700 • [   0% ] waiting      5m11.0s   
step_00750 • [   0% ] waiting      5m41.0s   
step_00800 • [   0% ] waiting      6m11.0s   
step_00850 • [   0% ] waiting      6m41.0s   
step_00900 • [   0% ] waiting      7m11.0s   
step_00950 • [   0% ] waiting      7m41.0s   
step_01000 • [   0% ] waiting      8m11.0s   

running (01m20.0s), 0000/0390 VUs, 7497 complete and 0 interrupted iterations
step_00050 ✓ [ 100% ] 000/020 VUs  30s        50.00 iters/s
step_00100 ✓ [ 100% ] 000/020 VUs  30s        100.00 iters/s
step_00150   [  67% ] 000/030 VUs  20.0s/30s  150.00 iters/s
step_00200 • [   0% ] waiting      0m10.0s   
step_00250 • [   0% ] waiting      0m40.0s   
step_00300 • [   0% ] waiting      1m10.0s   
step_00350 • [   0% ] waiting      1m40.0s   
step_00400 • [   0% ] waiting      2m10.0s   
step_00450 • [   0% ] waiting      2m40.0s   
step_00500 • [   0% ] waiting      3m10.0s   
step_00550 • [   0% ] waiting      3m40.0s   
step_00600 • [   0% ] waiting      4m10.0s   
step_00650 • [   0% ] waiting      4m40.0s   
step_00700 • [   0% ] waiting      5m10.0s   
step_00750 • [   0% ] waiting      5m40.0s   
step_00800 • [   0% ] waiting      6m10.0s   
step_00850 • [   0% ] waiting      6m40.0s   
step_00900 • [   0% ] waiting      7m10.0s   
step_00950 • [   0% ] waiting      7m40.0s   
step_01000 • [   0% ] waiting      8m10.0s   

running (01m21.0s), 0000/0390 VUs, 7647 complete and 0 interrupted iterations
step_00050 ✓ [ 100% ] 000/020 VUs  30s        50.00 iters/s
step_00100 ✓ [ 100% ] 000/020 VUs  30s        100.00 iters/s
step_00150   [  70% ] 000/030 VUs  21.0s/30s  150.00 iters/s
step_00200 • [   0% ] waiting      0m09.0s   
step_00250 • [   0% ] waiting      0m39.0s   
step_00300 • [   0% ] waiting      1m09.0s   
step_00350 • [   0% ] waiting      1m39.0s   
step_00400 • [   0% ] waiting      2m09.0s   
step_00450 • [   0% ] waiting      2m39.0s   
step_00500 • [   0% ] waiting      3m09.0s   
step_00550 • [   0% ] waiting      3m39.0s   
step_00600 • [   0% ] waiting      4m09.0s   
step_00650 • [   0% ] waiting      4m39.0s   
step_00700 • [   0% ] waiting      5m09.0s   
step_00750 • [   0% ] waiting      5m39.0s   
step_00800 • [   0% ] waiting      6m09.0s   
step_00850 • [   0% ] waiting      6m39.0s   
step_00900 • [   0% ] waiting      7m09.0s   
step_00950 • [   0% ] waiting      7m39.0s   
step_01000 • [   0% ] waiting      8m09.0s   

running (01m22.0s), 0001/0390 VUs, 7796 complete and 0 interrupted iterations
step_00050 ✓ [ 100% ] 000/020 VUs  30s        50.00 iters/s
step_00100 ✓ [ 100% ] 000/020 VUs  30s        100.00 iters/s
step_00150   [  73% ] 001/030 VUs  22.0s/30s  150.00 iters/s
step_00200 • [   0% ] waiting      0m08.0s   
step_00250 • [   0% ] waiting      0m38.0s   
step_00300 • [   0% ] waiting      1m08.0s   
step_00350 • [   0% ] waiting      1m38.0s   
step_00400 • [   0% ] waiting      2m08.0s   
step_00450 • [   0% ] waiting      2m38.0s   
step_00500 • [   0% ] waiting      3m08.0s   
step_00550 • [   0% ] waiting      3m38.0s   
step_00600 • [   0% ] waiting      4m08.0s   
step_00650 • [   0% ] waiting      4m38.0s   
step_00700 • [   0% ] waiting      5m08.0s   
step_00750 • [   0% ] waiting      5m38.0s   
step_00800 • [   0% ] waiting      6m08.0s   
step_00850 • [   0% ] waiting      6m38.0s   
step_00900 • [   0% ] waiting      7m08.0s   
step_00950 • [   0% ] waiting      7m38.0s   
step_01000 • [   0% ] waiting      8m08.0s   

running (01m23.0s), 0001/0390 VUs, 7946 complete and 0 interrupted iterations
step_00050 ✓ [ 100% ] 000/020 VUs  30s        50.00 iters/s
step_00100 ✓ [ 100% ] 000/020 VUs  30s        100.00 iters/s
step_00150   [  77% ] 001/030 VUs  23.0s/30s  150.00 iters/s
step_00200 • [   0% ] waiting      0m07.0s   
step_00250 • [   0% ] waiting      0m37.0s   
step_00300 • [   0% ] waiting      1m07.0s   
step_00350 • [   0% ] waiting      1m37.0s   
step_00400 • [   0% ] waiting      2m07.0s   
step_00450 • [   0% ] waiting      2m37.0s   
step_00500 • [   0% ] waiting      3m07.0s   
step_00550 • [   0% ] waiting      3m37.0s   
step_00600 • [   0% ] waiting      4m07.0s   
step_00650 • [   0% ] waiting      4m37.0s   
step_00700 • [   0% ] waiting      5m07.0s   
step_00750 • [   0% ] waiting      5m37.0s   
step_00800 • [   0% ] waiting      6m07.0s   
step_00850 • [   0% ] waiting      6m37.0s   
step_00900 • [   0% ] waiting      7m07.0s   
step_00950 • [   0% ] waiting      7m37.0s   
step_01000 • [   0% ] waiting      8m07.0s   

running (01m24.0s), 0000/0390 VUs, 8097 complete and 0 interrupted iterations
step_00050 ✓ [ 100% ] 000/020 VUs  30s        50.00 iters/s
step_00100 ✓ [ 100% ] 000/020 VUs  30s        100.00 iters/s
step_00150   [  80% ] 000/030 VUs  24.0s/30s  150.00 iters/s
step_00200 • [   0% ] waiting      0m06.0s   
step_00250 • [   0% ] waiting      0m36.0s   
step_00300 • [   0% ] waiting      1m06.0s   
step_00350 • [   0% ] waiting      1m36.0s   
step_00400 • [   0% ] waiting      2m06.0s   
step_00450 • [   0% ] waiting      2m36.0s   
step_00500 • [   0% ] waiting      3m06.0s   
step_00550 • [   0% ] waiting      3m36.0s   
step_00600 • [   0% ] waiting      4m06.0s   
step_00650 • [   0% ] waiting      4m36.0s   
step_00700 • [   0% ] waiting      5m06.0s   
step_00750 • [   0% ] waiting      5m36.0s   
step_00800 • [   0% ] waiting      6m06.0s   
step_00850 • [   0% ] waiting      6m36.0s   
step_00900 • [   0% ] waiting      7m06.0s   
step_00950 • [   0% ] waiting      7m36.0s   
step_01000 • [   0% ] waiting      8m06.0s   

running (01m25.0s), 0000/0390 VUs, 8247 complete and 0 interrupted iterations
step_00050 ✓ [ 100% ] 000/020 VUs  30s        50.00 iters/s
step_00100 ✓ [ 100% ] 000/020 VUs  30s        100.00 iters/s
step_00150   [  83% ] 000/030 VUs  25.0s/30s  150.00 iters/s
step_00200 • [   0% ] waiting      0m05.0s   
step_00250 • [   0% ] waiting      0m35.0s   
step_00300 • [   0% ] waiting      1m05.0s   
step_00350 • [   0% ] waiting      1m35.0s   
step_00400 • [   0% ] waiting      2m05.0s   
step_00450 • [   0% ] waiting      2m35.0s   
step_00500 • [   0% ] waiting      3m05.0s   
step_00550 • [   0% ] waiting      3m35.0s   
step_00600 • [   0% ] waiting      4m05.0s   
step_00650 • [   0% ] waiting      4m35.0s   
step_00700 • [   0% ] waiting      5m05.0s   
step_00750 • [   0% ] waiting      5m35.0s   
step_00800 • [   0% ] waiting      6m05.0s   
step_00850 • [   0% ] waiting      6m35.0s   
step_00900 • [   0% ] waiting      7m05.0s   
step_00950 • [   0% ] waiting      7m35.0s   
step_01000 • [   0% ] waiting      8m05.0s   

running (01m26.0s), 0000/0390 VUs, 8397 complete and 0 interrupted iterations
step_00050 ✓ [ 100% ] 000/020 VUs  30s        50.00 iters/s
step_00100 ✓ [ 100% ] 000/020 VUs  30s        100.00 iters/s
step_00150   [  87% ] 000/030 VUs  26.0s/30s  150.00 iters/s
step_00200 • [   0% ] waiting      0m04.0s   
step_00250 • [   0% ] waiting      0m34.0s   
step_00300 • [   0% ] waiting      1m04.0s   
step_00350 • [   0% ] waiting      1m34.0s   
step_00400 • [   0% ] waiting      2m04.0s   
step_00450 • [   0% ] waiting      2m34.0s   
step_00500 • [   0% ] waiting      3m04.0s   
step_00550 • [   0% ] waiting      3m34.0s   
step_00600 • [   0% ] waiting      4m04.0s   
step_00650 • [   0% ] waiting      4m34.0s   
step_00700 • [   0% ] waiting      5m04.0s   
step_00750 • [   0% ] waiting      5m34.0s   
step_00800 • [   0% ] waiting      6m04.0s   
step_00850 • [   0% ] waiting      6m34.0s   
step_00900 • [   0% ] waiting      7m04.0s   
step_00950 • [   0% ] waiting      7m34.0s   
step_01000 • [   0% ] waiting      8m04.0s   

running (01m27.0s), 0000/0390 VUs, 8547 complete and 0 interrupted iterations
step_00050 ✓ [ 100% ] 000/020 VUs  30s        50.00 iters/s
step_00100 ✓ [ 100% ] 000/020 VUs  30s        100.00 iters/s
step_00150   [  90% ] 000/030 VUs  27.0s/30s  150.00 iters/s
step_00200 • [   0% ] waiting      0m03.0s   
step_00250 • [   0% ] waiting      0m33.0s   
step_00300 • [   0% ] waiting      1m03.0s   
step_00350 • [   0% ] waiting      1m33.0s   
step_00400 • [   0% ] waiting      2m03.0s   
step_00450 • [   0% ] waiting      2m33.0s   
step_00500 • [   0% ] waiting      3m03.0s   
step_00550 • [   0% ] waiting      3m33.0s   
step_00600 • [   0% ] waiting      4m03.0s   
step_00650 • [   0% ] waiting      4m33.0s   
step_00700 • [   0% ] waiting      5m03.0s   
step_00750 • [   0% ] waiting      5m33.0s   
step_00800 • [   0% ] waiting      6m03.0s   
step_00850 • [   0% ] waiting      6m33.0s   
step_00900 • [   0% ] waiting      7m03.0s   
step_00950 • [   0% ] waiting      7m33.0s   
step_01000 • [   0% ] waiting      8m03.0s   

running (01m28.0s), 0000/0390 VUs, 8697 complete and 0 interrupted iterations
step_00050 ✓ [ 100% ] 000/020 VUs  30s        50.00 iters/s
step_00100 ✓ [ 100% ] 000/020 VUs  30s        100.00 iters/s
step_00150   [  93% ] 000/030 VUs  28.0s/30s  150.00 iters/s
step_00200 • [   0% ] waiting      0m02.0s   
step_00250 • [   0% ] waiting      0m32.0s   
step_00300 • [   0% ] waiting      1m02.0s   
step_00350 • [   0% ] waiting      1m32.0s   
step_00400 • [   0% ] waiting      2m02.0s   
step_00450 • [   0% ] waiting      2m32.0s   
step_00500 • [   0% ] waiting      3m02.0s   
step_00550 • [   0% ] waiting      3m32.0s   
step_00600 • [   0% ] waiting      4m02.0s   
step_00650 • [   0% ] waiting      4m32.0s   
step_00700 • [   0% ] waiting      5m02.0s   
step_00750 • [   0% ] waiting      5m32.0s   
step_00800 • [   0% ] waiting      6m02.0s   
step_00850 • [   0% ] waiting      6m32.0s   
step_00900 • [   0% ] waiting      7m02.0s   
step_00950 • [   0% ] waiting      7m32.0s   
step_01000 • [   0% ] waiting      8m02.0s   

running (01m29.0s), 0002/0390 VUs, 8845 complete and 0 interrupted iterations
step_00050 ✓ [ 100% ] 000/020 VUs  30s        50.00 iters/s
step_00100 ✓ [ 100% ] 000/020 VUs  30s        100.00 iters/s
step_00150   [  97% ] 002/030 VUs  29.0s/30s  150.00 iters/s
step_00200 • [   0% ] waiting      0m01.0s   
step_00250 • [   0% ] waiting      0m31.0s   
step_00300 • [   0% ] waiting      1m01.0s   
step_00350 • [   0% ] waiting      1m31.0s   
step_00400 • [   0% ] waiting      2m01.0s   
step_00450 • [   0% ] waiting      2m31.0s   
step_00500 • [   0% ] waiting      3m01.0s   
step_00550 • [   0% ] waiting      3m31.0s   
step_00600 • [   0% ] waiting      4m01.0s   
step_00650 • [   0% ] waiting      4m31.0s   
step_00700 • [   0% ] waiting      5m01.0s   
step_00750 • [   0% ] waiting      5m31.0s   
step_00800 • [   0% ] waiting      6m01.0s   
step_00850 • [   0% ] waiting      6m31.0s   
step_00900 • [   0% ] waiting      7m01.0s   
step_00950 • [   0% ] waiting      7m31.0s   
step_01000 • [   0% ] waiting      8m01.0s   

running (01m30.0s), 0000/0390 VUs, 8997 complete and 0 interrupted iterations
step_00050 ✓ [ 100% ] 000/020 VUs  30s        50.00 iters/s
step_00100 ✓ [ 100% ] 000/020 VUs  30s        100.00 iters/s
step_00150   [ 100% ] 000/030 VUs  30.0s/30s  150.00 iters/s
step_00200 • [   0% ] waiting      0m00.0s   
step_00250 • [   0% ] waiting      0m30.0s   
step_00300 • [   0% ] waiting      1m00.0s   
step_00350 • [   0% ] waiting      1m30.0s   
step_00400 • [   0% ] waiting      2m00.0s   
step_00450 • [   0% ] waiting      2m30.0s   
step_00500 • [   0% ] waiting      3m00.0s   
step_00550 • [   0% ] waiting      3m30.0s   
step_00600 • [   0% ] waiting      4m00.0s   
step_00650 • [   0% ] waiting      4m30.0s   
step_00700 • [   0% ] waiting      5m00.0s   
step_00750 • [   0% ] waiting      5m30.0s   
step_00800 • [   0% ] waiting      6m00.0s   
step_00850 • [   0% ] waiting      6m30.0s   
step_00900 • [   0% ] waiting      7m00.0s   
step_00950 • [   0% ] waiting      7m30.0s   
step_01000 • [   0% ] waiting      8m00.0s   

running (01m31.0s), 0000/0390 VUs, 9196 complete and 0 interrupted iterations
step_00050 ✓ [ 100% ] 000/020 VUs  30s        50.00 iters/s
step_00100 ✓ [ 100% ] 000/020 VUs  30s        100.00 iters/s
step_00150 ✓ [ 100% ] 000/030 VUs  30s        150.00 iters/s
step_00200   [   3% ] 000/040 VUs  01.0s/30s  200.00 iters/s
step_00250 • [   0% ] waiting      0m29.0s   
step_00300 • [   0% ] waiting      0m59.0s   
step_00350 • [   0% ] waiting      1m29.0s   
step_00400 • [   0% ] waiting      1m59.0s   
step_00450 • [   0% ] waiting      2m29.0s   
step_00500 • [   0% ] waiting      2m59.0s   
step_00550 • [   0% ] waiting      3m29.0s   
step_00600 • [   0% ] waiting      3m59.0s   
step_00650 • [   0% ] waiting      4m29.0s   
step_00700 • [   0% ] waiting      4m59.0s   
step_00750 • [   0% ] waiting      5m29.0s   
step_00800 • [   0% ] waiting      5m59.0s   
step_00850 • [   0% ] waiting      6m29.0s   
step_00900 • [   0% ] waiting      6m59.0s   
step_00950 • [   0% ] waiting      7m29.0s   
step_01000 • [   0% ] waiting      7m59.0s   

running (01m32.0s), 0000/0390 VUs, 9396 complete and 0 interrupted iterations
step_00050 ✓ [ 100% ] 000/020 VUs  30s        50.00 iters/s
step_00100 ✓ [ 100% ] 000/020 VUs  30s        100.00 iters/s
step_00150 ✓ [ 100% ] 000/030 VUs  30s        150.00 iters/s
step_00200   [   7% ] 000/040 VUs  02.0s/30s  200.00 iters/s
step_00250 • [   0% ] waiting      0m28.0s   
step_00300 • [   0% ] waiting      0m58.0s   
step_00350 • [   0% ] waiting      1m28.0s   
step_00400 • [   0% ] waiting      1m58.0s   
step_00450 • [   0% ] waiting      2m28.0s   
step_00500 • [   0% ] waiting      2m58.0s   
step_00550 • [   0% ] waiting      3m28.0s   
step_00600 • [   0% ] waiting      3m58.0s   
step_00650 • [   0% ] waiting      4m28.0s   
step_00700 • [   0% ] waiting      4m58.0s   
step_00750 • [   0% ] waiting      5m28.0s   
step_00800 • [   0% ] waiting      5m58.0s   
step_00850 • [   0% ] waiting      6m28.0s   
step_00900 • [   0% ] waiting      6m58.0s   
step_00950 • [   0% ] waiting      7m28.0s   
step_01000 • [   0% ] waiting      7m58.0s   

running (01m33.0s), 0001/0390 VUs, 9595 complete and 0 interrupted iterations
step_00050 ✓ [ 100% ] 000/020 VUs  30s        50.00 iters/s
step_00100 ✓ [ 100% ] 000/020 VUs  30s        100.00 iters/s
step_00150 ✓ [ 100% ] 000/030 VUs  30s        150.00 iters/s
step_00200   [  10% ] 001/040 VUs  03.0s/30s  200.00 iters/s
step_00250 • [   0% ] waiting      0m27.0s   
step_00300 • [   0% ] waiting      0m57.0s   
step_00350 • [   0% ] waiting      1m27.0s   
step_00400 • [   0% ] waiting      1m57.0s   
step_00450 • [   0% ] waiting      2m27.0s   
step_00500 • [   0% ] waiting      2m57.0s   
step_00550 • [   0% ] waiting      3m27.0s   
step_00600 • [   0% ] waiting      3m57.0s   
step_00650 • [   0% ] waiting      4m27.0s   
step_00700 • [   0% ] waiting      4m57.0s   
step_00750 • [   0% ] waiting      5m27.0s   
step_00800 • [   0% ] waiting      5m57.0s   
step_00850 • [   0% ] waiting      6m27.0s   
step_00900 • [   0% ] waiting      6m57.0s   
step_00950 • [   0% ] waiting      7m27.0s   
step_01000 • [   0% ] waiting      7m57.0s   

running (01m34.0s), 0001/0390 VUs, 9795 complete and 0 interrupted iterations
step_00050 ✓ [ 100% ] 000/020 VUs  30s        50.00 iters/s
step_00100 ✓ [ 100% ] 000/020 VUs  30s        100.00 iters/s
step_00150 ✓ [ 100% ] 000/030 VUs  30s        150.00 iters/s
step_00200   [  13% ] 001/040 VUs  04.0s/30s  200.00 iters/s
step_00250 • [   0% ] waiting      0m26.0s   
step_00300 • [   0% ] waiting      0m56.0s   
step_00350 • [   0% ] waiting      1m26.0s   
step_00400 • [   0% ] waiting      1m56.0s   
step_00450 • [   0% ] waiting      2m26.0s   
step_00500 • [   0% ] waiting      2m56.0s   
step_00550 • [   0% ] waiting      3m26.0s   
step_00600 • [   0% ] waiting      3m56.0s   
step_00650 • [   0% ] waiting      4m26.0s   
step_00700 • [   0% ] waiting      4m56.0s   
step_00750 • [   0% ] waiting      5m26.0s   
step_00800 • [   0% ] waiting      5m56.0s   
step_00850 • [   0% ] waiting      6m26.0s   
step_00900 • [   0% ] waiting      6m56.0s   
step_00950 • [   0% ] waiting      7m26.0s   
step_01000 • [   0% ] waiting      7m56.0s   

running (01m35.0s), 0000/0390 VUs, 9996 complete and 0 interrupted iterations
step_00050 ✓ [ 100% ] 000/020 VUs  30s        50.00 iters/s
step_00100 ✓ [ 100% ] 000/020 VUs  30s        100.00 iters/s
step_00150 ✓ [ 100% ] 000/030 VUs  30s        150.00 iters/s
step_00200   [  17% ] 000/040 VUs  05.0s/30s  200.00 iters/s
step_00250 • [   0% ] waiting      0m25.0s   
step_00300 • [   0% ] waiting      0m55.0s   
step_00350 • [   0% ] waiting      1m25.0s   
step_00400 • [   0% ] waiting      1m55.0s   
step_00450 • [   0% ] waiting      2m25.0s   
step_00500 • [   0% ] waiting      2m55.0s   
step_00550 • [   0% ] waiting      3m25.0s   
step_00600 • [   0% ] waiting      3m55.0s   
step_00650 • [   0% ] waiting      4m25.0s   
step_00700 • [   0% ] waiting      4m55.0s   
step_00750 • [   0% ] waiting      5m25.0s   
step_00800 • [   0% ] waiting      5m55.0s   
step_00850 • [   0% ] waiting      6m25.0s   
step_00900 • [   0% ] waiting      6m55.0s   
step_00950 • [   0% ] waiting      7m25.0s   
step_01000 • [   0% ] waiting      7m55.0s   

running (01m36.0s), 0000/0390 VUs, 10196 complete and 0 interrupted iterations
step_00050 ✓ [ 100% ] 000/020 VUs  30s        50.00 iters/s
step_00100 ✓ [ 100% ] 000/020 VUs  30s        100.00 iters/s
step_00150 ✓ [ 100% ] 000/030 VUs  30s        150.00 iters/s
step_00200   [  20% ] 000/040 VUs  06.0s/30s  200.00 iters/s
step_00250 • [   0% ] waiting      0m24.0s   
step_00300 • [   0% ] waiting      0m54.0s   
step_00350 • [   0% ] waiting      1m24.0s   
step_00400 • [   0% ] waiting      1m54.0s   
step_00450 • [   0% ] waiting      2m24.0s   
step_00500 • [   0% ] waiting      2m54.0s   
step_00550 • [   0% ] waiting      3m24.0s   
step_00600 • [   0% ] waiting      3m54.0s   
step_00650 • [   0% ] waiting      4m24.0s   
step_00700 • [   0% ] waiting      4m54.0s   
step_00750 • [   0% ] waiting      5m24.0s   
step_00800 • [   0% ] waiting      5m54.0s   
step_00850 • [   0% ] waiting      6m24.0s   
step_00900 • [   0% ] waiting      6m54.0s   
step_00950 • [   0% ] waiting      7m24.0s   
step_01000 • [   0% ] waiting      7m54.0s   

running (01m37.0s), 0000/0390 VUs, 10396 complete and 0 interrupted iterations
step_00050 ✓ [ 100% ] 000/020 VUs  30s        50.00 iters/s
step_00100 ✓ [ 100% ] 000/020 VUs  30s        100.00 iters/s
step_00150 ✓ [ 100% ] 000/030 VUs  30s        150.00 iters/s
step_00200   [  23% ] 000/040 VUs  07.0s/30s  200.00 iters/s
step_00250 • [   0% ] waiting      0m23.0s   
step_00300 • [   0% ] waiting      0m53.0s   
step_00350 • [   0% ] waiting      1m23.0s   
step_00400 • [   0% ] waiting      1m53.0s   
step_00450 • [   0% ] waiting      2m23.0s   
step_00500 • [   0% ] waiting      2m53.0s   
step_00550 • [   0% ] waiting      3m23.0s   
step_00600 • [   0% ] waiting      3m53.0s   
step_00650 • [   0% ] waiting      4m23.0s   
step_00700 • [   0% ] waiting      4m53.0s   
step_00750 • [   0% ] waiting      5m23.0s   
step_00800 • [   0% ] waiting      5m53.0s   
step_00850 • [   0% ] waiting      6m23.0s   
step_00900 • [   0% ] waiting      6m53.0s   
step_00950 • [   0% ] waiting      7m23.0s   
step_01000 • [   0% ] waiting      7m53.0s   

running (01m38.0s), 0000/0390 VUs, 10596 complete and 0 interrupted iterations
step_00050 ✓ [ 100% ] 000/020 VUs  30s        50.00 iters/s
step_00100 ✓ [ 100% ] 000/020 VUs  30s        100.00 iters/s
step_00150 ✓ [ 100% ] 000/030 VUs  30s        150.00 iters/s
step_00200   [  27% ] 000/040 VUs  08.0s/30s  200.00 iters/s
step_00250 • [   0% ] waiting      0m22.0s   
step_00300 • [   0% ] waiting      0m52.0s   
step_00350 • [   0% ] waiting      1m22.0s   
step_00400 • [   0% ] waiting      1m52.0s   
step_00450 • [   0% ] waiting      2m22.0s   
step_00500 • [   0% ] waiting      2m52.0s   
step_00550 • [   0% ] waiting      3m22.0s   
step_00600 • [   0% ] waiting      3m52.0s   
step_00650 • [   0% ] waiting      4m22.0s   
step_00700 • [   0% ] waiting      4m52.0s   
step_00750 • [   0% ] waiting      5m22.0s   
step_00800 • [   0% ] waiting      5m52.0s   
step_00850 • [   0% ] waiting      6m22.0s   
step_00900 • [   0% ] waiting      6m52.0s   
step_00950 • [   0% ] waiting      7m22.0s   
step_01000 • [   0% ] waiting      7m52.0s   

running (01m39.0s), 0000/0390 VUs, 10796 complete and 0 interrupted iterations
step_00050 ✓ [ 100% ] 000/020 VUs  30s        50.00 iters/s
step_00100 ✓ [ 100% ] 000/020 VUs  30s        100.00 iters/s
step_00150 ✓ [ 100% ] 000/030 VUs  30s        150.00 iters/s
step_00200   [  30% ] 000/040 VUs  09.0s/30s  200.00 iters/s
step_00250 • [   0% ] waiting      0m21.0s   
step_00300 • [   0% ] waiting      0m51.0s   
step_00350 • [   0% ] waiting      1m21.0s   
step_00400 • [   0% ] waiting      1m51.0s   
step_00450 • [   0% ] waiting      2m21.0s   
step_00500 • [   0% ] waiting      2m51.0s   
step_00550 • [   0% ] waiting      3m21.0s   
step_00600 • [   0% ] waiting      3m51.0s   
step_00650 • [   0% ] waiting      4m21.0s   
step_00700 • [   0% ] waiting      4m51.0s   
step_00750 • [   0% ] waiting      5m21.0s   
step_00800 • [   0% ] waiting      5m51.0s   
step_00850 • [   0% ] waiting      6m21.0s   
step_00900 • [   0% ] waiting      6m51.0s   
step_00950 • [   0% ] waiting      7m21.0s   
step_01000 • [   0% ] waiting      7m51.0s   

running (01m40.0s), 0000/0390 VUs, 10996 complete and 0 interrupted iterations
step_00050 ✓ [ 100% ] 000/020 VUs  30s        50.00 iters/s
step_00100 ✓ [ 100% ] 000/020 VUs  30s        100.00 iters/s
step_00150 ✓ [ 100% ] 000/030 VUs  30s        150.00 iters/s
step_00200   [  33% ] 000/040 VUs  10.0s/30s  200.00 iters/s
step_00250 • [   0% ] waiting      0m20.0s   
step_00300 • [   0% ] waiting      0m50.0s   
step_00350 • [   0% ] waiting      1m20.0s   
step_00400 • [   0% ] waiting      1m50.0s   
step_00450 • [   0% ] waiting      2m20.0s   
step_00500 • [   0% ] waiting      2m50.0s   
step_00550 • [   0% ] waiting      3m20.0s   
step_00600 • [   0% ] waiting      3m50.0s   
step_00650 • [   0% ] waiting      4m20.0s   
step_00700 • [   0% ] waiting      4m50.0s   
step_00750 • [   0% ] waiting      5m20.0s   
step_00800 • [   0% ] waiting      5m50.0s   
step_00850 • [   0% ] waiting      6m20.0s   
step_00900 • [   0% ] waiting      6m50.0s   
step_00950 • [   0% ] waiting      7m20.0s   
step_01000 • [   0% ] waiting      7m50.0s   

running (01m41.0s), 0000/0390 VUs, 11196 complete and 0 interrupted iterations
step_00050 ✓ [ 100% ] 000/020 VUs  30s        50.00 iters/s
step_00100 ✓ [ 100% ] 000/020 VUs  30s        100.00 iters/s
step_00150 ✓ [ 100% ] 000/030 VUs  30s        150.00 iters/s
step_00200   [  37% ] 000/040 VUs  11.0s/30s  200.00 iters/s
step_00250 • [   0% ] waiting      0m19.0s   
step_00300 • [   0% ] waiting      0m49.0s   
step_00350 • [   0% ] waiting      1m19.0s   
step_00400 • [   0% ] waiting      1m49.0s   
step_00450 • [   0% ] waiting      2m19.0s   
step_00500 • [   0% ] waiting      2m49.0s   
step_00550 • [   0% ] waiting      3m19.0s   
step_00600 • [   0% ] waiting      3m49.0s   
step_00650 • [   0% ] waiting      4m19.0s   
step_00700 • [   0% ] waiting      4m49.0s   
step_00750 • [   0% ] waiting      5m19.0s   
step_00800 • [   0% ] waiting      5m49.0s   
step_00850 • [   0% ] waiting      6m19.0s   
step_00900 • [   0% ] waiting      6m49.0s   
step_00950 • [   0% ] waiting      7m19.0s   
step_01000 • [   0% ] waiting      7m49.0s   

running (01m42.0s), 0000/0390 VUs, 11396 complete and 0 interrupted iterations
step_00050 ✓ [ 100% ] 000/020 VUs  30s        50.00 iters/s
step_00100 ✓ [ 100% ] 000/020 VUs  30s        100.00 iters/s
step_00150 ✓ [ 100% ] 000/030 VUs  30s        150.00 iters/s
step_00200   [  40% ] 000/040 VUs  12.0s/30s  200.00 iters/s
step_00250 • [   0% ] waiting      0m18.0s   
step_00300 • [   0% ] waiting      0m48.0s   
step_00350 • [   0% ] waiting      1m18.0s   
step_00400 • [   0% ] waiting      1m48.0s   
step_00450 • [   0% ] waiting      2m18.0s   
step_00500 • [   0% ] waiting      2m48.0s   
step_00550 • [   0% ] waiting      3m18.0s   
step_00600 • [   0% ] waiting      3m48.0s   
step_00650 • [   0% ] waiting      4m18.0s   
step_00700 • [   0% ] waiting      4m48.0s   
step_00750 • [   0% ] waiting      5m18.0s   
step_00800 • [   0% ] waiting      5m48.0s   
step_00850 • [   0% ] waiting      6m18.0s   
step_00900 • [   0% ] waiting      6m48.0s   
step_00950 • [   0% ] waiting      7m18.0s   
step_01000 • [   0% ] waiting      7m48.0s   

running (01m43.0s), 0000/0390 VUs, 11596 complete and 0 interrupted iterations
step_00050 ✓ [ 100% ] 000/020 VUs  30s        50.00 iters/s
step_00100 ✓ [ 100% ] 000/020 VUs  30s        100.00 iters/s
step_00150 ✓ [ 100% ] 000/030 VUs  30s        150.00 iters/s
step_00200   [  43% ] 000/040 VUs  13.0s/30s  200.00 iters/s
step_00250 • [   0% ] waiting      0m17.0s   
step_00300 • [   0% ] waiting      0m47.0s   
step_00350 • [   0% ] waiting      1m17.0s   
step_00400 • [   0% ] waiting      1m47.0s   
step_00450 • [   0% ] waiting      2m17.0s   
step_00500 • [   0% ] waiting      2m47.0s   
step_00550 • [   0% ] waiting      3m17.0s   
step_00600 • [   0% ] waiting      3m47.0s   
step_00650 • [   0% ] waiting      4m17.0s   
step_00700 • [   0% ] waiting      4m47.0s   
step_00750 • [   0% ] waiting      5m17.0s   
step_00800 • [   0% ] waiting      5m47.0s   
step_00850 • [   0% ] waiting      6m17.0s   
step_00900 • [   0% ] waiting      6m47.0s   
step_00950 • [   0% ] waiting      7m17.0s   
step_01000 • [   0% ] waiting      7m47.0s   

running (01m44.0s), 0000/0390 VUs, 11796 complete and 0 interrupted iterations
step_00050 ✓ [ 100% ] 000/020 VUs  30s        50.00 iters/s
step_00100 ✓ [ 100% ] 000/020 VUs  30s        100.00 iters/s
step_00150 ✓ [ 100% ] 000/030 VUs  30s        150.00 iters/s
step_00200   [  47% ] 000/040 VUs  14.0s/30s  200.00 iters/s
step_00250 • [   0% ] waiting      0m16.0s   
step_00300 • [   0% ] waiting      0m46.0s   
step_00350 • [   0% ] waiting      1m16.0s   
step_00400 • [   0% ] waiting      1m46.0s   
step_00450 • [   0% ] waiting      2m16.0s   
step_00500 • [   0% ] waiting      2m46.0s   
step_00550 • [   0% ] waiting      3m16.0s   
step_00600 • [   0% ] waiting      3m46.0s   
step_00650 • [   0% ] waiting      4m16.0s   
step_00700 • [   0% ] waiting      4m46.0s   
step_00750 • [   0% ] waiting      5m16.0s   
step_00800 • [   0% ] waiting      5m46.0s   
step_00850 • [   0% ] waiting      6m16.0s   
step_00900 • [   0% ] waiting      6m46.0s   
step_00950 • [   0% ] waiting      7m16.0s   
step_01000 • [   0% ] waiting      7m46.0s   

running (01m45.0s), 0000/0390 VUs, 11996 complete and 0 interrupted iterations
step_00050 ✓ [ 100% ] 000/020 VUs  30s        50.00 iters/s
step_00100 ✓ [ 100% ] 000/020 VUs  30s        100.00 iters/s
step_00150 ✓ [ 100% ] 000/030 VUs  30s        150.00 iters/s
step_00200   [  50% ] 000/040 VUs  15.0s/30s  200.00 iters/s
step_00250 • [   0% ] waiting      0m15.0s   
step_00300 • [   0% ] waiting      0m45.0s   
step_00350 • [   0% ] waiting      1m15.0s   
step_00400 • [   0% ] waiting      1m45.0s   
step_00450 • [   0% ] waiting      2m15.0s   
step_00500 • [   0% ] waiting      2m45.0s   
step_00550 • [   0% ] waiting      3m15.0s   
step_00600 • [   0% ] waiting      3m45.0s   
step_00650 • [   0% ] waiting      4m15.0s   
step_00700 • [   0% ] waiting      4m45.0s   
step_00750 • [   0% ] waiting      5m15.0s   
step_00800 • [   0% ] waiting      5m45.0s   
step_00850 • [   0% ] waiting      6m15.0s   
step_00900 • [   0% ] waiting      6m45.0s   
step_00950 • [   0% ] waiting      7m15.0s   
step_01000 • [   0% ] waiting      7m45.0s   

running (01m46.0s), 0000/0390 VUs, 12196 complete and 0 interrupted iterations
step_00050 ✓ [ 100% ] 000/020 VUs  30s        50.00 iters/s
step_00100 ✓ [ 100% ] 000/020 VUs  30s        100.00 iters/s
step_00150 ✓ [ 100% ] 000/030 VUs  30s        150.00 iters/s
step_00200   [  53% ] 000/040 VUs  16.0s/30s  200.00 iters/s
step_00250 • [   0% ] waiting      0m14.0s   
step_00300 • [   0% ] waiting      0m44.0s   
step_00350 • [   0% ] waiting      1m14.0s   
step_00400 • [   0% ] waiting      1m44.0s   
step_00450 • [   0% ] waiting      2m14.0s   
step_00500 • [   0% ] waiting      2m44.0s   
step_00550 • [   0% ] waiting      3m14.0s   
step_00600 • [   0% ] waiting      3m44.0s   
step_00650 • [   0% ] waiting      4m14.0s   
step_00700 • [   0% ] waiting      4m44.0s   
step_00750 • [   0% ] waiting      5m14.0s   
step_00800 • [   0% ] waiting      5m44.0s   
step_00850 • [   0% ] waiting      6m14.0s   
step_00900 • [   0% ] waiting      6m44.0s   
step_00950 • [   0% ] waiting      7m14.0s   
step_01000 • [   0% ] waiting      7m44.0s   

running (01m47.0s), 0000/0390 VUs, 12396 complete and 0 interrupted iterations
step_00050 ✓ [ 100% ] 000/020 VUs  30s        50.00 iters/s
step_00100 ✓ [ 100% ] 000/020 VUs  30s        100.00 iters/s
step_00150 ✓ [ 100% ] 000/030 VUs  30s        150.00 iters/s
step_00200   [  57% ] 000/040 VUs  17.0s/30s  200.00 iters/s
step_00250 • [   0% ] waiting      0m13.0s   
step_00300 • [   0% ] waiting      0m43.0s   
step_00350 • [   0% ] waiting      1m13.0s   
step_00400 • [   0% ] waiting      1m43.0s   
step_00450 • [   0% ] waiting      2m13.0s   
step_00500 • [   0% ] waiting      2m43.0s   
step_00550 • [   0% ] waiting      3m13.0s   
step_00600 • [   0% ] waiting      3m43.0s   
step_00650 • [   0% ] waiting      4m13.0s   
step_00700 • [   0% ] waiting      4m43.0s   
step_00750 • [   0% ] waiting      5m13.0s   
step_00800 • [   0% ] waiting      5m43.0s   
step_00850 • [   0% ] waiting      6m13.0s   
step_00900 • [   0% ] waiting      6m43.0s   
step_00950 • [   0% ] waiting      7m13.0s   
step_01000 • [   0% ] waiting      7m43.0s   

running (01m48.0s), 0000/0390 VUs, 12596 complete and 0 interrupted iterations
step_00050 ✓ [ 100% ] 000/020 VUs  30s        50.00 iters/s
step_00100 ✓ [ 100% ] 000/020 VUs  30s        100.00 iters/s
step_00150 ✓ [ 100% ] 000/030 VUs  30s        150.00 iters/s
step_00200   [  60% ] 000/040 VUs  18.0s/30s  200.00 iters/s
step_00250 • [   0% ] waiting      0m12.0s   
step_00300 • [   0% ] waiting      0m42.0s   
step_00350 • [   0% ] waiting      1m12.0s   
step_00400 • [   0% ] waiting      1m42.0s   
step_00450 • [   0% ] waiting      2m12.0s   
step_00500 • [   0% ] waiting      2m42.0s   
step_00550 • [   0% ] waiting      3m12.0s   
step_00600 • [   0% ] waiting      3m42.0s   
step_00650 • [   0% ] waiting      4m12.0s   
step_00700 • [   0% ] waiting      4m42.0s   
step_00750 • [   0% ] waiting      5m12.0s   
step_00800 • [   0% ] waiting      5m42.0s   
step_00850 • [   0% ] waiting      6m12.0s   
step_00900 • [   0% ] waiting      6m42.0s   
step_00950 • [   0% ] waiting      7m12.0s   
step_01000 • [   0% ] waiting      7m42.0s   

running (01m49.0s), 0000/0390 VUs, 12796 complete and 0 interrupted iterations
step_00050 ✓ [ 100% ] 000/020 VUs  30s        50.00 iters/s
step_00100 ✓ [ 100% ] 000/020 VUs  30s        100.00 iters/s
step_00150 ✓ [ 100% ] 000/030 VUs  30s        150.00 iters/s
step_00200   [  63% ] 000/040 VUs  19.0s/30s  200.00 iters/s
step_00250 • [   0% ] waiting      0m11.0s   
step_00300 • [   0% ] waiting      0m41.0s   
step_00350 • [   0% ] waiting      1m11.0s   
step_00400 • [   0% ] waiting      1m41.0s   
step_00450 • [   0% ] waiting      2m11.0s   
step_00500 • [   0% ] waiting      2m41.0s   
step_00550 • [   0% ] waiting      3m11.0s   
step_00600 • [   0% ] waiting      3m41.0s   
step_00650 • [   0% ] waiting      4m11.0s   
step_00700 • [   0% ] waiting      4m41.0s   
step_00750 • [   0% ] waiting      5m11.0s   
step_00800 • [   0% ] waiting      5m41.0s   
step_00850 • [   0% ] waiting      6m11.0s   
step_00900 • [   0% ] waiting      6m41.0s   
step_00950 • [   0% ] waiting      7m11.0s   
step_01000 • [   0% ] waiting      7m41.0s   

running (01m50.0s), 0000/0390 VUs, 12996 complete and 0 interrupted iterations
step_00050 ✓ [ 100% ] 000/020 VUs  30s        50.00 iters/s
step_00100 ✓ [ 100% ] 000/020 VUs  30s        100.00 iters/s
step_00150 ✓ [ 100% ] 000/030 VUs  30s        150.00 iters/s
step_00200   [  67% ] 000/040 VUs  20.0s/30s  200.00 iters/s
step_00250 • [   0% ] waiting      0m10.0s   
step_00300 • [   0% ] waiting      0m40.0s   
step_00350 • [   0% ] waiting      1m10.0s   
step_00400 • [   0% ] waiting      1m40.0s   
step_00450 • [   0% ] waiting      2m10.0s   
step_00500 • [   0% ] waiting      2m40.0s   
step_00550 • [   0% ] waiting      3m10.0s   
step_00600 • [   0% ] waiting      3m40.0s   
step_00650 • [   0% ] waiting      4m10.0s   
step_00700 • [   0% ] waiting      4m40.0s   
step_00750 • [   0% ] waiting      5m10.0s   
step_00800 • [   0% ] waiting      5m40.0s   
step_00850 • [   0% ] waiting      6m10.0s   
step_00900 • [   0% ] waiting      6m40.0s   
step_00950 • [   0% ] waiting      7m10.0s   
step_01000 • [   0% ] waiting      7m40.0s   

running (01m51.0s), 0000/0390 VUs, 13196 complete and 0 interrupted iterations
step_00050 ✓ [ 100% ] 000/020 VUs  30s        50.00 iters/s
step_00100 ✓ [ 100% ] 000/020 VUs  30s        100.00 iters/s
step_00150 ✓ [ 100% ] 000/030 VUs  30s        150.00 iters/s
step_00200   [  70% ] 000/040 VUs  21.0s/30s  200.00 iters/s
step_00250 • [   0% ] waiting      0m09.0s   
step_00300 • [   0% ] waiting      0m39.0s   
step_00350 • [   0% ] waiting      1m09.0s   
step_00400 • [   0% ] waiting      1m39.0s   
step_00450 • [   0% ] waiting      2m09.0s   
step_00500 • [   0% ] waiting      2m39.0s   
step_00550 • [   0% ] waiting      3m09.0s   
step_00600 • [   0% ] waiting      3m39.0s   
step_00650 • [   0% ] waiting      4m09.0s   
step_00700 • [   0% ] waiting      4m39.0s   
step_00750 • [   0% ] waiting      5m09.0s   
step_00800 • [   0% ] waiting      5m39.0s   
step_00850 • [   0% ] waiting      6m09.0s   
step_00900 • [   0% ] waiting      6m39.0s   
step_00950 • [   0% ] waiting      7m09.0s   
step_01000 • [   0% ] waiting      7m39.0s   

running (01m52.0s), 0000/0390 VUs, 13396 complete and 0 interrupted iterations
step_00050 ✓ [ 100% ] 000/020 VUs  30s        50.00 iters/s
step_00100 ✓ [ 100% ] 000/020 VUs  30s        100.00 iters/s
step_00150 ✓ [ 100% ] 000/030 VUs  30s        150.00 iters/s
step_00200   [  73% ] 000/040 VUs  22.0s/30s  200.00 iters/s
step_00250 • [   0% ] waiting      0m08.0s   
step_00300 • [   0% ] waiting      0m38.0s   
step_00350 • [   0% ] waiting      1m08.0s   
step_00400 • [   0% ] waiting      1m38.0s   
step_00450 • [   0% ] waiting      2m08.0s   
step_00500 • [   0% ] waiting      2m38.0s   
step_00550 • [   0% ] waiting      3m08.0s   
step_00600 • [   0% ] waiting      3m38.0s   
step_00650 • [   0% ] waiting      4m08.0s   
step_00700 • [   0% ] waiting      4m38.0s   
step_00750 • [   0% ] waiting      5m08.0s   
step_00800 • [   0% ] waiting      5m38.0s   
step_00850 • [   0% ] waiting      6m08.0s   
step_00900 • [   0% ] waiting      6m38.0s   
step_00950 • [   0% ] waiting      7m08.0s   
step_01000 • [   0% ] waiting      7m38.0s   

running (01m53.0s), 0000/0390 VUs, 13596 complete and 0 interrupted iterations
step_00050 ✓ [ 100% ] 000/020 VUs  30s        50.00 iters/s
step_00100 ✓ [ 100% ] 000/020 VUs  30s        100.00 iters/s
step_00150 ✓ [ 100% ] 000/030 VUs  30s        150.00 iters/s
step_00200   [  77% ] 000/040 VUs  23.0s/30s  200.00 iters/s
step_00250 • [   0% ] waiting      0m07.0s   
step_00300 • [   0% ] waiting      0m37.0s   
step_00350 • [   0% ] waiting      1m07.0s   
step_00400 • [   0% ] waiting      1m37.0s   
step_00450 • [   0% ] waiting      2m07.0s   
step_00500 • [   0% ] waiting      2m37.0s   
step_00550 • [   0% ] waiting      3m07.0s   
step_00600 • [   0% ] waiting      3m37.0s   
step_00650 • [   0% ] waiting      4m07.0s   
step_00700 • [   0% ] waiting      4m37.0s   
step_00750 • [   0% ] waiting      5m07.0s   
step_00800 • [   0% ] waiting      5m37.0s   
step_00850 • [   0% ] waiting      6m07.0s   
step_00900 • [   0% ] waiting      6m37.0s   
step_00950 • [   0% ] waiting      7m07.0s   
step_01000 • [   0% ] waiting      7m37.0s   

running (01m54.0s), 0000/0390 VUs, 13796 complete and 0 interrupted iterations
step_00050 ✓ [ 100% ] 000/020 VUs  30s        50.00 iters/s
step_00100 ✓ [ 100% ] 000/020 VUs  30s        100.00 iters/s
step_00150 ✓ [ 100% ] 000/030 VUs  30s        150.00 iters/s
step_00200   [  80% ] 000/040 VUs  24.0s/30s  200.00 iters/s
step_00250 • [   0% ] waiting      0m06.0s   
step_00300 • [   0% ] waiting      0m36.0s   
step_00350 • [   0% ] waiting      1m06.0s   
step_00400 • [   0% ] waiting      1m36.0s   
step_00450 • [   0% ] waiting      2m06.0s   
step_00500 • [   0% ] waiting      2m36.0s   
step_00550 • [   0% ] waiting      3m06.0s   
step_00600 • [   0% ] waiting      3m36.0s   
step_00650 • [   0% ] waiting      4m06.0s   
step_00700 • [   0% ] waiting      4m36.0s   
step_00750 • [   0% ] waiting      5m06.0s   
step_00800 • [   0% ] waiting      5m36.0s   
step_00850 • [   0% ] waiting      6m06.0s   
step_00900 • [   0% ] waiting      6m36.0s   
step_00950 • [   0% ] waiting      7m06.0s   
step_01000 • [   0% ] waiting      7m36.0s   

running (01m55.0s), 0000/0390 VUs, 13996 complete and 0 interrupted iterations
step_00050 ✓ [ 100% ] 000/020 VUs  30s        50.00 iters/s
step_00100 ✓ [ 100% ] 000/020 VUs  30s        100.00 iters/s
step_00150 ✓ [ 100% ] 000/030 VUs  30s        150.00 iters/s
step_00200   [  83% ] 000/040 VUs  25.0s/30s  200.00 iters/s
step_00250 • [   0% ] waiting      0m05.0s   
step_00300 • [   0% ] waiting      0m35.0s   
step_00350 • [   0% ] waiting      1m05.0s   
step_00400 • [   0% ] waiting      1m35.0s   
step_00450 • [   0% ] waiting      2m05.0s   
step_00500 • [   0% ] waiting      2m35.0s   
step_00550 • [   0% ] waiting      3m05.0s   
step_00600 • [   0% ] waiting      3m35.0s   
step_00650 • [   0% ] waiting      4m05.0s   
step_00700 • [   0% ] waiting      4m35.0s   
step_00750 • [   0% ] waiting      5m05.0s   
step_00800 • [   0% ] waiting      5m35.0s   
step_00850 • [   0% ] waiting      6m05.0s   
step_00900 • [   0% ] waiting      6m35.0s   
step_00950 • [   0% ] waiting      7m05.0s   
step_01000 • [   0% ] waiting      7m35.0s   

running (01m56.0s), 0000/0390 VUs, 14196 complete and 0 interrupted iterations
step_00050 ✓ [ 100% ] 000/020 VUs  30s        50.00 iters/s
step_00100 ✓ [ 100% ] 000/020 VUs  30s        100.00 iters/s
step_00150 ✓ [ 100% ] 000/030 VUs  30s        150.00 iters/s
step_00200   [  87% ] 000/040 VUs  26.0s/30s  200.00 iters/s
step_00250 • [   0% ] waiting      0m04.0s   
step_00300 • [   0% ] waiting      0m34.0s   
step_00350 • [   0% ] waiting      1m04.0s   
step_00400 • [   0% ] waiting      1m34.0s   
step_00450 • [   0% ] waiting      2m04.0s   
step_00500 • [   0% ] waiting      2m34.0s   
step_00550 • [   0% ] waiting      3m04.0s   
step_00600 • [   0% ] waiting      3m34.0s   
step_00650 • [   0% ] waiting      4m04.0s   
step_00700 • [   0% ] waiting      4m34.0s   
step_00750 • [   0% ] waiting      5m04.0s   
step_00800 • [   0% ] waiting      5m34.0s   
step_00850 • [   0% ] waiting      6m04.0s   
step_00900 • [   0% ] waiting      6m34.0s   
step_00950 • [   0% ] waiting      7m04.0s   
step_01000 • [   0% ] waiting      7m34.0s   

running (01m57.0s), 0000/0390 VUs, 14396 complete and 0 interrupted iterations
step_00050 ✓ [ 100% ] 000/020 VUs  30s        50.00 iters/s
step_00100 ✓ [ 100% ] 000/020 VUs  30s        100.00 iters/s
step_00150 ✓ [ 100% ] 000/030 VUs  30s        150.00 iters/s
step_00200   [  90% ] 000/040 VUs  27.0s/30s  200.00 iters/s
step_00250 • [   0% ] waiting      0m03.0s   
step_00300 • [   0% ] waiting      0m33.0s   
step_00350 • [   0% ] waiting      1m03.0s   
step_00400 • [   0% ] waiting      1m33.0s   
step_00450 • [   0% ] waiting      2m03.0s   
step_00500 • [   0% ] waiting      2m33.0s   
step_00550 • [   0% ] waiting      3m03.0s   
step_00600 • [   0% ] waiting      3m33.0s   
step_00650 • [   0% ] waiting      4m03.0s   
step_00700 • [   0% ] waiting      4m33.0s   
step_00750 • [   0% ] waiting      5m03.0s   
step_00800 • [   0% ] waiting      5m33.0s   
step_00850 • [   0% ] waiting      6m03.0s   
step_00900 • [   0% ] waiting      6m33.0s   
step_00950 • [   0% ] waiting      7m03.0s   
step_01000 • [   0% ] waiting      7m33.0s   

running (01m58.0s), 0000/0390 VUs, 14596 complete and 0 interrupted iterations
step_00050 ✓ [ 100% ] 000/020 VUs  30s        50.00 iters/s
step_00100 ✓ [ 100% ] 000/020 VUs  30s        100.00 iters/s
step_00150 ✓ [ 100% ] 000/030 VUs  30s        150.00 iters/s
step_00200   [  93% ] 000/040 VUs  28.0s/30s  200.00 iters/s
step_00250 • [   0% ] waiting      0m02.0s   
step_00300 • [   0% ] waiting      0m32.0s   
step_00350 • [   0% ] waiting      1m02.0s   
step_00400 • [   0% ] waiting      1m32.0s   
step_00450 • [   0% ] waiting      2m02.0s   
step_00500 • [   0% ] waiting      2m32.0s   
step_00550 • [   0% ] waiting      3m02.0s   
step_00600 • [   0% ] waiting      3m32.0s   
step_00650 • [   0% ] waiting      4m02.0s   
step_00700 • [   0% ] waiting      4m32.0s   
step_00750 • [   0% ] waiting      5m02.0s   
step_00800 • [   0% ] waiting      5m32.0s   
step_00850 • [   0% ] waiting      6m02.0s   
step_00900 • [   0% ] waiting      6m32.0s   
step_00950 • [   0% ] waiting      7m02.0s   
step_01000 • [   0% ] waiting      7m32.0s   

running (01m59.0s), 0000/0390 VUs, 14796 complete and 0 interrupted iterations
step_00050 ✓ [ 100% ] 000/020 VUs  30s        50.00 iters/s
step_00100 ✓ [ 100% ] 000/020 VUs  30s        100.00 iters/s
step_00150 ✓ [ 100% ] 000/030 VUs  30s        150.00 iters/s
step_00200   [  97% ] 000/040 VUs  29.0s/30s  200.00 iters/s
step_00250 • [   0% ] waiting      0m01.0s   
step_00300 • [   0% ] waiting      0m31.0s   
step_00350 • [   0% ] waiting      1m01.0s   
step_00400 • [   0% ] waiting      1m31.0s   
step_00450 • [   0% ] waiting      2m01.0s   
step_00500 • [   0% ] waiting      2m31.0s   
step_00550 • [   0% ] waiting      3m01.0s   
step_00600 • [   0% ] waiting      3m31.0s   
step_00650 • [   0% ] waiting      4m01.0s   
step_00700 • [   0% ] waiting      4m31.0s   
step_00750 • [   0% ] waiting      5m01.0s   
step_00800 • [   0% ] waiting      5m31.0s   
step_00850 • [   0% ] waiting      6m01.0s   
step_00900 • [   0% ] waiting      6m31.0s   
step_00950 • [   0% ] waiting      7m01.0s   
step_01000 • [   0% ] waiting      7m31.0s   

running (02m00.0s), 0000/0390 VUs, 14996 complete and 0 interrupted iterations
step_00050 ✓ [ 100% ] 000/020 VUs  30s        50.00 iters/s
step_00100 ✓ [ 100% ] 000/020 VUs  30s        100.00 iters/s
step_00150 ✓ [ 100% ] 000/030 VUs  30s        150.00 iters/s
step_00200   [ 100% ] 000/040 VUs  30.0s/30s  200.00 iters/s
step_00250 • [   0% ] waiting      0m00.0s   
step_00300 • [   0% ] waiting      0m30.0s   
step_00350 • [   0% ] waiting      1m00.0s   
step_00400 • [   0% ] waiting      1m30.0s   
step_00450 • [   0% ] waiting      2m00.0s   
step_00500 • [   0% ] waiting      2m30.0s   
step_00550 • [   0% ] waiting      3m00.0s   
step_00600 • [   0% ] waiting      3m30.0s   
step_00650 • [   0% ] waiting      4m00.0s   
step_00700 • [   0% ] waiting      4m30.0s   
step_00750 • [   0% ] waiting      5m00.0s   
step_00800 • [   0% ] waiting      5m30.0s   
step_00850 • [   0% ] waiting      6m00.0s   
step_00900 • [   0% ] waiting      6m30.0s   
step_00950 • [   0% ] waiting      7m00.0s   
step_01000 • [   0% ] waiting      7m30.0s   

running (02m01.0s), 0000/0390 VUs, 15245 complete and 0 interrupted iterations
step_00050 ✓ [ 100% ] 000/020 VUs  30s        50.00 iters/s
step_00100 ✓ [ 100% ] 000/020 VUs  30s        100.00 iters/s
step_00150 ✓ [ 100% ] 000/030 VUs  30s        150.00 iters/s
step_00200 ✓ [ 100% ] 000/040 VUs  30s        200.00 iters/s
step_00250   [   3% ] 000/050 VUs  01.0s/30s  250.00 iters/s
step_00300 • [   0% ] waiting      0m29.0s   
step_00350 • [   0% ] waiting      0m59.0s   
step_00400 • [   0% ] waiting      1m29.0s   
step_00450 • [   0% ] waiting      1m59.0s   
step_00500 • [   0% ] waiting      2m29.0s   
step_00550 • [   0% ] waiting      2m59.0s   
step_00600 • [   0% ] waiting      3m29.0s   
step_00650 • [   0% ] waiting      3m59.0s   
step_00700 • [   0% ] waiting      4m29.0s   
step_00750 • [   0% ] waiting      4m59.0s   
step_00800 • [   0% ] waiting      5m29.0s   
step_00850 • [   0% ] waiting      5m59.0s   
step_00900 • [   0% ] waiting      6m29.0s   
step_00950 • [   0% ] waiting      6m59.0s   
step_01000 • [   0% ] waiting      7m29.0s   

running (02m02.0s), 0000/0390 VUs, 15495 complete and 0 interrupted iterations
step_00050 ✓ [ 100% ] 000/020 VUs  30s        50.00 iters/s
step_00100 ✓ [ 100% ] 000/020 VUs  30s        100.00 iters/s
step_00150 ✓ [ 100% ] 000/030 VUs  30s        150.00 iters/s
step_00200 ✓ [ 100% ] 000/040 VUs  30s        200.00 iters/s
step_00250   [   7% ] 000/050 VUs  02.0s/30s  250.00 iters/s
step_00300 • [   0% ] waiting      0m28.0s   
step_00350 • [   0% ] waiting      0m58.0s   
step_00400 • [   0% ] waiting      1m28.0s   
step_00450 • [   0% ] waiting      1m58.0s   
step_00500 • [   0% ] waiting      2m28.0s   
step_00550 • [   0% ] waiting      2m58.0s   
step_00600 • [   0% ] waiting      3m28.0s   
step_00650 • [   0% ] waiting      3m58.0s   
step_00700 • [   0% ] waiting      4m28.0s   
step_00750 • [   0% ] waiting      4m58.0s   
step_00800 • [   0% ] waiting      5m28.0s   
step_00850 • [   0% ] waiting      5m58.0s   
step_00900 • [   0% ] waiting      6m28.0s   
step_00950 • [   0% ] waiting      6m58.0s   
step_01000 • [   0% ] waiting      7m28.0s   

running (02m03.0s), 0000/0390 VUs, 15745 complete and 0 interrupted iterations
step_00050 ✓ [ 100% ] 000/020 VUs  30s        50.00 iters/s
step_00100 ✓ [ 100% ] 000/020 VUs  30s        100.00 iters/s
step_00150 ✓ [ 100% ] 000/030 VUs  30s        150.00 iters/s
step_00200 ✓ [ 100% ] 000/040 VUs  30s        200.00 iters/s
step_00250   [  10% ] 000/050 VUs  03.0s/30s  250.00 iters/s
step_00300 • [   0% ] waiting      0m27.0s   
step_00350 • [   0% ] waiting      0m57.0s   
step_00400 • [   0% ] waiting      1m27.0s   
step_00450 • [   0% ] waiting      1m57.0s   
step_00500 • [   0% ] waiting      2m27.0s   
step_00550 • [   0% ] waiting      2m57.0s   
step_00600 • [   0% ] waiting      3m27.0s   
step_00650 • [   0% ] waiting      3m57.0s   
step_00700 • [   0% ] waiting      4m27.0s   
step_00750 • [   0% ] waiting      4m57.0s   
step_00800 • [   0% ] waiting      5m27.0s   
step_00850 • [   0% ] waiting      5m57.0s   
step_00900 • [   0% ] waiting      6m27.0s   
step_00950 • [   0% ] waiting      6m57.0s   
step_01000 • [   0% ] waiting      7m27.0s   

running (02m04.0s), 0000/0390 VUs, 15995 complete and 0 interrupted iterations
step_00050 ✓ [ 100% ] 000/020 VUs  30s        50.00 iters/s
step_00100 ✓ [ 100% ] 000/020 VUs  30s        100.00 iters/s
step_00150 ✓ [ 100% ] 000/030 VUs  30s        150.00 iters/s
step_00200 ✓ [ 100% ] 000/040 VUs  30s        200.00 iters/s
step_00250   [  13% ] 000/050 VUs  04.0s/30s  250.00 iters/s
step_00300 • [   0% ] waiting      0m26.0s   
step_00350 • [   0% ] waiting      0m56.0s   
step_00400 • [   0% ] waiting      1m26.0s   
step_00450 • [   0% ] waiting      1m56.0s   
step_00500 • [   0% ] waiting      2m26.0s   
step_00550 • [   0% ] waiting      2m56.0s   
step_00600 • [   0% ] waiting      3m26.0s   
step_00650 • [   0% ] waiting      3m56.0s   
step_00700 • [   0% ] waiting      4m26.0s   
step_00750 • [   0% ] waiting      4m56.0s   
step_00800 • [   0% ] waiting      5m26.0s   
step_00850 • [   0% ] waiting      5m56.0s   
step_00900 • [   0% ] waiting      6m26.0s   
step_00950 • [   0% ] waiting      6m56.0s   
step_01000 • [   0% ] waiting      7m26.0s   

running (02m05.0s), 0000/0390 VUs, 16245 complete and 0 interrupted iterations
step_00050 ✓ [ 100% ] 000/020 VUs  30s        50.00 iters/s
step_00100 ✓ [ 100% ] 000/020 VUs  30s        100.00 iters/s
step_00150 ✓ [ 100% ] 000/030 VUs  30s        150.00 iters/s
step_00200 ✓ [ 100% ] 000/040 VUs  30s        200.00 iters/s
step_00250   [  17% ] 000/050 VUs  05.0s/30s  250.00 iters/s
step_00300 • [   0% ] waiting      0m25.0s   
step_00350 • [   0% ] waiting      0m55.0s   
step_00400 • [   0% ] waiting      1m25.0s   
step_00450 • [   0% ] waiting      1m55.0s   
step_00500 • [   0% ] waiting      2m25.0s   
step_00550 • [   0% ] waiting      2m55.0s   
step_00600 • [   0% ] waiting      3m25.0s   
step_00650 • [   0% ] waiting      3m55.0s   
step_00700 • [   0% ] waiting      4m25.0s   
step_00750 • [   0% ] waiting      4m55.0s   
step_00800 • [   0% ] waiting      5m25.0s   
step_00850 • [   0% ] waiting      5m55.0s   
step_00900 • [   0% ] waiting      6m25.0s   
step_00950 • [   0% ] waiting      6m55.0s   
step_01000 • [   0% ] waiting      7m25.0s   

running (02m06.0s), 0000/0390 VUs, 16495 complete and 0 interrupted iterations
step_00050 ✓ [ 100% ] 000/020 VUs  30s        50.00 iters/s
step_00100 ✓ [ 100% ] 000/020 VUs  30s        100.00 iters/s
step_00150 ✓ [ 100% ] 000/030 VUs  30s        150.00 iters/s
step_00200 ✓ [ 100% ] 000/040 VUs  30s        200.00 iters/s
step_00250   [  20% ] 000/050 VUs  06.0s/30s  250.00 iters/s
step_00300 • [   0% ] waiting      0m24.0s   
step_00350 • [   0% ] waiting      0m54.0s   
step_00400 • [   0% ] waiting      1m24.0s   
step_00450 • [   0% ] waiting      1m54.0s   
step_00500 • [   0% ] waiting      2m24.0s   
step_00550 • [   0% ] waiting      2m54.0s   
step_00600 • [   0% ] waiting      3m24.0s   
step_00650 • [   0% ] waiting      3m54.0s   
step_00700 • [   0% ] waiting      4m24.0s   
step_00750 • [   0% ] waiting      4m54.0s   
step_00800 • [   0% ] waiting      5m24.0s   
step_00850 • [   0% ] waiting      5m54.0s   
step_00900 • [   0% ] waiting      6m24.0s   
step_00950 • [   0% ] waiting      6m54.0s   
step_01000 • [   0% ] waiting      7m24.0s   

running (02m06.9s), 0000/0390 VUs, 16745 complete and 0 interrupted iterations
step_00050 ✓ [ 100% ] 000/020 VUs  30s        50.00 iters/s
step_00100 ✓ [ 100% ] 000/020 VUs  30s        100.00 iters/s
step_00150 ✓ [ 100% ] 000/030 VUs  30s        150.00 iters/s
step_00200 ✓ [ 100% ] 000/040 VUs  30s        200.00 iters/s
step_00250   [  23% ] 000/050 VUs  07.0s/30s  250.00 iters/s
step_00300 • [   0% ] waiting      0m23.0s   
step_00350 • [   0% ] waiting      0m53.0s   
step_00400 • [   0% ] waiting      1m23.0s   
step_00450 • [   0% ] waiting      1m53.0s   
step_00500 • [   0% ] waiting      2m23.0s   
step_00550 • [   0% ] waiting      2m53.0s   
step_00600 • [   0% ] waiting      3m23.0s   
step_00650 • [   0% ] waiting      3m53.0s   
step_00700 • [   0% ] waiting      4m23.0s   
step_00750 • [   0% ] waiting      4m53.0s   
step_00800 • [   0% ] waiting      5m23.0s   
step_00850 • [   0% ] waiting      5m53.0s   
step_00900 • [   0% ] waiting      6m23.0s   
step_00950 • [   0% ] waiting      6m53.0s   
step_01000 • [   0% ] waiting      7m23.0s   

running (02m07.9s), 0000/0390 VUs, 16995 complete and 0 interrupted iterations
step_00050 ✓ [ 100% ] 000/020 VUs  30s        50.00 iters/s
step_00100 ✓ [ 100% ] 000/020 VUs  30s        100.00 iters/s
step_00150 ✓ [ 100% ] 000/030 VUs  30s        150.00 iters/s
step_00200 ✓ [ 100% ] 000/040 VUs  30s        200.00 iters/s
step_00250   [  27% ] 000/050 VUs  08.0s/30s  250.00 iters/s
step_00300 • [   0% ] waiting      0m22.0s   
step_00350 • [   0% ] waiting      0m52.0s   
step_00400 • [   0% ] waiting      1m22.0s   
step_00450 • [   0% ] waiting      1m52.0s   
step_00500 • [   0% ] waiting      2m22.0s   
step_00550 • [   0% ] waiting      2m52.0s   
step_00600 • [   0% ] waiting      3m22.0s   
step_00650 • [   0% ] waiting      3m52.0s   
step_00700 • [   0% ] waiting      4m22.0s   
step_00750 • [   0% ] waiting      4m52.0s   
step_00800 • [   0% ] waiting      5m22.0s   
step_00850 • [   0% ] waiting      5m52.0s   
step_00900 • [   0% ] waiting      6m22.0s   
step_00950 • [   0% ] waiting      6m52.0s   
step_01000 • [   0% ] waiting      7m22.0s   

running (02m08.9s), 0000/0390 VUs, 17245 complete and 0 interrupted iterations
step_00050 ✓ [ 100% ] 000/020 VUs  30s        50.00 iters/s
step_00100 ✓ [ 100% ] 000/020 VUs  30s        100.00 iters/s
step_00150 ✓ [ 100% ] 000/030 VUs  30s        150.00 iters/s
step_00200 ✓ [ 100% ] 000/040 VUs  30s        200.00 iters/s
step_00250   [  30% ] 000/050 VUs  09.0s/30s  250.00 iters/s
step_00300 • [   0% ] waiting      0m21.0s   
step_00350 • [   0% ] waiting      0m51.0s   
step_00400 • [   0% ] waiting      1m21.0s   
step_00450 • [   0% ] waiting      1m51.0s   
step_00500 • [   0% ] waiting      2m21.0s   
step_00550 • [   0% ] waiting      2m51.0s   
step_00600 • [   0% ] waiting      3m21.0s   
step_00650 • [   0% ] waiting      3m51.0s   
step_00700 • [   0% ] waiting      4m21.0s   
step_00750 • [   0% ] waiting      4m51.0s   
step_00800 • [   0% ] waiting      5m21.0s   
step_00850 • [   0% ] waiting      5m51.0s   
step_00900 • [   0% ] waiting      6m21.0s   
step_00950 • [   0% ] waiting      6m51.0s   
step_01000 • [   0% ] waiting      7m21.0s   

running (02m09.9s), 0000/0390 VUs, 17495 complete and 0 interrupted iterations
step_00050 ✓ [ 100% ] 000/020 VUs  30s        50.00 iters/s
step_00100 ✓ [ 100% ] 000/020 VUs  30s        100.00 iters/s
step_00150 ✓ [ 100% ] 000/030 VUs  30s        150.00 iters/s
step_00200 ✓ [ 100% ] 000/040 VUs  30s        200.00 iters/s
step_00250   [  33% ] 000/050 VUs  10.0s/30s  250.00 iters/s
step_00300 • [   0% ] waiting      0m20.0s   
step_00350 • [   0% ] waiting      0m50.0s   
step_00400 • [   0% ] waiting      1m20.0s   
step_00450 • [   0% ] waiting      1m50.0s   
step_00500 • [   0% ] waiting      2m20.0s   
step_00550 • [   0% ] waiting      2m50.0s   
step_00600 • [   0% ] waiting      3m20.0s   
step_00650 • [   0% ] waiting      3m50.0s   
step_00700 • [   0% ] waiting      4m20.0s   
step_00750 • [   0% ] waiting      4m50.0s   
step_00800 • [   0% ] waiting      5m20.0s   
step_00850 • [   0% ] waiting      5m50.0s   
step_00900 • [   0% ] waiting      6m20.0s   
step_00950 • [   0% ] waiting      6m50.0s   
step_01000 • [   0% ] waiting      7m20.0s   

running (02m10.9s), 0000/0390 VUs, 17745 complete and 0 interrupted iterations
step_00050 ✓ [ 100% ] 000/020 VUs  30s        50.00 iters/s
step_00100 ✓ [ 100% ] 000/020 VUs  30s        100.00 iters/s
step_00150 ✓ [ 100% ] 000/030 VUs  30s        150.00 iters/s
step_00200 ✓ [ 100% ] 000/040 VUs  30s        200.00 iters/s
step_00250   [  37% ] 000/050 VUs  11.0s/30s  250.00 iters/s
step_00300 • [   0% ] waiting      0m19.0s   
step_00350 • [   0% ] waiting      0m49.0s   
step_00400 • [   0% ] waiting      1m19.0s   
step_00450 • [   0% ] waiting      1m49.0s   
step_00500 • [   0% ] waiting      2m19.0s   
step_00550 • [   0% ] waiting      2m49.0s   
step_00600 • [   0% ] waiting      3m19.0s   
step_00650 • [   0% ] waiting      3m49.0s   
step_00700 • [   0% ] waiting      4m19.0s   
step_00750 • [   0% ] waiting      4m49.0s   
step_00800 • [   0% ] waiting      5m19.0s   
step_00850 • [   0% ] waiting      5m49.0s   
step_00900 • [   0% ] waiting      6m19.0s   
step_00950 • [   0% ] waiting      6m49.0s   
step_01000 • [   0% ] waiting      7m19.0s   

running (02m11.9s), 0000/0390 VUs, 17995 complete and 0 interrupted iterations
step_00050 ✓ [ 100% ] 000/020 VUs  30s        50.00 iters/s
step_00100 ✓ [ 100% ] 000/020 VUs  30s        100.00 iters/s
step_00150 ✓ [ 100% ] 000/030 VUs  30s        150.00 iters/s
step_00200 ✓ [ 100% ] 000/040 VUs  30s        200.00 iters/s
step_00250   [  40% ] 000/050 VUs  12.0s/30s  250.00 iters/s
step_00300 • [   0% ] waiting      0m18.0s   
step_00350 • [   0% ] waiting      0m48.0s   
step_00400 • [   0% ] waiting      1m18.0s   
step_00450 • [   0% ] waiting      1m48.0s   
step_00500 • [   0% ] waiting      2m18.0s   
step_00550 • [   0% ] waiting      2m48.0s   
step_00600 • [   0% ] waiting      3m18.0s   
step_00650 • [   0% ] waiting      3m48.0s   
step_00700 • [   0% ] waiting      4m18.0s   
step_00750 • [   0% ] waiting      4m48.0s   
step_00800 • [   0% ] waiting      5m18.0s   
step_00850 • [   0% ] waiting      5m48.0s   
step_00900 • [   0% ] waiting      6m18.0s   
step_00950 • [   0% ] waiting      6m48.0s   
step_01000 • [   0% ] waiting      7m18.0s   

running (02m12.9s), 0000/0390 VUs, 18245 complete and 0 interrupted iterations
step_00050 ✓ [ 100% ] 000/020 VUs  30s        50.00 iters/s
step_00100 ✓ [ 100% ] 000/020 VUs  30s        100.00 iters/s
step_00150 ✓ [ 100% ] 000/030 VUs  30s        150.00 iters/s
step_00200 ✓ [ 100% ] 000/040 VUs  30s        200.00 iters/s
step_00250   [  43% ] 000/050 VUs  13.0s/30s  250.00 iters/s
step_00300 • [   0% ] waiting      0m17.0s   
step_00350 • [   0% ] waiting      0m47.0s   
step_00400 • [   0% ] waiting      1m17.0s   
step_00450 • [   0% ] waiting      1m47.0s   
step_00500 • [   0% ] waiting      2m17.0s   
step_00550 • [   0% ] waiting      2m47.0s   
step_00600 • [   0% ] waiting      3m17.0s   
step_00650 • [   0% ] waiting      3m47.0s   
step_00700 • [   0% ] waiting      4m17.0s   
step_00750 • [   0% ] waiting      4m47.0s   
step_00800 • [   0% ] waiting      5m17.0s   
step_00850 • [   0% ] waiting      5m47.0s   
step_00900 • [   0% ] waiting      6m17.0s   
step_00950 • [   0% ] waiting      6m47.0s   
step_01000 • [   0% ] waiting      7m17.0s   

running (02m13.9s), 0000/0390 VUs, 18495 complete and 0 interrupted iterations
step_00050 ✓ [ 100% ] 000/020 VUs  30s        50.00 iters/s
step_00100 ✓ [ 100% ] 000/020 VUs  30s        100.00 iters/s
step_00150 ✓ [ 100% ] 000/030 VUs  30s        150.00 iters/s
step_00200 ✓ [ 100% ] 000/040 VUs  30s        200.00 iters/s
step_00250   [  47% ] 000/050 VUs  14.0s/30s  250.00 iters/s
step_00300 • [   0% ] waiting      0m16.0s   
step_00350 • [   0% ] waiting      0m46.0s   
step_00400 • [   0% ] waiting      1m16.0s   
step_00450 • [   0% ] waiting      1m46.0s   
step_00500 • [   0% ] waiting      2m16.0s   
step_00550 • [   0% ] waiting      2m46.0s   
step_00600 • [   0% ] waiting      3m16.0s   
step_00650 • [   0% ] waiting      3m46.0s   
step_00700 • [   0% ] waiting      4m16.0s   
step_00750 • [   0% ] waiting      4m46.0s   
step_00800 • [   0% ] waiting      5m16.0s   
step_00850 • [   0% ] waiting      5m46.0s   
step_00900 • [   0% ] waiting      6m16.0s   
step_00950 • [   0% ] waiting      6m46.0s   
step_01000 • [   0% ] waiting      7m16.0s   

running (02m14.9s), 0000/0390 VUs, 18745 complete and 0 interrupted iterations
step_00050 ✓ [ 100% ] 000/020 VUs  30s        50.00 iters/s
step_00100 ✓ [ 100% ] 000/020 VUs  30s        100.00 iters/s
step_00150 ✓ [ 100% ] 000/030 VUs  30s        150.00 iters/s
step_00200 ✓ [ 100% ] 000/040 VUs  30s        200.00 iters/s
step_00250   [  50% ] 000/050 VUs  15.0s/30s  250.00 iters/s
step_00300 • [   0% ] waiting      0m15.0s   
step_00350 • [   0% ] waiting      0m45.0s   
step_00400 • [   0% ] waiting      1m15.0s   
step_00450 • [   0% ] waiting      1m45.0s   
step_00500 • [   0% ] waiting      2m15.0s   
step_00550 • [   0% ] waiting      2m45.0s   
step_00600 • [   0% ] waiting      3m15.0s   
step_00650 • [   0% ] waiting      3m45.0s   
step_00700 • [   0% ] waiting      4m15.0s   
step_00750 • [   0% ] waiting      4m45.0s   
step_00800 • [   0% ] waiting      5m15.0s   
step_00850 • [   0% ] waiting      5m45.0s   
step_00900 • [   0% ] waiting      6m15.0s   
step_00950 • [   0% ] waiting      6m45.0s   
step_01000 • [   0% ] waiting      7m15.0s   

running (02m15.9s), 0000/0390 VUs, 18995 complete and 0 interrupted iterations
step_00050 ✓ [ 100% ] 000/020 VUs  30s        50.00 iters/s
step_00100 ✓ [ 100% ] 000/020 VUs  30s        100.00 iters/s
step_00150 ✓ [ 100% ] 000/030 VUs  30s        150.00 iters/s
step_00200 ✓ [ 100% ] 000/040 VUs  30s        200.00 iters/s
step_00250   [  53% ] 000/050 VUs  16.0s/30s  250.00 iters/s
step_00300 • [   0% ] waiting      0m14.0s   
step_00350 • [   0% ] waiting      0m44.0s   
step_00400 • [   0% ] waiting      1m14.0s   
step_00450 • [   0% ] waiting      1m44.0s   
step_00500 • [   0% ] waiting      2m14.0s   
step_00550 • [   0% ] waiting      2m44.0s   
step_00600 • [   0% ] waiting      3m14.0s   
step_00650 • [   0% ] waiting      3m44.0s   
step_00700 • [   0% ] waiting      4m14.0s   
step_00750 • [   0% ] waiting      4m44.0s   
step_00800 • [   0% ] waiting      5m14.0s   
step_00850 • [   0% ] waiting      5m44.0s   
step_00900 • [   0% ] waiting      6m14.0s   
step_00950 • [   0% ] waiting      6m44.0s   
step_01000 • [   0% ] waiting      7m14.0s   

running (02m16.9s), 0000/0390 VUs, 19245 complete and 0 interrupted iterations
step_00050 ✓ [ 100% ] 000/020 VUs  30s        50.00 iters/s
step_00100 ✓ [ 100% ] 000/020 VUs  30s        100.00 iters/s
step_00150 ✓ [ 100% ] 000/030 VUs  30s        150.00 iters/s
step_00200 ✓ [ 100% ] 000/040 VUs  30s        200.00 iters/s
step_00250   [  57% ] 000/050 VUs  17.0s/30s  250.00 iters/s
step_00300 • [   0% ] waiting      0m13.0s   
step_00350 • [   0% ] waiting      0m43.0s   
step_00400 • [   0% ] waiting      1m13.0s   
step_00450 • [   0% ] waiting      1m43.0s   
step_00500 • [   0% ] waiting      2m13.0s   
step_00550 • [   0% ] waiting      2m43.0s   
step_00600 • [   0% ] waiting      3m13.0s   
step_00650 • [   0% ] waiting      3m43.0s   
step_00700 • [   0% ] waiting      4m13.0s   
step_00750 • [   0% ] waiting      4m43.0s   
step_00800 • [   0% ] waiting      5m13.0s   
step_00850 • [   0% ] waiting      5m43.0s   
step_00900 • [   0% ] waiting      6m13.0s   
step_00950 • [   0% ] waiting      6m43.0s   
step_01000 • [   0% ] waiting      7m13.0s   

running (02m17.9s), 0000/0390 VUs, 19495 complete and 0 interrupted iterations
step_00050 ✓ [ 100% ] 000/020 VUs  30s        50.00 iters/s
step_00100 ✓ [ 100% ] 000/020 VUs  30s        100.00 iters/s
step_00150 ✓ [ 100% ] 000/030 VUs  30s        150.00 iters/s
step_00200 ✓ [ 100% ] 000/040 VUs  30s        200.00 iters/s
step_00250   [  60% ] 000/050 VUs  18.0s/30s  250.00 iters/s
step_00300 • [   0% ] waiting      0m12.0s   
step_00350 • [   0% ] waiting      0m42.0s   
step_00400 • [   0% ] waiting      1m12.0s   
step_00450 • [   0% ] waiting      1m42.0s   
step_00500 • [   0% ] waiting      2m12.0s   
step_00550 • [   0% ] waiting      2m42.0s   
step_00600 • [   0% ] waiting      3m12.0s   
step_00650 • [   0% ] waiting      3m42.0s   
step_00700 • [   0% ] waiting      4m12.0s   
step_00750 • [   0% ] waiting      4m42.0s   
step_00800 • [   0% ] waiting      5m12.0s   
step_00850 • [   0% ] waiting      5m42.0s   
step_00900 • [   0% ] waiting      6m12.0s   
step_00950 • [   0% ] waiting      6m42.0s   
step_01000 • [   0% ] waiting      7m12.0s   

running (02m18.9s), 0000/0390 VUs, 19745 complete and 0 interrupted iterations
step_00050 ✓ [ 100% ] 000/020 VUs  30s        50.00 iters/s
step_00100 ✓ [ 100% ] 000/020 VUs  30s        100.00 iters/s
step_00150 ✓ [ 100% ] 000/030 VUs  30s        150.00 iters/s
step_00200 ✓ [ 100% ] 000/040 VUs  30s        200.00 iters/s
step_00250   [  63% ] 000/050 VUs  19.0s/30s  250.00 iters/s
step_00300 • [   0% ] waiting      0m11.0s   
step_00350 • [   0% ] waiting      0m41.0s   
step_00400 • [   0% ] waiting      1m11.0s   
step_00450 • [   0% ] waiting      1m41.0s   
step_00500 • [   0% ] waiting      2m11.0s   
step_00550 • [   0% ] waiting      2m41.0s   
step_00600 • [   0% ] waiting      3m11.0s   
step_00650 • [   0% ] waiting      3m41.0s   
step_00700 • [   0% ] waiting      4m11.0s   
step_00750 • [   0% ] waiting      4m41.0s   
step_00800 • [   0% ] waiting      5m11.0s   
step_00850 • [   0% ] waiting      5m41.0s   
step_00900 • [   0% ] waiting      6m11.0s   
step_00950 • [   0% ] waiting      6m41.0s   
step_01000 • [   0% ] waiting      7m11.0s   

running (02m19.9s), 0000/0390 VUs, 19995 complete and 0 interrupted iterations
step_00050 ✓ [ 100% ] 000/020 VUs  30s        50.00 iters/s
step_00100 ✓ [ 100% ] 000/020 VUs  30s        100.00 iters/s
step_00150 ✓ [ 100% ] 000/030 VUs  30s        150.00 iters/s
step_00200 ✓ [ 100% ] 000/040 VUs  30s        200.00 iters/s
step_00250   [  67% ] 000/050 VUs  20.0s/30s  250.00 iters/s
step_00300 • [   0% ] waiting      0m10.0s   
step_00350 • [   0% ] waiting      0m40.0s   
step_00400 • [   0% ] waiting      1m10.0s   
step_00450 • [   0% ] waiting      1m40.0s   
step_00500 • [   0% ] waiting      2m10.0s   
step_00550 • [   0% ] waiting      2m40.0s   
step_00600 • [   0% ] waiting      3m10.0s   
step_00650 • [   0% ] waiting      3m40.0s   
step_00700 • [   0% ] waiting      4m10.0s   
step_00750 • [   0% ] waiting      4m40.0s   
step_00800 • [   0% ] waiting      5m10.0s   
step_00850 • [   0% ] waiting      5m40.0s   
step_00900 • [   0% ] waiting      6m10.0s   
step_00950 • [   0% ] waiting      6m40.0s   
step_01000 • [   0% ] waiting      7m10.0s   

running (02m20.9s), 0000/0390 VUs, 20245 complete and 0 interrupted iterations
step_00050 ✓ [ 100% ] 000/020 VUs  30s        50.00 iters/s
step_00100 ✓ [ 100% ] 000/020 VUs  30s        100.00 iters/s
step_00150 ✓ [ 100% ] 000/030 VUs  30s        150.00 iters/s
step_00200 ✓ [ 100% ] 000/040 VUs  30s        200.00 iters/s
step_00250   [  70% ] 000/050 VUs  21.0s/30s  250.00 iters/s
step_00300 • [   0% ] waiting      0m09.0s   
step_00350 • [   0% ] waiting      0m39.0s   
step_00400 • [   0% ] waiting      1m09.0s   
step_00450 • [   0% ] waiting      1m39.0s   
step_00500 • [   0% ] waiting      2m09.0s   
step_00550 • [   0% ] waiting      2m39.0s   
step_00600 • [   0% ] waiting      3m09.0s   
step_00650 • [   0% ] waiting      3m39.0s   
step_00700 • [   0% ] waiting      4m09.0s   
step_00750 • [   0% ] waiting      4m39.0s   
step_00800 • [   0% ] waiting      5m09.0s   
step_00850 • [   0% ] waiting      5m39.0s   
step_00900 • [   0% ] waiting      6m09.0s   
step_00950 • [   0% ] waiting      6m39.0s   
step_01000 • [   0% ] waiting      7m09.0s   

running (02m21.9s), 0000/0390 VUs, 20495 complete and 0 interrupted iterations
step_00050 ✓ [ 100% ] 000/020 VUs  30s        50.00 iters/s
step_00100 ✓ [ 100% ] 000/020 VUs  30s        100.00 iters/s
step_00150 ✓ [ 100% ] 000/030 VUs  30s        150.00 iters/s
step_00200 ✓ [ 100% ] 000/040 VUs  30s        200.00 iters/s
step_00250   [  73% ] 000/050 VUs  22.0s/30s  250.00 iters/s
step_00300 • [   0% ] waiting      0m08.0s   
step_00350 • [   0% ] waiting      0m38.0s   
step_00400 • [   0% ] waiting      1m08.0s   
step_00450 • [   0% ] waiting      1m38.0s   
step_00500 • [   0% ] waiting      2m08.0s   
step_00550 • [   0% ] waiting      2m38.0s   
step_00600 • [   0% ] waiting      3m08.0s   
step_00650 • [   0% ] waiting      3m38.0s   
step_00700 • [   0% ] waiting      4m08.0s   
step_00750 • [   0% ] waiting      4m38.0s   
step_00800 • [   0% ] waiting      5m08.0s   
step_00850 • [   0% ] waiting      5m38.0s   
step_00900 • [   0% ] waiting      6m08.0s   
step_00950 • [   0% ] waiting      6m38.0s   
step_01000 • [   0% ] waiting      7m08.0s   

running (02m22.9s), 0000/0390 VUs, 20745 complete and 0 interrupted iterations
step_00050 ✓ [ 100% ] 000/020 VUs  30s        50.00 iters/s
step_00100 ✓ [ 100% ] 000/020 VUs  30s        100.00 iters/s
step_00150 ✓ [ 100% ] 000/030 VUs  30s        150.00 iters/s
step_00200 ✓ [ 100% ] 000/040 VUs  30s        200.00 iters/s
step_00250   [  77% ] 000/050 VUs  23.0s/30s  250.00 iters/s
step_00300 • [   0% ] waiting      0m07.0s   
step_00350 • [   0% ] waiting      0m37.0s   
step_00400 • [   0% ] waiting      1m07.0s   
step_00450 • [   0% ] waiting      1m37.0s   
step_00500 • [   0% ] waiting      2m07.0s   
step_00550 • [   0% ] waiting      2m37.0s   
step_00600 • [   0% ] waiting      3m07.0s   
step_00650 • [   0% ] waiting      3m37.0s   
step_00700 • [   0% ] waiting      4m07.0s   
step_00750 • [   0% ] waiting      4m37.0s   
step_00800 • [   0% ] waiting      5m07.0s   
step_00850 • [   0% ] waiting      5m37.0s   
step_00900 • [   0% ] waiting      6m07.0s   
step_00950 • [   0% ] waiting      6m37.0s   
step_01000 • [   0% ] waiting      7m07.0s   

running (02m23.9s), 0000/0390 VUs, 20995 complete and 0 interrupted iterations
step_00050 ✓ [ 100% ] 000/020 VUs  30s        50.00 iters/s
step_00100 ✓ [ 100% ] 000/020 VUs  30s        100.00 iters/s
step_00150 ✓ [ 100% ] 000/030 VUs  30s        150.00 iters/s
step_00200 ✓ [ 100% ] 000/040 VUs  30s        200.00 iters/s
step_00250   [  80% ] 000/050 VUs  24.0s/30s  250.00 iters/s
step_00300 • [   0% ] waiting      0m06.0s   
step_00350 • [   0% ] waiting      0m36.0s   
step_00400 • [   0% ] waiting      1m06.0s   
step_00450 • [   0% ] waiting      1m36.0s   
step_00500 • [   0% ] waiting      2m06.0s   
step_00550 • [   0% ] waiting      2m36.0s   
step_00600 • [   0% ] waiting      3m06.0s   
step_00650 • [   0% ] waiting      3m36.0s   
step_00700 • [   0% ] waiting      4m06.0s   
step_00750 • [   0% ] waiting      4m36.0s   
step_00800 • [   0% ] waiting      5m06.0s   
step_00850 • [   0% ] waiting      5m36.0s   
step_00900 • [   0% ] waiting      6m06.0s   
step_00950 • [   0% ] waiting      6m36.0s   
step_01000 • [   0% ] waiting      7m06.0s   

running (02m24.9s), 0000/0390 VUs, 21245 complete and 0 interrupted iterations
step_00050 ✓ [ 100% ] 000/020 VUs  30s        50.00 iters/s
step_00100 ✓ [ 100% ] 000/020 VUs  30s        100.00 iters/s
step_00150 ✓ [ 100% ] 000/030 VUs  30s        150.00 iters/s
step_00200 ✓ [ 100% ] 000/040 VUs  30s        200.00 iters/s
step_00250   [  83% ] 000/050 VUs  25.0s/30s  250.00 iters/s
step_00300 • [   0% ] waiting      0m05.0s   
step_00350 • [   0% ] waiting      0m35.0s   
step_00400 • [   0% ] waiting      1m05.0s   
step_00450 • [   0% ] waiting      1m35.0s   
step_00500 • [   0% ] waiting      2m05.0s   
step_00550 • [   0% ] waiting      2m35.0s   
step_00600 • [   0% ] waiting      3m05.0s   
step_00650 • [   0% ] waiting      3m35.0s   
step_00700 • [   0% ] waiting      4m05.0s   
step_00750 • [   0% ] waiting      4m35.0s   
step_00800 • [   0% ] waiting      5m05.0s   
step_00850 • [   0% ] waiting      5m35.0s   
step_00900 • [   0% ] waiting      6m05.0s   
step_00950 • [   0% ] waiting      6m35.0s   
step_01000 • [   0% ] waiting      7m05.0s   

running (02m25.9s), 0000/0390 VUs, 21495 complete and 0 interrupted iterations
step_00050 ✓ [ 100% ] 000/020 VUs  30s        50.00 iters/s
step_00100 ✓ [ 100% ] 000/020 VUs  30s        100.00 iters/s
step_00150 ✓ [ 100% ] 000/030 VUs  30s        150.00 iters/s
step_00200 ✓ [ 100% ] 000/040 VUs  30s        200.00 iters/s
step_00250   [  87% ] 000/050 VUs  26.0s/30s  250.00 iters/s
step_00300 • [   0% ] waiting      0m04.0s   
step_00350 • [   0% ] waiting      0m34.0s   
step_00400 • [   0% ] waiting      1m04.0s   
step_00450 • [   0% ] waiting      1m34.0s   
step_00500 • [   0% ] waiting      2m04.0s   
step_00550 • [   0% ] waiting      2m34.0s   
step_00600 • [   0% ] waiting      3m04.0s   
step_00650 • [   0% ] waiting      3m34.0s   
step_00700 • [   0% ] waiting      4m04.0s   
step_00750 • [   0% ] waiting      4m34.0s   
step_00800 • [   0% ] waiting      5m04.0s   
step_00850 • [   0% ] waiting      5m34.0s   
step_00900 • [   0% ] waiting      6m04.0s   
step_00950 • [   0% ] waiting      6m34.0s   
step_01000 • [   0% ] waiting      7m04.0s   

running (02m26.9s), 0000/0390 VUs, 21745 complete and 0 interrupted iterations
step_00050 ✓ [ 100% ] 000/020 VUs  30s        50.00 iters/s
step_00100 ✓ [ 100% ] 000/020 VUs  30s        100.00 iters/s
step_00150 ✓ [ 100% ] 000/030 VUs  30s        150.00 iters/s
step_00200 ✓ [ 100% ] 000/040 VUs  30s        200.00 iters/s
step_00250   [  90% ] 000/050 VUs  27.0s/30s  250.00 iters/s
step_00300 • [   0% ] waiting      0m03.0s   
step_00350 • [   0% ] waiting      0m33.0s   
step_00400 • [   0% ] waiting      1m03.0s   
step_00450 • [   0% ] waiting      1m33.0s   
step_00500 • [   0% ] waiting      2m03.0s   
step_00550 • [   0% ] waiting      2m33.0s   
step_00600 • [   0% ] waiting      3m03.0s   
step_00650 • [   0% ] waiting      3m33.0s   
step_00700 • [   0% ] waiting      4m03.0s   
step_00750 • [   0% ] waiting      4m33.0s   
step_00800 • [   0% ] waiting      5m03.0s   
step_00850 • [   0% ] waiting      5m33.0s   
step_00900 • [   0% ] waiting      6m03.0s   
step_00950 • [   0% ] waiting      6m33.0s   
step_01000 • [   0% ] waiting      7m03.0s   

running (02m27.9s), 0000/0390 VUs, 21995 complete and 0 interrupted iterations
step_00050 ✓ [ 100% ] 000/020 VUs  30s        50.00 iters/s
step_00100 ✓ [ 100% ] 000/020 VUs  30s        100.00 iters/s
step_00150 ✓ [ 100% ] 000/030 VUs  30s        150.00 iters/s
step_00200 ✓ [ 100% ] 000/040 VUs  30s        200.00 iters/s
step_00250   [  93% ] 000/050 VUs  28.0s/30s  250.00 iters/s
step_00300 • [   0% ] waiting      0m02.0s   
step_00350 • [   0% ] waiting      0m32.0s   
step_00400 • [   0% ] waiting      1m02.0s   
step_00450 • [   0% ] waiting      1m32.0s   
step_00500 • [   0% ] waiting      2m02.0s   
step_00550 • [   0% ] waiting      2m32.0s   
step_00600 • [   0% ] waiting      3m02.0s   
step_00650 • [   0% ] waiting      3m32.0s   
step_00700 • [   0% ] waiting      4m02.0s   
step_00750 • [   0% ] waiting      4m32.0s   
step_00800 • [   0% ] waiting      5m02.0s   
step_00850 • [   0% ] waiting      5m32.0s   
step_00900 • [   0% ] waiting      6m02.0s   
step_00950 • [   0% ] waiting      6m32.0s   
step_01000 • [   0% ] waiting      7m02.0s   

running (02m28.9s), 0000/0390 VUs, 22245 complete and 0 interrupted iterations
step_00050 ✓ [ 100% ] 000/020 VUs  30s        50.00 iters/s
step_00100 ✓ [ 100% ] 000/020 VUs  30s        100.00 iters/s
step_00150 ✓ [ 100% ] 000/030 VUs  30s        150.00 iters/s
step_00200 ✓ [ 100% ] 000/040 VUs  30s        200.00 iters/s
step_00250   [  97% ] 000/050 VUs  29.0s/30s  250.00 iters/s
step_00300 • [   0% ] waiting      0m01.0s   
step_00350 • [   0% ] waiting      0m31.0s   
step_00400 • [   0% ] waiting      1m01.0s   
step_00450 • [   0% ] waiting      1m31.0s   
step_00500 • [   0% ] waiting      2m01.0s   
step_00550 • [   0% ] waiting      2m31.0s   
step_00600 • [   0% ] waiting      3m01.0s   
step_00650 • [   0% ] waiting      3m31.0s   
step_00700 • [   0% ] waiting      4m01.0s   
step_00750 • [   0% ] waiting      4m31.0s   
step_00800 • [   0% ] waiting      5m01.0s   
step_00850 • [   0% ] waiting      5m31.0s   
step_00900 • [   0% ] waiting      6m01.0s   
step_00950 • [   0% ] waiting      6m31.0s   
step_01000 • [   0% ] waiting      7m01.0s   

running (02m29.9s), 0000/0390 VUs, 22495 complete and 0 interrupted iterations
step_00050 ✓ [ 100% ] 000/020 VUs  30s        50.00 iters/s
step_00100 ✓ [ 100% ] 000/020 VUs  30s        100.00 iters/s
step_00150 ✓ [ 100% ] 000/030 VUs  30s        150.00 iters/s
step_00200 ✓ [ 100% ] 000/040 VUs  30s        200.00 iters/s
step_00250   [ 100% ] 000/050 VUs  30.0s/30s  250.00 iters/s
step_00300 • [   0% ] waiting      0m00.0s   
step_00350 • [   0% ] waiting      0m30.0s   
step_00400 • [   0% ] waiting      1m00.0s   
step_00450 • [   0% ] waiting      1m30.0s   
step_00500 • [   0% ] waiting      2m00.0s   
step_00550 • [   0% ] waiting      2m30.0s   
step_00600 • [   0% ] waiting      3m00.0s   
step_00650 • [   0% ] waiting      3m30.0s   
step_00700 • [   0% ] waiting      4m00.0s   
step_00750 • [   0% ] waiting      4m30.0s   
step_00800 • [   0% ] waiting      5m00.0s   
step_00850 • [   0% ] waiting      5m30.0s   
step_00900 • [   0% ] waiting      6m00.0s   
step_00950 • [   0% ] waiting      6m30.0s   
step_01000 • [   0% ] waiting      7m00.0s   

running (02m30.9s), 0000/0390 VUs, 22794 complete and 0 interrupted iterations
step_00050 ✓ [ 100% ] 000/020 VUs  30s        50.00 iters/s
step_00100 ✓ [ 100% ] 000/020 VUs  30s        100.00 iters/s
step_00150 ✓ [ 100% ] 000/030 VUs  30s        150.00 iters/s
step_00200 ✓ [ 100% ] 000/040 VUs  30s        200.00 iters/s
step_00250 ✓ [ 100% ] 000/050 VUs  30s        250.00 iters/s
step_00300   [   3% ] 000/060 VUs  01.0s/30s  300.00 iters/s
step_00350 • [   0% ] waiting      0m29.0s   
step_00400 • [   0% ] waiting      0m59.0s   
step_00450 • [   0% ] waiting      1m29.0s   
step_00500 • [   0% ] waiting      1m59.0s   
step_00550 • [   0% ] waiting      2m29.0s   
step_00600 • [   0% ] waiting      2m59.0s   
step_00650 • [   0% ] waiting      3m29.0s   
step_00700 • [   0% ] waiting      3m59.0s   
step_00750 • [   0% ] waiting      4m29.0s   
step_00800 • [   0% ] waiting      4m59.0s   
step_00850 • [   0% ] waiting      5m29.0s   
step_00900 • [   0% ] waiting      5m59.0s   
step_00950 • [   0% ] waiting      6m29.0s   
step_01000 • [   0% ] waiting      6m59.0s   

running (02m31.9s), 0000/0390 VUs, 23094 complete and 0 interrupted iterations
step_00050 ✓ [ 100% ] 000/020 VUs  30s        50.00 iters/s
step_00100 ✓ [ 100% ] 000/020 VUs  30s        100.00 iters/s
step_00150 ✓ [ 100% ] 000/030 VUs  30s        150.00 iters/s
step_00200 ✓ [ 100% ] 000/040 VUs  30s        200.00 iters/s
step_00250 ✓ [ 100% ] 000/050 VUs  30s        250.00 iters/s
step_00300   [   7% ] 000/060 VUs  02.0s/30s  300.00 iters/s
step_00350 • [   0% ] waiting      0m28.0s   
step_00400 • [   0% ] waiting      0m58.0s   
step_00450 • [   0% ] waiting      1m28.0s   
step_00500 • [   0% ] waiting      1m58.0s   
step_00550 • [   0% ] waiting      2m28.0s   
step_00600 • [   0% ] waiting      2m58.0s   
step_00650 • [   0% ] waiting      3m28.0s   
step_00700 • [   0% ] waiting      3m58.0s   
step_00750 • [   0% ] waiting      4m28.0s   
step_00800 • [   0% ] waiting      4m58.0s   
step_00850 • [   0% ] waiting      5m28.0s   
step_00900 • [   0% ] waiting      5m58.0s   
step_00950 • [   0% ] waiting      6m28.0s   
step_01000 • [   0% ] waiting      6m58.0s   

running (02m32.9s), 0000/0390 VUs, 23394 complete and 0 interrupted iterations
step_00050 ✓ [ 100% ] 000/020 VUs  30s        50.00 iters/s
step_00100 ✓ [ 100% ] 000/020 VUs  30s        100.00 iters/s
step_00150 ✓ [ 100% ] 000/030 VUs  30s        150.00 iters/s
step_00200 ✓ [ 100% ] 000/040 VUs  30s        200.00 iters/s
step_00250 ✓ [ 100% ] 000/050 VUs  30s        250.00 iters/s
step_00300   [  10% ] 000/060 VUs  03.0s/30s  300.00 iters/s
step_00350 • [   0% ] waiting      0m27.0s   
step_00400 • [   0% ] waiting      0m57.0s   
step_00450 • [   0% ] waiting      1m27.0s   
step_00500 • [   0% ] waiting      1m57.0s   
step_00550 • [   0% ] waiting      2m27.0s   
step_00600 • [   0% ] waiting      2m57.0s   
step_00650 • [   0% ] waiting      3m27.0s   
step_00700 • [   0% ] waiting      3m57.0s   
step_00750 • [   0% ] waiting      4m27.0s   
step_00800 • [   0% ] waiting      4m57.0s   
step_00850 • [   0% ] waiting      5m27.0s   
step_00900 • [   0% ] waiting      5m57.0s   
step_00950 • [   0% ] waiting      6m27.0s   
step_01000 • [   0% ] waiting      6m57.0s   

running (02m33.9s), 0000/0390 VUs, 23694 complete and 0 interrupted iterations
step_00050 ✓ [ 100% ] 000/020 VUs  30s        50.00 iters/s
step_00100 ✓ [ 100% ] 000/020 VUs  30s        100.00 iters/s
step_00150 ✓ [ 100% ] 000/030 VUs  30s        150.00 iters/s
step_00200 ✓ [ 100% ] 000/040 VUs  30s        200.00 iters/s
step_00250 ✓ [ 100% ] 000/050 VUs  30s        250.00 iters/s
step_00300   [  13% ] 000/060 VUs  04.0s/30s  300.00 iters/s
step_00350 • [   0% ] waiting      0m26.0s   
step_00400 • [   0% ] waiting      0m56.0s   
step_00450 • [   0% ] waiting      1m26.0s   
step_00500 • [   0% ] waiting      1m56.0s   
step_00550 • [   0% ] waiting      2m26.0s   
step_00600 • [   0% ] waiting      2m56.0s   
step_00650 • [   0% ] waiting      3m26.0s   
step_00700 • [   0% ] waiting      3m56.0s   
step_00750 • [   0% ] waiting      4m26.0s   
step_00800 • [   0% ] waiting      4m56.0s   
step_00850 • [   0% ] waiting      5m26.0s   
step_00900 • [   0% ] waiting      5m56.0s   
step_00950 • [   0% ] waiting      6m26.0s   
step_01000 • [   0% ] waiting      6m56.0s   

running (02m34.9s), 0000/0390 VUs, 23994 complete and 0 interrupted iterations
step_00050 ✓ [ 100% ] 000/020 VUs  30s        50.00 iters/s
step_00100 ✓ [ 100% ] 000/020 VUs  30s        100.00 iters/s
step_00150 ✓ [ 100% ] 000/030 VUs  30s        150.00 iters/s
step_00200 ✓ [ 100% ] 000/040 VUs  30s        200.00 iters/s
step_00250 ✓ [ 100% ] 000/050 VUs  30s        250.00 iters/s
step_00300   [  17% ] 000/060 VUs  05.0s/30s  300.00 iters/s
step_00350 • [   0% ] waiting      0m25.0s   
step_00400 • [   0% ] waiting      0m55.0s   
step_00450 • [   0% ] waiting      1m25.0s   
step_00500 • [   0% ] waiting      1m55.0s   
step_00550 • [   0% ] waiting      2m25.0s   
step_00600 • [   0% ] waiting      2m55.0s   
step_00650 • [   0% ] waiting      3m25.0s   
step_00700 • [   0% ] waiting      3m55.0s   
step_00750 • [   0% ] waiting      4m25.0s   
step_00800 • [   0% ] waiting      4m55.0s   
step_00850 • [   0% ] waiting      5m25.0s   
step_00900 • [   0% ] waiting      5m55.0s   
step_00950 • [   0% ] waiting      6m25.0s   
step_01000 • [   0% ] waiting      6m55.0s   

running (02m35.9s), 0001/0390 VUs, 24293 complete and 0 interrupted iterations
step_00050 ✓ [ 100% ] 000/020 VUs  30s        50.00 iters/s
step_00100 ✓ [ 100% ] 000/020 VUs  30s        100.00 iters/s
step_00150 ✓ [ 100% ] 000/030 VUs  30s        150.00 iters/s
step_00200 ✓ [ 100% ] 000/040 VUs  30s        200.00 iters/s
step_00250 ✓ [ 100% ] 000/050 VUs  30s        250.00 iters/s
step_00300   [  20% ] 001/060 VUs  06.0s/30s  300.00 iters/s
step_00350 • [   0% ] waiting      0m24.0s   
step_00400 • [   0% ] waiting      0m54.0s   
step_00450 • [   0% ] waiting      1m24.0s   
step_00500 • [   0% ] waiting      1m54.0s   
step_00550 • [   0% ] waiting      2m24.0s   
step_00600 • [   0% ] waiting      2m54.0s   
step_00650 • [   0% ] waiting      3m24.0s   
step_00700 • [   0% ] waiting      3m54.0s   
step_00750 • [   0% ] waiting      4m24.0s   
step_00800 • [   0% ] waiting      4m54.0s   
step_00850 • [   0% ] waiting      5m24.0s   
step_00900 • [   0% ] waiting      5m54.0s   
step_00950 • [   0% ] waiting      6m24.0s   
step_01000 • [   0% ] waiting      6m54.0s   

running (02m36.9s), 0000/0390 VUs, 24594 complete and 0 interrupted iterations
step_00050 ✓ [ 100% ] 000/020 VUs  30s        50.00 iters/s
step_00100 ✓ [ 100% ] 000/020 VUs  30s        100.00 iters/s
step_00150 ✓ [ 100% ] 000/030 VUs  30s        150.00 iters/s
step_00200 ✓ [ 100% ] 000/040 VUs  30s        200.00 iters/s
step_00250 ✓ [ 100% ] 000/050 VUs  30s        250.00 iters/s
step_00300   [  23% ] 000/060 VUs  07.0s/30s  300.00 iters/s
step_00350 • [   0% ] waiting      0m23.0s   
step_00400 • [   0% ] waiting      0m53.0s   
step_00450 • [   0% ] waiting      1m23.0s   
step_00500 • [   0% ] waiting      1m53.0s   
step_00550 • [   0% ] waiting      2m23.0s   
step_00600 • [   0% ] waiting      2m53.0s   
step_00650 • [   0% ] waiting      3m23.0s   
step_00700 • [   0% ] waiting      3m53.0s   
step_00750 • [   0% ] waiting      4m23.0s   
step_00800 • [   0% ] waiting      4m53.0s   
step_00850 • [   0% ] waiting      5m23.0s   
step_00900 • [   0% ] waiting      5m53.0s   
step_00950 • [   0% ] waiting      6m23.0s   
step_01000 • [   0% ] waiting      6m53.0s   

running (02m37.9s), 0000/0390 VUs, 24894 complete and 0 interrupted iterations
step_00050 ✓ [ 100% ] 000/020 VUs  30s        50.00 iters/s
step_00100 ✓ [ 100% ] 000/020 VUs  30s        100.00 iters/s
step_00150 ✓ [ 100% ] 000/030 VUs  30s        150.00 iters/s
step_00200 ✓ [ 100% ] 000/040 VUs  30s        200.00 iters/s
step_00250 ✓ [ 100% ] 000/050 VUs  30s        250.00 iters/s
step_00300   [  27% ] 000/060 VUs  08.0s/30s  300.00 iters/s
step_00350 • [   0% ] waiting      0m22.0s   
step_00400 • [   0% ] waiting      0m52.0s   
step_00450 • [   0% ] waiting      1m22.0s   
step_00500 • [   0% ] waiting      1m52.0s   
step_00550 • [   0% ] waiting      2m22.0s   
step_00600 • [   0% ] waiting      2m52.0s   
step_00650 • [   0% ] waiting      3m22.0s   
step_00700 • [   0% ] waiting      3m52.0s   
step_00750 • [   0% ] waiting      4m22.0s   
step_00800 • [   0% ] waiting      4m52.0s   
step_00850 • [   0% ] waiting      5m22.0s   
step_00900 • [   0% ] waiting      5m52.0s   
step_00950 • [   0% ] waiting      6m22.0s   
step_01000 • [   0% ] waiting      6m52.0s   

running (02m38.9s), 0000/0390 VUs, 25194 complete and 0 interrupted iterations
step_00050 ✓ [ 100% ] 000/020 VUs  30s        50.00 iters/s
step_00100 ✓ [ 100% ] 000/020 VUs  30s        100.00 iters/s
step_00150 ✓ [ 100% ] 000/030 VUs  30s        150.00 iters/s
step_00200 ✓ [ 100% ] 000/040 VUs  30s        200.00 iters/s
step_00250 ✓ [ 100% ] 000/050 VUs  30s        250.00 iters/s
step_00300   [  30% ] 000/060 VUs  09.0s/30s  300.00 iters/s
step_00350 • [   0% ] waiting      0m21.0s   
step_00400 • [   0% ] waiting      0m51.0s   
step_00450 • [   0% ] waiting      1m21.0s   
step_00500 • [   0% ] waiting      1m51.0s   
step_00550 • [   0% ] waiting      2m21.0s   
step_00600 • [   0% ] waiting      2m51.0s   
step_00650 • [   0% ] waiting      3m21.0s   
step_00700 • [   0% ] waiting      3m51.0s   
step_00750 • [   0% ] waiting      4m21.0s   
step_00800 • [   0% ] waiting      4m51.0s   
step_00850 • [   0% ] waiting      5m21.0s   
step_00900 • [   0% ] waiting      5m51.0s   
step_00950 • [   0% ] waiting      6m21.0s   
step_01000 • [   0% ] waiting      6m51.0s   

running (02m39.9s), 0000/0390 VUs, 25494 complete and 0 interrupted iterations
step_00050 ✓ [ 100% ] 000/020 VUs  30s        50.00 iters/s
step_00100 ✓ [ 100% ] 000/020 VUs  30s        100.00 iters/s
step_00150 ✓ [ 100% ] 000/030 VUs  30s        150.00 iters/s
step_00200 ✓ [ 100% ] 000/040 VUs  30s        200.00 iters/s
step_00250 ✓ [ 100% ] 000/050 VUs  30s        250.00 iters/s
step_00300   [  33% ] 000/060 VUs  10.0s/30s  300.00 iters/s
step_00350 • [   0% ] waiting      0m20.0s   
step_00400 • [   0% ] waiting      0m50.0s   
step_00450 • [   0% ] waiting      1m20.0s   
step_00500 • [   0% ] waiting      1m50.0s   
step_00550 • [   0% ] waiting      2m20.0s   
step_00600 • [   0% ] waiting      2m50.0s   
step_00650 • [   0% ] waiting      3m20.0s   
step_00700 • [   0% ] waiting      3m50.0s   
step_00750 • [   0% ] waiting      4m20.0s   
step_00800 • [   0% ] waiting      4m50.0s   
step_00850 • [   0% ] waiting      5m20.0s   
step_00900 • [   0% ] waiting      5m50.0s   
step_00950 • [   0% ] waiting      6m20.0s   
step_01000 • [   0% ] waiting      6m50.0s   

running (02m40.9s), 0000/0390 VUs, 25794 complete and 0 interrupted iterations
step_00050 ✓ [ 100% ] 000/020 VUs  30s        50.00 iters/s
step_00100 ✓ [ 100% ] 000/020 VUs  30s        100.00 iters/s
step_00150 ✓ [ 100% ] 000/030 VUs  30s        150.00 iters/s
step_00200 ✓ [ 100% ] 000/040 VUs  30s        200.00 iters/s
step_00250 ✓ [ 100% ] 000/050 VUs  30s        250.00 iters/s
step_00300   [  37% ] 000/060 VUs  11.0s/30s  300.00 iters/s
step_00350 • [   0% ] waiting      0m19.0s   
step_00400 • [   0% ] waiting      0m49.0s   
step_00450 • [   0% ] waiting      1m19.0s   
step_00500 • [   0% ] waiting      1m49.0s   
step_00550 • [   0% ] waiting      2m19.0s   
step_00600 • [   0% ] waiting      2m49.0s   
step_00650 • [   0% ] waiting      3m19.0s   
step_00700 • [   0% ] waiting      3m49.0s   
step_00750 • [   0% ] waiting      4m19.0s   
step_00800 • [   0% ] waiting      4m49.0s   
step_00850 • [   0% ] waiting      5m19.0s   
step_00900 • [   0% ] waiting      5m49.0s   
step_00950 • [   0% ] waiting      6m19.0s   
step_01000 • [   0% ] waiting      6m49.0s   

running (02m41.9s), 0000/0390 VUs, 26094 complete and 0 interrupted iterations
step_00050 ✓ [ 100% ] 000/020 VUs  30s        50.00 iters/s
step_00100 ✓ [ 100% ] 000/020 VUs  30s        100.00 iters/s
step_00150 ✓ [ 100% ] 000/030 VUs  30s        150.00 iters/s
step_00200 ✓ [ 100% ] 000/040 VUs  30s        200.00 iters/s
step_00250 ✓ [ 100% ] 000/050 VUs  30s        250.00 iters/s
step_00300   [  40% ] 000/060 VUs  12.0s/30s  300.00 iters/s
step_00350 • [   0% ] waiting      0m18.0s   
step_00400 • [   0% ] waiting      0m48.0s   
step_00450 • [   0% ] waiting      1m18.0s   
step_00500 • [   0% ] waiting      1m48.0s   
step_00550 • [   0% ] waiting      2m18.0s   
step_00600 • [   0% ] waiting      2m48.0s   
step_00650 • [   0% ] waiting      3m18.0s   
step_00700 • [   0% ] waiting      3m48.0s   
step_00750 • [   0% ] waiting      4m18.0s   
step_00800 • [   0% ] waiting      4m48.0s   
step_00850 • [   0% ] waiting      5m18.0s   
step_00900 • [   0% ] waiting      5m48.0s   
step_00950 • [   0% ] waiting      6m18.0s   
step_01000 • [   0% ] waiting      6m48.0s   

running (02m42.9s), 0000/0390 VUs, 26394 complete and 0 interrupted iterations
step_00050 ✓ [ 100% ] 000/020 VUs  30s        50.00 iters/s
step_00100 ✓ [ 100% ] 000/020 VUs  30s        100.00 iters/s
step_00150 ✓ [ 100% ] 000/030 VUs  30s        150.00 iters/s
step_00200 ✓ [ 100% ] 000/040 VUs  30s        200.00 iters/s
step_00250 ✓ [ 100% ] 000/050 VUs  30s        250.00 iters/s
step_00300   [  43% ] 000/060 VUs  13.0s/30s  300.00 iters/s
step_00350 • [   0% ] waiting      0m17.0s   
step_00400 • [   0% ] waiting      0m47.0s   
step_00450 • [   0% ] waiting      1m17.0s   
step_00500 • [   0% ] waiting      1m47.0s   
step_00550 • [   0% ] waiting      2m17.0s   
step_00600 • [   0% ] waiting      2m47.0s   
step_00650 • [   0% ] waiting      3m17.0s   
step_00700 • [   0% ] waiting      3m47.0s   
step_00750 • [   0% ] waiting      4m17.0s   
step_00800 • [   0% ] waiting      4m47.0s   
step_00850 • [   0% ] waiting      5m17.0s   
step_00900 • [   0% ] waiting      5m47.0s   
step_00950 • [   0% ] waiting      6m17.0s   
step_01000 • [   0% ] waiting      6m47.0s   

running (02m43.9s), 0000/0390 VUs, 26694 complete and 0 interrupted iterations
step_00050 ✓ [ 100% ] 000/020 VUs  30s        50.00 iters/s
step_00100 ✓ [ 100% ] 000/020 VUs  30s        100.00 iters/s
step_00150 ✓ [ 100% ] 000/030 VUs  30s        150.00 iters/s
step_00200 ✓ [ 100% ] 000/040 VUs  30s        200.00 iters/s
step_00250 ✓ [ 100% ] 000/050 VUs  30s        250.00 iters/s
step_00300   [  47% ] 000/060 VUs  14.0s/30s  300.00 iters/s
step_00350 • [   0% ] waiting      0m16.0s   
step_00400 • [   0% ] waiting      0m46.0s   
step_00450 • [   0% ] waiting      1m16.0s   
step_00500 • [   0% ] waiting      1m46.0s   
step_00550 • [   0% ] waiting      2m16.0s   
step_00600 • [   0% ] waiting      2m46.0s   
step_00650 • [   0% ] waiting      3m16.0s   
step_00700 • [   0% ] waiting      3m46.0s   
step_00750 • [   0% ] waiting      4m16.0s   
step_00800 • [   0% ] waiting      4m46.0s   
step_00850 • [   0% ] waiting      5m16.0s   
step_00900 • [   0% ] waiting      5m46.0s   
step_00950 • [   0% ] waiting      6m16.0s   
step_01000 • [   0% ] waiting      6m46.0s   

running (02m44.9s), 0000/0390 VUs, 26994 complete and 0 interrupted iterations
step_00050 ✓ [ 100% ] 000/020 VUs  30s        50.00 iters/s
step_00100 ✓ [ 100% ] 000/020 VUs  30s        100.00 iters/s
step_00150 ✓ [ 100% ] 000/030 VUs  30s        150.00 iters/s
step_00200 ✓ [ 100% ] 000/040 VUs  30s        200.00 iters/s
step_00250 ✓ [ 100% ] 000/050 VUs  30s        250.00 iters/s
step_00300   [  50% ] 000/060 VUs  15.0s/30s  300.00 iters/s
step_00350 • [   0% ] waiting      0m15.0s   
step_00400 • [   0% ] waiting      0m45.0s   
step_00450 • [   0% ] waiting      1m15.0s   
step_00500 • [   0% ] waiting      1m45.0s   
step_00550 • [   0% ] waiting      2m15.0s   
step_00600 • [   0% ] waiting      2m45.0s   
step_00650 • [   0% ] waiting      3m15.0s   
step_00700 • [   0% ] waiting      3m45.0s   
step_00750 • [   0% ] waiting      4m15.0s   
step_00800 • [   0% ] waiting      4m45.0s   
step_00850 • [   0% ] waiting      5m15.0s   
step_00900 • [   0% ] waiting      5m45.0s   
step_00950 • [   0% ] waiting      6m15.0s   
step_01000 • [   0% ] waiting      6m45.0s   

running (02m45.9s), 0000/0390 VUs, 27294 complete and 0 interrupted iterations
step_00050 ✓ [ 100% ] 000/020 VUs  30s        50.00 iters/s
step_00100 ✓ [ 100% ] 000/020 VUs  30s        100.00 iters/s
step_00150 ✓ [ 100% ] 000/030 VUs  30s        150.00 iters/s
step_00200 ✓ [ 100% ] 000/040 VUs  30s        200.00 iters/s
step_00250 ✓ [ 100% ] 000/050 VUs  30s        250.00 iters/s
step_00300   [  53% ] 000/060 VUs  16.0s/30s  300.00 iters/s
step_00350 • [   0% ] waiting      0m14.0s   
step_00400 • [   0% ] waiting      0m44.0s   
step_00450 • [   0% ] waiting      1m14.0s   
step_00500 • [   0% ] waiting      1m44.0s   
step_00550 • [   0% ] waiting      2m14.0s   
step_00600 • [   0% ] waiting      2m44.0s   
step_00650 • [   0% ] waiting      3m14.0s   
step_00700 • [   0% ] waiting      3m44.0s   
step_00750 • [   0% ] waiting      4m14.0s   
step_00800 • [   0% ] waiting      4m44.0s   
step_00850 • [   0% ] waiting      5m14.0s   
step_00900 • [   0% ] waiting      5m44.0s   
step_00950 • [   0% ] waiting      6m14.0s   
step_01000 • [   0% ] waiting      6m44.0s   

running (02m46.9s), 0000/0390 VUs, 27594 complete and 0 interrupted iterations
step_00050 ✓ [ 100% ] 000/020 VUs  30s        50.00 iters/s
step_00100 ✓ [ 100% ] 000/020 VUs  30s        100.00 iters/s
step_00150 ✓ [ 100% ] 000/030 VUs  30s        150.00 iters/s
step_00200 ✓ [ 100% ] 000/040 VUs  30s        200.00 iters/s
step_00250 ✓ [ 100% ] 000/050 VUs  30s        250.00 iters/s
step_00300   [  57% ] 000/060 VUs  17.0s/30s  300.00 iters/s
step_00350 • [   0% ] waiting      0m13.0s   
step_00400 • [   0% ] waiting      0m43.0s   
step_00450 • [   0% ] waiting      1m13.0s   
step_00500 • [   0% ] waiting      1m43.0s   
step_00550 • [   0% ] waiting      2m13.0s   
step_00600 • [   0% ] waiting      2m43.0s   
step_00650 • [   0% ] waiting      3m13.0s   
step_00700 • [   0% ] waiting      3m43.0s   
step_00750 • [   0% ] waiting      4m13.0s   
step_00800 • [   0% ] waiting      4m43.0s   
step_00850 • [   0% ] waiting      5m13.0s   
step_00900 • [   0% ] waiting      5m43.0s   
step_00950 • [   0% ] waiting      6m13.0s   
step_01000 • [   0% ] waiting      6m43.0s   

running (02m47.9s), 0000/0390 VUs, 27894 complete and 0 interrupted iterations
step_00050 ✓ [ 100% ] 000/020 VUs  30s        50.00 iters/s
step_00100 ✓ [ 100% ] 000/020 VUs  30s        100.00 iters/s
step_00150 ✓ [ 100% ] 000/030 VUs  30s        150.00 iters/s
step_00200 ✓ [ 100% ] 000/040 VUs  30s        200.00 iters/s
step_00250 ✓ [ 100% ] 000/050 VUs  30s        250.00 iters/s
step_00300   [  60% ] 000/060 VUs  18.0s/30s  300.00 iters/s
step_00350 • [   0% ] waiting      0m12.0s   
step_00400 • [   0% ] waiting      0m42.0s   
step_00450 • [   0% ] waiting      1m12.0s   
step_00500 • [   0% ] waiting      1m42.0s   
step_00550 • [   0% ] waiting      2m12.0s   
step_00600 • [   0% ] waiting      2m42.0s   
step_00650 • [   0% ] waiting      3m12.0s   
step_00700 • [   0% ] waiting      3m42.0s   
step_00750 • [   0% ] waiting      4m12.0s   
step_00800 • [   0% ] waiting      4m42.0s   
step_00850 • [   0% ] waiting      5m12.0s   
step_00900 • [   0% ] waiting      5m42.0s   
step_00950 • [   0% ] waiting      6m12.0s   
step_01000 • [   0% ] waiting      6m42.0s   

running (02m48.9s), 0000/0390 VUs, 28194 complete and 0 interrupted iterations
step_00050 ✓ [ 100% ] 000/020 VUs  30s        50.00 iters/s
step_00100 ✓ [ 100% ] 000/020 VUs  30s        100.00 iters/s
step_00150 ✓ [ 100% ] 000/030 VUs  30s        150.00 iters/s
step_00200 ✓ [ 100% ] 000/040 VUs  30s        200.00 iters/s
step_00250 ✓ [ 100% ] 000/050 VUs  30s        250.00 iters/s
step_00300   [  63% ] 000/060 VUs  19.0s/30s  300.00 iters/s
step_00350 • [   0% ] waiting      0m11.0s   
step_00400 • [   0% ] waiting      0m41.0s   
step_00450 • [   0% ] waiting      1m11.0s   
step_00500 • [   0% ] waiting      1m41.0s   
step_00550 • [   0% ] waiting      2m11.0s   
step_00600 • [   0% ] waiting      2m41.0s   
step_00650 • [   0% ] waiting      3m11.0s   
step_00700 • [   0% ] waiting      3m41.0s   
step_00750 • [   0% ] waiting      4m11.0s   
step_00800 • [   0% ] waiting      4m41.0s   
step_00850 • [   0% ] waiting      5m11.0s   
step_00900 • [   0% ] waiting      5m41.0s   
step_00950 • [   0% ] waiting      6m11.0s   
step_01000 • [   0% ] waiting      6m41.0s   

running (02m49.9s), 0000/0390 VUs, 28494 complete and 0 interrupted iterations
step_00050 ✓ [ 100% ] 000/020 VUs  30s        50.00 iters/s
step_00100 ✓ [ 100% ] 000/020 VUs  30s        100.00 iters/s
step_00150 ✓ [ 100% ] 000/030 VUs  30s        150.00 iters/s
step_00200 ✓ [ 100% ] 000/040 VUs  30s        200.00 iters/s
step_00250 ✓ [ 100% ] 000/050 VUs  30s        250.00 iters/s
step_00300   [  67% ] 000/060 VUs  20.0s/30s  300.00 iters/s
step_00350 • [   0% ] waiting      0m10.0s   
step_00400 • [   0% ] waiting      0m40.0s   
step_00450 • [   0% ] waiting      1m10.0s   
step_00500 • [   0% ] waiting      1m40.0s   
step_00550 • [   0% ] waiting      2m10.0s   
step_00600 • [   0% ] waiting      2m40.0s   
step_00650 • [   0% ] waiting      3m10.0s   
step_00700 • [   0% ] waiting      3m40.0s   
step_00750 • [   0% ] waiting      4m10.0s   
step_00800 • [   0% ] waiting      4m40.0s   
step_00850 • [   0% ] waiting      5m10.0s   
step_00900 • [   0% ] waiting      5m40.0s   
step_00950 • [   0% ] waiting      6m10.0s   
step_01000 • [   0% ] waiting      6m40.0s   

running (02m50.9s), 0000/0390 VUs, 28794 complete and 0 interrupted iterations
step_00050 ✓ [ 100% ] 000/020 VUs  30s        50.00 iters/s
step_00100 ✓ [ 100% ] 000/020 VUs  30s        100.00 iters/s
step_00150 ✓ [ 100% ] 000/030 VUs  30s        150.00 iters/s
step_00200 ✓ [ 100% ] 000/040 VUs  30s        200.00 iters/s
step_00250 ✓ [ 100% ] 000/050 VUs  30s        250.00 iters/s
step_00300   [  70% ] 000/060 VUs  21.0s/30s  300.00 iters/s
step_00350 • [   0% ] waiting      0m09.0s   
step_00400 • [   0% ] waiting      0m39.0s   
step_00450 • [   0% ] waiting      1m09.0s   
step_00500 • [   0% ] waiting      1m39.0s   
step_00550 • [   0% ] waiting      2m09.0s   
step_00600 • [   0% ] waiting      2m39.0s   
step_00650 • [   0% ] waiting      3m09.0s   
step_00700 • [   0% ] waiting      3m39.0s   
step_00750 • [   0% ] waiting      4m09.0s   
step_00800 • [   0% ] waiting      4m39.0s   
step_00850 • [   0% ] waiting      5m09.0s   
step_00900 • [   0% ] waiting      5m39.0s   
step_00950 • [   0% ] waiting      6m09.0s   
step_01000 • [   0% ] waiting      6m39.0s   

running (02m51.9s), 0000/0390 VUs, 29094 complete and 0 interrupted iterations
step_00050 ✓ [ 100% ] 000/020 VUs  30s        50.00 iters/s
step_00100 ✓ [ 100% ] 000/020 VUs  30s        100.00 iters/s
step_00150 ✓ [ 100% ] 000/030 VUs  30s        150.00 iters/s
step_00200 ✓ [ 100% ] 000/040 VUs  30s        200.00 iters/s
step_00250 ✓ [ 100% ] 000/050 VUs  30s        250.00 iters/s
step_00300   [  73% ] 000/060 VUs  22.0s/30s  300.00 iters/s
step_00350 • [   0% ] waiting      0m08.0s   
step_00400 • [   0% ] waiting      0m38.0s   
step_00450 • [   0% ] waiting      1m08.0s   
step_00500 • [   0% ] waiting      1m38.0s   
step_00550 • [   0% ] waiting      2m08.0s   
step_00600 • [   0% ] waiting      2m38.0s   
step_00650 • [   0% ] waiting      3m08.0s   
step_00700 • [   0% ] waiting      3m38.0s   
step_00750 • [   0% ] waiting      4m08.0s   
step_00800 • [   0% ] waiting      4m38.0s   
step_00850 • [   0% ] waiting      5m08.0s   
step_00900 • [   0% ] waiting      5m38.0s   
step_00950 • [   0% ] waiting      6m08.0s   
step_01000 • [   0% ] waiting      6m38.0s   

running (02m52.9s), 0000/0390 VUs, 29394 complete and 0 interrupted iterations
step_00050 ✓ [ 100% ] 000/020 VUs  30s        50.00 iters/s
step_00100 ✓ [ 100% ] 000/020 VUs  30s        100.00 iters/s
step_00150 ✓ [ 100% ] 000/030 VUs  30s        150.00 iters/s
step_00200 ✓ [ 100% ] 000/040 VUs  30s        200.00 iters/s
step_00250 ✓ [ 100% ] 000/050 VUs  30s        250.00 iters/s
step_00300   [  77% ] 000/060 VUs  23.0s/30s  300.00 iters/s
step_00350 • [   0% ] waiting      0m07.0s   
step_00400 • [   0% ] waiting      0m37.0s   
step_00450 • [   0% ] waiting      1m07.0s   
step_00500 • [   0% ] waiting      1m37.0s   
step_00550 • [   0% ] waiting      2m07.0s   
step_00600 • [   0% ] waiting      2m37.0s   
step_00650 • [   0% ] waiting      3m07.0s   
step_00700 • [   0% ] waiting      3m37.0s   
step_00750 • [   0% ] waiting      4m07.0s   
step_00800 • [   0% ] waiting      4m37.0s   
step_00850 • [   0% ] waiting      5m07.0s   
step_00900 • [   0% ] waiting      5m37.0s   
step_00950 • [   0% ] waiting      6m07.0s   
step_01000 • [   0% ] waiting      6m37.0s   

running (02m53.9s), 0000/0390 VUs, 29694 complete and 0 interrupted iterations
step_00050 ✓ [ 100% ] 000/020 VUs  30s        50.00 iters/s
step_00100 ✓ [ 100% ] 000/020 VUs  30s        100.00 iters/s
step_00150 ✓ [ 100% ] 000/030 VUs  30s        150.00 iters/s
step_00200 ✓ [ 100% ] 000/040 VUs  30s        200.00 iters/s
step_00250 ✓ [ 100% ] 000/050 VUs  30s        250.00 iters/s
step_00300   [  80% ] 000/060 VUs  24.0s/30s  300.00 iters/s
step_00350 • [   0% ] waiting      0m06.0s   
step_00400 • [   0% ] waiting      0m36.0s   
step_00450 • [   0% ] waiting      1m06.0s   
step_00500 • [   0% ] waiting      1m36.0s   
step_00550 • [   0% ] waiting      2m06.0s   
step_00600 • [   0% ] waiting      2m36.0s   
step_00650 • [   0% ] waiting      3m06.0s   
step_00700 • [   0% ] waiting      3m36.0s   
step_00750 • [   0% ] waiting      4m06.0s   
step_00800 • [   0% ] waiting      4m36.0s   
step_00850 • [   0% ] waiting      5m06.0s   
step_00900 • [   0% ] waiting      5m36.0s   
step_00950 • [   0% ] waiting      6m06.0s   
step_01000 • [   0% ] waiting      6m36.0s   

running (02m54.9s), 0000/0390 VUs, 29994 complete and 0 interrupted iterations
step_00050 ✓ [ 100% ] 000/020 VUs  30s        50.00 iters/s
step_00100 ✓ [ 100% ] 000/020 VUs  30s        100.00 iters/s
step_00150 ✓ [ 100% ] 000/030 VUs  30s        150.00 iters/s
step_00200 ✓ [ 100% ] 000/040 VUs  30s        200.00 iters/s
step_00250 ✓ [ 100% ] 000/050 VUs  30s        250.00 iters/s
step_00300   [  83% ] 000/060 VUs  25.0s/30s  300.00 iters/s
step_00350 • [   0% ] waiting      0m05.0s   
step_00400 • [   0% ] waiting      0m35.0s   
step_00450 • [   0% ] waiting      1m05.0s   
step_00500 • [   0% ] waiting      1m35.0s   
step_00550 • [   0% ] waiting      2m05.0s   
step_00600 • [   0% ] waiting      2m35.0s   
step_00650 • [   0% ] waiting      3m05.0s   
step_00700 • [   0% ] waiting      3m35.0s   
step_00750 • [   0% ] waiting      4m05.0s   
step_00800 • [   0% ] waiting      4m35.0s   
step_00850 • [   0% ] waiting      5m05.0s   
step_00900 • [   0% ] waiting      5m35.0s   
step_00950 • [   0% ] waiting      6m05.0s   
step_01000 • [   0% ] waiting      6m35.0s   

running (02m55.9s), 0000/0390 VUs, 30294 complete and 0 interrupted iterations
step_00050 ✓ [ 100% ] 000/020 VUs  30s        50.00 iters/s
step_00100 ✓ [ 100% ] 000/020 VUs  30s        100.00 iters/s
step_00150 ✓ [ 100% ] 000/030 VUs  30s        150.00 iters/s
step_00200 ✓ [ 100% ] 000/040 VUs  30s        200.00 iters/s
step_00250 ✓ [ 100% ] 000/050 VUs  30s        250.00 iters/s
step_00300   [  87% ] 000/060 VUs  26.0s/30s  300.00 iters/s
step_00350 • [   0% ] waiting      0m04.0s   
step_00400 • [   0% ] waiting      0m34.0s   
step_00450 • [   0% ] waiting      1m04.0s   
step_00500 • [   0% ] waiting      1m34.0s   
step_00550 • [   0% ] waiting      2m04.0s   
step_00600 • [   0% ] waiting      2m34.0s   
step_00650 • [   0% ] waiting      3m04.0s   
step_00700 • [   0% ] waiting      3m34.0s   
step_00750 • [   0% ] waiting      4m04.0s   
step_00800 • [   0% ] waiting      4m34.0s   
step_00850 • [   0% ] waiting      5m04.0s   
step_00900 • [   0% ] waiting      5m34.0s   
step_00950 • [   0% ] waiting      6m04.0s   
step_01000 • [   0% ] waiting      6m34.0s   

running (02m56.9s), 0000/0390 VUs, 30594 complete and 0 interrupted iterations
step_00050 ✓ [ 100% ] 000/020 VUs  30s        50.00 iters/s
step_00100 ✓ [ 100% ] 000/020 VUs  30s        100.00 iters/s
step_00150 ✓ [ 100% ] 000/030 VUs  30s        150.00 iters/s
step_00200 ✓ [ 100% ] 000/040 VUs  30s        200.00 iters/s
step_00250 ✓ [ 100% ] 000/050 VUs  30s        250.00 iters/s
step_00300   [  90% ] 000/060 VUs  27.0s/30s  300.00 iters/s
step_00350 • [   0% ] waiting      0m03.0s   
step_00400 • [   0% ] waiting      0m33.0s   
step_00450 • [   0% ] waiting      1m03.0s   
step_00500 • [   0% ] waiting      1m33.0s   
step_00550 • [   0% ] waiting      2m03.0s   
step_00600 • [   0% ] waiting      2m33.0s   
step_00650 • [   0% ] waiting      3m03.0s   
step_00700 • [   0% ] waiting      3m33.0s   
step_00750 • [   0% ] waiting      4m03.0s   
step_00800 • [   0% ] waiting      4m33.0s   
step_00850 • [   0% ] waiting      5m03.0s   
step_00900 • [   0% ] waiting      5m33.0s   
step_00950 • [   0% ] waiting      6m03.0s   
step_01000 • [   0% ] waiting      6m33.0s   

running (02m57.9s), 0000/0390 VUs, 30894 complete and 0 interrupted iterations
step_00050 ✓ [ 100% ] 000/020 VUs  30s        50.00 iters/s
step_00100 ✓ [ 100% ] 000/020 VUs  30s        100.00 iters/s
step_00150 ✓ [ 100% ] 000/030 VUs  30s        150.00 iters/s
step_00200 ✓ [ 100% ] 000/040 VUs  30s        200.00 iters/s
step_00250 ✓ [ 100% ] 000/050 VUs  30s        250.00 iters/s
step_00300   [  93% ] 000/060 VUs  28.0s/30s  300.00 iters/s
step_00350 • [   0% ] waiting      0m02.0s   
step_00400 • [   0% ] waiting      0m32.0s   
step_00450 • [   0% ] waiting      1m02.0s   
step_00500 • [   0% ] waiting      1m32.0s   
step_00550 • [   0% ] waiting      2m02.0s   
step_00600 • [   0% ] waiting      2m32.0s   
step_00650 • [   0% ] waiting      3m02.0s   
step_00700 • [   0% ] waiting      3m32.0s   
step_00750 • [   0% ] waiting      4m02.0s   
step_00800 • [   0% ] waiting      4m32.0s   
step_00850 • [   0% ] waiting      5m02.0s   
step_00900 • [   0% ] waiting      5m32.0s   
step_00950 • [   0% ] waiting      6m02.0s   
step_01000 • [   0% ] waiting      6m32.0s   

running (02m58.9s), 0000/0390 VUs, 31194 complete and 0 interrupted iterations
step_00050 ✓ [ 100% ] 000/020 VUs  30s        50.00 iters/s
step_00100 ✓ [ 100% ] 000/020 VUs  30s        100.00 iters/s
step_00150 ✓ [ 100% ] 000/030 VUs  30s        150.00 iters/s
step_00200 ✓ [ 100% ] 000/040 VUs  30s        200.00 iters/s
step_00250 ✓ [ 100% ] 000/050 VUs  30s        250.00 iters/s
step_00300   [  97% ] 000/060 VUs  29.0s/30s  300.00 iters/s
step_00350 • [   0% ] waiting      0m01.0s   
step_00400 • [   0% ] waiting      0m31.0s   
step_00450 • [   0% ] waiting      1m01.0s   
step_00500 • [   0% ] waiting      1m31.0s   
step_00550 • [   0% ] waiting      2m01.0s   
step_00600 • [   0% ] waiting      2m31.0s   
step_00650 • [   0% ] waiting      3m01.0s   
step_00700 • [   0% ] waiting      3m31.0s   
step_00750 • [   0% ] waiting      4m01.0s   
step_00800 • [   0% ] waiting      4m31.0s   
step_00850 • [   0% ] waiting      5m01.0s   
step_00900 • [   0% ] waiting      5m31.0s   
step_00950 • [   0% ] waiting      6m01.0s   
step_01000 • [   0% ] waiting      6m31.0s   

running (02m59.9s), 0000/0390 VUs, 31494 complete and 0 interrupted iterations
step_00050 ✓ [ 100% ] 000/020 VUs  30s        50.00 iters/s
step_00100 ✓ [ 100% ] 000/020 VUs  30s        100.00 iters/s
step_00150 ✓ [ 100% ] 000/030 VUs  30s        150.00 iters/s
step_00200 ✓ [ 100% ] 000/040 VUs  30s        200.00 iters/s
step_00250 ✓ [ 100% ] 000/050 VUs  30s        250.00 iters/s
step_00300   [ 100% ] 000/060 VUs  30.0s/30s  300.00 iters/s
step_00350 • [   0% ] waiting      0m00.0s   
step_00400 • [   0% ] waiting      0m30.0s   
step_00450 • [   0% ] waiting      1m00.0s   
step_00500 • [   0% ] waiting      1m30.0s   
step_00550 • [   0% ] waiting      2m00.0s   
step_00600 • [   0% ] waiting      2m30.0s   
step_00650 • [   0% ] waiting      3m00.0s   
step_00700 • [   0% ] waiting      3m30.0s   
step_00750 • [   0% ] waiting      4m00.0s   
step_00800 • [   0% ] waiting      4m30.0s   
step_00850 • [   0% ] waiting      5m00.0s   
step_00900 • [   0% ] waiting      5m30.0s   
step_00950 • [   0% ] waiting      6m00.0s   
step_01000 • [   0% ] waiting      6m30.0s   

running (03m00.9s), 0001/0390 VUs, 31842 complete and 0 interrupted iterations
step_00050 ✓ [ 100% ] 000/020 VUs    30s        50.00 iters/s
step_00100 ✓ [ 100% ] 000/020 VUs    30s        100.00 iters/s
step_00150 ✓ [ 100% ] 000/030 VUs    30s        150.00 iters/s
step_00200 ✓ [ 100% ] 000/040 VUs    30s        200.00 iters/s
step_00250 ✓ [ 100% ] 000/050 VUs    30s        250.00 iters/s
step_00300 ✓ [ 100% ] 000/060 VUs    30s        300.00 iters/s
step_00350   [   3% ] 0001/0070 VUs  01.0s/30s  350.00 iters/s
step_00400 • [   0% ] waiting        0m29.0s   
step_00450 • [   0% ] waiting        0m59.0s   
step_00500 • [   0% ] waiting        1m29.0s   
step_00550 • [   0% ] waiting        1m59.0s   
step_00600 • [   0% ] waiting        2m29.0s   
step_00650 • [   0% ] waiting        2m59.0s   
step_00700 • [   0% ] waiting        3m29.0s   
step_00750 • [   0% ] waiting        3m59.0s   
step_00800 • [   0% ] waiting        4m29.0s   
step_00850 • [   0% ] waiting        4m59.0s   
step_00900 • [   0% ] waiting        5m29.0s   
step_00950 • [   0% ] waiting        5m59.0s   
step_01000 • [   0% ] waiting        6m29.0s   

running (03m01.9s), 0000/0390 VUs, 32192 complete and 0 interrupted iterations
step_00050 ✓ [ 100% ] 000/020 VUs    30s        50.00 iters/s
step_00100 ✓ [ 100% ] 000/020 VUs    30s        100.00 iters/s
step_00150 ✓ [ 100% ] 000/030 VUs    30s        150.00 iters/s
step_00200 ✓ [ 100% ] 000/040 VUs    30s        200.00 iters/s
step_00250 ✓ [ 100% ] 000/050 VUs    30s        250.00 iters/s
step_00300 ✓ [ 100% ] 000/060 VUs    30s        300.00 iters/s
step_00350   [   7% ] 0000/0070 VUs  02.0s/30s  350.00 iters/s
step_00400 • [   0% ] waiting        0m28.0s   
step_00450 • [   0% ] waiting        0m58.0s   
step_00500 • [   0% ] waiting        1m28.0s   
step_00550 • [   0% ] waiting        1m58.0s   
step_00600 • [   0% ] waiting        2m28.0s   
step_00650 • [   0% ] waiting        2m58.0s   
step_00700 • [   0% ] waiting        3m28.0s   
step_00750 • [   0% ] waiting        3m58.0s   
step_00800 • [   0% ] waiting        4m28.0s   
step_00850 • [   0% ] waiting        4m58.0s   
step_00900 • [   0% ] waiting        5m28.0s   
step_00950 • [   0% ] waiting        5m58.0s   
step_01000 • [   0% ] waiting        6m28.0s   

running (03m02.9s), 0001/0390 VUs, 32542 complete and 0 interrupted iterations
step_00050 ✓ [ 100% ] 000/020 VUs    30s        50.00 iters/s
step_00100 ✓ [ 100% ] 000/020 VUs    30s        100.00 iters/s
step_00150 ✓ [ 100% ] 000/030 VUs    30s        150.00 iters/s
step_00200 ✓ [ 100% ] 000/040 VUs    30s        200.00 iters/s
step_00250 ✓ [ 100% ] 000/050 VUs    30s        250.00 iters/s
step_00300 ✓ [ 100% ] 000/060 VUs    30s        300.00 iters/s
step_00350   [  10% ] 0001/0070 VUs  03.0s/30s  350.00 iters/s
step_00400 • [   0% ] waiting        0m27.0s   
step_00450 • [   0% ] waiting        0m57.0s   
step_00500 • [   0% ] waiting        1m27.0s   
step_00550 • [   0% ] waiting        1m57.0s   
step_00600 • [   0% ] waiting        2m27.0s   
step_00650 • [   0% ] waiting        2m57.0s   
step_00700 • [   0% ] waiting        3m27.0s   
step_00750 • [   0% ] waiting        3m57.0s   
step_00800 • [   0% ] waiting        4m27.0s   
step_00850 • [   0% ] waiting        4m57.0s   
step_00900 • [   0% ] waiting        5m27.0s   
step_00950 • [   0% ] waiting        5m57.0s   
step_01000 • [   0% ] waiting        6m27.0s   

running (03m03.9s), 0001/0390 VUs, 32892 complete and 0 interrupted iterations
step_00050 ✓ [ 100% ] 000/020 VUs    30s        50.00 iters/s
step_00100 ✓ [ 100% ] 000/020 VUs    30s        100.00 iters/s
step_00150 ✓ [ 100% ] 000/030 VUs    30s        150.00 iters/s
step_00200 ✓ [ 100% ] 000/040 VUs    30s        200.00 iters/s
step_00250 ✓ [ 100% ] 000/050 VUs    30s        250.00 iters/s
step_00300 ✓ [ 100% ] 000/060 VUs    30s        300.00 iters/s
step_00350   [  13% ] 0001/0070 VUs  04.0s/30s  350.00 iters/s
step_00400 • [   0% ] waiting        0m26.0s   
step_00450 • [   0% ] waiting        0m56.0s   
step_00500 • [   0% ] waiting        1m26.0s   
step_00550 • [   0% ] waiting        1m56.0s   
step_00600 • [   0% ] waiting        2m26.0s   
step_00650 • [   0% ] waiting        2m56.0s   
step_00700 • [   0% ] waiting        3m26.0s   
step_00750 • [   0% ] waiting        3m56.0s   
step_00800 • [   0% ] waiting        4m26.0s   
step_00850 • [   0% ] waiting        4m56.0s   
step_00900 • [   0% ] waiting        5m26.0s   
step_00950 • [   0% ] waiting        5m56.0s   
step_01000 • [   0% ] waiting        6m26.0s   

running (03m04.9s), 0000/0390 VUs, 33242 complete and 0 interrupted iterations
step_00050 ✓ [ 100% ] 000/020 VUs    30s        50.00 iters/s
step_00100 ✓ [ 100% ] 000/020 VUs    30s        100.00 iters/s
step_00150 ✓ [ 100% ] 000/030 VUs    30s        150.00 iters/s
step_00200 ✓ [ 100% ] 000/040 VUs    30s        200.00 iters/s
step_00250 ✓ [ 100% ] 000/050 VUs    30s        250.00 iters/s
step_00300 ✓ [ 100% ] 000/060 VUs    30s        300.00 iters/s
step_00350   [  17% ] 0000/0070 VUs  05.0s/30s  350.00 iters/s
step_00400 • [   0% ] waiting        0m25.0s   
step_00450 • [   0% ] waiting        0m55.0s   
step_00500 • [   0% ] waiting        1m25.0s   
step_00550 • [   0% ] waiting        1m55.0s   
step_00600 • [   0% ] waiting        2m25.0s   
step_00650 • [   0% ] waiting        2m55.0s   
step_00700 • [   0% ] waiting        3m25.0s   
step_00750 • [   0% ] waiting        3m55.0s   
step_00800 • [   0% ] waiting        4m25.0s   
step_00850 • [   0% ] waiting        4m55.0s   
step_00900 • [   0% ] waiting        5m25.0s   
step_00950 • [   0% ] waiting        5m55.0s   
step_01000 • [   0% ] waiting        6m25.0s   

running (03m05.9s), 0001/0390 VUs, 33592 complete and 0 interrupted iterations
step_00050 ✓ [ 100% ] 000/020 VUs    30s        50.00 iters/s
step_00100 ✓ [ 100% ] 000/020 VUs    30s        100.00 iters/s
step_00150 ✓ [ 100% ] 000/030 VUs    30s        150.00 iters/s
step_00200 ✓ [ 100% ] 000/040 VUs    30s        200.00 iters/s
step_00250 ✓ [ 100% ] 000/050 VUs    30s        250.00 iters/s
step_00300 ✓ [ 100% ] 000/060 VUs    30s        300.00 iters/s
step_00350   [  20% ] 0001/0070 VUs  06.0s/30s  350.00 iters/s
step_00400 • [   0% ] waiting        0m24.0s   
step_00450 • [   0% ] waiting        0m54.0s   
step_00500 • [   0% ] waiting        1m24.0s   
step_00550 • [   0% ] waiting        1m54.0s   
step_00600 • [   0% ] waiting        2m24.0s   
step_00650 • [   0% ] waiting        2m54.0s   
step_00700 • [   0% ] waiting        3m24.0s   
step_00750 • [   0% ] waiting        3m54.0s   
step_00800 • [   0% ] waiting        4m24.0s   
step_00850 • [   0% ] waiting        4m54.0s   
step_00900 • [   0% ] waiting        5m24.0s   
step_00950 • [   0% ] waiting        5m54.0s   
step_01000 • [   0% ] waiting        6m24.0s   

running (03m06.9s), 0000/0390 VUs, 33942 complete and 0 interrupted iterations
step_00050 ✓ [ 100% ] 000/020 VUs    30s        50.00 iters/s
step_00100 ✓ [ 100% ] 000/020 VUs    30s        100.00 iters/s
step_00150 ✓ [ 100% ] 000/030 VUs    30s        150.00 iters/s
step_00200 ✓ [ 100% ] 000/040 VUs    30s        200.00 iters/s
step_00250 ✓ [ 100% ] 000/050 VUs    30s        250.00 iters/s
step_00300 ✓ [ 100% ] 000/060 VUs    30s        300.00 iters/s
step_00350   [  23% ] 0000/0070 VUs  07.0s/30s  350.00 iters/s
step_00400 • [   0% ] waiting        0m23.0s   
step_00450 • [   0% ] waiting        0m53.0s   
step_00500 • [   0% ] waiting        1m23.0s   
step_00550 • [   0% ] waiting        1m53.0s   
step_00600 • [   0% ] waiting        2m23.0s   
step_00650 • [   0% ] waiting        2m53.0s   
step_00700 • [   0% ] waiting        3m23.0s   
step_00750 • [   0% ] waiting        3m53.0s   
step_00800 • [   0% ] waiting        4m23.0s   
step_00850 • [   0% ] waiting        4m53.0s   
step_00900 • [   0% ] waiting        5m23.0s   
step_00950 • [   0% ] waiting        5m53.0s   
step_01000 • [   0% ] waiting        6m23.0s   

running (03m07.9s), 0001/0390 VUs, 34292 complete and 0 interrupted iterations
step_00050 ✓ [ 100% ] 000/020 VUs    30s        50.00 iters/s
step_00100 ✓ [ 100% ] 000/020 VUs    30s        100.00 iters/s
step_00150 ✓ [ 100% ] 000/030 VUs    30s        150.00 iters/s
step_00200 ✓ [ 100% ] 000/040 VUs    30s        200.00 iters/s
step_00250 ✓ [ 100% ] 000/050 VUs    30s        250.00 iters/s
step_00300 ✓ [ 100% ] 000/060 VUs    30s        300.00 iters/s
step_00350   [  27% ] 0001/0070 VUs  08.0s/30s  350.00 iters/s
step_00400 • [   0% ] waiting        0m22.0s   
step_00450 • [   0% ] waiting        0m52.0s   
step_00500 • [   0% ] waiting        1m22.0s   
step_00550 • [   0% ] waiting        1m52.0s   
step_00600 • [   0% ] waiting        2m22.0s   
step_00650 • [   0% ] waiting        2m52.0s   
step_00700 • [   0% ] waiting        3m22.0s   
step_00750 • [   0% ] waiting        3m52.0s   
step_00800 • [   0% ] waiting        4m22.0s   
step_00850 • [   0% ] waiting        4m52.0s   
step_00900 • [   0% ] waiting        5m22.0s   
step_00950 • [   0% ] waiting        5m52.0s   
step_01000 • [   0% ] waiting        6m22.0s   

running (03m08.9s), 0000/0390 VUs, 34642 complete and 0 interrupted iterations
step_00050 ✓ [ 100% ] 000/020 VUs    30s        50.00 iters/s
step_00100 ✓ [ 100% ] 000/020 VUs    30s        100.00 iters/s
step_00150 ✓ [ 100% ] 000/030 VUs    30s        150.00 iters/s
step_00200 ✓ [ 100% ] 000/040 VUs    30s        200.00 iters/s
step_00250 ✓ [ 100% ] 000/050 VUs    30s        250.00 iters/s
step_00300 ✓ [ 100% ] 000/060 VUs    30s        300.00 iters/s
step_00350   [  30% ] 0000/0070 VUs  09.0s/30s  350.00 iters/s
step_00400 • [   0% ] waiting        0m21.0s   
step_00450 • [   0% ] waiting        0m51.0s   
step_00500 • [   0% ] waiting        1m21.0s   
step_00550 • [   0% ] waiting        1m51.0s   
step_00600 • [   0% ] waiting        2m21.0s   
step_00650 • [   0% ] waiting        2m51.0s   
step_00700 • [   0% ] waiting        3m21.0s   
step_00750 • [   0% ] waiting        3m51.0s   
step_00800 • [   0% ] waiting        4m21.0s   
step_00850 • [   0% ] waiting        4m51.0s   
step_00900 • [   0% ] waiting        5m21.0s   
step_00950 • [   0% ] waiting        5m51.0s   
step_01000 • [   0% ] waiting        6m21.0s   

running (03m09.9s), 0001/0390 VUs, 34992 complete and 0 interrupted iterations
step_00050 ✓ [ 100% ] 000/020 VUs    30s        50.00 iters/s
step_00100 ✓ [ 100% ] 000/020 VUs    30s        100.00 iters/s
step_00150 ✓ [ 100% ] 000/030 VUs    30s        150.00 iters/s
step_00200 ✓ [ 100% ] 000/040 VUs    30s        200.00 iters/s
step_00250 ✓ [ 100% ] 000/050 VUs    30s        250.00 iters/s
step_00300 ✓ [ 100% ] 000/060 VUs    30s        300.00 iters/s
step_00350   [  33% ] 0001/0070 VUs  10.0s/30s  350.00 iters/s
step_00400 • [   0% ] waiting        0m20.0s   
step_00450 • [   0% ] waiting        0m50.0s   
step_00500 • [   0% ] waiting        1m20.0s   
step_00550 • [   0% ] waiting        1m50.0s   
step_00600 • [   0% ] waiting        2m20.0s   
step_00650 • [   0% ] waiting        2m50.0s   
step_00700 • [   0% ] waiting        3m20.0s   
step_00750 • [   0% ] waiting        3m50.0s   
step_00800 • [   0% ] waiting        4m20.0s   
step_00850 • [   0% ] waiting        4m50.0s   
step_00900 • [   0% ] waiting        5m20.0s   
step_00950 • [   0% ] waiting        5m50.0s   
step_01000 • [   0% ] waiting        6m20.0s   

running (03m10.9s), 0001/0390 VUs, 35342 complete and 0 interrupted iterations
step_00050 ✓ [ 100% ] 000/020 VUs    30s        50.00 iters/s
step_00100 ✓ [ 100% ] 000/020 VUs    30s        100.00 iters/s
step_00150 ✓ [ 100% ] 000/030 VUs    30s        150.00 iters/s
step_00200 ✓ [ 100% ] 000/040 VUs    30s        200.00 iters/s
step_00250 ✓ [ 100% ] 000/050 VUs    30s        250.00 iters/s
step_00300 ✓ [ 100% ] 000/060 VUs    30s        300.00 iters/s
step_00350   [  37% ] 0001/0070 VUs  11.0s/30s  350.00 iters/s
step_00400 • [   0% ] waiting        0m19.0s   
step_00450 • [   0% ] waiting        0m49.0s   
step_00500 • [   0% ] waiting        1m19.0s   
step_00550 • [   0% ] waiting        1m49.0s   
step_00600 • [   0% ] waiting        2m19.0s   
step_00650 • [   0% ] waiting        2m49.0s   
step_00700 • [   0% ] waiting        3m19.0s   
step_00750 • [   0% ] waiting        3m49.0s   
step_00800 • [   0% ] waiting        4m19.0s   
step_00850 • [   0% ] waiting        4m49.0s   
step_00900 • [   0% ] waiting        5m19.0s   
step_00950 • [   0% ] waiting        5m49.0s   
step_01000 • [   0% ] waiting        6m19.0s   

running (03m11.9s), 0001/0390 VUs, 35692 complete and 0 interrupted iterations
step_00050 ✓ [ 100% ] 000/020 VUs    30s        50.00 iters/s
step_00100 ✓ [ 100% ] 000/020 VUs    30s        100.00 iters/s
step_00150 ✓ [ 100% ] 000/030 VUs    30s        150.00 iters/s
step_00200 ✓ [ 100% ] 000/040 VUs    30s        200.00 iters/s
step_00250 ✓ [ 100% ] 000/050 VUs    30s        250.00 iters/s
step_00300 ✓ [ 100% ] 000/060 VUs    30s        300.00 iters/s
step_00350   [  40% ] 0001/0070 VUs  12.0s/30s  350.00 iters/s
step_00400 • [   0% ] waiting        0m18.0s   
step_00450 • [   0% ] waiting        0m48.0s   
step_00500 • [   0% ] waiting        1m18.0s   
step_00550 • [   0% ] waiting        1m48.0s   
step_00600 • [   0% ] waiting        2m18.0s   
step_00650 • [   0% ] waiting        2m48.0s   
step_00700 • [   0% ] waiting        3m18.0s   
step_00750 • [   0% ] waiting        3m48.0s   
step_00800 • [   0% ] waiting        4m18.0s   
step_00850 • [   0% ] waiting        4m48.0s   
step_00900 • [   0% ] waiting        5m18.0s   
step_00950 • [   0% ] waiting        5m48.0s   
step_01000 • [   0% ] waiting        6m18.0s   

running (03m12.9s), 0001/0390 VUs, 36042 complete and 0 interrupted iterations
step_00050 ✓ [ 100% ] 000/020 VUs    30s        50.00 iters/s
step_00100 ✓ [ 100% ] 000/020 VUs    30s        100.00 iters/s
step_00150 ✓ [ 100% ] 000/030 VUs    30s        150.00 iters/s
step_00200 ✓ [ 100% ] 000/040 VUs    30s        200.00 iters/s
step_00250 ✓ [ 100% ] 000/050 VUs    30s        250.00 iters/s
step_00300 ✓ [ 100% ] 000/060 VUs    30s        300.00 iters/s
step_00350   [  43% ] 0001/0070 VUs  13.0s/30s  350.00 iters/s
step_00400 • [   0% ] waiting        0m17.0s   
step_00450 • [   0% ] waiting        0m47.0s   
step_00500 • [   0% ] waiting        1m17.0s   
step_00550 • [   0% ] waiting        1m47.0s   
step_00600 • [   0% ] waiting        2m17.0s   
step_00650 • [   0% ] waiting        2m47.0s   
step_00700 • [   0% ] waiting        3m17.0s   
step_00750 • [   0% ] waiting        3m47.0s   
step_00800 • [   0% ] waiting        4m17.0s   
step_00850 • [   0% ] waiting        4m47.0s   
step_00900 • [   0% ] waiting        5m17.0s   
step_00950 • [   0% ] waiting        5m47.0s   
step_01000 • [   0% ] waiting        6m17.0s   

running (03m13.9s), 0001/0390 VUs, 36392 complete and 0 interrupted iterations
step_00050 ✓ [ 100% ] 000/020 VUs    30s        50.00 iters/s
step_00100 ✓ [ 100% ] 000/020 VUs    30s        100.00 iters/s
step_00150 ✓ [ 100% ] 000/030 VUs    30s        150.00 iters/s
step_00200 ✓ [ 100% ] 000/040 VUs    30s        200.00 iters/s
step_00250 ✓ [ 100% ] 000/050 VUs    30s        250.00 iters/s
step_00300 ✓ [ 100% ] 000/060 VUs    30s        300.00 iters/s
step_00350   [  47% ] 0001/0070 VUs  14.0s/30s  350.00 iters/s
step_00400 • [   0% ] waiting        0m16.0s   
step_00450 • [   0% ] waiting        0m46.0s   
step_00500 • [   0% ] waiting        1m16.0s   
step_00550 • [   0% ] waiting        1m46.0s   
step_00600 • [   0% ] waiting        2m16.0s   
step_00650 • [   0% ] waiting        2m46.0s   
step_00700 • [   0% ] waiting        3m16.0s   
step_00750 • [   0% ] waiting        3m46.0s   
step_00800 • [   0% ] waiting        4m16.0s   
step_00850 • [   0% ] waiting        4m46.0s   
step_00900 • [   0% ] waiting        5m16.0s   
step_00950 • [   0% ] waiting        5m46.0s   
step_01000 • [   0% ] waiting        6m16.0s   

running (03m14.9s), 0001/0390 VUs, 36742 complete and 0 interrupted iterations
step_00050 ✓ [ 100% ] 000/020 VUs    30s        50.00 iters/s
step_00100 ✓ [ 100% ] 000/020 VUs    30s        100.00 iters/s
step_00150 ✓ [ 100% ] 000/030 VUs    30s        150.00 iters/s
step_00200 ✓ [ 100% ] 000/040 VUs    30s        200.00 iters/s
step_00250 ✓ [ 100% ] 000/050 VUs    30s        250.00 iters/s
step_00300 ✓ [ 100% ] 000/060 VUs    30s        300.00 iters/s
step_00350   [  50% ] 0001/0070 VUs  15.0s/30s  350.00 iters/s
step_00400 • [   0% ] waiting        0m15.0s   
step_00450 • [   0% ] waiting        0m45.0s   
step_00500 • [   0% ] waiting        1m15.0s   
step_00550 • [   0% ] waiting        1m45.0s   
step_00600 • [   0% ] waiting        2m15.0s   
step_00650 • [   0% ] waiting        2m45.0s   
step_00700 • [   0% ] waiting        3m15.0s   
step_00750 • [   0% ] waiting        3m45.0s   
step_00800 • [   0% ] waiting        4m15.0s   
step_00850 • [   0% ] waiting        4m45.0s   
step_00900 • [   0% ] waiting        5m15.0s   
step_00950 • [   0% ] waiting        5m45.0s   
step_01000 • [   0% ] waiting        6m15.0s   

running (03m15.9s), 0001/0390 VUs, 37092 complete and 0 interrupted iterations
step_00050 ✓ [ 100% ] 000/020 VUs    30s        50.00 iters/s
step_00100 ✓ [ 100% ] 000/020 VUs    30s        100.00 iters/s
step_00150 ✓ [ 100% ] 000/030 VUs    30s        150.00 iters/s
step_00200 ✓ [ 100% ] 000/040 VUs    30s        200.00 iters/s
step_00250 ✓ [ 100% ] 000/050 VUs    30s        250.00 iters/s
step_00300 ✓ [ 100% ] 000/060 VUs    30s        300.00 iters/s
step_00350   [  53% ] 0001/0070 VUs  16.0s/30s  350.00 iters/s
step_00400 • [   0% ] waiting        0m14.0s   
step_00450 • [   0% ] waiting        0m44.0s   
step_00500 • [   0% ] waiting        1m14.0s   
step_00550 • [   0% ] waiting        1m44.0s   
step_00600 • [   0% ] waiting        2m14.0s   
step_00650 • [   0% ] waiting        2m44.0s   
step_00700 • [   0% ] waiting        3m14.0s   
step_00750 • [   0% ] waiting        3m44.0s   
step_00800 • [   0% ] waiting        4m14.0s   
step_00850 • [   0% ] waiting        4m44.0s   
step_00900 • [   0% ] waiting        5m14.0s   
step_00950 • [   0% ] waiting        5m44.0s   
step_01000 • [   0% ] waiting        6m14.0s   

running (03m16.9s), 0001/0390 VUs, 37442 complete and 0 interrupted iterations
step_00050 ✓ [ 100% ] 000/020 VUs    30s        50.00 iters/s
step_00100 ✓ [ 100% ] 000/020 VUs    30s        100.00 iters/s
step_00150 ✓ [ 100% ] 000/030 VUs    30s        150.00 iters/s
step_00200 ✓ [ 100% ] 000/040 VUs    30s        200.00 iters/s
step_00250 ✓ [ 100% ] 000/050 VUs    30s        250.00 iters/s
step_00300 ✓ [ 100% ] 000/060 VUs    30s        300.00 iters/s
step_00350   [  57% ] 0001/0070 VUs  17.0s/30s  350.00 iters/s
step_00400 • [   0% ] waiting        0m13.0s   
step_00450 • [   0% ] waiting        0m43.0s   
step_00500 • [   0% ] waiting        1m13.0s   
step_00550 • [   0% ] waiting        1m43.0s   
step_00600 • [   0% ] waiting        2m13.0s   
step_00650 • [   0% ] waiting        2m43.0s   
step_00700 • [   0% ] waiting        3m13.0s   
step_00750 • [   0% ] waiting        3m43.0s   
step_00800 • [   0% ] waiting        4m13.0s   
step_00850 • [   0% ] waiting        4m43.0s   
step_00900 • [   0% ] waiting        5m13.0s   
step_00950 • [   0% ] waiting        5m43.0s   
step_01000 • [   0% ] waiting        6m13.0s   

running (03m17.9s), 0001/0390 VUs, 37792 complete and 0 interrupted iterations
step_00050 ✓ [ 100% ] 000/020 VUs    30s        50.00 iters/s
step_00100 ✓ [ 100% ] 000/020 VUs    30s        100.00 iters/s
step_00150 ✓ [ 100% ] 000/030 VUs    30s        150.00 iters/s
step_00200 ✓ [ 100% ] 000/040 VUs    30s        200.00 iters/s
step_00250 ✓ [ 100% ] 000/050 VUs    30s        250.00 iters/s
step_00300 ✓ [ 100% ] 000/060 VUs    30s        300.00 iters/s
step_00350   [  60% ] 0001/0070 VUs  18.0s/30s  350.00 iters/s
step_00400 • [   0% ] waiting        0m12.0s   
step_00450 • [   0% ] waiting        0m42.0s   
step_00500 • [   0% ] waiting        1m12.0s   
step_00550 • [   0% ] waiting        1m42.0s   
step_00600 • [   0% ] waiting        2m12.0s   
step_00650 • [   0% ] waiting        2m42.0s   
step_00700 • [   0% ] waiting        3m12.0s   
step_00750 • [   0% ] waiting        3m42.0s   
step_00800 • [   0% ] waiting        4m12.0s   
step_00850 • [   0% ] waiting        4m42.0s   
step_00900 • [   0% ] waiting        5m12.0s   
step_00950 • [   0% ] waiting        5m42.0s   
step_01000 • [   0% ] waiting        6m12.0s   

running (03m18.9s), 0001/0390 VUs, 38142 complete and 0 interrupted iterations
step_00050 ✓ [ 100% ] 000/020 VUs    30s        50.00 iters/s
step_00100 ✓ [ 100% ] 000/020 VUs    30s        100.00 iters/s
step_00150 ✓ [ 100% ] 000/030 VUs    30s        150.00 iters/s
step_00200 ✓ [ 100% ] 000/040 VUs    30s        200.00 iters/s
step_00250 ✓ [ 100% ] 000/050 VUs    30s        250.00 iters/s
step_00300 ✓ [ 100% ] 000/060 VUs    30s        300.00 iters/s
step_00350   [  63% ] 0001/0070 VUs  19.0s/30s  350.00 iters/s
step_00400 • [   0% ] waiting        0m11.0s   
step_00450 • [   0% ] waiting        0m41.0s   
step_00500 • [   0% ] waiting        1m11.0s   
step_00550 • [   0% ] waiting        1m41.0s   
step_00600 • [   0% ] waiting        2m11.0s   
step_00650 • [   0% ] waiting        2m41.0s   
step_00700 • [   0% ] waiting        3m11.0s   
step_00750 • [   0% ] waiting        3m41.0s   
step_00800 • [   0% ] waiting        4m11.0s   
step_00850 • [   0% ] waiting        4m41.0s   
step_00900 • [   0% ] waiting        5m11.0s   
step_00950 • [   0% ] waiting        5m41.0s   
step_01000 • [   0% ] waiting        6m11.0s   

running (03m19.9s), 0001/0390 VUs, 38492 complete and 0 interrupted iterations
step_00050 ✓ [ 100% ] 000/020 VUs    30s        50.00 iters/s
step_00100 ✓ [ 100% ] 000/020 VUs    30s        100.00 iters/s
step_00150 ✓ [ 100% ] 000/030 VUs    30s        150.00 iters/s
step_00200 ✓ [ 100% ] 000/040 VUs    30s        200.00 iters/s
step_00250 ✓ [ 100% ] 000/050 VUs    30s        250.00 iters/s
step_00300 ✓ [ 100% ] 000/060 VUs    30s        300.00 iters/s
step_00350   [  67% ] 0001/0070 VUs  20.0s/30s  350.00 iters/s
step_00400 • [   0% ] waiting        0m10.0s   
step_00450 • [   0% ] waiting        0m40.0s   
step_00500 • [   0% ] waiting        1m10.0s   
step_00550 • [   0% ] waiting        1m40.0s   
step_00600 • [   0% ] waiting        2m10.0s   
step_00650 • [   0% ] waiting        2m40.0s   
step_00700 • [   0% ] waiting        3m10.0s   
step_00750 • [   0% ] waiting        3m40.0s   
step_00800 • [   0% ] waiting        4m10.0s   
step_00850 • [   0% ] waiting        4m40.0s   
step_00900 • [   0% ] waiting        5m10.0s   
step_00950 • [   0% ] waiting        5m40.0s   
step_01000 • [   0% ] waiting        6m10.0s   

running (03m20.9s), 0001/0390 VUs, 38842 complete and 0 interrupted iterations
step_00050 ✓ [ 100% ] 000/020 VUs    30s        50.00 iters/s
step_00100 ✓ [ 100% ] 000/020 VUs    30s        100.00 iters/s
step_00150 ✓ [ 100% ] 000/030 VUs    30s        150.00 iters/s
step_00200 ✓ [ 100% ] 000/040 VUs    30s        200.00 iters/s
step_00250 ✓ [ 100% ] 000/050 VUs    30s        250.00 iters/s
step_00300 ✓ [ 100% ] 000/060 VUs    30s        300.00 iters/s
step_00350   [  70% ] 0001/0070 VUs  21.0s/30s  350.00 iters/s
step_00400 • [   0% ] waiting        0m09.0s   
step_00450 • [   0% ] waiting        0m39.0s   
step_00500 • [   0% ] waiting        1m09.0s   
step_00550 • [   0% ] waiting        1m39.0s   
step_00600 • [   0% ] waiting        2m09.0s   
step_00650 • [   0% ] waiting        2m39.0s   
step_00700 • [   0% ] waiting        3m09.0s   
step_00750 • [   0% ] waiting        3m39.0s   
step_00800 • [   0% ] waiting        4m09.0s   
step_00850 • [   0% ] waiting        4m39.0s   
step_00900 • [   0% ] waiting        5m09.0s   
step_00950 • [   0% ] waiting        5m39.0s   
step_01000 • [   0% ] waiting        6m09.0s   

running (03m21.9s), 0001/0390 VUs, 39192 complete and 0 interrupted iterations
step_00050 ✓ [ 100% ] 000/020 VUs    30s        50.00 iters/s
step_00100 ✓ [ 100% ] 000/020 VUs    30s        100.00 iters/s
step_00150 ✓ [ 100% ] 000/030 VUs    30s        150.00 iters/s
step_00200 ✓ [ 100% ] 000/040 VUs    30s        200.00 iters/s
step_00250 ✓ [ 100% ] 000/050 VUs    30s        250.00 iters/s
step_00300 ✓ [ 100% ] 000/060 VUs    30s        300.00 iters/s
step_00350   [  73% ] 0001/0070 VUs  22.0s/30s  350.00 iters/s
step_00400 • [   0% ] waiting        0m08.0s   
step_00450 • [   0% ] waiting        0m38.0s   
step_00500 • [   0% ] waiting        1m08.0s   
step_00550 • [   0% ] waiting        1m38.0s   
step_00600 • [   0% ] waiting        2m08.0s   
step_00650 • [   0% ] waiting        2m38.0s   
step_00700 • [   0% ] waiting        3m08.0s   
step_00750 • [   0% ] waiting        3m38.0s   
step_00800 • [   0% ] waiting        4m08.0s   
step_00850 • [   0% ] waiting        4m38.0s   
step_00900 • [   0% ] waiting        5m08.0s   
step_00950 • [   0% ] waiting        5m38.0s   
step_01000 • [   0% ] waiting        6m08.0s   

running (03m22.9s), 0001/0390 VUs, 39542 complete and 0 interrupted iterations
step_00050 ✓ [ 100% ] 000/020 VUs    30s        50.00 iters/s
step_00100 ✓ [ 100% ] 000/020 VUs    30s        100.00 iters/s
step_00150 ✓ [ 100% ] 000/030 VUs    30s        150.00 iters/s
step_00200 ✓ [ 100% ] 000/040 VUs    30s        200.00 iters/s
step_00250 ✓ [ 100% ] 000/050 VUs    30s        250.00 iters/s
step_00300 ✓ [ 100% ] 000/060 VUs    30s        300.00 iters/s
step_00350   [  77% ] 0001/0070 VUs  23.0s/30s  350.00 iters/s
step_00400 • [   0% ] waiting        0m07.0s   
step_00450 • [   0% ] waiting        0m37.0s   
step_00500 • [   0% ] waiting        1m07.0s   
step_00550 • [   0% ] waiting        1m37.0s   
step_00600 • [   0% ] waiting        2m07.0s   
step_00650 • [   0% ] waiting        2m37.0s   
step_00700 • [   0% ] waiting        3m07.0s   
step_00750 • [   0% ] waiting        3m37.0s   
step_00800 • [   0% ] waiting        4m07.0s   
step_00850 • [   0% ] waiting        4m37.0s   
step_00900 • [   0% ] waiting        5m07.0s   
step_00950 • [   0% ] waiting        5m37.0s   
step_01000 • [   0% ] waiting        6m07.0s   

running (03m23.9s), 0001/0390 VUs, 39892 complete and 0 interrupted iterations
step_00050 ✓ [ 100% ] 000/020 VUs    30s        50.00 iters/s
step_00100 ✓ [ 100% ] 000/020 VUs    30s        100.00 iters/s
step_00150 ✓ [ 100% ] 000/030 VUs    30s        150.00 iters/s
step_00200 ✓ [ 100% ] 000/040 VUs    30s        200.00 iters/s
step_00250 ✓ [ 100% ] 000/050 VUs    30s        250.00 iters/s
step_00300 ✓ [ 100% ] 000/060 VUs    30s        300.00 iters/s
step_00350   [  80% ] 0001/0070 VUs  24.0s/30s  350.00 iters/s
step_00400 • [   0% ] waiting        0m06.0s   
step_00450 • [   0% ] waiting        0m36.0s   
step_00500 • [   0% ] waiting        1m06.0s   
step_00550 • [   0% ] waiting        1m36.0s   
step_00600 • [   0% ] waiting        2m06.0s   
step_00650 • [   0% ] waiting        2m36.0s   
step_00700 • [   0% ] waiting        3m06.0s   
step_00750 • [   0% ] waiting        3m36.0s   
step_00800 • [   0% ] waiting        4m06.0s   
step_00850 • [   0% ] waiting        4m36.0s   
step_00900 • [   0% ] waiting        5m06.0s   
step_00950 • [   0% ] waiting        5m36.0s   
step_01000 • [   0% ] waiting        6m06.0s   

running (03m24.9s), 0001/0390 VUs, 40242 complete and 0 interrupted iterations
step_00050 ✓ [ 100% ] 000/020 VUs    30s        50.00 iters/s
step_00100 ✓ [ 100% ] 000/020 VUs    30s        100.00 iters/s
step_00150 ✓ [ 100% ] 000/030 VUs    30s        150.00 iters/s
step_00200 ✓ [ 100% ] 000/040 VUs    30s        200.00 iters/s
step_00250 ✓ [ 100% ] 000/050 VUs    30s        250.00 iters/s
step_00300 ✓ [ 100% ] 000/060 VUs    30s        300.00 iters/s
step_00350   [  83% ] 0001/0070 VUs  25.0s/30s  350.00 iters/s
step_00400 • [   0% ] waiting        0m05.0s   
step_00450 • [   0% ] waiting        0m35.0s   
step_00500 • [   0% ] waiting        1m05.0s   
step_00550 • [   0% ] waiting        1m35.0s   
step_00600 • [   0% ] waiting        2m05.0s   
step_00650 • [   0% ] waiting        2m35.0s   
step_00700 • [   0% ] waiting        3m05.0s   
step_00750 • [   0% ] waiting        3m35.0s   
step_00800 • [   0% ] waiting        4m05.0s   
step_00850 • [   0% ] waiting        4m35.0s   
step_00900 • [   0% ] waiting        5m05.0s   
step_00950 • [   0% ] waiting        5m35.0s   
step_01000 • [   0% ] waiting        6m05.0s   

running (03m25.9s), 0001/0390 VUs, 40592 complete and 0 interrupted iterations
step_00050 ✓ [ 100% ] 000/020 VUs    30s        50.00 iters/s
step_00100 ✓ [ 100% ] 000/020 VUs    30s        100.00 iters/s
step_00150 ✓ [ 100% ] 000/030 VUs    30s        150.00 iters/s
step_00200 ✓ [ 100% ] 000/040 VUs    30s        200.00 iters/s
step_00250 ✓ [ 100% ] 000/050 VUs    30s        250.00 iters/s
step_00300 ✓ [ 100% ] 000/060 VUs    30s        300.00 iters/s
step_00350   [  87% ] 0001/0070 VUs  26.0s/30s  350.00 iters/s
step_00400 • [   0% ] waiting        0m04.0s   
step_00450 • [   0% ] waiting        0m34.0s   
step_00500 • [   0% ] waiting        1m04.0s   
step_00550 • [   0% ] waiting        1m34.0s   
step_00600 • [   0% ] waiting        2m04.0s   
step_00650 • [   0% ] waiting        2m34.0s   
step_00700 • [   0% ] waiting        3m04.0s   
step_00750 • [   0% ] waiting        3m34.0s   
step_00800 • [   0% ] waiting        4m04.0s   
step_00850 • [   0% ] waiting        4m34.0s   
step_00900 • [   0% ] waiting        5m04.0s   
step_00950 • [   0% ] waiting        5m34.0s   
step_01000 • [   0% ] waiting        6m04.0s   

running (03m26.9s), 0001/0390 VUs, 40942 complete and 0 interrupted iterations
step_00050 ✓ [ 100% ] 000/020 VUs    30s        50.00 iters/s
step_00100 ✓ [ 100% ] 000/020 VUs    30s        100.00 iters/s
step_00150 ✓ [ 100% ] 000/030 VUs    30s        150.00 iters/s
step_00200 ✓ [ 100% ] 000/040 VUs    30s        200.00 iters/s
step_00250 ✓ [ 100% ] 000/050 VUs    30s        250.00 iters/s
step_00300 ✓ [ 100% ] 000/060 VUs    30s        300.00 iters/s
step_00350   [  90% ] 0001/0070 VUs  27.0s/30s  350.00 iters/s
step_00400 • [   0% ] waiting        0m03.0s   
step_00450 • [   0% ] waiting        0m33.0s   
step_00500 • [   0% ] waiting        1m03.0s   
step_00550 • [   0% ] waiting        1m33.0s   
step_00600 • [   0% ] waiting        2m03.0s   
step_00650 • [   0% ] waiting        2m33.0s   
step_00700 • [   0% ] waiting        3m03.0s   
step_00750 • [   0% ] waiting        3m33.0s   
step_00800 • [   0% ] waiting        4m03.0s   
step_00850 • [   0% ] waiting        4m33.0s   
step_00900 • [   0% ] waiting        5m03.0s   
step_00950 • [   0% ] waiting        5m33.0s   
step_01000 • [   0% ] waiting        6m03.0s   

running (03m27.9s), 0000/0390 VUs, 41292 complete and 0 interrupted iterations
step_00050 ✓ [ 100% ] 000/020 VUs    30s        50.00 iters/s
step_00100 ✓ [ 100% ] 000/020 VUs    30s        100.00 iters/s
step_00150 ✓ [ 100% ] 000/030 VUs    30s        150.00 iters/s
step_00200 ✓ [ 100% ] 000/040 VUs    30s        200.00 iters/s
step_00250 ✓ [ 100% ] 000/050 VUs    30s        250.00 iters/s
step_00300 ✓ [ 100% ] 000/060 VUs    30s        300.00 iters/s
step_00350   [  93% ] 0000/0070 VUs  28.0s/30s  350.00 iters/s
step_00400 • [   0% ] waiting        0m02.0s   
step_00450 • [   0% ] waiting        0m32.0s   
step_00500 • [   0% ] waiting        1m02.0s   
step_00550 • [   0% ] waiting        1m32.0s   
step_00600 • [   0% ] waiting        2m02.0s   
step_00650 • [   0% ] waiting        2m32.0s   
step_00700 • [   0% ] waiting        3m02.0s   
step_00750 • [   0% ] waiting        3m32.0s   
step_00800 • [   0% ] waiting        4m02.0s   
step_00850 • [   0% ] waiting        4m32.0s   
step_00900 • [   0% ] waiting        5m02.0s   
step_00950 • [   0% ] waiting        5m32.0s   
step_01000 • [   0% ] waiting        6m02.0s   

running (03m28.9s), 0001/0390 VUs, 41642 complete and 0 interrupted iterations
step_00050 ✓ [ 100% ] 000/020 VUs    30s        50.00 iters/s
step_00100 ✓ [ 100% ] 000/020 VUs    30s        100.00 iters/s
step_00150 ✓ [ 100% ] 000/030 VUs    30s        150.00 iters/s
step_00200 ✓ [ 100% ] 000/040 VUs    30s        200.00 iters/s
step_00250 ✓ [ 100% ] 000/050 VUs    30s        250.00 iters/s
step_00300 ✓ [ 100% ] 000/060 VUs    30s        300.00 iters/s
step_00350   [  97% ] 0001/0070 VUs  29.0s/30s  350.00 iters/s
step_00400 • [   0% ] waiting        0m01.0s   
step_00450 • [   0% ] waiting        0m31.0s   
step_00500 • [   0% ] waiting        1m01.0s   
step_00550 • [   0% ] waiting        1m31.0s   
step_00600 • [   0% ] waiting        2m01.0s   
step_00650 • [   0% ] waiting        2m31.0s   
step_00700 • [   0% ] waiting        3m01.0s   
step_00750 • [   0% ] waiting        3m31.0s   
step_00800 • [   0% ] waiting        4m01.0s   
step_00850 • [   0% ] waiting        4m31.0s   
step_00900 • [   0% ] waiting        5m01.0s   
step_00950 • [   0% ] waiting        5m31.0s   
step_01000 • [   0% ] waiting        6m01.0s   

running (03m29.9s), 0001/0390 VUs, 41992 complete and 0 interrupted iterations
step_00050 ✓ [ 100% ] 000/020 VUs    30s        50.00 iters/s
step_00100 ✓ [ 100% ] 000/020 VUs    30s        100.00 iters/s
step_00150 ✓ [ 100% ] 000/030 VUs    30s        150.00 iters/s
step_00200 ✓ [ 100% ] 000/040 VUs    30s        200.00 iters/s
step_00250 ✓ [ 100% ] 000/050 VUs    30s        250.00 iters/s
step_00300 ✓ [ 100% ] 000/060 VUs    30s        300.00 iters/s
step_00350   [ 100% ] 0001/0070 VUs  30.0s/30s  350.00 iters/s
step_00400 • [   0% ] waiting        0m00.0s   
step_00450 • [   0% ] waiting        0m30.0s   
step_00500 • [   0% ] waiting        1m00.0s   
step_00550 • [   0% ] waiting        1m30.0s   
step_00600 • [   0% ] waiting        2m00.0s   
step_00650 • [   0% ] waiting        2m30.0s   
step_00700 • [   0% ] waiting        3m00.0s   
step_00750 • [   0% ] waiting        3m30.0s   
step_00800 • [   0% ] waiting        4m00.0s   
step_00850 • [   0% ] waiting        4m30.0s   
step_00900 • [   0% ] waiting        5m00.0s   
step_00950 • [   0% ] waiting        5m30.0s   
step_01000 • [   0% ] waiting        6m00.0s   

running (03m30.9s), 0001/0390 VUs, 42391 complete and 0 interrupted iterations
step_00050 ✓ [ 100% ] 000/020 VUs    30s        50.00 iters/s
step_00100 ✓ [ 100% ] 000/020 VUs    30s        100.00 iters/s
step_00150 ✓ [ 100% ] 000/030 VUs    30s        150.00 iters/s
step_00200 ✓ [ 100% ] 000/040 VUs    30s        200.00 iters/s
step_00250 ✓ [ 100% ] 000/050 VUs    30s        250.00 iters/s
step_00300 ✓ [ 100% ] 000/060 VUs    30s        300.00 iters/s
step_00350 ✓ [ 100% ] 0000/0070 VUs  30s        350.00 iters/s
step_00400   [   3% ] 0001/0080 VUs  01.0s/30s  400.00 iters/s
step_00450 • [   0% ] waiting        0m29.0s   
step_00500 • [   0% ] waiting        0m59.0s   
step_00550 • [   0% ] waiting        1m29.0s   
step_00600 • [   0% ] waiting        1m59.0s   
step_00650 • [   0% ] waiting        2m29.0s   
step_00700 • [   0% ] waiting        2m59.0s   
step_00750 • [   0% ] waiting        3m29.0s   
step_00800 • [   0% ] waiting        3m59.0s   
step_00850 • [   0% ] waiting        4m29.0s   
step_00900 • [   0% ] waiting        4m59.0s   
step_00950 • [   0% ] waiting        5m29.0s   
step_01000 • [   0% ] waiting        5m59.0s   

running (03m31.9s), 0001/0390 VUs, 42791 complete and 0 interrupted iterations
step_00050 ✓ [ 100% ] 000/020 VUs    30s        50.00 iters/s
step_00100 ✓ [ 100% ] 000/020 VUs    30s        100.00 iters/s
step_00150 ✓ [ 100% ] 000/030 VUs    30s        150.00 iters/s
step_00200 ✓ [ 100% ] 000/040 VUs    30s        200.00 iters/s
step_00250 ✓ [ 100% ] 000/050 VUs    30s        250.00 iters/s
step_00300 ✓ [ 100% ] 000/060 VUs    30s        300.00 iters/s
step_00350 ✓ [ 100% ] 0000/0070 VUs  30s        350.00 iters/s
step_00400   [   7% ] 0001/0080 VUs  02.0s/30s  400.00 iters/s
step_00450 • [   0% ] waiting        0m28.0s   
step_00500 • [   0% ] waiting        0m58.0s   
step_00550 • [   0% ] waiting        1m28.0s   
step_00600 • [   0% ] waiting        1m58.0s   
step_00650 • [   0% ] waiting        2m28.0s   
step_00700 • [   0% ] waiting        2m58.0s   
step_00750 • [   0% ] waiting        3m28.0s   
step_00800 • [   0% ] waiting        3m58.0s   
step_00850 • [   0% ] waiting        4m28.0s   
step_00900 • [   0% ] waiting        4m58.0s   
step_00950 • [   0% ] waiting        5m28.0s   
step_01000 • [   0% ] waiting        5m58.0s   

running (03m32.9s), 0001/0390 VUs, 43191 complete and 0 interrupted iterations
step_00050 ✓ [ 100% ] 000/020 VUs    30s        50.00 iters/s
step_00100 ✓ [ 100% ] 000/020 VUs    30s        100.00 iters/s
step_00150 ✓ [ 100% ] 000/030 VUs    30s        150.00 iters/s
step_00200 ✓ [ 100% ] 000/040 VUs    30s        200.00 iters/s
step_00250 ✓ [ 100% ] 000/050 VUs    30s        250.00 iters/s
step_00300 ✓ [ 100% ] 000/060 VUs    30s        300.00 iters/s
step_00350 ✓ [ 100% ] 0000/0070 VUs  30s        350.00 iters/s
step_00400   [  10% ] 0001/0080 VUs  03.0s/30s  400.00 iters/s
step_00450 • [   0% ] waiting        0m27.0s   
step_00500 • [   0% ] waiting        0m57.0s   
step_00550 • [   0% ] waiting        1m27.0s   
step_00600 • [   0% ] waiting        1m57.0s   
step_00650 • [   0% ] waiting        2m27.0s   
step_00700 • [   0% ] waiting        2m57.0s   
step_00750 • [   0% ] waiting        3m27.0s   
step_00800 • [   0% ] waiting        3m57.0s   
step_00850 • [   0% ] waiting        4m27.0s   
step_00900 • [   0% ] waiting        4m57.0s   
step_00950 • [   0% ] waiting        5m27.0s   
step_01000 • [   0% ] waiting        5m57.0s   

running (03m33.9s), 0001/0390 VUs, 43591 complete and 0 interrupted iterations
step_00050 ✓ [ 100% ] 000/020 VUs    30s        50.00 iters/s
step_00100 ✓ [ 100% ] 000/020 VUs    30s        100.00 iters/s
step_00150 ✓ [ 100% ] 000/030 VUs    30s        150.00 iters/s
step_00200 ✓ [ 100% ] 000/040 VUs    30s        200.00 iters/s
step_00250 ✓ [ 100% ] 000/050 VUs    30s        250.00 iters/s
step_00300 ✓ [ 100% ] 000/060 VUs    30s        300.00 iters/s
step_00350 ✓ [ 100% ] 0000/0070 VUs  30s        350.00 iters/s
step_00400   [  13% ] 0001/0080 VUs  04.0s/30s  400.00 iters/s
step_00450 • [   0% ] waiting        0m26.0s   
step_00500 • [   0% ] waiting        0m56.0s   
step_00550 • [   0% ] waiting        1m26.0s   
step_00600 • [   0% ] waiting        1m56.0s   
step_00650 • [   0% ] waiting        2m26.0s   
step_00700 • [   0% ] waiting        2m56.0s   
step_00750 • [   0% ] waiting        3m26.0s   
step_00800 • [   0% ] waiting        3m56.0s   
step_00850 • [   0% ] waiting        4m26.0s   
step_00900 • [   0% ] waiting        4m56.0s   
step_00950 • [   0% ] waiting        5m26.0s   
step_01000 • [   0% ] waiting        5m56.0s   

running (03m34.9s), 0001/0390 VUs, 43991 complete and 0 interrupted iterations
step_00050 ✓ [ 100% ] 000/020 VUs    30s        50.00 iters/s
step_00100 ✓ [ 100% ] 000/020 VUs    30s        100.00 iters/s
step_00150 ✓ [ 100% ] 000/030 VUs    30s        150.00 iters/s
step_00200 ✓ [ 100% ] 000/040 VUs    30s        200.00 iters/s
step_00250 ✓ [ 100% ] 000/050 VUs    30s        250.00 iters/s
step_00300 ✓ [ 100% ] 000/060 VUs    30s        300.00 iters/s
step_00350 ✓ [ 100% ] 0000/0070 VUs  30s        350.00 iters/s
step_00400   [  17% ] 0001/0080 VUs  05.0s/30s  400.00 iters/s
step_00450 • [   0% ] waiting        0m25.0s   
step_00500 • [   0% ] waiting        0m55.0s   
step_00550 • [   0% ] waiting        1m25.0s   
step_00600 • [   0% ] waiting        1m55.0s   
step_00650 • [   0% ] waiting        2m25.0s   
step_00700 • [   0% ] waiting        2m55.0s   
step_00750 • [   0% ] waiting        3m25.0s   
step_00800 • [   0% ] waiting        3m55.0s   
step_00850 • [   0% ] waiting        4m25.0s   
step_00900 • [   0% ] waiting        4m55.0s   
step_00950 • [   0% ] waiting        5m25.0s   
step_01000 • [   0% ] waiting        5m55.0s   

running (03m35.9s), 0001/0390 VUs, 44391 complete and 0 interrupted iterations
step_00050 ✓ [ 100% ] 000/020 VUs    30s        50.00 iters/s
step_00100 ✓ [ 100% ] 000/020 VUs    30s        100.00 iters/s
step_00150 ✓ [ 100% ] 000/030 VUs    30s        150.00 iters/s
step_00200 ✓ [ 100% ] 000/040 VUs    30s        200.00 iters/s
step_00250 ✓ [ 100% ] 000/050 VUs    30s        250.00 iters/s
step_00300 ✓ [ 100% ] 000/060 VUs    30s        300.00 iters/s
step_00350 ✓ [ 100% ] 0000/0070 VUs  30s        350.00 iters/s
step_00400   [  20% ] 0001/0080 VUs  06.0s/30s  400.00 iters/s
step_00450 • [   0% ] waiting        0m24.0s   
step_00500 • [   0% ] waiting        0m54.0s   
step_00550 • [   0% ] waiting        1m24.0s   
step_00600 • [   0% ] waiting        1m54.0s   
step_00650 • [   0% ] waiting        2m24.0s   
step_00700 • [   0% ] waiting        2m54.0s   
step_00750 • [   0% ] waiting        3m24.0s   
step_00800 • [   0% ] waiting        3m54.0s   
step_00850 • [   0% ] waiting        4m24.0s   
step_00900 • [   0% ] waiting        4m54.0s   
step_00950 • [   0% ] waiting        5m24.0s   
step_01000 • [   0% ] waiting        5m54.0s   

running (03m36.9s), 0001/0390 VUs, 44791 complete and 0 interrupted iterations
step_00050 ✓ [ 100% ] 000/020 VUs    30s        50.00 iters/s
step_00100 ✓ [ 100% ] 000/020 VUs    30s        100.00 iters/s
step_00150 ✓ [ 100% ] 000/030 VUs    30s        150.00 iters/s
step_00200 ✓ [ 100% ] 000/040 VUs    30s        200.00 iters/s
step_00250 ✓ [ 100% ] 000/050 VUs    30s        250.00 iters/s
step_00300 ✓ [ 100% ] 000/060 VUs    30s        300.00 iters/s
step_00350 ✓ [ 100% ] 0000/0070 VUs  30s        350.00 iters/s
step_00400   [  23% ] 0001/0080 VUs  07.0s/30s  400.00 iters/s
step_00450 • [   0% ] waiting        0m23.0s   
step_00500 • [   0% ] waiting        0m53.0s   
step_00550 • [   0% ] waiting        1m23.0s   
step_00600 • [   0% ] waiting        1m53.0s   
step_00650 • [   0% ] waiting        2m23.0s   
step_00700 • [   0% ] waiting        2m53.0s   
step_00750 • [   0% ] waiting        3m23.0s   
step_00800 • [   0% ] waiting        3m53.0s   
step_00850 • [   0% ] waiting        4m23.0s   
step_00900 • [   0% ] waiting        4m53.0s   
step_00950 • [   0% ] waiting        5m23.0s   
step_01000 • [   0% ] waiting        5m53.0s   

running (03m37.9s), 0001/0390 VUs, 45191 complete and 0 interrupted iterations
step_00050 ✓ [ 100% ] 000/020 VUs    30s        50.00 iters/s
step_00100 ✓ [ 100% ] 000/020 VUs    30s        100.00 iters/s
step_00150 ✓ [ 100% ] 000/030 VUs    30s        150.00 iters/s
step_00200 ✓ [ 100% ] 000/040 VUs    30s        200.00 iters/s
step_00250 ✓ [ 100% ] 000/050 VUs    30s        250.00 iters/s
step_00300 ✓ [ 100% ] 000/060 VUs    30s        300.00 iters/s
step_00350 ✓ [ 100% ] 0000/0070 VUs  30s        350.00 iters/s
step_00400   [  27% ] 0001/0080 VUs  08.0s/30s  400.00 iters/s
step_00450 • [   0% ] waiting        0m22.0s   
step_00500 • [   0% ] waiting        0m52.0s   
step_00550 • [   0% ] waiting        1m22.0s   
step_00600 • [   0% ] waiting        1m52.0s   
step_00650 • [   0% ] waiting        2m22.0s   
step_00700 • [   0% ] waiting        2m52.0s   
step_00750 • [   0% ] waiting        3m22.0s   
step_00800 • [   0% ] waiting        3m52.0s   
step_00850 • [   0% ] waiting        4m22.0s   
step_00900 • [   0% ] waiting        4m52.0s   
step_00950 • [   0% ] waiting        5m22.0s   
step_01000 • [   0% ] waiting        5m52.0s   

running (03m38.9s), 0001/0390 VUs, 45591 complete and 0 interrupted iterations
step_00050 ✓ [ 100% ] 000/020 VUs    30s        50.00 iters/s
step_00100 ✓ [ 100% ] 000/020 VUs    30s        100.00 iters/s
step_00150 ✓ [ 100% ] 000/030 VUs    30s        150.00 iters/s
step_00200 ✓ [ 100% ] 000/040 VUs    30s        200.00 iters/s
step_00250 ✓ [ 100% ] 000/050 VUs    30s        250.00 iters/s
step_00300 ✓ [ 100% ] 000/060 VUs    30s        300.00 iters/s
step_00350 ✓ [ 100% ] 0000/0070 VUs  30s        350.00 iters/s
step_00400   [  30% ] 0001/0080 VUs  09.0s/30s  400.00 iters/s
step_00450 • [   0% ] waiting        0m21.0s   
step_00500 • [   0% ] waiting        0m51.0s   
step_00550 • [   0% ] waiting        1m21.0s   
step_00600 • [   0% ] waiting        1m51.0s   
step_00650 • [   0% ] waiting        2m21.0s   
step_00700 • [   0% ] waiting        2m51.0s   
step_00750 • [   0% ] waiting        3m21.0s   
step_00800 • [   0% ] waiting        3m51.0s   
step_00850 • [   0% ] waiting        4m21.0s   
step_00900 • [   0% ] waiting        4m51.0s   
step_00950 • [   0% ] waiting        5m21.0s   
step_01000 • [   0% ] waiting        5m51.0s   

running (03m39.9s), 0001/0390 VUs, 45991 complete and 0 interrupted iterations
step_00050 ✓ [ 100% ] 000/020 VUs    30s        50.00 iters/s
step_00100 ✓ [ 100% ] 000/020 VUs    30s        100.00 iters/s
step_00150 ✓ [ 100% ] 000/030 VUs    30s        150.00 iters/s
step_00200 ✓ [ 100% ] 000/040 VUs    30s        200.00 iters/s
step_00250 ✓ [ 100% ] 000/050 VUs    30s        250.00 iters/s
step_00300 ✓ [ 100% ] 000/060 VUs    30s        300.00 iters/s
step_00350 ✓ [ 100% ] 0000/0070 VUs  30s        350.00 iters/s
step_00400   [  33% ] 0001/0080 VUs  10.0s/30s  400.00 iters/s
step_00450 • [   0% ] waiting        0m20.0s   
step_00500 • [   0% ] waiting        0m50.0s   
step_00550 • [   0% ] waiting        1m20.0s   
step_00600 • [   0% ] waiting        1m50.0s   
step_00650 • [   0% ] waiting        2m20.0s   
step_00700 • [   0% ] waiting        2m50.0s   
step_00750 • [   0% ] waiting        3m20.0s   
step_00800 • [   0% ] waiting        3m50.0s   
step_00850 • [   0% ] waiting        4m20.0s   
step_00900 • [   0% ] waiting        4m50.0s   
step_00950 • [   0% ] waiting        5m20.0s   
step_01000 • [   0% ] waiting        5m50.0s   

running (03m40.9s), 0001/0390 VUs, 46391 complete and 0 interrupted iterations
step_00050 ✓ [ 100% ] 000/020 VUs    30s        50.00 iters/s
step_00100 ✓ [ 100% ] 000/020 VUs    30s        100.00 iters/s
step_00150 ✓ [ 100% ] 000/030 VUs    30s        150.00 iters/s
step_00200 ✓ [ 100% ] 000/040 VUs    30s        200.00 iters/s
step_00250 ✓ [ 100% ] 000/050 VUs    30s        250.00 iters/s
step_00300 ✓ [ 100% ] 000/060 VUs    30s        300.00 iters/s
step_00350 ✓ [ 100% ] 0000/0070 VUs  30s        350.00 iters/s
step_00400   [  37% ] 0001/0080 VUs  11.0s/30s  400.00 iters/s
step_00450 • [   0% ] waiting        0m19.0s   
step_00500 • [   0% ] waiting        0m49.0s   
step_00550 • [   0% ] waiting        1m19.0s   
step_00600 • [   0% ] waiting        1m49.0s   
step_00650 • [   0% ] waiting        2m19.0s   
step_00700 • [   0% ] waiting        2m49.0s   
step_00750 • [   0% ] waiting        3m19.0s   
step_00800 • [   0% ] waiting        3m49.0s   
step_00850 • [   0% ] waiting        4m19.0s   
step_00900 • [   0% ] waiting        4m49.0s   
step_00950 • [   0% ] waiting        5m19.0s   
step_01000 • [   0% ] waiting        5m49.0s   

running (03m41.9s), 0001/0390 VUs, 46791 complete and 0 interrupted iterations
step_00050 ✓ [ 100% ] 000/020 VUs    30s        50.00 iters/s
step_00100 ✓ [ 100% ] 000/020 VUs    30s        100.00 iters/s
step_00150 ✓ [ 100% ] 000/030 VUs    30s        150.00 iters/s
step_00200 ✓ [ 100% ] 000/040 VUs    30s        200.00 iters/s
step_00250 ✓ [ 100% ] 000/050 VUs    30s        250.00 iters/s
step_00300 ✓ [ 100% ] 000/060 VUs    30s        300.00 iters/s
step_00350 ✓ [ 100% ] 0000/0070 VUs  30s        350.00 iters/s
step_00400   [  40% ] 0001/0080 VUs  12.0s/30s  400.00 iters/s
step_00450 • [   0% ] waiting        0m18.0s   
step_00500 • [   0% ] waiting        0m48.0s   
step_00550 • [   0% ] waiting        1m18.0s   
step_00600 • [   0% ] waiting        1m48.0s   
step_00650 • [   0% ] waiting        2m18.0s   
step_00700 • [   0% ] waiting        2m48.0s   
step_00750 • [   0% ] waiting        3m18.0s   
step_00800 • [   0% ] waiting        3m48.0s   
step_00850 • [   0% ] waiting        4m18.0s   
step_00900 • [   0% ] waiting        4m48.0s   
step_00950 • [   0% ] waiting        5m18.0s   
step_01000 • [   0% ] waiting        5m48.0s   

running (03m42.9s), 0001/0390 VUs, 47191 complete and 0 interrupted iterations
step_00050 ✓ [ 100% ] 000/020 VUs    30s        50.00 iters/s
step_00100 ✓ [ 100% ] 000/020 VUs    30s        100.00 iters/s
step_00150 ✓ [ 100% ] 000/030 VUs    30s        150.00 iters/s
step_00200 ✓ [ 100% ] 000/040 VUs    30s        200.00 iters/s
step_00250 ✓ [ 100% ] 000/050 VUs    30s        250.00 iters/s
step_00300 ✓ [ 100% ] 000/060 VUs    30s        300.00 iters/s
step_00350 ✓ [ 100% ] 0000/0070 VUs  30s        350.00 iters/s
step_00400   [  43% ] 0001/0080 VUs  13.0s/30s  400.00 iters/s
step_00450 • [   0% ] waiting        0m17.0s   
step_00500 • [   0% ] waiting        0m47.0s   
step_00550 • [   0% ] waiting        1m17.0s   
step_00600 • [   0% ] waiting        1m47.0s   
step_00650 • [   0% ] waiting        2m17.0s   
step_00700 • [   0% ] waiting        2m47.0s   
step_00750 • [   0% ] waiting        3m17.0s   
step_00800 • [   0% ] waiting        3m47.0s   
step_00850 • [   0% ] waiting        4m17.0s   
step_00900 • [   0% ] waiting        4m47.0s   
step_00950 • [   0% ] waiting        5m17.0s   
step_01000 • [   0% ] waiting        5m47.0s   

running (03m43.9s), 0001/0390 VUs, 47591 complete and 0 interrupted iterations
step_00050 ✓ [ 100% ] 000/020 VUs    30s        50.00 iters/s
step_00100 ✓ [ 100% ] 000/020 VUs    30s        100.00 iters/s
step_00150 ✓ [ 100% ] 000/030 VUs    30s        150.00 iters/s
step_00200 ✓ [ 100% ] 000/040 VUs    30s        200.00 iters/s
step_00250 ✓ [ 100% ] 000/050 VUs    30s        250.00 iters/s
step_00300 ✓ [ 100% ] 000/060 VUs    30s        300.00 iters/s
step_00350 ✓ [ 100% ] 0000/0070 VUs  30s        350.00 iters/s
step_00400   [  47% ] 0001/0080 VUs  14.0s/30s  400.00 iters/s
step_00450 • [   0% ] waiting        0m16.0s   
step_00500 • [   0% ] waiting        0m46.0s   
step_00550 • [   0% ] waiting        1m16.0s   
step_00600 • [   0% ] waiting        1m46.0s   
step_00650 • [   0% ] waiting        2m16.0s   
step_00700 • [   0% ] waiting        2m46.0s   
step_00750 • [   0% ] waiting        3m16.0s   
step_00800 • [   0% ] waiting        3m46.0s   
step_00850 • [   0% ] waiting        4m16.0s   
step_00900 • [   0% ] waiting        4m46.0s   
step_00950 • [   0% ] waiting        5m16.0s   
step_01000 • [   0% ] waiting        5m46.0s   

running (03m44.9s), 0001/0390 VUs, 47991 complete and 0 interrupted iterations
step_00050 ✓ [ 100% ] 000/020 VUs    30s        50.00 iters/s
step_00100 ✓ [ 100% ] 000/020 VUs    30s        100.00 iters/s
step_00150 ✓ [ 100% ] 000/030 VUs    30s        150.00 iters/s
step_00200 ✓ [ 100% ] 000/040 VUs    30s        200.00 iters/s
step_00250 ✓ [ 100% ] 000/050 VUs    30s        250.00 iters/s
step_00300 ✓ [ 100% ] 000/060 VUs    30s        300.00 iters/s
step_00350 ✓ [ 100% ] 0000/0070 VUs  30s        350.00 iters/s
step_00400   [  50% ] 0001/0080 VUs  15.0s/30s  400.00 iters/s
step_00450 • [   0% ] waiting        0m15.0s   
step_00500 • [   0% ] waiting        0m45.0s   
step_00550 • [   0% ] waiting        1m15.0s   
step_00600 • [   0% ] waiting        1m45.0s   
step_00650 • [   0% ] waiting        2m15.0s   
step_00700 • [   0% ] waiting        2m45.0s   
step_00750 • [   0% ] waiting        3m15.0s   
step_00800 • [   0% ] waiting        3m45.0s   
step_00850 • [   0% ] waiting        4m15.0s   
step_00900 • [   0% ] waiting        4m45.0s   
step_00950 • [   0% ] waiting        5m15.0s   
step_01000 • [   0% ] waiting        5m45.0s   

running (03m45.9s), 0001/0390 VUs, 48391 complete and 0 interrupted iterations
step_00050 ✓ [ 100% ] 000/020 VUs    30s        50.00 iters/s
step_00100 ✓ [ 100% ] 000/020 VUs    30s        100.00 iters/s
step_00150 ✓ [ 100% ] 000/030 VUs    30s        150.00 iters/s
step_00200 ✓ [ 100% ] 000/040 VUs    30s        200.00 iters/s
step_00250 ✓ [ 100% ] 000/050 VUs    30s        250.00 iters/s
step_00300 ✓ [ 100% ] 000/060 VUs    30s        300.00 iters/s
step_00350 ✓ [ 100% ] 0000/0070 VUs  30s        350.00 iters/s
step_00400   [  53% ] 0001/0080 VUs  16.0s/30s  400.00 iters/s
step_00450 • [   0% ] waiting        0m14.0s   
step_00500 • [   0% ] waiting        0m44.0s   
step_00550 • [   0% ] waiting        1m14.0s   
step_00600 • [   0% ] waiting        1m44.0s   
step_00650 • [   0% ] waiting        2m14.0s   
step_00700 • [   0% ] waiting        2m44.0s   
step_00750 • [   0% ] waiting        3m14.0s   
step_00800 • [   0% ] waiting        3m44.0s   
step_00850 • [   0% ] waiting        4m14.0s   
step_00900 • [   0% ] waiting        4m44.0s   
step_00950 • [   0% ] waiting        5m14.0s   
step_01000 • [   0% ] waiting        5m44.0s   

running (03m46.9s), 0001/0390 VUs, 48791 complete and 0 interrupted iterations
step_00050 ✓ [ 100% ] 000/020 VUs    30s        50.00 iters/s
step_00100 ✓ [ 100% ] 000/020 VUs    30s        100.00 iters/s
step_00150 ✓ [ 100% ] 000/030 VUs    30s        150.00 iters/s
step_00200 ✓ [ 100% ] 000/040 VUs    30s        200.00 iters/s
step_00250 ✓ [ 100% ] 000/050 VUs    30s        250.00 iters/s
step_00300 ✓ [ 100% ] 000/060 VUs    30s        300.00 iters/s
step_00350 ✓ [ 100% ] 0000/0070 VUs  30s        350.00 iters/s
step_00400   [  57% ] 0001/0080 VUs  17.0s/30s  400.00 iters/s
step_00450 • [   0% ] waiting        0m13.0s   
step_00500 • [   0% ] waiting        0m43.0s   
step_00550 • [   0% ] waiting        1m13.0s   
step_00600 • [   0% ] waiting        1m43.0s   
step_00650 • [   0% ] waiting        2m13.0s   
step_00700 • [   0% ] waiting        2m43.0s   
step_00750 • [   0% ] waiting        3m13.0s   
step_00800 • [   0% ] waiting        3m43.0s   
step_00850 • [   0% ] waiting        4m13.0s   
step_00900 • [   0% ] waiting        4m43.0s   
step_00950 • [   0% ] waiting        5m13.0s   
step_01000 • [   0% ] waiting        5m43.0s   

running (03m47.9s), 0001/0390 VUs, 49191 complete and 0 interrupted iterations
step_00050 ✓ [ 100% ] 000/020 VUs    30s        50.00 iters/s
step_00100 ✓ [ 100% ] 000/020 VUs    30s        100.00 iters/s
step_00150 ✓ [ 100% ] 000/030 VUs    30s        150.00 iters/s
step_00200 ✓ [ 100% ] 000/040 VUs    30s        200.00 iters/s
step_00250 ✓ [ 100% ] 000/050 VUs    30s        250.00 iters/s
step_00300 ✓ [ 100% ] 000/060 VUs    30s        300.00 iters/s
step_00350 ✓ [ 100% ] 0000/0070 VUs  30s        350.00 iters/s
step_00400   [  60% ] 0001/0080 VUs  18.0s/30s  400.00 iters/s
step_00450 • [   0% ] waiting        0m12.0s   
step_00500 • [   0% ] waiting        0m42.0s   
step_00550 • [   0% ] waiting        1m12.0s   
step_00600 • [   0% ] waiting        1m42.0s   
step_00650 • [   0% ] waiting        2m12.0s   
step_00700 • [   0% ] waiting        2m42.0s   
step_00750 • [   0% ] waiting        3m12.0s   
step_00800 • [   0% ] waiting        3m42.0s   
step_00850 • [   0% ] waiting        4m12.0s   
step_00900 • [   0% ] waiting        4m42.0s   
step_00950 • [   0% ] waiting        5m12.0s   
step_01000 • [   0% ] waiting        5m42.0s   

running (03m48.9s), 0001/0390 VUs, 49591 complete and 0 interrupted iterations
step_00050 ✓ [ 100% ] 000/020 VUs    30s        50.00 iters/s
step_00100 ✓ [ 100% ] 000/020 VUs    30s        100.00 iters/s
step_00150 ✓ [ 100% ] 000/030 VUs    30s        150.00 iters/s
step_00200 ✓ [ 100% ] 000/040 VUs    30s        200.00 iters/s
step_00250 ✓ [ 100% ] 000/050 VUs    30s        250.00 iters/s
step_00300 ✓ [ 100% ] 000/060 VUs    30s        300.00 iters/s
step_00350 ✓ [ 100% ] 0000/0070 VUs  30s        350.00 iters/s
step_00400   [  63% ] 0001/0080 VUs  19.0s/30s  400.00 iters/s
step_00450 • [   0% ] waiting        0m11.0s   
step_00500 • [   0% ] waiting        0m41.0s   
step_00550 • [   0% ] waiting        1m11.0s   
step_00600 • [   0% ] waiting        1m41.0s   
step_00650 • [   0% ] waiting        2m11.0s   
step_00700 • [   0% ] waiting        2m41.0s   
step_00750 • [   0% ] waiting        3m11.0s   
step_00800 • [   0% ] waiting        3m41.0s   
step_00850 • [   0% ] waiting        4m11.0s   
step_00900 • [   0% ] waiting        4m41.0s   
step_00950 • [   0% ] waiting        5m11.0s   
step_01000 • [   0% ] waiting        5m41.0s   

running (03m49.9s), 0001/0390 VUs, 49991 complete and 0 interrupted iterations
step_00050 ✓ [ 100% ] 000/020 VUs    30s        50.00 iters/s
step_00100 ✓ [ 100% ] 000/020 VUs    30s        100.00 iters/s
step_00150 ✓ [ 100% ] 000/030 VUs    30s        150.00 iters/s
step_00200 ✓ [ 100% ] 000/040 VUs    30s        200.00 iters/s
step_00250 ✓ [ 100% ] 000/050 VUs    30s        250.00 iters/s
step_00300 ✓ [ 100% ] 000/060 VUs    30s        300.00 iters/s
step_00350 ✓ [ 100% ] 0000/0070 VUs  30s        350.00 iters/s
step_00400   [  67% ] 0001/0080 VUs  20.0s/30s  400.00 iters/s
step_00450 • [   0% ] waiting        0m10.0s   
step_00500 • [   0% ] waiting        0m40.0s   
step_00550 • [   0% ] waiting        1m10.0s   
step_00600 • [   0% ] waiting        1m40.0s   
step_00650 • [   0% ] waiting        2m10.0s   
step_00700 • [   0% ] waiting        2m40.0s   
step_00750 • [   0% ] waiting        3m10.0s   
step_00800 • [   0% ] waiting        3m40.0s   
step_00850 • [   0% ] waiting        4m10.0s   
step_00900 • [   0% ] waiting        4m40.0s   
step_00950 • [   0% ] waiting        5m10.0s   
step_01000 • [   0% ] waiting        5m40.0s   

running (03m50.9s), 0001/0390 VUs, 50391 complete and 0 interrupted iterations
step_00050 ✓ [ 100% ] 000/020 VUs    30s        50.00 iters/s
step_00100 ✓ [ 100% ] 000/020 VUs    30s        100.00 iters/s
step_00150 ✓ [ 100% ] 000/030 VUs    30s        150.00 iters/s
step_00200 ✓ [ 100% ] 000/040 VUs    30s        200.00 iters/s
step_00250 ✓ [ 100% ] 000/050 VUs    30s        250.00 iters/s
step_00300 ✓ [ 100% ] 000/060 VUs    30s        300.00 iters/s
step_00350 ✓ [ 100% ] 0000/0070 VUs  30s        350.00 iters/s
step_00400   [  70% ] 0001/0080 VUs  21.0s/30s  400.00 iters/s
step_00450 • [   0% ] waiting        0m09.0s   
step_00500 • [   0% ] waiting        0m39.0s   
step_00550 • [   0% ] waiting        1m09.0s   
step_00600 • [   0% ] waiting        1m39.0s   
step_00650 • [   0% ] waiting        2m09.0s   
step_00700 • [   0% ] waiting        2m39.0s   
step_00750 • [   0% ] waiting        3m09.0s   
step_00800 • [   0% ] waiting        3m39.0s   
step_00850 • [   0% ] waiting        4m09.0s   
step_00900 • [   0% ] waiting        4m39.0s   
step_00950 • [   0% ] waiting        5m09.0s   
step_01000 • [   0% ] waiting        5m39.0s   

running (03m51.9s), 0001/0390 VUs, 50791 complete and 0 interrupted iterations
step_00050 ✓ [ 100% ] 000/020 VUs    30s        50.00 iters/s
step_00100 ✓ [ 100% ] 000/020 VUs    30s        100.00 iters/s
step_00150 ✓ [ 100% ] 000/030 VUs    30s        150.00 iters/s
step_00200 ✓ [ 100% ] 000/040 VUs    30s        200.00 iters/s
step_00250 ✓ [ 100% ] 000/050 VUs    30s        250.00 iters/s
step_00300 ✓ [ 100% ] 000/060 VUs    30s        300.00 iters/s
step_00350 ✓ [ 100% ] 0000/0070 VUs  30s        350.00 iters/s
step_00400   [  73% ] 0001/0080 VUs  22.0s/30s  400.00 iters/s
step_00450 • [   0% ] waiting        0m08.0s   
step_00500 • [   0% ] waiting        0m38.0s   
step_00550 • [   0% ] waiting        1m08.0s   
step_00600 • [   0% ] waiting        1m38.0s   
step_00650 • [   0% ] waiting        2m08.0s   
step_00700 • [   0% ] waiting        2m38.0s   
step_00750 • [   0% ] waiting        3m08.0s   
step_00800 • [   0% ] waiting        3m38.0s   
step_00850 • [   0% ] waiting        4m08.0s   
step_00900 • [   0% ] waiting        4m38.0s   
step_00950 • [   0% ] waiting        5m08.0s   
step_01000 • [   0% ] waiting        5m38.0s   

running (03m52.9s), 0001/0390 VUs, 51191 complete and 0 interrupted iterations
step_00050 ✓ [ 100% ] 000/020 VUs    30s        50.00 iters/s
step_00100 ✓ [ 100% ] 000/020 VUs    30s        100.00 iters/s
step_00150 ✓ [ 100% ] 000/030 VUs    30s        150.00 iters/s
step_00200 ✓ [ 100% ] 000/040 VUs    30s        200.00 iters/s
step_00250 ✓ [ 100% ] 000/050 VUs    30s        250.00 iters/s
step_00300 ✓ [ 100% ] 000/060 VUs    30s        300.00 iters/s
step_00350 ✓ [ 100% ] 0000/0070 VUs  30s        350.00 iters/s
step_00400   [  77% ] 0001/0080 VUs  23.0s/30s  400.00 iters/s
step_00450 • [   0% ] waiting        0m07.0s   
step_00500 • [   0% ] waiting        0m37.0s   
step_00550 • [   0% ] waiting        1m07.0s   
step_00600 • [   0% ] waiting        1m37.0s   
step_00650 • [   0% ] waiting        2m07.0s   
step_00700 • [   0% ] waiting        2m37.0s   
step_00750 • [   0% ] waiting        3m07.0s   
step_00800 • [   0% ] waiting        3m37.0s   
step_00850 • [   0% ] waiting        4m07.0s   
step_00900 • [   0% ] waiting        4m37.0s   
step_00950 • [   0% ] waiting        5m07.0s   
step_01000 • [   0% ] waiting        5m37.0s   

running (03m53.9s), 0001/0390 VUs, 51591 complete and 0 interrupted iterations
step_00050 ✓ [ 100% ] 000/020 VUs    30s        50.00 iters/s
step_00100 ✓ [ 100% ] 000/020 VUs    30s        100.00 iters/s
step_00150 ✓ [ 100% ] 000/030 VUs    30s        150.00 iters/s
step_00200 ✓ [ 100% ] 000/040 VUs    30s        200.00 iters/s
step_00250 ✓ [ 100% ] 000/050 VUs    30s        250.00 iters/s
step_00300 ✓ [ 100% ] 000/060 VUs    30s        300.00 iters/s
step_00350 ✓ [ 100% ] 0000/0070 VUs  30s        350.00 iters/s
step_00400   [  80% ] 0001/0080 VUs  24.0s/30s  400.00 iters/s
step_00450 • [   0% ] waiting        0m06.0s   
step_00500 • [   0% ] waiting        0m36.0s   
step_00550 • [   0% ] waiting        1m06.0s   
step_00600 • [   0% ] waiting        1m36.0s   
step_00650 • [   0% ] waiting        2m06.0s   
step_00700 • [   0% ] waiting        2m36.0s   
step_00750 • [   0% ] waiting        3m06.0s   
step_00800 • [   0% ] waiting        3m36.0s   
step_00850 • [   0% ] waiting        4m06.0s   
step_00900 • [   0% ] waiting        4m36.0s   
step_00950 • [   0% ] waiting        5m06.0s   
step_01000 • [   0% ] waiting        5m36.0s   

running (03m54.9s), 0001/0390 VUs, 51991 complete and 0 interrupted iterations
step_00050 ✓ [ 100% ] 000/020 VUs    30s        50.00 iters/s
step_00100 ✓ [ 100% ] 000/020 VUs    30s        100.00 iters/s
step_00150 ✓ [ 100% ] 000/030 VUs    30s        150.00 iters/s
step_00200 ✓ [ 100% ] 000/040 VUs    30s        200.00 iters/s
step_00250 ✓ [ 100% ] 000/050 VUs    30s        250.00 iters/s
step_00300 ✓ [ 100% ] 000/060 VUs    30s        300.00 iters/s
step_00350 ✓ [ 100% ] 0000/0070 VUs  30s        350.00 iters/s
step_00400   [  83% ] 0001/0080 VUs  25.0s/30s  400.00 iters/s
step_00450 • [   0% ] waiting        0m05.0s   
step_00500 • [   0% ] waiting        0m35.0s   
step_00550 • [   0% ] waiting        1m05.0s   
step_00600 • [   0% ] waiting        1m35.0s   
step_00650 • [   0% ] waiting        2m05.0s   
step_00700 • [   0% ] waiting        2m35.0s   
step_00750 • [   0% ] waiting        3m05.0s   
step_00800 • [   0% ] waiting        3m35.0s   
step_00850 • [   0% ] waiting        4m05.0s   
step_00900 • [   0% ] waiting        4m35.0s   
step_00950 • [   0% ] waiting        5m05.0s   
step_01000 • [   0% ] waiting        5m35.0s   

running (03m55.9s), 0001/0390 VUs, 52391 complete and 0 interrupted iterations
step_00050 ✓ [ 100% ] 000/020 VUs    30s        50.00 iters/s
step_00100 ✓ [ 100% ] 000/020 VUs    30s        100.00 iters/s
step_00150 ✓ [ 100% ] 000/030 VUs    30s        150.00 iters/s
step_00200 ✓ [ 100% ] 000/040 VUs    30s        200.00 iters/s
step_00250 ✓ [ 100% ] 000/050 VUs    30s        250.00 iters/s
step_00300 ✓ [ 100% ] 000/060 VUs    30s        300.00 iters/s
step_00350 ✓ [ 100% ] 0000/0070 VUs  30s        350.00 iters/s
step_00400   [  87% ] 0001/0080 VUs  26.0s/30s  400.00 iters/s
step_00450 • [   0% ] waiting        0m04.0s   
step_00500 • [   0% ] waiting        0m34.0s   
step_00550 • [   0% ] waiting        1m04.0s   
step_00600 • [   0% ] waiting        1m34.0s   
step_00650 • [   0% ] waiting        2m04.0s   
step_00700 • [   0% ] waiting        2m34.0s   
step_00750 • [   0% ] waiting        3m04.0s   
step_00800 • [   0% ] waiting        3m34.0s   
step_00850 • [   0% ] waiting        4m04.0s   
step_00900 • [   0% ] waiting        4m34.0s   
step_00950 • [   0% ] waiting        5m04.0s   
step_01000 • [   0% ] waiting        5m34.0s   

running (03m56.9s), 0001/0390 VUs, 52791 complete and 0 interrupted iterations
step_00050 ✓ [ 100% ] 000/020 VUs    30s        50.00 iters/s
step_00100 ✓ [ 100% ] 000/020 VUs    30s        100.00 iters/s
step_00150 ✓ [ 100% ] 000/030 VUs    30s        150.00 iters/s
step_00200 ✓ [ 100% ] 000/040 VUs    30s        200.00 iters/s
step_00250 ✓ [ 100% ] 000/050 VUs    30s        250.00 iters/s
step_00300 ✓ [ 100% ] 000/060 VUs    30s        300.00 iters/s
step_00350 ✓ [ 100% ] 0000/0070 VUs  30s        350.00 iters/s
step_00400   [  90% ] 0001/0080 VUs  27.0s/30s  400.00 iters/s
step_00450 • [   0% ] waiting        0m03.0s   
step_00500 • [   0% ] waiting        0m33.0s   
step_00550 • [   0% ] waiting        1m03.0s   
step_00600 • [   0% ] waiting        1m33.0s   
step_00650 • [   0% ] waiting        2m03.0s   
step_00700 • [   0% ] waiting        2m33.0s   
step_00750 • [   0% ] waiting        3m03.0s   
step_00800 • [   0% ] waiting        3m33.0s   
step_00850 • [   0% ] waiting        4m03.0s   
step_00900 • [   0% ] waiting        4m33.0s   
step_00950 • [   0% ] waiting        5m03.0s   
step_01000 • [   0% ] waiting        5m33.0s   

running (03m57.9s), 0001/0390 VUs, 53191 complete and 0 interrupted iterations
step_00050 ✓ [ 100% ] 000/020 VUs    30s        50.00 iters/s
step_00100 ✓ [ 100% ] 000/020 VUs    30s        100.00 iters/s
step_00150 ✓ [ 100% ] 000/030 VUs    30s        150.00 iters/s
step_00200 ✓ [ 100% ] 000/040 VUs    30s        200.00 iters/s
step_00250 ✓ [ 100% ] 000/050 VUs    30s        250.00 iters/s
step_00300 ✓ [ 100% ] 000/060 VUs    30s        300.00 iters/s
step_00350 ✓ [ 100% ] 0000/0070 VUs  30s        350.00 iters/s
step_00400   [  93% ] 0001/0080 VUs  28.0s/30s  400.00 iters/s
step_00450 • [   0% ] waiting        0m02.0s   
step_00500 • [   0% ] waiting        0m32.0s   
step_00550 • [   0% ] waiting        1m02.0s   
step_00600 • [   0% ] waiting        1m32.0s   
step_00650 • [   0% ] waiting        2m02.0s   
step_00700 • [   0% ] waiting        2m32.0s   
step_00750 • [   0% ] waiting        3m02.0s   
step_00800 • [   0% ] waiting        3m32.0s   
step_00850 • [   0% ] waiting        4m02.0s   
step_00900 • [   0% ] waiting        4m32.0s   
step_00950 • [   0% ] waiting        5m02.0s   
step_01000 • [   0% ] waiting        5m32.0s   

running (03m58.9s), 0001/0390 VUs, 53591 complete and 0 interrupted iterations
step_00050 ✓ [ 100% ] 000/020 VUs    30s        50.00 iters/s
step_00100 ✓ [ 100% ] 000/020 VUs    30s        100.00 iters/s
step_00150 ✓ [ 100% ] 000/030 VUs    30s        150.00 iters/s
step_00200 ✓ [ 100% ] 000/040 VUs    30s        200.00 iters/s
step_00250 ✓ [ 100% ] 000/050 VUs    30s        250.00 iters/s
step_00300 ✓ [ 100% ] 000/060 VUs    30s        300.00 iters/s
step_00350 ✓ [ 100% ] 0000/0070 VUs  30s        350.00 iters/s
step_00400   [  97% ] 0001/0080 VUs  29.0s/30s  400.00 iters/s
step_00450 • [   0% ] waiting        0m01.0s   
step_00500 • [   0% ] waiting        0m31.0s   
step_00550 • [   0% ] waiting        1m01.0s   
step_00600 • [   0% ] waiting        1m31.0s   
step_00650 • [   0% ] waiting        2m01.0s   
step_00700 • [   0% ] waiting        2m31.0s   
step_00750 • [   0% ] waiting        3m01.0s   
step_00800 • [   0% ] waiting        3m31.0s   
step_00850 • [   0% ] waiting        4m01.0s   
step_00900 • [   0% ] waiting        4m31.0s   
step_00950 • [   0% ] waiting        5m01.0s   
step_01000 • [   0% ] waiting        5m31.0s   

running (03m59.9s), 0001/0390 VUs, 53991 complete and 0 interrupted iterations
step_00050 ✓ [ 100% ] 000/020 VUs    30s        50.00 iters/s
step_00100 ✓ [ 100% ] 000/020 VUs    30s        100.00 iters/s
step_00150 ✓ [ 100% ] 000/030 VUs    30s        150.00 iters/s
step_00200 ✓ [ 100% ] 000/040 VUs    30s        200.00 iters/s
step_00250 ✓ [ 100% ] 000/050 VUs    30s        250.00 iters/s
step_00300 ✓ [ 100% ] 000/060 VUs    30s        300.00 iters/s
step_00350 ✓ [ 100% ] 0000/0070 VUs  30s        350.00 iters/s
step_00400   [ 100% ] 0001/0080 VUs  30.0s/30s  400.00 iters/s
step_00450 • [   0% ] waiting        0m00.0s   
step_00500 • [   0% ] waiting        0m30.0s   
step_00550 • [   0% ] waiting        1m00.0s   
step_00600 • [   0% ] waiting        1m30.0s   
step_00650 • [   0% ] waiting        2m00.0s   
step_00700 • [   0% ] waiting        2m30.0s   
step_00750 • [   0% ] waiting        3m00.0s   
step_00800 • [   0% ] waiting        3m30.0s   
step_00850 • [   0% ] waiting        4m00.0s   
step_00900 • [   0% ] waiting        4m30.0s   
step_00950 • [   0% ] waiting        5m00.0s   
step_01000 • [   0% ] waiting        5m30.0s   

running (04m00.9s), 0001/0390 VUs, 54439 complete and 0 interrupted iterations
step_00050 ✓ [ 100% ] 000/020 VUs    30s        50.00 iters/s
step_00100 ✓ [ 100% ] 000/020 VUs    30s        100.00 iters/s
step_00150 ✓ [ 100% ] 000/030 VUs    30s        150.00 iters/s
step_00200 ✓ [ 100% ] 000/040 VUs    30s        200.00 iters/s
step_00250 ✓ [ 100% ] 000/050 VUs    30s        250.00 iters/s
step_00300 ✓ [ 100% ] 000/060 VUs    30s        300.00 iters/s
step_00350 ✓ [ 100% ] 0000/0070 VUs  30s        350.00 iters/s
step_00400 ✓ [ 100% ] 0000/0080 VUs  30s        400.00 iters/s
step_00450   [   3% ] 0001/0090 VUs  01.0s/30s  450.00 iters/s
step_00500 • [   0% ] waiting        0m29.0s   
step_00550 • [   0% ] waiting        0m59.0s   
step_00600 • [   0% ] waiting        1m29.0s   
step_00650 • [   0% ] waiting        1m59.0s   
step_00700 • [   0% ] waiting        2m29.0s   
step_00750 • [   0% ] waiting        2m59.0s   
step_00800 • [   0% ] waiting        3m29.0s   
step_00850 • [   0% ] waiting        3m59.0s   
step_00900 • [   0% ] waiting        4m29.0s   
step_00950 • [   0% ] waiting        4m59.0s   
step_01000 • [   0% ] waiting        5m29.0s   

running (04m01.9s), 0001/0390 VUs, 54889 complete and 0 interrupted iterations
step_00050 ✓ [ 100% ] 000/020 VUs    30s        50.00 iters/s
step_00100 ✓ [ 100% ] 000/020 VUs    30s        100.00 iters/s
step_00150 ✓ [ 100% ] 000/030 VUs    30s        150.00 iters/s
step_00200 ✓ [ 100% ] 000/040 VUs    30s        200.00 iters/s
step_00250 ✓ [ 100% ] 000/050 VUs    30s        250.00 iters/s
step_00300 ✓ [ 100% ] 000/060 VUs    30s        300.00 iters/s
step_00350 ✓ [ 100% ] 0000/0070 VUs  30s        350.00 iters/s
step_00400 ✓ [ 100% ] 0000/0080 VUs  30s        400.00 iters/s
step_00450   [   7% ] 0001/0090 VUs  02.0s/30s  450.00 iters/s
step_00500 • [   0% ] waiting        0m28.0s   
step_00550 • [   0% ] waiting        0m58.0s   
step_00600 • [   0% ] waiting        1m28.0s   
step_00650 • [   0% ] waiting        1m58.0s   
step_00700 • [   0% ] waiting        2m28.0s   
step_00750 • [   0% ] waiting        2m58.0s   
step_00800 • [   0% ] waiting        3m28.0s   
step_00850 • [   0% ] waiting        3m58.0s   
step_00900 • [   0% ] waiting        4m28.0s   
step_00950 • [   0% ] waiting        4m58.0s   
step_01000 • [   0% ] waiting        5m28.0s   

running (04m02.9s), 0001/0390 VUs, 55339 complete and 0 interrupted iterations
step_00050 ✓ [ 100% ] 000/020 VUs    30s        50.00 iters/s
step_00100 ✓ [ 100% ] 000/020 VUs    30s        100.00 iters/s
step_00150 ✓ [ 100% ] 000/030 VUs    30s        150.00 iters/s
step_00200 ✓ [ 100% ] 000/040 VUs    30s        200.00 iters/s
step_00250 ✓ [ 100% ] 000/050 VUs    30s        250.00 iters/s
step_00300 ✓ [ 100% ] 000/060 VUs    30s        300.00 iters/s
step_00350 ✓ [ 100% ] 0000/0070 VUs  30s        350.00 iters/s
step_00400 ✓ [ 100% ] 0000/0080 VUs  30s        400.00 iters/s
step_00450   [  10% ] 0001/0090 VUs  03.0s/30s  450.00 iters/s
step_00500 • [   0% ] waiting        0m27.0s   
step_00550 • [   0% ] waiting        0m57.0s   
step_00600 • [   0% ] waiting        1m27.0s   
step_00650 • [   0% ] waiting        1m57.0s   
step_00700 • [   0% ] waiting        2m27.0s   
step_00750 • [   0% ] waiting        2m57.0s   
step_00800 • [   0% ] waiting        3m27.0s   
step_00850 • [   0% ] waiting        3m57.0s   
step_00900 • [   0% ] waiting        4m27.0s   
step_00950 • [   0% ] waiting        4m57.0s   
step_01000 • [   0% ] waiting        5m27.0s   

running (04m03.9s), 0000/0390 VUs, 55790 complete and 0 interrupted iterations
step_00050 ✓ [ 100% ] 000/020 VUs    30s        50.00 iters/s
step_00100 ✓ [ 100% ] 000/020 VUs    30s        100.00 iters/s
step_00150 ✓ [ 100% ] 000/030 VUs    30s        150.00 iters/s
step_00200 ✓ [ 100% ] 000/040 VUs    30s        200.00 iters/s
step_00250 ✓ [ 100% ] 000/050 VUs    30s        250.00 iters/s
step_00300 ✓ [ 100% ] 000/060 VUs    30s        300.00 iters/s
step_00350 ✓ [ 100% ] 0000/0070 VUs  30s        350.00 iters/s
step_00400 ✓ [ 100% ] 0000/0080 VUs  30s        400.00 iters/s
step_00450   [  13% ] 0000/0090 VUs  04.0s/30s  450.00 iters/s
step_00500 • [   0% ] waiting        0m26.0s   
step_00550 • [   0% ] waiting        0m56.0s   
step_00600 • [   0% ] waiting        1m26.0s   
step_00650 • [   0% ] waiting        1m56.0s   
step_00700 • [   0% ] waiting        2m26.0s   
step_00750 • [   0% ] waiting        2m56.0s   
step_00800 • [   0% ] waiting        3m26.0s   
step_00850 • [   0% ] waiting        3m56.0s   
step_00900 • [   0% ] waiting        4m26.0s   
step_00950 • [   0% ] waiting        4m56.0s   
step_01000 • [   0% ] waiting        5m26.0s   

running (04m04.9s), 0001/0390 VUs, 56239 complete and 0 interrupted iterations
step_00050 ✓ [ 100% ] 000/020 VUs    30s        50.00 iters/s
step_00100 ✓ [ 100% ] 000/020 VUs    30s        100.00 iters/s
step_00150 ✓ [ 100% ] 000/030 VUs    30s        150.00 iters/s
step_00200 ✓ [ 100% ] 000/040 VUs    30s        200.00 iters/s
step_00250 ✓ [ 100% ] 000/050 VUs    30s        250.00 iters/s
step_00300 ✓ [ 100% ] 000/060 VUs    30s        300.00 iters/s
step_00350 ✓ [ 100% ] 0000/0070 VUs  30s        350.00 iters/s
step_00400 ✓ [ 100% ] 0000/0080 VUs  30s        400.00 iters/s
step_00450   [  17% ] 0001/0090 VUs  05.0s/30s  450.00 iters/s
step_00500 • [   0% ] waiting        0m25.0s   
step_00550 • [   0% ] waiting        0m55.0s   
step_00600 • [   0% ] waiting        1m25.0s   
step_00650 • [   0% ] waiting        1m55.0s   
step_00700 • [   0% ] waiting        2m25.0s   
step_00750 • [   0% ] waiting        2m55.0s   
step_00800 • [   0% ] waiting        3m25.0s   
step_00850 • [   0% ] waiting        3m55.0s   
step_00900 • [   0% ] waiting        4m25.0s   
step_00950 • [   0% ] waiting        4m55.0s   
step_01000 • [   0% ] waiting        5m25.0s   

running (04m05.9s), 0001/0390 VUs, 56689 complete and 0 interrupted iterations
step_00050 ✓ [ 100% ] 000/020 VUs    30s        50.00 iters/s
step_00100 ✓ [ 100% ] 000/020 VUs    30s        100.00 iters/s
step_00150 ✓ [ 100% ] 000/030 VUs    30s        150.00 iters/s
step_00200 ✓ [ 100% ] 000/040 VUs    30s        200.00 iters/s
step_00250 ✓ [ 100% ] 000/050 VUs    30s        250.00 iters/s
step_00300 ✓ [ 100% ] 000/060 VUs    30s        300.00 iters/s
step_00350 ✓ [ 100% ] 0000/0070 VUs  30s        350.00 iters/s
step_00400 ✓ [ 100% ] 0000/0080 VUs  30s        400.00 iters/s
step_00450   [  20% ] 0001/0090 VUs  06.0s/30s  450.00 iters/s
step_00500 • [   0% ] waiting        0m24.0s   
step_00550 • [   0% ] waiting        0m54.0s   
step_00600 • [   0% ] waiting        1m24.0s   
step_00650 • [   0% ] waiting        1m54.0s   
step_00700 • [   0% ] waiting        2m24.0s   
step_00750 • [   0% ] waiting        2m54.0s   
step_00800 • [   0% ] waiting        3m24.0s   
step_00850 • [   0% ] waiting        3m54.0s   
step_00900 • [   0% ] waiting        4m24.0s   
step_00950 • [   0% ] waiting        4m54.0s   
step_01000 • [   0% ] waiting        5m24.0s   

running (04m06.9s), 0001/0390 VUs, 57139 complete and 0 interrupted iterations
step_00050 ✓ [ 100% ] 000/020 VUs    30s        50.00 iters/s
step_00100 ✓ [ 100% ] 000/020 VUs    30s        100.00 iters/s
step_00150 ✓ [ 100% ] 000/030 VUs    30s        150.00 iters/s
step_00200 ✓ [ 100% ] 000/040 VUs    30s        200.00 iters/s
step_00250 ✓ [ 100% ] 000/050 VUs    30s        250.00 iters/s
step_00300 ✓ [ 100% ] 000/060 VUs    30s        300.00 iters/s
step_00350 ✓ [ 100% ] 0000/0070 VUs  30s        350.00 iters/s
step_00400 ✓ [ 100% ] 0000/0080 VUs  30s        400.00 iters/s
step_00450   [  23% ] 0001/0090 VUs  07.0s/30s  450.00 iters/s
step_00500 • [   0% ] waiting        0m23.0s   
step_00550 • [   0% ] waiting        0m53.0s   
step_00600 • [   0% ] waiting        1m23.0s   
step_00650 • [   0% ] waiting        1m53.0s   
step_00700 • [   0% ] waiting        2m23.0s   
step_00750 • [   0% ] waiting        2m53.0s   
step_00800 • [   0% ] waiting        3m23.0s   
step_00850 • [   0% ] waiting        3m53.0s   
step_00900 • [   0% ] waiting        4m23.0s   
step_00950 • [   0% ] waiting        4m53.0s   
step_01000 • [   0% ] waiting        5m23.0s   

running (04m07.9s), 0000/0390 VUs, 57590 complete and 0 interrupted iterations
step_00050 ✓ [ 100% ] 000/020 VUs    30s        50.00 iters/s
step_00100 ✓ [ 100% ] 000/020 VUs    30s        100.00 iters/s
step_00150 ✓ [ 100% ] 000/030 VUs    30s        150.00 iters/s
step_00200 ✓ [ 100% ] 000/040 VUs    30s        200.00 iters/s
step_00250 ✓ [ 100% ] 000/050 VUs    30s        250.00 iters/s
step_00300 ✓ [ 100% ] 000/060 VUs    30s        300.00 iters/s
step_00350 ✓ [ 100% ] 0000/0070 VUs  30s        350.00 iters/s
step_00400 ✓ [ 100% ] 0000/0080 VUs  30s        400.00 iters/s
step_00450   [  27% ] 0000/0090 VUs  08.0s/30s  450.00 iters/s
step_00500 • [   0% ] waiting        0m22.0s   
step_00550 • [   0% ] waiting        0m52.0s   
step_00600 • [   0% ] waiting        1m22.0s   
step_00650 • [   0% ] waiting        1m52.0s   
step_00700 • [   0% ] waiting        2m22.0s   
step_00750 • [   0% ] waiting        2m52.0s   
step_00800 • [   0% ] waiting        3m22.0s   
step_00850 • [   0% ] waiting        3m52.0s   
step_00900 • [   0% ] waiting        4m22.0s   
step_00950 • [   0% ] waiting        4m52.0s   
step_01000 • [   0% ] waiting        5m22.0s   

running (04m08.9s), 0001/0390 VUs, 58039 complete and 0 interrupted iterations
step_00050 ✓ [ 100% ] 000/020 VUs    30s        50.00 iters/s
step_00100 ✓ [ 100% ] 000/020 VUs    30s        100.00 iters/s
step_00150 ✓ [ 100% ] 000/030 VUs    30s        150.00 iters/s
step_00200 ✓ [ 100% ] 000/040 VUs    30s        200.00 iters/s
step_00250 ✓ [ 100% ] 000/050 VUs    30s        250.00 iters/s
step_00300 ✓ [ 100% ] 000/060 VUs    30s        300.00 iters/s
step_00350 ✓ [ 100% ] 0000/0070 VUs  30s        350.00 iters/s
step_00400 ✓ [ 100% ] 0000/0080 VUs  30s        400.00 iters/s
step_00450   [  30% ] 0001/0090 VUs  09.0s/30s  450.00 iters/s
step_00500 • [   0% ] waiting        0m21.0s   
step_00550 • [   0% ] waiting        0m51.0s   
step_00600 • [   0% ] waiting        1m21.0s   
step_00650 • [   0% ] waiting        1m51.0s   
step_00700 • [   0% ] waiting        2m21.0s   
step_00750 • [   0% ] waiting        2m51.0s   
step_00800 • [   0% ] waiting        3m21.0s   
step_00850 • [   0% ] waiting        3m51.0s   
step_00900 • [   0% ] waiting        4m21.0s   
step_00950 • [   0% ] waiting        4m51.0s   
step_01000 • [   0% ] waiting        5m21.0s   

running (04m09.9s), 0001/0390 VUs, 58489 complete and 0 interrupted iterations
step_00050 ✓ [ 100% ] 000/020 VUs    30s        50.00 iters/s
step_00100 ✓ [ 100% ] 000/020 VUs    30s        100.00 iters/s
step_00150 ✓ [ 100% ] 000/030 VUs    30s        150.00 iters/s
step_00200 ✓ [ 100% ] 000/040 VUs    30s        200.00 iters/s
step_00250 ✓ [ 100% ] 000/050 VUs    30s        250.00 iters/s
step_00300 ✓ [ 100% ] 000/060 VUs    30s        300.00 iters/s
step_00350 ✓ [ 100% ] 0000/0070 VUs  30s        350.00 iters/s
step_00400 ✓ [ 100% ] 0000/0080 VUs  30s        400.00 iters/s
step_00450   [  33% ] 0001/0090 VUs  10.0s/30s  450.00 iters/s
step_00500 • [   0% ] waiting        0m20.0s   
step_00550 • [   0% ] waiting        0m50.0s   
step_00600 • [   0% ] waiting        1m20.0s   
step_00650 • [   0% ] waiting        1m50.0s   
step_00700 • [   0% ] waiting        2m20.0s   
step_00750 • [   0% ] waiting        2m50.0s   
step_00800 • [   0% ] waiting        3m20.0s   
step_00850 • [   0% ] waiting        3m50.0s   
step_00900 • [   0% ] waiting        4m20.0s   
step_00950 • [   0% ] waiting        4m50.0s   
step_01000 • [   0% ] waiting        5m20.0s   

running (04m10.9s), 0000/0390 VUs, 58940 complete and 0 interrupted iterations
step_00050 ✓ [ 100% ] 000/020 VUs    30s        50.00 iters/s
step_00100 ✓ [ 100% ] 000/020 VUs    30s        100.00 iters/s
step_00150 ✓ [ 100% ] 000/030 VUs    30s        150.00 iters/s
step_00200 ✓ [ 100% ] 000/040 VUs    30s        200.00 iters/s
step_00250 ✓ [ 100% ] 000/050 VUs    30s        250.00 iters/s
step_00300 ✓ [ 100% ] 000/060 VUs    30s        300.00 iters/s
step_00350 ✓ [ 100% ] 0000/0070 VUs  30s        350.00 iters/s
step_00400 ✓ [ 100% ] 0000/0080 VUs  30s        400.00 iters/s
step_00450   [  37% ] 0000/0090 VUs  11.0s/30s  450.00 iters/s
step_00500 • [   0% ] waiting        0m19.0s   
step_00550 • [   0% ] waiting        0m49.0s   
step_00600 • [   0% ] waiting        1m19.0s   
step_00650 • [   0% ] waiting        1m49.0s   
step_00700 • [   0% ] waiting        2m19.0s   
step_00750 • [   0% ] waiting        2m49.0s   
step_00800 • [   0% ] waiting        3m19.0s   
step_00850 • [   0% ] waiting        3m49.0s   
step_00900 • [   0% ] waiting        4m19.0s   
step_00950 • [   0% ] waiting        4m49.0s   
step_01000 • [   0% ] waiting        5m19.0s   

running (04m11.9s), 0001/0390 VUs, 59389 complete and 0 interrupted iterations
step_00050 ✓ [ 100% ] 000/020 VUs    30s        50.00 iters/s
step_00100 ✓ [ 100% ] 000/020 VUs    30s        100.00 iters/s
step_00150 ✓ [ 100% ] 000/030 VUs    30s        150.00 iters/s
step_00200 ✓ [ 100% ] 000/040 VUs    30s        200.00 iters/s
step_00250 ✓ [ 100% ] 000/050 VUs    30s        250.00 iters/s
step_00300 ✓ [ 100% ] 000/060 VUs    30s        300.00 iters/s
step_00350 ✓ [ 100% ] 0000/0070 VUs  30s        350.00 iters/s
step_00400 ✓ [ 100% ] 0000/0080 VUs  30s        400.00 iters/s
step_00450   [  40% ] 0001/0090 VUs  12.0s/30s  450.00 iters/s
step_00500 • [   0% ] waiting        0m18.0s   
step_00550 • [   0% ] waiting        0m48.0s   
step_00600 • [   0% ] waiting        1m18.0s   
step_00650 • [   0% ] waiting        1m48.0s   
step_00700 • [   0% ] waiting        2m18.0s   
step_00750 • [   0% ] waiting        2m48.0s   
step_00800 • [   0% ] waiting        3m18.0s   
step_00850 • [   0% ] waiting        3m48.0s   
step_00900 • [   0% ] waiting        4m18.0s   
step_00950 • [   0% ] waiting        4m48.0s   
step_01000 • [   0% ] waiting        5m18.0s   

running (04m12.9s), 0001/0390 VUs, 59839 complete and 0 interrupted iterations
step_00050 ✓ [ 100% ] 000/020 VUs    30s        50.00 iters/s
step_00100 ✓ [ 100% ] 000/020 VUs    30s        100.00 iters/s
step_00150 ✓ [ 100% ] 000/030 VUs    30s        150.00 iters/s
step_00200 ✓ [ 100% ] 000/040 VUs    30s        200.00 iters/s
step_00250 ✓ [ 100% ] 000/050 VUs    30s        250.00 iters/s
step_00300 ✓ [ 100% ] 000/060 VUs    30s        300.00 iters/s
step_00350 ✓ [ 100% ] 0000/0070 VUs  30s        350.00 iters/s
step_00400 ✓ [ 100% ] 0000/0080 VUs  30s        400.00 iters/s
step_00450   [  43% ] 0001/0090 VUs  13.0s/30s  450.00 iters/s
step_00500 • [   0% ] waiting        0m17.0s   
step_00550 • [   0% ] waiting        0m47.0s   
step_00600 • [   0% ] waiting        1m17.0s   
step_00650 • [   0% ] waiting        1m47.0s   
step_00700 • [   0% ] waiting        2m17.0s   
step_00750 • [   0% ] waiting        2m47.0s   
step_00800 • [   0% ] waiting        3m17.0s   
step_00850 • [   0% ] waiting        3m47.0s   
step_00900 • [   0% ] waiting        4m17.0s   
step_00950 • [   0% ] waiting        4m47.0s   
step_01000 • [   0% ] waiting        5m17.0s   

running (04m13.9s), 0001/0390 VUs, 60289 complete and 0 interrupted iterations
step_00050 ✓ [ 100% ] 000/020 VUs    30s        50.00 iters/s
step_00100 ✓ [ 100% ] 000/020 VUs    30s        100.00 iters/s
step_00150 ✓ [ 100% ] 000/030 VUs    30s        150.00 iters/s
step_00200 ✓ [ 100% ] 000/040 VUs    30s        200.00 iters/s
step_00250 ✓ [ 100% ] 000/050 VUs    30s        250.00 iters/s
step_00300 ✓ [ 100% ] 000/060 VUs    30s        300.00 iters/s
step_00350 ✓ [ 100% ] 0000/0070 VUs  30s        350.00 iters/s
step_00400 ✓ [ 100% ] 0000/0080 VUs  30s        400.00 iters/s
step_00450   [  47% ] 0001/0090 VUs  14.0s/30s  450.00 iters/s
step_00500 • [   0% ] waiting        0m16.0s   
step_00550 • [   0% ] waiting        0m46.0s   
step_00600 • [   0% ] waiting        1m16.0s   
step_00650 • [   0% ] waiting        1m46.0s   
step_00700 • [   0% ] waiting        2m16.0s   
step_00750 • [   0% ] waiting        2m46.0s   
step_00800 • [   0% ] waiting        3m16.0s   
step_00850 • [   0% ] waiting        3m46.0s   
step_00900 • [   0% ] waiting        4m16.0s   
step_00950 • [   0% ] waiting        4m46.0s   
step_01000 • [   0% ] waiting        5m16.0s   

running (04m14.9s), 0001/0390 VUs, 60739 complete and 0 interrupted iterations
step_00050 ✓ [ 100% ] 000/020 VUs    30s        50.00 iters/s
step_00100 ✓ [ 100% ] 000/020 VUs    30s        100.00 iters/s
step_00150 ✓ [ 100% ] 000/030 VUs    30s        150.00 iters/s
step_00200 ✓ [ 100% ] 000/040 VUs    30s        200.00 iters/s
step_00250 ✓ [ 100% ] 000/050 VUs    30s        250.00 iters/s
step_00300 ✓ [ 100% ] 000/060 VUs    30s        300.00 iters/s
step_00350 ✓ [ 100% ] 0000/0070 VUs  30s        350.00 iters/s
step_00400 ✓ [ 100% ] 0000/0080 VUs  30s        400.00 iters/s
step_00450   [  50% ] 0001/0090 VUs  15.0s/30s  450.00 iters/s
step_00500 • [   0% ] waiting        0m15.0s   
step_00550 • [   0% ] waiting        0m45.0s   
step_00600 • [   0% ] waiting        1m15.0s   
step_00650 • [   0% ] waiting        1m45.0s   
step_00700 • [   0% ] waiting        2m15.0s   
step_00750 • [   0% ] waiting        2m45.0s   
step_00800 • [   0% ] waiting        3m15.0s   
step_00850 • [   0% ] waiting        3m45.0s   
step_00900 • [   0% ] waiting        4m15.0s   
step_00950 • [   0% ] waiting        4m45.0s   
step_01000 • [   0% ] waiting        5m15.0s   

running (04m15.9s), 0001/0390 VUs, 61189 complete and 0 interrupted iterations
step_00050 ✓ [ 100% ] 000/020 VUs    30s        50.00 iters/s
step_00100 ✓ [ 100% ] 000/020 VUs    30s        100.00 iters/s
step_00150 ✓ [ 100% ] 000/030 VUs    30s        150.00 iters/s
step_00200 ✓ [ 100% ] 000/040 VUs    30s        200.00 iters/s
step_00250 ✓ [ 100% ] 000/050 VUs    30s        250.00 iters/s
step_00300 ✓ [ 100% ] 000/060 VUs    30s        300.00 iters/s
step_00350 ✓ [ 100% ] 0000/0070 VUs  30s        350.00 iters/s
step_00400 ✓ [ 100% ] 0000/0080 VUs  30s        400.00 iters/s
step_00450   [  53% ] 0001/0090 VUs  16.0s/30s  450.00 iters/s
step_00500 • [   0% ] waiting        0m14.0s   
step_00550 • [   0% ] waiting        0m44.0s   
step_00600 • [   0% ] waiting        1m14.0s   
step_00650 • [   0% ] waiting        1m44.0s   
step_00700 • [   0% ] waiting        2m14.0s   
step_00750 • [   0% ] waiting        2m44.0s   
step_00800 • [   0% ] waiting        3m14.0s   
step_00850 • [   0% ] waiting        3m44.0s   
step_00900 • [   0% ] waiting        4m14.0s   
step_00950 • [   0% ] waiting        4m44.0s   
step_01000 • [   0% ] waiting        5m14.0s   

running (04m16.9s), 0001/0390 VUs, 61639 complete and 0 interrupted iterations
step_00050 ✓ [ 100% ] 000/020 VUs    30s        50.00 iters/s
step_00100 ✓ [ 100% ] 000/020 VUs    30s        100.00 iters/s
step_00150 ✓ [ 100% ] 000/030 VUs    30s        150.00 iters/s
step_00200 ✓ [ 100% ] 000/040 VUs    30s        200.00 iters/s
step_00250 ✓ [ 100% ] 000/050 VUs    30s        250.00 iters/s
step_00300 ✓ [ 100% ] 000/060 VUs    30s        300.00 iters/s
step_00350 ✓ [ 100% ] 0000/0070 VUs  30s        350.00 iters/s
step_00400 ✓ [ 100% ] 0000/0080 VUs  30s        400.00 iters/s
step_00450   [  57% ] 0001/0090 VUs  17.0s/30s  450.00 iters/s
step_00500 • [   0% ] waiting        0m13.0s   
step_00550 • [   0% ] waiting        0m43.0s   
step_00600 • [   0% ] waiting        1m13.0s   
step_00650 • [   0% ] waiting        1m43.0s   
step_00700 • [   0% ] waiting        2m13.0s   
step_00750 • [   0% ] waiting        2m43.0s   
step_00800 • [   0% ] waiting        3m13.0s   
step_00850 • [   0% ] waiting        3m43.0s   
step_00900 • [   0% ] waiting        4m13.0s   
step_00950 • [   0% ] waiting        4m43.0s   
step_01000 • [   0% ] waiting        5m13.0s   

running (04m17.9s), 0001/0390 VUs, 62089 complete and 0 interrupted iterations
step_00050 ✓ [ 100% ] 000/020 VUs    30s        50.00 iters/s
step_00100 ✓ [ 100% ] 000/020 VUs    30s        100.00 iters/s
step_00150 ✓ [ 100% ] 000/030 VUs    30s        150.00 iters/s
step_00200 ✓ [ 100% ] 000/040 VUs    30s        200.00 iters/s
step_00250 ✓ [ 100% ] 000/050 VUs    30s        250.00 iters/s
step_00300 ✓ [ 100% ] 000/060 VUs    30s        300.00 iters/s
step_00350 ✓ [ 100% ] 0000/0070 VUs  30s        350.00 iters/s
step_00400 ✓ [ 100% ] 0000/0080 VUs  30s        400.00 iters/s
step_00450   [  60% ] 0001/0090 VUs  18.0s/30s  450.00 iters/s
step_00500 • [   0% ] waiting        0m12.0s   
step_00550 • [   0% ] waiting        0m42.0s   
step_00600 • [   0% ] waiting        1m12.0s   
step_00650 • [   0% ] waiting        1m42.0s   
step_00700 • [   0% ] waiting        2m12.0s   
step_00750 • [   0% ] waiting        2m42.0s   
step_00800 • [   0% ] waiting        3m12.0s   
step_00850 • [   0% ] waiting        3m42.0s   
step_00900 • [   0% ] waiting        4m12.0s   
step_00950 • [   0% ] waiting        4m42.0s   
step_01000 • [   0% ] waiting        5m12.0s   

running (04m18.9s), 0001/0390 VUs, 62539 complete and 0 interrupted iterations
step_00050 ✓ [ 100% ] 000/020 VUs    30s        50.00 iters/s
step_00100 ✓ [ 100% ] 000/020 VUs    30s        100.00 iters/s
step_00150 ✓ [ 100% ] 000/030 VUs    30s        150.00 iters/s
step_00200 ✓ [ 100% ] 000/040 VUs    30s        200.00 iters/s
step_00250 ✓ [ 100% ] 000/050 VUs    30s        250.00 iters/s
step_00300 ✓ [ 100% ] 000/060 VUs    30s        300.00 iters/s
step_00350 ✓ [ 100% ] 0000/0070 VUs  30s        350.00 iters/s
step_00400 ✓ [ 100% ] 0000/0080 VUs  30s        400.00 iters/s
step_00450   [  63% ] 0001/0090 VUs  19.0s/30s  450.00 iters/s
step_00500 • [   0% ] waiting        0m11.0s   
step_00550 • [   0% ] waiting        0m41.0s   
step_00600 • [   0% ] waiting        1m11.0s   
step_00650 • [   0% ] waiting        1m41.0s   
step_00700 • [   0% ] waiting        2m11.0s   
step_00750 • [   0% ] waiting        2m41.0s   
step_00800 • [   0% ] waiting        3m11.0s   
step_00850 • [   0% ] waiting        3m41.0s   
step_00900 • [   0% ] waiting        4m11.0s   
step_00950 • [   0% ] waiting        4m41.0s   
step_01000 • [   0% ] waiting        5m11.0s   

running (04m19.9s), 0001/0390 VUs, 62989 complete and 0 interrupted iterations
step_00050 ✓ [ 100% ] 000/020 VUs    30s        50.00 iters/s
step_00100 ✓ [ 100% ] 000/020 VUs    30s        100.00 iters/s
step_00150 ✓ [ 100% ] 000/030 VUs    30s        150.00 iters/s
step_00200 ✓ [ 100% ] 000/040 VUs    30s        200.00 iters/s
step_00250 ✓ [ 100% ] 000/050 VUs    30s        250.00 iters/s
step_00300 ✓ [ 100% ] 000/060 VUs    30s        300.00 iters/s
step_00350 ✓ [ 100% ] 0000/0070 VUs  30s        350.00 iters/s
step_00400 ✓ [ 100% ] 0000/0080 VUs  30s        400.00 iters/s
step_00450   [  67% ] 0001/0090 VUs  20.0s/30s  450.00 iters/s
step_00500 • [   0% ] waiting        0m10.0s   
step_00550 • [   0% ] waiting        0m40.0s   
step_00600 • [   0% ] waiting        1m10.0s   
step_00650 • [   0% ] waiting        1m40.0s   
step_00700 • [   0% ] waiting        2m10.0s   
step_00750 • [   0% ] waiting        2m40.0s   
step_00800 • [   0% ] waiting        3m10.0s   
step_00850 • [   0% ] waiting        3m40.0s   
step_00900 • [   0% ] waiting        4m10.0s   
step_00950 • [   0% ] waiting        4m40.0s   
step_01000 • [   0% ] waiting        5m10.0s   

running (04m20.9s), 0001/0390 VUs, 63439 complete and 0 interrupted iterations
step_00050 ✓ [ 100% ] 000/020 VUs    30s        50.00 iters/s
step_00100 ✓ [ 100% ] 000/020 VUs    30s        100.00 iters/s
step_00150 ✓ [ 100% ] 000/030 VUs    30s        150.00 iters/s
step_00200 ✓ [ 100% ] 000/040 VUs    30s        200.00 iters/s
step_00250 ✓ [ 100% ] 000/050 VUs    30s        250.00 iters/s
step_00300 ✓ [ 100% ] 000/060 VUs    30s        300.00 iters/s
step_00350 ✓ [ 100% ] 0000/0070 VUs  30s        350.00 iters/s
step_00400 ✓ [ 100% ] 0000/0080 VUs  30s        400.00 iters/s
step_00450   [  70% ] 0001/0090 VUs  21.0s/30s  450.00 iters/s
step_00500 • [   0% ] waiting        0m09.0s   
step_00550 • [   0% ] waiting        0m39.0s   
step_00600 • [   0% ] waiting        1m09.0s   
step_00650 • [   0% ] waiting        1m39.0s   
step_00700 • [   0% ] waiting        2m09.0s   
step_00750 • [   0% ] waiting        2m39.0s   
step_00800 • [   0% ] waiting        3m09.0s   
step_00850 • [   0% ] waiting        3m39.0s   
step_00900 • [   0% ] waiting        4m09.0s   
step_00950 • [   0% ] waiting        4m39.0s   
step_01000 • [   0% ] waiting        5m09.0s   

running (04m21.9s), 0001/0390 VUs, 63889 complete and 0 interrupted iterations
step_00050 ✓ [ 100% ] 000/020 VUs    30s        50.00 iters/s
step_00100 ✓ [ 100% ] 000/020 VUs    30s        100.00 iters/s
step_00150 ✓ [ 100% ] 000/030 VUs    30s        150.00 iters/s
step_00200 ✓ [ 100% ] 000/040 VUs    30s        200.00 iters/s
step_00250 ✓ [ 100% ] 000/050 VUs    30s        250.00 iters/s
step_00300 ✓ [ 100% ] 000/060 VUs    30s        300.00 iters/s
step_00350 ✓ [ 100% ] 0000/0070 VUs  30s        350.00 iters/s
step_00400 ✓ [ 100% ] 0000/0080 VUs  30s        400.00 iters/s
step_00450   [  73% ] 0001/0090 VUs  22.0s/30s  450.00 iters/s
step_00500 • [   0% ] waiting        0m08.0s   
step_00550 • [   0% ] waiting        0m38.0s   
step_00600 • [   0% ] waiting        1m08.0s   
step_00650 • [   0% ] waiting        1m38.0s   
step_00700 • [   0% ] waiting        2m08.0s   
step_00750 • [   0% ] waiting        2m38.0s   
step_00800 • [   0% ] waiting        3m08.0s   
step_00850 • [   0% ] waiting        3m38.0s   
step_00900 • [   0% ] waiting        4m08.0s   
step_00950 • [   0% ] waiting        4m38.0s   
step_01000 • [   0% ] waiting        5m08.0s   

running (04m22.9s), 0001/0390 VUs, 64339 complete and 0 interrupted iterations
step_00050 ✓ [ 100% ] 000/020 VUs    30s        50.00 iters/s
step_00100 ✓ [ 100% ] 000/020 VUs    30s        100.00 iters/s
step_00150 ✓ [ 100% ] 000/030 VUs    30s        150.00 iters/s
step_00200 ✓ [ 100% ] 000/040 VUs    30s        200.00 iters/s
step_00250 ✓ [ 100% ] 000/050 VUs    30s        250.00 iters/s
step_00300 ✓ [ 100% ] 000/060 VUs    30s        300.00 iters/s
step_00350 ✓ [ 100% ] 0000/0070 VUs  30s        350.00 iters/s
step_00400 ✓ [ 100% ] 0000/0080 VUs  30s        400.00 iters/s
step_00450   [  77% ] 0001/0090 VUs  23.0s/30s  450.00 iters/s
step_00500 • [   0% ] waiting        0m07.0s   
step_00550 • [   0% ] waiting        0m37.0s   
step_00600 • [   0% ] waiting        1m07.0s   
step_00650 • [   0% ] waiting        1m37.0s   
step_00700 • [   0% ] waiting        2m07.0s   
step_00750 • [   0% ] waiting        2m37.0s   
step_00800 • [   0% ] waiting        3m07.0s   
step_00850 • [   0% ] waiting        3m37.0s   
step_00900 • [   0% ] waiting        4m07.0s   
step_00950 • [   0% ] waiting        4m37.0s   
step_01000 • [   0% ] waiting        5m07.0s   

running (04m23.9s), 0000/0390 VUs, 64790 complete and 0 interrupted iterations
step_00050 ✓ [ 100% ] 000/020 VUs    30s        50.00 iters/s
step_00100 ✓ [ 100% ] 000/020 VUs    30s        100.00 iters/s
step_00150 ✓ [ 100% ] 000/030 VUs    30s        150.00 iters/s
step_00200 ✓ [ 100% ] 000/040 VUs    30s        200.00 iters/s
step_00250 ✓ [ 100% ] 000/050 VUs    30s        250.00 iters/s
step_00300 ✓ [ 100% ] 000/060 VUs    30s        300.00 iters/s
step_00350 ✓ [ 100% ] 0000/0070 VUs  30s        350.00 iters/s
step_00400 ✓ [ 100% ] 0000/0080 VUs  30s        400.00 iters/s
step_00450   [  80% ] 0000/0090 VUs  24.0s/30s  450.00 iters/s
step_00500 • [   0% ] waiting        0m06.0s   
step_00550 • [   0% ] waiting        0m36.0s   
step_00600 • [   0% ] waiting        1m06.0s   
step_00650 • [   0% ] waiting        1m36.0s   
step_00700 • [   0% ] waiting        2m06.0s   
step_00750 • [   0% ] waiting        2m36.0s   
step_00800 • [   0% ] waiting        3m06.0s   
step_00850 • [   0% ] waiting        3m36.0s   
step_00900 • [   0% ] waiting        4m06.0s   
step_00950 • [   0% ] waiting        4m36.0s   
step_01000 • [   0% ] waiting        5m06.0s   

running (04m24.9s), 0001/0390 VUs, 65239 complete and 0 interrupted iterations
step_00050 ✓ [ 100% ] 000/020 VUs    30s        50.00 iters/s
step_00100 ✓ [ 100% ] 000/020 VUs    30s        100.00 iters/s
step_00150 ✓ [ 100% ] 000/030 VUs    30s        150.00 iters/s
step_00200 ✓ [ 100% ] 000/040 VUs    30s        200.00 iters/s
step_00250 ✓ [ 100% ] 000/050 VUs    30s        250.00 iters/s
step_00300 ✓ [ 100% ] 000/060 VUs    30s        300.00 iters/s
step_00350 ✓ [ 100% ] 0000/0070 VUs  30s        350.00 iters/s
step_00400 ✓ [ 100% ] 0000/0080 VUs  30s        400.00 iters/s
step_00450   [  83% ] 0001/0090 VUs  25.0s/30s  450.00 iters/s
step_00500 • [   0% ] waiting        0m05.0s   
step_00550 • [   0% ] waiting        0m35.0s   
step_00600 • [   0% ] waiting        1m05.0s   
step_00650 • [   0% ] waiting        1m35.0s   
step_00700 • [   0% ] waiting        2m05.0s   
step_00750 • [   0% ] waiting        2m35.0s   
step_00800 • [   0% ] waiting        3m05.0s   
step_00850 • [   0% ] waiting        3m35.0s   
step_00900 • [   0% ] waiting        4m05.0s   
step_00950 • [   0% ] waiting        4m35.0s   
step_01000 • [   0% ] waiting        5m05.0s   

running (04m25.9s), 0001/0390 VUs, 65689 complete and 0 interrupted iterations
step_00050 ✓ [ 100% ] 000/020 VUs    30s        50.00 iters/s
step_00100 ✓ [ 100% ] 000/020 VUs    30s        100.00 iters/s
step_00150 ✓ [ 100% ] 000/030 VUs    30s        150.00 iters/s
step_00200 ✓ [ 100% ] 000/040 VUs    30s        200.00 iters/s
step_00250 ✓ [ 100% ] 000/050 VUs    30s        250.00 iters/s
step_00300 ✓ [ 100% ] 000/060 VUs    30s        300.00 iters/s
step_00350 ✓ [ 100% ] 0000/0070 VUs  30s        350.00 iters/s
step_00400 ✓ [ 100% ] 0000/0080 VUs  30s        400.00 iters/s
step_00450   [  87% ] 0001/0090 VUs  26.0s/30s  450.00 iters/s
step_00500 • [   0% ] waiting        0m04.0s   
step_00550 • [   0% ] waiting        0m34.0s   
step_00600 • [   0% ] waiting        1m04.0s   
step_00650 • [   0% ] waiting        1m34.0s   
step_00700 • [   0% ] waiting        2m04.0s   
step_00750 • [   0% ] waiting        2m34.0s   
step_00800 • [   0% ] waiting        3m04.0s   
step_00850 • [   0% ] waiting        3m34.0s   
step_00900 • [   0% ] waiting        4m04.0s   
step_00950 • [   0% ] waiting        4m34.0s   
step_01000 • [   0% ] waiting        5m04.0s   

running (04m26.9s), 0001/0390 VUs, 66139 complete and 0 interrupted iterations
step_00050 ✓ [ 100% ] 000/020 VUs    30s        50.00 iters/s
step_00100 ✓ [ 100% ] 000/020 VUs    30s        100.00 iters/s
step_00150 ✓ [ 100% ] 000/030 VUs    30s        150.00 iters/s
step_00200 ✓ [ 100% ] 000/040 VUs    30s        200.00 iters/s
step_00250 ✓ [ 100% ] 000/050 VUs    30s        250.00 iters/s
step_00300 ✓ [ 100% ] 000/060 VUs    30s        300.00 iters/s
step_00350 ✓ [ 100% ] 0000/0070 VUs  30s        350.00 iters/s
step_00400 ✓ [ 100% ] 0000/0080 VUs  30s        400.00 iters/s
step_00450   [  90% ] 0001/0090 VUs  27.0s/30s  450.00 iters/s
step_00500 • [   0% ] waiting        0m03.0s   
step_00550 • [   0% ] waiting        0m33.0s   
step_00600 • [   0% ] waiting        1m03.0s   
step_00650 • [   0% ] waiting        1m33.0s   
step_00700 • [   0% ] waiting        2m03.0s   
step_00750 • [   0% ] waiting        2m33.0s   
step_00800 • [   0% ] waiting        3m03.0s   
step_00850 • [   0% ] waiting        3m33.0s   
step_00900 • [   0% ] waiting        4m03.0s   
step_00950 • [   0% ] waiting        4m33.0s   
step_01000 • [   0% ] waiting        5m03.0s   

running (04m27.9s), 0000/0390 VUs, 66590 complete and 0 interrupted iterations
step_00050 ✓ [ 100% ] 000/020 VUs    30s        50.00 iters/s
step_00100 ✓ [ 100% ] 000/020 VUs    30s        100.00 iters/s
step_00150 ✓ [ 100% ] 000/030 VUs    30s        150.00 iters/s
step_00200 ✓ [ 100% ] 000/040 VUs    30s        200.00 iters/s
step_00250 ✓ [ 100% ] 000/050 VUs    30s        250.00 iters/s
step_00300 ✓ [ 100% ] 000/060 VUs    30s        300.00 iters/s
step_00350 ✓ [ 100% ] 0000/0070 VUs  30s        350.00 iters/s
step_00400 ✓ [ 100% ] 0000/0080 VUs  30s        400.00 iters/s
step_00450   [  93% ] 0000/0090 VUs  28.0s/30s  450.00 iters/s
step_00500 • [   0% ] waiting        0m02.0s   
step_00550 • [   0% ] waiting        0m32.0s   
step_00600 • [   0% ] waiting        1m02.0s   
step_00650 • [   0% ] waiting        1m32.0s   
step_00700 • [   0% ] waiting        2m02.0s   
step_00750 • [   0% ] waiting        2m32.0s   
step_00800 • [   0% ] waiting        3m02.0s   
step_00850 • [   0% ] waiting        3m32.0s   
step_00900 • [   0% ] waiting        4m02.0s   
step_00950 • [   0% ] waiting        4m32.0s   
step_01000 • [   0% ] waiting        5m02.0s   

running (04m28.9s), 0001/0390 VUs, 67039 complete and 0 interrupted iterations
step_00050 ✓ [ 100% ] 000/020 VUs    30s        50.00 iters/s
step_00100 ✓ [ 100% ] 000/020 VUs    30s        100.00 iters/s
step_00150 ✓ [ 100% ] 000/030 VUs    30s        150.00 iters/s
step_00200 ✓ [ 100% ] 000/040 VUs    30s        200.00 iters/s
step_00250 ✓ [ 100% ] 000/050 VUs    30s        250.00 iters/s
step_00300 ✓ [ 100% ] 000/060 VUs    30s        300.00 iters/s
step_00350 ✓ [ 100% ] 0000/0070 VUs  30s        350.00 iters/s
step_00400 ✓ [ 100% ] 0000/0080 VUs  30s        400.00 iters/s
step_00450   [  97% ] 0001/0090 VUs  29.0s/30s  450.00 iters/s
step_00500 • [   0% ] waiting        0m01.0s   
step_00550 • [   0% ] waiting        0m31.0s   
step_00600 • [   0% ] waiting        1m01.0s   
step_00650 • [   0% ] waiting        1m31.0s   
step_00700 • [   0% ] waiting        2m01.0s   
step_00750 • [   0% ] waiting        2m31.0s   
step_00800 • [   0% ] waiting        3m01.0s   
step_00850 • [   0% ] waiting        3m31.0s   
step_00900 • [   0% ] waiting        4m01.0s   
step_00950 • [   0% ] waiting        4m31.0s   
step_01000 • [   0% ] waiting        5m01.0s   

running (04m29.9s), 0001/0390 VUs, 67489 complete and 0 interrupted iterations
step_00050 ✓ [ 100% ] 000/020 VUs    30s        50.00 iters/s
step_00100 ✓ [ 100% ] 000/020 VUs    30s        100.00 iters/s
step_00150 ✓ [ 100% ] 000/030 VUs    30s        150.00 iters/s
step_00200 ✓ [ 100% ] 000/040 VUs    30s        200.00 iters/s
step_00250 ✓ [ 100% ] 000/050 VUs    30s        250.00 iters/s
step_00300 ✓ [ 100% ] 000/060 VUs    30s        300.00 iters/s
step_00350 ✓ [ 100% ] 0000/0070 VUs  30s        350.00 iters/s
step_00400 ✓ [ 100% ] 0000/0080 VUs  30s        400.00 iters/s
step_00450   [ 100% ] 0001/0090 VUs  30.0s/30s  450.00 iters/s
step_00500 • [   0% ] waiting        0m00.0s   
step_00550 • [   0% ] waiting        0m30.0s   
step_00600 • [   0% ] waiting        1m00.0s   
step_00650 • [   0% ] waiting        1m30.0s   
step_00700 • [   0% ] waiting        2m00.0s   
step_00750 • [   0% ] waiting        2m30.0s   
step_00800 • [   0% ] waiting        3m00.0s   
step_00850 • [   0% ] waiting        3m30.0s   
step_00900 • [   0% ] waiting        4m00.0s   
step_00950 • [   0% ] waiting        4m30.0s   
step_01000 • [   0% ] waiting        5m00.0s   

running (04m30.9s), 0001/0390 VUs, 67988 complete and 0 interrupted iterations
step_00050 ✓ [ 100% ] 000/020 VUs    30s        50.00 iters/s
step_00100 ✓ [ 100% ] 000/020 VUs    30s        100.00 iters/s
step_00150 ✓ [ 100% ] 000/030 VUs    30s        150.00 iters/s
step_00200 ✓ [ 100% ] 000/040 VUs    30s        200.00 iters/s
step_00250 ✓ [ 100% ] 000/050 VUs    30s        250.00 iters/s
step_00300 ✓ [ 100% ] 000/060 VUs    30s        300.00 iters/s
step_00350 ✓ [ 100% ] 0000/0070 VUs  30s        350.00 iters/s
step_00400 ✓ [ 100% ] 0000/0080 VUs  30s        400.00 iters/s
step_00450 ✓ [ 100% ] 0000/0090 VUs  30s        450.00 iters/s
step_00500   [   3% ] 0001/0100 VUs  01.0s/30s  500.00 iters/s
step_00550 • [   0% ] waiting        0m29.0s   
step_00600 • [   0% ] waiting        0m59.0s   
step_00650 • [   0% ] waiting        1m29.0s   
step_00700 • [   0% ] waiting        1m59.0s   
step_00750 • [   0% ] waiting        2m29.0s   
step_00800 • [   0% ] waiting        2m59.0s   
step_00850 • [   0% ] waiting        3m29.0s   
step_00900 • [   0% ] waiting        3m59.0s   
step_00950 • [   0% ] waiting        4m29.0s   
step_01000 • [   0% ] waiting        4m59.0s   

running (04m31.9s), 0000/0390 VUs, 68489 complete and 0 interrupted iterations
step_00050 ✓ [ 100% ] 000/020 VUs    30s        50.00 iters/s
step_00100 ✓ [ 100% ] 000/020 VUs    30s        100.00 iters/s
step_00150 ✓ [ 100% ] 000/030 VUs    30s        150.00 iters/s
step_00200 ✓ [ 100% ] 000/040 VUs    30s        200.00 iters/s
step_00250 ✓ [ 100% ] 000/050 VUs    30s        250.00 iters/s
step_00300 ✓ [ 100% ] 000/060 VUs    30s        300.00 iters/s
step_00350 ✓ [ 100% ] 0000/0070 VUs  30s        350.00 iters/s
step_00400 ✓ [ 100% ] 0000/0080 VUs  30s        400.00 iters/s
step_00450 ✓ [ 100% ] 0000/0090 VUs  30s        450.00 iters/s
step_00500   [   7% ] 0000/0100 VUs  02.0s/30s  500.00 iters/s
step_00550 • [   0% ] waiting        0m28.0s   
step_00600 • [   0% ] waiting        0m58.0s   
step_00650 • [   0% ] waiting        1m28.0s   
step_00700 • [   0% ] waiting        1m58.0s   
step_00750 • [   0% ] waiting        2m28.0s   
step_00800 • [   0% ] waiting        2m58.0s   
step_00850 • [   0% ] waiting        3m28.0s   
step_00900 • [   0% ] waiting        3m58.0s   
step_00950 • [   0% ] waiting        4m28.0s   
step_01000 • [   0% ] waiting        4m58.0s   

running (04m32.9s), 0001/0390 VUs, 68988 complete and 0 interrupted iterations
step_00050 ✓ [ 100% ] 000/020 VUs    30s        50.00 iters/s
step_00100 ✓ [ 100% ] 000/020 VUs    30s        100.00 iters/s
step_00150 ✓ [ 100% ] 000/030 VUs    30s        150.00 iters/s
step_00200 ✓ [ 100% ] 000/040 VUs    30s        200.00 iters/s
step_00250 ✓ [ 100% ] 000/050 VUs    30s        250.00 iters/s
step_00300 ✓ [ 100% ] 000/060 VUs    30s        300.00 iters/s
step_00350 ✓ [ 100% ] 0000/0070 VUs  30s        350.00 iters/s
step_00400 ✓ [ 100% ] 0000/0080 VUs  30s        400.00 iters/s
step_00450 ✓ [ 100% ] 0000/0090 VUs  30s        450.00 iters/s
step_00500   [  10% ] 0001/0100 VUs  03.0s/30s  500.00 iters/s
step_00550 • [   0% ] waiting        0m27.0s   
step_00600 • [   0% ] waiting        0m57.0s   
step_00650 • [   0% ] waiting        1m27.0s   
step_00700 • [   0% ] waiting        1m57.0s   
step_00750 • [   0% ] waiting        2m27.0s   
step_00800 • [   0% ] waiting        2m57.0s   
step_00850 • [   0% ] waiting        3m27.0s   
step_00900 • [   0% ] waiting        3m57.0s   
step_00950 • [   0% ] waiting        4m27.0s   
step_01000 • [   0% ] waiting        4m57.0s   

running (04m33.9s), 0000/0390 VUs, 69489 complete and 0 interrupted iterations
step_00050 ✓ [ 100% ] 000/020 VUs    30s        50.00 iters/s
step_00100 ✓ [ 100% ] 000/020 VUs    30s        100.00 iters/s
step_00150 ✓ [ 100% ] 000/030 VUs    30s        150.00 iters/s
step_00200 ✓ [ 100% ] 000/040 VUs    30s        200.00 iters/s
step_00250 ✓ [ 100% ] 000/050 VUs    30s        250.00 iters/s
step_00300 ✓ [ 100% ] 000/060 VUs    30s        300.00 iters/s
step_00350 ✓ [ 100% ] 0000/0070 VUs  30s        350.00 iters/s
step_00400 ✓ [ 100% ] 0000/0080 VUs  30s        400.00 iters/s
step_00450 ✓ [ 100% ] 0000/0090 VUs  30s        450.00 iters/s
step_00500   [  13% ] 0000/0100 VUs  04.0s/30s  500.00 iters/s
step_00550 • [   0% ] waiting        0m26.0s   
step_00600 • [   0% ] waiting        0m56.0s   
step_00650 • [   0% ] waiting        1m26.0s   
step_00700 • [   0% ] waiting        1m56.0s   
step_00750 • [   0% ] waiting        2m26.0s   
step_00800 • [   0% ] waiting        2m56.0s   
step_00850 • [   0% ] waiting        3m26.0s   
step_00900 • [   0% ] waiting        3m56.0s   
step_00950 • [   0% ] waiting        4m26.0s   
step_01000 • [   0% ] waiting        4m56.0s   

running (04m34.9s), 0000/0390 VUs, 69989 complete and 0 interrupted iterations
step_00050 ✓ [ 100% ] 000/020 VUs    30s        50.00 iters/s
step_00100 ✓ [ 100% ] 000/020 VUs    30s        100.00 iters/s
step_00150 ✓ [ 100% ] 000/030 VUs    30s        150.00 iters/s
step_00200 ✓ [ 100% ] 000/040 VUs    30s        200.00 iters/s
step_00250 ✓ [ 100% ] 000/050 VUs    30s        250.00 iters/s
step_00300 ✓ [ 100% ] 000/060 VUs    30s        300.00 iters/s
step_00350 ✓ [ 100% ] 0000/0070 VUs  30s        350.00 iters/s
step_00400 ✓ [ 100% ] 0000/0080 VUs  30s        400.00 iters/s
step_00450 ✓ [ 100% ] 0000/0090 VUs  30s        450.00 iters/s
step_00500   [  17% ] 0000/0100 VUs  05.0s/30s  500.00 iters/s
step_00550 • [   0% ] waiting        0m25.0s   
step_00600 • [   0% ] waiting        0m55.0s   
step_00650 • [   0% ] waiting        1m25.0s   
step_00700 • [   0% ] waiting        1m55.0s   
step_00750 • [   0% ] waiting        2m25.0s   
step_00800 • [   0% ] waiting        2m55.0s   
step_00850 • [   0% ] waiting        3m25.0s   
step_00900 • [   0% ] waiting        3m55.0s   
step_00950 • [   0% ] waiting        4m25.0s   
step_01000 • [   0% ] waiting        4m55.0s   

running (04m35.9s), 0001/0390 VUs, 70488 complete and 0 interrupted iterations
step_00050 ✓ [ 100% ] 000/020 VUs    30s        50.00 iters/s
step_00100 ✓ [ 100% ] 000/020 VUs    30s        100.00 iters/s
step_00150 ✓ [ 100% ] 000/030 VUs    30s        150.00 iters/s
step_00200 ✓ [ 100% ] 000/040 VUs    30s        200.00 iters/s
step_00250 ✓ [ 100% ] 000/050 VUs    30s        250.00 iters/s
step_00300 ✓ [ 100% ] 000/060 VUs    30s        300.00 iters/s
step_00350 ✓ [ 100% ] 0000/0070 VUs  30s        350.00 iters/s
step_00400 ✓ [ 100% ] 0000/0080 VUs  30s        400.00 iters/s
step_00450 ✓ [ 100% ] 0000/0090 VUs  30s        450.00 iters/s
step_00500   [  20% ] 0001/0100 VUs  06.0s/30s  500.00 iters/s
step_00550 • [   0% ] waiting        0m24.0s   
step_00600 • [   0% ] waiting        0m54.0s   
step_00650 • [   0% ] waiting        1m24.0s   
step_00700 • [   0% ] waiting        1m54.0s   
step_00750 • [   0% ] waiting        2m24.0s   
step_00800 • [   0% ] waiting        2m54.0s   
step_00850 • [   0% ] waiting        3m24.0s   
step_00900 • [   0% ] waiting        3m54.0s   
step_00950 • [   0% ] waiting        4m24.0s   
step_01000 • [   0% ] waiting        4m54.0s   

running (04m36.9s), 0001/0390 VUs, 70988 complete and 0 interrupted iterations
step_00050 ✓ [ 100% ] 000/020 VUs    30s        50.00 iters/s
step_00100 ✓ [ 100% ] 000/020 VUs    30s        100.00 iters/s
step_00150 ✓ [ 100% ] 000/030 VUs    30s        150.00 iters/s
step_00200 ✓ [ 100% ] 000/040 VUs    30s        200.00 iters/s
step_00250 ✓ [ 100% ] 000/050 VUs    30s        250.00 iters/s
step_00300 ✓ [ 100% ] 000/060 VUs    30s        300.00 iters/s
step_00350 ✓ [ 100% ] 0000/0070 VUs  30s        350.00 iters/s
step_00400 ✓ [ 100% ] 0000/0080 VUs  30s        400.00 iters/s
step_00450 ✓ [ 100% ] 0000/0090 VUs  30s        450.00 iters/s
step_00500   [  23% ] 0001/0100 VUs  07.0s/30s  500.00 iters/s
step_00550 • [   0% ] waiting        0m23.0s   
step_00600 • [   0% ] waiting        0m53.0s   
step_00650 • [   0% ] waiting        1m23.0s   
step_00700 • [   0% ] waiting        1m53.0s   
step_00750 • [   0% ] waiting        2m23.0s   
step_00800 • [   0% ] waiting        2m53.0s   
step_00850 • [   0% ] waiting        3m23.0s   
step_00900 • [   0% ] waiting        3m53.0s   
step_00950 • [   0% ] waiting        4m23.0s   
step_01000 • [   0% ] waiting        4m53.0s   

running (04m37.9s), 0000/0390 VUs, 71489 complete and 0 interrupted iterations
step_00050 ✓ [ 100% ] 000/020 VUs    30s        50.00 iters/s
step_00100 ✓ [ 100% ] 000/020 VUs    30s        100.00 iters/s
step_00150 ✓ [ 100% ] 000/030 VUs    30s        150.00 iters/s
step_00200 ✓ [ 100% ] 000/040 VUs    30s        200.00 iters/s
step_00250 ✓ [ 100% ] 000/050 VUs    30s        250.00 iters/s
step_00300 ✓ [ 100% ] 000/060 VUs    30s        300.00 iters/s
step_00350 ✓ [ 100% ] 0000/0070 VUs  30s        350.00 iters/s
step_00400 ✓ [ 100% ] 0000/0080 VUs  30s        400.00 iters/s
step_00450 ✓ [ 100% ] 0000/0090 VUs  30s        450.00 iters/s
step_00500   [  27% ] 0000/0100 VUs  08.0s/30s  500.00 iters/s
step_00550 • [   0% ] waiting        0m22.0s   
step_00600 • [   0% ] waiting        0m52.0s   
step_00650 • [   0% ] waiting        1m22.0s   
step_00700 • [   0% ] waiting        1m52.0s   
step_00750 • [   0% ] waiting        2m22.0s   
step_00800 • [   0% ] waiting        2m52.0s   
step_00850 • [   0% ] waiting        3m22.0s   
step_00900 • [   0% ] waiting        3m52.0s   
step_00950 • [   0% ] waiting        4m22.0s   
step_01000 • [   0% ] waiting        4m52.0s   

running (04m38.9s), 0000/0390 VUs, 71989 complete and 0 interrupted iterations
step_00050 ✓ [ 100% ] 000/020 VUs    30s        50.00 iters/s
step_00100 ✓ [ 100% ] 000/020 VUs    30s        100.00 iters/s
step_00150 ✓ [ 100% ] 000/030 VUs    30s        150.00 iters/s
step_00200 ✓ [ 100% ] 000/040 VUs    30s        200.00 iters/s
step_00250 ✓ [ 100% ] 000/050 VUs    30s        250.00 iters/s
step_00300 ✓ [ 100% ] 000/060 VUs    30s        300.00 iters/s
step_00350 ✓ [ 100% ] 0000/0070 VUs  30s        350.00 iters/s
step_00400 ✓ [ 100% ] 0000/0080 VUs  30s        400.00 iters/s
step_00450 ✓ [ 100% ] 0000/0090 VUs  30s        450.00 iters/s
step_00500   [  30% ] 0000/0100 VUs  09.0s/30s  500.00 iters/s
step_00550 • [   0% ] waiting        0m21.0s   
step_00600 • [   0% ] waiting        0m51.0s   
step_00650 • [   0% ] waiting        1m21.0s   
step_00700 • [   0% ] waiting        1m51.0s   
step_00750 • [   0% ] waiting        2m21.0s   
step_00800 • [   0% ] waiting        2m51.0s   
step_00850 • [   0% ] waiting        3m21.0s   
step_00900 • [   0% ] waiting        3m51.0s   
step_00950 • [   0% ] waiting        4m21.0s   
step_01000 • [   0% ] waiting        4m51.0s   

running (04m39.9s), 0000/0390 VUs, 72489 complete and 0 interrupted iterations
step_00050 ✓ [ 100% ] 000/020 VUs    30s        50.00 iters/s
step_00100 ✓ [ 100% ] 000/020 VUs    30s        100.00 iters/s
step_00150 ✓ [ 100% ] 000/030 VUs    30s        150.00 iters/s
step_00200 ✓ [ 100% ] 000/040 VUs    30s        200.00 iters/s
step_00250 ✓ [ 100% ] 000/050 VUs    30s        250.00 iters/s
step_00300 ✓ [ 100% ] 000/060 VUs    30s        300.00 iters/s
step_00350 ✓ [ 100% ] 0000/0070 VUs  30s        350.00 iters/s
step_00400 ✓ [ 100% ] 0000/0080 VUs  30s        400.00 iters/s
step_00450 ✓ [ 100% ] 0000/0090 VUs  30s        450.00 iters/s
step_00500   [  33% ] 0000/0100 VUs  10.0s/30s  500.00 iters/s
step_00550 • [   0% ] waiting        0m20.0s   
step_00600 • [   0% ] waiting        0m50.0s   
step_00650 • [   0% ] waiting        1m20.0s   
step_00700 • [   0% ] waiting        1m50.0s   
step_00750 • [   0% ] waiting        2m20.0s   
step_00800 • [   0% ] waiting        2m50.0s   
step_00850 • [   0% ] waiting        3m20.0s   
step_00900 • [   0% ] waiting        3m50.0s   
step_00950 • [   0% ] waiting        4m20.0s   
step_01000 • [   0% ] waiting        4m50.0s   

running (04m40.9s), 0000/0390 VUs, 72989 complete and 0 interrupted iterations
step_00050 ✓ [ 100% ] 000/020 VUs    30s        50.00 iters/s
step_00100 ✓ [ 100% ] 000/020 VUs    30s        100.00 iters/s
step_00150 ✓ [ 100% ] 000/030 VUs    30s        150.00 iters/s
step_00200 ✓ [ 100% ] 000/040 VUs    30s        200.00 iters/s
step_00250 ✓ [ 100% ] 000/050 VUs    30s        250.00 iters/s
step_00300 ✓ [ 100% ] 000/060 VUs    30s        300.00 iters/s
step_00350 ✓ [ 100% ] 0000/0070 VUs  30s        350.00 iters/s
step_00400 ✓ [ 100% ] 0000/0080 VUs  30s        400.00 iters/s
step_00450 ✓ [ 100% ] 0000/0090 VUs  30s        450.00 iters/s
step_00500   [  37% ] 0000/0100 VUs  11.0s/30s  500.00 iters/s
step_00550 • [   0% ] waiting        0m19.0s   
step_00600 • [   0% ] waiting        0m49.0s   
step_00650 • [   0% ] waiting        1m19.0s   
step_00700 • [   0% ] waiting        1m49.0s   
step_00750 • [   0% ] waiting        2m19.0s   
step_00800 • [   0% ] waiting        2m49.0s   
step_00850 • [   0% ] waiting        3m19.0s   
step_00900 • [   0% ] waiting        3m49.0s   
step_00950 • [   0% ] waiting        4m19.0s   
step_01000 • [   0% ] waiting        4m49.0s   

running (04m41.9s), 0000/0390 VUs, 73489 complete and 0 interrupted iterations
step_00050 ✓ [ 100% ] 000/020 VUs    30s        50.00 iters/s
step_00100 ✓ [ 100% ] 000/020 VUs    30s        100.00 iters/s
step_00150 ✓ [ 100% ] 000/030 VUs    30s        150.00 iters/s
step_00200 ✓ [ 100% ] 000/040 VUs    30s        200.00 iters/s
step_00250 ✓ [ 100% ] 000/050 VUs    30s        250.00 iters/s
step_00300 ✓ [ 100% ] 000/060 VUs    30s        300.00 iters/s
step_00350 ✓ [ 100% ] 0000/0070 VUs  30s        350.00 iters/s
step_00400 ✓ [ 100% ] 0000/0080 VUs  30s        400.00 iters/s
step_00450 ✓ [ 100% ] 0000/0090 VUs  30s        450.00 iters/s
step_00500   [  40% ] 0000/0100 VUs  12.0s/30s  500.00 iters/s
step_00550 • [   0% ] waiting        0m18.0s   
step_00600 • [   0% ] waiting        0m48.0s   
step_00650 • [   0% ] waiting        1m18.0s   
step_00700 • [   0% ] waiting        1m48.0s   
step_00750 • [   0% ] waiting        2m18.0s   
step_00800 • [   0% ] waiting        2m48.0s   
step_00850 • [   0% ] waiting        3m18.0s   
step_00900 • [   0% ] waiting        3m48.0s   
step_00950 • [   0% ] waiting        4m18.0s   
step_01000 • [   0% ] waiting        4m48.0s   

running (04m42.9s), 0000/0390 VUs, 73989 complete and 0 interrupted iterations
step_00050 ✓ [ 100% ] 000/020 VUs    30s        50.00 iters/s
step_00100 ✓ [ 100% ] 000/020 VUs    30s        100.00 iters/s
step_00150 ✓ [ 100% ] 000/030 VUs    30s        150.00 iters/s
step_00200 ✓ [ 100% ] 000/040 VUs    30s        200.00 iters/s
step_00250 ✓ [ 100% ] 000/050 VUs    30s        250.00 iters/s
step_00300 ✓ [ 100% ] 000/060 VUs    30s        300.00 iters/s
step_00350 ✓ [ 100% ] 0000/0070 VUs  30s        350.00 iters/s
step_00400 ✓ [ 100% ] 0000/0080 VUs  30s        400.00 iters/s
step_00450 ✓ [ 100% ] 0000/0090 VUs  30s        450.00 iters/s
step_00500   [  43% ] 0000/0100 VUs  13.0s/30s  500.00 iters/s
step_00550 • [   0% ] waiting        0m17.0s   
step_00600 • [   0% ] waiting        0m47.0s   
step_00650 • [   0% ] waiting        1m17.0s   
step_00700 • [   0% ] waiting        1m47.0s   
step_00750 • [   0% ] waiting        2m17.0s   
step_00800 • [   0% ] waiting        2m47.0s   
step_00850 • [   0% ] waiting        3m17.0s   
step_00900 • [   0% ] waiting        3m47.0s   
step_00950 • [   0% ] waiting        4m17.0s   
step_01000 • [   0% ] waiting        4m47.0s   

running (04m43.9s), 0001/0390 VUs, 74488 complete and 0 interrupted iterations
step_00050 ✓ [ 100% ] 000/020 VUs    30s        50.00 iters/s
step_00100 ✓ [ 100% ] 000/020 VUs    30s        100.00 iters/s
step_00150 ✓ [ 100% ] 000/030 VUs    30s        150.00 iters/s
step_00200 ✓ [ 100% ] 000/040 VUs    30s        200.00 iters/s
step_00250 ✓ [ 100% ] 000/050 VUs    30s        250.00 iters/s
step_00300 ✓ [ 100% ] 000/060 VUs    30s        300.00 iters/s
step_00350 ✓ [ 100% ] 0000/0070 VUs  30s        350.00 iters/s
step_00400 ✓ [ 100% ] 0000/0080 VUs  30s        400.00 iters/s
step_00450 ✓ [ 100% ] 0000/0090 VUs  30s        450.00 iters/s
step_00500   [  47% ] 0001/0100 VUs  14.0s/30s  500.00 iters/s
step_00550 • [   0% ] waiting        0m16.0s   
step_00600 • [   0% ] waiting        0m46.0s   
step_00650 • [   0% ] waiting        1m16.0s   
step_00700 • [   0% ] waiting        1m46.0s   
step_00750 • [   0% ] waiting        2m16.0s   
step_00800 • [   0% ] waiting        2m46.0s   
step_00850 • [   0% ] waiting        3m16.0s   
step_00900 • [   0% ] waiting        3m46.0s   
step_00950 • [   0% ] waiting        4m16.0s   
step_01000 • [   0% ] waiting        4m46.0s   

running (04m44.9s), 0000/0390 VUs, 74989 complete and 0 interrupted iterations
step_00050 ✓ [ 100% ] 000/020 VUs    30s        50.00 iters/s
step_00100 ✓ [ 100% ] 000/020 VUs    30s        100.00 iters/s
step_00150 ✓ [ 100% ] 000/030 VUs    30s        150.00 iters/s
step_00200 ✓ [ 100% ] 000/040 VUs    30s        200.00 iters/s
step_00250 ✓ [ 100% ] 000/050 VUs    30s        250.00 iters/s
step_00300 ✓ [ 100% ] 000/060 VUs    30s        300.00 iters/s
step_00350 ✓ [ 100% ] 0000/0070 VUs  30s        350.00 iters/s
step_00400 ✓ [ 100% ] 0000/0080 VUs  30s        400.00 iters/s
step_00450 ✓ [ 100% ] 0000/0090 VUs  30s        450.00 iters/s
step_00500   [  50% ] 0000/0100 VUs  15.0s/30s  500.00 iters/s
step_00550 • [   0% ] waiting        0m15.0s   
step_00600 • [   0% ] waiting        0m45.0s   
step_00650 • [   0% ] waiting        1m15.0s   
step_00700 • [   0% ] waiting        1m45.0s   
step_00750 • [   0% ] waiting        2m15.0s   
step_00800 • [   0% ] waiting        2m45.0s   
step_00850 • [   0% ] waiting        3m15.0s   
step_00900 • [   0% ] waiting        3m45.0s   
step_00950 • [   0% ] waiting        4m15.0s   
step_01000 • [   0% ] waiting        4m45.0s   

running (04m45.9s), 0000/0390 VUs, 75489 complete and 0 interrupted iterations
step_00050 ✓ [ 100% ] 000/020 VUs    30s        50.00 iters/s
step_00100 ✓ [ 100% ] 000/020 VUs    30s        100.00 iters/s
step_00150 ✓ [ 100% ] 000/030 VUs    30s        150.00 iters/s
step_00200 ✓ [ 100% ] 000/040 VUs    30s        200.00 iters/s
step_00250 ✓ [ 100% ] 000/050 VUs    30s        250.00 iters/s
step_00300 ✓ [ 100% ] 000/060 VUs    30s        300.00 iters/s
step_00350 ✓ [ 100% ] 0000/0070 VUs  30s        350.00 iters/s
step_00400 ✓ [ 100% ] 0000/0080 VUs  30s        400.00 iters/s
step_00450 ✓ [ 100% ] 0000/0090 VUs  30s        450.00 iters/s
step_00500   [  53% ] 0000/0100 VUs  16.0s/30s  500.00 iters/s
step_00550 • [   0% ] waiting        0m14.0s   
step_00600 • [   0% ] waiting        0m44.0s   
step_00650 • [   0% ] waiting        1m14.0s   
step_00700 • [   0% ] waiting        1m44.0s   
step_00750 • [   0% ] waiting        2m14.0s   
step_00800 • [   0% ] waiting        2m44.0s   
step_00850 • [   0% ] waiting        3m14.0s   
step_00900 • [   0% ] waiting        3m44.0s   
step_00950 • [   0% ] waiting        4m14.0s   
step_01000 • [   0% ] waiting        4m44.0s   

running (04m46.9s), 0001/0390 VUs, 75988 complete and 0 interrupted iterations
step_00050 ✓ [ 100% ] 000/020 VUs    30s        50.00 iters/s
step_00100 ✓ [ 100% ] 000/020 VUs    30s        100.00 iters/s
step_00150 ✓ [ 100% ] 000/030 VUs    30s        150.00 iters/s
step_00200 ✓ [ 100% ] 000/040 VUs    30s        200.00 iters/s
step_00250 ✓ [ 100% ] 000/050 VUs    30s        250.00 iters/s
step_00300 ✓ [ 100% ] 000/060 VUs    30s        300.00 iters/s
step_00350 ✓ [ 100% ] 0000/0070 VUs  30s        350.00 iters/s
step_00400 ✓ [ 100% ] 0000/0080 VUs  30s        400.00 iters/s
step_00450 ✓ [ 100% ] 0000/0090 VUs  30s        450.00 iters/s
step_00500   [  57% ] 0001/0100 VUs  17.0s/30s  500.00 iters/s
step_00550 • [   0% ] waiting        0m13.0s   
step_00600 • [   0% ] waiting        0m43.0s   
step_00650 • [   0% ] waiting        1m13.0s   
step_00700 • [   0% ] waiting        1m43.0s   
step_00750 • [   0% ] waiting        2m13.0s   
step_00800 • [   0% ] waiting        2m43.0s   
step_00850 • [   0% ] waiting        3m13.0s   
step_00900 • [   0% ] waiting        3m43.0s   
step_00950 • [   0% ] waiting        4m13.0s   
step_01000 • [   0% ] waiting        4m43.0s   

running (04m47.9s), 0001/0390 VUs, 76488 complete and 0 interrupted iterations
step_00050 ✓ [ 100% ] 000/020 VUs    30s        50.00 iters/s
step_00100 ✓ [ 100% ] 000/020 VUs    30s        100.00 iters/s
step_00150 ✓ [ 100% ] 000/030 VUs    30s        150.00 iters/s
step_00200 ✓ [ 100% ] 000/040 VUs    30s        200.00 iters/s
step_00250 ✓ [ 100% ] 000/050 VUs    30s        250.00 iters/s
step_00300 ✓ [ 100% ] 000/060 VUs    30s        300.00 iters/s
step_00350 ✓ [ 100% ] 0000/0070 VUs  30s        350.00 iters/s
step_00400 ✓ [ 100% ] 0000/0080 VUs  30s        400.00 iters/s
step_00450 ✓ [ 100% ] 0000/0090 VUs  30s        450.00 iters/s
step_00500   [  60% ] 0001/0100 VUs  18.0s/30s  500.00 iters/s
step_00550 • [   0% ] waiting        0m12.0s   
step_00600 • [   0% ] waiting        0m42.0s   
step_00650 • [   0% ] waiting        1m12.0s   
step_00700 • [   0% ] waiting        1m42.0s   
step_00750 • [   0% ] waiting        2m12.0s   
step_00800 • [   0% ] waiting        2m42.0s   
step_00850 • [   0% ] waiting        3m12.0s   
step_00900 • [   0% ] waiting        3m42.0s   
step_00950 • [   0% ] waiting        4m12.0s   
step_01000 • [   0% ] waiting        4m42.0s   

running (04m48.9s), 0000/0390 VUs, 76989 complete and 0 interrupted iterations
step_00050 ✓ [ 100% ] 000/020 VUs    30s        50.00 iters/s
step_00100 ✓ [ 100% ] 000/020 VUs    30s        100.00 iters/s
step_00150 ✓ [ 100% ] 000/030 VUs    30s        150.00 iters/s
step_00200 ✓ [ 100% ] 000/040 VUs    30s        200.00 iters/s
step_00250 ✓ [ 100% ] 000/050 VUs    30s        250.00 iters/s
step_00300 ✓ [ 100% ] 000/060 VUs    30s        300.00 iters/s
step_00350 ✓ [ 100% ] 0000/0070 VUs  30s        350.00 iters/s
step_00400 ✓ [ 100% ] 0000/0080 VUs  30s        400.00 iters/s
step_00450 ✓ [ 100% ] 0000/0090 VUs  30s        450.00 iters/s
step_00500   [  63% ] 0000/0100 VUs  19.0s/30s  500.00 iters/s
step_00550 • [   0% ] waiting        0m11.0s   
step_00600 • [   0% ] waiting        0m41.0s   
step_00650 • [   0% ] waiting        1m11.0s   
step_00700 • [   0% ] waiting        1m41.0s   
step_00750 • [   0% ] waiting        2m11.0s   
step_00800 • [   0% ] waiting        2m41.0s   
step_00850 • [   0% ] waiting        3m11.0s   
step_00900 • [   0% ] waiting        3m41.0s   
step_00950 • [   0% ] waiting        4m11.0s   
step_01000 • [   0% ] waiting        4m41.0s   

running (04m49.9s), 0006/0390 VUs, 77483 complete and 0 interrupted iterations
step_00050 ✓ [ 100% ] 000/020 VUs    30s        50.00 iters/s
step_00100 ✓ [ 100% ] 000/020 VUs    30s        100.00 iters/s
step_00150 ✓ [ 100% ] 000/030 VUs    30s        150.00 iters/s
step_00200 ✓ [ 100% ] 000/040 VUs    30s        200.00 iters/s
step_00250 ✓ [ 100% ] 000/050 VUs    30s        250.00 iters/s
step_00300 ✓ [ 100% ] 000/060 VUs    30s        300.00 iters/s
step_00350 ✓ [ 100% ] 0000/0070 VUs  30s        350.00 iters/s
step_00400 ✓ [ 100% ] 0000/0080 VUs  30s        400.00 iters/s
step_00450 ✓ [ 100% ] 0000/0090 VUs  30s        450.00 iters/s
step_00500   [  67% ] 0006/0100 VUs  20.0s/30s  500.00 iters/s
step_00550 • [   0% ] waiting        0m10.0s   
step_00600 • [   0% ] waiting        0m40.0s   
step_00650 • [   0% ] waiting        1m10.0s   
step_00700 • [   0% ] waiting        1m40.0s   
step_00750 • [   0% ] waiting        2m10.0s   
step_00800 • [   0% ] waiting        2m40.0s   
step_00850 • [   0% ] waiting        3m10.0s   
step_00900 • [   0% ] waiting        3m40.0s   
step_00950 • [   0% ] waiting        4m10.0s   
step_01000 • [   0% ] waiting        4m40.0s   

running (04m50.9s), 0001/0390 VUs, 77988 complete and 0 interrupted iterations
step_00050 ✓ [ 100% ] 000/020 VUs    30s        50.00 iters/s
step_00100 ✓ [ 100% ] 000/020 VUs    30s        100.00 iters/s
step_00150 ✓ [ 100% ] 000/030 VUs    30s        150.00 iters/s
step_00200 ✓ [ 100% ] 000/040 VUs    30s        200.00 iters/s
step_00250 ✓ [ 100% ] 000/050 VUs    30s        250.00 iters/s
step_00300 ✓ [ 100% ] 000/060 VUs    30s        300.00 iters/s
step_00350 ✓ [ 100% ] 0000/0070 VUs  30s        350.00 iters/s
step_00400 ✓ [ 100% ] 0000/0080 VUs  30s        400.00 iters/s
step_00450 ✓ [ 100% ] 0000/0090 VUs  30s        450.00 iters/s
step_00500   [  70% ] 0001/0100 VUs  21.0s/30s  500.00 iters/s
step_00550 • [   0% ] waiting        0m09.0s   
step_00600 • [   0% ] waiting        0m39.0s   
step_00650 • [   0% ] waiting        1m09.0s   
step_00700 • [   0% ] waiting        1m39.0s   
step_00750 • [   0% ] waiting        2m09.0s   
step_00800 • [   0% ] waiting        2m39.0s   
step_00850 • [   0% ] waiting        3m09.0s   
step_00900 • [   0% ] waiting        3m39.0s   
step_00950 • [   0% ] waiting        4m09.0s   
step_01000 • [   0% ] waiting        4m39.0s   

running (04m51.9s), 0000/0390 VUs, 78489 complete and 0 interrupted iterations
step_00050 ✓ [ 100% ] 000/020 VUs    30s        50.00 iters/s
step_00100 ✓ [ 100% ] 000/020 VUs    30s        100.00 iters/s
step_00150 ✓ [ 100% ] 000/030 VUs    30s        150.00 iters/s
step_00200 ✓ [ 100% ] 000/040 VUs    30s        200.00 iters/s
step_00250 ✓ [ 100% ] 000/050 VUs    30s        250.00 iters/s
step_00300 ✓ [ 100% ] 000/060 VUs    30s        300.00 iters/s
step_00350 ✓ [ 100% ] 0000/0070 VUs  30s        350.00 iters/s
step_00400 ✓ [ 100% ] 0000/0080 VUs  30s        400.00 iters/s
step_00450 ✓ [ 100% ] 0000/0090 VUs  30s        450.00 iters/s
step_00500   [  73% ] 0000/0100 VUs  22.0s/30s  500.00 iters/s
step_00550 • [   0% ] waiting        0m08.0s   
step_00600 • [   0% ] waiting        0m38.0s   
step_00650 • [   0% ] waiting        1m08.0s   
step_00700 • [   0% ] waiting        1m38.0s   
step_00750 • [   0% ] waiting        2m08.0s   
step_00800 • [   0% ] waiting        2m38.0s   
step_00850 • [   0% ] waiting        3m08.0s   
step_00900 • [   0% ] waiting        3m38.0s   
step_00950 • [   0% ] waiting        4m08.0s   
step_01000 • [   0% ] waiting        4m38.0s   

running (04m52.9s), 0003/0390 VUs, 78986 complete and 0 interrupted iterations
step_00050 ✓ [ 100% ] 000/020 VUs    30s        50.00 iters/s
step_00100 ✓ [ 100% ] 000/020 VUs    30s        100.00 iters/s
step_00150 ✓ [ 100% ] 000/030 VUs    30s        150.00 iters/s
step_00200 ✓ [ 100% ] 000/040 VUs    30s        200.00 iters/s
step_00250 ✓ [ 100% ] 000/050 VUs    30s        250.00 iters/s
step_00300 ✓ [ 100% ] 000/060 VUs    30s        300.00 iters/s
step_00350 ✓ [ 100% ] 0000/0070 VUs  30s        350.00 iters/s
step_00400 ✓ [ 100% ] 0000/0080 VUs  30s        400.00 iters/s
step_00450 ✓ [ 100% ] 0000/0090 VUs  30s        450.00 iters/s
step_00500   [  77% ] 0003/0100 VUs  23.0s/30s  500.00 iters/s
step_00550 • [   0% ] waiting        0m07.0s   
step_00600 • [   0% ] waiting        0m37.0s   
step_00650 • [   0% ] waiting        1m07.0s   
step_00700 • [   0% ] waiting        1m37.0s   
step_00750 • [   0% ] waiting        2m07.0s   
step_00800 • [   0% ] waiting        2m37.0s   
step_00850 • [   0% ] waiting        3m07.0s   
step_00900 • [   0% ] waiting        3m37.0s   
step_00950 • [   0% ] waiting        4m07.0s   
step_01000 • [   0% ] waiting        4m37.0s   

running (04m53.9s), 0000/0390 VUs, 79489 complete and 0 interrupted iterations
step_00050 ✓ [ 100% ] 000/020 VUs    30s        50.00 iters/s
step_00100 ✓ [ 100% ] 000/020 VUs    30s        100.00 iters/s
step_00150 ✓ [ 100% ] 000/030 VUs    30s        150.00 iters/s
step_00200 ✓ [ 100% ] 000/040 VUs    30s        200.00 iters/s
step_00250 ✓ [ 100% ] 000/050 VUs    30s        250.00 iters/s
step_00300 ✓ [ 100% ] 000/060 VUs    30s        300.00 iters/s
step_00350 ✓ [ 100% ] 0000/0070 VUs  30s        350.00 iters/s
step_00400 ✓ [ 100% ] 0000/0080 VUs  30s        400.00 iters/s
step_00450 ✓ [ 100% ] 0000/0090 VUs  30s        450.00 iters/s
step_00500   [  80% ] 0000/0100 VUs  24.0s/30s  500.00 iters/s
step_00550 • [   0% ] waiting        0m06.0s   
step_00600 • [   0% ] waiting        0m36.0s   
step_00650 • [   0% ] waiting        1m06.0s   
step_00700 • [   0% ] waiting        1m36.0s   
step_00750 • [   0% ] waiting        2m06.0s   
step_00800 • [   0% ] waiting        2m36.0s   
step_00850 • [   0% ] waiting        3m06.0s   
step_00900 • [   0% ] waiting        3m36.0s   
step_00950 • [   0% ] waiting        4m06.0s   
step_01000 • [   0% ] waiting        4m36.0s   

running (04m54.9s), 0045/0390 VUs, 79944 complete and 0 interrupted iterations
step_00050 ✓ [ 100% ] 000/020 VUs    30s        50.00 iters/s
step_00100 ✓ [ 100% ] 000/020 VUs    30s        100.00 iters/s
step_00150 ✓ [ 100% ] 000/030 VUs    30s        150.00 iters/s
step_00200 ✓ [ 100% ] 000/040 VUs    30s        200.00 iters/s
step_00250 ✓ [ 100% ] 000/050 VUs    30s        250.00 iters/s
step_00300 ✓ [ 100% ] 000/060 VUs    30s        300.00 iters/s
step_00350 ✓ [ 100% ] 0000/0070 VUs  30s        350.00 iters/s
step_00400 ✓ [ 100% ] 0000/0080 VUs  30s        400.00 iters/s
step_00450 ✓ [ 100% ] 0000/0090 VUs  30s        450.00 iters/s
step_00500   [  83% ] 0045/0100 VUs  25.0s/30s  500.00 iters/s
step_00550 • [   0% ] waiting        0m05.0s   
step_00600 • [   0% ] waiting        0m35.0s   
step_00650 • [   0% ] waiting        1m05.0s   
step_00700 • [   0% ] waiting        1m35.0s   
step_00750 • [   0% ] waiting        2m05.0s   
step_00800 • [   0% ] waiting        2m35.0s   
step_00850 • [   0% ] waiting        3m05.0s   
step_00900 • [   0% ] waiting        3m35.0s   
step_00950 • [   0% ] waiting        4m05.0s   
step_01000 • [   0% ] waiting        4m35.0s   

running (04m55.9s), 0000/0390 VUs, 80489 complete and 0 interrupted iterations
step_00050 ✓ [ 100% ] 000/020 VUs    30s        50.00 iters/s
step_00100 ✓ [ 100% ] 000/020 VUs    30s        100.00 iters/s
step_00150 ✓ [ 100% ] 000/030 VUs    30s        150.00 iters/s
step_00200 ✓ [ 100% ] 000/040 VUs    30s        200.00 iters/s
step_00250 ✓ [ 100% ] 000/050 VUs    30s        250.00 iters/s
step_00300 ✓ [ 100% ] 000/060 VUs    30s        300.00 iters/s
step_00350 ✓ [ 100% ] 0000/0070 VUs  30s        350.00 iters/s
step_00400 ✓ [ 100% ] 0000/0080 VUs  30s        400.00 iters/s
step_00450 ✓ [ 100% ] 0000/0090 VUs  30s        450.00 iters/s
step_00500   [  87% ] 0000/0100 VUs  26.0s/30s  500.00 iters/s
step_00550 • [   0% ] waiting        0m04.0s   
step_00600 • [   0% ] waiting        0m34.0s   
step_00650 • [   0% ] waiting        1m04.0s   
step_00700 • [   0% ] waiting        1m34.0s   
step_00750 • [   0% ] waiting        2m04.0s   
step_00800 • [   0% ] waiting        2m34.0s   
step_00850 • [   0% ] waiting        3m04.0s   
step_00900 • [   0% ] waiting        3m34.0s   
step_00950 • [   0% ] waiting        4m04.0s   
step_01000 • [   0% ] waiting        4m34.0s   

running (04m56.9s), 0001/0390 VUs, 80988 complete and 0 interrupted iterations
step_00050 ✓ [ 100% ] 000/020 VUs    30s        50.00 iters/s
step_00100 ✓ [ 100% ] 000/020 VUs    30s        100.00 iters/s
step_00150 ✓ [ 100% ] 000/030 VUs    30s        150.00 iters/s
step_00200 ✓ [ 100% ] 000/040 VUs    30s        200.00 iters/s
step_00250 ✓ [ 100% ] 000/050 VUs    30s        250.00 iters/s
step_00300 ✓ [ 100% ] 000/060 VUs    30s        300.00 iters/s
step_00350 ✓ [ 100% ] 0000/0070 VUs  30s        350.00 iters/s
step_00400 ✓ [ 100% ] 0000/0080 VUs  30s        400.00 iters/s
step_00450 ✓ [ 100% ] 0000/0090 VUs  30s        450.00 iters/s
step_00500   [  90% ] 0001/0100 VUs  27.0s/30s  500.00 iters/s
step_00550 • [   0% ] waiting        0m03.0s   
step_00600 • [   0% ] waiting        0m33.0s   
step_00650 • [   0% ] waiting        1m03.0s   
step_00700 • [   0% ] waiting        1m33.0s   
step_00750 • [   0% ] waiting        2m03.0s   
step_00800 • [   0% ] waiting        2m33.0s   
step_00850 • [   0% ] waiting        3m03.0s   
step_00900 • [   0% ] waiting        3m33.0s   
step_00950 • [   0% ] waiting        4m03.0s   
step_01000 • [   0% ] waiting        4m33.0s   

running (04m57.9s), 0001/0390 VUs, 81488 complete and 0 interrupted iterations
step_00050 ✓ [ 100% ] 000/020 VUs    30s        50.00 iters/s
step_00100 ✓ [ 100% ] 000/020 VUs    30s        100.00 iters/s
step_00150 ✓ [ 100% ] 000/030 VUs    30s        150.00 iters/s
step_00200 ✓ [ 100% ] 000/040 VUs    30s        200.00 iters/s
step_00250 ✓ [ 100% ] 000/050 VUs    30s        250.00 iters/s
step_00300 ✓ [ 100% ] 000/060 VUs    30s        300.00 iters/s
step_00350 ✓ [ 100% ] 0000/0070 VUs  30s        350.00 iters/s
step_00400 ✓ [ 100% ] 0000/0080 VUs  30s        400.00 iters/s
step_00450 ✓ [ 100% ] 0000/0090 VUs  30s        450.00 iters/s
step_00500   [  93% ] 0001/0100 VUs  28.0s/30s  500.00 iters/s
step_00550 • [   0% ] waiting        0m02.0s   
step_00600 • [   0% ] waiting        0m32.0s   
step_00650 • [   0% ] waiting        1m02.0s   
step_00700 • [   0% ] waiting        1m32.0s   
step_00750 • [   0% ] waiting        2m02.0s   
step_00800 • [   0% ] waiting        2m32.0s   
step_00850 • [   0% ] waiting        3m02.0s   
step_00900 • [   0% ] waiting        3m32.0s   
step_00950 • [   0% ] waiting        4m02.0s   
step_01000 • [   0% ] waiting        4m32.0s   

running (04m58.9s), 0001/0390 VUs, 81988 complete and 0 interrupted iterations
step_00050 ✓ [ 100% ] 000/020 VUs    30s        50.00 iters/s
step_00100 ✓ [ 100% ] 000/020 VUs    30s        100.00 iters/s
step_00150 ✓ [ 100% ] 000/030 VUs    30s        150.00 iters/s
step_00200 ✓ [ 100% ] 000/040 VUs    30s        200.00 iters/s
step_00250 ✓ [ 100% ] 000/050 VUs    30s        250.00 iters/s
step_00300 ✓ [ 100% ] 000/060 VUs    30s        300.00 iters/s
step_00350 ✓ [ 100% ] 0000/0070 VUs  30s        350.00 iters/s
step_00400 ✓ [ 100% ] 0000/0080 VUs  30s        400.00 iters/s
step_00450 ✓ [ 100% ] 0000/0090 VUs  30s        450.00 iters/s
step_00500   [  97% ] 0001/0100 VUs  29.0s/30s  500.00 iters/s
step_00550 • [   0% ] waiting        0m01.0s   
step_00600 • [   0% ] waiting        0m31.0s   
step_00650 • [   0% ] waiting        1m01.0s   
step_00700 • [   0% ] waiting        1m31.0s   
step_00750 • [   0% ] waiting        2m01.0s   
step_00800 • [   0% ] waiting        2m31.0s   
step_00850 • [   0% ] waiting        3m01.0s   
step_00900 • [   0% ] waiting        3m31.0s   
step_00950 • [   0% ] waiting        4m01.0s   
step_01000 • [   0% ] waiting        4m31.0s   

running (04m59.9s), 0000/0390 VUs, 82489 complete and 0 interrupted iterations
step_00050 ✓ [ 100% ] 000/020 VUs    30s        50.00 iters/s
step_00100 ✓ [ 100% ] 000/020 VUs    30s        100.00 iters/s
step_00150 ✓ [ 100% ] 000/030 VUs    30s        150.00 iters/s
step_00200 ✓ [ 100% ] 000/040 VUs    30s        200.00 iters/s
step_00250 ✓ [ 100% ] 000/050 VUs    30s        250.00 iters/s
step_00300 ✓ [ 100% ] 000/060 VUs    30s        300.00 iters/s
step_00350 ✓ [ 100% ] 0000/0070 VUs  30s        350.00 iters/s
step_00400 ✓ [ 100% ] 0000/0080 VUs  30s        400.00 iters/s
step_00450 ✓ [ 100% ] 0000/0090 VUs  30s        450.00 iters/s
step_00500   [ 100% ] 0000/0100 VUs  30.0s/30s  500.00 iters/s
step_00550 • [   0% ] waiting        0m00.0s   
step_00600 • [   0% ] waiting        0m30.0s   
step_00650 • [   0% ] waiting        1m00.0s   
step_00700 • [   0% ] waiting        1m30.0s   
step_00750 • [   0% ] waiting        2m00.0s   
step_00800 • [   0% ] waiting        2m30.0s   
step_00850 • [   0% ] waiting        3m00.0s   
step_00900 • [   0% ] waiting        3m30.0s   
step_00950 • [   0% ] waiting        4m00.0s   
step_01000 • [   0% ] waiting        4m30.0s   

running (05m00.9s), 0001/0390 VUs, 83037 complete and 0 interrupted iterations
step_00050 ✓ [ 100% ] 000/020 VUs    30s        50.00 iters/s
step_00100 ✓ [ 100% ] 000/020 VUs    30s        100.00 iters/s
step_00150 ✓ [ 100% ] 000/030 VUs    30s        150.00 iters/s
step_00200 ✓ [ 100% ] 000/040 VUs    30s        200.00 iters/s
step_00250 ✓ [ 100% ] 000/050 VUs    30s        250.00 iters/s
step_00300 ✓ [ 100% ] 000/060 VUs    30s        300.00 iters/s
step_00350 ✓ [ 100% ] 0000/0070 VUs  30s        350.00 iters/s
step_00400 ✓ [ 100% ] 0000/0080 VUs  30s        400.00 iters/s
step_00450 ✓ [ 100% ] 0000/0090 VUs  30s        450.00 iters/s
step_00500 ✓ [ 100% ] 0000/0100 VUs  30s        500.00 iters/s
step_00550   [   3% ] 0001/0110 VUs  01.0s/30s  550.00 iters/s
step_00600 • [   0% ] waiting        0m29.0s   
step_00650 • [   0% ] waiting        0m59.0s   
step_00700 • [   0% ] waiting        1m29.0s   
step_00750 • [   0% ] waiting        1m59.0s   
step_00800 • [   0% ] waiting        2m29.0s   
step_00850 • [   0% ] waiting        2m59.0s   
step_00900 • [   0% ] waiting        3m29.0s   
step_00950 • [   0% ] waiting        3m59.0s   
step_01000 • [   0% ] waiting        4m29.0s   

running (05m01.9s), 0000/0390 VUs, 83588 complete and 0 interrupted iterations
step_00050 ✓ [ 100% ] 000/020 VUs    30s        50.00 iters/s
step_00100 ✓ [ 100% ] 000/020 VUs    30s        100.00 iters/s
step_00150 ✓ [ 100% ] 000/030 VUs    30s        150.00 iters/s
step_00200 ✓ [ 100% ] 000/040 VUs    30s        200.00 iters/s
step_00250 ✓ [ 100% ] 000/050 VUs    30s        250.00 iters/s
step_00300 ✓ [ 100% ] 000/060 VUs    30s        300.00 iters/s
step_00350 ✓ [ 100% ] 0000/0070 VUs  30s        350.00 iters/s
step_00400 ✓ [ 100% ] 0000/0080 VUs  30s        400.00 iters/s
step_00450 ✓ [ 100% ] 0000/0090 VUs  30s        450.00 iters/s
step_00500 ✓ [ 100% ] 0000/0100 VUs  30s        500.00 iters/s
step_00550   [   7% ] 0000/0110 VUs  02.0s/30s  550.00 iters/s
step_00600 • [   0% ] waiting        0m28.0s   
step_00650 • [   0% ] waiting        0m58.0s   
step_00700 • [   0% ] waiting        1m28.0s   
step_00750 • [   0% ] waiting        1m58.0s   
step_00800 • [   0% ] waiting        2m28.0s   
step_00850 • [   0% ] waiting        2m58.0s   
step_00900 • [   0% ] waiting        3m28.0s   
step_00950 • [   0% ] waiting        3m58.0s   
step_01000 • [   0% ] waiting        4m28.0s   

running (05m02.9s), 0000/0390 VUs, 84138 complete and 0 interrupted iterations
step_00050 ✓ [ 100% ] 000/020 VUs    30s        50.00 iters/s
step_00100 ✓ [ 100% ] 000/020 VUs    30s        100.00 iters/s
step_00150 ✓ [ 100% ] 000/030 VUs    30s        150.00 iters/s
step_00200 ✓ [ 100% ] 000/040 VUs    30s        200.00 iters/s
step_00250 ✓ [ 100% ] 000/050 VUs    30s        250.00 iters/s
step_00300 ✓ [ 100% ] 000/060 VUs    30s        300.00 iters/s
step_00350 ✓ [ 100% ] 0000/0070 VUs  30s        350.00 iters/s
step_00400 ✓ [ 100% ] 0000/0080 VUs  30s        400.00 iters/s
step_00450 ✓ [ 100% ] 0000/0090 VUs  30s        450.00 iters/s
step_00500 ✓ [ 100% ] 0000/0100 VUs  30s        500.00 iters/s
step_00550   [  10% ] 0000/0110 VUs  03.0s/30s  550.00 iters/s
step_00600 • [   0% ] waiting        0m27.0s   
step_00650 • [   0% ] waiting        0m57.0s   
step_00700 • [   0% ] waiting        1m27.0s   
step_00750 • [   0% ] waiting        1m57.0s   
step_00800 • [   0% ] waiting        2m27.0s   
step_00850 • [   0% ] waiting        2m57.0s   
step_00900 • [   0% ] waiting        3m27.0s   
step_00950 • [   0% ] waiting        3m57.0s   
step_01000 • [   0% ] waiting        4m27.0s   

running (05m03.9s), 0007/0390 VUs, 84681 complete and 0 interrupted iterations
step_00050 ✓ [ 100% ] 000/020 VUs    30s        50.00 iters/s
step_00100 ✓ [ 100% ] 000/020 VUs    30s        100.00 iters/s
step_00150 ✓ [ 100% ] 000/030 VUs    30s        150.00 iters/s
step_00200 ✓ [ 100% ] 000/040 VUs    30s        200.00 iters/s
step_00250 ✓ [ 100% ] 000/050 VUs    30s        250.00 iters/s
step_00300 ✓ [ 100% ] 000/060 VUs    30s        300.00 iters/s
step_00350 ✓ [ 100% ] 0000/0070 VUs  30s        350.00 iters/s
step_00400 ✓ [ 100% ] 0000/0080 VUs  30s        400.00 iters/s
step_00450 ✓ [ 100% ] 0000/0090 VUs  30s        450.00 iters/s
step_00500 ✓ [ 100% ] 0000/0100 VUs  30s        500.00 iters/s
step_00550   [  13% ] 0007/0110 VUs  04.0s/30s  550.00 iters/s
step_00600 • [   0% ] waiting        0m26.0s   
step_00650 • [   0% ] waiting        0m56.0s   
step_00700 • [   0% ] waiting        1m26.0s   
step_00750 • [   0% ] waiting        1m56.0s   
step_00800 • [   0% ] waiting        2m26.0s   
step_00850 • [   0% ] waiting        2m56.0s   
step_00900 • [   0% ] waiting        3m26.0s   
step_00950 • [   0% ] waiting        3m56.0s   
step_01000 • [   0% ] waiting        4m26.0s   

running (05m04.9s), 0001/0390 VUs, 85237 complete and 0 interrupted iterations
step_00050 ✓ [ 100% ] 000/020 VUs    30s        50.00 iters/s
step_00100 ✓ [ 100% ] 000/020 VUs    30s        100.00 iters/s
step_00150 ✓ [ 100% ] 000/030 VUs    30s        150.00 iters/s
step_00200 ✓ [ 100% ] 000/040 VUs    30s        200.00 iters/s
step_00250 ✓ [ 100% ] 000/050 VUs    30s        250.00 iters/s
step_00300 ✓ [ 100% ] 000/060 VUs    30s        300.00 iters/s
step_00350 ✓ [ 100% ] 0000/0070 VUs  30s        350.00 iters/s
step_00400 ✓ [ 100% ] 0000/0080 VUs  30s        400.00 iters/s
step_00450 ✓ [ 100% ] 0000/0090 VUs  30s        450.00 iters/s
step_00500 ✓ [ 100% ] 0000/0100 VUs  30s        500.00 iters/s
step_00550   [  17% ] 0001/0110 VUs  05.0s/30s  550.00 iters/s
step_00600 • [   0% ] waiting        0m25.0s   
step_00650 • [   0% ] waiting        0m55.0s   
step_00700 • [   0% ] waiting        1m25.0s   
step_00750 • [   0% ] waiting        1m55.0s   
step_00800 • [   0% ] waiting        2m25.0s   
step_00850 • [   0% ] waiting        2m55.0s   
step_00900 • [   0% ] waiting        3m25.0s   
step_00950 • [   0% ] waiting        3m55.0s   
step_01000 • [   0% ] waiting        4m25.0s   

running (05m05.9s), 0000/0390 VUs, 85788 complete and 0 interrupted iterations
step_00050 ✓ [ 100% ] 000/020 VUs    30s        50.00 iters/s
step_00100 ✓ [ 100% ] 000/020 VUs    30s        100.00 iters/s
step_00150 ✓ [ 100% ] 000/030 VUs    30s        150.00 iters/s
step_00200 ✓ [ 100% ] 000/040 VUs    30s        200.00 iters/s
step_00250 ✓ [ 100% ] 000/050 VUs    30s        250.00 iters/s
step_00300 ✓ [ 100% ] 000/060 VUs    30s        300.00 iters/s
step_00350 ✓ [ 100% ] 0000/0070 VUs  30s        350.00 iters/s
step_00400 ✓ [ 100% ] 0000/0080 VUs  30s        400.00 iters/s
step_00450 ✓ [ 100% ] 0000/0090 VUs  30s        450.00 iters/s
step_00500 ✓ [ 100% ] 0000/0100 VUs  30s        500.00 iters/s
step_00550   [  20% ] 0000/0110 VUs  06.0s/30s  550.00 iters/s
step_00600 • [   0% ] waiting        0m24.0s   
step_00650 • [   0% ] waiting        0m54.0s   
step_00700 • [   0% ] waiting        1m24.0s   
step_00750 • [   0% ] waiting        1m54.0s   
step_00800 • [   0% ] waiting        2m24.0s   
step_00850 • [   0% ] waiting        2m54.0s   
step_00900 • [   0% ] waiting        3m24.0s   
step_00950 • [   0% ] waiting        3m54.0s   
step_01000 • [   0% ] waiting        4m24.0s   

running (05m06.9s), 0001/0390 VUs, 86337 complete and 0 interrupted iterations
step_00050 ✓ [ 100% ] 000/020 VUs    30s        50.00 iters/s
step_00100 ✓ [ 100% ] 000/020 VUs    30s        100.00 iters/s
step_00150 ✓ [ 100% ] 000/030 VUs    30s        150.00 iters/s
step_00200 ✓ [ 100% ] 000/040 VUs    30s        200.00 iters/s
step_00250 ✓ [ 100% ] 000/050 VUs    30s        250.00 iters/s
step_00300 ✓ [ 100% ] 000/060 VUs    30s        300.00 iters/s
step_00350 ✓ [ 100% ] 0000/0070 VUs  30s        350.00 iters/s
step_00400 ✓ [ 100% ] 0000/0080 VUs  30s        400.00 iters/s
step_00450 ✓ [ 100% ] 0000/0090 VUs  30s        450.00 iters/s
step_00500 ✓ [ 100% ] 0000/0100 VUs  30s        500.00 iters/s
step_00550   [  23% ] 0001/0110 VUs  07.0s/30s  550.00 iters/s
step_00600 • [   0% ] waiting        0m23.0s   
step_00650 • [   0% ] waiting        0m53.0s   
step_00700 • [   0% ] waiting        1m23.0s   
step_00750 • [   0% ] waiting        1m53.0s   
step_00800 • [   0% ] waiting        2m23.0s   
step_00850 • [   0% ] waiting        2m53.0s   
step_00900 • [   0% ] waiting        3m23.0s   
step_00950 • [   0% ] waiting        3m53.0s   
step_01000 • [   0% ] waiting        4m23.0s   

running (05m07.9s), 0001/0390 VUs, 86887 complete and 0 interrupted iterations
step_00050 ✓ [ 100% ] 000/020 VUs    30s        50.00 iters/s
step_00100 ✓ [ 100% ] 000/020 VUs    30s        100.00 iters/s
step_00150 ✓ [ 100% ] 000/030 VUs    30s        150.00 iters/s
step_00200 ✓ [ 100% ] 000/040 VUs    30s        200.00 iters/s
step_00250 ✓ [ 100% ] 000/050 VUs    30s        250.00 iters/s
step_00300 ✓ [ 100% ] 000/060 VUs    30s        300.00 iters/s
step_00350 ✓ [ 100% ] 0000/0070 VUs  30s        350.00 iters/s
step_00400 ✓ [ 100% ] 0000/0080 VUs  30s        400.00 iters/s
step_00450 ✓ [ 100% ] 0000/0090 VUs  30s        450.00 iters/s
step_00500 ✓ [ 100% ] 0000/0100 VUs  30s        500.00 iters/s
step_00550   [  27% ] 0000/0110 VUs  08.0s/30s  550.00 iters/s
step_00600 • [   0% ] waiting        0m22.0s   
step_00650 • [   0% ] waiting        0m52.0s   
step_00700 • [   0% ] waiting        1m22.0s   
step_00750 • [   0% ] waiting        1m52.0s   
step_00800 • [   0% ] waiting        2m22.0s   
step_00850 • [   0% ] waiting        2m52.0s   
step_00900 • [   0% ] waiting        3m22.0s   
step_00950 • [   0% ] waiting        3m52.0s   
step_01000 • [   0% ] waiting        4m22.0s   

running (05m08.9s), 0099/0390 VUs, 87339 complete and 0 interrupted iterations
step_00050 ✓ [ 100% ] 000/020 VUs    30s        50.00 iters/s
step_00100 ✓ [ 100% ] 000/020 VUs    30s        100.00 iters/s
step_00150 ✓ [ 100% ] 000/030 VUs    30s        150.00 iters/s
step_00200 ✓ [ 100% ] 000/040 VUs    30s        200.00 iters/s
step_00250 ✓ [ 100% ] 000/050 VUs    30s        250.00 iters/s
step_00300 ✓ [ 100% ] 000/060 VUs    30s        300.00 iters/s
step_00350 ✓ [ 100% ] 0000/0070 VUs  30s        350.00 iters/s
step_00400 ✓ [ 100% ] 0000/0080 VUs  30s        400.00 iters/s
step_00450 ✓ [ 100% ] 0000/0090 VUs  30s        450.00 iters/s
step_00500 ✓ [ 100% ] 0000/0100 VUs  30s        500.00 iters/s
step_00550   [  30% ] 0099/0110 VUs  09.0s/30s  550.00 iters/s
step_00600 • [   0% ] waiting        0m21.0s   
step_00650 • [   0% ] waiting        0m51.0s   
step_00700 • [   0% ] waiting        1m21.0s   
step_00750 • [   0% ] waiting        1m51.0s   
step_00800 • [   0% ] waiting        2m21.0s   
step_00850 • [   0% ] waiting        2m51.0s   
step_00900 • [   0% ] waiting        3m21.0s   
step_00950 • [   0% ] waiting        3m51.0s   
step_01000 • [   0% ] waiting        4m21.0s   

running (05m09.9s), 0004/0392 VUs, 87982 complete and 0 interrupted iterations
step_00050 ✓ [ 100% ] 000/020 VUs    30s        50.00 iters/s
step_00100 ✓ [ 100% ] 000/020 VUs    30s        100.00 iters/s
step_00150 ✓ [ 100% ] 000/030 VUs    30s        150.00 iters/s
step_00200 ✓ [ 100% ] 000/040 VUs    30s        200.00 iters/s
step_00250 ✓ [ 100% ] 000/050 VUs    30s        250.00 iters/s
step_00300 ✓ [ 100% ] 000/060 VUs    30s        300.00 iters/s
step_00350 ✓ [ 100% ] 0000/0070 VUs  30s        350.00 iters/s
step_00400 ✓ [ 100% ] 0000/0080 VUs  30s        400.00 iters/s
step_00450 ✓ [ 100% ] 0000/0090 VUs  30s        450.00 iters/s
step_00500 ✓ [ 100% ] 0000/0100 VUs  30s        500.00 iters/s
step_00550   [  33% ] 0004/0112 VUs  10.0s/30s  550.00 iters/s
step_00600 • [   0% ] waiting        0m20.0s   
step_00650 • [   0% ] waiting        0m50.0s   
step_00700 • [   0% ] waiting        1m20.0s   
step_00750 • [   0% ] waiting        1m50.0s   
step_00800 • [   0% ] waiting        2m20.0s   
step_00850 • [   0% ] waiting        2m50.0s   
step_00900 • [   0% ] waiting        3m20.0s   
step_00950 • [   0% ] waiting        3m50.0s   
step_01000 • [   0% ] waiting        4m20.0s   

running (05m10.9s), 0000/0392 VUs, 88536 complete and 0 interrupted iterations
step_00050 ✓ [ 100% ] 000/020 VUs    30s        50.00 iters/s
step_00100 ✓ [ 100% ] 000/020 VUs    30s        100.00 iters/s
step_00150 ✓ [ 100% ] 000/030 VUs    30s        150.00 iters/s
step_00200 ✓ [ 100% ] 000/040 VUs    30s        200.00 iters/s
step_00250 ✓ [ 100% ] 000/050 VUs    30s        250.00 iters/s
step_00300 ✓ [ 100% ] 000/060 VUs    30s        300.00 iters/s
step_00350 ✓ [ 100% ] 0000/0070 VUs  30s        350.00 iters/s
step_00400 ✓ [ 100% ] 0000/0080 VUs  30s        400.00 iters/s
step_00450 ✓ [ 100% ] 0000/0090 VUs  30s        450.00 iters/s
step_00500 ✓ [ 100% ] 0000/0100 VUs  30s        500.00 iters/s
step_00550   [  37% ] 0000/0112 VUs  11.0s/30s  550.00 iters/s
step_00600 • [   0% ] waiting        0m19.0s   
step_00650 • [   0% ] waiting        0m49.0s   
step_00700 • [   0% ] waiting        1m19.0s   
step_00750 • [   0% ] waiting        1m49.0s   
step_00800 • [   0% ] waiting        2m19.0s   
step_00850 • [   0% ] waiting        2m49.0s   
step_00900 • [   0% ] waiting        3m19.0s   
step_00950 • [   0% ] waiting        3m49.0s   
step_01000 • [   0% ] waiting        4m19.0s   

running (05m11.9s), 0001/0392 VUs, 89085 complete and 0 interrupted iterations
step_00050 ✓ [ 100% ] 000/020 VUs    30s        50.00 iters/s
step_00100 ✓ [ 100% ] 000/020 VUs    30s        100.00 iters/s
step_00150 ✓ [ 100% ] 000/030 VUs    30s        150.00 iters/s
step_00200 ✓ [ 100% ] 000/040 VUs    30s        200.00 iters/s
step_00250 ✓ [ 100% ] 000/050 VUs    30s        250.00 iters/s
step_00300 ✓ [ 100% ] 000/060 VUs    30s        300.00 iters/s
step_00350 ✓ [ 100% ] 0000/0070 VUs  30s        350.00 iters/s
step_00400 ✓ [ 100% ] 0000/0080 VUs  30s        400.00 iters/s
step_00450 ✓ [ 100% ] 0000/0090 VUs  30s        450.00 iters/s
step_00500 ✓ [ 100% ] 0000/0100 VUs  30s        500.00 iters/s
step_00550   [  40% ] 0001/0112 VUs  12.0s/30s  550.00 iters/s
step_00600 • [   0% ] waiting        0m18.0s   
step_00650 • [   0% ] waiting        0m48.0s   
step_00700 • [   0% ] waiting        1m18.0s   
step_00750 • [   0% ] waiting        1m48.0s   
step_00800 • [   0% ] waiting        2m18.0s   
step_00850 • [   0% ] waiting        2m48.0s   
step_00900 • [   0% ] waiting        3m18.0s   
step_00950 • [   0% ] waiting        3m48.0s   
step_01000 • [   0% ] waiting        4m18.0s   

running (05m12.9s), 0000/0392 VUs, 89636 complete and 0 interrupted iterations
step_00050 ✓ [ 100% ] 000/020 VUs    30s        50.00 iters/s
step_00100 ✓ [ 100% ] 000/020 VUs    30s        100.00 iters/s
step_00150 ✓ [ 100% ] 000/030 VUs    30s        150.00 iters/s
step_00200 ✓ [ 100% ] 000/040 VUs    30s        200.00 iters/s
step_00250 ✓ [ 100% ] 000/050 VUs    30s        250.00 iters/s
step_00300 ✓ [ 100% ] 000/060 VUs    30s        300.00 iters/s
step_00350 ✓ [ 100% ] 0000/0070 VUs  30s        350.00 iters/s
step_00400 ✓ [ 100% ] 0000/0080 VUs  30s        400.00 iters/s
step_00450 ✓ [ 100% ] 0000/0090 VUs  30s        450.00 iters/s
step_00500 ✓ [ 100% ] 0000/0100 VUs  30s        500.00 iters/s
step_00550   [  43% ] 0000/0112 VUs  13.0s/30s  550.00 iters/s
step_00600 • [   0% ] waiting        0m17.0s   
step_00650 • [   0% ] waiting        0m47.0s   
step_00700 • [   0% ] waiting        1m17.0s   
step_00750 • [   0% ] waiting        1m47.0s   
step_00800 • [   0% ] waiting        2m17.0s   
step_00850 • [   0% ] waiting        2m47.0s   
step_00900 • [   0% ] waiting        3m17.0s   
step_00950 • [   0% ] waiting        3m47.0s   
step_01000 • [   0% ] waiting        4m17.0s   

running (05m13.9s), 0000/0392 VUs, 90186 complete and 0 interrupted iterations
step_00050 ✓ [ 100% ] 000/020 VUs    30s        50.00 iters/s
step_00100 ✓ [ 100% ] 000/020 VUs    30s        100.00 iters/s
step_00150 ✓ [ 100% ] 000/030 VUs    30s        150.00 iters/s
step_00200 ✓ [ 100% ] 000/040 VUs    30s        200.00 iters/s
step_00250 ✓ [ 100% ] 000/050 VUs    30s        250.00 iters/s
step_00300 ✓ [ 100% ] 000/060 VUs    30s        300.00 iters/s
step_00350 ✓ [ 100% ] 0000/0070 VUs  30s        350.00 iters/s
step_00400 ✓ [ 100% ] 0000/0080 VUs  30s        400.00 iters/s
step_00450 ✓ [ 100% ] 0000/0090 VUs  30s        450.00 iters/s
step_00500 ✓ [ 100% ] 0000/0100 VUs  30s        500.00 iters/s
step_00550   [  47% ] 0000/0112 VUs  14.0s/30s  550.00 iters/s
step_00600 • [   0% ] waiting        0m16.0s   
step_00650 • [   0% ] waiting        0m46.0s   
step_00700 • [   0% ] waiting        1m16.0s   
step_00750 • [   0% ] waiting        1m46.0s   
step_00800 • [   0% ] waiting        2m16.0s   
step_00850 • [   0% ] waiting        2m46.0s   
step_00900 • [   0% ] waiting        3m16.0s   
step_00950 • [   0% ] waiting        3m46.0s   
step_01000 • [   0% ] waiting        4m16.0s   

running (05m14.9s), 0001/0392 VUs, 90735 complete and 0 interrupted iterations
step_00050 ✓ [ 100% ] 000/020 VUs    30s        50.00 iters/s
step_00100 ✓ [ 100% ] 000/020 VUs    30s        100.00 iters/s
step_00150 ✓ [ 100% ] 000/030 VUs    30s        150.00 iters/s
step_00200 ✓ [ 100% ] 000/040 VUs    30s        200.00 iters/s
step_00250 ✓ [ 100% ] 000/050 VUs    30s        250.00 iters/s
step_00300 ✓ [ 100% ] 000/060 VUs    30s        300.00 iters/s
step_00350 ✓ [ 100% ] 0000/0070 VUs  30s        350.00 iters/s
step_00400 ✓ [ 100% ] 0000/0080 VUs  30s        400.00 iters/s
step_00450 ✓ [ 100% ] 0000/0090 VUs  30s        450.00 iters/s
step_00500 ✓ [ 100% ] 0000/0100 VUs  30s        500.00 iters/s
step_00550   [  50% ] 0001/0112 VUs  15.0s/30s  550.00 iters/s
step_00600 • [   0% ] waiting        0m15.0s   
step_00650 • [   0% ] waiting        0m45.0s   
step_00700 • [   0% ] waiting        1m15.0s   
step_00750 • [   0% ] waiting        1m45.0s   
step_00800 • [   0% ] waiting        2m15.0s   
step_00850 • [   0% ] waiting        2m45.0s   
step_00900 • [   0% ] waiting        3m15.0s   
step_00950 • [   0% ] waiting        3m45.0s   
step_01000 • [   0% ] waiting        4m15.0s   

running (05m15.9s), 0000/0392 VUs, 91286 complete and 0 interrupted iterations
step_00050 ✓ [ 100% ] 000/020 VUs    30s        50.00 iters/s
step_00100 ✓ [ 100% ] 000/020 VUs    30s        100.00 iters/s
step_00150 ✓ [ 100% ] 000/030 VUs    30s        150.00 iters/s
step_00200 ✓ [ 100% ] 000/040 VUs    30s        200.00 iters/s
step_00250 ✓ [ 100% ] 000/050 VUs    30s        250.00 iters/s
step_00300 ✓ [ 100% ] 000/060 VUs    30s        300.00 iters/s
step_00350 ✓ [ 100% ] 0000/0070 VUs  30s        350.00 iters/s
step_00400 ✓ [ 100% ] 0000/0080 VUs  30s        400.00 iters/s
step_00450 ✓ [ 100% ] 0000/0090 VUs  30s        450.00 iters/s
step_00500 ✓ [ 100% ] 0000/0100 VUs  30s        500.00 iters/s
step_00550   [  53% ] 0000/0112 VUs  16.0s/30s  550.00 iters/s
step_00600 • [   0% ] waiting        0m14.0s   
step_00650 • [   0% ] waiting        0m44.0s   
step_00700 • [   0% ] waiting        1m14.0s   
step_00750 • [   0% ] waiting        1m44.0s   
step_00800 • [   0% ] waiting        2m14.0s   
step_00850 • [   0% ] waiting        2m44.0s   
step_00900 • [   0% ] waiting        3m14.0s   
step_00950 • [   0% ] waiting        3m44.0s   
step_01000 • [   0% ] waiting        4m14.0s   

running (05m16.9s), 0000/0392 VUs, 91836 complete and 0 interrupted iterations
step_00050 ✓ [ 100% ] 000/020 VUs    30s        50.00 iters/s
step_00100 ✓ [ 100% ] 000/020 VUs    30s        100.00 iters/s
step_00150 ✓ [ 100% ] 000/030 VUs    30s        150.00 iters/s
step_00200 ✓ [ 100% ] 000/040 VUs    30s        200.00 iters/s
step_00250 ✓ [ 100% ] 000/050 VUs    30s        250.00 iters/s
step_00300 ✓ [ 100% ] 000/060 VUs    30s        300.00 iters/s
step_00350 ✓ [ 100% ] 0000/0070 VUs  30s        350.00 iters/s
step_00400 ✓ [ 100% ] 0000/0080 VUs  30s        400.00 iters/s
step_00450 ✓ [ 100% ] 0000/0090 VUs  30s        450.00 iters/s
step_00500 ✓ [ 100% ] 0000/0100 VUs  30s        500.00 iters/s
step_00550   [  57% ] 0000/0112 VUs  17.0s/30s  550.00 iters/s
step_00600 • [   0% ] waiting        0m13.0s   
step_00650 • [   0% ] waiting        0m43.0s   
step_00700 • [   0% ] waiting        1m13.0s   
step_00750 • [   0% ] waiting        1m43.0s   
step_00800 • [   0% ] waiting        2m13.0s   
step_00850 • [   0% ] waiting        2m43.0s   
step_00900 • [   0% ] waiting        3m13.0s   
step_00950 • [   0% ] waiting        3m43.0s   
step_01000 • [   0% ] waiting        4m13.0s   

running (05m17.9s), 0000/0392 VUs, 92386 complete and 0 interrupted iterations
step_00050 ✓ [ 100% ] 000/020 VUs    30s        50.00 iters/s
step_00100 ✓ [ 100% ] 000/020 VUs    30s        100.00 iters/s
step_00150 ✓ [ 100% ] 000/030 VUs    30s        150.00 iters/s
step_00200 ✓ [ 100% ] 000/040 VUs    30s        200.00 iters/s
step_00250 ✓ [ 100% ] 000/050 VUs    30s        250.00 iters/s
step_00300 ✓ [ 100% ] 000/060 VUs    30s        300.00 iters/s
step_00350 ✓ [ 100% ] 0000/0070 VUs  30s        350.00 iters/s
step_00400 ✓ [ 100% ] 0000/0080 VUs  30s        400.00 iters/s
step_00450 ✓ [ 100% ] 0000/0090 VUs  30s        450.00 iters/s
step_00500 ✓ [ 100% ] 0000/0100 VUs  30s        500.00 iters/s
step_00550   [  60% ] 0000/0112 VUs  18.0s/30s  550.00 iters/s
step_00600 • [   0% ] waiting        0m12.0s   
step_00650 • [   0% ] waiting        0m42.0s   
step_00700 • [   0% ] waiting        1m12.0s   
step_00750 • [   0% ] waiting        1m42.0s   
step_00800 • [   0% ] waiting        2m12.0s   
step_00850 • [   0% ] waiting        2m42.0s   
step_00900 • [   0% ] waiting        3m12.0s   
step_00950 • [   0% ] waiting        3m42.0s   
step_01000 • [   0% ] waiting        4m12.0s   

running (05m18.9s), 0000/0392 VUs, 92936 complete and 0 interrupted iterations
step_00050 ✓ [ 100% ] 000/020 VUs    30s        50.00 iters/s
step_00100 ✓ [ 100% ] 000/020 VUs    30s        100.00 iters/s
step_00150 ✓ [ 100% ] 000/030 VUs    30s        150.00 iters/s
step_00200 ✓ [ 100% ] 000/040 VUs    30s        200.00 iters/s
step_00250 ✓ [ 100% ] 000/050 VUs    30s        250.00 iters/s
step_00300 ✓ [ 100% ] 000/060 VUs    30s        300.00 iters/s
step_00350 ✓ [ 100% ] 0000/0070 VUs  30s        350.00 iters/s
step_00400 ✓ [ 100% ] 0000/0080 VUs  30s        400.00 iters/s
step_00450 ✓ [ 100% ] 0000/0090 VUs  30s        450.00 iters/s
step_00500 ✓ [ 100% ] 0000/0100 VUs  30s        500.00 iters/s
step_00550   [  63% ] 0000/0112 VUs  19.0s/30s  550.00 iters/s
step_00600 • [   0% ] waiting        0m11.0s   
step_00650 • [   0% ] waiting        0m41.0s   
step_00700 • [   0% ] waiting        1m11.0s   
step_00750 • [   0% ] waiting        1m41.0s   
step_00800 • [   0% ] waiting        2m11.0s   
step_00850 • [   0% ] waiting        2m41.0s   
step_00900 • [   0% ] waiting        3m11.0s   
step_00950 • [   0% ] waiting        3m41.0s   
step_01000 • [   0% ] waiting        4m11.0s   

running (05m19.9s), 0001/0392 VUs, 93485 complete and 0 interrupted iterations
step_00050 ✓ [ 100% ] 000/020 VUs    30s        50.00 iters/s
step_00100 ✓ [ 100% ] 000/020 VUs    30s        100.00 iters/s
step_00150 ✓ [ 100% ] 000/030 VUs    30s        150.00 iters/s
step_00200 ✓ [ 100% ] 000/040 VUs    30s        200.00 iters/s
step_00250 ✓ [ 100% ] 000/050 VUs    30s        250.00 iters/s
step_00300 ✓ [ 100% ] 000/060 VUs    30s        300.00 iters/s
step_00350 ✓ [ 100% ] 0000/0070 VUs  30s        350.00 iters/s
step_00400 ✓ [ 100% ] 0000/0080 VUs  30s        400.00 iters/s
step_00450 ✓ [ 100% ] 0000/0090 VUs  30s        450.00 iters/s
step_00500 ✓ [ 100% ] 0000/0100 VUs  30s        500.00 iters/s
step_00550   [  67% ] 0001/0112 VUs  20.0s/30s  550.00 iters/s
step_00600 • [   0% ] waiting        0m10.0s   
step_00650 • [   0% ] waiting        0m40.0s   
step_00700 • [   0% ] waiting        1m10.0s   
step_00750 • [   0% ] waiting        1m40.0s   
step_00800 • [   0% ] waiting        2m10.0s   
step_00850 • [   0% ] waiting        2m40.0s   
step_00900 • [   0% ] waiting        3m10.0s   
step_00950 • [   0% ] waiting        3m40.0s   
step_01000 • [   0% ] waiting        4m10.0s   

running (05m20.9s), 0002/0392 VUs, 94034 complete and 0 interrupted iterations
step_00050 ✓ [ 100% ] 000/020 VUs    30s        50.00 iters/s
step_00100 ✓ [ 100% ] 000/020 VUs    30s        100.00 iters/s
step_00150 ✓ [ 100% ] 000/030 VUs    30s        150.00 iters/s
step_00200 ✓ [ 100% ] 000/040 VUs    30s        200.00 iters/s
step_00250 ✓ [ 100% ] 000/050 VUs    30s        250.00 iters/s
step_00300 ✓ [ 100% ] 000/060 VUs    30s        300.00 iters/s
step_00350 ✓ [ 100% ] 0000/0070 VUs  30s        350.00 iters/s
step_00400 ✓ [ 100% ] 0000/0080 VUs  30s        400.00 iters/s
step_00450 ✓ [ 100% ] 0000/0090 VUs  30s        450.00 iters/s
step_00500 ✓ [ 100% ] 0000/0100 VUs  30s        500.00 iters/s
step_00550   [  70% ] 0002/0112 VUs  21.0s/30s  550.00 iters/s
step_00600 • [   0% ] waiting        0m09.0s   
step_00650 • [   0% ] waiting        0m39.0s   
step_00700 • [   0% ] waiting        1m09.0s   
step_00750 • [   0% ] waiting        1m39.0s   
step_00800 • [   0% ] waiting        2m09.0s   
step_00850 • [   0% ] waiting        2m39.0s   
step_00900 • [   0% ] waiting        3m09.0s   
step_00950 • [   0% ] waiting        3m39.0s   
step_01000 • [   0% ] waiting        4m09.0s   

running (05m21.9s), 0001/0392 VUs, 94585 complete and 0 interrupted iterations
step_00050 ✓ [ 100% ] 000/020 VUs    30s        50.00 iters/s
step_00100 ✓ [ 100% ] 000/020 VUs    30s        100.00 iters/s
step_00150 ✓ [ 100% ] 000/030 VUs    30s        150.00 iters/s
step_00200 ✓ [ 100% ] 000/040 VUs    30s        200.00 iters/s
step_00250 ✓ [ 100% ] 000/050 VUs    30s        250.00 iters/s
step_00300 ✓ [ 100% ] 000/060 VUs    30s        300.00 iters/s
step_00350 ✓ [ 100% ] 0000/0070 VUs  30s        350.00 iters/s
step_00400 ✓ [ 100% ] 0000/0080 VUs  30s        400.00 iters/s
step_00450 ✓ [ 100% ] 0000/0090 VUs  30s        450.00 iters/s
step_00500 ✓ [ 100% ] 0000/0100 VUs  30s        500.00 iters/s
step_00550   [  73% ] 0001/0112 VUs  22.0s/30s  550.00 iters/s
step_00600 • [   0% ] waiting        0m08.0s   
step_00650 • [   0% ] waiting        0m38.0s   
step_00700 • [   0% ] waiting        1m08.0s   
step_00750 • [   0% ] waiting        1m38.0s   
step_00800 • [   0% ] waiting        2m08.0s   
step_00850 • [   0% ] waiting        2m38.0s   
step_00900 • [   0% ] waiting        3m08.0s   
step_00950 • [   0% ] waiting        3m38.0s   
step_01000 • [   0% ] waiting        4m08.0s   

running (05m22.9s), 0000/0392 VUs, 95136 complete and 0 interrupted iterations
step_00050 ✓ [ 100% ] 000/020 VUs    30s        50.00 iters/s
step_00100 ✓ [ 100% ] 000/020 VUs    30s        100.00 iters/s
step_00150 ✓ [ 100% ] 000/030 VUs    30s        150.00 iters/s
step_00200 ✓ [ 100% ] 000/040 VUs    30s        200.00 iters/s
step_00250 ✓ [ 100% ] 000/050 VUs    30s        250.00 iters/s
step_00300 ✓ [ 100% ] 000/060 VUs    30s        300.00 iters/s
step_00350 ✓ [ 100% ] 0000/0070 VUs  30s        350.00 iters/s
step_00400 ✓ [ 100% ] 0000/0080 VUs  30s        400.00 iters/s
step_00450 ✓ [ 100% ] 0000/0090 VUs  30s        450.00 iters/s
step_00500 ✓ [ 100% ] 0000/0100 VUs  30s        500.00 iters/s
step_00550   [  77% ] 0000/0112 VUs  23.0s/30s  550.00 iters/s
step_00600 • [   0% ] waiting        0m07.0s   
step_00650 • [   0% ] waiting        0m37.0s   
step_00700 • [   0% ] waiting        1m07.0s   
step_00750 • [   0% ] waiting        1m37.0s   
step_00800 • [   0% ] waiting        2m07.0s   
step_00850 • [   0% ] waiting        2m37.0s   
step_00900 • [   0% ] waiting        3m07.0s   
step_00950 • [   0% ] waiting        3m37.0s   
step_01000 • [   0% ] waiting        4m07.0s   

running (05m23.9s), 0001/0392 VUs, 95685 complete and 0 interrupted iterations
step_00050 ✓ [ 100% ] 000/020 VUs    30s        50.00 iters/s
step_00100 ✓ [ 100% ] 000/020 VUs    30s        100.00 iters/s
step_00150 ✓ [ 100% ] 000/030 VUs    30s        150.00 iters/s
step_00200 ✓ [ 100% ] 000/040 VUs    30s        200.00 iters/s
step_00250 ✓ [ 100% ] 000/050 VUs    30s        250.00 iters/s
step_00300 ✓ [ 100% ] 000/060 VUs    30s        300.00 iters/s
step_00350 ✓ [ 100% ] 0000/0070 VUs  30s        350.00 iters/s
step_00400 ✓ [ 100% ] 0000/0080 VUs  30s        400.00 iters/s
step_00450 ✓ [ 100% ] 0000/0090 VUs  30s        450.00 iters/s
step_00500 ✓ [ 100% ] 0000/0100 VUs  30s        500.00 iters/s
step_00550   [  80% ] 0001/0112 VUs  24.0s/30s  550.00 iters/s
step_00600 • [   0% ] waiting        0m06.0s   
step_00650 • [   0% ] waiting        0m36.0s   
step_00700 • [   0% ] waiting        1m06.0s   
step_00750 • [   0% ] waiting        1m36.0s   
step_00800 • [   0% ] waiting        2m06.0s   
step_00850 • [   0% ] waiting        2m36.0s   
step_00900 • [   0% ] waiting        3m06.0s   
step_00950 • [   0% ] waiting        3m36.0s   
step_01000 • [   0% ] waiting        4m06.0s   

running (05m24.9s), 0001/0392 VUs, 96235 complete and 0 interrupted iterations
step_00050 ✓ [ 100% ] 000/020 VUs    30s        50.00 iters/s
step_00100 ✓ [ 100% ] 000/020 VUs    30s        100.00 iters/s
step_00150 ✓ [ 100% ] 000/030 VUs    30s        150.00 iters/s
step_00200 ✓ [ 100% ] 000/040 VUs    30s        200.00 iters/s
step_00250 ✓ [ 100% ] 000/050 VUs    30s        250.00 iters/s
step_00300 ✓ [ 100% ] 000/060 VUs    30s        300.00 iters/s
step_00350 ✓ [ 100% ] 0000/0070 VUs  30s        350.00 iters/s
step_00400 ✓ [ 100% ] 0000/0080 VUs  30s        400.00 iters/s
step_00450 ✓ [ 100% ] 0000/0090 VUs  30s        450.00 iters/s
step_00500 ✓ [ 100% ] 0000/0100 VUs  30s        500.00 iters/s
step_00550   [  83% ] 0001/0112 VUs  25.0s/30s  550.00 iters/s
step_00600 • [   0% ] waiting        0m05.0s   
step_00650 • [   0% ] waiting        0m35.0s   
step_00700 • [   0% ] waiting        1m05.0s   
step_00750 • [   0% ] waiting        1m35.0s   
step_00800 • [   0% ] waiting        2m05.0s   
step_00850 • [   0% ] waiting        2m35.0s   
step_00900 • [   0% ] waiting        3m05.0s   
step_00950 • [   0% ] waiting        3m35.0s   
step_01000 • [   0% ] waiting        4m05.0s   

running (05m25.9s), 0000/0392 VUs, 96786 complete and 0 interrupted iterations
step_00050 ✓ [ 100% ] 000/020 VUs    30s        50.00 iters/s
step_00100 ✓ [ 100% ] 000/020 VUs    30s        100.00 iters/s
step_00150 ✓ [ 100% ] 000/030 VUs    30s        150.00 iters/s
step_00200 ✓ [ 100% ] 000/040 VUs    30s        200.00 iters/s
step_00250 ✓ [ 100% ] 000/050 VUs    30s        250.00 iters/s
step_00300 ✓ [ 100% ] 000/060 VUs    30s        300.00 iters/s
step_00350 ✓ [ 100% ] 0000/0070 VUs  30s        350.00 iters/s
step_00400 ✓ [ 100% ] 0000/0080 VUs  30s        400.00 iters/s
step_00450 ✓ [ 100% ] 0000/0090 VUs  30s        450.00 iters/s
step_00500 ✓ [ 100% ] 0000/0100 VUs  30s        500.00 iters/s
step_00550   [  87% ] 0000/0112 VUs  26.0s/30s  550.00 iters/s
step_00600 • [   0% ] waiting        0m04.0s   
step_00650 • [   0% ] waiting        0m34.0s   
step_00700 • [   0% ] waiting        1m04.0s   
step_00750 • [   0% ] waiting        1m34.0s   
step_00800 • [   0% ] waiting        2m04.0s   
step_00850 • [   0% ] waiting        2m34.0s   
step_00900 • [   0% ] waiting        3m04.0s   
step_00950 • [   0% ] waiting        3m34.0s   
step_01000 • [   0% ] waiting        4m04.0s   

running (05m26.9s), 0000/0392 VUs, 97336 complete and 0 interrupted iterations
step_00050 ✓ [ 100% ] 000/020 VUs    30s        50.00 iters/s
step_00100 ✓ [ 100% ] 000/020 VUs    30s        100.00 iters/s
step_00150 ✓ [ 100% ] 000/030 VUs    30s        150.00 iters/s
step_00200 ✓ [ 100% ] 000/040 VUs    30s        200.00 iters/s
step_00250 ✓ [ 100% ] 000/050 VUs    30s        250.00 iters/s
step_00300 ✓ [ 100% ] 000/060 VUs    30s        300.00 iters/s
step_00350 ✓ [ 100% ] 0000/0070 VUs  30s        350.00 iters/s
step_00400 ✓ [ 100% ] 0000/0080 VUs  30s        400.00 iters/s
step_00450 ✓ [ 100% ] 0000/0090 VUs  30s        450.00 iters/s
step_00500 ✓ [ 100% ] 0000/0100 VUs  30s        500.00 iters/s
step_00550   [  90% ] 0000/0112 VUs  27.0s/30s  550.00 iters/s
step_00600 • [   0% ] waiting        0m03.0s   
step_00650 • [   0% ] waiting        0m33.0s   
step_00700 • [   0% ] waiting        1m03.0s   
step_00750 • [   0% ] waiting        1m33.0s   
step_00800 • [   0% ] waiting        2m03.0s   
step_00850 • [   0% ] waiting        2m33.0s   
step_00900 • [   0% ] waiting        3m03.0s   
step_00950 • [   0% ] waiting        3m33.0s   
step_01000 • [   0% ] waiting        4m03.0s   

running (05m27.9s), 0000/0392 VUs, 97886 complete and 0 interrupted iterations
step_00050 ✓ [ 100% ] 000/020 VUs    30s        50.00 iters/s
step_00100 ✓ [ 100% ] 000/020 VUs    30s        100.00 iters/s
step_00150 ✓ [ 100% ] 000/030 VUs    30s        150.00 iters/s
step_00200 ✓ [ 100% ] 000/040 VUs    30s        200.00 iters/s
step_00250 ✓ [ 100% ] 000/050 VUs    30s        250.00 iters/s
step_00300 ✓ [ 100% ] 000/060 VUs    30s        300.00 iters/s
step_00350 ✓ [ 100% ] 0000/0070 VUs  30s        350.00 iters/s
step_00400 ✓ [ 100% ] 0000/0080 VUs  30s        400.00 iters/s
step_00450 ✓ [ 100% ] 0000/0090 VUs  30s        450.00 iters/s
step_00500 ✓ [ 100% ] 0000/0100 VUs  30s        500.00 iters/s
step_00550   [  93% ] 0000/0112 VUs  28.0s/30s  550.00 iters/s
step_00600 • [   0% ] waiting        0m02.0s   
step_00650 • [   0% ] waiting        0m32.0s   
step_00700 • [   0% ] waiting        1m02.0s   
step_00750 • [   0% ] waiting        1m32.0s   
step_00800 • [   0% ] waiting        2m02.0s   
step_00850 • [   0% ] waiting        2m32.0s   
step_00900 • [   0% ] waiting        3m02.0s   
step_00950 • [   0% ] waiting        3m32.0s   
step_01000 • [   0% ] waiting        4m02.0s   

running (05m28.9s), 0001/0392 VUs, 98435 complete and 0 interrupted iterations
step_00050 ✓ [ 100% ] 000/020 VUs    30s        50.00 iters/s
step_00100 ✓ [ 100% ] 000/020 VUs    30s        100.00 iters/s
step_00150 ✓ [ 100% ] 000/030 VUs    30s        150.00 iters/s
step_00200 ✓ [ 100% ] 000/040 VUs    30s        200.00 iters/s
step_00250 ✓ [ 100% ] 000/050 VUs    30s        250.00 iters/s
step_00300 ✓ [ 100% ] 000/060 VUs    30s        300.00 iters/s
step_00350 ✓ [ 100% ] 0000/0070 VUs  30s        350.00 iters/s
step_00400 ✓ [ 100% ] 0000/0080 VUs  30s        400.00 iters/s
step_00450 ✓ [ 100% ] 0000/0090 VUs  30s        450.00 iters/s
step_00500 ✓ [ 100% ] 0000/0100 VUs  30s        500.00 iters/s
step_00550   [  97% ] 0001/0112 VUs  29.0s/30s  550.00 iters/s
step_00600 • [   0% ] waiting        0m01.0s   
step_00650 • [   0% ] waiting        0m31.0s   
step_00700 • [   0% ] waiting        1m01.0s   
step_00750 • [   0% ] waiting        1m31.0s   
step_00800 • [   0% ] waiting        2m01.0s   
step_00850 • [   0% ] waiting        2m31.0s   
step_00900 • [   0% ] waiting        3m01.0s   
step_00950 • [   0% ] waiting        3m31.0s   
step_01000 • [   0% ] waiting        4m01.0s   

running (05m29.9s), 0000/0392 VUs, 98986 complete and 0 interrupted iterations
step_00050 ✓ [ 100% ] 000/020 VUs    30s        50.00 iters/s
step_00100 ✓ [ 100% ] 000/020 VUs    30s        100.00 iters/s
step_00150 ✓ [ 100% ] 000/030 VUs    30s        150.00 iters/s
step_00200 ✓ [ 100% ] 000/040 VUs    30s        200.00 iters/s
step_00250 ✓ [ 100% ] 000/050 VUs    30s        250.00 iters/s
step_00300 ✓ [ 100% ] 000/060 VUs    30s        300.00 iters/s
step_00350 ✓ [ 100% ] 0000/0070 VUs  30s        350.00 iters/s
step_00400 ✓ [ 100% ] 0000/0080 VUs  30s        400.00 iters/s
step_00450 ✓ [ 100% ] 0000/0090 VUs  30s        450.00 iters/s
step_00500 ✓ [ 100% ] 0000/0100 VUs  30s        500.00 iters/s
step_00550   [ 100% ] 0000/0112 VUs  30.0s/30s  550.00 iters/s
step_00600 • [   0% ] waiting        0m00.0s   
step_00650 • [   0% ] waiting        0m30.0s   
step_00700 • [   0% ] waiting        1m00.0s   
step_00750 • [   0% ] waiting        1m30.0s   
step_00800 • [   0% ] waiting        2m00.0s   
step_00850 • [   0% ] waiting        2m30.0s   
step_00900 • [   0% ] waiting        3m00.0s   
step_00950 • [   0% ] waiting        3m30.0s   
step_01000 • [   0% ] waiting        4m00.0s   

running (05m30.9s), 0001/0392 VUs, 99585 complete and 0 interrupted iterations
step_00050 ✓ [ 100% ] 000/020 VUs    30s        50.00 iters/s
step_00100 ✓ [ 100% ] 000/020 VUs    30s        100.00 iters/s
step_00150 ✓ [ 100% ] 000/030 VUs    30s        150.00 iters/s
step_00200 ✓ [ 100% ] 000/040 VUs    30s        200.00 iters/s
step_00250 ✓ [ 100% ] 000/050 VUs    30s        250.00 iters/s
step_00300 ✓ [ 100% ] 000/060 VUs    30s        300.00 iters/s
step_00350 ✓ [ 100% ] 0000/0070 VUs  30s        350.00 iters/s
step_00400 ✓ [ 100% ] 0000/0080 VUs  30s        400.00 iters/s
step_00450 ✓ [ 100% ] 0000/0090 VUs  30s        450.00 iters/s
step_00500 ✓ [ 100% ] 0000/0100 VUs  30s        500.00 iters/s
step_00550 ✓ [ 100% ] 0000/0112 VUs  30s        550.00 iters/s
step_00600   [   3% ] 0001/0120 VUs  01.0s/30s  600.00 iters/s
step_00650 • [   0% ] waiting        0m29.0s   
step_00700 • [   0% ] waiting        0m59.0s   
step_00750 • [   0% ] waiting        1m29.0s   
step_00800 • [   0% ] waiting        1m59.0s   
step_00850 • [   0% ] waiting        2m29.0s   
step_00900 • [   0% ] waiting        2m59.0s   
step_00950 • [   0% ] waiting        3m29.0s   
step_01000 • [   0% ] waiting        3m59.0s   

running (05m31.9s), 0001/0392 VUs, 100185 complete and 0 interrupted iterations
step_00050 ✓ [ 100% ] 000/020 VUs    30s        50.00 iters/s
step_00100 ✓ [ 100% ] 000/020 VUs    30s        100.00 iters/s
step_00150 ✓ [ 100% ] 000/030 VUs    30s        150.00 iters/s
step_00200 ✓ [ 100% ] 000/040 VUs    30s        200.00 iters/s
step_00250 ✓ [ 100% ] 000/050 VUs    30s        250.00 iters/s
step_00300 ✓ [ 100% ] 000/060 VUs    30s        300.00 iters/s
step_00350 ✓ [ 100% ] 0000/0070 VUs  30s        350.00 iters/s
step_00400 ✓ [ 100% ] 0000/0080 VUs  30s        400.00 iters/s
step_00450 ✓ [ 100% ] 0000/0090 VUs  30s        450.00 iters/s
step_00500 ✓ [ 100% ] 0000/0100 VUs  30s        500.00 iters/s
step_00550 ✓ [ 100% ] 0000/0112 VUs  30s        550.00 iters/s
step_00600   [   7% ] 0001/0120 VUs  02.0s/30s  600.00 iters/s
step_00650 • [   0% ] waiting        0m28.0s   
step_00700 • [   0% ] waiting        0m58.0s   
step_00750 • [   0% ] waiting        1m28.0s   
step_00800 • [   0% ] waiting        1m58.0s   
step_00850 • [   0% ] waiting        2m28.0s   
step_00900 • [   0% ] waiting        2m58.0s   
step_00950 • [   0% ] waiting        3m28.0s   
step_01000 • [   0% ] waiting        3m58.0s   

running (05m32.9s), 0000/0392 VUs, 100785 complete and 0 interrupted iterations
step_00050 ✓ [ 100% ] 000/020 VUs    30s        50.00 iters/s
step_00100 ✓ [ 100% ] 000/020 VUs    30s        100.00 iters/s
step_00150 ✓ [ 100% ] 000/030 VUs    30s        150.00 iters/s
step_00200 ✓ [ 100% ] 000/040 VUs    30s        200.00 iters/s
step_00250 ✓ [ 100% ] 000/050 VUs    30s        250.00 iters/s
step_00300 ✓ [ 100% ] 000/060 VUs    30s        300.00 iters/s
step_00350 ✓ [ 100% ] 0000/0070 VUs  30s        350.00 iters/s
step_00400 ✓ [ 100% ] 0000/0080 VUs  30s        400.00 iters/s
step_00450 ✓ [ 100% ] 0000/0090 VUs  30s        450.00 iters/s
step_00500 ✓ [ 100% ] 0000/0100 VUs  30s        500.00 iters/s
step_00550 ✓ [ 100% ] 0000/0112 VUs  30s        550.00 iters/s
step_00600   [  10% ] 0000/0120 VUs  03.0s/30s  600.00 iters/s
step_00650 • [   0% ] waiting        0m27.0s   
step_00700 • [   0% ] waiting        0m57.0s   
step_00750 • [   0% ] waiting        1m27.0s   
step_00800 • [   0% ] waiting        1m57.0s   
step_00850 • [   0% ] waiting        2m27.0s   
step_00900 • [   0% ] waiting        2m57.0s   
step_00950 • [   0% ] waiting        3m27.0s   
step_01000 • [   0% ] waiting        3m57.0s   

running (05m33.9s), 0001/0392 VUs, 101385 complete and 0 interrupted iterations
step_00050 ✓ [ 100% ] 000/020 VUs    30s        50.00 iters/s
step_00100 ✓ [ 100% ] 000/020 VUs    30s        100.00 iters/s
step_00150 ✓ [ 100% ] 000/030 VUs    30s        150.00 iters/s
step_00200 ✓ [ 100% ] 000/040 VUs    30s        200.00 iters/s
step_00250 ✓ [ 100% ] 000/050 VUs    30s        250.00 iters/s
step_00300 ✓ [ 100% ] 000/060 VUs    30s        300.00 iters/s
step_00350 ✓ [ 100% ] 0000/0070 VUs  30s        350.00 iters/s
step_00400 ✓ [ 100% ] 0000/0080 VUs  30s        400.00 iters/s
step_00450 ✓ [ 100% ] 0000/0090 VUs  30s        450.00 iters/s
step_00500 ✓ [ 100% ] 0000/0100 VUs  30s        500.00 iters/s
step_00550 ✓ [ 100% ] 0000/0112 VUs  30s        550.00 iters/s
step_00600   [  13% ] 0001/0120 VUs  04.0s/30s  600.00 iters/s
step_00650 • [   0% ] waiting        0m26.0s   
step_00700 • [   0% ] waiting        0m56.0s   
step_00750 • [   0% ] waiting        1m26.0s   
step_00800 • [   0% ] waiting        1m56.0s   
step_00850 • [   0% ] waiting        2m26.0s   
step_00900 • [   0% ] waiting        2m56.0s   
step_00950 • [   0% ] waiting        3m26.0s   
step_01000 • [   0% ] waiting        3m56.0s   

running (05m34.9s), 0000/0392 VUs, 101985 complete and 0 interrupted iterations
step_00050 ✓ [ 100% ] 000/020 VUs    30s        50.00 iters/s
step_00100 ✓ [ 100% ] 000/020 VUs    30s        100.00 iters/s
step_00150 ✓ [ 100% ] 000/030 VUs    30s        150.00 iters/s
step_00200 ✓ [ 100% ] 000/040 VUs    30s        200.00 iters/s
step_00250 ✓ [ 100% ] 000/050 VUs    30s        250.00 iters/s
step_00300 ✓ [ 100% ] 000/060 VUs    30s        300.00 iters/s
step_00350 ✓ [ 100% ] 0000/0070 VUs  30s        350.00 iters/s
step_00400 ✓ [ 100% ] 0000/0080 VUs  30s        400.00 iters/s
step_00450 ✓ [ 100% ] 0000/0090 VUs  30s        450.00 iters/s
step_00500 ✓ [ 100% ] 0000/0100 VUs  30s        500.00 iters/s
step_00550 ✓ [ 100% ] 0000/0112 VUs  30s        550.00 iters/s
step_00600   [  17% ] 0001/0120 VUs  05.0s/30s  600.00 iters/s
step_00650 • [   0% ] waiting        0m25.0s   
step_00700 • [   0% ] waiting        0m55.0s   
step_00750 • [   0% ] waiting        1m25.0s   
step_00800 • [   0% ] waiting        1m55.0s   
step_00850 • [   0% ] waiting        2m25.0s   
step_00900 • [   0% ] waiting        2m55.0s   
step_00950 • [   0% ] waiting        3m25.0s   
step_01000 • [   0% ] waiting        3m55.0s   

running (05m35.9s), 0000/0392 VUs, 102585 complete and 0 interrupted iterations
step_00050 ✓ [ 100% ] 000/020 VUs    30s        50.00 iters/s
step_00100 ✓ [ 100% ] 000/020 VUs    30s        100.00 iters/s
step_00150 ✓ [ 100% ] 000/030 VUs    30s        150.00 iters/s
step_00200 ✓ [ 100% ] 000/040 VUs    30s        200.00 iters/s
step_00250 ✓ [ 100% ] 000/050 VUs    30s        250.00 iters/s
step_00300 ✓ [ 100% ] 000/060 VUs    30s        300.00 iters/s
step_00350 ✓ [ 100% ] 0000/0070 VUs  30s        350.00 iters/s
step_00400 ✓ [ 100% ] 0000/0080 VUs  30s        400.00 iters/s
step_00450 ✓ [ 100% ] 0000/0090 VUs  30s        450.00 iters/s
step_00500 ✓ [ 100% ] 0000/0100 VUs  30s        500.00 iters/s
step_00550 ✓ [ 100% ] 0000/0112 VUs  30s        550.00 iters/s
step_00600   [  20% ] 0000/0120 VUs  06.0s/30s  600.00 iters/s
step_00650 • [   0% ] waiting        0m24.0s   
step_00700 • [   0% ] waiting        0m54.0s   
step_00750 • [   0% ] waiting        1m24.0s   
step_00800 • [   0% ] waiting        1m54.0s   
step_00850 • [   0% ] waiting        2m24.0s   
step_00900 • [   0% ] waiting        2m54.0s   
step_00950 • [   0% ] waiting        3m24.0s   
step_01000 • [   0% ] waiting        3m54.0s   

running (05m36.9s), 0001/0392 VUs, 103184 complete and 0 interrupted iterations
step_00050 ✓ [ 100% ] 000/020 VUs    30s        50.00 iters/s
step_00100 ✓ [ 100% ] 000/020 VUs    30s        100.00 iters/s
step_00150 ✓ [ 100% ] 000/030 VUs    30s        150.00 iters/s
step_00200 ✓ [ 100% ] 000/040 VUs    30s        200.00 iters/s
step_00250 ✓ [ 100% ] 000/050 VUs    30s        250.00 iters/s
step_00300 ✓ [ 100% ] 000/060 VUs    30s        300.00 iters/s
step_00350 ✓ [ 100% ] 0000/0070 VUs  30s        350.00 iters/s
step_00400 ✓ [ 100% ] 0000/0080 VUs  30s        400.00 iters/s
step_00450 ✓ [ 100% ] 0000/0090 VUs  30s        450.00 iters/s
step_00500 ✓ [ 100% ] 0000/0100 VUs  30s        500.00 iters/s
step_00550 ✓ [ 100% ] 0000/0112 VUs  30s        550.00 iters/s
step_00600   [  23% ] 0001/0120 VUs  07.0s/30s  600.00 iters/s
step_00650 • [   0% ] waiting        0m23.0s   
step_00700 • [   0% ] waiting        0m53.0s   
step_00750 • [   0% ] waiting        1m23.0s   
step_00800 • [   0% ] waiting        1m53.0s   
step_00850 • [   0% ] waiting        2m23.0s   
step_00900 • [   0% ] waiting        2m53.0s   
step_00950 • [   0% ] waiting        3m23.0s   
step_01000 • [   0% ] waiting        3m53.0s   

running (05m37.9s), 0000/0392 VUs, 103785 complete and 0 interrupted iterations
step_00050 ✓ [ 100% ] 000/020 VUs    30s        50.00 iters/s
step_00100 ✓ [ 100% ] 000/020 VUs    30s        100.00 iters/s
step_00150 ✓ [ 100% ] 000/030 VUs    30s        150.00 iters/s
step_00200 ✓ [ 100% ] 000/040 VUs    30s        200.00 iters/s
step_00250 ✓ [ 100% ] 000/050 VUs    30s        250.00 iters/s
step_00300 ✓ [ 100% ] 000/060 VUs    30s        300.00 iters/s
step_00350 ✓ [ 100% ] 0000/0070 VUs  30s        350.00 iters/s
step_00400 ✓ [ 100% ] 0000/0080 VUs  30s        400.00 iters/s
step_00450 ✓ [ 100% ] 0000/0090 VUs  30s        450.00 iters/s
step_00500 ✓ [ 100% ] 0000/0100 VUs  30s        500.00 iters/s
step_00550 ✓ [ 100% ] 0000/0112 VUs  30s        550.00 iters/s
step_00600   [  27% ] 0000/0120 VUs  08.0s/30s  600.00 iters/s
step_00650 • [   0% ] waiting        0m22.0s   
step_00700 • [   0% ] waiting        0m52.0s   
step_00750 • [   0% ] waiting        1m22.0s   
step_00800 • [   0% ] waiting        1m52.0s   
step_00850 • [   0% ] waiting        2m22.0s   
step_00900 • [   0% ] waiting        2m52.0s   
step_00950 • [   0% ] waiting        3m22.0s   
step_01000 • [   0% ] waiting        3m52.0s   

running (05m38.9s), 0001/0392 VUs, 104385 complete and 0 interrupted iterations
step_00050 ✓ [ 100% ] 000/020 VUs    30s        50.00 iters/s
step_00100 ✓ [ 100% ] 000/020 VUs    30s        100.00 iters/s
step_00150 ✓ [ 100% ] 000/030 VUs    30s        150.00 iters/s
step_00200 ✓ [ 100% ] 000/040 VUs    30s        200.00 iters/s
step_00250 ✓ [ 100% ] 000/050 VUs    30s        250.00 iters/s
step_00300 ✓ [ 100% ] 000/060 VUs    30s        300.00 iters/s
step_00350 ✓ [ 100% ] 0000/0070 VUs  30s        350.00 iters/s
step_00400 ✓ [ 100% ] 0000/0080 VUs  30s        400.00 iters/s
step_00450 ✓ [ 100% ] 0000/0090 VUs  30s        450.00 iters/s
step_00500 ✓ [ 100% ] 0000/0100 VUs  30s        500.00 iters/s
step_00550 ✓ [ 100% ] 0000/0112 VUs  30s        550.00 iters/s
step_00600   [  30% ] 0001/0120 VUs  09.0s/30s  600.00 iters/s
step_00650 • [   0% ] waiting        0m21.0s   
step_00700 • [   0% ] waiting        0m51.0s   
step_00750 • [   0% ] waiting        1m21.0s   
step_00800 • [   0% ] waiting        1m51.0s   
step_00850 • [   0% ] waiting        2m21.0s   
step_00900 • [   0% ] waiting        2m51.0s   
step_00950 • [   0% ] waiting        3m21.0s   
step_01000 • [   0% ] waiting        3m51.0s   

running (05m39.9s), 0002/0392 VUs, 104983 complete and 0 interrupted iterations
step_00050 ✓ [ 100% ] 000/020 VUs    30s        50.00 iters/s
step_00100 ✓ [ 100% ] 000/020 VUs    30s        100.00 iters/s
step_00150 ✓ [ 100% ] 000/030 VUs    30s        150.00 iters/s
step_00200 ✓ [ 100% ] 000/040 VUs    30s        200.00 iters/s
step_00250 ✓ [ 100% ] 000/050 VUs    30s        250.00 iters/s
step_00300 ✓ [ 100% ] 000/060 VUs    30s        300.00 iters/s
step_00350 ✓ [ 100% ] 0000/0070 VUs  30s        350.00 iters/s
step_00400 ✓ [ 100% ] 0000/0080 VUs  30s        400.00 iters/s
step_00450 ✓ [ 100% ] 0000/0090 VUs  30s        450.00 iters/s
step_00500 ✓ [ 100% ] 0000/0100 VUs  30s        500.00 iters/s
step_00550 ✓ [ 100% ] 0000/0112 VUs  30s        550.00 iters/s
step_00600   [  33% ] 0002/0120 VUs  10.0s/30s  600.00 iters/s
step_00650 • [   0% ] waiting        0m20.0s   
step_00700 • [   0% ] waiting        0m50.0s   
step_00750 • [   0% ] waiting        1m20.0s   
step_00800 • [   0% ] waiting        1m50.0s   
step_00850 • [   0% ] waiting        2m20.0s   
step_00900 • [   0% ] waiting        2m50.0s   
step_00950 • [   0% ] waiting        3m20.0s   
step_01000 • [   0% ] waiting        3m50.0s   

running (05m40.9s), 0000/0392 VUs, 105585 complete and 0 interrupted iterations
step_00050 ✓ [ 100% ] 000/020 VUs    30s        50.00 iters/s
step_00100 ✓ [ 100% ] 000/020 VUs    30s        100.00 iters/s
step_00150 ✓ [ 100% ] 000/030 VUs    30s        150.00 iters/s
step_00200 ✓ [ 100% ] 000/040 VUs    30s        200.00 iters/s
step_00250 ✓ [ 100% ] 000/050 VUs    30s        250.00 iters/s
step_00300 ✓ [ 100% ] 000/060 VUs    30s        300.00 iters/s
step_00350 ✓ [ 100% ] 0000/0070 VUs  30s        350.00 iters/s
step_00400 ✓ [ 100% ] 0000/0080 VUs  30s        400.00 iters/s
step_00450 ✓ [ 100% ] 0000/0090 VUs  30s        450.00 iters/s
step_00500 ✓ [ 100% ] 0000/0100 VUs  30s        500.00 iters/s
step_00550 ✓ [ 100% ] 0000/0112 VUs  30s        550.00 iters/s
step_00600   [  37% ] 0000/0120 VUs  11.0s/30s  600.00 iters/s
step_00650 • [   0% ] waiting        0m19.0s   
step_00700 • [   0% ] waiting        0m49.0s   
step_00750 • [   0% ] waiting        1m19.0s   
step_00800 • [   0% ] waiting        1m49.0s   
step_00850 • [   0% ] waiting        2m19.0s   
step_00900 • [   0% ] waiting        2m49.0s   
step_00950 • [   0% ] waiting        3m19.0s   
step_01000 • [   0% ] waiting        3m49.0s   

running (05m41.9s), 0001/0392 VUs, 106185 complete and 0 interrupted iterations
step_00050 ✓ [ 100% ] 000/020 VUs    30s        50.00 iters/s
step_00100 ✓ [ 100% ] 000/020 VUs    30s        100.00 iters/s
step_00150 ✓ [ 100% ] 000/030 VUs    30s        150.00 iters/s
step_00200 ✓ [ 100% ] 000/040 VUs    30s        200.00 iters/s
step_00250 ✓ [ 100% ] 000/050 VUs    30s        250.00 iters/s
step_00300 ✓ [ 100% ] 000/060 VUs    30s        300.00 iters/s
step_00350 ✓ [ 100% ] 0000/0070 VUs  30s        350.00 iters/s
step_00400 ✓ [ 100% ] 0000/0080 VUs  30s        400.00 iters/s
step_00450 ✓ [ 100% ] 0000/0090 VUs  30s        450.00 iters/s
step_00500 ✓ [ 100% ] 0000/0100 VUs  30s        500.00 iters/s
step_00550 ✓ [ 100% ] 0000/0112 VUs  30s        550.00 iters/s
step_00600   [  40% ] 0001/0120 VUs  12.0s/30s  600.00 iters/s
step_00650 • [   0% ] waiting        0m18.0s   
step_00700 • [   0% ] waiting        0m48.0s   
step_00750 • [   0% ] waiting        1m18.0s   
step_00800 • [   0% ] waiting        1m48.0s   
step_00850 • [   0% ] waiting        2m18.0s   
step_00900 • [   0% ] waiting        2m48.0s   
step_00950 • [   0% ] waiting        3m18.0s   
step_01000 • [   0% ] waiting        3m48.0s   

running (05m42.9s), 0000/0392 VUs, 106785 complete and 0 interrupted iterations
step_00050 ✓ [ 100% ] 000/020 VUs    30s        50.00 iters/s
step_00100 ✓ [ 100% ] 000/020 VUs    30s        100.00 iters/s
step_00150 ✓ [ 100% ] 000/030 VUs    30s        150.00 iters/s
step_00200 ✓ [ 100% ] 000/040 VUs    30s        200.00 iters/s
step_00250 ✓ [ 100% ] 000/050 VUs    30s        250.00 iters/s
step_00300 ✓ [ 100% ] 000/060 VUs    30s        300.00 iters/s
step_00350 ✓ [ 100% ] 0000/0070 VUs  30s        350.00 iters/s
step_00400 ✓ [ 100% ] 0000/0080 VUs  30s        400.00 iters/s
step_00450 ✓ [ 100% ] 0000/0090 VUs  30s        450.00 iters/s
step_00500 ✓ [ 100% ] 0000/0100 VUs  30s        500.00 iters/s
step_00550 ✓ [ 100% ] 0000/0112 VUs  30s        550.00 iters/s
step_00600   [  43% ] 0000/0120 VUs  13.0s/30s  600.00 iters/s
step_00650 • [   0% ] waiting        0m17.0s   
step_00700 • [   0% ] waiting        0m47.0s   
step_00750 • [   0% ] waiting        1m17.0s   
step_00800 • [   0% ] waiting        1m47.0s   
step_00850 • [   0% ] waiting        2m17.0s   
step_00900 • [   0% ] waiting        2m47.0s   
step_00950 • [   0% ] waiting        3m17.0s   
step_01000 • [   0% ] waiting        3m47.0s   

running (05m43.9s), 0001/0392 VUs, 107385 complete and 0 interrupted iterations
step_00050 ✓ [ 100% ] 000/020 VUs    30s        50.00 iters/s
step_00100 ✓ [ 100% ] 000/020 VUs    30s        100.00 iters/s
step_00150 ✓ [ 100% ] 000/030 VUs    30s        150.00 iters/s
step_00200 ✓ [ 100% ] 000/040 VUs    30s        200.00 iters/s
step_00250 ✓ [ 100% ] 000/050 VUs    30s        250.00 iters/s
step_00300 ✓ [ 100% ] 000/060 VUs    30s        300.00 iters/s
step_00350 ✓ [ 100% ] 0000/0070 VUs  30s        350.00 iters/s
step_00400 ✓ [ 100% ] 0000/0080 VUs  30s        400.00 iters/s
step_00450 ✓ [ 100% ] 0000/0090 VUs  30s        450.00 iters/s
step_00500 ✓ [ 100% ] 0000/0100 VUs  30s        500.00 iters/s
step_00550 ✓ [ 100% ] 0000/0112 VUs  30s        550.00 iters/s
step_00600   [  47% ] 0001/0120 VUs  14.0s/30s  600.00 iters/s
step_00650 • [   0% ] waiting        0m16.0s   
step_00700 • [   0% ] waiting        0m46.0s   
step_00750 • [   0% ] waiting        1m16.0s   
step_00800 • [   0% ] waiting        1m46.0s   
step_00850 • [   0% ] waiting        2m16.0s   
step_00900 • [   0% ] waiting        2m46.0s   
step_00950 • [   0% ] waiting        3m16.0s   
step_01000 • [   0% ] waiting        3m46.0s   

running (05m44.9s), 0001/0392 VUs, 107985 complete and 0 interrupted iterations
step_00050 ✓ [ 100% ] 000/020 VUs    30s        50.00 iters/s
step_00100 ✓ [ 100% ] 000/020 VUs    30s        100.00 iters/s
step_00150 ✓ [ 100% ] 000/030 VUs    30s        150.00 iters/s
step_00200 ✓ [ 100% ] 000/040 VUs    30s        200.00 iters/s
step_00250 ✓ [ 100% ] 000/050 VUs    30s        250.00 iters/s
step_00300 ✓ [ 100% ] 000/060 VUs    30s        300.00 iters/s
step_00350 ✓ [ 100% ] 0000/0070 VUs  30s        350.00 iters/s
step_00400 ✓ [ 100% ] 0000/0080 VUs  30s        400.00 iters/s
step_00450 ✓ [ 100% ] 0000/0090 VUs  30s        450.00 iters/s
step_00500 ✓ [ 100% ] 0000/0100 VUs  30s        500.00 iters/s
step_00550 ✓ [ 100% ] 0000/0112 VUs  30s        550.00 iters/s
step_00600   [  50% ] 0001/0120 VUs  15.0s/30s  600.00 iters/s
step_00650 • [   0% ] waiting        0m15.0s   
step_00700 • [   0% ] waiting        0m45.0s   
step_00750 • [   0% ] waiting        1m15.0s   
step_00800 • [   0% ] waiting        1m45.0s   
step_00850 • [   0% ] waiting        2m15.0s   
step_00900 • [   0% ] waiting        2m45.0s   
step_00950 • [   0% ] waiting        3m15.0s   
step_01000 • [   0% ] waiting        3m45.0s   

running (05m45.9s), 0001/0392 VUs, 108585 complete and 0 interrupted iterations
step_00050 ✓ [ 100% ] 000/020 VUs    30s        50.00 iters/s
step_00100 ✓ [ 100% ] 000/020 VUs    30s        100.00 iters/s
step_00150 ✓ [ 100% ] 000/030 VUs    30s        150.00 iters/s
step_00200 ✓ [ 100% ] 000/040 VUs    30s        200.00 iters/s
step_00250 ✓ [ 100% ] 000/050 VUs    30s        250.00 iters/s
step_00300 ✓ [ 100% ] 000/060 VUs    30s        300.00 iters/s
step_00350 ✓ [ 100% ] 0000/0070 VUs  30s        350.00 iters/s
step_00400 ✓ [ 100% ] 0000/0080 VUs  30s        400.00 iters/s
step_00450 ✓ [ 100% ] 0000/0090 VUs  30s        450.00 iters/s
step_00500 ✓ [ 100% ] 0000/0100 VUs  30s        500.00 iters/s
step_00550 ✓ [ 100% ] 0000/0112 VUs  30s        550.00 iters/s
step_00600   [  53% ] 0001/0120 VUs  16.0s/30s  600.00 iters/s
step_00650 • [   0% ] waiting        0m14.0s   
step_00700 • [   0% ] waiting        0m44.0s   
step_00750 • [   0% ] waiting        1m14.0s   
step_00800 • [   0% ] waiting        1m44.0s   
step_00850 • [   0% ] waiting        2m14.0s   
step_00900 • [   0% ] waiting        2m44.0s   
step_00950 • [   0% ] waiting        3m14.0s   
step_01000 • [   0% ] waiting        3m44.0s   

running (05m46.9s), 0001/0392 VUs, 109185 complete and 0 interrupted iterations
step_00050 ✓ [ 100% ] 000/020 VUs    30s        50.00 iters/s
step_00100 ✓ [ 100% ] 000/020 VUs    30s        100.00 iters/s
step_00150 ✓ [ 100% ] 000/030 VUs    30s        150.00 iters/s
step_00200 ✓ [ 100% ] 000/040 VUs    30s        200.00 iters/s
step_00250 ✓ [ 100% ] 000/050 VUs    30s        250.00 iters/s
step_00300 ✓ [ 100% ] 000/060 VUs    30s        300.00 iters/s
step_00350 ✓ [ 100% ] 0000/0070 VUs  30s        350.00 iters/s
step_00400 ✓ [ 100% ] 0000/0080 VUs  30s        400.00 iters/s
step_00450 ✓ [ 100% ] 0000/0090 VUs  30s        450.00 iters/s
step_00500 ✓ [ 100% ] 0000/0100 VUs  30s        500.00 iters/s
step_00550 ✓ [ 100% ] 0000/0112 VUs  30s        550.00 iters/s
step_00600   [  57% ] 0001/0120 VUs  17.0s/30s  600.00 iters/s
step_00650 • [   0% ] waiting        0m13.0s   
step_00700 • [   0% ] waiting        0m43.0s   
step_00750 • [   0% ] waiting        1m13.0s   
step_00800 • [   0% ] waiting        1m43.0s   
step_00850 • [   0% ] waiting        2m13.0s   
step_00900 • [   0% ] waiting        2m43.0s   
step_00950 • [   0% ] waiting        3m13.0s   
step_01000 • [   0% ] waiting        3m43.0s   

running (05m47.9s), 0001/0392 VUs, 109785 complete and 0 interrupted iterations
step_00050 ✓ [ 100% ] 000/020 VUs    30s        50.00 iters/s
step_00100 ✓ [ 100% ] 000/020 VUs    30s        100.00 iters/s
step_00150 ✓ [ 100% ] 000/030 VUs    30s        150.00 iters/s
step_00200 ✓ [ 100% ] 000/040 VUs    30s        200.00 iters/s
step_00250 ✓ [ 100% ] 000/050 VUs    30s        250.00 iters/s
step_00300 ✓ [ 100% ] 000/060 VUs    30s        300.00 iters/s
step_00350 ✓ [ 100% ] 0000/0070 VUs  30s        350.00 iters/s
step_00400 ✓ [ 100% ] 0000/0080 VUs  30s        400.00 iters/s
step_00450 ✓ [ 100% ] 0000/0090 VUs  30s        450.00 iters/s
step_00500 ✓ [ 100% ] 0000/0100 VUs  30s        500.00 iters/s
step_00550 ✓ [ 100% ] 0000/0112 VUs  30s        550.00 iters/s
step_00600   [  60% ] 0001/0120 VUs  18.0s/30s  600.00 iters/s
step_00650 • [   0% ] waiting        0m12.0s   
step_00700 • [   0% ] waiting        0m42.0s   
step_00750 • [   0% ] waiting        1m12.0s   
step_00800 • [   0% ] waiting        1m42.0s   
step_00850 • [   0% ] waiting        2m12.0s   
step_00900 • [   0% ] waiting        2m42.0s   
step_00950 • [   0% ] waiting        3m12.0s   
step_01000 • [   0% ] waiting        3m42.0s   

running (05m48.9s), 0001/0392 VUs, 110385 complete and 0 interrupted iterations
step_00050 ✓ [ 100% ] 000/020 VUs    30s        50.00 iters/s
step_00100 ✓ [ 100% ] 000/020 VUs    30s        100.00 iters/s
step_00150 ✓ [ 100% ] 000/030 VUs    30s        150.00 iters/s
step_00200 ✓ [ 100% ] 000/040 VUs    30s        200.00 iters/s
step_00250 ✓ [ 100% ] 000/050 VUs    30s        250.00 iters/s
step_00300 ✓ [ 100% ] 000/060 VUs    30s        300.00 iters/s
step_00350 ✓ [ 100% ] 0000/0070 VUs  30s        350.00 iters/s
step_00400 ✓ [ 100% ] 0000/0080 VUs  30s        400.00 iters/s
step_00450 ✓ [ 100% ] 0000/0090 VUs  30s        450.00 iters/s
step_00500 ✓ [ 100% ] 0000/0100 VUs  30s        500.00 iters/s
step_00550 ✓ [ 100% ] 0000/0112 VUs  30s        550.00 iters/s
step_00600   [  63% ] 0001/0120 VUs  19.0s/30s  600.00 iters/s
step_00650 • [   0% ] waiting        0m11.0s   
step_00700 • [   0% ] waiting        0m41.0s   
step_00750 • [   0% ] waiting        1m11.0s   
step_00800 • [   0% ] waiting        1m41.0s   
step_00850 • [   0% ] waiting        2m11.0s   
step_00900 • [   0% ] waiting        2m41.0s   
step_00950 • [   0% ] waiting        3m11.0s   
step_01000 • [   0% ] waiting        3m41.0s   

running (05m49.9s), 0000/0392 VUs, 110985 complete and 0 interrupted iterations
step_00050 ✓ [ 100% ] 000/020 VUs    30s        50.00 iters/s
step_00100 ✓ [ 100% ] 000/020 VUs    30s        100.00 iters/s
step_00150 ✓ [ 100% ] 000/030 VUs    30s        150.00 iters/s
step_00200 ✓ [ 100% ] 000/040 VUs    30s        200.00 iters/s
step_00250 ✓ [ 100% ] 000/050 VUs    30s        250.00 iters/s
step_00300 ✓ [ 100% ] 000/060 VUs    30s        300.00 iters/s
step_00350 ✓ [ 100% ] 0000/0070 VUs  30s        350.00 iters/s
step_00400 ✓ [ 100% ] 0000/0080 VUs  30s        400.00 iters/s
step_00450 ✓ [ 100% ] 0000/0090 VUs  30s        450.00 iters/s
step_00500 ✓ [ 100% ] 0000/0100 VUs  30s        500.00 iters/s
step_00550 ✓ [ 100% ] 0000/0112 VUs  30s        550.00 iters/s
step_00600   [  67% ] 0000/0120 VUs  20.0s/30s  600.00 iters/s
step_00650 • [   0% ] waiting        0m10.0s   
step_00700 • [   0% ] waiting        0m40.0s   
step_00750 • [   0% ] waiting        1m10.0s   
step_00800 • [   0% ] waiting        1m40.0s   
step_00850 • [   0% ] waiting        2m10.0s   
step_00900 • [   0% ] waiting        2m40.0s   
step_00950 • [   0% ] waiting        3m10.0s   
step_01000 • [   0% ] waiting        3m40.0s   

running (05m50.9s), 0001/0392 VUs, 111585 complete and 0 interrupted iterations
step_00050 ✓ [ 100% ] 000/020 VUs    30s        50.00 iters/s
step_00100 ✓ [ 100% ] 000/020 VUs    30s        100.00 iters/s
step_00150 ✓ [ 100% ] 000/030 VUs    30s        150.00 iters/s
step_00200 ✓ [ 100% ] 000/040 VUs    30s        200.00 iters/s
step_00250 ✓ [ 100% ] 000/050 VUs    30s        250.00 iters/s
step_00300 ✓ [ 100% ] 000/060 VUs    30s        300.00 iters/s
step_00350 ✓ [ 100% ] 0000/0070 VUs  30s        350.00 iters/s
step_00400 ✓ [ 100% ] 0000/0080 VUs  30s        400.00 iters/s
step_00450 ✓ [ 100% ] 0000/0090 VUs  30s        450.00 iters/s
step_00500 ✓ [ 100% ] 0000/0100 VUs  30s        500.00 iters/s
step_00550 ✓ [ 100% ] 0000/0112 VUs  30s        550.00 iters/s
step_00600   [  70% ] 0001/0120 VUs  21.0s/30s  600.00 iters/s
step_00650 • [   0% ] waiting        0m09.0s   
step_00700 • [   0% ] waiting        0m39.0s   
step_00750 • [   0% ] waiting        1m09.0s   
step_00800 • [   0% ] waiting        1m39.0s   
step_00850 • [   0% ] waiting        2m09.0s   
step_00900 • [   0% ] waiting        2m39.0s   
step_00950 • [   0% ] waiting        3m09.0s   
step_01000 • [   0% ] waiting        3m39.0s   

running (05m51.9s), 0001/0392 VUs, 112185 complete and 0 interrupted iterations
step_00050 ✓ [ 100% ] 000/020 VUs    30s        50.00 iters/s
step_00100 ✓ [ 100% ] 000/020 VUs    30s        100.00 iters/s
step_00150 ✓ [ 100% ] 000/030 VUs    30s        150.00 iters/s
step_00200 ✓ [ 100% ] 000/040 VUs    30s        200.00 iters/s
step_00250 ✓ [ 100% ] 000/050 VUs    30s        250.00 iters/s
step_00300 ✓ [ 100% ] 000/060 VUs    30s        300.00 iters/s
step_00350 ✓ [ 100% ] 0000/0070 VUs  30s        350.00 iters/s
step_00400 ✓ [ 100% ] 0000/0080 VUs  30s        400.00 iters/s
step_00450 ✓ [ 100% ] 0000/0090 VUs  30s        450.00 iters/s
step_00500 ✓ [ 100% ] 0000/0100 VUs  30s        500.00 iters/s
step_00550 ✓ [ 100% ] 0000/0112 VUs  30s        550.00 iters/s
step_00600   [  73% ] 0001/0120 VUs  22.0s/30s  600.00 iters/s
step_00650 • [   0% ] waiting        0m08.0s   
step_00700 • [   0% ] waiting        0m38.0s   
step_00750 • [   0% ] waiting        1m08.0s   
step_00800 • [   0% ] waiting        1m38.0s   
step_00850 • [   0% ] waiting        2m08.0s   
step_00900 • [   0% ] waiting        2m38.0s   
step_00950 • [   0% ] waiting        3m08.0s   
step_01000 • [   0% ] waiting        3m38.0s   

running (05m52.9s), 0001/0392 VUs, 112784 complete and 0 interrupted iterations
step_00050 ✓ [ 100% ] 000/020 VUs    30s        50.00 iters/s
step_00100 ✓ [ 100% ] 000/020 VUs    30s        100.00 iters/s
step_00150 ✓ [ 100% ] 000/030 VUs    30s        150.00 iters/s
step_00200 ✓ [ 100% ] 000/040 VUs    30s        200.00 iters/s
step_00250 ✓ [ 100% ] 000/050 VUs    30s        250.00 iters/s
step_00300 ✓ [ 100% ] 000/060 VUs    30s        300.00 iters/s
step_00350 ✓ [ 100% ] 0000/0070 VUs  30s        350.00 iters/s
step_00400 ✓ [ 100% ] 0000/0080 VUs  30s        400.00 iters/s
step_00450 ✓ [ 100% ] 0000/0090 VUs  30s        450.00 iters/s
step_00500 ✓ [ 100% ] 0000/0100 VUs  30s        500.00 iters/s
step_00550 ✓ [ 100% ] 0000/0112 VUs  30s        550.00 iters/s
step_00600   [  77% ] 0001/0120 VUs  23.0s/30s  600.00 iters/s
step_00650 • [   0% ] waiting        0m07.0s   
step_00700 • [   0% ] waiting        0m37.0s   
step_00750 • [   0% ] waiting        1m07.0s   
step_00800 • [   0% ] waiting        1m37.0s   
step_00850 • [   0% ] waiting        2m07.0s   
step_00900 • [   0% ] waiting        2m37.0s   
step_00950 • [   0% ] waiting        3m07.0s   
step_01000 • [   0% ] waiting        3m37.0s   

running (05m53.9s), 0001/0392 VUs, 113385 complete and 0 interrupted iterations
step_00050 ✓ [ 100% ] 000/020 VUs    30s        50.00 iters/s
step_00100 ✓ [ 100% ] 000/020 VUs    30s        100.00 iters/s
step_00150 ✓ [ 100% ] 000/030 VUs    30s        150.00 iters/s
step_00200 ✓ [ 100% ] 000/040 VUs    30s        200.00 iters/s
step_00250 ✓ [ 100% ] 000/050 VUs    30s        250.00 iters/s
step_00300 ✓ [ 100% ] 000/060 VUs    30s        300.00 iters/s
step_00350 ✓ [ 100% ] 0000/0070 VUs  30s        350.00 iters/s
step_00400 ✓ [ 100% ] 0000/0080 VUs  30s        400.00 iters/s
step_00450 ✓ [ 100% ] 0000/0090 VUs  30s        450.00 iters/s
step_00500 ✓ [ 100% ] 0000/0100 VUs  30s        500.00 iters/s
step_00550 ✓ [ 100% ] 0000/0112 VUs  30s        550.00 iters/s
step_00600   [  80% ] 0001/0120 VUs  24.0s/30s  600.00 iters/s
step_00650 • [   0% ] waiting        0m06.0s   
step_00700 • [   0% ] waiting        0m36.0s   
step_00750 • [   0% ] waiting        1m06.0s   
step_00800 • [   0% ] waiting        1m36.0s   
step_00850 • [   0% ] waiting        2m06.0s   
step_00900 • [   0% ] waiting        2m36.0s   
step_00950 • [   0% ] waiting        3m06.0s   
step_01000 • [   0% ] waiting        3m36.0s   

running (05m54.9s), 0001/0392 VUs, 113985 complete and 0 interrupted iterations
step_00050 ✓ [ 100% ] 000/020 VUs    30s        50.00 iters/s
step_00100 ✓ [ 100% ] 000/020 VUs    30s        100.00 iters/s
step_00150 ✓ [ 100% ] 000/030 VUs    30s        150.00 iters/s
step_00200 ✓ [ 100% ] 000/040 VUs    30s        200.00 iters/s
step_00250 ✓ [ 100% ] 000/050 VUs    30s        250.00 iters/s
step_00300 ✓ [ 100% ] 000/060 VUs    30s        300.00 iters/s
step_00350 ✓ [ 100% ] 0000/0070 VUs  30s        350.00 iters/s
step_00400 ✓ [ 100% ] 0000/0080 VUs  30s        400.00 iters/s
step_00450 ✓ [ 100% ] 0000/0090 VUs  30s        450.00 iters/s
step_00500 ✓ [ 100% ] 0000/0100 VUs  30s        500.00 iters/s
step_00550 ✓ [ 100% ] 0000/0112 VUs  30s        550.00 iters/s
step_00600   [  83% ] 0001/0120 VUs  25.0s/30s  600.00 iters/s
step_00650 • [   0% ] waiting        0m05.0s   
step_00700 • [   0% ] waiting        0m35.0s   
step_00750 • [   0% ] waiting        1m05.0s   
step_00800 • [   0% ] waiting        1m35.0s   
step_00850 • [   0% ] waiting        2m05.0s   
step_00900 • [   0% ] waiting        2m35.0s   
step_00950 • [   0% ] waiting        3m05.0s   
step_01000 • [   0% ] waiting        3m35.0s   

running (05m55.9s), 0001/0392 VUs, 114585 complete and 0 interrupted iterations
step_00050 ✓ [ 100% ] 000/020 VUs    30s        50.00 iters/s
step_00100 ✓ [ 100% ] 000/020 VUs    30s        100.00 iters/s
step_00150 ✓ [ 100% ] 000/030 VUs    30s        150.00 iters/s
step_00200 ✓ [ 100% ] 000/040 VUs    30s        200.00 iters/s
step_00250 ✓ [ 100% ] 000/050 VUs    30s        250.00 iters/s
step_00300 ✓ [ 100% ] 000/060 VUs    30s        300.00 iters/s
step_00350 ✓ [ 100% ] 0000/0070 VUs  30s        350.00 iters/s
step_00400 ✓ [ 100% ] 0000/0080 VUs  30s        400.00 iters/s
step_00450 ✓ [ 100% ] 0000/0090 VUs  30s        450.00 iters/s
step_00500 ✓ [ 100% ] 0000/0100 VUs  30s        500.00 iters/s
step_00550 ✓ [ 100% ] 0000/0112 VUs  30s        550.00 iters/s
step_00600   [  87% ] 0001/0120 VUs  26.0s/30s  600.00 iters/s
step_00650 • [   0% ] waiting        0m04.0s   
step_00700 • [   0% ] waiting        0m34.0s   
step_00750 • [   0% ] waiting        1m04.0s   
step_00800 • [   0% ] waiting        1m34.0s   
step_00850 • [   0% ] waiting        2m04.0s   
step_00900 • [   0% ] waiting        2m34.0s   
step_00950 • [   0% ] waiting        3m04.0s   
step_01000 • [   0% ] waiting        3m34.0s   

running (05m56.9s), 0001/0392 VUs, 115185 complete and 0 interrupted iterations
step_00050 ✓ [ 100% ] 000/020 VUs    30s        50.00 iters/s
step_00100 ✓ [ 100% ] 000/020 VUs    30s        100.00 iters/s
step_00150 ✓ [ 100% ] 000/030 VUs    30s        150.00 iters/s
step_00200 ✓ [ 100% ] 000/040 VUs    30s        200.00 iters/s
step_00250 ✓ [ 100% ] 000/050 VUs    30s        250.00 iters/s
step_00300 ✓ [ 100% ] 000/060 VUs    30s        300.00 iters/s
step_00350 ✓ [ 100% ] 0000/0070 VUs  30s        350.00 iters/s
step_00400 ✓ [ 100% ] 0000/0080 VUs  30s        400.00 iters/s
step_00450 ✓ [ 100% ] 0000/0090 VUs  30s        450.00 iters/s
step_00500 ✓ [ 100% ] 0000/0100 VUs  30s        500.00 iters/s
step_00550 ✓ [ 100% ] 0000/0112 VUs  30s        550.00 iters/s
step_00600   [  90% ] 0001/0120 VUs  27.0s/30s  600.00 iters/s
step_00650 • [   0% ] waiting        0m03.0s   
step_00700 • [   0% ] waiting        0m33.0s   
step_00750 • [   0% ] waiting        1m03.0s   
step_00800 • [   0% ] waiting        1m33.0s   
step_00850 • [   0% ] waiting        2m03.0s   
step_00900 • [   0% ] waiting        2m33.0s   
step_00950 • [   0% ] waiting        3m03.0s   
step_01000 • [   0% ] waiting        3m33.0s   

running (05m57.9s), 0001/0392 VUs, 115785 complete and 0 interrupted iterations
step_00050 ✓ [ 100% ] 000/020 VUs    30s        50.00 iters/s
step_00100 ✓ [ 100% ] 000/020 VUs    30s        100.00 iters/s
step_00150 ✓ [ 100% ] 000/030 VUs    30s        150.00 iters/s
step_00200 ✓ [ 100% ] 000/040 VUs    30s        200.00 iters/s
step_00250 ✓ [ 100% ] 000/050 VUs    30s        250.00 iters/s
step_00300 ✓ [ 100% ] 000/060 VUs    30s        300.00 iters/s
step_00350 ✓ [ 100% ] 0000/0070 VUs  30s        350.00 iters/s
step_00400 ✓ [ 100% ] 0000/0080 VUs  30s        400.00 iters/s
step_00450 ✓ [ 100% ] 0000/0090 VUs  30s        450.00 iters/s
step_00500 ✓ [ 100% ] 0000/0100 VUs  30s        500.00 iters/s
step_00550 ✓ [ 100% ] 0000/0112 VUs  30s        550.00 iters/s
step_00600   [  93% ] 0001/0120 VUs  28.0s/30s  600.00 iters/s
step_00650 • [   0% ] waiting        0m02.0s   
step_00700 • [   0% ] waiting        0m32.0s   
step_00750 • [   0% ] waiting        1m02.0s   
step_00800 • [   0% ] waiting        1m32.0s   
step_00850 • [   0% ] waiting        2m02.0s   
step_00900 • [   0% ] waiting        2m32.0s   
step_00950 • [   0% ] waiting        3m02.0s   
step_01000 • [   0% ] waiting        3m32.0s   

running (05m58.9s), 0001/0392 VUs, 116385 complete and 0 interrupted iterations
step_00050 ✓ [ 100% ] 000/020 VUs    30s        50.00 iters/s
step_00100 ✓ [ 100% ] 000/020 VUs    30s        100.00 iters/s
step_00150 ✓ [ 100% ] 000/030 VUs    30s        150.00 iters/s
step_00200 ✓ [ 100% ] 000/040 VUs    30s        200.00 iters/s
step_00250 ✓ [ 100% ] 000/050 VUs    30s        250.00 iters/s
step_00300 ✓ [ 100% ] 000/060 VUs    30s        300.00 iters/s
step_00350 ✓ [ 100% ] 0000/0070 VUs  30s        350.00 iters/s
step_00400 ✓ [ 100% ] 0000/0080 VUs  30s        400.00 iters/s
step_00450 ✓ [ 100% ] 0000/0090 VUs  30s        450.00 iters/s
step_00500 ✓ [ 100% ] 0000/0100 VUs  30s        500.00 iters/s
step_00550 ✓ [ 100% ] 0000/0112 VUs  30s        550.00 iters/s
step_00600   [  97% ] 0001/0120 VUs  29.0s/30s  600.00 iters/s
step_00650 • [   0% ] waiting        0m01.0s   
step_00700 • [   0% ] waiting        0m31.0s   
step_00750 • [   0% ] waiting        1m01.0s   
step_00800 • [   0% ] waiting        1m31.0s   
step_00850 • [   0% ] waiting        2m01.0s   
step_00900 • [   0% ] waiting        2m31.0s   
step_00950 • [   0% ] waiting        3m01.0s   
step_01000 • [   0% ] waiting        3m31.0s   

running (05m59.9s), 0001/0392 VUs, 116985 complete and 0 interrupted iterations
step_00050 ✓ [ 100% ] 000/020 VUs    30s        50.00 iters/s
step_00100 ✓ [ 100% ] 000/020 VUs    30s        100.00 iters/s
step_00150 ✓ [ 100% ] 000/030 VUs    30s        150.00 iters/s
step_00200 ✓ [ 100% ] 000/040 VUs    30s        200.00 iters/s
step_00250 ✓ [ 100% ] 000/050 VUs    30s        250.00 iters/s
step_00300 ✓ [ 100% ] 000/060 VUs    30s        300.00 iters/s
step_00350 ✓ [ 100% ] 0000/0070 VUs  30s        350.00 iters/s
step_00400 ✓ [ 100% ] 0000/0080 VUs  30s        400.00 iters/s
step_00450 ✓ [ 100% ] 0000/0090 VUs  30s        450.00 iters/s
step_00500 ✓ [ 100% ] 0000/0100 VUs  30s        500.00 iters/s
step_00550 ✓ [ 100% ] 0000/0112 VUs  30s        550.00 iters/s
step_00600   [ 100% ] 0001/0120 VUs  30.0s/30s  600.00 iters/s
step_00650 • [   0% ] waiting        0m00.0s   
step_00700 • [   0% ] waiting        0m30.0s   
step_00750 • [   0% ] waiting        1m00.0s   
step_00800 • [   0% ] waiting        1m30.0s   
step_00850 • [   0% ] waiting        2m00.0s   
step_00900 • [   0% ] waiting        2m30.0s   
step_00950 • [   0% ] waiting        3m00.0s   
step_01000 • [   0% ] waiting        3m30.0s   

running (06m00.9s), 0001/0392 VUs, 117634 complete and 0 interrupted iterations
step_00050 ✓ [ 100% ] 000/020 VUs    30s        50.00 iters/s
step_00100 ✓ [ 100% ] 000/020 VUs    30s        100.00 iters/s
step_00150 ✓ [ 100% ] 000/030 VUs    30s        150.00 iters/s
step_00200 ✓ [ 100% ] 000/040 VUs    30s        200.00 iters/s
step_00250 ✓ [ 100% ] 000/050 VUs    30s        250.00 iters/s
step_00300 ✓ [ 100% ] 000/060 VUs    30s        300.00 iters/s
step_00350 ✓ [ 100% ] 0000/0070 VUs  30s        350.00 iters/s
step_00400 ✓ [ 100% ] 0000/0080 VUs  30s        400.00 iters/s
step_00450 ✓ [ 100% ] 0000/0090 VUs  30s        450.00 iters/s
step_00500 ✓ [ 100% ] 0000/0100 VUs  30s        500.00 iters/s
step_00550 ✓ [ 100% ] 0000/0112 VUs  30s        550.00 iters/s
step_00600 ✓ [ 100% ] 0000/0120 VUs  30s        600.00 iters/s
step_00650   [   3% ] 0001/0130 VUs  01.0s/30s  650.00 iters/s
step_00700 • [   0% ] waiting        0m29.0s   
step_00750 • [   0% ] waiting        0m59.0s   
step_00800 • [   0% ] waiting        1m29.0s   
step_00850 • [   0% ] waiting        1m59.0s   
step_00900 • [   0% ] waiting        2m29.0s   
step_00950 • [   0% ] waiting        2m59.0s   
step_01000 • [   0% ] waiting        3m29.0s   

running (06m01.9s), 0001/0392 VUs, 118284 complete and 0 interrupted iterations
step_00050 ✓ [ 100% ] 000/020 VUs    30s        50.00 iters/s
step_00100 ✓ [ 100% ] 000/020 VUs    30s        100.00 iters/s
step_00150 ✓ [ 100% ] 000/030 VUs    30s        150.00 iters/s
step_00200 ✓ [ 100% ] 000/040 VUs    30s        200.00 iters/s
step_00250 ✓ [ 100% ] 000/050 VUs    30s        250.00 iters/s
step_00300 ✓ [ 100% ] 000/060 VUs    30s        300.00 iters/s
step_00350 ✓ [ 100% ] 0000/0070 VUs  30s        350.00 iters/s
step_00400 ✓ [ 100% ] 0000/0080 VUs  30s        400.00 iters/s
step_00450 ✓ [ 100% ] 0000/0090 VUs  30s        450.00 iters/s
step_00500 ✓ [ 100% ] 0000/0100 VUs  30s        500.00 iters/s
step_00550 ✓ [ 100% ] 0000/0112 VUs  30s        550.00 iters/s
step_00600 ✓ [ 100% ] 0000/0120 VUs  30s        600.00 iters/s
step_00650   [   7% ] 0001/0130 VUs  02.0s/30s  650.00 iters/s
step_00700 • [   0% ] waiting        0m28.0s   
step_00750 • [   0% ] waiting        0m58.0s   
step_00800 • [   0% ] waiting        1m28.0s   
step_00850 • [   0% ] waiting        1m58.0s   
step_00900 • [   0% ] waiting        2m28.0s   
step_00950 • [   0% ] waiting        2m58.0s   
step_01000 • [   0% ] waiting        3m28.0s   

running (06m02.9s), 0001/0392 VUs, 118934 complete and 0 interrupted iterations
step_00050 ✓ [ 100% ] 000/020 VUs    30s        50.00 iters/s
step_00100 ✓ [ 100% ] 000/020 VUs    30s        100.00 iters/s
step_00150 ✓ [ 100% ] 000/030 VUs    30s        150.00 iters/s
step_00200 ✓ [ 100% ] 000/040 VUs    30s        200.00 iters/s
step_00250 ✓ [ 100% ] 000/050 VUs    30s        250.00 iters/s
step_00300 ✓ [ 100% ] 000/060 VUs    30s        300.00 iters/s
step_00350 ✓ [ 100% ] 0000/0070 VUs  30s        350.00 iters/s
step_00400 ✓ [ 100% ] 0000/0080 VUs  30s        400.00 iters/s
step_00450 ✓ [ 100% ] 0000/0090 VUs  30s        450.00 iters/s
step_00500 ✓ [ 100% ] 0000/0100 VUs  30s        500.00 iters/s
step_00550 ✓ [ 100% ] 0000/0112 VUs  30s        550.00 iters/s
step_00600 ✓ [ 100% ] 0000/0120 VUs  30s        600.00 iters/s
step_00650   [  10% ] 0001/0130 VUs  03.0s/30s  650.00 iters/s
step_00700 • [   0% ] waiting        0m27.0s   
step_00750 • [   0% ] waiting        0m57.0s   
step_00800 • [   0% ] waiting        1m27.0s   
step_00850 • [   0% ] waiting        1m57.0s   
step_00900 • [   0% ] waiting        2m27.0s   
step_00950 • [   0% ] waiting        2m57.0s   
step_01000 • [   0% ] waiting        3m27.0s   

running (06m03.9s), 0001/0392 VUs, 119584 complete and 0 interrupted iterations
step_00050 ✓ [ 100% ] 000/020 VUs    30s        50.00 iters/s
step_00100 ✓ [ 100% ] 000/020 VUs    30s        100.00 iters/s
step_00150 ✓ [ 100% ] 000/030 VUs    30s        150.00 iters/s
step_00200 ✓ [ 100% ] 000/040 VUs    30s        200.00 iters/s
step_00250 ✓ [ 100% ] 000/050 VUs    30s        250.00 iters/s
step_00300 ✓ [ 100% ] 000/060 VUs    30s        300.00 iters/s
step_00350 ✓ [ 100% ] 0000/0070 VUs  30s        350.00 iters/s
step_00400 ✓ [ 100% ] 0000/0080 VUs  30s        400.00 iters/s
step_00450 ✓ [ 100% ] 0000/0090 VUs  30s        450.00 iters/s
step_00500 ✓ [ 100% ] 0000/0100 VUs  30s        500.00 iters/s
step_00550 ✓ [ 100% ] 0000/0112 VUs  30s        550.00 iters/s
step_00600 ✓ [ 100% ] 0000/0120 VUs  30s        600.00 iters/s
step_00650   [  13% ] 0001/0130 VUs  04.0s/30s  650.00 iters/s
step_00700 • [   0% ] waiting        0m26.0s   
step_00750 • [   0% ] waiting        0m56.0s   
step_00800 • [   0% ] waiting        1m26.0s   
step_00850 • [   0% ] waiting        1m56.0s   
step_00900 • [   0% ] waiting        2m26.0s   
step_00950 • [   0% ] waiting        2m56.0s   
step_01000 • [   0% ] waiting        3m26.0s   

running (06m04.9s), 0001/0392 VUs, 120234 complete and 0 interrupted iterations
step_00050 ✓ [ 100% ] 000/020 VUs    30s        50.00 iters/s
step_00100 ✓ [ 100% ] 000/020 VUs    30s        100.00 iters/s
step_00150 ✓ [ 100% ] 000/030 VUs    30s        150.00 iters/s
step_00200 ✓ [ 100% ] 000/040 VUs    30s        200.00 iters/s
step_00250 ✓ [ 100% ] 000/050 VUs    30s        250.00 iters/s
step_00300 ✓ [ 100% ] 000/060 VUs    30s        300.00 iters/s
step_00350 ✓ [ 100% ] 0000/0070 VUs  30s        350.00 iters/s
step_00400 ✓ [ 100% ] 0000/0080 VUs  30s        400.00 iters/s
step_00450 ✓ [ 100% ] 0000/0090 VUs  30s        450.00 iters/s
step_00500 ✓ [ 100% ] 0000/0100 VUs  30s        500.00 iters/s
step_00550 ✓ [ 100% ] 0000/0112 VUs  30s        550.00 iters/s
step_00600 ✓ [ 100% ] 0000/0120 VUs  30s        600.00 iters/s
step_00650   [  17% ] 0001/0130 VUs  05.0s/30s  650.00 iters/s
step_00700 • [   0% ] waiting        0m25.0s   
step_00750 • [   0% ] waiting        0m55.0s   
step_00800 • [   0% ] waiting        1m25.0s   
step_00850 • [   0% ] waiting        1m55.0s   
step_00900 • [   0% ] waiting        2m25.0s   
step_00950 • [   0% ] waiting        2m55.0s   
step_01000 • [   0% ] waiting        3m25.0s   

running (06m05.9s), 0001/0392 VUs, 120884 complete and 0 interrupted iterations
step_00050 ✓ [ 100% ] 000/020 VUs    30s        50.00 iters/s
step_00100 ✓ [ 100% ] 000/020 VUs    30s        100.00 iters/s
step_00150 ✓ [ 100% ] 000/030 VUs    30s        150.00 iters/s
step_00200 ✓ [ 100% ] 000/040 VUs    30s        200.00 iters/s
step_00250 ✓ [ 100% ] 000/050 VUs    30s        250.00 iters/s
step_00300 ✓ [ 100% ] 000/060 VUs    30s        300.00 iters/s
step_00350 ✓ [ 100% ] 0000/0070 VUs  30s        350.00 iters/s
step_00400 ✓ [ 100% ] 0000/0080 VUs  30s        400.00 iters/s
step_00450 ✓ [ 100% ] 0000/0090 VUs  30s        450.00 iters/s
step_00500 ✓ [ 100% ] 0000/0100 VUs  30s        500.00 iters/s
step_00550 ✓ [ 100% ] 0000/0112 VUs  30s        550.00 iters/s
step_00600 ✓ [ 100% ] 0000/0120 VUs  30s        600.00 iters/s
step_00650   [  20% ] 0001/0130 VUs  06.0s/30s  650.00 iters/s
step_00700 • [   0% ] waiting        0m24.0s   
step_00750 • [   0% ] waiting        0m54.0s   
step_00800 • [   0% ] waiting        1m24.0s   
step_00850 • [   0% ] waiting        1m54.0s   
step_00900 • [   0% ] waiting        2m24.0s   
step_00950 • [   0% ] waiting        2m54.0s   
step_01000 • [   0% ] waiting        3m24.0s   

running (06m06.9s), 0001/0392 VUs, 121534 complete and 0 interrupted iterations
step_00050 ✓ [ 100% ] 000/020 VUs    30s        50.00 iters/s
step_00100 ✓ [ 100% ] 000/020 VUs    30s        100.00 iters/s
step_00150 ✓ [ 100% ] 000/030 VUs    30s        150.00 iters/s
step_00200 ✓ [ 100% ] 000/040 VUs    30s        200.00 iters/s
step_00250 ✓ [ 100% ] 000/050 VUs    30s        250.00 iters/s
step_00300 ✓ [ 100% ] 000/060 VUs    30s        300.00 iters/s
step_00350 ✓ [ 100% ] 0000/0070 VUs  30s        350.00 iters/s
step_00400 ✓ [ 100% ] 0000/0080 VUs  30s        400.00 iters/s
step_00450 ✓ [ 100% ] 0000/0090 VUs  30s        450.00 iters/s
step_00500 ✓ [ 100% ] 0000/0100 VUs  30s        500.00 iters/s
step_00550 ✓ [ 100% ] 0000/0112 VUs  30s        550.00 iters/s
step_00600 ✓ [ 100% ] 0000/0120 VUs  30s        600.00 iters/s
step_00650   [  23% ] 0001/0130 VUs  07.0s/30s  650.00 iters/s
step_00700 • [   0% ] waiting        0m23.0s   
step_00750 • [   0% ] waiting        0m53.0s   
step_00800 • [   0% ] waiting        1m23.0s   
step_00850 • [   0% ] waiting        1m53.0s   
step_00900 • [   0% ] waiting        2m23.0s   
step_00950 • [   0% ] waiting        2m53.0s   
step_01000 • [   0% ] waiting        3m23.0s   

running (06m07.9s), 0001/0392 VUs, 122184 complete and 0 interrupted iterations
step_00050 ✓ [ 100% ] 000/020 VUs    30s        50.00 iters/s
step_00100 ✓ [ 100% ] 000/020 VUs    30s        100.00 iters/s
step_00150 ✓ [ 100% ] 000/030 VUs    30s        150.00 iters/s
step_00200 ✓ [ 100% ] 000/040 VUs    30s        200.00 iters/s
step_00250 ✓ [ 100% ] 000/050 VUs    30s        250.00 iters/s
step_00300 ✓ [ 100% ] 000/060 VUs    30s        300.00 iters/s
step_00350 ✓ [ 100% ] 0000/0070 VUs  30s        350.00 iters/s
step_00400 ✓ [ 100% ] 0000/0080 VUs  30s        400.00 iters/s
step_00450 ✓ [ 100% ] 0000/0090 VUs  30s        450.00 iters/s
step_00500 ✓ [ 100% ] 0000/0100 VUs  30s        500.00 iters/s
step_00550 ✓ [ 100% ] 0000/0112 VUs  30s        550.00 iters/s
step_00600 ✓ [ 100% ] 0000/0120 VUs  30s        600.00 iters/s
step_00650   [  27% ] 0001/0130 VUs  08.0s/30s  650.00 iters/s
step_00700 • [   0% ] waiting        0m22.0s   
step_00750 • [   0% ] waiting        0m52.0s   
step_00800 • [   0% ] waiting        1m22.0s   
step_00850 • [   0% ] waiting        1m52.0s   
step_00900 • [   0% ] waiting        2m22.0s   
step_00950 • [   0% ] waiting        2m52.0s   
step_01000 • [   0% ] waiting        3m22.0s   

running (06m08.9s), 0028/0392 VUs, 122807 complete and 0 interrupted iterations
step_00050 ✓ [ 100% ] 000/020 VUs    30s        50.00 iters/s
step_00100 ✓ [ 100% ] 000/020 VUs    30s        100.00 iters/s
step_00150 ✓ [ 100% ] 000/030 VUs    30s        150.00 iters/s
step_00200 ✓ [ 100% ] 000/040 VUs    30s        200.00 iters/s
step_00250 ✓ [ 100% ] 000/050 VUs    30s        250.00 iters/s
step_00300 ✓ [ 100% ] 000/060 VUs    30s        300.00 iters/s
step_00350 ✓ [ 100% ] 0000/0070 VUs  30s        350.00 iters/s
step_00400 ✓ [ 100% ] 0000/0080 VUs  30s        400.00 iters/s
step_00450 ✓ [ 100% ] 0000/0090 VUs  30s        450.00 iters/s
step_00500 ✓ [ 100% ] 0000/0100 VUs  30s        500.00 iters/s
step_00550 ✓ [ 100% ] 0000/0112 VUs  30s        550.00 iters/s
step_00600 ✓ [ 100% ] 0000/0120 VUs  30s        600.00 iters/s
step_00650   [  30% ] 0028/0130 VUs  09.0s/30s  650.00 iters/s
step_00700 • [   0% ] waiting        0m21.0s   
step_00750 • [   0% ] waiting        0m51.0s   
step_00800 • [   0% ] waiting        1m21.0s   
step_00850 • [   0% ] waiting        1m51.0s   
step_00900 • [   0% ] waiting        2m21.0s   
step_00950 • [   0% ] waiting        2m51.0s   
step_01000 • [   0% ] waiting        3m21.0s   

running (06m09.9s), 0001/0392 VUs, 123484 complete and 0 interrupted iterations
step_00050 ✓ [ 100% ] 000/020 VUs    30s        50.00 iters/s
step_00100 ✓ [ 100% ] 000/020 VUs    30s        100.00 iters/s
step_00150 ✓ [ 100% ] 000/030 VUs    30s        150.00 iters/s
step_00200 ✓ [ 100% ] 000/040 VUs    30s        200.00 iters/s
step_00250 ✓ [ 100% ] 000/050 VUs    30s        250.00 iters/s
step_00300 ✓ [ 100% ] 000/060 VUs    30s        300.00 iters/s
step_00350 ✓ [ 100% ] 0000/0070 VUs  30s        350.00 iters/s
step_00400 ✓ [ 100% ] 0000/0080 VUs  30s        400.00 iters/s
step_00450 ✓ [ 100% ] 0000/0090 VUs  30s        450.00 iters/s
step_00500 ✓ [ 100% ] 0000/0100 VUs  30s        500.00 iters/s
step_00550 ✓ [ 100% ] 0000/0112 VUs  30s        550.00 iters/s
step_00600 ✓ [ 100% ] 0000/0120 VUs  30s        600.00 iters/s
step_00650   [  33% ] 0001/0130 VUs  10.0s/30s  650.00 iters/s
step_00700 • [   0% ] waiting        0m20.0s   
step_00750 • [   0% ] waiting        0m50.0s   
step_00800 • [   0% ] waiting        1m20.0s   
step_00850 • [   0% ] waiting        1m50.0s   
step_00900 • [   0% ] waiting        2m20.0s   
step_00950 • [   0% ] waiting        2m50.0s   
step_01000 • [   0% ] waiting        3m20.0s   

running (06m10.9s), 0001/0392 VUs, 124134 complete and 0 interrupted iterations
step_00050 ✓ [ 100% ] 000/020 VUs    30s        50.00 iters/s
step_00100 ✓ [ 100% ] 000/020 VUs    30s        100.00 iters/s
step_00150 ✓ [ 100% ] 000/030 VUs    30s        150.00 iters/s
step_00200 ✓ [ 100% ] 000/040 VUs    30s        200.00 iters/s
step_00250 ✓ [ 100% ] 000/050 VUs    30s        250.00 iters/s
step_00300 ✓ [ 100% ] 000/060 VUs    30s        300.00 iters/s
step_00350 ✓ [ 100% ] 0000/0070 VUs  30s        350.00 iters/s
step_00400 ✓ [ 100% ] 0000/0080 VUs  30s        400.00 iters/s
step_00450 ✓ [ 100% ] 0000/0090 VUs  30s        450.00 iters/s
step_00500 ✓ [ 100% ] 0000/0100 VUs  30s        500.00 iters/s
step_00550 ✓ [ 100% ] 0000/0112 VUs  30s        550.00 iters/s
step_00600 ✓ [ 100% ] 0000/0120 VUs  30s        600.00 iters/s
step_00650   [  37% ] 0001/0130 VUs  11.0s/30s  650.00 iters/s
step_00700 • [   0% ] waiting        0m19.0s   
step_00750 • [   0% ] waiting        0m49.0s   
step_00800 • [   0% ] waiting        1m19.0s   
step_00850 • [   0% ] waiting        1m49.0s   
step_00900 • [   0% ] waiting        2m19.0s   
step_00950 • [   0% ] waiting        2m49.0s   
step_01000 • [   0% ] waiting        3m19.0s   

running (06m11.9s), 0001/0392 VUs, 124784 complete and 0 interrupted iterations
step_00050 ✓ [ 100% ] 000/020 VUs    30s        50.00 iters/s
step_00100 ✓ [ 100% ] 000/020 VUs    30s        100.00 iters/s
step_00150 ✓ [ 100% ] 000/030 VUs    30s        150.00 iters/s
step_00200 ✓ [ 100% ] 000/040 VUs    30s        200.00 iters/s
step_00250 ✓ [ 100% ] 000/050 VUs    30s        250.00 iters/s
step_00300 ✓ [ 100% ] 000/060 VUs    30s        300.00 iters/s
step_00350 ✓ [ 100% ] 0000/0070 VUs  30s        350.00 iters/s
step_00400 ✓ [ 100% ] 0000/0080 VUs  30s        400.00 iters/s
step_00450 ✓ [ 100% ] 0000/0090 VUs  30s        450.00 iters/s
step_00500 ✓ [ 100% ] 0000/0100 VUs  30s        500.00 iters/s
step_00550 ✓ [ 100% ] 0000/0112 VUs  30s        550.00 iters/s
step_00600 ✓ [ 100% ] 0000/0120 VUs  30s        600.00 iters/s
step_00650   [  40% ] 0001/0130 VUs  12.0s/30s  650.00 iters/s
step_00700 • [   0% ] waiting        0m18.0s   
step_00750 • [   0% ] waiting        0m48.0s   
step_00800 • [   0% ] waiting        1m18.0s   
step_00850 • [   0% ] waiting        1m48.0s   
step_00900 • [   0% ] waiting        2m18.0s   
step_00950 • [   0% ] waiting        2m48.0s   
step_01000 • [   0% ] waiting        3m18.0s   

running (06m12.9s), 0001/0392 VUs, 125434 complete and 0 interrupted iterations
step_00050 ✓ [ 100% ] 000/020 VUs    30s        50.00 iters/s
step_00100 ✓ [ 100% ] 000/020 VUs    30s        100.00 iters/s
step_00150 ✓ [ 100% ] 000/030 VUs    30s        150.00 iters/s
step_00200 ✓ [ 100% ] 000/040 VUs    30s        200.00 iters/s
step_00250 ✓ [ 100% ] 000/050 VUs    30s        250.00 iters/s
step_00300 ✓ [ 100% ] 000/060 VUs    30s        300.00 iters/s
step_00350 ✓ [ 100% ] 0000/0070 VUs  30s        350.00 iters/s
step_00400 ✓ [ 100% ] 0000/0080 VUs  30s        400.00 iters/s
step_00450 ✓ [ 100% ] 0000/0090 VUs  30s        450.00 iters/s
step_00500 ✓ [ 100% ] 0000/0100 VUs  30s        500.00 iters/s
step_00550 ✓ [ 100% ] 0000/0112 VUs  30s        550.00 iters/s
step_00600 ✓ [ 100% ] 0000/0120 VUs  30s        600.00 iters/s
step_00650   [  43% ] 0001/0130 VUs  13.0s/30s  650.00 iters/s
step_00700 • [   0% ] waiting        0m17.0s   
step_00750 • [   0% ] waiting        0m47.0s   
step_00800 • [   0% ] waiting        1m17.0s   
step_00850 • [   0% ] waiting        1m47.0s   
step_00900 • [   0% ] waiting        2m17.0s   
step_00950 • [   0% ] waiting        2m47.0s   
step_01000 • [   0% ] waiting        3m17.0s   

running (06m13.9s), 0001/0392 VUs, 126084 complete and 0 interrupted iterations
step_00050 ✓ [ 100% ] 000/020 VUs    30s        50.00 iters/s
step_00100 ✓ [ 100% ] 000/020 VUs    30s        100.00 iters/s
step_00150 ✓ [ 100% ] 000/030 VUs    30s        150.00 iters/s
step_00200 ✓ [ 100% ] 000/040 VUs    30s        200.00 iters/s
step_00250 ✓ [ 100% ] 000/050 VUs    30s        250.00 iters/s
step_00300 ✓ [ 100% ] 000/060 VUs    30s        300.00 iters/s
step_00350 ✓ [ 100% ] 0000/0070 VUs  30s        350.00 iters/s
step_00400 ✓ [ 100% ] 0000/0080 VUs  30s        400.00 iters/s
step_00450 ✓ [ 100% ] 0000/0090 VUs  30s        450.00 iters/s
step_00500 ✓ [ 100% ] 0000/0100 VUs  30s        500.00 iters/s
step_00550 ✓ [ 100% ] 0000/0112 VUs  30s        550.00 iters/s
step_00600 ✓ [ 100% ] 0000/0120 VUs  30s        600.00 iters/s
step_00650   [  47% ] 0001/0130 VUs  14.0s/30s  650.00 iters/s
step_00700 • [   0% ] waiting        0m16.0s   
step_00750 • [   0% ] waiting        0m46.0s   
step_00800 • [   0% ] waiting        1m16.0s   
step_00850 • [   0% ] waiting        1m46.0s   
step_00900 • [   0% ] waiting        2m16.0s   
step_00950 • [   0% ] waiting        2m46.0s   
step_01000 • [   0% ] waiting        3m16.0s   

running (06m14.9s), 0002/0392 VUs, 126733 complete and 0 interrupted iterations
step_00050 ✓ [ 100% ] 000/020 VUs    30s        50.00 iters/s
step_00100 ✓ [ 100% ] 000/020 VUs    30s        100.00 iters/s
step_00150 ✓ [ 100% ] 000/030 VUs    30s        150.00 iters/s
step_00200 ✓ [ 100% ] 000/040 VUs    30s        200.00 iters/s
step_00250 ✓ [ 100% ] 000/050 VUs    30s        250.00 iters/s
step_00300 ✓ [ 100% ] 000/060 VUs    30s        300.00 iters/s
step_00350 ✓ [ 100% ] 0000/0070 VUs  30s        350.00 iters/s
step_00400 ✓ [ 100% ] 0000/0080 VUs  30s        400.00 iters/s
step_00450 ✓ [ 100% ] 0000/0090 VUs  30s        450.00 iters/s
step_00500 ✓ [ 100% ] 0000/0100 VUs  30s        500.00 iters/s
step_00550 ✓ [ 100% ] 0000/0112 VUs  30s        550.00 iters/s
step_00600 ✓ [ 100% ] 0000/0120 VUs  30s        600.00 iters/s
step_00650   [  50% ] 0002/0130 VUs  15.0s/30s  650.00 iters/s
step_00700 • [   0% ] waiting        0m15.0s   
step_00750 • [   0% ] waiting        0m45.0s   
step_00800 • [   0% ] waiting        1m15.0s   
step_00850 • [   0% ] waiting        1m45.0s   
step_00900 • [   0% ] waiting        2m15.0s   
step_00950 • [   0% ] waiting        2m45.0s   
step_01000 • [   0% ] waiting        3m15.0s   

running (06m15.9s), 0001/0392 VUs, 127384 complete and 0 interrupted iterations
step_00050 ✓ [ 100% ] 000/020 VUs    30s        50.00 iters/s
step_00100 ✓ [ 100% ] 000/020 VUs    30s        100.00 iters/s
step_00150 ✓ [ 100% ] 000/030 VUs    30s        150.00 iters/s
step_00200 ✓ [ 100% ] 000/040 VUs    30s        200.00 iters/s
step_00250 ✓ [ 100% ] 000/050 VUs    30s        250.00 iters/s
step_00300 ✓ [ 100% ] 000/060 VUs    30s        300.00 iters/s
step_00350 ✓ [ 100% ] 0000/0070 VUs  30s        350.00 iters/s
step_00400 ✓ [ 100% ] 0000/0080 VUs  30s        400.00 iters/s
step_00450 ✓ [ 100% ] 0000/0090 VUs  30s        450.00 iters/s
step_00500 ✓ [ 100% ] 0000/0100 VUs  30s        500.00 iters/s
step_00550 ✓ [ 100% ] 0000/0112 VUs  30s        550.00 iters/s
step_00600 ✓ [ 100% ] 0000/0120 VUs  30s        600.00 iters/s
step_00650   [  53% ] 0001/0130 VUs  16.0s/30s  650.00 iters/s
step_00700 • [   0% ] waiting        0m14.0s   
step_00750 • [   0% ] waiting        0m44.0s   
step_00800 • [   0% ] waiting        1m14.0s   
step_00850 • [   0% ] waiting        1m44.0s   
step_00900 • [   0% ] waiting        2m14.0s   
step_00950 • [   0% ] waiting        2m44.0s   
step_01000 • [   0% ] waiting        3m14.0s   

running (06m16.9s), 0001/0392 VUs, 128034 complete and 0 interrupted iterations
step_00050 ✓ [ 100% ] 000/020 VUs    30s        50.00 iters/s
step_00100 ✓ [ 100% ] 000/020 VUs    30s        100.00 iters/s
step_00150 ✓ [ 100% ] 000/030 VUs    30s        150.00 iters/s
step_00200 ✓ [ 100% ] 000/040 VUs    30s        200.00 iters/s
step_00250 ✓ [ 100% ] 000/050 VUs    30s        250.00 iters/s
step_00300 ✓ [ 100% ] 000/060 VUs    30s        300.00 iters/s
step_00350 ✓ [ 100% ] 0000/0070 VUs  30s        350.00 iters/s
step_00400 ✓ [ 100% ] 0000/0080 VUs  30s        400.00 iters/s
step_00450 ✓ [ 100% ] 0000/0090 VUs  30s        450.00 iters/s
step_00500 ✓ [ 100% ] 0000/0100 VUs  30s        500.00 iters/s
step_00550 ✓ [ 100% ] 0000/0112 VUs  30s        550.00 iters/s
step_00600 ✓ [ 100% ] 0000/0120 VUs  30s        600.00 iters/s
step_00650   [  57% ] 0001/0130 VUs  17.0s/30s  650.00 iters/s
step_00700 • [   0% ] waiting        0m13.0s   
step_00750 • [   0% ] waiting        0m43.0s   
step_00800 • [   0% ] waiting        1m13.0s   
step_00850 • [   0% ] waiting        1m43.0s   
step_00900 • [   0% ] waiting        2m13.0s   
step_00950 • [   0% ] waiting        2m43.0s   
step_01000 • [   0% ] waiting        3m13.0s   

running (06m17.9s), 0001/0392 VUs, 128684 complete and 0 interrupted iterations
step_00050 ✓ [ 100% ] 000/020 VUs    30s        50.00 iters/s
step_00100 ✓ [ 100% ] 000/020 VUs    30s        100.00 iters/s
step_00150 ✓ [ 100% ] 000/030 VUs    30s        150.00 iters/s
step_00200 ✓ [ 100% ] 000/040 VUs    30s        200.00 iters/s
step_00250 ✓ [ 100% ] 000/050 VUs    30s        250.00 iters/s
step_00300 ✓ [ 100% ] 000/060 VUs    30s        300.00 iters/s
step_00350 ✓ [ 100% ] 0000/0070 VUs  30s        350.00 iters/s
step_00400 ✓ [ 100% ] 0000/0080 VUs  30s        400.00 iters/s
step_00450 ✓ [ 100% ] 0000/0090 VUs  30s        450.00 iters/s
step_00500 ✓ [ 100% ] 0000/0100 VUs  30s        500.00 iters/s
step_00550 ✓ [ 100% ] 0000/0112 VUs  30s        550.00 iters/s
step_00600 ✓ [ 100% ] 0000/0120 VUs  30s        600.00 iters/s
step_00650   [  60% ] 0001/0130 VUs  18.0s/30s  650.00 iters/s
step_00700 • [   0% ] waiting        0m12.0s   
step_00750 • [   0% ] waiting        0m42.0s   
step_00800 • [   0% ] waiting        1m12.0s   
step_00850 • [   0% ] waiting        1m42.0s   
step_00900 • [   0% ] waiting        2m12.0s   
step_00950 • [   0% ] waiting        2m42.0s   
step_01000 • [   0% ] waiting        3m12.0s   

running (06m18.9s), 0001/0392 VUs, 129334 complete and 0 interrupted iterations
step_00050 ✓ [ 100% ] 000/020 VUs    30s        50.00 iters/s
step_00100 ✓ [ 100% ] 000/020 VUs    30s        100.00 iters/s
step_00150 ✓ [ 100% ] 000/030 VUs    30s        150.00 iters/s
step_00200 ✓ [ 100% ] 000/040 VUs    30s        200.00 iters/s
step_00250 ✓ [ 100% ] 000/050 VUs    30s        250.00 iters/s
step_00300 ✓ [ 100% ] 000/060 VUs    30s        300.00 iters/s
step_00350 ✓ [ 100% ] 0000/0070 VUs  30s        350.00 iters/s
step_00400 ✓ [ 100% ] 0000/0080 VUs  30s        400.00 iters/s
step_00450 ✓ [ 100% ] 0000/0090 VUs  30s        450.00 iters/s
step_00500 ✓ [ 100% ] 0000/0100 VUs  30s        500.00 iters/s
step_00550 ✓ [ 100% ] 0000/0112 VUs  30s        550.00 iters/s
step_00600 ✓ [ 100% ] 0000/0120 VUs  30s        600.00 iters/s
step_00650   [  63% ] 0001/0130 VUs  19.0s/30s  650.00 iters/s
step_00700 • [   0% ] waiting        0m11.0s   
step_00750 • [   0% ] waiting        0m41.0s   
step_00800 • [   0% ] waiting        1m11.0s   
step_00850 • [   0% ] waiting        1m41.0s   
step_00900 • [   0% ] waiting        2m11.0s   
step_00950 • [   0% ] waiting        2m41.0s   
step_01000 • [   0% ] waiting        3m11.0s   

running (06m19.9s), 0001/0392 VUs, 129984 complete and 0 interrupted iterations
step_00050 ✓ [ 100% ] 000/020 VUs    30s        50.00 iters/s
step_00100 ✓ [ 100% ] 000/020 VUs    30s        100.00 iters/s
step_00150 ✓ [ 100% ] 000/030 VUs    30s        150.00 iters/s
step_00200 ✓ [ 100% ] 000/040 VUs    30s        200.00 iters/s
step_00250 ✓ [ 100% ] 000/050 VUs    30s        250.00 iters/s
step_00300 ✓ [ 100% ] 000/060 VUs    30s        300.00 iters/s
step_00350 ✓ [ 100% ] 0000/0070 VUs  30s        350.00 iters/s
step_00400 ✓ [ 100% ] 0000/0080 VUs  30s        400.00 iters/s
step_00450 ✓ [ 100% ] 0000/0090 VUs  30s        450.00 iters/s
step_00500 ✓ [ 100% ] 0000/0100 VUs  30s        500.00 iters/s
step_00550 ✓ [ 100% ] 0000/0112 VUs  30s        550.00 iters/s
step_00600 ✓ [ 100% ] 0000/0120 VUs  30s        600.00 iters/s
step_00650   [  67% ] 0001/0130 VUs  20.0s/30s  650.00 iters/s
step_00700 • [   0% ] waiting        0m10.0s   
step_00750 • [   0% ] waiting        0m40.0s   
step_00800 • [   0% ] waiting        1m10.0s   
step_00850 • [   0% ] waiting        1m40.0s   
step_00900 • [   0% ] waiting        2m10.0s   
step_00950 • [   0% ] waiting        2m40.0s   
step_01000 • [   0% ] waiting        3m10.0s   

running (06m20.9s), 0007/0392 VUs, 130628 complete and 0 interrupted iterations
step_00050 ✓ [ 100% ] 000/020 VUs    30s        50.00 iters/s
step_00100 ✓ [ 100% ] 000/020 VUs    30s        100.00 iters/s
step_00150 ✓ [ 100% ] 000/030 VUs    30s        150.00 iters/s
step_00200 ✓ [ 100% ] 000/040 VUs    30s        200.00 iters/s
step_00250 ✓ [ 100% ] 000/050 VUs    30s        250.00 iters/s
step_00300 ✓ [ 100% ] 000/060 VUs    30s        300.00 iters/s
step_00350 ✓ [ 100% ] 0000/0070 VUs  30s        350.00 iters/s
step_00400 ✓ [ 100% ] 0000/0080 VUs  30s        400.00 iters/s
step_00450 ✓ [ 100% ] 0000/0090 VUs  30s        450.00 iters/s
step_00500 ✓ [ 100% ] 0000/0100 VUs  30s        500.00 iters/s
step_00550 ✓ [ 100% ] 0000/0112 VUs  30s        550.00 iters/s
step_00600 ✓ [ 100% ] 0000/0120 VUs  30s        600.00 iters/s
step_00650   [  70% ] 0007/0130 VUs  21.0s/30s  650.00 iters/s
step_00700 • [   0% ] waiting        0m09.0s   
step_00750 • [   0% ] waiting        0m39.0s   
step_00800 • [   0% ] waiting        1m09.0s   
step_00850 • [   0% ] waiting        1m39.0s   
step_00900 • [   0% ] waiting        2m09.0s   
step_00950 • [   0% ] waiting        2m39.0s   
step_01000 • [   0% ] waiting        3m09.0s   

running (06m21.9s), 0001/0392 VUs, 131284 complete and 0 interrupted iterations
step_00050 ✓ [ 100% ] 000/020 VUs    30s        50.00 iters/s
step_00100 ✓ [ 100% ] 000/020 VUs    30s        100.00 iters/s
step_00150 ✓ [ 100% ] 000/030 VUs    30s        150.00 iters/s
step_00200 ✓ [ 100% ] 000/040 VUs    30s        200.00 iters/s
step_00250 ✓ [ 100% ] 000/050 VUs    30s        250.00 iters/s
step_00300 ✓ [ 100% ] 000/060 VUs    30s        300.00 iters/s
step_00350 ✓ [ 100% ] 0000/0070 VUs  30s        350.00 iters/s
step_00400 ✓ [ 100% ] 0000/0080 VUs  30s        400.00 iters/s
step_00450 ✓ [ 100% ] 0000/0090 VUs  30s        450.00 iters/s
step_00500 ✓ [ 100% ] 0000/0100 VUs  30s        500.00 iters/s
step_00550 ✓ [ 100% ] 0000/0112 VUs  30s        550.00 iters/s
step_00600 ✓ [ 100% ] 0000/0120 VUs  30s        600.00 iters/s
step_00650   [  73% ] 0001/0130 VUs  22.0s/30s  650.00 iters/s
step_00700 • [   0% ] waiting        0m08.0s   
step_00750 • [   0% ] waiting        0m38.0s   
step_00800 • [   0% ] waiting        1m08.0s   
step_00850 • [   0% ] waiting        1m38.0s   
step_00900 • [   0% ] waiting        2m08.0s   
step_00950 • [   0% ] waiting        2m38.0s   
step_01000 • [   0% ] waiting        3m08.0s   

running (06m22.9s), 0000/0392 VUs, 131934 complete and 0 interrupted iterations
step_00050 ✓ [ 100% ] 000/020 VUs    30s        50.00 iters/s
step_00100 ✓ [ 100% ] 000/020 VUs    30s        100.00 iters/s
step_00150 ✓ [ 100% ] 000/030 VUs    30s        150.00 iters/s
step_00200 ✓ [ 100% ] 000/040 VUs    30s        200.00 iters/s
step_00250 ✓ [ 100% ] 000/050 VUs    30s        250.00 iters/s
step_00300 ✓ [ 100% ] 000/060 VUs    30s        300.00 iters/s
step_00350 ✓ [ 100% ] 0000/0070 VUs  30s        350.00 iters/s
step_00400 ✓ [ 100% ] 0000/0080 VUs  30s        400.00 iters/s
step_00450 ✓ [ 100% ] 0000/0090 VUs  30s        450.00 iters/s
step_00500 ✓ [ 100% ] 0000/0100 VUs  30s        500.00 iters/s
step_00550 ✓ [ 100% ] 0000/0112 VUs  30s        550.00 iters/s
step_00600 ✓ [ 100% ] 0000/0120 VUs  30s        600.00 iters/s
step_00650   [  77% ] 0000/0130 VUs  23.0s/30s  650.00 iters/s
step_00700 • [   0% ] waiting        0m07.0s   
step_00750 • [   0% ] waiting        0m37.0s   
step_00800 • [   0% ] waiting        1m07.0s   
step_00850 • [   0% ] waiting        1m37.0s   
step_00900 • [   0% ] waiting        2m07.0s   
step_00950 • [   0% ] waiting        2m37.0s   
step_01000 • [   0% ] waiting        3m07.0s   

running (06m23.9s), 0007/0392 VUs, 132578 complete and 0 interrupted iterations
step_00050 ✓ [ 100% ] 000/020 VUs    30s        50.00 iters/s
step_00100 ✓ [ 100% ] 000/020 VUs    30s        100.00 iters/s
step_00150 ✓ [ 100% ] 000/030 VUs    30s        150.00 iters/s
step_00200 ✓ [ 100% ] 000/040 VUs    30s        200.00 iters/s
step_00250 ✓ [ 100% ] 000/050 VUs    30s        250.00 iters/s
step_00300 ✓ [ 100% ] 000/060 VUs    30s        300.00 iters/s
step_00350 ✓ [ 100% ] 0000/0070 VUs  30s        350.00 iters/s
step_00400 ✓ [ 100% ] 0000/0080 VUs  30s        400.00 iters/s
step_00450 ✓ [ 100% ] 0000/0090 VUs  30s        450.00 iters/s
step_00500 ✓ [ 100% ] 0000/0100 VUs  30s        500.00 iters/s
step_00550 ✓ [ 100% ] 0000/0112 VUs  30s        550.00 iters/s
step_00600 ✓ [ 100% ] 0000/0120 VUs  30s        600.00 iters/s
step_00650   [  80% ] 0007/0130 VUs  24.0s/30s  650.00 iters/s
step_00700 • [   0% ] waiting        0m06.0s   
step_00750 • [   0% ] waiting        0m36.0s   
step_00800 • [   0% ] waiting        1m06.0s   
step_00850 • [   0% ] waiting        1m36.0s   
step_00900 • [   0% ] waiting        2m06.0s   
step_00950 • [   0% ] waiting        2m36.0s   
step_01000 • [   0% ] waiting        3m06.0s   

running (06m24.9s), 0001/0392 VUs, 133234 complete and 0 interrupted iterations
step_00050 ✓ [ 100% ] 000/020 VUs    30s        50.00 iters/s
step_00100 ✓ [ 100% ] 000/020 VUs    30s        100.00 iters/s
step_00150 ✓ [ 100% ] 000/030 VUs    30s        150.00 iters/s
step_00200 ✓ [ 100% ] 000/040 VUs    30s        200.00 iters/s
step_00250 ✓ [ 100% ] 000/050 VUs    30s        250.00 iters/s
step_00300 ✓ [ 100% ] 000/060 VUs    30s        300.00 iters/s
step_00350 ✓ [ 100% ] 0000/0070 VUs  30s        350.00 iters/s
step_00400 ✓ [ 100% ] 0000/0080 VUs  30s        400.00 iters/s
step_00450 ✓ [ 100% ] 0000/0090 VUs  30s        450.00 iters/s
step_00500 ✓ [ 100% ] 0000/0100 VUs  30s        500.00 iters/s
step_00550 ✓ [ 100% ] 0000/0112 VUs  30s        550.00 iters/s
step_00600 ✓ [ 100% ] 0000/0120 VUs  30s        600.00 iters/s
step_00650   [  83% ] 0001/0130 VUs  25.0s/30s  650.00 iters/s
step_00700 • [   0% ] waiting        0m05.0s   
step_00750 • [   0% ] waiting        0m35.0s   
step_00800 • [   0% ] waiting        1m05.0s   
step_00850 • [   0% ] waiting        1m35.0s   
step_00900 • [   0% ] waiting        2m05.0s   
step_00950 • [   0% ] waiting        2m35.0s   
step_01000 • [   0% ] waiting        3m05.0s   

running (06m25.9s), 0001/0392 VUs, 133884 complete and 0 interrupted iterations
step_00050 ✓ [ 100% ] 000/020 VUs    30s        50.00 iters/s
step_00100 ✓ [ 100% ] 000/020 VUs    30s        100.00 iters/s
step_00150 ✓ [ 100% ] 000/030 VUs    30s        150.00 iters/s
step_00200 ✓ [ 100% ] 000/040 VUs    30s        200.00 iters/s
step_00250 ✓ [ 100% ] 000/050 VUs    30s        250.00 iters/s
step_00300 ✓ [ 100% ] 000/060 VUs    30s        300.00 iters/s
step_00350 ✓ [ 100% ] 0000/0070 VUs  30s        350.00 iters/s
step_00400 ✓ [ 100% ] 0000/0080 VUs  30s        400.00 iters/s
step_00450 ✓ [ 100% ] 0000/0090 VUs  30s        450.00 iters/s
step_00500 ✓ [ 100% ] 0000/0100 VUs  30s        500.00 iters/s
step_00550 ✓ [ 100% ] 0000/0112 VUs  30s        550.00 iters/s
step_00600 ✓ [ 100% ] 0000/0120 VUs  30s        600.00 iters/s
step_00650   [  87% ] 0001/0130 VUs  26.0s/30s  650.00 iters/s
step_00700 • [   0% ] waiting        0m04.0s   
step_00750 • [   0% ] waiting        0m34.0s   
step_00800 • [   0% ] waiting        1m04.0s   
step_00850 • [   0% ] waiting        1m34.0s   
step_00900 • [   0% ] waiting        2m04.0s   
step_00950 • [   0% ] waiting        2m34.0s   
step_01000 • [   0% ] waiting        3m04.0s   

running (06m26.9s), 0001/0392 VUs, 134534 complete and 0 interrupted iterations
step_00050 ✓ [ 100% ] 000/020 VUs    30s        50.00 iters/s
step_00100 ✓ [ 100% ] 000/020 VUs    30s        100.00 iters/s
step_00150 ✓ [ 100% ] 000/030 VUs    30s        150.00 iters/s
step_00200 ✓ [ 100% ] 000/040 VUs    30s        200.00 iters/s
step_00250 ✓ [ 100% ] 000/050 VUs    30s        250.00 iters/s
step_00300 ✓ [ 100% ] 000/060 VUs    30s        300.00 iters/s
step_00350 ✓ [ 100% ] 0000/0070 VUs  30s        350.00 iters/s
step_00400 ✓ [ 100% ] 0000/0080 VUs  30s        400.00 iters/s
step_00450 ✓ [ 100% ] 0000/0090 VUs  30s        450.00 iters/s
step_00500 ✓ [ 100% ] 0000/0100 VUs  30s        500.00 iters/s
step_00550 ✓ [ 100% ] 0000/0112 VUs  30s        550.00 iters/s
step_00600 ✓ [ 100% ] 0000/0120 VUs  30s        600.00 iters/s
step_00650   [  90% ] 0001/0130 VUs  27.0s/30s  650.00 iters/s
step_00700 • [   0% ] waiting        0m03.0s   
step_00750 • [   0% ] waiting        0m33.0s   
step_00800 • [   0% ] waiting        1m03.0s   
step_00850 • [   0% ] waiting        1m33.0s   
step_00900 • [   0% ] waiting        2m03.0s   
step_00950 • [   0% ] waiting        2m33.0s   
step_01000 • [   0% ] waiting        3m03.0s   

running (06m27.9s), 0008/0392 VUs, 135177 complete and 0 interrupted iterations
step_00050 ✓ [ 100% ] 000/020 VUs    30s        50.00 iters/s
step_00100 ✓ [ 100% ] 000/020 VUs    30s        100.00 iters/s
step_00150 ✓ [ 100% ] 000/030 VUs    30s        150.00 iters/s
step_00200 ✓ [ 100% ] 000/040 VUs    30s        200.00 iters/s
step_00250 ✓ [ 100% ] 000/050 VUs    30s        250.00 iters/s
step_00300 ✓ [ 100% ] 000/060 VUs    30s        300.00 iters/s
step_00350 ✓ [ 100% ] 0000/0070 VUs  30s        350.00 iters/s
step_00400 ✓ [ 100% ] 0000/0080 VUs  30s        400.00 iters/s
step_00450 ✓ [ 100% ] 0000/0090 VUs  30s        450.00 iters/s
step_00500 ✓ [ 100% ] 0000/0100 VUs  30s        500.00 iters/s
step_00550 ✓ [ 100% ] 0000/0112 VUs  30s        550.00 iters/s
step_00600 ✓ [ 100% ] 0000/0120 VUs  30s        600.00 iters/s
step_00650   [  93% ] 0008/0130 VUs  28.0s/30s  650.00 iters/s
step_00700 • [   0% ] waiting        0m02.0s   
step_00750 • [   0% ] waiting        0m32.0s   
step_00800 • [   0% ] waiting        1m02.0s   
step_00850 • [   0% ] waiting        1m32.0s   
step_00900 • [   0% ] waiting        2m02.0s   
step_00950 • [   0% ] waiting        2m32.0s   
step_01000 • [   0% ] waiting        3m02.0s   

running (06m28.9s), 0001/0392 VUs, 135834 complete and 0 interrupted iterations
step_00050 ✓ [ 100% ] 000/020 VUs    30s        50.00 iters/s
step_00100 ✓ [ 100% ] 000/020 VUs    30s        100.00 iters/s
step_00150 ✓ [ 100% ] 000/030 VUs    30s        150.00 iters/s
step_00200 ✓ [ 100% ] 000/040 VUs    30s        200.00 iters/s
step_00250 ✓ [ 100% ] 000/050 VUs    30s        250.00 iters/s
step_00300 ✓ [ 100% ] 000/060 VUs    30s        300.00 iters/s
step_00350 ✓ [ 100% ] 0000/0070 VUs  30s        350.00 iters/s
step_00400 ✓ [ 100% ] 0000/0080 VUs  30s        400.00 iters/s
step_00450 ✓ [ 100% ] 0000/0090 VUs  30s        450.00 iters/s
step_00500 ✓ [ 100% ] 0000/0100 VUs  30s        500.00 iters/s
step_00550 ✓ [ 100% ] 0000/0112 VUs  30s        550.00 iters/s
step_00600 ✓ [ 100% ] 0000/0120 VUs  30s        600.00 iters/s
step_00650   [  97% ] 0001/0130 VUs  29.0s/30s  650.00 iters/s
step_00700 • [   0% ] waiting        0m01.0s   
step_00750 • [   0% ] waiting        0m31.0s   
step_00800 • [   0% ] waiting        1m01.0s   
step_00850 • [   0% ] waiting        1m31.0s   
step_00900 • [   0% ] waiting        2m01.0s   
step_00950 • [   0% ] waiting        2m31.0s   
step_01000 • [   0% ] waiting        3m01.0s   

running (06m29.9s), 0001/0392 VUs, 136484 complete and 0 interrupted iterations
step_00050 ✓ [ 100% ] 000/020 VUs    30s        50.00 iters/s
step_00100 ✓ [ 100% ] 000/020 VUs    30s        100.00 iters/s
step_00150 ✓ [ 100% ] 000/030 VUs    30s        150.00 iters/s
step_00200 ✓ [ 100% ] 000/040 VUs    30s        200.00 iters/s
step_00250 ✓ [ 100% ] 000/050 VUs    30s        250.00 iters/s
step_00300 ✓ [ 100% ] 000/060 VUs    30s        300.00 iters/s
step_00350 ✓ [ 100% ] 0000/0070 VUs  30s        350.00 iters/s
step_00400 ✓ [ 100% ] 0000/0080 VUs  30s        400.00 iters/s
step_00450 ✓ [ 100% ] 0000/0090 VUs  30s        450.00 iters/s
step_00500 ✓ [ 100% ] 0000/0100 VUs  30s        500.00 iters/s
step_00550 ✓ [ 100% ] 0000/0112 VUs  30s        550.00 iters/s
step_00600 ✓ [ 100% ] 0000/0120 VUs  30s        600.00 iters/s
step_00650   [ 100% ] 0001/0130 VUs  30.0s/30s  650.00 iters/s
step_00700 • [   0% ] waiting        0m00.0s   
step_00750 • [   0% ] waiting        0m30.0s   
step_00800 • [   0% ] waiting        1m00.0s   
step_00850 • [   0% ] waiting        1m30.0s   
step_00900 • [   0% ] waiting        2m00.0s   
step_00950 • [   0% ] waiting        2m30.0s   
step_01000 • [   0% ] waiting        3m00.0s   

running (06m30.9s), 0002/0392 VUs, 137182 complete and 0 interrupted iterations
step_00050 ✓ [ 100% ] 000/020 VUs    30s        50.00 iters/s
step_00100 ✓ [ 100% ] 000/020 VUs    30s        100.00 iters/s
step_00150 ✓ [ 100% ] 000/030 VUs    30s        150.00 iters/s
step_00200 ✓ [ 100% ] 000/040 VUs    30s        200.00 iters/s
step_00250 ✓ [ 100% ] 000/050 VUs    30s        250.00 iters/s
step_00300 ✓ [ 100% ] 000/060 VUs    30s        300.00 iters/s
step_00350 ✓ [ 100% ] 0000/0070 VUs  30s        350.00 iters/s
step_00400 ✓ [ 100% ] 0000/0080 VUs  30s        400.00 iters/s
step_00450 ✓ [ 100% ] 0000/0090 VUs  30s        450.00 iters/s
step_00500 ✓ [ 100% ] 0000/0100 VUs  30s        500.00 iters/s
step_00550 ✓ [ 100% ] 0000/0112 VUs  30s        550.00 iters/s
step_00600 ✓ [ 100% ] 0000/0120 VUs  30s        600.00 iters/s
step_00650 ✓ [ 100% ] 0000/0130 VUs  30s        650.00 iters/s
step_00700   [   3% ] 0002/0140 VUs  01.0s/30s  700.00 iters/s
step_00750 • [   0% ] waiting        0m29.0s   
step_00800 • [   0% ] waiting        0m59.0s   
step_00850 • [   0% ] waiting        1m29.0s   
step_00900 • [   0% ] waiting        1m59.0s   
step_00950 • [   0% ] waiting        2m29.0s   
step_01000 • [   0% ] waiting        2m59.0s   

running (06m31.9s), 0001/0392 VUs, 137883 complete and 0 interrupted iterations
step_00050 ✓ [ 100% ] 000/020 VUs    30s        50.00 iters/s
step_00100 ✓ [ 100% ] 000/020 VUs    30s        100.00 iters/s
step_00150 ✓ [ 100% ] 000/030 VUs    30s        150.00 iters/s
step_00200 ✓ [ 100% ] 000/040 VUs    30s        200.00 iters/s
step_00250 ✓ [ 100% ] 000/050 VUs    30s        250.00 iters/s
step_00300 ✓ [ 100% ] 000/060 VUs    30s        300.00 iters/s
step_00350 ✓ [ 100% ] 0000/0070 VUs  30s        350.00 iters/s
step_00400 ✓ [ 100% ] 0000/0080 VUs  30s        400.00 iters/s
step_00450 ✓ [ 100% ] 0000/0090 VUs  30s        450.00 iters/s
step_00500 ✓ [ 100% ] 0000/0100 VUs  30s        500.00 iters/s
step_00550 ✓ [ 100% ] 0000/0112 VUs  30s        550.00 iters/s
step_00600 ✓ [ 100% ] 0000/0120 VUs  30s        600.00 iters/s
step_00650 ✓ [ 100% ] 0000/0130 VUs  30s        650.00 iters/s
step_00700   [   7% ] 0001/0140 VUs  02.0s/30s  700.00 iters/s
step_00750 • [   0% ] waiting        0m28.0s   
step_00800 • [   0% ] waiting        0m58.0s   
step_00850 • [   0% ] waiting        1m28.0s   
step_00900 • [   0% ] waiting        1m58.0s   
step_00950 • [   0% ] waiting        2m28.0s   
step_01000 • [   0% ] waiting        2m58.0s   

running (06m32.9s), 0001/0392 VUs, 138583 complete and 0 interrupted iterations
step_00050 ✓ [ 100% ] 000/020 VUs    30s        50.00 iters/s
step_00100 ✓ [ 100% ] 000/020 VUs    30s        100.00 iters/s
step_00150 ✓ [ 100% ] 000/030 VUs    30s        150.00 iters/s
step_00200 ✓ [ 100% ] 000/040 VUs    30s        200.00 iters/s
step_00250 ✓ [ 100% ] 000/050 VUs    30s        250.00 iters/s
step_00300 ✓ [ 100% ] 000/060 VUs    30s        300.00 iters/s
step_00350 ✓ [ 100% ] 0000/0070 VUs  30s        350.00 iters/s
step_00400 ✓ [ 100% ] 0000/0080 VUs  30s        400.00 iters/s
step_00450 ✓ [ 100% ] 0000/0090 VUs  30s        450.00 iters/s
step_00500 ✓ [ 100% ] 0000/0100 VUs  30s        500.00 iters/s
step_00550 ✓ [ 100% ] 0000/0112 VUs  30s        550.00 iters/s
step_00600 ✓ [ 100% ] 0000/0120 VUs  30s        600.00 iters/s
step_00650 ✓ [ 100% ] 0000/0130 VUs  30s        650.00 iters/s
step_00700   [  10% ] 0001/0140 VUs  03.0s/30s  700.00 iters/s
step_00750 • [   0% ] waiting        0m27.0s   
step_00800 • [   0% ] waiting        0m57.0s   
step_00850 • [   0% ] waiting        1m27.0s   
step_00900 • [   0% ] waiting        1m57.0s   
step_00950 • [   0% ] waiting        2m27.0s   
step_01000 • [   0% ] waiting        2m57.0s   

running (06m33.9s), 0001/0392 VUs, 139283 complete and 0 interrupted iterations
step_00050 ✓ [ 100% ] 000/020 VUs    30s        50.00 iters/s
step_00100 ✓ [ 100% ] 000/020 VUs    30s        100.00 iters/s
step_00150 ✓ [ 100% ] 000/030 VUs    30s        150.00 iters/s
step_00200 ✓ [ 100% ] 000/040 VUs    30s        200.00 iters/s
step_00250 ✓ [ 100% ] 000/050 VUs    30s        250.00 iters/s
step_00300 ✓ [ 100% ] 000/060 VUs    30s        300.00 iters/s
step_00350 ✓ [ 100% ] 0000/0070 VUs  30s        350.00 iters/s
step_00400 ✓ [ 100% ] 0000/0080 VUs  30s        400.00 iters/s
step_00450 ✓ [ 100% ] 0000/0090 VUs  30s        450.00 iters/s
step_00500 ✓ [ 100% ] 0000/0100 VUs  30s        500.00 iters/s
step_00550 ✓ [ 100% ] 0000/0112 VUs  30s        550.00 iters/s
step_00600 ✓ [ 100% ] 0000/0120 VUs  30s        600.00 iters/s
step_00650 ✓ [ 100% ] 0000/0130 VUs  30s        650.00 iters/s
step_00700   [  13% ] 0001/0140 VUs  04.0s/30s  700.00 iters/s
step_00750 • [   0% ] waiting        0m26.0s   
step_00800 • [   0% ] waiting        0m56.0s   
step_00850 • [   0% ] waiting        1m26.0s   
step_00900 • [   0% ] waiting        1m56.0s   
step_00950 • [   0% ] waiting        2m26.0s   
step_01000 • [   0% ] waiting        2m56.0s   

running (06m34.9s), 0001/0392 VUs, 139983 complete and 0 interrupted iterations
step_00050 ✓ [ 100% ] 000/020 VUs    30s        50.00 iters/s
step_00100 ✓ [ 100% ] 000/020 VUs    30s        100.00 iters/s
step_00150 ✓ [ 100% ] 000/030 VUs    30s        150.00 iters/s
step_00200 ✓ [ 100% ] 000/040 VUs    30s        200.00 iters/s
step_00250 ✓ [ 100% ] 000/050 VUs    30s        250.00 iters/s
step_00300 ✓ [ 100% ] 000/060 VUs    30s        300.00 iters/s
step_00350 ✓ [ 100% ] 0000/0070 VUs  30s        350.00 iters/s
step_00400 ✓ [ 100% ] 0000/0080 VUs  30s        400.00 iters/s
step_00450 ✓ [ 100% ] 0000/0090 VUs  30s        450.00 iters/s
step_00500 ✓ [ 100% ] 0000/0100 VUs  30s        500.00 iters/s
step_00550 ✓ [ 100% ] 0000/0112 VUs  30s        550.00 iters/s
step_00600 ✓ [ 100% ] 0000/0120 VUs  30s        600.00 iters/s
step_00650 ✓ [ 100% ] 0000/0130 VUs  30s        650.00 iters/s
step_00700   [  17% ] 0001/0140 VUs  05.0s/30s  700.00 iters/s
step_00750 • [   0% ] waiting        0m25.0s   
step_00800 • [   0% ] waiting        0m55.0s   
step_00850 • [   0% ] waiting        1m25.0s   
step_00900 • [   0% ] waiting        1m55.0s   
step_00950 • [   0% ] waiting        2m25.0s   
step_01000 • [   0% ] waiting        2m55.0s   

running (06m35.9s), 0001/0392 VUs, 140683 complete and 0 interrupted iterations
step_00050 ✓ [ 100% ] 000/020 VUs    30s        50.00 iters/s
step_00100 ✓ [ 100% ] 000/020 VUs    30s        100.00 iters/s
step_00150 ✓ [ 100% ] 000/030 VUs    30s        150.00 iters/s
step_00200 ✓ [ 100% ] 000/040 VUs    30s        200.00 iters/s
step_00250 ✓ [ 100% ] 000/050 VUs    30s        250.00 iters/s
step_00300 ✓ [ 100% ] 000/060 VUs    30s        300.00 iters/s
step_00350 ✓ [ 100% ] 0000/0070 VUs  30s        350.00 iters/s
step_00400 ✓ [ 100% ] 0000/0080 VUs  30s        400.00 iters/s
step_00450 ✓ [ 100% ] 0000/0090 VUs  30s        450.00 iters/s
step_00500 ✓ [ 100% ] 0000/0100 VUs  30s        500.00 iters/s
step_00550 ✓ [ 100% ] 0000/0112 VUs  30s        550.00 iters/s
step_00600 ✓ [ 100% ] 0000/0120 VUs  30s        600.00 iters/s
step_00650 ✓ [ 100% ] 0000/0130 VUs  30s        650.00 iters/s
step_00700   [  20% ] 0001/0140 VUs  06.0s/30s  700.00 iters/s
step_00750 • [   0% ] waiting        0m24.0s   
step_00800 • [   0% ] waiting        0m54.0s   
step_00850 • [   0% ] waiting        1m24.0s   
step_00900 • [   0% ] waiting        1m54.0s   
step_00950 • [   0% ] waiting        2m24.0s   
step_01000 • [   0% ] waiting        2m54.0s   

running (06m36.9s), 0001/0392 VUs, 141383 complete and 0 interrupted iterations
step_00050 ✓ [ 100% ] 000/020 VUs    30s        50.00 iters/s
step_00100 ✓ [ 100% ] 000/020 VUs    30s        100.00 iters/s
step_00150 ✓ [ 100% ] 000/030 VUs    30s        150.00 iters/s
step_00200 ✓ [ 100% ] 000/040 VUs    30s        200.00 iters/s
step_00250 ✓ [ 100% ] 000/050 VUs    30s        250.00 iters/s
step_00300 ✓ [ 100% ] 000/060 VUs    30s        300.00 iters/s
step_00350 ✓ [ 100% ] 0000/0070 VUs  30s        350.00 iters/s
step_00400 ✓ [ 100% ] 0000/0080 VUs  30s        400.00 iters/s
step_00450 ✓ [ 100% ] 0000/0090 VUs  30s        450.00 iters/s
step_00500 ✓ [ 100% ] 0000/0100 VUs  30s        500.00 iters/s
step_00550 ✓ [ 100% ] 0000/0112 VUs  30s        550.00 iters/s
step_00600 ✓ [ 100% ] 0000/0120 VUs  30s        600.00 iters/s
step_00650 ✓ [ 100% ] 0000/0130 VUs  30s        650.00 iters/s
step_00700   [  23% ] 0001/0140 VUs  07.0s/30s  700.00 iters/s
step_00750 • [   0% ] waiting        0m23.0s   
step_00800 • [   0% ] waiting        0m53.0s   
step_00850 • [   0% ] waiting        1m23.0s   
step_00900 • [   0% ] waiting        1m53.0s   
step_00950 • [   0% ] waiting        2m23.0s   
step_01000 • [   0% ] waiting        2m53.0s   

running (06m37.9s), 0001/0392 VUs, 142083 complete and 0 interrupted iterations
step_00050 ✓ [ 100% ] 000/020 VUs    30s        50.00 iters/s
step_00100 ✓ [ 100% ] 000/020 VUs    30s        100.00 iters/s
step_00150 ✓ [ 100% ] 000/030 VUs    30s        150.00 iters/s
step_00200 ✓ [ 100% ] 000/040 VUs    30s        200.00 iters/s
step_00250 ✓ [ 100% ] 000/050 VUs    30s        250.00 iters/s
step_00300 ✓ [ 100% ] 000/060 VUs    30s        300.00 iters/s
step_00350 ✓ [ 100% ] 0000/0070 VUs  30s        350.00 iters/s
step_00400 ✓ [ 100% ] 0000/0080 VUs  30s        400.00 iters/s
step_00450 ✓ [ 100% ] 0000/0090 VUs  30s        450.00 iters/s
step_00500 ✓ [ 100% ] 0000/0100 VUs  30s        500.00 iters/s
step_00550 ✓ [ 100% ] 0000/0112 VUs  30s        550.00 iters/s
step_00600 ✓ [ 100% ] 0000/0120 VUs  30s        600.00 iters/s
step_00650 ✓ [ 100% ] 0000/0130 VUs  30s        650.00 iters/s
step_00700   [  27% ] 0001/0140 VUs  08.0s/30s  700.00 iters/s
step_00750 • [   0% ] waiting        0m22.0s   
step_00800 • [   0% ] waiting        0m52.0s   
step_00850 • [   0% ] waiting        1m22.0s   
step_00900 • [   0% ] waiting        1m52.0s   
step_00950 • [   0% ] waiting        2m22.0s   
step_01000 • [   0% ] waiting        2m52.0s   

running (06m38.9s), 0001/0392 VUs, 142783 complete and 0 interrupted iterations
step_00050 ✓ [ 100% ] 000/020 VUs    30s        50.00 iters/s
step_00100 ✓ [ 100% ] 000/020 VUs    30s        100.00 iters/s
step_00150 ✓ [ 100% ] 000/030 VUs    30s        150.00 iters/s
step_00200 ✓ [ 100% ] 000/040 VUs    30s        200.00 iters/s
step_00250 ✓ [ 100% ] 000/050 VUs    30s        250.00 iters/s
step_00300 ✓ [ 100% ] 000/060 VUs    30s        300.00 iters/s
step_00350 ✓ [ 100% ] 0000/0070 VUs  30s        350.00 iters/s
step_00400 ✓ [ 100% ] 0000/0080 VUs  30s        400.00 iters/s
step_00450 ✓ [ 100% ] 0000/0090 VUs  30s        450.00 iters/s
step_00500 ✓ [ 100% ] 0000/0100 VUs  30s        500.00 iters/s
step_00550 ✓ [ 100% ] 0000/0112 VUs  30s        550.00 iters/s
step_00600 ✓ [ 100% ] 0000/0120 VUs  30s        600.00 iters/s
step_00650 ✓ [ 100% ] 0000/0130 VUs  30s        650.00 iters/s
step_00700   [  30% ] 0001/0140 VUs  09.0s/30s  700.00 iters/s
step_00750 • [   0% ] waiting        0m21.0s   
step_00800 • [   0% ] waiting        0m51.0s   
step_00850 • [   0% ] waiting        1m21.0s   
step_00900 • [   0% ] waiting        1m51.0s   
step_00950 • [   0% ] waiting        2m21.0s   
step_01000 • [   0% ] waiting        2m51.0s   

running (06m39.9s), 0001/0392 VUs, 143483 complete and 0 interrupted iterations
step_00050 ✓ [ 100% ] 000/020 VUs    30s        50.00 iters/s
step_00100 ✓ [ 100% ] 000/020 VUs    30s        100.00 iters/s
step_00150 ✓ [ 100% ] 000/030 VUs    30s        150.00 iters/s
step_00200 ✓ [ 100% ] 000/040 VUs    30s        200.00 iters/s
step_00250 ✓ [ 100% ] 000/050 VUs    30s        250.00 iters/s
step_00300 ✓ [ 100% ] 000/060 VUs    30s        300.00 iters/s
step_00350 ✓ [ 100% ] 0000/0070 VUs  30s        350.00 iters/s
step_00400 ✓ [ 100% ] 0000/0080 VUs  30s        400.00 iters/s
step_00450 ✓ [ 100% ] 0000/0090 VUs  30s        450.00 iters/s
step_00500 ✓ [ 100% ] 0000/0100 VUs  30s        500.00 iters/s
step_00550 ✓ [ 100% ] 0000/0112 VUs  30s        550.00 iters/s
step_00600 ✓ [ 100% ] 0000/0120 VUs  30s        600.00 iters/s
step_00650 ✓ [ 100% ] 0000/0130 VUs  30s        650.00 iters/s
step_00700   [  33% ] 0001/0140 VUs  10.0s/30s  700.00 iters/s
step_00750 • [   0% ] waiting        0m20.0s   
step_00800 • [   0% ] waiting        0m50.0s   
step_00850 • [   0% ] waiting        1m20.0s   
step_00900 • [   0% ] waiting        1m50.0s   
step_00950 • [   0% ] waiting        2m20.0s   
step_01000 • [   0% ] waiting        2m50.0s   

running (06m40.9s), 0001/0392 VUs, 144183 complete and 0 interrupted iterations
step_00050 ✓ [ 100% ] 000/020 VUs    30s        50.00 iters/s
step_00100 ✓ [ 100% ] 000/020 VUs    30s        100.00 iters/s
step_00150 ✓ [ 100% ] 000/030 VUs    30s        150.00 iters/s
step_00200 ✓ [ 100% ] 000/040 VUs    30s        200.00 iters/s
step_00250 ✓ [ 100% ] 000/050 VUs    30s        250.00 iters/s
step_00300 ✓ [ 100% ] 000/060 VUs    30s        300.00 iters/s
step_00350 ✓ [ 100% ] 0000/0070 VUs  30s        350.00 iters/s
step_00400 ✓ [ 100% ] 0000/0080 VUs  30s        400.00 iters/s
step_00450 ✓ [ 100% ] 0000/0090 VUs  30s        450.00 iters/s
step_00500 ✓ [ 100% ] 0000/0100 VUs  30s        500.00 iters/s
step_00550 ✓ [ 100% ] 0000/0112 VUs  30s        550.00 iters/s
step_00600 ✓ [ 100% ] 0000/0120 VUs  30s        600.00 iters/s
step_00650 ✓ [ 100% ] 0000/0130 VUs  30s        650.00 iters/s
step_00700   [  37% ] 0001/0140 VUs  11.0s/30s  700.00 iters/s
step_00750 • [   0% ] waiting        0m19.0s   
step_00800 • [   0% ] waiting        0m49.0s   
step_00850 • [   0% ] waiting        1m19.0s   
step_00900 • [   0% ] waiting        1m49.0s   
step_00950 • [   0% ] waiting        2m19.0s   
step_01000 • [   0% ] waiting        2m49.0s   

running (06m41.9s), 0001/0392 VUs, 144883 complete and 0 interrupted iterations
step_00050 ✓ [ 100% ] 000/020 VUs    30s        50.00 iters/s
step_00100 ✓ [ 100% ] 000/020 VUs    30s        100.00 iters/s
step_00150 ✓ [ 100% ] 000/030 VUs    30s        150.00 iters/s
step_00200 ✓ [ 100% ] 000/040 VUs    30s        200.00 iters/s
step_00250 ✓ [ 100% ] 000/050 VUs    30s        250.00 iters/s
step_00300 ✓ [ 100% ] 000/060 VUs    30s        300.00 iters/s
step_00350 ✓ [ 100% ] 0000/0070 VUs  30s        350.00 iters/s
step_00400 ✓ [ 100% ] 0000/0080 VUs  30s        400.00 iters/s
step_00450 ✓ [ 100% ] 0000/0090 VUs  30s        450.00 iters/s
step_00500 ✓ [ 100% ] 0000/0100 VUs  30s        500.00 iters/s
step_00550 ✓ [ 100% ] 0000/0112 VUs  30s        550.00 iters/s
step_00600 ✓ [ 100% ] 0000/0120 VUs  30s        600.00 iters/s
step_00650 ✓ [ 100% ] 0000/0130 VUs  30s        650.00 iters/s
step_00700   [  40% ] 0001/0140 VUs  12.0s/30s  700.00 iters/s
step_00750 • [   0% ] waiting        0m18.0s   
step_00800 • [   0% ] waiting        0m48.0s   
step_00850 • [   0% ] waiting        1m18.0s   
step_00900 • [   0% ] waiting        1m48.0s   
step_00950 • [   0% ] waiting        2m18.0s   
step_01000 • [   0% ] waiting        2m48.0s   

running (06m42.9s), 0001/0392 VUs, 145583 complete and 0 interrupted iterations
step_00050 ✓ [ 100% ] 000/020 VUs    30s        50.00 iters/s
step_00100 ✓ [ 100% ] 000/020 VUs    30s        100.00 iters/s
step_00150 ✓ [ 100% ] 000/030 VUs    30s        150.00 iters/s
step_00200 ✓ [ 100% ] 000/040 VUs    30s        200.00 iters/s
step_00250 ✓ [ 100% ] 000/050 VUs    30s        250.00 iters/s
step_00300 ✓ [ 100% ] 000/060 VUs    30s        300.00 iters/s
step_00350 ✓ [ 100% ] 0000/0070 VUs  30s        350.00 iters/s
step_00400 ✓ [ 100% ] 0000/0080 VUs  30s        400.00 iters/s
step_00450 ✓ [ 100% ] 0000/0090 VUs  30s        450.00 iters/s
step_00500 ✓ [ 100% ] 0000/0100 VUs  30s        500.00 iters/s
step_00550 ✓ [ 100% ] 0000/0112 VUs  30s        550.00 iters/s
step_00600 ✓ [ 100% ] 0000/0120 VUs  30s        600.00 iters/s
step_00650 ✓ [ 100% ] 0000/0130 VUs  30s        650.00 iters/s
step_00700   [  43% ] 0001/0140 VUs  13.0s/30s  700.00 iters/s
step_00750 • [   0% ] waiting        0m17.0s   
step_00800 • [   0% ] waiting        0m47.0s   
step_00850 • [   0% ] waiting        1m17.0s   
step_00900 • [   0% ] waiting        1m47.0s   
step_00950 • [   0% ] waiting        2m17.0s   
step_01000 • [   0% ] waiting        2m47.0s   

running (06m43.9s), 0001/0392 VUs, 146283 complete and 0 interrupted iterations
step_00050 ✓ [ 100% ] 000/020 VUs    30s        50.00 iters/s
step_00100 ✓ [ 100% ] 000/020 VUs    30s        100.00 iters/s
step_00150 ✓ [ 100% ] 000/030 VUs    30s        150.00 iters/s
step_00200 ✓ [ 100% ] 000/040 VUs    30s        200.00 iters/s
step_00250 ✓ [ 100% ] 000/050 VUs    30s        250.00 iters/s
step_00300 ✓ [ 100% ] 000/060 VUs    30s        300.00 iters/s
step_00350 ✓ [ 100% ] 0000/0070 VUs  30s        350.00 iters/s
step_00400 ✓ [ 100% ] 0000/0080 VUs  30s        400.00 iters/s
step_00450 ✓ [ 100% ] 0000/0090 VUs  30s        450.00 iters/s
step_00500 ✓ [ 100% ] 0000/0100 VUs  30s        500.00 iters/s
step_00550 ✓ [ 100% ] 0000/0112 VUs  30s        550.00 iters/s
step_00600 ✓ [ 100% ] 0000/0120 VUs  30s        600.00 iters/s
step_00650 ✓ [ 100% ] 0000/0130 VUs  30s        650.00 iters/s
step_00700   [  47% ] 0001/0140 VUs  14.0s/30s  700.00 iters/s
step_00750 • [   0% ] waiting        0m16.0s   
step_00800 • [   0% ] waiting        0m46.0s   
step_00850 • [   0% ] waiting        1m16.0s   
step_00900 • [   0% ] waiting        1m46.0s   
step_00950 • [   0% ] waiting        2m16.0s   
step_01000 • [   0% ] waiting        2m46.0s   

running (06m44.9s), 0001/0392 VUs, 146983 complete and 0 interrupted iterations
step_00050 ✓ [ 100% ] 000/020 VUs    30s        50.00 iters/s
step_00100 ✓ [ 100% ] 000/020 VUs    30s        100.00 iters/s
step_00150 ✓ [ 100% ] 000/030 VUs    30s        150.00 iters/s
step_00200 ✓ [ 100% ] 000/040 VUs    30s        200.00 iters/s
step_00250 ✓ [ 100% ] 000/050 VUs    30s        250.00 iters/s
step_00300 ✓ [ 100% ] 000/060 VUs    30s        300.00 iters/s
step_00350 ✓ [ 100% ] 0000/0070 VUs  30s        350.00 iters/s
step_00400 ✓ [ 100% ] 0000/0080 VUs  30s        400.00 iters/s
step_00450 ✓ [ 100% ] 0000/0090 VUs  30s        450.00 iters/s
step_00500 ✓ [ 100% ] 0000/0100 VUs  30s        500.00 iters/s
step_00550 ✓ [ 100% ] 0000/0112 VUs  30s        550.00 iters/s
step_00600 ✓ [ 100% ] 0000/0120 VUs  30s        600.00 iters/s
step_00650 ✓ [ 100% ] 0000/0130 VUs  30s        650.00 iters/s
step_00700   [  50% ] 0001/0140 VUs  15.0s/30s  700.00 iters/s
step_00750 • [   0% ] waiting        0m15.0s   
step_00800 • [   0% ] waiting        0m45.0s   
step_00850 • [   0% ] waiting        1m15.0s   
step_00900 • [   0% ] waiting        1m45.0s   
step_00950 • [   0% ] waiting        2m15.0s   
step_01000 • [   0% ] waiting        2m45.0s   

running (06m45.9s), 0001/0392 VUs, 147683 complete and 0 interrupted iterations
step_00050 ✓ [ 100% ] 000/020 VUs    30s        50.00 iters/s
step_00100 ✓ [ 100% ] 000/020 VUs    30s        100.00 iters/s
step_00150 ✓ [ 100% ] 000/030 VUs    30s        150.00 iters/s
step_00200 ✓ [ 100% ] 000/040 VUs    30s        200.00 iters/s
step_00250 ✓ [ 100% ] 000/050 VUs    30s        250.00 iters/s
step_00300 ✓ [ 100% ] 000/060 VUs    30s        300.00 iters/s
step_00350 ✓ [ 100% ] 0000/0070 VUs  30s        350.00 iters/s
step_00400 ✓ [ 100% ] 0000/0080 VUs  30s        400.00 iters/s
step_00450 ✓ [ 100% ] 0000/0090 VUs  30s        450.00 iters/s
step_00500 ✓ [ 100% ] 0000/0100 VUs  30s        500.00 iters/s
step_00550 ✓ [ 100% ] 0000/0112 VUs  30s        550.00 iters/s
step_00600 ✓ [ 100% ] 0000/0120 VUs  30s        600.00 iters/s
step_00650 ✓ [ 100% ] 0000/0130 VUs  30s        650.00 iters/s
step_00700   [  53% ] 0001/0140 VUs  16.0s/30s  700.00 iters/s
step_00750 • [   0% ] waiting        0m14.0s   
step_00800 • [   0% ] waiting        0m44.0s   
step_00850 • [   0% ] waiting        1m14.0s   
step_00900 • [   0% ] waiting        1m44.0s   
step_00950 • [   0% ] waiting        2m14.0s   
step_01000 • [   0% ] waiting        2m44.0s   

running (06m46.9s), 0001/0392 VUs, 148383 complete and 0 interrupted iterations
step_00050 ✓ [ 100% ] 000/020 VUs    30s        50.00 iters/s
step_00100 ✓ [ 100% ] 000/020 VUs    30s        100.00 iters/s
step_00150 ✓ [ 100% ] 000/030 VUs    30s        150.00 iters/s
step_00200 ✓ [ 100% ] 000/040 VUs    30s        200.00 iters/s
step_00250 ✓ [ 100% ] 000/050 VUs    30s        250.00 iters/s
step_00300 ✓ [ 100% ] 000/060 VUs    30s        300.00 iters/s
step_00350 ✓ [ 100% ] 0000/0070 VUs  30s        350.00 iters/s
step_00400 ✓ [ 100% ] 0000/0080 VUs  30s        400.00 iters/s
step_00450 ✓ [ 100% ] 0000/0090 VUs  30s        450.00 iters/s
step_00500 ✓ [ 100% ] 0000/0100 VUs  30s        500.00 iters/s
step_00550 ✓ [ 100% ] 0000/0112 VUs  30s        550.00 iters/s
step_00600 ✓ [ 100% ] 0000/0120 VUs  30s        600.00 iters/s
step_00650 ✓ [ 100% ] 0000/0130 VUs  30s        650.00 iters/s
step_00700   [  57% ] 0001/0140 VUs  17.0s/30s  700.00 iters/s
step_00750 • [   0% ] waiting        0m13.0s   
step_00800 • [   0% ] waiting        0m43.0s   
step_00850 • [   0% ] waiting        1m13.0s   
step_00900 • [   0% ] waiting        1m43.0s   
step_00950 • [   0% ] waiting        2m13.0s   
step_01000 • [   0% ] waiting        2m43.0s   

running (06m47.9s), 0001/0392 VUs, 149083 complete and 0 interrupted iterations
step_00050 ✓ [ 100% ] 000/020 VUs    30s        50.00 iters/s
step_00100 ✓ [ 100% ] 000/020 VUs    30s        100.00 iters/s
step_00150 ✓ [ 100% ] 000/030 VUs    30s        150.00 iters/s
step_00200 ✓ [ 100% ] 000/040 VUs    30s        200.00 iters/s
step_00250 ✓ [ 100% ] 000/050 VUs    30s        250.00 iters/s
step_00300 ✓ [ 100% ] 000/060 VUs    30s        300.00 iters/s
step_00350 ✓ [ 100% ] 0000/0070 VUs  30s        350.00 iters/s
step_00400 ✓ [ 100% ] 0000/0080 VUs  30s        400.00 iters/s
step_00450 ✓ [ 100% ] 0000/0090 VUs  30s        450.00 iters/s
step_00500 ✓ [ 100% ] 0000/0100 VUs  30s        500.00 iters/s
step_00550 ✓ [ 100% ] 0000/0112 VUs  30s        550.00 iters/s
step_00600 ✓ [ 100% ] 0000/0120 VUs  30s        600.00 iters/s
step_00650 ✓ [ 100% ] 0000/0130 VUs  30s        650.00 iters/s
step_00700   [  60% ] 0001/0140 VUs  18.0s/30s  700.00 iters/s
step_00750 • [   0% ] waiting        0m12.0s   
step_00800 • [   0% ] waiting        0m42.0s   
step_00850 • [   0% ] waiting        1m12.0s   
step_00900 • [   0% ] waiting        1m42.0s   
step_00950 • [   0% ] waiting        2m12.0s   
step_01000 • [   0% ] waiting        2m42.0s   

running (06m48.9s), 0001/0392 VUs, 149783 complete and 0 interrupted iterations
step_00050 ✓ [ 100% ] 000/020 VUs    30s        50.00 iters/s
step_00100 ✓ [ 100% ] 000/020 VUs    30s        100.00 iters/s
step_00150 ✓ [ 100% ] 000/030 VUs    30s        150.00 iters/s
step_00200 ✓ [ 100% ] 000/040 VUs    30s        200.00 iters/s
step_00250 ✓ [ 100% ] 000/050 VUs    30s        250.00 iters/s
step_00300 ✓ [ 100% ] 000/060 VUs    30s        300.00 iters/s
step_00350 ✓ [ 100% ] 0000/0070 VUs  30s        350.00 iters/s
step_00400 ✓ [ 100% ] 0000/0080 VUs  30s        400.00 iters/s
step_00450 ✓ [ 100% ] 0000/0090 VUs  30s        450.00 iters/s
step_00500 ✓ [ 100% ] 0000/0100 VUs  30s        500.00 iters/s
step_00550 ✓ [ 100% ] 0000/0112 VUs  30s        550.00 iters/s
step_00600 ✓ [ 100% ] 0000/0120 VUs  30s        600.00 iters/s
step_00650 ✓ [ 100% ] 0000/0130 VUs  30s        650.00 iters/s
step_00700   [  63% ] 0001/0140 VUs  19.0s/30s  700.00 iters/s
step_00750 • [   0% ] waiting        0m11.0s   
step_00800 • [   0% ] waiting        0m41.0s   
step_00850 • [   0% ] waiting        1m11.0s   
step_00900 • [   0% ] waiting        1m41.0s   
step_00950 • [   0% ] waiting        2m11.0s   
step_01000 • [   0% ] waiting        2m41.0s   

running (06m49.9s), 0001/0392 VUs, 150483 complete and 0 interrupted iterations
step_00050 ✓ [ 100% ] 000/020 VUs    30s        50.00 iters/s
step_00100 ✓ [ 100% ] 000/020 VUs    30s        100.00 iters/s
step_00150 ✓ [ 100% ] 000/030 VUs    30s        150.00 iters/s
step_00200 ✓ [ 100% ] 000/040 VUs    30s        200.00 iters/s
step_00250 ✓ [ 100% ] 000/050 VUs    30s        250.00 iters/s
step_00300 ✓ [ 100% ] 000/060 VUs    30s        300.00 iters/s
step_00350 ✓ [ 100% ] 0000/0070 VUs  30s        350.00 iters/s
step_00400 ✓ [ 100% ] 0000/0080 VUs  30s        400.00 iters/s
step_00450 ✓ [ 100% ] 0000/0090 VUs  30s        450.00 iters/s
step_00500 ✓ [ 100% ] 0000/0100 VUs  30s        500.00 iters/s
step_00550 ✓ [ 100% ] 0000/0112 VUs  30s        550.00 iters/s
step_00600 ✓ [ 100% ] 0000/0120 VUs  30s        600.00 iters/s
step_00650 ✓ [ 100% ] 0000/0130 VUs  30s        650.00 iters/s
step_00700   [  67% ] 0001/0140 VUs  20.0s/30s  700.00 iters/s
step_00750 • [   0% ] waiting        0m10.0s   
step_00800 • [   0% ] waiting        0m40.0s   
step_00850 • [   0% ] waiting        1m10.0s   
step_00900 • [   0% ] waiting        1m40.0s   
step_00950 • [   0% ] waiting        2m10.0s   
step_01000 • [   0% ] waiting        2m40.0s   

running (06m50.9s), 0001/0392 VUs, 151183 complete and 0 interrupted iterations
step_00050 ✓ [ 100% ] 000/020 VUs    30s        50.00 iters/s
step_00100 ✓ [ 100% ] 000/020 VUs    30s        100.00 iters/s
step_00150 ✓ [ 100% ] 000/030 VUs    30s        150.00 iters/s
step_00200 ✓ [ 100% ] 000/040 VUs    30s        200.00 iters/s
step_00250 ✓ [ 100% ] 000/050 VUs    30s        250.00 iters/s
step_00300 ✓ [ 100% ] 000/060 VUs    30s        300.00 iters/s
step_00350 ✓ [ 100% ] 0000/0070 VUs  30s        350.00 iters/s
step_00400 ✓ [ 100% ] 0000/0080 VUs  30s        400.00 iters/s
step_00450 ✓ [ 100% ] 0000/0090 VUs  30s        450.00 iters/s
step_00500 ✓ [ 100% ] 0000/0100 VUs  30s        500.00 iters/s
step_00550 ✓ [ 100% ] 0000/0112 VUs  30s        550.00 iters/s
step_00600 ✓ [ 100% ] 0000/0120 VUs  30s        600.00 iters/s
step_00650 ✓ [ 100% ] 0000/0130 VUs  30s        650.00 iters/s
step_00700   [  70% ] 0001/0140 VUs  21.0s/30s  700.00 iters/s
step_00750 • [   0% ] waiting        0m09.0s   
step_00800 • [   0% ] waiting        0m39.0s   
step_00850 • [   0% ] waiting        1m09.0s   
step_00900 • [   0% ] waiting        1m39.0s   
step_00950 • [   0% ] waiting        2m09.0s   
step_01000 • [   0% ] waiting        2m39.0s   

running (06m51.9s), 0001/0392 VUs, 151883 complete and 0 interrupted iterations
step_00050 ✓ [ 100% ] 000/020 VUs    30s        50.00 iters/s
step_00100 ✓ [ 100% ] 000/020 VUs    30s        100.00 iters/s
step_00150 ✓ [ 100% ] 000/030 VUs    30s        150.00 iters/s
step_00200 ✓ [ 100% ] 000/040 VUs    30s        200.00 iters/s
step_00250 ✓ [ 100% ] 000/050 VUs    30s        250.00 iters/s
step_00300 ✓ [ 100% ] 000/060 VUs    30s        300.00 iters/s
step_00350 ✓ [ 100% ] 0000/0070 VUs  30s        350.00 iters/s
step_00400 ✓ [ 100% ] 0000/0080 VUs  30s        400.00 iters/s
step_00450 ✓ [ 100% ] 0000/0090 VUs  30s        450.00 iters/s
step_00500 ✓ [ 100% ] 0000/0100 VUs  30s        500.00 iters/s
step_00550 ✓ [ 100% ] 0000/0112 VUs  30s        550.00 iters/s
step_00600 ✓ [ 100% ] 0000/0120 VUs  30s        600.00 iters/s
step_00650 ✓ [ 100% ] 0000/0130 VUs  30s        650.00 iters/s
step_00700   [  73% ] 0001/0140 VUs  22.0s/30s  700.00 iters/s
step_00750 • [   0% ] waiting        0m08.0s   
step_00800 • [   0% ] waiting        0m38.0s   
step_00850 • [   0% ] waiting        1m08.0s   
step_00900 • [   0% ] waiting        1m38.0s   
step_00950 • [   0% ] waiting        2m08.0s   
step_01000 • [   0% ] waiting        2m38.0s   

running (06m52.9s), 0001/0392 VUs, 152583 complete and 0 interrupted iterations
step_00050 ✓ [ 100% ] 000/020 VUs    30s        50.00 iters/s
step_00100 ✓ [ 100% ] 000/020 VUs    30s        100.00 iters/s
step_00150 ✓ [ 100% ] 000/030 VUs    30s        150.00 iters/s
step_00200 ✓ [ 100% ] 000/040 VUs    30s        200.00 iters/s
step_00250 ✓ [ 100% ] 000/050 VUs    30s        250.00 iters/s
step_00300 ✓ [ 100% ] 000/060 VUs    30s        300.00 iters/s
step_00350 ✓ [ 100% ] 0000/0070 VUs  30s        350.00 iters/s
step_00400 ✓ [ 100% ] 0000/0080 VUs  30s        400.00 iters/s
step_00450 ✓ [ 100% ] 0000/0090 VUs  30s        450.00 iters/s
step_00500 ✓ [ 100% ] 0000/0100 VUs  30s        500.00 iters/s
step_00550 ✓ [ 100% ] 0000/0112 VUs  30s        550.00 iters/s
step_00600 ✓ [ 100% ] 0000/0120 VUs  30s        600.00 iters/s
step_00650 ✓ [ 100% ] 0000/0130 VUs  30s        650.00 iters/s
step_00700   [  77% ] 0001/0140 VUs  23.0s/30s  700.00 iters/s
step_00750 • [   0% ] waiting        0m07.0s   
step_00800 • [   0% ] waiting        0m37.0s   
step_00850 • [   0% ] waiting        1m07.0s   
step_00900 • [   0% ] waiting        1m37.0s   
step_00950 • [   0% ] waiting        2m07.0s   
step_01000 • [   0% ] waiting        2m37.0s   

running (06m53.9s), 0003/0392 VUs, 153281 complete and 0 interrupted iterations
step_00050 ✓ [ 100% ] 000/020 VUs    30s        50.00 iters/s
step_00100 ✓ [ 100% ] 000/020 VUs    30s        100.00 iters/s
step_00150 ✓ [ 100% ] 000/030 VUs    30s        150.00 iters/s
step_00200 ✓ [ 100% ] 000/040 VUs    30s        200.00 iters/s
step_00250 ✓ [ 100% ] 000/050 VUs    30s        250.00 iters/s
step_00300 ✓ [ 100% ] 000/060 VUs    30s        300.00 iters/s
step_00350 ✓ [ 100% ] 0000/0070 VUs  30s        350.00 iters/s
step_00400 ✓ [ 100% ] 0000/0080 VUs  30s        400.00 iters/s
step_00450 ✓ [ 100% ] 0000/0090 VUs  30s        450.00 iters/s
step_00500 ✓ [ 100% ] 0000/0100 VUs  30s        500.00 iters/s
step_00550 ✓ [ 100% ] 0000/0112 VUs  30s        550.00 iters/s
step_00600 ✓ [ 100% ] 0000/0120 VUs  30s        600.00 iters/s
step_00650 ✓ [ 100% ] 0000/0130 VUs  30s        650.00 iters/s
step_00700   [  80% ] 0003/0140 VUs  24.0s/30s  700.00 iters/s
step_00750 • [   0% ] waiting        0m06.0s   
step_00800 • [   0% ] waiting        0m36.0s   
step_00850 • [   0% ] waiting        1m06.0s   
step_00900 • [   0% ] waiting        1m36.0s   
step_00950 • [   0% ] waiting        2m06.0s   
step_01000 • [   0% ] waiting        2m36.0s   

running (06m54.9s), 0001/0392 VUs, 153983 complete and 0 interrupted iterations
step_00050 ✓ [ 100% ] 000/020 VUs    30s        50.00 iters/s
step_00100 ✓ [ 100% ] 000/020 VUs    30s        100.00 iters/s
step_00150 ✓ [ 100% ] 000/030 VUs    30s        150.00 iters/s
step_00200 ✓ [ 100% ] 000/040 VUs    30s        200.00 iters/s
step_00250 ✓ [ 100% ] 000/050 VUs    30s        250.00 iters/s
step_00300 ✓ [ 100% ] 000/060 VUs    30s        300.00 iters/s
step_00350 ✓ [ 100% ] 0000/0070 VUs  30s        350.00 iters/s
step_00400 ✓ [ 100% ] 0000/0080 VUs  30s        400.00 iters/s
step_00450 ✓ [ 100% ] 0000/0090 VUs  30s        450.00 iters/s
step_00500 ✓ [ 100% ] 0000/0100 VUs  30s        500.00 iters/s
step_00550 ✓ [ 100% ] 0000/0112 VUs  30s        550.00 iters/s
step_00600 ✓ [ 100% ] 0000/0120 VUs  30s        600.00 iters/s
step_00650 ✓ [ 100% ] 0000/0130 VUs  30s        650.00 iters/s
step_00700   [  83% ] 0001/0140 VUs  25.0s/30s  700.00 iters/s
step_00750 • [   0% ] waiting        0m05.0s   
step_00800 • [   0% ] waiting        0m35.0s   
step_00850 • [   0% ] waiting        1m05.0s   
step_00900 • [   0% ] waiting        1m35.0s   
step_00950 • [   0% ] waiting        2m05.0s   
step_01000 • [   0% ] waiting        2m35.0s   

running (06m55.9s), 0001/0392 VUs, 154683 complete and 0 interrupted iterations
step_00050 ✓ [ 100% ] 000/020 VUs    30s        50.00 iters/s
step_00100 ✓ [ 100% ] 000/020 VUs    30s        100.00 iters/s
step_00150 ✓ [ 100% ] 000/030 VUs    30s        150.00 iters/s
step_00200 ✓ [ 100% ] 000/040 VUs    30s        200.00 iters/s
step_00250 ✓ [ 100% ] 000/050 VUs    30s        250.00 iters/s
step_00300 ✓ [ 100% ] 000/060 VUs    30s        300.00 iters/s
step_00350 ✓ [ 100% ] 0000/0070 VUs  30s        350.00 iters/s
step_00400 ✓ [ 100% ] 0000/0080 VUs  30s        400.00 iters/s
step_00450 ✓ [ 100% ] 0000/0090 VUs  30s        450.00 iters/s
step_00500 ✓ [ 100% ] 0000/0100 VUs  30s        500.00 iters/s
step_00550 ✓ [ 100% ] 0000/0112 VUs  30s        550.00 iters/s
step_00600 ✓ [ 100% ] 0000/0120 VUs  30s        600.00 iters/s
step_00650 ✓ [ 100% ] 0000/0130 VUs  30s        650.00 iters/s
step_00700   [  87% ] 0001/0140 VUs  26.0s/30s  700.00 iters/s
step_00750 • [   0% ] waiting        0m04.0s   
step_00800 • [   0% ] waiting        0m34.0s   
step_00850 • [   0% ] waiting        1m04.0s   
step_00900 • [   0% ] waiting        1m34.0s   
step_00950 • [   0% ] waiting        2m04.0s   
step_01000 • [   0% ] waiting        2m34.0s   

running (06m56.9s), 0001/0392 VUs, 155383 complete and 0 interrupted iterations
step_00050 ✓ [ 100% ] 000/020 VUs    30s        50.00 iters/s
step_00100 ✓ [ 100% ] 000/020 VUs    30s        100.00 iters/s
step_00150 ✓ [ 100% ] 000/030 VUs    30s        150.00 iters/s
step_00200 ✓ [ 100% ] 000/040 VUs    30s        200.00 iters/s
step_00250 ✓ [ 100% ] 000/050 VUs    30s        250.00 iters/s
step_00300 ✓ [ 100% ] 000/060 VUs    30s        300.00 iters/s
step_00350 ✓ [ 100% ] 0000/0070 VUs  30s        350.00 iters/s
step_00400 ✓ [ 100% ] 0000/0080 VUs  30s        400.00 iters/s
step_00450 ✓ [ 100% ] 0000/0090 VUs  30s        450.00 iters/s
step_00500 ✓ [ 100% ] 0000/0100 VUs  30s        500.00 iters/s
step_00550 ✓ [ 100% ] 0000/0112 VUs  30s        550.00 iters/s
step_00600 ✓ [ 100% ] 0000/0120 VUs  30s        600.00 iters/s
step_00650 ✓ [ 100% ] 0000/0130 VUs  30s        650.00 iters/s
step_00700   [  90% ] 0001/0140 VUs  27.0s/30s  700.00 iters/s
step_00750 • [   0% ] waiting        0m03.0s   
step_00800 • [   0% ] waiting        0m33.0s   
step_00850 • [   0% ] waiting        1m03.0s   
step_00900 • [   0% ] waiting        1m33.0s   
step_00950 • [   0% ] waiting        2m03.0s   
step_01000 • [   0% ] waiting        2m33.0s   

running (06m57.9s), 0014/0392 VUs, 156070 complete and 0 interrupted iterations
step_00050 ✓ [ 100% ] 000/020 VUs    30s        50.00 iters/s
step_00100 ✓ [ 100% ] 000/020 VUs    30s        100.00 iters/s
step_00150 ✓ [ 100% ] 000/030 VUs    30s        150.00 iters/s
step_00200 ✓ [ 100% ] 000/040 VUs    30s        200.00 iters/s
step_00250 ✓ [ 100% ] 000/050 VUs    30s        250.00 iters/s
step_00300 ✓ [ 100% ] 000/060 VUs    30s        300.00 iters/s
step_00350 ✓ [ 100% ] 0000/0070 VUs  30s        350.00 iters/s
step_00400 ✓ [ 100% ] 0000/0080 VUs  30s        400.00 iters/s
step_00450 ✓ [ 100% ] 0000/0090 VUs  30s        450.00 iters/s
step_00500 ✓ [ 100% ] 0000/0100 VUs  30s        500.00 iters/s
step_00550 ✓ [ 100% ] 0000/0112 VUs  30s        550.00 iters/s
step_00600 ✓ [ 100% ] 0000/0120 VUs  30s        600.00 iters/s
step_00650 ✓ [ 100% ] 0000/0130 VUs  30s        650.00 iters/s
step_00700   [  93% ] 0014/0140 VUs  28.0s/30s  700.00 iters/s
step_00750 • [   0% ] waiting        0m02.0s   
step_00800 • [   0% ] waiting        0m32.0s   
step_00850 • [   0% ] waiting        1m02.0s   
step_00900 • [   0% ] waiting        1m32.0s   
step_00950 • [   0% ] waiting        2m02.0s   
step_01000 • [   0% ] waiting        2m32.0s   

running (06m58.9s), 0001/0392 VUs, 156783 complete and 0 interrupted iterations
step_00050 ✓ [ 100% ] 000/020 VUs    30s        50.00 iters/s
step_00100 ✓ [ 100% ] 000/020 VUs    30s        100.00 iters/s
step_00150 ✓ [ 100% ] 000/030 VUs    30s        150.00 iters/s
step_00200 ✓ [ 100% ] 000/040 VUs    30s        200.00 iters/s
step_00250 ✓ [ 100% ] 000/050 VUs    30s        250.00 iters/s
step_00300 ✓ [ 100% ] 000/060 VUs    30s        300.00 iters/s
step_00350 ✓ [ 100% ] 0000/0070 VUs  30s        350.00 iters/s
step_00400 ✓ [ 100% ] 0000/0080 VUs  30s        400.00 iters/s
step_00450 ✓ [ 100% ] 0000/0090 VUs  30s        450.00 iters/s
step_00500 ✓ [ 100% ] 0000/0100 VUs  30s        500.00 iters/s
step_00550 ✓ [ 100% ] 0000/0112 VUs  30s        550.00 iters/s
step_00600 ✓ [ 100% ] 0000/0120 VUs  30s        600.00 iters/s
step_00650 ✓ [ 100% ] 0000/0130 VUs  30s        650.00 iters/s
step_00700   [  97% ] 0001/0140 VUs  29.0s/30s  700.00 iters/s
step_00750 • [   0% ] waiting        0m01.0s   
step_00800 • [   0% ] waiting        0m31.0s   
step_00850 • [   0% ] waiting        1m01.0s   
step_00900 • [   0% ] waiting        1m31.0s   
step_00950 • [   0% ] waiting        2m01.0s   
step_01000 • [   0% ] waiting        2m31.0s   

running (06m59.9s), 0001/0392 VUs, 157483 complete and 0 interrupted iterations
step_00050 ✓ [ 100% ] 000/020 VUs    30s        50.00 iters/s
step_00100 ✓ [ 100% ] 000/020 VUs    30s        100.00 iters/s
step_00150 ✓ [ 100% ] 000/030 VUs    30s        150.00 iters/s
step_00200 ✓ [ 100% ] 000/040 VUs    30s        200.00 iters/s
step_00250 ✓ [ 100% ] 000/050 VUs    30s        250.00 iters/s
step_00300 ✓ [ 100% ] 000/060 VUs    30s        300.00 iters/s
step_00350 ✓ [ 100% ] 0000/0070 VUs  30s        350.00 iters/s
step_00400 ✓ [ 100% ] 0000/0080 VUs  30s        400.00 iters/s
step_00450 ✓ [ 100% ] 0000/0090 VUs  30s        450.00 iters/s
step_00500 ✓ [ 100% ] 0000/0100 VUs  30s        500.00 iters/s
step_00550 ✓ [ 100% ] 0000/0112 VUs  30s        550.00 iters/s
step_00600 ✓ [ 100% ] 0000/0120 VUs  30s        600.00 iters/s
step_00650 ✓ [ 100% ] 0000/0130 VUs  30s        650.00 iters/s
step_00700   [ 100% ] 0001/0140 VUs  30.0s/30s  700.00 iters/s
step_00750 • [   0% ] waiting        0m00.0s   
step_00800 • [   0% ] waiting        0m30.0s   
step_00850 • [   0% ] waiting        1m00.0s   
step_00900 • [   0% ] waiting        1m30.0s   
step_00950 • [   0% ] waiting        2m00.0s   
step_01000 • [   0% ] waiting        2m30.0s   

running (07m00.9s), 0001/0392 VUs, 158232 complete and 0 interrupted iterations
step_00050 ✓ [ 100% ] 000/020 VUs    30s        50.00 iters/s
step_00100 ✓ [ 100% ] 000/020 VUs    30s        100.00 iters/s
step_00150 ✓ [ 100% ] 000/030 VUs    30s        150.00 iters/s
step_00200 ✓ [ 100% ] 000/040 VUs    30s        200.00 iters/s
step_00250 ✓ [ 100% ] 000/050 VUs    30s        250.00 iters/s
step_00300 ✓ [ 100% ] 000/060 VUs    30s        300.00 iters/s
step_00350 ✓ [ 100% ] 0000/0070 VUs  30s        350.00 iters/s
step_00400 ✓ [ 100% ] 0000/0080 VUs  30s        400.00 iters/s
step_00450 ✓ [ 100% ] 0000/0090 VUs  30s        450.00 iters/s
step_00500 ✓ [ 100% ] 0000/0100 VUs  30s        500.00 iters/s
step_00550 ✓ [ 100% ] 0000/0112 VUs  30s        550.00 iters/s
step_00600 ✓ [ 100% ] 0000/0120 VUs  30s        600.00 iters/s
step_00650 ✓ [ 100% ] 0000/0130 VUs  30s        650.00 iters/s
step_00700 ✓ [ 100% ] 0000/0140 VUs  30s        700.00 iters/s
step_00750   [   3% ] 0001/0150 VUs  01.0s/30s  750.00 iters/s
step_00800 • [   0% ] waiting        0m29.0s   
step_00850 • [   0% ] waiting        0m59.0s   
step_00900 • [   0% ] waiting        1m29.0s   
step_00950 • [   0% ] waiting        1m59.0s   
step_01000 • [   0% ] waiting        2m29.0s   

running (07m01.9s), 0001/0392 VUs, 158982 complete and 0 interrupted iterations
step_00050 ✓ [ 100% ] 000/020 VUs    30s        50.00 iters/s
step_00100 ✓ [ 100% ] 000/020 VUs    30s        100.00 iters/s
step_00150 ✓ [ 100% ] 000/030 VUs    30s        150.00 iters/s
step_00200 ✓ [ 100% ] 000/040 VUs    30s        200.00 iters/s
step_00250 ✓ [ 100% ] 000/050 VUs    30s        250.00 iters/s
step_00300 ✓ [ 100% ] 000/060 VUs    30s        300.00 iters/s
step_00350 ✓ [ 100% ] 0000/0070 VUs  30s        350.00 iters/s
step_00400 ✓ [ 100% ] 0000/0080 VUs  30s        400.00 iters/s
step_00450 ✓ [ 100% ] 0000/0090 VUs  30s        450.00 iters/s
step_00500 ✓ [ 100% ] 0000/0100 VUs  30s        500.00 iters/s
step_00550 ✓ [ 100% ] 0000/0112 VUs  30s        550.00 iters/s
step_00600 ✓ [ 100% ] 0000/0120 VUs  30s        600.00 iters/s
step_00650 ✓ [ 100% ] 0000/0130 VUs  30s        650.00 iters/s
step_00700 ✓ [ 100% ] 0000/0140 VUs  30s        700.00 iters/s
step_00750   [   7% ] 0001/0150 VUs  02.0s/30s  750.00 iters/s
step_00800 • [   0% ] waiting        0m28.0s   
step_00850 • [   0% ] waiting        0m58.0s   
step_00900 • [   0% ] waiting        1m28.0s   
step_00950 • [   0% ] waiting        1m58.0s   
step_01000 • [   0% ] waiting        2m28.0s   

running (07m02.9s), 0001/0392 VUs, 159732 complete and 0 interrupted iterations
step_00050 ✓ [ 100% ] 000/020 VUs    30s        50.00 iters/s
step_00100 ✓ [ 100% ] 000/020 VUs    30s        100.00 iters/s
step_00150 ✓ [ 100% ] 000/030 VUs    30s        150.00 iters/s
step_00200 ✓ [ 100% ] 000/040 VUs    30s        200.00 iters/s
step_00250 ✓ [ 100% ] 000/050 VUs    30s        250.00 iters/s
step_00300 ✓ [ 100% ] 000/060 VUs    30s        300.00 iters/s
step_00350 ✓ [ 100% ] 0000/0070 VUs  30s        350.00 iters/s
step_00400 ✓ [ 100% ] 0000/0080 VUs  30s        400.00 iters/s
step_00450 ✓ [ 100% ] 0000/0090 VUs  30s        450.00 iters/s
step_00500 ✓ [ 100% ] 0000/0100 VUs  30s        500.00 iters/s
step_00550 ✓ [ 100% ] 0000/0112 VUs  30s        550.00 iters/s
step_00600 ✓ [ 100% ] 0000/0120 VUs  30s        600.00 iters/s
step_00650 ✓ [ 100% ] 0000/0130 VUs  30s        650.00 iters/s
step_00700 ✓ [ 100% ] 0000/0140 VUs  30s        700.00 iters/s
step_00750   [  10% ] 0001/0150 VUs  03.0s/30s  750.00 iters/s
step_00800 • [   0% ] waiting        0m27.0s   
step_00850 • [   0% ] waiting        0m57.0s   
step_00900 • [   0% ] waiting        1m27.0s   
step_00950 • [   0% ] waiting        1m57.0s   
step_01000 • [   0% ] waiting        2m27.0s   

running (07m03.9s), 0001/0392 VUs, 160482 complete and 0 interrupted iterations
step_00050 ✓ [ 100% ] 000/020 VUs    30s        50.00 iters/s
step_00100 ✓ [ 100% ] 000/020 VUs    30s        100.00 iters/s
step_00150 ✓ [ 100% ] 000/030 VUs    30s        150.00 iters/s
step_00200 ✓ [ 100% ] 000/040 VUs    30s        200.00 iters/s
step_00250 ✓ [ 100% ] 000/050 VUs    30s        250.00 iters/s
step_00300 ✓ [ 100% ] 000/060 VUs    30s        300.00 iters/s
step_00350 ✓ [ 100% ] 0000/0070 VUs  30s        350.00 iters/s
step_00400 ✓ [ 100% ] 0000/0080 VUs  30s        400.00 iters/s
step_00450 ✓ [ 100% ] 0000/0090 VUs  30s        450.00 iters/s
step_00500 ✓ [ 100% ] 0000/0100 VUs  30s        500.00 iters/s
step_00550 ✓ [ 100% ] 0000/0112 VUs  30s        550.00 iters/s
step_00600 ✓ [ 100% ] 0000/0120 VUs  30s        600.00 iters/s
step_00650 ✓ [ 100% ] 0000/0130 VUs  30s        650.00 iters/s
step_00700 ✓ [ 100% ] 0000/0140 VUs  30s        700.00 iters/s
step_00750   [  13% ] 0001/0150 VUs  04.0s/30s  750.00 iters/s
step_00800 • [   0% ] waiting        0m26.0s   
step_00850 • [   0% ] waiting        0m56.0s   
step_00900 • [   0% ] waiting        1m26.0s   
step_00950 • [   0% ] waiting        1m56.0s   
step_01000 • [   0% ] waiting        2m26.0s   

running (07m04.9s), 0001/0392 VUs, 161232 complete and 0 interrupted iterations
step_00050 ✓ [ 100% ] 000/020 VUs    30s        50.00 iters/s
step_00100 ✓ [ 100% ] 000/020 VUs    30s        100.00 iters/s
step_00150 ✓ [ 100% ] 000/030 VUs    30s        150.00 iters/s
step_00200 ✓ [ 100% ] 000/040 VUs    30s        200.00 iters/s
step_00250 ✓ [ 100% ] 000/050 VUs    30s        250.00 iters/s
step_00300 ✓ [ 100% ] 000/060 VUs    30s        300.00 iters/s
step_00350 ✓ [ 100% ] 0000/0070 VUs  30s        350.00 iters/s
step_00400 ✓ [ 100% ] 0000/0080 VUs  30s        400.00 iters/s
step_00450 ✓ [ 100% ] 0000/0090 VUs  30s        450.00 iters/s
step_00500 ✓ [ 100% ] 0000/0100 VUs  30s        500.00 iters/s
step_00550 ✓ [ 100% ] 0000/0112 VUs  30s        550.00 iters/s
step_00600 ✓ [ 100% ] 0000/0120 VUs  30s        600.00 iters/s
step_00650 ✓ [ 100% ] 0000/0130 VUs  30s        650.00 iters/s
step_00700 ✓ [ 100% ] 0000/0140 VUs  30s        700.00 iters/s
step_00750   [  17% ] 0001/0150 VUs  05.0s/30s  750.00 iters/s
step_00800 • [   0% ] waiting        0m25.0s   
step_00850 • [   0% ] waiting        0m55.0s   
step_00900 • [   0% ] waiting        1m25.0s   
step_00950 • [   0% ] waiting        1m55.0s   
step_01000 • [   0% ] waiting        2m25.0s   

running (07m05.9s), 0001/0392 VUs, 161982 complete and 0 interrupted iterations
step_00050 ✓ [ 100% ] 000/020 VUs    30s        50.00 iters/s
step_00100 ✓ [ 100% ] 000/020 VUs    30s        100.00 iters/s
step_00150 ✓ [ 100% ] 000/030 VUs    30s        150.00 iters/s
step_00200 ✓ [ 100% ] 000/040 VUs    30s        200.00 iters/s
step_00250 ✓ [ 100% ] 000/050 VUs    30s        250.00 iters/s
step_00300 ✓ [ 100% ] 000/060 VUs    30s        300.00 iters/s
step_00350 ✓ [ 100% ] 0000/0070 VUs  30s        350.00 iters/s
step_00400 ✓ [ 100% ] 0000/0080 VUs  30s        400.00 iters/s
step_00450 ✓ [ 100% ] 0000/0090 VUs  30s        450.00 iters/s
step_00500 ✓ [ 100% ] 0000/0100 VUs  30s        500.00 iters/s
step_00550 ✓ [ 100% ] 0000/0112 VUs  30s        550.00 iters/s
step_00600 ✓ [ 100% ] 0000/0120 VUs  30s        600.00 iters/s
step_00650 ✓ [ 100% ] 0000/0130 VUs  30s        650.00 iters/s
step_00700 ✓ [ 100% ] 0000/0140 VUs  30s        700.00 iters/s
step_00750   [  20% ] 0001/0150 VUs  06.0s/30s  750.00 iters/s
step_00800 • [   0% ] waiting        0m24.0s   
step_00850 • [   0% ] waiting        0m54.0s   
step_00900 • [   0% ] waiting        1m24.0s   
step_00950 • [   0% ] waiting        1m54.0s   
step_01000 • [   0% ] waiting        2m24.0s   

running (07m06.9s), 0001/0392 VUs, 162732 complete and 0 interrupted iterations
step_00050 ✓ [ 100% ] 000/020 VUs    30s        50.00 iters/s
step_00100 ✓ [ 100% ] 000/020 VUs    30s        100.00 iters/s
step_00150 ✓ [ 100% ] 000/030 VUs    30s        150.00 iters/s
step_00200 ✓ [ 100% ] 000/040 VUs    30s        200.00 iters/s
step_00250 ✓ [ 100% ] 000/050 VUs    30s        250.00 iters/s
step_00300 ✓ [ 100% ] 000/060 VUs    30s        300.00 iters/s
step_00350 ✓ [ 100% ] 0000/0070 VUs  30s        350.00 iters/s
step_00400 ✓ [ 100% ] 0000/0080 VUs  30s        400.00 iters/s
step_00450 ✓ [ 100% ] 0000/0090 VUs  30s        450.00 iters/s
step_00500 ✓ [ 100% ] 0000/0100 VUs  30s        500.00 iters/s
step_00550 ✓ [ 100% ] 0000/0112 VUs  30s        550.00 iters/s
step_00600 ✓ [ 100% ] 0000/0120 VUs  30s        600.00 iters/s
step_00650 ✓ [ 100% ] 0000/0130 VUs  30s        650.00 iters/s
step_00700 ✓ [ 100% ] 0000/0140 VUs  30s        700.00 iters/s
step_00750   [  23% ] 0001/0150 VUs  07.0s/30s  750.00 iters/s
step_00800 • [   0% ] waiting        0m23.0s   
step_00850 • [   0% ] waiting        0m53.0s   
step_00900 • [   0% ] waiting        1m23.0s   
step_00950 • [   0% ] waiting        1m53.0s   
step_01000 • [   0% ] waiting        2m23.0s   

running (07m07.9s), 0001/0392 VUs, 163482 complete and 0 interrupted iterations
step_00050 ✓ [ 100% ] 000/020 VUs    30s        50.00 iters/s
step_00100 ✓ [ 100% ] 000/020 VUs    30s        100.00 iters/s
step_00150 ✓ [ 100% ] 000/030 VUs    30s        150.00 iters/s
step_00200 ✓ [ 100% ] 000/040 VUs    30s        200.00 iters/s
step_00250 ✓ [ 100% ] 000/050 VUs    30s        250.00 iters/s
step_00300 ✓ [ 100% ] 000/060 VUs    30s        300.00 iters/s
step_00350 ✓ [ 100% ] 0000/0070 VUs  30s        350.00 iters/s
step_00400 ✓ [ 100% ] 0000/0080 VUs  30s        400.00 iters/s
step_00450 ✓ [ 100% ] 0000/0090 VUs  30s        450.00 iters/s
step_00500 ✓ [ 100% ] 0000/0100 VUs  30s        500.00 iters/s
step_00550 ✓ [ 100% ] 0000/0112 VUs  30s        550.00 iters/s
step_00600 ✓ [ 100% ] 0000/0120 VUs  30s        600.00 iters/s
step_00650 ✓ [ 100% ] 0000/0130 VUs  30s        650.00 iters/s
step_00700 ✓ [ 100% ] 0000/0140 VUs  30s        700.00 iters/s
step_00750   [  27% ] 0001/0150 VUs  08.0s/30s  750.00 iters/s
step_00800 • [   0% ] waiting        0m22.0s   
step_00850 • [   0% ] waiting        0m52.0s   
step_00900 • [   0% ] waiting        1m22.0s   
step_00950 • [   0% ] waiting        1m52.0s   
step_01000 • [   0% ] waiting        2m22.0s   

running (07m08.9s), 0001/0392 VUs, 164232 complete and 0 interrupted iterations
step_00050 ✓ [ 100% ] 000/020 VUs    30s        50.00 iters/s
step_00100 ✓ [ 100% ] 000/020 VUs    30s        100.00 iters/s
step_00150 ✓ [ 100% ] 000/030 VUs    30s        150.00 iters/s
step_00200 ✓ [ 100% ] 000/040 VUs    30s        200.00 iters/s
step_00250 ✓ [ 100% ] 000/050 VUs    30s        250.00 iters/s
step_00300 ✓ [ 100% ] 000/060 VUs    30s        300.00 iters/s
step_00350 ✓ [ 100% ] 0000/0070 VUs  30s        350.00 iters/s
step_00400 ✓ [ 100% ] 0000/0080 VUs  30s        400.00 iters/s
step_00450 ✓ [ 100% ] 0000/0090 VUs  30s        450.00 iters/s
step_00500 ✓ [ 100% ] 0000/0100 VUs  30s        500.00 iters/s
step_00550 ✓ [ 100% ] 0000/0112 VUs  30s        550.00 iters/s
step_00600 ✓ [ 100% ] 0000/0120 VUs  30s        600.00 iters/s
step_00650 ✓ [ 100% ] 0000/0130 VUs  30s        650.00 iters/s
step_00700 ✓ [ 100% ] 0000/0140 VUs  30s        700.00 iters/s
step_00750   [  30% ] 0001/0150 VUs  09.0s/30s  750.00 iters/s
step_00800 • [   0% ] waiting        0m21.0s   
step_00850 • [   0% ] waiting        0m51.0s   
step_00900 • [   0% ] waiting        1m21.0s   
step_00950 • [   0% ] waiting        1m51.0s   
step_01000 • [   0% ] waiting        2m21.0s   

running (07m09.9s), 0001/0392 VUs, 164982 complete and 0 interrupted iterations
step_00050 ✓ [ 100% ] 000/020 VUs    30s        50.00 iters/s
step_00100 ✓ [ 100% ] 000/020 VUs    30s        100.00 iters/s
step_00150 ✓ [ 100% ] 000/030 VUs    30s        150.00 iters/s
step_00200 ✓ [ 100% ] 000/040 VUs    30s        200.00 iters/s
step_00250 ✓ [ 100% ] 000/050 VUs    30s        250.00 iters/s
step_00300 ✓ [ 100% ] 000/060 VUs    30s        300.00 iters/s
step_00350 ✓ [ 100% ] 0000/0070 VUs  30s        350.00 iters/s
step_00400 ✓ [ 100% ] 0000/0080 VUs  30s        400.00 iters/s
step_00450 ✓ [ 100% ] 0000/0090 VUs  30s        450.00 iters/s
step_00500 ✓ [ 100% ] 0000/0100 VUs  30s        500.00 iters/s
step_00550 ✓ [ 100% ] 0000/0112 VUs  30s        550.00 iters/s
step_00600 ✓ [ 100% ] 0000/0120 VUs  30s        600.00 iters/s
step_00650 ✓ [ 100% ] 0000/0130 VUs  30s        650.00 iters/s
step_00700 ✓ [ 100% ] 0000/0140 VUs  30s        700.00 iters/s
step_00750   [  33% ] 0001/0150 VUs  10.0s/30s  750.00 iters/s
step_00800 • [   0% ] waiting        0m20.0s   
step_00850 • [   0% ] waiting        0m50.0s   
step_00900 • [   0% ] waiting        1m20.0s   
step_00950 • [   0% ] waiting        1m50.0s   
step_01000 • [   0% ] waiting        2m20.0s   

running (07m10.9s), 0001/0392 VUs, 165732 complete and 0 interrupted iterations
step_00050 ✓ [ 100% ] 000/020 VUs    30s        50.00 iters/s
step_00100 ✓ [ 100% ] 000/020 VUs    30s        100.00 iters/s
step_00150 ✓ [ 100% ] 000/030 VUs    30s        150.00 iters/s
step_00200 ✓ [ 100% ] 000/040 VUs    30s        200.00 iters/s
step_00250 ✓ [ 100% ] 000/050 VUs    30s        250.00 iters/s
step_00300 ✓ [ 100% ] 000/060 VUs    30s        300.00 iters/s
step_00350 ✓ [ 100% ] 0000/0070 VUs  30s        350.00 iters/s
step_00400 ✓ [ 100% ] 0000/0080 VUs  30s        400.00 iters/s
step_00450 ✓ [ 100% ] 0000/0090 VUs  30s        450.00 iters/s
step_00500 ✓ [ 100% ] 0000/0100 VUs  30s        500.00 iters/s
step_00550 ✓ [ 100% ] 0000/0112 VUs  30s        550.00 iters/s
step_00600 ✓ [ 100% ] 0000/0120 VUs  30s        600.00 iters/s
step_00650 ✓ [ 100% ] 0000/0130 VUs  30s        650.00 iters/s
step_00700 ✓ [ 100% ] 0000/0140 VUs  30s        700.00 iters/s
step_00750   [  37% ] 0001/0150 VUs  11.0s/30s  750.00 iters/s
step_00800 • [   0% ] waiting        0m19.0s   
step_00850 • [   0% ] waiting        0m49.0s   
step_00900 • [   0% ] waiting        1m19.0s   
step_00950 • [   0% ] waiting        1m49.0s   
step_01000 • [   0% ] waiting        2m19.0s   

running (07m11.9s), 0001/0392 VUs, 166482 complete and 0 interrupted iterations
step_00050 ✓ [ 100% ] 000/020 VUs    30s        50.00 iters/s
step_00100 ✓ [ 100% ] 000/020 VUs    30s        100.00 iters/s
step_00150 ✓ [ 100% ] 000/030 VUs    30s        150.00 iters/s
step_00200 ✓ [ 100% ] 000/040 VUs    30s        200.00 iters/s
step_00250 ✓ [ 100% ] 000/050 VUs    30s        250.00 iters/s
step_00300 ✓ [ 100% ] 000/060 VUs    30s        300.00 iters/s
step_00350 ✓ [ 100% ] 0000/0070 VUs  30s        350.00 iters/s
step_00400 ✓ [ 100% ] 0000/0080 VUs  30s        400.00 iters/s
step_00450 ✓ [ 100% ] 0000/0090 VUs  30s        450.00 iters/s
step_00500 ✓ [ 100% ] 0000/0100 VUs  30s        500.00 iters/s
step_00550 ✓ [ 100% ] 0000/0112 VUs  30s        550.00 iters/s
step_00600 ✓ [ 100% ] 0000/0120 VUs  30s        600.00 iters/s
step_00650 ✓ [ 100% ] 0000/0130 VUs  30s        650.00 iters/s
step_00700 ✓ [ 100% ] 0000/0140 VUs  30s        700.00 iters/s
step_00750   [  40% ] 0001/0150 VUs  12.0s/30s  750.00 iters/s
step_00800 • [   0% ] waiting        0m18.0s   
step_00850 • [   0% ] waiting        0m48.0s   
step_00900 • [   0% ] waiting        1m18.0s   
step_00950 • [   0% ] waiting        1m48.0s   
step_01000 • [   0% ] waiting        2m18.0s   

running (07m12.9s), 0001/0392 VUs, 167232 complete and 0 interrupted iterations
step_00050 ✓ [ 100% ] 000/020 VUs    30s        50.00 iters/s
step_00100 ✓ [ 100% ] 000/020 VUs    30s        100.00 iters/s
step_00150 ✓ [ 100% ] 000/030 VUs    30s        150.00 iters/s
step_00200 ✓ [ 100% ] 000/040 VUs    30s        200.00 iters/s
step_00250 ✓ [ 100% ] 000/050 VUs    30s        250.00 iters/s
step_00300 ✓ [ 100% ] 000/060 VUs    30s        300.00 iters/s
step_00350 ✓ [ 100% ] 0000/0070 VUs  30s        350.00 iters/s
step_00400 ✓ [ 100% ] 0000/0080 VUs  30s        400.00 iters/s
step_00450 ✓ [ 100% ] 0000/0090 VUs  30s        450.00 iters/s
step_00500 ✓ [ 100% ] 0000/0100 VUs  30s        500.00 iters/s
step_00550 ✓ [ 100% ] 0000/0112 VUs  30s        550.00 iters/s
step_00600 ✓ [ 100% ] 0000/0120 VUs  30s        600.00 iters/s
step_00650 ✓ [ 100% ] 0000/0130 VUs  30s        650.00 iters/s
step_00700 ✓ [ 100% ] 0000/0140 VUs  30s        700.00 iters/s
step_00750   [  43% ] 0001/0150 VUs  13.0s/30s  750.00 iters/s
step_00800 • [   0% ] waiting        0m17.0s   
step_00850 • [   0% ] waiting        0m47.0s   
step_00900 • [   0% ] waiting        1m17.0s   
step_00950 • [   0% ] waiting        1m47.0s   
step_01000 • [   0% ] waiting        2m17.0s   

running (07m13.9s), 0001/0392 VUs, 167982 complete and 0 interrupted iterations
step_00050 ✓ [ 100% ] 000/020 VUs    30s        50.00 iters/s
step_00100 ✓ [ 100% ] 000/020 VUs    30s        100.00 iters/s
step_00150 ✓ [ 100% ] 000/030 VUs    30s        150.00 iters/s
step_00200 ✓ [ 100% ] 000/040 VUs    30s        200.00 iters/s
step_00250 ✓ [ 100% ] 000/050 VUs    30s        250.00 iters/s
step_00300 ✓ [ 100% ] 000/060 VUs    30s        300.00 iters/s
step_00350 ✓ [ 100% ] 0000/0070 VUs  30s        350.00 iters/s
step_00400 ✓ [ 100% ] 0000/0080 VUs  30s        400.00 iters/s
step_00450 ✓ [ 100% ] 0000/0090 VUs  30s        450.00 iters/s
step_00500 ✓ [ 100% ] 0000/0100 VUs  30s        500.00 iters/s
step_00550 ✓ [ 100% ] 0000/0112 VUs  30s        550.00 iters/s
step_00600 ✓ [ 100% ] 0000/0120 VUs  30s        600.00 iters/s
step_00650 ✓ [ 100% ] 0000/0130 VUs  30s        650.00 iters/s
step_00700 ✓ [ 100% ] 0000/0140 VUs  30s        700.00 iters/s
step_00750   [  47% ] 0001/0150 VUs  14.0s/30s  750.00 iters/s
step_00800 • [   0% ] waiting        0m16.0s   
step_00850 • [   0% ] waiting        0m46.0s   
step_00900 • [   0% ] waiting        1m16.0s   
step_00950 • [   0% ] waiting        1m46.0s   
step_01000 • [   0% ] waiting        2m16.0s   

running (07m14.9s), 0001/0392 VUs, 168732 complete and 0 interrupted iterations
step_00050 ✓ [ 100% ] 000/020 VUs    30s        50.00 iters/s
step_00100 ✓ [ 100% ] 000/020 VUs    30s        100.00 iters/s
step_00150 ✓ [ 100% ] 000/030 VUs    30s        150.00 iters/s
step_00200 ✓ [ 100% ] 000/040 VUs    30s        200.00 iters/s
step_00250 ✓ [ 100% ] 000/050 VUs    30s        250.00 iters/s
step_00300 ✓ [ 100% ] 000/060 VUs    30s        300.00 iters/s
step_00350 ✓ [ 100% ] 0000/0070 VUs  30s        350.00 iters/s
step_00400 ✓ [ 100% ] 0000/0080 VUs  30s        400.00 iters/s
step_00450 ✓ [ 100% ] 0000/0090 VUs  30s        450.00 iters/s
step_00500 ✓ [ 100% ] 0000/0100 VUs  30s        500.00 iters/s
step_00550 ✓ [ 100% ] 0000/0112 VUs  30s        550.00 iters/s
step_00600 ✓ [ 100% ] 0000/0120 VUs  30s        600.00 iters/s
step_00650 ✓ [ 100% ] 0000/0130 VUs  30s        650.00 iters/s
step_00700 ✓ [ 100% ] 0000/0140 VUs  30s        700.00 iters/s
step_00750   [  50% ] 0001/0150 VUs  15.0s/30s  750.00 iters/s
step_00800 • [   0% ] waiting        0m15.0s   
step_00850 • [   0% ] waiting        0m45.0s   
step_00900 • [   0% ] waiting        1m15.0s   
step_00950 • [   0% ] waiting        1m45.0s   
step_01000 • [   0% ] waiting        2m15.0s   

running (07m15.9s), 0001/0392 VUs, 169482 complete and 0 interrupted iterations
step_00050 ✓ [ 100% ] 000/020 VUs    30s        50.00 iters/s
step_00100 ✓ [ 100% ] 000/020 VUs    30s        100.00 iters/s
step_00150 ✓ [ 100% ] 000/030 VUs    30s        150.00 iters/s
step_00200 ✓ [ 100% ] 000/040 VUs    30s        200.00 iters/s
step_00250 ✓ [ 100% ] 000/050 VUs    30s        250.00 iters/s
step_00300 ✓ [ 100% ] 000/060 VUs    30s        300.00 iters/s
step_00350 ✓ [ 100% ] 0000/0070 VUs  30s        350.00 iters/s
step_00400 ✓ [ 100% ] 0000/0080 VUs  30s        400.00 iters/s
step_00450 ✓ [ 100% ] 0000/0090 VUs  30s        450.00 iters/s
step_00500 ✓ [ 100% ] 0000/0100 VUs  30s        500.00 iters/s
step_00550 ✓ [ 100% ] 0000/0112 VUs  30s        550.00 iters/s
step_00600 ✓ [ 100% ] 0000/0120 VUs  30s        600.00 iters/s
step_00650 ✓ [ 100% ] 0000/0130 VUs  30s        650.00 iters/s
step_00700 ✓ [ 100% ] 0000/0140 VUs  30s        700.00 iters/s
step_00750   [  53% ] 0001/0150 VUs  16.0s/30s  750.00 iters/s
step_00800 • [   0% ] waiting        0m14.0s   
step_00850 • [   0% ] waiting        0m44.0s   
step_00900 • [   0% ] waiting        1m14.0s   
step_00950 • [   0% ] waiting        1m44.0s   
step_01000 • [   0% ] waiting        2m14.0s   

running (07m16.9s), 0001/0392 VUs, 170232 complete and 0 interrupted iterations
step_00050 ✓ [ 100% ] 000/020 VUs    30s        50.00 iters/s
step_00100 ✓ [ 100% ] 000/020 VUs    30s        100.00 iters/s
step_00150 ✓ [ 100% ] 000/030 VUs    30s        150.00 iters/s
step_00200 ✓ [ 100% ] 000/040 VUs    30s        200.00 iters/s
step_00250 ✓ [ 100% ] 000/050 VUs    30s        250.00 iters/s
step_00300 ✓ [ 100% ] 000/060 VUs    30s        300.00 iters/s
step_00350 ✓ [ 100% ] 0000/0070 VUs  30s        350.00 iters/s
step_00400 ✓ [ 100% ] 0000/0080 VUs  30s        400.00 iters/s
step_00450 ✓ [ 100% ] 0000/0090 VUs  30s        450.00 iters/s
step_00500 ✓ [ 100% ] 0000/0100 VUs  30s        500.00 iters/s
step_00550 ✓ [ 100% ] 0000/0112 VUs  30s        550.00 iters/s
step_00600 ✓ [ 100% ] 0000/0120 VUs  30s        600.00 iters/s
step_00650 ✓ [ 100% ] 0000/0130 VUs  30s        650.00 iters/s
step_00700 ✓ [ 100% ] 0000/0140 VUs  30s        700.00 iters/s
step_00750   [  57% ] 0001/0150 VUs  17.0s/30s  750.00 iters/s
step_00800 • [   0% ] waiting        0m13.0s   
step_00850 • [   0% ] waiting        0m43.0s   
step_00900 • [   0% ] waiting        1m13.0s   
step_00950 • [   0% ] waiting        1m43.0s   
step_01000 • [   0% ] waiting        2m13.0s   

running (07m17.9s), 0001/0392 VUs, 170982 complete and 0 interrupted iterations
step_00050 ✓ [ 100% ] 000/020 VUs    30s        50.00 iters/s
step_00100 ✓ [ 100% ] 000/020 VUs    30s        100.00 iters/s
step_00150 ✓ [ 100% ] 000/030 VUs    30s        150.00 iters/s
step_00200 ✓ [ 100% ] 000/040 VUs    30s        200.00 iters/s
step_00250 ✓ [ 100% ] 000/050 VUs    30s        250.00 iters/s
step_00300 ✓ [ 100% ] 000/060 VUs    30s        300.00 iters/s
step_00350 ✓ [ 100% ] 0000/0070 VUs  30s        350.00 iters/s
step_00400 ✓ [ 100% ] 0000/0080 VUs  30s        400.00 iters/s
step_00450 ✓ [ 100% ] 0000/0090 VUs  30s        450.00 iters/s
step_00500 ✓ [ 100% ] 0000/0100 VUs  30s        500.00 iters/s
step_00550 ✓ [ 100% ] 0000/0112 VUs  30s        550.00 iters/s
step_00600 ✓ [ 100% ] 0000/0120 VUs  30s        600.00 iters/s
step_00650 ✓ [ 100% ] 0000/0130 VUs  30s        650.00 iters/s
step_00700 ✓ [ 100% ] 0000/0140 VUs  30s        700.00 iters/s
step_00750   [  60% ] 0001/0150 VUs  18.0s/30s  750.00 iters/s
step_00800 • [   0% ] waiting        0m12.0s   
step_00850 • [   0% ] waiting        0m42.0s   
step_00900 • [   0% ] waiting        1m12.0s   
step_00950 • [   0% ] waiting        1m42.0s   
step_01000 • [   0% ] waiting        2m12.0s   

running (07m18.9s), 0001/0392 VUs, 171732 complete and 0 interrupted iterations
step_00050 ✓ [ 100% ] 000/020 VUs    30s        50.00 iters/s
step_00100 ✓ [ 100% ] 000/020 VUs    30s        100.00 iters/s
step_00150 ✓ [ 100% ] 000/030 VUs    30s        150.00 iters/s
step_00200 ✓ [ 100% ] 000/040 VUs    30s        200.00 iters/s
step_00250 ✓ [ 100% ] 000/050 VUs    30s        250.00 iters/s
step_00300 ✓ [ 100% ] 000/060 VUs    30s        300.00 iters/s
step_00350 ✓ [ 100% ] 0000/0070 VUs  30s        350.00 iters/s
step_00400 ✓ [ 100% ] 0000/0080 VUs  30s        400.00 iters/s
step_00450 ✓ [ 100% ] 0000/0090 VUs  30s        450.00 iters/s
step_00500 ✓ [ 100% ] 0000/0100 VUs  30s        500.00 iters/s
step_00550 ✓ [ 100% ] 0000/0112 VUs  30s        550.00 iters/s
step_00600 ✓ [ 100% ] 0000/0120 VUs  30s        600.00 iters/s
step_00650 ✓ [ 100% ] 0000/0130 VUs  30s        650.00 iters/s
step_00700 ✓ [ 100% ] 0000/0140 VUs  30s        700.00 iters/s
step_00750   [  63% ] 0001/0150 VUs  19.0s/30s  750.00 iters/s
step_00800 • [   0% ] waiting        0m11.0s   
step_00850 • [   0% ] waiting        0m41.0s   
step_00900 • [   0% ] waiting        1m11.0s   
step_00950 • [   0% ] waiting        1m41.0s   
step_01000 • [   0% ] waiting        2m11.0s   

running (07m19.9s), 0001/0392 VUs, 172482 complete and 0 interrupted iterations
step_00050 ✓ [ 100% ] 000/020 VUs    30s        50.00 iters/s
step_00100 ✓ [ 100% ] 000/020 VUs    30s        100.00 iters/s
step_00150 ✓ [ 100% ] 000/030 VUs    30s        150.00 iters/s
step_00200 ✓ [ 100% ] 000/040 VUs    30s        200.00 iters/s
step_00250 ✓ [ 100% ] 000/050 VUs    30s        250.00 iters/s
step_00300 ✓ [ 100% ] 000/060 VUs    30s        300.00 iters/s
step_00350 ✓ [ 100% ] 0000/0070 VUs  30s        350.00 iters/s
step_00400 ✓ [ 100% ] 0000/0080 VUs  30s        400.00 iters/s
step_00450 ✓ [ 100% ] 0000/0090 VUs  30s        450.00 iters/s
step_00500 ✓ [ 100% ] 0000/0100 VUs  30s        500.00 iters/s
step_00550 ✓ [ 100% ] 0000/0112 VUs  30s        550.00 iters/s
step_00600 ✓ [ 100% ] 0000/0120 VUs  30s        600.00 iters/s
step_00650 ✓ [ 100% ] 0000/0130 VUs  30s        650.00 iters/s
step_00700 ✓ [ 100% ] 0000/0140 VUs  30s        700.00 iters/s
step_00750   [  67% ] 0001/0150 VUs  20.0s/30s  750.00 iters/s
step_00800 • [   0% ] waiting        0m10.0s   
step_00850 • [   0% ] waiting        0m40.0s   
step_00900 • [   0% ] waiting        1m10.0s   
step_00950 • [   0% ] waiting        1m40.0s   
step_01000 • [   0% ] waiting        2m10.0s   

running (07m20.9s), 0001/0392 VUs, 173232 complete and 0 interrupted iterations
step_00050 ✓ [ 100% ] 000/020 VUs    30s        50.00 iters/s
step_00100 ✓ [ 100% ] 000/020 VUs    30s        100.00 iters/s
step_00150 ✓ [ 100% ] 000/030 VUs    30s        150.00 iters/s
step_00200 ✓ [ 100% ] 000/040 VUs    30s        200.00 iters/s
step_00250 ✓ [ 100% ] 000/050 VUs    30s        250.00 iters/s
step_00300 ✓ [ 100% ] 000/060 VUs    30s        300.00 iters/s
step_00350 ✓ [ 100% ] 0000/0070 VUs  30s        350.00 iters/s
step_00400 ✓ [ 100% ] 0000/0080 VUs  30s        400.00 iters/s
step_00450 ✓ [ 100% ] 0000/0090 VUs  30s        450.00 iters/s
step_00500 ✓ [ 100% ] 0000/0100 VUs  30s        500.00 iters/s
step_00550 ✓ [ 100% ] 0000/0112 VUs  30s        550.00 iters/s
step_00600 ✓ [ 100% ] 0000/0120 VUs  30s        600.00 iters/s
step_00650 ✓ [ 100% ] 0000/0130 VUs  30s        650.00 iters/s
step_00700 ✓ [ 100% ] 0000/0140 VUs  30s        700.00 iters/s
step_00750   [  70% ] 0001/0150 VUs  21.0s/30s  750.00 iters/s
step_00800 • [   0% ] waiting        0m09.0s   
step_00850 • [   0% ] waiting        0m39.0s   
step_00900 • [   0% ] waiting        1m09.0s   
step_00950 • [   0% ] waiting        1m39.0s   
step_01000 • [   0% ] waiting        2m09.0s   

running (07m21.9s), 0001/0392 VUs, 173982 complete and 0 interrupted iterations
step_00050 ✓ [ 100% ] 000/020 VUs    30s        50.00 iters/s
step_00100 ✓ [ 100% ] 000/020 VUs    30s        100.00 iters/s
step_00150 ✓ [ 100% ] 000/030 VUs    30s        150.00 iters/s
step_00200 ✓ [ 100% ] 000/040 VUs    30s        200.00 iters/s
step_00250 ✓ [ 100% ] 000/050 VUs    30s        250.00 iters/s
step_00300 ✓ [ 100% ] 000/060 VUs    30s        300.00 iters/s
step_00350 ✓ [ 100% ] 0000/0070 VUs  30s        350.00 iters/s
step_00400 ✓ [ 100% ] 0000/0080 VUs  30s        400.00 iters/s
step_00450 ✓ [ 100% ] 0000/0090 VUs  30s        450.00 iters/s
step_00500 ✓ [ 100% ] 0000/0100 VUs  30s        500.00 iters/s
step_00550 ✓ [ 100% ] 0000/0112 VUs  30s        550.00 iters/s
step_00600 ✓ [ 100% ] 0000/0120 VUs  30s        600.00 iters/s
step_00650 ✓ [ 100% ] 0000/0130 VUs  30s        650.00 iters/s
step_00700 ✓ [ 100% ] 0000/0140 VUs  30s        700.00 iters/s
step_00750   [  73% ] 0001/0150 VUs  22.0s/30s  750.00 iters/s
step_00800 • [   0% ] waiting        0m08.0s   
step_00850 • [   0% ] waiting        0m38.0s   
step_00900 • [   0% ] waiting        1m08.0s   
step_00950 • [   0% ] waiting        1m38.0s   
step_01000 • [   0% ] waiting        2m08.0s   

running (07m22.9s), 0001/0392 VUs, 174732 complete and 0 interrupted iterations
step_00050 ✓ [ 100% ] 000/020 VUs    30s        50.00 iters/s
step_00100 ✓ [ 100% ] 000/020 VUs    30s        100.00 iters/s
step_00150 ✓ [ 100% ] 000/030 VUs    30s        150.00 iters/s
step_00200 ✓ [ 100% ] 000/040 VUs    30s        200.00 iters/s
step_00250 ✓ [ 100% ] 000/050 VUs    30s        250.00 iters/s
step_00300 ✓ [ 100% ] 000/060 VUs    30s        300.00 iters/s
step_00350 ✓ [ 100% ] 0000/0070 VUs  30s        350.00 iters/s
step_00400 ✓ [ 100% ] 0000/0080 VUs  30s        400.00 iters/s
step_00450 ✓ [ 100% ] 0000/0090 VUs  30s        450.00 iters/s
step_00500 ✓ [ 100% ] 0000/0100 VUs  30s        500.00 iters/s
step_00550 ✓ [ 100% ] 0000/0112 VUs  30s        550.00 iters/s
step_00600 ✓ [ 100% ] 0000/0120 VUs  30s        600.00 iters/s
step_00650 ✓ [ 100% ] 0000/0130 VUs  30s        650.00 iters/s
step_00700 ✓ [ 100% ] 0000/0140 VUs  30s        700.00 iters/s
step_00750   [  77% ] 0001/0150 VUs  23.0s/30s  750.00 iters/s
step_00800 • [   0% ] waiting        0m07.0s   
step_00850 • [   0% ] waiting        0m37.0s   
step_00900 • [   0% ] waiting        1m07.0s   
step_00950 • [   0% ] waiting        1m37.0s   
step_01000 • [   0% ] waiting        2m07.0s   

running (07m23.9s), 0002/0392 VUs, 175481 complete and 0 interrupted iterations
step_00050 ✓ [ 100% ] 000/020 VUs    30s        50.00 iters/s
step_00100 ✓ [ 100% ] 000/020 VUs    30s        100.00 iters/s
step_00150 ✓ [ 100% ] 000/030 VUs    30s        150.00 iters/s
step_00200 ✓ [ 100% ] 000/040 VUs    30s        200.00 iters/s
step_00250 ✓ [ 100% ] 000/050 VUs    30s        250.00 iters/s
step_00300 ✓ [ 100% ] 000/060 VUs    30s        300.00 iters/s
step_00350 ✓ [ 100% ] 0000/0070 VUs  30s        350.00 iters/s
step_00400 ✓ [ 100% ] 0000/0080 VUs  30s        400.00 iters/s
step_00450 ✓ [ 100% ] 0000/0090 VUs  30s        450.00 iters/s
step_00500 ✓ [ 100% ] 0000/0100 VUs  30s        500.00 iters/s
step_00550 ✓ [ 100% ] 0000/0112 VUs  30s        550.00 iters/s
step_00600 ✓ [ 100% ] 0000/0120 VUs  30s        600.00 iters/s
step_00650 ✓ [ 100% ] 0000/0130 VUs  30s        650.00 iters/s
step_00700 ✓ [ 100% ] 0000/0140 VUs  30s        700.00 iters/s
step_00750   [  80% ] 0002/0150 VUs  24.0s/30s  750.00 iters/s
step_00800 • [   0% ] waiting        0m06.0s   
step_00850 • [   0% ] waiting        0m36.0s   
step_00900 • [   0% ] waiting        1m06.0s   
step_00950 • [   0% ] waiting        1m36.0s   
step_01000 • [   0% ] waiting        2m06.0s   

running (07m24.9s), 0001/0392 VUs, 176232 complete and 0 interrupted iterations
step_00050 ✓ [ 100% ] 000/020 VUs    30s        50.00 iters/s
step_00100 ✓ [ 100% ] 000/020 VUs    30s        100.00 iters/s
step_00150 ✓ [ 100% ] 000/030 VUs    30s        150.00 iters/s
step_00200 ✓ [ 100% ] 000/040 VUs    30s        200.00 iters/s
step_00250 ✓ [ 100% ] 000/050 VUs    30s        250.00 iters/s
step_00300 ✓ [ 100% ] 000/060 VUs    30s        300.00 iters/s
step_00350 ✓ [ 100% ] 0000/0070 VUs  30s        350.00 iters/s
step_00400 ✓ [ 100% ] 0000/0080 VUs  30s        400.00 iters/s
step_00450 ✓ [ 100% ] 0000/0090 VUs  30s        450.00 iters/s
step_00500 ✓ [ 100% ] 0000/0100 VUs  30s        500.00 iters/s
step_00550 ✓ [ 100% ] 0000/0112 VUs  30s        550.00 iters/s
step_00600 ✓ [ 100% ] 0000/0120 VUs  30s        600.00 iters/s
step_00650 ✓ [ 100% ] 0000/0130 VUs  30s        650.00 iters/s
step_00700 ✓ [ 100% ] 0000/0140 VUs  30s        700.00 iters/s
step_00750   [  83% ] 0001/0150 VUs  25.0s/30s  750.00 iters/s
step_00800 • [   0% ] waiting        0m05.0s   
step_00850 • [   0% ] waiting        0m35.0s   
step_00900 • [   0% ] waiting        1m05.0s   
step_00950 • [   0% ] waiting        1m35.0s   
step_01000 • [   0% ] waiting        2m05.0s   

running (07m25.9s), 0001/0392 VUs, 176982 complete and 0 interrupted iterations
step_00050 ✓ [ 100% ] 000/020 VUs    30s        50.00 iters/s
step_00100 ✓ [ 100% ] 000/020 VUs    30s        100.00 iters/s
step_00150 ✓ [ 100% ] 000/030 VUs    30s        150.00 iters/s
step_00200 ✓ [ 100% ] 000/040 VUs    30s        200.00 iters/s
step_00250 ✓ [ 100% ] 000/050 VUs    30s        250.00 iters/s
step_00300 ✓ [ 100% ] 000/060 VUs    30s        300.00 iters/s
step_00350 ✓ [ 100% ] 0000/0070 VUs  30s        350.00 iters/s
step_00400 ✓ [ 100% ] 0000/0080 VUs  30s        400.00 iters/s
step_00450 ✓ [ 100% ] 0000/0090 VUs  30s        450.00 iters/s
step_00500 ✓ [ 100% ] 0000/0100 VUs  30s        500.00 iters/s
step_00550 ✓ [ 100% ] 0000/0112 VUs  30s        550.00 iters/s
step_00600 ✓ [ 100% ] 0000/0120 VUs  30s        600.00 iters/s
step_00650 ✓ [ 100% ] 0000/0130 VUs  30s        650.00 iters/s
step_00700 ✓ [ 100% ] 0000/0140 VUs  30s        700.00 iters/s
step_00750   [  87% ] 0001/0150 VUs  26.0s/30s  750.00 iters/s
step_00800 • [   0% ] waiting        0m04.0s   
step_00850 • [   0% ] waiting        0m34.0s   
step_00900 • [   0% ] waiting        1m04.0s   
step_00950 • [   0% ] waiting        1m34.0s   
step_01000 • [   0% ] waiting        2m04.0s   

running (07m26.9s), 0001/0392 VUs, 177732 complete and 0 interrupted iterations
step_00050 ✓ [ 100% ] 000/020 VUs    30s        50.00 iters/s
step_00100 ✓ [ 100% ] 000/020 VUs    30s        100.00 iters/s
step_00150 ✓ [ 100% ] 000/030 VUs    30s        150.00 iters/s
step_00200 ✓ [ 100% ] 000/040 VUs    30s        200.00 iters/s
step_00250 ✓ [ 100% ] 000/050 VUs    30s        250.00 iters/s
step_00300 ✓ [ 100% ] 000/060 VUs    30s        300.00 iters/s
step_00350 ✓ [ 100% ] 0000/0070 VUs  30s        350.00 iters/s
step_00400 ✓ [ 100% ] 0000/0080 VUs  30s        400.00 iters/s
step_00450 ✓ [ 100% ] 0000/0090 VUs  30s        450.00 iters/s
step_00500 ✓ [ 100% ] 0000/0100 VUs  30s        500.00 iters/s
step_00550 ✓ [ 100% ] 0000/0112 VUs  30s        550.00 iters/s
step_00600 ✓ [ 100% ] 0000/0120 VUs  30s        600.00 iters/s
step_00650 ✓ [ 100% ] 0000/0130 VUs  30s        650.00 iters/s
step_00700 ✓ [ 100% ] 0000/0140 VUs  30s        700.00 iters/s
step_00750   [  90% ] 0001/0150 VUs  27.0s/30s  750.00 iters/s
step_00800 • [   0% ] waiting        0m03.0s   
step_00850 • [   0% ] waiting        0m33.0s   
step_00900 • [   0% ] waiting        1m03.0s   
step_00950 • [   0% ] waiting        1m33.0s   
step_01000 • [   0% ] waiting        2m03.0s   

running (07m27.9s), 0001/0392 VUs, 178482 complete and 0 interrupted iterations
step_00050 ✓ [ 100% ] 000/020 VUs    30s        50.00 iters/s
step_00100 ✓ [ 100% ] 000/020 VUs    30s        100.00 iters/s
step_00150 ✓ [ 100% ] 000/030 VUs    30s        150.00 iters/s
step_00200 ✓ [ 100% ] 000/040 VUs    30s        200.00 iters/s
step_00250 ✓ [ 100% ] 000/050 VUs    30s        250.00 iters/s
step_00300 ✓ [ 100% ] 000/060 VUs    30s        300.00 iters/s
step_00350 ✓ [ 100% ] 0000/0070 VUs  30s        350.00 iters/s
step_00400 ✓ [ 100% ] 0000/0080 VUs  30s        400.00 iters/s
step_00450 ✓ [ 100% ] 0000/0090 VUs  30s        450.00 iters/s
step_00500 ✓ [ 100% ] 0000/0100 VUs  30s        500.00 iters/s
step_00550 ✓ [ 100% ] 0000/0112 VUs  30s        550.00 iters/s
step_00600 ✓ [ 100% ] 0000/0120 VUs  30s        600.00 iters/s
step_00650 ✓ [ 100% ] 0000/0130 VUs  30s        650.00 iters/s
step_00700 ✓ [ 100% ] 0000/0140 VUs  30s        700.00 iters/s
step_00750   [  93% ] 0001/0150 VUs  28.0s/30s  750.00 iters/s
step_00800 • [   0% ] waiting        0m02.0s   
step_00850 • [   0% ] waiting        0m32.0s   
step_00900 • [   0% ] waiting        1m02.0s   
step_00950 • [   0% ] waiting        1m32.0s   
step_01000 • [   0% ] waiting        2m02.0s   

running (07m28.9s), 0001/0392 VUs, 179232 complete and 0 interrupted iterations
step_00050 ✓ [ 100% ] 000/020 VUs    30s        50.00 iters/s
step_00100 ✓ [ 100% ] 000/020 VUs    30s        100.00 iters/s
step_00150 ✓ [ 100% ] 000/030 VUs    30s        150.00 iters/s
step_00200 ✓ [ 100% ] 000/040 VUs    30s        200.00 iters/s
step_00250 ✓ [ 100% ] 000/050 VUs    30s        250.00 iters/s
step_00300 ✓ [ 100% ] 000/060 VUs    30s        300.00 iters/s
step_00350 ✓ [ 100% ] 0000/0070 VUs  30s        350.00 iters/s
step_00400 ✓ [ 100% ] 0000/0080 VUs  30s        400.00 iters/s
step_00450 ✓ [ 100% ] 0000/0090 VUs  30s        450.00 iters/s
step_00500 ✓ [ 100% ] 0000/0100 VUs  30s        500.00 iters/s
step_00550 ✓ [ 100% ] 0000/0112 VUs  30s        550.00 iters/s
step_00600 ✓ [ 100% ] 0000/0120 VUs  30s        600.00 iters/s
step_00650 ✓ [ 100% ] 0000/0130 VUs  30s        650.00 iters/s
step_00700 ✓ [ 100% ] 0000/0140 VUs  30s        700.00 iters/s
step_00750   [  97% ] 0001/0150 VUs  29.0s/30s  750.00 iters/s
step_00800 • [   0% ] waiting        0m01.0s   
step_00850 • [   0% ] waiting        0m31.0s   
step_00900 • [   0% ] waiting        1m01.0s   
step_00950 • [   0% ] waiting        1m31.0s   
step_01000 • [   0% ] waiting        2m01.0s   

running (07m29.9s), 0001/0392 VUs, 179982 complete and 0 interrupted iterations
step_00050 ✓ [ 100% ] 000/020 VUs    30s        50.00 iters/s
step_00100 ✓ [ 100% ] 000/020 VUs    30s        100.00 iters/s
step_00150 ✓ [ 100% ] 000/030 VUs    30s        150.00 iters/s
step_00200 ✓ [ 100% ] 000/040 VUs    30s        200.00 iters/s
step_00250 ✓ [ 100% ] 000/050 VUs    30s        250.00 iters/s
step_00300 ✓ [ 100% ] 000/060 VUs    30s        300.00 iters/s
step_00350 ✓ [ 100% ] 0000/0070 VUs  30s        350.00 iters/s
step_00400 ✓ [ 100% ] 0000/0080 VUs  30s        400.00 iters/s
step_00450 ✓ [ 100% ] 0000/0090 VUs  30s        450.00 iters/s
step_00500 ✓ [ 100% ] 0000/0100 VUs  30s        500.00 iters/s
step_00550 ✓ [ 100% ] 0000/0112 VUs  30s        550.00 iters/s
step_00600 ✓ [ 100% ] 0000/0120 VUs  30s        600.00 iters/s
step_00650 ✓ [ 100% ] 0000/0130 VUs  30s        650.00 iters/s
step_00700 ✓ [ 100% ] 0000/0140 VUs  30s        700.00 iters/s
step_00750   [ 100% ] 0001/0150 VUs  30.0s/30s  750.00 iters/s
step_00800 • [   0% ] waiting        0m00.0s   
step_00850 • [   0% ] waiting        0m30.0s   
step_00900 • [   0% ] waiting        1m00.0s   
step_00950 • [   0% ] waiting        1m30.0s   
step_01000 • [   0% ] waiting        2m00.0s   

running (07m30.9s), 0001/0392 VUs, 180781 complete and 0 interrupted iterations
step_00050 ✓ [ 100% ] 000/020 VUs    30s        50.00 iters/s
step_00100 ✓ [ 100% ] 000/020 VUs    30s        100.00 iters/s
step_00150 ✓ [ 100% ] 000/030 VUs    30s        150.00 iters/s
step_00200 ✓ [ 100% ] 000/040 VUs    30s        200.00 iters/s
step_00250 ✓ [ 100% ] 000/050 VUs    30s        250.00 iters/s
step_00300 ✓ [ 100% ] 000/060 VUs    30s        300.00 iters/s
step_00350 ✓ [ 100% ] 0000/0070 VUs  30s        350.00 iters/s
step_00400 ✓ [ 100% ] 0000/0080 VUs  30s        400.00 iters/s
step_00450 ✓ [ 100% ] 0000/0090 VUs  30s        450.00 iters/s
step_00500 ✓ [ 100% ] 0000/0100 VUs  30s        500.00 iters/s
step_00550 ✓ [ 100% ] 0000/0112 VUs  30s        550.00 iters/s
step_00600 ✓ [ 100% ] 0000/0120 VUs  30s        600.00 iters/s
step_00650 ✓ [ 100% ] 0000/0130 VUs  30s        650.00 iters/s
step_00700 ✓ [ 100% ] 0000/0140 VUs  30s        700.00 iters/s
step_00750 ✓ [ 100% ] 0000/0150 VUs  30s        750.00 iters/s
step_00800   [   3% ] 0001/0160 VUs  01.0s/30s  800.00 iters/s
step_00850 • [   0% ] waiting        0m29.0s   
step_00900 • [   0% ] waiting        0m59.0s   
step_00950 • [   0% ] waiting        1m29.0s   
step_01000 • [   0% ] waiting        1m59.0s   

running (07m31.9s), 0000/0392 VUs, 181582 complete and 0 interrupted iterations
step_00050 ✓ [ 100% ] 000/020 VUs    30s        50.00 iters/s
step_00100 ✓ [ 100% ] 000/020 VUs    30s        100.00 iters/s
step_00150 ✓ [ 100% ] 000/030 VUs    30s        150.00 iters/s
step_00200 ✓ [ 100% ] 000/040 VUs    30s        200.00 iters/s
step_00250 ✓ [ 100% ] 000/050 VUs    30s        250.00 iters/s
step_00300 ✓ [ 100% ] 000/060 VUs    30s        300.00 iters/s
step_00350 ✓ [ 100% ] 0000/0070 VUs  30s        350.00 iters/s
step_00400 ✓ [ 100% ] 0000/0080 VUs  30s        400.00 iters/s
step_00450 ✓ [ 100% ] 0000/0090 VUs  30s        450.00 iters/s
step_00500 ✓ [ 100% ] 0000/0100 VUs  30s        500.00 iters/s
step_00550 ✓ [ 100% ] 0000/0112 VUs  30s        550.00 iters/s
step_00600 ✓ [ 100% ] 0000/0120 VUs  30s        600.00 iters/s
step_00650 ✓ [ 100% ] 0000/0130 VUs  30s        650.00 iters/s
step_00700 ✓ [ 100% ] 0000/0140 VUs  30s        700.00 iters/s
step_00750 ✓ [ 100% ] 0000/0150 VUs  30s        750.00 iters/s
step_00800   [   7% ] 0000/0160 VUs  02.0s/30s  800.00 iters/s
step_00850 • [   0% ] waiting        0m28.0s   
step_00900 • [   0% ] waiting        0m58.0s   
step_00950 • [   0% ] waiting        1m28.0s   
step_01000 • [   0% ] waiting        1m58.0s   

running (07m32.9s), 0000/0392 VUs, 182382 complete and 0 interrupted iterations
step_00050 ✓ [ 100% ] 000/020 VUs    30s        50.00 iters/s
step_00100 ✓ [ 100% ] 000/020 VUs    30s        100.00 iters/s
step_00150 ✓ [ 100% ] 000/030 VUs    30s        150.00 iters/s
step_00200 ✓ [ 100% ] 000/040 VUs    30s        200.00 iters/s
step_00250 ✓ [ 100% ] 000/050 VUs    30s        250.00 iters/s
step_00300 ✓ [ 100% ] 000/060 VUs    30s        300.00 iters/s
step_00350 ✓ [ 100% ] 0000/0070 VUs  30s        350.00 iters/s
step_00400 ✓ [ 100% ] 0000/0080 VUs  30s        400.00 iters/s
step_00450 ✓ [ 100% ] 0000/0090 VUs  30s        450.00 iters/s
step_00500 ✓ [ 100% ] 0000/0100 VUs  30s        500.00 iters/s
step_00550 ✓ [ 100% ] 0000/0112 VUs  30s        550.00 iters/s
step_00600 ✓ [ 100% ] 0000/0120 VUs  30s        600.00 iters/s
step_00650 ✓ [ 100% ] 0000/0130 VUs  30s        650.00 iters/s
step_00700 ✓ [ 100% ] 0000/0140 VUs  30s        700.00 iters/s
step_00750 ✓ [ 100% ] 0000/0150 VUs  30s        750.00 iters/s
step_00800   [  10% ] 0000/0160 VUs  03.0s/30s  800.00 iters/s
step_00850 • [   0% ] waiting        0m27.0s   
step_00900 • [   0% ] waiting        0m57.0s   
step_00950 • [   0% ] waiting        1m27.0s   
step_01000 • [   0% ] waiting        1m57.0s   

running (07m33.9s), 0002/0392 VUs, 183180 complete and 0 interrupted iterations
step_00050 ✓ [ 100% ] 000/020 VUs    30s        50.00 iters/s
step_00100 ✓ [ 100% ] 000/020 VUs    30s        100.00 iters/s
step_00150 ✓ [ 100% ] 000/030 VUs    30s        150.00 iters/s
step_00200 ✓ [ 100% ] 000/040 VUs    30s        200.00 iters/s
step_00250 ✓ [ 100% ] 000/050 VUs    30s        250.00 iters/s
step_00300 ✓ [ 100% ] 000/060 VUs    30s        300.00 iters/s
step_00350 ✓ [ 100% ] 0000/0070 VUs  30s        350.00 iters/s
step_00400 ✓ [ 100% ] 0000/0080 VUs  30s        400.00 iters/s
step_00450 ✓ [ 100% ] 0000/0090 VUs  30s        450.00 iters/s
step_00500 ✓ [ 100% ] 0000/0100 VUs  30s        500.00 iters/s
step_00550 ✓ [ 100% ] 0000/0112 VUs  30s        550.00 iters/s
step_00600 ✓ [ 100% ] 0000/0120 VUs  30s        600.00 iters/s
step_00650 ✓ [ 100% ] 0000/0130 VUs  30s        650.00 iters/s
step_00700 ✓ [ 100% ] 0000/0140 VUs  30s        700.00 iters/s
step_00750 ✓ [ 100% ] 0000/0150 VUs  30s        750.00 iters/s
step_00800   [  13% ] 0002/0160 VUs  04.0s/30s  800.00 iters/s
step_00850 • [   0% ] waiting        0m26.0s   
step_00900 • [   0% ] waiting        0m56.0s   
step_00950 • [   0% ] waiting        1m26.0s   
step_01000 • [   0% ] waiting        1m56.0s   

running (07m34.9s), 0000/0392 VUs, 183982 complete and 0 interrupted iterations
step_00050 ✓ [ 100% ] 000/020 VUs    30s        50.00 iters/s
step_00100 ✓ [ 100% ] 000/020 VUs    30s        100.00 iters/s
step_00150 ✓ [ 100% ] 000/030 VUs    30s        150.00 iters/s
step_00200 ✓ [ 100% ] 000/040 VUs    30s        200.00 iters/s
step_00250 ✓ [ 100% ] 000/050 VUs    30s        250.00 iters/s
step_00300 ✓ [ 100% ] 000/060 VUs    30s        300.00 iters/s
step_00350 ✓ [ 100% ] 0000/0070 VUs  30s        350.00 iters/s
step_00400 ✓ [ 100% ] 0000/0080 VUs  30s        400.00 iters/s
step_00450 ✓ [ 100% ] 0000/0090 VUs  30s        450.00 iters/s
step_00500 ✓ [ 100% ] 0000/0100 VUs  30s        500.00 iters/s
step_00550 ✓ [ 100% ] 0000/0112 VUs  30s        550.00 iters/s
step_00600 ✓ [ 100% ] 0000/0120 VUs  30s        600.00 iters/s
step_00650 ✓ [ 100% ] 0000/0130 VUs  30s        650.00 iters/s
step_00700 ✓ [ 100% ] 0000/0140 VUs  30s        700.00 iters/s
step_00750 ✓ [ 100% ] 0000/0150 VUs  30s        750.00 iters/s
step_00800   [  17% ] 0000/0160 VUs  05.0s/30s  800.00 iters/s
step_00850 • [   0% ] waiting        0m25.0s   
step_00900 • [   0% ] waiting        0m55.0s   
step_00950 • [   0% ] waiting        1m25.0s   
step_01000 • [   0% ] waiting        1m55.0s   

running (07m35.9s), 0001/0392 VUs, 184781 complete and 0 interrupted iterations
step_00050 ✓ [ 100% ] 000/020 VUs    30s        50.00 iters/s
step_00100 ✓ [ 100% ] 000/020 VUs    30s        100.00 iters/s
step_00150 ✓ [ 100% ] 000/030 VUs    30s        150.00 iters/s
step_00200 ✓ [ 100% ] 000/040 VUs    30s        200.00 iters/s
step_00250 ✓ [ 100% ] 000/050 VUs    30s        250.00 iters/s
step_00300 ✓ [ 100% ] 000/060 VUs    30s        300.00 iters/s
step_00350 ✓ [ 100% ] 0000/0070 VUs  30s        350.00 iters/s
step_00400 ✓ [ 100% ] 0000/0080 VUs  30s        400.00 iters/s
step_00450 ✓ [ 100% ] 0000/0090 VUs  30s        450.00 iters/s
step_00500 ✓ [ 100% ] 0000/0100 VUs  30s        500.00 iters/s
step_00550 ✓ [ 100% ] 0000/0112 VUs  30s        550.00 iters/s
step_00600 ✓ [ 100% ] 0000/0120 VUs  30s        600.00 iters/s
step_00650 ✓ [ 100% ] 0000/0130 VUs  30s        650.00 iters/s
step_00700 ✓ [ 100% ] 0000/0140 VUs  30s        700.00 iters/s
step_00750 ✓ [ 100% ] 0000/0150 VUs  30s        750.00 iters/s
step_00800   [  20% ] 0001/0160 VUs  06.0s/30s  800.00 iters/s
step_00850 • [   0% ] waiting        0m24.0s   
step_00900 • [   0% ] waiting        0m54.0s   
step_00950 • [   0% ] waiting        1m24.0s   
step_01000 • [   0% ] waiting        1m54.0s   

running (07m36.9s), 0001/0392 VUs, 185581 complete and 0 interrupted iterations
step_00050 ✓ [ 100% ] 000/020 VUs    30s        50.00 iters/s
step_00100 ✓ [ 100% ] 000/020 VUs    30s        100.00 iters/s
step_00150 ✓ [ 100% ] 000/030 VUs    30s        150.00 iters/s
step_00200 ✓ [ 100% ] 000/040 VUs    30s        200.00 iters/s
step_00250 ✓ [ 100% ] 000/050 VUs    30s        250.00 iters/s
step_00300 ✓ [ 100% ] 000/060 VUs    30s        300.00 iters/s
step_00350 ✓ [ 100% ] 0000/0070 VUs  30s        350.00 iters/s
step_00400 ✓ [ 100% ] 0000/0080 VUs  30s        400.00 iters/s
step_00450 ✓ [ 100% ] 0000/0090 VUs  30s        450.00 iters/s
step_00500 ✓ [ 100% ] 0000/0100 VUs  30s        500.00 iters/s
step_00550 ✓ [ 100% ] 0000/0112 VUs  30s        550.00 iters/s
step_00600 ✓ [ 100% ] 0000/0120 VUs  30s        600.00 iters/s
step_00650 ✓ [ 100% ] 0000/0130 VUs  30s        650.00 iters/s
step_00700 ✓ [ 100% ] 0000/0140 VUs  30s        700.00 iters/s
step_00750 ✓ [ 100% ] 0000/0150 VUs  30s        750.00 iters/s
step_00800   [  23% ] 0001/0160 VUs  07.0s/30s  800.00 iters/s
step_00850 • [   0% ] waiting        0m23.0s   
step_00900 • [   0% ] waiting        0m53.0s   
step_00950 • [   0% ] waiting        1m23.0s   
step_01000 • [   0% ] waiting        1m53.0s   

running (07m37.9s), 0001/0392 VUs, 186381 complete and 0 interrupted iterations
step_00050 ✓ [ 100% ] 000/020 VUs    30s        50.00 iters/s
step_00100 ✓ [ 100% ] 000/020 VUs    30s        100.00 iters/s
step_00150 ✓ [ 100% ] 000/030 VUs    30s        150.00 iters/s
step_00200 ✓ [ 100% ] 000/040 VUs    30s        200.00 iters/s
step_00250 ✓ [ 100% ] 000/050 VUs    30s        250.00 iters/s
step_00300 ✓ [ 100% ] 000/060 VUs    30s        300.00 iters/s
step_00350 ✓ [ 100% ] 0000/0070 VUs  30s        350.00 iters/s
step_00400 ✓ [ 100% ] 0000/0080 VUs  30s        400.00 iters/s
step_00450 ✓ [ 100% ] 0000/0090 VUs  30s        450.00 iters/s
step_00500 ✓ [ 100% ] 0000/0100 VUs  30s        500.00 iters/s
step_00550 ✓ [ 100% ] 0000/0112 VUs  30s        550.00 iters/s
step_00600 ✓ [ 100% ] 0000/0120 VUs  30s        600.00 iters/s
step_00650 ✓ [ 100% ] 0000/0130 VUs  30s        650.00 iters/s
step_00700 ✓ [ 100% ] 0000/0140 VUs  30s        700.00 iters/s
step_00750 ✓ [ 100% ] 0000/0150 VUs  30s        750.00 iters/s
step_00800   [  27% ] 0001/0160 VUs  08.0s/30s  800.00 iters/s
step_00850 • [   0% ] waiting        0m22.0s   
step_00900 • [   0% ] waiting        0m52.0s   
step_00950 • [   0% ] waiting        1m22.0s   
step_01000 • [   0% ] waiting        1m52.0s   

running (07m38.9s), 0001/0392 VUs, 187181 complete and 0 interrupted iterations
step_00050 ✓ [ 100% ] 000/020 VUs    30s        50.00 iters/s
step_00100 ✓ [ 100% ] 000/020 VUs    30s        100.00 iters/s
step_00150 ✓ [ 100% ] 000/030 VUs    30s        150.00 iters/s
step_00200 ✓ [ 100% ] 000/040 VUs    30s        200.00 iters/s
step_00250 ✓ [ 100% ] 000/050 VUs    30s        250.00 iters/s
step_00300 ✓ [ 100% ] 000/060 VUs    30s        300.00 iters/s
step_00350 ✓ [ 100% ] 0000/0070 VUs  30s        350.00 iters/s
step_00400 ✓ [ 100% ] 0000/0080 VUs  30s        400.00 iters/s
step_00450 ✓ [ 100% ] 0000/0090 VUs  30s        450.00 iters/s
step_00500 ✓ [ 100% ] 0000/0100 VUs  30s        500.00 iters/s
step_00550 ✓ [ 100% ] 0000/0112 VUs  30s        550.00 iters/s
step_00600 ✓ [ 100% ] 0000/0120 VUs  30s        600.00 iters/s
step_00650 ✓ [ 100% ] 0000/0130 VUs  30s        650.00 iters/s
step_00700 ✓ [ 100% ] 0000/0140 VUs  30s        700.00 iters/s
step_00750 ✓ [ 100% ] 0000/0150 VUs  30s        750.00 iters/s
step_00800   [  30% ] 0001/0160 VUs  09.0s/30s  800.00 iters/s
step_00850 • [   0% ] waiting        0m21.0s   
step_00900 • [   0% ] waiting        0m51.0s   
step_00950 • [   0% ] waiting        1m21.0s   
step_01000 • [   0% ] waiting        1m51.0s   

running (07m39.9s), 0001/0392 VUs, 187981 complete and 0 interrupted iterations
step_00050 ✓ [ 100% ] 000/020 VUs    30s        50.00 iters/s
step_00100 ✓ [ 100% ] 000/020 VUs    30s        100.00 iters/s
step_00150 ✓ [ 100% ] 000/030 VUs    30s        150.00 iters/s
step_00200 ✓ [ 100% ] 000/040 VUs    30s        200.00 iters/s
step_00250 ✓ [ 100% ] 000/050 VUs    30s        250.00 iters/s
step_00300 ✓ [ 100% ] 000/060 VUs    30s        300.00 iters/s
step_00350 ✓ [ 100% ] 0000/0070 VUs  30s        350.00 iters/s
step_00400 ✓ [ 100% ] 0000/0080 VUs  30s        400.00 iters/s
step_00450 ✓ [ 100% ] 0000/0090 VUs  30s        450.00 iters/s
step_00500 ✓ [ 100% ] 0000/0100 VUs  30s        500.00 iters/s
step_00550 ✓ [ 100% ] 0000/0112 VUs  30s        550.00 iters/s
step_00600 ✓ [ 100% ] 0000/0120 VUs  30s        600.00 iters/s
step_00650 ✓ [ 100% ] 0000/0130 VUs  30s        650.00 iters/s
step_00700 ✓ [ 100% ] 0000/0140 VUs  30s        700.00 iters/s
step_00750 ✓ [ 100% ] 0000/0150 VUs  30s        750.00 iters/s
step_00800   [  33% ] 0001/0160 VUs  10.0s/30s  800.00 iters/s
step_00850 • [   0% ] waiting        0m20.0s   
step_00900 • [   0% ] waiting        0m50.0s   
step_00950 • [   0% ] waiting        1m20.0s   
step_01000 • [   0% ] waiting        1m50.0s   

running (07m40.9s), 0002/0392 VUs, 188780 complete and 0 interrupted iterations
step_00050 ✓ [ 100% ] 000/020 VUs    30s        50.00 iters/s
step_00100 ✓ [ 100% ] 000/020 VUs    30s        100.00 iters/s
step_00150 ✓ [ 100% ] 000/030 VUs    30s        150.00 iters/s
step_00200 ✓ [ 100% ] 000/040 VUs    30s        200.00 iters/s
step_00250 ✓ [ 100% ] 000/050 VUs    30s        250.00 iters/s
step_00300 ✓ [ 100% ] 000/060 VUs    30s        300.00 iters/s
step_00350 ✓ [ 100% ] 0000/0070 VUs  30s        350.00 iters/s
step_00400 ✓ [ 100% ] 0000/0080 VUs  30s        400.00 iters/s
step_00450 ✓ [ 100% ] 0000/0090 VUs  30s        450.00 iters/s
step_00500 ✓ [ 100% ] 0000/0100 VUs  30s        500.00 iters/s
step_00550 ✓ [ 100% ] 0000/0112 VUs  30s        550.00 iters/s
step_00600 ✓ [ 100% ] 0000/0120 VUs  30s        600.00 iters/s
step_00650 ✓ [ 100% ] 0000/0130 VUs  30s        650.00 iters/s
step_00700 ✓ [ 100% ] 0000/0140 VUs  30s        700.00 iters/s
step_00750 ✓ [ 100% ] 0000/0150 VUs  30s        750.00 iters/s
step_00800   [  37% ] 0002/0160 VUs  11.0s/30s  800.00 iters/s
step_00850 • [   0% ] waiting        0m19.0s   
step_00900 • [   0% ] waiting        0m49.0s   
step_00950 • [   0% ] waiting        1m19.0s   
step_01000 • [   0% ] waiting        1m49.0s   

running (07m41.9s), 0001/0392 VUs, 189581 complete and 0 interrupted iterations
step_00050 ✓ [ 100% ] 000/020 VUs    30s        50.00 iters/s
step_00100 ✓ [ 100% ] 000/020 VUs    30s        100.00 iters/s
step_00150 ✓ [ 100% ] 000/030 VUs    30s        150.00 iters/s
step_00200 ✓ [ 100% ] 000/040 VUs    30s        200.00 iters/s
step_00250 ✓ [ 100% ] 000/050 VUs    30s        250.00 iters/s
step_00300 ✓ [ 100% ] 000/060 VUs    30s        300.00 iters/s
step_00350 ✓ [ 100% ] 0000/0070 VUs  30s        350.00 iters/s
step_00400 ✓ [ 100% ] 0000/0080 VUs  30s        400.00 iters/s
step_00450 ✓ [ 100% ] 0000/0090 VUs  30s        450.00 iters/s
step_00500 ✓ [ 100% ] 0000/0100 VUs  30s        500.00 iters/s
step_00550 ✓ [ 100% ] 0000/0112 VUs  30s        550.00 iters/s
step_00600 ✓ [ 100% ] 0000/0120 VUs  30s        600.00 iters/s
step_00650 ✓ [ 100% ] 0000/0130 VUs  30s        650.00 iters/s
step_00700 ✓ [ 100% ] 0000/0140 VUs  30s        700.00 iters/s
step_00750 ✓ [ 100% ] 0000/0150 VUs  30s        750.00 iters/s
step_00800   [  40% ] 0001/0160 VUs  12.0s/30s  800.00 iters/s
step_00850 • [   0% ] waiting        0m18.0s   
step_00900 • [   0% ] waiting        0m48.0s   
step_00950 • [   0% ] waiting        1m18.0s   
step_01000 • [   0% ] waiting        1m48.0s   

running (07m42.9s), 0002/0392 VUs, 190380 complete and 0 interrupted iterations
step_00050 ✓ [ 100% ] 000/020 VUs    30s        50.00 iters/s
step_00100 ✓ [ 100% ] 000/020 VUs    30s        100.00 iters/s
step_00150 ✓ [ 100% ] 000/030 VUs    30s        150.00 iters/s
step_00200 ✓ [ 100% ] 000/040 VUs    30s        200.00 iters/s
step_00250 ✓ [ 100% ] 000/050 VUs    30s        250.00 iters/s
step_00300 ✓ [ 100% ] 000/060 VUs    30s        300.00 iters/s
step_00350 ✓ [ 100% ] 0000/0070 VUs  30s        350.00 iters/s
step_00400 ✓ [ 100% ] 0000/0080 VUs  30s        400.00 iters/s
step_00450 ✓ [ 100% ] 0000/0090 VUs  30s        450.00 iters/s
step_00500 ✓ [ 100% ] 0000/0100 VUs  30s        500.00 iters/s
step_00550 ✓ [ 100% ] 0000/0112 VUs  30s        550.00 iters/s
step_00600 ✓ [ 100% ] 0000/0120 VUs  30s        600.00 iters/s
step_00650 ✓ [ 100% ] 0000/0130 VUs  30s        650.00 iters/s
step_00700 ✓ [ 100% ] 0000/0140 VUs  30s        700.00 iters/s
step_00750 ✓ [ 100% ] 0000/0150 VUs  30s        750.00 iters/s
step_00800   [  43% ] 0002/0160 VUs  13.0s/30s  800.00 iters/s
step_00850 • [   0% ] waiting        0m17.0s   
step_00900 • [   0% ] waiting        0m47.0s   
step_00950 • [   0% ] waiting        1m17.0s   
step_01000 • [   0% ] waiting        1m47.0s   

running (07m43.9s), 0001/0392 VUs, 191181 complete and 0 interrupted iterations
step_00050 ✓ [ 100% ] 000/020 VUs    30s        50.00 iters/s
step_00100 ✓ [ 100% ] 000/020 VUs    30s        100.00 iters/s
step_00150 ✓ [ 100% ] 000/030 VUs    30s        150.00 iters/s
step_00200 ✓ [ 100% ] 000/040 VUs    30s        200.00 iters/s
step_00250 ✓ [ 100% ] 000/050 VUs    30s        250.00 iters/s
step_00300 ✓ [ 100% ] 000/060 VUs    30s        300.00 iters/s
step_00350 ✓ [ 100% ] 0000/0070 VUs  30s        350.00 iters/s
step_00400 ✓ [ 100% ] 0000/0080 VUs  30s        400.00 iters/s
step_00450 ✓ [ 100% ] 0000/0090 VUs  30s        450.00 iters/s
step_00500 ✓ [ 100% ] 0000/0100 VUs  30s        500.00 iters/s
step_00550 ✓ [ 100% ] 0000/0112 VUs  30s        550.00 iters/s
step_00600 ✓ [ 100% ] 0000/0120 VUs  30s        600.00 iters/s
step_00650 ✓ [ 100% ] 0000/0130 VUs  30s        650.00 iters/s
step_00700 ✓ [ 100% ] 0000/0140 VUs  30s        700.00 iters/s
step_00750 ✓ [ 100% ] 0000/0150 VUs  30s        750.00 iters/s
step_00800   [  47% ] 0001/0160 VUs  14.0s/30s  800.00 iters/s
step_00850 • [   0% ] waiting        0m16.0s   
step_00900 • [   0% ] waiting        0m46.0s   
step_00950 • [   0% ] waiting        1m16.0s   
step_01000 • [   0% ] waiting        1m46.0s   

running (07m44.9s), 0052/0392 VUs, 191930 complete and 0 interrupted iterations
step_00050 ✓ [ 100% ] 000/020 VUs    30s        50.00 iters/s
step_00100 ✓ [ 100% ] 000/020 VUs    30s        100.00 iters/s
step_00150 ✓ [ 100% ] 000/030 VUs    30s        150.00 iters/s
step_00200 ✓ [ 100% ] 000/040 VUs    30s        200.00 iters/s
step_00250 ✓ [ 100% ] 000/050 VUs    30s        250.00 iters/s
step_00300 ✓ [ 100% ] 000/060 VUs    30s        300.00 iters/s
step_00350 ✓ [ 100% ] 0000/0070 VUs  30s        350.00 iters/s
step_00400 ✓ [ 100% ] 0000/0080 VUs  30s        400.00 iters/s
step_00450 ✓ [ 100% ] 0000/0090 VUs  30s        450.00 iters/s
step_00500 ✓ [ 100% ] 0000/0100 VUs  30s        500.00 iters/s
step_00550 ✓ [ 100% ] 0000/0112 VUs  30s        550.00 iters/s
step_00600 ✓ [ 100% ] 0000/0120 VUs  30s        600.00 iters/s
step_00650 ✓ [ 100% ] 0000/0130 VUs  30s        650.00 iters/s
step_00700 ✓ [ 100% ] 0000/0140 VUs  30s        700.00 iters/s
step_00750 ✓ [ 100% ] 0000/0150 VUs  30s        750.00 iters/s
step_00800   [  50% ] 0052/0160 VUs  15.0s/30s  800.00 iters/s
step_00850 • [   0% ] waiting        0m15.0s   
step_00900 • [   0% ] waiting        0m45.0s   
step_00950 • [   0% ] waiting        1m15.0s   
step_01000 • [   0% ] waiting        1m45.0s   

running (07m45.9s), 0001/0392 VUs, 192781 complete and 0 interrupted iterations
step_00050 ✓ [ 100% ] 000/020 VUs    30s        50.00 iters/s
step_00100 ✓ [ 100% ] 000/020 VUs    30s        100.00 iters/s
step_00150 ✓ [ 100% ] 000/030 VUs    30s        150.00 iters/s
step_00200 ✓ [ 100% ] 000/040 VUs    30s        200.00 iters/s
step_00250 ✓ [ 100% ] 000/050 VUs    30s        250.00 iters/s
step_00300 ✓ [ 100% ] 000/060 VUs    30s        300.00 iters/s
step_00350 ✓ [ 100% ] 0000/0070 VUs  30s        350.00 iters/s
step_00400 ✓ [ 100% ] 0000/0080 VUs  30s        400.00 iters/s
step_00450 ✓ [ 100% ] 0000/0090 VUs  30s        450.00 iters/s
step_00500 ✓ [ 100% ] 0000/0100 VUs  30s        500.00 iters/s
step_00550 ✓ [ 100% ] 0000/0112 VUs  30s        550.00 iters/s
step_00600 ✓ [ 100% ] 0000/0120 VUs  30s        600.00 iters/s
step_00650 ✓ [ 100% ] 0000/0130 VUs  30s        650.00 iters/s
step_00700 ✓ [ 100% ] 0000/0140 VUs  30s        700.00 iters/s
step_00750 ✓ [ 100% ] 0000/0150 VUs  30s        750.00 iters/s
step_00800   [  53% ] 0001/0160 VUs  16.0s/30s  800.00 iters/s
step_00850 • [   0% ] waiting        0m14.0s   
step_00900 • [   0% ] waiting        0m44.0s   
step_00950 • [   0% ] waiting        1m14.0s   
step_01000 • [   0% ] waiting        1m44.0s   

running (07m46.9s), 0001/0392 VUs, 193581 complete and 0 interrupted iterations
step_00050 ✓ [ 100% ] 000/020 VUs    30s        50.00 iters/s
step_00100 ✓ [ 100% ] 000/020 VUs    30s        100.00 iters/s
step_00150 ✓ [ 100% ] 000/030 VUs    30s        150.00 iters/s
step_00200 ✓ [ 100% ] 000/040 VUs    30s        200.00 iters/s
step_00250 ✓ [ 100% ] 000/050 VUs    30s        250.00 iters/s
step_00300 ✓ [ 100% ] 000/060 VUs    30s        300.00 iters/s
step_00350 ✓ [ 100% ] 0000/0070 VUs  30s        350.00 iters/s
step_00400 ✓ [ 100% ] 0000/0080 VUs  30s        400.00 iters/s
step_00450 ✓ [ 100% ] 0000/0090 VUs  30s        450.00 iters/s
step_00500 ✓ [ 100% ] 0000/0100 VUs  30s        500.00 iters/s
step_00550 ✓ [ 100% ] 0000/0112 VUs  30s        550.00 iters/s
step_00600 ✓ [ 100% ] 0000/0120 VUs  30s        600.00 iters/s
step_00650 ✓ [ 100% ] 0000/0130 VUs  30s        650.00 iters/s
step_00700 ✓ [ 100% ] 0000/0140 VUs  30s        700.00 iters/s
step_00750 ✓ [ 100% ] 0000/0150 VUs  30s        750.00 iters/s
step_00800   [  57% ] 0001/0160 VUs  17.0s/30s  800.00 iters/s
step_00850 • [   0% ] waiting        0m13.0s   
step_00900 • [   0% ] waiting        0m43.0s   
step_00950 • [   0% ] waiting        1m13.0s   
step_01000 • [   0% ] waiting        1m43.0s   

running (07m47.9s), 0001/0392 VUs, 194381 complete and 0 interrupted iterations
step_00050 ✓ [ 100% ] 000/020 VUs    30s        50.00 iters/s
step_00100 ✓ [ 100% ] 000/020 VUs    30s        100.00 iters/s
step_00150 ✓ [ 100% ] 000/030 VUs    30s        150.00 iters/s
step_00200 ✓ [ 100% ] 000/040 VUs    30s        200.00 iters/s
step_00250 ✓ [ 100% ] 000/050 VUs    30s        250.00 iters/s
step_00300 ✓ [ 100% ] 000/060 VUs    30s        300.00 iters/s
step_00350 ✓ [ 100% ] 0000/0070 VUs  30s        350.00 iters/s
step_00400 ✓ [ 100% ] 0000/0080 VUs  30s        400.00 iters/s
step_00450 ✓ [ 100% ] 0000/0090 VUs  30s        450.00 iters/s
step_00500 ✓ [ 100% ] 0000/0100 VUs  30s        500.00 iters/s
step_00550 ✓ [ 100% ] 0000/0112 VUs  30s        550.00 iters/s
step_00600 ✓ [ 100% ] 0000/0120 VUs  30s        600.00 iters/s
step_00650 ✓ [ 100% ] 0000/0130 VUs  30s        650.00 iters/s
step_00700 ✓ [ 100% ] 0000/0140 VUs  30s        700.00 iters/s
step_00750 ✓ [ 100% ] 0000/0150 VUs  30s        750.00 iters/s
step_00800   [  60% ] 0001/0160 VUs  18.0s/30s  800.00 iters/s
step_00850 • [   0% ] waiting        0m12.0s   
step_00900 • [   0% ] waiting        0m42.0s   
step_00950 • [   0% ] waiting        1m12.0s   
step_01000 • [   0% ] waiting        1m42.0s   

running (07m48.9s), 0001/0392 VUs, 195181 complete and 0 interrupted iterations
step_00050 ✓ [ 100% ] 000/020 VUs    30s        50.00 iters/s
step_00100 ✓ [ 100% ] 000/020 VUs    30s        100.00 iters/s
step_00150 ✓ [ 100% ] 000/030 VUs    30s        150.00 iters/s
step_00200 ✓ [ 100% ] 000/040 VUs    30s        200.00 iters/s
step_00250 ✓ [ 100% ] 000/050 VUs    30s        250.00 iters/s
step_00300 ✓ [ 100% ] 000/060 VUs    30s        300.00 iters/s
step_00350 ✓ [ 100% ] 0000/0070 VUs  30s        350.00 iters/s
step_00400 ✓ [ 100% ] 0000/0080 VUs  30s        400.00 iters/s
step_00450 ✓ [ 100% ] 0000/0090 VUs  30s        450.00 iters/s
step_00500 ✓ [ 100% ] 0000/0100 VUs  30s        500.00 iters/s
step_00550 ✓ [ 100% ] 0000/0112 VUs  30s        550.00 iters/s
step_00600 ✓ [ 100% ] 0000/0120 VUs  30s        600.00 iters/s
step_00650 ✓ [ 100% ] 0000/0130 VUs  30s        650.00 iters/s
step_00700 ✓ [ 100% ] 0000/0140 VUs  30s        700.00 iters/s
step_00750 ✓ [ 100% ] 0000/0150 VUs  30s        750.00 iters/s
step_00800   [  63% ] 0001/0160 VUs  19.0s/30s  800.00 iters/s
step_00850 • [   0% ] waiting        0m11.0s   
step_00900 • [   0% ] waiting        0m41.0s   
step_00950 • [   0% ] waiting        1m11.0s   
step_01000 • [   0% ] waiting        1m41.0s   

running (07m49.9s), 0001/0392 VUs, 195981 complete and 0 interrupted iterations
step_00050 ✓ [ 100% ] 000/020 VUs    30s        50.00 iters/s
step_00100 ✓ [ 100% ] 000/020 VUs    30s        100.00 iters/s
step_00150 ✓ [ 100% ] 000/030 VUs    30s        150.00 iters/s
step_00200 ✓ [ 100% ] 000/040 VUs    30s        200.00 iters/s
step_00250 ✓ [ 100% ] 000/050 VUs    30s        250.00 iters/s
step_00300 ✓ [ 100% ] 000/060 VUs    30s        300.00 iters/s
step_00350 ✓ [ 100% ] 0000/0070 VUs  30s        350.00 iters/s
step_00400 ✓ [ 100% ] 0000/0080 VUs  30s        400.00 iters/s
step_00450 ✓ [ 100% ] 0000/0090 VUs  30s        450.00 iters/s
step_00500 ✓ [ 100% ] 0000/0100 VUs  30s        500.00 iters/s
step_00550 ✓ [ 100% ] 0000/0112 VUs  30s        550.00 iters/s
step_00600 ✓ [ 100% ] 0000/0120 VUs  30s        600.00 iters/s
step_00650 ✓ [ 100% ] 0000/0130 VUs  30s        650.00 iters/s
step_00700 ✓ [ 100% ] 0000/0140 VUs  30s        700.00 iters/s
step_00750 ✓ [ 100% ] 0000/0150 VUs  30s        750.00 iters/s
step_00800   [  67% ] 0001/0160 VUs  20.0s/30s  800.00 iters/s
step_00850 • [   0% ] waiting        0m10.0s   
step_00900 • [   0% ] waiting        0m40.0s   
step_00950 • [   0% ] waiting        1m10.0s   
step_01000 • [   0% ] waiting        1m40.0s   

running (07m50.9s), 0001/0392 VUs, 196781 complete and 0 interrupted iterations
step_00050 ✓ [ 100% ] 000/020 VUs    30s        50.00 iters/s
step_00100 ✓ [ 100% ] 000/020 VUs    30s        100.00 iters/s
step_00150 ✓ [ 100% ] 000/030 VUs    30s        150.00 iters/s
step_00200 ✓ [ 100% ] 000/040 VUs    30s        200.00 iters/s
step_00250 ✓ [ 100% ] 000/050 VUs    30s        250.00 iters/s
step_00300 ✓ [ 100% ] 000/060 VUs    30s        300.00 iters/s
step_00350 ✓ [ 100% ] 0000/0070 VUs  30s        350.00 iters/s
step_00400 ✓ [ 100% ] 0000/0080 VUs  30s        400.00 iters/s
step_00450 ✓ [ 100% ] 0000/0090 VUs  30s        450.00 iters/s
step_00500 ✓ [ 100% ] 0000/0100 VUs  30s        500.00 iters/s
step_00550 ✓ [ 100% ] 0000/0112 VUs  30s        550.00 iters/s
step_00600 ✓ [ 100% ] 0000/0120 VUs  30s        600.00 iters/s
step_00650 ✓ [ 100% ] 0000/0130 VUs  30s        650.00 iters/s
step_00700 ✓ [ 100% ] 0000/0140 VUs  30s        700.00 iters/s
step_00750 ✓ [ 100% ] 0000/0150 VUs  30s        750.00 iters/s
step_00800   [  70% ] 0001/0160 VUs  21.0s/30s  800.00 iters/s
step_00850 • [   0% ] waiting        0m09.0s   
step_00900 • [   0% ] waiting        0m39.0s   
step_00950 • [   0% ] waiting        1m09.0s   
step_01000 • [   0% ] waiting        1m39.0s   

running (07m51.9s), 0000/0392 VUs, 197582 complete and 0 interrupted iterations
step_00050 ✓ [ 100% ] 000/020 VUs    30s        50.00 iters/s
step_00100 ✓ [ 100% ] 000/020 VUs    30s        100.00 iters/s
step_00150 ✓ [ 100% ] 000/030 VUs    30s        150.00 iters/s
step_00200 ✓ [ 100% ] 000/040 VUs    30s        200.00 iters/s
step_00250 ✓ [ 100% ] 000/050 VUs    30s        250.00 iters/s
step_00300 ✓ [ 100% ] 000/060 VUs    30s        300.00 iters/s
step_00350 ✓ [ 100% ] 0000/0070 VUs  30s        350.00 iters/s
step_00400 ✓ [ 100% ] 0000/0080 VUs  30s        400.00 iters/s
step_00450 ✓ [ 100% ] 0000/0090 VUs  30s        450.00 iters/s
step_00500 ✓ [ 100% ] 0000/0100 VUs  30s        500.00 iters/s
step_00550 ✓ [ 100% ] 0000/0112 VUs  30s        550.00 iters/s
step_00600 ✓ [ 100% ] 0000/0120 VUs  30s        600.00 iters/s
step_00650 ✓ [ 100% ] 0000/0130 VUs  30s        650.00 iters/s
step_00700 ✓ [ 100% ] 0000/0140 VUs  30s        700.00 iters/s
step_00750 ✓ [ 100% ] 0000/0150 VUs  30s        750.00 iters/s
step_00800   [  73% ] 0000/0160 VUs  22.0s/30s  800.00 iters/s
step_00850 • [   0% ] waiting        0m08.0s   
step_00900 • [   0% ] waiting        0m38.0s   
step_00950 • [   0% ] waiting        1m08.0s   
step_01000 • [   0% ] waiting        1m38.0s   

running (07m52.9s), 0001/0392 VUs, 198381 complete and 0 interrupted iterations
step_00050 ✓ [ 100% ] 000/020 VUs    30s        50.00 iters/s
step_00100 ✓ [ 100% ] 000/020 VUs    30s        100.00 iters/s
step_00150 ✓ [ 100% ] 000/030 VUs    30s        150.00 iters/s
step_00200 ✓ [ 100% ] 000/040 VUs    30s        200.00 iters/s
step_00250 ✓ [ 100% ] 000/050 VUs    30s        250.00 iters/s
step_00300 ✓ [ 100% ] 000/060 VUs    30s        300.00 iters/s
step_00350 ✓ [ 100% ] 0000/0070 VUs  30s        350.00 iters/s
step_00400 ✓ [ 100% ] 0000/0080 VUs  30s        400.00 iters/s
step_00450 ✓ [ 100% ] 0000/0090 VUs  30s        450.00 iters/s
step_00500 ✓ [ 100% ] 0000/0100 VUs  30s        500.00 iters/s
step_00550 ✓ [ 100% ] 0000/0112 VUs  30s        550.00 iters/s
step_00600 ✓ [ 100% ] 0000/0120 VUs  30s        600.00 iters/s
step_00650 ✓ [ 100% ] 0000/0130 VUs  30s        650.00 iters/s
step_00700 ✓ [ 100% ] 0000/0140 VUs  30s        700.00 iters/s
step_00750 ✓ [ 100% ] 0000/0150 VUs  30s        750.00 iters/s
step_00800   [  77% ] 0001/0160 VUs  23.0s/30s  800.00 iters/s
step_00850 • [   0% ] waiting        0m07.0s   
step_00900 • [   0% ] waiting        0m37.0s   
step_00950 • [   0% ] waiting        1m07.0s   
step_01000 • [   0% ] waiting        1m37.0s   

running (07m53.9s), 0003/0392 VUs, 199179 complete and 0 interrupted iterations
step_00050 ✓ [ 100% ] 000/020 VUs    30s        50.00 iters/s
step_00100 ✓ [ 100% ] 000/020 VUs    30s        100.00 iters/s
step_00150 ✓ [ 100% ] 000/030 VUs    30s        150.00 iters/s
step_00200 ✓ [ 100% ] 000/040 VUs    30s        200.00 iters/s
step_00250 ✓ [ 100% ] 000/050 VUs    30s        250.00 iters/s
step_00300 ✓ [ 100% ] 000/060 VUs    30s        300.00 iters/s
step_00350 ✓ [ 100% ] 0000/0070 VUs  30s        350.00 iters/s
step_00400 ✓ [ 100% ] 0000/0080 VUs  30s        400.00 iters/s
step_00450 ✓ [ 100% ] 0000/0090 VUs  30s        450.00 iters/s
step_00500 ✓ [ 100% ] 0000/0100 VUs  30s        500.00 iters/s
step_00550 ✓ [ 100% ] 0000/0112 VUs  30s        550.00 iters/s
step_00600 ✓ [ 100% ] 0000/0120 VUs  30s        600.00 iters/s
step_00650 ✓ [ 100% ] 0000/0130 VUs  30s        650.00 iters/s
step_00700 ✓ [ 100% ] 0000/0140 VUs  30s        700.00 iters/s
step_00750 ✓ [ 100% ] 0000/0150 VUs  30s        750.00 iters/s
step_00800   [  80% ] 0003/0160 VUs  24.0s/30s  800.00 iters/s
step_00850 • [   0% ] waiting        0m06.0s   
step_00900 • [   0% ] waiting        0m36.0s   
step_00950 • [   0% ] waiting        1m06.0s   
step_01000 • [   0% ] waiting        1m36.0s   

running (07m54.9s), 0003/0392 VUs, 199979 complete and 0 interrupted iterations
step_00050 ✓ [ 100% ] 000/020 VUs    30s        50.00 iters/s
step_00100 ✓ [ 100% ] 000/020 VUs    30s        100.00 iters/s
step_00150 ✓ [ 100% ] 000/030 VUs    30s        150.00 iters/s
step_00200 ✓ [ 100% ] 000/040 VUs    30s        200.00 iters/s
step_00250 ✓ [ 100% ] 000/050 VUs    30s        250.00 iters/s
step_00300 ✓ [ 100% ] 000/060 VUs    30s        300.00 iters/s
step_00350 ✓ [ 100% ] 0000/0070 VUs  30s        350.00 iters/s
step_00400 ✓ [ 100% ] 0000/0080 VUs  30s        400.00 iters/s
step_00450 ✓ [ 100% ] 0000/0090 VUs  30s        450.00 iters/s
step_00500 ✓ [ 100% ] 0000/0100 VUs  30s        500.00 iters/s
step_00550 ✓ [ 100% ] 0000/0112 VUs  30s        550.00 iters/s
step_00600 ✓ [ 100% ] 0000/0120 VUs  30s        600.00 iters/s
step_00650 ✓ [ 100% ] 0000/0130 VUs  30s        650.00 iters/s
step_00700 ✓ [ 100% ] 0000/0140 VUs  30s        700.00 iters/s
step_00750 ✓ [ 100% ] 0000/0150 VUs  30s        750.00 iters/s
step_00800   [  83% ] 0003/0160 VUs  25.0s/30s  800.00 iters/s
step_00850 • [   0% ] waiting        0m05.0s   
step_00900 • [   0% ] waiting        0m35.0s   
step_00950 • [   0% ] waiting        1m05.0s   
step_01000 • [   0% ] waiting        1m35.0s   

running (07m55.9s), 0001/0392 VUs, 200781 complete and 0 interrupted iterations
step_00050 ✓ [ 100% ] 000/020 VUs    30s        50.00 iters/s
step_00100 ✓ [ 100% ] 000/020 VUs    30s        100.00 iters/s
step_00150 ✓ [ 100% ] 000/030 VUs    30s        150.00 iters/s
step_00200 ✓ [ 100% ] 000/040 VUs    30s        200.00 iters/s
step_00250 ✓ [ 100% ] 000/050 VUs    30s        250.00 iters/s
step_00300 ✓ [ 100% ] 000/060 VUs    30s        300.00 iters/s
step_00350 ✓ [ 100% ] 0000/0070 VUs  30s        350.00 iters/s
step_00400 ✓ [ 100% ] 0000/0080 VUs  30s        400.00 iters/s
step_00450 ✓ [ 100% ] 0000/0090 VUs  30s        450.00 iters/s
step_00500 ✓ [ 100% ] 0000/0100 VUs  30s        500.00 iters/s
step_00550 ✓ [ 100% ] 0000/0112 VUs  30s        550.00 iters/s
step_00600 ✓ [ 100% ] 0000/0120 VUs  30s        600.00 iters/s
step_00650 ✓ [ 100% ] 0000/0130 VUs  30s        650.00 iters/s
step_00700 ✓ [ 100% ] 0000/0140 VUs  30s        700.00 iters/s
step_00750 ✓ [ 100% ] 0000/0150 VUs  30s        750.00 iters/s
step_00800   [  87% ] 0001/0160 VUs  26.0s/30s  800.00 iters/s
step_00850 • [   0% ] waiting        0m04.0s   
step_00900 • [   0% ] waiting        0m34.0s   
step_00950 • [   0% ] waiting        1m04.0s   
step_01000 • [   0% ] waiting        1m34.0s   

running (07m56.9s), 0001/0392 VUs, 201581 complete and 0 interrupted iterations
step_00050 ✓ [ 100% ] 000/020 VUs    30s        50.00 iters/s
step_00100 ✓ [ 100% ] 000/020 VUs    30s        100.00 iters/s
step_00150 ✓ [ 100% ] 000/030 VUs    30s        150.00 iters/s
step_00200 ✓ [ 100% ] 000/040 VUs    30s        200.00 iters/s
step_00250 ✓ [ 100% ] 000/050 VUs    30s        250.00 iters/s
step_00300 ✓ [ 100% ] 000/060 VUs    30s        300.00 iters/s
step_00350 ✓ [ 100% ] 0000/0070 VUs  30s        350.00 iters/s
step_00400 ✓ [ 100% ] 0000/0080 VUs  30s        400.00 iters/s
step_00450 ✓ [ 100% ] 0000/0090 VUs  30s        450.00 iters/s
step_00500 ✓ [ 100% ] 0000/0100 VUs  30s        500.00 iters/s
step_00550 ✓ [ 100% ] 0000/0112 VUs  30s        550.00 iters/s
step_00600 ✓ [ 100% ] 0000/0120 VUs  30s        600.00 iters/s
step_00650 ✓ [ 100% ] 0000/0130 VUs  30s        650.00 iters/s
step_00700 ✓ [ 100% ] 0000/0140 VUs  30s        700.00 iters/s
step_00750 ✓ [ 100% ] 0000/0150 VUs  30s        750.00 iters/s
step_00800   [  90% ] 0001/0160 VUs  27.0s/30s  800.00 iters/s
step_00850 • [   0% ] waiting        0m03.0s   
step_00900 • [   0% ] waiting        0m33.0s   
step_00950 • [   0% ] waiting        1m03.0s   
step_01000 • [   0% ] waiting        1m33.0s   

running (07m57.9s), 0001/0392 VUs, 202381 complete and 0 interrupted iterations
step_00050 ✓ [ 100% ] 000/020 VUs    30s        50.00 iters/s
step_00100 ✓ [ 100% ] 000/020 VUs    30s        100.00 iters/s
step_00150 ✓ [ 100% ] 000/030 VUs    30s        150.00 iters/s
step_00200 ✓ [ 100% ] 000/040 VUs    30s        200.00 iters/s
step_00250 ✓ [ 100% ] 000/050 VUs    30s        250.00 iters/s
step_00300 ✓ [ 100% ] 000/060 VUs    30s        300.00 iters/s
step_00350 ✓ [ 100% ] 0000/0070 VUs  30s        350.00 iters/s
step_00400 ✓ [ 100% ] 0000/0080 VUs  30s        400.00 iters/s
step_00450 ✓ [ 100% ] 0000/0090 VUs  30s        450.00 iters/s
step_00500 ✓ [ 100% ] 0000/0100 VUs  30s        500.00 iters/s
step_00550 ✓ [ 100% ] 0000/0112 VUs  30s        550.00 iters/s
step_00600 ✓ [ 100% ] 0000/0120 VUs  30s        600.00 iters/s
step_00650 ✓ [ 100% ] 0000/0130 VUs  30s        650.00 iters/s
step_00700 ✓ [ 100% ] 0000/0140 VUs  30s        700.00 iters/s
step_00750 ✓ [ 100% ] 0000/0150 VUs  30s        750.00 iters/s
step_00800   [  93% ] 0001/0160 VUs  28.0s/30s  800.00 iters/s
step_00850 • [   0% ] waiting        0m02.0s   
step_00900 • [   0% ] waiting        0m32.0s   
step_00950 • [   0% ] waiting        1m02.0s   
step_01000 • [   0% ] waiting        1m32.0s   

running (07m58.9s), 0001/0392 VUs, 203181 complete and 0 interrupted iterations
step_00050 ✓ [ 100% ] 000/020 VUs    30s        50.00 iters/s
step_00100 ✓ [ 100% ] 000/020 VUs    30s        100.00 iters/s
step_00150 ✓ [ 100% ] 000/030 VUs    30s        150.00 iters/s
step_00200 ✓ [ 100% ] 000/040 VUs    30s        200.00 iters/s
step_00250 ✓ [ 100% ] 000/050 VUs    30s        250.00 iters/s
step_00300 ✓ [ 100% ] 000/060 VUs    30s        300.00 iters/s
step_00350 ✓ [ 100% ] 0000/0070 VUs  30s        350.00 iters/s
step_00400 ✓ [ 100% ] 0000/0080 VUs  30s        400.00 iters/s
step_00450 ✓ [ 100% ] 0000/0090 VUs  30s        450.00 iters/s
step_00500 ✓ [ 100% ] 0000/0100 VUs  30s        500.00 iters/s
step_00550 ✓ [ 100% ] 0000/0112 VUs  30s        550.00 iters/s
step_00600 ✓ [ 100% ] 0000/0120 VUs  30s        600.00 iters/s
step_00650 ✓ [ 100% ] 0000/0130 VUs  30s        650.00 iters/s
step_00700 ✓ [ 100% ] 0000/0140 VUs  30s        700.00 iters/s
step_00750 ✓ [ 100% ] 0000/0150 VUs  30s        750.00 iters/s
step_00800   [  97% ] 0001/0160 VUs  29.0s/30s  800.00 iters/s
step_00850 • [   0% ] waiting        0m01.0s   
step_00900 • [   0% ] waiting        0m31.0s   
step_00950 • [   0% ] waiting        1m01.0s   
step_01000 • [   0% ] waiting        1m31.0s   

running (07m59.9s), 0002/0392 VUs, 203980 complete and 0 interrupted iterations
step_00050 ✓ [ 100% ] 000/020 VUs    30s        50.00 iters/s
step_00100 ✓ [ 100% ] 000/020 VUs    30s        100.00 iters/s
step_00150 ✓ [ 100% ] 000/030 VUs    30s        150.00 iters/s
step_00200 ✓ [ 100% ] 000/040 VUs    30s        200.00 iters/s
step_00250 ✓ [ 100% ] 000/050 VUs    30s        250.00 iters/s
step_00300 ✓ [ 100% ] 000/060 VUs    30s        300.00 iters/s
step_00350 ✓ [ 100% ] 0000/0070 VUs  30s        350.00 iters/s
step_00400 ✓ [ 100% ] 0000/0080 VUs  30s        400.00 iters/s
step_00450 ✓ [ 100% ] 0000/0090 VUs  30s        450.00 iters/s
step_00500 ✓ [ 100% ] 0000/0100 VUs  30s        500.00 iters/s
step_00550 ✓ [ 100% ] 0000/0112 VUs  30s        550.00 iters/s
step_00600 ✓ [ 100% ] 0000/0120 VUs  30s        600.00 iters/s
step_00650 ✓ [ 100% ] 0000/0130 VUs  30s        650.00 iters/s
step_00700 ✓ [ 100% ] 0000/0140 VUs  30s        700.00 iters/s
step_00750 ✓ [ 100% ] 0000/0150 VUs  30s        750.00 iters/s
step_00800   [ 100% ] 0002/0160 VUs  30.0s/30s  800.00 iters/s
step_00850 • [   0% ] waiting        0m00.0s   
step_00900 • [   0% ] waiting        0m30.0s   
step_00950 • [   0% ] waiting        1m00.0s   
step_01000 • [   0% ] waiting        1m30.0s   

running (08m00.9s), 0001/0392 VUs, 204829 complete and 0 interrupted iterations
step_00050 ✓ [ 100% ] 000/020 VUs    30s        50.00 iters/s
step_00100 ✓ [ 100% ] 000/020 VUs    30s        100.00 iters/s
step_00150 ✓ [ 100% ] 000/030 VUs    30s        150.00 iters/s
step_00200 ✓ [ 100% ] 000/040 VUs    30s        200.00 iters/s
step_00250 ✓ [ 100% ] 000/050 VUs    30s        250.00 iters/s
step_00300 ✓ [ 100% ] 000/060 VUs    30s        300.00 iters/s
step_00350 ✓ [ 100% ] 0000/0070 VUs  30s        350.00 iters/s
step_00400 ✓ [ 100% ] 0000/0080 VUs  30s        400.00 iters/s
step_00450 ✓ [ 100% ] 0000/0090 VUs  30s        450.00 iters/s
step_00500 ✓ [ 100% ] 0000/0100 VUs  30s        500.00 iters/s
step_00550 ✓ [ 100% ] 0000/0112 VUs  30s        550.00 iters/s
step_00600 ✓ [ 100% ] 0000/0120 VUs  30s        600.00 iters/s
step_00650 ✓ [ 100% ] 0000/0130 VUs  30s        650.00 iters/s
step_00700 ✓ [ 100% ] 0000/0140 VUs  30s        700.00 iters/s
step_00750 ✓ [ 100% ] 0000/0150 VUs  30s        750.00 iters/s
step_00800 ✓ [ 100% ] 0000/0160 VUs  30s        800.00 iters/s
step_00850   [   3% ] 0001/0170 VUs  01.0s/30s  850.00 iters/s
step_00900 • [   0% ] waiting        0m29.0s   
step_00950 • [   0% ] waiting        0m59.0s   
step_01000 • [   0% ] waiting        1m29.0s   

running (08m01.9s), 0000/0392 VUs, 205680 complete and 0 interrupted iterations
step_00050 ✓ [ 100% ] 000/020 VUs    30s        50.00 iters/s
step_00100 ✓ [ 100% ] 000/020 VUs    30s        100.00 iters/s
step_00150 ✓ [ 100% ] 000/030 VUs    30s        150.00 iters/s
step_00200 ✓ [ 100% ] 000/040 VUs    30s        200.00 iters/s
step_00250 ✓ [ 100% ] 000/050 VUs    30s        250.00 iters/s
step_00300 ✓ [ 100% ] 000/060 VUs    30s        300.00 iters/s
step_00350 ✓ [ 100% ] 0000/0070 VUs  30s        350.00 iters/s
step_00400 ✓ [ 100% ] 0000/0080 VUs  30s        400.00 iters/s
step_00450 ✓ [ 100% ] 0000/0090 VUs  30s        450.00 iters/s
step_00500 ✓ [ 100% ] 0000/0100 VUs  30s        500.00 iters/s
step_00550 ✓ [ 100% ] 0000/0112 VUs  30s        550.00 iters/s
step_00600 ✓ [ 100% ] 0000/0120 VUs  30s        600.00 iters/s
step_00650 ✓ [ 100% ] 0000/0130 VUs  30s        650.00 iters/s
step_00700 ✓ [ 100% ] 0000/0140 VUs  30s        700.00 iters/s
step_00750 ✓ [ 100% ] 0000/0150 VUs  30s        750.00 iters/s
step_00800 ✓ [ 100% ] 0000/0160 VUs  30s        800.00 iters/s
step_00850   [   7% ] 0000/0170 VUs  02.0s/30s  850.00 iters/s
step_00900 • [   0% ] waiting        0m28.0s   
step_00950 • [   0% ] waiting        0m58.0s   
step_01000 • [   0% ] waiting        1m28.0s   

running (08m02.9s), 0023/0392 VUs, 206507 complete and 0 interrupted iterations
step_00050 ✓ [ 100% ] 000/020 VUs    30s        50.00 iters/s
step_00100 ✓ [ 100% ] 000/020 VUs    30s        100.00 iters/s
step_00150 ✓ [ 100% ] 000/030 VUs    30s        150.00 iters/s
step_00200 ✓ [ 100% ] 000/040 VUs    30s        200.00 iters/s
step_00250 ✓ [ 100% ] 000/050 VUs    30s        250.00 iters/s
step_00300 ✓ [ 100% ] 000/060 VUs    30s        300.00 iters/s
step_00350 ✓ [ 100% ] 0000/0070 VUs  30s        350.00 iters/s
step_00400 ✓ [ 100% ] 0000/0080 VUs  30s        400.00 iters/s
step_00450 ✓ [ 100% ] 0000/0090 VUs  30s        450.00 iters/s
step_00500 ✓ [ 100% ] 0000/0100 VUs  30s        500.00 iters/s
step_00550 ✓ [ 100% ] 0000/0112 VUs  30s        550.00 iters/s
step_00600 ✓ [ 100% ] 0000/0120 VUs  30s        600.00 iters/s
step_00650 ✓ [ 100% ] 0000/0130 VUs  30s        650.00 iters/s
step_00700 ✓ [ 100% ] 0000/0140 VUs  30s        700.00 iters/s
step_00750 ✓ [ 100% ] 0000/0150 VUs  30s        750.00 iters/s
step_00800 ✓ [ 100% ] 0000/0160 VUs  30s        800.00 iters/s
step_00850   [  10% ] 0023/0170 VUs  03.0s/30s  850.00 iters/s
step_00900 • [   0% ] waiting        0m27.0s   
step_00950 • [   0% ] waiting        0m57.0s   
step_01000 • [   0% ] waiting        1m27.0s   

running (08m03.9s), 0001/0392 VUs, 207379 complete and 0 interrupted iterations
step_00050 ✓ [ 100% ] 000/020 VUs    30s        50.00 iters/s
step_00100 ✓ [ 100% ] 000/020 VUs    30s        100.00 iters/s
step_00150 ✓ [ 100% ] 000/030 VUs    30s        150.00 iters/s
step_00200 ✓ [ 100% ] 000/040 VUs    30s        200.00 iters/s
step_00250 ✓ [ 100% ] 000/050 VUs    30s        250.00 iters/s
step_00300 ✓ [ 100% ] 000/060 VUs    30s        300.00 iters/s
step_00350 ✓ [ 100% ] 0000/0070 VUs  30s        350.00 iters/s
step_00400 ✓ [ 100% ] 0000/0080 VUs  30s        400.00 iters/s
step_00450 ✓ [ 100% ] 0000/0090 VUs  30s        450.00 iters/s
step_00500 ✓ [ 100% ] 0000/0100 VUs  30s        500.00 iters/s
step_00550 ✓ [ 100% ] 0000/0112 VUs  30s        550.00 iters/s
step_00600 ✓ [ 100% ] 0000/0120 VUs  30s        600.00 iters/s
step_00650 ✓ [ 100% ] 0000/0130 VUs  30s        650.00 iters/s
step_00700 ✓ [ 100% ] 0000/0140 VUs  30s        700.00 iters/s
step_00750 ✓ [ 100% ] 0000/0150 VUs  30s        750.00 iters/s
step_00800 ✓ [ 100% ] 0000/0160 VUs  30s        800.00 iters/s
step_00850   [  13% ] 0001/0170 VUs  04.0s/30s  850.00 iters/s
step_00900 • [   0% ] waiting        0m26.0s   
step_00950 • [   0% ] waiting        0m56.0s   
step_01000 • [   0% ] waiting        1m26.0s   

running (08m04.9s), 0001/0392 VUs, 208229 complete and 0 interrupted iterations
step_00050 ✓ [ 100% ] 000/020 VUs    30s        50.00 iters/s
step_00100 ✓ [ 100% ] 000/020 VUs    30s        100.00 iters/s
step_00150 ✓ [ 100% ] 000/030 VUs    30s        150.00 iters/s
step_00200 ✓ [ 100% ] 000/040 VUs    30s        200.00 iters/s
step_00250 ✓ [ 100% ] 000/050 VUs    30s        250.00 iters/s
step_00300 ✓ [ 100% ] 000/060 VUs    30s        300.00 iters/s
step_00350 ✓ [ 100% ] 0000/0070 VUs  30s        350.00 iters/s
step_00400 ✓ [ 100% ] 0000/0080 VUs  30s        400.00 iters/s
step_00450 ✓ [ 100% ] 0000/0090 VUs  30s        450.00 iters/s
step_00500 ✓ [ 100% ] 0000/0100 VUs  30s        500.00 iters/s
step_00550 ✓ [ 100% ] 0000/0112 VUs  30s        550.00 iters/s
step_00600 ✓ [ 100% ] 0000/0120 VUs  30s        600.00 iters/s
step_00650 ✓ [ 100% ] 0000/0130 VUs  30s        650.00 iters/s
step_00700 ✓ [ 100% ] 0000/0140 VUs  30s        700.00 iters/s
step_00750 ✓ [ 100% ] 0000/0150 VUs  30s        750.00 iters/s
step_00800 ✓ [ 100% ] 0000/0160 VUs  30s        800.00 iters/s
step_00850   [  17% ] 0001/0170 VUs  05.0s/30s  850.00 iters/s
step_00900 • [   0% ] waiting        0m25.0s   
step_00950 • [   0% ] waiting        0m55.0s   
step_01000 • [   0% ] waiting        1m25.0s   

running (08m05.9s), 0001/0392 VUs, 209079 complete and 0 interrupted iterations
step_00050 ✓ [ 100% ] 000/020 VUs    30s        50.00 iters/s
step_00100 ✓ [ 100% ] 000/020 VUs    30s        100.00 iters/s
step_00150 ✓ [ 100% ] 000/030 VUs    30s        150.00 iters/s
step_00200 ✓ [ 100% ] 000/040 VUs    30s        200.00 iters/s
step_00250 ✓ [ 100% ] 000/050 VUs    30s        250.00 iters/s
step_00300 ✓ [ 100% ] 000/060 VUs    30s        300.00 iters/s
step_00350 ✓ [ 100% ] 0000/0070 VUs  30s        350.00 iters/s
step_00400 ✓ [ 100% ] 0000/0080 VUs  30s        400.00 iters/s
step_00450 ✓ [ 100% ] 0000/0090 VUs  30s        450.00 iters/s
step_00500 ✓ [ 100% ] 0000/0100 VUs  30s        500.00 iters/s
step_00550 ✓ [ 100% ] 0000/0112 VUs  30s        550.00 iters/s
step_00600 ✓ [ 100% ] 0000/0120 VUs  30s        600.00 iters/s
step_00650 ✓ [ 100% ] 0000/0130 VUs  30s        650.00 iters/s
step_00700 ✓ [ 100% ] 0000/0140 VUs  30s        700.00 iters/s
step_00750 ✓ [ 100% ] 0000/0150 VUs  30s        750.00 iters/s
step_00800 ✓ [ 100% ] 0000/0160 VUs  30s        800.00 iters/s
step_00850   [  20% ] 0001/0170 VUs  06.0s/30s  850.00 iters/s
step_00900 • [   0% ] waiting        0m24.0s   
step_00950 • [   0% ] waiting        0m54.0s   
step_01000 • [   0% ] waiting        1m24.0s   

running (08m06.9s), 0001/0392 VUs, 209929 complete and 0 interrupted iterations
step_00050 ✓ [ 100% ] 000/020 VUs    30s        50.00 iters/s
step_00100 ✓ [ 100% ] 000/020 VUs    30s        100.00 iters/s
step_00150 ✓ [ 100% ] 000/030 VUs    30s        150.00 iters/s
step_00200 ✓ [ 100% ] 000/040 VUs    30s        200.00 iters/s
step_00250 ✓ [ 100% ] 000/050 VUs    30s        250.00 iters/s
step_00300 ✓ [ 100% ] 000/060 VUs    30s        300.00 iters/s
step_00350 ✓ [ 100% ] 0000/0070 VUs  30s        350.00 iters/s
step_00400 ✓ [ 100% ] 0000/0080 VUs  30s        400.00 iters/s
step_00450 ✓ [ 100% ] 0000/0090 VUs  30s        450.00 iters/s
step_00500 ✓ [ 100% ] 0000/0100 VUs  30s        500.00 iters/s
step_00550 ✓ [ 100% ] 0000/0112 VUs  30s        550.00 iters/s
step_00600 ✓ [ 100% ] 0000/0120 VUs  30s        600.00 iters/s
step_00650 ✓ [ 100% ] 0000/0130 VUs  30s        650.00 iters/s
step_00700 ✓ [ 100% ] 0000/0140 VUs  30s        700.00 iters/s
step_00750 ✓ [ 100% ] 0000/0150 VUs  30s        750.00 iters/s
step_00800 ✓ [ 100% ] 0000/0160 VUs  30s        800.00 iters/s
step_00850   [  23% ] 0001/0170 VUs  07.0s/30s  850.00 iters/s
step_00900 • [   0% ] waiting        0m23.0s   
step_00950 • [   0% ] waiting        0m53.0s   
step_01000 • [   0% ] waiting        1m23.0s   

running (08m07.9s), 0001/0392 VUs, 210779 complete and 0 interrupted iterations
step_00050 ✓ [ 100% ] 000/020 VUs    30s        50.00 iters/s
step_00100 ✓ [ 100% ] 000/020 VUs    30s        100.00 iters/s
step_00150 ✓ [ 100% ] 000/030 VUs    30s        150.00 iters/s
step_00200 ✓ [ 100% ] 000/040 VUs    30s        200.00 iters/s
step_00250 ✓ [ 100% ] 000/050 VUs    30s        250.00 iters/s
step_00300 ✓ [ 100% ] 000/060 VUs    30s        300.00 iters/s
step_00350 ✓ [ 100% ] 0000/0070 VUs  30s        350.00 iters/s
step_00400 ✓ [ 100% ] 0000/0080 VUs  30s        400.00 iters/s
step_00450 ✓ [ 100% ] 0000/0090 VUs  30s        450.00 iters/s
step_00500 ✓ [ 100% ] 0000/0100 VUs  30s        500.00 iters/s
step_00550 ✓ [ 100% ] 0000/0112 VUs  30s        550.00 iters/s
step_00600 ✓ [ 100% ] 0000/0120 VUs  30s        600.00 iters/s
step_00650 ✓ [ 100% ] 0000/0130 VUs  30s        650.00 iters/s
step_00700 ✓ [ 100% ] 0000/0140 VUs  30s        700.00 iters/s
step_00750 ✓ [ 100% ] 0000/0150 VUs  30s        750.00 iters/s
step_00800 ✓ [ 100% ] 0000/0160 VUs  30s        800.00 iters/s
step_00850   [  27% ] 0001/0170 VUs  08.0s/30s  850.00 iters/s
step_00900 • [   0% ] waiting        0m22.0s   
step_00950 • [   0% ] waiting        0m52.0s   
step_01000 • [   0% ] waiting        1m22.0s   

running (08m08.9s), 0001/0392 VUs, 211629 complete and 0 interrupted iterations
step_00050 ✓ [ 100% ] 000/020 VUs    30s        50.00 iters/s
step_00100 ✓ [ 100% ] 000/020 VUs    30s        100.00 iters/s
step_00150 ✓ [ 100% ] 000/030 VUs    30s        150.00 iters/s
step_00200 ✓ [ 100% ] 000/040 VUs    30s        200.00 iters/s
step_00250 ✓ [ 100% ] 000/050 VUs    30s        250.00 iters/s
step_00300 ✓ [ 100% ] 000/060 VUs    30s        300.00 iters/s
step_00350 ✓ [ 100% ] 0000/0070 VUs  30s        350.00 iters/s
step_00400 ✓ [ 100% ] 0000/0080 VUs  30s        400.00 iters/s
step_00450 ✓ [ 100% ] 0000/0090 VUs  30s        450.00 iters/s
step_00500 ✓ [ 100% ] 0000/0100 VUs  30s        500.00 iters/s
step_00550 ✓ [ 100% ] 0000/0112 VUs  30s        550.00 iters/s
step_00600 ✓ [ 100% ] 0000/0120 VUs  30s        600.00 iters/s
step_00650 ✓ [ 100% ] 0000/0130 VUs  30s        650.00 iters/s
step_00700 ✓ [ 100% ] 0000/0140 VUs  30s        700.00 iters/s
step_00750 ✓ [ 100% ] 0000/0150 VUs  30s        750.00 iters/s
step_00800 ✓ [ 100% ] 0000/0160 VUs  30s        800.00 iters/s
step_00850   [  30% ] 0001/0170 VUs  09.0s/30s  850.00 iters/s
step_00900 • [   0% ] waiting        0m21.0s   
step_00950 • [   0% ] waiting        0m51.0s   
step_01000 • [   0% ] waiting        1m21.0s   

running (08m09.9s), 0001/0392 VUs, 212479 complete and 0 interrupted iterations
step_00050 ✓ [ 100% ] 000/020 VUs    30s        50.00 iters/s
step_00100 ✓ [ 100% ] 000/020 VUs    30s        100.00 iters/s
step_00150 ✓ [ 100% ] 000/030 VUs    30s        150.00 iters/s
step_00200 ✓ [ 100% ] 000/040 VUs    30s        200.00 iters/s
step_00250 ✓ [ 100% ] 000/050 VUs    30s        250.00 iters/s
step_00300 ✓ [ 100% ] 000/060 VUs    30s        300.00 iters/s
step_00350 ✓ [ 100% ] 0000/0070 VUs  30s        350.00 iters/s
step_00400 ✓ [ 100% ] 0000/0080 VUs  30s        400.00 iters/s
step_00450 ✓ [ 100% ] 0000/0090 VUs  30s        450.00 iters/s
step_00500 ✓ [ 100% ] 0000/0100 VUs  30s        500.00 iters/s
step_00550 ✓ [ 100% ] 0000/0112 VUs  30s        550.00 iters/s
step_00600 ✓ [ 100% ] 0000/0120 VUs  30s        600.00 iters/s
step_00650 ✓ [ 100% ] 0000/0130 VUs  30s        650.00 iters/s
step_00700 ✓ [ 100% ] 0000/0140 VUs  30s        700.00 iters/s
step_00750 ✓ [ 100% ] 0000/0150 VUs  30s        750.00 iters/s
step_00800 ✓ [ 100% ] 0000/0160 VUs  30s        800.00 iters/s
step_00850   [  33% ] 0001/0170 VUs  10.0s/30s  850.00 iters/s
step_00900 • [   0% ] waiting        0m20.0s   
step_00950 • [   0% ] waiting        0m50.0s   
step_01000 • [   0% ] waiting        1m20.0s   

running (08m10.9s), 0001/0392 VUs, 213329 complete and 0 interrupted iterations
step_00050 ✓ [ 100% ] 000/020 VUs    30s        50.00 iters/s
step_00100 ✓ [ 100% ] 000/020 VUs    30s        100.00 iters/s
step_00150 ✓ [ 100% ] 000/030 VUs    30s        150.00 iters/s
step_00200 ✓ [ 100% ] 000/040 VUs    30s        200.00 iters/s
step_00250 ✓ [ 100% ] 000/050 VUs    30s        250.00 iters/s
step_00300 ✓ [ 100% ] 000/060 VUs    30s        300.00 iters/s
step_00350 ✓ [ 100% ] 0000/0070 VUs  30s        350.00 iters/s
step_00400 ✓ [ 100% ] 0000/0080 VUs  30s        400.00 iters/s
step_00450 ✓ [ 100% ] 0000/0090 VUs  30s        450.00 iters/s
step_00500 ✓ [ 100% ] 0000/0100 VUs  30s        500.00 iters/s
step_00550 ✓ [ 100% ] 0000/0112 VUs  30s        550.00 iters/s
step_00600 ✓ [ 100% ] 0000/0120 VUs  30s        600.00 iters/s
step_00650 ✓ [ 100% ] 0000/0130 VUs  30s        650.00 iters/s
step_00700 ✓ [ 100% ] 0000/0140 VUs  30s        700.00 iters/s
step_00750 ✓ [ 100% ] 0000/0150 VUs  30s        750.00 iters/s
step_00800 ✓ [ 100% ] 0000/0160 VUs  30s        800.00 iters/s
step_00850   [  37% ] 0001/0170 VUs  11.0s/30s  850.00 iters/s
step_00900 • [   0% ] waiting        0m19.0s   
step_00950 • [   0% ] waiting        0m49.0s   
step_01000 • [   0% ] waiting        1m19.0s   

running (08m11.9s), 0000/0392 VUs, 214180 complete and 0 interrupted iterations
step_00050 ✓ [ 100% ] 000/020 VUs    30s        50.00 iters/s
step_00100 ✓ [ 100% ] 000/020 VUs    30s        100.00 iters/s
step_00150 ✓ [ 100% ] 000/030 VUs    30s        150.00 iters/s
step_00200 ✓ [ 100% ] 000/040 VUs    30s        200.00 iters/s
step_00250 ✓ [ 100% ] 000/050 VUs    30s        250.00 iters/s
step_00300 ✓ [ 100% ] 000/060 VUs    30s        300.00 iters/s
step_00350 ✓ [ 100% ] 0000/0070 VUs  30s        350.00 iters/s
step_00400 ✓ [ 100% ] 0000/0080 VUs  30s        400.00 iters/s
step_00450 ✓ [ 100% ] 0000/0090 VUs  30s        450.00 iters/s
step_00500 ✓ [ 100% ] 0000/0100 VUs  30s        500.00 iters/s
step_00550 ✓ [ 100% ] 0000/0112 VUs  30s        550.00 iters/s
step_00600 ✓ [ 100% ] 0000/0120 VUs  30s        600.00 iters/s
step_00650 ✓ [ 100% ] 0000/0130 VUs  30s        650.00 iters/s
step_00700 ✓ [ 100% ] 0000/0140 VUs  30s        700.00 iters/s
step_00750 ✓ [ 100% ] 0000/0150 VUs  30s        750.00 iters/s
step_00800 ✓ [ 100% ] 0000/0160 VUs  30s        800.00 iters/s
step_00850   [  40% ] 0000/0170 VUs  12.0s/30s  850.00 iters/s
step_00900 • [   0% ] waiting        0m18.0s   
step_00950 • [   0% ] waiting        0m48.0s   
step_01000 • [   0% ] waiting        1m18.0s   

running (08m12.9s), 0001/0392 VUs, 215029 complete and 0 interrupted iterations
step_00050 ✓ [ 100% ] 000/020 VUs    30s        50.00 iters/s
step_00100 ✓ [ 100% ] 000/020 VUs    30s        100.00 iters/s
step_00150 ✓ [ 100% ] 000/030 VUs    30s        150.00 iters/s
step_00200 ✓ [ 100% ] 000/040 VUs    30s        200.00 iters/s
step_00250 ✓ [ 100% ] 000/050 VUs    30s        250.00 iters/s
step_00300 ✓ [ 100% ] 000/060 VUs    30s        300.00 iters/s
step_00350 ✓ [ 100% ] 0000/0070 VUs  30s        350.00 iters/s
step_00400 ✓ [ 100% ] 0000/0080 VUs  30s        400.00 iters/s
step_00450 ✓ [ 100% ] 0000/0090 VUs  30s        450.00 iters/s
step_00500 ✓ [ 100% ] 0000/0100 VUs  30s        500.00 iters/s
step_00550 ✓ [ 100% ] 0000/0112 VUs  30s        550.00 iters/s
step_00600 ✓ [ 100% ] 0000/0120 VUs  30s        600.00 iters/s
step_00650 ✓ [ 100% ] 0000/0130 VUs  30s        650.00 iters/s
step_00700 ✓ [ 100% ] 0000/0140 VUs  30s        700.00 iters/s
step_00750 ✓ [ 100% ] 0000/0150 VUs  30s        750.00 iters/s
step_00800 ✓ [ 100% ] 0000/0160 VUs  30s        800.00 iters/s
step_00850   [  43% ] 0001/0170 VUs  13.0s/30s  850.00 iters/s
step_00900 • [   0% ] waiting        0m17.0s   
step_00950 • [   0% ] waiting        0m47.0s   
step_01000 • [   0% ] waiting        1m17.0s   

running (08m13.9s), 0001/0392 VUs, 215879 complete and 0 interrupted iterations
step_00050 ✓ [ 100% ] 000/020 VUs    30s        50.00 iters/s
step_00100 ✓ [ 100% ] 000/020 VUs    30s        100.00 iters/s
step_00150 ✓ [ 100% ] 000/030 VUs    30s        150.00 iters/s
step_00200 ✓ [ 100% ] 000/040 VUs    30s        200.00 iters/s
step_00250 ✓ [ 100% ] 000/050 VUs    30s        250.00 iters/s
step_00300 ✓ [ 100% ] 000/060 VUs    30s        300.00 iters/s
step_00350 ✓ [ 100% ] 0000/0070 VUs  30s        350.00 iters/s
step_00400 ✓ [ 100% ] 0000/0080 VUs  30s        400.00 iters/s
step_00450 ✓ [ 100% ] 0000/0090 VUs  30s        450.00 iters/s
step_00500 ✓ [ 100% ] 0000/0100 VUs  30s        500.00 iters/s
step_00550 ✓ [ 100% ] 0000/0112 VUs  30s        550.00 iters/s
step_00600 ✓ [ 100% ] 0000/0120 VUs  30s        600.00 iters/s
step_00650 ✓ [ 100% ] 0000/0130 VUs  30s        650.00 iters/s
step_00700 ✓ [ 100% ] 0000/0140 VUs  30s        700.00 iters/s
step_00750 ✓ [ 100% ] 0000/0150 VUs  30s        750.00 iters/s
step_00800 ✓ [ 100% ] 0000/0160 VUs  30s        800.00 iters/s
step_00850   [  47% ] 0001/0170 VUs  14.0s/30s  850.00 iters/s
step_00900 • [   0% ] waiting        0m16.0s   
step_00950 • [   0% ] waiting        0m46.0s   
step_01000 • [   0% ] waiting        1m16.0s   

running (08m14.9s), 0002/0392 VUs, 216728 complete and 0 interrupted iterations
step_00050 ✓ [ 100% ] 000/020 VUs    30s        50.00 iters/s
step_00100 ✓ [ 100% ] 000/020 VUs    30s        100.00 iters/s
step_00150 ✓ [ 100% ] 000/030 VUs    30s        150.00 iters/s
step_00200 ✓ [ 100% ] 000/040 VUs    30s        200.00 iters/s
step_00250 ✓ [ 100% ] 000/050 VUs    30s        250.00 iters/s
step_00300 ✓ [ 100% ] 000/060 VUs    30s        300.00 iters/s
step_00350 ✓ [ 100% ] 0000/0070 VUs  30s        350.00 iters/s
step_00400 ✓ [ 100% ] 0000/0080 VUs  30s        400.00 iters/s
step_00450 ✓ [ 100% ] 0000/0090 VUs  30s        450.00 iters/s
step_00500 ✓ [ 100% ] 0000/0100 VUs  30s        500.00 iters/s
step_00550 ✓ [ 100% ] 0000/0112 VUs  30s        550.00 iters/s
step_00600 ✓ [ 100% ] 0000/0120 VUs  30s        600.00 iters/s
step_00650 ✓ [ 100% ] 0000/0130 VUs  30s        650.00 iters/s
step_00700 ✓ [ 100% ] 0000/0140 VUs  30s        700.00 iters/s
step_00750 ✓ [ 100% ] 0000/0150 VUs  30s        750.00 iters/s
step_00800 ✓ [ 100% ] 0000/0160 VUs  30s        800.00 iters/s
step_00850   [  50% ] 0002/0170 VUs  15.0s/30s  850.00 iters/s
step_00900 • [   0% ] waiting        0m15.0s   
step_00950 • [   0% ] waiting        0m45.0s   
step_01000 • [   0% ] waiting        1m15.0s   

running (08m15.9s), 0001/0392 VUs, 217579 complete and 0 interrupted iterations
step_00050 ✓ [ 100% ] 000/020 VUs    30s        50.00 iters/s
step_00100 ✓ [ 100% ] 000/020 VUs    30s        100.00 iters/s
step_00150 ✓ [ 100% ] 000/030 VUs    30s        150.00 iters/s
step_00200 ✓ [ 100% ] 000/040 VUs    30s        200.00 iters/s
step_00250 ✓ [ 100% ] 000/050 VUs    30s        250.00 iters/s
step_00300 ✓ [ 100% ] 000/060 VUs    30s        300.00 iters/s
step_00350 ✓ [ 100% ] 0000/0070 VUs  30s        350.00 iters/s
step_00400 ✓ [ 100% ] 0000/0080 VUs  30s        400.00 iters/s
step_00450 ✓ [ 100% ] 0000/0090 VUs  30s        450.00 iters/s
step_00500 ✓ [ 100% ] 0000/0100 VUs  30s        500.00 iters/s
step_00550 ✓ [ 100% ] 0000/0112 VUs  30s        550.00 iters/s
step_00600 ✓ [ 100% ] 0000/0120 VUs  30s        600.00 iters/s
step_00650 ✓ [ 100% ] 0000/0130 VUs  30s        650.00 iters/s
step_00700 ✓ [ 100% ] 0000/0140 VUs  30s        700.00 iters/s
step_00750 ✓ [ 100% ] 0000/0150 VUs  30s        750.00 iters/s
step_00800 ✓ [ 100% ] 0000/0160 VUs  30s        800.00 iters/s
step_00850   [  53% ] 0001/0170 VUs  16.0s/30s  850.00 iters/s
step_00900 • [   0% ] waiting        0m14.0s   
step_00950 • [   0% ] waiting        0m44.0s   
step_01000 • [   0% ] waiting        1m14.0s   

running (08m16.9s), 0001/0392 VUs, 218429 complete and 0 interrupted iterations
step_00050 ✓ [ 100% ] 000/020 VUs    30s        50.00 iters/s
step_00100 ✓ [ 100% ] 000/020 VUs    30s        100.00 iters/s
step_00150 ✓ [ 100% ] 000/030 VUs    30s        150.00 iters/s
step_00200 ✓ [ 100% ] 000/040 VUs    30s        200.00 iters/s
step_00250 ✓ [ 100% ] 000/050 VUs    30s        250.00 iters/s
step_00300 ✓ [ 100% ] 000/060 VUs    30s        300.00 iters/s
step_00350 ✓ [ 100% ] 0000/0070 VUs  30s        350.00 iters/s
step_00400 ✓ [ 100% ] 0000/0080 VUs  30s        400.00 iters/s
step_00450 ✓ [ 100% ] 0000/0090 VUs  30s        450.00 iters/s
step_00500 ✓ [ 100% ] 0000/0100 VUs  30s        500.00 iters/s
step_00550 ✓ [ 100% ] 0000/0112 VUs  30s        550.00 iters/s
step_00600 ✓ [ 100% ] 0000/0120 VUs  30s        600.00 iters/s
step_00650 ✓ [ 100% ] 0000/0130 VUs  30s        650.00 iters/s
step_00700 ✓ [ 100% ] 0000/0140 VUs  30s        700.00 iters/s
step_00750 ✓ [ 100% ] 0000/0150 VUs  30s        750.00 iters/s
step_00800 ✓ [ 100% ] 0000/0160 VUs  30s        800.00 iters/s
step_00850   [  57% ] 0001/0170 VUs  17.0s/30s  850.00 iters/s
step_00900 • [   0% ] waiting        0m13.0s   
step_00950 • [   0% ] waiting        0m43.0s   
step_01000 • [   0% ] waiting        1m13.0s   

running (08m17.9s), 0001/0392 VUs, 219279 complete and 0 interrupted iterations
step_00050 ✓ [ 100% ] 000/020 VUs    30s        50.00 iters/s
step_00100 ✓ [ 100% ] 000/020 VUs    30s        100.00 iters/s
step_00150 ✓ [ 100% ] 000/030 VUs    30s        150.00 iters/s
step_00200 ✓ [ 100% ] 000/040 VUs    30s        200.00 iters/s
step_00250 ✓ [ 100% ] 000/050 VUs    30s        250.00 iters/s
step_00300 ✓ [ 100% ] 000/060 VUs    30s        300.00 iters/s
step_00350 ✓ [ 100% ] 0000/0070 VUs  30s        350.00 iters/s
step_00400 ✓ [ 100% ] 0000/0080 VUs  30s        400.00 iters/s
step_00450 ✓ [ 100% ] 0000/0090 VUs  30s        450.00 iters/s
step_00500 ✓ [ 100% ] 0000/0100 VUs  30s        500.00 iters/s
step_00550 ✓ [ 100% ] 0000/0112 VUs  30s        550.00 iters/s
step_00600 ✓ [ 100% ] 0000/0120 VUs  30s        600.00 iters/s
step_00650 ✓ [ 100% ] 0000/0130 VUs  30s        650.00 iters/s
step_00700 ✓ [ 100% ] 0000/0140 VUs  30s        700.00 iters/s
step_00750 ✓ [ 100% ] 0000/0150 VUs  30s        750.00 iters/s
step_00800 ✓ [ 100% ] 0000/0160 VUs  30s        800.00 iters/s
step_00850   [  60% ] 0001/0170 VUs  18.0s/30s  850.00 iters/s
step_00900 • [   0% ] waiting        0m12.0s   
step_00950 • [   0% ] waiting        0m42.0s   
step_01000 • [   0% ] waiting        1m12.0s   

running (08m18.9s), 0000/0392 VUs, 220130 complete and 0 interrupted iterations
step_00050 ✓ [ 100% ] 000/020 VUs    30s        50.00 iters/s
step_00100 ✓ [ 100% ] 000/020 VUs    30s        100.00 iters/s
step_00150 ✓ [ 100% ] 000/030 VUs    30s        150.00 iters/s
step_00200 ✓ [ 100% ] 000/040 VUs    30s        200.00 iters/s
step_00250 ✓ [ 100% ] 000/050 VUs    30s        250.00 iters/s
step_00300 ✓ [ 100% ] 000/060 VUs    30s        300.00 iters/s
step_00350 ✓ [ 100% ] 0000/0070 VUs  30s        350.00 iters/s
step_00400 ✓ [ 100% ] 0000/0080 VUs  30s        400.00 iters/s
step_00450 ✓ [ 100% ] 0000/0090 VUs  30s        450.00 iters/s
step_00500 ✓ [ 100% ] 0000/0100 VUs  30s        500.00 iters/s
step_00550 ✓ [ 100% ] 0000/0112 VUs  30s        550.00 iters/s
step_00600 ✓ [ 100% ] 0000/0120 VUs  30s        600.00 iters/s
step_00650 ✓ [ 100% ] 0000/0130 VUs  30s        650.00 iters/s
step_00700 ✓ [ 100% ] 0000/0140 VUs  30s        700.00 iters/s
step_00750 ✓ [ 100% ] 0000/0150 VUs  30s        750.00 iters/s
step_00800 ✓ [ 100% ] 0000/0160 VUs  30s        800.00 iters/s
step_00850   [  63% ] 0000/0170 VUs  19.0s/30s  850.00 iters/s
step_00900 • [   0% ] waiting        0m11.0s   
step_00950 • [   0% ] waiting        0m41.0s   
step_01000 • [   0% ] waiting        1m11.0s   

running (08m19.9s), 0002/0392 VUs, 220978 complete and 0 interrupted iterations
step_00050 ✓ [ 100% ] 000/020 VUs    30s        50.00 iters/s
step_00100 ✓ [ 100% ] 000/020 VUs    30s        100.00 iters/s
step_00150 ✓ [ 100% ] 000/030 VUs    30s        150.00 iters/s
step_00200 ✓ [ 100% ] 000/040 VUs    30s        200.00 iters/s
step_00250 ✓ [ 100% ] 000/050 VUs    30s        250.00 iters/s
step_00300 ✓ [ 100% ] 000/060 VUs    30s        300.00 iters/s
step_00350 ✓ [ 100% ] 0000/0070 VUs  30s        350.00 iters/s
step_00400 ✓ [ 100% ] 0000/0080 VUs  30s        400.00 iters/s
step_00450 ✓ [ 100% ] 0000/0090 VUs  30s        450.00 iters/s
step_00500 ✓ [ 100% ] 0000/0100 VUs  30s        500.00 iters/s
step_00550 ✓ [ 100% ] 0000/0112 VUs  30s        550.00 iters/s
step_00600 ✓ [ 100% ] 0000/0120 VUs  30s        600.00 iters/s
step_00650 ✓ [ 100% ] 0000/0130 VUs  30s        650.00 iters/s
step_00700 ✓ [ 100% ] 0000/0140 VUs  30s        700.00 iters/s
step_00750 ✓ [ 100% ] 0000/0150 VUs  30s        750.00 iters/s
step_00800 ✓ [ 100% ] 0000/0160 VUs  30s        800.00 iters/s
step_00850   [  67% ] 0002/0170 VUs  20.0s/30s  850.00 iters/s
step_00900 • [   0% ] waiting        0m10.0s   
step_00950 • [   0% ] waiting        0m40.0s   
step_01000 • [   0% ] waiting        1m10.0s   

running (08m20.9s), 0001/0392 VUs, 221829 complete and 0 interrupted iterations
step_00050 ✓ [ 100% ] 000/020 VUs    30s        50.00 iters/s
step_00100 ✓ [ 100% ] 000/020 VUs    30s        100.00 iters/s
step_00150 ✓ [ 100% ] 000/030 VUs    30s        150.00 iters/s
step_00200 ✓ [ 100% ] 000/040 VUs    30s        200.00 iters/s
step_00250 ✓ [ 100% ] 000/050 VUs    30s        250.00 iters/s
step_00300 ✓ [ 100% ] 000/060 VUs    30s        300.00 iters/s
step_00350 ✓ [ 100% ] 0000/0070 VUs  30s        350.00 iters/s
step_00400 ✓ [ 100% ] 0000/0080 VUs  30s        400.00 iters/s
step_00450 ✓ [ 100% ] 0000/0090 VUs  30s        450.00 iters/s
step_00500 ✓ [ 100% ] 0000/0100 VUs  30s        500.00 iters/s
step_00550 ✓ [ 100% ] 0000/0112 VUs  30s        550.00 iters/s
step_00600 ✓ [ 100% ] 0000/0120 VUs  30s        600.00 iters/s
step_00650 ✓ [ 100% ] 0000/0130 VUs  30s        650.00 iters/s
step_00700 ✓ [ 100% ] 0000/0140 VUs  30s        700.00 iters/s
step_00750 ✓ [ 100% ] 0000/0150 VUs  30s        750.00 iters/s
step_00800 ✓ [ 100% ] 0000/0160 VUs  30s        800.00 iters/s
step_00850   [  70% ] 0001/0170 VUs  21.0s/30s  850.00 iters/s
step_00900 • [   0% ] waiting        0m09.0s   
step_00950 • [   0% ] waiting        0m39.0s   
step_01000 • [   0% ] waiting        1m09.0s   

running (08m21.9s), 0001/0392 VUs, 222679 complete and 0 interrupted iterations
step_00050 ✓ [ 100% ] 000/020 VUs    30s        50.00 iters/s
step_00100 ✓ [ 100% ] 000/020 VUs    30s        100.00 iters/s
step_00150 ✓ [ 100% ] 000/030 VUs    30s        150.00 iters/s
step_00200 ✓ [ 100% ] 000/040 VUs    30s        200.00 iters/s
step_00250 ✓ [ 100% ] 000/050 VUs    30s        250.00 iters/s
step_00300 ✓ [ 100% ] 000/060 VUs    30s        300.00 iters/s
step_00350 ✓ [ 100% ] 0000/0070 VUs  30s        350.00 iters/s
step_00400 ✓ [ 100% ] 0000/0080 VUs  30s        400.00 iters/s
step_00450 ✓ [ 100% ] 0000/0090 VUs  30s        450.00 iters/s
step_00500 ✓ [ 100% ] 0000/0100 VUs  30s        500.00 iters/s
step_00550 ✓ [ 100% ] 0000/0112 VUs  30s        550.00 iters/s
step_00600 ✓ [ 100% ] 0000/0120 VUs  30s        600.00 iters/s
step_00650 ✓ [ 100% ] 0000/0130 VUs  30s        650.00 iters/s
step_00700 ✓ [ 100% ] 0000/0140 VUs  30s        700.00 iters/s
step_00750 ✓ [ 100% ] 0000/0150 VUs  30s        750.00 iters/s
step_00800 ✓ [ 100% ] 0000/0160 VUs  30s        800.00 iters/s
step_00850   [  73% ] 0001/0170 VUs  22.0s/30s  850.00 iters/s
step_00900 • [   0% ] waiting        0m08.0s   
step_00950 • [   0% ] waiting        0m38.0s   
step_01000 • [   0% ] waiting        1m08.0s   

running (08m22.9s), 0001/0392 VUs, 223529 complete and 0 interrupted iterations
step_00050 ✓ [ 100% ] 000/020 VUs    30s        50.00 iters/s
step_00100 ✓ [ 100% ] 000/020 VUs    30s        100.00 iters/s
step_00150 ✓ [ 100% ] 000/030 VUs    30s        150.00 iters/s
step_00200 ✓ [ 100% ] 000/040 VUs    30s        200.00 iters/s
step_00250 ✓ [ 100% ] 000/050 VUs    30s        250.00 iters/s
step_00300 ✓ [ 100% ] 000/060 VUs    30s        300.00 iters/s
step_00350 ✓ [ 100% ] 0000/0070 VUs  30s        350.00 iters/s
step_00400 ✓ [ 100% ] 0000/0080 VUs  30s        400.00 iters/s
step_00450 ✓ [ 100% ] 0000/0090 VUs  30s        450.00 iters/s
step_00500 ✓ [ 100% ] 0000/0100 VUs  30s        500.00 iters/s
step_00550 ✓ [ 100% ] 0000/0112 VUs  30s        550.00 iters/s
step_00600 ✓ [ 100% ] 0000/0120 VUs  30s        600.00 iters/s
step_00650 ✓ [ 100% ] 0000/0130 VUs  30s        650.00 iters/s
step_00700 ✓ [ 100% ] 0000/0140 VUs  30s        700.00 iters/s
step_00750 ✓ [ 100% ] 0000/0150 VUs  30s        750.00 iters/s
step_00800 ✓ [ 100% ] 0000/0160 VUs  30s        800.00 iters/s
step_00850   [  77% ] 0001/0170 VUs  23.0s/30s  850.00 iters/s
step_00900 • [   0% ] waiting        0m07.0s   
step_00950 • [   0% ] waiting        0m37.0s   
step_01000 • [   0% ] waiting        1m07.0s   

running (08m23.9s), 0002/0392 VUs, 224378 complete and 0 interrupted iterations
step_00050 ✓ [ 100% ] 000/020 VUs    30s        50.00 iters/s
step_00100 ✓ [ 100% ] 000/020 VUs    30s        100.00 iters/s
step_00150 ✓ [ 100% ] 000/030 VUs    30s        150.00 iters/s
step_00200 ✓ [ 100% ] 000/040 VUs    30s        200.00 iters/s
step_00250 ✓ [ 100% ] 000/050 VUs    30s        250.00 iters/s
step_00300 ✓ [ 100% ] 000/060 VUs    30s        300.00 iters/s
step_00350 ✓ [ 100% ] 0000/0070 VUs  30s        350.00 iters/s
step_00400 ✓ [ 100% ] 0000/0080 VUs  30s        400.00 iters/s
step_00450 ✓ [ 100% ] 0000/0090 VUs  30s        450.00 iters/s
step_00500 ✓ [ 100% ] 0000/0100 VUs  30s        500.00 iters/s
step_00550 ✓ [ 100% ] 0000/0112 VUs  30s        550.00 iters/s
step_00600 ✓ [ 100% ] 0000/0120 VUs  30s        600.00 iters/s
step_00650 ✓ [ 100% ] 0000/0130 VUs  30s        650.00 iters/s
step_00700 ✓ [ 100% ] 0000/0140 VUs  30s        700.00 iters/s
step_00750 ✓ [ 100% ] 0000/0150 VUs  30s        750.00 iters/s
step_00800 ✓ [ 100% ] 0000/0160 VUs  30s        800.00 iters/s
step_00850   [  80% ] 0001/0170 VUs  24.0s/30s  850.00 iters/s
step_00900 • [   0% ] waiting        0m06.0s   
step_00950 • [   0% ] waiting        0m36.0s   
step_01000 • [   0% ] waiting        1m06.0s   

running (08m24.9s), 0007/0392 VUs, 225223 complete and 0 interrupted iterations
step_00050 ✓ [ 100% ] 000/020 VUs    30s        50.00 iters/s
step_00100 ✓ [ 100% ] 000/020 VUs    30s        100.00 iters/s
step_00150 ✓ [ 100% ] 000/030 VUs    30s        150.00 iters/s
step_00200 ✓ [ 100% ] 000/040 VUs    30s        200.00 iters/s
step_00250 ✓ [ 100% ] 000/050 VUs    30s        250.00 iters/s
step_00300 ✓ [ 100% ] 000/060 VUs    30s        300.00 iters/s
step_00350 ✓ [ 100% ] 0000/0070 VUs  30s        350.00 iters/s
step_00400 ✓ [ 100% ] 0000/0080 VUs  30s        400.00 iters/s
step_00450 ✓ [ 100% ] 0000/0090 VUs  30s        450.00 iters/s
step_00500 ✓ [ 100% ] 0000/0100 VUs  30s        500.00 iters/s
step_00550 ✓ [ 100% ] 0000/0112 VUs  30s        550.00 iters/s
step_00600 ✓ [ 100% ] 0000/0120 VUs  30s        600.00 iters/s
step_00650 ✓ [ 100% ] 0000/0130 VUs  30s        650.00 iters/s
step_00700 ✓ [ 100% ] 0000/0140 VUs  30s        700.00 iters/s
step_00750 ✓ [ 100% ] 0000/0150 VUs  30s        750.00 iters/s
step_00800 ✓ [ 100% ] 0000/0160 VUs  30s        800.00 iters/s
step_00850   [  83% ] 0007/0170 VUs  25.0s/30s  850.00 iters/s
step_00900 • [   0% ] waiting        0m05.0s   
step_00950 • [   0% ] waiting        0m35.0s   
step_01000 • [   0% ] waiting        1m05.0s   

running (08m25.9s), 0001/0392 VUs, 226079 complete and 0 interrupted iterations
step_00050 ✓ [ 100% ] 000/020 VUs    30s        50.00 iters/s
step_00100 ✓ [ 100% ] 000/020 VUs    30s        100.00 iters/s
step_00150 ✓ [ 100% ] 000/030 VUs    30s        150.00 iters/s
step_00200 ✓ [ 100% ] 000/040 VUs    30s        200.00 iters/s
step_00250 ✓ [ 100% ] 000/050 VUs    30s        250.00 iters/s
step_00300 ✓ [ 100% ] 000/060 VUs    30s        300.00 iters/s
step_00350 ✓ [ 100% ] 0000/0070 VUs  30s        350.00 iters/s
step_00400 ✓ [ 100% ] 0000/0080 VUs  30s        400.00 iters/s
step_00450 ✓ [ 100% ] 0000/0090 VUs  30s        450.00 iters/s
step_00500 ✓ [ 100% ] 0000/0100 VUs  30s        500.00 iters/s
step_00550 ✓ [ 100% ] 0000/0112 VUs  30s        550.00 iters/s
step_00600 ✓ [ 100% ] 0000/0120 VUs  30s        600.00 iters/s
step_00650 ✓ [ 100% ] 0000/0130 VUs  30s        650.00 iters/s
step_00700 ✓ [ 100% ] 0000/0140 VUs  30s        700.00 iters/s
step_00750 ✓ [ 100% ] 0000/0150 VUs  30s        750.00 iters/s
step_00800 ✓ [ 100% ] 0000/0160 VUs  30s        800.00 iters/s
step_00850   [  87% ] 0001/0170 VUs  26.0s/30s  850.00 iters/s
step_00900 • [   0% ] waiting        0m04.0s   
step_00950 • [   0% ] waiting        0m34.0s   
step_01000 • [   0% ] waiting        1m04.0s   

running (08m26.9s), 0088/0392 VUs, 226842 complete and 0 interrupted iterations
step_00050 ✓ [ 100% ] 000/020 VUs    30s        50.00 iters/s
step_00100 ✓ [ 100% ] 000/020 VUs    30s        100.00 iters/s
step_00150 ✓ [ 100% ] 000/030 VUs    30s        150.00 iters/s
step_00200 ✓ [ 100% ] 000/040 VUs    30s        200.00 iters/s
step_00250 ✓ [ 100% ] 000/050 VUs    30s        250.00 iters/s
step_00300 ✓ [ 100% ] 000/060 VUs    30s        300.00 iters/s
step_00350 ✓ [ 100% ] 0000/0070 VUs  30s        350.00 iters/s
step_00400 ✓ [ 100% ] 0000/0080 VUs  30s        400.00 iters/s
step_00450 ✓ [ 100% ] 0000/0090 VUs  30s        450.00 iters/s
step_00500 ✓ [ 100% ] 0000/0100 VUs  30s        500.00 iters/s
step_00550 ✓ [ 100% ] 0000/0112 VUs  30s        550.00 iters/s
step_00600 ✓ [ 100% ] 0000/0120 VUs  30s        600.00 iters/s
step_00650 ✓ [ 100% ] 0000/0130 VUs  30s        650.00 iters/s
step_00700 ✓ [ 100% ] 0000/0140 VUs  30s        700.00 iters/s
step_00750 ✓ [ 100% ] 0000/0150 VUs  30s        750.00 iters/s
step_00800 ✓ [ 100% ] 0000/0160 VUs  30s        800.00 iters/s
step_00850   [  90% ] 0087/0170 VUs  27.0s/30s  850.00 iters/s
step_00900 • [   0% ] waiting        0m03.0s   
step_00950 • [   0% ] waiting        0m33.0s   
step_01000 • [   0% ] waiting        1m03.0s   

running (08m27.9s), 0001/0392 VUs, 227779 complete and 0 interrupted iterations
step_00050 ✓ [ 100% ] 000/020 VUs    30s        50.00 iters/s
step_00100 ✓ [ 100% ] 000/020 VUs    30s        100.00 iters/s
step_00150 ✓ [ 100% ] 000/030 VUs    30s        150.00 iters/s
step_00200 ✓ [ 100% ] 000/040 VUs    30s        200.00 iters/s
step_00250 ✓ [ 100% ] 000/050 VUs    30s        250.00 iters/s
step_00300 ✓ [ 100% ] 000/060 VUs    30s        300.00 iters/s
step_00350 ✓ [ 100% ] 0000/0070 VUs  30s        350.00 iters/s
step_00400 ✓ [ 100% ] 0000/0080 VUs  30s        400.00 iters/s
step_00450 ✓ [ 100% ] 0000/0090 VUs  30s        450.00 iters/s
step_00500 ✓ [ 100% ] 0000/0100 VUs  30s        500.00 iters/s
step_00550 ✓ [ 100% ] 0000/0112 VUs  30s        550.00 iters/s
step_00600 ✓ [ 100% ] 0000/0120 VUs  30s        600.00 iters/s
step_00650 ✓ [ 100% ] 0000/0130 VUs  30s        650.00 iters/s
step_00700 ✓ [ 100% ] 0000/0140 VUs  30s        700.00 iters/s
step_00750 ✓ [ 100% ] 0000/0150 VUs  30s        750.00 iters/s
step_00800 ✓ [ 100% ] 0000/0160 VUs  30s        800.00 iters/s
step_00850   [  93% ] 0001/0170 VUs  28.0s/30s  850.00 iters/s
step_00900 • [   0% ] waiting        0m02.0s   
step_00950 • [   0% ] waiting        0m32.0s   
step_01000 • [   0% ] waiting        1m02.0s   

running (08m28.9s), 0002/0392 VUs, 228628 complete and 0 interrupted iterations
step_00050 ✓ [ 100% ] 000/020 VUs    30s        50.00 iters/s
step_00100 ✓ [ 100% ] 000/020 VUs    30s        100.00 iters/s
step_00150 ✓ [ 100% ] 000/030 VUs    30s        150.00 iters/s
step_00200 ✓ [ 100% ] 000/040 VUs    30s        200.00 iters/s
step_00250 ✓ [ 100% ] 000/050 VUs    30s        250.00 iters/s
step_00300 ✓ [ 100% ] 000/060 VUs    30s        300.00 iters/s
step_00350 ✓ [ 100% ] 0000/0070 VUs  30s        350.00 iters/s
step_00400 ✓ [ 100% ] 0000/0080 VUs  30s        400.00 iters/s
step_00450 ✓ [ 100% ] 0000/0090 VUs  30s        450.00 iters/s
step_00500 ✓ [ 100% ] 0000/0100 VUs  30s        500.00 iters/s
step_00550 ✓ [ 100% ] 0000/0112 VUs  30s        550.00 iters/s
step_00600 ✓ [ 100% ] 0000/0120 VUs  30s        600.00 iters/s
step_00650 ✓ [ 100% ] 0000/0130 VUs  30s        650.00 iters/s
step_00700 ✓ [ 100% ] 0000/0140 VUs  30s        700.00 iters/s
step_00750 ✓ [ 100% ] 0000/0150 VUs  30s        750.00 iters/s
step_00800 ✓ [ 100% ] 0000/0160 VUs  30s        800.00 iters/s
step_00850   [  97% ] 0002/0170 VUs  29.0s/30s  850.00 iters/s
step_00900 • [   0% ] waiting        0m01.0s   
step_00950 • [   0% ] waiting        0m31.0s   
step_01000 • [   0% ] waiting        1m01.0s   

running (08m29.9s), 0001/0392 VUs, 229479 complete and 0 interrupted iterations
step_00050 ✓ [ 100% ] 000/020 VUs    30s        50.00 iters/s
step_00100 ✓ [ 100% ] 000/020 VUs    30s        100.00 iters/s
step_00150 ✓ [ 100% ] 000/030 VUs    30s        150.00 iters/s
step_00200 ✓ [ 100% ] 000/040 VUs    30s        200.00 iters/s
step_00250 ✓ [ 100% ] 000/050 VUs    30s        250.00 iters/s
step_00300 ✓ [ 100% ] 000/060 VUs    30s        300.00 iters/s
step_00350 ✓ [ 100% ] 0000/0070 VUs  30s        350.00 iters/s
step_00400 ✓ [ 100% ] 0000/0080 VUs  30s        400.00 iters/s
step_00450 ✓ [ 100% ] 0000/0090 VUs  30s        450.00 iters/s
step_00500 ✓ [ 100% ] 0000/0100 VUs  30s        500.00 iters/s
step_00550 ✓ [ 100% ] 0000/0112 VUs  30s        550.00 iters/s
step_00600 ✓ [ 100% ] 0000/0120 VUs  30s        600.00 iters/s
step_00650 ✓ [ 100% ] 0000/0130 VUs  30s        650.00 iters/s
step_00700 ✓ [ 100% ] 0000/0140 VUs  30s        700.00 iters/s
step_00750 ✓ [ 100% ] 0000/0150 VUs  30s        750.00 iters/s
step_00800 ✓ [ 100% ] 0000/0160 VUs  30s        800.00 iters/s
step_00850   [ 100% ] 0001/0170 VUs  30.0s/30s  850.00 iters/s
step_00900 • [   0% ] waiting        0m00.0s   
step_00950 • [   0% ] waiting        0m30.0s   
step_01000 • [   0% ] waiting        1m00.0s   

running (08m30.9s), 0001/0392 VUs, 230378 complete and 0 interrupted iterations
step_00050 ✓ [ 100% ] 000/020 VUs    30s        50.00 iters/s
step_00100 ✓ [ 100% ] 000/020 VUs    30s        100.00 iters/s
step_00150 ✓ [ 100% ] 000/030 VUs    30s        150.00 iters/s
step_00200 ✓ [ 100% ] 000/040 VUs    30s        200.00 iters/s
step_00250 ✓ [ 100% ] 000/050 VUs    30s        250.00 iters/s
step_00300 ✓ [ 100% ] 000/060 VUs    30s        300.00 iters/s
step_00350 ✓ [ 100% ] 0000/0070 VUs  30s        350.00 iters/s
step_00400 ✓ [ 100% ] 0000/0080 VUs  30s        400.00 iters/s
step_00450 ✓ [ 100% ] 0000/0090 VUs  30s        450.00 iters/s
step_00500 ✓ [ 100% ] 0000/0100 VUs  30s        500.00 iters/s
step_00550 ✓ [ 100% ] 0000/0112 VUs  30s        550.00 iters/s
step_00600 ✓ [ 100% ] 0000/0120 VUs  30s        600.00 iters/s
step_00650 ✓ [ 100% ] 0000/0130 VUs  30s        650.00 iters/s
step_00700 ✓ [ 100% ] 0000/0140 VUs  30s        700.00 iters/s
step_00750 ✓ [ 100% ] 0000/0150 VUs  30s        750.00 iters/s
step_00800 ✓ [ 100% ] 0000/0160 VUs  30s        800.00 iters/s
step_00850 ✓ [ 100% ] 0000/0170 VUs  30s        850.00 iters/s
step_00900   [   3% ] 0001/0180 VUs  01.0s/30s  900.00 iters/s
step_00950 • [   0% ] waiting        0m29.0s   
step_01000 • [   0% ] waiting        0m59.0s   

running (08m31.9s), 0001/0392 VUs, 231278 complete and 0 interrupted iterations
step_00050 ✓ [ 100% ] 000/020 VUs    30s        50.00 iters/s
step_00100 ✓ [ 100% ] 000/020 VUs    30s        100.00 iters/s
step_00150 ✓ [ 100% ] 000/030 VUs    30s        150.00 iters/s
step_00200 ✓ [ 100% ] 000/040 VUs    30s        200.00 iters/s
step_00250 ✓ [ 100% ] 000/050 VUs    30s        250.00 iters/s
step_00300 ✓ [ 100% ] 000/060 VUs    30s        300.00 iters/s
step_00350 ✓ [ 100% ] 0000/0070 VUs  30s        350.00 iters/s
step_00400 ✓ [ 100% ] 0000/0080 VUs  30s        400.00 iters/s
step_00450 ✓ [ 100% ] 0000/0090 VUs  30s        450.00 iters/s
step_00500 ✓ [ 100% ] 0000/0100 VUs  30s        500.00 iters/s
step_00550 ✓ [ 100% ] 0000/0112 VUs  30s        550.00 iters/s
step_00600 ✓ [ 100% ] 0000/0120 VUs  30s        600.00 iters/s
step_00650 ✓ [ 100% ] 0000/0130 VUs  30s        650.00 iters/s
step_00700 ✓ [ 100% ] 0000/0140 VUs  30s        700.00 iters/s
step_00750 ✓ [ 100% ] 0000/0150 VUs  30s        750.00 iters/s
step_00800 ✓ [ 100% ] 0000/0160 VUs  30s        800.00 iters/s
step_00850 ✓ [ 100% ] 0000/0170 VUs  30s        850.00 iters/s
step_00900   [   7% ] 0001/0180 VUs  02.0s/30s  900.00 iters/s
step_00950 • [   0% ] waiting        0m28.0s   
step_01000 • [   0% ] waiting        0m58.0s   

running (08m32.9s), 0001/0392 VUs, 232178 complete and 0 interrupted iterations
step_00050 ✓ [ 100% ] 000/020 VUs    30s        50.00 iters/s
step_00100 ✓ [ 100% ] 000/020 VUs    30s        100.00 iters/s
step_00150 ✓ [ 100% ] 000/030 VUs    30s        150.00 iters/s
step_00200 ✓ [ 100% ] 000/040 VUs    30s        200.00 iters/s
step_00250 ✓ [ 100% ] 000/050 VUs    30s        250.00 iters/s
step_00300 ✓ [ 100% ] 000/060 VUs    30s        300.00 iters/s
step_00350 ✓ [ 100% ] 0000/0070 VUs  30s        350.00 iters/s
step_00400 ✓ [ 100% ] 0000/0080 VUs  30s        400.00 iters/s
step_00450 ✓ [ 100% ] 0000/0090 VUs  30s        450.00 iters/s
step_00500 ✓ [ 100% ] 0000/0100 VUs  30s        500.00 iters/s
step_00550 ✓ [ 100% ] 0000/0112 VUs  30s        550.00 iters/s
step_00600 ✓ [ 100% ] 0000/0120 VUs  30s        600.00 iters/s
step_00650 ✓ [ 100% ] 0000/0130 VUs  30s        650.00 iters/s
step_00700 ✓ [ 100% ] 0000/0140 VUs  30s        700.00 iters/s
step_00750 ✓ [ 100% ] 0000/0150 VUs  30s        750.00 iters/s
step_00800 ✓ [ 100% ] 0000/0160 VUs  30s        800.00 iters/s
step_00850 ✓ [ 100% ] 0000/0170 VUs  30s        850.00 iters/s
step_00900   [  10% ] 0000/0180 VUs  03.0s/30s  900.00 iters/s
step_00950 • [   0% ] waiting        0m27.0s   
step_01000 • [   0% ] waiting        0m57.0s   

running (08m33.9s), 0003/0392 VUs, 233076 complete and 0 interrupted iterations
step_00050 ✓ [ 100% ] 000/020 VUs    30s        50.00 iters/s
step_00100 ✓ [ 100% ] 000/020 VUs    30s        100.00 iters/s
step_00150 ✓ [ 100% ] 000/030 VUs    30s        150.00 iters/s
step_00200 ✓ [ 100% ] 000/040 VUs    30s        200.00 iters/s
step_00250 ✓ [ 100% ] 000/050 VUs    30s        250.00 iters/s
step_00300 ✓ [ 100% ] 000/060 VUs    30s        300.00 iters/s
step_00350 ✓ [ 100% ] 0000/0070 VUs  30s        350.00 iters/s
step_00400 ✓ [ 100% ] 0000/0080 VUs  30s        400.00 iters/s
step_00450 ✓ [ 100% ] 0000/0090 VUs  30s        450.00 iters/s
step_00500 ✓ [ 100% ] 0000/0100 VUs  30s        500.00 iters/s
step_00550 ✓ [ 100% ] 0000/0112 VUs  30s        550.00 iters/s
step_00600 ✓ [ 100% ] 0000/0120 VUs  30s        600.00 iters/s
step_00650 ✓ [ 100% ] 0000/0130 VUs  30s        650.00 iters/s
step_00700 ✓ [ 100% ] 0000/0140 VUs  30s        700.00 iters/s
step_00750 ✓ [ 100% ] 0000/0150 VUs  30s        750.00 iters/s
step_00800 ✓ [ 100% ] 0000/0160 VUs  30s        800.00 iters/s
step_00850 ✓ [ 100% ] 0000/0170 VUs  30s        850.00 iters/s
step_00900   [  13% ] 0003/0180 VUs  04.0s/30s  900.00 iters/s
step_00950 • [   0% ] waiting        0m26.0s   
step_01000 • [   0% ] waiting        0m56.0s   

running (08m34.9s), 0001/0392 VUs, 233978 complete and 0 interrupted iterations
step_00050 ✓ [ 100% ] 000/020 VUs    30s        50.00 iters/s
step_00100 ✓ [ 100% ] 000/020 VUs    30s        100.00 iters/s
step_00150 ✓ [ 100% ] 000/030 VUs    30s        150.00 iters/s
step_00200 ✓ [ 100% ] 000/040 VUs    30s        200.00 iters/s
step_00250 ✓ [ 100% ] 000/050 VUs    30s        250.00 iters/s
step_00300 ✓ [ 100% ] 000/060 VUs    30s        300.00 iters/s
step_00350 ✓ [ 100% ] 0000/0070 VUs  30s        350.00 iters/s
step_00400 ✓ [ 100% ] 0000/0080 VUs  30s        400.00 iters/s
step_00450 ✓ [ 100% ] 0000/0090 VUs  30s        450.00 iters/s
step_00500 ✓ [ 100% ] 0000/0100 VUs  30s        500.00 iters/s
step_00550 ✓ [ 100% ] 0000/0112 VUs  30s        550.00 iters/s
step_00600 ✓ [ 100% ] 0000/0120 VUs  30s        600.00 iters/s
step_00650 ✓ [ 100% ] 0000/0130 VUs  30s        650.00 iters/s
step_00700 ✓ [ 100% ] 0000/0140 VUs  30s        700.00 iters/s
step_00750 ✓ [ 100% ] 0000/0150 VUs  30s        750.00 iters/s
step_00800 ✓ [ 100% ] 0000/0160 VUs  30s        800.00 iters/s
step_00850 ✓ [ 100% ] 0000/0170 VUs  30s        850.00 iters/s
step_00900   [  17% ] 0001/0180 VUs  05.0s/30s  900.00 iters/s
step_00950 • [   0% ] waiting        0m25.0s   
step_01000 • [   0% ] waiting        0m55.0s   

running (08m35.9s), 0001/0392 VUs, 234878 complete and 0 interrupted iterations
step_00050 ✓ [ 100% ] 000/020 VUs    30s        50.00 iters/s
step_00100 ✓ [ 100% ] 000/020 VUs    30s        100.00 iters/s
step_00150 ✓ [ 100% ] 000/030 VUs    30s        150.00 iters/s
step_00200 ✓ [ 100% ] 000/040 VUs    30s        200.00 iters/s
step_00250 ✓ [ 100% ] 000/050 VUs    30s        250.00 iters/s
step_00300 ✓ [ 100% ] 000/060 VUs    30s        300.00 iters/s
step_00350 ✓ [ 100% ] 0000/0070 VUs  30s        350.00 iters/s
step_00400 ✓ [ 100% ] 0000/0080 VUs  30s        400.00 iters/s
step_00450 ✓ [ 100% ] 0000/0090 VUs  30s        450.00 iters/s
step_00500 ✓ [ 100% ] 0000/0100 VUs  30s        500.00 iters/s
step_00550 ✓ [ 100% ] 0000/0112 VUs  30s        550.00 iters/s
step_00600 ✓ [ 100% ] 0000/0120 VUs  30s        600.00 iters/s
step_00650 ✓ [ 100% ] 0000/0130 VUs  30s        650.00 iters/s
step_00700 ✓ [ 100% ] 0000/0140 VUs  30s        700.00 iters/s
step_00750 ✓ [ 100% ] 0000/0150 VUs  30s        750.00 iters/s
step_00800 ✓ [ 100% ] 0000/0160 VUs  30s        800.00 iters/s
step_00850 ✓ [ 100% ] 0000/0170 VUs  30s        850.00 iters/s
step_00900   [  20% ] 0001/0180 VUs  06.0s/30s  900.00 iters/s
step_00950 • [   0% ] waiting        0m24.0s   
step_01000 • [   0% ] waiting        0m54.0s   

running (08m36.9s), 0001/0392 VUs, 235778 complete and 0 interrupted iterations
step_00050 ✓ [ 100% ] 000/020 VUs    30s        50.00 iters/s
step_00100 ✓ [ 100% ] 000/020 VUs    30s        100.00 iters/s
step_00150 ✓ [ 100% ] 000/030 VUs    30s        150.00 iters/s
step_00200 ✓ [ 100% ] 000/040 VUs    30s        200.00 iters/s
step_00250 ✓ [ 100% ] 000/050 VUs    30s        250.00 iters/s
step_00300 ✓ [ 100% ] 000/060 VUs    30s        300.00 iters/s
step_00350 ✓ [ 100% ] 0000/0070 VUs  30s        350.00 iters/s
step_00400 ✓ [ 100% ] 0000/0080 VUs  30s        400.00 iters/s
step_00450 ✓ [ 100% ] 0000/0090 VUs  30s        450.00 iters/s
step_00500 ✓ [ 100% ] 0000/0100 VUs  30s        500.00 iters/s
step_00550 ✓ [ 100% ] 0000/0112 VUs  30s        550.00 iters/s
step_00600 ✓ [ 100% ] 0000/0120 VUs  30s        600.00 iters/s
step_00650 ✓ [ 100% ] 0000/0130 VUs  30s        650.00 iters/s
step_00700 ✓ [ 100% ] 0000/0140 VUs  30s        700.00 iters/s
step_00750 ✓ [ 100% ] 0000/0150 VUs  30s        750.00 iters/s
step_00800 ✓ [ 100% ] 0000/0160 VUs  30s        800.00 iters/s
step_00850 ✓ [ 100% ] 0000/0170 VUs  30s        850.00 iters/s
step_00900   [  23% ] 0001/0180 VUs  07.0s/30s  900.00 iters/s
step_00950 • [   0% ] waiting        0m23.0s   
step_01000 • [   0% ] waiting        0m53.0s   

running (08m37.9s), 0000/0392 VUs, 236679 complete and 0 interrupted iterations
step_00050 ✓ [ 100% ] 000/020 VUs    30s        50.00 iters/s
step_00100 ✓ [ 100% ] 000/020 VUs    30s        100.00 iters/s
step_00150 ✓ [ 100% ] 000/030 VUs    30s        150.00 iters/s
step_00200 ✓ [ 100% ] 000/040 VUs    30s        200.00 iters/s
step_00250 ✓ [ 100% ] 000/050 VUs    30s        250.00 iters/s
step_00300 ✓ [ 100% ] 000/060 VUs    30s        300.00 iters/s
step_00350 ✓ [ 100% ] 0000/0070 VUs  30s        350.00 iters/s
step_00400 ✓ [ 100% ] 0000/0080 VUs  30s        400.00 iters/s
step_00450 ✓ [ 100% ] 0000/0090 VUs  30s        450.00 iters/s
step_00500 ✓ [ 100% ] 0000/0100 VUs  30s        500.00 iters/s
step_00550 ✓ [ 100% ] 0000/0112 VUs  30s        550.00 iters/s
step_00600 ✓ [ 100% ] 0000/0120 VUs  30s        600.00 iters/s
step_00650 ✓ [ 100% ] 0000/0130 VUs  30s        650.00 iters/s
step_00700 ✓ [ 100% ] 0000/0140 VUs  30s        700.00 iters/s
step_00750 ✓ [ 100% ] 0000/0150 VUs  30s        750.00 iters/s
step_00800 ✓ [ 100% ] 0000/0160 VUs  30s        800.00 iters/s
step_00850 ✓ [ 100% ] 0000/0170 VUs  30s        850.00 iters/s
step_00900   [  27% ] 0000/0180 VUs  08.0s/30s  900.00 iters/s
step_00950 • [   0% ] waiting        0m22.0s   
step_01000 • [   0% ] waiting        0m52.0s   

running (08m38.9s), 0009/0392 VUs, 237570 complete and 0 interrupted iterations
step_00050 ✓ [ 100% ] 000/020 VUs    30s        50.00 iters/s
step_00100 ✓ [ 100% ] 000/020 VUs    30s        100.00 iters/s
step_00150 ✓ [ 100% ] 000/030 VUs    30s        150.00 iters/s
step_00200 ✓ [ 100% ] 000/040 VUs    30s        200.00 iters/s
step_00250 ✓ [ 100% ] 000/050 VUs    30s        250.00 iters/s
step_00300 ✓ [ 100% ] 000/060 VUs    30s        300.00 iters/s
step_00350 ✓ [ 100% ] 0000/0070 VUs  30s        350.00 iters/s
step_00400 ✓ [ 100% ] 0000/0080 VUs  30s        400.00 iters/s
step_00450 ✓ [ 100% ] 0000/0090 VUs  30s        450.00 iters/s
step_00500 ✓ [ 100% ] 0000/0100 VUs  30s        500.00 iters/s
step_00550 ✓ [ 100% ] 0000/0112 VUs  30s        550.00 iters/s
step_00600 ✓ [ 100% ] 0000/0120 VUs  30s        600.00 iters/s
step_00650 ✓ [ 100% ] 0000/0130 VUs  30s        650.00 iters/s
step_00700 ✓ [ 100% ] 0000/0140 VUs  30s        700.00 iters/s
step_00750 ✓ [ 100% ] 0000/0150 VUs  30s        750.00 iters/s
step_00800 ✓ [ 100% ] 0000/0160 VUs  30s        800.00 iters/s
step_00850 ✓ [ 100% ] 0000/0170 VUs  30s        850.00 iters/s
step_00900   [  30% ] 0009/0180 VUs  09.0s/30s  900.00 iters/s
step_00950 • [   0% ] waiting        0m21.0s   
step_01000 • [   0% ] waiting        0m51.0s   

running (08m39.9s), 0001/0392 VUs, 238478 complete and 0 interrupted iterations
step_00050 ✓ [ 100% ] 000/020 VUs    30s        50.00 iters/s
step_00100 ✓ [ 100% ] 000/020 VUs    30s        100.00 iters/s
step_00150 ✓ [ 100% ] 000/030 VUs    30s        150.00 iters/s
step_00200 ✓ [ 100% ] 000/040 VUs    30s        200.00 iters/s
step_00250 ✓ [ 100% ] 000/050 VUs    30s        250.00 iters/s
step_00300 ✓ [ 100% ] 000/060 VUs    30s        300.00 iters/s
step_00350 ✓ [ 100% ] 0000/0070 VUs  30s        350.00 iters/s
step_00400 ✓ [ 100% ] 0000/0080 VUs  30s        400.00 iters/s
step_00450 ✓ [ 100% ] 0000/0090 VUs  30s        450.00 iters/s
step_00500 ✓ [ 100% ] 0000/0100 VUs  30s        500.00 iters/s
step_00550 ✓ [ 100% ] 0000/0112 VUs  30s        550.00 iters/s
step_00600 ✓ [ 100% ] 0000/0120 VUs  30s        600.00 iters/s
step_00650 ✓ [ 100% ] 0000/0130 VUs  30s        650.00 iters/s
step_00700 ✓ [ 100% ] 0000/0140 VUs  30s        700.00 iters/s
step_00750 ✓ [ 100% ] 0000/0150 VUs  30s        750.00 iters/s
step_00800 ✓ [ 100% ] 0000/0160 VUs  30s        800.00 iters/s
step_00850 ✓ [ 100% ] 0000/0170 VUs  30s        850.00 iters/s
step_00900   [  33% ] 0001/0180 VUs  10.0s/30s  900.00 iters/s
step_00950 • [   0% ] waiting        0m20.0s   
step_01000 • [   0% ] waiting        0m50.0s   

running (08m40.9s), 0001/0392 VUs, 239378 complete and 0 interrupted iterations
step_00050 ✓ [ 100% ] 000/020 VUs    30s        50.00 iters/s
step_00100 ✓ [ 100% ] 000/020 VUs    30s        100.00 iters/s
step_00150 ✓ [ 100% ] 000/030 VUs    30s        150.00 iters/s
step_00200 ✓ [ 100% ] 000/040 VUs    30s        200.00 iters/s
step_00250 ✓ [ 100% ] 000/050 VUs    30s        250.00 iters/s
step_00300 ✓ [ 100% ] 000/060 VUs    30s        300.00 iters/s
step_00350 ✓ [ 100% ] 0000/0070 VUs  30s        350.00 iters/s
step_00400 ✓ [ 100% ] 0000/0080 VUs  30s        400.00 iters/s
step_00450 ✓ [ 100% ] 0000/0090 VUs  30s        450.00 iters/s
step_00500 ✓ [ 100% ] 0000/0100 VUs  30s        500.00 iters/s
step_00550 ✓ [ 100% ] 0000/0112 VUs  30s        550.00 iters/s
step_00600 ✓ [ 100% ] 0000/0120 VUs  30s        600.00 iters/s
step_00650 ✓ [ 100% ] 0000/0130 VUs  30s        650.00 iters/s
step_00700 ✓ [ 100% ] 0000/0140 VUs  30s        700.00 iters/s
step_00750 ✓ [ 100% ] 0000/0150 VUs  30s        750.00 iters/s
step_00800 ✓ [ 100% ] 0000/0160 VUs  30s        800.00 iters/s
step_00850 ✓ [ 100% ] 0000/0170 VUs  30s        850.00 iters/s
step_00900   [  37% ] 0001/0180 VUs  11.0s/30s  900.00 iters/s
step_00950 • [   0% ] waiting        0m19.0s   
step_01000 • [   0% ] waiting        0m49.0s   

running (08m41.9s), 0001/0392 VUs, 240278 complete and 0 interrupted iterations
step_00050 ✓ [ 100% ] 000/020 VUs    30s        50.00 iters/s
step_00100 ✓ [ 100% ] 000/020 VUs    30s        100.00 iters/s
step_00150 ✓ [ 100% ] 000/030 VUs    30s        150.00 iters/s
step_00200 ✓ [ 100% ] 000/040 VUs    30s        200.00 iters/s
step_00250 ✓ [ 100% ] 000/050 VUs    30s        250.00 iters/s
step_00300 ✓ [ 100% ] 000/060 VUs    30s        300.00 iters/s
step_00350 ✓ [ 100% ] 0000/0070 VUs  30s        350.00 iters/s
step_00400 ✓ [ 100% ] 0000/0080 VUs  30s        400.00 iters/s
step_00450 ✓ [ 100% ] 0000/0090 VUs  30s        450.00 iters/s
step_00500 ✓ [ 100% ] 0000/0100 VUs  30s        500.00 iters/s
step_00550 ✓ [ 100% ] 0000/0112 VUs  30s        550.00 iters/s
step_00600 ✓ [ 100% ] 0000/0120 VUs  30s        600.00 iters/s
step_00650 ✓ [ 100% ] 0000/0130 VUs  30s        650.00 iters/s
step_00700 ✓ [ 100% ] 0000/0140 VUs  30s        700.00 iters/s
step_00750 ✓ [ 100% ] 0000/0150 VUs  30s        750.00 iters/s
step_00800 ✓ [ 100% ] 0000/0160 VUs  30s        800.00 iters/s
step_00850 ✓ [ 100% ] 0000/0170 VUs  30s        850.00 iters/s
step_00900   [  40% ] 0001/0180 VUs  12.0s/30s  900.00 iters/s
step_00950 • [   0% ] waiting        0m18.0s   
step_01000 • [   0% ] waiting        0m48.0s   

running (08m42.9s), 0005/0392 VUs, 241174 complete and 0 interrupted iterations
step_00050 ✓ [ 100% ] 000/020 VUs    30s        50.00 iters/s
step_00100 ✓ [ 100% ] 000/020 VUs    30s        100.00 iters/s
step_00150 ✓ [ 100% ] 000/030 VUs    30s        150.00 iters/s
step_00200 ✓ [ 100% ] 000/040 VUs    30s        200.00 iters/s
step_00250 ✓ [ 100% ] 000/050 VUs    30s        250.00 iters/s
step_00300 ✓ [ 100% ] 000/060 VUs    30s        300.00 iters/s
step_00350 ✓ [ 100% ] 0000/0070 VUs  30s        350.00 iters/s
step_00400 ✓ [ 100% ] 0000/0080 VUs  30s        400.00 iters/s
step_00450 ✓ [ 100% ] 0000/0090 VUs  30s        450.00 iters/s
step_00500 ✓ [ 100% ] 0000/0100 VUs  30s        500.00 iters/s
step_00550 ✓ [ 100% ] 0000/0112 VUs  30s        550.00 iters/s
step_00600 ✓ [ 100% ] 0000/0120 VUs  30s        600.00 iters/s
step_00650 ✓ [ 100% ] 0000/0130 VUs  30s        650.00 iters/s
step_00700 ✓ [ 100% ] 0000/0140 VUs  30s        700.00 iters/s
step_00750 ✓ [ 100% ] 0000/0150 VUs  30s        750.00 iters/s
step_00800 ✓ [ 100% ] 0000/0160 VUs  30s        800.00 iters/s
step_00850 ✓ [ 100% ] 0000/0170 VUs  30s        850.00 iters/s
step_00900   [  43% ] 0005/0180 VUs  13.0s/30s  900.00 iters/s
step_00950 • [   0% ] waiting        0m17.0s   
step_01000 • [   0% ] waiting        0m47.0s   

running (08m43.9s), 0006/0392 VUs, 242073 complete and 0 interrupted iterations
step_00050 ✓ [ 100% ] 000/020 VUs    30s        50.00 iters/s
step_00100 ✓ [ 100% ] 000/020 VUs    30s        100.00 iters/s
step_00150 ✓ [ 100% ] 000/030 VUs    30s        150.00 iters/s
step_00200 ✓ [ 100% ] 000/040 VUs    30s        200.00 iters/s
step_00250 ✓ [ 100% ] 000/050 VUs    30s        250.00 iters/s
step_00300 ✓ [ 100% ] 000/060 VUs    30s        300.00 iters/s
step_00350 ✓ [ 100% ] 0000/0070 VUs  30s        350.00 iters/s
step_00400 ✓ [ 100% ] 0000/0080 VUs  30s        400.00 iters/s
step_00450 ✓ [ 100% ] 0000/0090 VUs  30s        450.00 iters/s
step_00500 ✓ [ 100% ] 0000/0100 VUs  30s        500.00 iters/s
step_00550 ✓ [ 100% ] 0000/0112 VUs  30s        550.00 iters/s
step_00600 ✓ [ 100% ] 0000/0120 VUs  30s        600.00 iters/s
step_00650 ✓ [ 100% ] 0000/0130 VUs  30s        650.00 iters/s
step_00700 ✓ [ 100% ] 0000/0140 VUs  30s        700.00 iters/s
step_00750 ✓ [ 100% ] 0000/0150 VUs  30s        750.00 iters/s
step_00800 ✓ [ 100% ] 0000/0160 VUs  30s        800.00 iters/s
step_00850 ✓ [ 100% ] 0000/0170 VUs  30s        850.00 iters/s
step_00900   [  47% ] 0006/0180 VUs  14.0s/30s  900.00 iters/s
step_00950 • [   0% ] waiting        0m16.0s   
step_01000 • [   0% ] waiting        0m46.0s   

running (08m44.9s), 0002/0392 VUs, 242977 complete and 0 interrupted iterations
step_00050 ✓ [ 100% ] 000/020 VUs    30s        50.00 iters/s
step_00100 ✓ [ 100% ] 000/020 VUs    30s        100.00 iters/s
step_00150 ✓ [ 100% ] 000/030 VUs    30s        150.00 iters/s
step_00200 ✓ [ 100% ] 000/040 VUs    30s        200.00 iters/s
step_00250 ✓ [ 100% ] 000/050 VUs    30s        250.00 iters/s
step_00300 ✓ [ 100% ] 000/060 VUs    30s        300.00 iters/s
step_00350 ✓ [ 100% ] 0000/0070 VUs  30s        350.00 iters/s
step_00400 ✓ [ 100% ] 0000/0080 VUs  30s        400.00 iters/s
step_00450 ✓ [ 100% ] 0000/0090 VUs  30s        450.00 iters/s
step_00500 ✓ [ 100% ] 0000/0100 VUs  30s        500.00 iters/s
step_00550 ✓ [ 100% ] 0000/0112 VUs  30s        550.00 iters/s
step_00600 ✓ [ 100% ] 0000/0120 VUs  30s        600.00 iters/s
step_00650 ✓ [ 100% ] 0000/0130 VUs  30s        650.00 iters/s
step_00700 ✓ [ 100% ] 0000/0140 VUs  30s        700.00 iters/s
step_00750 ✓ [ 100% ] 0000/0150 VUs  30s        750.00 iters/s
step_00800 ✓ [ 100% ] 0000/0160 VUs  30s        800.00 iters/s
step_00850 ✓ [ 100% ] 0000/0170 VUs  30s        850.00 iters/s
step_00900   [  50% ] 0002/0180 VUs  15.0s/30s  900.00 iters/s
step_00950 • [   0% ] waiting        0m15.0s   
step_01000 • [   0% ] waiting        0m45.0s   

running (08m45.9s), 0001/0392 VUs, 243878 complete and 0 interrupted iterations
step_00050 ✓ [ 100% ] 000/020 VUs    30s        50.00 iters/s
step_00100 ✓ [ 100% ] 000/020 VUs    30s        100.00 iters/s
step_00150 ✓ [ 100% ] 000/030 VUs    30s        150.00 iters/s
step_00200 ✓ [ 100% ] 000/040 VUs    30s        200.00 iters/s
step_00250 ✓ [ 100% ] 000/050 VUs    30s        250.00 iters/s
step_00300 ✓ [ 100% ] 000/060 VUs    30s        300.00 iters/s
step_00350 ✓ [ 100% ] 0000/0070 VUs  30s        350.00 iters/s
step_00400 ✓ [ 100% ] 0000/0080 VUs  30s        400.00 iters/s
step_00450 ✓ [ 100% ] 0000/0090 VUs  30s        450.00 iters/s
step_00500 ✓ [ 100% ] 0000/0100 VUs  30s        500.00 iters/s
step_00550 ✓ [ 100% ] 0000/0112 VUs  30s        550.00 iters/s
step_00600 ✓ [ 100% ] 0000/0120 VUs  30s        600.00 iters/s
step_00650 ✓ [ 100% ] 0000/0130 VUs  30s        650.00 iters/s
step_00700 ✓ [ 100% ] 0000/0140 VUs  30s        700.00 iters/s
step_00750 ✓ [ 100% ] 0000/0150 VUs  30s        750.00 iters/s
step_00800 ✓ [ 100% ] 0000/0160 VUs  30s        800.00 iters/s
step_00850 ✓ [ 100% ] 0000/0170 VUs  30s        850.00 iters/s
step_00900   [  53% ] 0001/0180 VUs  16.0s/30s  900.00 iters/s
step_00950 • [   0% ] waiting        0m14.0s   
step_01000 • [   0% ] waiting        0m44.0s   

running (08m46.9s), 0000/0392 VUs, 244779 complete and 0 interrupted iterations
step_00050 ✓ [ 100% ] 000/020 VUs    30s        50.00 iters/s
step_00100 ✓ [ 100% ] 000/020 VUs    30s        100.00 iters/s
step_00150 ✓ [ 100% ] 000/030 VUs    30s        150.00 iters/s
step_00200 ✓ [ 100% ] 000/040 VUs    30s        200.00 iters/s
step_00250 ✓ [ 100% ] 000/050 VUs    30s        250.00 iters/s
step_00300 ✓ [ 100% ] 000/060 VUs    30s        300.00 iters/s
step_00350 ✓ [ 100% ] 0000/0070 VUs  30s        350.00 iters/s
step_00400 ✓ [ 100% ] 0000/0080 VUs  30s        400.00 iters/s
step_00450 ✓ [ 100% ] 0000/0090 VUs  30s        450.00 iters/s
step_00500 ✓ [ 100% ] 0000/0100 VUs  30s        500.00 iters/s
step_00550 ✓ [ 100% ] 0000/0112 VUs  30s        550.00 iters/s
step_00600 ✓ [ 100% ] 0000/0120 VUs  30s        600.00 iters/s
step_00650 ✓ [ 100% ] 0000/0130 VUs  30s        650.00 iters/s
step_00700 ✓ [ 100% ] 0000/0140 VUs  30s        700.00 iters/s
step_00750 ✓ [ 100% ] 0000/0150 VUs  30s        750.00 iters/s
step_00800 ✓ [ 100% ] 0000/0160 VUs  30s        800.00 iters/s
step_00850 ✓ [ 100% ] 0000/0170 VUs  30s        850.00 iters/s
step_00900   [  57% ] 0000/0180 VUs  17.0s/30s  900.00 iters/s
step_00950 • [   0% ] waiting        0m13.0s   
step_01000 • [   0% ] waiting        0m43.0s   

running (08m47.9s), 0001/0392 VUs, 245678 complete and 0 interrupted iterations
step_00050 ✓ [ 100% ] 000/020 VUs    30s        50.00 iters/s
step_00100 ✓ [ 100% ] 000/020 VUs    30s        100.00 iters/s
step_00150 ✓ [ 100% ] 000/030 VUs    30s        150.00 iters/s
step_00200 ✓ [ 100% ] 000/040 VUs    30s        200.00 iters/s
step_00250 ✓ [ 100% ] 000/050 VUs    30s        250.00 iters/s
step_00300 ✓ [ 100% ] 000/060 VUs    30s        300.00 iters/s
step_00350 ✓ [ 100% ] 0000/0070 VUs  30s        350.00 iters/s
step_00400 ✓ [ 100% ] 0000/0080 VUs  30s        400.00 iters/s
step_00450 ✓ [ 100% ] 0000/0090 VUs  30s        450.00 iters/s
step_00500 ✓ [ 100% ] 0000/0100 VUs  30s        500.00 iters/s
step_00550 ✓ [ 100% ] 0000/0112 VUs  30s        550.00 iters/s
step_00600 ✓ [ 100% ] 0000/0120 VUs  30s        600.00 iters/s
step_00650 ✓ [ 100% ] 0000/0130 VUs  30s        650.00 iters/s
step_00700 ✓ [ 100% ] 0000/0140 VUs  30s        700.00 iters/s
step_00750 ✓ [ 100% ] 0000/0150 VUs  30s        750.00 iters/s
step_00800 ✓ [ 100% ] 0000/0160 VUs  30s        800.00 iters/s
step_00850 ✓ [ 100% ] 0000/0170 VUs  30s        850.00 iters/s
step_00900   [  60% ] 0001/0180 VUs  18.0s/30s  900.00 iters/s
step_00950 • [   0% ] waiting        0m12.0s   
step_01000 • [   0% ] waiting        0m42.0s   

running (08m48.9s), 0000/0392 VUs, 246579 complete and 0 interrupted iterations
step_00050 ✓ [ 100% ] 000/020 VUs    30s        50.00 iters/s
step_00100 ✓ [ 100% ] 000/020 VUs    30s        100.00 iters/s
step_00150 ✓ [ 100% ] 000/030 VUs    30s        150.00 iters/s
step_00200 ✓ [ 100% ] 000/040 VUs    30s        200.00 iters/s
step_00250 ✓ [ 100% ] 000/050 VUs    30s        250.00 iters/s
step_00300 ✓ [ 100% ] 000/060 VUs    30s        300.00 iters/s
step_00350 ✓ [ 100% ] 0000/0070 VUs  30s        350.00 iters/s
step_00400 ✓ [ 100% ] 0000/0080 VUs  30s        400.00 iters/s
step_00450 ✓ [ 100% ] 0000/0090 VUs  30s        450.00 iters/s
step_00500 ✓ [ 100% ] 0000/0100 VUs  30s        500.00 iters/s
step_00550 ✓ [ 100% ] 0000/0112 VUs  30s        550.00 iters/s
step_00600 ✓ [ 100% ] 0000/0120 VUs  30s        600.00 iters/s
step_00650 ✓ [ 100% ] 0000/0130 VUs  30s        650.00 iters/s
step_00700 ✓ [ 100% ] 0000/0140 VUs  30s        700.00 iters/s
step_00750 ✓ [ 100% ] 0000/0150 VUs  30s        750.00 iters/s
step_00800 ✓ [ 100% ] 0000/0160 VUs  30s        800.00 iters/s
step_00850 ✓ [ 100% ] 0000/0170 VUs  30s        850.00 iters/s
step_00900   [  63% ] 0000/0180 VUs  19.0s/30s  900.00 iters/s
step_00950 • [   0% ] waiting        0m11.0s   
step_01000 • [   0% ] waiting        0m41.0s   

running (08m49.9s), 0000/0392 VUs, 247479 complete and 0 interrupted iterations
step_00050 ✓ [ 100% ] 000/020 VUs    30s        50.00 iters/s
step_00100 ✓ [ 100% ] 000/020 VUs    30s        100.00 iters/s
step_00150 ✓ [ 100% ] 000/030 VUs    30s        150.00 iters/s
step_00200 ✓ [ 100% ] 000/040 VUs    30s        200.00 iters/s
step_00250 ✓ [ 100% ] 000/050 VUs    30s        250.00 iters/s
step_00300 ✓ [ 100% ] 000/060 VUs    30s        300.00 iters/s
step_00350 ✓ [ 100% ] 0000/0070 VUs  30s        350.00 iters/s
step_00400 ✓ [ 100% ] 0000/0080 VUs  30s        400.00 iters/s
step_00450 ✓ [ 100% ] 0000/0090 VUs  30s        450.00 iters/s
step_00500 ✓ [ 100% ] 0000/0100 VUs  30s        500.00 iters/s
step_00550 ✓ [ 100% ] 0000/0112 VUs  30s        550.00 iters/s
step_00600 ✓ [ 100% ] 0000/0120 VUs  30s        600.00 iters/s
step_00650 ✓ [ 100% ] 0000/0130 VUs  30s        650.00 iters/s
step_00700 ✓ [ 100% ] 0000/0140 VUs  30s        700.00 iters/s
step_00750 ✓ [ 100% ] 0000/0150 VUs  30s        750.00 iters/s
step_00800 ✓ [ 100% ] 0000/0160 VUs  30s        800.00 iters/s
step_00850 ✓ [ 100% ] 0000/0170 VUs  30s        850.00 iters/s
step_00900   [  67% ] 0000/0180 VUs  20.0s/30s  900.00 iters/s
step_00950 • [   0% ] waiting        0m10.0s   
step_01000 • [   0% ] waiting        0m40.0s   

running (08m50.9s), 0000/0392 VUs, 248379 complete and 0 interrupted iterations
step_00050 ✓ [ 100% ] 000/020 VUs    30s        50.00 iters/s
step_00100 ✓ [ 100% ] 000/020 VUs    30s        100.00 iters/s
step_00150 ✓ [ 100% ] 000/030 VUs    30s        150.00 iters/s
step_00200 ✓ [ 100% ] 000/040 VUs    30s        200.00 iters/s
step_00250 ✓ [ 100% ] 000/050 VUs    30s        250.00 iters/s
step_00300 ✓ [ 100% ] 000/060 VUs    30s        300.00 iters/s
step_00350 ✓ [ 100% ] 0000/0070 VUs  30s        350.00 iters/s
step_00400 ✓ [ 100% ] 0000/0080 VUs  30s        400.00 iters/s
step_00450 ✓ [ 100% ] 0000/0090 VUs  30s        450.00 iters/s
step_00500 ✓ [ 100% ] 0000/0100 VUs  30s        500.00 iters/s
step_00550 ✓ [ 100% ] 0000/0112 VUs  30s        550.00 iters/s
step_00600 ✓ [ 100% ] 0000/0120 VUs  30s        600.00 iters/s
step_00650 ✓ [ 100% ] 0000/0130 VUs  30s        650.00 iters/s
step_00700 ✓ [ 100% ] 0000/0140 VUs  30s        700.00 iters/s
step_00750 ✓ [ 100% ] 0000/0150 VUs  30s        750.00 iters/s
step_00800 ✓ [ 100% ] 0000/0160 VUs  30s        800.00 iters/s
step_00850 ✓ [ 100% ] 0000/0170 VUs  30s        850.00 iters/s
step_00900   [  70% ] 0000/0180 VUs  21.0s/30s  900.00 iters/s
step_00950 • [   0% ] waiting        0m09.0s   
step_01000 • [   0% ] waiting        0m39.0s   

running (08m51.9s), 0000/0392 VUs, 249279 complete and 0 interrupted iterations
step_00050 ✓ [ 100% ] 000/020 VUs    30s        50.00 iters/s
step_00100 ✓ [ 100% ] 000/020 VUs    30s        100.00 iters/s
step_00150 ✓ [ 100% ] 000/030 VUs    30s        150.00 iters/s
step_00200 ✓ [ 100% ] 000/040 VUs    30s        200.00 iters/s
step_00250 ✓ [ 100% ] 000/050 VUs    30s        250.00 iters/s
step_00300 ✓ [ 100% ] 000/060 VUs    30s        300.00 iters/s
step_00350 ✓ [ 100% ] 0000/0070 VUs  30s        350.00 iters/s
step_00400 ✓ [ 100% ] 0000/0080 VUs  30s        400.00 iters/s
step_00450 ✓ [ 100% ] 0000/0090 VUs  30s        450.00 iters/s
step_00500 ✓ [ 100% ] 0000/0100 VUs  30s        500.00 iters/s
step_00550 ✓ [ 100% ] 0000/0112 VUs  30s        550.00 iters/s
step_00600 ✓ [ 100% ] 0000/0120 VUs  30s        600.00 iters/s
step_00650 ✓ [ 100% ] 0000/0130 VUs  30s        650.00 iters/s
step_00700 ✓ [ 100% ] 0000/0140 VUs  30s        700.00 iters/s
step_00750 ✓ [ 100% ] 0000/0150 VUs  30s        750.00 iters/s
step_00800 ✓ [ 100% ] 0000/0160 VUs  30s        800.00 iters/s
step_00850 ✓ [ 100% ] 0000/0170 VUs  30s        850.00 iters/s
step_00900   [  73% ] 0000/0180 VUs  22.0s/30s  900.00 iters/s
step_00950 • [   0% ] waiting        0m08.0s   
step_01000 • [   0% ] waiting        0m38.0s   

running (08m52.9s), 0001/0392 VUs, 250178 complete and 0 interrupted iterations
step_00050 ✓ [ 100% ] 000/020 VUs    30s        50.00 iters/s
step_00100 ✓ [ 100% ] 000/020 VUs    30s        100.00 iters/s
step_00150 ✓ [ 100% ] 000/030 VUs    30s        150.00 iters/s
step_00200 ✓ [ 100% ] 000/040 VUs    30s        200.00 iters/s
step_00250 ✓ [ 100% ] 000/050 VUs    30s        250.00 iters/s
step_00300 ✓ [ 100% ] 000/060 VUs    30s        300.00 iters/s
step_00350 ✓ [ 100% ] 0000/0070 VUs  30s        350.00 iters/s
step_00400 ✓ [ 100% ] 0000/0080 VUs  30s        400.00 iters/s
step_00450 ✓ [ 100% ] 0000/0090 VUs  30s        450.00 iters/s
step_00500 ✓ [ 100% ] 0000/0100 VUs  30s        500.00 iters/s
step_00550 ✓ [ 100% ] 0000/0112 VUs  30s        550.00 iters/s
step_00600 ✓ [ 100% ] 0000/0120 VUs  30s        600.00 iters/s
step_00650 ✓ [ 100% ] 0000/0130 VUs  30s        650.00 iters/s
step_00700 ✓ [ 100% ] 0000/0140 VUs  30s        700.00 iters/s
step_00750 ✓ [ 100% ] 0000/0150 VUs  30s        750.00 iters/s
step_00800 ✓ [ 100% ] 0000/0160 VUs  30s        800.00 iters/s
step_00850 ✓ [ 100% ] 0000/0170 VUs  30s        850.00 iters/s
step_00900   [  77% ] 0001/0180 VUs  23.0s/30s  900.00 iters/s
step_00950 • [   0% ] waiting        0m07.0s   
step_01000 • [   0% ] waiting        0m37.0s   

running (08m53.9s), 0021/0392 VUs, 251058 complete and 0 interrupted iterations
step_00050 ✓ [ 100% ] 000/020 VUs    30s        50.00 iters/s
step_00100 ✓ [ 100% ] 000/020 VUs    30s        100.00 iters/s
step_00150 ✓ [ 100% ] 000/030 VUs    30s        150.00 iters/s
step_00200 ✓ [ 100% ] 000/040 VUs    30s        200.00 iters/s
step_00250 ✓ [ 100% ] 000/050 VUs    30s        250.00 iters/s
step_00300 ✓ [ 100% ] 000/060 VUs    30s        300.00 iters/s
step_00350 ✓ [ 100% ] 0000/0070 VUs  30s        350.00 iters/s
step_00400 ✓ [ 100% ] 0000/0080 VUs  30s        400.00 iters/s
step_00450 ✓ [ 100% ] 0000/0090 VUs  30s        450.00 iters/s
step_00500 ✓ [ 100% ] 0000/0100 VUs  30s        500.00 iters/s
step_00550 ✓ [ 100% ] 0000/0112 VUs  30s        550.00 iters/s
step_00600 ✓ [ 100% ] 0000/0120 VUs  30s        600.00 iters/s
step_00650 ✓ [ 100% ] 0000/0130 VUs  30s        650.00 iters/s
step_00700 ✓ [ 100% ] 0000/0140 VUs  30s        700.00 iters/s
step_00750 ✓ [ 100% ] 0000/0150 VUs  30s        750.00 iters/s
step_00800 ✓ [ 100% ] 0000/0160 VUs  30s        800.00 iters/s
step_00850 ✓ [ 100% ] 0000/0170 VUs  30s        850.00 iters/s
step_00900   [  80% ] 0021/0180 VUs  24.0s/30s  900.00 iters/s
step_00950 • [   0% ] waiting        0m06.0s   
step_01000 • [   0% ] waiting        0m36.0s   

running (08m54.9s), 0003/0392 VUs, 251976 complete and 0 interrupted iterations
step_00050 ✓ [ 100% ] 000/020 VUs    30s        50.00 iters/s
step_00100 ✓ [ 100% ] 000/020 VUs    30s        100.00 iters/s
step_00150 ✓ [ 100% ] 000/030 VUs    30s        150.00 iters/s
step_00200 ✓ [ 100% ] 000/040 VUs    30s        200.00 iters/s
step_00250 ✓ [ 100% ] 000/050 VUs    30s        250.00 iters/s
step_00300 ✓ [ 100% ] 000/060 VUs    30s        300.00 iters/s
step_00350 ✓ [ 100% ] 0000/0070 VUs  30s        350.00 iters/s
step_00400 ✓ [ 100% ] 0000/0080 VUs  30s        400.00 iters/s
step_00450 ✓ [ 100% ] 0000/0090 VUs  30s        450.00 iters/s
step_00500 ✓ [ 100% ] 0000/0100 VUs  30s        500.00 iters/s
step_00550 ✓ [ 100% ] 0000/0112 VUs  30s        550.00 iters/s
step_00600 ✓ [ 100% ] 0000/0120 VUs  30s        600.00 iters/s
step_00650 ✓ [ 100% ] 0000/0130 VUs  30s        650.00 iters/s
step_00700 ✓ [ 100% ] 0000/0140 VUs  30s        700.00 iters/s
step_00750 ✓ [ 100% ] 0000/0150 VUs  30s        750.00 iters/s
step_00800 ✓ [ 100% ] 0000/0160 VUs  30s        800.00 iters/s
step_00850 ✓ [ 100% ] 0000/0170 VUs  30s        850.00 iters/s
step_00900   [  83% ] 0002/0180 VUs  25.0s/30s  900.00 iters/s
step_00950 • [   0% ] waiting        0m05.0s   
step_01000 • [   0% ] waiting        0m35.0s   

running (08m55.9s), 0002/0392 VUs, 252877 complete and 0 interrupted iterations
step_00050 ✓ [ 100% ] 000/020 VUs    30s        50.00 iters/s
step_00100 ✓ [ 100% ] 000/020 VUs    30s        100.00 iters/s
step_00150 ✓ [ 100% ] 000/030 VUs    30s        150.00 iters/s
step_00200 ✓ [ 100% ] 000/040 VUs    30s        200.00 iters/s
step_00250 ✓ [ 100% ] 000/050 VUs    30s        250.00 iters/s
step_00300 ✓ [ 100% ] 000/060 VUs    30s        300.00 iters/s
step_00350 ✓ [ 100% ] 0000/0070 VUs  30s        350.00 iters/s
step_00400 ✓ [ 100% ] 0000/0080 VUs  30s        400.00 iters/s
step_00450 ✓ [ 100% ] 0000/0090 VUs  30s        450.00 iters/s
step_00500 ✓ [ 100% ] 0000/0100 VUs  30s        500.00 iters/s
step_00550 ✓ [ 100% ] 0000/0112 VUs  30s        550.00 iters/s
step_00600 ✓ [ 100% ] 0000/0120 VUs  30s        600.00 iters/s
step_00650 ✓ [ 100% ] 0000/0130 VUs  30s        650.00 iters/s
step_00700 ✓ [ 100% ] 0000/0140 VUs  30s        700.00 iters/s
step_00750 ✓ [ 100% ] 0000/0150 VUs  30s        750.00 iters/s
step_00800 ✓ [ 100% ] 0000/0160 VUs  30s        800.00 iters/s
step_00850 ✓ [ 100% ] 0000/0170 VUs  30s        850.00 iters/s
step_00900   [  87% ] 0002/0180 VUs  26.0s/30s  900.00 iters/s
step_00950 • [   0% ] waiting        0m04.0s   
step_01000 • [   0% ] waiting        0m34.0s   

running (08m56.9s), 0002/0392 VUs, 253777 complete and 0 interrupted iterations
step_00050 ✓ [ 100% ] 000/020 VUs    30s        50.00 iters/s
step_00100 ✓ [ 100% ] 000/020 VUs    30s        100.00 iters/s
step_00150 ✓ [ 100% ] 000/030 VUs    30s        150.00 iters/s
step_00200 ✓ [ 100% ] 000/040 VUs    30s        200.00 iters/s
step_00250 ✓ [ 100% ] 000/050 VUs    30s        250.00 iters/s
step_00300 ✓ [ 100% ] 000/060 VUs    30s        300.00 iters/s
step_00350 ✓ [ 100% ] 0000/0070 VUs  30s        350.00 iters/s
step_00400 ✓ [ 100% ] 0000/0080 VUs  30s        400.00 iters/s
step_00450 ✓ [ 100% ] 0000/0090 VUs  30s        450.00 iters/s
step_00500 ✓ [ 100% ] 0000/0100 VUs  30s        500.00 iters/s
step_00550 ✓ [ 100% ] 0000/0112 VUs  30s        550.00 iters/s
step_00600 ✓ [ 100% ] 0000/0120 VUs  30s        600.00 iters/s
step_00650 ✓ [ 100% ] 0000/0130 VUs  30s        650.00 iters/s
step_00700 ✓ [ 100% ] 0000/0140 VUs  30s        700.00 iters/s
step_00750 ✓ [ 100% ] 0000/0150 VUs  30s        750.00 iters/s
step_00800 ✓ [ 100% ] 0000/0160 VUs  30s        800.00 iters/s
step_00850 ✓ [ 100% ] 0000/0170 VUs  30s        850.00 iters/s
step_00900   [  90% ] 0002/0180 VUs  27.0s/30s  900.00 iters/s
step_00950 • [   0% ] waiting        0m03.0s   
step_01000 • [   0% ] waiting        0m33.0s   

running (08m57.9s), 0001/0392 VUs, 254679 complete and 0 interrupted iterations
step_00050 ✓ [ 100% ] 000/020 VUs    30s        50.00 iters/s
step_00100 ✓ [ 100% ] 000/020 VUs    30s        100.00 iters/s
step_00150 ✓ [ 100% ] 000/030 VUs    30s        150.00 iters/s
step_00200 ✓ [ 100% ] 000/040 VUs    30s        200.00 iters/s
step_00250 ✓ [ 100% ] 000/050 VUs    30s        250.00 iters/s
step_00300 ✓ [ 100% ] 000/060 VUs    30s        300.00 iters/s
step_00350 ✓ [ 100% ] 0000/0070 VUs  30s        350.00 iters/s
step_00400 ✓ [ 100% ] 0000/0080 VUs  30s        400.00 iters/s
step_00450 ✓ [ 100% ] 0000/0090 VUs  30s        450.00 iters/s
step_00500 ✓ [ 100% ] 0000/0100 VUs  30s        500.00 iters/s
step_00550 ✓ [ 100% ] 0000/0112 VUs  30s        550.00 iters/s
step_00600 ✓ [ 100% ] 0000/0120 VUs  30s        600.00 iters/s
step_00650 ✓ [ 100% ] 0000/0130 VUs  30s        650.00 iters/s
step_00700 ✓ [ 100% ] 0000/0140 VUs  30s        700.00 iters/s
step_00750 ✓ [ 100% ] 0000/0150 VUs  30s        750.00 iters/s
step_00800 ✓ [ 100% ] 0000/0160 VUs  30s        800.00 iters/s
step_00850 ✓ [ 100% ] 0000/0170 VUs  30s        850.00 iters/s
step_00900   [  93% ] 0001/0180 VUs  28.0s/30s  900.00 iters/s
step_00950 • [   0% ] waiting        0m02.0s   
step_01000 • [   0% ] waiting        0m32.0s   

running (08m58.9s), 0002/0392 VUs, 255577 complete and 0 interrupted iterations
step_00050 ✓ [ 100% ] 000/020 VUs    30s        50.00 iters/s
step_00100 ✓ [ 100% ] 000/020 VUs    30s        100.00 iters/s
step_00150 ✓ [ 100% ] 000/030 VUs    30s        150.00 iters/s
step_00200 ✓ [ 100% ] 000/040 VUs    30s        200.00 iters/s
step_00250 ✓ [ 100% ] 000/050 VUs    30s        250.00 iters/s
step_00300 ✓ [ 100% ] 000/060 VUs    30s        300.00 iters/s
step_00350 ✓ [ 100% ] 0000/0070 VUs  30s        350.00 iters/s
step_00400 ✓ [ 100% ] 0000/0080 VUs  30s        400.00 iters/s
step_00450 ✓ [ 100% ] 0000/0090 VUs  30s        450.00 iters/s
step_00500 ✓ [ 100% ] 0000/0100 VUs  30s        500.00 iters/s
step_00550 ✓ [ 100% ] 0000/0112 VUs  30s        550.00 iters/s
step_00600 ✓ [ 100% ] 0000/0120 VUs  30s        600.00 iters/s
step_00650 ✓ [ 100% ] 0000/0130 VUs  30s        650.00 iters/s
step_00700 ✓ [ 100% ] 0000/0140 VUs  30s        700.00 iters/s
step_00750 ✓ [ 100% ] 0000/0150 VUs  30s        750.00 iters/s
step_00800 ✓ [ 100% ] 0000/0160 VUs  30s        800.00 iters/s
step_00850 ✓ [ 100% ] 0000/0170 VUs  30s        850.00 iters/s
step_00900   [  97% ] 0002/0180 VUs  29.0s/30s  900.00 iters/s
step_00950 • [   0% ] waiting        0m01.0s   
step_01000 • [   0% ] waiting        0m31.0s   

running (08m59.9s), 0000/0392 VUs, 256479 complete and 0 interrupted iterations
step_00050 ✓ [ 100% ] 000/020 VUs    30s        50.00 iters/s
step_00100 ✓ [ 100% ] 000/020 VUs    30s        100.00 iters/s
step_00150 ✓ [ 100% ] 000/030 VUs    30s        150.00 iters/s
step_00200 ✓ [ 100% ] 000/040 VUs    30s        200.00 iters/s
step_00250 ✓ [ 100% ] 000/050 VUs    30s        250.00 iters/s
step_00300 ✓ [ 100% ] 000/060 VUs    30s        300.00 iters/s
step_00350 ✓ [ 100% ] 0000/0070 VUs  30s        350.00 iters/s
step_00400 ✓ [ 100% ] 0000/0080 VUs  30s        400.00 iters/s
step_00450 ✓ [ 100% ] 0000/0090 VUs  30s        450.00 iters/s
step_00500 ✓ [ 100% ] 0000/0100 VUs  30s        500.00 iters/s
step_00550 ✓ [ 100% ] 0000/0112 VUs  30s        550.00 iters/s
step_00600 ✓ [ 100% ] 0000/0120 VUs  30s        600.00 iters/s
step_00650 ✓ [ 100% ] 0000/0130 VUs  30s        650.00 iters/s
step_00700 ✓ [ 100% ] 0000/0140 VUs  30s        700.00 iters/s
step_00750 ✓ [ 100% ] 0000/0150 VUs  30s        750.00 iters/s
step_00800 ✓ [ 100% ] 0000/0160 VUs  30s        800.00 iters/s
step_00850 ✓ [ 100% ] 0000/0170 VUs  30s        850.00 iters/s
step_00900   [ 100% ] 0000/0180 VUs  30.0s/30s  900.00 iters/s
step_00950 • [   0% ] waiting        0m00.0s   
step_01000 • [   0% ] waiting        0m30.0s   

running (09m00.9s), 0001/0392 VUs, 257428 complete and 0 interrupted iterations
step_00050 ✓ [ 100% ] 000/020 VUs    30s        50.00 iters/s
step_00100 ✓ [ 100% ] 000/020 VUs    30s        100.00 iters/s
step_00150 ✓ [ 100% ] 000/030 VUs    30s        150.00 iters/s
step_00200 ✓ [ 100% ] 000/040 VUs    30s        200.00 iters/s
step_00250 ✓ [ 100% ] 000/050 VUs    30s        250.00 iters/s
step_00300 ✓ [ 100% ] 000/060 VUs    30s        300.00 iters/s
step_00350 ✓ [ 100% ] 0000/0070 VUs  30s        350.00 iters/s
step_00400 ✓ [ 100% ] 0000/0080 VUs  30s        400.00 iters/s
step_00450 ✓ [ 100% ] 0000/0090 VUs  30s        450.00 iters/s
step_00500 ✓ [ 100% ] 0000/0100 VUs  30s        500.00 iters/s
step_00550 ✓ [ 100% ] 0000/0112 VUs  30s        550.00 iters/s
step_00600 ✓ [ 100% ] 0000/0120 VUs  30s        600.00 iters/s
step_00650 ✓ [ 100% ] 0000/0130 VUs  30s        650.00 iters/s
step_00700 ✓ [ 100% ] 0000/0140 VUs  30s        700.00 iters/s
step_00750 ✓ [ 100% ] 0000/0150 VUs  30s        750.00 iters/s
step_00800 ✓ [ 100% ] 0000/0160 VUs  30s        800.00 iters/s
step_00850 ✓ [ 100% ] 0000/0170 VUs  30s        850.00 iters/s
step_00900 ✓ [ 100% ] 0000/0180 VUs  30s        900.00 iters/s
step_00950   [   3% ] 0001/0190 VUs  01.0s/30s  950.00 iters/s
step_01000 • [   0% ] waiting        0m29.0s   

running (09m01.9s), 0002/0392 VUs, 258377 complete and 0 interrupted iterations
step_00050 ✓ [ 100% ] 000/020 VUs    30s        50.00 iters/s
step_00100 ✓ [ 100% ] 000/020 VUs    30s        100.00 iters/s
step_00150 ✓ [ 100% ] 000/030 VUs    30s        150.00 iters/s
step_00200 ✓ [ 100% ] 000/040 VUs    30s        200.00 iters/s
step_00250 ✓ [ 100% ] 000/050 VUs    30s        250.00 iters/s
step_00300 ✓ [ 100% ] 000/060 VUs    30s        300.00 iters/s
step_00350 ✓ [ 100% ] 0000/0070 VUs  30s        350.00 iters/s
step_00400 ✓ [ 100% ] 0000/0080 VUs  30s        400.00 iters/s
step_00450 ✓ [ 100% ] 0000/0090 VUs  30s        450.00 iters/s
step_00500 ✓ [ 100% ] 0000/0100 VUs  30s        500.00 iters/s
step_00550 ✓ [ 100% ] 0000/0112 VUs  30s        550.00 iters/s
step_00600 ✓ [ 100% ] 0000/0120 VUs  30s        600.00 iters/s
step_00650 ✓ [ 100% ] 0000/0130 VUs  30s        650.00 iters/s
step_00700 ✓ [ 100% ] 0000/0140 VUs  30s        700.00 iters/s
step_00750 ✓ [ 100% ] 0000/0150 VUs  30s        750.00 iters/s
step_00800 ✓ [ 100% ] 0000/0160 VUs  30s        800.00 iters/s
step_00850 ✓ [ 100% ] 0000/0170 VUs  30s        850.00 iters/s
step_00900 ✓ [ 100% ] 0000/0180 VUs  30s        900.00 iters/s
step_00950   [   7% ] 0002/0190 VUs  02.0s/30s  950.00 iters/s
step_01000 • [   0% ] waiting        0m28.0s   

running (09m02.9s), 0001/0392 VUs, 259328 complete and 0 interrupted iterations
step_00050 ✓ [ 100% ] 000/020 VUs    30s        50.00 iters/s
step_00100 ✓ [ 100% ] 000/020 VUs    30s        100.00 iters/s
step_00150 ✓ [ 100% ] 000/030 VUs    30s        150.00 iters/s
step_00200 ✓ [ 100% ] 000/040 VUs    30s        200.00 iters/s
step_00250 ✓ [ 100% ] 000/050 VUs    30s        250.00 iters/s
step_00300 ✓ [ 100% ] 000/060 VUs    30s        300.00 iters/s
step_00350 ✓ [ 100% ] 0000/0070 VUs  30s        350.00 iters/s
step_00400 ✓ [ 100% ] 0000/0080 VUs  30s        400.00 iters/s
step_00450 ✓ [ 100% ] 0000/0090 VUs  30s        450.00 iters/s
step_00500 ✓ [ 100% ] 0000/0100 VUs  30s        500.00 iters/s
step_00550 ✓ [ 100% ] 0000/0112 VUs  30s        550.00 iters/s
step_00600 ✓ [ 100% ] 0000/0120 VUs  30s        600.00 iters/s
step_00650 ✓ [ 100% ] 0000/0130 VUs  30s        650.00 iters/s
step_00700 ✓ [ 100% ] 0000/0140 VUs  30s        700.00 iters/s
step_00750 ✓ [ 100% ] 0000/0150 VUs  30s        750.00 iters/s
step_00800 ✓ [ 100% ] 0000/0160 VUs  30s        800.00 iters/s
step_00850 ✓ [ 100% ] 0000/0170 VUs  30s        850.00 iters/s
step_00900 ✓ [ 100% ] 0000/0180 VUs  30s        900.00 iters/s
step_00950   [  10% ] 0001/0190 VUs  03.0s/30s  950.00 iters/s
step_01000 • [   0% ] waiting        0m27.0s   

running (09m03.9s), 0002/0392 VUs, 260277 complete and 0 interrupted iterations
step_00050 ✓ [ 100% ] 000/020 VUs    30s        50.00 iters/s
step_00100 ✓ [ 100% ] 000/020 VUs    30s        100.00 iters/s
step_00150 ✓ [ 100% ] 000/030 VUs    30s        150.00 iters/s
step_00200 ✓ [ 100% ] 000/040 VUs    30s        200.00 iters/s
step_00250 ✓ [ 100% ] 000/050 VUs    30s        250.00 iters/s
step_00300 ✓ [ 100% ] 000/060 VUs    30s        300.00 iters/s
step_00350 ✓ [ 100% ] 0000/0070 VUs  30s        350.00 iters/s
step_00400 ✓ [ 100% ] 0000/0080 VUs  30s        400.00 iters/s
step_00450 ✓ [ 100% ] 0000/0090 VUs  30s        450.00 iters/s
step_00500 ✓ [ 100% ] 0000/0100 VUs  30s        500.00 iters/s
step_00550 ✓ [ 100% ] 0000/0112 VUs  30s        550.00 iters/s
step_00600 ✓ [ 100% ] 0000/0120 VUs  30s        600.00 iters/s
step_00650 ✓ [ 100% ] 0000/0130 VUs  30s        650.00 iters/s
step_00700 ✓ [ 100% ] 0000/0140 VUs  30s        700.00 iters/s
step_00750 ✓ [ 100% ] 0000/0150 VUs  30s        750.00 iters/s
step_00800 ✓ [ 100% ] 0000/0160 VUs  30s        800.00 iters/s
step_00850 ✓ [ 100% ] 0000/0170 VUs  30s        850.00 iters/s
step_00900 ✓ [ 100% ] 0000/0180 VUs  30s        900.00 iters/s
step_00950   [  13% ] 0002/0190 VUs  04.0s/30s  950.00 iters/s
step_01000 • [   0% ] waiting        0m26.0s   

running (09m04.9s), 0002/0392 VUs, 261227 complete and 0 interrupted iterations
step_00050 ✓ [ 100% ] 000/020 VUs    30s        50.00 iters/s
step_00100 ✓ [ 100% ] 000/020 VUs    30s        100.00 iters/s
step_00150 ✓ [ 100% ] 000/030 VUs    30s        150.00 iters/s
step_00200 ✓ [ 100% ] 000/040 VUs    30s        200.00 iters/s
step_00250 ✓ [ 100% ] 000/050 VUs    30s        250.00 iters/s
step_00300 ✓ [ 100% ] 000/060 VUs    30s        300.00 iters/s
step_00350 ✓ [ 100% ] 0000/0070 VUs  30s        350.00 iters/s
step_00400 ✓ [ 100% ] 0000/0080 VUs  30s        400.00 iters/s
step_00450 ✓ [ 100% ] 0000/0090 VUs  30s        450.00 iters/s
step_00500 ✓ [ 100% ] 0000/0100 VUs  30s        500.00 iters/s
step_00550 ✓ [ 100% ] 0000/0112 VUs  30s        550.00 iters/s
step_00600 ✓ [ 100% ] 0000/0120 VUs  30s        600.00 iters/s
step_00650 ✓ [ 100% ] 0000/0130 VUs  30s        650.00 iters/s
step_00700 ✓ [ 100% ] 0000/0140 VUs  30s        700.00 iters/s
step_00750 ✓ [ 100% ] 0000/0150 VUs  30s        750.00 iters/s
step_00800 ✓ [ 100% ] 0000/0160 VUs  30s        800.00 iters/s
step_00850 ✓ [ 100% ] 0000/0170 VUs  30s        850.00 iters/s
step_00900 ✓ [ 100% ] 0000/0180 VUs  30s        900.00 iters/s
step_00950   [  17% ] 0002/0190 VUs  05.0s/30s  950.00 iters/s
step_01000 • [   0% ] waiting        0m25.0s   

running (09m05.9s), 0002/0392 VUs, 262177 complete and 0 interrupted iterations
step_00050 ✓ [ 100% ] 000/020 VUs    30s        50.00 iters/s
step_00100 ✓ [ 100% ] 000/020 VUs    30s        100.00 iters/s
step_00150 ✓ [ 100% ] 000/030 VUs    30s        150.00 iters/s
step_00200 ✓ [ 100% ] 000/040 VUs    30s        200.00 iters/s
step_00250 ✓ [ 100% ] 000/050 VUs    30s        250.00 iters/s
step_00300 ✓ [ 100% ] 000/060 VUs    30s        300.00 iters/s
step_00350 ✓ [ 100% ] 0000/0070 VUs  30s        350.00 iters/s
step_00400 ✓ [ 100% ] 0000/0080 VUs  30s        400.00 iters/s
step_00450 ✓ [ 100% ] 0000/0090 VUs  30s        450.00 iters/s
step_00500 ✓ [ 100% ] 0000/0100 VUs  30s        500.00 iters/s
step_00550 ✓ [ 100% ] 0000/0112 VUs  30s        550.00 iters/s
step_00600 ✓ [ 100% ] 0000/0120 VUs  30s        600.00 iters/s
step_00650 ✓ [ 100% ] 0000/0130 VUs  30s        650.00 iters/s
step_00700 ✓ [ 100% ] 0000/0140 VUs  30s        700.00 iters/s
step_00750 ✓ [ 100% ] 0000/0150 VUs  30s        750.00 iters/s
step_00800 ✓ [ 100% ] 0000/0160 VUs  30s        800.00 iters/s
step_00850 ✓ [ 100% ] 0000/0170 VUs  30s        850.00 iters/s
step_00900 ✓ [ 100% ] 0000/0180 VUs  30s        900.00 iters/s
step_00950   [  20% ] 0002/0190 VUs  06.0s/30s  950.00 iters/s
step_01000 • [   0% ] waiting        0m24.0s   

running (09m06.9s), 0002/0392 VUs, 263127 complete and 0 interrupted iterations
step_00050 ✓ [ 100% ] 000/020 VUs    30s        50.00 iters/s
step_00100 ✓ [ 100% ] 000/020 VUs    30s        100.00 iters/s
step_00150 ✓ [ 100% ] 000/030 VUs    30s        150.00 iters/s
step_00200 ✓ [ 100% ] 000/040 VUs    30s        200.00 iters/s
step_00250 ✓ [ 100% ] 000/050 VUs    30s        250.00 iters/s
step_00300 ✓ [ 100% ] 000/060 VUs    30s        300.00 iters/s
step_00350 ✓ [ 100% ] 0000/0070 VUs  30s        350.00 iters/s
step_00400 ✓ [ 100% ] 0000/0080 VUs  30s        400.00 iters/s
step_00450 ✓ [ 100% ] 0000/0090 VUs  30s        450.00 iters/s
step_00500 ✓ [ 100% ] 0000/0100 VUs  30s        500.00 iters/s
step_00550 ✓ [ 100% ] 0000/0112 VUs  30s        550.00 iters/s
step_00600 ✓ [ 100% ] 0000/0120 VUs  30s        600.00 iters/s
step_00650 ✓ [ 100% ] 0000/0130 VUs  30s        650.00 iters/s
step_00700 ✓ [ 100% ] 0000/0140 VUs  30s        700.00 iters/s
step_00750 ✓ [ 100% ] 0000/0150 VUs  30s        750.00 iters/s
step_00800 ✓ [ 100% ] 0000/0160 VUs  30s        800.00 iters/s
step_00850 ✓ [ 100% ] 0000/0170 VUs  30s        850.00 iters/s
step_00900 ✓ [ 100% ] 0000/0180 VUs  30s        900.00 iters/s
step_00950   [  23% ] 0002/0190 VUs  07.0s/30s  950.00 iters/s
step_01000 • [   0% ] waiting        0m23.0s   

running (09m07.9s), 0002/0392 VUs, 264077 complete and 0 interrupted iterations
step_00050 ✓ [ 100% ] 000/020 VUs    30s        50.00 iters/s
step_00100 ✓ [ 100% ] 000/020 VUs    30s        100.00 iters/s
step_00150 ✓ [ 100% ] 000/030 VUs    30s        150.00 iters/s
step_00200 ✓ [ 100% ] 000/040 VUs    30s        200.00 iters/s
step_00250 ✓ [ 100% ] 000/050 VUs    30s        250.00 iters/s
step_00300 ✓ [ 100% ] 000/060 VUs    30s        300.00 iters/s
step_00350 ✓ [ 100% ] 0000/0070 VUs  30s        350.00 iters/s
step_00400 ✓ [ 100% ] 0000/0080 VUs  30s        400.00 iters/s
step_00450 ✓ [ 100% ] 0000/0090 VUs  30s        450.00 iters/s
step_00500 ✓ [ 100% ] 0000/0100 VUs  30s        500.00 iters/s
step_00550 ✓ [ 100% ] 0000/0112 VUs  30s        550.00 iters/s
step_00600 ✓ [ 100% ] 0000/0120 VUs  30s        600.00 iters/s
step_00650 ✓ [ 100% ] 0000/0130 VUs  30s        650.00 iters/s
step_00700 ✓ [ 100% ] 0000/0140 VUs  30s        700.00 iters/s
step_00750 ✓ [ 100% ] 0000/0150 VUs  30s        750.00 iters/s
step_00800 ✓ [ 100% ] 0000/0160 VUs  30s        800.00 iters/s
step_00850 ✓ [ 100% ] 0000/0170 VUs  30s        850.00 iters/s
step_00900 ✓ [ 100% ] 0000/0180 VUs  30s        900.00 iters/s
step_00950   [  27% ] 0001/0190 VUs  08.0s/30s  950.00 iters/s
step_01000 • [   0% ] waiting        0m22.0s   

running (09m08.9s), 0040/0392 VUs, 264988 complete and 0 interrupted iterations
step_00050 ✓ [ 100% ] 000/020 VUs    30s        50.00 iters/s
step_00100 ✓ [ 100% ] 000/020 VUs    30s        100.00 iters/s
step_00150 ✓ [ 100% ] 000/030 VUs    30s        150.00 iters/s
step_00200 ✓ [ 100% ] 000/040 VUs    30s        200.00 iters/s
step_00250 ✓ [ 100% ] 000/050 VUs    30s        250.00 iters/s
step_00300 ✓ [ 100% ] 000/060 VUs    30s        300.00 iters/s
step_00350 ✓ [ 100% ] 0000/0070 VUs  30s        350.00 iters/s
step_00400 ✓ [ 100% ] 0000/0080 VUs  30s        400.00 iters/s
step_00450 ✓ [ 100% ] 0000/0090 VUs  30s        450.00 iters/s
step_00500 ✓ [ 100% ] 0000/0100 VUs  30s        500.00 iters/s
step_00550 ✓ [ 100% ] 0000/0112 VUs  30s        550.00 iters/s
step_00600 ✓ [ 100% ] 0000/0120 VUs  30s        600.00 iters/s
step_00650 ✓ [ 100% ] 0000/0130 VUs  30s        650.00 iters/s
step_00700 ✓ [ 100% ] 0000/0140 VUs  30s        700.00 iters/s
step_00750 ✓ [ 100% ] 0000/0150 VUs  30s        750.00 iters/s
step_00800 ✓ [ 100% ] 0000/0160 VUs  30s        800.00 iters/s
step_00850 ✓ [ 100% ] 0000/0170 VUs  30s        850.00 iters/s
step_00900 ✓ [ 100% ] 0000/0180 VUs  30s        900.00 iters/s
step_00950   [  30% ] 0041/0190 VUs  09.0s/30s  950.00 iters/s
step_01000 • [   0% ] waiting        0m21.0s   

running (09m09.9s), 0003/0392 VUs, 265976 complete and 0 interrupted iterations
step_00050 ✓ [ 100% ] 000/020 VUs    30s        50.00 iters/s
step_00100 ✓ [ 100% ] 000/020 VUs    30s        100.00 iters/s
step_00150 ✓ [ 100% ] 000/030 VUs    30s        150.00 iters/s
step_00200 ✓ [ 100% ] 000/040 VUs    30s        200.00 iters/s
step_00250 ✓ [ 100% ] 000/050 VUs    30s        250.00 iters/s
step_00300 ✓ [ 100% ] 000/060 VUs    30s        300.00 iters/s
step_00350 ✓ [ 100% ] 0000/0070 VUs  30s        350.00 iters/s
step_00400 ✓ [ 100% ] 0000/0080 VUs  30s        400.00 iters/s
step_00450 ✓ [ 100% ] 0000/0090 VUs  30s        450.00 iters/s
step_00500 ✓ [ 100% ] 0000/0100 VUs  30s        500.00 iters/s
step_00550 ✓ [ 100% ] 0000/0112 VUs  30s        550.00 iters/s
step_00600 ✓ [ 100% ] 0000/0120 VUs  30s        600.00 iters/s
step_00650 ✓ [ 100% ] 0000/0130 VUs  30s        650.00 iters/s
step_00700 ✓ [ 100% ] 0000/0140 VUs  30s        700.00 iters/s
step_00750 ✓ [ 100% ] 0000/0150 VUs  30s        750.00 iters/s
step_00800 ✓ [ 100% ] 0000/0160 VUs  30s        800.00 iters/s
step_00850 ✓ [ 100% ] 0000/0170 VUs  30s        850.00 iters/s
step_00900 ✓ [ 100% ] 0000/0180 VUs  30s        900.00 iters/s
step_00950   [  33% ] 0003/0190 VUs  10.0s/30s  950.00 iters/s
step_01000 • [   0% ] waiting        0m20.0s   

running (09m10.9s), 0001/0392 VUs, 266928 complete and 0 interrupted iterations
step_00050 ✓ [ 100% ] 000/020 VUs    30s        50.00 iters/s
step_00100 ✓ [ 100% ] 000/020 VUs    30s        100.00 iters/s
step_00150 ✓ [ 100% ] 000/030 VUs    30s        150.00 iters/s
step_00200 ✓ [ 100% ] 000/040 VUs    30s        200.00 iters/s
step_00250 ✓ [ 100% ] 000/050 VUs    30s        250.00 iters/s
step_00300 ✓ [ 100% ] 000/060 VUs    30s        300.00 iters/s
step_00350 ✓ [ 100% ] 0000/0070 VUs  30s        350.00 iters/s
step_00400 ✓ [ 100% ] 0000/0080 VUs  30s        400.00 iters/s
step_00450 ✓ [ 100% ] 0000/0090 VUs  30s        450.00 iters/s
step_00500 ✓ [ 100% ] 0000/0100 VUs  30s        500.00 iters/s
step_00550 ✓ [ 100% ] 0000/0112 VUs  30s        550.00 iters/s
step_00600 ✓ [ 100% ] 0000/0120 VUs  30s        600.00 iters/s
step_00650 ✓ [ 100% ] 0000/0130 VUs  30s        650.00 iters/s
step_00700 ✓ [ 100% ] 0000/0140 VUs  30s        700.00 iters/s
step_00750 ✓ [ 100% ] 0000/0150 VUs  30s        750.00 iters/s
step_00800 ✓ [ 100% ] 0000/0160 VUs  30s        800.00 iters/s
step_00850 ✓ [ 100% ] 0000/0170 VUs  30s        850.00 iters/s
step_00900 ✓ [ 100% ] 0000/0180 VUs  30s        900.00 iters/s
step_00950   [  37% ] 0001/0190 VUs  11.0s/30s  950.00 iters/s
step_01000 • [   0% ] waiting        0m19.0s   

running (09m11.9s), 0002/0392 VUs, 267877 complete and 0 interrupted iterations
step_00050 ✓ [ 100% ] 000/020 VUs    30s        50.00 iters/s
step_00100 ✓ [ 100% ] 000/020 VUs    30s        100.00 iters/s
step_00150 ✓ [ 100% ] 000/030 VUs    30s        150.00 iters/s
step_00200 ✓ [ 100% ] 000/040 VUs    30s        200.00 iters/s
step_00250 ✓ [ 100% ] 000/050 VUs    30s        250.00 iters/s
step_00300 ✓ [ 100% ] 000/060 VUs    30s        300.00 iters/s
step_00350 ✓ [ 100% ] 0000/0070 VUs  30s        350.00 iters/s
step_00400 ✓ [ 100% ] 0000/0080 VUs  30s        400.00 iters/s
step_00450 ✓ [ 100% ] 0000/0090 VUs  30s        450.00 iters/s
step_00500 ✓ [ 100% ] 0000/0100 VUs  30s        500.00 iters/s
step_00550 ✓ [ 100% ] 0000/0112 VUs  30s        550.00 iters/s
step_00600 ✓ [ 100% ] 0000/0120 VUs  30s        600.00 iters/s
step_00650 ✓ [ 100% ] 0000/0130 VUs  30s        650.00 iters/s
step_00700 ✓ [ 100% ] 0000/0140 VUs  30s        700.00 iters/s
step_00750 ✓ [ 100% ] 0000/0150 VUs  30s        750.00 iters/s
step_00800 ✓ [ 100% ] 0000/0160 VUs  30s        800.00 iters/s
step_00850 ✓ [ 100% ] 0000/0170 VUs  30s        850.00 iters/s
step_00900 ✓ [ 100% ] 0000/0180 VUs  30s        900.00 iters/s
step_00950   [  40% ] 0002/0190 VUs  12.0s/30s  950.00 iters/s
step_01000 • [   0% ] waiting        0m18.0s   

running (09m12.9s), 0002/0392 VUs, 268827 complete and 0 interrupted iterations
step_00050 ✓ [ 100% ] 000/020 VUs    30s        50.00 iters/s
step_00100 ✓ [ 100% ] 000/020 VUs    30s        100.00 iters/s
step_00150 ✓ [ 100% ] 000/030 VUs    30s        150.00 iters/s
step_00200 ✓ [ 100% ] 000/040 VUs    30s        200.00 iters/s
step_00250 ✓ [ 100% ] 000/050 VUs    30s        250.00 iters/s
step_00300 ✓ [ 100% ] 000/060 VUs    30s        300.00 iters/s
step_00350 ✓ [ 100% ] 0000/0070 VUs  30s        350.00 iters/s
step_00400 ✓ [ 100% ] 0000/0080 VUs  30s        400.00 iters/s
step_00450 ✓ [ 100% ] 0000/0090 VUs  30s        450.00 iters/s
step_00500 ✓ [ 100% ] 0000/0100 VUs  30s        500.00 iters/s
step_00550 ✓ [ 100% ] 0000/0112 VUs  30s        550.00 iters/s
step_00600 ✓ [ 100% ] 0000/0120 VUs  30s        600.00 iters/s
step_00650 ✓ [ 100% ] 0000/0130 VUs  30s        650.00 iters/s
step_00700 ✓ [ 100% ] 0000/0140 VUs  30s        700.00 iters/s
step_00750 ✓ [ 100% ] 0000/0150 VUs  30s        750.00 iters/s
step_00800 ✓ [ 100% ] 0000/0160 VUs  30s        800.00 iters/s
step_00850 ✓ [ 100% ] 0000/0170 VUs  30s        850.00 iters/s
step_00900 ✓ [ 100% ] 0000/0180 VUs  30s        900.00 iters/s
step_00950   [  43% ] 0002/0190 VUs  13.0s/30s  950.00 iters/s
step_01000 • [   0% ] waiting        0m17.0s   

running (09m13.9s), 0002/0392 VUs, 269777 complete and 0 interrupted iterations
step_00050 ✓ [ 100% ] 000/020 VUs    30s        50.00 iters/s
step_00100 ✓ [ 100% ] 000/020 VUs    30s        100.00 iters/s
step_00150 ✓ [ 100% ] 000/030 VUs    30s        150.00 iters/s
step_00200 ✓ [ 100% ] 000/040 VUs    30s        200.00 iters/s
step_00250 ✓ [ 100% ] 000/050 VUs    30s        250.00 iters/s
step_00300 ✓ [ 100% ] 000/060 VUs    30s        300.00 iters/s
step_00350 ✓ [ 100% ] 0000/0070 VUs  30s        350.00 iters/s
step_00400 ✓ [ 100% ] 0000/0080 VUs  30s        400.00 iters/s
step_00450 ✓ [ 100% ] 0000/0090 VUs  30s        450.00 iters/s
step_00500 ✓ [ 100% ] 0000/0100 VUs  30s        500.00 iters/s
step_00550 ✓ [ 100% ] 0000/0112 VUs  30s        550.00 iters/s
step_00600 ✓ [ 100% ] 0000/0120 VUs  30s        600.00 iters/s
step_00650 ✓ [ 100% ] 0000/0130 VUs  30s        650.00 iters/s
step_00700 ✓ [ 100% ] 0000/0140 VUs  30s        700.00 iters/s
step_00750 ✓ [ 100% ] 0000/0150 VUs  30s        750.00 iters/s
step_00800 ✓ [ 100% ] 0000/0160 VUs  30s        800.00 iters/s
step_00850 ✓ [ 100% ] 0000/0170 VUs  30s        850.00 iters/s
step_00900 ✓ [ 100% ] 0000/0180 VUs  30s        900.00 iters/s
step_00950   [  47% ] 0002/0190 VUs  14.0s/30s  950.00 iters/s
step_01000 • [   0% ] waiting        0m16.0s   

running (09m14.9s), 0003/0392 VUs, 270726 complete and 0 interrupted iterations
step_00050 ✓ [ 100% ] 000/020 VUs    30s        50.00 iters/s
step_00100 ✓ [ 100% ] 000/020 VUs    30s        100.00 iters/s
step_00150 ✓ [ 100% ] 000/030 VUs    30s        150.00 iters/s
step_00200 ✓ [ 100% ] 000/040 VUs    30s        200.00 iters/s
step_00250 ✓ [ 100% ] 000/050 VUs    30s        250.00 iters/s
step_00300 ✓ [ 100% ] 000/060 VUs    30s        300.00 iters/s
step_00350 ✓ [ 100% ] 0000/0070 VUs  30s        350.00 iters/s
step_00400 ✓ [ 100% ] 0000/0080 VUs  30s        400.00 iters/s
step_00450 ✓ [ 100% ] 0000/0090 VUs  30s        450.00 iters/s
step_00500 ✓ [ 100% ] 0000/0100 VUs  30s        500.00 iters/s
step_00550 ✓ [ 100% ] 0000/0112 VUs  30s        550.00 iters/s
step_00600 ✓ [ 100% ] 0000/0120 VUs  30s        600.00 iters/s
step_00650 ✓ [ 100% ] 0000/0130 VUs  30s        650.00 iters/s
step_00700 ✓ [ 100% ] 0000/0140 VUs  30s        700.00 iters/s
step_00750 ✓ [ 100% ] 0000/0150 VUs  30s        750.00 iters/s
step_00800 ✓ [ 100% ] 0000/0160 VUs  30s        800.00 iters/s
step_00850 ✓ [ 100% ] 0000/0170 VUs  30s        850.00 iters/s
step_00900 ✓ [ 100% ] 0000/0180 VUs  30s        900.00 iters/s
step_00950   [  50% ] 0003/0190 VUs  15.0s/30s  950.00 iters/s
step_01000 • [   0% ] waiting        0m15.0s   

running (09m15.9s), 0002/0392 VUs, 271677 complete and 0 interrupted iterations
step_00050 ✓ [ 100% ] 000/020 VUs    30s        50.00 iters/s
step_00100 ✓ [ 100% ] 000/020 VUs    30s        100.00 iters/s
step_00150 ✓ [ 100% ] 000/030 VUs    30s        150.00 iters/s
step_00200 ✓ [ 100% ] 000/040 VUs    30s        200.00 iters/s
step_00250 ✓ [ 100% ] 000/050 VUs    30s        250.00 iters/s
step_00300 ✓ [ 100% ] 000/060 VUs    30s        300.00 iters/s
step_00350 ✓ [ 100% ] 0000/0070 VUs  30s        350.00 iters/s
step_00400 ✓ [ 100% ] 0000/0080 VUs  30s        400.00 iters/s
step_00450 ✓ [ 100% ] 0000/0090 VUs  30s        450.00 iters/s
step_00500 ✓ [ 100% ] 0000/0100 VUs  30s        500.00 iters/s
step_00550 ✓ [ 100% ] 0000/0112 VUs  30s        550.00 iters/s
step_00600 ✓ [ 100% ] 0000/0120 VUs  30s        600.00 iters/s
step_00650 ✓ [ 100% ] 0000/0130 VUs  30s        650.00 iters/s
step_00700 ✓ [ 100% ] 0000/0140 VUs  30s        700.00 iters/s
step_00750 ✓ [ 100% ] 0000/0150 VUs  30s        750.00 iters/s
step_00800 ✓ [ 100% ] 0000/0160 VUs  30s        800.00 iters/s
step_00850 ✓ [ 100% ] 0000/0170 VUs  30s        850.00 iters/s
step_00900 ✓ [ 100% ] 0000/0180 VUs  30s        900.00 iters/s
step_00950   [  53% ] 0002/0190 VUs  16.0s/30s  950.00 iters/s
step_01000 • [   0% ] waiting        0m14.0s   

running (09m16.9s), 0002/0392 VUs, 272627 complete and 0 interrupted iterations
step_00050 ✓ [ 100% ] 000/020 VUs    30s        50.00 iters/s
step_00100 ✓ [ 100% ] 000/020 VUs    30s        100.00 iters/s
step_00150 ✓ [ 100% ] 000/030 VUs    30s        150.00 iters/s
step_00200 ✓ [ 100% ] 000/040 VUs    30s        200.00 iters/s
step_00250 ✓ [ 100% ] 000/050 VUs    30s        250.00 iters/s
step_00300 ✓ [ 100% ] 000/060 VUs    30s        300.00 iters/s
step_00350 ✓ [ 100% ] 0000/0070 VUs  30s        350.00 iters/s
step_00400 ✓ [ 100% ] 0000/0080 VUs  30s        400.00 iters/s
step_00450 ✓ [ 100% ] 0000/0090 VUs  30s        450.00 iters/s
step_00500 ✓ [ 100% ] 0000/0100 VUs  30s        500.00 iters/s
step_00550 ✓ [ 100% ] 0000/0112 VUs  30s        550.00 iters/s
step_00600 ✓ [ 100% ] 0000/0120 VUs  30s        600.00 iters/s
step_00650 ✓ [ 100% ] 0000/0130 VUs  30s        650.00 iters/s
step_00700 ✓ [ 100% ] 0000/0140 VUs  30s        700.00 iters/s
step_00750 ✓ [ 100% ] 0000/0150 VUs  30s        750.00 iters/s
step_00800 ✓ [ 100% ] 0000/0160 VUs  30s        800.00 iters/s
step_00850 ✓ [ 100% ] 0000/0170 VUs  30s        850.00 iters/s
step_00900 ✓ [ 100% ] 0000/0180 VUs  30s        900.00 iters/s
step_00950   [  57% ] 0002/0190 VUs  17.0s/30s  950.00 iters/s
step_01000 • [   0% ] waiting        0m13.0s   

running (09m17.9s), 0002/0392 VUs, 273577 complete and 0 interrupted iterations
step_00050 ✓ [ 100% ] 000/020 VUs    30s        50.00 iters/s
step_00100 ✓ [ 100% ] 000/020 VUs    30s        100.00 iters/s
step_00150 ✓ [ 100% ] 000/030 VUs    30s        150.00 iters/s
step_00200 ✓ [ 100% ] 000/040 VUs    30s        200.00 iters/s
step_00250 ✓ [ 100% ] 000/050 VUs    30s        250.00 iters/s
step_00300 ✓ [ 100% ] 000/060 VUs    30s        300.00 iters/s
step_00350 ✓ [ 100% ] 0000/0070 VUs  30s        350.00 iters/s
step_00400 ✓ [ 100% ] 0000/0080 VUs  30s        400.00 iters/s
step_00450 ✓ [ 100% ] 0000/0090 VUs  30s        450.00 iters/s
step_00500 ✓ [ 100% ] 0000/0100 VUs  30s        500.00 iters/s
step_00550 ✓ [ 100% ] 0000/0112 VUs  30s        550.00 iters/s
step_00600 ✓ [ 100% ] 0000/0120 VUs  30s        600.00 iters/s
step_00650 ✓ [ 100% ] 0000/0130 VUs  30s        650.00 iters/s
step_00700 ✓ [ 100% ] 0000/0140 VUs  30s        700.00 iters/s
step_00750 ✓ [ 100% ] 0000/0150 VUs  30s        750.00 iters/s
step_00800 ✓ [ 100% ] 0000/0160 VUs  30s        800.00 iters/s
step_00850 ✓ [ 100% ] 0000/0170 VUs  30s        850.00 iters/s
step_00900 ✓ [ 100% ] 0000/0180 VUs  30s        900.00 iters/s
step_00950   [  60% ] 0002/0190 VUs  18.0s/30s  950.00 iters/s
step_01000 • [   0% ] waiting        0m12.0s   

running (09m18.9s), 0002/0392 VUs, 274527 complete and 0 interrupted iterations
step_00050 ✓ [ 100% ] 000/020 VUs    30s        50.00 iters/s
step_00100 ✓ [ 100% ] 000/020 VUs    30s        100.00 iters/s
step_00150 ✓ [ 100% ] 000/030 VUs    30s        150.00 iters/s
step_00200 ✓ [ 100% ] 000/040 VUs    30s        200.00 iters/s
step_00250 ✓ [ 100% ] 000/050 VUs    30s        250.00 iters/s
step_00300 ✓ [ 100% ] 000/060 VUs    30s        300.00 iters/s
step_00350 ✓ [ 100% ] 0000/0070 VUs  30s        350.00 iters/s
step_00400 ✓ [ 100% ] 0000/0080 VUs  30s        400.00 iters/s
step_00450 ✓ [ 100% ] 0000/0090 VUs  30s        450.00 iters/s
step_00500 ✓ [ 100% ] 0000/0100 VUs  30s        500.00 iters/s
step_00550 ✓ [ 100% ] 0000/0112 VUs  30s        550.00 iters/s
step_00600 ✓ [ 100% ] 0000/0120 VUs  30s        600.00 iters/s
step_00650 ✓ [ 100% ] 0000/0130 VUs  30s        650.00 iters/s
step_00700 ✓ [ 100% ] 0000/0140 VUs  30s        700.00 iters/s
step_00750 ✓ [ 100% ] 0000/0150 VUs  30s        750.00 iters/s
step_00800 ✓ [ 100% ] 0000/0160 VUs  30s        800.00 iters/s
step_00850 ✓ [ 100% ] 0000/0170 VUs  30s        850.00 iters/s
step_00900 ✓ [ 100% ] 0000/0180 VUs  30s        900.00 iters/s
step_00950   [  63% ] 0002/0190 VUs  19.0s/30s  950.00 iters/s
step_01000 • [   0% ] waiting        0m11.0s   

running (09m19.9s), 0002/0392 VUs, 275477 complete and 0 interrupted iterations
step_00050 ✓ [ 100% ] 000/020 VUs    30s        50.00 iters/s
step_00100 ✓ [ 100% ] 000/020 VUs    30s        100.00 iters/s
step_00150 ✓ [ 100% ] 000/030 VUs    30s        150.00 iters/s
step_00200 ✓ [ 100% ] 000/040 VUs    30s        200.00 iters/s
step_00250 ✓ [ 100% ] 000/050 VUs    30s        250.00 iters/s
step_00300 ✓ [ 100% ] 000/060 VUs    30s        300.00 iters/s
step_00350 ✓ [ 100% ] 0000/0070 VUs  30s        350.00 iters/s
step_00400 ✓ [ 100% ] 0000/0080 VUs  30s        400.00 iters/s
step_00450 ✓ [ 100% ] 0000/0090 VUs  30s        450.00 iters/s
step_00500 ✓ [ 100% ] 0000/0100 VUs  30s        500.00 iters/s
step_00550 ✓ [ 100% ] 0000/0112 VUs  30s        550.00 iters/s
step_00600 ✓ [ 100% ] 0000/0120 VUs  30s        600.00 iters/s
step_00650 ✓ [ 100% ] 0000/0130 VUs  30s        650.00 iters/s
step_00700 ✓ [ 100% ] 0000/0140 VUs  30s        700.00 iters/s
step_00750 ✓ [ 100% ] 0000/0150 VUs  30s        750.00 iters/s
step_00800 ✓ [ 100% ] 0000/0160 VUs  30s        800.00 iters/s
step_00850 ✓ [ 100% ] 0000/0170 VUs  30s        850.00 iters/s
step_00900 ✓ [ 100% ] 0000/0180 VUs  30s        900.00 iters/s
step_00950   [  67% ] 0002/0190 VUs  20.0s/30s  950.00 iters/s
step_01000 • [   0% ] waiting        0m10.0s   

running (09m20.9s), 0003/0392 VUs, 276426 complete and 0 interrupted iterations
step_00050 ✓ [ 100% ] 000/020 VUs    30s        50.00 iters/s
step_00100 ✓ [ 100% ] 000/020 VUs    30s        100.00 iters/s
step_00150 ✓ [ 100% ] 000/030 VUs    30s        150.00 iters/s
step_00200 ✓ [ 100% ] 000/040 VUs    30s        200.00 iters/s
step_00250 ✓ [ 100% ] 000/050 VUs    30s        250.00 iters/s
step_00300 ✓ [ 100% ] 000/060 VUs    30s        300.00 iters/s
step_00350 ✓ [ 100% ] 0000/0070 VUs  30s        350.00 iters/s
step_00400 ✓ [ 100% ] 0000/0080 VUs  30s        400.00 iters/s
step_00450 ✓ [ 100% ] 0000/0090 VUs  30s        450.00 iters/s
step_00500 ✓ [ 100% ] 0000/0100 VUs  30s        500.00 iters/s
step_00550 ✓ [ 100% ] 0000/0112 VUs  30s        550.00 iters/s
step_00600 ✓ [ 100% ] 0000/0120 VUs  30s        600.00 iters/s
step_00650 ✓ [ 100% ] 0000/0130 VUs  30s        650.00 iters/s
step_00700 ✓ [ 100% ] 0000/0140 VUs  30s        700.00 iters/s
step_00750 ✓ [ 100% ] 0000/0150 VUs  30s        750.00 iters/s
step_00800 ✓ [ 100% ] 0000/0160 VUs  30s        800.00 iters/s
step_00850 ✓ [ 100% ] 0000/0170 VUs  30s        850.00 iters/s
step_00900 ✓ [ 100% ] 0000/0180 VUs  30s        900.00 iters/s
step_00950   [  70% ] 0003/0190 VUs  21.0s/30s  950.00 iters/s
step_01000 • [   0% ] waiting        0m09.0s   

running (09m21.9s), 0001/0392 VUs, 277378 complete and 0 interrupted iterations
step_00050 ✓ [ 100% ] 000/020 VUs    30s        50.00 iters/s
step_00100 ✓ [ 100% ] 000/020 VUs    30s        100.00 iters/s
step_00150 ✓ [ 100% ] 000/030 VUs    30s        150.00 iters/s
step_00200 ✓ [ 100% ] 000/040 VUs    30s        200.00 iters/s
step_00250 ✓ [ 100% ] 000/050 VUs    30s        250.00 iters/s
step_00300 ✓ [ 100% ] 000/060 VUs    30s        300.00 iters/s
step_00350 ✓ [ 100% ] 0000/0070 VUs  30s        350.00 iters/s
step_00400 ✓ [ 100% ] 0000/0080 VUs  30s        400.00 iters/s
step_00450 ✓ [ 100% ] 0000/0090 VUs  30s        450.00 iters/s
step_00500 ✓ [ 100% ] 0000/0100 VUs  30s        500.00 iters/s
step_00550 ✓ [ 100% ] 0000/0112 VUs  30s        550.00 iters/s
step_00600 ✓ [ 100% ] 0000/0120 VUs  30s        600.00 iters/s
step_00650 ✓ [ 100% ] 0000/0130 VUs  30s        650.00 iters/s
step_00700 ✓ [ 100% ] 0000/0140 VUs  30s        700.00 iters/s
step_00750 ✓ [ 100% ] 0000/0150 VUs  30s        750.00 iters/s
step_00800 ✓ [ 100% ] 0000/0160 VUs  30s        800.00 iters/s
step_00850 ✓ [ 100% ] 0000/0170 VUs  30s        850.00 iters/s
step_00900 ✓ [ 100% ] 0000/0180 VUs  30s        900.00 iters/s
step_00950   [  73% ] 0001/0190 VUs  22.0s/30s  950.00 iters/s
step_01000 • [   0% ] waiting        0m08.0s   

running (09m22.9s), 0002/0392 VUs, 278327 complete and 0 interrupted iterations
step_00050 ✓ [ 100% ] 000/020 VUs    30s        50.00 iters/s
step_00100 ✓ [ 100% ] 000/020 VUs    30s        100.00 iters/s
step_00150 ✓ [ 100% ] 000/030 VUs    30s        150.00 iters/s
step_00200 ✓ [ 100% ] 000/040 VUs    30s        200.00 iters/s
step_00250 ✓ [ 100% ] 000/050 VUs    30s        250.00 iters/s
step_00300 ✓ [ 100% ] 000/060 VUs    30s        300.00 iters/s
step_00350 ✓ [ 100% ] 0000/0070 VUs  30s        350.00 iters/s
step_00400 ✓ [ 100% ] 0000/0080 VUs  30s        400.00 iters/s
step_00450 ✓ [ 100% ] 0000/0090 VUs  30s        450.00 iters/s
step_00500 ✓ [ 100% ] 0000/0100 VUs  30s        500.00 iters/s
step_00550 ✓ [ 100% ] 0000/0112 VUs  30s        550.00 iters/s
step_00600 ✓ [ 100% ] 0000/0120 VUs  30s        600.00 iters/s
step_00650 ✓ [ 100% ] 0000/0130 VUs  30s        650.00 iters/s
step_00700 ✓ [ 100% ] 0000/0140 VUs  30s        700.00 iters/s
step_00750 ✓ [ 100% ] 0000/0150 VUs  30s        750.00 iters/s
step_00800 ✓ [ 100% ] 0000/0160 VUs  30s        800.00 iters/s
step_00850 ✓ [ 100% ] 0000/0170 VUs  30s        850.00 iters/s
step_00900 ✓ [ 100% ] 0000/0180 VUs  30s        900.00 iters/s
step_00950   [  77% ] 0002/0190 VUs  23.0s/30s  950.00 iters/s
step_01000 • [   0% ] waiting        0m07.0s   

running (09m23.9s), 0051/0392 VUs, 279228 complete and 0 interrupted iterations
step_00050 ✓ [ 100% ] 000/020 VUs    30s        50.00 iters/s
step_00100 ✓ [ 100% ] 000/020 VUs    30s        100.00 iters/s
step_00150 ✓ [ 100% ] 000/030 VUs    30s        150.00 iters/s
step_00200 ✓ [ 100% ] 000/040 VUs    30s        200.00 iters/s
step_00250 ✓ [ 100% ] 000/050 VUs    30s        250.00 iters/s
step_00300 ✓ [ 100% ] 000/060 VUs    30s        300.00 iters/s
step_00350 ✓ [ 100% ] 0000/0070 VUs  30s        350.00 iters/s
step_00400 ✓ [ 100% ] 0000/0080 VUs  30s        400.00 iters/s
step_00450 ✓ [ 100% ] 0000/0090 VUs  30s        450.00 iters/s
step_00500 ✓ [ 100% ] 0000/0100 VUs  30s        500.00 iters/s
step_00550 ✓ [ 100% ] 0000/0112 VUs  30s        550.00 iters/s
step_00600 ✓ [ 100% ] 0000/0120 VUs  30s        600.00 iters/s
step_00650 ✓ [ 100% ] 0000/0130 VUs  30s        650.00 iters/s
step_00700 ✓ [ 100% ] 0000/0140 VUs  30s        700.00 iters/s
step_00750 ✓ [ 100% ] 0000/0150 VUs  30s        750.00 iters/s
step_00800 ✓ [ 100% ] 0000/0160 VUs  30s        800.00 iters/s
step_00850 ✓ [ 100% ] 0000/0170 VUs  30s        850.00 iters/s
step_00900 ✓ [ 100% ] 0000/0180 VUs  30s        900.00 iters/s
step_00950   [  80% ] 0051/0190 VUs  24.0s/30s  950.00 iters/s
step_01000 • [   0% ] waiting        0m06.0s   

running (09m24.9s), 0002/0392 VUs, 280227 complete and 0 interrupted iterations
step_00050 ✓ [ 100% ] 000/020 VUs    30s        50.00 iters/s
step_00100 ✓ [ 100% ] 000/020 VUs    30s        100.00 iters/s
step_00150 ✓ [ 100% ] 000/030 VUs    30s        150.00 iters/s
step_00200 ✓ [ 100% ] 000/040 VUs    30s        200.00 iters/s
step_00250 ✓ [ 100% ] 000/050 VUs    30s        250.00 iters/s
step_00300 ✓ [ 100% ] 000/060 VUs    30s        300.00 iters/s
step_00350 ✓ [ 100% ] 0000/0070 VUs  30s        350.00 iters/s
step_00400 ✓ [ 100% ] 0000/0080 VUs  30s        400.00 iters/s
step_00450 ✓ [ 100% ] 0000/0090 VUs  30s        450.00 iters/s
step_00500 ✓ [ 100% ] 0000/0100 VUs  30s        500.00 iters/s
step_00550 ✓ [ 100% ] 0000/0112 VUs  30s        550.00 iters/s
step_00600 ✓ [ 100% ] 0000/0120 VUs  30s        600.00 iters/s
step_00650 ✓ [ 100% ] 0000/0130 VUs  30s        650.00 iters/s
step_00700 ✓ [ 100% ] 0000/0140 VUs  30s        700.00 iters/s
step_00750 ✓ [ 100% ] 0000/0150 VUs  30s        750.00 iters/s
step_00800 ✓ [ 100% ] 0000/0160 VUs  30s        800.00 iters/s
step_00850 ✓ [ 100% ] 0000/0170 VUs  30s        850.00 iters/s
step_00900 ✓ [ 100% ] 0000/0180 VUs  30s        900.00 iters/s
step_00950   [  83% ] 0002/0190 VUs  25.0s/30s  950.00 iters/s
step_01000 • [   0% ] waiting        0m05.0s   

running (09m25.9s), 0007/0392 VUs, 281172 complete and 0 interrupted iterations
step_00050 ✓ [ 100% ] 000/020 VUs    30s        50.00 iters/s
step_00100 ✓ [ 100% ] 000/020 VUs    30s        100.00 iters/s
step_00150 ✓ [ 100% ] 000/030 VUs    30s        150.00 iters/s
step_00200 ✓ [ 100% ] 000/040 VUs    30s        200.00 iters/s
step_00250 ✓ [ 100% ] 000/050 VUs    30s        250.00 iters/s
step_00300 ✓ [ 100% ] 000/060 VUs    30s        300.00 iters/s
step_00350 ✓ [ 100% ] 0000/0070 VUs  30s        350.00 iters/s
step_00400 ✓ [ 100% ] 0000/0080 VUs  30s        400.00 iters/s
step_00450 ✓ [ 100% ] 0000/0090 VUs  30s        450.00 iters/s
step_00500 ✓ [ 100% ] 0000/0100 VUs  30s        500.00 iters/s
step_00550 ✓ [ 100% ] 0000/0112 VUs  30s        550.00 iters/s
step_00600 ✓ [ 100% ] 0000/0120 VUs  30s        600.00 iters/s
step_00650 ✓ [ 100% ] 0000/0130 VUs  30s        650.00 iters/s
step_00700 ✓ [ 100% ] 0000/0140 VUs  30s        700.00 iters/s
step_00750 ✓ [ 100% ] 0000/0150 VUs  30s        750.00 iters/s
step_00800 ✓ [ 100% ] 0000/0160 VUs  30s        800.00 iters/s
step_00850 ✓ [ 100% ] 0000/0170 VUs  30s        850.00 iters/s
step_00900 ✓ [ 100% ] 0000/0180 VUs  30s        900.00 iters/s
step_00950   [  87% ] 0007/0190 VUs  26.0s/30s  950.00 iters/s
step_01000 • [   0% ] waiting        0m04.0s   

running (09m26.9s), 0002/0392 VUs, 282127 complete and 0 interrupted iterations
step_00050 ✓ [ 100% ] 000/020 VUs    30s        50.00 iters/s
step_00100 ✓ [ 100% ] 000/020 VUs    30s        100.00 iters/s
step_00150 ✓ [ 100% ] 000/030 VUs    30s        150.00 iters/s
step_00200 ✓ [ 100% ] 000/040 VUs    30s        200.00 iters/s
step_00250 ✓ [ 100% ] 000/050 VUs    30s        250.00 iters/s
step_00300 ✓ [ 100% ] 000/060 VUs    30s        300.00 iters/s
step_00350 ✓ [ 100% ] 0000/0070 VUs  30s        350.00 iters/s
step_00400 ✓ [ 100% ] 0000/0080 VUs  30s        400.00 iters/s
step_00450 ✓ [ 100% ] 0000/0090 VUs  30s        450.00 iters/s
step_00500 ✓ [ 100% ] 0000/0100 VUs  30s        500.00 iters/s
step_00550 ✓ [ 100% ] 0000/0112 VUs  30s        550.00 iters/s
step_00600 ✓ [ 100% ] 0000/0120 VUs  30s        600.00 iters/s
step_00650 ✓ [ 100% ] 0000/0130 VUs  30s        650.00 iters/s
step_00700 ✓ [ 100% ] 0000/0140 VUs  30s        700.00 iters/s
step_00750 ✓ [ 100% ] 0000/0150 VUs  30s        750.00 iters/s
step_00800 ✓ [ 100% ] 0000/0160 VUs  30s        800.00 iters/s
step_00850 ✓ [ 100% ] 0000/0170 VUs  30s        850.00 iters/s
step_00900 ✓ [ 100% ] 0000/0180 VUs  30s        900.00 iters/s
step_00950   [  90% ] 0002/0190 VUs  27.0s/30s  950.00 iters/s
step_01000 • [   0% ] waiting        0m03.0s   

running (09m27.9s), 0002/0392 VUs, 283077 complete and 0 interrupted iterations
step_00050 ✓ [ 100% ] 000/020 VUs    30s        50.00 iters/s
step_00100 ✓ [ 100% ] 000/020 VUs    30s        100.00 iters/s
step_00150 ✓ [ 100% ] 000/030 VUs    30s        150.00 iters/s
step_00200 ✓ [ 100% ] 000/040 VUs    30s        200.00 iters/s
step_00250 ✓ [ 100% ] 000/050 VUs    30s        250.00 iters/s
step_00300 ✓ [ 100% ] 000/060 VUs    30s        300.00 iters/s
step_00350 ✓ [ 100% ] 0000/0070 VUs  30s        350.00 iters/s
step_00400 ✓ [ 100% ] 0000/0080 VUs  30s        400.00 iters/s
step_00450 ✓ [ 100% ] 0000/0090 VUs  30s        450.00 iters/s
step_00500 ✓ [ 100% ] 0000/0100 VUs  30s        500.00 iters/s
step_00550 ✓ [ 100% ] 0000/0112 VUs  30s        550.00 iters/s
step_00600 ✓ [ 100% ] 0000/0120 VUs  30s        600.00 iters/s
step_00650 ✓ [ 100% ] 0000/0130 VUs  30s        650.00 iters/s
step_00700 ✓ [ 100% ] 0000/0140 VUs  30s        700.00 iters/s
step_00750 ✓ [ 100% ] 0000/0150 VUs  30s        750.00 iters/s
step_00800 ✓ [ 100% ] 0000/0160 VUs  30s        800.00 iters/s
step_00850 ✓ [ 100% ] 0000/0170 VUs  30s        850.00 iters/s
step_00900 ✓ [ 100% ] 0000/0180 VUs  30s        900.00 iters/s
step_00950   [  93% ] 0002/0190 VUs  28.0s/30s  950.00 iters/s
step_01000 • [   0% ] waiting        0m02.0s   

running (09m28.9s), 0001/0392 VUs, 284028 complete and 0 interrupted iterations
step_00050 ✓ [ 100% ] 000/020 VUs    30s        50.00 iters/s
step_00100 ✓ [ 100% ] 000/020 VUs    30s        100.00 iters/s
step_00150 ✓ [ 100% ] 000/030 VUs    30s        150.00 iters/s
step_00200 ✓ [ 100% ] 000/040 VUs    30s        200.00 iters/s
step_00250 ✓ [ 100% ] 000/050 VUs    30s        250.00 iters/s
step_00300 ✓ [ 100% ] 000/060 VUs    30s        300.00 iters/s
step_00350 ✓ [ 100% ] 0000/0070 VUs  30s        350.00 iters/s
step_00400 ✓ [ 100% ] 0000/0080 VUs  30s        400.00 iters/s
step_00450 ✓ [ 100% ] 0000/0090 VUs  30s        450.00 iters/s
step_00500 ✓ [ 100% ] 0000/0100 VUs  30s        500.00 iters/s
step_00550 ✓ [ 100% ] 0000/0112 VUs  30s        550.00 iters/s
step_00600 ✓ [ 100% ] 0000/0120 VUs  30s        600.00 iters/s
step_00650 ✓ [ 100% ] 0000/0130 VUs  30s        650.00 iters/s
step_00700 ✓ [ 100% ] 0000/0140 VUs  30s        700.00 iters/s
step_00750 ✓ [ 100% ] 0000/0150 VUs  30s        750.00 iters/s
step_00800 ✓ [ 100% ] 0000/0160 VUs  30s        800.00 iters/s
step_00850 ✓ [ 100% ] 0000/0170 VUs  30s        850.00 iters/s
step_00900 ✓ [ 100% ] 0000/0180 VUs  30s        900.00 iters/s
step_00950   [  97% ] 0001/0190 VUs  29.0s/30s  950.00 iters/s
step_01000 • [   0% ] waiting        0m01.0s   

running (09m29.9s), 0002/0392 VUs, 284977 complete and 0 interrupted iterations
step_00050 ✓ [ 100% ] 000/020 VUs    30s        50.00 iters/s
step_00100 ✓ [ 100% ] 000/020 VUs    30s        100.00 iters/s
step_00150 ✓ [ 100% ] 000/030 VUs    30s        150.00 iters/s
step_00200 ✓ [ 100% ] 000/040 VUs    30s        200.00 iters/s
step_00250 ✓ [ 100% ] 000/050 VUs    30s        250.00 iters/s
step_00300 ✓ [ 100% ] 000/060 VUs    30s        300.00 iters/s
step_00350 ✓ [ 100% ] 0000/0070 VUs  30s        350.00 iters/s
step_00400 ✓ [ 100% ] 0000/0080 VUs  30s        400.00 iters/s
step_00450 ✓ [ 100% ] 0000/0090 VUs  30s        450.00 iters/s
step_00500 ✓ [ 100% ] 0000/0100 VUs  30s        500.00 iters/s
step_00550 ✓ [ 100% ] 0000/0112 VUs  30s        550.00 iters/s
step_00600 ✓ [ 100% ] 0000/0120 VUs  30s        600.00 iters/s
step_00650 ✓ [ 100% ] 0000/0130 VUs  30s        650.00 iters/s
step_00700 ✓ [ 100% ] 0000/0140 VUs  30s        700.00 iters/s
step_00750 ✓ [ 100% ] 0000/0150 VUs  30s        750.00 iters/s
step_00800 ✓ [ 100% ] 0000/0160 VUs  30s        800.00 iters/s
step_00850 ✓ [ 100% ] 0000/0170 VUs  30s        850.00 iters/s
step_00900 ✓ [ 100% ] 0000/0180 VUs  30s        900.00 iters/s
step_00950   [ 100% ] 0002/0190 VUs  30.0s/30s  950.00 iters/s
step_01000 • [   0% ] waiting        0m00.0s   

running (09m30.9s), 0001/0392 VUs, 285977 complete and 0 interrupted iterations
step_00050 ✓ [ 100% ] 000/020 VUs    30s        50.00 iters/s
step_00100 ✓ [ 100% ] 000/020 VUs    30s        100.00 iters/s
step_00150 ✓ [ 100% ] 000/030 VUs    30s        150.00 iters/s
step_00200 ✓ [ 100% ] 000/040 VUs    30s        200.00 iters/s
step_00250 ✓ [ 100% ] 000/050 VUs    30s        250.00 iters/s
step_00300 ✓ [ 100% ] 000/060 VUs    30s        300.00 iters/s
step_00350 ✓ [ 100% ] 0000/0070 VUs  30s        350.00 iters/s
step_00400 ✓ [ 100% ] 0000/0080 VUs  30s        400.00 iters/s
step_00450 ✓ [ 100% ] 0000/0090 VUs  30s        450.00 iters/s
step_00500 ✓ [ 100% ] 0000/0100 VUs  30s        500.00 iters/s
step_00550 ✓ [ 100% ] 0000/0112 VUs  30s        550.00 iters/s
step_00600 ✓ [ 100% ] 0000/0120 VUs  30s        600.00 iters/s
step_00650 ✓ [ 100% ] 0000/0130 VUs  30s        650.00 iters/s
step_00700 ✓ [ 100% ] 0000/0140 VUs  30s        700.00 iters/s
step_00750 ✓ [ 100% ] 0000/0150 VUs  30s        750.00 iters/s
step_00800 ✓ [ 100% ] 0000/0160 VUs  30s        800.00 iters/s
step_00850 ✓ [ 100% ] 0000/0170 VUs  30s        850.00 iters/s
step_00900 ✓ [ 100% ] 0000/0180 VUs  30s        900.00 iters/s
step_00950 ✓ [ 100% ] 0000/0190 VUs  30s        950.00 iters/s
step_01000   [   3% ] 0001/0200 VUs  01.0s/30s  1000.00 iters/s

running (09m31.9s), 0001/0392 VUs, 286977 complete and 0 interrupted iterations
step_00050 ✓ [ 100% ] 000/020 VUs    30s        50.00 iters/s
step_00100 ✓ [ 100% ] 000/020 VUs    30s        100.00 iters/s
step_00150 ✓ [ 100% ] 000/030 VUs    30s        150.00 iters/s
step_00200 ✓ [ 100% ] 000/040 VUs    30s        200.00 iters/s
step_00250 ✓ [ 100% ] 000/050 VUs    30s        250.00 iters/s
step_00300 ✓ [ 100% ] 000/060 VUs    30s        300.00 iters/s
step_00350 ✓ [ 100% ] 0000/0070 VUs  30s        350.00 iters/s
step_00400 ✓ [ 100% ] 0000/0080 VUs  30s        400.00 iters/s
step_00450 ✓ [ 100% ] 0000/0090 VUs  30s        450.00 iters/s
step_00500 ✓ [ 100% ] 0000/0100 VUs  30s        500.00 iters/s
step_00550 ✓ [ 100% ] 0000/0112 VUs  30s        550.00 iters/s
step_00600 ✓ [ 100% ] 0000/0120 VUs  30s        600.00 iters/s
step_00650 ✓ [ 100% ] 0000/0130 VUs  30s        650.00 iters/s
step_00700 ✓ [ 100% ] 0000/0140 VUs  30s        700.00 iters/s
step_00750 ✓ [ 100% ] 0000/0150 VUs  30s        750.00 iters/s
step_00800 ✓ [ 100% ] 0000/0160 VUs  30s        800.00 iters/s
step_00850 ✓ [ 100% ] 0000/0170 VUs  30s        850.00 iters/s
step_00900 ✓ [ 100% ] 0000/0180 VUs  30s        900.00 iters/s
step_00950 ✓ [ 100% ] 0000/0190 VUs  30s        950.00 iters/s
step_01000   [   7% ] 0001/0200 VUs  02.0s/30s  1000.00 iters/s

running (09m32.9s), 0002/0392 VUs, 287976 complete and 0 interrupted iterations
step_00050 ✓ [ 100% ] 000/020 VUs    30s        50.00 iters/s
step_00100 ✓ [ 100% ] 000/020 VUs    30s        100.00 iters/s
step_00150 ✓ [ 100% ] 000/030 VUs    30s        150.00 iters/s
step_00200 ✓ [ 100% ] 000/040 VUs    30s        200.00 iters/s
step_00250 ✓ [ 100% ] 000/050 VUs    30s        250.00 iters/s
step_00300 ✓ [ 100% ] 000/060 VUs    30s        300.00 iters/s
step_00350 ✓ [ 100% ] 0000/0070 VUs  30s        350.00 iters/s
step_00400 ✓ [ 100% ] 0000/0080 VUs  30s        400.00 iters/s
step_00450 ✓ [ 100% ] 0000/0090 VUs  30s        450.00 iters/s
step_00500 ✓ [ 100% ] 0000/0100 VUs  30s        500.00 iters/s
step_00550 ✓ [ 100% ] 0000/0112 VUs  30s        550.00 iters/s
step_00600 ✓ [ 100% ] 0000/0120 VUs  30s        600.00 iters/s
step_00650 ✓ [ 100% ] 0000/0130 VUs  30s        650.00 iters/s
step_00700 ✓ [ 100% ] 0000/0140 VUs  30s        700.00 iters/s
step_00750 ✓ [ 100% ] 0000/0150 VUs  30s        750.00 iters/s
step_00800 ✓ [ 100% ] 0000/0160 VUs  30s        800.00 iters/s
step_00850 ✓ [ 100% ] 0000/0170 VUs  30s        850.00 iters/s
step_00900 ✓ [ 100% ] 0000/0180 VUs  30s        900.00 iters/s
step_00950 ✓ [ 100% ] 0000/0190 VUs  30s        950.00 iters/s
step_01000   [  10% ] 0002/0200 VUs  03.0s/30s  1000.00 iters/s

running (09m33.9s), 0002/0392 VUs, 288975 complete and 0 interrupted iterations
step_00050 ✓ [ 100% ] 000/020 VUs    30s        50.00 iters/s
step_00100 ✓ [ 100% ] 000/020 VUs    30s        100.00 iters/s
step_00150 ✓ [ 100% ] 000/030 VUs    30s        150.00 iters/s
step_00200 ✓ [ 100% ] 000/040 VUs    30s        200.00 iters/s
step_00250 ✓ [ 100% ] 000/050 VUs    30s        250.00 iters/s
step_00300 ✓ [ 100% ] 000/060 VUs    30s        300.00 iters/s
step_00350 ✓ [ 100% ] 0000/0070 VUs  30s        350.00 iters/s
step_00400 ✓ [ 100% ] 0000/0080 VUs  30s        400.00 iters/s
step_00450 ✓ [ 100% ] 0000/0090 VUs  30s        450.00 iters/s
step_00500 ✓ [ 100% ] 0000/0100 VUs  30s        500.00 iters/s
step_00550 ✓ [ 100% ] 0000/0112 VUs  30s        550.00 iters/s
step_00600 ✓ [ 100% ] 0000/0120 VUs  30s        600.00 iters/s
step_00650 ✓ [ 100% ] 0000/0130 VUs  30s        650.00 iters/s
step_00700 ✓ [ 100% ] 0000/0140 VUs  30s        700.00 iters/s
step_00750 ✓ [ 100% ] 0000/0150 VUs  30s        750.00 iters/s
step_00800 ✓ [ 100% ] 0000/0160 VUs  30s        800.00 iters/s
step_00850 ✓ [ 100% ] 0000/0170 VUs  30s        850.00 iters/s
step_00900 ✓ [ 100% ] 0000/0180 VUs  30s        900.00 iters/s
step_00950 ✓ [ 100% ] 0000/0190 VUs  30s        950.00 iters/s
step_01000   [  13% ] 0003/0200 VUs  04.0s/30s  1000.00 iters/s

running (09m34.9s), 0002/0392 VUs, 289976 complete and 0 interrupted iterations
step_00050 ✓ [ 100% ] 000/020 VUs    30s        50.00 iters/s
step_00100 ✓ [ 100% ] 000/020 VUs    30s        100.00 iters/s
step_00150 ✓ [ 100% ] 000/030 VUs    30s        150.00 iters/s
step_00200 ✓ [ 100% ] 000/040 VUs    30s        200.00 iters/s
step_00250 ✓ [ 100% ] 000/050 VUs    30s        250.00 iters/s
step_00300 ✓ [ 100% ] 000/060 VUs    30s        300.00 iters/s
step_00350 ✓ [ 100% ] 0000/0070 VUs  30s        350.00 iters/s
step_00400 ✓ [ 100% ] 0000/0080 VUs  30s        400.00 iters/s
step_00450 ✓ [ 100% ] 0000/0090 VUs  30s        450.00 iters/s
step_00500 ✓ [ 100% ] 0000/0100 VUs  30s        500.00 iters/s
step_00550 ✓ [ 100% ] 0000/0112 VUs  30s        550.00 iters/s
step_00600 ✓ [ 100% ] 0000/0120 VUs  30s        600.00 iters/s
step_00650 ✓ [ 100% ] 0000/0130 VUs  30s        650.00 iters/s
step_00700 ✓ [ 100% ] 0000/0140 VUs  30s        700.00 iters/s
step_00750 ✓ [ 100% ] 0000/0150 VUs  30s        750.00 iters/s
step_00800 ✓ [ 100% ] 0000/0160 VUs  30s        800.00 iters/s
step_00850 ✓ [ 100% ] 0000/0170 VUs  30s        850.00 iters/s
step_00900 ✓ [ 100% ] 0000/0180 VUs  30s        900.00 iters/s
step_00950 ✓ [ 100% ] 0000/0190 VUs  30s        950.00 iters/s
step_01000   [  17% ] 0002/0200 VUs  05.0s/30s  1000.00 iters/s

running (09m35.9s), 0001/0392 VUs, 290977 complete and 0 interrupted iterations
step_00050 ✓ [ 100% ] 000/020 VUs    30s        50.00 iters/s
step_00100 ✓ [ 100% ] 000/020 VUs    30s        100.00 iters/s
step_00150 ✓ [ 100% ] 000/030 VUs    30s        150.00 iters/s
step_00200 ✓ [ 100% ] 000/040 VUs    30s        200.00 iters/s
step_00250 ✓ [ 100% ] 000/050 VUs    30s        250.00 iters/s
step_00300 ✓ [ 100% ] 000/060 VUs    30s        300.00 iters/s
step_00350 ✓ [ 100% ] 0000/0070 VUs  30s        350.00 iters/s
step_00400 ✓ [ 100% ] 0000/0080 VUs  30s        400.00 iters/s
step_00450 ✓ [ 100% ] 0000/0090 VUs  30s        450.00 iters/s
step_00500 ✓ [ 100% ] 0000/0100 VUs  30s        500.00 iters/s
step_00550 ✓ [ 100% ] 0000/0112 VUs  30s        550.00 iters/s
step_00600 ✓ [ 100% ] 0000/0120 VUs  30s        600.00 iters/s
step_00650 ✓ [ 100% ] 0000/0130 VUs  30s        650.00 iters/s
step_00700 ✓ [ 100% ] 0000/0140 VUs  30s        700.00 iters/s
step_00750 ✓ [ 100% ] 0000/0150 VUs  30s        750.00 iters/s
step_00800 ✓ [ 100% ] 0000/0160 VUs  30s        800.00 iters/s
step_00850 ✓ [ 100% ] 0000/0170 VUs  30s        850.00 iters/s
step_00900 ✓ [ 100% ] 0000/0180 VUs  30s        900.00 iters/s
step_00950 ✓ [ 100% ] 0000/0190 VUs  30s        950.00 iters/s
step_01000   [  20% ] 0001/0200 VUs  06.0s/30s  1000.00 iters/s

running (09m36.9s), 0009/0392 VUs, 291969 complete and 0 interrupted iterations
step_00050 ✓ [ 100% ] 000/020 VUs    30s        50.00 iters/s
step_00100 ✓ [ 100% ] 000/020 VUs    30s        100.00 iters/s
step_00150 ✓ [ 100% ] 000/030 VUs    30s        150.00 iters/s
step_00200 ✓ [ 100% ] 000/040 VUs    30s        200.00 iters/s
step_00250 ✓ [ 100% ] 000/050 VUs    30s        250.00 iters/s
step_00300 ✓ [ 100% ] 000/060 VUs    30s        300.00 iters/s
step_00350 ✓ [ 100% ] 0000/0070 VUs  30s        350.00 iters/s
step_00400 ✓ [ 100% ] 0000/0080 VUs  30s        400.00 iters/s
step_00450 ✓ [ 100% ] 0000/0090 VUs  30s        450.00 iters/s
step_00500 ✓ [ 100% ] 0000/0100 VUs  30s        500.00 iters/s
step_00550 ✓ [ 100% ] 0000/0112 VUs  30s        550.00 iters/s
step_00600 ✓ [ 100% ] 0000/0120 VUs  30s        600.00 iters/s
step_00650 ✓ [ 100% ] 0000/0130 VUs  30s        650.00 iters/s
step_00700 ✓ [ 100% ] 0000/0140 VUs  30s        700.00 iters/s
step_00750 ✓ [ 100% ] 0000/0150 VUs  30s        750.00 iters/s
step_00800 ✓ [ 100% ] 0000/0160 VUs  30s        800.00 iters/s
step_00850 ✓ [ 100% ] 0000/0170 VUs  30s        850.00 iters/s
step_00900 ✓ [ 100% ] 0000/0180 VUs  30s        900.00 iters/s
step_00950 ✓ [ 100% ] 0000/0190 VUs  30s        950.00 iters/s
step_01000   [  23% ] 0009/0200 VUs  07.0s/30s  1000.00 iters/s

running (09m37.9s), 0001/0392 VUs, 292977 complete and 0 interrupted iterations
step_00050 ✓ [ 100% ] 000/020 VUs    30s        50.00 iters/s
step_00100 ✓ [ 100% ] 000/020 VUs    30s        100.00 iters/s
step_00150 ✓ [ 100% ] 000/030 VUs    30s        150.00 iters/s
step_00200 ✓ [ 100% ] 000/040 VUs    30s        200.00 iters/s
step_00250 ✓ [ 100% ] 000/050 VUs    30s        250.00 iters/s
step_00300 ✓ [ 100% ] 000/060 VUs    30s        300.00 iters/s
step_00350 ✓ [ 100% ] 0000/0070 VUs  30s        350.00 iters/s
step_00400 ✓ [ 100% ] 0000/0080 VUs  30s        400.00 iters/s
step_00450 ✓ [ 100% ] 0000/0090 VUs  30s        450.00 iters/s
step_00500 ✓ [ 100% ] 0000/0100 VUs  30s        500.00 iters/s
step_00550 ✓ [ 100% ] 0000/0112 VUs  30s        550.00 iters/s
step_00600 ✓ [ 100% ] 0000/0120 VUs  30s        600.00 iters/s
step_00650 ✓ [ 100% ] 0000/0130 VUs  30s        650.00 iters/s
step_00700 ✓ [ 100% ] 0000/0140 VUs  30s        700.00 iters/s
step_00750 ✓ [ 100% ] 0000/0150 VUs  30s        750.00 iters/s
step_00800 ✓ [ 100% ] 0000/0160 VUs  30s        800.00 iters/s
step_00850 ✓ [ 100% ] 0000/0170 VUs  30s        850.00 iters/s
step_00900 ✓ [ 100% ] 0000/0180 VUs  30s        900.00 iters/s
step_00950 ✓ [ 100% ] 0000/0190 VUs  30s        950.00 iters/s
step_01000   [  27% ] 0001/0200 VUs  08.0s/30s  1000.00 iters/s

running (09m38.9s), 0001/0392 VUs, 293977 complete and 0 interrupted iterations
step_00050 ✓ [ 100% ] 000/020 VUs    30s        50.00 iters/s
step_00100 ✓ [ 100% ] 000/020 VUs    30s        100.00 iters/s
step_00150 ✓ [ 100% ] 000/030 VUs    30s        150.00 iters/s
step_00200 ✓ [ 100% ] 000/040 VUs    30s        200.00 iters/s
step_00250 ✓ [ 100% ] 000/050 VUs    30s        250.00 iters/s
step_00300 ✓ [ 100% ] 000/060 VUs    30s        300.00 iters/s
step_00350 ✓ [ 100% ] 0000/0070 VUs  30s        350.00 iters/s
step_00400 ✓ [ 100% ] 0000/0080 VUs  30s        400.00 iters/s
step_00450 ✓ [ 100% ] 0000/0090 VUs  30s        450.00 iters/s
step_00500 ✓ [ 100% ] 0000/0100 VUs  30s        500.00 iters/s
step_00550 ✓ [ 100% ] 0000/0112 VUs  30s        550.00 iters/s
step_00600 ✓ [ 100% ] 0000/0120 VUs  30s        600.00 iters/s
step_00650 ✓ [ 100% ] 0000/0130 VUs  30s        650.00 iters/s
step_00700 ✓ [ 100% ] 0000/0140 VUs  30s        700.00 iters/s
step_00750 ✓ [ 100% ] 0000/0150 VUs  30s        750.00 iters/s
step_00800 ✓ [ 100% ] 0000/0160 VUs  30s        800.00 iters/s
step_00850 ✓ [ 100% ] 0000/0170 VUs  30s        850.00 iters/s
step_00900 ✓ [ 100% ] 0000/0180 VUs  30s        900.00 iters/s
step_00950 ✓ [ 100% ] 0000/0190 VUs  30s        950.00 iters/s
step_01000   [  30% ] 0001/0200 VUs  09.0s/30s  1000.00 iters/s

running (09m39.9s), 0001/0392 VUs, 294977 complete and 0 interrupted iterations
step_00050 ✓ [ 100% ] 000/020 VUs    30s        50.00 iters/s
step_00100 ✓ [ 100% ] 000/020 VUs    30s        100.00 iters/s
step_00150 ✓ [ 100% ] 000/030 VUs    30s        150.00 iters/s
step_00200 ✓ [ 100% ] 000/040 VUs    30s        200.00 iters/s
step_00250 ✓ [ 100% ] 000/050 VUs    30s        250.00 iters/s
step_00300 ✓ [ 100% ] 000/060 VUs    30s        300.00 iters/s
step_00350 ✓ [ 100% ] 0000/0070 VUs  30s        350.00 iters/s
step_00400 ✓ [ 100% ] 0000/0080 VUs  30s        400.00 iters/s
step_00450 ✓ [ 100% ] 0000/0090 VUs  30s        450.00 iters/s
step_00500 ✓ [ 100% ] 0000/0100 VUs  30s        500.00 iters/s
step_00550 ✓ [ 100% ] 0000/0112 VUs  30s        550.00 iters/s
step_00600 ✓ [ 100% ] 0000/0120 VUs  30s        600.00 iters/s
step_00650 ✓ [ 100% ] 0000/0130 VUs  30s        650.00 iters/s
step_00700 ✓ [ 100% ] 0000/0140 VUs  30s        700.00 iters/s
step_00750 ✓ [ 100% ] 0000/0150 VUs  30s        750.00 iters/s
step_00800 ✓ [ 100% ] 0000/0160 VUs  30s        800.00 iters/s
step_00850 ✓ [ 100% ] 0000/0170 VUs  30s        850.00 iters/s
step_00900 ✓ [ 100% ] 0000/0180 VUs  30s        900.00 iters/s
step_00950 ✓ [ 100% ] 0000/0190 VUs  30s        950.00 iters/s
step_01000   [  33% ] 0001/0200 VUs  10.0s/30s  1000.00 iters/s

running (09m40.9s), 0001/0392 VUs, 295976 complete and 0 interrupted iterations
step_00050 ✓ [ 100% ] 000/020 VUs    30s        50.00 iters/s
step_00100 ✓ [ 100% ] 000/020 VUs    30s        100.00 iters/s
step_00150 ✓ [ 100% ] 000/030 VUs    30s        150.00 iters/s
step_00200 ✓ [ 100% ] 000/040 VUs    30s        200.00 iters/s
step_00250 ✓ [ 100% ] 000/050 VUs    30s        250.00 iters/s
step_00300 ✓ [ 100% ] 000/060 VUs    30s        300.00 iters/s
step_00350 ✓ [ 100% ] 0000/0070 VUs  30s        350.00 iters/s
step_00400 ✓ [ 100% ] 0000/0080 VUs  30s        400.00 iters/s
step_00450 ✓ [ 100% ] 0000/0090 VUs  30s        450.00 iters/s
step_00500 ✓ [ 100% ] 0000/0100 VUs  30s        500.00 iters/s
step_00550 ✓ [ 100% ] 0000/0112 VUs  30s        550.00 iters/s
step_00600 ✓ [ 100% ] 0000/0120 VUs  30s        600.00 iters/s
step_00650 ✓ [ 100% ] 0000/0130 VUs  30s        650.00 iters/s
step_00700 ✓ [ 100% ] 0000/0140 VUs  30s        700.00 iters/s
step_00750 ✓ [ 100% ] 0000/0150 VUs  30s        750.00 iters/s
step_00800 ✓ [ 100% ] 0000/0160 VUs  30s        800.00 iters/s
step_00850 ✓ [ 100% ] 0000/0170 VUs  30s        850.00 iters/s
step_00900 ✓ [ 100% ] 0000/0180 VUs  30s        900.00 iters/s
step_00950 ✓ [ 100% ] 0000/0190 VUs  30s        950.00 iters/s
step_01000   [  37% ] 0002/0200 VUs  11.0s/30s  1000.00 iters/s

running (09m41.9s), 0001/0392 VUs, 296977 complete and 0 interrupted iterations
step_00050 ✓ [ 100% ] 000/020 VUs    30s        50.00 iters/s
step_00100 ✓ [ 100% ] 000/020 VUs    30s        100.00 iters/s
step_00150 ✓ [ 100% ] 000/030 VUs    30s        150.00 iters/s
step_00200 ✓ [ 100% ] 000/040 VUs    30s        200.00 iters/s
step_00250 ✓ [ 100% ] 000/050 VUs    30s        250.00 iters/s
step_00300 ✓ [ 100% ] 000/060 VUs    30s        300.00 iters/s
step_00350 ✓ [ 100% ] 0000/0070 VUs  30s        350.00 iters/s
step_00400 ✓ [ 100% ] 0000/0080 VUs  30s        400.00 iters/s
step_00450 ✓ [ 100% ] 0000/0090 VUs  30s        450.00 iters/s
step_00500 ✓ [ 100% ] 0000/0100 VUs  30s        500.00 iters/s
step_00550 ✓ [ 100% ] 0000/0112 VUs  30s        550.00 iters/s
step_00600 ✓ [ 100% ] 0000/0120 VUs  30s        600.00 iters/s
step_00650 ✓ [ 100% ] 0000/0130 VUs  30s        650.00 iters/s
step_00700 ✓ [ 100% ] 0000/0140 VUs  30s        700.00 iters/s
step_00750 ✓ [ 100% ] 0000/0150 VUs  30s        750.00 iters/s
step_00800 ✓ [ 100% ] 0000/0160 VUs  30s        800.00 iters/s
step_00850 ✓ [ 100% ] 0000/0170 VUs  30s        850.00 iters/s
step_00900 ✓ [ 100% ] 0000/0180 VUs  30s        900.00 iters/s
step_00950 ✓ [ 100% ] 0000/0190 VUs  30s        950.00 iters/s
step_01000   [  40% ] 0001/0200 VUs  12.0s/30s  1000.00 iters/s

running (09m42.9s), 0057/0392 VUs, 297921 complete and 0 interrupted iterations
step_00050 ✓ [ 100% ] 000/020 VUs    30s        50.00 iters/s
step_00100 ✓ [ 100% ] 000/020 VUs    30s        100.00 iters/s
step_00150 ✓ [ 100% ] 000/030 VUs    30s        150.00 iters/s
step_00200 ✓ [ 100% ] 000/040 VUs    30s        200.00 iters/s
step_00250 ✓ [ 100% ] 000/050 VUs    30s        250.00 iters/s
step_00300 ✓ [ 100% ] 000/060 VUs    30s        300.00 iters/s
step_00350 ✓ [ 100% ] 0000/0070 VUs  30s        350.00 iters/s
step_00400 ✓ [ 100% ] 0000/0080 VUs  30s        400.00 iters/s
step_00450 ✓ [ 100% ] 0000/0090 VUs  30s        450.00 iters/s
step_00500 ✓ [ 100% ] 0000/0100 VUs  30s        500.00 iters/s
step_00550 ✓ [ 100% ] 0000/0112 VUs  30s        550.00 iters/s
step_00600 ✓ [ 100% ] 0000/0120 VUs  30s        600.00 iters/s
step_00650 ✓ [ 100% ] 0000/0130 VUs  30s        650.00 iters/s
step_00700 ✓ [ 100% ] 0000/0140 VUs  30s        700.00 iters/s
step_00750 ✓ [ 100% ] 0000/0150 VUs  30s        750.00 iters/s
step_00800 ✓ [ 100% ] 0000/0160 VUs  30s        800.00 iters/s
step_00850 ✓ [ 100% ] 0000/0170 VUs  30s        850.00 iters/s
step_00900 ✓ [ 100% ] 0000/0180 VUs  30s        900.00 iters/s
step_00950 ✓ [ 100% ] 0000/0190 VUs  30s        950.00 iters/s
step_01000   [  43% ] 0057/0200 VUs  13.0s/30s  1000.00 iters/s

running (09m43.9s), 0008/0392 VUs, 298970 complete and 0 interrupted iterations
step_00050 ✓ [ 100% ] 000/020 VUs    30s        50.00 iters/s
step_00100 ✓ [ 100% ] 000/020 VUs    30s        100.00 iters/s
step_00150 ✓ [ 100% ] 000/030 VUs    30s        150.00 iters/s
step_00200 ✓ [ 100% ] 000/040 VUs    30s        200.00 iters/s
step_00250 ✓ [ 100% ] 000/050 VUs    30s        250.00 iters/s
step_00300 ✓ [ 100% ] 000/060 VUs    30s        300.00 iters/s
step_00350 ✓ [ 100% ] 0000/0070 VUs  30s        350.00 iters/s
step_00400 ✓ [ 100% ] 0000/0080 VUs  30s        400.00 iters/s
step_00450 ✓ [ 100% ] 0000/0090 VUs  30s        450.00 iters/s
step_00500 ✓ [ 100% ] 0000/0100 VUs  30s        500.00 iters/s
step_00550 ✓ [ 100% ] 0000/0112 VUs  30s        550.00 iters/s
step_00600 ✓ [ 100% ] 0000/0120 VUs  30s        600.00 iters/s
step_00650 ✓ [ 100% ] 0000/0130 VUs  30s        650.00 iters/s
step_00700 ✓ [ 100% ] 0000/0140 VUs  30s        700.00 iters/s
step_00750 ✓ [ 100% ] 0000/0150 VUs  30s        750.00 iters/s
step_00800 ✓ [ 100% ] 0000/0160 VUs  30s        800.00 iters/s
step_00850 ✓ [ 100% ] 0000/0170 VUs  30s        850.00 iters/s
step_00900 ✓ [ 100% ] 0000/0180 VUs  30s        900.00 iters/s
step_00950 ✓ [ 100% ] 0000/0190 VUs  30s        950.00 iters/s
step_01000   [  47% ] 0008/0200 VUs  14.0s/30s  1000.00 iters/s

running (09m44.9s), 0002/0392 VUs, 299976 complete and 0 interrupted iterations
step_00050 ✓ [ 100% ] 000/020 VUs    30s        50.00 iters/s
step_00100 ✓ [ 100% ] 000/020 VUs    30s        100.00 iters/s
step_00150 ✓ [ 100% ] 000/030 VUs    30s        150.00 iters/s
step_00200 ✓ [ 100% ] 000/040 VUs    30s        200.00 iters/s
step_00250 ✓ [ 100% ] 000/050 VUs    30s        250.00 iters/s
step_00300 ✓ [ 100% ] 000/060 VUs    30s        300.00 iters/s
step_00350 ✓ [ 100% ] 0000/0070 VUs  30s        350.00 iters/s
step_00400 ✓ [ 100% ] 0000/0080 VUs  30s        400.00 iters/s
step_00450 ✓ [ 100% ] 0000/0090 VUs  30s        450.00 iters/s
step_00500 ✓ [ 100% ] 0000/0100 VUs  30s        500.00 iters/s
step_00550 ✓ [ 100% ] 0000/0112 VUs  30s        550.00 iters/s
step_00600 ✓ [ 100% ] 0000/0120 VUs  30s        600.00 iters/s
step_00650 ✓ [ 100% ] 0000/0130 VUs  30s        650.00 iters/s
step_00700 ✓ [ 100% ] 0000/0140 VUs  30s        700.00 iters/s
step_00750 ✓ [ 100% ] 0000/0150 VUs  30s        750.00 iters/s
step_00800 ✓ [ 100% ] 0000/0160 VUs  30s        800.00 iters/s
step_00850 ✓ [ 100% ] 0000/0170 VUs  30s        850.00 iters/s
step_00900 ✓ [ 100% ] 0000/0180 VUs  30s        900.00 iters/s
step_00950 ✓ [ 100% ] 0000/0190 VUs  30s        950.00 iters/s
step_01000   [  50% ] 0002/0200 VUs  15.0s/30s  1000.00 iters/s

running (09m45.9s), 0001/0392 VUs, 300977 complete and 0 interrupted iterations
step_00050 ✓ [ 100% ] 000/020 VUs    30s        50.00 iters/s
step_00100 ✓ [ 100% ] 000/020 VUs    30s        100.00 iters/s
step_00150 ✓ [ 100% ] 000/030 VUs    30s        150.00 iters/s
step_00200 ✓ [ 100% ] 000/040 VUs    30s        200.00 iters/s
step_00250 ✓ [ 100% ] 000/050 VUs    30s        250.00 iters/s
step_00300 ✓ [ 100% ] 000/060 VUs    30s        300.00 iters/s
step_00350 ✓ [ 100% ] 0000/0070 VUs  30s        350.00 iters/s
step_00400 ✓ [ 100% ] 0000/0080 VUs  30s        400.00 iters/s
step_00450 ✓ [ 100% ] 0000/0090 VUs  30s        450.00 iters/s
step_00500 ✓ [ 100% ] 0000/0100 VUs  30s        500.00 iters/s
step_00550 ✓ [ 100% ] 0000/0112 VUs  30s        550.00 iters/s
step_00600 ✓ [ 100% ] 0000/0120 VUs  30s        600.00 iters/s
step_00650 ✓ [ 100% ] 0000/0130 VUs  30s        650.00 iters/s
step_00700 ✓ [ 100% ] 0000/0140 VUs  30s        700.00 iters/s
step_00750 ✓ [ 100% ] 0000/0150 VUs  30s        750.00 iters/s
step_00800 ✓ [ 100% ] 0000/0160 VUs  30s        800.00 iters/s
step_00850 ✓ [ 100% ] 0000/0170 VUs  30s        850.00 iters/s
step_00900 ✓ [ 100% ] 0000/0180 VUs  30s        900.00 iters/s
step_00950 ✓ [ 100% ] 0000/0190 VUs  30s        950.00 iters/s
step_01000   [  53% ] 0001/0200 VUs  16.0s/30s  1000.00 iters/s

running (09m46.9s), 0002/0392 VUs, 301976 complete and 0 interrupted iterations
step_00050 ✓ [ 100% ] 000/020 VUs    30s        50.00 iters/s
step_00100 ✓ [ 100% ] 000/020 VUs    30s        100.00 iters/s
step_00150 ✓ [ 100% ] 000/030 VUs    30s        150.00 iters/s
step_00200 ✓ [ 100% ] 000/040 VUs    30s        200.00 iters/s
step_00250 ✓ [ 100% ] 000/050 VUs    30s        250.00 iters/s
step_00300 ✓ [ 100% ] 000/060 VUs    30s        300.00 iters/s
step_00350 ✓ [ 100% ] 0000/0070 VUs  30s        350.00 iters/s
step_00400 ✓ [ 100% ] 0000/0080 VUs  30s        400.00 iters/s
step_00450 ✓ [ 100% ] 0000/0090 VUs  30s        450.00 iters/s
step_00500 ✓ [ 100% ] 0000/0100 VUs  30s        500.00 iters/s
step_00550 ✓ [ 100% ] 0000/0112 VUs  30s        550.00 iters/s
step_00600 ✓ [ 100% ] 0000/0120 VUs  30s        600.00 iters/s
step_00650 ✓ [ 100% ] 0000/0130 VUs  30s        650.00 iters/s
step_00700 ✓ [ 100% ] 0000/0140 VUs  30s        700.00 iters/s
step_00750 ✓ [ 100% ] 0000/0150 VUs  30s        750.00 iters/s
step_00800 ✓ [ 100% ] 0000/0160 VUs  30s        800.00 iters/s
step_00850 ✓ [ 100% ] 0000/0170 VUs  30s        850.00 iters/s
step_00900 ✓ [ 100% ] 0000/0180 VUs  30s        900.00 iters/s
step_00950 ✓ [ 100% ] 0000/0190 VUs  30s        950.00 iters/s
step_01000   [  57% ] 0002/0200 VUs  17.0s/30s  1000.00 iters/s

running (09m47.9s), 0002/0392 VUs, 302976 complete and 0 interrupted iterations
step_00050 ✓ [ 100% ] 000/020 VUs    30s        50.00 iters/s
step_00100 ✓ [ 100% ] 000/020 VUs    30s        100.00 iters/s
step_00150 ✓ [ 100% ] 000/030 VUs    30s        150.00 iters/s
step_00200 ✓ [ 100% ] 000/040 VUs    30s        200.00 iters/s
step_00250 ✓ [ 100% ] 000/050 VUs    30s        250.00 iters/s
step_00300 ✓ [ 100% ] 000/060 VUs    30s        300.00 iters/s
step_00350 ✓ [ 100% ] 0000/0070 VUs  30s        350.00 iters/s
step_00400 ✓ [ 100% ] 0000/0080 VUs  30s        400.00 iters/s
step_00450 ✓ [ 100% ] 0000/0090 VUs  30s        450.00 iters/s
step_00500 ✓ [ 100% ] 0000/0100 VUs  30s        500.00 iters/s
step_00550 ✓ [ 100% ] 0000/0112 VUs  30s        550.00 iters/s
step_00600 ✓ [ 100% ] 0000/0120 VUs  30s        600.00 iters/s
step_00650 ✓ [ 100% ] 0000/0130 VUs  30s        650.00 iters/s
step_00700 ✓ [ 100% ] 0000/0140 VUs  30s        700.00 iters/s
step_00750 ✓ [ 100% ] 0000/0150 VUs  30s        750.00 iters/s
step_00800 ✓ [ 100% ] 0000/0160 VUs  30s        800.00 iters/s
step_00850 ✓ [ 100% ] 0000/0170 VUs  30s        850.00 iters/s
step_00900 ✓ [ 100% ] 0000/0180 VUs  30s        900.00 iters/s
step_00950 ✓ [ 100% ] 0000/0190 VUs  30s        950.00 iters/s
step_01000   [  60% ] 0002/0200 VUs  18.0s/30s  1000.00 iters/s

running (09m48.9s), 0001/0392 VUs, 303976 complete and 0 interrupted iterations
step_00050 ✓ [ 100% ] 000/020 VUs    30s        50.00 iters/s
step_00100 ✓ [ 100% ] 000/020 VUs    30s        100.00 iters/s
step_00150 ✓ [ 100% ] 000/030 VUs    30s        150.00 iters/s
step_00200 ✓ [ 100% ] 000/040 VUs    30s        200.00 iters/s
step_00250 ✓ [ 100% ] 000/050 VUs    30s        250.00 iters/s
step_00300 ✓ [ 100% ] 000/060 VUs    30s        300.00 iters/s
step_00350 ✓ [ 100% ] 0000/0070 VUs  30s        350.00 iters/s
step_00400 ✓ [ 100% ] 0000/0080 VUs  30s        400.00 iters/s
step_00450 ✓ [ 100% ] 0000/0090 VUs  30s        450.00 iters/s
step_00500 ✓ [ 100% ] 0000/0100 VUs  30s        500.00 iters/s
step_00550 ✓ [ 100% ] 0000/0112 VUs  30s        550.00 iters/s
step_00600 ✓ [ 100% ] 0000/0120 VUs  30s        600.00 iters/s
step_00650 ✓ [ 100% ] 0000/0130 VUs  30s        650.00 iters/s
step_00700 ✓ [ 100% ] 0000/0140 VUs  30s        700.00 iters/s
step_00750 ✓ [ 100% ] 0000/0150 VUs  30s        750.00 iters/s
step_00800 ✓ [ 100% ] 0000/0160 VUs  30s        800.00 iters/s
step_00850 ✓ [ 100% ] 0000/0170 VUs  30s        850.00 iters/s
step_00900 ✓ [ 100% ] 0000/0180 VUs  30s        900.00 iters/s
step_00950 ✓ [ 100% ] 0000/0190 VUs  30s        950.00 iters/s
step_01000   [  63% ] 0002/0200 VUs  19.0s/30s  1000.00 iters/s

running (09m49.9s), 0004/0392 VUs, 304973 complete and 0 interrupted iterations
step_00050 ✓ [ 100% ] 000/020 VUs    30s        50.00 iters/s
step_00100 ✓ [ 100% ] 000/020 VUs    30s        100.00 iters/s
step_00150 ✓ [ 100% ] 000/030 VUs    30s        150.00 iters/s
step_00200 ✓ [ 100% ] 000/040 VUs    30s        200.00 iters/s
step_00250 ✓ [ 100% ] 000/050 VUs    30s        250.00 iters/s
step_00300 ✓ [ 100% ] 000/060 VUs    30s        300.00 iters/s
step_00350 ✓ [ 100% ] 0000/0070 VUs  30s        350.00 iters/s
step_00400 ✓ [ 100% ] 0000/0080 VUs  30s        400.00 iters/s
step_00450 ✓ [ 100% ] 0000/0090 VUs  30s        450.00 iters/s
step_00500 ✓ [ 100% ] 0000/0100 VUs  30s        500.00 iters/s
step_00550 ✓ [ 100% ] 0000/0112 VUs  30s        550.00 iters/s
step_00600 ✓ [ 100% ] 0000/0120 VUs  30s        600.00 iters/s
step_00650 ✓ [ 100% ] 0000/0130 VUs  30s        650.00 iters/s
step_00700 ✓ [ 100% ] 0000/0140 VUs  30s        700.00 iters/s
step_00750 ✓ [ 100% ] 0000/0150 VUs  30s        750.00 iters/s
step_00800 ✓ [ 100% ] 0000/0160 VUs  30s        800.00 iters/s
step_00850 ✓ [ 100% ] 0000/0170 VUs  30s        850.00 iters/s
step_00900 ✓ [ 100% ] 0000/0180 VUs  30s        900.00 iters/s
step_00950 ✓ [ 100% ] 0000/0190 VUs  30s        950.00 iters/s
step_01000   [  67% ] 0004/0200 VUs  20.0s/30s  1000.00 iters/s

running (09m50.9s), 0001/0392 VUs, 305977 complete and 0 interrupted iterations
step_00050 ✓ [ 100% ] 000/020 VUs    30s        50.00 iters/s
step_00100 ✓ [ 100% ] 000/020 VUs    30s        100.00 iters/s
step_00150 ✓ [ 100% ] 000/030 VUs    30s        150.00 iters/s
step_00200 ✓ [ 100% ] 000/040 VUs    30s        200.00 iters/s
step_00250 ✓ [ 100% ] 000/050 VUs    30s        250.00 iters/s
step_00300 ✓ [ 100% ] 000/060 VUs    30s        300.00 iters/s
step_00350 ✓ [ 100% ] 0000/0070 VUs  30s        350.00 iters/s
step_00400 ✓ [ 100% ] 0000/0080 VUs  30s        400.00 iters/s
step_00450 ✓ [ 100% ] 0000/0090 VUs  30s        450.00 iters/s
step_00500 ✓ [ 100% ] 0000/0100 VUs  30s        500.00 iters/s
step_00550 ✓ [ 100% ] 0000/0112 VUs  30s        550.00 iters/s
step_00600 ✓ [ 100% ] 0000/0120 VUs  30s        600.00 iters/s
step_00650 ✓ [ 100% ] 0000/0130 VUs  30s        650.00 iters/s
step_00700 ✓ [ 100% ] 0000/0140 VUs  30s        700.00 iters/s
step_00750 ✓ [ 100% ] 0000/0150 VUs  30s        750.00 iters/s
step_00800 ✓ [ 100% ] 0000/0160 VUs  30s        800.00 iters/s
step_00850 ✓ [ 100% ] 0000/0170 VUs  30s        850.00 iters/s
step_00900 ✓ [ 100% ] 0000/0180 VUs  30s        900.00 iters/s
step_00950 ✓ [ 100% ] 0000/0190 VUs  30s        950.00 iters/s
step_01000   [  70% ] 0001/0200 VUs  21.0s/30s  1000.00 iters/s

running (09m51.9s), 0002/0392 VUs, 306976 complete and 0 interrupted iterations
step_00050 ✓ [ 100% ] 000/020 VUs    30s        50.00 iters/s
step_00100 ✓ [ 100% ] 000/020 VUs    30s        100.00 iters/s
step_00150 ✓ [ 100% ] 000/030 VUs    30s        150.00 iters/s
step_00200 ✓ [ 100% ] 000/040 VUs    30s        200.00 iters/s
step_00250 ✓ [ 100% ] 000/050 VUs    30s        250.00 iters/s
step_00300 ✓ [ 100% ] 000/060 VUs    30s        300.00 iters/s
step_00350 ✓ [ 100% ] 0000/0070 VUs  30s        350.00 iters/s
step_00400 ✓ [ 100% ] 0000/0080 VUs  30s        400.00 iters/s
step_00450 ✓ [ 100% ] 0000/0090 VUs  30s        450.00 iters/s
step_00500 ✓ [ 100% ] 0000/0100 VUs  30s        500.00 iters/s
step_00550 ✓ [ 100% ] 0000/0112 VUs  30s        550.00 iters/s
step_00600 ✓ [ 100% ] 0000/0120 VUs  30s        600.00 iters/s
step_00650 ✓ [ 100% ] 0000/0130 VUs  30s        650.00 iters/s
step_00700 ✓ [ 100% ] 0000/0140 VUs  30s        700.00 iters/s
step_00750 ✓ [ 100% ] 0000/0150 VUs  30s        750.00 iters/s
step_00800 ✓ [ 100% ] 0000/0160 VUs  30s        800.00 iters/s
step_00850 ✓ [ 100% ] 0000/0170 VUs  30s        850.00 iters/s
step_00900 ✓ [ 100% ] 0000/0180 VUs  30s        900.00 iters/s
step_00950 ✓ [ 100% ] 0000/0190 VUs  30s        950.00 iters/s
step_01000   [  73% ] 0002/0200 VUs  22.0s/30s  1000.00 iters/s

running (09m52.9s), 0001/0392 VUs, 307976 complete and 0 interrupted iterations
step_00050 ✓ [ 100% ] 000/020 VUs    30s        50.00 iters/s
step_00100 ✓ [ 100% ] 000/020 VUs    30s        100.00 iters/s
step_00150 ✓ [ 100% ] 000/030 VUs    30s        150.00 iters/s
step_00200 ✓ [ 100% ] 000/040 VUs    30s        200.00 iters/s
step_00250 ✓ [ 100% ] 000/050 VUs    30s        250.00 iters/s
step_00300 ✓ [ 100% ] 000/060 VUs    30s        300.00 iters/s
step_00350 ✓ [ 100% ] 0000/0070 VUs  30s        350.00 iters/s
step_00400 ✓ [ 100% ] 0000/0080 VUs  30s        400.00 iters/s
step_00450 ✓ [ 100% ] 0000/0090 VUs  30s        450.00 iters/s
step_00500 ✓ [ 100% ] 0000/0100 VUs  30s        500.00 iters/s
step_00550 ✓ [ 100% ] 0000/0112 VUs  30s        550.00 iters/s
step_00600 ✓ [ 100% ] 0000/0120 VUs  30s        600.00 iters/s
step_00650 ✓ [ 100% ] 0000/0130 VUs  30s        650.00 iters/s
step_00700 ✓ [ 100% ] 0000/0140 VUs  30s        700.00 iters/s
step_00750 ✓ [ 100% ] 0000/0150 VUs  30s        750.00 iters/s
step_00800 ✓ [ 100% ] 0000/0160 VUs  30s        800.00 iters/s
step_00850 ✓ [ 100% ] 0000/0170 VUs  30s        850.00 iters/s
step_00900 ✓ [ 100% ] 0000/0180 VUs  30s        900.00 iters/s
step_00950 ✓ [ 100% ] 0000/0190 VUs  30s        950.00 iters/s
step_01000   [  77% ] 0001/0200 VUs  23.0s/30s  1000.00 iters/s

running (09m53.9s), 0002/0392 VUs, 308976 complete and 0 interrupted iterations
step_00050 ✓ [ 100% ] 000/020 VUs    30s        50.00 iters/s
step_00100 ✓ [ 100% ] 000/020 VUs    30s        100.00 iters/s
step_00150 ✓ [ 100% ] 000/030 VUs    30s        150.00 iters/s
step_00200 ✓ [ 100% ] 000/040 VUs    30s        200.00 iters/s
step_00250 ✓ [ 100% ] 000/050 VUs    30s        250.00 iters/s
step_00300 ✓ [ 100% ] 000/060 VUs    30s        300.00 iters/s
step_00350 ✓ [ 100% ] 0000/0070 VUs  30s        350.00 iters/s
step_00400 ✓ [ 100% ] 0000/0080 VUs  30s        400.00 iters/s
step_00450 ✓ [ 100% ] 0000/0090 VUs  30s        450.00 iters/s
step_00500 ✓ [ 100% ] 0000/0100 VUs  30s        500.00 iters/s
step_00550 ✓ [ 100% ] 0000/0112 VUs  30s        550.00 iters/s
step_00600 ✓ [ 100% ] 0000/0120 VUs  30s        600.00 iters/s
step_00650 ✓ [ 100% ] 0000/0130 VUs  30s        650.00 iters/s
step_00700 ✓ [ 100% ] 0000/0140 VUs  30s        700.00 iters/s
step_00750 ✓ [ 100% ] 0000/0150 VUs  30s        750.00 iters/s
step_00800 ✓ [ 100% ] 0000/0160 VUs  30s        800.00 iters/s
step_00850 ✓ [ 100% ] 0000/0170 VUs  30s        850.00 iters/s
step_00900 ✓ [ 100% ] 0000/0180 VUs  30s        900.00 iters/s
step_00950 ✓ [ 100% ] 0000/0190 VUs  30s        950.00 iters/s
step_01000   [  80% ] 0002/0200 VUs  24.0s/30s  1000.00 iters/s

running (09m54.9s), 0002/0392 VUs, 309976 complete and 0 interrupted iterations
step_00050 ✓ [ 100% ] 000/020 VUs    30s        50.00 iters/s
step_00100 ✓ [ 100% ] 000/020 VUs    30s        100.00 iters/s
step_00150 ✓ [ 100% ] 000/030 VUs    30s        150.00 iters/s
step_00200 ✓ [ 100% ] 000/040 VUs    30s        200.00 iters/s
step_00250 ✓ [ 100% ] 000/050 VUs    30s        250.00 iters/s
step_00300 ✓ [ 100% ] 000/060 VUs    30s        300.00 iters/s
step_00350 ✓ [ 100% ] 0000/0070 VUs  30s        350.00 iters/s
step_00400 ✓ [ 100% ] 0000/0080 VUs  30s        400.00 iters/s
step_00450 ✓ [ 100% ] 0000/0090 VUs  30s        450.00 iters/s
step_00500 ✓ [ 100% ] 0000/0100 VUs  30s        500.00 iters/s
step_00550 ✓ [ 100% ] 0000/0112 VUs  30s        550.00 iters/s
step_00600 ✓ [ 100% ] 0000/0120 VUs  30s        600.00 iters/s
step_00650 ✓ [ 100% ] 0000/0130 VUs  30s        650.00 iters/s
step_00700 ✓ [ 100% ] 0000/0140 VUs  30s        700.00 iters/s
step_00750 ✓ [ 100% ] 0000/0150 VUs  30s        750.00 iters/s
step_00800 ✓ [ 100% ] 0000/0160 VUs  30s        800.00 iters/s
step_00850 ✓ [ 100% ] 0000/0170 VUs  30s        850.00 iters/s
step_00900 ✓ [ 100% ] 0000/0180 VUs  30s        900.00 iters/s
step_00950 ✓ [ 100% ] 0000/0190 VUs  30s        950.00 iters/s
step_01000   [  83% ] 0002/0200 VUs  25.0s/30s  1000.00 iters/s

running (09m55.9s), 0001/0392 VUs, 310977 complete and 0 interrupted iterations
step_00050 ✓ [ 100% ] 000/020 VUs    30s        50.00 iters/s
step_00100 ✓ [ 100% ] 000/020 VUs    30s        100.00 iters/s
step_00150 ✓ [ 100% ] 000/030 VUs    30s        150.00 iters/s
step_00200 ✓ [ 100% ] 000/040 VUs    30s        200.00 iters/s
step_00250 ✓ [ 100% ] 000/050 VUs    30s        250.00 iters/s
step_00300 ✓ [ 100% ] 000/060 VUs    30s        300.00 iters/s
step_00350 ✓ [ 100% ] 0000/0070 VUs  30s        350.00 iters/s
step_00400 ✓ [ 100% ] 0000/0080 VUs  30s        400.00 iters/s
step_00450 ✓ [ 100% ] 0000/0090 VUs  30s        450.00 iters/s
step_00500 ✓ [ 100% ] 0000/0100 VUs  30s        500.00 iters/s
step_00550 ✓ [ 100% ] 0000/0112 VUs  30s        550.00 iters/s
step_00600 ✓ [ 100% ] 0000/0120 VUs  30s        600.00 iters/s
step_00650 ✓ [ 100% ] 0000/0130 VUs  30s        650.00 iters/s
step_00700 ✓ [ 100% ] 0000/0140 VUs  30s        700.00 iters/s
step_00750 ✓ [ 100% ] 0000/0150 VUs  30s        750.00 iters/s
step_00800 ✓ [ 100% ] 0000/0160 VUs  30s        800.00 iters/s
step_00850 ✓ [ 100% ] 0000/0170 VUs  30s        850.00 iters/s
step_00900 ✓ [ 100% ] 0000/0180 VUs  30s        900.00 iters/s
step_00950 ✓ [ 100% ] 0000/0190 VUs  30s        950.00 iters/s
step_01000   [  87% ] 0001/0200 VUs  26.0s/30s  1000.00 iters/s

running (09m56.9s), 0002/0392 VUs, 311976 complete and 0 interrupted iterations
step_00050 ✓ [ 100% ] 000/020 VUs    30s        50.00 iters/s
step_00100 ✓ [ 100% ] 000/020 VUs    30s        100.00 iters/s
step_00150 ✓ [ 100% ] 000/030 VUs    30s        150.00 iters/s
step_00200 ✓ [ 100% ] 000/040 VUs    30s        200.00 iters/s
step_00250 ✓ [ 100% ] 000/050 VUs    30s        250.00 iters/s
step_00300 ✓ [ 100% ] 000/060 VUs    30s        300.00 iters/s
step_00350 ✓ [ 100% ] 0000/0070 VUs  30s        350.00 iters/s
step_00400 ✓ [ 100% ] 0000/0080 VUs  30s        400.00 iters/s
step_00450 ✓ [ 100% ] 0000/0090 VUs  30s        450.00 iters/s
step_00500 ✓ [ 100% ] 0000/0100 VUs  30s        500.00 iters/s
step_00550 ✓ [ 100% ] 0000/0112 VUs  30s        550.00 iters/s
step_00600 ✓ [ 100% ] 0000/0120 VUs  30s        600.00 iters/s
step_00650 ✓ [ 100% ] 0000/0130 VUs  30s        650.00 iters/s
step_00700 ✓ [ 100% ] 0000/0140 VUs  30s        700.00 iters/s
step_00750 ✓ [ 100% ] 0000/0150 VUs  30s        750.00 iters/s
step_00800 ✓ [ 100% ] 0000/0160 VUs  30s        800.00 iters/s
step_00850 ✓ [ 100% ] 0000/0170 VUs  30s        850.00 iters/s
step_00900 ✓ [ 100% ] 0000/0180 VUs  30s        900.00 iters/s
step_00950 ✓ [ 100% ] 0000/0190 VUs  30s        950.00 iters/s
step_01000   [  90% ] 0002/0200 VUs  27.0s/30s  1000.00 iters/s

running (09m57.9s), 0002/0392 VUs, 312976 complete and 0 interrupted iterations
step_00050 ✓ [ 100% ] 000/020 VUs    30s        50.00 iters/s
step_00100 ✓ [ 100% ] 000/020 VUs    30s        100.00 iters/s
step_00150 ✓ [ 100% ] 000/030 VUs    30s        150.00 iters/s
step_00200 ✓ [ 100% ] 000/040 VUs    30s        200.00 iters/s
step_00250 ✓ [ 100% ] 000/050 VUs    30s        250.00 iters/s
step_00300 ✓ [ 100% ] 000/060 VUs    30s        300.00 iters/s
step_00350 ✓ [ 100% ] 0000/0070 VUs  30s        350.00 iters/s
step_00400 ✓ [ 100% ] 0000/0080 VUs  30s        400.00 iters/s
step_00450 ✓ [ 100% ] 0000/0090 VUs  30s        450.00 iters/s
step_00500 ✓ [ 100% ] 0000/0100 VUs  30s        500.00 iters/s
step_00550 ✓ [ 100% ] 0000/0112 VUs  30s        550.00 iters/s
step_00600 ✓ [ 100% ] 0000/0120 VUs  30s        600.00 iters/s
step_00650 ✓ [ 100% ] 0000/0130 VUs  30s        650.00 iters/s
step_00700 ✓ [ 100% ] 0000/0140 VUs  30s        700.00 iters/s
step_00750 ✓ [ 100% ] 0000/0150 VUs  30s        750.00 iters/s
step_00800 ✓ [ 100% ] 0000/0160 VUs  30s        800.00 iters/s
step_00850 ✓ [ 100% ] 0000/0170 VUs  30s        850.00 iters/s
step_00900 ✓ [ 100% ] 0000/0180 VUs  30s        900.00 iters/s
step_00950 ✓ [ 100% ] 0000/0190 VUs  30s        950.00 iters/s
step_01000   [  93% ] 0002/0200 VUs  28.0s/30s  1000.00 iters/s

running (09m58.9s), 0001/0392 VUs, 313976 complete and 0 interrupted iterations
step_00050 ✓ [ 100% ] 000/020 VUs    30s        50.00 iters/s
step_00100 ✓ [ 100% ] 000/020 VUs    30s        100.00 iters/s
step_00150 ✓ [ 100% ] 000/030 VUs    30s        150.00 iters/s
step_00200 ✓ [ 100% ] 000/040 VUs    30s        200.00 iters/s
step_00250 ✓ [ 100% ] 000/050 VUs    30s        250.00 iters/s
step_00300 ✓ [ 100% ] 000/060 VUs    30s        300.00 iters/s
step_00350 ✓ [ 100% ] 0000/0070 VUs  30s        350.00 iters/s
step_00400 ✓ [ 100% ] 0000/0080 VUs  30s        400.00 iters/s
step_00450 ✓ [ 100% ] 0000/0090 VUs  30s        450.00 iters/s
step_00500 ✓ [ 100% ] 0000/0100 VUs  30s        500.00 iters/s
step_00550 ✓ [ 100% ] 0000/0112 VUs  30s        550.00 iters/s
step_00600 ✓ [ 100% ] 0000/0120 VUs  30s        600.00 iters/s
step_00650 ✓ [ 100% ] 0000/0130 VUs  30s        650.00 iters/s
step_00700 ✓ [ 100% ] 0000/0140 VUs  30s        700.00 iters/s
step_00750 ✓ [ 100% ] 0000/0150 VUs  30s        750.00 iters/s
step_00800 ✓ [ 100% ] 0000/0160 VUs  30s        800.00 iters/s
step_00850 ✓ [ 100% ] 0000/0170 VUs  30s        850.00 iters/s
step_00900 ✓ [ 100% ] 0000/0180 VUs  30s        900.00 iters/s
step_00950 ✓ [ 100% ] 0000/0190 VUs  30s        950.00 iters/s
step_01000   [  97% ] 0002/0200 VUs  29.0s/30s  1000.00 iters/s

running (09m59.9s), 0002/0392 VUs, 314976 complete and 0 interrupted iterations
step_00050 ✓ [ 100% ] 000/020 VUs    30s        50.00 iters/s
step_00100 ✓ [ 100% ] 000/020 VUs    30s        100.00 iters/s
step_00150 ✓ [ 100% ] 000/030 VUs    30s        150.00 iters/s
step_00200 ✓ [ 100% ] 000/040 VUs    30s        200.00 iters/s
step_00250 ✓ [ 100% ] 000/050 VUs    30s        250.00 iters/s
step_00300 ✓ [ 100% ] 000/060 VUs    30s        300.00 iters/s
step_00350 ✓ [ 100% ] 0000/0070 VUs  30s        350.00 iters/s
step_00400 ✓ [ 100% ] 0000/0080 VUs  30s        400.00 iters/s
step_00450 ✓ [ 100% ] 0000/0090 VUs  30s        450.00 iters/s
step_00500 ✓ [ 100% ] 0000/0100 VUs  30s        500.00 iters/s
step_00550 ✓ [ 100% ] 0000/0112 VUs  30s        550.00 iters/s
step_00600 ✓ [ 100% ] 0000/0120 VUs  30s        600.00 iters/s
step_00650 ✓ [ 100% ] 0000/0130 VUs  30s        650.00 iters/s
step_00700 ✓ [ 100% ] 0000/0140 VUs  30s        700.00 iters/s
step_00750 ✓ [ 100% ] 0000/0150 VUs  30s        750.00 iters/s
step_00800 ✓ [ 100% ] 0000/0160 VUs  30s        800.00 iters/s
step_00850 ✓ [ 100% ] 0000/0170 VUs  30s        850.00 iters/s
step_00900 ✓ [ 100% ] 0000/0180 VUs  30s        900.00 iters/s
step_00950 ✓ [ 100% ] 0000/0190 VUs  30s        950.00 iters/s
step_01000   [ 100% ] 0002/0200 VUs  30.0s/30s  1000.00 iters/s

open-loop ramp: 20 steps, 50..1000 rps in 50 rps steps of 30s
dropped_iterations = 2  <-- offered load fell short of target on at least one step
wrote /Users/katha/Desktop/EliteLabIndividual_Research/testbedForFinApiZTA/microservices-api/psao-artifact/data/runs/2026-09-13T17-34-37Z-ramp-S3/k6_steps.csv

running (10m00.0s), 0000/0392 VUs, 315015 complete and 0 interrupted iterations
step_00050 ✓ [ 100% ] 000/020 VUs    30s  50.00 iters/s
step_00100 ✓ [ 100% ] 000/020 VUs    30s  100.00 iters/s
step_00150 ✓ [ 100% ] 000/030 VUs    30s  150.00 iters/s
step_00200 ✓ [ 100% ] 000/040 VUs    30s  200.00 iters/s
step_00250 ✓ [ 100% ] 000/050 VUs    30s  250.00 iters/s
step_00300 ✓ [ 100% ] 000/060 VUs    30s  300.00 iters/s
step_00350 ✓ [ 100% ] 0000/0070 VUs  30s  350.00 iters/s
step_00400 ✓ [ 100% ] 0000/0080 VUs  30s  400.00 iters/s
step_00450 ✓ [ 100% ] 0000/0090 VUs  30s  450.00 iters/s
step_00500 ✓ [ 100% ] 0000/0100 VUs  30s  500.00 iters/s
step_00550 ✓ [ 100% ] 0000/0112 VUs  30s  550.00 iters/s
step_00600 ✓ [ 100% ] 0000/0120 VUs  30s  600.00 iters/s
step_00650 ✓ [ 100% ] 0000/0130 VUs  30s  650.00 iters/s
step_00700 ✓ [ 100% ] 0000/0140 VUs  30s  700.00 iters/s
step_00750 ✓ [ 100% ] 0000/0150 VUs  30s  750.00 iters/s
step_00800 ✓ [ 100% ] 0000/0160 VUs  30s  800.00 iters/s
step_00850 ✓ [ 100% ] 0000/0170 VUs  30s  850.00 iters/s
step_00900 ✓ [ 100% ] 0000/0180 VUs  30s  900.00 iters/s
step_00950 ✓ [ 100% ] 0000/0190 VUs  30s  950.00 iters/s
step_01000 ✓ [ 100% ] 0000/0200 VUs  30s  1000.00 iters/s
