
         /\      Grafana   /‾‾/  
    /\  /  \     |\  __   /  /   
   /  \/    \    | |/ /  /   ‾‾\ 
  /          \   |   (  |  (‾)  |
 / __________ \  |_|\_\  \_____/ 


     execution: local
        script: /Users/katha/Desktop/EliteLabIndividual_Research/testbedForFinApiZTA/psao-artifact/experiments/k6/openloop-ramp.js
        output: csv (/Users/katha/Desktop/EliteLabIndividual_Research/testbedForFinApiZTA/psao-artifact/data/runs/2026-09-13T11-59-03Z-ramp-S3/k6_raw.csv)

     scenarios: (100.00%) 20 scenarios, 5850 max VUs, 10m10s max duration (incl. graceful stop):
              * step_00050: 50.00 iterations/s for 30s (maxVUs: 20-150, gracefulStop: 10s)
              * step_00100: 100.00 iterations/s for 30s (maxVUs: 20-300, startTime: 30s, gracefulStop: 10s)
              * step_00150: 150.00 iterations/s for 30s (maxVUs: 30-450, startTime: 1m0s, gracefulStop: 10s)
              * step_00200: 200.00 iterations/s for 30s (maxVUs: 40-600, startTime: 1m30s, gracefulStop: 10s)
              * step_00250: 250.00 iterations/s for 30s (maxVUs: 50-750, startTime: 2m0s, gracefulStop: 10s)
              * step_00300: 300.00 iterations/s for 30s (maxVUs: 60-900, startTime: 2m30s, gracefulStop: 10s)
              * step_00350: 350.00 iterations/s for 30s (maxVUs: 70-1050, startTime: 3m0s, gracefulStop: 10s)
              * step_00400: 400.00 iterations/s for 30s (maxVUs: 80-1200, startTime: 3m30s, gracefulStop: 10s)
              * step_00450: 450.00 iterations/s for 30s (maxVUs: 90-1350, startTime: 4m0s, gracefulStop: 10s)
              * step_00500: 500.00 iterations/s for 30s (maxVUs: 100-1500, startTime: 4m30s, gracefulStop: 10s)
              * step_00550: 550.00 iterations/s for 30s (maxVUs: 110-1650, startTime: 5m0s, gracefulStop: 10s)
              * step_00600: 600.00 iterations/s for 30s (maxVUs: 120-1800, startTime: 5m30s, gracefulStop: 10s)
              * step_00650: 650.00 iterations/s for 30s (maxVUs: 130-1950, startTime: 6m0s, gracefulStop: 10s)
              * step_00700: 700.00 iterations/s for 30s (maxVUs: 140-2100, startTime: 6m30s, gracefulStop: 10s)
              * step_00750: 750.00 iterations/s for 30s (maxVUs: 150-2250, startTime: 7m0s, gracefulStop: 10s)
              * step_00800: 800.00 iterations/s for 30s (maxVUs: 160-2400, startTime: 7m30s, gracefulStop: 10s)
              * step_00850: 850.00 iterations/s for 30s (maxVUs: 170-2550, startTime: 8m0s, gracefulStop: 10s)
              * step_00900: 900.00 iterations/s for 30s (maxVUs: 180-2700, startTime: 8m30s, gracefulStop: 10s)
              * step_00950: 950.00 iterations/s for 30s (maxVUs: 190-2850, startTime: 9m0s, gracefulStop: 10s)
              * step_01000: 1000.00 iterations/s for 30s (maxVUs: 200-3000, startTime: 9m30s, gracefulStop: 10s)


running (00m01.0s), 0000/0390 VUs, 48 complete and 0 interrupted iterations
step_00050   [   3% ] 000/020 VUs  01.0s/30s  50.00 iters/s
step_00100 • [   0% ] waiting      29.0s     
step_00150 • [   0% ] waiting      0m59.0s   
step_00200 • [   0% ] waiting      1m29.0s   
step_00250 • [   0% ] waiting      1m59.0s   
step_00300 • [   0% ] waiting      2m29.0s   
step_00350 • [   0% ] waiting      2m59.0s   
step_00400 • [   0% ] waiting      3m29.0s   
step_00450 • [   0% ] waiting      3m59.0s   
step_00500 • [   0% ] waiting      4m29.0s   
step_00550 • [   0% ] waiting      4m59.0s   
step_00600 • [   0% ] waiting      5m29.0s   
step_00650 • [   0% ] waiting      5m59.0s   
step_00700 • [   0% ] waiting      6m29.0s   
step_00750 • [   0% ] waiting      6m59.0s   
step_00800 • [   0% ] waiting      7m29.0s   
step_00850 • [   0% ] waiting      7m59.0s   
step_00900 • [   0% ] waiting      8m29.0s   
step_00950 • [   0% ] waiting      8m59.0s   
step_01000 • [   0% ] waiting      9m29.0s   

running (00m02.0s), 0000/0390 VUs, 98 complete and 0 interrupted iterations
step_00050   [   7% ] 000/020 VUs  02.0s/30s  50.00 iters/s
step_00100 • [   0% ] waiting      28.0s     
step_00150 • [   0% ] waiting      0m58.0s   
step_00200 • [   0% ] waiting      1m28.0s   
step_00250 • [   0% ] waiting      1m58.0s   
step_00300 • [   0% ] waiting      2m28.0s   
step_00350 • [   0% ] waiting      2m58.0s   
step_00400 • [   0% ] waiting      3m28.0s   
step_00450 • [   0% ] waiting      3m58.0s   
step_00500 • [   0% ] waiting      4m28.0s   
step_00550 • [   0% ] waiting      4m58.0s   
step_00600 • [   0% ] waiting      5m28.0s   
step_00650 • [   0% ] waiting      5m58.0s   
step_00700 • [   0% ] waiting      6m28.0s   
step_00750 • [   0% ] waiting      6m58.0s   
step_00800 • [   0% ] waiting      7m28.0s   
step_00850 • [   0% ] waiting      7m58.0s   
step_00900 • [   0% ] waiting      8m28.0s   
step_00950 • [   0% ] waiting      8m58.0s   
step_01000 • [   0% ] waiting      9m28.0s   

running (00m03.0s), 0001/0390 VUs, 147 complete and 0 interrupted iterations
step_00050   [  10% ] 001/020 VUs  03.0s/30s  50.00 iters/s
step_00100 • [   0% ] waiting      27.0s     
step_00150 • [   0% ] waiting      0m57.0s   
step_00200 • [   0% ] waiting      1m27.0s   
step_00250 • [   0% ] waiting      1m57.0s   
step_00300 • [   0% ] waiting      2m27.0s   
step_00350 • [   0% ] waiting      2m57.0s   
step_00400 • [   0% ] waiting      3m27.0s   
step_00450 • [   0% ] waiting      3m57.0s   
step_00500 • [   0% ] waiting      4m27.0s   
step_00550 • [   0% ] waiting      4m57.0s   
step_00600 • [   0% ] waiting      5m27.0s   
step_00650 • [   0% ] waiting      5m57.0s   
step_00700 • [   0% ] waiting      6m27.0s   
step_00750 • [   0% ] waiting      6m57.0s   
step_00800 • [   0% ] waiting      7m27.0s   
step_00850 • [   0% ] waiting      7m57.0s   
step_00900 • [   0% ] waiting      8m27.0s   
step_00950 • [   0% ] waiting      8m57.0s   
step_01000 • [   0% ] waiting      9m27.0s   

running (00m04.0s), 0000/0390 VUs, 198 complete and 0 interrupted iterations
step_00050   [  13% ] 000/020 VUs  04.0s/30s  50.00 iters/s
step_00100 • [   0% ] waiting      26.0s     
step_00150 • [   0% ] waiting      0m56.0s   
step_00200 • [   0% ] waiting      1m26.0s   
step_00250 • [   0% ] waiting      1m56.0s   
step_00300 • [   0% ] waiting      2m26.0s   
step_00350 • [   0% ] waiting      2m56.0s   
step_00400 • [   0% ] waiting      3m26.0s   
step_00450 • [   0% ] waiting      3m56.0s   
step_00500 • [   0% ] waiting      4m26.0s   
step_00550 • [   0% ] waiting      4m56.0s   
step_00600 • [   0% ] waiting      5m26.0s   
step_00650 • [   0% ] waiting      5m56.0s   
step_00700 • [   0% ] waiting      6m26.0s   
step_00750 • [   0% ] waiting      6m56.0s   
step_00800 • [   0% ] waiting      7m26.0s   
step_00850 • [   0% ] waiting      7m56.0s   
step_00900 • [   0% ] waiting      8m26.0s   
step_00950 • [   0% ] waiting      8m56.0s   
step_01000 • [   0% ] waiting      9m26.0s   

running (00m05.0s), 0000/0390 VUs, 248 complete and 0 interrupted iterations
step_00050   [  17% ] 000/020 VUs  05.0s/30s  50.00 iters/s
step_00100 • [   0% ] waiting      25.0s     
step_00150 • [   0% ] waiting      0m55.0s   
step_00200 • [   0% ] waiting      1m25.0s   
step_00250 • [   0% ] waiting      1m55.0s   
step_00300 • [   0% ] waiting      2m25.0s   
step_00350 • [   0% ] waiting      2m55.0s   
step_00400 • [   0% ] waiting      3m25.0s   
step_00450 • [   0% ] waiting      3m55.0s   
step_00500 • [   0% ] waiting      4m25.0s   
step_00550 • [   0% ] waiting      4m55.0s   
step_00600 • [   0% ] waiting      5m25.0s   
step_00650 • [   0% ] waiting      5m55.0s   
step_00700 • [   0% ] waiting      6m25.0s   
step_00750 • [   0% ] waiting      6m55.0s   
step_00800 • [   0% ] waiting      7m25.0s   
step_00850 • [   0% ] waiting      7m55.0s   
step_00900 • [   0% ] waiting      8m25.0s   
step_00950 • [   0% ] waiting      8m55.0s   
step_01000 • [   0% ] waiting      9m25.0s   

running (00m06.0s), 0000/0390 VUs, 298 complete and 0 interrupted iterations
step_00050   [  20% ] 000/020 VUs  06.0s/30s  50.00 iters/s
step_00100 • [   0% ] waiting      24.0s     
step_00150 • [   0% ] waiting      0m54.0s   
step_00200 • [   0% ] waiting      1m24.0s   
step_00250 • [   0% ] waiting      1m54.0s   
step_00300 • [   0% ] waiting      2m24.0s   
step_00350 • [   0% ] waiting      2m54.0s   
step_00400 • [   0% ] waiting      3m24.0s   
step_00450 • [   0% ] waiting      3m54.0s   
step_00500 • [   0% ] waiting      4m24.0s   
step_00550 • [   0% ] waiting      4m54.0s   
step_00600 • [   0% ] waiting      5m24.0s   
step_00650 • [   0% ] waiting      5m54.0s   
step_00700 • [   0% ] waiting      6m24.0s   
step_00750 • [   0% ] waiting      6m54.0s   
step_00800 • [   0% ] waiting      7m24.0s   
step_00850 • [   0% ] waiting      7m54.0s   
step_00900 • [   0% ] waiting      8m24.0s   
step_00950 • [   0% ] waiting      8m54.0s   
step_01000 • [   0% ] waiting      9m24.0s   

running (00m07.0s), 0000/0390 VUs, 348 complete and 0 interrupted iterations
step_00050   [  23% ] 000/020 VUs  07.0s/30s  50.00 iters/s
step_00100 • [   0% ] waiting      23.0s     
step_00150 • [   0% ] waiting      0m53.0s   
step_00200 • [   0% ] waiting      1m23.0s   
step_00250 • [   0% ] waiting      1m53.0s   
step_00300 • [   0% ] waiting      2m23.0s   
step_00350 • [   0% ] waiting      2m53.0s   
step_00400 • [   0% ] waiting      3m23.0s   
step_00450 • [   0% ] waiting      3m53.0s   
step_00500 • [   0% ] waiting      4m23.0s   
step_00550 • [   0% ] waiting      4m53.0s   
step_00600 • [   0% ] waiting      5m23.0s   
step_00650 • [   0% ] waiting      5m53.0s   
step_00700 • [   0% ] waiting      6m23.0s   
step_00750 • [   0% ] waiting      6m53.0s   
step_00800 • [   0% ] waiting      7m23.0s   
step_00850 • [   0% ] waiting      7m53.0s   
step_00900 • [   0% ] waiting      8m23.0s   
step_00950 • [   0% ] waiting      8m53.0s   
step_01000 • [   0% ] waiting      9m23.0s   

running (00m08.0s), 0000/0390 VUs, 398 complete and 0 interrupted iterations
step_00050   [  27% ] 000/020 VUs  08.0s/30s  50.00 iters/s
step_00100 • [   0% ] waiting      22.0s     
step_00150 • [   0% ] waiting      0m52.0s   
step_00200 • [   0% ] waiting      1m22.0s   
step_00250 • [   0% ] waiting      1m52.0s   
step_00300 • [   0% ] waiting      2m22.0s   
step_00350 • [   0% ] waiting      2m52.0s   
step_00400 • [   0% ] waiting      3m22.0s   
step_00450 • [   0% ] waiting      3m52.0s   
step_00500 • [   0% ] waiting      4m22.0s   
step_00550 • [   0% ] waiting      4m52.0s   
step_00600 • [   0% ] waiting      5m22.0s   
step_00650 • [   0% ] waiting      5m52.0s   
step_00700 • [   0% ] waiting      6m22.0s   
step_00750 • [   0% ] waiting      6m52.0s   
step_00800 • [   0% ] waiting      7m22.0s   
step_00850 • [   0% ] waiting      7m52.0s   
step_00900 • [   0% ] waiting      8m22.0s   
step_00950 • [   0% ] waiting      8m52.0s   
step_01000 • [   0% ] waiting      9m22.0s   

running (00m09.0s), 0000/0390 VUs, 448 complete and 0 interrupted iterations
step_00050   [  30% ] 000/020 VUs  09.0s/30s  50.00 iters/s
step_00100 • [   0% ] waiting      21.0s     
step_00150 • [   0% ] waiting      0m51.0s   
step_00200 • [   0% ] waiting      1m21.0s   
step_00250 • [   0% ] waiting      1m51.0s   
step_00300 • [   0% ] waiting      2m21.0s   
step_00350 • [   0% ] waiting      2m51.0s   
step_00400 • [   0% ] waiting      3m21.0s   
step_00450 • [   0% ] waiting      3m51.0s   
step_00500 • [   0% ] waiting      4m21.0s   
step_00550 • [   0% ] waiting      4m51.0s   
step_00600 • [   0% ] waiting      5m21.0s   
step_00650 • [   0% ] waiting      5m51.0s   
step_00700 • [   0% ] waiting      6m21.0s   
step_00750 • [   0% ] waiting      6m51.0s   
step_00800 • [   0% ] waiting      7m21.0s   
step_00850 • [   0% ] waiting      7m51.0s   
step_00900 • [   0% ] waiting      8m21.0s   
step_00950 • [   0% ] waiting      8m51.0s   
step_01000 • [   0% ] waiting      9m21.0s   

running (00m10.0s), 0000/0390 VUs, 498 complete and 0 interrupted iterations
step_00050   [  33% ] 000/020 VUs  10.0s/30s  50.00 iters/s
step_00100 • [   0% ] waiting      20.0s     
step_00150 • [   0% ] waiting      0m50.0s   
step_00200 • [   0% ] waiting      1m20.0s   
step_00250 • [   0% ] waiting      1m50.0s   
step_00300 • [   0% ] waiting      2m20.0s   
step_00350 • [   0% ] waiting      2m50.0s   
step_00400 • [   0% ] waiting      3m20.0s   
step_00450 • [   0% ] waiting      3m50.0s   
step_00500 • [   0% ] waiting      4m20.0s   
step_00550 • [   0% ] waiting      4m50.0s   
step_00600 • [   0% ] waiting      5m20.0s   
step_00650 • [   0% ] waiting      5m50.0s   
step_00700 • [   0% ] waiting      6m20.0s   
step_00750 • [   0% ] waiting      6m50.0s   
step_00800 • [   0% ] waiting      7m20.0s   
step_00850 • [   0% ] waiting      7m50.0s   
step_00900 • [   0% ] waiting      8m20.0s   
step_00950 • [   0% ] waiting      8m50.0s   
step_01000 • [   0% ] waiting      9m20.0s   

running (00m11.0s), 0000/0390 VUs, 548 complete and 0 interrupted iterations
step_00050   [  37% ] 000/020 VUs  11.0s/30s  50.00 iters/s
step_00100 • [   0% ] waiting      19.0s     
step_00150 • [   0% ] waiting      0m49.0s   
step_00200 • [   0% ] waiting      1m19.0s   
step_00250 • [   0% ] waiting      1m49.0s   
step_00300 • [   0% ] waiting      2m19.0s   
step_00350 • [   0% ] waiting      2m49.0s   
step_00400 • [   0% ] waiting      3m19.0s   
step_00450 • [   0% ] waiting      3m49.0s   
step_00500 • [   0% ] waiting      4m19.0s   
step_00550 • [   0% ] waiting      4m49.0s   
step_00600 • [   0% ] waiting      5m19.0s   
step_00650 • [   0% ] waiting      5m49.0s   
step_00700 • [   0% ] waiting      6m19.0s   
step_00750 • [   0% ] waiting      6m49.0s   
step_00800 • [   0% ] waiting      7m19.0s   
step_00850 • [   0% ] waiting      7m49.0s   
step_00900 • [   0% ] waiting      8m19.0s   
step_00950 • [   0% ] waiting      8m49.0s   
step_01000 • [   0% ] waiting      9m19.0s   

running (00m12.0s), 0000/0390 VUs, 598 complete and 0 interrupted iterations
step_00050   [  40% ] 000/020 VUs  12.0s/30s  50.00 iters/s
step_00100 • [   0% ] waiting      18.0s     
step_00150 • [   0% ] waiting      0m48.0s   
step_00200 • [   0% ] waiting      1m18.0s   
step_00250 • [   0% ] waiting      1m48.0s   
step_00300 • [   0% ] waiting      2m18.0s   
step_00350 • [   0% ] waiting      2m48.0s   
step_00400 • [   0% ] waiting      3m18.0s   
step_00450 • [   0% ] waiting      3m48.0s   
step_00500 • [   0% ] waiting      4m18.0s   
step_00550 • [   0% ] waiting      4m48.0s   
step_00600 • [   0% ] waiting      5m18.0s   
step_00650 • [   0% ] waiting      5m48.0s   
step_00700 • [   0% ] waiting      6m18.0s   
step_00750 • [   0% ] waiting      6m48.0s   
step_00800 • [   0% ] waiting      7m18.0s   
step_00850 • [   0% ] waiting      7m48.0s   
step_00900 • [   0% ] waiting      8m18.0s   
step_00950 • [   0% ] waiting      8m48.0s   
step_01000 • [   0% ] waiting      9m18.0s   

running (00m13.0s), 0000/0390 VUs, 648 complete and 0 interrupted iterations
step_00050   [  43% ] 000/020 VUs  13.0s/30s  50.00 iters/s
step_00100 • [   0% ] waiting      17.0s     
step_00150 • [   0% ] waiting      0m47.0s   
step_00200 • [   0% ] waiting      1m17.0s   
step_00250 • [   0% ] waiting      1m47.0s   
step_00300 • [   0% ] waiting      2m17.0s   
step_00350 • [   0% ] waiting      2m47.0s   
step_00400 • [   0% ] waiting      3m17.0s   
step_00450 • [   0% ] waiting      3m47.0s   
step_00500 • [   0% ] waiting      4m17.0s   
step_00550 • [   0% ] waiting      4m47.0s   
step_00600 • [   0% ] waiting      5m17.0s   
step_00650 • [   0% ] waiting      5m47.0s   
step_00700 • [   0% ] waiting      6m17.0s   
step_00750 • [   0% ] waiting      6m47.0s   
step_00800 • [   0% ] waiting      7m17.0s   
step_00850 • [   0% ] waiting      7m47.0s   
step_00900 • [   0% ] waiting      8m17.0s   
step_00950 • [   0% ] waiting      8m47.0s   
step_01000 • [   0% ] waiting      9m17.0s   

running (00m14.0s), 0000/0390 VUs, 698 complete and 0 interrupted iterations
step_00050   [  47% ] 000/020 VUs  14.0s/30s  50.00 iters/s
step_00100 • [   0% ] waiting      16.0s     
step_00150 • [   0% ] waiting      0m46.0s   
step_00200 • [   0% ] waiting      1m16.0s   
step_00250 • [   0% ] waiting      1m46.0s   
step_00300 • [   0% ] waiting      2m16.0s   
step_00350 • [   0% ] waiting      2m46.0s   
step_00400 • [   0% ] waiting      3m16.0s   
step_00450 • [   0% ] waiting      3m46.0s   
step_00500 • [   0% ] waiting      4m16.0s   
step_00550 • [   0% ] waiting      4m46.0s   
step_00600 • [   0% ] waiting      5m16.0s   
step_00650 • [   0% ] waiting      5m46.0s   
step_00700 • [   0% ] waiting      6m16.0s   
step_00750 • [   0% ] waiting      6m46.0s   
step_00800 • [   0% ] waiting      7m16.0s   
step_00850 • [   0% ] waiting      7m46.0s   
step_00900 • [   0% ] waiting      8m16.0s   
step_00950 • [   0% ] waiting      8m46.0s   
step_01000 • [   0% ] waiting      9m16.0s   

running (00m15.0s), 0000/0390 VUs, 748 complete and 0 interrupted iterations
step_00050   [  50% ] 000/020 VUs  15.0s/30s  50.00 iters/s
step_00100 • [   0% ] waiting      15.0s     
step_00150 • [   0% ] waiting      0m45.0s   
step_00200 • [   0% ] waiting      1m15.0s   
step_00250 • [   0% ] waiting      1m45.0s   
step_00300 • [   0% ] waiting      2m15.0s   
step_00350 • [   0% ] waiting      2m45.0s   
step_00400 • [   0% ] waiting      3m15.0s   
step_00450 • [   0% ] waiting      3m45.0s   
step_00500 • [   0% ] waiting      4m15.0s   
step_00550 • [   0% ] waiting      4m45.0s   
step_00600 • [   0% ] waiting      5m15.0s   
step_00650 • [   0% ] waiting      5m45.0s   
step_00700 • [   0% ] waiting      6m15.0s   
step_00750 • [   0% ] waiting      6m45.0s   
step_00800 • [   0% ] waiting      7m15.0s   
step_00850 • [   0% ] waiting      7m45.0s   
step_00900 • [   0% ] waiting      8m15.0s   
step_00950 • [   0% ] waiting      8m45.0s   
step_01000 • [   0% ] waiting      9m15.0s   

running (00m16.0s), 0000/0390 VUs, 798 complete and 0 interrupted iterations
step_00050   [  53% ] 000/020 VUs  16.0s/30s  50.00 iters/s
step_00100 • [   0% ] waiting      14.0s     
step_00150 • [   0% ] waiting      0m44.0s   
step_00200 • [   0% ] waiting      1m14.0s   
step_00250 • [   0% ] waiting      1m44.0s   
step_00300 • [   0% ] waiting      2m14.0s   
step_00350 • [   0% ] waiting      2m44.0s   
step_00400 • [   0% ] waiting      3m14.0s   
step_00450 • [   0% ] waiting      3m44.0s   
step_00500 • [   0% ] waiting      4m14.0s   
step_00550 • [   0% ] waiting      4m44.0s   
step_00600 • [   0% ] waiting      5m14.0s   
step_00650 • [   0% ] waiting      5m44.0s   
step_00700 • [   0% ] waiting      6m14.0s   
step_00750 • [   0% ] waiting      6m44.0s   
step_00800 • [   0% ] waiting      7m14.0s   
step_00850 • [   0% ] waiting      7m44.0s   
step_00900 • [   0% ] waiting      8m14.0s   
step_00950 • [   0% ] waiting      8m44.0s   
step_01000 • [   0% ] waiting      9m14.0s   

running (00m17.0s), 0000/0390 VUs, 848 complete and 0 interrupted iterations
step_00050   [  57% ] 000/020 VUs  17.0s/30s  50.00 iters/s
step_00100 • [   0% ] waiting      13.0s     
step_00150 • [   0% ] waiting      0m43.0s   
step_00200 • [   0% ] waiting      1m13.0s   
step_00250 • [   0% ] waiting      1m43.0s   
step_00300 • [   0% ] waiting      2m13.0s   
step_00350 • [   0% ] waiting      2m43.0s   
step_00400 • [   0% ] waiting      3m13.0s   
step_00450 • [   0% ] waiting      3m43.0s   
step_00500 • [   0% ] waiting      4m13.0s   
step_00550 • [   0% ] waiting      4m43.0s   
step_00600 • [   0% ] waiting      5m13.0s   
step_00650 • [   0% ] waiting      5m43.0s   
step_00700 • [   0% ] waiting      6m13.0s   
step_00750 • [   0% ] waiting      6m43.0s   
step_00800 • [   0% ] waiting      7m13.0s   
step_00850 • [   0% ] waiting      7m43.0s   
step_00900 • [   0% ] waiting      8m13.0s   
step_00950 • [   0% ] waiting      8m43.0s   
step_01000 • [   0% ] waiting      9m13.0s   

running (00m18.0s), 0000/0390 VUs, 898 complete and 0 interrupted iterations
step_00050   [  60% ] 000/020 VUs  18.0s/30s  50.00 iters/s
step_00100 • [   0% ] waiting      12.0s     
step_00150 • [   0% ] waiting      0m42.0s   
step_00200 • [   0% ] waiting      1m12.0s   
step_00250 • [   0% ] waiting      1m42.0s   
step_00300 • [   0% ] waiting      2m12.0s   
step_00350 • [   0% ] waiting      2m42.0s   
step_00400 • [   0% ] waiting      3m12.0s   
step_00450 • [   0% ] waiting      3m42.0s   
step_00500 • [   0% ] waiting      4m12.0s   
step_00550 • [   0% ] waiting      4m42.0s   
step_00600 • [   0% ] waiting      5m12.0s   
step_00650 • [   0% ] waiting      5m42.0s   
step_00700 • [   0% ] waiting      6m12.0s   
step_00750 • [   0% ] waiting      6m42.0s   
step_00800 • [   0% ] waiting      7m12.0s   
step_00850 • [   0% ] waiting      7m42.0s   
step_00900 • [   0% ] waiting      8m12.0s   
step_00950 • [   0% ] waiting      8m42.0s   
step_01000 • [   0% ] waiting      9m12.0s   

running (00m19.0s), 0000/0390 VUs, 948 complete and 0 interrupted iterations
step_00050   [  63% ] 000/020 VUs  19.0s/30s  50.00 iters/s
step_00100 • [   0% ] waiting      11.0s     
step_00150 • [   0% ] waiting      0m41.0s   
step_00200 • [   0% ] waiting      1m11.0s   
step_00250 • [   0% ] waiting      1m41.0s   
step_00300 • [   0% ] waiting      2m11.0s   
step_00350 • [   0% ] waiting      2m41.0s   
step_00400 • [   0% ] waiting      3m11.0s   
step_00450 • [   0% ] waiting      3m41.0s   
step_00500 • [   0% ] waiting      4m11.0s   
step_00550 • [   0% ] waiting      4m41.0s   
step_00600 • [   0% ] waiting      5m11.0s   
step_00650 • [   0% ] waiting      5m41.0s   
step_00700 • [   0% ] waiting      6m11.0s   
step_00750 • [   0% ] waiting      6m41.0s   
step_00800 • [   0% ] waiting      7m11.0s   
step_00850 • [   0% ] waiting      7m41.0s   
step_00900 • [   0% ] waiting      8m11.0s   
step_00950 • [   0% ] waiting      8m41.0s   
step_01000 • [   0% ] waiting      9m11.0s   

running (00m20.0s), 0000/0390 VUs, 998 complete and 0 interrupted iterations
step_00050   [  67% ] 000/020 VUs  20.0s/30s  50.00 iters/s
step_00100 • [   0% ] waiting      10.0s     
step_00150 • [   0% ] waiting      0m40.0s   
step_00200 • [   0% ] waiting      1m10.0s   
step_00250 • [   0% ] waiting      1m40.0s   
step_00300 • [   0% ] waiting      2m10.0s   
step_00350 • [   0% ] waiting      2m40.0s   
step_00400 • [   0% ] waiting      3m10.0s   
step_00450 • [   0% ] waiting      3m40.0s   
step_00500 • [   0% ] waiting      4m10.0s   
step_00550 • [   0% ] waiting      4m40.0s   
step_00600 • [   0% ] waiting      5m10.0s   
step_00650 • [   0% ] waiting      5m40.0s   
step_00700 • [   0% ] waiting      6m10.0s   
step_00750 • [   0% ] waiting      6m40.0s   
step_00800 • [   0% ] waiting      7m10.0s   
step_00850 • [   0% ] waiting      7m40.0s   
step_00900 • [   0% ] waiting      8m10.0s   
step_00950 • [   0% ] waiting      8m40.0s   
step_01000 • [   0% ] waiting      9m10.0s   

running (00m21.0s), 0000/0390 VUs, 1048 complete and 0 interrupted iterations
step_00050   [  70% ] 000/020 VUs  21.0s/30s  50.00 iters/s
step_00100 • [   0% ] waiting      09.0s     
step_00150 • [   0% ] waiting      0m39.0s   
step_00200 • [   0% ] waiting      1m09.0s   
step_00250 • [   0% ] waiting      1m39.0s   
step_00300 • [   0% ] waiting      2m09.0s   
step_00350 • [   0% ] waiting      2m39.0s   
step_00400 • [   0% ] waiting      3m09.0s   
step_00450 • [   0% ] waiting      3m39.0s   
step_00500 • [   0% ] waiting      4m09.0s   
step_00550 • [   0% ] waiting      4m39.0s   
step_00600 • [   0% ] waiting      5m09.0s   
step_00650 • [   0% ] waiting      5m39.0s   
step_00700 • [   0% ] waiting      6m09.0s   
step_00750 • [   0% ] waiting      6m39.0s   
step_00800 • [   0% ] waiting      7m09.0s   
step_00850 • [   0% ] waiting      7m39.0s   
step_00900 • [   0% ] waiting      8m09.0s   
step_00950 • [   0% ] waiting      8m39.0s   
step_01000 • [   0% ] waiting      9m09.0s   

running (00m22.0s), 0000/0390 VUs, 1098 complete and 0 interrupted iterations
step_00050   [  73% ] 000/020 VUs  22.0s/30s  50.00 iters/s
step_00100 • [   0% ] waiting      08.0s     
step_00150 • [   0% ] waiting      0m38.0s   
step_00200 • [   0% ] waiting      1m08.0s   
step_00250 • [   0% ] waiting      1m38.0s   
step_00300 • [   0% ] waiting      2m08.0s   
step_00350 • [   0% ] waiting      2m38.0s   
step_00400 • [   0% ] waiting      3m08.0s   
step_00450 • [   0% ] waiting      3m38.0s   
step_00500 • [   0% ] waiting      4m08.0s   
step_00550 • [   0% ] waiting      4m38.0s   
step_00600 • [   0% ] waiting      5m08.0s   
step_00650 • [   0% ] waiting      5m38.0s   
step_00700 • [   0% ] waiting      6m08.0s   
step_00750 • [   0% ] waiting      6m38.0s   
step_00800 • [   0% ] waiting      7m08.0s   
step_00850 • [   0% ] waiting      7m38.0s   
step_00900 • [   0% ] waiting      8m08.0s   
step_00950 • [   0% ] waiting      8m38.0s   
step_01000 • [   0% ] waiting      9m08.0s   

running (00m23.0s), 0000/0390 VUs, 1148 complete and 0 interrupted iterations
step_00050   [  77% ] 000/020 VUs  23.0s/30s  50.00 iters/s
step_00100 • [   0% ] waiting      07.0s     
step_00150 • [   0% ] waiting      0m37.0s   
step_00200 • [   0% ] waiting      1m07.0s   
step_00250 • [   0% ] waiting      1m37.0s   
step_00300 • [   0% ] waiting      2m07.0s   
step_00350 • [   0% ] waiting      2m37.0s   
step_00400 • [   0% ] waiting      3m07.0s   
step_00450 • [   0% ] waiting      3m37.0s   
step_00500 • [   0% ] waiting      4m07.0s   
step_00550 • [   0% ] waiting      4m37.0s   
step_00600 • [   0% ] waiting      5m07.0s   
step_00650 • [   0% ] waiting      5m37.0s   
step_00700 • [   0% ] waiting      6m07.0s   
step_00750 • [   0% ] waiting      6m37.0s   
step_00800 • [   0% ] waiting      7m07.0s   
step_00850 • [   0% ] waiting      7m37.0s   
step_00900 • [   0% ] waiting      8m07.0s   
step_00950 • [   0% ] waiting      8m37.0s   
step_01000 • [   0% ] waiting      9m07.0s   

running (00m24.0s), 0000/0390 VUs, 1198 complete and 0 interrupted iterations
step_00050   [  80% ] 000/020 VUs  24.0s/30s  50.00 iters/s
step_00100 • [   0% ] waiting      06.0s     
step_00150 • [   0% ] waiting      0m36.0s   
step_00200 • [   0% ] waiting      1m06.0s   
step_00250 • [   0% ] waiting      1m36.0s   
step_00300 • [   0% ] waiting      2m06.0s   
step_00350 • [   0% ] waiting      2m36.0s   
step_00400 • [   0% ] waiting      3m06.0s   
step_00450 • [   0% ] waiting      3m36.0s   
step_00500 • [   0% ] waiting      4m06.0s   
step_00550 • [   0% ] waiting      4m36.0s   
step_00600 • [   0% ] waiting      5m06.0s   
step_00650 • [   0% ] waiting      5m36.0s   
step_00700 • [   0% ] waiting      6m06.0s   
step_00750 • [   0% ] waiting      6m36.0s   
step_00800 • [   0% ] waiting      7m06.0s   
step_00850 • [   0% ] waiting      7m36.0s   
step_00900 • [   0% ] waiting      8m06.0s   
step_00950 • [   0% ] waiting      8m36.0s   
step_01000 • [   0% ] waiting      9m06.0s   

running (00m25.0s), 0000/0390 VUs, 1248 complete and 0 interrupted iterations
step_00050   [  83% ] 000/020 VUs  25.0s/30s  50.00 iters/s
step_00100 • [   0% ] waiting      05.0s     
step_00150 • [   0% ] waiting      0m35.0s   
step_00200 • [   0% ] waiting      1m05.0s   
step_00250 • [   0% ] waiting      1m35.0s   
step_00300 • [   0% ] waiting      2m05.0s   
step_00350 • [   0% ] waiting      2m35.0s   
step_00400 • [   0% ] waiting      3m05.0s   
step_00450 • [   0% ] waiting      3m35.0s   
step_00500 • [   0% ] waiting      4m05.0s   
step_00550 • [   0% ] waiting      4m35.0s   
step_00600 • [   0% ] waiting      5m05.0s   
step_00650 • [   0% ] waiting      5m35.0s   
step_00700 • [   0% ] waiting      6m05.0s   
step_00750 • [   0% ] waiting      6m35.0s   
step_00800 • [   0% ] waiting      7m05.0s   
step_00850 • [   0% ] waiting      7m35.0s   
step_00900 • [   0% ] waiting      8m05.0s   
step_00950 • [   0% ] waiting      8m35.0s   
step_01000 • [   0% ] waiting      9m05.0s   

running (00m26.0s), 0000/0390 VUs, 1298 complete and 0 interrupted iterations
step_00050   [  87% ] 000/020 VUs  26.0s/30s  50.00 iters/s
step_00100 • [   0% ] waiting      04.0s     
step_00150 • [   0% ] waiting      0m34.0s   
step_00200 • [   0% ] waiting      1m04.0s   
step_00250 • [   0% ] waiting      1m34.0s   
step_00300 • [   0% ] waiting      2m04.0s   
step_00350 • [   0% ] waiting      2m34.0s   
step_00400 • [   0% ] waiting      3m04.0s   
step_00450 • [   0% ] waiting      3m34.0s   
step_00500 • [   0% ] waiting      4m04.0s   
step_00550 • [   0% ] waiting      4m34.0s   
step_00600 • [   0% ] waiting      5m04.0s   
step_00650 • [   0% ] waiting      5m34.0s   
step_00700 • [   0% ] waiting      6m04.0s   
step_00750 • [   0% ] waiting      6m34.0s   
step_00800 • [   0% ] waiting      7m04.0s   
step_00850 • [   0% ] waiting      7m34.0s   
step_00900 • [   0% ] waiting      8m04.0s   
step_00950 • [   0% ] waiting      8m34.0s   
step_01000 • [   0% ] waiting      9m04.0s   

running (00m27.0s), 0000/0390 VUs, 1348 complete and 0 interrupted iterations
step_00050   [  90% ] 000/020 VUs  27.0s/30s  50.00 iters/s
step_00100 • [   0% ] waiting      03.0s     
step_00150 • [   0% ] waiting      0m33.0s   
step_00200 • [   0% ] waiting      1m03.0s   
step_00250 • [   0% ] waiting      1m33.0s   
step_00300 • [   0% ] waiting      2m03.0s   
step_00350 • [   0% ] waiting      2m33.0s   
step_00400 • [   0% ] waiting      3m03.0s   
step_00450 • [   0% ] waiting      3m33.0s   
step_00500 • [   0% ] waiting      4m03.0s   
step_00550 • [   0% ] waiting      4m33.0s   
step_00600 • [   0% ] waiting      5m03.0s   
step_00650 • [   0% ] waiting      5m33.0s   
step_00700 • [   0% ] waiting      6m03.0s   
step_00750 • [   0% ] waiting      6m33.0s   
step_00800 • [   0% ] waiting      7m03.0s   
step_00850 • [   0% ] waiting      7m33.0s   
step_00900 • [   0% ] waiting      8m03.0s   
step_00950 • [   0% ] waiting      8m33.0s   
step_01000 • [   0% ] waiting      9m03.0s   

running (00m28.0s), 0000/0390 VUs, 1398 complete and 0 interrupted iterations
step_00050   [  93% ] 000/020 VUs  28.0s/30s  50.00 iters/s
step_00100 • [   0% ] waiting      02.0s     
step_00150 • [   0% ] waiting      0m32.0s   
step_00200 • [   0% ] waiting      1m02.0s   
step_00250 • [   0% ] waiting      1m32.0s   
step_00300 • [   0% ] waiting      2m02.0s   
step_00350 • [   0% ] waiting      2m32.0s   
step_00400 • [   0% ] waiting      3m02.0s   
step_00450 • [   0% ] waiting      3m32.0s   
step_00500 • [   0% ] waiting      4m02.0s   
step_00550 • [   0% ] waiting      4m32.0s   
step_00600 • [   0% ] waiting      5m02.0s   
step_00650 • [   0% ] waiting      5m32.0s   
step_00700 • [   0% ] waiting      6m02.0s   
step_00750 • [   0% ] waiting      6m32.0s   
step_00800 • [   0% ] waiting      7m02.0s   
step_00850 • [   0% ] waiting      7m32.0s   
step_00900 • [   0% ] waiting      8m02.0s   
step_00950 • [   0% ] waiting      8m32.0s   
step_01000 • [   0% ] waiting      9m02.0s   

running (00m29.0s), 0000/0390 VUs, 1448 complete and 0 interrupted iterations
step_00050   [  97% ] 000/020 VUs  29.0s/30s  50.00 iters/s
step_00100 • [   0% ] waiting      01.0s     
step_00150 • [   0% ] waiting      0m31.0s   
step_00200 • [   0% ] waiting      1m01.0s   
step_00250 • [   0% ] waiting      1m31.0s   
step_00300 • [   0% ] waiting      2m01.0s   
step_00350 • [   0% ] waiting      2m31.0s   
step_00400 • [   0% ] waiting      3m01.0s   
step_00450 • [   0% ] waiting      3m31.0s   
step_00500 • [   0% ] waiting      4m01.0s   
step_00550 • [   0% ] waiting      4m31.0s   
step_00600 • [   0% ] waiting      5m01.0s   
step_00650 • [   0% ] waiting      5m31.0s   
step_00700 • [   0% ] waiting      6m01.0s   
step_00750 • [   0% ] waiting      6m31.0s   
step_00800 • [   0% ] waiting      7m01.0s   
step_00850 • [   0% ] waiting      7m31.0s   
step_00900 • [   0% ] waiting      8m01.0s   
step_00950 • [   0% ] waiting      8m31.0s   
step_01000 • [   0% ] waiting      9m01.0s   

running (00m30.0s), 0000/0390 VUs, 1498 complete and 0 interrupted iterations
step_00050   [ 100% ] 000/020 VUs  30.0s/30s  50.00 iters/s
step_00100 • [   0% ] waiting      00.0s     
step_00150 • [   0% ] waiting      0m30.0s   
step_00200 • [   0% ] waiting      1m00.0s   
step_00250 • [   0% ] waiting      1m30.0s   
step_00300 • [   0% ] waiting      2m00.0s   
step_00350 • [   0% ] waiting      2m30.0s   
step_00400 • [   0% ] waiting      3m00.0s   
step_00450 • [   0% ] waiting      3m30.0s   
step_00500 • [   0% ] waiting      4m00.0s   
step_00550 • [   0% ] waiting      4m30.0s   
step_00600 • [   0% ] waiting      5m00.0s   
step_00650 • [   0% ] waiting      5m30.0s   
step_00700 • [   0% ] waiting      6m00.0s   
step_00750 • [   0% ] waiting      6m30.0s   
step_00800 • [   0% ] waiting      7m00.0s   
step_00850 • [   0% ] waiting      7m30.0s   
step_00900 • [   0% ] waiting      8m00.0s   
step_00950 • [   0% ] waiting      8m30.0s   
step_01000 • [   0% ] waiting      9m00.0s   

running (00m31.0s), 0001/0390 VUs, 1596 complete and 0 interrupted iterations
step_00050 ✓ [ 100% ] 000/020 VUs  30s        50.00 iters/s
step_00100   [   3% ] 001/020 VUs  01.0s/30s  100.00 iters/s
step_00150 • [   0% ] waiting      0m29.0s   
step_00200 • [   0% ] waiting      0m59.0s   
step_00250 • [   0% ] waiting      1m29.0s   
step_00300 • [   0% ] waiting      1m59.0s   
step_00350 • [   0% ] waiting      2m29.0s   
step_00400 • [   0% ] waiting      2m59.0s   
step_00450 • [   0% ] waiting      3m29.0s   
step_00500 • [   0% ] waiting      3m59.0s   
step_00550 • [   0% ] waiting      4m29.0s   
step_00600 • [   0% ] waiting      4m59.0s   
step_00650 • [   0% ] waiting      5m29.0s   
step_00700 • [   0% ] waiting      5m59.0s   
step_00750 • [   0% ] waiting      6m29.0s   
step_00800 • [   0% ] waiting      6m59.0s   
step_00850 • [   0% ] waiting      7m29.0s   
step_00900 • [   0% ] waiting      7m59.0s   
step_00950 • [   0% ] waiting      8m29.0s   
step_01000 • [   0% ] waiting      8m59.0s   

running (00m32.0s), 0001/0390 VUs, 1696 complete and 0 interrupted iterations
step_00050 ✓ [ 100% ] 000/020 VUs  30s        50.00 iters/s
step_00100   [   7% ] 001/020 VUs  02.0s/30s  100.00 iters/s
step_00150 • [   0% ] waiting      0m28.0s   
step_00200 • [   0% ] waiting      0m58.0s   
step_00250 • [   0% ] waiting      1m28.0s   
step_00300 • [   0% ] waiting      1m58.0s   
step_00350 • [   0% ] waiting      2m28.0s   
step_00400 • [   0% ] waiting      2m58.0s   
step_00450 • [   0% ] waiting      3m28.0s   
step_00500 • [   0% ] waiting      3m58.0s   
step_00550 • [   0% ] waiting      4m28.0s   
step_00600 • [   0% ] waiting      4m58.0s   
step_00650 • [   0% ] waiting      5m28.0s   
step_00700 • [   0% ] waiting      5m58.0s   
step_00750 • [   0% ] waiting      6m28.0s   
step_00800 • [   0% ] waiting      6m58.0s   
step_00850 • [   0% ] waiting      7m28.0s   
step_00900 • [   0% ] waiting      7m58.0s   
step_00950 • [   0% ] waiting      8m28.0s   
step_01000 • [   0% ] waiting      8m58.0s   

running (00m33.0s), 0001/0390 VUs, 1796 complete and 0 interrupted iterations
step_00050 ✓ [ 100% ] 000/020 VUs  30s        50.00 iters/s
step_00100   [  10% ] 001/020 VUs  03.0s/30s  100.00 iters/s
step_00150 • [   0% ] waiting      0m27.0s   
step_00200 • [   0% ] waiting      0m57.0s   
step_00250 • [   0% ] waiting      1m27.0s   
step_00300 • [   0% ] waiting      1m57.0s   
step_00350 • [   0% ] waiting      2m27.0s   
step_00400 • [   0% ] waiting      2m57.0s   
step_00450 • [   0% ] waiting      3m27.0s   
step_00500 • [   0% ] waiting      3m57.0s   
step_00550 • [   0% ] waiting      4m27.0s   
step_00600 • [   0% ] waiting      4m57.0s   
step_00650 • [   0% ] waiting      5m27.0s   
step_00700 • [   0% ] waiting      5m57.0s   
step_00750 • [   0% ] waiting      6m27.0s   
step_00800 • [   0% ] waiting      6m57.0s   
step_00850 • [   0% ] waiting      7m27.0s   
step_00900 • [   0% ] waiting      7m57.0s   
step_00950 • [   0% ] waiting      8m27.0s   
step_01000 • [   0% ] waiting      8m57.0s   

running (00m34.0s), 0001/0390 VUs, 1896 complete and 0 interrupted iterations
step_00050 ✓ [ 100% ] 000/020 VUs  30s        50.00 iters/s
step_00100   [  13% ] 001/020 VUs  04.0s/30s  100.00 iters/s
step_00150 • [   0% ] waiting      0m26.0s   
step_00200 • [   0% ] waiting      0m56.0s   
step_00250 • [   0% ] waiting      1m26.0s   
step_00300 • [   0% ] waiting      1m56.0s   
step_00350 • [   0% ] waiting      2m26.0s   
step_00400 • [   0% ] waiting      2m56.0s   
step_00450 • [   0% ] waiting      3m26.0s   
step_00500 • [   0% ] waiting      3m56.0s   
step_00550 • [   0% ] waiting      4m26.0s   
step_00600 • [   0% ] waiting      4m56.0s   
step_00650 • [   0% ] waiting      5m26.0s   
step_00700 • [   0% ] waiting      5m56.0s   
step_00750 • [   0% ] waiting      6m26.0s   
step_00800 • [   0% ] waiting      6m56.0s   
step_00850 • [   0% ] waiting      7m26.0s   
step_00900 • [   0% ] waiting      7m56.0s   
step_00950 • [   0% ] waiting      8m26.0s   
step_01000 • [   0% ] waiting      8m56.0s   

running (00m35.0s), 0001/0390 VUs, 1996 complete and 0 interrupted iterations
step_00050 ✓ [ 100% ] 000/020 VUs  30s        50.00 iters/s
step_00100   [  17% ] 001/020 VUs  05.0s/30s  100.00 iters/s
step_00150 • [   0% ] waiting      0m25.0s   
step_00200 • [   0% ] waiting      0m55.0s   
step_00250 • [   0% ] waiting      1m25.0s   
step_00300 • [   0% ] waiting      1m55.0s   
step_00350 • [   0% ] waiting      2m25.0s   
step_00400 • [   0% ] waiting      2m55.0s   
step_00450 • [   0% ] waiting      3m25.0s   
step_00500 • [   0% ] waiting      3m55.0s   
step_00550 • [   0% ] waiting      4m25.0s   
step_00600 • [   0% ] waiting      4m55.0s   
step_00650 • [   0% ] waiting      5m25.0s   
step_00700 • [   0% ] waiting      5m55.0s   
step_00750 • [   0% ] waiting      6m25.0s   
step_00800 • [   0% ] waiting      6m55.0s   
step_00850 • [   0% ] waiting      7m25.0s   
step_00900 • [   0% ] waiting      7m55.0s   
step_00950 • [   0% ] waiting      8m25.0s   
step_01000 • [   0% ] waiting      8m55.0s   

running (00m36.0s), 0001/0390 VUs, 2096 complete and 0 interrupted iterations
step_00050 ✓ [ 100% ] 000/020 VUs  30s        50.00 iters/s
step_00100   [  20% ] 001/020 VUs  06.0s/30s  100.00 iters/s
step_00150 • [   0% ] waiting      0m24.0s   
step_00200 • [   0% ] waiting      0m54.0s   
step_00250 • [   0% ] waiting      1m24.0s   
step_00300 • [   0% ] waiting      1m54.0s   
step_00350 • [   0% ] waiting      2m24.0s   
step_00400 • [   0% ] waiting      2m54.0s   
step_00450 • [   0% ] waiting      3m24.0s   
step_00500 • [   0% ] waiting      3m54.0s   
step_00550 • [   0% ] waiting      4m24.0s   
step_00600 • [   0% ] waiting      4m54.0s   
step_00650 • [   0% ] waiting      5m24.0s   
step_00700 • [   0% ] waiting      5m54.0s   
step_00750 • [   0% ] waiting      6m24.0s   
step_00800 • [   0% ] waiting      6m54.0s   
step_00850 • [   0% ] waiting      7m24.0s   
step_00900 • [   0% ] waiting      7m54.0s   
step_00950 • [   0% ] waiting      8m24.0s   
step_01000 • [   0% ] waiting      8m54.0s   

running (00m37.0s), 0001/0390 VUs, 2196 complete and 0 interrupted iterations
step_00050 ✓ [ 100% ] 000/020 VUs  30s        50.00 iters/s
step_00100   [  23% ] 001/020 VUs  07.0s/30s  100.00 iters/s
step_00150 • [   0% ] waiting      0m23.0s   
step_00200 • [   0% ] waiting      0m53.0s   
step_00250 • [   0% ] waiting      1m23.0s   
step_00300 • [   0% ] waiting      1m53.0s   
step_00350 • [   0% ] waiting      2m23.0s   
step_00400 • [   0% ] waiting      2m53.0s   
step_00450 • [   0% ] waiting      3m23.0s   
step_00500 • [   0% ] waiting      3m53.0s   
step_00550 • [   0% ] waiting      4m23.0s   
step_00600 • [   0% ] waiting      4m53.0s   
step_00650 • [   0% ] waiting      5m23.0s   
step_00700 • [   0% ] waiting      5m53.0s   
step_00750 • [   0% ] waiting      6m23.0s   
step_00800 • [   0% ] waiting      6m53.0s   
step_00850 • [   0% ] waiting      7m23.0s   
step_00900 • [   0% ] waiting      7m53.0s   
step_00950 • [   0% ] waiting      8m23.0s   
step_01000 • [   0% ] waiting      8m53.0s   

running (00m38.0s), 0000/0390 VUs, 2296 complete and 0 interrupted iterations
step_00050 ✓ [ 100% ] 000/020 VUs  30s        50.00 iters/s
step_00100   [  27% ] 000/020 VUs  08.0s/30s  100.00 iters/s
step_00150 • [   0% ] waiting      0m22.0s   
step_00200 • [   0% ] waiting      0m52.0s   
step_00250 • [   0% ] waiting      1m22.0s   
step_00300 • [   0% ] waiting      1m52.0s   
step_00350 • [   0% ] waiting      2m22.0s   
step_00400 • [   0% ] waiting      2m52.0s   
step_00450 • [   0% ] waiting      3m22.0s   
step_00500 • [   0% ] waiting      3m52.0s   
step_00550 • [   0% ] waiting      4m22.0s   
step_00600 • [   0% ] waiting      4m52.0s   
step_00650 • [   0% ] waiting      5m22.0s   
step_00700 • [   0% ] waiting      5m52.0s   
step_00750 • [   0% ] waiting      6m22.0s   
step_00800 • [   0% ] waiting      6m52.0s   
step_00850 • [   0% ] waiting      7m22.0s   
step_00900 • [   0% ] waiting      7m52.0s   
step_00950 • [   0% ] waiting      8m22.0s   
step_01000 • [   0% ] waiting      8m52.0s   

running (00m39.0s), 0000/0390 VUs, 2396 complete and 0 interrupted iterations
step_00050 ✓ [ 100% ] 000/020 VUs  30s        50.00 iters/s
step_00100   [  30% ] 000/020 VUs  09.0s/30s  100.00 iters/s
step_00150 • [   0% ] waiting      0m21.0s   
step_00200 • [   0% ] waiting      0m51.0s   
step_00250 • [   0% ] waiting      1m21.0s   
step_00300 • [   0% ] waiting      1m51.0s   
step_00350 • [   0% ] waiting      2m21.0s   
step_00400 • [   0% ] waiting      2m51.0s   
step_00450 • [   0% ] waiting      3m21.0s   
step_00500 • [   0% ] waiting      3m51.0s   
step_00550 • [   0% ] waiting      4m21.0s   
step_00600 • [   0% ] waiting      4m51.0s   
step_00650 • [   0% ] waiting      5m21.0s   
step_00700 • [   0% ] waiting      5m51.0s   
step_00750 • [   0% ] waiting      6m21.0s   
step_00800 • [   0% ] waiting      6m51.0s   
step_00850 • [   0% ] waiting      7m21.0s   
step_00900 • [   0% ] waiting      7m51.0s   
step_00950 • [   0% ] waiting      8m21.0s   
step_01000 • [   0% ] waiting      8m51.0s   

running (00m40.0s), 0000/0390 VUs, 2496 complete and 0 interrupted iterations
step_00050 ✓ [ 100% ] 000/020 VUs  30s        50.00 iters/s
step_00100   [  33% ] 000/020 VUs  10.0s/30s  100.00 iters/s
step_00150 • [   0% ] waiting      0m20.0s   
step_00200 • [   0% ] waiting      0m50.0s   
step_00250 • [   0% ] waiting      1m20.0s   
step_00300 • [   0% ] waiting      1m50.0s   
step_00350 • [   0% ] waiting      2m20.0s   
step_00400 • [   0% ] waiting      2m50.0s   
step_00450 • [   0% ] waiting      3m20.0s   
step_00500 • [   0% ] waiting      3m50.0s   
step_00550 • [   0% ] waiting      4m20.0s   
step_00600 • [   0% ] waiting      4m50.0s   
step_00650 • [   0% ] waiting      5m20.0s   
step_00700 • [   0% ] waiting      5m50.0s   
step_00750 • [   0% ] waiting      6m20.0s   
step_00800 • [   0% ] waiting      6m50.0s   
step_00850 • [   0% ] waiting      7m20.0s   
step_00900 • [   0% ] waiting      7m50.0s   
step_00950 • [   0% ] waiting      8m20.0s   
step_01000 • [   0% ] waiting      8m50.0s   

running (00m41.0s), 0000/0390 VUs, 2596 complete and 0 interrupted iterations
step_00050 ✓ [ 100% ] 000/020 VUs  30s        50.00 iters/s
step_00100   [  36% ] 000/020 VUs  10.9s/30s  100.00 iters/s
step_00150 • [   0% ] waiting      0m19.0s   
step_00200 • [   0% ] waiting      0m49.0s   
step_00250 • [   0% ] waiting      1m19.0s   
step_00300 • [   0% ] waiting      1m49.0s   
step_00350 • [   0% ] waiting      2m19.0s   
step_00400 • [   0% ] waiting      2m49.0s   
step_00450 • [   0% ] waiting      3m19.0s   
step_00500 • [   0% ] waiting      3m49.0s   
step_00550 • [   0% ] waiting      4m19.0s   
step_00600 • [   0% ] waiting      4m49.0s   
step_00650 • [   0% ] waiting      5m19.0s   
step_00700 • [   0% ] waiting      5m49.0s   
step_00750 • [   0% ] waiting      6m19.0s   
step_00800 • [   0% ] waiting      6m49.0s   
step_00850 • [   0% ] waiting      7m19.0s   
step_00900 • [   0% ] waiting      7m49.0s   
step_00950 • [   0% ] waiting      8m19.0s   
step_01000 • [   0% ] waiting      8m49.0s   

running (00m42.0s), 0000/0390 VUs, 2696 complete and 0 interrupted iterations
step_00050 ✓ [ 100% ] 000/020 VUs  30s        50.00 iters/s
step_00100   [  40% ] 000/020 VUs  12.0s/30s  100.00 iters/s
step_00150 • [   0% ] waiting      0m18.0s   
step_00200 • [   0% ] waiting      0m48.0s   
step_00250 • [   0% ] waiting      1m18.0s   
step_00300 • [   0% ] waiting      1m48.0s   
step_00350 • [   0% ] waiting      2m18.0s   
step_00400 • [   0% ] waiting      2m48.0s   
step_00450 • [   0% ] waiting      3m18.0s   
step_00500 • [   0% ] waiting      3m48.0s   
step_00550 • [   0% ] waiting      4m18.0s   
step_00600 • [   0% ] waiting      4m48.0s   
step_00650 • [   0% ] waiting      5m18.0s   
step_00700 • [   0% ] waiting      5m48.0s   
step_00750 • [   0% ] waiting      6m18.0s   
step_00800 • [   0% ] waiting      6m48.0s   
step_00850 • [   0% ] waiting      7m18.0s   
step_00900 • [   0% ] waiting      7m48.0s   
step_00950 • [   0% ] waiting      8m18.0s   
step_01000 • [   0% ] waiting      8m48.0s   

running (00m43.0s), 0000/0390 VUs, 2796 complete and 0 interrupted iterations
step_00050 ✓ [ 100% ] 000/020 VUs  30s        50.00 iters/s
step_00100   [  43% ] 000/020 VUs  12.9s/30s  100.00 iters/s
step_00150 • [   0% ] waiting      0m17.0s   
step_00200 • [   0% ] waiting      0m47.0s   
step_00250 • [   0% ] waiting      1m17.0s   
step_00300 • [   0% ] waiting      1m47.0s   
step_00350 • [   0% ] waiting      2m17.0s   
step_00400 • [   0% ] waiting      2m47.0s   
step_00450 • [   0% ] waiting      3m17.0s   
step_00500 • [   0% ] waiting      3m47.0s   
step_00550 • [   0% ] waiting      4m17.0s   
step_00600 • [   0% ] waiting      4m47.0s   
step_00650 • [   0% ] waiting      5m17.0s   
step_00700 • [   0% ] waiting      5m47.0s   
step_00750 • [   0% ] waiting      6m17.0s   
step_00800 • [   0% ] waiting      6m47.0s   
step_00850 • [   0% ] waiting      7m17.0s   
step_00900 • [   0% ] waiting      7m47.0s   
step_00950 • [   0% ] waiting      8m17.0s   
step_01000 • [   0% ] waiting      8m47.0s   

running (00m44.0s), 0001/0390 VUs, 2896 complete and 0 interrupted iterations
step_00050 ✓ [ 100% ] 000/020 VUs  30s        50.00 iters/s
step_00100   [  47% ] 001/020 VUs  14.0s/30s  100.00 iters/s
step_00150 • [   0% ] waiting      0m16.0s   
step_00200 • [   0% ] waiting      0m46.0s   
step_00250 • [   0% ] waiting      1m16.0s   
step_00300 • [   0% ] waiting      1m46.0s   
step_00350 • [   0% ] waiting      2m16.0s   
step_00400 • [   0% ] waiting      2m46.0s   
step_00450 • [   0% ] waiting      3m16.0s   
step_00500 • [   0% ] waiting      3m46.0s   
step_00550 • [   0% ] waiting      4m16.0s   
step_00600 • [   0% ] waiting      4m46.0s   
step_00650 • [   0% ] waiting      5m16.0s   
step_00700 • [   0% ] waiting      5m46.0s   
step_00750 • [   0% ] waiting      6m16.0s   
step_00800 • [   0% ] waiting      6m46.0s   
step_00850 • [   0% ] waiting      7m16.0s   
step_00900 • [   0% ] waiting      7m46.0s   
step_00950 • [   0% ] waiting      8m16.0s   
step_01000 • [   0% ] waiting      8m46.0s   

running (00m45.0s), 0001/0390 VUs, 2996 complete and 0 interrupted iterations
step_00050 ✓ [ 100% ] 000/020 VUs  30s        50.00 iters/s
step_00100   [  50% ] 001/020 VUs  15.0s/30s  100.00 iters/s
step_00150 • [   0% ] waiting      0m15.0s   
step_00200 • [   0% ] waiting      0m45.0s   
step_00250 • [   0% ] waiting      1m15.0s   
step_00300 • [   0% ] waiting      1m45.0s   
step_00350 • [   0% ] waiting      2m15.0s   
step_00400 • [   0% ] waiting      2m45.0s   
step_00450 • [   0% ] waiting      3m15.0s   
step_00500 • [   0% ] waiting      3m45.0s   
step_00550 • [   0% ] waiting      4m15.0s   
step_00600 • [   0% ] waiting      4m45.0s   
step_00650 • [   0% ] waiting      5m15.0s   
step_00700 • [   0% ] waiting      5m45.0s   
step_00750 • [   0% ] waiting      6m15.0s   
step_00800 • [   0% ] waiting      6m45.0s   
step_00850 • [   0% ] waiting      7m15.0s   
step_00900 • [   0% ] waiting      7m45.0s   
step_00950 • [   0% ] waiting      8m15.0s   
step_01000 • [   0% ] waiting      8m45.0s   

running (00m46.0s), 0000/0390 VUs, 3096 complete and 0 interrupted iterations
step_00050 ✓ [ 100% ] 000/020 VUs  30s        50.00 iters/s
step_00100   [  53% ] 000/020 VUs  15.9s/30s  100.00 iters/s
step_00150 • [   0% ] waiting      0m14.0s   
step_00200 • [   0% ] waiting      0m44.0s   
step_00250 • [   0% ] waiting      1m14.0s   
step_00300 • [   0% ] waiting      1m44.0s   
step_00350 • [   0% ] waiting      2m14.0s   
step_00400 • [   0% ] waiting      2m44.0s   
step_00450 • [   0% ] waiting      3m14.0s   
step_00500 • [   0% ] waiting      3m44.0s   
step_00550 • [   0% ] waiting      4m14.0s   
step_00600 • [   0% ] waiting      4m44.0s   
step_00650 • [   0% ] waiting      5m14.0s   
step_00700 • [   0% ] waiting      5m44.0s   
step_00750 • [   0% ] waiting      6m14.0s   
step_00800 • [   0% ] waiting      6m44.0s   
step_00850 • [   0% ] waiting      7m14.0s   
step_00900 • [   0% ] waiting      7m44.0s   
step_00950 • [   0% ] waiting      8m14.0s   
step_01000 • [   0% ] waiting      8m44.0s   

running (00m47.0s), 0001/0390 VUs, 3196 complete and 0 interrupted iterations
step_00050 ✓ [ 100% ] 000/020 VUs  30s        50.00 iters/s
step_00100   [  57% ] 001/020 VUs  17.0s/30s  100.00 iters/s
step_00150 • [   0% ] waiting      0m13.0s   
step_00200 • [   0% ] waiting      0m43.0s   
step_00250 • [   0% ] waiting      1m13.0s   
step_00300 • [   0% ] waiting      1m43.0s   
step_00350 • [   0% ] waiting      2m13.0s   
step_00400 • [   0% ] waiting      2m43.0s   
step_00450 • [   0% ] waiting      3m13.0s   
step_00500 • [   0% ] waiting      3m43.0s   
step_00550 • [   0% ] waiting      4m13.0s   
step_00600 • [   0% ] waiting      4m43.0s   
step_00650 • [   0% ] waiting      5m13.0s   
step_00700 • [   0% ] waiting      5m43.0s   
step_00750 • [   0% ] waiting      6m13.0s   
step_00800 • [   0% ] waiting      6m43.0s   
step_00850 • [   0% ] waiting      7m13.0s   
step_00900 • [   0% ] waiting      7m43.0s   
step_00950 • [   0% ] waiting      8m13.0s   
step_01000 • [   0% ] waiting      8m43.0s   

running (00m48.0s), 0000/0390 VUs, 3296 complete and 0 interrupted iterations
step_00050 ✓ [ 100% ] 000/020 VUs  30s        50.00 iters/s
step_00100   [  60% ] 000/020 VUs  17.9s/30s  100.00 iters/s
step_00150 • [   0% ] waiting      0m12.0s   
step_00200 • [   0% ] waiting      0m42.0s   
step_00250 • [   0% ] waiting      1m12.0s   
step_00300 • [   0% ] waiting      1m42.0s   
step_00350 • [   0% ] waiting      2m12.0s   
step_00400 • [   0% ] waiting      2m42.0s   
step_00450 • [   0% ] waiting      3m12.0s   
step_00500 • [   0% ] waiting      3m42.0s   
step_00550 • [   0% ] waiting      4m12.0s   
step_00600 • [   0% ] waiting      4m42.0s   
step_00650 • [   0% ] waiting      5m12.0s   
step_00700 • [   0% ] waiting      5m42.0s   
step_00750 • [   0% ] waiting      6m12.0s   
step_00800 • [   0% ] waiting      6m42.0s   
step_00850 • [   0% ] waiting      7m12.0s   
step_00900 • [   0% ] waiting      7m42.0s   
step_00950 • [   0% ] waiting      8m12.0s   
step_01000 • [   0% ] waiting      8m42.0s   

running (00m49.0s), 0000/0390 VUs, 3396 complete and 0 interrupted iterations
step_00050 ✓ [ 100% ] 000/020 VUs  30s        50.00 iters/s
step_00100   [  63% ] 001/020 VUs  19.0s/30s  100.00 iters/s
step_00150 • [   0% ] waiting      0m11.0s   
step_00200 • [   0% ] waiting      0m41.0s   
step_00250 • [   0% ] waiting      1m11.0s   
step_00300 • [   0% ] waiting      1m41.0s   
step_00350 • [   0% ] waiting      2m11.0s   
step_00400 • [   0% ] waiting      2m41.0s   
step_00450 • [   0% ] waiting      3m11.0s   
step_00500 • [   0% ] waiting      3m41.0s   
step_00550 • [   0% ] waiting      4m11.0s   
step_00600 • [   0% ] waiting      4m41.0s   
step_00650 • [   0% ] waiting      5m11.0s   
step_00700 • [   0% ] waiting      5m41.0s   
step_00750 • [   0% ] waiting      6m11.0s   
step_00800 • [   0% ] waiting      6m41.0s   
step_00850 • [   0% ] waiting      7m11.0s   
step_00900 • [   0% ] waiting      7m41.0s   
step_00950 • [   0% ] waiting      8m11.0s   
step_01000 • [   0% ] waiting      8m41.0s   

running (00m50.0s), 0001/0390 VUs, 3496 complete and 0 interrupted iterations
step_00050 ✓ [ 100% ] 000/020 VUs  30s        50.00 iters/s
step_00100   [  67% ] 001/020 VUs  20.0s/30s  100.00 iters/s
step_00150 • [   0% ] waiting      0m10.0s   
step_00200 • [   0% ] waiting      0m40.0s   
step_00250 • [   0% ] waiting      1m10.0s   
step_00300 • [   0% ] waiting      1m40.0s   
step_00350 • [   0% ] waiting      2m10.0s   
step_00400 • [   0% ] waiting      2m40.0s   
step_00450 • [   0% ] waiting      3m10.0s   
step_00500 • [   0% ] waiting      3m40.0s   
step_00550 • [   0% ] waiting      4m10.0s   
step_00600 • [   0% ] waiting      4m40.0s   
step_00650 • [   0% ] waiting      5m10.0s   
step_00700 • [   0% ] waiting      5m40.0s   
step_00750 • [   0% ] waiting      6m10.0s   
step_00800 • [   0% ] waiting      6m40.0s   
step_00850 • [   0% ] waiting      7m10.0s   
step_00900 • [   0% ] waiting      7m40.0s   
step_00950 • [   0% ] waiting      8m10.0s   
step_01000 • [   0% ] waiting      8m40.0s   

running (00m51.0s), 0001/0390 VUs, 3596 complete and 0 interrupted iterations
step_00050 ✓ [ 100% ] 000/020 VUs  30s        50.00 iters/s
step_00100   [  70% ] 001/020 VUs  21.0s/30s  100.00 iters/s
step_00150 • [   0% ] waiting      0m09.0s   
step_00200 • [   0% ] waiting      0m39.0s   
step_00250 • [   0% ] waiting      1m09.0s   
step_00300 • [   0% ] waiting      1m39.0s   
step_00350 • [   0% ] waiting      2m09.0s   
step_00400 • [   0% ] waiting      2m39.0s   
step_00450 • [   0% ] waiting      3m09.0s   
step_00500 • [   0% ] waiting      3m39.0s   
step_00550 • [   0% ] waiting      4m09.0s   
step_00600 • [   0% ] waiting      4m39.0s   
step_00650 • [   0% ] waiting      5m09.0s   
step_00700 • [   0% ] waiting      5m39.0s   
step_00750 • [   0% ] waiting      6m09.0s   
step_00800 • [   0% ] waiting      6m39.0s   
step_00850 • [   0% ] waiting      7m09.0s   
step_00900 • [   0% ] waiting      7m39.0s   
step_00950 • [   0% ] waiting      8m09.0s   
step_01000 • [   0% ] waiting      8m39.0s   

running (00m52.0s), 0000/0390 VUs, 3696 complete and 0 interrupted iterations
step_00050 ✓ [ 100% ] 000/020 VUs  30s        50.00 iters/s
step_00100   [  73% ] 000/020 VUs  22.0s/30s  100.00 iters/s
step_00150 • [   0% ] waiting      0m08.0s   
step_00200 • [   0% ] waiting      0m38.0s   
step_00250 • [   0% ] waiting      1m08.0s   
step_00300 • [   0% ] waiting      1m38.0s   
step_00350 • [   0% ] waiting      2m08.0s   
step_00400 • [   0% ] waiting      2m38.0s   
step_00450 • [   0% ] waiting      3m08.0s   
step_00500 • [   0% ] waiting      3m38.0s   
step_00550 • [   0% ] waiting      4m08.0s   
step_00600 • [   0% ] waiting      4m38.0s   
step_00650 • [   0% ] waiting      5m08.0s   
step_00700 • [   0% ] waiting      5m38.0s   
step_00750 • [   0% ] waiting      6m08.0s   
step_00800 • [   0% ] waiting      6m38.0s   
step_00850 • [   0% ] waiting      7m08.0s   
step_00900 • [   0% ] waiting      7m38.0s   
step_00950 • [   0% ] waiting      8m08.0s   
step_01000 • [   0% ] waiting      8m38.0s   

running (00m53.0s), 0001/0390 VUs, 3796 complete and 0 interrupted iterations
step_00050 ✓ [ 100% ] 000/020 VUs  30s        50.00 iters/s
step_00100   [  77% ] 001/020 VUs  23.0s/30s  100.00 iters/s
step_00150 • [   0% ] waiting      0m07.0s   
step_00200 • [   0% ] waiting      0m37.0s   
step_00250 • [   0% ] waiting      1m07.0s   
step_00300 • [   0% ] waiting      1m37.0s   
step_00350 • [   0% ] waiting      2m07.0s   
step_00400 • [   0% ] waiting      2m37.0s   
step_00450 • [   0% ] waiting      3m07.0s   
step_00500 • [   0% ] waiting      3m37.0s   
step_00550 • [   0% ] waiting      4m07.0s   
step_00600 • [   0% ] waiting      4m37.0s   
step_00650 • [   0% ] waiting      5m07.0s   
step_00700 • [   0% ] waiting      5m37.0s   
step_00750 • [   0% ] waiting      6m07.0s   
step_00800 • [   0% ] waiting      6m37.0s   
step_00850 • [   0% ] waiting      7m07.0s   
step_00900 • [   0% ] waiting      7m37.0s   
step_00950 • [   0% ] waiting      8m07.0s   
step_01000 • [   0% ] waiting      8m37.0s   

running (00m54.0s), 0001/0390 VUs, 3896 complete and 0 interrupted iterations
step_00050 ✓ [ 100% ] 000/020 VUs  30s        50.00 iters/s
step_00100   [  80% ] 001/020 VUs  24.0s/30s  100.00 iters/s
step_00150 • [   0% ] waiting      0m06.0s   
step_00200 • [   0% ] waiting      0m36.0s   
step_00250 • [   0% ] waiting      1m06.0s   
step_00300 • [   0% ] waiting      1m36.0s   
step_00350 • [   0% ] waiting      2m06.0s   
step_00400 • [   0% ] waiting      2m36.0s   
step_00450 • [   0% ] waiting      3m06.0s   
step_00500 • [   0% ] waiting      3m36.0s   
step_00550 • [   0% ] waiting      4m06.0s   
step_00600 • [   0% ] waiting      4m36.0s   
step_00650 • [   0% ] waiting      5m06.0s   
step_00700 • [   0% ] waiting      5m36.0s   
step_00750 • [   0% ] waiting      6m06.0s   
step_00800 • [   0% ] waiting      6m36.0s   
step_00850 • [   0% ] waiting      7m06.0s   
step_00900 • [   0% ] waiting      7m36.0s   
step_00950 • [   0% ] waiting      8m06.0s   
step_01000 • [   0% ] waiting      8m36.0s   

running (00m55.0s), 0001/0390 VUs, 3996 complete and 0 interrupted iterations
step_00050 ✓ [ 100% ] 000/020 VUs  30s        50.00 iters/s
step_00100   [  83% ] 001/020 VUs  25.0s/30s  100.00 iters/s
step_00150 • [   0% ] waiting      0m05.0s   
step_00200 • [   0% ] waiting      0m35.0s   
step_00250 • [   0% ] waiting      1m05.0s   
step_00300 • [   0% ] waiting      1m35.0s   
step_00350 • [   0% ] waiting      2m05.0s   
step_00400 • [   0% ] waiting      2m35.0s   
step_00450 • [   0% ] waiting      3m05.0s   
step_00500 • [   0% ] waiting      3m35.0s   
step_00550 • [   0% ] waiting      4m05.0s   
step_00600 • [   0% ] waiting      4m35.0s   
step_00650 • [   0% ] waiting      5m05.0s   
step_00700 • [   0% ] waiting      5m35.0s   
step_00750 • [   0% ] waiting      6m05.0s   
step_00800 • [   0% ] waiting      6m35.0s   
step_00850 • [   0% ] waiting      7m05.0s   
step_00900 • [   0% ] waiting      7m35.0s   
step_00950 • [   0% ] waiting      8m05.0s   
step_01000 • [   0% ] waiting      8m35.0s   

running (00m56.0s), 0001/0390 VUs, 4096 complete and 0 interrupted iterations
step_00050 ✓ [ 100% ] 000/020 VUs  30s        50.00 iters/s
step_00100   [  87% ] 001/020 VUs  26.0s/30s  100.00 iters/s
step_00150 • [   0% ] waiting      0m04.0s   
step_00200 • [   0% ] waiting      0m34.0s   
step_00250 • [   0% ] waiting      1m04.0s   
step_00300 • [   0% ] waiting      1m34.0s   
step_00350 • [   0% ] waiting      2m04.0s   
step_00400 • [   0% ] waiting      2m34.0s   
step_00450 • [   0% ] waiting      3m04.0s   
step_00500 • [   0% ] waiting      3m34.0s   
step_00550 • [   0% ] waiting      4m04.0s   
step_00600 • [   0% ] waiting      4m34.0s   
step_00650 • [   0% ] waiting      5m04.0s   
step_00700 • [   0% ] waiting      5m34.0s   
step_00750 • [   0% ] waiting      6m04.0s   
step_00800 • [   0% ] waiting      6m34.0s   
step_00850 • [   0% ] waiting      7m04.0s   
step_00900 • [   0% ] waiting      7m34.0s   
step_00950 • [   0% ] waiting      8m04.0s   
step_01000 • [   0% ] waiting      8m34.0s   

running (00m57.0s), 0001/0390 VUs, 4196 complete and 0 interrupted iterations
step_00050 ✓ [ 100% ] 000/020 VUs  30s        50.00 iters/s
step_00100   [  90% ] 001/020 VUs  27.0s/30s  100.00 iters/s
step_00150 • [   0% ] waiting      0m03.0s   
step_00200 • [   0% ] waiting      0m33.0s   
step_00250 • [   0% ] waiting      1m03.0s   
step_00300 • [   0% ] waiting      1m33.0s   
step_00350 • [   0% ] waiting      2m03.0s   
step_00400 • [   0% ] waiting      2m33.0s   
step_00450 • [   0% ] waiting      3m03.0s   
step_00500 • [   0% ] waiting      3m33.0s   
step_00550 • [   0% ] waiting      4m03.0s   
step_00600 • [   0% ] waiting      4m33.0s   
step_00650 • [   0% ] waiting      5m03.0s   
step_00700 • [   0% ] waiting      5m33.0s   
step_00750 • [   0% ] waiting      6m03.0s   
step_00800 • [   0% ] waiting      6m33.0s   
step_00850 • [   0% ] waiting      7m03.0s   
step_00900 • [   0% ] waiting      7m33.0s   
step_00950 • [   0% ] waiting      8m03.0s   
step_01000 • [   0% ] waiting      8m33.0s   

running (00m58.0s), 0001/0390 VUs, 4296 complete and 0 interrupted iterations
step_00050 ✓ [ 100% ] 000/020 VUs  30s        50.00 iters/s
step_00100   [  93% ] 001/020 VUs  28.0s/30s  100.00 iters/s
step_00150 • [   0% ] waiting      0m02.0s   
step_00200 • [   0% ] waiting      0m32.0s   
step_00250 • [   0% ] waiting      1m02.0s   
step_00300 • [   0% ] waiting      1m32.0s   
step_00350 • [   0% ] waiting      2m02.0s   
step_00400 • [   0% ] waiting      2m32.0s   
step_00450 • [   0% ] waiting      3m02.0s   
step_00500 • [   0% ] waiting      3m32.0s   
step_00550 • [   0% ] waiting      4m02.0s   
step_00600 • [   0% ] waiting      4m32.0s   
step_00650 • [   0% ] waiting      5m02.0s   
step_00700 • [   0% ] waiting      5m32.0s   
step_00750 • [   0% ] waiting      6m02.0s   
step_00800 • [   0% ] waiting      6m32.0s   
step_00850 • [   0% ] waiting      7m02.0s   
step_00900 • [   0% ] waiting      7m32.0s   
step_00950 • [   0% ] waiting      8m02.0s   
step_01000 • [   0% ] waiting      8m32.0s   

running (00m59.0s), 0000/0390 VUs, 4396 complete and 0 interrupted iterations
step_00050 ✓ [ 100% ] 000/020 VUs  30s        50.00 iters/s
step_00100   [  96% ] 000/020 VUs  28.9s/30s  100.00 iters/s
step_00150 • [   0% ] waiting      0m01.0s   
step_00200 • [   0% ] waiting      0m31.0s   
step_00250 • [   0% ] waiting      1m01.0s   
step_00300 • [   0% ] waiting      1m31.0s   
step_00350 • [   0% ] waiting      2m01.0s   
step_00400 • [   0% ] waiting      2m31.0s   
step_00450 • [   0% ] waiting      3m01.0s   
step_00500 • [   0% ] waiting      3m31.0s   
step_00550 • [   0% ] waiting      4m01.0s   
step_00600 • [   0% ] waiting      4m31.0s   
step_00650 • [   0% ] waiting      5m01.0s   
step_00700 • [   0% ] waiting      5m31.0s   
step_00750 • [   0% ] waiting      6m01.0s   
step_00800 • [   0% ] waiting      6m31.0s   
step_00850 • [   0% ] waiting      7m01.0s   
step_00900 • [   0% ] waiting      7m31.0s   
step_00950 • [   0% ] waiting      8m01.0s   
step_01000 • [   0% ] waiting      8m31.0s   

running (01m00.0s), 0000/0390 VUs, 4496 complete and 0 interrupted iterations
step_00050 ✓ [ 100% ] 000/020 VUs  30s        50.00 iters/s
step_00100   [ 100% ] 000/020 VUs  29.9s/30s  100.00 iters/s
step_00150 • [   0% ] waiting      0m00.0s   
step_00200 • [   0% ] waiting      0m30.0s   
step_00250 • [   0% ] waiting      1m00.0s   
step_00300 • [   0% ] waiting      1m30.0s   
step_00350 • [   0% ] waiting      2m00.0s   
step_00400 • [   0% ] waiting      2m30.0s   
step_00450 • [   0% ] waiting      3m00.0s   
step_00500 • [   0% ] waiting      3m30.0s   
step_00550 • [   0% ] waiting      4m00.0s   
step_00600 • [   0% ] waiting      4m30.0s   
step_00650 • [   0% ] waiting      5m00.0s   
step_00700 • [   0% ] waiting      5m30.0s   
step_00750 • [   0% ] waiting      6m00.0s   
step_00800 • [   0% ] waiting      6m30.0s   
step_00850 • [   0% ] waiting      7m00.0s   
step_00900 • [   0% ] waiting      7m30.0s   
step_00950 • [   0% ] waiting      8m00.0s   
step_01000 • [   0% ] waiting      8m30.0s   

running (01m01.0s), 0000/0390 VUs, 4645 complete and 0 interrupted iterations
step_00050 ✓ [ 100% ] 000/020 VUs  30s        50.00 iters/s
step_00100 ✓ [ 100% ] 000/020 VUs  30s        100.00 iters/s
step_00150   [   3% ] 000/030 VUs  01.0s/30s  150.00 iters/s
step_00200 • [   0% ] waiting      0m29.0s   
step_00250 • [   0% ] waiting      0m59.0s   
step_00300 • [   0% ] waiting      1m29.0s   
step_00350 • [   0% ] waiting      1m59.0s   
step_00400 • [   0% ] waiting      2m29.0s   
step_00450 • [   0% ] waiting      2m59.0s   
step_00500 • [   0% ] waiting      3m29.0s   
step_00550 • [   0% ] waiting      3m59.0s   
step_00600 • [   0% ] waiting      4m29.0s   
step_00650 • [   0% ] waiting      4m59.0s   
step_00700 • [   0% ] waiting      5m29.0s   
step_00750 • [   0% ] waiting      5m59.0s   
step_00800 • [   0% ] waiting      6m29.0s   
step_00850 • [   0% ] waiting      6m59.0s   
step_00900 • [   0% ] waiting      7m29.0s   
step_00950 • [   0% ] waiting      7m59.0s   
step_01000 • [   0% ] waiting      8m29.0s   

running (01m02.0s), 0000/0390 VUs, 4795 complete and 0 interrupted iterations
step_00050 ✓ [ 100% ] 000/020 VUs  30s        50.00 iters/s
step_00100 ✓ [ 100% ] 000/020 VUs  30s        100.00 iters/s
step_00150   [   7% ] 000/030 VUs  02.0s/30s  150.00 iters/s
step_00200 • [   0% ] waiting      0m28.0s   
step_00250 • [   0% ] waiting      0m58.0s   
step_00300 • [   0% ] waiting      1m28.0s   
step_00350 • [   0% ] waiting      1m58.0s   
step_00400 • [   0% ] waiting      2m28.0s   
step_00450 • [   0% ] waiting      2m58.0s   
step_00500 • [   0% ] waiting      3m28.0s   
step_00550 • [   0% ] waiting      3m58.0s   
step_00600 • [   0% ] waiting      4m28.0s   
step_00650 • [   0% ] waiting      4m58.0s   
step_00700 • [   0% ] waiting      5m28.0s   
step_00750 • [   0% ] waiting      5m58.0s   
step_00800 • [   0% ] waiting      6m28.0s   
step_00850 • [   0% ] waiting      6m58.0s   
step_00900 • [   0% ] waiting      7m28.0s   
step_00950 • [   0% ] waiting      7m58.0s   
step_01000 • [   0% ] waiting      8m28.0s   

running (01m03.0s), 0000/0390 VUs, 4945 complete and 0 interrupted iterations
step_00050 ✓ [ 100% ] 000/020 VUs  30s        50.00 iters/s
step_00100 ✓ [ 100% ] 000/020 VUs  30s        100.00 iters/s
step_00150   [  10% ] 000/030 VUs  03.0s/30s  150.00 iters/s
step_00200 • [   0% ] waiting      0m27.0s   
step_00250 • [   0% ] waiting      0m57.0s   
step_00300 • [   0% ] waiting      1m27.0s   
step_00350 • [   0% ] waiting      1m57.0s   
step_00400 • [   0% ] waiting      2m27.0s   
step_00450 • [   0% ] waiting      2m57.0s   
step_00500 • [   0% ] waiting      3m27.0s   
step_00550 • [   0% ] waiting      3m57.0s   
step_00600 • [   0% ] waiting      4m27.0s   
step_00650 • [   0% ] waiting      4m57.0s   
step_00700 • [   0% ] waiting      5m27.0s   
step_00750 • [   0% ] waiting      5m57.0s   
step_00800 • [   0% ] waiting      6m27.0s   
step_00850 • [   0% ] waiting      6m57.0s   
step_00900 • [   0% ] waiting      7m27.0s   
step_00950 • [   0% ] waiting      7m57.0s   
step_01000 • [   0% ] waiting      8m27.0s   

running (01m04.0s), 0000/0390 VUs, 5095 complete and 0 interrupted iterations
step_00050 ✓ [ 100% ] 000/020 VUs  30s        50.00 iters/s
step_00100 ✓ [ 100% ] 000/020 VUs  30s        100.00 iters/s
step_00150   [  13% ] 000/030 VUs  04.0s/30s  150.00 iters/s
step_00200 • [   0% ] waiting      0m26.0s   
step_00250 • [   0% ] waiting      0m56.0s   
step_00300 • [   0% ] waiting      1m26.0s   
step_00350 • [   0% ] waiting      1m56.0s   
step_00400 • [   0% ] waiting      2m26.0s   
step_00450 • [   0% ] waiting      2m56.0s   
step_00500 • [   0% ] waiting      3m26.0s   
step_00550 • [   0% ] waiting      3m56.0s   
step_00600 • [   0% ] waiting      4m26.0s   
step_00650 • [   0% ] waiting      4m56.0s   
step_00700 • [   0% ] waiting      5m26.0s   
step_00750 • [   0% ] waiting      5m56.0s   
step_00800 • [   0% ] waiting      6m26.0s   
step_00850 • [   0% ] waiting      6m56.0s   
step_00900 • [   0% ] waiting      7m26.0s   
step_00950 • [   0% ] waiting      7m56.0s   
step_01000 • [   0% ] waiting      8m26.0s   

running (01m05.0s), 0000/0390 VUs, 5245 complete and 0 interrupted iterations
step_00050 ✓ [ 100% ] 000/020 VUs  30s        50.00 iters/s
step_00100 ✓ [ 100% ] 000/020 VUs  30s        100.00 iters/s
step_00150   [  17% ] 000/030 VUs  05.0s/30s  150.00 iters/s
step_00200 • [   0% ] waiting      0m25.0s   
step_00250 • [   0% ] waiting      0m55.0s   
step_00300 • [   0% ] waiting      1m25.0s   
step_00350 • [   0% ] waiting      1m55.0s   
step_00400 • [   0% ] waiting      2m25.0s   
step_00450 • [   0% ] waiting      2m55.0s   
step_00500 • [   0% ] waiting      3m25.0s   
step_00550 • [   0% ] waiting      3m55.0s   
step_00600 • [   0% ] waiting      4m25.0s   
step_00650 • [   0% ] waiting      4m55.0s   
step_00700 • [   0% ] waiting      5m25.0s   
step_00750 • [   0% ] waiting      5m55.0s   
step_00800 • [   0% ] waiting      6m25.0s   
step_00850 • [   0% ] waiting      6m55.0s   
step_00900 • [   0% ] waiting      7m25.0s   
step_00950 • [   0% ] waiting      7m55.0s   
step_01000 • [   0% ] waiting      8m25.0s   

running (01m06.0s), 0000/0390 VUs, 5395 complete and 0 interrupted iterations
step_00050 ✓ [ 100% ] 000/020 VUs  30s        50.00 iters/s
step_00100 ✓ [ 100% ] 000/020 VUs  30s        100.00 iters/s
step_00150   [  20% ] 000/030 VUs  06.0s/30s  150.00 iters/s
step_00200 • [   0% ] waiting      0m24.0s   
step_00250 • [   0% ] waiting      0m54.0s   
step_00300 • [   0% ] waiting      1m24.0s   
step_00350 • [   0% ] waiting      1m54.0s   
step_00400 • [   0% ] waiting      2m24.0s   
step_00450 • [   0% ] waiting      2m54.0s   
step_00500 • [   0% ] waiting      3m24.0s   
step_00550 • [   0% ] waiting      3m54.0s   
step_00600 • [   0% ] waiting      4m24.0s   
step_00650 • [   0% ] waiting      4m54.0s   
step_00700 • [   0% ] waiting      5m24.0s   
step_00750 • [   0% ] waiting      5m54.0s   
step_00800 • [   0% ] waiting      6m24.0s   
step_00850 • [   0% ] waiting      6m54.0s   
step_00900 • [   0% ] waiting      7m24.0s   
step_00950 • [   0% ] waiting      7m54.0s   
step_01000 • [   0% ] waiting      8m24.0s   

running (01m07.0s), 0000/0390 VUs, 5545 complete and 0 interrupted iterations
step_00050 ✓ [ 100% ] 000/020 VUs  30s        50.00 iters/s
step_00100 ✓ [ 100% ] 000/020 VUs  30s        100.00 iters/s
step_00150   [  23% ] 000/030 VUs  07.0s/30s  150.00 iters/s
step_00200 • [   0% ] waiting      0m23.0s   
step_00250 • [   0% ] waiting      0m53.0s   
step_00300 • [   0% ] waiting      1m23.0s   
step_00350 • [   0% ] waiting      1m53.0s   
step_00400 • [   0% ] waiting      2m23.0s   
step_00450 • [   0% ] waiting      2m53.0s   
step_00500 • [   0% ] waiting      3m23.0s   
step_00550 • [   0% ] waiting      3m53.0s   
step_00600 • [   0% ] waiting      4m23.0s   
step_00650 • [   0% ] waiting      4m53.0s   
step_00700 • [   0% ] waiting      5m23.0s   
step_00750 • [   0% ] waiting      5m53.0s   
step_00800 • [   0% ] waiting      6m23.0s   
step_00850 • [   0% ] waiting      6m53.0s   
step_00900 • [   0% ] waiting      7m23.0s   
step_00950 • [   0% ] waiting      7m53.0s   
step_01000 • [   0% ] waiting      8m23.0s   

running (01m08.0s), 0000/0390 VUs, 5695 complete and 0 interrupted iterations
step_00050 ✓ [ 100% ] 000/020 VUs  30s        50.00 iters/s
step_00100 ✓ [ 100% ] 000/020 VUs  30s        100.00 iters/s
step_00150   [  27% ] 000/030 VUs  08.0s/30s  150.00 iters/s
step_00200 • [   0% ] waiting      0m22.0s   
step_00250 • [   0% ] waiting      0m52.0s   
step_00300 • [   0% ] waiting      1m22.0s   
step_00350 • [   0% ] waiting      1m52.0s   
step_00400 • [   0% ] waiting      2m22.0s   
step_00450 • [   0% ] waiting      2m52.0s   
step_00500 • [   0% ] waiting      3m22.0s   
step_00550 • [   0% ] waiting      3m52.0s   
step_00600 • [   0% ] waiting      4m22.0s   
step_00650 • [   0% ] waiting      4m52.0s   
step_00700 • [   0% ] waiting      5m22.0s   
step_00750 • [   0% ] waiting      5m52.0s   
step_00800 • [   0% ] waiting      6m22.0s   
step_00850 • [   0% ] waiting      6m52.0s   
step_00900 • [   0% ] waiting      7m22.0s   
step_00950 • [   0% ] waiting      7m52.0s   
step_01000 • [   0% ] waiting      8m22.0s   

running (01m09.0s), 0000/0390 VUs, 5845 complete and 0 interrupted iterations
step_00050 ✓ [ 100% ] 000/020 VUs  30s        50.00 iters/s
step_00100 ✓ [ 100% ] 000/020 VUs  30s        100.00 iters/s
step_00150   [  30% ] 000/030 VUs  09.0s/30s  150.00 iters/s
step_00200 • [   0% ] waiting      0m21.0s   
step_00250 • [   0% ] waiting      0m51.0s   
step_00300 • [   0% ] waiting      1m21.0s   
step_00350 • [   0% ] waiting      1m51.0s   
step_00400 • [   0% ] waiting      2m21.0s   
step_00450 • [   0% ] waiting      2m51.0s   
step_00500 • [   0% ] waiting      3m21.0s   
step_00550 • [   0% ] waiting      3m51.0s   
step_00600 • [   0% ] waiting      4m21.0s   
step_00650 • [   0% ] waiting      4m51.0s   
step_00700 • [   0% ] waiting      5m21.0s   
step_00750 • [   0% ] waiting      5m51.0s   
step_00800 • [   0% ] waiting      6m21.0s   
step_00850 • [   0% ] waiting      6m51.0s   
step_00900 • [   0% ] waiting      7m21.0s   
step_00950 • [   0% ] waiting      7m51.0s   
step_01000 • [   0% ] waiting      8m21.0s   

running (01m10.0s), 0000/0390 VUs, 5995 complete and 0 interrupted iterations
step_00050 ✓ [ 100% ] 000/020 VUs  30s        50.00 iters/s
step_00100 ✓ [ 100% ] 000/020 VUs  30s        100.00 iters/s
step_00150   [  33% ] 000/030 VUs  10.0s/30s  150.00 iters/s
step_00200 • [   0% ] waiting      0m20.0s   
step_00250 • [   0% ] waiting      0m50.0s   
step_00300 • [   0% ] waiting      1m20.0s   
step_00350 • [   0% ] waiting      1m50.0s   
step_00400 • [   0% ] waiting      2m20.0s   
step_00450 • [   0% ] waiting      2m50.0s   
step_00500 • [   0% ] waiting      3m20.0s   
step_00550 • [   0% ] waiting      3m50.0s   
step_00600 • [   0% ] waiting      4m20.0s   
step_00650 • [   0% ] waiting      4m50.0s   
step_00700 • [   0% ] waiting      5m20.0s   
step_00750 • [   0% ] waiting      5m50.0s   
step_00800 • [   0% ] waiting      6m20.0s   
step_00850 • [   0% ] waiting      6m50.0s   
step_00900 • [   0% ] waiting      7m20.0s   
step_00950 • [   0% ] waiting      7m50.0s   
step_01000 • [   0% ] waiting      8m20.0s   

running (01m11.0s), 0000/0390 VUs, 6145 complete and 0 interrupted iterations
step_00050 ✓ [ 100% ] 000/020 VUs  30s        50.00 iters/s
step_00100 ✓ [ 100% ] 000/020 VUs  30s        100.00 iters/s
step_00150   [  37% ] 000/030 VUs  11.0s/30s  150.00 iters/s
step_00200 • [   0% ] waiting      0m19.0s   
step_00250 • [   0% ] waiting      0m49.0s   
step_00300 • [   0% ] waiting      1m19.0s   
step_00350 • [   0% ] waiting      1m49.0s   
step_00400 • [   0% ] waiting      2m19.0s   
step_00450 • [   0% ] waiting      2m49.0s   
step_00500 • [   0% ] waiting      3m19.0s   
step_00550 • [   0% ] waiting      3m49.0s   
step_00600 • [   0% ] waiting      4m19.0s   
step_00650 • [   0% ] waiting      4m49.0s   
step_00700 • [   0% ] waiting      5m19.0s   
step_00750 • [   0% ] waiting      5m49.0s   
step_00800 • [   0% ] waiting      6m19.0s   
step_00850 • [   0% ] waiting      6m49.0s   
step_00900 • [   0% ] waiting      7m19.0s   
step_00950 • [   0% ] waiting      7m49.0s   
step_01000 • [   0% ] waiting      8m19.0s   

running (01m12.0s), 0000/0390 VUs, 6295 complete and 0 interrupted iterations
step_00050 ✓ [ 100% ] 000/020 VUs  30s        50.00 iters/s
step_00100 ✓ [ 100% ] 000/020 VUs  30s        100.00 iters/s
step_00150   [  40% ] 000/030 VUs  12.0s/30s  150.00 iters/s
step_00200 • [   0% ] waiting      0m18.0s   
step_00250 • [   0% ] waiting      0m48.0s   
step_00300 • [   0% ] waiting      1m18.0s   
step_00350 • [   0% ] waiting      1m48.0s   
step_00400 • [   0% ] waiting      2m18.0s   
step_00450 • [   0% ] waiting      2m48.0s   
step_00500 • [   0% ] waiting      3m18.0s   
step_00550 • [   0% ] waiting      3m48.0s   
step_00600 • [   0% ] waiting      4m18.0s   
step_00650 • [   0% ] waiting      4m48.0s   
step_00700 • [   0% ] waiting      5m18.0s   
step_00750 • [   0% ] waiting      5m48.0s   
step_00800 • [   0% ] waiting      6m18.0s   
step_00850 • [   0% ] waiting      6m48.0s   
step_00900 • [   0% ] waiting      7m18.0s   
step_00950 • [   0% ] waiting      7m48.0s   
step_01000 • [   0% ] waiting      8m18.0s   

running (01m13.0s), 0000/0390 VUs, 6445 complete and 0 interrupted iterations
step_00050 ✓ [ 100% ] 000/020 VUs  30s        50.00 iters/s
step_00100 ✓ [ 100% ] 000/020 VUs  30s        100.00 iters/s
step_00150   [  43% ] 000/030 VUs  13.0s/30s  150.00 iters/s
step_00200 • [   0% ] waiting      0m17.0s   
step_00250 • [   0% ] waiting      0m47.0s   
step_00300 • [   0% ] waiting      1m17.0s   
step_00350 • [   0% ] waiting      1m47.0s   
step_00400 • [   0% ] waiting      2m17.0s   
step_00450 • [   0% ] waiting      2m47.0s   
step_00500 • [   0% ] waiting      3m17.0s   
step_00550 • [   0% ] waiting      3m47.0s   
step_00600 • [   0% ] waiting      4m17.0s   
step_00650 • [   0% ] waiting      4m47.0s   
step_00700 • [   0% ] waiting      5m17.0s   
step_00750 • [   0% ] waiting      5m47.0s   
step_00800 • [   0% ] waiting      6m17.0s   
step_00850 • [   0% ] waiting      6m47.0s   
step_00900 • [   0% ] waiting      7m17.0s   
step_00950 • [   0% ] waiting      7m47.0s   
step_01000 • [   0% ] waiting      8m17.0s   

running (01m14.0s), 0000/0390 VUs, 6595 complete and 0 interrupted iterations
step_00050 ✓ [ 100% ] 000/020 VUs  30s        50.00 iters/s
step_00100 ✓ [ 100% ] 000/020 VUs  30s        100.00 iters/s
step_00150   [  47% ] 000/030 VUs  14.0s/30s  150.00 iters/s
step_00200 • [   0% ] waiting      0m16.0s   
step_00250 • [   0% ] waiting      0m46.0s   
step_00300 • [   0% ] waiting      1m16.0s   
step_00350 • [   0% ] waiting      1m46.0s   
step_00400 • [   0% ] waiting      2m16.0s   
step_00450 • [   0% ] waiting      2m46.0s   
step_00500 • [   0% ] waiting      3m16.0s   
step_00550 • [   0% ] waiting      3m46.0s   
step_00600 • [   0% ] waiting      4m16.0s   
step_00650 • [   0% ] waiting      4m46.0s   
step_00700 • [   0% ] waiting      5m16.0s   
step_00750 • [   0% ] waiting      5m46.0s   
step_00800 • [   0% ] waiting      6m16.0s   
step_00850 • [   0% ] waiting      6m46.0s   
step_00900 • [   0% ] waiting      7m16.0s   
step_00950 • [   0% ] waiting      7m46.0s   
step_01000 • [   0% ] waiting      8m16.0s   

running (01m15.0s), 0000/0390 VUs, 6745 complete and 0 interrupted iterations
step_00050 ✓ [ 100% ] 000/020 VUs  30s        50.00 iters/s
step_00100 ✓ [ 100% ] 000/020 VUs  30s        100.00 iters/s
step_00150   [  50% ] 000/030 VUs  15.0s/30s  150.00 iters/s
step_00200 • [   0% ] waiting      0m15.0s   
step_00250 • [   0% ] waiting      0m45.0s   
step_00300 • [   0% ] waiting      1m15.0s   
step_00350 • [   0% ] waiting      1m45.0s   
step_00400 • [   0% ] waiting      2m15.0s   
step_00450 • [   0% ] waiting      2m45.0s   
step_00500 • [   0% ] waiting      3m15.0s   
step_00550 • [   0% ] waiting      3m45.0s   
step_00600 • [   0% ] waiting      4m15.0s   
step_00650 • [   0% ] waiting      4m45.0s   
step_00700 • [   0% ] waiting      5m15.0s   
step_00750 • [   0% ] waiting      5m45.0s   
step_00800 • [   0% ] waiting      6m15.0s   
step_00850 • [   0% ] waiting      6m45.0s   
step_00900 • [   0% ] waiting      7m15.0s   
step_00950 • [   0% ] waiting      7m45.0s   
step_01000 • [   0% ] waiting      8m15.0s   

running (01m16.0s), 0000/0390 VUs, 6895 complete and 0 interrupted iterations
step_00050 ✓ [ 100% ] 000/020 VUs  30s        50.00 iters/s
step_00100 ✓ [ 100% ] 000/020 VUs  30s        100.00 iters/s
step_00150   [  53% ] 000/030 VUs  16.0s/30s  150.00 iters/s
step_00200 • [   0% ] waiting      0m14.0s   
step_00250 • [   0% ] waiting      0m44.0s   
step_00300 • [   0% ] waiting      1m14.0s   
step_00350 • [   0% ] waiting      1m44.0s   
step_00400 • [   0% ] waiting      2m14.0s   
step_00450 • [   0% ] waiting      2m44.0s   
step_00500 • [   0% ] waiting      3m14.0s   
step_00550 • [   0% ] waiting      3m44.0s   
step_00600 • [   0% ] waiting      4m14.0s   
step_00650 • [   0% ] waiting      4m44.0s   
step_00700 • [   0% ] waiting      5m14.0s   
step_00750 • [   0% ] waiting      5m44.0s   
step_00800 • [   0% ] waiting      6m14.0s   
step_00850 • [   0% ] waiting      6m44.0s   
step_00900 • [   0% ] waiting      7m14.0s   
step_00950 • [   0% ] waiting      7m44.0s   
step_01000 • [   0% ] waiting      8m14.0s   

running (01m17.0s), 0000/0390 VUs, 7045 complete and 0 interrupted iterations
step_00050 ✓ [ 100% ] 000/020 VUs  30s        50.00 iters/s
step_00100 ✓ [ 100% ] 000/020 VUs  30s        100.00 iters/s
step_00150   [  57% ] 000/030 VUs  17.0s/30s  150.00 iters/s
step_00200 • [   0% ] waiting      0m13.0s   
step_00250 • [   0% ] waiting      0m43.0s   
step_00300 • [   0% ] waiting      1m13.0s   
step_00350 • [   0% ] waiting      1m43.0s   
step_00400 • [   0% ] waiting      2m13.0s   
step_00450 • [   0% ] waiting      2m43.0s   
step_00500 • [   0% ] waiting      3m13.0s   
step_00550 • [   0% ] waiting      3m43.0s   
step_00600 • [   0% ] waiting      4m13.0s   
step_00650 • [   0% ] waiting      4m43.0s   
step_00700 • [   0% ] waiting      5m13.0s   
step_00750 • [   0% ] waiting      5m43.0s   
step_00800 • [   0% ] waiting      6m13.0s   
step_00850 • [   0% ] waiting      6m43.0s   
step_00900 • [   0% ] waiting      7m13.0s   
step_00950 • [   0% ] waiting      7m43.0s   
step_01000 • [   0% ] waiting      8m13.0s   

running (01m18.0s), 0000/0390 VUs, 7195 complete and 0 interrupted iterations
step_00050 ✓ [ 100% ] 000/020 VUs  30s        50.00 iters/s
step_00100 ✓ [ 100% ] 000/020 VUs  30s        100.00 iters/s
step_00150   [  60% ] 000/030 VUs  18.0s/30s  150.00 iters/s
step_00200 • [   0% ] waiting      0m12.0s   
step_00250 • [   0% ] waiting      0m42.0s   
step_00300 • [   0% ] waiting      1m12.0s   
step_00350 • [   0% ] waiting      1m42.0s   
step_00400 • [   0% ] waiting      2m12.0s   
step_00450 • [   0% ] waiting      2m42.0s   
step_00500 • [   0% ] waiting      3m12.0s   
step_00550 • [   0% ] waiting      3m42.0s   
step_00600 • [   0% ] waiting      4m12.0s   
step_00650 • [   0% ] waiting      4m42.0s   
step_00700 • [   0% ] waiting      5m12.0s   
step_00750 • [   0% ] waiting      5m42.0s   
step_00800 • [   0% ] waiting      6m12.0s   
step_00850 • [   0% ] waiting      6m42.0s   
step_00900 • [   0% ] waiting      7m12.0s   
step_00950 • [   0% ] waiting      7m42.0s   
step_01000 • [   0% ] waiting      8m12.0s   

running (01m19.0s), 0000/0390 VUs, 7345 complete and 0 interrupted iterations
step_00050 ✓ [ 100% ] 000/020 VUs  30s        50.00 iters/s
step_00100 ✓ [ 100% ] 000/020 VUs  30s        100.00 iters/s
step_00150   [  63% ] 000/030 VUs  19.0s/30s  150.00 iters/s
step_00200 • [   0% ] waiting      0m11.0s   
step_00250 • [   0% ] waiting      0m41.0s   
step_00300 • [   0% ] waiting      1m11.0s   
step_00350 • [   0% ] waiting      1m41.0s   
step_00400 • [   0% ] waiting      2m11.0s   
step_00450 • [   0% ] waiting      2m41.0s   
step_00500 • [   0% ] waiting      3m11.0s   
step_00550 • [   0% ] waiting      3m41.0s   
step_00600 • [   0% ] waiting      4m11.0s   
step_00650 • [   0% ] waiting      4m41.0s   
step_00700 • [   0% ] waiting      5m11.0s   
step_00750 • [   0% ] waiting      5m41.0s   
step_00800 • [   0% ] waiting      6m11.0s   
step_00850 • [   0% ] waiting      6m41.0s   
step_00900 • [   0% ] waiting      7m11.0s   
step_00950 • [   0% ] waiting      7m41.0s   
step_01000 • [   0% ] waiting      8m11.0s   

running (01m20.0s), 0000/0390 VUs, 7495 complete and 0 interrupted iterations
step_00050 ✓ [ 100% ] 000/020 VUs  30s        50.00 iters/s
step_00100 ✓ [ 100% ] 000/020 VUs  30s        100.00 iters/s
step_00150   [  67% ] 000/030 VUs  20.0s/30s  150.00 iters/s
step_00200 • [   0% ] waiting      0m10.0s   
step_00250 • [   0% ] waiting      0m40.0s   
step_00300 • [   0% ] waiting      1m10.0s   
step_00350 • [   0% ] waiting      1m40.0s   
step_00400 • [   0% ] waiting      2m10.0s   
step_00450 • [   0% ] waiting      2m40.0s   
step_00500 • [   0% ] waiting      3m10.0s   
step_00550 • [   0% ] waiting      3m40.0s   
step_00600 • [   0% ] waiting      4m10.0s   
step_00650 • [   0% ] waiting      4m40.0s   
step_00700 • [   0% ] waiting      5m10.0s   
step_00750 • [   0% ] waiting      5m40.0s   
step_00800 • [   0% ] waiting      6m10.0s   
step_00850 • [   0% ] waiting      6m40.0s   
step_00900 • [   0% ] waiting      7m10.0s   
step_00950 • [   0% ] waiting      7m40.0s   
step_01000 • [   0% ] waiting      8m10.0s   

running (01m21.0s), 0000/0390 VUs, 7645 complete and 0 interrupted iterations
step_00050 ✓ [ 100% ] 000/020 VUs  30s        50.00 iters/s
step_00100 ✓ [ 100% ] 000/020 VUs  30s        100.00 iters/s
step_00150   [  70% ] 000/030 VUs  21.0s/30s  150.00 iters/s
step_00200 • [   0% ] waiting      0m09.0s   
step_00250 • [   0% ] waiting      0m39.0s   
step_00300 • [   0% ] waiting      1m09.0s   
step_00350 • [   0% ] waiting      1m39.0s   
step_00400 • [   0% ] waiting      2m09.0s   
step_00450 • [   0% ] waiting      2m39.0s   
step_00500 • [   0% ] waiting      3m09.0s   
step_00550 • [   0% ] waiting      3m39.0s   
step_00600 • [   0% ] waiting      4m09.0s   
step_00650 • [   0% ] waiting      4m39.0s   
step_00700 • [   0% ] waiting      5m09.0s   
step_00750 • [   0% ] waiting      5m39.0s   
step_00800 • [   0% ] waiting      6m09.0s   
step_00850 • [   0% ] waiting      6m39.0s   
step_00900 • [   0% ] waiting      7m09.0s   
step_00950 • [   0% ] waiting      7m39.0s   
step_01000 • [   0% ] waiting      8m09.0s   

running (01m22.0s), 0000/0390 VUs, 7795 complete and 0 interrupted iterations
step_00050 ✓ [ 100% ] 000/020 VUs  30s        50.00 iters/s
step_00100 ✓ [ 100% ] 000/020 VUs  30s        100.00 iters/s
step_00150   [  73% ] 000/030 VUs  22.0s/30s  150.00 iters/s
step_00200 • [   0% ] waiting      0m08.0s   
step_00250 • [   0% ] waiting      0m38.0s   
step_00300 • [   0% ] waiting      1m08.0s   
step_00350 • [   0% ] waiting      1m38.0s   
step_00400 • [   0% ] waiting      2m08.0s   
step_00450 • [   0% ] waiting      2m38.0s   
step_00500 • [   0% ] waiting      3m08.0s   
step_00550 • [   0% ] waiting      3m38.0s   
step_00600 • [   0% ] waiting      4m08.0s   
step_00650 • [   0% ] waiting      4m38.0s   
step_00700 • [   0% ] waiting      5m08.0s   
step_00750 • [   0% ] waiting      5m38.0s   
step_00800 • [   0% ] waiting      6m08.0s   
step_00850 • [   0% ] waiting      6m38.0s   
step_00900 • [   0% ] waiting      7m08.0s   
step_00950 • [   0% ] waiting      7m38.0s   
step_01000 • [   0% ] waiting      8m08.0s   

running (01m23.0s), 0000/0390 VUs, 7945 complete and 0 interrupted iterations
step_00050 ✓ [ 100% ] 000/020 VUs  30s        50.00 iters/s
step_00100 ✓ [ 100% ] 000/020 VUs  30s        100.00 iters/s
step_00150   [  77% ] 000/030 VUs  23.0s/30s  150.00 iters/s
step_00200 • [   0% ] waiting      0m07.0s   
step_00250 • [   0% ] waiting      0m37.0s   
step_00300 • [   0% ] waiting      1m07.0s   
step_00350 • [   0% ] waiting      1m37.0s   
step_00400 • [   0% ] waiting      2m07.0s   
step_00450 • [   0% ] waiting      2m37.0s   
step_00500 • [   0% ] waiting      3m07.0s   
step_00550 • [   0% ] waiting      3m37.0s   
step_00600 • [   0% ] waiting      4m07.0s   
step_00650 • [   0% ] waiting      4m37.0s   
step_00700 • [   0% ] waiting      5m07.0s   
step_00750 • [   0% ] waiting      5m37.0s   
step_00800 • [   0% ] waiting      6m07.0s   
step_00850 • [   0% ] waiting      6m37.0s   
step_00900 • [   0% ] waiting      7m07.0s   
step_00950 • [   0% ] waiting      7m37.0s   
step_01000 • [   0% ] waiting      8m07.0s   

running (01m24.0s), 0000/0390 VUs, 8095 complete and 0 interrupted iterations
step_00050 ✓ [ 100% ] 000/020 VUs  30s        50.00 iters/s
step_00100 ✓ [ 100% ] 000/020 VUs  30s        100.00 iters/s
step_00150   [  80% ] 000/030 VUs  24.0s/30s  150.00 iters/s
step_00200 • [   0% ] waiting      0m06.0s   
step_00250 • [   0% ] waiting      0m36.0s   
step_00300 • [   0% ] waiting      1m06.0s   
step_00350 • [   0% ] waiting      1m36.0s   
step_00400 • [   0% ] waiting      2m06.0s   
step_00450 • [   0% ] waiting      2m36.0s   
step_00500 • [   0% ] waiting      3m06.0s   
step_00550 • [   0% ] waiting      3m36.0s   
step_00600 • [   0% ] waiting      4m06.0s   
step_00650 • [   0% ] waiting      4m36.0s   
step_00700 • [   0% ] waiting      5m06.0s   
step_00750 • [   0% ] waiting      5m36.0s   
step_00800 • [   0% ] waiting      6m06.0s   
step_00850 • [   0% ] waiting      6m36.0s   
step_00900 • [   0% ] waiting      7m06.0s   
step_00950 • [   0% ] waiting      7m36.0s   
step_01000 • [   0% ] waiting      8m06.0s   

running (01m25.0s), 0000/0390 VUs, 8245 complete and 0 interrupted iterations
step_00050 ✓ [ 100% ] 000/020 VUs  30s        50.00 iters/s
step_00100 ✓ [ 100% ] 000/020 VUs  30s        100.00 iters/s
step_00150   [  83% ] 000/030 VUs  25.0s/30s  150.00 iters/s
step_00200 • [   0% ] waiting      0m05.0s   
step_00250 • [   0% ] waiting      0m35.0s   
step_00300 • [   0% ] waiting      1m05.0s   
step_00350 • [   0% ] waiting      1m35.0s   
step_00400 • [   0% ] waiting      2m05.0s   
step_00450 • [   0% ] waiting      2m35.0s   
step_00500 • [   0% ] waiting      3m05.0s   
step_00550 • [   0% ] waiting      3m35.0s   
step_00600 • [   0% ] waiting      4m05.0s   
step_00650 • [   0% ] waiting      4m35.0s   
step_00700 • [   0% ] waiting      5m05.0s   
step_00750 • [   0% ] waiting      5m35.0s   
step_00800 • [   0% ] waiting      6m05.0s   
step_00850 • [   0% ] waiting      6m35.0s   
step_00900 • [   0% ] waiting      7m05.0s   
step_00950 • [   0% ] waiting      7m35.0s   
step_01000 • [   0% ] waiting      8m05.0s   

running (01m26.0s), 0000/0390 VUs, 8395 complete and 0 interrupted iterations
step_00050 ✓ [ 100% ] 000/020 VUs  30s        50.00 iters/s
step_00100 ✓ [ 100% ] 000/020 VUs  30s        100.00 iters/s
step_00150   [  87% ] 000/030 VUs  26.0s/30s  150.00 iters/s
step_00200 • [   0% ] waiting      0m04.0s   
step_00250 • [   0% ] waiting      0m34.0s   
step_00300 • [   0% ] waiting      1m04.0s   
step_00350 • [   0% ] waiting      1m34.0s   
step_00400 • [   0% ] waiting      2m04.0s   
step_00450 • [   0% ] waiting      2m34.0s   
step_00500 • [   0% ] waiting      3m04.0s   
step_00550 • [   0% ] waiting      3m34.0s   
step_00600 • [   0% ] waiting      4m04.0s   
step_00650 • [   0% ] waiting      4m34.0s   
step_00700 • [   0% ] waiting      5m04.0s   
step_00750 • [   0% ] waiting      5m34.0s   
step_00800 • [   0% ] waiting      6m04.0s   
step_00850 • [   0% ] waiting      6m34.0s   
step_00900 • [   0% ] waiting      7m04.0s   
step_00950 • [   0% ] waiting      7m34.0s   
step_01000 • [   0% ] waiting      8m04.0s   

running (01m27.0s), 0000/0390 VUs, 8545 complete and 0 interrupted iterations
step_00050 ✓ [ 100% ] 000/020 VUs  30s        50.00 iters/s
step_00100 ✓ [ 100% ] 000/020 VUs  30s        100.00 iters/s
step_00150   [  90% ] 000/030 VUs  27.0s/30s  150.00 iters/s
step_00200 • [   0% ] waiting      0m03.0s   
step_00250 • [   0% ] waiting      0m33.0s   
step_00300 • [   0% ] waiting      1m03.0s   
step_00350 • [   0% ] waiting      1m33.0s   
step_00400 • [   0% ] waiting      2m03.0s   
step_00450 • [   0% ] waiting      2m33.0s   
step_00500 • [   0% ] waiting      3m03.0s   
step_00550 • [   0% ] waiting      3m33.0s   
step_00600 • [   0% ] waiting      4m03.0s   
step_00650 • [   0% ] waiting      4m33.0s   
step_00700 • [   0% ] waiting      5m03.0s   
step_00750 • [   0% ] waiting      5m33.0s   
step_00800 • [   0% ] waiting      6m03.0s   
step_00850 • [   0% ] waiting      6m33.0s   
step_00900 • [   0% ] waiting      7m03.0s   
step_00950 • [   0% ] waiting      7m33.0s   
step_01000 • [   0% ] waiting      8m03.0s   

running (01m28.0s), 0000/0390 VUs, 8695 complete and 0 interrupted iterations
step_00050 ✓ [ 100% ] 000/020 VUs  30s        50.00 iters/s
step_00100 ✓ [ 100% ] 000/020 VUs  30s        100.00 iters/s
step_00150   [  93% ] 000/030 VUs  28.0s/30s  150.00 iters/s
step_00200 • [   0% ] waiting      0m02.0s   
step_00250 • [   0% ] waiting      0m32.0s   
step_00300 • [   0% ] waiting      1m02.0s   
step_00350 • [   0% ] waiting      1m32.0s   
step_00400 • [   0% ] waiting      2m02.0s   
step_00450 • [   0% ] waiting      2m32.0s   
step_00500 • [   0% ] waiting      3m02.0s   
step_00550 • [   0% ] waiting      3m32.0s   
step_00600 • [   0% ] waiting      4m02.0s   
step_00650 • [   0% ] waiting      4m32.0s   
step_00700 • [   0% ] waiting      5m02.0s   
step_00750 • [   0% ] waiting      5m32.0s   
step_00800 • [   0% ] waiting      6m02.0s   
step_00850 • [   0% ] waiting      6m32.0s   
step_00900 • [   0% ] waiting      7m02.0s   
step_00950 • [   0% ] waiting      7m32.0s   
step_01000 • [   0% ] waiting      8m02.0s   

running (01m29.0s), 0000/0390 VUs, 8845 complete and 0 interrupted iterations
step_00050 ✓ [ 100% ] 000/020 VUs  30s        50.00 iters/s
step_00100 ✓ [ 100% ] 000/020 VUs  30s        100.00 iters/s
step_00150   [  97% ] 000/030 VUs  29.0s/30s  150.00 iters/s
step_00200 • [   0% ] waiting      0m01.0s   
step_00250 • [   0% ] waiting      0m31.0s   
step_00300 • [   0% ] waiting      1m01.0s   
step_00350 • [   0% ] waiting      1m31.0s   
step_00400 • [   0% ] waiting      2m01.0s   
step_00450 • [   0% ] waiting      2m31.0s   
step_00500 • [   0% ] waiting      3m01.0s   
step_00550 • [   0% ] waiting      3m31.0s   
step_00600 • [   0% ] waiting      4m01.0s   
step_00650 • [   0% ] waiting      4m31.0s   
step_00700 • [   0% ] waiting      5m01.0s   
step_00750 • [   0% ] waiting      5m31.0s   
step_00800 • [   0% ] waiting      6m01.0s   
step_00850 • [   0% ] waiting      6m31.0s   
step_00900 • [   0% ] waiting      7m01.0s   
step_00950 • [   0% ] waiting      7m31.0s   
step_01000 • [   0% ] waiting      8m01.0s   

running (01m30.0s), 0000/0390 VUs, 8995 complete and 0 interrupted iterations
step_00050 ✓ [ 100% ] 000/020 VUs  30s        50.00 iters/s
step_00100 ✓ [ 100% ] 000/020 VUs  30s        100.00 iters/s
step_00150   [ 100% ] 000/030 VUs  30.0s/30s  150.00 iters/s
step_00200 • [   0% ] waiting      0m00.0s   
step_00250 • [   0% ] waiting      0m30.0s   
step_00300 • [   0% ] waiting      1m00.0s   
step_00350 • [   0% ] waiting      1m30.0s   
step_00400 • [   0% ] waiting      2m00.0s   
step_00450 • [   0% ] waiting      2m30.0s   
step_00500 • [   0% ] waiting      3m00.0s   
step_00550 • [   0% ] waiting      3m30.0s   
step_00600 • [   0% ] waiting      4m00.0s   
step_00650 • [   0% ] waiting      4m30.0s   
step_00700 • [   0% ] waiting      5m00.0s   
step_00750 • [   0% ] waiting      5m30.0s   
step_00800 • [   0% ] waiting      6m00.0s   
step_00850 • [   0% ] waiting      6m30.0s   
step_00900 • [   0% ] waiting      7m00.0s   
step_00950 • [   0% ] waiting      7m30.0s   
step_01000 • [   0% ] waiting      8m00.0s   

running (01m31.0s), 0001/0390 VUs, 9192 complete and 0 interrupted iterations
step_00050 ✓ [ 100% ] 000/020 VUs  30s        50.00 iters/s
step_00100 ✓ [ 100% ] 000/020 VUs  30s        100.00 iters/s
step_00150 ✓ [ 100% ] 000/030 VUs  30s        150.00 iters/s
step_00200   [   3% ] 001/040 VUs  01.0s/30s  200.00 iters/s
step_00250 • [   0% ] waiting      0m29.0s   
step_00300 • [   0% ] waiting      0m59.0s   
step_00350 • [   0% ] waiting      1m29.0s   
step_00400 • [   0% ] waiting      1m59.0s   
step_00450 • [   0% ] waiting      2m29.0s   
step_00500 • [   0% ] waiting      2m59.0s   
step_00550 • [   0% ] waiting      3m29.0s   
step_00600 • [   0% ] waiting      3m59.0s   
step_00650 • [   0% ] waiting      4m29.0s   
step_00700 • [   0% ] waiting      4m59.0s   
step_00750 • [   0% ] waiting      5m29.0s   
step_00800 • [   0% ] waiting      5m59.0s   
step_00850 • [   0% ] waiting      6m29.0s   
step_00900 • [   0% ] waiting      6m59.0s   
step_00950 • [   0% ] waiting      7m29.0s   
step_01000 • [   0% ] waiting      7m59.0s   

running (01m32.0s), 0001/0390 VUs, 9392 complete and 0 interrupted iterations
step_00050 ✓ [ 100% ] 000/020 VUs  30s        50.00 iters/s
step_00100 ✓ [ 100% ] 000/020 VUs  30s        100.00 iters/s
step_00150 ✓ [ 100% ] 000/030 VUs  30s        150.00 iters/s
step_00200   [   7% ] 001/040 VUs  02.0s/30s  200.00 iters/s
step_00250 • [   0% ] waiting      0m28.0s   
step_00300 • [   0% ] waiting      0m58.0s   
step_00350 • [   0% ] waiting      1m28.0s   
step_00400 • [   0% ] waiting      1m58.0s   
step_00450 • [   0% ] waiting      2m28.0s   
step_00500 • [   0% ] waiting      2m58.0s   
step_00550 • [   0% ] waiting      3m28.0s   
step_00600 • [   0% ] waiting      3m58.0s   
step_00650 • [   0% ] waiting      4m28.0s   
step_00700 • [   0% ] waiting      4m58.0s   
step_00750 • [   0% ] waiting      5m28.0s   
step_00800 • [   0% ] waiting      5m58.0s   
step_00850 • [   0% ] waiting      6m28.0s   
step_00900 • [   0% ] waiting      6m58.0s   
step_00950 • [   0% ] waiting      7m28.0s   
step_01000 • [   0% ] waiting      7m58.0s   

running (01m33.0s), 0001/0390 VUs, 9592 complete and 0 interrupted iterations
step_00050 ✓ [ 100% ] 000/020 VUs  30s        50.00 iters/s
step_00100 ✓ [ 100% ] 000/020 VUs  30s        100.00 iters/s
step_00150 ✓ [ 100% ] 000/030 VUs  30s        150.00 iters/s
step_00200   [  10% ] 001/040 VUs  03.0s/30s  200.00 iters/s
step_00250 • [   0% ] waiting      0m27.0s   
step_00300 • [   0% ] waiting      0m57.0s   
step_00350 • [   0% ] waiting      1m27.0s   
step_00400 • [   0% ] waiting      1m57.0s   
step_00450 • [   0% ] waiting      2m27.0s   
step_00500 • [   0% ] waiting      2m57.0s   
step_00550 • [   0% ] waiting      3m27.0s   
step_00600 • [   0% ] waiting      3m57.0s   
step_00650 • [   0% ] waiting      4m27.0s   
step_00700 • [   0% ] waiting      4m57.0s   
step_00750 • [   0% ] waiting      5m27.0s   
step_00800 • [   0% ] waiting      5m57.0s   
step_00850 • [   0% ] waiting      6m27.0s   
step_00900 • [   0% ] waiting      6m57.0s   
step_00950 • [   0% ] waiting      7m27.0s   
step_01000 • [   0% ] waiting      7m57.0s   

running (01m34.0s), 0001/0390 VUs, 9792 complete and 0 interrupted iterations
step_00050 ✓ [ 100% ] 000/020 VUs  30s        50.00 iters/s
step_00100 ✓ [ 100% ] 000/020 VUs  30s        100.00 iters/s
step_00150 ✓ [ 100% ] 000/030 VUs  30s        150.00 iters/s
step_00200   [  13% ] 001/040 VUs  04.0s/30s  200.00 iters/s
step_00250 • [   0% ] waiting      0m26.0s   
step_00300 • [   0% ] waiting      0m56.0s   
step_00350 • [   0% ] waiting      1m26.0s   
step_00400 • [   0% ] waiting      1m56.0s   
step_00450 • [   0% ] waiting      2m26.0s   
step_00500 • [   0% ] waiting      2m56.0s   
step_00550 • [   0% ] waiting      3m26.0s   
step_00600 • [   0% ] waiting      3m56.0s   
step_00650 • [   0% ] waiting      4m26.0s   
step_00700 • [   0% ] waiting      4m56.0s   
step_00750 • [   0% ] waiting      5m26.0s   
step_00800 • [   0% ] waiting      5m56.0s   
step_00850 • [   0% ] waiting      6m26.0s   
step_00900 • [   0% ] waiting      6m56.0s   
step_00950 • [   0% ] waiting      7m26.0s   
step_01000 • [   0% ] waiting      7m56.0s   

running (01m35.0s), 0001/0390 VUs, 9992 complete and 0 interrupted iterations
step_00050 ✓ [ 100% ] 000/020 VUs  30s        50.00 iters/s
step_00100 ✓ [ 100% ] 000/020 VUs  30s        100.00 iters/s
step_00150 ✓ [ 100% ] 000/030 VUs  30s        150.00 iters/s
step_00200   [  17% ] 001/040 VUs  05.0s/30s  200.00 iters/s
step_00250 • [   0% ] waiting      0m25.0s   
step_00300 • [   0% ] waiting      0m55.0s   
step_00350 • [   0% ] waiting      1m25.0s   
step_00400 • [   0% ] waiting      1m55.0s   
step_00450 • [   0% ] waiting      2m25.0s   
step_00500 • [   0% ] waiting      2m55.0s   
step_00550 • [   0% ] waiting      3m25.0s   
step_00600 • [   0% ] waiting      3m55.0s   
step_00650 • [   0% ] waiting      4m25.0s   
step_00700 • [   0% ] waiting      4m55.0s   
step_00750 • [   0% ] waiting      5m25.0s   
step_00800 • [   0% ] waiting      5m55.0s   
step_00850 • [   0% ] waiting      6m25.0s   
step_00900 • [   0% ] waiting      6m55.0s   
step_00950 • [   0% ] waiting      7m25.0s   
step_01000 • [   0% ] waiting      7m55.0s   

running (01m36.0s), 0001/0390 VUs, 10192 complete and 0 interrupted iterations
step_00050 ✓ [ 100% ] 000/020 VUs  30s        50.00 iters/s
step_00100 ✓ [ 100% ] 000/020 VUs  30s        100.00 iters/s
step_00150 ✓ [ 100% ] 000/030 VUs  30s        150.00 iters/s
step_00200   [  20% ] 001/040 VUs  06.0s/30s  200.00 iters/s
step_00250 • [   0% ] waiting      0m24.0s   
step_00300 • [   0% ] waiting      0m54.0s   
step_00350 • [   0% ] waiting      1m24.0s   
step_00400 • [   0% ] waiting      1m54.0s   
step_00450 • [   0% ] waiting      2m24.0s   
step_00500 • [   0% ] waiting      2m54.0s   
step_00550 • [   0% ] waiting      3m24.0s   
step_00600 • [   0% ] waiting      3m54.0s   
step_00650 • [   0% ] waiting      4m24.0s   
step_00700 • [   0% ] waiting      4m54.0s   
step_00750 • [   0% ] waiting      5m24.0s   
step_00800 • [   0% ] waiting      5m54.0s   
step_00850 • [   0% ] waiting      6m24.0s   
step_00900 • [   0% ] waiting      6m54.0s   
step_00950 • [   0% ] waiting      7m24.0s   
step_01000 • [   0% ] waiting      7m54.0s   

running (01m37.0s), 0001/0390 VUs, 10392 complete and 0 interrupted iterations
step_00050 ✓ [ 100% ] 000/020 VUs  30s        50.00 iters/s
step_00100 ✓ [ 100% ] 000/020 VUs  30s        100.00 iters/s
step_00150 ✓ [ 100% ] 000/030 VUs  30s        150.00 iters/s
step_00200   [  23% ] 001/040 VUs  07.0s/30s  200.00 iters/s
step_00250 • [   0% ] waiting      0m23.0s   
step_00300 • [   0% ] waiting      0m53.0s   
step_00350 • [   0% ] waiting      1m23.0s   
step_00400 • [   0% ] waiting      1m53.0s   
step_00450 • [   0% ] waiting      2m23.0s   
step_00500 • [   0% ] waiting      2m53.0s   
step_00550 • [   0% ] waiting      3m23.0s   
step_00600 • [   0% ] waiting      3m53.0s   
step_00650 • [   0% ] waiting      4m23.0s   
step_00700 • [   0% ] waiting      4m53.0s   
step_00750 • [   0% ] waiting      5m23.0s   
step_00800 • [   0% ] waiting      5m53.0s   
step_00850 • [   0% ] waiting      6m23.0s   
step_00900 • [   0% ] waiting      6m53.0s   
step_00950 • [   0% ] waiting      7m23.0s   
step_01000 • [   0% ] waiting      7m53.0s   

running (01m38.0s), 0001/0390 VUs, 10592 complete and 0 interrupted iterations
step_00050 ✓ [ 100% ] 000/020 VUs  30s        50.00 iters/s
step_00100 ✓ [ 100% ] 000/020 VUs  30s        100.00 iters/s
step_00150 ✓ [ 100% ] 000/030 VUs  30s        150.00 iters/s
step_00200   [  27% ] 001/040 VUs  08.0s/30s  200.00 iters/s
step_00250 • [   0% ] waiting      0m22.0s   
step_00300 • [   0% ] waiting      0m52.0s   
step_00350 • [   0% ] waiting      1m22.0s   
step_00400 • [   0% ] waiting      1m52.0s   
step_00450 • [   0% ] waiting      2m22.0s   
step_00500 • [   0% ] waiting      2m52.0s   
step_00550 • [   0% ] waiting      3m22.0s   
step_00600 • [   0% ] waiting      3m52.0s   
step_00650 • [   0% ] waiting      4m22.0s   
step_00700 • [   0% ] waiting      4m52.0s   
step_00750 • [   0% ] waiting      5m22.0s   
step_00800 • [   0% ] waiting      5m52.0s   
step_00850 • [   0% ] waiting      6m22.0s   
step_00900 • [   0% ] waiting      6m52.0s   
step_00950 • [   0% ] waiting      7m22.0s   
step_01000 • [   0% ] waiting      7m52.0s   

running (01m39.0s), 0001/0390 VUs, 10792 complete and 0 interrupted iterations
step_00050 ✓ [ 100% ] 000/020 VUs  30s        50.00 iters/s
step_00100 ✓ [ 100% ] 000/020 VUs  30s        100.00 iters/s
step_00150 ✓ [ 100% ] 000/030 VUs  30s        150.00 iters/s
step_00200   [  30% ] 001/040 VUs  09.0s/30s  200.00 iters/s
step_00250 • [   0% ] waiting      0m21.0s   
step_00300 • [   0% ] waiting      0m51.0s   
step_00350 • [   0% ] waiting      1m21.0s   
step_00400 • [   0% ] waiting      1m51.0s   
step_00450 • [   0% ] waiting      2m21.0s   
step_00500 • [   0% ] waiting      2m51.0s   
step_00550 • [   0% ] waiting      3m21.0s   
step_00600 • [   0% ] waiting      3m51.0s   
step_00650 • [   0% ] waiting      4m21.0s   
step_00700 • [   0% ] waiting      4m51.0s   
step_00750 • [   0% ] waiting      5m21.0s   
step_00800 • [   0% ] waiting      5m51.0s   
step_00850 • [   0% ] waiting      6m21.0s   
step_00900 • [   0% ] waiting      6m51.0s   
step_00950 • [   0% ] waiting      7m21.0s   
step_01000 • [   0% ] waiting      7m51.0s   

running (01m40.0s), 0001/0390 VUs, 10992 complete and 0 interrupted iterations
step_00050 ✓ [ 100% ] 000/020 VUs  30s        50.00 iters/s
step_00100 ✓ [ 100% ] 000/020 VUs  30s        100.00 iters/s
step_00150 ✓ [ 100% ] 000/030 VUs  30s        150.00 iters/s
step_00200   [  33% ] 001/040 VUs  10.0s/30s  200.00 iters/s
step_00250 • [   0% ] waiting      0m20.0s   
step_00300 • [   0% ] waiting      0m50.0s   
step_00350 • [   0% ] waiting      1m20.0s   
step_00400 • [   0% ] waiting      1m50.0s   
step_00450 • [   0% ] waiting      2m20.0s   
step_00500 • [   0% ] waiting      2m50.0s   
step_00550 • [   0% ] waiting      3m20.0s   
step_00600 • [   0% ] waiting      3m50.0s   
step_00650 • [   0% ] waiting      4m20.0s   
step_00700 • [   0% ] waiting      4m50.0s   
step_00750 • [   0% ] waiting      5m20.0s   
step_00800 • [   0% ] waiting      5m50.0s   
step_00850 • [   0% ] waiting      6m20.0s   
step_00900 • [   0% ] waiting      6m50.0s   
step_00950 • [   0% ] waiting      7m20.0s   
step_01000 • [   0% ] waiting      7m50.0s   

running (01m41.0s), 0001/0390 VUs, 11192 complete and 0 interrupted iterations
step_00050 ✓ [ 100% ] 000/020 VUs  30s        50.00 iters/s
step_00100 ✓ [ 100% ] 000/020 VUs  30s        100.00 iters/s
step_00150 ✓ [ 100% ] 000/030 VUs  30s        150.00 iters/s
step_00200   [  37% ] 001/040 VUs  11.0s/30s  200.00 iters/s
step_00250 • [   0% ] waiting      0m19.0s   
step_00300 • [   0% ] waiting      0m49.0s   
step_00350 • [   0% ] waiting      1m19.0s   
step_00400 • [   0% ] waiting      1m49.0s   
step_00450 • [   0% ] waiting      2m19.0s   
step_00500 • [   0% ] waiting      2m49.0s   
step_00550 • [   0% ] waiting      3m19.0s   
step_00600 • [   0% ] waiting      3m49.0s   
step_00650 • [   0% ] waiting      4m19.0s   
step_00700 • [   0% ] waiting      4m49.0s   
step_00750 • [   0% ] waiting      5m19.0s   
step_00800 • [   0% ] waiting      5m49.0s   
step_00850 • [   0% ] waiting      6m19.0s   
step_00900 • [   0% ] waiting      6m49.0s   
step_00950 • [   0% ] waiting      7m19.0s   
step_01000 • [   0% ] waiting      7m49.0s   

running (01m42.0s), 0001/0390 VUs, 11392 complete and 0 interrupted iterations
step_00050 ✓ [ 100% ] 000/020 VUs  30s        50.00 iters/s
step_00100 ✓ [ 100% ] 000/020 VUs  30s        100.00 iters/s
step_00150 ✓ [ 100% ] 000/030 VUs  30s        150.00 iters/s
step_00200   [  40% ] 001/040 VUs  12.0s/30s  200.00 iters/s
step_00250 • [   0% ] waiting      0m18.0s   
step_00300 • [   0% ] waiting      0m48.0s   
step_00350 • [   0% ] waiting      1m18.0s   
step_00400 • [   0% ] waiting      1m48.0s   
step_00450 • [   0% ] waiting      2m18.0s   
step_00500 • [   0% ] waiting      2m48.0s   
step_00550 • [   0% ] waiting      3m18.0s   
step_00600 • [   0% ] waiting      3m48.0s   
step_00650 • [   0% ] waiting      4m18.0s   
step_00700 • [   0% ] waiting      4m48.0s   
step_00750 • [   0% ] waiting      5m18.0s   
step_00800 • [   0% ] waiting      5m48.0s   
step_00850 • [   0% ] waiting      6m18.0s   
step_00900 • [   0% ] waiting      6m48.0s   
step_00950 • [   0% ] waiting      7m18.0s   
step_01000 • [   0% ] waiting      7m48.0s   

running (01m43.0s), 0002/0390 VUs, 11591 complete and 0 interrupted iterations
step_00050 ✓ [ 100% ] 000/020 VUs  30s        50.00 iters/s
step_00100 ✓ [ 100% ] 000/020 VUs  30s        100.00 iters/s
step_00150 ✓ [ 100% ] 000/030 VUs  30s        150.00 iters/s
step_00200   [  43% ] 002/040 VUs  13.0s/30s  200.00 iters/s
step_00250 • [   0% ] waiting      0m17.0s   
step_00300 • [   0% ] waiting      0m47.0s   
step_00350 • [   0% ] waiting      1m17.0s   
step_00400 • [   0% ] waiting      1m47.0s   
step_00450 • [   0% ] waiting      2m17.0s   
step_00500 • [   0% ] waiting      2m47.0s   
step_00550 • [   0% ] waiting      3m17.0s   
step_00600 • [   0% ] waiting      3m47.0s   
step_00650 • [   0% ] waiting      4m17.0s   
step_00700 • [   0% ] waiting      4m47.0s   
step_00750 • [   0% ] waiting      5m17.0s   
step_00800 • [   0% ] waiting      5m47.0s   
step_00850 • [   0% ] waiting      6m17.0s   
step_00900 • [   0% ] waiting      6m47.0s   
step_00950 • [   0% ] waiting      7m17.0s   
step_01000 • [   0% ] waiting      7m47.0s   

running (01m44.0s), 0001/0390 VUs, 11792 complete and 0 interrupted iterations
step_00050 ✓ [ 100% ] 000/020 VUs  30s        50.00 iters/s
step_00100 ✓ [ 100% ] 000/020 VUs  30s        100.00 iters/s
step_00150 ✓ [ 100% ] 000/030 VUs  30s        150.00 iters/s
step_00200   [  47% ] 001/040 VUs  14.0s/30s  200.00 iters/s
step_00250 • [   0% ] waiting      0m16.0s   
step_00300 • [   0% ] waiting      0m46.0s   
step_00350 • [   0% ] waiting      1m16.0s   
step_00400 • [   0% ] waiting      1m46.0s   
step_00450 • [   0% ] waiting      2m16.0s   
step_00500 • [   0% ] waiting      2m46.0s   
step_00550 • [   0% ] waiting      3m16.0s   
step_00600 • [   0% ] waiting      3m46.0s   
step_00650 • [   0% ] waiting      4m16.0s   
step_00700 • [   0% ] waiting      4m46.0s   
step_00750 • [   0% ] waiting      5m16.0s   
step_00800 • [   0% ] waiting      5m46.0s   
step_00850 • [   0% ] waiting      6m16.0s   
step_00900 • [   0% ] waiting      6m46.0s   
step_00950 • [   0% ] waiting      7m16.0s   
step_01000 • [   0% ] waiting      7m46.0s   

running (01m45.0s), 0001/0390 VUs, 11992 complete and 0 interrupted iterations
step_00050 ✓ [ 100% ] 000/020 VUs  30s        50.00 iters/s
step_00100 ✓ [ 100% ] 000/020 VUs  30s        100.00 iters/s
step_00150 ✓ [ 100% ] 000/030 VUs  30s        150.00 iters/s
step_00200   [  50% ] 001/040 VUs  15.0s/30s  200.00 iters/s
step_00250 • [   0% ] waiting      0m15.0s   
step_00300 • [   0% ] waiting      0m45.0s   
step_00350 • [   0% ] waiting      1m15.0s   
step_00400 • [   0% ] waiting      1m45.0s   
step_00450 • [   0% ] waiting      2m15.0s   
step_00500 • [   0% ] waiting      2m45.0s   
step_00550 • [   0% ] waiting      3m15.0s   
step_00600 • [   0% ] waiting      3m45.0s   
step_00650 • [   0% ] waiting      4m15.0s   
step_00700 • [   0% ] waiting      4m45.0s   
step_00750 • [   0% ] waiting      5m15.0s   
step_00800 • [   0% ] waiting      5m45.0s   
step_00850 • [   0% ] waiting      6m15.0s   
step_00900 • [   0% ] waiting      6m45.0s   
step_00950 • [   0% ] waiting      7m15.0s   
step_01000 • [   0% ] waiting      7m45.0s   

running (01m46.0s), 0001/0390 VUs, 12192 complete and 0 interrupted iterations
step_00050 ✓ [ 100% ] 000/020 VUs  30s        50.00 iters/s
step_00100 ✓ [ 100% ] 000/020 VUs  30s        100.00 iters/s
step_00150 ✓ [ 100% ] 000/030 VUs  30s        150.00 iters/s
step_00200   [  53% ] 001/040 VUs  16.0s/30s  200.00 iters/s
step_00250 • [   0% ] waiting      0m14.0s   
step_00300 • [   0% ] waiting      0m44.0s   
step_00350 • [   0% ] waiting      1m14.0s   
step_00400 • [   0% ] waiting      1m44.0s   
step_00450 • [   0% ] waiting      2m14.0s   
step_00500 • [   0% ] waiting      2m44.0s   
step_00550 • [   0% ] waiting      3m14.0s   
step_00600 • [   0% ] waiting      3m44.0s   
step_00650 • [   0% ] waiting      4m14.0s   
step_00700 • [   0% ] waiting      4m44.0s   
step_00750 • [   0% ] waiting      5m14.0s   
step_00800 • [   0% ] waiting      5m44.0s   
step_00850 • [   0% ] waiting      6m14.0s   
step_00900 • [   0% ] waiting      6m44.0s   
step_00950 • [   0% ] waiting      7m14.0s   
step_01000 • [   0% ] waiting      7m44.0s   

running (01m47.0s), 0001/0390 VUs, 12392 complete and 0 interrupted iterations
step_00050 ✓ [ 100% ] 000/020 VUs  30s        50.00 iters/s
step_00100 ✓ [ 100% ] 000/020 VUs  30s        100.00 iters/s
step_00150 ✓ [ 100% ] 000/030 VUs  30s        150.00 iters/s
step_00200   [  57% ] 001/040 VUs  17.0s/30s  200.00 iters/s
step_00250 • [   0% ] waiting      0m13.0s   
step_00300 • [   0% ] waiting      0m43.0s   
step_00350 • [   0% ] waiting      1m13.0s   
step_00400 • [   0% ] waiting      1m43.0s   
step_00450 • [   0% ] waiting      2m13.0s   
step_00500 • [   0% ] waiting      2m43.0s   
step_00550 • [   0% ] waiting      3m13.0s   
step_00600 • [   0% ] waiting      3m43.0s   
step_00650 • [   0% ] waiting      4m13.0s   
step_00700 • [   0% ] waiting      4m43.0s   
step_00750 • [   0% ] waiting      5m13.0s   
step_00800 • [   0% ] waiting      5m43.0s   
step_00850 • [   0% ] waiting      6m13.0s   
step_00900 • [   0% ] waiting      6m43.0s   
step_00950 • [   0% ] waiting      7m13.0s   
step_01000 • [   0% ] waiting      7m43.0s   

running (01m48.0s), 0001/0390 VUs, 12592 complete and 0 interrupted iterations
step_00050 ✓ [ 100% ] 000/020 VUs  30s        50.00 iters/s
step_00100 ✓ [ 100% ] 000/020 VUs  30s        100.00 iters/s
step_00150 ✓ [ 100% ] 000/030 VUs  30s        150.00 iters/s
step_00200   [  60% ] 001/040 VUs  18.0s/30s  200.00 iters/s
step_00250 • [   0% ] waiting      0m12.0s   
step_00300 • [   0% ] waiting      0m42.0s   
step_00350 • [   0% ] waiting      1m12.0s   
step_00400 • [   0% ] waiting      1m42.0s   
step_00450 • [   0% ] waiting      2m12.0s   
step_00500 • [   0% ] waiting      2m42.0s   
step_00550 • [   0% ] waiting      3m12.0s   
step_00600 • [   0% ] waiting      3m42.0s   
step_00650 • [   0% ] waiting      4m12.0s   
step_00700 • [   0% ] waiting      4m42.0s   
step_00750 • [   0% ] waiting      5m12.0s   
step_00800 • [   0% ] waiting      5m42.0s   
step_00850 • [   0% ] waiting      6m12.0s   
step_00900 • [   0% ] waiting      6m42.0s   
step_00950 • [   0% ] waiting      7m12.0s   
step_01000 • [   0% ] waiting      7m42.0s   

running (01m49.0s), 0001/0390 VUs, 12792 complete and 0 interrupted iterations
step_00050 ✓ [ 100% ] 000/020 VUs  30s        50.00 iters/s
step_00100 ✓ [ 100% ] 000/020 VUs  30s        100.00 iters/s
step_00150 ✓ [ 100% ] 000/030 VUs  30s        150.00 iters/s
step_00200   [  63% ] 001/040 VUs  19.0s/30s  200.00 iters/s
step_00250 • [   0% ] waiting      0m11.0s   
step_00300 • [   0% ] waiting      0m41.0s   
step_00350 • [   0% ] waiting      1m11.0s   
step_00400 • [   0% ] waiting      1m41.0s   
step_00450 • [   0% ] waiting      2m11.0s   
step_00500 • [   0% ] waiting      2m41.0s   
step_00550 • [   0% ] waiting      3m11.0s   
step_00600 • [   0% ] waiting      3m41.0s   
step_00650 • [   0% ] waiting      4m11.0s   
step_00700 • [   0% ] waiting      4m41.0s   
step_00750 • [   0% ] waiting      5m11.0s   
step_00800 • [   0% ] waiting      5m41.0s   
step_00850 • [   0% ] waiting      6m11.0s   
step_00900 • [   0% ] waiting      6m41.0s   
step_00950 • [   0% ] waiting      7m11.0s   
step_01000 • [   0% ] waiting      7m41.0s   

running (01m50.0s), 0001/0390 VUs, 12992 complete and 0 interrupted iterations
step_00050 ✓ [ 100% ] 000/020 VUs  30s        50.00 iters/s
step_00100 ✓ [ 100% ] 000/020 VUs  30s        100.00 iters/s
step_00150 ✓ [ 100% ] 000/030 VUs  30s        150.00 iters/s
step_00200   [  67% ] 001/040 VUs  20.0s/30s  200.00 iters/s
step_00250 • [   0% ] waiting      0m10.0s   
step_00300 • [   0% ] waiting      0m40.0s   
step_00350 • [   0% ] waiting      1m10.0s   
step_00400 • [   0% ] waiting      1m40.0s   
step_00450 • [   0% ] waiting      2m10.0s   
step_00500 • [   0% ] waiting      2m40.0s   
step_00550 • [   0% ] waiting      3m10.0s   
step_00600 • [   0% ] waiting      3m40.0s   
step_00650 • [   0% ] waiting      4m10.0s   
step_00700 • [   0% ] waiting      4m40.0s   
step_00750 • [   0% ] waiting      5m10.0s   
step_00800 • [   0% ] waiting      5m40.0s   
step_00850 • [   0% ] waiting      6m10.0s   
step_00900 • [   0% ] waiting      6m40.0s   
step_00950 • [   0% ] waiting      7m10.0s   
step_01000 • [   0% ] waiting      7m40.0s   

running (01m51.0s), 0001/0390 VUs, 13192 complete and 0 interrupted iterations
step_00050 ✓ [ 100% ] 000/020 VUs  30s        50.00 iters/s
step_00100 ✓ [ 100% ] 000/020 VUs  30s        100.00 iters/s
step_00150 ✓ [ 100% ] 000/030 VUs  30s        150.00 iters/s
step_00200   [  70% ] 001/040 VUs  21.0s/30s  200.00 iters/s
step_00250 • [   0% ] waiting      0m09.0s   
step_00300 • [   0% ] waiting      0m39.0s   
step_00350 • [   0% ] waiting      1m09.0s   
step_00400 • [   0% ] waiting      1m39.0s   
step_00450 • [   0% ] waiting      2m09.0s   
step_00500 • [   0% ] waiting      2m39.0s   
step_00550 • [   0% ] waiting      3m09.0s   
step_00600 • [   0% ] waiting      3m39.0s   
step_00650 • [   0% ] waiting      4m09.0s   
step_00700 • [   0% ] waiting      4m39.0s   
step_00750 • [   0% ] waiting      5m09.0s   
step_00800 • [   0% ] waiting      5m39.0s   
step_00850 • [   0% ] waiting      6m09.0s   
step_00900 • [   0% ] waiting      6m39.0s   
step_00950 • [   0% ] waiting      7m09.0s   
step_01000 • [   0% ] waiting      7m39.0s   

running (01m52.0s), 0001/0390 VUs, 13392 complete and 0 interrupted iterations
step_00050 ✓ [ 100% ] 000/020 VUs  30s        50.00 iters/s
step_00100 ✓ [ 100% ] 000/020 VUs  30s        100.00 iters/s
step_00150 ✓ [ 100% ] 000/030 VUs  30s        150.00 iters/s
step_00200   [  73% ] 001/040 VUs  22.0s/30s  200.00 iters/s
step_00250 • [   0% ] waiting      0m08.0s   
step_00300 • [   0% ] waiting      0m38.0s   
step_00350 • [   0% ] waiting      1m08.0s   
step_00400 • [   0% ] waiting      1m38.0s   
step_00450 • [   0% ] waiting      2m08.0s   
step_00500 • [   0% ] waiting      2m38.0s   
step_00550 • [   0% ] waiting      3m08.0s   
step_00600 • [   0% ] waiting      3m38.0s   
step_00650 • [   0% ] waiting      4m08.0s   
step_00700 • [   0% ] waiting      4m38.0s   
step_00750 • [   0% ] waiting      5m08.0s   
step_00800 • [   0% ] waiting      5m38.0s   
step_00850 • [   0% ] waiting      6m08.0s   
step_00900 • [   0% ] waiting      6m38.0s   
step_00950 • [   0% ] waiting      7m08.0s   
step_01000 • [   0% ] waiting      7m38.0s   

running (01m53.0s), 0002/0390 VUs, 13591 complete and 0 interrupted iterations
step_00050 ✓ [ 100% ] 000/020 VUs  30s        50.00 iters/s
step_00100 ✓ [ 100% ] 000/020 VUs  30s        100.00 iters/s
step_00150 ✓ [ 100% ] 000/030 VUs  30s        150.00 iters/s
step_00200   [  77% ] 002/040 VUs  23.0s/30s  200.00 iters/s
step_00250 • [   0% ] waiting      0m07.0s   
step_00300 • [   0% ] waiting      0m37.0s   
step_00350 • [   0% ] waiting      1m07.0s   
step_00400 • [   0% ] waiting      1m37.0s   
step_00450 • [   0% ] waiting      2m07.0s   
step_00500 • [   0% ] waiting      2m37.0s   
step_00550 • [   0% ] waiting      3m07.0s   
step_00600 • [   0% ] waiting      3m37.0s   
step_00650 • [   0% ] waiting      4m07.0s   
step_00700 • [   0% ] waiting      4m37.0s   
step_00750 • [   0% ] waiting      5m07.0s   
step_00800 • [   0% ] waiting      5m37.0s   
step_00850 • [   0% ] waiting      6m07.0s   
step_00900 • [   0% ] waiting      6m37.0s   
step_00950 • [   0% ] waiting      7m07.0s   
step_01000 • [   0% ] waiting      7m37.0s   

running (01m54.0s), 0001/0390 VUs, 13792 complete and 0 interrupted iterations
step_00050 ✓ [ 100% ] 000/020 VUs  30s        50.00 iters/s
step_00100 ✓ [ 100% ] 000/020 VUs  30s        100.00 iters/s
step_00150 ✓ [ 100% ] 000/030 VUs  30s        150.00 iters/s
step_00200   [  80% ] 001/040 VUs  24.0s/30s  200.00 iters/s
step_00250 • [   0% ] waiting      0m06.0s   
step_00300 • [   0% ] waiting      0m36.0s   
step_00350 • [   0% ] waiting      1m06.0s   
step_00400 • [   0% ] waiting      1m36.0s   
step_00450 • [   0% ] waiting      2m06.0s   
step_00500 • [   0% ] waiting      2m36.0s   
step_00550 • [   0% ] waiting      3m06.0s   
step_00600 • [   0% ] waiting      3m36.0s   
step_00650 • [   0% ] waiting      4m06.0s   
step_00700 • [   0% ] waiting      4m36.0s   
step_00750 • [   0% ] waiting      5m06.0s   
step_00800 • [   0% ] waiting      5m36.0s   
step_00850 • [   0% ] waiting      6m06.0s   
step_00900 • [   0% ] waiting      6m36.0s   
step_00950 • [   0% ] waiting      7m06.0s   
step_01000 • [   0% ] waiting      7m36.0s   

running (01m55.0s), 0001/0390 VUs, 13992 complete and 0 interrupted iterations
step_00050 ✓ [ 100% ] 000/020 VUs  30s        50.00 iters/s
step_00100 ✓ [ 100% ] 000/020 VUs  30s        100.00 iters/s
step_00150 ✓ [ 100% ] 000/030 VUs  30s        150.00 iters/s
step_00200   [  83% ] 001/040 VUs  25.0s/30s  200.00 iters/s
step_00250 • [   0% ] waiting      0m05.0s   
step_00300 • [   0% ] waiting      0m35.0s   
step_00350 • [   0% ] waiting      1m05.0s   
step_00400 • [   0% ] waiting      1m35.0s   
step_00450 • [   0% ] waiting      2m05.0s   
step_00500 • [   0% ] waiting      2m35.0s   
step_00550 • [   0% ] waiting      3m05.0s   
step_00600 • [   0% ] waiting      3m35.0s   
step_00650 • [   0% ] waiting      4m05.0s   
step_00700 • [   0% ] waiting      4m35.0s   
step_00750 • [   0% ] waiting      5m05.0s   
step_00800 • [   0% ] waiting      5m35.0s   
step_00850 • [   0% ] waiting      6m05.0s   
step_00900 • [   0% ] waiting      6m35.0s   
step_00950 • [   0% ] waiting      7m05.0s   
step_01000 • [   0% ] waiting      7m35.0s   

running (01m56.0s), 0001/0390 VUs, 14192 complete and 0 interrupted iterations
step_00050 ✓ [ 100% ] 000/020 VUs  30s        50.00 iters/s
step_00100 ✓ [ 100% ] 000/020 VUs  30s        100.00 iters/s
step_00150 ✓ [ 100% ] 000/030 VUs  30s        150.00 iters/s
step_00200   [  87% ] 001/040 VUs  26.0s/30s  200.00 iters/s
step_00250 • [   0% ] waiting      0m04.0s   
step_00300 • [   0% ] waiting      0m34.0s   
step_00350 • [   0% ] waiting      1m04.0s   
step_00400 • [   0% ] waiting      1m34.0s   
step_00450 • [   0% ] waiting      2m04.0s   
step_00500 • [   0% ] waiting      2m34.0s   
step_00550 • [   0% ] waiting      3m04.0s   
step_00600 • [   0% ] waiting      3m34.0s   
step_00650 • [   0% ] waiting      4m04.0s   
step_00700 • [   0% ] waiting      4m34.0s   
step_00750 • [   0% ] waiting      5m04.0s   
step_00800 • [   0% ] waiting      5m34.0s   
step_00850 • [   0% ] waiting      6m04.0s   
step_00900 • [   0% ] waiting      6m34.0s   
step_00950 • [   0% ] waiting      7m04.0s   
step_01000 • [   0% ] waiting      7m34.0s   

running (01m57.0s), 0001/0390 VUs, 14392 complete and 0 interrupted iterations
step_00050 ✓ [ 100% ] 000/020 VUs  30s        50.00 iters/s
step_00100 ✓ [ 100% ] 000/020 VUs  30s        100.00 iters/s
step_00150 ✓ [ 100% ] 000/030 VUs  30s        150.00 iters/s
step_00200   [  90% ] 001/040 VUs  27.0s/30s  200.00 iters/s
step_00250 • [   0% ] waiting      0m03.0s   
step_00300 • [   0% ] waiting      0m33.0s   
step_00350 • [   0% ] waiting      1m03.0s   
step_00400 • [   0% ] waiting      1m33.0s   
step_00450 • [   0% ] waiting      2m03.0s   
step_00500 • [   0% ] waiting      2m33.0s   
step_00550 • [   0% ] waiting      3m03.0s   
step_00600 • [   0% ] waiting      3m33.0s   
step_00650 • [   0% ] waiting      4m03.0s   
step_00700 • [   0% ] waiting      4m33.0s   
step_00750 • [   0% ] waiting      5m03.0s   
step_00800 • [   0% ] waiting      5m33.0s   
step_00850 • [   0% ] waiting      6m03.0s   
step_00900 • [   0% ] waiting      6m33.0s   
step_00950 • [   0% ] waiting      7m03.0s   
step_01000 • [   0% ] waiting      7m33.0s   

running (01m58.0s), 0001/0390 VUs, 14592 complete and 0 interrupted iterations
step_00050 ✓ [ 100% ] 000/020 VUs  30s        50.00 iters/s
step_00100 ✓ [ 100% ] 000/020 VUs  30s        100.00 iters/s
step_00150 ✓ [ 100% ] 000/030 VUs  30s        150.00 iters/s
step_00200   [  93% ] 001/040 VUs  28.0s/30s  200.00 iters/s
step_00250 • [   0% ] waiting      0m02.0s   
step_00300 • [   0% ] waiting      0m32.0s   
step_00350 • [   0% ] waiting      1m02.0s   
step_00400 • [   0% ] waiting      1m32.0s   
step_00450 • [   0% ] waiting      2m02.0s   
step_00500 • [   0% ] waiting      2m32.0s   
step_00550 • [   0% ] waiting      3m02.0s   
step_00600 • [   0% ] waiting      3m32.0s   
step_00650 • [   0% ] waiting      4m02.0s   
step_00700 • [   0% ] waiting      4m32.0s   
step_00750 • [   0% ] waiting      5m02.0s   
step_00800 • [   0% ] waiting      5m32.0s   
step_00850 • [   0% ] waiting      6m02.0s   
step_00900 • [   0% ] waiting      6m32.0s   
step_00950 • [   0% ] waiting      7m02.0s   
step_01000 • [   0% ] waiting      7m32.0s   

running (01m59.0s), 0001/0390 VUs, 14792 complete and 0 interrupted iterations
step_00050 ✓ [ 100% ] 000/020 VUs  30s        50.00 iters/s
step_00100 ✓ [ 100% ] 000/020 VUs  30s        100.00 iters/s
step_00150 ✓ [ 100% ] 000/030 VUs  30s        150.00 iters/s
step_00200   [  97% ] 001/040 VUs  29.0s/30s  200.00 iters/s
step_00250 • [   0% ] waiting      0m01.0s   
step_00300 • [   0% ] waiting      0m31.0s   
step_00350 • [   0% ] waiting      1m01.0s   
step_00400 • [   0% ] waiting      1m31.0s   
step_00450 • [   0% ] waiting      2m01.0s   
step_00500 • [   0% ] waiting      2m31.0s   
step_00550 • [   0% ] waiting      3m01.0s   
step_00600 • [   0% ] waiting      3m31.0s   
step_00650 • [   0% ] waiting      4m01.0s   
step_00700 • [   0% ] waiting      4m31.0s   
step_00750 • [   0% ] waiting      5m01.0s   
step_00800 • [   0% ] waiting      5m31.0s   
step_00850 • [   0% ] waiting      6m01.0s   
step_00900 • [   0% ] waiting      6m31.0s   
step_00950 • [   0% ] waiting      7m01.0s   
step_01000 • [   0% ] waiting      7m31.0s   

running (02m00.0s), 0001/0390 VUs, 14992 complete and 0 interrupted iterations
step_00050 ✓ [ 100% ] 000/020 VUs  30s        50.00 iters/s
step_00100 ✓ [ 100% ] 000/020 VUs  30s        100.00 iters/s
step_00150 ✓ [ 100% ] 000/030 VUs  30s        150.00 iters/s
step_00200   [ 100% ] 001/040 VUs  30.0s/30s  200.00 iters/s
step_00250 • [   0% ] waiting      0m00.0s   
step_00300 • [   0% ] waiting      0m30.0s   
step_00350 • [   0% ] waiting      1m00.0s   
step_00400 • [   0% ] waiting      1m30.0s   
step_00450 • [   0% ] waiting      2m00.0s   
step_00500 • [   0% ] waiting      2m30.0s   
step_00550 • [   0% ] waiting      3m00.0s   
step_00600 • [   0% ] waiting      3m30.0s   
step_00650 • [   0% ] waiting      4m00.0s   
step_00700 • [   0% ] waiting      4m30.0s   
step_00750 • [   0% ] waiting      5m00.0s   
step_00800 • [   0% ] waiting      5m30.0s   
step_00850 • [   0% ] waiting      6m00.0s   
step_00900 • [   0% ] waiting      6m30.0s   
step_00950 • [   0% ] waiting      7m00.0s   
step_01000 • [   0% ] waiting      7m30.0s   

running (02m01.0s), 0001/0390 VUs, 15240 complete and 0 interrupted iterations
step_00050 ✓ [ 100% ] 000/020 VUs  30s        50.00 iters/s
step_00100 ✓ [ 100% ] 000/020 VUs  30s        100.00 iters/s
step_00150 ✓ [ 100% ] 000/030 VUs  30s        150.00 iters/s
step_00200 ✓ [ 100% ] 000/040 VUs  30s        200.00 iters/s
step_00250   [   3% ] 001/050 VUs  01.0s/30s  250.00 iters/s
step_00300 • [   0% ] waiting      0m29.0s   
step_00350 • [   0% ] waiting      0m59.0s   
step_00400 • [   0% ] waiting      1m29.0s   
step_00450 • [   0% ] waiting      1m59.0s   
step_00500 • [   0% ] waiting      2m29.0s   
step_00550 • [   0% ] waiting      2m59.0s   
step_00600 • [   0% ] waiting      3m29.0s   
step_00650 • [   0% ] waiting      3m59.0s   
step_00700 • [   0% ] waiting      4m29.0s   
step_00750 • [   0% ] waiting      4m59.0s   
step_00800 • [   0% ] waiting      5m29.0s   
step_00850 • [   0% ] waiting      5m59.0s   
step_00900 • [   0% ] waiting      6m29.0s   
step_00950 • [   0% ] waiting      6m59.0s   
step_01000 • [   0% ] waiting      7m29.0s   

running (02m02.0s), 0000/0390 VUs, 15491 complete and 0 interrupted iterations
step_00050 ✓ [ 100% ] 000/020 VUs  30s        50.00 iters/s
step_00100 ✓ [ 100% ] 000/020 VUs  30s        100.00 iters/s
step_00150 ✓ [ 100% ] 000/030 VUs  30s        150.00 iters/s
step_00200 ✓ [ 100% ] 000/040 VUs  30s        200.00 iters/s
step_00250   [   7% ] 000/050 VUs  02.0s/30s  250.00 iters/s
step_00300 • [   0% ] waiting      0m28.0s   
step_00350 • [   0% ] waiting      0m58.0s   
step_00400 • [   0% ] waiting      1m28.0s   
step_00450 • [   0% ] waiting      1m58.0s   
step_00500 • [   0% ] waiting      2m28.0s   
step_00550 • [   0% ] waiting      2m58.0s   
step_00600 • [   0% ] waiting      3m28.0s   
step_00650 • [   0% ] waiting      3m58.0s   
step_00700 • [   0% ] waiting      4m28.0s   
step_00750 • [   0% ] waiting      4m58.0s   
step_00800 • [   0% ] waiting      5m28.0s   
step_00850 • [   0% ] waiting      5m58.0s   
step_00900 • [   0% ] waiting      6m28.0s   
step_00950 • [   0% ] waiting      6m58.0s   
step_01000 • [   0% ] waiting      7m28.0s   

running (02m03.0s), 0001/0390 VUs, 15740 complete and 0 interrupted iterations
step_00050 ✓ [ 100% ] 000/020 VUs  30s        50.00 iters/s
step_00100 ✓ [ 100% ] 000/020 VUs  30s        100.00 iters/s
step_00150 ✓ [ 100% ] 000/030 VUs  30s        150.00 iters/s
step_00200 ✓ [ 100% ] 000/040 VUs  30s        200.00 iters/s
step_00250   [  10% ] 001/050 VUs  03.0s/30s  250.00 iters/s
step_00300 • [   0% ] waiting      0m27.0s   
step_00350 • [   0% ] waiting      0m57.0s   
step_00400 • [   0% ] waiting      1m27.0s   
step_00450 • [   0% ] waiting      1m57.0s   
step_00500 • [   0% ] waiting      2m27.0s   
step_00550 • [   0% ] waiting      2m57.0s   
step_00600 • [   0% ] waiting      3m27.0s   
step_00650 • [   0% ] waiting      3m57.0s   
step_00700 • [   0% ] waiting      4m27.0s   
step_00750 • [   0% ] waiting      4m57.0s   
step_00800 • [   0% ] waiting      5m27.0s   
step_00850 • [   0% ] waiting      5m57.0s   
step_00900 • [   0% ] waiting      6m27.0s   
step_00950 • [   0% ] waiting      6m57.0s   
step_01000 • [   0% ] waiting      7m27.0s   

running (02m04.0s), 0000/0390 VUs, 15991 complete and 0 interrupted iterations
step_00050 ✓ [ 100% ] 000/020 VUs  30s        50.00 iters/s
step_00100 ✓ [ 100% ] 000/020 VUs  30s        100.00 iters/s
step_00150 ✓ [ 100% ] 000/030 VUs  30s        150.00 iters/s
step_00200 ✓ [ 100% ] 000/040 VUs  30s        200.00 iters/s
step_00250   [  13% ] 000/050 VUs  04.0s/30s  250.00 iters/s
step_00300 • [   0% ] waiting      0m26.0s   
step_00350 • [   0% ] waiting      0m56.0s   
step_00400 • [   0% ] waiting      1m26.0s   
step_00450 • [   0% ] waiting      1m56.0s   
step_00500 • [   0% ] waiting      2m26.0s   
step_00550 • [   0% ] waiting      2m56.0s   
step_00600 • [   0% ] waiting      3m26.0s   
step_00650 • [   0% ] waiting      3m56.0s   
step_00700 • [   0% ] waiting      4m26.0s   
step_00750 • [   0% ] waiting      4m56.0s   
step_00800 • [   0% ] waiting      5m26.0s   
step_00850 • [   0% ] waiting      5m56.0s   
step_00900 • [   0% ] waiting      6m26.0s   
step_00950 • [   0% ] waiting      6m56.0s   
step_01000 • [   0% ] waiting      7m26.0s   

running (02m05.0s), 0000/0390 VUs, 16241 complete and 0 interrupted iterations
step_00050 ✓ [ 100% ] 000/020 VUs  30s        50.00 iters/s
step_00100 ✓ [ 100% ] 000/020 VUs  30s        100.00 iters/s
step_00150 ✓ [ 100% ] 000/030 VUs  30s        150.00 iters/s
step_00200 ✓ [ 100% ] 000/040 VUs  30s        200.00 iters/s
step_00250   [  17% ] 000/050 VUs  05.0s/30s  250.00 iters/s
step_00300 • [   0% ] waiting      0m25.0s   
step_00350 • [   0% ] waiting      0m55.0s   
step_00400 • [   0% ] waiting      1m25.0s   
step_00450 • [   0% ] waiting      1m55.0s   
step_00500 • [   0% ] waiting      2m25.0s   
step_00550 • [   0% ] waiting      2m55.0s   
step_00600 • [   0% ] waiting      3m25.0s   
step_00650 • [   0% ] waiting      3m55.0s   
step_00700 • [   0% ] waiting      4m25.0s   
step_00750 • [   0% ] waiting      4m55.0s   
step_00800 • [   0% ] waiting      5m25.0s   
step_00850 • [   0% ] waiting      5m55.0s   
step_00900 • [   0% ] waiting      6m25.0s   
step_00950 • [   0% ] waiting      6m55.0s   
step_01000 • [   0% ] waiting      7m25.0s   

running (02m06.0s), 0000/0390 VUs, 16491 complete and 0 interrupted iterations
step_00050 ✓ [ 100% ] 000/020 VUs  30s        50.00 iters/s
step_00100 ✓ [ 100% ] 000/020 VUs  30s        100.00 iters/s
step_00150 ✓ [ 100% ] 000/030 VUs  30s        150.00 iters/s
step_00200 ✓ [ 100% ] 000/040 VUs  30s        200.00 iters/s
step_00250   [  20% ] 000/050 VUs  06.0s/30s  250.00 iters/s
step_00300 • [   0% ] waiting      0m24.0s   
step_00350 • [   0% ] waiting      0m54.0s   
step_00400 • [   0% ] waiting      1m24.0s   
step_00450 • [   0% ] waiting      1m54.0s   
step_00500 • [   0% ] waiting      2m24.0s   
step_00550 • [   0% ] waiting      2m54.0s   
step_00600 • [   0% ] waiting      3m24.0s   
step_00650 • [   0% ] waiting      3m54.0s   
step_00700 • [   0% ] waiting      4m24.0s   
step_00750 • [   0% ] waiting      4m54.0s   
step_00800 • [   0% ] waiting      5m24.0s   
step_00850 • [   0% ] waiting      5m54.0s   
step_00900 • [   0% ] waiting      6m24.0s   
step_00950 • [   0% ] waiting      6m54.0s   
step_01000 • [   0% ] waiting      7m24.0s   

running (02m07.0s), 0000/0390 VUs, 16741 complete and 0 interrupted iterations
step_00050 ✓ [ 100% ] 000/020 VUs  30s        50.00 iters/s
step_00100 ✓ [ 100% ] 000/020 VUs  30s        100.00 iters/s
step_00150 ✓ [ 100% ] 000/030 VUs  30s        150.00 iters/s
step_00200 ✓ [ 100% ] 000/040 VUs  30s        200.00 iters/s
step_00250   [  23% ] 000/050 VUs  07.0s/30s  250.00 iters/s
step_00300 • [   0% ] waiting      0m23.0s   
step_00350 • [   0% ] waiting      0m53.0s   
step_00400 • [   0% ] waiting      1m23.0s   
step_00450 • [   0% ] waiting      1m53.0s   
step_00500 • [   0% ] waiting      2m23.0s   
step_00550 • [   0% ] waiting      2m53.0s   
step_00600 • [   0% ] waiting      3m23.0s   
step_00650 • [   0% ] waiting      3m53.0s   
step_00700 • [   0% ] waiting      4m23.0s   
step_00750 • [   0% ] waiting      4m53.0s   
step_00800 • [   0% ] waiting      5m23.0s   
step_00850 • [   0% ] waiting      5m53.0s   
step_00900 • [   0% ] waiting      6m23.0s   
step_00950 • [   0% ] waiting      6m53.0s   
step_01000 • [   0% ] waiting      7m23.0s   

running (02m08.0s), 0000/0390 VUs, 16991 complete and 0 interrupted iterations
step_00050 ✓ [ 100% ] 000/020 VUs  30s        50.00 iters/s
step_00100 ✓ [ 100% ] 000/020 VUs  30s        100.00 iters/s
step_00150 ✓ [ 100% ] 000/030 VUs  30s        150.00 iters/s
step_00200 ✓ [ 100% ] 000/040 VUs  30s        200.00 iters/s
step_00250   [  27% ] 000/050 VUs  08.0s/30s  250.00 iters/s
step_00300 • [   0% ] waiting      0m22.0s   
step_00350 • [   0% ] waiting      0m52.0s   
step_00400 • [   0% ] waiting      1m22.0s   
step_00450 • [   0% ] waiting      1m52.0s   
step_00500 • [   0% ] waiting      2m22.0s   
step_00550 • [   0% ] waiting      2m52.0s   
step_00600 • [   0% ] waiting      3m22.0s   
step_00650 • [   0% ] waiting      3m52.0s   
step_00700 • [   0% ] waiting      4m22.0s   
step_00750 • [   0% ] waiting      4m52.0s   
step_00800 • [   0% ] waiting      5m22.0s   
step_00850 • [   0% ] waiting      5m52.0s   
step_00900 • [   0% ] waiting      6m22.0s   
step_00950 • [   0% ] waiting      6m52.0s   
step_01000 • [   0% ] waiting      7m22.0s   

running (02m09.0s), 0000/0390 VUs, 17241 complete and 0 interrupted iterations
step_00050 ✓ [ 100% ] 000/020 VUs  30s        50.00 iters/s
step_00100 ✓ [ 100% ] 000/020 VUs  30s        100.00 iters/s
step_00150 ✓ [ 100% ] 000/030 VUs  30s        150.00 iters/s
step_00200 ✓ [ 100% ] 000/040 VUs  30s        200.00 iters/s
step_00250   [  30% ] 000/050 VUs  09.0s/30s  250.00 iters/s
step_00300 • [   0% ] waiting      0m21.0s   
step_00350 • [   0% ] waiting      0m51.0s   
step_00400 • [   0% ] waiting      1m21.0s   
step_00450 • [   0% ] waiting      1m51.0s   
step_00500 • [   0% ] waiting      2m21.0s   
step_00550 • [   0% ] waiting      2m51.0s   
step_00600 • [   0% ] waiting      3m21.0s   
step_00650 • [   0% ] waiting      3m51.0s   
step_00700 • [   0% ] waiting      4m21.0s   
step_00750 • [   0% ] waiting      4m51.0s   
step_00800 • [   0% ] waiting      5m21.0s   
step_00850 • [   0% ] waiting      5m51.0s   
step_00900 • [   0% ] waiting      6m21.0s   
step_00950 • [   0% ] waiting      6m51.0s   
step_01000 • [   0% ] waiting      7m21.0s   

running (02m10.0s), 0001/0390 VUs, 17490 complete and 0 interrupted iterations
step_00050 ✓ [ 100% ] 000/020 VUs  30s        50.00 iters/s
step_00100 ✓ [ 100% ] 000/020 VUs  30s        100.00 iters/s
step_00150 ✓ [ 100% ] 000/030 VUs  30s        150.00 iters/s
step_00200 ✓ [ 100% ] 000/040 VUs  30s        200.00 iters/s
step_00250   [  33% ] 001/050 VUs  10.0s/30s  250.00 iters/s
step_00300 • [   0% ] waiting      0m20.0s   
step_00350 • [   0% ] waiting      0m50.0s   
step_00400 • [   0% ] waiting      1m20.0s   
step_00450 • [   0% ] waiting      1m50.0s   
step_00500 • [   0% ] waiting      2m20.0s   
step_00550 • [   0% ] waiting      2m50.0s   
step_00600 • [   0% ] waiting      3m20.0s   
step_00650 • [   0% ] waiting      3m50.0s   
step_00700 • [   0% ] waiting      4m20.0s   
step_00750 • [   0% ] waiting      4m50.0s   
step_00800 • [   0% ] waiting      5m20.0s   
step_00850 • [   0% ] waiting      5m50.0s   
step_00900 • [   0% ] waiting      6m20.0s   
step_00950 • [   0% ] waiting      6m50.0s   
step_01000 • [   0% ] waiting      7m20.0s   

running (02m11.0s), 0000/0390 VUs, 17741 complete and 0 interrupted iterations
step_00050 ✓ [ 100% ] 000/020 VUs  30s        50.00 iters/s
step_00100 ✓ [ 100% ] 000/020 VUs  30s        100.00 iters/s
step_00150 ✓ [ 100% ] 000/030 VUs  30s        150.00 iters/s
step_00200 ✓ [ 100% ] 000/040 VUs  30s        200.00 iters/s
step_00250   [  37% ] 000/050 VUs  11.0s/30s  250.00 iters/s
step_00300 • [   0% ] waiting      0m19.0s   
step_00350 • [   0% ] waiting      0m49.0s   
step_00400 • [   0% ] waiting      1m19.0s   
step_00450 • [   0% ] waiting      1m49.0s   
step_00500 • [   0% ] waiting      2m19.0s   
step_00550 • [   0% ] waiting      2m49.0s   
step_00600 • [   0% ] waiting      3m19.0s   
step_00650 • [   0% ] waiting      3m49.0s   
step_00700 • [   0% ] waiting      4m19.0s   
step_00750 • [   0% ] waiting      4m49.0s   
step_00800 • [   0% ] waiting      5m19.0s   
step_00850 • [   0% ] waiting      5m49.0s   
step_00900 • [   0% ] waiting      6m19.0s   
step_00950 • [   0% ] waiting      6m49.0s   
step_01000 • [   0% ] waiting      7m19.0s   

running (02m12.0s), 0001/0390 VUs, 17990 complete and 0 interrupted iterations
step_00050 ✓ [ 100% ] 000/020 VUs  30s        50.00 iters/s
step_00100 ✓ [ 100% ] 000/020 VUs  30s        100.00 iters/s
step_00150 ✓ [ 100% ] 000/030 VUs  30s        150.00 iters/s
step_00200 ✓ [ 100% ] 000/040 VUs  30s        200.00 iters/s
step_00250   [  40% ] 001/050 VUs  12.0s/30s  250.00 iters/s
step_00300 • [   0% ] waiting      0m18.0s   
step_00350 • [   0% ] waiting      0m48.0s   
step_00400 • [   0% ] waiting      1m18.0s   
step_00450 • [   0% ] waiting      1m48.0s   
step_00500 • [   0% ] waiting      2m18.0s   
step_00550 • [   0% ] waiting      2m48.0s   
step_00600 • [   0% ] waiting      3m18.0s   
step_00650 • [   0% ] waiting      3m48.0s   
step_00700 • [   0% ] waiting      4m18.0s   
step_00750 • [   0% ] waiting      4m48.0s   
step_00800 • [   0% ] waiting      5m18.0s   
step_00850 • [   0% ] waiting      5m48.0s   
step_00900 • [   0% ] waiting      6m18.0s   
step_00950 • [   0% ] waiting      6m48.0s   
step_01000 • [   0% ] waiting      7m18.0s   

running (02m13.0s), 0001/0390 VUs, 18240 complete and 0 interrupted iterations
step_00050 ✓ [ 100% ] 000/020 VUs  30s        50.00 iters/s
step_00100 ✓ [ 100% ] 000/020 VUs  30s        100.00 iters/s
step_00150 ✓ [ 100% ] 000/030 VUs  30s        150.00 iters/s
step_00200 ✓ [ 100% ] 000/040 VUs  30s        200.00 iters/s
step_00250   [  43% ] 001/050 VUs  13.0s/30s  250.00 iters/s
step_00300 • [   0% ] waiting      0m17.0s   
step_00350 • [   0% ] waiting      0m47.0s   
step_00400 • [   0% ] waiting      1m17.0s   
step_00450 • [   0% ] waiting      1m47.0s   
step_00500 • [   0% ] waiting      2m17.0s   
step_00550 • [   0% ] waiting      2m47.0s   
step_00600 • [   0% ] waiting      3m17.0s   
step_00650 • [   0% ] waiting      3m47.0s   
step_00700 • [   0% ] waiting      4m17.0s   
step_00750 • [   0% ] waiting      4m47.0s   
step_00800 • [   0% ] waiting      5m17.0s   
step_00850 • [   0% ] waiting      5m47.0s   
step_00900 • [   0% ] waiting      6m17.0s   
step_00950 • [   0% ] waiting      6m47.0s   
step_01000 • [   0% ] waiting      7m17.0s   

running (02m14.0s), 0000/0390 VUs, 18491 complete and 0 interrupted iterations
step_00050 ✓ [ 100% ] 000/020 VUs  30s        50.00 iters/s
step_00100 ✓ [ 100% ] 000/020 VUs  30s        100.00 iters/s
step_00150 ✓ [ 100% ] 000/030 VUs  30s        150.00 iters/s
step_00200 ✓ [ 100% ] 000/040 VUs  30s        200.00 iters/s
step_00250   [  47% ] 000/050 VUs  14.0s/30s  250.00 iters/s
step_00300 • [   0% ] waiting      0m16.0s   
step_00350 • [   0% ] waiting      0m46.0s   
step_00400 • [   0% ] waiting      1m16.0s   
step_00450 • [   0% ] waiting      1m46.0s   
step_00500 • [   0% ] waiting      2m16.0s   
step_00550 • [   0% ] waiting      2m46.0s   
step_00600 • [   0% ] waiting      3m16.0s   
step_00650 • [   0% ] waiting      3m46.0s   
step_00700 • [   0% ] waiting      4m16.0s   
step_00750 • [   0% ] waiting      4m46.0s   
step_00800 • [   0% ] waiting      5m16.0s   
step_00850 • [   0% ] waiting      5m46.0s   
step_00900 • [   0% ] waiting      6m16.0s   
step_00950 • [   0% ] waiting      6m46.0s   
step_01000 • [   0% ] waiting      7m16.0s   

running (02m15.0s), 0004/0390 VUs, 18737 complete and 0 interrupted iterations
step_00050 ✓ [ 100% ] 000/020 VUs  30s        50.00 iters/s
step_00100 ✓ [ 100% ] 000/020 VUs  30s        100.00 iters/s
step_00150 ✓ [ 100% ] 000/030 VUs  30s        150.00 iters/s
step_00200 ✓ [ 100% ] 000/040 VUs  30s        200.00 iters/s
step_00250   [  50% ] 004/050 VUs  15.0s/30s  250.00 iters/s
step_00300 • [   0% ] waiting      0m15.0s   
step_00350 • [   0% ] waiting      0m45.0s   
step_00400 • [   0% ] waiting      1m15.0s   
step_00450 • [   0% ] waiting      1m45.0s   
step_00500 • [   0% ] waiting      2m15.0s   
step_00550 • [   0% ] waiting      2m45.0s   
step_00600 • [   0% ] waiting      3m15.0s   
step_00650 • [   0% ] waiting      3m45.0s   
step_00700 • [   0% ] waiting      4m15.0s   
step_00750 • [   0% ] waiting      4m45.0s   
step_00800 • [   0% ] waiting      5m15.0s   
step_00850 • [   0% ] waiting      5m45.0s   
step_00900 • [   0% ] waiting      6m15.0s   
step_00950 • [   0% ] waiting      6m45.0s   
step_01000 • [   0% ] waiting      7m15.0s   

running (02m16.0s), 0000/0390 VUs, 18991 complete and 0 interrupted iterations
step_00050 ✓ [ 100% ] 000/020 VUs  30s        50.00 iters/s
step_00100 ✓ [ 100% ] 000/020 VUs  30s        100.00 iters/s
step_00150 ✓ [ 100% ] 000/030 VUs  30s        150.00 iters/s
step_00200 ✓ [ 100% ] 000/040 VUs  30s        200.00 iters/s
step_00250   [  53% ] 000/050 VUs  16.0s/30s  250.00 iters/s
step_00300 • [   0% ] waiting      0m14.0s   
step_00350 • [   0% ] waiting      0m44.0s   
step_00400 • [   0% ] waiting      1m14.0s   
step_00450 • [   0% ] waiting      1m44.0s   
step_00500 • [   0% ] waiting      2m14.0s   
step_00550 • [   0% ] waiting      2m44.0s   
step_00600 • [   0% ] waiting      3m14.0s   
step_00650 • [   0% ] waiting      3m44.0s   
step_00700 • [   0% ] waiting      4m14.0s   
step_00750 • [   0% ] waiting      4m44.0s   
step_00800 • [   0% ] waiting      5m14.0s   
step_00850 • [   0% ] waiting      5m44.0s   
step_00900 • [   0% ] waiting      6m14.0s   
step_00950 • [   0% ] waiting      6m44.0s   
step_01000 • [   0% ] waiting      7m14.0s   

running (02m17.0s), 0000/0390 VUs, 19241 complete and 0 interrupted iterations
step_00050 ✓ [ 100% ] 000/020 VUs  30s        50.00 iters/s
step_00100 ✓ [ 100% ] 000/020 VUs  30s        100.00 iters/s
step_00150 ✓ [ 100% ] 000/030 VUs  30s        150.00 iters/s
step_00200 ✓ [ 100% ] 000/040 VUs  30s        200.00 iters/s
step_00250   [  57% ] 000/050 VUs  17.0s/30s  250.00 iters/s
step_00300 • [   0% ] waiting      0m13.0s   
step_00350 • [   0% ] waiting      0m43.0s   
step_00400 • [   0% ] waiting      1m13.0s   
step_00450 • [   0% ] waiting      1m43.0s   
step_00500 • [   0% ] waiting      2m13.0s   
step_00550 • [   0% ] waiting      2m43.0s   
step_00600 • [   0% ] waiting      3m13.0s   
step_00650 • [   0% ] waiting      3m43.0s   
step_00700 • [   0% ] waiting      4m13.0s   
step_00750 • [   0% ] waiting      4m43.0s   
step_00800 • [   0% ] waiting      5m13.0s   
step_00850 • [   0% ] waiting      5m43.0s   
step_00900 • [   0% ] waiting      6m13.0s   
step_00950 • [   0% ] waiting      6m43.0s   
step_01000 • [   0% ] waiting      7m13.0s   

running (02m18.0s), 0000/0390 VUs, 19491 complete and 0 interrupted iterations
step_00050 ✓ [ 100% ] 000/020 VUs  30s        50.00 iters/s
step_00100 ✓ [ 100% ] 000/020 VUs  30s        100.00 iters/s
step_00150 ✓ [ 100% ] 000/030 VUs  30s        150.00 iters/s
step_00200 ✓ [ 100% ] 000/040 VUs  30s        200.00 iters/s
step_00250   [  60% ] 000/050 VUs  18.0s/30s  250.00 iters/s
step_00300 • [   0% ] waiting      0m12.0s   
step_00350 • [   0% ] waiting      0m42.0s   
step_00400 • [   0% ] waiting      1m12.0s   
step_00450 • [   0% ] waiting      1m42.0s   
step_00500 • [   0% ] waiting      2m12.0s   
step_00550 • [   0% ] waiting      2m42.0s   
step_00600 • [   0% ] waiting      3m12.0s   
step_00650 • [   0% ] waiting      3m42.0s   
step_00700 • [   0% ] waiting      4m12.0s   
step_00750 • [   0% ] waiting      4m42.0s   
step_00800 • [   0% ] waiting      5m12.0s   
step_00850 • [   0% ] waiting      5m42.0s   
step_00900 • [   0% ] waiting      6m12.0s   
step_00950 • [   0% ] waiting      6m42.0s   
step_01000 • [   0% ] waiting      7m12.0s   

running (02m19.0s), 0000/0390 VUs, 19741 complete and 0 interrupted iterations
step_00050 ✓ [ 100% ] 000/020 VUs  30s        50.00 iters/s
step_00100 ✓ [ 100% ] 000/020 VUs  30s        100.00 iters/s
step_00150 ✓ [ 100% ] 000/030 VUs  30s        150.00 iters/s
step_00200 ✓ [ 100% ] 000/040 VUs  30s        200.00 iters/s
step_00250   [  63% ] 000/050 VUs  19.0s/30s  250.00 iters/s
step_00300 • [   0% ] waiting      0m11.0s   
step_00350 • [   0% ] waiting      0m41.0s   
step_00400 • [   0% ] waiting      1m11.0s   
step_00450 • [   0% ] waiting      1m41.0s   
step_00500 • [   0% ] waiting      2m11.0s   
step_00550 • [   0% ] waiting      2m41.0s   
step_00600 • [   0% ] waiting      3m11.0s   
step_00650 • [   0% ] waiting      3m41.0s   
step_00700 • [   0% ] waiting      4m11.0s   
step_00750 • [   0% ] waiting      4m41.0s   
step_00800 • [   0% ] waiting      5m11.0s   
step_00850 • [   0% ] waiting      5m41.0s   
step_00900 • [   0% ] waiting      6m11.0s   
step_00950 • [   0% ] waiting      6m41.0s   
step_01000 • [   0% ] waiting      7m11.0s   

running (02m20.0s), 0000/0390 VUs, 19991 complete and 0 interrupted iterations
step_00050 ✓ [ 100% ] 000/020 VUs  30s        50.00 iters/s
step_00100 ✓ [ 100% ] 000/020 VUs  30s        100.00 iters/s
step_00150 ✓ [ 100% ] 000/030 VUs  30s        150.00 iters/s
step_00200 ✓ [ 100% ] 000/040 VUs  30s        200.00 iters/s
step_00250   [  67% ] 000/050 VUs  20.0s/30s  250.00 iters/s
step_00300 • [   0% ] waiting      0m10.0s   
step_00350 • [   0% ] waiting      0m40.0s   
step_00400 • [   0% ] waiting      1m10.0s   
step_00450 • [   0% ] waiting      1m40.0s   
step_00500 • [   0% ] waiting      2m10.0s   
step_00550 • [   0% ] waiting      2m40.0s   
step_00600 • [   0% ] waiting      3m10.0s   
step_00650 • [   0% ] waiting      3m40.0s   
step_00700 • [   0% ] waiting      4m10.0s   
step_00750 • [   0% ] waiting      4m40.0s   
step_00800 • [   0% ] waiting      5m10.0s   
step_00850 • [   0% ] waiting      5m40.0s   
step_00900 • [   0% ] waiting      6m10.0s   
step_00950 • [   0% ] waiting      6m40.0s   
step_01000 • [   0% ] waiting      7m10.0s   

running (02m21.0s), 0000/0390 VUs, 20241 complete and 0 interrupted iterations
step_00050 ✓ [ 100% ] 000/020 VUs  30s        50.00 iters/s
step_00100 ✓ [ 100% ] 000/020 VUs  30s        100.00 iters/s
step_00150 ✓ [ 100% ] 000/030 VUs  30s        150.00 iters/s
step_00200 ✓ [ 100% ] 000/040 VUs  30s        200.00 iters/s
step_00250   [  70% ] 000/050 VUs  21.0s/30s  250.00 iters/s
step_00300 • [   0% ] waiting      0m09.0s   
step_00350 • [   0% ] waiting      0m39.0s   
step_00400 • [   0% ] waiting      1m09.0s   
step_00450 • [   0% ] waiting      1m39.0s   
step_00500 • [   0% ] waiting      2m09.0s   
step_00550 • [   0% ] waiting      2m39.0s   
step_00600 • [   0% ] waiting      3m09.0s   
step_00650 • [   0% ] waiting      3m39.0s   
step_00700 • [   0% ] waiting      4m09.0s   
step_00750 • [   0% ] waiting      4m39.0s   
step_00800 • [   0% ] waiting      5m09.0s   
step_00850 • [   0% ] waiting      5m39.0s   
step_00900 • [   0% ] waiting      6m09.0s   
step_00950 • [   0% ] waiting      6m39.0s   
step_01000 • [   0% ] waiting      7m09.0s   

running (02m22.0s), 0000/0390 VUs, 20491 complete and 0 interrupted iterations
step_00050 ✓ [ 100% ] 000/020 VUs  30s        50.00 iters/s
step_00100 ✓ [ 100% ] 000/020 VUs  30s        100.00 iters/s
step_00150 ✓ [ 100% ] 000/030 VUs  30s        150.00 iters/s
step_00200 ✓ [ 100% ] 000/040 VUs  30s        200.00 iters/s
step_00250   [  73% ] 000/050 VUs  22.0s/30s  250.00 iters/s
step_00300 • [   0% ] waiting      0m08.0s   
step_00350 • [   0% ] waiting      0m38.0s   
step_00400 • [   0% ] waiting      1m08.0s   
step_00450 • [   0% ] waiting      1m38.0s   
step_00500 • [   0% ] waiting      2m08.0s   
step_00550 • [   0% ] waiting      2m38.0s   
step_00600 • [   0% ] waiting      3m08.0s   
step_00650 • [   0% ] waiting      3m38.0s   
step_00700 • [   0% ] waiting      4m08.0s   
step_00750 • [   0% ] waiting      4m38.0s   
step_00800 • [   0% ] waiting      5m08.0s   
step_00850 • [   0% ] waiting      5m38.0s   
step_00900 • [   0% ] waiting      6m08.0s   
step_00950 • [   0% ] waiting      6m38.0s   
step_01000 • [   0% ] waiting      7m08.0s   

running (02m23.0s), 0001/0390 VUs, 20740 complete and 0 interrupted iterations
step_00050 ✓ [ 100% ] 000/020 VUs  30s        50.00 iters/s
step_00100 ✓ [ 100% ] 000/020 VUs  30s        100.00 iters/s
step_00150 ✓ [ 100% ] 000/030 VUs  30s        150.00 iters/s
step_00200 ✓ [ 100% ] 000/040 VUs  30s        200.00 iters/s
step_00250   [  77% ] 001/050 VUs  23.0s/30s  250.00 iters/s
step_00300 • [   0% ] waiting      0m07.0s   
step_00350 • [   0% ] waiting      0m37.0s   
step_00400 • [   0% ] waiting      1m07.0s   
step_00450 • [   0% ] waiting      1m37.0s   
step_00500 • [   0% ] waiting      2m07.0s   
step_00550 • [   0% ] waiting      2m37.0s   
step_00600 • [   0% ] waiting      3m07.0s   
step_00650 • [   0% ] waiting      3m37.0s   
step_00700 • [   0% ] waiting      4m07.0s   
step_00750 • [   0% ] waiting      4m37.0s   
step_00800 • [   0% ] waiting      5m07.0s   
step_00850 • [   0% ] waiting      5m37.0s   
step_00900 • [   0% ] waiting      6m07.0s   
step_00950 • [   0% ] waiting      6m37.0s   
step_01000 • [   0% ] waiting      7m07.0s   

running (02m24.0s), 0000/0390 VUs, 20991 complete and 0 interrupted iterations
step_00050 ✓ [ 100% ] 000/020 VUs  30s        50.00 iters/s
step_00100 ✓ [ 100% ] 000/020 VUs  30s        100.00 iters/s
step_00150 ✓ [ 100% ] 000/030 VUs  30s        150.00 iters/s
step_00200 ✓ [ 100% ] 000/040 VUs  30s        200.00 iters/s
step_00250   [  80% ] 000/050 VUs  24.0s/30s  250.00 iters/s
step_00300 • [   0% ] waiting      0m06.0s   
step_00350 • [   0% ] waiting      0m36.0s   
step_00400 • [   0% ] waiting      1m06.0s   
step_00450 • [   0% ] waiting      1m36.0s   
step_00500 • [   0% ] waiting      2m06.0s   
step_00550 • [   0% ] waiting      2m36.0s   
step_00600 • [   0% ] waiting      3m06.0s   
step_00650 • [   0% ] waiting      3m36.0s   
step_00700 • [   0% ] waiting      4m06.0s   
step_00750 • [   0% ] waiting      4m36.0s   
step_00800 • [   0% ] waiting      5m06.0s   
step_00850 • [   0% ] waiting      5m36.0s   
step_00900 • [   0% ] waiting      6m06.0s   
step_00950 • [   0% ] waiting      6m36.0s   
step_01000 • [   0% ] waiting      7m06.0s   

running (02m25.0s), 0000/0390 VUs, 21241 complete and 0 interrupted iterations
step_00050 ✓ [ 100% ] 000/020 VUs  30s        50.00 iters/s
step_00100 ✓ [ 100% ] 000/020 VUs  30s        100.00 iters/s
step_00150 ✓ [ 100% ] 000/030 VUs  30s        150.00 iters/s
step_00200 ✓ [ 100% ] 000/040 VUs  30s        200.00 iters/s
step_00250   [  83% ] 000/050 VUs  25.0s/30s  250.00 iters/s
step_00300 • [   0% ] waiting      0m05.0s   
step_00350 • [   0% ] waiting      0m35.0s   
step_00400 • [   0% ] waiting      1m05.0s   
step_00450 • [   0% ] waiting      1m35.0s   
step_00500 • [   0% ] waiting      2m05.0s   
step_00550 • [   0% ] waiting      2m35.0s   
step_00600 • [   0% ] waiting      3m05.0s   
step_00650 • [   0% ] waiting      3m35.0s   
step_00700 • [   0% ] waiting      4m05.0s   
step_00750 • [   0% ] waiting      4m35.0s   
step_00800 • [   0% ] waiting      5m05.0s   
step_00850 • [   0% ] waiting      5m35.0s   
step_00900 • [   0% ] waiting      6m05.0s   
step_00950 • [   0% ] waiting      6m35.0s   
step_01000 • [   0% ] waiting      7m05.0s   

running (02m26.0s), 0000/0390 VUs, 21491 complete and 0 interrupted iterations
step_00050 ✓ [ 100% ] 000/020 VUs  30s        50.00 iters/s
step_00100 ✓ [ 100% ] 000/020 VUs  30s        100.00 iters/s
step_00150 ✓ [ 100% ] 000/030 VUs  30s        150.00 iters/s
step_00200 ✓ [ 100% ] 000/040 VUs  30s        200.00 iters/s
step_00250   [  87% ] 000/050 VUs  26.0s/30s  250.00 iters/s
step_00300 • [   0% ] waiting      0m04.0s   
step_00350 • [   0% ] waiting      0m34.0s   
step_00400 • [   0% ] waiting      1m04.0s   
step_00450 • [   0% ] waiting      1m34.0s   
step_00500 • [   0% ] waiting      2m04.0s   
step_00550 • [   0% ] waiting      2m34.0s   
step_00600 • [   0% ] waiting      3m04.0s   
step_00650 • [   0% ] waiting      3m34.0s   
step_00700 • [   0% ] waiting      4m04.0s   
step_00750 • [   0% ] waiting      4m34.0s   
step_00800 • [   0% ] waiting      5m04.0s   
step_00850 • [   0% ] waiting      5m34.0s   
step_00900 • [   0% ] waiting      6m04.0s   
step_00950 • [   0% ] waiting      6m34.0s   
step_01000 • [   0% ] waiting      7m04.0s   

running (02m27.0s), 0000/0390 VUs, 21741 complete and 0 interrupted iterations
step_00050 ✓ [ 100% ] 000/020 VUs  30s        50.00 iters/s
step_00100 ✓ [ 100% ] 000/020 VUs  30s        100.00 iters/s
step_00150 ✓ [ 100% ] 000/030 VUs  30s        150.00 iters/s
step_00200 ✓ [ 100% ] 000/040 VUs  30s        200.00 iters/s
step_00250   [  90% ] 000/050 VUs  27.0s/30s  250.00 iters/s
step_00300 • [   0% ] waiting      0m03.0s   
step_00350 • [   0% ] waiting      0m33.0s   
step_00400 • [   0% ] waiting      1m03.0s   
step_00450 • [   0% ] waiting      1m33.0s   
step_00500 • [   0% ] waiting      2m03.0s   
step_00550 • [   0% ] waiting      2m33.0s   
step_00600 • [   0% ] waiting      3m03.0s   
step_00650 • [   0% ] waiting      3m33.0s   
step_00700 • [   0% ] waiting      4m03.0s   
step_00750 • [   0% ] waiting      4m33.0s   
step_00800 • [   0% ] waiting      5m03.0s   
step_00850 • [   0% ] waiting      5m33.0s   
step_00900 • [   0% ] waiting      6m03.0s   
step_00950 • [   0% ] waiting      6m33.0s   
step_01000 • [   0% ] waiting      7m03.0s   

running (02m28.0s), 0000/0390 VUs, 21991 complete and 0 interrupted iterations
step_00050 ✓ [ 100% ] 000/020 VUs  30s        50.00 iters/s
step_00100 ✓ [ 100% ] 000/020 VUs  30s        100.00 iters/s
step_00150 ✓ [ 100% ] 000/030 VUs  30s        150.00 iters/s
step_00200 ✓ [ 100% ] 000/040 VUs  30s        200.00 iters/s
step_00250   [  93% ] 000/050 VUs  28.0s/30s  250.00 iters/s
step_00300 • [   0% ] waiting      0m02.0s   
step_00350 • [   0% ] waiting      0m32.0s   
step_00400 • [   0% ] waiting      1m02.0s   
step_00450 • [   0% ] waiting      1m32.0s   
step_00500 • [   0% ] waiting      2m02.0s   
step_00550 • [   0% ] waiting      2m32.0s   
step_00600 • [   0% ] waiting      3m02.0s   
step_00650 • [   0% ] waiting      3m32.0s   
step_00700 • [   0% ] waiting      4m02.0s   
step_00750 • [   0% ] waiting      4m32.0s   
step_00800 • [   0% ] waiting      5m02.0s   
step_00850 • [   0% ] waiting      5m32.0s   
step_00900 • [   0% ] waiting      6m02.0s   
step_00950 • [   0% ] waiting      6m32.0s   
step_01000 • [   0% ] waiting      7m02.0s   

running (02m29.0s), 0000/0390 VUs, 22241 complete and 0 interrupted iterations
step_00050 ✓ [ 100% ] 000/020 VUs  30s        50.00 iters/s
step_00100 ✓ [ 100% ] 000/020 VUs  30s        100.00 iters/s
step_00150 ✓ [ 100% ] 000/030 VUs  30s        150.00 iters/s
step_00200 ✓ [ 100% ] 000/040 VUs  30s        200.00 iters/s
step_00250   [  97% ] 000/050 VUs  29.0s/30s  250.00 iters/s
step_00300 • [   0% ] waiting      0m01.0s   
step_00350 • [   0% ] waiting      0m31.0s   
step_00400 • [   0% ] waiting      1m01.0s   
step_00450 • [   0% ] waiting      1m31.0s   
step_00500 • [   0% ] waiting      2m01.0s   
step_00550 • [   0% ] waiting      2m31.0s   
step_00600 • [   0% ] waiting      3m01.0s   
step_00650 • [   0% ] waiting      3m31.0s   
step_00700 • [   0% ] waiting      4m01.0s   
step_00750 • [   0% ] waiting      4m31.0s   
step_00800 • [   0% ] waiting      5m01.0s   
step_00850 • [   0% ] waiting      5m31.0s   
step_00900 • [   0% ] waiting      6m01.0s   
step_00950 • [   0% ] waiting      6m31.0s   
step_01000 • [   0% ] waiting      7m01.0s   

running (02m30.0s), 0000/0390 VUs, 22491 complete and 0 interrupted iterations
step_00050 ✓ [ 100% ] 000/020 VUs  30s        50.00 iters/s
step_00100 ✓ [ 100% ] 000/020 VUs  30s        100.00 iters/s
step_00150 ✓ [ 100% ] 000/030 VUs  30s        150.00 iters/s
step_00200 ✓ [ 100% ] 000/040 VUs  30s        200.00 iters/s
step_00250   [ 100% ] 000/050 VUs  30.0s/30s  250.00 iters/s
step_00300 • [   0% ] waiting      0m00.0s   
step_00350 • [   0% ] waiting      0m30.0s   
step_00400 • [   0% ] waiting      1m00.0s   
step_00450 • [   0% ] waiting      1m30.0s   
step_00500 • [   0% ] waiting      2m00.0s   
step_00550 • [   0% ] waiting      2m30.0s   
step_00600 • [   0% ] waiting      3m00.0s   
step_00650 • [   0% ] waiting      3m30.0s   
step_00700 • [   0% ] waiting      4m00.0s   
step_00750 • [   0% ] waiting      4m30.0s   
step_00800 • [   0% ] waiting      5m00.0s   
step_00850 • [   0% ] waiting      5m30.0s   
step_00900 • [   0% ] waiting      6m00.0s   
step_00950 • [   0% ] waiting      6m30.0s   
step_01000 • [   0% ] waiting      7m00.0s   

running (02m31.0s), 0001/0390 VUs, 22789 complete and 0 interrupted iterations
step_00050 ✓ [ 100% ] 000/020 VUs  30s        50.00 iters/s
step_00100 ✓ [ 100% ] 000/020 VUs  30s        100.00 iters/s
step_00150 ✓ [ 100% ] 000/030 VUs  30s        150.00 iters/s
step_00200 ✓ [ 100% ] 000/040 VUs  30s        200.00 iters/s
step_00250 ✓ [ 100% ] 000/050 VUs  30s        250.00 iters/s
step_00300   [   3% ] 001/060 VUs  01.0s/30s  300.00 iters/s
step_00350 • [   0% ] waiting      0m29.0s   
step_00400 • [   0% ] waiting      0m59.0s   
step_00450 • [   0% ] waiting      1m29.0s   
step_00500 • [   0% ] waiting      1m59.0s   
step_00550 • [   0% ] waiting      2m29.0s   
step_00600 • [   0% ] waiting      2m59.0s   
step_00650 • [   0% ] waiting      3m29.0s   
step_00700 • [   0% ] waiting      3m59.0s   
step_00750 • [   0% ] waiting      4m29.0s   
step_00800 • [   0% ] waiting      4m59.0s   
step_00850 • [   0% ] waiting      5m29.0s   
step_00900 • [   0% ] waiting      5m59.0s   
step_00950 • [   0% ] waiting      6m29.0s   
step_01000 • [   0% ] waiting      6m59.0s   

running (02m32.0s), 0001/0390 VUs, 23089 complete and 0 interrupted iterations
step_00050 ✓ [ 100% ] 000/020 VUs  30s        50.00 iters/s
step_00100 ✓ [ 100% ] 000/020 VUs  30s        100.00 iters/s
step_00150 ✓ [ 100% ] 000/030 VUs  30s        150.00 iters/s
step_00200 ✓ [ 100% ] 000/040 VUs  30s        200.00 iters/s
step_00250 ✓ [ 100% ] 000/050 VUs  30s        250.00 iters/s
step_00300   [   7% ] 001/060 VUs  02.0s/30s  300.00 iters/s
step_00350 • [   0% ] waiting      0m28.0s   
step_00400 • [   0% ] waiting      0m58.0s   
step_00450 • [   0% ] waiting      1m28.0s   
step_00500 • [   0% ] waiting      1m58.0s   
step_00550 • [   0% ] waiting      2m28.0s   
step_00600 • [   0% ] waiting      2m58.0s   
step_00650 • [   0% ] waiting      3m28.0s   
step_00700 • [   0% ] waiting      3m58.0s   
step_00750 • [   0% ] waiting      4m28.0s   
step_00800 • [   0% ] waiting      4m58.0s   
step_00850 • [   0% ] waiting      5m28.0s   
step_00900 • [   0% ] waiting      5m58.0s   
step_00950 • [   0% ] waiting      6m28.0s   
step_01000 • [   0% ] waiting      6m58.0s   

running (02m33.0s), 0001/0390 VUs, 23389 complete and 0 interrupted iterations
step_00050 ✓ [ 100% ] 000/020 VUs  30s        50.00 iters/s
step_00100 ✓ [ 100% ] 000/020 VUs  30s        100.00 iters/s
step_00150 ✓ [ 100% ] 000/030 VUs  30s        150.00 iters/s
step_00200 ✓ [ 100% ] 000/040 VUs  30s        200.00 iters/s
step_00250 ✓ [ 100% ] 000/050 VUs  30s        250.00 iters/s
step_00300   [  10% ] 001/060 VUs  03.0s/30s  300.00 iters/s
step_00350 • [   0% ] waiting      0m27.0s   
step_00400 • [   0% ] waiting      0m57.0s   
step_00450 • [   0% ] waiting      1m27.0s   
step_00500 • [   0% ] waiting      1m57.0s   
step_00550 • [   0% ] waiting      2m27.0s   
step_00600 • [   0% ] waiting      2m57.0s   
step_00650 • [   0% ] waiting      3m27.0s   
step_00700 • [   0% ] waiting      3m57.0s   
step_00750 • [   0% ] waiting      4m27.0s   
step_00800 • [   0% ] waiting      4m57.0s   
step_00850 • [   0% ] waiting      5m27.0s   
step_00900 • [   0% ] waiting      5m57.0s   
step_00950 • [   0% ] waiting      6m27.0s   
step_01000 • [   0% ] waiting      6m57.0s   

running (02m34.0s), 0001/0390 VUs, 23689 complete and 0 interrupted iterations
step_00050 ✓ [ 100% ] 000/020 VUs  30s        50.00 iters/s
step_00100 ✓ [ 100% ] 000/020 VUs  30s        100.00 iters/s
step_00150 ✓ [ 100% ] 000/030 VUs  30s        150.00 iters/s
step_00200 ✓ [ 100% ] 000/040 VUs  30s        200.00 iters/s
step_00250 ✓ [ 100% ] 000/050 VUs  30s        250.00 iters/s
step_00300   [  13% ] 001/060 VUs  04.0s/30s  300.00 iters/s
step_00350 • [   0% ] waiting      0m26.0s   
step_00400 • [   0% ] waiting      0m56.0s   
step_00450 • [   0% ] waiting      1m26.0s   
step_00500 • [   0% ] waiting      1m56.0s   
step_00550 • [   0% ] waiting      2m26.0s   
step_00600 • [   0% ] waiting      2m56.0s   
step_00650 • [   0% ] waiting      3m26.0s   
step_00700 • [   0% ] waiting      3m56.0s   
step_00750 • [   0% ] waiting      4m26.0s   
step_00800 • [   0% ] waiting      4m56.0s   
step_00850 • [   0% ] waiting      5m26.0s   
step_00900 • [   0% ] waiting      5m56.0s   
step_00950 • [   0% ] waiting      6m26.0s   
step_01000 • [   0% ] waiting      6m56.0s   

running (02m35.0s), 0001/0390 VUs, 23989 complete and 0 interrupted iterations
step_00050 ✓ [ 100% ] 000/020 VUs  30s        50.00 iters/s
step_00100 ✓ [ 100% ] 000/020 VUs  30s        100.00 iters/s
step_00150 ✓ [ 100% ] 000/030 VUs  30s        150.00 iters/s
step_00200 ✓ [ 100% ] 000/040 VUs  30s        200.00 iters/s
step_00250 ✓ [ 100% ] 000/050 VUs  30s        250.00 iters/s
step_00300   [  17% ] 001/060 VUs  05.0s/30s  300.00 iters/s
step_00350 • [   0% ] waiting      0m25.0s   
step_00400 • [   0% ] waiting      0m55.0s   
step_00450 • [   0% ] waiting      1m25.0s   
step_00500 • [   0% ] waiting      1m55.0s   
step_00550 • [   0% ] waiting      2m25.0s   
step_00600 • [   0% ] waiting      2m55.0s   
step_00650 • [   0% ] waiting      3m25.0s   
step_00700 • [   0% ] waiting      3m55.0s   
step_00750 • [   0% ] waiting      4m25.0s   
step_00800 • [   0% ] waiting      4m55.0s   
step_00850 • [   0% ] waiting      5m25.0s   
step_00900 • [   0% ] waiting      5m55.0s   
step_00950 • [   0% ] waiting      6m25.0s   
step_01000 • [   0% ] waiting      6m55.0s   

running (02m36.0s), 0001/0390 VUs, 24289 complete and 0 interrupted iterations
step_00050 ✓ [ 100% ] 000/020 VUs  30s        50.00 iters/s
step_00100 ✓ [ 100% ] 000/020 VUs  30s        100.00 iters/s
step_00150 ✓ [ 100% ] 000/030 VUs  30s        150.00 iters/s
step_00200 ✓ [ 100% ] 000/040 VUs  30s        200.00 iters/s
step_00250 ✓ [ 100% ] 000/050 VUs  30s        250.00 iters/s
step_00300   [  20% ] 001/060 VUs  06.0s/30s  300.00 iters/s
step_00350 • [   0% ] waiting      0m24.0s   
step_00400 • [   0% ] waiting      0m54.0s   
step_00450 • [   0% ] waiting      1m24.0s   
step_00500 • [   0% ] waiting      1m54.0s   
step_00550 • [   0% ] waiting      2m24.0s   
step_00600 • [   0% ] waiting      2m54.0s   
step_00650 • [   0% ] waiting      3m24.0s   
step_00700 • [   0% ] waiting      3m54.0s   
step_00750 • [   0% ] waiting      4m24.0s   
step_00800 • [   0% ] waiting      4m54.0s   
step_00850 • [   0% ] waiting      5m24.0s   
step_00900 • [   0% ] waiting      5m54.0s   
step_00950 • [   0% ] waiting      6m24.0s   
step_01000 • [   0% ] waiting      6m54.0s   

running (02m37.0s), 0001/0390 VUs, 24589 complete and 0 interrupted iterations
step_00050 ✓ [ 100% ] 000/020 VUs  30s        50.00 iters/s
step_00100 ✓ [ 100% ] 000/020 VUs  30s        100.00 iters/s
step_00150 ✓ [ 100% ] 000/030 VUs  30s        150.00 iters/s
step_00200 ✓ [ 100% ] 000/040 VUs  30s        200.00 iters/s
step_00250 ✓ [ 100% ] 000/050 VUs  30s        250.00 iters/s
step_00300   [  23% ] 001/060 VUs  07.0s/30s  300.00 iters/s
step_00350 • [   0% ] waiting      0m23.0s   
step_00400 • [   0% ] waiting      0m53.0s   
step_00450 • [   0% ] waiting      1m23.0s   
step_00500 • [   0% ] waiting      1m53.0s   
step_00550 • [   0% ] waiting      2m23.0s   
step_00600 • [   0% ] waiting      2m53.0s   
step_00650 • [   0% ] waiting      3m23.0s   
step_00700 • [   0% ] waiting      3m53.0s   
step_00750 • [   0% ] waiting      4m23.0s   
step_00800 • [   0% ] waiting      4m53.0s   
step_00850 • [   0% ] waiting      5m23.0s   
step_00900 • [   0% ] waiting      5m53.0s   
step_00950 • [   0% ] waiting      6m23.0s   
step_01000 • [   0% ] waiting      6m53.0s   

running (02m38.0s), 0001/0390 VUs, 24889 complete and 0 interrupted iterations
step_00050 ✓ [ 100% ] 000/020 VUs  30s        50.00 iters/s
step_00100 ✓ [ 100% ] 000/020 VUs  30s        100.00 iters/s
step_00150 ✓ [ 100% ] 000/030 VUs  30s        150.00 iters/s
step_00200 ✓ [ 100% ] 000/040 VUs  30s        200.00 iters/s
step_00250 ✓ [ 100% ] 000/050 VUs  30s        250.00 iters/s
step_00300   [  27% ] 001/060 VUs  08.0s/30s  300.00 iters/s
step_00350 • [   0% ] waiting      0m22.0s   
step_00400 • [   0% ] waiting      0m52.0s   
step_00450 • [   0% ] waiting      1m22.0s   
step_00500 • [   0% ] waiting      1m52.0s   
step_00550 • [   0% ] waiting      2m22.0s   
step_00600 • [   0% ] waiting      2m52.0s   
step_00650 • [   0% ] waiting      3m22.0s   
step_00700 • [   0% ] waiting      3m52.0s   
step_00750 • [   0% ] waiting      4m22.0s   
step_00800 • [   0% ] waiting      4m52.0s   
step_00850 • [   0% ] waiting      5m22.0s   
step_00900 • [   0% ] waiting      5m52.0s   
step_00950 • [   0% ] waiting      6m22.0s   
step_01000 • [   0% ] waiting      6m52.0s   

running (02m39.0s), 0001/0390 VUs, 25189 complete and 0 interrupted iterations
step_00050 ✓ [ 100% ] 000/020 VUs  30s        50.00 iters/s
step_00100 ✓ [ 100% ] 000/020 VUs  30s        100.00 iters/s
step_00150 ✓ [ 100% ] 000/030 VUs  30s        150.00 iters/s
step_00200 ✓ [ 100% ] 000/040 VUs  30s        200.00 iters/s
step_00250 ✓ [ 100% ] 000/050 VUs  30s        250.00 iters/s
step_00300   [  30% ] 001/060 VUs  09.0s/30s  300.00 iters/s
step_00350 • [   0% ] waiting      0m21.0s   
step_00400 • [   0% ] waiting      0m51.0s   
step_00450 • [   0% ] waiting      1m21.0s   
step_00500 • [   0% ] waiting      1m51.0s   
step_00550 • [   0% ] waiting      2m21.0s   
step_00600 • [   0% ] waiting      2m51.0s   
step_00650 • [   0% ] waiting      3m21.0s   
step_00700 • [   0% ] waiting      3m51.0s   
step_00750 • [   0% ] waiting      4m21.0s   
step_00800 • [   0% ] waiting      4m51.0s   
step_00850 • [   0% ] waiting      5m21.0s   
step_00900 • [   0% ] waiting      5m51.0s   
step_00950 • [   0% ] waiting      6m21.0s   
step_01000 • [   0% ] waiting      6m51.0s   

running (02m40.0s), 0001/0390 VUs, 25489 complete and 0 interrupted iterations
step_00050 ✓ [ 100% ] 000/020 VUs  30s        50.00 iters/s
step_00100 ✓ [ 100% ] 000/020 VUs  30s        100.00 iters/s
step_00150 ✓ [ 100% ] 000/030 VUs  30s        150.00 iters/s
step_00200 ✓ [ 100% ] 000/040 VUs  30s        200.00 iters/s
step_00250 ✓ [ 100% ] 000/050 VUs  30s        250.00 iters/s
step_00300   [  33% ] 001/060 VUs  10.0s/30s  300.00 iters/s
step_00350 • [   0% ] waiting      0m20.0s   
step_00400 • [   0% ] waiting      0m50.0s   
step_00450 • [   0% ] waiting      1m20.0s   
step_00500 • [   0% ] waiting      1m50.0s   
step_00550 • [   0% ] waiting      2m20.0s   
step_00600 • [   0% ] waiting      2m50.0s   
step_00650 • [   0% ] waiting      3m20.0s   
step_00700 • [   0% ] waiting      3m50.0s   
step_00750 • [   0% ] waiting      4m20.0s   
step_00800 • [   0% ] waiting      4m50.0s   
step_00850 • [   0% ] waiting      5m20.0s   
step_00900 • [   0% ] waiting      5m50.0s   
step_00950 • [   0% ] waiting      6m20.0s   
step_01000 • [   0% ] waiting      6m50.0s   

running (02m41.0s), 0001/0390 VUs, 25789 complete and 0 interrupted iterations
step_00050 ✓ [ 100% ] 000/020 VUs  30s        50.00 iters/s
step_00100 ✓ [ 100% ] 000/020 VUs  30s        100.00 iters/s
step_00150 ✓ [ 100% ] 000/030 VUs  30s        150.00 iters/s
step_00200 ✓ [ 100% ] 000/040 VUs  30s        200.00 iters/s
step_00250 ✓ [ 100% ] 000/050 VUs  30s        250.00 iters/s
step_00300   [  37% ] 001/060 VUs  11.0s/30s  300.00 iters/s
step_00350 • [   0% ] waiting      0m19.0s   
step_00400 • [   0% ] waiting      0m49.0s   
step_00450 • [   0% ] waiting      1m19.0s   
step_00500 • [   0% ] waiting      1m49.0s   
step_00550 • [   0% ] waiting      2m19.0s   
step_00600 • [   0% ] waiting      2m49.0s   
step_00650 • [   0% ] waiting      3m19.0s   
step_00700 • [   0% ] waiting      3m49.0s   
step_00750 • [   0% ] waiting      4m19.0s   
step_00800 • [   0% ] waiting      4m49.0s   
step_00850 • [   0% ] waiting      5m19.0s   
step_00900 • [   0% ] waiting      5m49.0s   
step_00950 • [   0% ] waiting      6m19.0s   
step_01000 • [   0% ] waiting      6m49.0s   

running (02m42.0s), 0001/0390 VUs, 26089 complete and 0 interrupted iterations
step_00050 ✓ [ 100% ] 000/020 VUs  30s        50.00 iters/s
step_00100 ✓ [ 100% ] 000/020 VUs  30s        100.00 iters/s
step_00150 ✓ [ 100% ] 000/030 VUs  30s        150.00 iters/s
step_00200 ✓ [ 100% ] 000/040 VUs  30s        200.00 iters/s
step_00250 ✓ [ 100% ] 000/050 VUs  30s        250.00 iters/s
step_00300   [  40% ] 001/060 VUs  12.0s/30s  300.00 iters/s
step_00350 • [   0% ] waiting      0m18.0s   
step_00400 • [   0% ] waiting      0m48.0s   
step_00450 • [   0% ] waiting      1m18.0s   
step_00500 • [   0% ] waiting      1m48.0s   
step_00550 • [   0% ] waiting      2m18.0s   
step_00600 • [   0% ] waiting      2m48.0s   
step_00650 • [   0% ] waiting      3m18.0s   
step_00700 • [   0% ] waiting      3m48.0s   
step_00750 • [   0% ] waiting      4m18.0s   
step_00800 • [   0% ] waiting      4m48.0s   
step_00850 • [   0% ] waiting      5m18.0s   
step_00900 • [   0% ] waiting      5m48.0s   
step_00950 • [   0% ] waiting      6m18.0s   
step_01000 • [   0% ] waiting      6m48.0s   

running (02m43.0s), 0001/0390 VUs, 26389 complete and 0 interrupted iterations
step_00050 ✓ [ 100% ] 000/020 VUs  30s        50.00 iters/s
step_00100 ✓ [ 100% ] 000/020 VUs  30s        100.00 iters/s
step_00150 ✓ [ 100% ] 000/030 VUs  30s        150.00 iters/s
step_00200 ✓ [ 100% ] 000/040 VUs  30s        200.00 iters/s
step_00250 ✓ [ 100% ] 000/050 VUs  30s        250.00 iters/s
step_00300   [  43% ] 001/060 VUs  13.0s/30s  300.00 iters/s
step_00350 • [   0% ] waiting      0m17.0s   
step_00400 • [   0% ] waiting      0m47.0s   
step_00450 • [   0% ] waiting      1m17.0s   
step_00500 • [   0% ] waiting      1m47.0s   
step_00550 • [   0% ] waiting      2m17.0s   
step_00600 • [   0% ] waiting      2m47.0s   
step_00650 • [   0% ] waiting      3m17.0s   
step_00700 • [   0% ] waiting      3m47.0s   
step_00750 • [   0% ] waiting      4m17.0s   
step_00800 • [   0% ] waiting      4m47.0s   
step_00850 • [   0% ] waiting      5m17.0s   
step_00900 • [   0% ] waiting      5m47.0s   
step_00950 • [   0% ] waiting      6m17.0s   
step_01000 • [   0% ] waiting      6m47.0s   

running (02m44.0s), 0001/0390 VUs, 26689 complete and 0 interrupted iterations
step_00050 ✓ [ 100% ] 000/020 VUs  30s        50.00 iters/s
step_00100 ✓ [ 100% ] 000/020 VUs  30s        100.00 iters/s
step_00150 ✓ [ 100% ] 000/030 VUs  30s        150.00 iters/s
step_00200 ✓ [ 100% ] 000/040 VUs  30s        200.00 iters/s
step_00250 ✓ [ 100% ] 000/050 VUs  30s        250.00 iters/s
step_00300   [  47% ] 001/060 VUs  14.0s/30s  300.00 iters/s
step_00350 • [   0% ] waiting      0m16.0s   
step_00400 • [   0% ] waiting      0m46.0s   
step_00450 • [   0% ] waiting      1m16.0s   
step_00500 • [   0% ] waiting      1m46.0s   
step_00550 • [   0% ] waiting      2m16.0s   
step_00600 • [   0% ] waiting      2m46.0s   
step_00650 • [   0% ] waiting      3m16.0s   
step_00700 • [   0% ] waiting      3m46.0s   
step_00750 • [   0% ] waiting      4m16.0s   
step_00800 • [   0% ] waiting      4m46.0s   
step_00850 • [   0% ] waiting      5m16.0s   
step_00900 • [   0% ] waiting      5m46.0s   
step_00950 • [   0% ] waiting      6m16.0s   
step_01000 • [   0% ] waiting      6m46.0s   

running (02m45.0s), 0001/0390 VUs, 26989 complete and 0 interrupted iterations
step_00050 ✓ [ 100% ] 000/020 VUs  30s        50.00 iters/s
step_00100 ✓ [ 100% ] 000/020 VUs  30s        100.00 iters/s
step_00150 ✓ [ 100% ] 000/030 VUs  30s        150.00 iters/s
step_00200 ✓ [ 100% ] 000/040 VUs  30s        200.00 iters/s
step_00250 ✓ [ 100% ] 000/050 VUs  30s        250.00 iters/s
step_00300   [  50% ] 001/060 VUs  15.0s/30s  300.00 iters/s
step_00350 • [   0% ] waiting      0m15.0s   
step_00400 • [   0% ] waiting      0m45.0s   
step_00450 • [   0% ] waiting      1m15.0s   
step_00500 • [   0% ] waiting      1m45.0s   
step_00550 • [   0% ] waiting      2m15.0s   
step_00600 • [   0% ] waiting      2m45.0s   
step_00650 • [   0% ] waiting      3m15.0s   
step_00700 • [   0% ] waiting      3m45.0s   
step_00750 • [   0% ] waiting      4m15.0s   
step_00800 • [   0% ] waiting      4m45.0s   
step_00850 • [   0% ] waiting      5m15.0s   
step_00900 • [   0% ] waiting      5m45.0s   
step_00950 • [   0% ] waiting      6m15.0s   
step_01000 • [   0% ] waiting      6m45.0s   

running (02m46.0s), 0001/0390 VUs, 27289 complete and 0 interrupted iterations
step_00050 ✓ [ 100% ] 000/020 VUs  30s        50.00 iters/s
step_00100 ✓ [ 100% ] 000/020 VUs  30s        100.00 iters/s
step_00150 ✓ [ 100% ] 000/030 VUs  30s        150.00 iters/s
step_00200 ✓ [ 100% ] 000/040 VUs  30s        200.00 iters/s
step_00250 ✓ [ 100% ] 000/050 VUs  30s        250.00 iters/s
step_00300   [  53% ] 001/060 VUs  16.0s/30s  300.00 iters/s
step_00350 • [   0% ] waiting      0m14.0s   
step_00400 • [   0% ] waiting      0m44.0s   
step_00450 • [   0% ] waiting      1m14.0s   
step_00500 • [   0% ] waiting      1m44.0s   
step_00550 • [   0% ] waiting      2m14.0s   
step_00600 • [   0% ] waiting      2m44.0s   
step_00650 • [   0% ] waiting      3m14.0s   
step_00700 • [   0% ] waiting      3m44.0s   
step_00750 • [   0% ] waiting      4m14.0s   
step_00800 • [   0% ] waiting      4m44.0s   
step_00850 • [   0% ] waiting      5m14.0s   
step_00900 • [   0% ] waiting      5m44.0s   
step_00950 • [   0% ] waiting      6m14.0s   
step_01000 • [   0% ] waiting      6m44.0s   

running (02m47.0s), 0001/0390 VUs, 27589 complete and 0 interrupted iterations
step_00050 ✓ [ 100% ] 000/020 VUs  30s        50.00 iters/s
step_00100 ✓ [ 100% ] 000/020 VUs  30s        100.00 iters/s
step_00150 ✓ [ 100% ] 000/030 VUs  30s        150.00 iters/s
step_00200 ✓ [ 100% ] 000/040 VUs  30s        200.00 iters/s
step_00250 ✓ [ 100% ] 000/050 VUs  30s        250.00 iters/s
step_00300   [  57% ] 001/060 VUs  17.0s/30s  300.00 iters/s
step_00350 • [   0% ] waiting      0m13.0s   
step_00400 • [   0% ] waiting      0m43.0s   
step_00450 • [   0% ] waiting      1m13.0s   
step_00500 • [   0% ] waiting      1m43.0s   
step_00550 • [   0% ] waiting      2m13.0s   
step_00600 • [   0% ] waiting      2m43.0s   
step_00650 • [   0% ] waiting      3m13.0s   
step_00700 • [   0% ] waiting      3m43.0s   
step_00750 • [   0% ] waiting      4m13.0s   
step_00800 • [   0% ] waiting      4m43.0s   
step_00850 • [   0% ] waiting      5m13.0s   
step_00900 • [   0% ] waiting      5m43.0s   
step_00950 • [   0% ] waiting      6m13.0s   
step_01000 • [   0% ] waiting      6m43.0s   

running (02m48.0s), 0001/0390 VUs, 27889 complete and 0 interrupted iterations
step_00050 ✓ [ 100% ] 000/020 VUs  30s        50.00 iters/s
step_00100 ✓ [ 100% ] 000/020 VUs  30s        100.00 iters/s
step_00150 ✓ [ 100% ] 000/030 VUs  30s        150.00 iters/s
step_00200 ✓ [ 100% ] 000/040 VUs  30s        200.00 iters/s
step_00250 ✓ [ 100% ] 000/050 VUs  30s        250.00 iters/s
step_00300   [  60% ] 001/060 VUs  18.0s/30s  300.00 iters/s
step_00350 • [   0% ] waiting      0m12.0s   
step_00400 • [   0% ] waiting      0m42.0s   
step_00450 • [   0% ] waiting      1m12.0s   
step_00500 • [   0% ] waiting      1m42.0s   
step_00550 • [   0% ] waiting      2m12.0s   
step_00600 • [   0% ] waiting      2m42.0s   
step_00650 • [   0% ] waiting      3m12.0s   
step_00700 • [   0% ] waiting      3m42.0s   
step_00750 • [   0% ] waiting      4m12.0s   
step_00800 • [   0% ] waiting      4m42.0s   
step_00850 • [   0% ] waiting      5m12.0s   
step_00900 • [   0% ] waiting      5m42.0s   
step_00950 • [   0% ] waiting      6m12.0s   
step_01000 • [   0% ] waiting      6m42.0s   

running (02m49.0s), 0001/0390 VUs, 28189 complete and 0 interrupted iterations
step_00050 ✓ [ 100% ] 000/020 VUs  30s        50.00 iters/s
step_00100 ✓ [ 100% ] 000/020 VUs  30s        100.00 iters/s
step_00150 ✓ [ 100% ] 000/030 VUs  30s        150.00 iters/s
step_00200 ✓ [ 100% ] 000/040 VUs  30s        200.00 iters/s
step_00250 ✓ [ 100% ] 000/050 VUs  30s        250.00 iters/s
step_00300   [  63% ] 001/060 VUs  19.0s/30s  300.00 iters/s
step_00350 • [   0% ] waiting      0m11.0s   
step_00400 • [   0% ] waiting      0m41.0s   
step_00450 • [   0% ] waiting      1m11.0s   
step_00500 • [   0% ] waiting      1m41.0s   
step_00550 • [   0% ] waiting      2m11.0s   
step_00600 • [   0% ] waiting      2m41.0s   
step_00650 • [   0% ] waiting      3m11.0s   
step_00700 • [   0% ] waiting      3m41.0s   
step_00750 • [   0% ] waiting      4m11.0s   
step_00800 • [   0% ] waiting      4m41.0s   
step_00850 • [   0% ] waiting      5m11.0s   
step_00900 • [   0% ] waiting      5m41.0s   
step_00950 • [   0% ] waiting      6m11.0s   
step_01000 • [   0% ] waiting      6m41.0s   

running (02m50.0s), 0001/0390 VUs, 28489 complete and 0 interrupted iterations
step_00050 ✓ [ 100% ] 000/020 VUs  30s        50.00 iters/s
step_00100 ✓ [ 100% ] 000/020 VUs  30s        100.00 iters/s
step_00150 ✓ [ 100% ] 000/030 VUs  30s        150.00 iters/s
step_00200 ✓ [ 100% ] 000/040 VUs  30s        200.00 iters/s
step_00250 ✓ [ 100% ] 000/050 VUs  30s        250.00 iters/s
step_00300   [  67% ] 001/060 VUs  20.0s/30s  300.00 iters/s
step_00350 • [   0% ] waiting      0m10.0s   
step_00400 • [   0% ] waiting      0m40.0s   
step_00450 • [   0% ] waiting      1m10.0s   
step_00500 • [   0% ] waiting      1m40.0s   
step_00550 • [   0% ] waiting      2m10.0s   
step_00600 • [   0% ] waiting      2m40.0s   
step_00650 • [   0% ] waiting      3m10.0s   
step_00700 • [   0% ] waiting      3m40.0s   
step_00750 • [   0% ] waiting      4m10.0s   
step_00800 • [   0% ] waiting      4m40.0s   
step_00850 • [   0% ] waiting      5m10.0s   
step_00900 • [   0% ] waiting      5m40.0s   
step_00950 • [   0% ] waiting      6m10.0s   
step_01000 • [   0% ] waiting      6m40.0s   

running (02m51.0s), 0001/0390 VUs, 28789 complete and 0 interrupted iterations
step_00050 ✓ [ 100% ] 000/020 VUs  30s        50.00 iters/s
step_00100 ✓ [ 100% ] 000/020 VUs  30s        100.00 iters/s
step_00150 ✓ [ 100% ] 000/030 VUs  30s        150.00 iters/s
step_00200 ✓ [ 100% ] 000/040 VUs  30s        200.00 iters/s
step_00250 ✓ [ 100% ] 000/050 VUs  30s        250.00 iters/s
step_00300   [  70% ] 001/060 VUs  21.0s/30s  300.00 iters/s
step_00350 • [   0% ] waiting      0m09.0s   
step_00400 • [   0% ] waiting      0m39.0s   
step_00450 • [   0% ] waiting      1m09.0s   
step_00500 • [   0% ] waiting      1m39.0s   
step_00550 • [   0% ] waiting      2m09.0s   
step_00600 • [   0% ] waiting      2m39.0s   
step_00650 • [   0% ] waiting      3m09.0s   
step_00700 • [   0% ] waiting      3m39.0s   
step_00750 • [   0% ] waiting      4m09.0s   
step_00800 • [   0% ] waiting      4m39.0s   
step_00850 • [   0% ] waiting      5m09.0s   
step_00900 • [   0% ] waiting      5m39.0s   
step_00950 • [   0% ] waiting      6m09.0s   
step_01000 • [   0% ] waiting      6m39.0s   

running (02m52.0s), 0001/0390 VUs, 29089 complete and 0 interrupted iterations
step_00050 ✓ [ 100% ] 000/020 VUs  30s        50.00 iters/s
step_00100 ✓ [ 100% ] 000/020 VUs  30s        100.00 iters/s
step_00150 ✓ [ 100% ] 000/030 VUs  30s        150.00 iters/s
step_00200 ✓ [ 100% ] 000/040 VUs  30s        200.00 iters/s
step_00250 ✓ [ 100% ] 000/050 VUs  30s        250.00 iters/s
step_00300   [  73% ] 001/060 VUs  22.0s/30s  300.00 iters/s
step_00350 • [   0% ] waiting      0m08.0s   
step_00400 • [   0% ] waiting      0m38.0s   
step_00450 • [   0% ] waiting      1m08.0s   
step_00500 • [   0% ] waiting      1m38.0s   
step_00550 • [   0% ] waiting      2m08.0s   
step_00600 • [   0% ] waiting      2m38.0s   
step_00650 • [   0% ] waiting      3m08.0s   
step_00700 • [   0% ] waiting      3m38.0s   
step_00750 • [   0% ] waiting      4m08.0s   
step_00800 • [   0% ] waiting      4m38.0s   
step_00850 • [   0% ] waiting      5m08.0s   
step_00900 • [   0% ] waiting      5m38.0s   
step_00950 • [   0% ] waiting      6m08.0s   
step_01000 • [   0% ] waiting      6m38.0s   

running (02m53.0s), 0001/0390 VUs, 29389 complete and 0 interrupted iterations
step_00050 ✓ [ 100% ] 000/020 VUs  30s        50.00 iters/s
step_00100 ✓ [ 100% ] 000/020 VUs  30s        100.00 iters/s
step_00150 ✓ [ 100% ] 000/030 VUs  30s        150.00 iters/s
step_00200 ✓ [ 100% ] 000/040 VUs  30s        200.00 iters/s
step_00250 ✓ [ 100% ] 000/050 VUs  30s        250.00 iters/s
step_00300   [  77% ] 001/060 VUs  23.0s/30s  300.00 iters/s
step_00350 • [   0% ] waiting      0m07.0s   
step_00400 • [   0% ] waiting      0m37.0s   
step_00450 • [   0% ] waiting      1m07.0s   
step_00500 • [   0% ] waiting      1m37.0s   
step_00550 • [   0% ] waiting      2m07.0s   
step_00600 • [   0% ] waiting      2m37.0s   
step_00650 • [   0% ] waiting      3m07.0s   
step_00700 • [   0% ] waiting      3m37.0s   
step_00750 • [   0% ] waiting      4m07.0s   
step_00800 • [   0% ] waiting      4m37.0s   
step_00850 • [   0% ] waiting      5m07.0s   
step_00900 • [   0% ] waiting      5m37.0s   
step_00950 • [   0% ] waiting      6m07.0s   
step_01000 • [   0% ] waiting      6m37.0s   

running (02m54.0s), 0001/0390 VUs, 29689 complete and 0 interrupted iterations
step_00050 ✓ [ 100% ] 000/020 VUs  30s        50.00 iters/s
step_00100 ✓ [ 100% ] 000/020 VUs  30s        100.00 iters/s
step_00150 ✓ [ 100% ] 000/030 VUs  30s        150.00 iters/s
step_00200 ✓ [ 100% ] 000/040 VUs  30s        200.00 iters/s
step_00250 ✓ [ 100% ] 000/050 VUs  30s        250.00 iters/s
step_00300   [  80% ] 001/060 VUs  24.0s/30s  300.00 iters/s
step_00350 • [   0% ] waiting      0m06.0s   
step_00400 • [   0% ] waiting      0m36.0s   
step_00450 • [   0% ] waiting      1m06.0s   
step_00500 • [   0% ] waiting      1m36.0s   
step_00550 • [   0% ] waiting      2m06.0s   
step_00600 • [   0% ] waiting      2m36.0s   
step_00650 • [   0% ] waiting      3m06.0s   
step_00700 • [   0% ] waiting      3m36.0s   
step_00750 • [   0% ] waiting      4m06.0s   
step_00800 • [   0% ] waiting      4m36.0s   
step_00850 • [   0% ] waiting      5m06.0s   
step_00900 • [   0% ] waiting      5m36.0s   
step_00950 • [   0% ] waiting      6m06.0s   
step_01000 • [   0% ] waiting      6m36.0s   

running (02m55.0s), 0001/0390 VUs, 29989 complete and 0 interrupted iterations
step_00050 ✓ [ 100% ] 000/020 VUs  30s        50.00 iters/s
step_00100 ✓ [ 100% ] 000/020 VUs  30s        100.00 iters/s
step_00150 ✓ [ 100% ] 000/030 VUs  30s        150.00 iters/s
step_00200 ✓ [ 100% ] 000/040 VUs  30s        200.00 iters/s
step_00250 ✓ [ 100% ] 000/050 VUs  30s        250.00 iters/s
step_00300   [  83% ] 001/060 VUs  25.0s/30s  300.00 iters/s
step_00350 • [   0% ] waiting      0m05.0s   
step_00400 • [   0% ] waiting      0m35.0s   
step_00450 • [   0% ] waiting      1m05.0s   
step_00500 • [   0% ] waiting      1m35.0s   
step_00550 • [   0% ] waiting      2m05.0s   
step_00600 • [   0% ] waiting      2m35.0s   
step_00650 • [   0% ] waiting      3m05.0s   
step_00700 • [   0% ] waiting      3m35.0s   
step_00750 • [   0% ] waiting      4m05.0s   
step_00800 • [   0% ] waiting      4m35.0s   
step_00850 • [   0% ] waiting      5m05.0s   
step_00900 • [   0% ] waiting      5m35.0s   
step_00950 • [   0% ] waiting      6m05.0s   
step_01000 • [   0% ] waiting      6m35.0s   

running (02m56.0s), 0001/0390 VUs, 30289 complete and 0 interrupted iterations
step_00050 ✓ [ 100% ] 000/020 VUs  30s        50.00 iters/s
step_00100 ✓ [ 100% ] 000/020 VUs  30s        100.00 iters/s
step_00150 ✓ [ 100% ] 000/030 VUs  30s        150.00 iters/s
step_00200 ✓ [ 100% ] 000/040 VUs  30s        200.00 iters/s
step_00250 ✓ [ 100% ] 000/050 VUs  30s        250.00 iters/s
step_00300   [  87% ] 001/060 VUs  26.0s/30s  300.00 iters/s
step_00350 • [   0% ] waiting      0m04.0s   
step_00400 • [   0% ] waiting      0m34.0s   
step_00450 • [   0% ] waiting      1m04.0s   
step_00500 • [   0% ] waiting      1m34.0s   
step_00550 • [   0% ] waiting      2m04.0s   
step_00600 • [   0% ] waiting      2m34.0s   
step_00650 • [   0% ] waiting      3m04.0s   
step_00700 • [   0% ] waiting      3m34.0s   
step_00750 • [   0% ] waiting      4m04.0s   
step_00800 • [   0% ] waiting      4m34.0s   
step_00850 • [   0% ] waiting      5m04.0s   
step_00900 • [   0% ] waiting      5m34.0s   
step_00950 • [   0% ] waiting      6m04.0s   
step_01000 • [   0% ] waiting      6m34.0s   

running (02m57.0s), 0001/0390 VUs, 30589 complete and 0 interrupted iterations
step_00050 ✓ [ 100% ] 000/020 VUs  30s        50.00 iters/s
step_00100 ✓ [ 100% ] 000/020 VUs  30s        100.00 iters/s
step_00150 ✓ [ 100% ] 000/030 VUs  30s        150.00 iters/s
step_00200 ✓ [ 100% ] 000/040 VUs  30s        200.00 iters/s
step_00250 ✓ [ 100% ] 000/050 VUs  30s        250.00 iters/s
step_00300   [  90% ] 001/060 VUs  27.0s/30s  300.00 iters/s
step_00350 • [   0% ] waiting      0m03.0s   
step_00400 • [   0% ] waiting      0m33.0s   
step_00450 • [   0% ] waiting      1m03.0s   
step_00500 • [   0% ] waiting      1m33.0s   
step_00550 • [   0% ] waiting      2m03.0s   
step_00600 • [   0% ] waiting      2m33.0s   
step_00650 • [   0% ] waiting      3m03.0s   
step_00700 • [   0% ] waiting      3m33.0s   
step_00750 • [   0% ] waiting      4m03.0s   
step_00800 • [   0% ] waiting      4m33.0s   
step_00850 • [   0% ] waiting      5m03.0s   
step_00900 • [   0% ] waiting      5m33.0s   
step_00950 • [   0% ] waiting      6m03.0s   
step_01000 • [   0% ] waiting      6m33.0s   

running (02m58.0s), 0001/0390 VUs, 30889 complete and 0 interrupted iterations
step_00050 ✓ [ 100% ] 000/020 VUs  30s        50.00 iters/s
step_00100 ✓ [ 100% ] 000/020 VUs  30s        100.00 iters/s
step_00150 ✓ [ 100% ] 000/030 VUs  30s        150.00 iters/s
step_00200 ✓ [ 100% ] 000/040 VUs  30s        200.00 iters/s
step_00250 ✓ [ 100% ] 000/050 VUs  30s        250.00 iters/s
step_00300   [  93% ] 001/060 VUs  28.0s/30s  300.00 iters/s
step_00350 • [   0% ] waiting      0m02.0s   
step_00400 • [   0% ] waiting      0m32.0s   
step_00450 • [   0% ] waiting      1m02.0s   
step_00500 • [   0% ] waiting      1m32.0s   
step_00550 • [   0% ] waiting      2m02.0s   
step_00600 • [   0% ] waiting      2m32.0s   
step_00650 • [   0% ] waiting      3m02.0s   
step_00700 • [   0% ] waiting      3m32.0s   
step_00750 • [   0% ] waiting      4m02.0s   
step_00800 • [   0% ] waiting      4m32.0s   
step_00850 • [   0% ] waiting      5m02.0s   
step_00900 • [   0% ] waiting      5m32.0s   
step_00950 • [   0% ] waiting      6m02.0s   
step_01000 • [   0% ] waiting      6m32.0s   

running (02m59.0s), 0001/0390 VUs, 31189 complete and 0 interrupted iterations
step_00050 ✓ [ 100% ] 000/020 VUs  30s        50.00 iters/s
step_00100 ✓ [ 100% ] 000/020 VUs  30s        100.00 iters/s
step_00150 ✓ [ 100% ] 000/030 VUs  30s        150.00 iters/s
step_00200 ✓ [ 100% ] 000/040 VUs  30s        200.00 iters/s
step_00250 ✓ [ 100% ] 000/050 VUs  30s        250.00 iters/s
step_00300   [  97% ] 001/060 VUs  29.0s/30s  300.00 iters/s
step_00350 • [   0% ] waiting      0m01.0s   
step_00400 • [   0% ] waiting      0m31.0s   
step_00450 • [   0% ] waiting      1m01.0s   
step_00500 • [   0% ] waiting      1m31.0s   
step_00550 • [   0% ] waiting      2m01.0s   
step_00600 • [   0% ] waiting      2m31.0s   
step_00650 • [   0% ] waiting      3m01.0s   
step_00700 • [   0% ] waiting      3m31.0s   
step_00750 • [   0% ] waiting      4m01.0s   
step_00800 • [   0% ] waiting      4m31.0s   
step_00850 • [   0% ] waiting      5m01.0s   
step_00900 • [   0% ] waiting      5m31.0s   
step_00950 • [   0% ] waiting      6m01.0s   
step_01000 • [   0% ] waiting      6m31.0s   

running (03m00.0s), 0001/0390 VUs, 31489 complete and 0 interrupted iterations
step_00050 ✓ [ 100% ] 000/020 VUs  30s        50.00 iters/s
step_00100 ✓ [ 100% ] 000/020 VUs  30s        100.00 iters/s
step_00150 ✓ [ 100% ] 000/030 VUs  30s        150.00 iters/s
step_00200 ✓ [ 100% ] 000/040 VUs  30s        200.00 iters/s
step_00250 ✓ [ 100% ] 000/050 VUs  30s        250.00 iters/s
step_00300   [ 100% ] 001/060 VUs  30.0s/30s  300.00 iters/s
step_00350 • [   0% ] waiting      0m00.0s   
step_00400 • [   0% ] waiting      0m30.0s   
step_00450 • [   0% ] waiting      1m00.0s   
step_00500 • [   0% ] waiting      1m30.0s   
step_00550 • [   0% ] waiting      2m00.0s   
step_00600 • [   0% ] waiting      2m30.0s   
step_00650 • [   0% ] waiting      3m00.0s   
step_00700 • [   0% ] waiting      3m30.0s   
step_00750 • [   0% ] waiting      4m00.0s   
step_00800 • [   0% ] waiting      4m30.0s   
step_00850 • [   0% ] waiting      5m00.0s   
step_00900 • [   0% ] waiting      5m30.0s   
step_00950 • [   0% ] waiting      6m00.0s   
step_01000 • [   0% ] waiting      6m30.0s   

running (03m01.0s), 0001/0390 VUs, 31837 complete and 0 interrupted iterations
step_00050 ✓ [ 100% ] 000/020 VUs    30s        50.00 iters/s
step_00100 ✓ [ 100% ] 000/020 VUs    30s        100.00 iters/s
step_00150 ✓ [ 100% ] 000/030 VUs    30s        150.00 iters/s
step_00200 ✓ [ 100% ] 000/040 VUs    30s        200.00 iters/s
step_00250 ✓ [ 100% ] 000/050 VUs    30s        250.00 iters/s
step_00300 ✓ [ 100% ] 000/060 VUs    30s        300.00 iters/s
step_00350   [   3% ] 0001/0070 VUs  01.0s/30s  350.00 iters/s
step_00400 • [   0% ] waiting        0m29.0s   
step_00450 • [   0% ] waiting        0m59.0s   
step_00500 • [   0% ] waiting        1m29.0s   
step_00550 • [   0% ] waiting        1m59.0s   
step_00600 • [   0% ] waiting        2m29.0s   
step_00650 • [   0% ] waiting        2m59.0s   
step_00700 • [   0% ] waiting        3m29.0s   
step_00750 • [   0% ] waiting        3m59.0s   
step_00800 • [   0% ] waiting        4m29.0s   
step_00850 • [   0% ] waiting        4m59.0s   
step_00900 • [   0% ] waiting        5m29.0s   
step_00950 • [   0% ] waiting        5m59.0s   
step_01000 • [   0% ] waiting        6m29.0s   

running (03m02.0s), 0001/0390 VUs, 32188 complete and 0 interrupted iterations
step_00050 ✓ [ 100% ] 000/020 VUs    30s        50.00 iters/s
step_00100 ✓ [ 100% ] 000/020 VUs    30s        100.00 iters/s
step_00150 ✓ [ 100% ] 000/030 VUs    30s        150.00 iters/s
step_00200 ✓ [ 100% ] 000/040 VUs    30s        200.00 iters/s
step_00250 ✓ [ 100% ] 000/050 VUs    30s        250.00 iters/s
step_00300 ✓ [ 100% ] 000/060 VUs    30s        300.00 iters/s
step_00350   [   7% ] 0001/0070 VUs  02.0s/30s  350.00 iters/s
step_00400 • [   0% ] waiting        0m28.0s   
step_00450 • [   0% ] waiting        0m58.0s   
step_00500 • [   0% ] waiting        1m28.0s   
step_00550 • [   0% ] waiting        1m58.0s   
step_00600 • [   0% ] waiting        2m28.0s   
step_00650 • [   0% ] waiting        2m58.0s   
step_00700 • [   0% ] waiting        3m28.0s   
step_00750 • [   0% ] waiting        3m58.0s   
step_00800 • [   0% ] waiting        4m28.0s   
step_00850 • [   0% ] waiting        4m58.0s   
step_00900 • [   0% ] waiting        5m28.0s   
step_00950 • [   0% ] waiting        5m58.0s   
step_01000 • [   0% ] waiting        6m28.0s   

running (03m03.0s), 0000/0390 VUs, 32538 complete and 0 interrupted iterations
step_00050 ✓ [ 100% ] 000/020 VUs    30s        50.00 iters/s
step_00100 ✓ [ 100% ] 000/020 VUs    30s        100.00 iters/s
step_00150 ✓ [ 100% ] 000/030 VUs    30s        150.00 iters/s
step_00200 ✓ [ 100% ] 000/040 VUs    30s        200.00 iters/s
step_00250 ✓ [ 100% ] 000/050 VUs    30s        250.00 iters/s
step_00300 ✓ [ 100% ] 000/060 VUs    30s        300.00 iters/s
step_00350   [  10% ] 0000/0070 VUs  03.0s/30s  350.00 iters/s
step_00400 • [   0% ] waiting        0m27.0s   
step_00450 • [   0% ] waiting        0m57.0s   
step_00500 • [   0% ] waiting        1m27.0s   
step_00550 • [   0% ] waiting        1m57.0s   
step_00600 • [   0% ] waiting        2m27.0s   
step_00650 • [   0% ] waiting        2m57.0s   
step_00700 • [   0% ] waiting        3m27.0s   
step_00750 • [   0% ] waiting        3m57.0s   
step_00800 • [   0% ] waiting        4m27.0s   
step_00850 • [   0% ] waiting        4m57.0s   
step_00900 • [   0% ] waiting        5m27.0s   
step_00950 • [   0% ] waiting        5m57.0s   
step_01000 • [   0% ] waiting        6m27.0s   

running (03m04.0s), 0000/0390 VUs, 32888 complete and 0 interrupted iterations
step_00050 ✓ [ 100% ] 000/020 VUs    30s        50.00 iters/s
step_00100 ✓ [ 100% ] 000/020 VUs    30s        100.00 iters/s
step_00150 ✓ [ 100% ] 000/030 VUs    30s        150.00 iters/s
step_00200 ✓ [ 100% ] 000/040 VUs    30s        200.00 iters/s
step_00250 ✓ [ 100% ] 000/050 VUs    30s        250.00 iters/s
step_00300 ✓ [ 100% ] 000/060 VUs    30s        300.00 iters/s
step_00350   [  13% ] 0001/0070 VUs  04.0s/30s  350.00 iters/s
step_00400 • [   0% ] waiting        0m26.0s   
step_00450 • [   0% ] waiting        0m56.0s   
step_00500 • [   0% ] waiting        1m26.0s   
step_00550 • [   0% ] waiting        1m56.0s   
step_00600 • [   0% ] waiting        2m26.0s   
step_00650 • [   0% ] waiting        2m56.0s   
step_00700 • [   0% ] waiting        3m26.0s   
step_00750 • [   0% ] waiting        3m56.0s   
step_00800 • [   0% ] waiting        4m26.0s   
step_00850 • [   0% ] waiting        4m56.0s   
step_00900 • [   0% ] waiting        5m26.0s   
step_00950 • [   0% ] waiting        5m56.0s   
step_01000 • [   0% ] waiting        6m26.0s   

running (03m05.0s), 0000/0390 VUs, 33238 complete and 0 interrupted iterations
step_00050 ✓ [ 100% ] 000/020 VUs    30s        50.00 iters/s
step_00100 ✓ [ 100% ] 000/020 VUs    30s        100.00 iters/s
step_00150 ✓ [ 100% ] 000/030 VUs    30s        150.00 iters/s
step_00200 ✓ [ 100% ] 000/040 VUs    30s        200.00 iters/s
step_00250 ✓ [ 100% ] 000/050 VUs    30s        250.00 iters/s
step_00300 ✓ [ 100% ] 000/060 VUs    30s        300.00 iters/s
step_00350   [  17% ] 0001/0070 VUs  05.0s/30s  350.00 iters/s
step_00400 • [   0% ] waiting        0m25.0s   
step_00450 • [   0% ] waiting        0m55.0s   
step_00500 • [   0% ] waiting        1m25.0s   
step_00550 • [   0% ] waiting        1m55.0s   
step_00600 • [   0% ] waiting        2m25.0s   
step_00650 • [   0% ] waiting        2m55.0s   
step_00700 • [   0% ] waiting        3m25.0s   
step_00750 • [   0% ] waiting        3m55.0s   
step_00800 • [   0% ] waiting        4m25.0s   
step_00850 • [   0% ] waiting        4m55.0s   
step_00900 • [   0% ] waiting        5m25.0s   
step_00950 • [   0% ] waiting        5m55.0s   
step_01000 • [   0% ] waiting        6m25.0s   

running (03m06.0s), 0000/0390 VUs, 33588 complete and 0 interrupted iterations
step_00050 ✓ [ 100% ] 000/020 VUs    30s        50.00 iters/s
step_00100 ✓ [ 100% ] 000/020 VUs    30s        100.00 iters/s
step_00150 ✓ [ 100% ] 000/030 VUs    30s        150.00 iters/s
step_00200 ✓ [ 100% ] 000/040 VUs    30s        200.00 iters/s
step_00250 ✓ [ 100% ] 000/050 VUs    30s        250.00 iters/s
step_00300 ✓ [ 100% ] 000/060 VUs    30s        300.00 iters/s
step_00350   [  20% ] 0000/0070 VUs  06.0s/30s  350.00 iters/s
step_00400 • [   0% ] waiting        0m24.0s   
step_00450 • [   0% ] waiting        0m54.0s   
step_00500 • [   0% ] waiting        1m24.0s   
step_00550 • [   0% ] waiting        1m54.0s   
step_00600 • [   0% ] waiting        2m24.0s   
step_00650 • [   0% ] waiting        2m54.0s   
step_00700 • [   0% ] waiting        3m24.0s   
step_00750 • [   0% ] waiting        3m54.0s   
step_00800 • [   0% ] waiting        4m24.0s   
step_00850 • [   0% ] waiting        4m54.0s   
step_00900 • [   0% ] waiting        5m24.0s   
step_00950 • [   0% ] waiting        5m54.0s   
step_01000 • [   0% ] waiting        6m24.0s   

running (03m07.0s), 0000/0390 VUs, 33938 complete and 0 interrupted iterations
step_00050 ✓ [ 100% ] 000/020 VUs    30s        50.00 iters/s
step_00100 ✓ [ 100% ] 000/020 VUs    30s        100.00 iters/s
step_00150 ✓ [ 100% ] 000/030 VUs    30s        150.00 iters/s
step_00200 ✓ [ 100% ] 000/040 VUs    30s        200.00 iters/s
step_00250 ✓ [ 100% ] 000/050 VUs    30s        250.00 iters/s
step_00300 ✓ [ 100% ] 000/060 VUs    30s        300.00 iters/s
step_00350   [  23% ] 0000/0070 VUs  07.0s/30s  350.00 iters/s
step_00400 • [   0% ] waiting        0m23.0s   
step_00450 • [   0% ] waiting        0m53.0s   
step_00500 • [   0% ] waiting        1m23.0s   
step_00550 • [   0% ] waiting        1m53.0s   
step_00600 • [   0% ] waiting        2m23.0s   
step_00650 • [   0% ] waiting        2m53.0s   
step_00700 • [   0% ] waiting        3m23.0s   
step_00750 • [   0% ] waiting        3m53.0s   
step_00800 • [   0% ] waiting        4m23.0s   
step_00850 • [   0% ] waiting        4m53.0s   
step_00900 • [   0% ] waiting        5m23.0s   
step_00950 • [   0% ] waiting        5m53.0s   
step_01000 • [   0% ] waiting        6m23.0s   

running (03m08.0s), 0000/0390 VUs, 34288 complete and 0 interrupted iterations
step_00050 ✓ [ 100% ] 000/020 VUs    30s        50.00 iters/s
step_00100 ✓ [ 100% ] 000/020 VUs    30s        100.00 iters/s
step_00150 ✓ [ 100% ] 000/030 VUs    30s        150.00 iters/s
step_00200 ✓ [ 100% ] 000/040 VUs    30s        200.00 iters/s
step_00250 ✓ [ 100% ] 000/050 VUs    30s        250.00 iters/s
step_00300 ✓ [ 100% ] 000/060 VUs    30s        300.00 iters/s
step_00350   [  27% ] 0001/0070 VUs  08.0s/30s  350.00 iters/s
step_00400 • [   0% ] waiting        0m22.0s   
step_00450 • [   0% ] waiting        0m52.0s   
step_00500 • [   0% ] waiting        1m22.0s   
step_00550 • [   0% ] waiting        1m52.0s   
step_00600 • [   0% ] waiting        2m22.0s   
step_00650 • [   0% ] waiting        2m52.0s   
step_00700 • [   0% ] waiting        3m22.0s   
step_00750 • [   0% ] waiting        3m52.0s   
step_00800 • [   0% ] waiting        4m22.0s   
step_00850 • [   0% ] waiting        4m52.0s   
step_00900 • [   0% ] waiting        5m22.0s   
step_00950 • [   0% ] waiting        5m52.0s   
step_01000 • [   0% ] waiting        6m22.0s   

running (03m09.0s), 0001/0390 VUs, 34638 complete and 0 interrupted iterations
step_00050 ✓ [ 100% ] 000/020 VUs    30s        50.00 iters/s
step_00100 ✓ [ 100% ] 000/020 VUs    30s        100.00 iters/s
step_00150 ✓ [ 100% ] 000/030 VUs    30s        150.00 iters/s
step_00200 ✓ [ 100% ] 000/040 VUs    30s        200.00 iters/s
step_00250 ✓ [ 100% ] 000/050 VUs    30s        250.00 iters/s
step_00300 ✓ [ 100% ] 000/060 VUs    30s        300.00 iters/s
step_00350   [  30% ] 0001/0070 VUs  09.0s/30s  350.00 iters/s
step_00400 • [   0% ] waiting        0m21.0s   
step_00450 • [   0% ] waiting        0m51.0s   
step_00500 • [   0% ] waiting        1m21.0s   
step_00550 • [   0% ] waiting        1m51.0s   
step_00600 • [   0% ] waiting        2m21.0s   
step_00650 • [   0% ] waiting        2m51.0s   
step_00700 • [   0% ] waiting        3m21.0s   
step_00750 • [   0% ] waiting        3m51.0s   
step_00800 • [   0% ] waiting        4m21.0s   
step_00850 • [   0% ] waiting        4m51.0s   
step_00900 • [   0% ] waiting        5m21.0s   
step_00950 • [   0% ] waiting        5m51.0s   
step_01000 • [   0% ] waiting        6m21.0s   

running (03m10.0s), 0000/0390 VUs, 34988 complete and 0 interrupted iterations
step_00050 ✓ [ 100% ] 000/020 VUs    30s        50.00 iters/s
step_00100 ✓ [ 100% ] 000/020 VUs    30s        100.00 iters/s
step_00150 ✓ [ 100% ] 000/030 VUs    30s        150.00 iters/s
step_00200 ✓ [ 100% ] 000/040 VUs    30s        200.00 iters/s
step_00250 ✓ [ 100% ] 000/050 VUs    30s        250.00 iters/s
step_00300 ✓ [ 100% ] 000/060 VUs    30s        300.00 iters/s
step_00350   [  33% ] 0000/0070 VUs  10.0s/30s  350.00 iters/s
step_00400 • [   0% ] waiting        0m20.0s   
step_00450 • [   0% ] waiting        0m50.0s   
step_00500 • [   0% ] waiting        1m20.0s   
step_00550 • [   0% ] waiting        1m50.0s   
step_00600 • [   0% ] waiting        2m20.0s   
step_00650 • [   0% ] waiting        2m50.0s   
step_00700 • [   0% ] waiting        3m20.0s   
step_00750 • [   0% ] waiting        3m50.0s   
step_00800 • [   0% ] waiting        4m20.0s   
step_00850 • [   0% ] waiting        4m50.0s   
step_00900 • [   0% ] waiting        5m20.0s   
step_00950 • [   0% ] waiting        5m50.0s   
step_01000 • [   0% ] waiting        6m20.0s   

running (03m11.0s), 0000/0390 VUs, 35338 complete and 0 interrupted iterations
step_00050 ✓ [ 100% ] 000/020 VUs    30s        50.00 iters/s
step_00100 ✓ [ 100% ] 000/020 VUs    30s        100.00 iters/s
step_00150 ✓ [ 100% ] 000/030 VUs    30s        150.00 iters/s
step_00200 ✓ [ 100% ] 000/040 VUs    30s        200.00 iters/s
step_00250 ✓ [ 100% ] 000/050 VUs    30s        250.00 iters/s
step_00300 ✓ [ 100% ] 000/060 VUs    30s        300.00 iters/s
step_00350   [  37% ] 0000/0070 VUs  11.0s/30s  350.00 iters/s
step_00400 • [   0% ] waiting        0m19.0s   
step_00450 • [   0% ] waiting        0m49.0s   
step_00500 • [   0% ] waiting        1m19.0s   
step_00550 • [   0% ] waiting        1m49.0s   
step_00600 • [   0% ] waiting        2m19.0s   
step_00650 • [   0% ] waiting        2m49.0s   
step_00700 • [   0% ] waiting        3m19.0s   
step_00750 • [   0% ] waiting        3m49.0s   
step_00800 • [   0% ] waiting        4m19.0s   
step_00850 • [   0% ] waiting        4m49.0s   
step_00900 • [   0% ] waiting        5m19.0s   
step_00950 • [   0% ] waiting        5m49.0s   
step_01000 • [   0% ] waiting        6m19.0s   

running (03m12.0s), 0000/0390 VUs, 35688 complete and 0 interrupted iterations
step_00050 ✓ [ 100% ] 000/020 VUs    30s        50.00 iters/s
step_00100 ✓ [ 100% ] 000/020 VUs    30s        100.00 iters/s
step_00150 ✓ [ 100% ] 000/030 VUs    30s        150.00 iters/s
step_00200 ✓ [ 100% ] 000/040 VUs    30s        200.00 iters/s
step_00250 ✓ [ 100% ] 000/050 VUs    30s        250.00 iters/s
step_00300 ✓ [ 100% ] 000/060 VUs    30s        300.00 iters/s
step_00350   [  40% ] 0001/0070 VUs  12.0s/30s  350.00 iters/s
step_00400 • [   0% ] waiting        0m18.0s   
step_00450 • [   0% ] waiting        0m48.0s   
step_00500 • [   0% ] waiting        1m18.0s   
step_00550 • [   0% ] waiting        1m48.0s   
step_00600 • [   0% ] waiting        2m18.0s   
step_00650 • [   0% ] waiting        2m48.0s   
step_00700 • [   0% ] waiting        3m18.0s   
step_00750 • [   0% ] waiting        3m48.0s   
step_00800 • [   0% ] waiting        4m18.0s   
step_00850 • [   0% ] waiting        4m48.0s   
step_00900 • [   0% ] waiting        5m18.0s   
step_00950 • [   0% ] waiting        5m48.0s   
step_01000 • [   0% ] waiting        6m18.0s   

running (03m13.0s), 0000/0390 VUs, 36038 complete and 0 interrupted iterations
step_00050 ✓ [ 100% ] 000/020 VUs    30s        50.00 iters/s
step_00100 ✓ [ 100% ] 000/020 VUs    30s        100.00 iters/s
step_00150 ✓ [ 100% ] 000/030 VUs    30s        150.00 iters/s
step_00200 ✓ [ 100% ] 000/040 VUs    30s        200.00 iters/s
step_00250 ✓ [ 100% ] 000/050 VUs    30s        250.00 iters/s
step_00300 ✓ [ 100% ] 000/060 VUs    30s        300.00 iters/s
step_00350   [  43% ] 0000/0070 VUs  13.0s/30s  350.00 iters/s
step_00400 • [   0% ] waiting        0m17.0s   
step_00450 • [   0% ] waiting        0m47.0s   
step_00500 • [   0% ] waiting        1m17.0s   
step_00550 • [   0% ] waiting        1m47.0s   
step_00600 • [   0% ] waiting        2m17.0s   
step_00650 • [   0% ] waiting        2m47.0s   
step_00700 • [   0% ] waiting        3m17.0s   
step_00750 • [   0% ] waiting        3m47.0s   
step_00800 • [   0% ] waiting        4m17.0s   
step_00850 • [   0% ] waiting        4m47.0s   
step_00900 • [   0% ] waiting        5m17.0s   
step_00950 • [   0% ] waiting        5m47.0s   
step_01000 • [   0% ] waiting        6m17.0s   

running (03m14.0s), 0000/0390 VUs, 36388 complete and 0 interrupted iterations
step_00050 ✓ [ 100% ] 000/020 VUs    30s        50.00 iters/s
step_00100 ✓ [ 100% ] 000/020 VUs    30s        100.00 iters/s
step_00150 ✓ [ 100% ] 000/030 VUs    30s        150.00 iters/s
step_00200 ✓ [ 100% ] 000/040 VUs    30s        200.00 iters/s
step_00250 ✓ [ 100% ] 000/050 VUs    30s        250.00 iters/s
step_00300 ✓ [ 100% ] 000/060 VUs    30s        300.00 iters/s
step_00350   [  47% ] 0000/0070 VUs  14.0s/30s  350.00 iters/s
step_00400 • [   0% ] waiting        0m16.0s   
step_00450 • [   0% ] waiting        0m46.0s   
step_00500 • [   0% ] waiting        1m16.0s   
step_00550 • [   0% ] waiting        1m46.0s   
step_00600 • [   0% ] waiting        2m16.0s   
step_00650 • [   0% ] waiting        2m46.0s   
step_00700 • [   0% ] waiting        3m16.0s   
step_00750 • [   0% ] waiting        3m46.0s   
step_00800 • [   0% ] waiting        4m16.0s   
step_00850 • [   0% ] waiting        4m46.0s   
step_00900 • [   0% ] waiting        5m16.0s   
step_00950 • [   0% ] waiting        5m46.0s   
step_01000 • [   0% ] waiting        6m16.0s   

running (03m15.0s), 0000/0390 VUs, 36738 complete and 0 interrupted iterations
step_00050 ✓ [ 100% ] 000/020 VUs    30s        50.00 iters/s
step_00100 ✓ [ 100% ] 000/020 VUs    30s        100.00 iters/s
step_00150 ✓ [ 100% ] 000/030 VUs    30s        150.00 iters/s
step_00200 ✓ [ 100% ] 000/040 VUs    30s        200.00 iters/s
step_00250 ✓ [ 100% ] 000/050 VUs    30s        250.00 iters/s
step_00300 ✓ [ 100% ] 000/060 VUs    30s        300.00 iters/s
step_00350   [  50% ] 0000/0070 VUs  15.0s/30s  350.00 iters/s
step_00400 • [   0% ] waiting        0m15.0s   
step_00450 • [   0% ] waiting        0m45.0s   
step_00500 • [   0% ] waiting        1m15.0s   
step_00550 • [   0% ] waiting        1m45.0s   
step_00600 • [   0% ] waiting        2m15.0s   
step_00650 • [   0% ] waiting        2m45.0s   
step_00700 • [   0% ] waiting        3m15.0s   
step_00750 • [   0% ] waiting        3m45.0s   
step_00800 • [   0% ] waiting        4m15.0s   
step_00850 • [   0% ] waiting        4m45.0s   
step_00900 • [   0% ] waiting        5m15.0s   
step_00950 • [   0% ] waiting        5m45.0s   
step_01000 • [   0% ] waiting        6m15.0s   

running (03m16.0s), 0000/0390 VUs, 37088 complete and 0 interrupted iterations
step_00050 ✓ [ 100% ] 000/020 VUs    30s        50.00 iters/s
step_00100 ✓ [ 100% ] 000/020 VUs    30s        100.00 iters/s
step_00150 ✓ [ 100% ] 000/030 VUs    30s        150.00 iters/s
step_00200 ✓ [ 100% ] 000/040 VUs    30s        200.00 iters/s
step_00250 ✓ [ 100% ] 000/050 VUs    30s        250.00 iters/s
step_00300 ✓ [ 100% ] 000/060 VUs    30s        300.00 iters/s
step_00350   [  53% ] 0000/0070 VUs  16.0s/30s  350.00 iters/s
step_00400 • [   0% ] waiting        0m14.0s   
step_00450 • [   0% ] waiting        0m44.0s   
step_00500 • [   0% ] waiting        1m14.0s   
step_00550 • [   0% ] waiting        1m44.0s   
step_00600 • [   0% ] waiting        2m14.0s   
step_00650 • [   0% ] waiting        2m44.0s   
step_00700 • [   0% ] waiting        3m14.0s   
step_00750 • [   0% ] waiting        3m44.0s   
step_00800 • [   0% ] waiting        4m14.0s   
step_00850 • [   0% ] waiting        4m44.0s   
step_00900 • [   0% ] waiting        5m14.0s   
step_00950 • [   0% ] waiting        5m44.0s   
step_01000 • [   0% ] waiting        6m14.0s   

running (03m17.0s), 0000/0390 VUs, 37438 complete and 0 interrupted iterations
step_00050 ✓ [ 100% ] 000/020 VUs    30s        50.00 iters/s
step_00100 ✓ [ 100% ] 000/020 VUs    30s        100.00 iters/s
step_00150 ✓ [ 100% ] 000/030 VUs    30s        150.00 iters/s
step_00200 ✓ [ 100% ] 000/040 VUs    30s        200.00 iters/s
step_00250 ✓ [ 100% ] 000/050 VUs    30s        250.00 iters/s
step_00300 ✓ [ 100% ] 000/060 VUs    30s        300.00 iters/s
step_00350   [  57% ] 0000/0070 VUs  17.0s/30s  350.00 iters/s
step_00400 • [   0% ] waiting        0m13.0s   
step_00450 • [   0% ] waiting        0m43.0s   
step_00500 • [   0% ] waiting        1m13.0s   
step_00550 • [   0% ] waiting        1m43.0s   
step_00600 • [   0% ] waiting        2m13.0s   
step_00650 • [   0% ] waiting        2m43.0s   
step_00700 • [   0% ] waiting        3m13.0s   
step_00750 • [   0% ] waiting        3m43.0s   
step_00800 • [   0% ] waiting        4m13.0s   
step_00850 • [   0% ] waiting        4m43.0s   
step_00900 • [   0% ] waiting        5m13.0s   
step_00950 • [   0% ] waiting        5m43.0s   
step_01000 • [   0% ] waiting        6m13.0s   

running (03m18.0s), 0001/0390 VUs, 37788 complete and 0 interrupted iterations
step_00050 ✓ [ 100% ] 000/020 VUs    30s        50.00 iters/s
step_00100 ✓ [ 100% ] 000/020 VUs    30s        100.00 iters/s
step_00150 ✓ [ 100% ] 000/030 VUs    30s        150.00 iters/s
step_00200 ✓ [ 100% ] 000/040 VUs    30s        200.00 iters/s
step_00250 ✓ [ 100% ] 000/050 VUs    30s        250.00 iters/s
step_00300 ✓ [ 100% ] 000/060 VUs    30s        300.00 iters/s
step_00350   [  60% ] 0001/0070 VUs  18.0s/30s  350.00 iters/s
step_00400 • [   0% ] waiting        0m12.0s   
step_00450 • [   0% ] waiting        0m42.0s   
step_00500 • [   0% ] waiting        1m12.0s   
step_00550 • [   0% ] waiting        1m42.0s   
step_00600 • [   0% ] waiting        2m12.0s   
step_00650 • [   0% ] waiting        2m42.0s   
step_00700 • [   0% ] waiting        3m12.0s   
step_00750 • [   0% ] waiting        3m42.0s   
step_00800 • [   0% ] waiting        4m12.0s   
step_00850 • [   0% ] waiting        4m42.0s   
step_00900 • [   0% ] waiting        5m12.0s   
step_00950 • [   0% ] waiting        5m42.0s   
step_01000 • [   0% ] waiting        6m12.0s   

running (03m19.0s), 0000/0390 VUs, 38138 complete and 0 interrupted iterations
step_00050 ✓ [ 100% ] 000/020 VUs    30s        50.00 iters/s
step_00100 ✓ [ 100% ] 000/020 VUs    30s        100.00 iters/s
step_00150 ✓ [ 100% ] 000/030 VUs    30s        150.00 iters/s
step_00200 ✓ [ 100% ] 000/040 VUs    30s        200.00 iters/s
step_00250 ✓ [ 100% ] 000/050 VUs    30s        250.00 iters/s
step_00300 ✓ [ 100% ] 000/060 VUs    30s        300.00 iters/s
step_00350   [  63% ] 0000/0070 VUs  19.0s/30s  350.00 iters/s
step_00400 • [   0% ] waiting        0m11.0s   
step_00450 • [   0% ] waiting        0m41.0s   
step_00500 • [   0% ] waiting        1m11.0s   
step_00550 • [   0% ] waiting        1m41.0s   
step_00600 • [   0% ] waiting        2m11.0s   
step_00650 • [   0% ] waiting        2m41.0s   
step_00700 • [   0% ] waiting        3m11.0s   
step_00750 • [   0% ] waiting        3m41.0s   
step_00800 • [   0% ] waiting        4m11.0s   
step_00850 • [   0% ] waiting        4m41.0s   
step_00900 • [   0% ] waiting        5m11.0s   
step_00950 • [   0% ] waiting        5m41.0s   
step_01000 • [   0% ] waiting        6m11.0s   

running (03m20.0s), 0000/0390 VUs, 38488 complete and 0 interrupted iterations
step_00050 ✓ [ 100% ] 000/020 VUs    30s        50.00 iters/s
step_00100 ✓ [ 100% ] 000/020 VUs    30s        100.00 iters/s
step_00150 ✓ [ 100% ] 000/030 VUs    30s        150.00 iters/s
step_00200 ✓ [ 100% ] 000/040 VUs    30s        200.00 iters/s
step_00250 ✓ [ 100% ] 000/050 VUs    30s        250.00 iters/s
step_00300 ✓ [ 100% ] 000/060 VUs    30s        300.00 iters/s
step_00350   [  67% ] 0001/0070 VUs  20.0s/30s  350.00 iters/s
step_00400 • [   0% ] waiting        0m10.0s   
step_00450 • [   0% ] waiting        0m40.0s   
step_00500 • [   0% ] waiting        1m10.0s   
step_00550 • [   0% ] waiting        1m40.0s   
step_00600 • [   0% ] waiting        2m10.0s   
step_00650 • [   0% ] waiting        2m40.0s   
step_00700 • [   0% ] waiting        3m10.0s   
step_00750 • [   0% ] waiting        3m40.0s   
step_00800 • [   0% ] waiting        4m10.0s   
step_00850 • [   0% ] waiting        4m40.0s   
step_00900 • [   0% ] waiting        5m10.0s   
step_00950 • [   0% ] waiting        5m40.0s   
step_01000 • [   0% ] waiting        6m10.0s   

running (03m21.0s), 0001/0390 VUs, 38838 complete and 0 interrupted iterations
step_00050 ✓ [ 100% ] 000/020 VUs    30s        50.00 iters/s
step_00100 ✓ [ 100% ] 000/020 VUs    30s        100.00 iters/s
step_00150 ✓ [ 100% ] 000/030 VUs    30s        150.00 iters/s
step_00200 ✓ [ 100% ] 000/040 VUs    30s        200.00 iters/s
step_00250 ✓ [ 100% ] 000/050 VUs    30s        250.00 iters/s
step_00300 ✓ [ 100% ] 000/060 VUs    30s        300.00 iters/s
step_00350   [  70% ] 0001/0070 VUs  21.0s/30s  350.00 iters/s
step_00400 • [   0% ] waiting        0m09.0s   
step_00450 • [   0% ] waiting        0m39.0s   
step_00500 • [   0% ] waiting        1m09.0s   
step_00550 • [   0% ] waiting        1m39.0s   
step_00600 • [   0% ] waiting        2m09.0s   
step_00650 • [   0% ] waiting        2m39.0s   
step_00700 • [   0% ] waiting        3m09.0s   
step_00750 • [   0% ] waiting        3m39.0s   
step_00800 • [   0% ] waiting        4m09.0s   
step_00850 • [   0% ] waiting        4m39.0s   
step_00900 • [   0% ] waiting        5m09.0s   
step_00950 • [   0% ] waiting        5m39.0s   
step_01000 • [   0% ] waiting        6m09.0s   

running (03m22.0s), 0001/0390 VUs, 39188 complete and 0 interrupted iterations
step_00050 ✓ [ 100% ] 000/020 VUs    30s        50.00 iters/s
step_00100 ✓ [ 100% ] 000/020 VUs    30s        100.00 iters/s
step_00150 ✓ [ 100% ] 000/030 VUs    30s        150.00 iters/s
step_00200 ✓ [ 100% ] 000/040 VUs    30s        200.00 iters/s
step_00250 ✓ [ 100% ] 000/050 VUs    30s        250.00 iters/s
step_00300 ✓ [ 100% ] 000/060 VUs    30s        300.00 iters/s
step_00350   [  73% ] 0001/0070 VUs  22.0s/30s  350.00 iters/s
step_00400 • [   0% ] waiting        0m08.0s   
step_00450 • [   0% ] waiting        0m38.0s   
step_00500 • [   0% ] waiting        1m08.0s   
step_00550 • [   0% ] waiting        1m38.0s   
step_00600 • [   0% ] waiting        2m08.0s   
step_00650 • [   0% ] waiting        2m38.0s   
step_00700 • [   0% ] waiting        3m08.0s   
step_00750 • [   0% ] waiting        3m38.0s   
step_00800 • [   0% ] waiting        4m08.0s   
step_00850 • [   0% ] waiting        4m38.0s   
step_00900 • [   0% ] waiting        5m08.0s   
step_00950 • [   0% ] waiting        5m38.0s   
step_01000 • [   0% ] waiting        6m08.0s   

running (03m23.0s), 0002/0390 VUs, 39537 complete and 0 interrupted iterations
step_00050 ✓ [ 100% ] 000/020 VUs    30s        50.00 iters/s
step_00100 ✓ [ 100% ] 000/020 VUs    30s        100.00 iters/s
step_00150 ✓ [ 100% ] 000/030 VUs    30s        150.00 iters/s
step_00200 ✓ [ 100% ] 000/040 VUs    30s        200.00 iters/s
step_00250 ✓ [ 100% ] 000/050 VUs    30s        250.00 iters/s
step_00300 ✓ [ 100% ] 000/060 VUs    30s        300.00 iters/s
step_00350   [  77% ] 0002/0070 VUs  23.0s/30s  350.00 iters/s
step_00400 • [   0% ] waiting        0m07.0s   
step_00450 • [   0% ] waiting        0m37.0s   
step_00500 • [   0% ] waiting        1m07.0s   
step_00550 • [   0% ] waiting        1m37.0s   
step_00600 • [   0% ] waiting        2m07.0s   
step_00650 • [   0% ] waiting        2m37.0s   
step_00700 • [   0% ] waiting        3m07.0s   
step_00750 • [   0% ] waiting        3m37.0s   
step_00800 • [   0% ] waiting        4m07.0s   
step_00850 • [   0% ] waiting        4m37.0s   
step_00900 • [   0% ] waiting        5m07.0s   
step_00950 • [   0% ] waiting        5m37.0s   
step_01000 • [   0% ] waiting        6m07.0s   

running (03m24.0s), 0001/0390 VUs, 39888 complete and 0 interrupted iterations
step_00050 ✓ [ 100% ] 000/020 VUs    30s        50.00 iters/s
step_00100 ✓ [ 100% ] 000/020 VUs    30s        100.00 iters/s
step_00150 ✓ [ 100% ] 000/030 VUs    30s        150.00 iters/s
step_00200 ✓ [ 100% ] 000/040 VUs    30s        200.00 iters/s
step_00250 ✓ [ 100% ] 000/050 VUs    30s        250.00 iters/s
step_00300 ✓ [ 100% ] 000/060 VUs    30s        300.00 iters/s
step_00350   [  80% ] 0001/0070 VUs  24.0s/30s  350.00 iters/s
step_00400 • [   0% ] waiting        0m06.0s   
step_00450 • [   0% ] waiting        0m36.0s   
step_00500 • [   0% ] waiting        1m06.0s   
step_00550 • [   0% ] waiting        1m36.0s   
step_00600 • [   0% ] waiting        2m06.0s   
step_00650 • [   0% ] waiting        2m36.0s   
step_00700 • [   0% ] waiting        3m06.0s   
step_00750 • [   0% ] waiting        3m36.0s   
step_00800 • [   0% ] waiting        4m06.0s   
step_00850 • [   0% ] waiting        4m36.0s   
step_00900 • [   0% ] waiting        5m06.0s   
step_00950 • [   0% ] waiting        5m36.0s   
step_01000 • [   0% ] waiting        6m06.0s   

running (03m25.0s), 0000/0390 VUs, 40238 complete and 0 interrupted iterations
step_00050 ✓ [ 100% ] 000/020 VUs    30s        50.00 iters/s
step_00100 ✓ [ 100% ] 000/020 VUs    30s        100.00 iters/s
step_00150 ✓ [ 100% ] 000/030 VUs    30s        150.00 iters/s
step_00200 ✓ [ 100% ] 000/040 VUs    30s        200.00 iters/s
step_00250 ✓ [ 100% ] 000/050 VUs    30s        250.00 iters/s
step_00300 ✓ [ 100% ] 000/060 VUs    30s        300.00 iters/s
step_00350   [  83% ] 0000/0070 VUs  25.0s/30s  350.00 iters/s
step_00400 • [   0% ] waiting        0m05.0s   
step_00450 • [   0% ] waiting        0m35.0s   
step_00500 • [   0% ] waiting        1m05.0s   
step_00550 • [   0% ] waiting        1m35.0s   
step_00600 • [   0% ] waiting        2m05.0s   
step_00650 • [   0% ] waiting        2m35.0s   
step_00700 • [   0% ] waiting        3m05.0s   
step_00750 • [   0% ] waiting        3m35.0s   
step_00800 • [   0% ] waiting        4m05.0s   
step_00850 • [   0% ] waiting        4m35.0s   
step_00900 • [   0% ] waiting        5m05.0s   
step_00950 • [   0% ] waiting        5m35.0s   
step_01000 • [   0% ] waiting        6m05.0s   

running (03m26.0s), 0000/0390 VUs, 40588 complete and 0 interrupted iterations
step_00050 ✓ [ 100% ] 000/020 VUs    30s        50.00 iters/s
step_00100 ✓ [ 100% ] 000/020 VUs    30s        100.00 iters/s
step_00150 ✓ [ 100% ] 000/030 VUs    30s        150.00 iters/s
step_00200 ✓ [ 100% ] 000/040 VUs    30s        200.00 iters/s
step_00250 ✓ [ 100% ] 000/050 VUs    30s        250.00 iters/s
step_00300 ✓ [ 100% ] 000/060 VUs    30s        300.00 iters/s
step_00350   [  87% ] 0001/0070 VUs  26.0s/30s  350.00 iters/s
step_00400 • [   0% ] waiting        0m04.0s   
step_00450 • [   0% ] waiting        0m34.0s   
step_00500 • [   0% ] waiting        1m04.0s   
step_00550 • [   0% ] waiting        1m34.0s   
step_00600 • [   0% ] waiting        2m04.0s   
step_00650 • [   0% ] waiting        2m34.0s   
step_00700 • [   0% ] waiting        3m04.0s   
step_00750 • [   0% ] waiting        3m34.0s   
step_00800 • [   0% ] waiting        4m04.0s   
step_00850 • [   0% ] waiting        4m34.0s   
step_00900 • [   0% ] waiting        5m04.0s   
step_00950 • [   0% ] waiting        5m34.0s   
step_01000 • [   0% ] waiting        6m04.0s   

running (03m27.0s), 0000/0390 VUs, 40938 complete and 0 interrupted iterations
step_00050 ✓ [ 100% ] 000/020 VUs    30s        50.00 iters/s
step_00100 ✓ [ 100% ] 000/020 VUs    30s        100.00 iters/s
step_00150 ✓ [ 100% ] 000/030 VUs    30s        150.00 iters/s
step_00200 ✓ [ 100% ] 000/040 VUs    30s        200.00 iters/s
step_00250 ✓ [ 100% ] 000/050 VUs    30s        250.00 iters/s
step_00300 ✓ [ 100% ] 000/060 VUs    30s        300.00 iters/s
step_00350   [  90% ] 0000/0070 VUs  27.0s/30s  350.00 iters/s
step_00400 • [   0% ] waiting        0m03.0s   
step_00450 • [   0% ] waiting        0m33.0s   
step_00500 • [   0% ] waiting        1m03.0s   
step_00550 • [   0% ] waiting        1m33.0s   
step_00600 • [   0% ] waiting        2m03.0s   
step_00650 • [   0% ] waiting        2m33.0s   
step_00700 • [   0% ] waiting        3m03.0s   
step_00750 • [   0% ] waiting        3m33.0s   
step_00800 • [   0% ] waiting        4m03.0s   
step_00850 • [   0% ] waiting        4m33.0s   
step_00900 • [   0% ] waiting        5m03.0s   
step_00950 • [   0% ] waiting        5m33.0s   
step_01000 • [   0% ] waiting        6m03.0s   

running (03m28.0s), 0001/0390 VUs, 41288 complete and 0 interrupted iterations
step_00050 ✓ [ 100% ] 000/020 VUs    30s        50.00 iters/s
step_00100 ✓ [ 100% ] 000/020 VUs    30s        100.00 iters/s
step_00150 ✓ [ 100% ] 000/030 VUs    30s        150.00 iters/s
step_00200 ✓ [ 100% ] 000/040 VUs    30s        200.00 iters/s
step_00250 ✓ [ 100% ] 000/050 VUs    30s        250.00 iters/s
step_00300 ✓ [ 100% ] 000/060 VUs    30s        300.00 iters/s
step_00350   [  93% ] 0001/0070 VUs  28.0s/30s  350.00 iters/s
step_00400 • [   0% ] waiting        0m02.0s   
step_00450 • [   0% ] waiting        0m32.0s   
step_00500 • [   0% ] waiting        1m02.0s   
step_00550 • [   0% ] waiting        1m32.0s   
step_00600 • [   0% ] waiting        2m02.0s   
step_00650 • [   0% ] waiting        2m32.0s   
step_00700 • [   0% ] waiting        3m02.0s   
step_00750 • [   0% ] waiting        3m32.0s   
step_00800 • [   0% ] waiting        4m02.0s   
step_00850 • [   0% ] waiting        4m32.0s   
step_00900 • [   0% ] waiting        5m02.0s   
step_00950 • [   0% ] waiting        5m32.0s   
step_01000 • [   0% ] waiting        6m02.0s   

running (03m29.0s), 0000/0390 VUs, 41638 complete and 0 interrupted iterations
step_00050 ✓ [ 100% ] 000/020 VUs    30s        50.00 iters/s
step_00100 ✓ [ 100% ] 000/020 VUs    30s        100.00 iters/s
step_00150 ✓ [ 100% ] 000/030 VUs    30s        150.00 iters/s
step_00200 ✓ [ 100% ] 000/040 VUs    30s        200.00 iters/s
step_00250 ✓ [ 100% ] 000/050 VUs    30s        250.00 iters/s
step_00300 ✓ [ 100% ] 000/060 VUs    30s        300.00 iters/s
step_00350   [  97% ] 0001/0070 VUs  29.0s/30s  350.00 iters/s
step_00400 • [   0% ] waiting        0m01.0s   
step_00450 • [   0% ] waiting        0m31.0s   
step_00500 • [   0% ] waiting        1m01.0s   
step_00550 • [   0% ] waiting        1m31.0s   
step_00600 • [   0% ] waiting        2m01.0s   
step_00650 • [   0% ] waiting        2m31.0s   
step_00700 • [   0% ] waiting        3m01.0s   
step_00750 • [   0% ] waiting        3m31.0s   
step_00800 • [   0% ] waiting        4m01.0s   
step_00850 • [   0% ] waiting        4m31.0s   
step_00900 • [   0% ] waiting        5m01.0s   
step_00950 • [   0% ] waiting        5m31.0s   
step_01000 • [   0% ] waiting        6m01.0s   

running (03m30.0s), 0000/0390 VUs, 41988 complete and 0 interrupted iterations
step_00050 ✓ [ 100% ] 000/020 VUs    30s        50.00 iters/s
step_00100 ✓ [ 100% ] 000/020 VUs    30s        100.00 iters/s
step_00150 ✓ [ 100% ] 000/030 VUs    30s        150.00 iters/s
step_00200 ✓ [ 100% ] 000/040 VUs    30s        200.00 iters/s
step_00250 ✓ [ 100% ] 000/050 VUs    30s        250.00 iters/s
step_00300 ✓ [ 100% ] 000/060 VUs    30s        300.00 iters/s
step_00350   [ 100% ] 0000/0070 VUs  30.0s/30s  350.00 iters/s
step_00400 • [   0% ] waiting        0m00.0s   
step_00450 • [   0% ] waiting        0m30.0s   
step_00500 • [   0% ] waiting        1m00.0s   
step_00550 • [   0% ] waiting        1m30.0s   
step_00600 • [   0% ] waiting        2m00.0s   
step_00650 • [   0% ] waiting        2m30.0s   
step_00700 • [   0% ] waiting        3m00.0s   
step_00750 • [   0% ] waiting        3m30.0s   
step_00800 • [   0% ] waiting        4m00.0s   
step_00850 • [   0% ] waiting        4m30.0s   
step_00900 • [   0% ] waiting        5m00.0s   
step_00950 • [   0% ] waiting        5m30.0s   
step_01000 • [   0% ] waiting        6m00.0s   

running (03m31.0s), 0001/0390 VUs, 42386 complete and 0 interrupted iterations
step_00050 ✓ [ 100% ] 000/020 VUs    30s        50.00 iters/s
step_00100 ✓ [ 100% ] 000/020 VUs    30s        100.00 iters/s
step_00150 ✓ [ 100% ] 000/030 VUs    30s        150.00 iters/s
step_00200 ✓ [ 100% ] 000/040 VUs    30s        200.00 iters/s
step_00250 ✓ [ 100% ] 000/050 VUs    30s        250.00 iters/s
step_00300 ✓ [ 100% ] 000/060 VUs    30s        300.00 iters/s
step_00350 ✓ [ 100% ] 0000/0070 VUs  30s        350.00 iters/s
step_00400   [   3% ] 0001/0080 VUs  01.0s/30s  400.00 iters/s
step_00450 • [   0% ] waiting        0m29.0s   
step_00500 • [   0% ] waiting        0m59.0s   
step_00550 • [   0% ] waiting        1m29.0s   
step_00600 • [   0% ] waiting        1m59.0s   
step_00650 • [   0% ] waiting        2m29.0s   
step_00700 • [   0% ] waiting        2m59.0s   
step_00750 • [   0% ] waiting        3m29.0s   
step_00800 • [   0% ] waiting        3m59.0s   
step_00850 • [   0% ] waiting        4m29.0s   
step_00900 • [   0% ] waiting        4m59.0s   
step_00950 • [   0% ] waiting        5m29.0s   
step_01000 • [   0% ] waiting        5m59.0s   

running (03m32.0s), 0001/0390 VUs, 42786 complete and 0 interrupted iterations
step_00050 ✓ [ 100% ] 000/020 VUs    30s        50.00 iters/s
step_00100 ✓ [ 100% ] 000/020 VUs    30s        100.00 iters/s
step_00150 ✓ [ 100% ] 000/030 VUs    30s        150.00 iters/s
step_00200 ✓ [ 100% ] 000/040 VUs    30s        200.00 iters/s
step_00250 ✓ [ 100% ] 000/050 VUs    30s        250.00 iters/s
step_00300 ✓ [ 100% ] 000/060 VUs    30s        300.00 iters/s
step_00350 ✓ [ 100% ] 0000/0070 VUs  30s        350.00 iters/s
step_00400   [   7% ] 0001/0080 VUs  02.0s/30s  400.00 iters/s
step_00450 • [   0% ] waiting        0m28.0s   
step_00500 • [   0% ] waiting        0m58.0s   
step_00550 • [   0% ] waiting        1m28.0s   
step_00600 • [   0% ] waiting        1m58.0s   
step_00650 • [   0% ] waiting        2m28.0s   
step_00700 • [   0% ] waiting        2m58.0s   
step_00750 • [   0% ] waiting        3m28.0s   
step_00800 • [   0% ] waiting        3m58.0s   
step_00850 • [   0% ] waiting        4m28.0s   
step_00900 • [   0% ] waiting        4m58.0s   
step_00950 • [   0% ] waiting        5m28.0s   
step_01000 • [   0% ] waiting        5m58.0s   

running (03m33.0s), 0001/0390 VUs, 43186 complete and 0 interrupted iterations
step_00050 ✓ [ 100% ] 000/020 VUs    30s        50.00 iters/s
step_00100 ✓ [ 100% ] 000/020 VUs    30s        100.00 iters/s
step_00150 ✓ [ 100% ] 000/030 VUs    30s        150.00 iters/s
step_00200 ✓ [ 100% ] 000/040 VUs    30s        200.00 iters/s
step_00250 ✓ [ 100% ] 000/050 VUs    30s        250.00 iters/s
step_00300 ✓ [ 100% ] 000/060 VUs    30s        300.00 iters/s
step_00350 ✓ [ 100% ] 0000/0070 VUs  30s        350.00 iters/s
step_00400   [  10% ] 0001/0080 VUs  03.0s/30s  400.00 iters/s
step_00450 • [   0% ] waiting        0m27.0s   
step_00500 • [   0% ] waiting        0m57.0s   
step_00550 • [   0% ] waiting        1m27.0s   
step_00600 • [   0% ] waiting        1m57.0s   
step_00650 • [   0% ] waiting        2m27.0s   
step_00700 • [   0% ] waiting        2m57.0s   
step_00750 • [   0% ] waiting        3m27.0s   
step_00800 • [   0% ] waiting        3m57.0s   
step_00850 • [   0% ] waiting        4m27.0s   
step_00900 • [   0% ] waiting        4m57.0s   
step_00950 • [   0% ] waiting        5m27.0s   
step_01000 • [   0% ] waiting        5m57.0s   

running (03m34.0s), 0001/0390 VUs, 43586 complete and 0 interrupted iterations
step_00050 ✓ [ 100% ] 000/020 VUs    30s        50.00 iters/s
step_00100 ✓ [ 100% ] 000/020 VUs    30s        100.00 iters/s
step_00150 ✓ [ 100% ] 000/030 VUs    30s        150.00 iters/s
step_00200 ✓ [ 100% ] 000/040 VUs    30s        200.00 iters/s
step_00250 ✓ [ 100% ] 000/050 VUs    30s        250.00 iters/s
step_00300 ✓ [ 100% ] 000/060 VUs    30s        300.00 iters/s
step_00350 ✓ [ 100% ] 0000/0070 VUs  30s        350.00 iters/s
step_00400   [  13% ] 0001/0080 VUs  04.0s/30s  400.00 iters/s
step_00450 • [   0% ] waiting        0m26.0s   
step_00500 • [   0% ] waiting        0m56.0s   
step_00550 • [   0% ] waiting        1m26.0s   
step_00600 • [   0% ] waiting        1m56.0s   
step_00650 • [   0% ] waiting        2m26.0s   
step_00700 • [   0% ] waiting        2m56.0s   
step_00750 • [   0% ] waiting        3m26.0s   
step_00800 • [   0% ] waiting        3m56.0s   
step_00850 • [   0% ] waiting        4m26.0s   
step_00900 • [   0% ] waiting        4m56.0s   
step_00950 • [   0% ] waiting        5m26.0s   
step_01000 • [   0% ] waiting        5m56.0s   

running (03m35.0s), 0004/0390 VUs, 43983 complete and 0 interrupted iterations
step_00050 ✓ [ 100% ] 000/020 VUs    30s        50.00 iters/s
step_00100 ✓ [ 100% ] 000/020 VUs    30s        100.00 iters/s
step_00150 ✓ [ 100% ] 000/030 VUs    30s        150.00 iters/s
step_00200 ✓ [ 100% ] 000/040 VUs    30s        200.00 iters/s
step_00250 ✓ [ 100% ] 000/050 VUs    30s        250.00 iters/s
step_00300 ✓ [ 100% ] 000/060 VUs    30s        300.00 iters/s
step_00350 ✓ [ 100% ] 0000/0070 VUs  30s        350.00 iters/s
step_00400   [  17% ] 0004/0080 VUs  05.0s/30s  400.00 iters/s
step_00450 • [   0% ] waiting        0m25.0s   
step_00500 • [   0% ] waiting        0m55.0s   
step_00550 • [   0% ] waiting        1m25.0s   
step_00600 • [   0% ] waiting        1m55.0s   
step_00650 • [   0% ] waiting        2m25.0s   
step_00700 • [   0% ] waiting        2m55.0s   
step_00750 • [   0% ] waiting        3m25.0s   
step_00800 • [   0% ] waiting        3m55.0s   
step_00850 • [   0% ] waiting        4m25.0s   
step_00900 • [   0% ] waiting        4m55.0s   
step_00950 • [   0% ] waiting        5m25.0s   
step_01000 • [   0% ] waiting        5m55.0s   

running (03m36.0s), 0001/0390 VUs, 44386 complete and 0 interrupted iterations
step_00050 ✓ [ 100% ] 000/020 VUs    30s        50.00 iters/s
step_00100 ✓ [ 100% ] 000/020 VUs    30s        100.00 iters/s
step_00150 ✓ [ 100% ] 000/030 VUs    30s        150.00 iters/s
step_00200 ✓ [ 100% ] 000/040 VUs    30s        200.00 iters/s
step_00250 ✓ [ 100% ] 000/050 VUs    30s        250.00 iters/s
step_00300 ✓ [ 100% ] 000/060 VUs    30s        300.00 iters/s
step_00350 ✓ [ 100% ] 0000/0070 VUs  30s        350.00 iters/s
step_00400   [  20% ] 0000/0080 VUs  06.0s/30s  400.00 iters/s
step_00450 • [   0% ] waiting        0m24.0s   
step_00500 • [   0% ] waiting        0m54.0s   
step_00550 • [   0% ] waiting        1m24.0s   
step_00600 • [   0% ] waiting        1m54.0s   
step_00650 • [   0% ] waiting        2m24.0s   
step_00700 • [   0% ] waiting        2m54.0s   
step_00750 • [   0% ] waiting        3m24.0s   
step_00800 • [   0% ] waiting        3m54.0s   
step_00850 • [   0% ] waiting        4m24.0s   
step_00900 • [   0% ] waiting        4m54.0s   
step_00950 • [   0% ] waiting        5m24.0s   
step_01000 • [   0% ] waiting        5m54.0s   

running (03m37.0s), 0001/0390 VUs, 44786 complete and 0 interrupted iterations
step_00050 ✓ [ 100% ] 000/020 VUs    30s        50.00 iters/s
step_00100 ✓ [ 100% ] 000/020 VUs    30s        100.00 iters/s
step_00150 ✓ [ 100% ] 000/030 VUs    30s        150.00 iters/s
step_00200 ✓ [ 100% ] 000/040 VUs    30s        200.00 iters/s
step_00250 ✓ [ 100% ] 000/050 VUs    30s        250.00 iters/s
step_00300 ✓ [ 100% ] 000/060 VUs    30s        300.00 iters/s
step_00350 ✓ [ 100% ] 0000/0070 VUs  30s        350.00 iters/s
step_00400   [  23% ] 0001/0080 VUs  07.0s/30s  400.00 iters/s
step_00450 • [   0% ] waiting        0m23.0s   
step_00500 • [   0% ] waiting        0m53.0s   
step_00550 • [   0% ] waiting        1m23.0s   
step_00600 • [   0% ] waiting        1m53.0s   
step_00650 • [   0% ] waiting        2m23.0s   
step_00700 • [   0% ] waiting        2m53.0s   
step_00750 • [   0% ] waiting        3m23.0s   
step_00800 • [   0% ] waiting        3m53.0s   
step_00850 • [   0% ] waiting        4m23.0s   
step_00900 • [   0% ] waiting        4m53.0s   
step_00950 • [   0% ] waiting        5m23.0s   
step_01000 • [   0% ] waiting        5m53.0s   

running (03m38.0s), 0001/0390 VUs, 45186 complete and 0 interrupted iterations
step_00050 ✓ [ 100% ] 000/020 VUs    30s        50.00 iters/s
step_00100 ✓ [ 100% ] 000/020 VUs    30s        100.00 iters/s
step_00150 ✓ [ 100% ] 000/030 VUs    30s        150.00 iters/s
step_00200 ✓ [ 100% ] 000/040 VUs    30s        200.00 iters/s
step_00250 ✓ [ 100% ] 000/050 VUs    30s        250.00 iters/s
step_00300 ✓ [ 100% ] 000/060 VUs    30s        300.00 iters/s
step_00350 ✓ [ 100% ] 0000/0070 VUs  30s        350.00 iters/s
step_00400   [  27% ] 0001/0080 VUs  08.0s/30s  400.00 iters/s
step_00450 • [   0% ] waiting        0m22.0s   
step_00500 • [   0% ] waiting        0m52.0s   
step_00550 • [   0% ] waiting        1m22.0s   
step_00600 • [   0% ] waiting        1m52.0s   
step_00650 • [   0% ] waiting        2m22.0s   
step_00700 • [   0% ] waiting        2m52.0s   
step_00750 • [   0% ] waiting        3m22.0s   
step_00800 • [   0% ] waiting        3m52.0s   
step_00850 • [   0% ] waiting        4m22.0s   
step_00900 • [   0% ] waiting        4m52.0s   
step_00950 • [   0% ] waiting        5m22.0s   
step_01000 • [   0% ] waiting        5m52.0s   

running (03m39.0s), 0000/0390 VUs, 45587 complete and 0 interrupted iterations
step_00050 ✓ [ 100% ] 000/020 VUs    30s        50.00 iters/s
step_00100 ✓ [ 100% ] 000/020 VUs    30s        100.00 iters/s
step_00150 ✓ [ 100% ] 000/030 VUs    30s        150.00 iters/s
step_00200 ✓ [ 100% ] 000/040 VUs    30s        200.00 iters/s
step_00250 ✓ [ 100% ] 000/050 VUs    30s        250.00 iters/s
step_00300 ✓ [ 100% ] 000/060 VUs    30s        300.00 iters/s
step_00350 ✓ [ 100% ] 0000/0070 VUs  30s        350.00 iters/s
step_00400   [  30% ] 0000/0080 VUs  09.0s/30s  400.00 iters/s
step_00450 • [   0% ] waiting        0m21.0s   
step_00500 • [   0% ] waiting        0m51.0s   
step_00550 • [   0% ] waiting        1m21.0s   
step_00600 • [   0% ] waiting        1m51.0s   
step_00650 • [   0% ] waiting        2m21.0s   
step_00700 • [   0% ] waiting        2m51.0s   
step_00750 • [   0% ] waiting        3m21.0s   
step_00800 • [   0% ] waiting        3m51.0s   
step_00850 • [   0% ] waiting        4m21.0s   
step_00900 • [   0% ] waiting        4m51.0s   
step_00950 • [   0% ] waiting        5m21.0s   
step_01000 • [   0% ] waiting        5m51.0s   

running (03m40.0s), 0001/0390 VUs, 45986 complete and 0 interrupted iterations
step_00050 ✓ [ 100% ] 000/020 VUs    30s        50.00 iters/s
step_00100 ✓ [ 100% ] 000/020 VUs    30s        100.00 iters/s
step_00150 ✓ [ 100% ] 000/030 VUs    30s        150.00 iters/s
step_00200 ✓ [ 100% ] 000/040 VUs    30s        200.00 iters/s
step_00250 ✓ [ 100% ] 000/050 VUs    30s        250.00 iters/s
step_00300 ✓ [ 100% ] 000/060 VUs    30s        300.00 iters/s
step_00350 ✓ [ 100% ] 0000/0070 VUs  30s        350.00 iters/s
step_00400   [  33% ] 0001/0080 VUs  10.0s/30s  400.00 iters/s
step_00450 • [   0% ] waiting        0m20.0s   
step_00500 • [   0% ] waiting        0m50.0s   
step_00550 • [   0% ] waiting        1m20.0s   
step_00600 • [   0% ] waiting        1m50.0s   
step_00650 • [   0% ] waiting        2m20.0s   
step_00700 • [   0% ] waiting        2m50.0s   
step_00750 • [   0% ] waiting        3m20.0s   
step_00800 • [   0% ] waiting        3m50.0s   
step_00850 • [   0% ] waiting        4m20.0s   
step_00900 • [   0% ] waiting        4m50.0s   
step_00950 • [   0% ] waiting        5m20.0s   
step_01000 • [   0% ] waiting        5m50.0s   

running (03m41.0s), 0001/0390 VUs, 46386 complete and 0 interrupted iterations
step_00050 ✓ [ 100% ] 000/020 VUs    30s        50.00 iters/s
step_00100 ✓ [ 100% ] 000/020 VUs    30s        100.00 iters/s
step_00150 ✓ [ 100% ] 000/030 VUs    30s        150.00 iters/s
step_00200 ✓ [ 100% ] 000/040 VUs    30s        200.00 iters/s
step_00250 ✓ [ 100% ] 000/050 VUs    30s        250.00 iters/s
step_00300 ✓ [ 100% ] 000/060 VUs    30s        300.00 iters/s
step_00350 ✓ [ 100% ] 0000/0070 VUs  30s        350.00 iters/s
step_00400   [  37% ] 0000/0080 VUs  11.0s/30s  400.00 iters/s
step_00450 • [   0% ] waiting        0m19.0s   
step_00500 • [   0% ] waiting        0m49.0s   
step_00550 • [   0% ] waiting        1m19.0s   
step_00600 • [   0% ] waiting        1m49.0s   
step_00650 • [   0% ] waiting        2m19.0s   
step_00700 • [   0% ] waiting        2m49.0s   
step_00750 • [   0% ] waiting        3m19.0s   
step_00800 • [   0% ] waiting        3m49.0s   
step_00850 • [   0% ] waiting        4m19.0s   
step_00900 • [   0% ] waiting        4m49.0s   
step_00950 • [   0% ] waiting        5m19.0s   
step_01000 • [   0% ] waiting        5m49.0s   

running (03m42.0s), 0001/0390 VUs, 46786 complete and 0 interrupted iterations
step_00050 ✓ [ 100% ] 000/020 VUs    30s        50.00 iters/s
step_00100 ✓ [ 100% ] 000/020 VUs    30s        100.00 iters/s
step_00150 ✓ [ 100% ] 000/030 VUs    30s        150.00 iters/s
step_00200 ✓ [ 100% ] 000/040 VUs    30s        200.00 iters/s
step_00250 ✓ [ 100% ] 000/050 VUs    30s        250.00 iters/s
step_00300 ✓ [ 100% ] 000/060 VUs    30s        300.00 iters/s
step_00350 ✓ [ 100% ] 0000/0070 VUs  30s        350.00 iters/s
step_00400   [  40% ] 0001/0080 VUs  12.0s/30s  400.00 iters/s
step_00450 • [   0% ] waiting        0m18.0s   
step_00500 • [   0% ] waiting        0m48.0s   
step_00550 • [   0% ] waiting        1m18.0s   
step_00600 • [   0% ] waiting        1m48.0s   
step_00650 • [   0% ] waiting        2m18.0s   
step_00700 • [   0% ] waiting        2m48.0s   
step_00750 • [   0% ] waiting        3m18.0s   
step_00800 • [   0% ] waiting        3m48.0s   
step_00850 • [   0% ] waiting        4m18.0s   
step_00900 • [   0% ] waiting        4m48.0s   
step_00950 • [   0% ] waiting        5m18.0s   
step_01000 • [   0% ] waiting        5m48.0s   

running (03m43.0s), 0001/0390 VUs, 47186 complete and 0 interrupted iterations
step_00050 ✓ [ 100% ] 000/020 VUs    30s        50.00 iters/s
step_00100 ✓ [ 100% ] 000/020 VUs    30s        100.00 iters/s
step_00150 ✓ [ 100% ] 000/030 VUs    30s        150.00 iters/s
step_00200 ✓ [ 100% ] 000/040 VUs    30s        200.00 iters/s
step_00250 ✓ [ 100% ] 000/050 VUs    30s        250.00 iters/s
step_00300 ✓ [ 100% ] 000/060 VUs    30s        300.00 iters/s
step_00350 ✓ [ 100% ] 0000/0070 VUs  30s        350.00 iters/s
step_00400   [  43% ] 0001/0080 VUs  13.0s/30s  400.00 iters/s
step_00450 • [   0% ] waiting        0m17.0s   
step_00500 • [   0% ] waiting        0m47.0s   
step_00550 • [   0% ] waiting        1m17.0s   
step_00600 • [   0% ] waiting        1m47.0s   
step_00650 • [   0% ] waiting        2m17.0s   
step_00700 • [   0% ] waiting        2m47.0s   
step_00750 • [   0% ] waiting        3m17.0s   
step_00800 • [   0% ] waiting        3m47.0s   
step_00850 • [   0% ] waiting        4m17.0s   
step_00900 • [   0% ] waiting        4m47.0s   
step_00950 • [   0% ] waiting        5m17.0s   
step_01000 • [   0% ] waiting        5m47.0s   

running (03m44.0s), 0001/0390 VUs, 47586 complete and 0 interrupted iterations
step_00050 ✓ [ 100% ] 000/020 VUs    30s        50.00 iters/s
step_00100 ✓ [ 100% ] 000/020 VUs    30s        100.00 iters/s
step_00150 ✓ [ 100% ] 000/030 VUs    30s        150.00 iters/s
step_00200 ✓ [ 100% ] 000/040 VUs    30s        200.00 iters/s
step_00250 ✓ [ 100% ] 000/050 VUs    30s        250.00 iters/s
step_00300 ✓ [ 100% ] 000/060 VUs    30s        300.00 iters/s
step_00350 ✓ [ 100% ] 0000/0070 VUs  30s        350.00 iters/s
step_00400   [  47% ] 0001/0080 VUs  14.0s/30s  400.00 iters/s
step_00450 • [   0% ] waiting        0m16.0s   
step_00500 • [   0% ] waiting        0m46.0s   
step_00550 • [   0% ] waiting        1m16.0s   
step_00600 • [   0% ] waiting        1m46.0s   
step_00650 • [   0% ] waiting        2m16.0s   
step_00700 • [   0% ] waiting        2m46.0s   
step_00750 • [   0% ] waiting        3m16.0s   
step_00800 • [   0% ] waiting        3m46.0s   
step_00850 • [   0% ] waiting        4m16.0s   
step_00900 • [   0% ] waiting        4m46.0s   
step_00950 • [   0% ] waiting        5m16.0s   
step_01000 • [   0% ] waiting        5m46.0s   

running (03m45.0s), 0001/0390 VUs, 47986 complete and 0 interrupted iterations
step_00050 ✓ [ 100% ] 000/020 VUs    30s        50.00 iters/s
step_00100 ✓ [ 100% ] 000/020 VUs    30s        100.00 iters/s
step_00150 ✓ [ 100% ] 000/030 VUs    30s        150.00 iters/s
step_00200 ✓ [ 100% ] 000/040 VUs    30s        200.00 iters/s
step_00250 ✓ [ 100% ] 000/050 VUs    30s        250.00 iters/s
step_00300 ✓ [ 100% ] 000/060 VUs    30s        300.00 iters/s
step_00350 ✓ [ 100% ] 0000/0070 VUs  30s        350.00 iters/s
step_00400   [  50% ] 0001/0080 VUs  15.0s/30s  400.00 iters/s
step_00450 • [   0% ] waiting        0m15.0s   
step_00500 • [   0% ] waiting        0m45.0s   
step_00550 • [   0% ] waiting        1m15.0s   
step_00600 • [   0% ] waiting        1m45.0s   
step_00650 • [   0% ] waiting        2m15.0s   
step_00700 • [   0% ] waiting        2m45.0s   
step_00750 • [   0% ] waiting        3m15.0s   
step_00800 • [   0% ] waiting        3m45.0s   
step_00850 • [   0% ] waiting        4m15.0s   
step_00900 • [   0% ] waiting        4m45.0s   
step_00950 • [   0% ] waiting        5m15.0s   
step_01000 • [   0% ] waiting        5m45.0s   

running (03m46.0s), 0001/0390 VUs, 48386 complete and 0 interrupted iterations
step_00050 ✓ [ 100% ] 000/020 VUs    30s        50.00 iters/s
step_00100 ✓ [ 100% ] 000/020 VUs    30s        100.00 iters/s
step_00150 ✓ [ 100% ] 000/030 VUs    30s        150.00 iters/s
step_00200 ✓ [ 100% ] 000/040 VUs    30s        200.00 iters/s
step_00250 ✓ [ 100% ] 000/050 VUs    30s        250.00 iters/s
step_00300 ✓ [ 100% ] 000/060 VUs    30s        300.00 iters/s
step_00350 ✓ [ 100% ] 0000/0070 VUs  30s        350.00 iters/s
step_00400   [  53% ] 0001/0080 VUs  16.0s/30s  400.00 iters/s
step_00450 • [   0% ] waiting        0m14.0s   
step_00500 • [   0% ] waiting        0m44.0s   
step_00550 • [   0% ] waiting        1m14.0s   
step_00600 • [   0% ] waiting        1m44.0s   
step_00650 • [   0% ] waiting        2m14.0s   
step_00700 • [   0% ] waiting        2m44.0s   
step_00750 • [   0% ] waiting        3m14.0s   
step_00800 • [   0% ] waiting        3m44.0s   
step_00850 • [   0% ] waiting        4m14.0s   
step_00900 • [   0% ] waiting        4m44.0s   
step_00950 • [   0% ] waiting        5m14.0s   
step_01000 • [   0% ] waiting        5m44.0s   

running (03m47.0s), 0001/0390 VUs, 48786 complete and 0 interrupted iterations
step_00050 ✓ [ 100% ] 000/020 VUs    30s        50.00 iters/s
step_00100 ✓ [ 100% ] 000/020 VUs    30s        100.00 iters/s
step_00150 ✓ [ 100% ] 000/030 VUs    30s        150.00 iters/s
step_00200 ✓ [ 100% ] 000/040 VUs    30s        200.00 iters/s
step_00250 ✓ [ 100% ] 000/050 VUs    30s        250.00 iters/s
step_00300 ✓ [ 100% ] 000/060 VUs    30s        300.00 iters/s
step_00350 ✓ [ 100% ] 0000/0070 VUs  30s        350.00 iters/s
step_00400   [  57% ] 0001/0080 VUs  17.0s/30s  400.00 iters/s
step_00450 • [   0% ] waiting        0m13.0s   
step_00500 • [   0% ] waiting        0m43.0s   
step_00550 • [   0% ] waiting        1m13.0s   
step_00600 • [   0% ] waiting        1m43.0s   
step_00650 • [   0% ] waiting        2m13.0s   
step_00700 • [   0% ] waiting        2m43.0s   
step_00750 • [   0% ] waiting        3m13.0s   
step_00800 • [   0% ] waiting        3m43.0s   
step_00850 • [   0% ] waiting        4m13.0s   
step_00900 • [   0% ] waiting        4m43.0s   
step_00950 • [   0% ] waiting        5m13.0s   
step_01000 • [   0% ] waiting        5m43.0s   

running (03m48.0s), 0001/0390 VUs, 49186 complete and 0 interrupted iterations
step_00050 ✓ [ 100% ] 000/020 VUs    30s        50.00 iters/s
step_00100 ✓ [ 100% ] 000/020 VUs    30s        100.00 iters/s
step_00150 ✓ [ 100% ] 000/030 VUs    30s        150.00 iters/s
step_00200 ✓ [ 100% ] 000/040 VUs    30s        200.00 iters/s
step_00250 ✓ [ 100% ] 000/050 VUs    30s        250.00 iters/s
step_00300 ✓ [ 100% ] 000/060 VUs    30s        300.00 iters/s
step_00350 ✓ [ 100% ] 0000/0070 VUs  30s        350.00 iters/s
step_00400   [  60% ] 0001/0080 VUs  18.0s/30s  400.00 iters/s
step_00450 • [   0% ] waiting        0m12.0s   
step_00500 • [   0% ] waiting        0m42.0s   
step_00550 • [   0% ] waiting        1m12.0s   
step_00600 • [   0% ] waiting        1m42.0s   
step_00650 • [   0% ] waiting        2m12.0s   
step_00700 • [   0% ] waiting        2m42.0s   
step_00750 • [   0% ] waiting        3m12.0s   
step_00800 • [   0% ] waiting        3m42.0s   
step_00850 • [   0% ] waiting        4m12.0s   
step_00900 • [   0% ] waiting        4m42.0s   
step_00950 • [   0% ] waiting        5m12.0s   
step_01000 • [   0% ] waiting        5m42.0s   

running (03m49.0s), 0001/0390 VUs, 49586 complete and 0 interrupted iterations
step_00050 ✓ [ 100% ] 000/020 VUs    30s        50.00 iters/s
step_00100 ✓ [ 100% ] 000/020 VUs    30s        100.00 iters/s
step_00150 ✓ [ 100% ] 000/030 VUs    30s        150.00 iters/s
step_00200 ✓ [ 100% ] 000/040 VUs    30s        200.00 iters/s
step_00250 ✓ [ 100% ] 000/050 VUs    30s        250.00 iters/s
step_00300 ✓ [ 100% ] 000/060 VUs    30s        300.00 iters/s
step_00350 ✓ [ 100% ] 0000/0070 VUs  30s        350.00 iters/s
step_00400   [  63% ] 0001/0080 VUs  19.0s/30s  400.00 iters/s
step_00450 • [   0% ] waiting        0m11.0s   
step_00500 • [   0% ] waiting        0m41.0s   
step_00550 • [   0% ] waiting        1m11.0s   
step_00600 • [   0% ] waiting        1m41.0s   
step_00650 • [   0% ] waiting        2m11.0s   
step_00700 • [   0% ] waiting        2m41.0s   
step_00750 • [   0% ] waiting        3m11.0s   
step_00800 • [   0% ] waiting        3m41.0s   
step_00850 • [   0% ] waiting        4m11.0s   
step_00900 • [   0% ] waiting        4m41.0s   
step_00950 • [   0% ] waiting        5m11.0s   
step_01000 • [   0% ] waiting        5m41.0s   

running (03m50.0s), 0001/0390 VUs, 49986 complete and 0 interrupted iterations
step_00050 ✓ [ 100% ] 000/020 VUs    30s        50.00 iters/s
step_00100 ✓ [ 100% ] 000/020 VUs    30s        100.00 iters/s
step_00150 ✓ [ 100% ] 000/030 VUs    30s        150.00 iters/s
step_00200 ✓ [ 100% ] 000/040 VUs    30s        200.00 iters/s
step_00250 ✓ [ 100% ] 000/050 VUs    30s        250.00 iters/s
step_00300 ✓ [ 100% ] 000/060 VUs    30s        300.00 iters/s
step_00350 ✓ [ 100% ] 0000/0070 VUs  30s        350.00 iters/s
step_00400   [  67% ] 0001/0080 VUs  20.0s/30s  400.00 iters/s
step_00450 • [   0% ] waiting        0m10.0s   
step_00500 • [   0% ] waiting        0m40.0s   
step_00550 • [   0% ] waiting        1m10.0s   
step_00600 • [   0% ] waiting        1m40.0s   
step_00650 • [   0% ] waiting        2m10.0s   
step_00700 • [   0% ] waiting        2m40.0s   
step_00750 • [   0% ] waiting        3m10.0s   
step_00800 • [   0% ] waiting        3m40.0s   
step_00850 • [   0% ] waiting        4m10.0s   
step_00900 • [   0% ] waiting        4m40.0s   
step_00950 • [   0% ] waiting        5m10.0s   
step_01000 • [   0% ] waiting        5m40.0s   

running (03m51.0s), 0001/0390 VUs, 50386 complete and 0 interrupted iterations
step_00050 ✓ [ 100% ] 000/020 VUs    30s        50.00 iters/s
step_00100 ✓ [ 100% ] 000/020 VUs    30s        100.00 iters/s
step_00150 ✓ [ 100% ] 000/030 VUs    30s        150.00 iters/s
step_00200 ✓ [ 100% ] 000/040 VUs    30s        200.00 iters/s
step_00250 ✓ [ 100% ] 000/050 VUs    30s        250.00 iters/s
step_00300 ✓ [ 100% ] 000/060 VUs    30s        300.00 iters/s
step_00350 ✓ [ 100% ] 0000/0070 VUs  30s        350.00 iters/s
step_00400   [  70% ] 0001/0080 VUs  21.0s/30s  400.00 iters/s
step_00450 • [   0% ] waiting        0m09.0s   
step_00500 • [   0% ] waiting        0m39.0s   
step_00550 • [   0% ] waiting        1m09.0s   
step_00600 • [   0% ] waiting        1m39.0s   
step_00650 • [   0% ] waiting        2m09.0s   
step_00700 • [   0% ] waiting        2m39.0s   
step_00750 • [   0% ] waiting        3m09.0s   
step_00800 • [   0% ] waiting        3m39.0s   
step_00850 • [   0% ] waiting        4m09.0s   
step_00900 • [   0% ] waiting        4m39.0s   
step_00950 • [   0% ] waiting        5m09.0s   
step_01000 • [   0% ] waiting        5m39.0s   

running (03m52.0s), 0000/0390 VUs, 50787 complete and 0 interrupted iterations
step_00050 ✓ [ 100% ] 000/020 VUs    30s        50.00 iters/s
step_00100 ✓ [ 100% ] 000/020 VUs    30s        100.00 iters/s
step_00150 ✓ [ 100% ] 000/030 VUs    30s        150.00 iters/s
step_00200 ✓ [ 100% ] 000/040 VUs    30s        200.00 iters/s
step_00250 ✓ [ 100% ] 000/050 VUs    30s        250.00 iters/s
step_00300 ✓ [ 100% ] 000/060 VUs    30s        300.00 iters/s
step_00350 ✓ [ 100% ] 0000/0070 VUs  30s        350.00 iters/s
step_00400   [  73% ] 0000/0080 VUs  22.0s/30s  400.00 iters/s
step_00450 • [   0% ] waiting        0m08.0s   
step_00500 • [   0% ] waiting        0m38.0s   
step_00550 • [   0% ] waiting        1m08.0s   
step_00600 • [   0% ] waiting        1m38.0s   
step_00650 • [   0% ] waiting        2m08.0s   
step_00700 • [   0% ] waiting        2m38.0s   
step_00750 • [   0% ] waiting        3m08.0s   
step_00800 • [   0% ] waiting        3m38.0s   
step_00850 • [   0% ] waiting        4m08.0s   
step_00900 • [   0% ] waiting        4m38.0s   
step_00950 • [   0% ] waiting        5m08.0s   
step_01000 • [   0% ] waiting        5m38.0s   

running (03m53.0s), 0001/0390 VUs, 51186 complete and 0 interrupted iterations
step_00050 ✓ [ 100% ] 000/020 VUs    30s        50.00 iters/s
step_00100 ✓ [ 100% ] 000/020 VUs    30s        100.00 iters/s
step_00150 ✓ [ 100% ] 000/030 VUs    30s        150.00 iters/s
step_00200 ✓ [ 100% ] 000/040 VUs    30s        200.00 iters/s
step_00250 ✓ [ 100% ] 000/050 VUs    30s        250.00 iters/s
step_00300 ✓ [ 100% ] 000/060 VUs    30s        300.00 iters/s
step_00350 ✓ [ 100% ] 0000/0070 VUs  30s        350.00 iters/s
step_00400   [  77% ] 0001/0080 VUs  23.0s/30s  400.00 iters/s
step_00450 • [   0% ] waiting        0m07.0s   
step_00500 • [   0% ] waiting        0m37.0s   
step_00550 • [   0% ] waiting        1m07.0s   
step_00600 • [   0% ] waiting        1m37.0s   
step_00650 • [   0% ] waiting        2m07.0s   
step_00700 • [   0% ] waiting        2m37.0s   
step_00750 • [   0% ] waiting        3m07.0s   
step_00800 • [   0% ] waiting        3m37.0s   
step_00850 • [   0% ] waiting        4m07.0s   
step_00900 • [   0% ] waiting        4m37.0s   
step_00950 • [   0% ] waiting        5m07.0s   
step_01000 • [   0% ] waiting        5m37.0s   

running (03m54.0s), 0001/0390 VUs, 51586 complete and 0 interrupted iterations
step_00050 ✓ [ 100% ] 000/020 VUs    30s        50.00 iters/s
step_00100 ✓ [ 100% ] 000/020 VUs    30s        100.00 iters/s
step_00150 ✓ [ 100% ] 000/030 VUs    30s        150.00 iters/s
step_00200 ✓ [ 100% ] 000/040 VUs    30s        200.00 iters/s
step_00250 ✓ [ 100% ] 000/050 VUs    30s        250.00 iters/s
step_00300 ✓ [ 100% ] 000/060 VUs    30s        300.00 iters/s
step_00350 ✓ [ 100% ] 0000/0070 VUs  30s        350.00 iters/s
step_00400   [  80% ] 0001/0080 VUs  24.0s/30s  400.00 iters/s
step_00450 • [   0% ] waiting        0m06.0s   
step_00500 • [   0% ] waiting        0m36.0s   
step_00550 • [   0% ] waiting        1m06.0s   
step_00600 • [   0% ] waiting        1m36.0s   
step_00650 • [   0% ] waiting        2m06.0s   
step_00700 • [   0% ] waiting        2m36.0s   
step_00750 • [   0% ] waiting        3m06.0s   
step_00800 • [   0% ] waiting        3m36.0s   
step_00850 • [   0% ] waiting        4m06.0s   
step_00900 • [   0% ] waiting        4m36.0s   
step_00950 • [   0% ] waiting        5m06.0s   
step_01000 • [   0% ] waiting        5m36.0s   

running (03m55.0s), 0001/0390 VUs, 51986 complete and 0 interrupted iterations
step_00050 ✓ [ 100% ] 000/020 VUs    30s        50.00 iters/s
step_00100 ✓ [ 100% ] 000/020 VUs    30s        100.00 iters/s
step_00150 ✓ [ 100% ] 000/030 VUs    30s        150.00 iters/s
step_00200 ✓ [ 100% ] 000/040 VUs    30s        200.00 iters/s
step_00250 ✓ [ 100% ] 000/050 VUs    30s        250.00 iters/s
step_00300 ✓ [ 100% ] 000/060 VUs    30s        300.00 iters/s
step_00350 ✓ [ 100% ] 0000/0070 VUs  30s        350.00 iters/s
step_00400   [  83% ] 0001/0080 VUs  25.0s/30s  400.00 iters/s
step_00450 • [   0% ] waiting        0m05.0s   
step_00500 • [   0% ] waiting        0m35.0s   
step_00550 • [   0% ] waiting        1m05.0s   
step_00600 • [   0% ] waiting        1m35.0s   
step_00650 • [   0% ] waiting        2m05.0s   
step_00700 • [   0% ] waiting        2m35.0s   
step_00750 • [   0% ] waiting        3m05.0s   
step_00800 • [   0% ] waiting        3m35.0s   
step_00850 • [   0% ] waiting        4m05.0s   
step_00900 • [   0% ] waiting        4m35.0s   
step_00950 • [   0% ] waiting        5m05.0s   
step_01000 • [   0% ] waiting        5m35.0s   

running (03m56.0s), 0001/0390 VUs, 52386 complete and 0 interrupted iterations
step_00050 ✓ [ 100% ] 000/020 VUs    30s        50.00 iters/s
step_00100 ✓ [ 100% ] 000/020 VUs    30s        100.00 iters/s
step_00150 ✓ [ 100% ] 000/030 VUs    30s        150.00 iters/s
step_00200 ✓ [ 100% ] 000/040 VUs    30s        200.00 iters/s
step_00250 ✓ [ 100% ] 000/050 VUs    30s        250.00 iters/s
step_00300 ✓ [ 100% ] 000/060 VUs    30s        300.00 iters/s
step_00350 ✓ [ 100% ] 0000/0070 VUs  30s        350.00 iters/s
step_00400   [  87% ] 0001/0080 VUs  26.0s/30s  400.00 iters/s
step_00450 • [   0% ] waiting        0m04.0s   
step_00500 • [   0% ] waiting        0m34.0s   
step_00550 • [   0% ] waiting        1m04.0s   
step_00600 • [   0% ] waiting        1m34.0s   
step_00650 • [   0% ] waiting        2m04.0s   
step_00700 • [   0% ] waiting        2m34.0s   
step_00750 • [   0% ] waiting        3m04.0s   
step_00800 • [   0% ] waiting        3m34.0s   
step_00850 • [   0% ] waiting        4m04.0s   
step_00900 • [   0% ] waiting        4m34.0s   
step_00950 • [   0% ] waiting        5m04.0s   
step_01000 • [   0% ] waiting        5m34.0s   

running (03m57.0s), 0000/0390 VUs, 52787 complete and 0 interrupted iterations
step_00050 ✓ [ 100% ] 000/020 VUs    30s        50.00 iters/s
step_00100 ✓ [ 100% ] 000/020 VUs    30s        100.00 iters/s
step_00150 ✓ [ 100% ] 000/030 VUs    30s        150.00 iters/s
step_00200 ✓ [ 100% ] 000/040 VUs    30s        200.00 iters/s
step_00250 ✓ [ 100% ] 000/050 VUs    30s        250.00 iters/s
step_00300 ✓ [ 100% ] 000/060 VUs    30s        300.00 iters/s
step_00350 ✓ [ 100% ] 0000/0070 VUs  30s        350.00 iters/s
step_00400   [  90% ] 0000/0080 VUs  27.0s/30s  400.00 iters/s
step_00450 • [   0% ] waiting        0m03.0s   
step_00500 • [   0% ] waiting        0m33.0s   
step_00550 • [   0% ] waiting        1m03.0s   
step_00600 • [   0% ] waiting        1m33.0s   
step_00650 • [   0% ] waiting        2m03.0s   
step_00700 • [   0% ] waiting        2m33.0s   
step_00750 • [   0% ] waiting        3m03.0s   
step_00800 • [   0% ] waiting        3m33.0s   
step_00850 • [   0% ] waiting        4m03.0s   
step_00900 • [   0% ] waiting        4m33.0s   
step_00950 • [   0% ] waiting        5m03.0s   
step_01000 • [   0% ] waiting        5m33.0s   

running (03m58.0s), 0001/0390 VUs, 53186 complete and 0 interrupted iterations
step_00050 ✓ [ 100% ] 000/020 VUs    30s        50.00 iters/s
step_00100 ✓ [ 100% ] 000/020 VUs    30s        100.00 iters/s
step_00150 ✓ [ 100% ] 000/030 VUs    30s        150.00 iters/s
step_00200 ✓ [ 100% ] 000/040 VUs    30s        200.00 iters/s
step_00250 ✓ [ 100% ] 000/050 VUs    30s        250.00 iters/s
step_00300 ✓ [ 100% ] 000/060 VUs    30s        300.00 iters/s
step_00350 ✓ [ 100% ] 0000/0070 VUs  30s        350.00 iters/s
step_00400   [  93% ] 0000/0080 VUs  28.0s/30s  400.00 iters/s
step_00450 • [   0% ] waiting        0m02.0s   
step_00500 • [   0% ] waiting        0m32.0s   
step_00550 • [   0% ] waiting        1m02.0s   
step_00600 • [   0% ] waiting        1m32.0s   
step_00650 • [   0% ] waiting        2m02.0s   
step_00700 • [   0% ] waiting        2m32.0s   
step_00750 • [   0% ] waiting        3m02.0s   
step_00800 • [   0% ] waiting        3m32.0s   
step_00850 • [   0% ] waiting        4m02.0s   
step_00900 • [   0% ] waiting        4m32.0s   
step_00950 • [   0% ] waiting        5m02.0s   
step_01000 • [   0% ] waiting        5m32.0s   

running (03m59.0s), 0001/0390 VUs, 53586 complete and 0 interrupted iterations
step_00050 ✓ [ 100% ] 000/020 VUs    30s        50.00 iters/s
step_00100 ✓ [ 100% ] 000/020 VUs    30s        100.00 iters/s
step_00150 ✓ [ 100% ] 000/030 VUs    30s        150.00 iters/s
step_00200 ✓ [ 100% ] 000/040 VUs    30s        200.00 iters/s
step_00250 ✓ [ 100% ] 000/050 VUs    30s        250.00 iters/s
step_00300 ✓ [ 100% ] 000/060 VUs    30s        300.00 iters/s
step_00350 ✓ [ 100% ] 0000/0070 VUs  30s        350.00 iters/s
step_00400   [  97% ] 0001/0080 VUs  29.0s/30s  400.00 iters/s
step_00450 • [   0% ] waiting        0m01.0s   
step_00500 • [   0% ] waiting        0m31.0s   
step_00550 • [   0% ] waiting        1m01.0s   
step_00600 • [   0% ] waiting        1m31.0s   
step_00650 • [   0% ] waiting        2m01.0s   
step_00700 • [   0% ] waiting        2m31.0s   
step_00750 • [   0% ] waiting        3m01.0s   
step_00800 • [   0% ] waiting        3m31.0s   
step_00850 • [   0% ] waiting        4m01.0s   
step_00900 • [   0% ] waiting        4m31.0s   
step_00950 • [   0% ] waiting        5m01.0s   
step_01000 • [   0% ] waiting        5m31.0s   

running (04m00.0s), 0007/0390 VUs, 53980 complete and 0 interrupted iterations
step_00050 ✓ [ 100% ] 000/020 VUs    30s        50.00 iters/s
step_00100 ✓ [ 100% ] 000/020 VUs    30s        100.00 iters/s
step_00150 ✓ [ 100% ] 000/030 VUs    30s        150.00 iters/s
step_00200 ✓ [ 100% ] 000/040 VUs    30s        200.00 iters/s
step_00250 ✓ [ 100% ] 000/050 VUs    30s        250.00 iters/s
step_00300 ✓ [ 100% ] 000/060 VUs    30s        300.00 iters/s
step_00350 ✓ [ 100% ] 0000/0070 VUs  30s        350.00 iters/s
step_00400   [ 100% ] 0007/0080 VUs  30.0s/30s  400.00 iters/s
step_00450 • [   0% ] waiting        0m00.0s   
step_00500 • [   0% ] waiting        0m30.0s   
step_00550 • [   0% ] waiting        1m00.0s   
step_00600 • [   0% ] waiting        1m30.0s   
step_00650 • [   0% ] waiting        2m00.0s   
step_00700 • [   0% ] waiting        2m30.0s   
step_00750 • [   0% ] waiting        3m00.0s   
step_00800 • [   0% ] waiting        3m30.0s   
step_00850 • [   0% ] waiting        4m00.0s   
step_00900 • [   0% ] waiting        4m30.0s   
step_00950 • [   0% ] waiting        5m00.0s   
step_01000 • [   0% ] waiting        5m30.0s   

running (04m01.0s), 0001/0390 VUs, 54434 complete and 0 interrupted iterations
step_00050 ✓ [ 100% ] 000/020 VUs    30s        50.00 iters/s
step_00100 ✓ [ 100% ] 000/020 VUs    30s        100.00 iters/s
step_00150 ✓ [ 100% ] 000/030 VUs    30s        150.00 iters/s
step_00200 ✓ [ 100% ] 000/040 VUs    30s        200.00 iters/s
step_00250 ✓ [ 100% ] 000/050 VUs    30s        250.00 iters/s
step_00300 ✓ [ 100% ] 000/060 VUs    30s        300.00 iters/s
step_00350 ✓ [ 100% ] 0000/0070 VUs  30s        350.00 iters/s
step_00400 ✓ [ 100% ] 0000/0080 VUs  30s        400.00 iters/s
step_00450   [   3% ] 0001/0090 VUs  01.0s/30s  450.00 iters/s
step_00500 • [   0% ] waiting        0m29.0s   
step_00550 • [   0% ] waiting        0m59.0s   
step_00600 • [   0% ] waiting        1m29.0s   
step_00650 • [   0% ] waiting        1m59.0s   
step_00700 • [   0% ] waiting        2m29.0s   
step_00750 • [   0% ] waiting        2m59.0s   
step_00800 • [   0% ] waiting        3m29.0s   
step_00850 • [   0% ] waiting        3m59.0s   
step_00900 • [   0% ] waiting        4m29.0s   
step_00950 • [   0% ] waiting        4m59.0s   
step_01000 • [   0% ] waiting        5m29.0s   

running (04m02.0s), 0001/0390 VUs, 54884 complete and 0 interrupted iterations
step_00050 ✓ [ 100% ] 000/020 VUs    30s        50.00 iters/s
step_00100 ✓ [ 100% ] 000/020 VUs    30s        100.00 iters/s
step_00150 ✓ [ 100% ] 000/030 VUs    30s        150.00 iters/s
step_00200 ✓ [ 100% ] 000/040 VUs    30s        200.00 iters/s
step_00250 ✓ [ 100% ] 000/050 VUs    30s        250.00 iters/s
step_00300 ✓ [ 100% ] 000/060 VUs    30s        300.00 iters/s
step_00350 ✓ [ 100% ] 0000/0070 VUs  30s        350.00 iters/s
step_00400 ✓ [ 100% ] 0000/0080 VUs  30s        400.00 iters/s
step_00450   [   7% ] 0001/0090 VUs  02.0s/30s  450.00 iters/s
step_00500 • [   0% ] waiting        0m28.0s   
step_00550 • [   0% ] waiting        0m58.0s   
step_00600 • [   0% ] waiting        1m28.0s   
step_00650 • [   0% ] waiting        1m58.0s   
step_00700 • [   0% ] waiting        2m28.0s   
step_00750 • [   0% ] waiting        2m58.0s   
step_00800 • [   0% ] waiting        3m28.0s   
step_00850 • [   0% ] waiting        3m58.0s   
step_00900 • [   0% ] waiting        4m28.0s   
step_00950 • [   0% ] waiting        4m58.0s   
step_01000 • [   0% ] waiting        5m28.0s   

running (04m03.0s), 0001/0390 VUs, 55334 complete and 0 interrupted iterations
step_00050 ✓ [ 100% ] 000/020 VUs    30s        50.00 iters/s
step_00100 ✓ [ 100% ] 000/020 VUs    30s        100.00 iters/s
step_00150 ✓ [ 100% ] 000/030 VUs    30s        150.00 iters/s
step_00200 ✓ [ 100% ] 000/040 VUs    30s        200.00 iters/s
step_00250 ✓ [ 100% ] 000/050 VUs    30s        250.00 iters/s
step_00300 ✓ [ 100% ] 000/060 VUs    30s        300.00 iters/s
step_00350 ✓ [ 100% ] 0000/0070 VUs  30s        350.00 iters/s
step_00400 ✓ [ 100% ] 0000/0080 VUs  30s        400.00 iters/s
step_00450   [  10% ] 0001/0090 VUs  03.0s/30s  450.00 iters/s
step_00500 • [   0% ] waiting        0m27.0s   
step_00550 • [   0% ] waiting        0m57.0s   
step_00600 • [   0% ] waiting        1m27.0s   
step_00650 • [   0% ] waiting        1m57.0s   
step_00700 • [   0% ] waiting        2m27.0s   
step_00750 • [   0% ] waiting        2m57.0s   
step_00800 • [   0% ] waiting        3m27.0s   
step_00850 • [   0% ] waiting        3m57.0s   
step_00900 • [   0% ] waiting        4m27.0s   
step_00950 • [   0% ] waiting        4m57.0s   
step_01000 • [   0% ] waiting        5m27.0s   

running (04m04.0s), 0001/0390 VUs, 55784 complete and 0 interrupted iterations
step_00050 ✓ [ 100% ] 000/020 VUs    30s        50.00 iters/s
step_00100 ✓ [ 100% ] 000/020 VUs    30s        100.00 iters/s
step_00150 ✓ [ 100% ] 000/030 VUs    30s        150.00 iters/s
step_00200 ✓ [ 100% ] 000/040 VUs    30s        200.00 iters/s
step_00250 ✓ [ 100% ] 000/050 VUs    30s        250.00 iters/s
step_00300 ✓ [ 100% ] 000/060 VUs    30s        300.00 iters/s
step_00350 ✓ [ 100% ] 0000/0070 VUs  30s        350.00 iters/s
step_00400 ✓ [ 100% ] 0000/0080 VUs  30s        400.00 iters/s
step_00450   [  13% ] 0001/0090 VUs  04.0s/30s  450.00 iters/s
step_00500 • [   0% ] waiting        0m26.0s   
step_00550 • [   0% ] waiting        0m56.0s   
step_00600 • [   0% ] waiting        1m26.0s   
step_00650 • [   0% ] waiting        1m56.0s   
step_00700 • [   0% ] waiting        2m26.0s   
step_00750 • [   0% ] waiting        2m56.0s   
step_00800 • [   0% ] waiting        3m26.0s   
step_00850 • [   0% ] waiting        3m56.0s   
step_00900 • [   0% ] waiting        4m26.0s   
step_00950 • [   0% ] waiting        4m56.0s   
step_01000 • [   0% ] waiting        5m26.0s   

running (04m05.0s), 0001/0390 VUs, 56234 complete and 0 interrupted iterations
step_00050 ✓ [ 100% ] 000/020 VUs    30s        50.00 iters/s
step_00100 ✓ [ 100% ] 000/020 VUs    30s        100.00 iters/s
step_00150 ✓ [ 100% ] 000/030 VUs    30s        150.00 iters/s
step_00200 ✓ [ 100% ] 000/040 VUs    30s        200.00 iters/s
step_00250 ✓ [ 100% ] 000/050 VUs    30s        250.00 iters/s
step_00300 ✓ [ 100% ] 000/060 VUs    30s        300.00 iters/s
step_00350 ✓ [ 100% ] 0000/0070 VUs  30s        350.00 iters/s
step_00400 ✓ [ 100% ] 0000/0080 VUs  30s        400.00 iters/s
step_00450   [  17% ] 0001/0090 VUs  05.0s/30s  450.00 iters/s
step_00500 • [   0% ] waiting        0m25.0s   
step_00550 • [   0% ] waiting        0m55.0s   
step_00600 • [   0% ] waiting        1m25.0s   
step_00650 • [   0% ] waiting        1m55.0s   
step_00700 • [   0% ] waiting        2m25.0s   
step_00750 • [   0% ] waiting        2m55.0s   
step_00800 • [   0% ] waiting        3m25.0s   
step_00850 • [   0% ] waiting        3m55.0s   
step_00900 • [   0% ] waiting        4m25.0s   
step_00950 • [   0% ] waiting        4m55.0s   
step_01000 • [   0% ] waiting        5m25.0s   

running (04m06.0s), 0002/0390 VUs, 56683 complete and 0 interrupted iterations
step_00050 ✓ [ 100% ] 000/020 VUs    30s        50.00 iters/s
step_00100 ✓ [ 100% ] 000/020 VUs    30s        100.00 iters/s
step_00150 ✓ [ 100% ] 000/030 VUs    30s        150.00 iters/s
step_00200 ✓ [ 100% ] 000/040 VUs    30s        200.00 iters/s
step_00250 ✓ [ 100% ] 000/050 VUs    30s        250.00 iters/s
step_00300 ✓ [ 100% ] 000/060 VUs    30s        300.00 iters/s
step_00350 ✓ [ 100% ] 0000/0070 VUs  30s        350.00 iters/s
step_00400 ✓ [ 100% ] 0000/0080 VUs  30s        400.00 iters/s
step_00450   [  20% ] 0002/0090 VUs  06.0s/30s  450.00 iters/s
step_00500 • [   0% ] waiting        0m24.0s   
step_00550 • [   0% ] waiting        0m54.0s   
step_00600 • [   0% ] waiting        1m24.0s   
step_00650 • [   0% ] waiting        1m54.0s   
step_00700 • [   0% ] waiting        2m24.0s   
step_00750 • [   0% ] waiting        2m54.0s   
step_00800 • [   0% ] waiting        3m24.0s   
step_00850 • [   0% ] waiting        3m54.0s   
step_00900 • [   0% ] waiting        4m24.0s   
step_00950 • [   0% ] waiting        4m54.0s   
step_01000 • [   0% ] waiting        5m24.0s   

running (04m07.0s), 0001/0390 VUs, 57134 complete and 0 interrupted iterations
step_00050 ✓ [ 100% ] 000/020 VUs    30s        50.00 iters/s
step_00100 ✓ [ 100% ] 000/020 VUs    30s        100.00 iters/s
step_00150 ✓ [ 100% ] 000/030 VUs    30s        150.00 iters/s
step_00200 ✓ [ 100% ] 000/040 VUs    30s        200.00 iters/s
step_00250 ✓ [ 100% ] 000/050 VUs    30s        250.00 iters/s
step_00300 ✓ [ 100% ] 000/060 VUs    30s        300.00 iters/s
step_00350 ✓ [ 100% ] 0000/0070 VUs  30s        350.00 iters/s
step_00400 ✓ [ 100% ] 0000/0080 VUs  30s        400.00 iters/s
step_00450   [  23% ] 0001/0090 VUs  07.0s/30s  450.00 iters/s
step_00500 • [   0% ] waiting        0m23.0s   
step_00550 • [   0% ] waiting        0m53.0s   
step_00600 • [   0% ] waiting        1m23.0s   
step_00650 • [   0% ] waiting        1m53.0s   
step_00700 • [   0% ] waiting        2m23.0s   
step_00750 • [   0% ] waiting        2m53.0s   
step_00800 • [   0% ] waiting        3m23.0s   
step_00850 • [   0% ] waiting        3m53.0s   
step_00900 • [   0% ] waiting        4m23.0s   
step_00950 • [   0% ] waiting        4m53.0s   
step_01000 • [   0% ] waiting        5m23.0s   

running (04m08.0s), 0001/0390 VUs, 57584 complete and 0 interrupted iterations
step_00050 ✓ [ 100% ] 000/020 VUs    30s        50.00 iters/s
step_00100 ✓ [ 100% ] 000/020 VUs    30s        100.00 iters/s
step_00150 ✓ [ 100% ] 000/030 VUs    30s        150.00 iters/s
step_00200 ✓ [ 100% ] 000/040 VUs    30s        200.00 iters/s
step_00250 ✓ [ 100% ] 000/050 VUs    30s        250.00 iters/s
step_00300 ✓ [ 100% ] 000/060 VUs    30s        300.00 iters/s
step_00350 ✓ [ 100% ] 0000/0070 VUs  30s        350.00 iters/s
step_00400 ✓ [ 100% ] 0000/0080 VUs  30s        400.00 iters/s
step_00450   [  27% ] 0001/0090 VUs  08.0s/30s  450.00 iters/s
step_00500 • [   0% ] waiting        0m22.0s   
step_00550 • [   0% ] waiting        0m52.0s   
step_00600 • [   0% ] waiting        1m22.0s   
step_00650 • [   0% ] waiting        1m52.0s   
step_00700 • [   0% ] waiting        2m22.0s   
step_00750 • [   0% ] waiting        2m52.0s   
step_00800 • [   0% ] waiting        3m22.0s   
step_00850 • [   0% ] waiting        3m52.0s   
step_00900 • [   0% ] waiting        4m22.0s   
step_00950 • [   0% ] waiting        4m52.0s   
step_01000 • [   0% ] waiting        5m22.0s   

running (04m09.0s), 0006/0390 VUs, 58029 complete and 0 interrupted iterations
step_00050 ✓ [ 100% ] 000/020 VUs    30s        50.00 iters/s
step_00100 ✓ [ 100% ] 000/020 VUs    30s        100.00 iters/s
step_00150 ✓ [ 100% ] 000/030 VUs    30s        150.00 iters/s
step_00200 ✓ [ 100% ] 000/040 VUs    30s        200.00 iters/s
step_00250 ✓ [ 100% ] 000/050 VUs    30s        250.00 iters/s
step_00300 ✓ [ 100% ] 000/060 VUs    30s        300.00 iters/s
step_00350 ✓ [ 100% ] 0000/0070 VUs  30s        350.00 iters/s
step_00400 ✓ [ 100% ] 0000/0080 VUs  30s        400.00 iters/s
step_00450   [  30% ] 0006/0090 VUs  09.0s/30s  450.00 iters/s
step_00500 • [   0% ] waiting        0m21.0s   
step_00550 • [   0% ] waiting        0m51.0s   
step_00600 • [   0% ] waiting        1m21.0s   
step_00650 • [   0% ] waiting        1m51.0s   
step_00700 • [   0% ] waiting        2m21.0s   
step_00750 • [   0% ] waiting        2m51.0s   
step_00800 • [   0% ] waiting        3m21.0s   
step_00850 • [   0% ] waiting        3m51.0s   
step_00900 • [   0% ] waiting        4m21.0s   
step_00950 • [   0% ] waiting        4m51.0s   
step_01000 • [   0% ] waiting        5m21.0s   

running (04m10.0s), 0002/0390 VUs, 58483 complete and 0 interrupted iterations
step_00050 ✓ [ 100% ] 000/020 VUs    30s        50.00 iters/s
step_00100 ✓ [ 100% ] 000/020 VUs    30s        100.00 iters/s
step_00150 ✓ [ 100% ] 000/030 VUs    30s        150.00 iters/s
step_00200 ✓ [ 100% ] 000/040 VUs    30s        200.00 iters/s
step_00250 ✓ [ 100% ] 000/050 VUs    30s        250.00 iters/s
step_00300 ✓ [ 100% ] 000/060 VUs    30s        300.00 iters/s
step_00350 ✓ [ 100% ] 0000/0070 VUs  30s        350.00 iters/s
step_00400 ✓ [ 100% ] 0000/0080 VUs  30s        400.00 iters/s
step_00450   [  33% ] 0002/0090 VUs  10.0s/30s  450.00 iters/s
step_00500 • [   0% ] waiting        0m20.0s   
step_00550 • [   0% ] waiting        0m50.0s   
step_00600 • [   0% ] waiting        1m20.0s   
step_00650 • [   0% ] waiting        1m50.0s   
step_00700 • [   0% ] waiting        2m20.0s   
step_00750 • [   0% ] waiting        2m50.0s   
step_00800 • [   0% ] waiting        3m20.0s   
step_00850 • [   0% ] waiting        3m50.0s   
step_00900 • [   0% ] waiting        4m20.0s   
step_00950 • [   0% ] waiting        4m50.0s   
step_01000 • [   0% ] waiting        5m20.0s   

running (04m11.0s), 0001/0390 VUs, 58934 complete and 0 interrupted iterations
step_00050 ✓ [ 100% ] 000/020 VUs    30s        50.00 iters/s
step_00100 ✓ [ 100% ] 000/020 VUs    30s        100.00 iters/s
step_00150 ✓ [ 100% ] 000/030 VUs    30s        150.00 iters/s
step_00200 ✓ [ 100% ] 000/040 VUs    30s        200.00 iters/s
step_00250 ✓ [ 100% ] 000/050 VUs    30s        250.00 iters/s
step_00300 ✓ [ 100% ] 000/060 VUs    30s        300.00 iters/s
step_00350 ✓ [ 100% ] 0000/0070 VUs  30s        350.00 iters/s
step_00400 ✓ [ 100% ] 0000/0080 VUs  30s        400.00 iters/s
step_00450   [  37% ] 0001/0090 VUs  11.0s/30s  450.00 iters/s
step_00500 • [   0% ] waiting        0m19.0s   
step_00550 • [   0% ] waiting        0m49.0s   
step_00600 • [   0% ] waiting        1m19.0s   
step_00650 • [   0% ] waiting        1m49.0s   
step_00700 • [   0% ] waiting        2m19.0s   
step_00750 • [   0% ] waiting        2m49.0s   
step_00800 • [   0% ] waiting        3m19.0s   
step_00850 • [   0% ] waiting        3m49.0s   
step_00900 • [   0% ] waiting        4m19.0s   
step_00950 • [   0% ] waiting        4m49.0s   
step_01000 • [   0% ] waiting        5m19.0s   

running (04m12.0s), 0001/0390 VUs, 59384 complete and 0 interrupted iterations
step_00050 ✓ [ 100% ] 000/020 VUs    30s        50.00 iters/s
step_00100 ✓ [ 100% ] 000/020 VUs    30s        100.00 iters/s
step_00150 ✓ [ 100% ] 000/030 VUs    30s        150.00 iters/s
step_00200 ✓ [ 100% ] 000/040 VUs    30s        200.00 iters/s
step_00250 ✓ [ 100% ] 000/050 VUs    30s        250.00 iters/s
step_00300 ✓ [ 100% ] 000/060 VUs    30s        300.00 iters/s
step_00350 ✓ [ 100% ] 0000/0070 VUs  30s        350.00 iters/s
step_00400 ✓ [ 100% ] 0000/0080 VUs  30s        400.00 iters/s
step_00450   [  40% ] 0001/0090 VUs  12.0s/30s  450.00 iters/s
step_00500 • [   0% ] waiting        0m18.0s   
step_00550 • [   0% ] waiting        0m48.0s   
step_00600 • [   0% ] waiting        1m18.0s   
step_00650 • [   0% ] waiting        1m48.0s   
step_00700 • [   0% ] waiting        2m18.0s   
step_00750 • [   0% ] waiting        2m48.0s   
step_00800 • [   0% ] waiting        3m18.0s   
step_00850 • [   0% ] waiting        3m48.0s   
step_00900 • [   0% ] waiting        4m18.0s   
step_00950 • [   0% ] waiting        4m48.0s   
step_01000 • [   0% ] waiting        5m18.0s   

running (04m13.0s), 0001/0390 VUs, 59834 complete and 0 interrupted iterations
step_00050 ✓ [ 100% ] 000/020 VUs    30s        50.00 iters/s
step_00100 ✓ [ 100% ] 000/020 VUs    30s        100.00 iters/s
step_00150 ✓ [ 100% ] 000/030 VUs    30s        150.00 iters/s
step_00200 ✓ [ 100% ] 000/040 VUs    30s        200.00 iters/s
step_00250 ✓ [ 100% ] 000/050 VUs    30s        250.00 iters/s
step_00300 ✓ [ 100% ] 000/060 VUs    30s        300.00 iters/s
step_00350 ✓ [ 100% ] 0000/0070 VUs  30s        350.00 iters/s
step_00400 ✓ [ 100% ] 0000/0080 VUs  30s        400.00 iters/s
step_00450   [  43% ] 0001/0090 VUs  13.0s/30s  450.00 iters/s
step_00500 • [   0% ] waiting        0m17.0s   
step_00550 • [   0% ] waiting        0m47.0s   
step_00600 • [   0% ] waiting        1m17.0s   
step_00650 • [   0% ] waiting        1m47.0s   
step_00700 • [   0% ] waiting        2m17.0s   
step_00750 • [   0% ] waiting        2m47.0s   
step_00800 • [   0% ] waiting        3m17.0s   
step_00850 • [   0% ] waiting        3m47.0s   
step_00900 • [   0% ] waiting        4m17.0s   
step_00950 • [   0% ] waiting        4m47.0s   
step_01000 • [   0% ] waiting        5m17.0s   

running (04m14.0s), 0001/0390 VUs, 60284 complete and 0 interrupted iterations
step_00050 ✓ [ 100% ] 000/020 VUs    30s        50.00 iters/s
step_00100 ✓ [ 100% ] 000/020 VUs    30s        100.00 iters/s
step_00150 ✓ [ 100% ] 000/030 VUs    30s        150.00 iters/s
step_00200 ✓ [ 100% ] 000/040 VUs    30s        200.00 iters/s
step_00250 ✓ [ 100% ] 000/050 VUs    30s        250.00 iters/s
step_00300 ✓ [ 100% ] 000/060 VUs    30s        300.00 iters/s
step_00350 ✓ [ 100% ] 0000/0070 VUs  30s        350.00 iters/s
step_00400 ✓ [ 100% ] 0000/0080 VUs  30s        400.00 iters/s
step_00450   [  47% ] 0001/0090 VUs  14.0s/30s  450.00 iters/s
step_00500 • [   0% ] waiting        0m16.0s   
step_00550 • [   0% ] waiting        0m46.0s   
step_00600 • [   0% ] waiting        1m16.0s   
step_00650 • [   0% ] waiting        1m46.0s   
step_00700 • [   0% ] waiting        2m16.0s   
step_00750 • [   0% ] waiting        2m46.0s   
step_00800 • [   0% ] waiting        3m16.0s   
step_00850 • [   0% ] waiting        3m46.0s   
step_00900 • [   0% ] waiting        4m16.0s   
step_00950 • [   0% ] waiting        4m46.0s   
step_01000 • [   0% ] waiting        5m16.0s   

running (04m15.0s), 0001/0390 VUs, 60734 complete and 0 interrupted iterations
step_00050 ✓ [ 100% ] 000/020 VUs    30s        50.00 iters/s
step_00100 ✓ [ 100% ] 000/020 VUs    30s        100.00 iters/s
step_00150 ✓ [ 100% ] 000/030 VUs    30s        150.00 iters/s
step_00200 ✓ [ 100% ] 000/040 VUs    30s        200.00 iters/s
step_00250 ✓ [ 100% ] 000/050 VUs    30s        250.00 iters/s
step_00300 ✓ [ 100% ] 000/060 VUs    30s        300.00 iters/s
step_00350 ✓ [ 100% ] 0000/0070 VUs  30s        350.00 iters/s
step_00400 ✓ [ 100% ] 0000/0080 VUs  30s        400.00 iters/s
step_00450   [  50% ] 0001/0090 VUs  15.0s/30s  450.00 iters/s
step_00500 • [   0% ] waiting        0m15.0s   
step_00550 • [   0% ] waiting        0m45.0s   
step_00600 • [   0% ] waiting        1m15.0s   
step_00650 • [   0% ] waiting        1m45.0s   
step_00700 • [   0% ] waiting        2m15.0s   
step_00750 • [   0% ] waiting        2m45.0s   
step_00800 • [   0% ] waiting        3m15.0s   
step_00850 • [   0% ] waiting        3m45.0s   
step_00900 • [   0% ] waiting        4m15.0s   
step_00950 • [   0% ] waiting        4m45.0s   
step_01000 • [   0% ] waiting        5m15.0s   

running (04m16.0s), 0001/0390 VUs, 61184 complete and 0 interrupted iterations
step_00050 ✓ [ 100% ] 000/020 VUs    30s        50.00 iters/s
step_00100 ✓ [ 100% ] 000/020 VUs    30s        100.00 iters/s
step_00150 ✓ [ 100% ] 000/030 VUs    30s        150.00 iters/s
step_00200 ✓ [ 100% ] 000/040 VUs    30s        200.00 iters/s
step_00250 ✓ [ 100% ] 000/050 VUs    30s        250.00 iters/s
step_00300 ✓ [ 100% ] 000/060 VUs    30s        300.00 iters/s
step_00350 ✓ [ 100% ] 0000/0070 VUs  30s        350.00 iters/s
step_00400 ✓ [ 100% ] 0000/0080 VUs  30s        400.00 iters/s
step_00450   [  53% ] 0001/0090 VUs  16.0s/30s  450.00 iters/s
step_00500 • [   0% ] waiting        0m14.0s   
step_00550 • [   0% ] waiting        0m44.0s   
step_00600 • [   0% ] waiting        1m14.0s   
step_00650 • [   0% ] waiting        1m44.0s   
step_00700 • [   0% ] waiting        2m14.0s   
step_00750 • [   0% ] waiting        2m44.0s   
step_00800 • [   0% ] waiting        3m14.0s   
step_00850 • [   0% ] waiting        3m44.0s   
step_00900 • [   0% ] waiting        4m14.0s   
step_00950 • [   0% ] waiting        4m44.0s   
step_01000 • [   0% ] waiting        5m14.0s   

running (04m17.0s), 0001/0390 VUs, 61634 complete and 0 interrupted iterations
step_00050 ✓ [ 100% ] 000/020 VUs    30s        50.00 iters/s
step_00100 ✓ [ 100% ] 000/020 VUs    30s        100.00 iters/s
step_00150 ✓ [ 100% ] 000/030 VUs    30s        150.00 iters/s
step_00200 ✓ [ 100% ] 000/040 VUs    30s        200.00 iters/s
step_00250 ✓ [ 100% ] 000/050 VUs    30s        250.00 iters/s
step_00300 ✓ [ 100% ] 000/060 VUs    30s        300.00 iters/s
step_00350 ✓ [ 100% ] 0000/0070 VUs  30s        350.00 iters/s
step_00400 ✓ [ 100% ] 0000/0080 VUs  30s        400.00 iters/s
step_00450   [  57% ] 0001/0090 VUs  17.0s/30s  450.00 iters/s
step_00500 • [   0% ] waiting        0m13.0s   
step_00550 • [   0% ] waiting        0m43.0s   
step_00600 • [   0% ] waiting        1m13.0s   
step_00650 • [   0% ] waiting        1m43.0s   
step_00700 • [   0% ] waiting        2m13.0s   
step_00750 • [   0% ] waiting        2m43.0s   
step_00800 • [   0% ] waiting        3m13.0s   
step_00850 • [   0% ] waiting        3m43.0s   
step_00900 • [   0% ] waiting        4m13.0s   
step_00950 • [   0% ] waiting        4m43.0s   
step_01000 • [   0% ] waiting        5m13.0s   

running (04m18.0s), 0001/0390 VUs, 62084 complete and 0 interrupted iterations
step_00050 ✓ [ 100% ] 000/020 VUs    30s        50.00 iters/s
step_00100 ✓ [ 100% ] 000/020 VUs    30s        100.00 iters/s
step_00150 ✓ [ 100% ] 000/030 VUs    30s        150.00 iters/s
step_00200 ✓ [ 100% ] 000/040 VUs    30s        200.00 iters/s
step_00250 ✓ [ 100% ] 000/050 VUs    30s        250.00 iters/s
step_00300 ✓ [ 100% ] 000/060 VUs    30s        300.00 iters/s
step_00350 ✓ [ 100% ] 0000/0070 VUs  30s        350.00 iters/s
step_00400 ✓ [ 100% ] 0000/0080 VUs  30s        400.00 iters/s
step_00450   [  60% ] 0001/0090 VUs  18.0s/30s  450.00 iters/s
step_00500 • [   0% ] waiting        0m12.0s   
step_00550 • [   0% ] waiting        0m42.0s   
step_00600 • [   0% ] waiting        1m12.0s   
step_00650 • [   0% ] waiting        1m42.0s   
step_00700 • [   0% ] waiting        2m12.0s   
step_00750 • [   0% ] waiting        2m42.0s   
step_00800 • [   0% ] waiting        3m12.0s   
step_00850 • [   0% ] waiting        3m42.0s   
step_00900 • [   0% ] waiting        4m12.0s   
step_00950 • [   0% ] waiting        4m42.0s   
step_01000 • [   0% ] waiting        5m12.0s   

running (04m19.0s), 0001/0390 VUs, 62534 complete and 0 interrupted iterations
step_00050 ✓ [ 100% ] 000/020 VUs    30s        50.00 iters/s
step_00100 ✓ [ 100% ] 000/020 VUs    30s        100.00 iters/s
step_00150 ✓ [ 100% ] 000/030 VUs    30s        150.00 iters/s
step_00200 ✓ [ 100% ] 000/040 VUs    30s        200.00 iters/s
step_00250 ✓ [ 100% ] 000/050 VUs    30s        250.00 iters/s
step_00300 ✓ [ 100% ] 000/060 VUs    30s        300.00 iters/s
step_00350 ✓ [ 100% ] 0000/0070 VUs  30s        350.00 iters/s
step_00400 ✓ [ 100% ] 0000/0080 VUs  30s        400.00 iters/s
step_00450   [  63% ] 0001/0090 VUs  19.0s/30s  450.00 iters/s
step_00500 • [   0% ] waiting        0m11.0s   
step_00550 • [   0% ] waiting        0m41.0s   
step_00600 • [   0% ] waiting        1m11.0s   
step_00650 • [   0% ] waiting        1m41.0s   
step_00700 • [   0% ] waiting        2m11.0s   
step_00750 • [   0% ] waiting        2m41.0s   
step_00800 • [   0% ] waiting        3m11.0s   
step_00850 • [   0% ] waiting        3m41.0s   
step_00900 • [   0% ] waiting        4m11.0s   
step_00950 • [   0% ] waiting        4m41.0s   
step_01000 • [   0% ] waiting        5m11.0s   

running (04m20.0s), 0001/0390 VUs, 62984 complete and 0 interrupted iterations
step_00050 ✓ [ 100% ] 000/020 VUs    30s        50.00 iters/s
step_00100 ✓ [ 100% ] 000/020 VUs    30s        100.00 iters/s
step_00150 ✓ [ 100% ] 000/030 VUs    30s        150.00 iters/s
step_00200 ✓ [ 100% ] 000/040 VUs    30s        200.00 iters/s
step_00250 ✓ [ 100% ] 000/050 VUs    30s        250.00 iters/s
step_00300 ✓ [ 100% ] 000/060 VUs    30s        300.00 iters/s
step_00350 ✓ [ 100% ] 0000/0070 VUs  30s        350.00 iters/s
step_00400 ✓ [ 100% ] 0000/0080 VUs  30s        400.00 iters/s
step_00450   [  67% ] 0001/0090 VUs  20.0s/30s  450.00 iters/s
step_00500 • [   0% ] waiting        0m10.0s   
step_00550 • [   0% ] waiting        0m40.0s   
step_00600 • [   0% ] waiting        1m10.0s   
step_00650 • [   0% ] waiting        1m40.0s   
step_00700 • [   0% ] waiting        2m10.0s   
step_00750 • [   0% ] waiting        2m40.0s   
step_00800 • [   0% ] waiting        3m10.0s   
step_00850 • [   0% ] waiting        3m40.0s   
step_00900 • [   0% ] waiting        4m10.0s   
step_00950 • [   0% ] waiting        4m40.0s   
step_01000 • [   0% ] waiting        5m10.0s   

running (04m21.0s), 0001/0390 VUs, 63434 complete and 0 interrupted iterations
step_00050 ✓ [ 100% ] 000/020 VUs    30s        50.00 iters/s
step_00100 ✓ [ 100% ] 000/020 VUs    30s        100.00 iters/s
step_00150 ✓ [ 100% ] 000/030 VUs    30s        150.00 iters/s
step_00200 ✓ [ 100% ] 000/040 VUs    30s        200.00 iters/s
step_00250 ✓ [ 100% ] 000/050 VUs    30s        250.00 iters/s
step_00300 ✓ [ 100% ] 000/060 VUs    30s        300.00 iters/s
step_00350 ✓ [ 100% ] 0000/0070 VUs  30s        350.00 iters/s
step_00400 ✓ [ 100% ] 0000/0080 VUs  30s        400.00 iters/s
step_00450   [  70% ] 0001/0090 VUs  21.0s/30s  450.00 iters/s
step_00500 • [   0% ] waiting        0m09.0s   
step_00550 • [   0% ] waiting        0m39.0s   
step_00600 • [   0% ] waiting        1m09.0s   
step_00650 • [   0% ] waiting        1m39.0s   
step_00700 • [   0% ] waiting        2m09.0s   
step_00750 • [   0% ] waiting        2m39.0s   
step_00800 • [   0% ] waiting        3m09.0s   
step_00850 • [   0% ] waiting        3m39.0s   
step_00900 • [   0% ] waiting        4m09.0s   
step_00950 • [   0% ] waiting        4m39.0s   
step_01000 • [   0% ] waiting        5m09.0s   

running (04m22.0s), 0001/0390 VUs, 63884 complete and 0 interrupted iterations
step_00050 ✓ [ 100% ] 000/020 VUs    30s        50.00 iters/s
step_00100 ✓ [ 100% ] 000/020 VUs    30s        100.00 iters/s
step_00150 ✓ [ 100% ] 000/030 VUs    30s        150.00 iters/s
step_00200 ✓ [ 100% ] 000/040 VUs    30s        200.00 iters/s
step_00250 ✓ [ 100% ] 000/050 VUs    30s        250.00 iters/s
step_00300 ✓ [ 100% ] 000/060 VUs    30s        300.00 iters/s
step_00350 ✓ [ 100% ] 0000/0070 VUs  30s        350.00 iters/s
step_00400 ✓ [ 100% ] 0000/0080 VUs  30s        400.00 iters/s
step_00450   [  73% ] 0001/0090 VUs  22.0s/30s  450.00 iters/s
step_00500 • [   0% ] waiting        0m08.0s   
step_00550 • [   0% ] waiting        0m38.0s   
step_00600 • [   0% ] waiting        1m08.0s   
step_00650 • [   0% ] waiting        1m38.0s   
step_00700 • [   0% ] waiting        2m08.0s   
step_00750 • [   0% ] waiting        2m38.0s   
step_00800 • [   0% ] waiting        3m08.0s   
step_00850 • [   0% ] waiting        3m38.0s   
step_00900 • [   0% ] waiting        4m08.0s   
step_00950 • [   0% ] waiting        4m38.0s   
step_01000 • [   0% ] waiting        5m08.0s   

running (04m23.0s), 0001/0390 VUs, 64334 complete and 0 interrupted iterations
step_00050 ✓ [ 100% ] 000/020 VUs    30s        50.00 iters/s
step_00100 ✓ [ 100% ] 000/020 VUs    30s        100.00 iters/s
step_00150 ✓ [ 100% ] 000/030 VUs    30s        150.00 iters/s
step_00200 ✓ [ 100% ] 000/040 VUs    30s        200.00 iters/s
step_00250 ✓ [ 100% ] 000/050 VUs    30s        250.00 iters/s
step_00300 ✓ [ 100% ] 000/060 VUs    30s        300.00 iters/s
step_00350 ✓ [ 100% ] 0000/0070 VUs  30s        350.00 iters/s
step_00400 ✓ [ 100% ] 0000/0080 VUs  30s        400.00 iters/s
step_00450   [  77% ] 0001/0090 VUs  23.0s/30s  450.00 iters/s
step_00500 • [   0% ] waiting        0m07.0s   
step_00550 • [   0% ] waiting        0m37.0s   
step_00600 • [   0% ] waiting        1m07.0s   
step_00650 • [   0% ] waiting        1m37.0s   
step_00700 • [   0% ] waiting        2m07.0s   
step_00750 • [   0% ] waiting        2m37.0s   
step_00800 • [   0% ] waiting        3m07.0s   
step_00850 • [   0% ] waiting        3m37.0s   
step_00900 • [   0% ] waiting        4m07.0s   
step_00950 • [   0% ] waiting        4m37.0s   
step_01000 • [   0% ] waiting        5m07.0s   

running (04m24.0s), 0001/0390 VUs, 64784 complete and 0 interrupted iterations
step_00050 ✓ [ 100% ] 000/020 VUs    30s        50.00 iters/s
step_00100 ✓ [ 100% ] 000/020 VUs    30s        100.00 iters/s
step_00150 ✓ [ 100% ] 000/030 VUs    30s        150.00 iters/s
step_00200 ✓ [ 100% ] 000/040 VUs    30s        200.00 iters/s
step_00250 ✓ [ 100% ] 000/050 VUs    30s        250.00 iters/s
step_00300 ✓ [ 100% ] 000/060 VUs    30s        300.00 iters/s
step_00350 ✓ [ 100% ] 0000/0070 VUs  30s        350.00 iters/s
step_00400 ✓ [ 100% ] 0000/0080 VUs  30s        400.00 iters/s
step_00450   [  80% ] 0001/0090 VUs  24.0s/30s  450.00 iters/s
step_00500 • [   0% ] waiting        0m06.0s   
step_00550 • [   0% ] waiting        0m36.0s   
step_00600 • [   0% ] waiting        1m06.0s   
step_00650 • [   0% ] waiting        1m36.0s   
step_00700 • [   0% ] waiting        2m06.0s   
step_00750 • [   0% ] waiting        2m36.0s   
step_00800 • [   0% ] waiting        3m06.0s   
step_00850 • [   0% ] waiting        3m36.0s   
step_00900 • [   0% ] waiting        4m06.0s   
step_00950 • [   0% ] waiting        4m36.0s   
step_01000 • [   0% ] waiting        5m06.0s   

running (04m25.0s), 0001/0390 VUs, 65234 complete and 0 interrupted iterations
step_00050 ✓ [ 100% ] 000/020 VUs    30s        50.00 iters/s
step_00100 ✓ [ 100% ] 000/020 VUs    30s        100.00 iters/s
step_00150 ✓ [ 100% ] 000/030 VUs    30s        150.00 iters/s
step_00200 ✓ [ 100% ] 000/040 VUs    30s        200.00 iters/s
step_00250 ✓ [ 100% ] 000/050 VUs    30s        250.00 iters/s
step_00300 ✓ [ 100% ] 000/060 VUs    30s        300.00 iters/s
step_00350 ✓ [ 100% ] 0000/0070 VUs  30s        350.00 iters/s
step_00400 ✓ [ 100% ] 0000/0080 VUs  30s        400.00 iters/s
step_00450   [  83% ] 0001/0090 VUs  25.0s/30s  450.00 iters/s
step_00500 • [   0% ] waiting        0m05.0s   
step_00550 • [   0% ] waiting        0m35.0s   
step_00600 • [   0% ] waiting        1m05.0s   
step_00650 • [   0% ] waiting        1m35.0s   
step_00700 • [   0% ] waiting        2m05.0s   
step_00750 • [   0% ] waiting        2m35.0s   
step_00800 • [   0% ] waiting        3m05.0s   
step_00850 • [   0% ] waiting        3m35.0s   
step_00900 • [   0% ] waiting        4m05.0s   
step_00950 • [   0% ] waiting        4m35.0s   
step_01000 • [   0% ] waiting        5m05.0s   

running (04m26.0s), 0001/0390 VUs, 65684 complete and 0 interrupted iterations
step_00050 ✓ [ 100% ] 000/020 VUs    30s        50.00 iters/s
step_00100 ✓ [ 100% ] 000/020 VUs    30s        100.00 iters/s
step_00150 ✓ [ 100% ] 000/030 VUs    30s        150.00 iters/s
step_00200 ✓ [ 100% ] 000/040 VUs    30s        200.00 iters/s
step_00250 ✓ [ 100% ] 000/050 VUs    30s        250.00 iters/s
step_00300 ✓ [ 100% ] 000/060 VUs    30s        300.00 iters/s
step_00350 ✓ [ 100% ] 0000/0070 VUs  30s        350.00 iters/s
step_00400 ✓ [ 100% ] 0000/0080 VUs  30s        400.00 iters/s
step_00450   [  87% ] 0001/0090 VUs  26.0s/30s  450.00 iters/s
step_00500 • [   0% ] waiting        0m04.0s   
step_00550 • [   0% ] waiting        0m34.0s   
step_00600 • [   0% ] waiting        1m04.0s   
step_00650 • [   0% ] waiting        1m34.0s   
step_00700 • [   0% ] waiting        2m04.0s   
step_00750 • [   0% ] waiting        2m34.0s   
step_00800 • [   0% ] waiting        3m04.0s   
step_00850 • [   0% ] waiting        3m34.0s   
step_00900 • [   0% ] waiting        4m04.0s   
step_00950 • [   0% ] waiting        4m34.0s   
step_01000 • [   0% ] waiting        5m04.0s   

running (04m27.0s), 0001/0390 VUs, 66134 complete and 0 interrupted iterations
step_00050 ✓ [ 100% ] 000/020 VUs    30s        50.00 iters/s
step_00100 ✓ [ 100% ] 000/020 VUs    30s        100.00 iters/s
step_00150 ✓ [ 100% ] 000/030 VUs    30s        150.00 iters/s
step_00200 ✓ [ 100% ] 000/040 VUs    30s        200.00 iters/s
step_00250 ✓ [ 100% ] 000/050 VUs    30s        250.00 iters/s
step_00300 ✓ [ 100% ] 000/060 VUs    30s        300.00 iters/s
step_00350 ✓ [ 100% ] 0000/0070 VUs  30s        350.00 iters/s
step_00400 ✓ [ 100% ] 0000/0080 VUs  30s        400.00 iters/s
step_00450   [  90% ] 0001/0090 VUs  27.0s/30s  450.00 iters/s
step_00500 • [   0% ] waiting        0m03.0s   
step_00550 • [   0% ] waiting        0m33.0s   
step_00600 • [   0% ] waiting        1m03.0s   
step_00650 • [   0% ] waiting        1m33.0s   
step_00700 • [   0% ] waiting        2m03.0s   
step_00750 • [   0% ] waiting        2m33.0s   
step_00800 • [   0% ] waiting        3m03.0s   
step_00850 • [   0% ] waiting        3m33.0s   
step_00900 • [   0% ] waiting        4m03.0s   
step_00950 • [   0% ] waiting        4m33.0s   
step_01000 • [   0% ] waiting        5m03.0s   

running (04m28.0s), 0001/0390 VUs, 66584 complete and 0 interrupted iterations
step_00050 ✓ [ 100% ] 000/020 VUs    30s        50.00 iters/s
step_00100 ✓ [ 100% ] 000/020 VUs    30s        100.00 iters/s
step_00150 ✓ [ 100% ] 000/030 VUs    30s        150.00 iters/s
step_00200 ✓ [ 100% ] 000/040 VUs    30s        200.00 iters/s
step_00250 ✓ [ 100% ] 000/050 VUs    30s        250.00 iters/s
step_00300 ✓ [ 100% ] 000/060 VUs    30s        300.00 iters/s
step_00350 ✓ [ 100% ] 0000/0070 VUs  30s        350.00 iters/s
step_00400 ✓ [ 100% ] 0000/0080 VUs  30s        400.00 iters/s
step_00450   [  93% ] 0001/0090 VUs  28.0s/30s  450.00 iters/s
step_00500 • [   0% ] waiting        0m02.0s   
step_00550 • [   0% ] waiting        0m32.0s   
step_00600 • [   0% ] waiting        1m02.0s   
step_00650 • [   0% ] waiting        1m32.0s   
step_00700 • [   0% ] waiting        2m02.0s   
step_00750 • [   0% ] waiting        2m32.0s   
step_00800 • [   0% ] waiting        3m02.0s   
step_00850 • [   0% ] waiting        3m32.0s   
step_00900 • [   0% ] waiting        4m02.0s   
step_00950 • [   0% ] waiting        4m32.0s   
step_01000 • [   0% ] waiting        5m02.0s   

running (04m29.0s), 0001/0390 VUs, 67034 complete and 0 interrupted iterations
step_00050 ✓ [ 100% ] 000/020 VUs    30s        50.00 iters/s
step_00100 ✓ [ 100% ] 000/020 VUs    30s        100.00 iters/s
step_00150 ✓ [ 100% ] 000/030 VUs    30s        150.00 iters/s
step_00200 ✓ [ 100% ] 000/040 VUs    30s        200.00 iters/s
step_00250 ✓ [ 100% ] 000/050 VUs    30s        250.00 iters/s
step_00300 ✓ [ 100% ] 000/060 VUs    30s        300.00 iters/s
step_00350 ✓ [ 100% ] 0000/0070 VUs  30s        350.00 iters/s
step_00400 ✓ [ 100% ] 0000/0080 VUs  30s        400.00 iters/s
step_00450   [  97% ] 0001/0090 VUs  29.0s/30s  450.00 iters/s
step_00500 • [   0% ] waiting        0m01.0s   
step_00550 • [   0% ] waiting        0m31.0s   
step_00600 • [   0% ] waiting        1m01.0s   
step_00650 • [   0% ] waiting        1m31.0s   
step_00700 • [   0% ] waiting        2m01.0s   
step_00750 • [   0% ] waiting        2m31.0s   
step_00800 • [   0% ] waiting        3m01.0s   
step_00850 • [   0% ] waiting        3m31.0s   
step_00900 • [   0% ] waiting        4m01.0s   
step_00950 • [   0% ] waiting        4m31.0s   
step_01000 • [   0% ] waiting        5m01.0s   

running (04m30.0s), 0001/0390 VUs, 67483 complete and 0 interrupted iterations
step_00050 ✓ [ 100% ] 000/020 VUs    30s        50.00 iters/s
step_00100 ✓ [ 100% ] 000/020 VUs    30s        100.00 iters/s
step_00150 ✓ [ 100% ] 000/030 VUs    30s        150.00 iters/s
step_00200 ✓ [ 100% ] 000/040 VUs    30s        200.00 iters/s
step_00250 ✓ [ 100% ] 000/050 VUs    30s        250.00 iters/s
step_00300 ✓ [ 100% ] 000/060 VUs    30s        300.00 iters/s
step_00350 ✓ [ 100% ] 0000/0070 VUs  30s        350.00 iters/s
step_00400 ✓ [ 100% ] 0000/0080 VUs  30s        400.00 iters/s
step_00450   [ 100% ] 0002/0090 VUs  30.0s/30s  450.00 iters/s
step_00500 • [   0% ] waiting        0m00.0s   
step_00550 • [   0% ] waiting        0m30.0s   
step_00600 • [   0% ] waiting        1m00.0s   
step_00650 • [   0% ] waiting        1m30.0s   
step_00700 • [   0% ] waiting        2m00.0s   
step_00750 • [   0% ] waiting        2m30.0s   
step_00800 • [   0% ] waiting        3m00.0s   
step_00850 • [   0% ] waiting        3m30.0s   
step_00900 • [   0% ] waiting        4m00.0s   
step_00950 • [   0% ] waiting        4m30.0s   
step_01000 • [   0% ] waiting        5m00.0s   

running (04m31.0s), 0001/0390 VUs, 67982 complete and 0 interrupted iterations
step_00050 ✓ [ 100% ] 000/020 VUs    30s        50.00 iters/s
step_00100 ✓ [ 100% ] 000/020 VUs    30s        100.00 iters/s
step_00150 ✓ [ 100% ] 000/030 VUs    30s        150.00 iters/s
step_00200 ✓ [ 100% ] 000/040 VUs    30s        200.00 iters/s
step_00250 ✓ [ 100% ] 000/050 VUs    30s        250.00 iters/s
step_00300 ✓ [ 100% ] 000/060 VUs    30s        300.00 iters/s
step_00350 ✓ [ 100% ] 0000/0070 VUs  30s        350.00 iters/s
step_00400 ✓ [ 100% ] 0000/0080 VUs  30s        400.00 iters/s
step_00450 ✓ [ 100% ] 0000/0090 VUs  30s        450.00 iters/s
step_00500   [   3% ] 0001/0100 VUs  01.0s/30s  500.00 iters/s
step_00550 • [   0% ] waiting        0m29.0s   
step_00600 • [   0% ] waiting        0m59.0s   
step_00650 • [   0% ] waiting        1m29.0s   
step_00700 • [   0% ] waiting        1m59.0s   
step_00750 • [   0% ] waiting        2m29.0s   
step_00800 • [   0% ] waiting        2m59.0s   
step_00850 • [   0% ] waiting        3m29.0s   
step_00900 • [   0% ] waiting        3m59.0s   
step_00950 • [   0% ] waiting        4m29.0s   
step_01000 • [   0% ] waiting        4m59.0s   

running (04m32.0s), 0000/0390 VUs, 68483 complete and 0 interrupted iterations
step_00050 ✓ [ 100% ] 000/020 VUs    30s        50.00 iters/s
step_00100 ✓ [ 100% ] 000/020 VUs    30s        100.00 iters/s
step_00150 ✓ [ 100% ] 000/030 VUs    30s        150.00 iters/s
step_00200 ✓ [ 100% ] 000/040 VUs    30s        200.00 iters/s
step_00250 ✓ [ 100% ] 000/050 VUs    30s        250.00 iters/s
step_00300 ✓ [ 100% ] 000/060 VUs    30s        300.00 iters/s
step_00350 ✓ [ 100% ] 0000/0070 VUs  30s        350.00 iters/s
step_00400 ✓ [ 100% ] 0000/0080 VUs  30s        400.00 iters/s
step_00450 ✓ [ 100% ] 0000/0090 VUs  30s        450.00 iters/s
step_00500   [   7% ] 0000/0100 VUs  02.0s/30s  500.00 iters/s
step_00550 • [   0% ] waiting        0m28.0s   
step_00600 • [   0% ] waiting        0m58.0s   
step_00650 • [   0% ] waiting        1m28.0s   
step_00700 • [   0% ] waiting        1m58.0s   
step_00750 • [   0% ] waiting        2m28.0s   
step_00800 • [   0% ] waiting        2m58.0s   
step_00850 • [   0% ] waiting        3m28.0s   
step_00900 • [   0% ] waiting        3m58.0s   
step_00950 • [   0% ] waiting        4m28.0s   
step_01000 • [   0% ] waiting        4m58.0s   

running (04m33.0s), 0001/0390 VUs, 68982 complete and 0 interrupted iterations
step_00050 ✓ [ 100% ] 000/020 VUs    30s        50.00 iters/s
step_00100 ✓ [ 100% ] 000/020 VUs    30s        100.00 iters/s
step_00150 ✓ [ 100% ] 000/030 VUs    30s        150.00 iters/s
step_00200 ✓ [ 100% ] 000/040 VUs    30s        200.00 iters/s
step_00250 ✓ [ 100% ] 000/050 VUs    30s        250.00 iters/s
step_00300 ✓ [ 100% ] 000/060 VUs    30s        300.00 iters/s
step_00350 ✓ [ 100% ] 0000/0070 VUs  30s        350.00 iters/s
step_00400 ✓ [ 100% ] 0000/0080 VUs  30s        400.00 iters/s
step_00450 ✓ [ 100% ] 0000/0090 VUs  30s        450.00 iters/s
step_00500   [  10% ] 0001/0100 VUs  03.0s/30s  500.00 iters/s
step_00550 • [   0% ] waiting        0m27.0s   
step_00600 • [   0% ] waiting        0m57.0s   
step_00650 • [   0% ] waiting        1m27.0s   
step_00700 • [   0% ] waiting        1m57.0s   
step_00750 • [   0% ] waiting        2m27.0s   
step_00800 • [   0% ] waiting        2m57.0s   
step_00850 • [   0% ] waiting        3m27.0s   
step_00900 • [   0% ] waiting        3m57.0s   
step_00950 • [   0% ] waiting        4m27.0s   
step_01000 • [   0% ] waiting        4m57.0s   

running (04m34.0s), 0000/0390 VUs, 69483 complete and 0 interrupted iterations
step_00050 ✓ [ 100% ] 000/020 VUs    30s        50.00 iters/s
step_00100 ✓ [ 100% ] 000/020 VUs    30s        100.00 iters/s
step_00150 ✓ [ 100% ] 000/030 VUs    30s        150.00 iters/s
step_00200 ✓ [ 100% ] 000/040 VUs    30s        200.00 iters/s
step_00250 ✓ [ 100% ] 000/050 VUs    30s        250.00 iters/s
step_00300 ✓ [ 100% ] 000/060 VUs    30s        300.00 iters/s
step_00350 ✓ [ 100% ] 0000/0070 VUs  30s        350.00 iters/s
step_00400 ✓ [ 100% ] 0000/0080 VUs  30s        400.00 iters/s
step_00450 ✓ [ 100% ] 0000/0090 VUs  30s        450.00 iters/s
step_00500   [  13% ] 0000/0100 VUs  04.0s/30s  500.00 iters/s
step_00550 • [   0% ] waiting        0m26.0s   
step_00600 • [   0% ] waiting        0m56.0s   
step_00650 • [   0% ] waiting        1m26.0s   
step_00700 • [   0% ] waiting        1m56.0s   
step_00750 • [   0% ] waiting        2m26.0s   
step_00800 • [   0% ] waiting        2m56.0s   
step_00850 • [   0% ] waiting        3m26.0s   
step_00900 • [   0% ] waiting        3m56.0s   
step_00950 • [   0% ] waiting        4m26.0s   
step_01000 • [   0% ] waiting        4m56.0s   

running (04m35.0s), 0000/0390 VUs, 69983 complete and 0 interrupted iterations
step_00050 ✓ [ 100% ] 000/020 VUs    30s        50.00 iters/s
step_00100 ✓ [ 100% ] 000/020 VUs    30s        100.00 iters/s
step_00150 ✓ [ 100% ] 000/030 VUs    30s        150.00 iters/s
step_00200 ✓ [ 100% ] 000/040 VUs    30s        200.00 iters/s
step_00250 ✓ [ 100% ] 000/050 VUs    30s        250.00 iters/s
step_00300 ✓ [ 100% ] 000/060 VUs    30s        300.00 iters/s
step_00350 ✓ [ 100% ] 0000/0070 VUs  30s        350.00 iters/s
step_00400 ✓ [ 100% ] 0000/0080 VUs  30s        400.00 iters/s
step_00450 ✓ [ 100% ] 0000/0090 VUs  30s        450.00 iters/s
step_00500   [  17% ] 0000/0100 VUs  05.0s/30s  500.00 iters/s
step_00550 • [   0% ] waiting        0m25.0s   
step_00600 • [   0% ] waiting        0m55.0s   
step_00650 • [   0% ] waiting        1m25.0s   
step_00700 • [   0% ] waiting        1m55.0s   
step_00750 • [   0% ] waiting        2m25.0s   
step_00800 • [   0% ] waiting        2m55.0s   
step_00850 • [   0% ] waiting        3m25.0s   
step_00900 • [   0% ] waiting        3m55.0s   
step_00950 • [   0% ] waiting        4m25.0s   
step_01000 • [   0% ] waiting        4m55.0s   

running (04m36.0s), 0001/0390 VUs, 70482 complete and 0 interrupted iterations
step_00050 ✓ [ 100% ] 000/020 VUs    30s        50.00 iters/s
step_00100 ✓ [ 100% ] 000/020 VUs    30s        100.00 iters/s
step_00150 ✓ [ 100% ] 000/030 VUs    30s        150.00 iters/s
step_00200 ✓ [ 100% ] 000/040 VUs    30s        200.00 iters/s
step_00250 ✓ [ 100% ] 000/050 VUs    30s        250.00 iters/s
step_00300 ✓ [ 100% ] 000/060 VUs    30s        300.00 iters/s
step_00350 ✓ [ 100% ] 0000/0070 VUs  30s        350.00 iters/s
step_00400 ✓ [ 100% ] 0000/0080 VUs  30s        400.00 iters/s
step_00450 ✓ [ 100% ] 0000/0090 VUs  30s        450.00 iters/s
step_00500   [  20% ] 0000/0100 VUs  06.0s/30s  500.00 iters/s
step_00550 • [   0% ] waiting        0m24.0s   
step_00600 • [   0% ] waiting        0m54.0s   
step_00650 • [   0% ] waiting        1m24.0s   
step_00700 • [   0% ] waiting        1m54.0s   
step_00750 • [   0% ] waiting        2m24.0s   
step_00800 • [   0% ] waiting        2m54.0s   
step_00850 • [   0% ] waiting        3m24.0s   
step_00900 • [   0% ] waiting        3m54.0s   
step_00950 • [   0% ] waiting        4m24.0s   
step_01000 • [   0% ] waiting        4m54.0s   

running (04m37.0s), 0000/0390 VUs, 70983 complete and 0 interrupted iterations
step_00050 ✓ [ 100% ] 000/020 VUs    30s        50.00 iters/s
step_00100 ✓ [ 100% ] 000/020 VUs    30s        100.00 iters/s
step_00150 ✓ [ 100% ] 000/030 VUs    30s        150.00 iters/s
step_00200 ✓ [ 100% ] 000/040 VUs    30s        200.00 iters/s
step_00250 ✓ [ 100% ] 000/050 VUs    30s        250.00 iters/s
step_00300 ✓ [ 100% ] 000/060 VUs    30s        300.00 iters/s
step_00350 ✓ [ 100% ] 0000/0070 VUs  30s        350.00 iters/s
step_00400 ✓ [ 100% ] 0000/0080 VUs  30s        400.00 iters/s
step_00450 ✓ [ 100% ] 0000/0090 VUs  30s        450.00 iters/s
step_00500   [  23% ] 0000/0100 VUs  07.0s/30s  500.00 iters/s
step_00550 • [   0% ] waiting        0m23.0s   
step_00600 • [   0% ] waiting        0m53.0s   
step_00650 • [   0% ] waiting        1m23.0s   
step_00700 • [   0% ] waiting        1m53.0s   
step_00750 • [   0% ] waiting        2m23.0s   
step_00800 • [   0% ] waiting        2m53.0s   
step_00850 • [   0% ] waiting        3m23.0s   
step_00900 • [   0% ] waiting        3m53.0s   
step_00950 • [   0% ] waiting        4m23.0s   
step_01000 • [   0% ] waiting        4m53.0s   

running (04m38.0s), 0001/0390 VUs, 71482 complete and 0 interrupted iterations
step_00050 ✓ [ 100% ] 000/020 VUs    30s        50.00 iters/s
step_00100 ✓ [ 100% ] 000/020 VUs    30s        100.00 iters/s
step_00150 ✓ [ 100% ] 000/030 VUs    30s        150.00 iters/s
step_00200 ✓ [ 100% ] 000/040 VUs    30s        200.00 iters/s
step_00250 ✓ [ 100% ] 000/050 VUs    30s        250.00 iters/s
step_00300 ✓ [ 100% ] 000/060 VUs    30s        300.00 iters/s
step_00350 ✓ [ 100% ] 0000/0070 VUs  30s        350.00 iters/s
step_00400 ✓ [ 100% ] 0000/0080 VUs  30s        400.00 iters/s
step_00450 ✓ [ 100% ] 0000/0090 VUs  30s        450.00 iters/s
step_00500   [  27% ] 0001/0100 VUs  08.0s/30s  500.00 iters/s
step_00550 • [   0% ] waiting        0m22.0s   
step_00600 • [   0% ] waiting        0m52.0s   
step_00650 • [   0% ] waiting        1m22.0s   
step_00700 • [   0% ] waiting        1m52.0s   
step_00750 • [   0% ] waiting        2m22.0s   
step_00800 • [   0% ] waiting        2m52.0s   
step_00850 • [   0% ] waiting        3m22.0s   
step_00900 • [   0% ] waiting        3m52.0s   
step_00950 • [   0% ] waiting        4m22.0s   
step_01000 • [   0% ] waiting        4m52.0s   

running (04m39.0s), 0000/0390 VUs, 71983 complete and 0 interrupted iterations
step_00050 ✓ [ 100% ] 000/020 VUs    30s        50.00 iters/s
step_00100 ✓ [ 100% ] 000/020 VUs    30s        100.00 iters/s
step_00150 ✓ [ 100% ] 000/030 VUs    30s        150.00 iters/s
step_00200 ✓ [ 100% ] 000/040 VUs    30s        200.00 iters/s
step_00250 ✓ [ 100% ] 000/050 VUs    30s        250.00 iters/s
step_00300 ✓ [ 100% ] 000/060 VUs    30s        300.00 iters/s
step_00350 ✓ [ 100% ] 0000/0070 VUs  30s        350.00 iters/s
step_00400 ✓ [ 100% ] 0000/0080 VUs  30s        400.00 iters/s
step_00450 ✓ [ 100% ] 0000/0090 VUs  30s        450.00 iters/s
step_00500   [  30% ] 0000/0100 VUs  09.0s/30s  500.00 iters/s
step_00550 • [   0% ] waiting        0m21.0s   
step_00600 • [   0% ] waiting        0m51.0s   
step_00650 • [   0% ] waiting        1m21.0s   
step_00700 • [   0% ] waiting        1m51.0s   
step_00750 • [   0% ] waiting        2m21.0s   
step_00800 • [   0% ] waiting        2m51.0s   
step_00850 • [   0% ] waiting        3m21.0s   
step_00900 • [   0% ] waiting        3m51.0s   
step_00950 • [   0% ] waiting        4m21.0s   
step_01000 • [   0% ] waiting        4m51.0s   

running (04m40.0s), 0001/0390 VUs, 72482 complete and 0 interrupted iterations
step_00050 ✓ [ 100% ] 000/020 VUs    30s        50.00 iters/s
step_00100 ✓ [ 100% ] 000/020 VUs    30s        100.00 iters/s
step_00150 ✓ [ 100% ] 000/030 VUs    30s        150.00 iters/s
step_00200 ✓ [ 100% ] 000/040 VUs    30s        200.00 iters/s
step_00250 ✓ [ 100% ] 000/050 VUs    30s        250.00 iters/s
step_00300 ✓ [ 100% ] 000/060 VUs    30s        300.00 iters/s
step_00350 ✓ [ 100% ] 0000/0070 VUs  30s        350.00 iters/s
step_00400 ✓ [ 100% ] 0000/0080 VUs  30s        400.00 iters/s
step_00450 ✓ [ 100% ] 0000/0090 VUs  30s        450.00 iters/s
step_00500   [  33% ] 0001/0100 VUs  10.0s/30s  500.00 iters/s
step_00550 • [   0% ] waiting        0m20.0s   
step_00600 • [   0% ] waiting        0m50.0s   
step_00650 • [   0% ] waiting        1m20.0s   
step_00700 • [   0% ] waiting        1m50.0s   
step_00750 • [   0% ] waiting        2m20.0s   
step_00800 • [   0% ] waiting        2m50.0s   
step_00850 • [   0% ] waiting        3m20.0s   
step_00900 • [   0% ] waiting        3m50.0s   
step_00950 • [   0% ] waiting        4m20.0s   
step_01000 • [   0% ] waiting        4m50.0s   

running (04m41.0s), 0001/0390 VUs, 72982 complete and 0 interrupted iterations
step_00050 ✓ [ 100% ] 000/020 VUs    30s        50.00 iters/s
step_00100 ✓ [ 100% ] 000/020 VUs    30s        100.00 iters/s
step_00150 ✓ [ 100% ] 000/030 VUs    30s        150.00 iters/s
step_00200 ✓ [ 100% ] 000/040 VUs    30s        200.00 iters/s
step_00250 ✓ [ 100% ] 000/050 VUs    30s        250.00 iters/s
step_00300 ✓ [ 100% ] 000/060 VUs    30s        300.00 iters/s
step_00350 ✓ [ 100% ] 0000/0070 VUs  30s        350.00 iters/s
step_00400 ✓ [ 100% ] 0000/0080 VUs  30s        400.00 iters/s
step_00450 ✓ [ 100% ] 0000/0090 VUs  30s        450.00 iters/s
step_00500   [  37% ] 0001/0100 VUs  11.0s/30s  500.00 iters/s
step_00550 • [   0% ] waiting        0m19.0s   
step_00600 • [   0% ] waiting        0m49.0s   
step_00650 • [   0% ] waiting        1m19.0s   
step_00700 • [   0% ] waiting        1m49.0s   
step_00750 • [   0% ] waiting        2m19.0s   
step_00800 • [   0% ] waiting        2m49.0s   
step_00850 • [   0% ] waiting        3m19.0s   
step_00900 • [   0% ] waiting        3m49.0s   
step_00950 • [   0% ] waiting        4m19.0s   
step_01000 • [   0% ] waiting        4m49.0s   

running (04m42.0s), 0001/0390 VUs, 73482 complete and 0 interrupted iterations
step_00050 ✓ [ 100% ] 000/020 VUs    30s        50.00 iters/s
step_00100 ✓ [ 100% ] 000/020 VUs    30s        100.00 iters/s
step_00150 ✓ [ 100% ] 000/030 VUs    30s        150.00 iters/s
step_00200 ✓ [ 100% ] 000/040 VUs    30s        200.00 iters/s
step_00250 ✓ [ 100% ] 000/050 VUs    30s        250.00 iters/s
step_00300 ✓ [ 100% ] 000/060 VUs    30s        300.00 iters/s
step_00350 ✓ [ 100% ] 0000/0070 VUs  30s        350.00 iters/s
step_00400 ✓ [ 100% ] 0000/0080 VUs  30s        400.00 iters/s
step_00450 ✓ [ 100% ] 0000/0090 VUs  30s        450.00 iters/s
step_00500   [  40% ] 0001/0100 VUs  12.0s/30s  500.00 iters/s
step_00550 • [   0% ] waiting        0m18.0s   
step_00600 • [   0% ] waiting        0m48.0s   
step_00650 • [   0% ] waiting        1m18.0s   
step_00700 • [   0% ] waiting        1m48.0s   
step_00750 • [   0% ] waiting        2m18.0s   
step_00800 • [   0% ] waiting        2m48.0s   
step_00850 • [   0% ] waiting        3m18.0s   
step_00900 • [   0% ] waiting        3m48.0s   
step_00950 • [   0% ] waiting        4m18.0s   
step_01000 • [   0% ] waiting        4m48.0s   

running (04m43.0s), 0002/0390 VUs, 73981 complete and 0 interrupted iterations
step_00050 ✓ [ 100% ] 000/020 VUs    30s        50.00 iters/s
step_00100 ✓ [ 100% ] 000/020 VUs    30s        100.00 iters/s
step_00150 ✓ [ 100% ] 000/030 VUs    30s        150.00 iters/s
step_00200 ✓ [ 100% ] 000/040 VUs    30s        200.00 iters/s
step_00250 ✓ [ 100% ] 000/050 VUs    30s        250.00 iters/s
step_00300 ✓ [ 100% ] 000/060 VUs    30s        300.00 iters/s
step_00350 ✓ [ 100% ] 0000/0070 VUs  30s        350.00 iters/s
step_00400 ✓ [ 100% ] 0000/0080 VUs  30s        400.00 iters/s
step_00450 ✓ [ 100% ] 0000/0090 VUs  30s        450.00 iters/s
step_00500   [  43% ] 0002/0100 VUs  13.0s/30s  500.00 iters/s
step_00550 • [   0% ] waiting        0m17.0s   
step_00600 • [   0% ] waiting        0m47.0s   
step_00650 • [   0% ] waiting        1m17.0s   
step_00700 • [   0% ] waiting        1m47.0s   
step_00750 • [   0% ] waiting        2m17.0s   
step_00800 • [   0% ] waiting        2m47.0s   
step_00850 • [   0% ] waiting        3m17.0s   
step_00900 • [   0% ] waiting        3m47.0s   
step_00950 • [   0% ] waiting        4m17.0s   
step_01000 • [   0% ] waiting        4m47.0s   

running (04m44.0s), 0001/0390 VUs, 74482 complete and 0 interrupted iterations
step_00050 ✓ [ 100% ] 000/020 VUs    30s        50.00 iters/s
step_00100 ✓ [ 100% ] 000/020 VUs    30s        100.00 iters/s
step_00150 ✓ [ 100% ] 000/030 VUs    30s        150.00 iters/s
step_00200 ✓ [ 100% ] 000/040 VUs    30s        200.00 iters/s
step_00250 ✓ [ 100% ] 000/050 VUs    30s        250.00 iters/s
step_00300 ✓ [ 100% ] 000/060 VUs    30s        300.00 iters/s
step_00350 ✓ [ 100% ] 0000/0070 VUs  30s        350.00 iters/s
step_00400 ✓ [ 100% ] 0000/0080 VUs  30s        400.00 iters/s
step_00450 ✓ [ 100% ] 0000/0090 VUs  30s        450.00 iters/s
step_00500   [  47% ] 0001/0100 VUs  14.0s/30s  500.00 iters/s
step_00550 • [   0% ] waiting        0m16.0s   
step_00600 • [   0% ] waiting        0m46.0s   
step_00650 • [   0% ] waiting        1m16.0s   
step_00700 • [   0% ] waiting        1m46.0s   
step_00750 • [   0% ] waiting        2m16.0s   
step_00800 • [   0% ] waiting        2m46.0s   
step_00850 • [   0% ] waiting        3m16.0s   
step_00900 • [   0% ] waiting        3m46.0s   
step_00950 • [   0% ] waiting        4m16.0s   
step_01000 • [   0% ] waiting        4m46.0s   

running (04m45.0s), 0001/0390 VUs, 74982 complete and 0 interrupted iterations
step_00050 ✓ [ 100% ] 000/020 VUs    30s        50.00 iters/s
step_00100 ✓ [ 100% ] 000/020 VUs    30s        100.00 iters/s
step_00150 ✓ [ 100% ] 000/030 VUs    30s        150.00 iters/s
step_00200 ✓ [ 100% ] 000/040 VUs    30s        200.00 iters/s
step_00250 ✓ [ 100% ] 000/050 VUs    30s        250.00 iters/s
step_00300 ✓ [ 100% ] 000/060 VUs    30s        300.00 iters/s
step_00350 ✓ [ 100% ] 0000/0070 VUs  30s        350.00 iters/s
step_00400 ✓ [ 100% ] 0000/0080 VUs  30s        400.00 iters/s
step_00450 ✓ [ 100% ] 0000/0090 VUs  30s        450.00 iters/s
step_00500   [  50% ] 0001/0100 VUs  15.0s/30s  500.00 iters/s
step_00550 • [   0% ] waiting        0m15.0s   
step_00600 • [   0% ] waiting        0m45.0s   
step_00650 • [   0% ] waiting        1m15.0s   
step_00700 • [   0% ] waiting        1m45.0s   
step_00750 • [   0% ] waiting        2m15.0s   
step_00800 • [   0% ] waiting        2m45.0s   
step_00850 • [   0% ] waiting        3m15.0s   
step_00900 • [   0% ] waiting        3m45.0s   
step_00950 • [   0% ] waiting        4m15.0s   
step_01000 • [   0% ] waiting        4m45.0s   

running (04m46.0s), 0000/0390 VUs, 75483 complete and 0 interrupted iterations
step_00050 ✓ [ 100% ] 000/020 VUs    30s        50.00 iters/s
step_00100 ✓ [ 100% ] 000/020 VUs    30s        100.00 iters/s
step_00150 ✓ [ 100% ] 000/030 VUs    30s        150.00 iters/s
step_00200 ✓ [ 100% ] 000/040 VUs    30s        200.00 iters/s
step_00250 ✓ [ 100% ] 000/050 VUs    30s        250.00 iters/s
step_00300 ✓ [ 100% ] 000/060 VUs    30s        300.00 iters/s
step_00350 ✓ [ 100% ] 0000/0070 VUs  30s        350.00 iters/s
step_00400 ✓ [ 100% ] 0000/0080 VUs  30s        400.00 iters/s
step_00450 ✓ [ 100% ] 0000/0090 VUs  30s        450.00 iters/s
step_00500   [  53% ] 0000/0100 VUs  16.0s/30s  500.00 iters/s
step_00550 • [   0% ] waiting        0m14.0s   
step_00600 • [   0% ] waiting        0m44.0s   
step_00650 • [   0% ] waiting        1m14.0s   
step_00700 • [   0% ] waiting        1m44.0s   
step_00750 • [   0% ] waiting        2m14.0s   
step_00800 • [   0% ] waiting        2m44.0s   
step_00850 • [   0% ] waiting        3m14.0s   
step_00900 • [   0% ] waiting        3m44.0s   
step_00950 • [   0% ] waiting        4m14.0s   
step_01000 • [   0% ] waiting        4m44.0s   

running (04m47.0s), 0001/0390 VUs, 75982 complete and 0 interrupted iterations
step_00050 ✓ [ 100% ] 000/020 VUs    30s        50.00 iters/s
step_00100 ✓ [ 100% ] 000/020 VUs    30s        100.00 iters/s
step_00150 ✓ [ 100% ] 000/030 VUs    30s        150.00 iters/s
step_00200 ✓ [ 100% ] 000/040 VUs    30s        200.00 iters/s
step_00250 ✓ [ 100% ] 000/050 VUs    30s        250.00 iters/s
step_00300 ✓ [ 100% ] 000/060 VUs    30s        300.00 iters/s
step_00350 ✓ [ 100% ] 0000/0070 VUs  30s        350.00 iters/s
step_00400 ✓ [ 100% ] 0000/0080 VUs  30s        400.00 iters/s
step_00450 ✓ [ 100% ] 0000/0090 VUs  30s        450.00 iters/s
step_00500   [  57% ] 0001/0100 VUs  17.0s/30s  500.00 iters/s
step_00550 • [   0% ] waiting        0m13.0s   
step_00600 • [   0% ] waiting        0m43.0s   
step_00650 • [   0% ] waiting        1m13.0s   
step_00700 • [   0% ] waiting        1m43.0s   
step_00750 • [   0% ] waiting        2m13.0s   
step_00800 • [   0% ] waiting        2m43.0s   
step_00850 • [   0% ] waiting        3m13.0s   
step_00900 • [   0% ] waiting        3m43.0s   
step_00950 • [   0% ] waiting        4m13.0s   
step_01000 • [   0% ] waiting        4m43.0s   

running (04m48.0s), 0000/0390 VUs, 76483 complete and 0 interrupted iterations
step_00050 ✓ [ 100% ] 000/020 VUs    30s        50.00 iters/s
step_00100 ✓ [ 100% ] 000/020 VUs    30s        100.00 iters/s
step_00150 ✓ [ 100% ] 000/030 VUs    30s        150.00 iters/s
step_00200 ✓ [ 100% ] 000/040 VUs    30s        200.00 iters/s
step_00250 ✓ [ 100% ] 000/050 VUs    30s        250.00 iters/s
step_00300 ✓ [ 100% ] 000/060 VUs    30s        300.00 iters/s
step_00350 ✓ [ 100% ] 0000/0070 VUs  30s        350.00 iters/s
step_00400 ✓ [ 100% ] 0000/0080 VUs  30s        400.00 iters/s
step_00450 ✓ [ 100% ] 0000/0090 VUs  30s        450.00 iters/s
step_00500   [  60% ] 0000/0100 VUs  18.0s/30s  500.00 iters/s
step_00550 • [   0% ] waiting        0m12.0s   
step_00600 • [   0% ] waiting        0m42.0s   
step_00650 • [   0% ] waiting        1m12.0s   
step_00700 • [   0% ] waiting        1m42.0s   
step_00750 • [   0% ] waiting        2m12.0s   
step_00800 • [   0% ] waiting        2m42.0s   
step_00850 • [   0% ] waiting        3m12.0s   
step_00900 • [   0% ] waiting        3m42.0s   
step_00950 • [   0% ] waiting        4m12.0s   
step_01000 • [   0% ] waiting        4m42.0s   

running (04m49.0s), 0001/0390 VUs, 76982 complete and 0 interrupted iterations
step_00050 ✓ [ 100% ] 000/020 VUs    30s        50.00 iters/s
step_00100 ✓ [ 100% ] 000/020 VUs    30s        100.00 iters/s
step_00150 ✓ [ 100% ] 000/030 VUs    30s        150.00 iters/s
step_00200 ✓ [ 100% ] 000/040 VUs    30s        200.00 iters/s
step_00250 ✓ [ 100% ] 000/050 VUs    30s        250.00 iters/s
step_00300 ✓ [ 100% ] 000/060 VUs    30s        300.00 iters/s
step_00350 ✓ [ 100% ] 0000/0070 VUs  30s        350.00 iters/s
step_00400 ✓ [ 100% ] 0000/0080 VUs  30s        400.00 iters/s
step_00450 ✓ [ 100% ] 0000/0090 VUs  30s        450.00 iters/s
step_00500   [  63% ] 0001/0100 VUs  19.0s/30s  500.00 iters/s
step_00550 • [   0% ] waiting        0m11.0s   
step_00600 • [   0% ] waiting        0m41.0s   
step_00650 • [   0% ] waiting        1m11.0s   
step_00700 • [   0% ] waiting        1m41.0s   
step_00750 • [   0% ] waiting        2m11.0s   
step_00800 • [   0% ] waiting        2m41.0s   
step_00850 • [   0% ] waiting        3m11.0s   
step_00900 • [   0% ] waiting        3m41.0s   
step_00950 • [   0% ] waiting        4m11.0s   
step_01000 • [   0% ] waiting        4m41.0s   

running (04m50.0s), 0001/0390 VUs, 77482 complete and 0 interrupted iterations
step_00050 ✓ [ 100% ] 000/020 VUs    30s        50.00 iters/s
step_00100 ✓ [ 100% ] 000/020 VUs    30s        100.00 iters/s
step_00150 ✓ [ 100% ] 000/030 VUs    30s        150.00 iters/s
step_00200 ✓ [ 100% ] 000/040 VUs    30s        200.00 iters/s
step_00250 ✓ [ 100% ] 000/050 VUs    30s        250.00 iters/s
step_00300 ✓ [ 100% ] 000/060 VUs    30s        300.00 iters/s
step_00350 ✓ [ 100% ] 0000/0070 VUs  30s        350.00 iters/s
step_00400 ✓ [ 100% ] 0000/0080 VUs  30s        400.00 iters/s
step_00450 ✓ [ 100% ] 0000/0090 VUs  30s        450.00 iters/s
step_00500   [  67% ] 0001/0100 VUs  20.0s/30s  500.00 iters/s
step_00550 • [   0% ] waiting        0m10.0s   
step_00600 • [   0% ] waiting        0m40.0s   
step_00650 • [   0% ] waiting        1m10.0s   
step_00700 • [   0% ] waiting        1m40.0s   
step_00750 • [   0% ] waiting        2m10.0s   
step_00800 • [   0% ] waiting        2m40.0s   
step_00850 • [   0% ] waiting        3m10.0s   
step_00900 • [   0% ] waiting        3m40.0s   
step_00950 • [   0% ] waiting        4m10.0s   
step_01000 • [   0% ] waiting        4m40.0s   

running (04m51.0s), 0000/0390 VUs, 77983 complete and 0 interrupted iterations
step_00050 ✓ [ 100% ] 000/020 VUs    30s        50.00 iters/s
step_00100 ✓ [ 100% ] 000/020 VUs    30s        100.00 iters/s
step_00150 ✓ [ 100% ] 000/030 VUs    30s        150.00 iters/s
step_00200 ✓ [ 100% ] 000/040 VUs    30s        200.00 iters/s
step_00250 ✓ [ 100% ] 000/050 VUs    30s        250.00 iters/s
step_00300 ✓ [ 100% ] 000/060 VUs    30s        300.00 iters/s
step_00350 ✓ [ 100% ] 0000/0070 VUs  30s        350.00 iters/s
step_00400 ✓ [ 100% ] 0000/0080 VUs  30s        400.00 iters/s
step_00450 ✓ [ 100% ] 0000/0090 VUs  30s        450.00 iters/s
step_00500   [  70% ] 0000/0100 VUs  21.0s/30s  500.00 iters/s
step_00550 • [   0% ] waiting        0m09.0s   
step_00600 • [   0% ] waiting        0m39.0s   
step_00650 • [   0% ] waiting        1m09.0s   
step_00700 • [   0% ] waiting        1m39.0s   
step_00750 • [   0% ] waiting        2m09.0s   
step_00800 • [   0% ] waiting        2m39.0s   
step_00850 • [   0% ] waiting        3m09.0s   
step_00900 • [   0% ] waiting        3m39.0s   
step_00950 • [   0% ] waiting        4m09.0s   
step_01000 • [   0% ] waiting        4m39.0s   

running (04m52.0s), 0001/0390 VUs, 78482 complete and 0 interrupted iterations
step_00050 ✓ [ 100% ] 000/020 VUs    30s        50.00 iters/s
step_00100 ✓ [ 100% ] 000/020 VUs    30s        100.00 iters/s
step_00150 ✓ [ 100% ] 000/030 VUs    30s        150.00 iters/s
step_00200 ✓ [ 100% ] 000/040 VUs    30s        200.00 iters/s
step_00250 ✓ [ 100% ] 000/050 VUs    30s        250.00 iters/s
step_00300 ✓ [ 100% ] 000/060 VUs    30s        300.00 iters/s
step_00350 ✓ [ 100% ] 0000/0070 VUs  30s        350.00 iters/s
step_00400 ✓ [ 100% ] 0000/0080 VUs  30s        400.00 iters/s
step_00450 ✓ [ 100% ] 0000/0090 VUs  30s        450.00 iters/s
step_00500   [  73% ] 0000/0100 VUs  22.0s/30s  500.00 iters/s
step_00550 • [   0% ] waiting        0m08.0s   
step_00600 • [   0% ] waiting        0m38.0s   
step_00650 • [   0% ] waiting        1m08.0s   
step_00700 • [   0% ] waiting        1m38.0s   
step_00750 • [   0% ] waiting        2m08.0s   
step_00800 • [   0% ] waiting        2m38.0s   
step_00850 • [   0% ] waiting        3m08.0s   
step_00900 • [   0% ] waiting        3m38.0s   
step_00950 • [   0% ] waiting        4m08.0s   
step_01000 • [   0% ] waiting        4m38.0s   

running (04m53.0s), 0000/0390 VUs, 78983 complete and 0 interrupted iterations
step_00050 ✓ [ 100% ] 000/020 VUs    30s        50.00 iters/s
step_00100 ✓ [ 100% ] 000/020 VUs    30s        100.00 iters/s
step_00150 ✓ [ 100% ] 000/030 VUs    30s        150.00 iters/s
step_00200 ✓ [ 100% ] 000/040 VUs    30s        200.00 iters/s
step_00250 ✓ [ 100% ] 000/050 VUs    30s        250.00 iters/s
step_00300 ✓ [ 100% ] 000/060 VUs    30s        300.00 iters/s
step_00350 ✓ [ 100% ] 0000/0070 VUs  30s        350.00 iters/s
step_00400 ✓ [ 100% ] 0000/0080 VUs  30s        400.00 iters/s
step_00450 ✓ [ 100% ] 0000/0090 VUs  30s        450.00 iters/s
step_00500   [  77% ] 0000/0100 VUs  23.0s/30s  500.00 iters/s
step_00550 • [   0% ] waiting        0m07.0s   
step_00600 • [   0% ] waiting        0m37.0s   
step_00650 • [   0% ] waiting        1m07.0s   
step_00700 • [   0% ] waiting        1m37.0s   
step_00750 • [   0% ] waiting        2m07.0s   
step_00800 • [   0% ] waiting        2m37.0s   
step_00850 • [   0% ] waiting        3m07.0s   
step_00900 • [   0% ] waiting        3m37.0s   
step_00950 • [   0% ] waiting        4m07.0s   
step_01000 • [   0% ] waiting        4m37.0s   

running (04m54.0s), 0000/0390 VUs, 79483 complete and 0 interrupted iterations
step_00050 ✓ [ 100% ] 000/020 VUs    30s        50.00 iters/s
step_00100 ✓ [ 100% ] 000/020 VUs    30s        100.00 iters/s
step_00150 ✓ [ 100% ] 000/030 VUs    30s        150.00 iters/s
step_00200 ✓ [ 100% ] 000/040 VUs    30s        200.00 iters/s
step_00250 ✓ [ 100% ] 000/050 VUs    30s        250.00 iters/s
step_00300 ✓ [ 100% ] 000/060 VUs    30s        300.00 iters/s
step_00350 ✓ [ 100% ] 0000/0070 VUs  30s        350.00 iters/s
step_00400 ✓ [ 100% ] 0000/0080 VUs  30s        400.00 iters/s
step_00450 ✓ [ 100% ] 0000/0090 VUs  30s        450.00 iters/s
step_00500   [  80% ] 0000/0100 VUs  24.0s/30s  500.00 iters/s
step_00550 • [   0% ] waiting        0m06.0s   
step_00600 • [   0% ] waiting        0m36.0s   
step_00650 • [   0% ] waiting        1m06.0s   
step_00700 • [   0% ] waiting        1m36.0s   
step_00750 • [   0% ] waiting        2m06.0s   
step_00800 • [   0% ] waiting        2m36.0s   
step_00850 • [   0% ] waiting        3m06.0s   
step_00900 • [   0% ] waiting        3m36.0s   
step_00950 • [   0% ] waiting        4m06.0s   
step_01000 • [   0% ] waiting        4m36.0s   

running (04m55.0s), 0000/0390 VUs, 79983 complete and 0 interrupted iterations
step_00050 ✓ [ 100% ] 000/020 VUs    30s        50.00 iters/s
step_00100 ✓ [ 100% ] 000/020 VUs    30s        100.00 iters/s
step_00150 ✓ [ 100% ] 000/030 VUs    30s        150.00 iters/s
step_00200 ✓ [ 100% ] 000/040 VUs    30s        200.00 iters/s
step_00250 ✓ [ 100% ] 000/050 VUs    30s        250.00 iters/s
step_00300 ✓ [ 100% ] 000/060 VUs    30s        300.00 iters/s
step_00350 ✓ [ 100% ] 0000/0070 VUs  30s        350.00 iters/s
step_00400 ✓ [ 100% ] 0000/0080 VUs  30s        400.00 iters/s
step_00450 ✓ [ 100% ] 0000/0090 VUs  30s        450.00 iters/s
step_00500   [  83% ] 0000/0100 VUs  25.0s/30s  500.00 iters/s
step_00550 • [   0% ] waiting        0m05.0s   
step_00600 • [   0% ] waiting        0m35.0s   
step_00650 • [   0% ] waiting        1m05.0s   
step_00700 • [   0% ] waiting        1m35.0s   
step_00750 • [   0% ] waiting        2m05.0s   
step_00800 • [   0% ] waiting        2m35.0s   
step_00850 • [   0% ] waiting        3m05.0s   
step_00900 • [   0% ] waiting        3m35.0s   
step_00950 • [   0% ] waiting        4m05.0s   
step_01000 • [   0% ] waiting        4m35.0s   

running (04m56.0s), 0001/0390 VUs, 80482 complete and 0 interrupted iterations
step_00050 ✓ [ 100% ] 000/020 VUs    30s        50.00 iters/s
step_00100 ✓ [ 100% ] 000/020 VUs    30s        100.00 iters/s
step_00150 ✓ [ 100% ] 000/030 VUs    30s        150.00 iters/s
step_00200 ✓ [ 100% ] 000/040 VUs    30s        200.00 iters/s
step_00250 ✓ [ 100% ] 000/050 VUs    30s        250.00 iters/s
step_00300 ✓ [ 100% ] 000/060 VUs    30s        300.00 iters/s
step_00350 ✓ [ 100% ] 0000/0070 VUs  30s        350.00 iters/s
step_00400 ✓ [ 100% ] 0000/0080 VUs  30s        400.00 iters/s
step_00450 ✓ [ 100% ] 0000/0090 VUs  30s        450.00 iters/s
step_00500   [  87% ] 0001/0100 VUs  26.0s/30s  500.00 iters/s
step_00550 • [   0% ] waiting        0m04.0s   
step_00600 • [   0% ] waiting        0m34.0s   
step_00650 • [   0% ] waiting        1m04.0s   
step_00700 • [   0% ] waiting        1m34.0s   
step_00750 • [   0% ] waiting        2m04.0s   
step_00800 • [   0% ] waiting        2m34.0s   
step_00850 • [   0% ] waiting        3m04.0s   
step_00900 • [   0% ] waiting        3m34.0s   
step_00950 • [   0% ] waiting        4m04.0s   
step_01000 • [   0% ] waiting        4m34.0s   

running (04m57.0s), 0005/0390 VUs, 80978 complete and 0 interrupted iterations
step_00050 ✓ [ 100% ] 000/020 VUs    30s        50.00 iters/s
step_00100 ✓ [ 100% ] 000/020 VUs    30s        100.00 iters/s
step_00150 ✓ [ 100% ] 000/030 VUs    30s        150.00 iters/s
step_00200 ✓ [ 100% ] 000/040 VUs    30s        200.00 iters/s
step_00250 ✓ [ 100% ] 000/050 VUs    30s        250.00 iters/s
step_00300 ✓ [ 100% ] 000/060 VUs    30s        300.00 iters/s
step_00350 ✓ [ 100% ] 0000/0070 VUs  30s        350.00 iters/s
step_00400 ✓ [ 100% ] 0000/0080 VUs  30s        400.00 iters/s
step_00450 ✓ [ 100% ] 0000/0090 VUs  30s        450.00 iters/s
step_00500   [  90% ] 0005/0100 VUs  27.0s/30s  500.00 iters/s
step_00550 • [   0% ] waiting        0m03.0s   
step_00600 • [   0% ] waiting        0m33.0s   
step_00650 • [   0% ] waiting        1m03.0s   
step_00700 • [   0% ] waiting        1m33.0s   
step_00750 • [   0% ] waiting        2m03.0s   
step_00800 • [   0% ] waiting        2m33.0s   
step_00850 • [   0% ] waiting        3m03.0s   
step_00900 • [   0% ] waiting        3m33.0s   
step_00950 • [   0% ] waiting        4m03.0s   
step_01000 • [   0% ] waiting        4m33.0s   

running (04m58.0s), 0001/0390 VUs, 81482 complete and 0 interrupted iterations
step_00050 ✓ [ 100% ] 000/020 VUs    30s        50.00 iters/s
step_00100 ✓ [ 100% ] 000/020 VUs    30s        100.00 iters/s
step_00150 ✓ [ 100% ] 000/030 VUs    30s        150.00 iters/s
step_00200 ✓ [ 100% ] 000/040 VUs    30s        200.00 iters/s
step_00250 ✓ [ 100% ] 000/050 VUs    30s        250.00 iters/s
step_00300 ✓ [ 100% ] 000/060 VUs    30s        300.00 iters/s
step_00350 ✓ [ 100% ] 0000/0070 VUs  30s        350.00 iters/s
step_00400 ✓ [ 100% ] 0000/0080 VUs  30s        400.00 iters/s
step_00450 ✓ [ 100% ] 0000/0090 VUs  30s        450.00 iters/s
step_00500   [  93% ] 0001/0100 VUs  28.0s/30s  500.00 iters/s
step_00550 • [   0% ] waiting        0m02.0s   
step_00600 • [   0% ] waiting        0m32.0s   
step_00650 • [   0% ] waiting        1m02.0s   
step_00700 • [   0% ] waiting        1m32.0s   
step_00750 • [   0% ] waiting        2m02.0s   
step_00800 • [   0% ] waiting        2m32.0s   
step_00850 • [   0% ] waiting        3m02.0s   
step_00900 • [   0% ] waiting        3m32.0s   
step_00950 • [   0% ] waiting        4m02.0s   
step_01000 • [   0% ] waiting        4m32.0s   

running (04m59.0s), 0001/0390 VUs, 81982 complete and 0 interrupted iterations
step_00050 ✓ [ 100% ] 000/020 VUs    30s        50.00 iters/s
step_00100 ✓ [ 100% ] 000/020 VUs    30s        100.00 iters/s
step_00150 ✓ [ 100% ] 000/030 VUs    30s        150.00 iters/s
step_00200 ✓ [ 100% ] 000/040 VUs    30s        200.00 iters/s
step_00250 ✓ [ 100% ] 000/050 VUs    30s        250.00 iters/s
step_00300 ✓ [ 100% ] 000/060 VUs    30s        300.00 iters/s
step_00350 ✓ [ 100% ] 0000/0070 VUs  30s        350.00 iters/s
step_00400 ✓ [ 100% ] 0000/0080 VUs  30s        400.00 iters/s
step_00450 ✓ [ 100% ] 0000/0090 VUs  30s        450.00 iters/s
step_00500   [  97% ] 0000/0100 VUs  29.0s/30s  500.00 iters/s
step_00550 • [   0% ] waiting        0m01.0s   
step_00600 • [   0% ] waiting        0m31.0s   
step_00650 • [   0% ] waiting        1m01.0s   
step_00700 • [   0% ] waiting        1m31.0s   
step_00750 • [   0% ] waiting        2m01.0s   
step_00800 • [   0% ] waiting        2m31.0s   
step_00850 • [   0% ] waiting        3m01.0s   
step_00900 • [   0% ] waiting        3m31.0s   
step_00950 • [   0% ] waiting        4m01.0s   
step_01000 • [   0% ] waiting        4m31.0s   

running (05m00.0s), 0000/0390 VUs, 82483 complete and 0 interrupted iterations
step_00050 ✓ [ 100% ] 000/020 VUs    30s        50.00 iters/s
step_00100 ✓ [ 100% ] 000/020 VUs    30s        100.00 iters/s
step_00150 ✓ [ 100% ] 000/030 VUs    30s        150.00 iters/s
step_00200 ✓ [ 100% ] 000/040 VUs    30s        200.00 iters/s
step_00250 ✓ [ 100% ] 000/050 VUs    30s        250.00 iters/s
step_00300 ✓ [ 100% ] 000/060 VUs    30s        300.00 iters/s
step_00350 ✓ [ 100% ] 0000/0070 VUs  30s        350.00 iters/s
step_00400 ✓ [ 100% ] 0000/0080 VUs  30s        400.00 iters/s
step_00450 ✓ [ 100% ] 0000/0090 VUs  30s        450.00 iters/s
step_00500   [ 100% ] 0000/0100 VUs  30.0s/30s  500.00 iters/s
step_00550 • [   0% ] waiting        0m00.0s   
step_00600 • [   0% ] waiting        0m30.0s   
step_00650 • [   0% ] waiting        1m00.0s   
step_00700 • [   0% ] waiting        1m30.0s   
step_00750 • [   0% ] waiting        2m00.0s   
step_00800 • [   0% ] waiting        2m30.0s   
step_00850 • [   0% ] waiting        3m00.0s   
step_00900 • [   0% ] waiting        3m30.0s   
step_00950 • [   0% ] waiting        4m00.0s   
step_01000 • [   0% ] waiting        4m30.0s   

running (05m01.0s), 0001/0390 VUs, 83031 complete and 0 interrupted iterations
step_00050 ✓ [ 100% ] 000/020 VUs    30s        50.00 iters/s
step_00100 ✓ [ 100% ] 000/020 VUs    30s        100.00 iters/s
step_00150 ✓ [ 100% ] 000/030 VUs    30s        150.00 iters/s
step_00200 ✓ [ 100% ] 000/040 VUs    30s        200.00 iters/s
step_00250 ✓ [ 100% ] 000/050 VUs    30s        250.00 iters/s
step_00300 ✓ [ 100% ] 000/060 VUs    30s        300.00 iters/s
step_00350 ✓ [ 100% ] 0000/0070 VUs  30s        350.00 iters/s
step_00400 ✓ [ 100% ] 0000/0080 VUs  30s        400.00 iters/s
step_00450 ✓ [ 100% ] 0000/0090 VUs  30s        450.00 iters/s
step_00500 ✓ [ 100% ] 0000/0100 VUs  30s        500.00 iters/s
step_00550   [   3% ] 0001/0110 VUs  01.0s/30s  550.00 iters/s
step_00600 • [   0% ] waiting        0m29.0s   
step_00650 • [   0% ] waiting        0m59.0s   
step_00700 • [   0% ] waiting        1m29.0s   
step_00750 • [   0% ] waiting        1m59.0s   
step_00800 • [   0% ] waiting        2m29.0s   
step_00850 • [   0% ] waiting        2m59.0s   
step_00900 • [   0% ] waiting        3m29.0s   
step_00950 • [   0% ] waiting        3m59.0s   
step_01000 • [   0% ] waiting        4m29.0s   

running (05m02.0s), 0001/0390 VUs, 83581 complete and 0 interrupted iterations
step_00050 ✓ [ 100% ] 000/020 VUs    30s        50.00 iters/s
step_00100 ✓ [ 100% ] 000/020 VUs    30s        100.00 iters/s
step_00150 ✓ [ 100% ] 000/030 VUs    30s        150.00 iters/s
step_00200 ✓ [ 100% ] 000/040 VUs    30s        200.00 iters/s
step_00250 ✓ [ 100% ] 000/050 VUs    30s        250.00 iters/s
step_00300 ✓ [ 100% ] 000/060 VUs    30s        300.00 iters/s
step_00350 ✓ [ 100% ] 0000/0070 VUs  30s        350.00 iters/s
step_00400 ✓ [ 100% ] 0000/0080 VUs  30s        400.00 iters/s
step_00450 ✓ [ 100% ] 0000/0090 VUs  30s        450.00 iters/s
step_00500 ✓ [ 100% ] 0000/0100 VUs  30s        500.00 iters/s
step_00550   [   7% ] 0001/0110 VUs  02.0s/30s  550.00 iters/s
step_00600 • [   0% ] waiting        0m28.0s   
step_00650 • [   0% ] waiting        0m58.0s   
step_00700 • [   0% ] waiting        1m28.0s   
step_00750 • [   0% ] waiting        1m58.0s   
step_00800 • [   0% ] waiting        2m28.0s   
step_00850 • [   0% ] waiting        2m58.0s   
step_00900 • [   0% ] waiting        3m28.0s   
step_00950 • [   0% ] waiting        3m58.0s   
step_01000 • [   0% ] waiting        4m28.0s   

running (05m03.0s), 0001/0390 VUs, 84131 complete and 0 interrupted iterations
step_00050 ✓ [ 100% ] 000/020 VUs    30s        50.00 iters/s
step_00100 ✓ [ 100% ] 000/020 VUs    30s        100.00 iters/s
step_00150 ✓ [ 100% ] 000/030 VUs    30s        150.00 iters/s
step_00200 ✓ [ 100% ] 000/040 VUs    30s        200.00 iters/s
step_00250 ✓ [ 100% ] 000/050 VUs    30s        250.00 iters/s
step_00300 ✓ [ 100% ] 000/060 VUs    30s        300.00 iters/s
step_00350 ✓ [ 100% ] 0000/0070 VUs  30s        350.00 iters/s
step_00400 ✓ [ 100% ] 0000/0080 VUs  30s        400.00 iters/s
step_00450 ✓ [ 100% ] 0000/0090 VUs  30s        450.00 iters/s
step_00500 ✓ [ 100% ] 0000/0100 VUs  30s        500.00 iters/s
step_00550   [  10% ] 0001/0110 VUs  03.0s/30s  550.00 iters/s
step_00600 • [   0% ] waiting        0m27.0s   
step_00650 • [   0% ] waiting        0m57.0s   
step_00700 • [   0% ] waiting        1m27.0s   
step_00750 • [   0% ] waiting        1m57.0s   
step_00800 • [   0% ] waiting        2m27.0s   
step_00850 • [   0% ] waiting        2m57.0s   
step_00900 • [   0% ] waiting        3m27.0s   
step_00950 • [   0% ] waiting        3m57.0s   
step_01000 • [   0% ] waiting        4m27.0s   

running (05m04.0s), 0001/0390 VUs, 84681 complete and 0 interrupted iterations
step_00050 ✓ [ 100% ] 000/020 VUs    30s        50.00 iters/s
step_00100 ✓ [ 100% ] 000/020 VUs    30s        100.00 iters/s
step_00150 ✓ [ 100% ] 000/030 VUs    30s        150.00 iters/s
step_00200 ✓ [ 100% ] 000/040 VUs    30s        200.00 iters/s
step_00250 ✓ [ 100% ] 000/050 VUs    30s        250.00 iters/s
step_00300 ✓ [ 100% ] 000/060 VUs    30s        300.00 iters/s
step_00350 ✓ [ 100% ] 0000/0070 VUs  30s        350.00 iters/s
step_00400 ✓ [ 100% ] 0000/0080 VUs  30s        400.00 iters/s
step_00450 ✓ [ 100% ] 0000/0090 VUs  30s        450.00 iters/s
step_00500 ✓ [ 100% ] 0000/0100 VUs  30s        500.00 iters/s
step_00550   [  13% ] 0001/0110 VUs  04.0s/30s  550.00 iters/s
step_00600 • [   0% ] waiting        0m26.0s   
step_00650 • [   0% ] waiting        0m56.0s   
step_00700 • [   0% ] waiting        1m26.0s   
step_00750 • [   0% ] waiting        1m56.0s   
step_00800 • [   0% ] waiting        2m26.0s   
step_00850 • [   0% ] waiting        2m56.0s   
step_00900 • [   0% ] waiting        3m26.0s   
step_00950 • [   0% ] waiting        3m56.0s   
step_01000 • [   0% ] waiting        4m26.0s   

running (05m05.0s), 0001/0390 VUs, 85231 complete and 0 interrupted iterations
step_00050 ✓ [ 100% ] 000/020 VUs    30s        50.00 iters/s
step_00100 ✓ [ 100% ] 000/020 VUs    30s        100.00 iters/s
step_00150 ✓ [ 100% ] 000/030 VUs    30s        150.00 iters/s
step_00200 ✓ [ 100% ] 000/040 VUs    30s        200.00 iters/s
step_00250 ✓ [ 100% ] 000/050 VUs    30s        250.00 iters/s
step_00300 ✓ [ 100% ] 000/060 VUs    30s        300.00 iters/s
step_00350 ✓ [ 100% ] 0000/0070 VUs  30s        350.00 iters/s
step_00400 ✓ [ 100% ] 0000/0080 VUs  30s        400.00 iters/s
step_00450 ✓ [ 100% ] 0000/0090 VUs  30s        450.00 iters/s
step_00500 ✓ [ 100% ] 0000/0100 VUs  30s        500.00 iters/s
step_00550   [  17% ] 0001/0110 VUs  05.0s/30s  550.00 iters/s
step_00600 • [   0% ] waiting        0m25.0s   
step_00650 • [   0% ] waiting        0m55.0s   
step_00700 • [   0% ] waiting        1m25.0s   
step_00750 • [   0% ] waiting        1m55.0s   
step_00800 • [   0% ] waiting        2m25.0s   
step_00850 • [   0% ] waiting        2m55.0s   
step_00900 • [   0% ] waiting        3m25.0s   
step_00950 • [   0% ] waiting        3m55.0s   
step_01000 • [   0% ] waiting        4m25.0s   

running (05m06.0s), 0001/0390 VUs, 85781 complete and 0 interrupted iterations
step_00050 ✓ [ 100% ] 000/020 VUs    30s        50.00 iters/s
step_00100 ✓ [ 100% ] 000/020 VUs    30s        100.00 iters/s
step_00150 ✓ [ 100% ] 000/030 VUs    30s        150.00 iters/s
step_00200 ✓ [ 100% ] 000/040 VUs    30s        200.00 iters/s
step_00250 ✓ [ 100% ] 000/050 VUs    30s        250.00 iters/s
step_00300 ✓ [ 100% ] 000/060 VUs    30s        300.00 iters/s
step_00350 ✓ [ 100% ] 0000/0070 VUs  30s        350.00 iters/s
step_00400 ✓ [ 100% ] 0000/0080 VUs  30s        400.00 iters/s
step_00450 ✓ [ 100% ] 0000/0090 VUs  30s        450.00 iters/s
step_00500 ✓ [ 100% ] 0000/0100 VUs  30s        500.00 iters/s
step_00550   [  20% ] 0001/0110 VUs  06.0s/30s  550.00 iters/s
step_00600 • [   0% ] waiting        0m24.0s   
step_00650 • [   0% ] waiting        0m54.0s   
step_00700 • [   0% ] waiting        1m24.0s   
step_00750 • [   0% ] waiting        1m54.0s   
step_00800 • [   0% ] waiting        2m24.0s   
step_00850 • [   0% ] waiting        2m54.0s   
step_00900 • [   0% ] waiting        3m24.0s   
step_00950 • [   0% ] waiting        3m54.0s   
step_01000 • [   0% ] waiting        4m24.0s   

running (05m07.0s), 0001/0390 VUs, 86331 complete and 0 interrupted iterations
step_00050 ✓ [ 100% ] 000/020 VUs    30s        50.00 iters/s
step_00100 ✓ [ 100% ] 000/020 VUs    30s        100.00 iters/s
step_00150 ✓ [ 100% ] 000/030 VUs    30s        150.00 iters/s
step_00200 ✓ [ 100% ] 000/040 VUs    30s        200.00 iters/s
step_00250 ✓ [ 100% ] 000/050 VUs    30s        250.00 iters/s
step_00300 ✓ [ 100% ] 000/060 VUs    30s        300.00 iters/s
step_00350 ✓ [ 100% ] 0000/0070 VUs  30s        350.00 iters/s
step_00400 ✓ [ 100% ] 0000/0080 VUs  30s        400.00 iters/s
step_00450 ✓ [ 100% ] 0000/0090 VUs  30s        450.00 iters/s
step_00500 ✓ [ 100% ] 0000/0100 VUs  30s        500.00 iters/s
step_00550   [  23% ] 0001/0110 VUs  07.0s/30s  550.00 iters/s
step_00600 • [   0% ] waiting        0m23.0s   
step_00650 • [   0% ] waiting        0m53.0s   
step_00700 • [   0% ] waiting        1m23.0s   
step_00750 • [   0% ] waiting        1m53.0s   
step_00800 • [   0% ] waiting        2m23.0s   
step_00850 • [   0% ] waiting        2m53.0s   
step_00900 • [   0% ] waiting        3m23.0s   
step_00950 • [   0% ] waiting        3m53.0s   
step_01000 • [   0% ] waiting        4m23.0s   

running (05m08.0s), 0001/0390 VUs, 86881 complete and 0 interrupted iterations
step_00050 ✓ [ 100% ] 000/020 VUs    30s        50.00 iters/s
step_00100 ✓ [ 100% ] 000/020 VUs    30s        100.00 iters/s
step_00150 ✓ [ 100% ] 000/030 VUs    30s        150.00 iters/s
step_00200 ✓ [ 100% ] 000/040 VUs    30s        200.00 iters/s
step_00250 ✓ [ 100% ] 000/050 VUs    30s        250.00 iters/s
step_00300 ✓ [ 100% ] 000/060 VUs    30s        300.00 iters/s
step_00350 ✓ [ 100% ] 0000/0070 VUs  30s        350.00 iters/s
step_00400 ✓ [ 100% ] 0000/0080 VUs  30s        400.00 iters/s
step_00450 ✓ [ 100% ] 0000/0090 VUs  30s        450.00 iters/s
step_00500 ✓ [ 100% ] 0000/0100 VUs  30s        500.00 iters/s
step_00550   [  27% ] 0001/0110 VUs  08.0s/30s  550.00 iters/s
step_00600 • [   0% ] waiting        0m22.0s   
step_00650 • [   0% ] waiting        0m52.0s   
step_00700 • [   0% ] waiting        1m22.0s   
step_00750 • [   0% ] waiting        1m52.0s   
step_00800 • [   0% ] waiting        2m22.0s   
step_00850 • [   0% ] waiting        2m52.0s   
step_00900 • [   0% ] waiting        3m22.0s   
step_00950 • [   0% ] waiting        3m52.0s   
step_01000 • [   0% ] waiting        4m22.0s   

running (05m09.0s), 0001/0390 VUs, 87431 complete and 0 interrupted iterations
step_00050 ✓ [ 100% ] 000/020 VUs    30s        50.00 iters/s
step_00100 ✓ [ 100% ] 000/020 VUs    30s        100.00 iters/s
step_00150 ✓ [ 100% ] 000/030 VUs    30s        150.00 iters/s
step_00200 ✓ [ 100% ] 000/040 VUs    30s        200.00 iters/s
step_00250 ✓ [ 100% ] 000/050 VUs    30s        250.00 iters/s
step_00300 ✓ [ 100% ] 000/060 VUs    30s        300.00 iters/s
step_00350 ✓ [ 100% ] 0000/0070 VUs  30s        350.00 iters/s
step_00400 ✓ [ 100% ] 0000/0080 VUs  30s        400.00 iters/s
step_00450 ✓ [ 100% ] 0000/0090 VUs  30s        450.00 iters/s
step_00500 ✓ [ 100% ] 0000/0100 VUs  30s        500.00 iters/s
step_00550   [  30% ] 0001/0110 VUs  09.0s/30s  550.00 iters/s
step_00600 • [   0% ] waiting        0m21.0s   
step_00650 • [   0% ] waiting        0m51.0s   
step_00700 • [   0% ] waiting        1m21.0s   
step_00750 • [   0% ] waiting        1m51.0s   
step_00800 • [   0% ] waiting        2m21.0s   
step_00850 • [   0% ] waiting        2m51.0s   
step_00900 • [   0% ] waiting        3m21.0s   
step_00950 • [   0% ] waiting        3m51.0s   
step_01000 • [   0% ] waiting        4m21.0s   

running (05m10.0s), 0001/0390 VUs, 87981 complete and 0 interrupted iterations
step_00050 ✓ [ 100% ] 000/020 VUs    30s        50.00 iters/s
step_00100 ✓ [ 100% ] 000/020 VUs    30s        100.00 iters/s
step_00150 ✓ [ 100% ] 000/030 VUs    30s        150.00 iters/s
step_00200 ✓ [ 100% ] 000/040 VUs    30s        200.00 iters/s
step_00250 ✓ [ 100% ] 000/050 VUs    30s        250.00 iters/s
step_00300 ✓ [ 100% ] 000/060 VUs    30s        300.00 iters/s
step_00350 ✓ [ 100% ] 0000/0070 VUs  30s        350.00 iters/s
step_00400 ✓ [ 100% ] 0000/0080 VUs  30s        400.00 iters/s
step_00450 ✓ [ 100% ] 0000/0090 VUs  30s        450.00 iters/s
step_00500 ✓ [ 100% ] 0000/0100 VUs  30s        500.00 iters/s
step_00550   [  33% ] 0001/0110 VUs  10.0s/30s  550.00 iters/s
step_00600 • [   0% ] waiting        0m20.0s   
step_00650 • [   0% ] waiting        0m50.0s   
step_00700 • [   0% ] waiting        1m20.0s   
step_00750 • [   0% ] waiting        1m50.0s   
step_00800 • [   0% ] waiting        2m20.0s   
step_00850 • [   0% ] waiting        2m50.0s   
step_00900 • [   0% ] waiting        3m20.0s   
step_00950 • [   0% ] waiting        3m50.0s   
step_01000 • [   0% ] waiting        4m20.0s   

running (05m11.0s), 0001/0390 VUs, 88531 complete and 0 interrupted iterations
step_00050 ✓ [ 100% ] 000/020 VUs    30s        50.00 iters/s
step_00100 ✓ [ 100% ] 000/020 VUs    30s        100.00 iters/s
step_00150 ✓ [ 100% ] 000/030 VUs    30s        150.00 iters/s
step_00200 ✓ [ 100% ] 000/040 VUs    30s        200.00 iters/s
step_00250 ✓ [ 100% ] 000/050 VUs    30s        250.00 iters/s
step_00300 ✓ [ 100% ] 000/060 VUs    30s        300.00 iters/s
step_00350 ✓ [ 100% ] 0000/0070 VUs  30s        350.00 iters/s
step_00400 ✓ [ 100% ] 0000/0080 VUs  30s        400.00 iters/s
step_00450 ✓ [ 100% ] 0000/0090 VUs  30s        450.00 iters/s
step_00500 ✓ [ 100% ] 0000/0100 VUs  30s        500.00 iters/s
step_00550   [  37% ] 0001/0110 VUs  11.0s/30s  550.00 iters/s
step_00600 • [   0% ] waiting        0m19.0s   
step_00650 • [   0% ] waiting        0m49.0s   
step_00700 • [   0% ] waiting        1m19.0s   
step_00750 • [   0% ] waiting        1m49.0s   
step_00800 • [   0% ] waiting        2m19.0s   
step_00850 • [   0% ] waiting        2m49.0s   
step_00900 • [   0% ] waiting        3m19.0s   
step_00950 • [   0% ] waiting        3m49.0s   
step_01000 • [   0% ] waiting        4m19.0s   

running (05m12.0s), 0001/0390 VUs, 89081 complete and 0 interrupted iterations
step_00050 ✓ [ 100% ] 000/020 VUs    30s        50.00 iters/s
step_00100 ✓ [ 100% ] 000/020 VUs    30s        100.00 iters/s
step_00150 ✓ [ 100% ] 000/030 VUs    30s        150.00 iters/s
step_00200 ✓ [ 100% ] 000/040 VUs    30s        200.00 iters/s
step_00250 ✓ [ 100% ] 000/050 VUs    30s        250.00 iters/s
step_00300 ✓ [ 100% ] 000/060 VUs    30s        300.00 iters/s
step_00350 ✓ [ 100% ] 0000/0070 VUs  30s        350.00 iters/s
step_00400 ✓ [ 100% ] 0000/0080 VUs  30s        400.00 iters/s
step_00450 ✓ [ 100% ] 0000/0090 VUs  30s        450.00 iters/s
step_00500 ✓ [ 100% ] 0000/0100 VUs  30s        500.00 iters/s
step_00550   [  40% ] 0001/0110 VUs  12.0s/30s  550.00 iters/s
step_00600 • [   0% ] waiting        0m18.0s   
step_00650 • [   0% ] waiting        0m48.0s   
step_00700 • [   0% ] waiting        1m18.0s   
step_00750 • [   0% ] waiting        1m48.0s   
step_00800 • [   0% ] waiting        2m18.0s   
step_00850 • [   0% ] waiting        2m48.0s   
step_00900 • [   0% ] waiting        3m18.0s   
step_00950 • [   0% ] waiting        3m48.0s   
step_01000 • [   0% ] waiting        4m18.0s   

running (05m13.0s), 0001/0390 VUs, 89631 complete and 0 interrupted iterations
step_00050 ✓ [ 100% ] 000/020 VUs    30s        50.00 iters/s
step_00100 ✓ [ 100% ] 000/020 VUs    30s        100.00 iters/s
step_00150 ✓ [ 100% ] 000/030 VUs    30s        150.00 iters/s
step_00200 ✓ [ 100% ] 000/040 VUs    30s        200.00 iters/s
step_00250 ✓ [ 100% ] 000/050 VUs    30s        250.00 iters/s
step_00300 ✓ [ 100% ] 000/060 VUs    30s        300.00 iters/s
step_00350 ✓ [ 100% ] 0000/0070 VUs  30s        350.00 iters/s
step_00400 ✓ [ 100% ] 0000/0080 VUs  30s        400.00 iters/s
step_00450 ✓ [ 100% ] 0000/0090 VUs  30s        450.00 iters/s
step_00500 ✓ [ 100% ] 0000/0100 VUs  30s        500.00 iters/s
step_00550   [  43% ] 0001/0110 VUs  13.0s/30s  550.00 iters/s
step_00600 • [   0% ] waiting        0m17.0s   
step_00650 • [   0% ] waiting        0m47.0s   
step_00700 • [   0% ] waiting        1m17.0s   
step_00750 • [   0% ] waiting        1m47.0s   
step_00800 • [   0% ] waiting        2m17.0s   
step_00850 • [   0% ] waiting        2m47.0s   
step_00900 • [   0% ] waiting        3m17.0s   
step_00950 • [   0% ] waiting        3m47.0s   
step_01000 • [   0% ] waiting        4m17.0s   

running (05m14.0s), 0001/0390 VUs, 90181 complete and 0 interrupted iterations
step_00050 ✓ [ 100% ] 000/020 VUs    30s        50.00 iters/s
step_00100 ✓ [ 100% ] 000/020 VUs    30s        100.00 iters/s
step_00150 ✓ [ 100% ] 000/030 VUs    30s        150.00 iters/s
step_00200 ✓ [ 100% ] 000/040 VUs    30s        200.00 iters/s
step_00250 ✓ [ 100% ] 000/050 VUs    30s        250.00 iters/s
step_00300 ✓ [ 100% ] 000/060 VUs    30s        300.00 iters/s
step_00350 ✓ [ 100% ] 0000/0070 VUs  30s        350.00 iters/s
step_00400 ✓ [ 100% ] 0000/0080 VUs  30s        400.00 iters/s
step_00450 ✓ [ 100% ] 0000/0090 VUs  30s        450.00 iters/s
step_00500 ✓ [ 100% ] 0000/0100 VUs  30s        500.00 iters/s
step_00550   [  47% ] 0001/0110 VUs  14.0s/30s  550.00 iters/s
step_00600 • [   0% ] waiting        0m16.0s   
step_00650 • [   0% ] waiting        0m46.0s   
step_00700 • [   0% ] waiting        1m16.0s   
step_00750 • [   0% ] waiting        1m46.0s   
step_00800 • [   0% ] waiting        2m16.0s   
step_00850 • [   0% ] waiting        2m46.0s   
step_00900 • [   0% ] waiting        3m16.0s   
step_00950 • [   0% ] waiting        3m46.0s   
step_01000 • [   0% ] waiting        4m16.0s   

running (05m15.0s), 0001/0390 VUs, 90731 complete and 0 interrupted iterations
step_00050 ✓ [ 100% ] 000/020 VUs    30s        50.00 iters/s
step_00100 ✓ [ 100% ] 000/020 VUs    30s        100.00 iters/s
step_00150 ✓ [ 100% ] 000/030 VUs    30s        150.00 iters/s
step_00200 ✓ [ 100% ] 000/040 VUs    30s        200.00 iters/s
step_00250 ✓ [ 100% ] 000/050 VUs    30s        250.00 iters/s
step_00300 ✓ [ 100% ] 000/060 VUs    30s        300.00 iters/s
step_00350 ✓ [ 100% ] 0000/0070 VUs  30s        350.00 iters/s
step_00400 ✓ [ 100% ] 0000/0080 VUs  30s        400.00 iters/s
step_00450 ✓ [ 100% ] 0000/0090 VUs  30s        450.00 iters/s
step_00500 ✓ [ 100% ] 0000/0100 VUs  30s        500.00 iters/s
step_00550   [  50% ] 0001/0110 VUs  15.0s/30s  550.00 iters/s
step_00600 • [   0% ] waiting        0m15.0s   
step_00650 • [   0% ] waiting        0m45.0s   
step_00700 • [   0% ] waiting        1m15.0s   
step_00750 • [   0% ] waiting        1m45.0s   
step_00800 • [   0% ] waiting        2m15.0s   
step_00850 • [   0% ] waiting        2m45.0s   
step_00900 • [   0% ] waiting        3m15.0s   
step_00950 • [   0% ] waiting        3m45.0s   
step_01000 • [   0% ] waiting        4m15.0s   

running (05m16.0s), 0001/0390 VUs, 91281 complete and 0 interrupted iterations
step_00050 ✓ [ 100% ] 000/020 VUs    30s        50.00 iters/s
step_00100 ✓ [ 100% ] 000/020 VUs    30s        100.00 iters/s
step_00150 ✓ [ 100% ] 000/030 VUs    30s        150.00 iters/s
step_00200 ✓ [ 100% ] 000/040 VUs    30s        200.00 iters/s
step_00250 ✓ [ 100% ] 000/050 VUs    30s        250.00 iters/s
step_00300 ✓ [ 100% ] 000/060 VUs    30s        300.00 iters/s
step_00350 ✓ [ 100% ] 0000/0070 VUs  30s        350.00 iters/s
step_00400 ✓ [ 100% ] 0000/0080 VUs  30s        400.00 iters/s
step_00450 ✓ [ 100% ] 0000/0090 VUs  30s        450.00 iters/s
step_00500 ✓ [ 100% ] 0000/0100 VUs  30s        500.00 iters/s
step_00550   [  53% ] 0001/0110 VUs  16.0s/30s  550.00 iters/s
step_00600 • [   0% ] waiting        0m14.0s   
step_00650 • [   0% ] waiting        0m44.0s   
step_00700 • [   0% ] waiting        1m14.0s   
step_00750 • [   0% ] waiting        1m44.0s   
step_00800 • [   0% ] waiting        2m14.0s   
step_00850 • [   0% ] waiting        2m44.0s   
step_00900 • [   0% ] waiting        3m14.0s   
step_00950 • [   0% ] waiting        3m44.0s   
step_01000 • [   0% ] waiting        4m14.0s   

running (05m17.0s), 0001/0390 VUs, 91831 complete and 0 interrupted iterations
step_00050 ✓ [ 100% ] 000/020 VUs    30s        50.00 iters/s
step_00100 ✓ [ 100% ] 000/020 VUs    30s        100.00 iters/s
step_00150 ✓ [ 100% ] 000/030 VUs    30s        150.00 iters/s
step_00200 ✓ [ 100% ] 000/040 VUs    30s        200.00 iters/s
step_00250 ✓ [ 100% ] 000/050 VUs    30s        250.00 iters/s
step_00300 ✓ [ 100% ] 000/060 VUs    30s        300.00 iters/s
step_00350 ✓ [ 100% ] 0000/0070 VUs  30s        350.00 iters/s
step_00400 ✓ [ 100% ] 0000/0080 VUs  30s        400.00 iters/s
step_00450 ✓ [ 100% ] 0000/0090 VUs  30s        450.00 iters/s
step_00500 ✓ [ 100% ] 0000/0100 VUs  30s        500.00 iters/s
step_00550   [  57% ] 0001/0110 VUs  17.0s/30s  550.00 iters/s
step_00600 • [   0% ] waiting        0m13.0s   
step_00650 • [   0% ] waiting        0m43.0s   
step_00700 • [   0% ] waiting        1m13.0s   
step_00750 • [   0% ] waiting        1m43.0s   
step_00800 • [   0% ] waiting        2m13.0s   
step_00850 • [   0% ] waiting        2m43.0s   
step_00900 • [   0% ] waiting        3m13.0s   
step_00950 • [   0% ] waiting        3m43.0s   
step_01000 • [   0% ] waiting        4m13.0s   

running (05m18.0s), 0001/0390 VUs, 92381 complete and 0 interrupted iterations
step_00050 ✓ [ 100% ] 000/020 VUs    30s        50.00 iters/s
step_00100 ✓ [ 100% ] 000/020 VUs    30s        100.00 iters/s
step_00150 ✓ [ 100% ] 000/030 VUs    30s        150.00 iters/s
step_00200 ✓ [ 100% ] 000/040 VUs    30s        200.00 iters/s
step_00250 ✓ [ 100% ] 000/050 VUs    30s        250.00 iters/s
step_00300 ✓ [ 100% ] 000/060 VUs    30s        300.00 iters/s
step_00350 ✓ [ 100% ] 0000/0070 VUs  30s        350.00 iters/s
step_00400 ✓ [ 100% ] 0000/0080 VUs  30s        400.00 iters/s
step_00450 ✓ [ 100% ] 0000/0090 VUs  30s        450.00 iters/s
step_00500 ✓ [ 100% ] 0000/0100 VUs  30s        500.00 iters/s
step_00550   [  60% ] 0001/0110 VUs  18.0s/30s  550.00 iters/s
step_00600 • [   0% ] waiting        0m12.0s   
step_00650 • [   0% ] waiting        0m42.0s   
step_00700 • [   0% ] waiting        1m12.0s   
step_00750 • [   0% ] waiting        1m42.0s   
step_00800 • [   0% ] waiting        2m12.0s   
step_00850 • [   0% ] waiting        2m42.0s   
step_00900 • [   0% ] waiting        3m12.0s   
step_00950 • [   0% ] waiting        3m42.0s   
step_01000 • [   0% ] waiting        4m12.0s   

running (05m19.0s), 0001/0390 VUs, 92931 complete and 0 interrupted iterations
step_00050 ✓ [ 100% ] 000/020 VUs    30s        50.00 iters/s
step_00100 ✓ [ 100% ] 000/020 VUs    30s        100.00 iters/s
step_00150 ✓ [ 100% ] 000/030 VUs    30s        150.00 iters/s
step_00200 ✓ [ 100% ] 000/040 VUs    30s        200.00 iters/s
step_00250 ✓ [ 100% ] 000/050 VUs    30s        250.00 iters/s
step_00300 ✓ [ 100% ] 000/060 VUs    30s        300.00 iters/s
step_00350 ✓ [ 100% ] 0000/0070 VUs  30s        350.00 iters/s
step_00400 ✓ [ 100% ] 0000/0080 VUs  30s        400.00 iters/s
step_00450 ✓ [ 100% ] 0000/0090 VUs  30s        450.00 iters/s
step_00500 ✓ [ 100% ] 0000/0100 VUs  30s        500.00 iters/s
step_00550   [  63% ] 0001/0110 VUs  19.0s/30s  550.00 iters/s
step_00600 • [   0% ] waiting        0m11.0s   
step_00650 • [   0% ] waiting        0m41.0s   
step_00700 • [   0% ] waiting        1m11.0s   
step_00750 • [   0% ] waiting        1m41.0s   
step_00800 • [   0% ] waiting        2m11.0s   
step_00850 • [   0% ] waiting        2m41.0s   
step_00900 • [   0% ] waiting        3m11.0s   
step_00950 • [   0% ] waiting        3m41.0s   
step_01000 • [   0% ] waiting        4m11.0s   

running (05m20.0s), 0001/0390 VUs, 93481 complete and 0 interrupted iterations
step_00050 ✓ [ 100% ] 000/020 VUs    30s        50.00 iters/s
step_00100 ✓ [ 100% ] 000/020 VUs    30s        100.00 iters/s
step_00150 ✓ [ 100% ] 000/030 VUs    30s        150.00 iters/s
step_00200 ✓ [ 100% ] 000/040 VUs    30s        200.00 iters/s
step_00250 ✓ [ 100% ] 000/050 VUs    30s        250.00 iters/s
step_00300 ✓ [ 100% ] 000/060 VUs    30s        300.00 iters/s
step_00350 ✓ [ 100% ] 0000/0070 VUs  30s        350.00 iters/s
step_00400 ✓ [ 100% ] 0000/0080 VUs  30s        400.00 iters/s
step_00450 ✓ [ 100% ] 0000/0090 VUs  30s        450.00 iters/s
step_00500 ✓ [ 100% ] 0000/0100 VUs  30s        500.00 iters/s
step_00550   [  67% ] 0001/0110 VUs  20.0s/30s  550.00 iters/s
step_00600 • [   0% ] waiting        0m10.0s   
step_00650 • [   0% ] waiting        0m40.0s   
step_00700 • [   0% ] waiting        1m10.0s   
step_00750 • [   0% ] waiting        1m40.0s   
step_00800 • [   0% ] waiting        2m10.0s   
step_00850 • [   0% ] waiting        2m40.0s   
step_00900 • [   0% ] waiting        3m10.0s   
step_00950 • [   0% ] waiting        3m40.0s   
step_01000 • [   0% ] waiting        4m10.0s   

running (05m21.0s), 0001/0390 VUs, 94031 complete and 0 interrupted iterations
step_00050 ✓ [ 100% ] 000/020 VUs    30s        50.00 iters/s
step_00100 ✓ [ 100% ] 000/020 VUs    30s        100.00 iters/s
step_00150 ✓ [ 100% ] 000/030 VUs    30s        150.00 iters/s
step_00200 ✓ [ 100% ] 000/040 VUs    30s        200.00 iters/s
step_00250 ✓ [ 100% ] 000/050 VUs    30s        250.00 iters/s
step_00300 ✓ [ 100% ] 000/060 VUs    30s        300.00 iters/s
step_00350 ✓ [ 100% ] 0000/0070 VUs  30s        350.00 iters/s
step_00400 ✓ [ 100% ] 0000/0080 VUs  30s        400.00 iters/s
step_00450 ✓ [ 100% ] 0000/0090 VUs  30s        450.00 iters/s
step_00500 ✓ [ 100% ] 0000/0100 VUs  30s        500.00 iters/s
step_00550   [  70% ] 0001/0110 VUs  21.0s/30s  550.00 iters/s
step_00600 • [   0% ] waiting        0m09.0s   
step_00650 • [   0% ] waiting        0m39.0s   
step_00700 • [   0% ] waiting        1m09.0s   
step_00750 • [   0% ] waiting        1m39.0s   
step_00800 • [   0% ] waiting        2m09.0s   
step_00850 • [   0% ] waiting        2m39.0s   
step_00900 • [   0% ] waiting        3m09.0s   
step_00950 • [   0% ] waiting        3m39.0s   
step_01000 • [   0% ] waiting        4m09.0s   

running (05m22.0s), 0001/0390 VUs, 94581 complete and 0 interrupted iterations
step_00050 ✓ [ 100% ] 000/020 VUs    30s        50.00 iters/s
step_00100 ✓ [ 100% ] 000/020 VUs    30s        100.00 iters/s
step_00150 ✓ [ 100% ] 000/030 VUs    30s        150.00 iters/s
step_00200 ✓ [ 100% ] 000/040 VUs    30s        200.00 iters/s
step_00250 ✓ [ 100% ] 000/050 VUs    30s        250.00 iters/s
step_00300 ✓ [ 100% ] 000/060 VUs    30s        300.00 iters/s
step_00350 ✓ [ 100% ] 0000/0070 VUs  30s        350.00 iters/s
step_00400 ✓ [ 100% ] 0000/0080 VUs  30s        400.00 iters/s
step_00450 ✓ [ 100% ] 0000/0090 VUs  30s        450.00 iters/s
step_00500 ✓ [ 100% ] 0000/0100 VUs  30s        500.00 iters/s
step_00550   [  73% ] 0001/0110 VUs  22.0s/30s  550.00 iters/s
step_00600 • [   0% ] waiting        0m08.0s   
step_00650 • [   0% ] waiting        0m38.0s   
step_00700 • [   0% ] waiting        1m08.0s   
step_00750 • [   0% ] waiting        1m38.0s   
step_00800 • [   0% ] waiting        2m08.0s   
step_00850 • [   0% ] waiting        2m38.0s   
step_00900 • [   0% ] waiting        3m08.0s   
step_00950 • [   0% ] waiting        3m38.0s   
step_01000 • [   0% ] waiting        4m08.0s   

running (05m23.0s), 0001/0390 VUs, 95131 complete and 0 interrupted iterations
step_00050 ✓ [ 100% ] 000/020 VUs    30s        50.00 iters/s
step_00100 ✓ [ 100% ] 000/020 VUs    30s        100.00 iters/s
step_00150 ✓ [ 100% ] 000/030 VUs    30s        150.00 iters/s
step_00200 ✓ [ 100% ] 000/040 VUs    30s        200.00 iters/s
step_00250 ✓ [ 100% ] 000/050 VUs    30s        250.00 iters/s
step_00300 ✓ [ 100% ] 000/060 VUs    30s        300.00 iters/s
step_00350 ✓ [ 100% ] 0000/0070 VUs  30s        350.00 iters/s
step_00400 ✓ [ 100% ] 0000/0080 VUs  30s        400.00 iters/s
step_00450 ✓ [ 100% ] 0000/0090 VUs  30s        450.00 iters/s
step_00500 ✓ [ 100% ] 0000/0100 VUs  30s        500.00 iters/s
step_00550   [  77% ] 0001/0110 VUs  23.0s/30s  550.00 iters/s
step_00600 • [   0% ] waiting        0m07.0s   
step_00650 • [   0% ] waiting        0m37.0s   
step_00700 • [   0% ] waiting        1m07.0s   
step_00750 • [   0% ] waiting        1m37.0s   
step_00800 • [   0% ] waiting        2m07.0s   
step_00850 • [   0% ] waiting        2m37.0s   
step_00900 • [   0% ] waiting        3m07.0s   
step_00950 • [   0% ] waiting        3m37.0s   
step_01000 • [   0% ] waiting        4m07.0s   

running (05m24.0s), 0001/0390 VUs, 95681 complete and 0 interrupted iterations
step_00050 ✓ [ 100% ] 000/020 VUs    30s        50.00 iters/s
step_00100 ✓ [ 100% ] 000/020 VUs    30s        100.00 iters/s
step_00150 ✓ [ 100% ] 000/030 VUs    30s        150.00 iters/s
step_00200 ✓ [ 100% ] 000/040 VUs    30s        200.00 iters/s
step_00250 ✓ [ 100% ] 000/050 VUs    30s        250.00 iters/s
step_00300 ✓ [ 100% ] 000/060 VUs    30s        300.00 iters/s
step_00350 ✓ [ 100% ] 0000/0070 VUs  30s        350.00 iters/s
step_00400 ✓ [ 100% ] 0000/0080 VUs  30s        400.00 iters/s
step_00450 ✓ [ 100% ] 0000/0090 VUs  30s        450.00 iters/s
step_00500 ✓ [ 100% ] 0000/0100 VUs  30s        500.00 iters/s
step_00550   [  80% ] 0001/0110 VUs  24.0s/30s  550.00 iters/s
step_00600 • [   0% ] waiting        0m06.0s   
step_00650 • [   0% ] waiting        0m36.0s   
step_00700 • [   0% ] waiting        1m06.0s   
step_00750 • [   0% ] waiting        1m36.0s   
step_00800 • [   0% ] waiting        2m06.0s   
step_00850 • [   0% ] waiting        2m36.0s   
step_00900 • [   0% ] waiting        3m06.0s   
step_00950 • [   0% ] waiting        3m36.0s   
step_01000 • [   0% ] waiting        4m06.0s   

running (05m25.0s), 0001/0390 VUs, 96231 complete and 0 interrupted iterations
step_00050 ✓ [ 100% ] 000/020 VUs    30s        50.00 iters/s
step_00100 ✓ [ 100% ] 000/020 VUs    30s        100.00 iters/s
step_00150 ✓ [ 100% ] 000/030 VUs    30s        150.00 iters/s
step_00200 ✓ [ 100% ] 000/040 VUs    30s        200.00 iters/s
step_00250 ✓ [ 100% ] 000/050 VUs    30s        250.00 iters/s
step_00300 ✓ [ 100% ] 000/060 VUs    30s        300.00 iters/s
step_00350 ✓ [ 100% ] 0000/0070 VUs  30s        350.00 iters/s
step_00400 ✓ [ 100% ] 0000/0080 VUs  30s        400.00 iters/s
step_00450 ✓ [ 100% ] 0000/0090 VUs  30s        450.00 iters/s
step_00500 ✓ [ 100% ] 0000/0100 VUs  30s        500.00 iters/s
step_00550   [  83% ] 0001/0110 VUs  25.0s/30s  550.00 iters/s
step_00600 • [   0% ] waiting        0m05.0s   
step_00650 • [   0% ] waiting        0m35.0s   
step_00700 • [   0% ] waiting        1m05.0s   
step_00750 • [   0% ] waiting        1m35.0s   
step_00800 • [   0% ] waiting        2m05.0s   
step_00850 • [   0% ] waiting        2m35.0s   
step_00900 • [   0% ] waiting        3m05.0s   
step_00950 • [   0% ] waiting        3m35.0s   
step_01000 • [   0% ] waiting        4m05.0s   

running (05m26.0s), 0001/0390 VUs, 96781 complete and 0 interrupted iterations
step_00050 ✓ [ 100% ] 000/020 VUs    30s        50.00 iters/s
step_00100 ✓ [ 100% ] 000/020 VUs    30s        100.00 iters/s
step_00150 ✓ [ 100% ] 000/030 VUs    30s        150.00 iters/s
step_00200 ✓ [ 100% ] 000/040 VUs    30s        200.00 iters/s
step_00250 ✓ [ 100% ] 000/050 VUs    30s        250.00 iters/s
step_00300 ✓ [ 100% ] 000/060 VUs    30s        300.00 iters/s
step_00350 ✓ [ 100% ] 0000/0070 VUs  30s        350.00 iters/s
step_00400 ✓ [ 100% ] 0000/0080 VUs  30s        400.00 iters/s
step_00450 ✓ [ 100% ] 0000/0090 VUs  30s        450.00 iters/s
step_00500 ✓ [ 100% ] 0000/0100 VUs  30s        500.00 iters/s
step_00550   [  87% ] 0001/0110 VUs  26.0s/30s  550.00 iters/s
step_00600 • [   0% ] waiting        0m04.0s   
step_00650 • [   0% ] waiting        0m34.0s   
step_00700 • [   0% ] waiting        1m04.0s   
step_00750 • [   0% ] waiting        1m34.0s   
step_00800 • [   0% ] waiting        2m04.0s   
step_00850 • [   0% ] waiting        2m34.0s   
step_00900 • [   0% ] waiting        3m04.0s   
step_00950 • [   0% ] waiting        3m34.0s   
step_01000 • [   0% ] waiting        4m04.0s   

running (05m27.0s), 0001/0390 VUs, 97331 complete and 0 interrupted iterations
step_00050 ✓ [ 100% ] 000/020 VUs    30s        50.00 iters/s
step_00100 ✓ [ 100% ] 000/020 VUs    30s        100.00 iters/s
step_00150 ✓ [ 100% ] 000/030 VUs    30s        150.00 iters/s
step_00200 ✓ [ 100% ] 000/040 VUs    30s        200.00 iters/s
step_00250 ✓ [ 100% ] 000/050 VUs    30s        250.00 iters/s
step_00300 ✓ [ 100% ] 000/060 VUs    30s        300.00 iters/s
step_00350 ✓ [ 100% ] 0000/0070 VUs  30s        350.00 iters/s
step_00400 ✓ [ 100% ] 0000/0080 VUs  30s        400.00 iters/s
step_00450 ✓ [ 100% ] 0000/0090 VUs  30s        450.00 iters/s
step_00500 ✓ [ 100% ] 0000/0100 VUs  30s        500.00 iters/s
step_00550   [  90% ] 0001/0110 VUs  27.0s/30s  550.00 iters/s
step_00600 • [   0% ] waiting        0m03.0s   
step_00650 • [   0% ] waiting        0m33.0s   
step_00700 • [   0% ] waiting        1m03.0s   
step_00750 • [   0% ] waiting        1m33.0s   
step_00800 • [   0% ] waiting        2m03.0s   
step_00850 • [   0% ] waiting        2m33.0s   
step_00900 • [   0% ] waiting        3m03.0s   
step_00950 • [   0% ] waiting        3m33.0s   
step_01000 • [   0% ] waiting        4m03.0s   

running (05m28.0s), 0001/0390 VUs, 97881 complete and 0 interrupted iterations
step_00050 ✓ [ 100% ] 000/020 VUs    30s        50.00 iters/s
step_00100 ✓ [ 100% ] 000/020 VUs    30s        100.00 iters/s
step_00150 ✓ [ 100% ] 000/030 VUs    30s        150.00 iters/s
step_00200 ✓ [ 100% ] 000/040 VUs    30s        200.00 iters/s
step_00250 ✓ [ 100% ] 000/050 VUs    30s        250.00 iters/s
step_00300 ✓ [ 100% ] 000/060 VUs    30s        300.00 iters/s
step_00350 ✓ [ 100% ] 0000/0070 VUs  30s        350.00 iters/s
step_00400 ✓ [ 100% ] 0000/0080 VUs  30s        400.00 iters/s
step_00450 ✓ [ 100% ] 0000/0090 VUs  30s        450.00 iters/s
step_00500 ✓ [ 100% ] 0000/0100 VUs  30s        500.00 iters/s
step_00550   [  93% ] 0001/0110 VUs  28.0s/30s  550.00 iters/s
step_00600 • [   0% ] waiting        0m02.0s   
step_00650 • [   0% ] waiting        0m32.0s   
step_00700 • [   0% ] waiting        1m02.0s   
step_00750 • [   0% ] waiting        1m32.0s   
step_00800 • [   0% ] waiting        2m02.0s   
step_00850 • [   0% ] waiting        2m32.0s   
step_00900 • [   0% ] waiting        3m02.0s   
step_00950 • [   0% ] waiting        3m32.0s   
step_01000 • [   0% ] waiting        4m02.0s   

running (05m29.0s), 0001/0390 VUs, 98431 complete and 0 interrupted iterations
step_00050 ✓ [ 100% ] 000/020 VUs    30s        50.00 iters/s
step_00100 ✓ [ 100% ] 000/020 VUs    30s        100.00 iters/s
step_00150 ✓ [ 100% ] 000/030 VUs    30s        150.00 iters/s
step_00200 ✓ [ 100% ] 000/040 VUs    30s        200.00 iters/s
step_00250 ✓ [ 100% ] 000/050 VUs    30s        250.00 iters/s
step_00300 ✓ [ 100% ] 000/060 VUs    30s        300.00 iters/s
step_00350 ✓ [ 100% ] 0000/0070 VUs  30s        350.00 iters/s
step_00400 ✓ [ 100% ] 0000/0080 VUs  30s        400.00 iters/s
step_00450 ✓ [ 100% ] 0000/0090 VUs  30s        450.00 iters/s
step_00500 ✓ [ 100% ] 0000/0100 VUs  30s        500.00 iters/s
step_00550   [  97% ] 0001/0110 VUs  29.0s/30s  550.00 iters/s
step_00600 • [   0% ] waiting        0m01.0s   
step_00650 • [   0% ] waiting        0m31.0s   
step_00700 • [   0% ] waiting        1m01.0s   
step_00750 • [   0% ] waiting        1m31.0s   
step_00800 • [   0% ] waiting        2m01.0s   
step_00850 • [   0% ] waiting        2m31.0s   
step_00900 • [   0% ] waiting        3m01.0s   
step_00950 • [   0% ] waiting        3m31.0s   
step_01000 • [   0% ] waiting        4m01.0s   

running (05m30.0s), 0001/0390 VUs, 98981 complete and 0 interrupted iterations
step_00050 ✓ [ 100% ] 000/020 VUs    30s        50.00 iters/s
step_00100 ✓ [ 100% ] 000/020 VUs    30s        100.00 iters/s
step_00150 ✓ [ 100% ] 000/030 VUs    30s        150.00 iters/s
step_00200 ✓ [ 100% ] 000/040 VUs    30s        200.00 iters/s
step_00250 ✓ [ 100% ] 000/050 VUs    30s        250.00 iters/s
step_00300 ✓ [ 100% ] 000/060 VUs    30s        300.00 iters/s
step_00350 ✓ [ 100% ] 0000/0070 VUs  30s        350.00 iters/s
step_00400 ✓ [ 100% ] 0000/0080 VUs  30s        400.00 iters/s
step_00450 ✓ [ 100% ] 0000/0090 VUs  30s        450.00 iters/s
step_00500 ✓ [ 100% ] 0000/0100 VUs  30s        500.00 iters/s
step_00550   [ 100% ] 0001/0110 VUs  30.0s/30s  550.00 iters/s
step_00600 • [   0% ] waiting        0m00.0s   
step_00650 • [   0% ] waiting        0m30.0s   
step_00700 • [   0% ] waiting        1m00.0s   
step_00750 • [   0% ] waiting        1m30.0s   
step_00800 • [   0% ] waiting        2m00.0s   
step_00850 • [   0% ] waiting        2m30.0s   
step_00900 • [   0% ] waiting        3m00.0s   
step_00950 • [   0% ] waiting        3m30.0s   
step_01000 • [   0% ] waiting        4m00.0s   

running (05m31.0s), 0001/0390 VUs, 99579 complete and 0 interrupted iterations
step_00050 ✓ [ 100% ] 000/020 VUs    30s        50.00 iters/s
step_00100 ✓ [ 100% ] 000/020 VUs    30s        100.00 iters/s
step_00150 ✓ [ 100% ] 000/030 VUs    30s        150.00 iters/s
step_00200 ✓ [ 100% ] 000/040 VUs    30s        200.00 iters/s
step_00250 ✓ [ 100% ] 000/050 VUs    30s        250.00 iters/s
step_00300 ✓ [ 100% ] 000/060 VUs    30s        300.00 iters/s
step_00350 ✓ [ 100% ] 0000/0070 VUs  30s        350.00 iters/s
step_00400 ✓ [ 100% ] 0000/0080 VUs  30s        400.00 iters/s
step_00450 ✓ [ 100% ] 0000/0090 VUs  30s        450.00 iters/s
step_00500 ✓ [ 100% ] 0000/0100 VUs  30s        500.00 iters/s
step_00550 ✓ [ 100% ] 0000/0110 VUs  30s        550.00 iters/s
step_00600   [   3% ] 0001/0120 VUs  01.0s/30s  600.00 iters/s
step_00650 • [   0% ] waiting        0m29.0s   
step_00700 • [   0% ] waiting        0m59.0s   
step_00750 • [   0% ] waiting        1m29.0s   
step_00800 • [   0% ] waiting        1m59.0s   
step_00850 • [   0% ] waiting        2m29.0s   
step_00900 • [   0% ] waiting        2m59.0s   
step_00950 • [   0% ] waiting        3m29.0s   
step_01000 • [   0% ] waiting        3m59.0s   

running (05m32.0s), 0001/0390 VUs, 100179 complete and 0 interrupted iterations
step_00050 ✓ [ 100% ] 000/020 VUs    30s        50.00 iters/s
step_00100 ✓ [ 100% ] 000/020 VUs    30s        100.00 iters/s
step_00150 ✓ [ 100% ] 000/030 VUs    30s        150.00 iters/s
step_00200 ✓ [ 100% ] 000/040 VUs    30s        200.00 iters/s
step_00250 ✓ [ 100% ] 000/050 VUs    30s        250.00 iters/s
step_00300 ✓ [ 100% ] 000/060 VUs    30s        300.00 iters/s
step_00350 ✓ [ 100% ] 0000/0070 VUs  30s        350.00 iters/s
step_00400 ✓ [ 100% ] 0000/0080 VUs  30s        400.00 iters/s
step_00450 ✓ [ 100% ] 0000/0090 VUs  30s        450.00 iters/s
step_00500 ✓ [ 100% ] 0000/0100 VUs  30s        500.00 iters/s
step_00550 ✓ [ 100% ] 0000/0110 VUs  30s        550.00 iters/s
step_00600   [   7% ] 0001/0120 VUs  02.0s/30s  600.00 iters/s
step_00650 • [   0% ] waiting        0m28.0s   
step_00700 • [   0% ] waiting        0m58.0s   
step_00750 • [   0% ] waiting        1m28.0s   
step_00800 • [   0% ] waiting        1m58.0s   
step_00850 • [   0% ] waiting        2m28.0s   
step_00900 • [   0% ] waiting        2m58.0s   
step_00950 • [   0% ] waiting        3m28.0s   
step_01000 • [   0% ] waiting        3m58.0s   

running (05m33.0s), 0000/0390 VUs, 100780 complete and 0 interrupted iterations
step_00050 ✓ [ 100% ] 000/020 VUs    30s        50.00 iters/s
step_00100 ✓ [ 100% ] 000/020 VUs    30s        100.00 iters/s
step_00150 ✓ [ 100% ] 000/030 VUs    30s        150.00 iters/s
step_00200 ✓ [ 100% ] 000/040 VUs    30s        200.00 iters/s
step_00250 ✓ [ 100% ] 000/050 VUs    30s        250.00 iters/s
step_00300 ✓ [ 100% ] 000/060 VUs    30s        300.00 iters/s
step_00350 ✓ [ 100% ] 0000/0070 VUs  30s        350.00 iters/s
step_00400 ✓ [ 100% ] 0000/0080 VUs  30s        400.00 iters/s
step_00450 ✓ [ 100% ] 0000/0090 VUs  30s        450.00 iters/s
step_00500 ✓ [ 100% ] 0000/0100 VUs  30s        500.00 iters/s
step_00550 ✓ [ 100% ] 0000/0110 VUs  30s        550.00 iters/s
step_00600   [  10% ] 0000/0120 VUs  03.0s/30s  600.00 iters/s
step_00650 • [   0% ] waiting        0m27.0s   
step_00700 • [   0% ] waiting        0m57.0s   
step_00750 • [   0% ] waiting        1m27.0s   
step_00800 • [   0% ] waiting        1m57.0s   
step_00850 • [   0% ] waiting        2m27.0s   
step_00900 • [   0% ] waiting        2m57.0s   
step_00950 • [   0% ] waiting        3m27.0s   
step_01000 • [   0% ] waiting        3m57.0s   

running (05m34.0s), 0000/0390 VUs, 101380 complete and 0 interrupted iterations
step_00050 ✓ [ 100% ] 000/020 VUs    30s        50.00 iters/s
step_00100 ✓ [ 100% ] 000/020 VUs    30s        100.00 iters/s
step_00150 ✓ [ 100% ] 000/030 VUs    30s        150.00 iters/s
step_00200 ✓ [ 100% ] 000/040 VUs    30s        200.00 iters/s
step_00250 ✓ [ 100% ] 000/050 VUs    30s        250.00 iters/s
step_00300 ✓ [ 100% ] 000/060 VUs    30s        300.00 iters/s
step_00350 ✓ [ 100% ] 0000/0070 VUs  30s        350.00 iters/s
step_00400 ✓ [ 100% ] 0000/0080 VUs  30s        400.00 iters/s
step_00450 ✓ [ 100% ] 0000/0090 VUs  30s        450.00 iters/s
step_00500 ✓ [ 100% ] 0000/0100 VUs  30s        500.00 iters/s
step_00550 ✓ [ 100% ] 0000/0110 VUs  30s        550.00 iters/s
step_00600   [  13% ] 0000/0120 VUs  04.0s/30s  600.00 iters/s
step_00650 • [   0% ] waiting        0m26.0s   
step_00700 • [   0% ] waiting        0m56.0s   
step_00750 • [   0% ] waiting        1m26.0s   
step_00800 • [   0% ] waiting        1m56.0s   
step_00850 • [   0% ] waiting        2m26.0s   
step_00900 • [   0% ] waiting        2m56.0s   
step_00950 • [   0% ] waiting        3m26.0s   
step_01000 • [   0% ] waiting        3m56.0s   

running (05m35.0s), 0000/0390 VUs, 101980 complete and 0 interrupted iterations
step_00050 ✓ [ 100% ] 000/020 VUs    30s        50.00 iters/s
step_00100 ✓ [ 100% ] 000/020 VUs    30s        100.00 iters/s
step_00150 ✓ [ 100% ] 000/030 VUs    30s        150.00 iters/s
step_00200 ✓ [ 100% ] 000/040 VUs    30s        200.00 iters/s
step_00250 ✓ [ 100% ] 000/050 VUs    30s        250.00 iters/s
step_00300 ✓ [ 100% ] 000/060 VUs    30s        300.00 iters/s
step_00350 ✓ [ 100% ] 0000/0070 VUs  30s        350.00 iters/s
step_00400 ✓ [ 100% ] 0000/0080 VUs  30s        400.00 iters/s
step_00450 ✓ [ 100% ] 0000/0090 VUs  30s        450.00 iters/s
step_00500 ✓ [ 100% ] 0000/0100 VUs  30s        500.00 iters/s
step_00550 ✓ [ 100% ] 0000/0110 VUs  30s        550.00 iters/s
step_00600   [  17% ] 0000/0120 VUs  05.0s/30s  600.00 iters/s
step_00650 • [   0% ] waiting        0m25.0s   
step_00700 • [   0% ] waiting        0m55.0s   
step_00750 • [   0% ] waiting        1m25.0s   
step_00800 • [   0% ] waiting        1m55.0s   
step_00850 • [   0% ] waiting        2m25.0s   
step_00900 • [   0% ] waiting        2m55.0s   
step_00950 • [   0% ] waiting        3m25.0s   
step_01000 • [   0% ] waiting        3m55.0s   

running (05m36.0s), 0001/0390 VUs, 102579 complete and 0 interrupted iterations
step_00050 ✓ [ 100% ] 000/020 VUs    30s        50.00 iters/s
step_00100 ✓ [ 100% ] 000/020 VUs    30s        100.00 iters/s
step_00150 ✓ [ 100% ] 000/030 VUs    30s        150.00 iters/s
step_00200 ✓ [ 100% ] 000/040 VUs    30s        200.00 iters/s
step_00250 ✓ [ 100% ] 000/050 VUs    30s        250.00 iters/s
step_00300 ✓ [ 100% ] 000/060 VUs    30s        300.00 iters/s
step_00350 ✓ [ 100% ] 0000/0070 VUs  30s        350.00 iters/s
step_00400 ✓ [ 100% ] 0000/0080 VUs  30s        400.00 iters/s
step_00450 ✓ [ 100% ] 0000/0090 VUs  30s        450.00 iters/s
step_00500 ✓ [ 100% ] 0000/0100 VUs  30s        500.00 iters/s
step_00550 ✓ [ 100% ] 0000/0110 VUs  30s        550.00 iters/s
step_00600   [  20% ] 0001/0120 VUs  06.0s/30s  600.00 iters/s
step_00650 • [   0% ] waiting        0m24.0s   
step_00700 • [   0% ] waiting        0m54.0s   
step_00750 • [   0% ] waiting        1m24.0s   
step_00800 • [   0% ] waiting        1m54.0s   
step_00850 • [   0% ] waiting        2m24.0s   
step_00900 • [   0% ] waiting        2m54.0s   
step_00950 • [   0% ] waiting        3m24.0s   
step_01000 • [   0% ] waiting        3m54.0s   

running (05m37.0s), 0000/0390 VUs, 103180 complete and 0 interrupted iterations
step_00050 ✓ [ 100% ] 000/020 VUs    30s        50.00 iters/s
step_00100 ✓ [ 100% ] 000/020 VUs    30s        100.00 iters/s
step_00150 ✓ [ 100% ] 000/030 VUs    30s        150.00 iters/s
step_00200 ✓ [ 100% ] 000/040 VUs    30s        200.00 iters/s
step_00250 ✓ [ 100% ] 000/050 VUs    30s        250.00 iters/s
step_00300 ✓ [ 100% ] 000/060 VUs    30s        300.00 iters/s
step_00350 ✓ [ 100% ] 0000/0070 VUs  30s        350.00 iters/s
step_00400 ✓ [ 100% ] 0000/0080 VUs  30s        400.00 iters/s
step_00450 ✓ [ 100% ] 0000/0090 VUs  30s        450.00 iters/s
step_00500 ✓ [ 100% ] 0000/0100 VUs  30s        500.00 iters/s
step_00550 ✓ [ 100% ] 0000/0110 VUs  30s        550.00 iters/s
step_00600   [  23% ] 0000/0120 VUs  07.0s/30s  600.00 iters/s
step_00650 • [   0% ] waiting        0m23.0s   
step_00700 • [   0% ] waiting        0m53.0s   
step_00750 • [   0% ] waiting        1m23.0s   
step_00800 • [   0% ] waiting        1m53.0s   
step_00850 • [   0% ] waiting        2m23.0s   
step_00900 • [   0% ] waiting        2m53.0s   
step_00950 • [   0% ] waiting        3m23.0s   
step_01000 • [   0% ] waiting        3m53.0s   

running (05m38.0s), 0000/0390 VUs, 103780 complete and 0 interrupted iterations
step_00050 ✓ [ 100% ] 000/020 VUs    30s        50.00 iters/s
step_00100 ✓ [ 100% ] 000/020 VUs    30s        100.00 iters/s
step_00150 ✓ [ 100% ] 000/030 VUs    30s        150.00 iters/s
step_00200 ✓ [ 100% ] 000/040 VUs    30s        200.00 iters/s
step_00250 ✓ [ 100% ] 000/050 VUs    30s        250.00 iters/s
step_00300 ✓ [ 100% ] 000/060 VUs    30s        300.00 iters/s
step_00350 ✓ [ 100% ] 0000/0070 VUs  30s        350.00 iters/s
step_00400 ✓ [ 100% ] 0000/0080 VUs  30s        400.00 iters/s
step_00450 ✓ [ 100% ] 0000/0090 VUs  30s        450.00 iters/s
step_00500 ✓ [ 100% ] 0000/0100 VUs  30s        500.00 iters/s
step_00550 ✓ [ 100% ] 0000/0110 VUs  30s        550.00 iters/s
step_00600   [  27% ] 0000/0120 VUs  08.0s/30s  600.00 iters/s
step_00650 • [   0% ] waiting        0m22.0s   
step_00700 • [   0% ] waiting        0m52.0s   
step_00750 • [   0% ] waiting        1m22.0s   
step_00800 • [   0% ] waiting        1m52.0s   
step_00850 • [   0% ] waiting        2m22.0s   
step_00900 • [   0% ] waiting        2m52.0s   
step_00950 • [   0% ] waiting        3m22.0s   
step_01000 • [   0% ] waiting        3m52.0s   

running (05m39.0s), 0001/0390 VUs, 104379 complete and 0 interrupted iterations
step_00050 ✓ [ 100% ] 000/020 VUs    30s        50.00 iters/s
step_00100 ✓ [ 100% ] 000/020 VUs    30s        100.00 iters/s
step_00150 ✓ [ 100% ] 000/030 VUs    30s        150.00 iters/s
step_00200 ✓ [ 100% ] 000/040 VUs    30s        200.00 iters/s
step_00250 ✓ [ 100% ] 000/050 VUs    30s        250.00 iters/s
step_00300 ✓ [ 100% ] 000/060 VUs    30s        300.00 iters/s
step_00350 ✓ [ 100% ] 0000/0070 VUs  30s        350.00 iters/s
step_00400 ✓ [ 100% ] 0000/0080 VUs  30s        400.00 iters/s
step_00450 ✓ [ 100% ] 0000/0090 VUs  30s        450.00 iters/s
step_00500 ✓ [ 100% ] 0000/0100 VUs  30s        500.00 iters/s
step_00550 ✓ [ 100% ] 0000/0110 VUs  30s        550.00 iters/s
step_00600   [  30% ] 0001/0120 VUs  09.0s/30s  600.00 iters/s
step_00650 • [   0% ] waiting        0m21.0s   
step_00700 • [   0% ] waiting        0m51.0s   
step_00750 • [   0% ] waiting        1m21.0s   
step_00800 • [   0% ] waiting        1m51.0s   
step_00850 • [   0% ] waiting        2m21.0s   
step_00900 • [   0% ] waiting        2m51.0s   
step_00950 • [   0% ] waiting        3m21.0s   
step_01000 • [   0% ] waiting        3m51.0s   

running (05m40.0s), 0001/0390 VUs, 104979 complete and 0 interrupted iterations
step_00050 ✓ [ 100% ] 000/020 VUs    30s        50.00 iters/s
step_00100 ✓ [ 100% ] 000/020 VUs    30s        100.00 iters/s
step_00150 ✓ [ 100% ] 000/030 VUs    30s        150.00 iters/s
step_00200 ✓ [ 100% ] 000/040 VUs    30s        200.00 iters/s
step_00250 ✓ [ 100% ] 000/050 VUs    30s        250.00 iters/s
step_00300 ✓ [ 100% ] 000/060 VUs    30s        300.00 iters/s
step_00350 ✓ [ 100% ] 0000/0070 VUs  30s        350.00 iters/s
step_00400 ✓ [ 100% ] 0000/0080 VUs  30s        400.00 iters/s
step_00450 ✓ [ 100% ] 0000/0090 VUs  30s        450.00 iters/s
step_00500 ✓ [ 100% ] 0000/0100 VUs  30s        500.00 iters/s
step_00550 ✓ [ 100% ] 0000/0110 VUs  30s        550.00 iters/s
step_00600   [  33% ] 0001/0120 VUs  10.0s/30s  600.00 iters/s
step_00650 • [   0% ] waiting        0m20.0s   
step_00700 • [   0% ] waiting        0m50.0s   
step_00750 • [   0% ] waiting        1m20.0s   
step_00800 • [   0% ] waiting        1m50.0s   
step_00850 • [   0% ] waiting        2m20.0s   
step_00900 • [   0% ] waiting        2m50.0s   
step_00950 • [   0% ] waiting        3m20.0s   
step_01000 • [   0% ] waiting        3m50.0s   

running (05m41.0s), 0001/0390 VUs, 105579 complete and 0 interrupted iterations
step_00050 ✓ [ 100% ] 000/020 VUs    30s        50.00 iters/s
step_00100 ✓ [ 100% ] 000/020 VUs    30s        100.00 iters/s
step_00150 ✓ [ 100% ] 000/030 VUs    30s        150.00 iters/s
step_00200 ✓ [ 100% ] 000/040 VUs    30s        200.00 iters/s
step_00250 ✓ [ 100% ] 000/050 VUs    30s        250.00 iters/s
step_00300 ✓ [ 100% ] 000/060 VUs    30s        300.00 iters/s
step_00350 ✓ [ 100% ] 0000/0070 VUs  30s        350.00 iters/s
step_00400 ✓ [ 100% ] 0000/0080 VUs  30s        400.00 iters/s
step_00450 ✓ [ 100% ] 0000/0090 VUs  30s        450.00 iters/s
step_00500 ✓ [ 100% ] 0000/0100 VUs  30s        500.00 iters/s
step_00550 ✓ [ 100% ] 0000/0110 VUs  30s        550.00 iters/s
step_00600   [  37% ] 0001/0120 VUs  11.0s/30s  600.00 iters/s
step_00650 • [   0% ] waiting        0m19.0s   
step_00700 • [   0% ] waiting        0m49.0s   
step_00750 • [   0% ] waiting        1m19.0s   
step_00800 • [   0% ] waiting        1m49.0s   
step_00850 • [   0% ] waiting        2m19.0s   
step_00900 • [   0% ] waiting        2m49.0s   
step_00950 • [   0% ] waiting        3m19.0s   
step_01000 • [   0% ] waiting        3m49.0s   

running (05m42.0s), 0000/0390 VUs, 106180 complete and 0 interrupted iterations
step_00050 ✓ [ 100% ] 000/020 VUs    30s        50.00 iters/s
step_00100 ✓ [ 100% ] 000/020 VUs    30s        100.00 iters/s
step_00150 ✓ [ 100% ] 000/030 VUs    30s        150.00 iters/s
step_00200 ✓ [ 100% ] 000/040 VUs    30s        200.00 iters/s
step_00250 ✓ [ 100% ] 000/050 VUs    30s        250.00 iters/s
step_00300 ✓ [ 100% ] 000/060 VUs    30s        300.00 iters/s
step_00350 ✓ [ 100% ] 0000/0070 VUs  30s        350.00 iters/s
step_00400 ✓ [ 100% ] 0000/0080 VUs  30s        400.00 iters/s
step_00450 ✓ [ 100% ] 0000/0090 VUs  30s        450.00 iters/s
step_00500 ✓ [ 100% ] 0000/0100 VUs  30s        500.00 iters/s
step_00550 ✓ [ 100% ] 0000/0110 VUs  30s        550.00 iters/s
step_00600   [  40% ] 0000/0120 VUs  12.0s/30s  600.00 iters/s
step_00650 • [   0% ] waiting        0m18.0s   
step_00700 • [   0% ] waiting        0m48.0s   
step_00750 • [   0% ] waiting        1m18.0s   
step_00800 • [   0% ] waiting        1m48.0s   
step_00850 • [   0% ] waiting        2m18.0s   
step_00900 • [   0% ] waiting        2m48.0s   
step_00950 • [   0% ] waiting        3m18.0s   
step_01000 • [   0% ] waiting        3m48.0s   

running (05m43.0s), 0001/0390 VUs, 106779 complete and 0 interrupted iterations
step_00050 ✓ [ 100% ] 000/020 VUs    30s        50.00 iters/s
step_00100 ✓ [ 100% ] 000/020 VUs    30s        100.00 iters/s
step_00150 ✓ [ 100% ] 000/030 VUs    30s        150.00 iters/s
step_00200 ✓ [ 100% ] 000/040 VUs    30s        200.00 iters/s
step_00250 ✓ [ 100% ] 000/050 VUs    30s        250.00 iters/s
step_00300 ✓ [ 100% ] 000/060 VUs    30s        300.00 iters/s
step_00350 ✓ [ 100% ] 0000/0070 VUs  30s        350.00 iters/s
step_00400 ✓ [ 100% ] 0000/0080 VUs  30s        400.00 iters/s
step_00450 ✓ [ 100% ] 0000/0090 VUs  30s        450.00 iters/s
step_00500 ✓ [ 100% ] 0000/0100 VUs  30s        500.00 iters/s
step_00550 ✓ [ 100% ] 0000/0110 VUs  30s        550.00 iters/s
step_00600   [  43% ] 0001/0120 VUs  13.0s/30s  600.00 iters/s
step_00650 • [   0% ] waiting        0m17.0s   
step_00700 • [   0% ] waiting        0m47.0s   
step_00750 • [   0% ] waiting        1m17.0s   
step_00800 • [   0% ] waiting        1m47.0s   
step_00850 • [   0% ] waiting        2m17.0s   
step_00900 • [   0% ] waiting        2m47.0s   
step_00950 • [   0% ] waiting        3m17.0s   
step_01000 • [   0% ] waiting        3m47.0s   

running (05m44.0s), 0000/0390 VUs, 107380 complete and 0 interrupted iterations
step_00050 ✓ [ 100% ] 000/020 VUs    30s        50.00 iters/s
step_00100 ✓ [ 100% ] 000/020 VUs    30s        100.00 iters/s
step_00150 ✓ [ 100% ] 000/030 VUs    30s        150.00 iters/s
step_00200 ✓ [ 100% ] 000/040 VUs    30s        200.00 iters/s
step_00250 ✓ [ 100% ] 000/050 VUs    30s        250.00 iters/s
step_00300 ✓ [ 100% ] 000/060 VUs    30s        300.00 iters/s
step_00350 ✓ [ 100% ] 0000/0070 VUs  30s        350.00 iters/s
step_00400 ✓ [ 100% ] 0000/0080 VUs  30s        400.00 iters/s
step_00450 ✓ [ 100% ] 0000/0090 VUs  30s        450.00 iters/s
step_00500 ✓ [ 100% ] 0000/0100 VUs  30s        500.00 iters/s
step_00550 ✓ [ 100% ] 0000/0110 VUs  30s        550.00 iters/s
step_00600   [  47% ] 0000/0120 VUs  14.0s/30s  600.00 iters/s
step_00650 • [   0% ] waiting        0m16.0s   
step_00700 • [   0% ] waiting        0m46.0s   
step_00750 • [   0% ] waiting        1m16.0s   
step_00800 • [   0% ] waiting        1m46.0s   
step_00850 • [   0% ] waiting        2m16.0s   
step_00900 • [   0% ] waiting        2m46.0s   
step_00950 • [   0% ] waiting        3m16.0s   
step_01000 • [   0% ] waiting        3m46.0s   

running (05m45.0s), 0000/0390 VUs, 107980 complete and 0 interrupted iterations
step_00050 ✓ [ 100% ] 000/020 VUs    30s        50.00 iters/s
step_00100 ✓ [ 100% ] 000/020 VUs    30s        100.00 iters/s
step_00150 ✓ [ 100% ] 000/030 VUs    30s        150.00 iters/s
step_00200 ✓ [ 100% ] 000/040 VUs    30s        200.00 iters/s
step_00250 ✓ [ 100% ] 000/050 VUs    30s        250.00 iters/s
step_00300 ✓ [ 100% ] 000/060 VUs    30s        300.00 iters/s
step_00350 ✓ [ 100% ] 0000/0070 VUs  30s        350.00 iters/s
step_00400 ✓ [ 100% ] 0000/0080 VUs  30s        400.00 iters/s
step_00450 ✓ [ 100% ] 0000/0090 VUs  30s        450.00 iters/s
step_00500 ✓ [ 100% ] 0000/0100 VUs  30s        500.00 iters/s
step_00550 ✓ [ 100% ] 0000/0110 VUs  30s        550.00 iters/s
step_00600   [  50% ] 0000/0120 VUs  15.0s/30s  600.00 iters/s
step_00650 • [   0% ] waiting        0m15.0s   
step_00700 • [   0% ] waiting        0m45.0s   
step_00750 • [   0% ] waiting        1m15.0s   
step_00800 • [   0% ] waiting        1m45.0s   
step_00850 • [   0% ] waiting        2m15.0s   
step_00900 • [   0% ] waiting        2m45.0s   
step_00950 • [   0% ] waiting        3m15.0s   
step_01000 • [   0% ] waiting        3m45.0s   

running (05m46.0s), 0001/0390 VUs, 108579 complete and 0 interrupted iterations
step_00050 ✓ [ 100% ] 000/020 VUs    30s        50.00 iters/s
step_00100 ✓ [ 100% ] 000/020 VUs    30s        100.00 iters/s
step_00150 ✓ [ 100% ] 000/030 VUs    30s        150.00 iters/s
step_00200 ✓ [ 100% ] 000/040 VUs    30s        200.00 iters/s
step_00250 ✓ [ 100% ] 000/050 VUs    30s        250.00 iters/s
step_00300 ✓ [ 100% ] 000/060 VUs    30s        300.00 iters/s
step_00350 ✓ [ 100% ] 0000/0070 VUs  30s        350.00 iters/s
step_00400 ✓ [ 100% ] 0000/0080 VUs  30s        400.00 iters/s
step_00450 ✓ [ 100% ] 0000/0090 VUs  30s        450.00 iters/s
step_00500 ✓ [ 100% ] 0000/0100 VUs  30s        500.00 iters/s
step_00550 ✓ [ 100% ] 0000/0110 VUs  30s        550.00 iters/s
step_00600   [  53% ] 0001/0120 VUs  16.0s/30s  600.00 iters/s
step_00650 • [   0% ] waiting        0m14.0s   
step_00700 • [   0% ] waiting        0m44.0s   
step_00750 • [   0% ] waiting        1m14.0s   
step_00800 • [   0% ] waiting        1m44.0s   
step_00850 • [   0% ] waiting        2m14.0s   
step_00900 • [   0% ] waiting        2m44.0s   
step_00950 • [   0% ] waiting        3m14.0s   
step_01000 • [   0% ] waiting        3m44.0s   

running (05m47.0s), 0000/0390 VUs, 109180 complete and 0 interrupted iterations
step_00050 ✓ [ 100% ] 000/020 VUs    30s        50.00 iters/s
step_00100 ✓ [ 100% ] 000/020 VUs    30s        100.00 iters/s
step_00150 ✓ [ 100% ] 000/030 VUs    30s        150.00 iters/s
step_00200 ✓ [ 100% ] 000/040 VUs    30s        200.00 iters/s
step_00250 ✓ [ 100% ] 000/050 VUs    30s        250.00 iters/s
step_00300 ✓ [ 100% ] 000/060 VUs    30s        300.00 iters/s
step_00350 ✓ [ 100% ] 0000/0070 VUs  30s        350.00 iters/s
step_00400 ✓ [ 100% ] 0000/0080 VUs  30s        400.00 iters/s
step_00450 ✓ [ 100% ] 0000/0090 VUs  30s        450.00 iters/s
step_00500 ✓ [ 100% ] 0000/0100 VUs  30s        500.00 iters/s
step_00550 ✓ [ 100% ] 0000/0110 VUs  30s        550.00 iters/s
step_00600   [  57% ] 0000/0120 VUs  17.0s/30s  600.00 iters/s
step_00650 • [   0% ] waiting        0m13.0s   
step_00700 • [   0% ] waiting        0m43.0s   
step_00750 • [   0% ] waiting        1m13.0s   
step_00800 • [   0% ] waiting        1m43.0s   
step_00850 • [   0% ] waiting        2m13.0s   
step_00900 • [   0% ] waiting        2m43.0s   
step_00950 • [   0% ] waiting        3m13.0s   
step_01000 • [   0% ] waiting        3m43.0s   

running (05m48.0s), 0000/0390 VUs, 109780 complete and 0 interrupted iterations
step_00050 ✓ [ 100% ] 000/020 VUs    30s        50.00 iters/s
step_00100 ✓ [ 100% ] 000/020 VUs    30s        100.00 iters/s
step_00150 ✓ [ 100% ] 000/030 VUs    30s        150.00 iters/s
step_00200 ✓ [ 100% ] 000/040 VUs    30s        200.00 iters/s
step_00250 ✓ [ 100% ] 000/050 VUs    30s        250.00 iters/s
step_00300 ✓ [ 100% ] 000/060 VUs    30s        300.00 iters/s
step_00350 ✓ [ 100% ] 0000/0070 VUs  30s        350.00 iters/s
step_00400 ✓ [ 100% ] 0000/0080 VUs  30s        400.00 iters/s
step_00450 ✓ [ 100% ] 0000/0090 VUs  30s        450.00 iters/s
step_00500 ✓ [ 100% ] 0000/0100 VUs  30s        500.00 iters/s
step_00550 ✓ [ 100% ] 0000/0110 VUs  30s        550.00 iters/s
step_00600   [  60% ] 0000/0120 VUs  18.0s/30s  600.00 iters/s
step_00650 • [   0% ] waiting        0m12.0s   
step_00700 • [   0% ] waiting        0m42.0s   
step_00750 • [   0% ] waiting        1m12.0s   
step_00800 • [   0% ] waiting        1m42.0s   
step_00850 • [   0% ] waiting        2m12.0s   
step_00900 • [   0% ] waiting        2m42.0s   
step_00950 • [   0% ] waiting        3m12.0s   
step_01000 • [   0% ] waiting        3m42.0s   

running (05m49.0s), 0002/0390 VUs, 110379 complete and 0 interrupted iterations
step_00050 ✓ [ 100% ] 000/020 VUs    30s        50.00 iters/s
step_00100 ✓ [ 100% ] 000/020 VUs    30s        100.00 iters/s
step_00150 ✓ [ 100% ] 000/030 VUs    30s        150.00 iters/s
step_00200 ✓ [ 100% ] 000/040 VUs    30s        200.00 iters/s
step_00250 ✓ [ 100% ] 000/050 VUs    30s        250.00 iters/s
step_00300 ✓ [ 100% ] 000/060 VUs    30s        300.00 iters/s
step_00350 ✓ [ 100% ] 0000/0070 VUs  30s        350.00 iters/s
step_00400 ✓ [ 100% ] 0000/0080 VUs  30s        400.00 iters/s
step_00450 ✓ [ 100% ] 0000/0090 VUs  30s        450.00 iters/s
step_00500 ✓ [ 100% ] 0000/0100 VUs  30s        500.00 iters/s
step_00550 ✓ [ 100% ] 0000/0110 VUs  30s        550.00 iters/s
step_00600   [  63% ] 0002/0120 VUs  19.0s/30s  600.00 iters/s
step_00650 • [   0% ] waiting        0m11.0s   
step_00700 • [   0% ] waiting        0m41.0s   
step_00750 • [   0% ] waiting        1m11.0s   
step_00800 • [   0% ] waiting        1m41.0s   
step_00850 • [   0% ] waiting        2m11.0s   
step_00900 • [   0% ] waiting        2m41.0s   
step_00950 • [   0% ] waiting        3m11.0s   
step_01000 • [   0% ] waiting        3m41.0s   

running (05m50.0s), 0000/0390 VUs, 110980 complete and 0 interrupted iterations
step_00050 ✓ [ 100% ] 000/020 VUs    30s        50.00 iters/s
step_00100 ✓ [ 100% ] 000/020 VUs    30s        100.00 iters/s
step_00150 ✓ [ 100% ] 000/030 VUs    30s        150.00 iters/s
step_00200 ✓ [ 100% ] 000/040 VUs    30s        200.00 iters/s
step_00250 ✓ [ 100% ] 000/050 VUs    30s        250.00 iters/s
step_00300 ✓ [ 100% ] 000/060 VUs    30s        300.00 iters/s
step_00350 ✓ [ 100% ] 0000/0070 VUs  30s        350.00 iters/s
step_00400 ✓ [ 100% ] 0000/0080 VUs  30s        400.00 iters/s
step_00450 ✓ [ 100% ] 0000/0090 VUs  30s        450.00 iters/s
step_00500 ✓ [ 100% ] 0000/0100 VUs  30s        500.00 iters/s
step_00550 ✓ [ 100% ] 0000/0110 VUs  30s        550.00 iters/s
step_00600   [  67% ] 0000/0120 VUs  20.0s/30s  600.00 iters/s
step_00650 • [   0% ] waiting        0m10.0s   
step_00700 • [   0% ] waiting        0m40.0s   
step_00750 • [   0% ] waiting        1m10.0s   
step_00800 • [   0% ] waiting        1m40.0s   
step_00850 • [   0% ] waiting        2m10.0s   
step_00900 • [   0% ] waiting        2m40.0s   
step_00950 • [   0% ] waiting        3m10.0s   
step_01000 • [   0% ] waiting        3m40.0s   

running (05m51.0s), 0002/0390 VUs, 111578 complete and 0 interrupted iterations
step_00050 ✓ [ 100% ] 000/020 VUs    30s        50.00 iters/s
step_00100 ✓ [ 100% ] 000/020 VUs    30s        100.00 iters/s
step_00150 ✓ [ 100% ] 000/030 VUs    30s        150.00 iters/s
step_00200 ✓ [ 100% ] 000/040 VUs    30s        200.00 iters/s
step_00250 ✓ [ 100% ] 000/050 VUs    30s        250.00 iters/s
step_00300 ✓ [ 100% ] 000/060 VUs    30s        300.00 iters/s
step_00350 ✓ [ 100% ] 0000/0070 VUs  30s        350.00 iters/s
step_00400 ✓ [ 100% ] 0000/0080 VUs  30s        400.00 iters/s
step_00450 ✓ [ 100% ] 0000/0090 VUs  30s        450.00 iters/s
step_00500 ✓ [ 100% ] 0000/0100 VUs  30s        500.00 iters/s
step_00550 ✓ [ 100% ] 0000/0110 VUs  30s        550.00 iters/s
step_00600   [  70% ] 0002/0120 VUs  21.0s/30s  600.00 iters/s
step_00650 • [   0% ] waiting        0m09.0s   
step_00700 • [   0% ] waiting        0m39.0s   
step_00750 • [   0% ] waiting        1m09.0s   
step_00800 • [   0% ] waiting        1m39.0s   
step_00850 • [   0% ] waiting        2m09.0s   
step_00900 • [   0% ] waiting        2m39.0s   
step_00950 • [   0% ] waiting        3m09.0s   
step_01000 • [   0% ] waiting        3m39.0s   

running (05m52.0s), 0000/0390 VUs, 112180 complete and 0 interrupted iterations
step_00050 ✓ [ 100% ] 000/020 VUs    30s        50.00 iters/s
step_00100 ✓ [ 100% ] 000/020 VUs    30s        100.00 iters/s
step_00150 ✓ [ 100% ] 000/030 VUs    30s        150.00 iters/s
step_00200 ✓ [ 100% ] 000/040 VUs    30s        200.00 iters/s
step_00250 ✓ [ 100% ] 000/050 VUs    30s        250.00 iters/s
step_00300 ✓ [ 100% ] 000/060 VUs    30s        300.00 iters/s
step_00350 ✓ [ 100% ] 0000/0070 VUs  30s        350.00 iters/s
step_00400 ✓ [ 100% ] 0000/0080 VUs  30s        400.00 iters/s
step_00450 ✓ [ 100% ] 0000/0090 VUs  30s        450.00 iters/s
step_00500 ✓ [ 100% ] 0000/0100 VUs  30s        500.00 iters/s
step_00550 ✓ [ 100% ] 0000/0110 VUs  30s        550.00 iters/s
step_00600   [  73% ] 0000/0120 VUs  22.0s/30s  600.00 iters/s
step_00650 • [   0% ] waiting        0m08.0s   
step_00700 • [   0% ] waiting        0m38.0s   
step_00750 • [   0% ] waiting        1m08.0s   
step_00800 • [   0% ] waiting        1m38.0s   
step_00850 • [   0% ] waiting        2m08.0s   
step_00900 • [   0% ] waiting        2m38.0s   
step_00950 • [   0% ] waiting        3m08.0s   
step_01000 • [   0% ] waiting        3m38.0s   

running (05m53.0s), 0000/0390 VUs, 112780 complete and 0 interrupted iterations
step_00050 ✓ [ 100% ] 000/020 VUs    30s        50.00 iters/s
step_00100 ✓ [ 100% ] 000/020 VUs    30s        100.00 iters/s
step_00150 ✓ [ 100% ] 000/030 VUs    30s        150.00 iters/s
step_00200 ✓ [ 100% ] 000/040 VUs    30s        200.00 iters/s
step_00250 ✓ [ 100% ] 000/050 VUs    30s        250.00 iters/s
step_00300 ✓ [ 100% ] 000/060 VUs    30s        300.00 iters/s
step_00350 ✓ [ 100% ] 0000/0070 VUs  30s        350.00 iters/s
step_00400 ✓ [ 100% ] 0000/0080 VUs  30s        400.00 iters/s
step_00450 ✓ [ 100% ] 0000/0090 VUs  30s        450.00 iters/s
step_00500 ✓ [ 100% ] 0000/0100 VUs  30s        500.00 iters/s
step_00550 ✓ [ 100% ] 0000/0110 VUs  30s        550.00 iters/s
step_00600   [  77% ] 0000/0120 VUs  23.0s/30s  600.00 iters/s
step_00650 • [   0% ] waiting        0m07.0s   
step_00700 • [   0% ] waiting        0m37.0s   
step_00750 • [   0% ] waiting        1m07.0s   
step_00800 • [   0% ] waiting        1m37.0s   
step_00850 • [   0% ] waiting        2m07.0s   
step_00900 • [   0% ] waiting        2m37.0s   
step_00950 • [   0% ] waiting        3m07.0s   
step_01000 • [   0% ] waiting        3m37.0s   

running (05m54.0s), 0002/0390 VUs, 113379 complete and 0 interrupted iterations
step_00050 ✓ [ 100% ] 000/020 VUs    30s        50.00 iters/s
step_00100 ✓ [ 100% ] 000/020 VUs    30s        100.00 iters/s
step_00150 ✓ [ 100% ] 000/030 VUs    30s        150.00 iters/s
step_00200 ✓ [ 100% ] 000/040 VUs    30s        200.00 iters/s
step_00250 ✓ [ 100% ] 000/050 VUs    30s        250.00 iters/s
step_00300 ✓ [ 100% ] 000/060 VUs    30s        300.00 iters/s
step_00350 ✓ [ 100% ] 0000/0070 VUs  30s        350.00 iters/s
step_00400 ✓ [ 100% ] 0000/0080 VUs  30s        400.00 iters/s
step_00450 ✓ [ 100% ] 0000/0090 VUs  30s        450.00 iters/s
step_00500 ✓ [ 100% ] 0000/0100 VUs  30s        500.00 iters/s
step_00550 ✓ [ 100% ] 0000/0110 VUs  30s        550.00 iters/s
step_00600   [  80% ] 0002/0120 VUs  24.0s/30s  600.00 iters/s
step_00650 • [   0% ] waiting        0m06.0s   
step_00700 • [   0% ] waiting        0m36.0s   
step_00750 • [   0% ] waiting        1m06.0s   
step_00800 • [   0% ] waiting        1m36.0s   
step_00850 • [   0% ] waiting        2m06.0s   
step_00900 • [   0% ] waiting        2m36.0s   
step_00950 • [   0% ] waiting        3m06.0s   
step_01000 • [   0% ] waiting        3m36.0s   

running (05m55.0s), 0000/0390 VUs, 113980 complete and 0 interrupted iterations
step_00050 ✓ [ 100% ] 000/020 VUs    30s        50.00 iters/s
step_00100 ✓ [ 100% ] 000/020 VUs    30s        100.00 iters/s
step_00150 ✓ [ 100% ] 000/030 VUs    30s        150.00 iters/s
step_00200 ✓ [ 100% ] 000/040 VUs    30s        200.00 iters/s
step_00250 ✓ [ 100% ] 000/050 VUs    30s        250.00 iters/s
step_00300 ✓ [ 100% ] 000/060 VUs    30s        300.00 iters/s
step_00350 ✓ [ 100% ] 0000/0070 VUs  30s        350.00 iters/s
step_00400 ✓ [ 100% ] 0000/0080 VUs  30s        400.00 iters/s
step_00450 ✓ [ 100% ] 0000/0090 VUs  30s        450.00 iters/s
step_00500 ✓ [ 100% ] 0000/0100 VUs  30s        500.00 iters/s
step_00550 ✓ [ 100% ] 0000/0110 VUs  30s        550.00 iters/s
step_00600   [  83% ] 0000/0120 VUs  25.0s/30s  600.00 iters/s
step_00650 • [   0% ] waiting        0m05.0s   
step_00700 • [   0% ] waiting        0m35.0s   
step_00750 • [   0% ] waiting        1m05.0s   
step_00800 • [   0% ] waiting        1m35.0s   
step_00850 • [   0% ] waiting        2m05.0s   
step_00900 • [   0% ] waiting        2m35.0s   
step_00950 • [   0% ] waiting        3m05.0s   
step_01000 • [   0% ] waiting        3m35.0s   

running (05m56.0s), 0001/0390 VUs, 114579 complete and 0 interrupted iterations
step_00050 ✓ [ 100% ] 000/020 VUs    30s        50.00 iters/s
step_00100 ✓ [ 100% ] 000/020 VUs    30s        100.00 iters/s
step_00150 ✓ [ 100% ] 000/030 VUs    30s        150.00 iters/s
step_00200 ✓ [ 100% ] 000/040 VUs    30s        200.00 iters/s
step_00250 ✓ [ 100% ] 000/050 VUs    30s        250.00 iters/s
step_00300 ✓ [ 100% ] 000/060 VUs    30s        300.00 iters/s
step_00350 ✓ [ 100% ] 0000/0070 VUs  30s        350.00 iters/s
step_00400 ✓ [ 100% ] 0000/0080 VUs  30s        400.00 iters/s
step_00450 ✓ [ 100% ] 0000/0090 VUs  30s        450.00 iters/s
step_00500 ✓ [ 100% ] 0000/0100 VUs  30s        500.00 iters/s
step_00550 ✓ [ 100% ] 0000/0110 VUs  30s        550.00 iters/s
step_00600   [  87% ] 0001/0120 VUs  26.0s/30s  600.00 iters/s
step_00650 • [   0% ] waiting        0m04.0s   
step_00700 • [   0% ] waiting        0m34.0s   
step_00750 • [   0% ] waiting        1m04.0s   
step_00800 • [   0% ] waiting        1m34.0s   
step_00850 • [   0% ] waiting        2m04.0s   
step_00900 • [   0% ] waiting        2m34.0s   
step_00950 • [   0% ] waiting        3m04.0s   
step_01000 • [   0% ] waiting        3m34.0s   

running (05m57.0s), 0000/0390 VUs, 115180 complete and 0 interrupted iterations
step_00050 ✓ [ 100% ] 000/020 VUs    30s        50.00 iters/s
step_00100 ✓ [ 100% ] 000/020 VUs    30s        100.00 iters/s
step_00150 ✓ [ 100% ] 000/030 VUs    30s        150.00 iters/s
step_00200 ✓ [ 100% ] 000/040 VUs    30s        200.00 iters/s
step_00250 ✓ [ 100% ] 000/050 VUs    30s        250.00 iters/s
step_00300 ✓ [ 100% ] 000/060 VUs    30s        300.00 iters/s
step_00350 ✓ [ 100% ] 0000/0070 VUs  30s        350.00 iters/s
step_00400 ✓ [ 100% ] 0000/0080 VUs  30s        400.00 iters/s
step_00450 ✓ [ 100% ] 0000/0090 VUs  30s        450.00 iters/s
step_00500 ✓ [ 100% ] 0000/0100 VUs  30s        500.00 iters/s
step_00550 ✓ [ 100% ] 0000/0110 VUs  30s        550.00 iters/s
step_00600   [  90% ] 0000/0120 VUs  27.0s/30s  600.00 iters/s
step_00650 • [   0% ] waiting        0m03.0s   
step_00700 • [   0% ] waiting        0m33.0s   
step_00750 • [   0% ] waiting        1m03.0s   
step_00800 • [   0% ] waiting        1m33.0s   
step_00850 • [   0% ] waiting        2m03.0s   
step_00900 • [   0% ] waiting        2m33.0s   
step_00950 • [   0% ] waiting        3m03.0s   
step_01000 • [   0% ] waiting        3m33.0s   

running (05m58.0s), 0000/0390 VUs, 115780 complete and 0 interrupted iterations
step_00050 ✓ [ 100% ] 000/020 VUs    30s        50.00 iters/s
step_00100 ✓ [ 100% ] 000/020 VUs    30s        100.00 iters/s
step_00150 ✓ [ 100% ] 000/030 VUs    30s        150.00 iters/s
step_00200 ✓ [ 100% ] 000/040 VUs    30s        200.00 iters/s
step_00250 ✓ [ 100% ] 000/050 VUs    30s        250.00 iters/s
step_00300 ✓ [ 100% ] 000/060 VUs    30s        300.00 iters/s
step_00350 ✓ [ 100% ] 0000/0070 VUs  30s        350.00 iters/s
step_00400 ✓ [ 100% ] 0000/0080 VUs  30s        400.00 iters/s
step_00450 ✓ [ 100% ] 0000/0090 VUs  30s        450.00 iters/s
step_00500 ✓ [ 100% ] 0000/0100 VUs  30s        500.00 iters/s
step_00550 ✓ [ 100% ] 0000/0110 VUs  30s        550.00 iters/s
step_00600   [  93% ] 0000/0120 VUs  28.0s/30s  600.00 iters/s
step_00650 • [   0% ] waiting        0m02.0s   
step_00700 • [   0% ] waiting        0m32.0s   
step_00750 • [   0% ] waiting        1m02.0s   
step_00800 • [   0% ] waiting        1m32.0s   
step_00850 • [   0% ] waiting        2m02.0s   
step_00900 • [   0% ] waiting        2m32.0s   
step_00950 • [   0% ] waiting        3m02.0s   
step_01000 • [   0% ] waiting        3m32.0s   

running (05m59.0s), 0001/0390 VUs, 116379 complete and 0 interrupted iterations
step_00050 ✓ [ 100% ] 000/020 VUs    30s        50.00 iters/s
step_00100 ✓ [ 100% ] 000/020 VUs    30s        100.00 iters/s
step_00150 ✓ [ 100% ] 000/030 VUs    30s        150.00 iters/s
step_00200 ✓ [ 100% ] 000/040 VUs    30s        200.00 iters/s
step_00250 ✓ [ 100% ] 000/050 VUs    30s        250.00 iters/s
step_00300 ✓ [ 100% ] 000/060 VUs    30s        300.00 iters/s
step_00350 ✓ [ 100% ] 0000/0070 VUs  30s        350.00 iters/s
step_00400 ✓ [ 100% ] 0000/0080 VUs  30s        400.00 iters/s
step_00450 ✓ [ 100% ] 0000/0090 VUs  30s        450.00 iters/s
step_00500 ✓ [ 100% ] 0000/0100 VUs  30s        500.00 iters/s
step_00550 ✓ [ 100% ] 0000/0110 VUs  30s        550.00 iters/s
step_00600   [  97% ] 0001/0120 VUs  29.0s/30s  600.00 iters/s
step_00650 • [   0% ] waiting        0m01.0s   
step_00700 • [   0% ] waiting        0m31.0s   
step_00750 • [   0% ] waiting        1m01.0s   
step_00800 • [   0% ] waiting        1m31.0s   
step_00850 • [   0% ] waiting        2m01.0s   
step_00900 • [   0% ] waiting        2m31.0s   
step_00950 • [   0% ] waiting        3m01.0s   
step_01000 • [   0% ] waiting        3m31.0s   

running (06m00.0s), 0000/0390 VUs, 116980 complete and 0 interrupted iterations
step_00050 ✓ [ 100% ] 000/020 VUs    30s        50.00 iters/s
step_00100 ✓ [ 100% ] 000/020 VUs    30s        100.00 iters/s
step_00150 ✓ [ 100% ] 000/030 VUs    30s        150.00 iters/s
step_00200 ✓ [ 100% ] 000/040 VUs    30s        200.00 iters/s
step_00250 ✓ [ 100% ] 000/050 VUs    30s        250.00 iters/s
step_00300 ✓ [ 100% ] 000/060 VUs    30s        300.00 iters/s
step_00350 ✓ [ 100% ] 0000/0070 VUs  30s        350.00 iters/s
step_00400 ✓ [ 100% ] 0000/0080 VUs  30s        400.00 iters/s
step_00450 ✓ [ 100% ] 0000/0090 VUs  30s        450.00 iters/s
step_00500 ✓ [ 100% ] 0000/0100 VUs  30s        500.00 iters/s
step_00550 ✓ [ 100% ] 0000/0110 VUs  30s        550.00 iters/s
step_00600   [ 100% ] 0000/0120 VUs  30.0s/30s  600.00 iters/s
step_00650 • [   0% ] waiting        0m00.0s   
step_00700 • [   0% ] waiting        0m30.0s   
step_00750 • [   0% ] waiting        1m00.0s   
step_00800 • [   0% ] waiting        1m30.0s   
step_00850 • [   0% ] waiting        2m00.0s   
step_00900 • [   0% ] waiting        2m30.0s   
step_00950 • [   0% ] waiting        3m00.0s   
step_01000 • [   0% ] waiting        3m30.0s   

running (06m01.0s), 0001/0390 VUs, 117628 complete and 0 interrupted iterations
step_00050 ✓ [ 100% ] 000/020 VUs    30s        50.00 iters/s
step_00100 ✓ [ 100% ] 000/020 VUs    30s        100.00 iters/s
step_00150 ✓ [ 100% ] 000/030 VUs    30s        150.00 iters/s
step_00200 ✓ [ 100% ] 000/040 VUs    30s        200.00 iters/s
step_00250 ✓ [ 100% ] 000/050 VUs    30s        250.00 iters/s
step_00300 ✓ [ 100% ] 000/060 VUs    30s        300.00 iters/s
step_00350 ✓ [ 100% ] 0000/0070 VUs  30s        350.00 iters/s
step_00400 ✓ [ 100% ] 0000/0080 VUs  30s        400.00 iters/s
step_00450 ✓ [ 100% ] 0000/0090 VUs  30s        450.00 iters/s
step_00500 ✓ [ 100% ] 0000/0100 VUs  30s        500.00 iters/s
step_00550 ✓ [ 100% ] 0000/0110 VUs  30s        550.00 iters/s
step_00600 ✓ [ 100% ] 0000/0120 VUs  30s        600.00 iters/s
step_00650   [   3% ] 0001/0130 VUs  01.0s/30s  650.00 iters/s
step_00700 • [   0% ] waiting        0m29.0s   
step_00750 • [   0% ] waiting        0m59.0s   
step_00800 • [   0% ] waiting        1m29.0s   
step_00850 • [   0% ] waiting        1m59.0s   
step_00900 • [   0% ] waiting        2m29.0s   
step_00950 • [   0% ] waiting        2m59.0s   
step_01000 • [   0% ] waiting        3m29.0s   

running (06m02.0s), 0001/0390 VUs, 118278 complete and 0 interrupted iterations
step_00050 ✓ [ 100% ] 000/020 VUs    30s        50.00 iters/s
step_00100 ✓ [ 100% ] 000/020 VUs    30s        100.00 iters/s
step_00150 ✓ [ 100% ] 000/030 VUs    30s        150.00 iters/s
step_00200 ✓ [ 100% ] 000/040 VUs    30s        200.00 iters/s
step_00250 ✓ [ 100% ] 000/050 VUs    30s        250.00 iters/s
step_00300 ✓ [ 100% ] 000/060 VUs    30s        300.00 iters/s
step_00350 ✓ [ 100% ] 0000/0070 VUs  30s        350.00 iters/s
step_00400 ✓ [ 100% ] 0000/0080 VUs  30s        400.00 iters/s
step_00450 ✓ [ 100% ] 0000/0090 VUs  30s        450.00 iters/s
step_00500 ✓ [ 100% ] 0000/0100 VUs  30s        500.00 iters/s
step_00550 ✓ [ 100% ] 0000/0110 VUs  30s        550.00 iters/s
step_00600 ✓ [ 100% ] 0000/0120 VUs  30s        600.00 iters/s
step_00650   [   7% ] 0001/0130 VUs  02.0s/30s  650.00 iters/s
step_00700 • [   0% ] waiting        0m28.0s   
step_00750 • [   0% ] waiting        0m58.0s   
step_00800 • [   0% ] waiting        1m28.0s   
step_00850 • [   0% ] waiting        1m58.0s   
step_00900 • [   0% ] waiting        2m28.0s   
step_00950 • [   0% ] waiting        2m58.0s   
step_01000 • [   0% ] waiting        3m28.0s   

running (06m03.0s), 0001/0390 VUs, 118928 complete and 0 interrupted iterations
step_00050 ✓ [ 100% ] 000/020 VUs    30s        50.00 iters/s
step_00100 ✓ [ 100% ] 000/020 VUs    30s        100.00 iters/s
step_00150 ✓ [ 100% ] 000/030 VUs    30s        150.00 iters/s
step_00200 ✓ [ 100% ] 000/040 VUs    30s        200.00 iters/s
step_00250 ✓ [ 100% ] 000/050 VUs    30s        250.00 iters/s
step_00300 ✓ [ 100% ] 000/060 VUs    30s        300.00 iters/s
step_00350 ✓ [ 100% ] 0000/0070 VUs  30s        350.00 iters/s
step_00400 ✓ [ 100% ] 0000/0080 VUs  30s        400.00 iters/s
step_00450 ✓ [ 100% ] 0000/0090 VUs  30s        450.00 iters/s
step_00500 ✓ [ 100% ] 0000/0100 VUs  30s        500.00 iters/s
step_00550 ✓ [ 100% ] 0000/0110 VUs  30s        550.00 iters/s
step_00600 ✓ [ 100% ] 0000/0120 VUs  30s        600.00 iters/s
step_00650   [  10% ] 0001/0130 VUs  03.0s/30s  650.00 iters/s
step_00700 • [   0% ] waiting        0m27.0s   
step_00750 • [   0% ] waiting        0m57.0s   
step_00800 • [   0% ] waiting        1m27.0s   
step_00850 • [   0% ] waiting        1m57.0s   
step_00900 • [   0% ] waiting        2m27.0s   
step_00950 • [   0% ] waiting        2m57.0s   
step_01000 • [   0% ] waiting        3m27.0s   

running (06m04.0s), 0002/0390 VUs, 119577 complete and 0 interrupted iterations
step_00050 ✓ [ 100% ] 000/020 VUs    30s        50.00 iters/s
step_00100 ✓ [ 100% ] 000/020 VUs    30s        100.00 iters/s
step_00150 ✓ [ 100% ] 000/030 VUs    30s        150.00 iters/s
step_00200 ✓ [ 100% ] 000/040 VUs    30s        200.00 iters/s
step_00250 ✓ [ 100% ] 000/050 VUs    30s        250.00 iters/s
step_00300 ✓ [ 100% ] 000/060 VUs    30s        300.00 iters/s
step_00350 ✓ [ 100% ] 0000/0070 VUs  30s        350.00 iters/s
step_00400 ✓ [ 100% ] 0000/0080 VUs  30s        400.00 iters/s
step_00450 ✓ [ 100% ] 0000/0090 VUs  30s        450.00 iters/s
step_00500 ✓ [ 100% ] 0000/0100 VUs  30s        500.00 iters/s
step_00550 ✓ [ 100% ] 0000/0110 VUs  30s        550.00 iters/s
step_00600 ✓ [ 100% ] 0000/0120 VUs  30s        600.00 iters/s
step_00650   [  13% ] 0002/0130 VUs  04.0s/30s  650.00 iters/s
step_00700 • [   0% ] waiting        0m26.0s   
step_00750 • [   0% ] waiting        0m56.0s   
step_00800 • [   0% ] waiting        1m26.0s   
step_00850 • [   0% ] waiting        1m56.0s   
step_00900 • [   0% ] waiting        2m26.0s   
step_00950 • [   0% ] waiting        2m56.0s   
step_01000 • [   0% ] waiting        3m26.0s   

running (06m05.0s), 0001/0390 VUs, 120228 complete and 0 interrupted iterations
step_00050 ✓ [ 100% ] 000/020 VUs    30s        50.00 iters/s
step_00100 ✓ [ 100% ] 000/020 VUs    30s        100.00 iters/s
step_00150 ✓ [ 100% ] 000/030 VUs    30s        150.00 iters/s
step_00200 ✓ [ 100% ] 000/040 VUs    30s        200.00 iters/s
step_00250 ✓ [ 100% ] 000/050 VUs    30s        250.00 iters/s
step_00300 ✓ [ 100% ] 000/060 VUs    30s        300.00 iters/s
step_00350 ✓ [ 100% ] 0000/0070 VUs  30s        350.00 iters/s
step_00400 ✓ [ 100% ] 0000/0080 VUs  30s        400.00 iters/s
step_00450 ✓ [ 100% ] 0000/0090 VUs  30s        450.00 iters/s
step_00500 ✓ [ 100% ] 0000/0100 VUs  30s        500.00 iters/s
step_00550 ✓ [ 100% ] 0000/0110 VUs  30s        550.00 iters/s
step_00600 ✓ [ 100% ] 0000/0120 VUs  30s        600.00 iters/s
step_00650   [  17% ] 0001/0130 VUs  05.0s/30s  650.00 iters/s
step_00700 • [   0% ] waiting        0m25.0s   
step_00750 • [   0% ] waiting        0m55.0s   
step_00800 • [   0% ] waiting        1m25.0s   
step_00850 • [   0% ] waiting        1m55.0s   
step_00900 • [   0% ] waiting        2m25.0s   
step_00950 • [   0% ] waiting        2m55.0s   
step_01000 • [   0% ] waiting        3m25.0s   

running (06m06.0s), 0008/0390 VUs, 120871 complete and 0 interrupted iterations
step_00050 ✓ [ 100% ] 000/020 VUs    30s        50.00 iters/s
step_00100 ✓ [ 100% ] 000/020 VUs    30s        100.00 iters/s
step_00150 ✓ [ 100% ] 000/030 VUs    30s        150.00 iters/s
step_00200 ✓ [ 100% ] 000/040 VUs    30s        200.00 iters/s
step_00250 ✓ [ 100% ] 000/050 VUs    30s        250.00 iters/s
step_00300 ✓ [ 100% ] 000/060 VUs    30s        300.00 iters/s
step_00350 ✓ [ 100% ] 0000/0070 VUs  30s        350.00 iters/s
step_00400 ✓ [ 100% ] 0000/0080 VUs  30s        400.00 iters/s
step_00450 ✓ [ 100% ] 0000/0090 VUs  30s        450.00 iters/s
step_00500 ✓ [ 100% ] 0000/0100 VUs  30s        500.00 iters/s
step_00550 ✓ [ 100% ] 0000/0110 VUs  30s        550.00 iters/s
step_00600 ✓ [ 100% ] 0000/0120 VUs  30s        600.00 iters/s
step_00650   [  20% ] 0008/0130 VUs  06.0s/30s  650.00 iters/s
step_00700 • [   0% ] waiting        0m24.0s   
step_00750 • [   0% ] waiting        0m54.0s   
step_00800 • [   0% ] waiting        1m24.0s   
step_00850 • [   0% ] waiting        1m54.0s   
step_00900 • [   0% ] waiting        2m24.0s   
step_00950 • [   0% ] waiting        2m54.0s   
step_01000 • [   0% ] waiting        3m24.0s   

running (06m07.0s), 0001/0390 VUs, 121528 complete and 0 interrupted iterations
step_00050 ✓ [ 100% ] 000/020 VUs    30s        50.00 iters/s
step_00100 ✓ [ 100% ] 000/020 VUs    30s        100.00 iters/s
step_00150 ✓ [ 100% ] 000/030 VUs    30s        150.00 iters/s
step_00200 ✓ [ 100% ] 000/040 VUs    30s        200.00 iters/s
step_00250 ✓ [ 100% ] 000/050 VUs    30s        250.00 iters/s
step_00300 ✓ [ 100% ] 000/060 VUs    30s        300.00 iters/s
step_00350 ✓ [ 100% ] 0000/0070 VUs  30s        350.00 iters/s
step_00400 ✓ [ 100% ] 0000/0080 VUs  30s        400.00 iters/s
step_00450 ✓ [ 100% ] 0000/0090 VUs  30s        450.00 iters/s
step_00500 ✓ [ 100% ] 0000/0100 VUs  30s        500.00 iters/s
step_00550 ✓ [ 100% ] 0000/0110 VUs  30s        550.00 iters/s
step_00600 ✓ [ 100% ] 0000/0120 VUs  30s        600.00 iters/s
step_00650   [  23% ] 0001/0130 VUs  07.0s/30s  650.00 iters/s
step_00700 • [   0% ] waiting        0m23.0s   
step_00750 • [   0% ] waiting        0m53.0s   
step_00800 • [   0% ] waiting        1m23.0s   
step_00850 • [   0% ] waiting        1m53.0s   
step_00900 • [   0% ] waiting        2m23.0s   
step_00950 • [   0% ] waiting        2m53.0s   
step_01000 • [   0% ] waiting        3m23.0s   

running (06m08.0s), 0001/0390 VUs, 122178 complete and 0 interrupted iterations
step_00050 ✓ [ 100% ] 000/020 VUs    30s        50.00 iters/s
step_00100 ✓ [ 100% ] 000/020 VUs    30s        100.00 iters/s
step_00150 ✓ [ 100% ] 000/030 VUs    30s        150.00 iters/s
step_00200 ✓ [ 100% ] 000/040 VUs    30s        200.00 iters/s
step_00250 ✓ [ 100% ] 000/050 VUs    30s        250.00 iters/s
step_00300 ✓ [ 100% ] 000/060 VUs    30s        300.00 iters/s
step_00350 ✓ [ 100% ] 0000/0070 VUs  30s        350.00 iters/s
step_00400 ✓ [ 100% ] 0000/0080 VUs  30s        400.00 iters/s
step_00450 ✓ [ 100% ] 0000/0090 VUs  30s        450.00 iters/s
step_00500 ✓ [ 100% ] 0000/0100 VUs  30s        500.00 iters/s
step_00550 ✓ [ 100% ] 0000/0110 VUs  30s        550.00 iters/s
step_00600 ✓ [ 100% ] 0000/0120 VUs  30s        600.00 iters/s
step_00650   [  27% ] 0001/0130 VUs  08.0s/30s  650.00 iters/s
step_00700 • [   0% ] waiting        0m22.0s   
step_00750 • [   0% ] waiting        0m52.0s   
step_00800 • [   0% ] waiting        1m22.0s   
step_00850 • [   0% ] waiting        1m52.0s   
step_00900 • [   0% ] waiting        2m22.0s   
step_00950 • [   0% ] waiting        2m52.0s   
step_01000 • [   0% ] waiting        3m22.0s   

running (06m09.0s), 0001/0390 VUs, 122828 complete and 0 interrupted iterations
step_00050 ✓ [ 100% ] 000/020 VUs    30s        50.00 iters/s
step_00100 ✓ [ 100% ] 000/020 VUs    30s        100.00 iters/s
step_00150 ✓ [ 100% ] 000/030 VUs    30s        150.00 iters/s
step_00200 ✓ [ 100% ] 000/040 VUs    30s        200.00 iters/s
step_00250 ✓ [ 100% ] 000/050 VUs    30s        250.00 iters/s
step_00300 ✓ [ 100% ] 000/060 VUs    30s        300.00 iters/s
step_00350 ✓ [ 100% ] 0000/0070 VUs  30s        350.00 iters/s
step_00400 ✓ [ 100% ] 0000/0080 VUs  30s        400.00 iters/s
step_00450 ✓ [ 100% ] 0000/0090 VUs  30s        450.00 iters/s
step_00500 ✓ [ 100% ] 0000/0100 VUs  30s        500.00 iters/s
step_00550 ✓ [ 100% ] 0000/0110 VUs  30s        550.00 iters/s
step_00600 ✓ [ 100% ] 0000/0120 VUs  30s        600.00 iters/s
step_00650   [  30% ] 0001/0130 VUs  09.0s/30s  650.00 iters/s
step_00700 • [   0% ] waiting        0m21.0s   
step_00750 • [   0% ] waiting        0m51.0s   
step_00800 • [   0% ] waiting        1m21.0s   
step_00850 • [   0% ] waiting        1m51.0s   
step_00900 • [   0% ] waiting        2m21.0s   
step_00950 • [   0% ] waiting        2m51.0s   
step_01000 • [   0% ] waiting        3m21.0s   

running (06m10.0s), 0001/0390 VUs, 123478 complete and 0 interrupted iterations
step_00050 ✓ [ 100% ] 000/020 VUs    30s        50.00 iters/s
step_00100 ✓ [ 100% ] 000/020 VUs    30s        100.00 iters/s
step_00150 ✓ [ 100% ] 000/030 VUs    30s        150.00 iters/s
step_00200 ✓ [ 100% ] 000/040 VUs    30s        200.00 iters/s
step_00250 ✓ [ 100% ] 000/050 VUs    30s        250.00 iters/s
step_00300 ✓ [ 100% ] 000/060 VUs    30s        300.00 iters/s
step_00350 ✓ [ 100% ] 0000/0070 VUs  30s        350.00 iters/s
step_00400 ✓ [ 100% ] 0000/0080 VUs  30s        400.00 iters/s
step_00450 ✓ [ 100% ] 0000/0090 VUs  30s        450.00 iters/s
step_00500 ✓ [ 100% ] 0000/0100 VUs  30s        500.00 iters/s
step_00550 ✓ [ 100% ] 0000/0110 VUs  30s        550.00 iters/s
step_00600 ✓ [ 100% ] 0000/0120 VUs  30s        600.00 iters/s
step_00650   [  33% ] 0001/0130 VUs  10.0s/30s  650.00 iters/s
step_00700 • [   0% ] waiting        0m20.0s   
step_00750 • [   0% ] waiting        0m50.0s   
step_00800 • [   0% ] waiting        1m20.0s   
step_00850 • [   0% ] waiting        1m50.0s   
step_00900 • [   0% ] waiting        2m20.0s   
step_00950 • [   0% ] waiting        2m50.0s   
step_01000 • [   0% ] waiting        3m20.0s   

running (06m11.0s), 0002/0390 VUs, 124127 complete and 0 interrupted iterations
step_00050 ✓ [ 100% ] 000/020 VUs    30s        50.00 iters/s
step_00100 ✓ [ 100% ] 000/020 VUs    30s        100.00 iters/s
step_00150 ✓ [ 100% ] 000/030 VUs    30s        150.00 iters/s
step_00200 ✓ [ 100% ] 000/040 VUs    30s        200.00 iters/s
step_00250 ✓ [ 100% ] 000/050 VUs    30s        250.00 iters/s
step_00300 ✓ [ 100% ] 000/060 VUs    30s        300.00 iters/s
step_00350 ✓ [ 100% ] 0000/0070 VUs  30s        350.00 iters/s
step_00400 ✓ [ 100% ] 0000/0080 VUs  30s        400.00 iters/s
step_00450 ✓ [ 100% ] 0000/0090 VUs  30s        450.00 iters/s
step_00500 ✓ [ 100% ] 0000/0100 VUs  30s        500.00 iters/s
step_00550 ✓ [ 100% ] 0000/0110 VUs  30s        550.00 iters/s
step_00600 ✓ [ 100% ] 0000/0120 VUs  30s        600.00 iters/s
step_00650   [  37% ] 0002/0130 VUs  11.0s/30s  650.00 iters/s
step_00700 • [   0% ] waiting        0m19.0s   
step_00750 • [   0% ] waiting        0m49.0s   
step_00800 • [   0% ] waiting        1m19.0s   
step_00850 • [   0% ] waiting        1m49.0s   
step_00900 • [   0% ] waiting        2m19.0s   
step_00950 • [   0% ] waiting        2m49.0s   
step_01000 • [   0% ] waiting        3m19.0s   

running (06m12.0s), 0001/0390 VUs, 124778 complete and 0 interrupted iterations
step_00050 ✓ [ 100% ] 000/020 VUs    30s        50.00 iters/s
step_00100 ✓ [ 100% ] 000/020 VUs    30s        100.00 iters/s
step_00150 ✓ [ 100% ] 000/030 VUs    30s        150.00 iters/s
step_00200 ✓ [ 100% ] 000/040 VUs    30s        200.00 iters/s
step_00250 ✓ [ 100% ] 000/050 VUs    30s        250.00 iters/s
step_00300 ✓ [ 100% ] 000/060 VUs    30s        300.00 iters/s
step_00350 ✓ [ 100% ] 0000/0070 VUs  30s        350.00 iters/s
step_00400 ✓ [ 100% ] 0000/0080 VUs  30s        400.00 iters/s
step_00450 ✓ [ 100% ] 0000/0090 VUs  30s        450.00 iters/s
step_00500 ✓ [ 100% ] 0000/0100 VUs  30s        500.00 iters/s
step_00550 ✓ [ 100% ] 0000/0110 VUs  30s        550.00 iters/s
step_00600 ✓ [ 100% ] 0000/0120 VUs  30s        600.00 iters/s
step_00650   [  40% ] 0001/0130 VUs  12.0s/30s  650.00 iters/s
step_00700 • [   0% ] waiting        0m18.0s   
step_00750 • [   0% ] waiting        0m48.0s   
step_00800 • [   0% ] waiting        1m18.0s   
step_00850 • [   0% ] waiting        1m48.0s   
step_00900 • [   0% ] waiting        2m18.0s   
step_00950 • [   0% ] waiting        2m48.0s   
step_01000 • [   0% ] waiting        3m18.0s   

running (06m13.0s), 0001/0390 VUs, 125428 complete and 0 interrupted iterations
step_00050 ✓ [ 100% ] 000/020 VUs    30s        50.00 iters/s
step_00100 ✓ [ 100% ] 000/020 VUs    30s        100.00 iters/s
step_00150 ✓ [ 100% ] 000/030 VUs    30s        150.00 iters/s
step_00200 ✓ [ 100% ] 000/040 VUs    30s        200.00 iters/s
step_00250 ✓ [ 100% ] 000/050 VUs    30s        250.00 iters/s
step_00300 ✓ [ 100% ] 000/060 VUs    30s        300.00 iters/s
step_00350 ✓ [ 100% ] 0000/0070 VUs  30s        350.00 iters/s
step_00400 ✓ [ 100% ] 0000/0080 VUs  30s        400.00 iters/s
step_00450 ✓ [ 100% ] 0000/0090 VUs  30s        450.00 iters/s
step_00500 ✓ [ 100% ] 0000/0100 VUs  30s        500.00 iters/s
step_00550 ✓ [ 100% ] 0000/0110 VUs  30s        550.00 iters/s
step_00600 ✓ [ 100% ] 0000/0120 VUs  30s        600.00 iters/s
step_00650   [  43% ] 0001/0130 VUs  13.0s/30s  650.00 iters/s
step_00700 • [   0% ] waiting        0m17.0s   
step_00750 • [   0% ] waiting        0m47.0s   
step_00800 • [   0% ] waiting        1m17.0s   
step_00850 • [   0% ] waiting        1m47.0s   
step_00900 • [   0% ] waiting        2m17.0s   
step_00950 • [   0% ] waiting        2m47.0s   
step_01000 • [   0% ] waiting        3m17.0s   

running (06m14.0s), 0001/0390 VUs, 126078 complete and 0 interrupted iterations
step_00050 ✓ [ 100% ] 000/020 VUs    30s        50.00 iters/s
step_00100 ✓ [ 100% ] 000/020 VUs    30s        100.00 iters/s
step_00150 ✓ [ 100% ] 000/030 VUs    30s        150.00 iters/s
step_00200 ✓ [ 100% ] 000/040 VUs    30s        200.00 iters/s
step_00250 ✓ [ 100% ] 000/050 VUs    30s        250.00 iters/s
step_00300 ✓ [ 100% ] 000/060 VUs    30s        300.00 iters/s
step_00350 ✓ [ 100% ] 0000/0070 VUs  30s        350.00 iters/s
step_00400 ✓ [ 100% ] 0000/0080 VUs  30s        400.00 iters/s
step_00450 ✓ [ 100% ] 0000/0090 VUs  30s        450.00 iters/s
step_00500 ✓ [ 100% ] 0000/0100 VUs  30s        500.00 iters/s
step_00550 ✓ [ 100% ] 0000/0110 VUs  30s        550.00 iters/s
step_00600 ✓ [ 100% ] 0000/0120 VUs  30s        600.00 iters/s
step_00650   [  47% ] 0001/0130 VUs  14.0s/30s  650.00 iters/s
step_00700 • [   0% ] waiting        0m16.0s   
step_00750 • [   0% ] waiting        0m46.0s   
step_00800 • [   0% ] waiting        1m16.0s   
step_00850 • [   0% ] waiting        1m46.0s   
step_00900 • [   0% ] waiting        2m16.0s   
step_00950 • [   0% ] waiting        2m46.0s   
step_01000 • [   0% ] waiting        3m16.0s   

running (06m15.0s), 0001/0390 VUs, 126728 complete and 0 interrupted iterations
step_00050 ✓ [ 100% ] 000/020 VUs    30s        50.00 iters/s
step_00100 ✓ [ 100% ] 000/020 VUs    30s        100.00 iters/s
step_00150 ✓ [ 100% ] 000/030 VUs    30s        150.00 iters/s
step_00200 ✓ [ 100% ] 000/040 VUs    30s        200.00 iters/s
step_00250 ✓ [ 100% ] 000/050 VUs    30s        250.00 iters/s
step_00300 ✓ [ 100% ] 000/060 VUs    30s        300.00 iters/s
step_00350 ✓ [ 100% ] 0000/0070 VUs  30s        350.00 iters/s
step_00400 ✓ [ 100% ] 0000/0080 VUs  30s        400.00 iters/s
step_00450 ✓ [ 100% ] 0000/0090 VUs  30s        450.00 iters/s
step_00500 ✓ [ 100% ] 0000/0100 VUs  30s        500.00 iters/s
step_00550 ✓ [ 100% ] 0000/0110 VUs  30s        550.00 iters/s
step_00600 ✓ [ 100% ] 0000/0120 VUs  30s        600.00 iters/s
step_00650   [  50% ] 0001/0130 VUs  15.0s/30s  650.00 iters/s
step_00700 • [   0% ] waiting        0m15.0s   
step_00750 • [   0% ] waiting        0m45.0s   
step_00800 • [   0% ] waiting        1m15.0s   
step_00850 • [   0% ] waiting        1m45.0s   
step_00900 • [   0% ] waiting        2m15.0s   
step_00950 • [   0% ] waiting        2m45.0s   
step_01000 • [   0% ] waiting        3m15.0s   

running (06m16.0s), 0002/0390 VUs, 127377 complete and 0 interrupted iterations
step_00050 ✓ [ 100% ] 000/020 VUs    30s        50.00 iters/s
step_00100 ✓ [ 100% ] 000/020 VUs    30s        100.00 iters/s
step_00150 ✓ [ 100% ] 000/030 VUs    30s        150.00 iters/s
step_00200 ✓ [ 100% ] 000/040 VUs    30s        200.00 iters/s
step_00250 ✓ [ 100% ] 000/050 VUs    30s        250.00 iters/s
step_00300 ✓ [ 100% ] 000/060 VUs    30s        300.00 iters/s
step_00350 ✓ [ 100% ] 0000/0070 VUs  30s        350.00 iters/s
step_00400 ✓ [ 100% ] 0000/0080 VUs  30s        400.00 iters/s
step_00450 ✓ [ 100% ] 0000/0090 VUs  30s        450.00 iters/s
step_00500 ✓ [ 100% ] 0000/0100 VUs  30s        500.00 iters/s
step_00550 ✓ [ 100% ] 0000/0110 VUs  30s        550.00 iters/s
step_00600 ✓ [ 100% ] 0000/0120 VUs  30s        600.00 iters/s
step_00650   [  53% ] 0002/0130 VUs  16.0s/30s  650.00 iters/s
step_00700 • [   0% ] waiting        0m14.0s   
step_00750 • [   0% ] waiting        0m44.0s   
step_00800 • [   0% ] waiting        1m14.0s   
step_00850 • [   0% ] waiting        1m44.0s   
step_00900 • [   0% ] waiting        2m14.0s   
step_00950 • [   0% ] waiting        2m44.0s   
step_01000 • [   0% ] waiting        3m14.0s   

running (06m17.0s), 0001/0390 VUs, 128028 complete and 0 interrupted iterations
step_00050 ✓ [ 100% ] 000/020 VUs    30s        50.00 iters/s
step_00100 ✓ [ 100% ] 000/020 VUs    30s        100.00 iters/s
step_00150 ✓ [ 100% ] 000/030 VUs    30s        150.00 iters/s
step_00200 ✓ [ 100% ] 000/040 VUs    30s        200.00 iters/s
step_00250 ✓ [ 100% ] 000/050 VUs    30s        250.00 iters/s
step_00300 ✓ [ 100% ] 000/060 VUs    30s        300.00 iters/s
step_00350 ✓ [ 100% ] 0000/0070 VUs  30s        350.00 iters/s
step_00400 ✓ [ 100% ] 0000/0080 VUs  30s        400.00 iters/s
step_00450 ✓ [ 100% ] 0000/0090 VUs  30s        450.00 iters/s
step_00500 ✓ [ 100% ] 0000/0100 VUs  30s        500.00 iters/s
step_00550 ✓ [ 100% ] 0000/0110 VUs  30s        550.00 iters/s
step_00600 ✓ [ 100% ] 0000/0120 VUs  30s        600.00 iters/s
step_00650   [  57% ] 0001/0130 VUs  17.0s/30s  650.00 iters/s
step_00700 • [   0% ] waiting        0m13.0s   
step_00750 • [   0% ] waiting        0m43.0s   
step_00800 • [   0% ] waiting        1m13.0s   
step_00850 • [   0% ] waiting        1m43.0s   
step_00900 • [   0% ] waiting        2m13.0s   
step_00950 • [   0% ] waiting        2m43.0s   
step_01000 • [   0% ] waiting        3m13.0s   

running (06m18.0s), 0001/0390 VUs, 128678 complete and 0 interrupted iterations
step_00050 ✓ [ 100% ] 000/020 VUs    30s        50.00 iters/s
step_00100 ✓ [ 100% ] 000/020 VUs    30s        100.00 iters/s
step_00150 ✓ [ 100% ] 000/030 VUs    30s        150.00 iters/s
step_00200 ✓ [ 100% ] 000/040 VUs    30s        200.00 iters/s
step_00250 ✓ [ 100% ] 000/050 VUs    30s        250.00 iters/s
step_00300 ✓ [ 100% ] 000/060 VUs    30s        300.00 iters/s
step_00350 ✓ [ 100% ] 0000/0070 VUs  30s        350.00 iters/s
step_00400 ✓ [ 100% ] 0000/0080 VUs  30s        400.00 iters/s
step_00450 ✓ [ 100% ] 0000/0090 VUs  30s        450.00 iters/s
step_00500 ✓ [ 100% ] 0000/0100 VUs  30s        500.00 iters/s
step_00550 ✓ [ 100% ] 0000/0110 VUs  30s        550.00 iters/s
step_00600 ✓ [ 100% ] 0000/0120 VUs  30s        600.00 iters/s
step_00650   [  60% ] 0001/0130 VUs  18.0s/30s  650.00 iters/s
step_00700 • [   0% ] waiting        0m12.0s   
step_00750 • [   0% ] waiting        0m42.0s   
step_00800 • [   0% ] waiting        1m12.0s   
step_00850 • [   0% ] waiting        1m42.0s   
step_00900 • [   0% ] waiting        2m12.0s   
step_00950 • [   0% ] waiting        2m42.0s   
step_01000 • [   0% ] waiting        3m12.0s   

running (06m19.0s), 0002/0390 VUs, 129327 complete and 0 interrupted iterations
step_00050 ✓ [ 100% ] 000/020 VUs    30s        50.00 iters/s
step_00100 ✓ [ 100% ] 000/020 VUs    30s        100.00 iters/s
step_00150 ✓ [ 100% ] 000/030 VUs    30s        150.00 iters/s
step_00200 ✓ [ 100% ] 000/040 VUs    30s        200.00 iters/s
step_00250 ✓ [ 100% ] 000/050 VUs    30s        250.00 iters/s
step_00300 ✓ [ 100% ] 000/060 VUs    30s        300.00 iters/s
step_00350 ✓ [ 100% ] 0000/0070 VUs  30s        350.00 iters/s
step_00400 ✓ [ 100% ] 0000/0080 VUs  30s        400.00 iters/s
step_00450 ✓ [ 100% ] 0000/0090 VUs  30s        450.00 iters/s
step_00500 ✓ [ 100% ] 0000/0100 VUs  30s        500.00 iters/s
step_00550 ✓ [ 100% ] 0000/0110 VUs  30s        550.00 iters/s
step_00600 ✓ [ 100% ] 0000/0120 VUs  30s        600.00 iters/s
step_00650   [  63% ] 0001/0130 VUs  19.0s/30s  650.00 iters/s
step_00700 • [   0% ] waiting        0m11.0s   
step_00750 • [   0% ] waiting        0m41.0s   
step_00800 • [   0% ] waiting        1m11.0s   
step_00850 • [   0% ] waiting        1m41.0s   
step_00900 • [   0% ] waiting        2m11.0s   
step_00950 • [   0% ] waiting        2m41.0s   
step_01000 • [   0% ] waiting        3m11.0s   

running (06m20.0s), 0001/0390 VUs, 129978 complete and 0 interrupted iterations
step_00050 ✓ [ 100% ] 000/020 VUs    30s        50.00 iters/s
step_00100 ✓ [ 100% ] 000/020 VUs    30s        100.00 iters/s
step_00150 ✓ [ 100% ] 000/030 VUs    30s        150.00 iters/s
step_00200 ✓ [ 100% ] 000/040 VUs    30s        200.00 iters/s
step_00250 ✓ [ 100% ] 000/050 VUs    30s        250.00 iters/s
step_00300 ✓ [ 100% ] 000/060 VUs    30s        300.00 iters/s
step_00350 ✓ [ 100% ] 0000/0070 VUs  30s        350.00 iters/s
step_00400 ✓ [ 100% ] 0000/0080 VUs  30s        400.00 iters/s
step_00450 ✓ [ 100% ] 0000/0090 VUs  30s        450.00 iters/s
step_00500 ✓ [ 100% ] 0000/0100 VUs  30s        500.00 iters/s
step_00550 ✓ [ 100% ] 0000/0110 VUs  30s        550.00 iters/s
step_00600 ✓ [ 100% ] 0000/0120 VUs  30s        600.00 iters/s
step_00650   [  67% ] 0001/0130 VUs  20.0s/30s  650.00 iters/s
step_00700 • [   0% ] waiting        0m10.0s   
step_00750 • [   0% ] waiting        0m40.0s   
step_00800 • [   0% ] waiting        1m10.0s   
step_00850 • [   0% ] waiting        1m40.0s   
step_00900 • [   0% ] waiting        2m10.0s   
step_00950 • [   0% ] waiting        2m40.0s   
step_01000 • [   0% ] waiting        3m10.0s   

running (06m21.0s), 0001/0390 VUs, 130628 complete and 0 interrupted iterations
step_00050 ✓ [ 100% ] 000/020 VUs    30s        50.00 iters/s
step_00100 ✓ [ 100% ] 000/020 VUs    30s        100.00 iters/s
step_00150 ✓ [ 100% ] 000/030 VUs    30s        150.00 iters/s
step_00200 ✓ [ 100% ] 000/040 VUs    30s        200.00 iters/s
step_00250 ✓ [ 100% ] 000/050 VUs    30s        250.00 iters/s
step_00300 ✓ [ 100% ] 000/060 VUs    30s        300.00 iters/s
step_00350 ✓ [ 100% ] 0000/0070 VUs  30s        350.00 iters/s
step_00400 ✓ [ 100% ] 0000/0080 VUs  30s        400.00 iters/s
step_00450 ✓ [ 100% ] 0000/0090 VUs  30s        450.00 iters/s
step_00500 ✓ [ 100% ] 0000/0100 VUs  30s        500.00 iters/s
step_00550 ✓ [ 100% ] 0000/0110 VUs  30s        550.00 iters/s
step_00600 ✓ [ 100% ] 0000/0120 VUs  30s        600.00 iters/s
step_00650   [  70% ] 0001/0130 VUs  21.0s/30s  650.00 iters/s
step_00700 • [   0% ] waiting        0m09.0s   
step_00750 • [   0% ] waiting        0m39.0s   
step_00800 • [   0% ] waiting        1m09.0s   
step_00850 • [   0% ] waiting        1m39.0s   
step_00900 • [   0% ] waiting        2m09.0s   
step_00950 • [   0% ] waiting        2m39.0s   
step_01000 • [   0% ] waiting        3m09.0s   

running (06m22.0s), 0001/0390 VUs, 131278 complete and 0 interrupted iterations
step_00050 ✓ [ 100% ] 000/020 VUs    30s        50.00 iters/s
step_00100 ✓ [ 100% ] 000/020 VUs    30s        100.00 iters/s
step_00150 ✓ [ 100% ] 000/030 VUs    30s        150.00 iters/s
step_00200 ✓ [ 100% ] 000/040 VUs    30s        200.00 iters/s
step_00250 ✓ [ 100% ] 000/050 VUs    30s        250.00 iters/s
step_00300 ✓ [ 100% ] 000/060 VUs    30s        300.00 iters/s
step_00350 ✓ [ 100% ] 0000/0070 VUs  30s        350.00 iters/s
step_00400 ✓ [ 100% ] 0000/0080 VUs  30s        400.00 iters/s
step_00450 ✓ [ 100% ] 0000/0090 VUs  30s        450.00 iters/s
step_00500 ✓ [ 100% ] 0000/0100 VUs  30s        500.00 iters/s
step_00550 ✓ [ 100% ] 0000/0110 VUs  30s        550.00 iters/s
step_00600 ✓ [ 100% ] 0000/0120 VUs  30s        600.00 iters/s
step_00650   [  73% ] 0001/0130 VUs  22.0s/30s  650.00 iters/s
step_00700 • [   0% ] waiting        0m08.0s   
step_00750 • [   0% ] waiting        0m38.0s   
step_00800 • [   0% ] waiting        1m08.0s   
step_00850 • [   0% ] waiting        1m38.0s   
step_00900 • [   0% ] waiting        2m08.0s   
step_00950 • [   0% ] waiting        2m38.0s   
step_01000 • [   0% ] waiting        3m08.0s   

running (06m23.0s), 0001/0390 VUs, 131928 complete and 0 interrupted iterations
step_00050 ✓ [ 100% ] 000/020 VUs    30s        50.00 iters/s
step_00100 ✓ [ 100% ] 000/020 VUs    30s        100.00 iters/s
step_00150 ✓ [ 100% ] 000/030 VUs    30s        150.00 iters/s
step_00200 ✓ [ 100% ] 000/040 VUs    30s        200.00 iters/s
step_00250 ✓ [ 100% ] 000/050 VUs    30s        250.00 iters/s
step_00300 ✓ [ 100% ] 000/060 VUs    30s        300.00 iters/s
step_00350 ✓ [ 100% ] 0000/0070 VUs  30s        350.00 iters/s
step_00400 ✓ [ 100% ] 0000/0080 VUs  30s        400.00 iters/s
step_00450 ✓ [ 100% ] 0000/0090 VUs  30s        450.00 iters/s
step_00500 ✓ [ 100% ] 0000/0100 VUs  30s        500.00 iters/s
step_00550 ✓ [ 100% ] 0000/0110 VUs  30s        550.00 iters/s
step_00600 ✓ [ 100% ] 0000/0120 VUs  30s        600.00 iters/s
step_00650   [  77% ] 0001/0130 VUs  23.0s/30s  650.00 iters/s
step_00700 • [   0% ] waiting        0m07.0s   
step_00750 • [   0% ] waiting        0m37.0s   
step_00800 • [   0% ] waiting        1m07.0s   
step_00850 • [   0% ] waiting        1m37.0s   
step_00900 • [   0% ] waiting        2m07.0s   
step_00950 • [   0% ] waiting        2m37.0s   
step_01000 • [   0% ] waiting        3m07.0s   

running (06m24.0s), 0002/0390 VUs, 132577 complete and 0 interrupted iterations
step_00050 ✓ [ 100% ] 000/020 VUs    30s        50.00 iters/s
step_00100 ✓ [ 100% ] 000/020 VUs    30s        100.00 iters/s
step_00150 ✓ [ 100% ] 000/030 VUs    30s        150.00 iters/s
step_00200 ✓ [ 100% ] 000/040 VUs    30s        200.00 iters/s
step_00250 ✓ [ 100% ] 000/050 VUs    30s        250.00 iters/s
step_00300 ✓ [ 100% ] 000/060 VUs    30s        300.00 iters/s
step_00350 ✓ [ 100% ] 0000/0070 VUs  30s        350.00 iters/s
step_00400 ✓ [ 100% ] 0000/0080 VUs  30s        400.00 iters/s
step_00450 ✓ [ 100% ] 0000/0090 VUs  30s        450.00 iters/s
step_00500 ✓ [ 100% ] 0000/0100 VUs  30s        500.00 iters/s
step_00550 ✓ [ 100% ] 0000/0110 VUs  30s        550.00 iters/s
step_00600 ✓ [ 100% ] 0000/0120 VUs  30s        600.00 iters/s
step_00650   [  80% ] 0002/0130 VUs  24.0s/30s  650.00 iters/s
step_00700 • [   0% ] waiting        0m06.0s   
step_00750 • [   0% ] waiting        0m36.0s   
step_00800 • [   0% ] waiting        1m06.0s   
step_00850 • [   0% ] waiting        1m36.0s   
step_00900 • [   0% ] waiting        2m06.0s   
step_00950 • [   0% ] waiting        2m36.0s   
step_01000 • [   0% ] waiting        3m06.0s   

running (06m25.0s), 0001/0390 VUs, 133228 complete and 0 interrupted iterations
step_00050 ✓ [ 100% ] 000/020 VUs    30s        50.00 iters/s
step_00100 ✓ [ 100% ] 000/020 VUs    30s        100.00 iters/s
step_00150 ✓ [ 100% ] 000/030 VUs    30s        150.00 iters/s
step_00200 ✓ [ 100% ] 000/040 VUs    30s        200.00 iters/s
step_00250 ✓ [ 100% ] 000/050 VUs    30s        250.00 iters/s
step_00300 ✓ [ 100% ] 000/060 VUs    30s        300.00 iters/s
step_00350 ✓ [ 100% ] 0000/0070 VUs  30s        350.00 iters/s
step_00400 ✓ [ 100% ] 0000/0080 VUs  30s        400.00 iters/s
step_00450 ✓ [ 100% ] 0000/0090 VUs  30s        450.00 iters/s
step_00500 ✓ [ 100% ] 0000/0100 VUs  30s        500.00 iters/s
step_00550 ✓ [ 100% ] 0000/0110 VUs  30s        550.00 iters/s
step_00600 ✓ [ 100% ] 0000/0120 VUs  30s        600.00 iters/s
step_00650   [  83% ] 0001/0130 VUs  25.0s/30s  650.00 iters/s
step_00700 • [   0% ] waiting        0m05.0s   
step_00750 • [   0% ] waiting        0m35.0s   
step_00800 • [   0% ] waiting        1m05.0s   
step_00850 • [   0% ] waiting        1m35.0s   
step_00900 • [   0% ] waiting        2m05.0s   
step_00950 • [   0% ] waiting        2m35.0s   
step_01000 • [   0% ] waiting        3m05.0s   

running (06m26.0s), 0001/0390 VUs, 133878 complete and 0 interrupted iterations
step_00050 ✓ [ 100% ] 000/020 VUs    30s        50.00 iters/s
step_00100 ✓ [ 100% ] 000/020 VUs    30s        100.00 iters/s
step_00150 ✓ [ 100% ] 000/030 VUs    30s        150.00 iters/s
step_00200 ✓ [ 100% ] 000/040 VUs    30s        200.00 iters/s
step_00250 ✓ [ 100% ] 000/050 VUs    30s        250.00 iters/s
step_00300 ✓ [ 100% ] 000/060 VUs    30s        300.00 iters/s
step_00350 ✓ [ 100% ] 0000/0070 VUs  30s        350.00 iters/s
step_00400 ✓ [ 100% ] 0000/0080 VUs  30s        400.00 iters/s
step_00450 ✓ [ 100% ] 0000/0090 VUs  30s        450.00 iters/s
step_00500 ✓ [ 100% ] 0000/0100 VUs  30s        500.00 iters/s
step_00550 ✓ [ 100% ] 0000/0110 VUs  30s        550.00 iters/s
step_00600 ✓ [ 100% ] 0000/0120 VUs  30s        600.00 iters/s
step_00650   [  87% ] 0001/0130 VUs  26.0s/30s  650.00 iters/s
step_00700 • [   0% ] waiting        0m04.0s   
step_00750 • [   0% ] waiting        0m34.0s   
step_00800 • [   0% ] waiting        1m04.0s   
step_00850 • [   0% ] waiting        1m34.0s   
step_00900 • [   0% ] waiting        2m04.0s   
step_00950 • [   0% ] waiting        2m34.0s   
step_01000 • [   0% ] waiting        3m04.0s   

running (06m27.0s), 0001/0390 VUs, 134528 complete and 0 interrupted iterations
step_00050 ✓ [ 100% ] 000/020 VUs    30s        50.00 iters/s
step_00100 ✓ [ 100% ] 000/020 VUs    30s        100.00 iters/s
step_00150 ✓ [ 100% ] 000/030 VUs    30s        150.00 iters/s
step_00200 ✓ [ 100% ] 000/040 VUs    30s        200.00 iters/s
step_00250 ✓ [ 100% ] 000/050 VUs    30s        250.00 iters/s
step_00300 ✓ [ 100% ] 000/060 VUs    30s        300.00 iters/s
step_00350 ✓ [ 100% ] 0000/0070 VUs  30s        350.00 iters/s
step_00400 ✓ [ 100% ] 0000/0080 VUs  30s        400.00 iters/s
step_00450 ✓ [ 100% ] 0000/0090 VUs  30s        450.00 iters/s
step_00500 ✓ [ 100% ] 0000/0100 VUs  30s        500.00 iters/s
step_00550 ✓ [ 100% ] 0000/0110 VUs  30s        550.00 iters/s
step_00600 ✓ [ 100% ] 0000/0120 VUs  30s        600.00 iters/s
step_00650   [  90% ] 0001/0130 VUs  27.0s/30s  650.00 iters/s
step_00700 • [   0% ] waiting        0m03.0s   
step_00750 • [   0% ] waiting        0m33.0s   
step_00800 • [   0% ] waiting        1m03.0s   
step_00850 • [   0% ] waiting        1m33.0s   
step_00900 • [   0% ] waiting        2m03.0s   
step_00950 • [   0% ] waiting        2m33.0s   
step_01000 • [   0% ] waiting        3m03.0s   

running (06m28.0s), 0001/0390 VUs, 135178 complete and 0 interrupted iterations
step_00050 ✓ [ 100% ] 000/020 VUs    30s        50.00 iters/s
step_00100 ✓ [ 100% ] 000/020 VUs    30s        100.00 iters/s
step_00150 ✓ [ 100% ] 000/030 VUs    30s        150.00 iters/s
step_00200 ✓ [ 100% ] 000/040 VUs    30s        200.00 iters/s
step_00250 ✓ [ 100% ] 000/050 VUs    30s        250.00 iters/s
step_00300 ✓ [ 100% ] 000/060 VUs    30s        300.00 iters/s
step_00350 ✓ [ 100% ] 0000/0070 VUs  30s        350.00 iters/s
step_00400 ✓ [ 100% ] 0000/0080 VUs  30s        400.00 iters/s
step_00450 ✓ [ 100% ] 0000/0090 VUs  30s        450.00 iters/s
step_00500 ✓ [ 100% ] 0000/0100 VUs  30s        500.00 iters/s
step_00550 ✓ [ 100% ] 0000/0110 VUs  30s        550.00 iters/s
step_00600 ✓ [ 100% ] 0000/0120 VUs  30s        600.00 iters/s
step_00650   [  93% ] 0001/0130 VUs  28.0s/30s  650.00 iters/s
step_00700 • [   0% ] waiting        0m02.0s   
step_00750 • [   0% ] waiting        0m32.0s   
step_00800 • [   0% ] waiting        1m02.0s   
step_00850 • [   0% ] waiting        1m32.0s   
step_00900 • [   0% ] waiting        2m02.0s   
step_00950 • [   0% ] waiting        2m32.0s   
step_01000 • [   0% ] waiting        3m02.0s   

running (06m29.0s), 0001/0390 VUs, 135828 complete and 0 interrupted iterations
step_00050 ✓ [ 100% ] 000/020 VUs    30s        50.00 iters/s
step_00100 ✓ [ 100% ] 000/020 VUs    30s        100.00 iters/s
step_00150 ✓ [ 100% ] 000/030 VUs    30s        150.00 iters/s
step_00200 ✓ [ 100% ] 000/040 VUs    30s        200.00 iters/s
step_00250 ✓ [ 100% ] 000/050 VUs    30s        250.00 iters/s
step_00300 ✓ [ 100% ] 000/060 VUs    30s        300.00 iters/s
step_00350 ✓ [ 100% ] 0000/0070 VUs  30s        350.00 iters/s
step_00400 ✓ [ 100% ] 0000/0080 VUs  30s        400.00 iters/s
step_00450 ✓ [ 100% ] 0000/0090 VUs  30s        450.00 iters/s
step_00500 ✓ [ 100% ] 0000/0100 VUs  30s        500.00 iters/s
step_00550 ✓ [ 100% ] 0000/0110 VUs  30s        550.00 iters/s
step_00600 ✓ [ 100% ] 0000/0120 VUs  30s        600.00 iters/s
step_00650   [  97% ] 0001/0130 VUs  29.0s/30s  650.00 iters/s
step_00700 • [   0% ] waiting        0m01.0s   
step_00750 • [   0% ] waiting        0m31.0s   
step_00800 • [   0% ] waiting        1m01.0s   
step_00850 • [   0% ] waiting        1m31.0s   
step_00900 • [   0% ] waiting        2m01.0s   
step_00950 • [   0% ] waiting        2m31.0s   
step_01000 • [   0% ] waiting        3m01.0s   

running (06m30.0s), 0001/0390 VUs, 136478 complete and 0 interrupted iterations
step_00050 ✓ [ 100% ] 000/020 VUs    30s        50.00 iters/s
step_00100 ✓ [ 100% ] 000/020 VUs    30s        100.00 iters/s
step_00150 ✓ [ 100% ] 000/030 VUs    30s        150.00 iters/s
step_00200 ✓ [ 100% ] 000/040 VUs    30s        200.00 iters/s
step_00250 ✓ [ 100% ] 000/050 VUs    30s        250.00 iters/s
step_00300 ✓ [ 100% ] 000/060 VUs    30s        300.00 iters/s
step_00350 ✓ [ 100% ] 0000/0070 VUs  30s        350.00 iters/s
step_00400 ✓ [ 100% ] 0000/0080 VUs  30s        400.00 iters/s
step_00450 ✓ [ 100% ] 0000/0090 VUs  30s        450.00 iters/s
step_00500 ✓ [ 100% ] 0000/0100 VUs  30s        500.00 iters/s
step_00550 ✓ [ 100% ] 0000/0110 VUs  30s        550.00 iters/s
step_00600 ✓ [ 100% ] 0000/0120 VUs  30s        600.00 iters/s
step_00650   [ 100% ] 0001/0130 VUs  30.0s/30s  650.00 iters/s
step_00700 • [   0% ] waiting        0m00.0s   
step_00750 • [   0% ] waiting        0m30.0s   
step_00800 • [   0% ] waiting        1m00.0s   
step_00850 • [   0% ] waiting        1m30.0s   
step_00900 • [   0% ] waiting        2m00.0s   
step_00950 • [   0% ] waiting        2m30.0s   
step_01000 • [   0% ] waiting        3m00.0s   

running (06m31.0s), 0001/0390 VUs, 137176 complete and 0 interrupted iterations
step_00050 ✓ [ 100% ] 000/020 VUs    30s        50.00 iters/s
step_00100 ✓ [ 100% ] 000/020 VUs    30s        100.00 iters/s
step_00150 ✓ [ 100% ] 000/030 VUs    30s        150.00 iters/s
step_00200 ✓ [ 100% ] 000/040 VUs    30s        200.00 iters/s
step_00250 ✓ [ 100% ] 000/050 VUs    30s        250.00 iters/s
step_00300 ✓ [ 100% ] 000/060 VUs    30s        300.00 iters/s
step_00350 ✓ [ 100% ] 0000/0070 VUs  30s        350.00 iters/s
step_00400 ✓ [ 100% ] 0000/0080 VUs  30s        400.00 iters/s
step_00450 ✓ [ 100% ] 0000/0090 VUs  30s        450.00 iters/s
step_00500 ✓ [ 100% ] 0000/0100 VUs  30s        500.00 iters/s
step_00550 ✓ [ 100% ] 0000/0110 VUs  30s        550.00 iters/s
step_00600 ✓ [ 100% ] 0000/0120 VUs  30s        600.00 iters/s
step_00650 ✓ [ 100% ] 0000/0130 VUs  30s        650.00 iters/s
step_00700   [   3% ] 0001/0140 VUs  01.0s/30s  700.00 iters/s
step_00750 • [   0% ] waiting        0m29.0s   
step_00800 • [   0% ] waiting        0m59.0s   
step_00850 • [   0% ] waiting        1m29.0s   
step_00900 • [   0% ] waiting        1m59.0s   
step_00950 • [   0% ] waiting        2m29.0s   
step_01000 • [   0% ] waiting        2m59.0s   

running (06m32.0s), 0000/0390 VUs, 137877 complete and 0 interrupted iterations
step_00050 ✓ [ 100% ] 000/020 VUs    30s        50.00 iters/s
step_00100 ✓ [ 100% ] 000/020 VUs    30s        100.00 iters/s
step_00150 ✓ [ 100% ] 000/030 VUs    30s        150.00 iters/s
step_00200 ✓ [ 100% ] 000/040 VUs    30s        200.00 iters/s
step_00250 ✓ [ 100% ] 000/050 VUs    30s        250.00 iters/s
step_00300 ✓ [ 100% ] 000/060 VUs    30s        300.00 iters/s
step_00350 ✓ [ 100% ] 0000/0070 VUs  30s        350.00 iters/s
step_00400 ✓ [ 100% ] 0000/0080 VUs  30s        400.00 iters/s
step_00450 ✓ [ 100% ] 0000/0090 VUs  30s        450.00 iters/s
step_00500 ✓ [ 100% ] 0000/0100 VUs  30s        500.00 iters/s
step_00550 ✓ [ 100% ] 0000/0110 VUs  30s        550.00 iters/s
step_00600 ✓ [ 100% ] 0000/0120 VUs  30s        600.00 iters/s
step_00650 ✓ [ 100% ] 0000/0130 VUs  30s        650.00 iters/s
step_00700   [   7% ] 0000/0140 VUs  02.0s/30s  700.00 iters/s
step_00750 • [   0% ] waiting        0m28.0s   
step_00800 • [   0% ] waiting        0m58.0s   
step_00850 • [   0% ] waiting        1m28.0s   
step_00900 • [   0% ] waiting        1m58.0s   
step_00950 • [   0% ] waiting        2m28.0s   
step_01000 • [   0% ] waiting        2m58.0s   

running (06m33.0s), 0001/0390 VUs, 138576 complete and 0 interrupted iterations
step_00050 ✓ [ 100% ] 000/020 VUs    30s        50.00 iters/s
step_00100 ✓ [ 100% ] 000/020 VUs    30s        100.00 iters/s
step_00150 ✓ [ 100% ] 000/030 VUs    30s        150.00 iters/s
step_00200 ✓ [ 100% ] 000/040 VUs    30s        200.00 iters/s
step_00250 ✓ [ 100% ] 000/050 VUs    30s        250.00 iters/s
step_00300 ✓ [ 100% ] 000/060 VUs    30s        300.00 iters/s
step_00350 ✓ [ 100% ] 0000/0070 VUs  30s        350.00 iters/s
step_00400 ✓ [ 100% ] 0000/0080 VUs  30s        400.00 iters/s
step_00450 ✓ [ 100% ] 0000/0090 VUs  30s        450.00 iters/s
step_00500 ✓ [ 100% ] 0000/0100 VUs  30s        500.00 iters/s
step_00550 ✓ [ 100% ] 0000/0110 VUs  30s        550.00 iters/s
step_00600 ✓ [ 100% ] 0000/0120 VUs  30s        600.00 iters/s
step_00650 ✓ [ 100% ] 0000/0130 VUs  30s        650.00 iters/s
step_00700   [  10% ] 0001/0140 VUs  03.0s/30s  700.00 iters/s
step_00750 • [   0% ] waiting        0m27.0s   
step_00800 • [   0% ] waiting        0m57.0s   
step_00850 • [   0% ] waiting        1m27.0s   
step_00900 • [   0% ] waiting        1m57.0s   
step_00950 • [   0% ] waiting        2m27.0s   
step_01000 • [   0% ] waiting        2m57.0s   

running (06m34.0s), 0001/0390 VUs, 139276 complete and 0 interrupted iterations
step_00050 ✓ [ 100% ] 000/020 VUs    30s        50.00 iters/s
step_00100 ✓ [ 100% ] 000/020 VUs    30s        100.00 iters/s
step_00150 ✓ [ 100% ] 000/030 VUs    30s        150.00 iters/s
step_00200 ✓ [ 100% ] 000/040 VUs    30s        200.00 iters/s
step_00250 ✓ [ 100% ] 000/050 VUs    30s        250.00 iters/s
step_00300 ✓ [ 100% ] 000/060 VUs    30s        300.00 iters/s
step_00350 ✓ [ 100% ] 0000/0070 VUs  30s        350.00 iters/s
step_00400 ✓ [ 100% ] 0000/0080 VUs  30s        400.00 iters/s
step_00450 ✓ [ 100% ] 0000/0090 VUs  30s        450.00 iters/s
step_00500 ✓ [ 100% ] 0000/0100 VUs  30s        500.00 iters/s
step_00550 ✓ [ 100% ] 0000/0110 VUs  30s        550.00 iters/s
step_00600 ✓ [ 100% ] 0000/0120 VUs  30s        600.00 iters/s
step_00650 ✓ [ 100% ] 0000/0130 VUs  30s        650.00 iters/s
step_00700   [  13% ] 0001/0140 VUs  04.0s/30s  700.00 iters/s
step_00750 • [   0% ] waiting        0m26.0s   
step_00800 • [   0% ] waiting        0m56.0s   
step_00850 • [   0% ] waiting        1m26.0s   
step_00900 • [   0% ] waiting        1m56.0s   
step_00950 • [   0% ] waiting        2m26.0s   
step_01000 • [   0% ] waiting        2m56.0s   

running (06m35.0s), 0001/0390 VUs, 139976 complete and 0 interrupted iterations
step_00050 ✓ [ 100% ] 000/020 VUs    30s        50.00 iters/s
step_00100 ✓ [ 100% ] 000/020 VUs    30s        100.00 iters/s
step_00150 ✓ [ 100% ] 000/030 VUs    30s        150.00 iters/s
step_00200 ✓ [ 100% ] 000/040 VUs    30s        200.00 iters/s
step_00250 ✓ [ 100% ] 000/050 VUs    30s        250.00 iters/s
step_00300 ✓ [ 100% ] 000/060 VUs    30s        300.00 iters/s
step_00350 ✓ [ 100% ] 0000/0070 VUs  30s        350.00 iters/s
step_00400 ✓ [ 100% ] 0000/0080 VUs  30s        400.00 iters/s
step_00450 ✓ [ 100% ] 0000/0090 VUs  30s        450.00 iters/s
step_00500 ✓ [ 100% ] 0000/0100 VUs  30s        500.00 iters/s
step_00550 ✓ [ 100% ] 0000/0110 VUs  30s        550.00 iters/s
step_00600 ✓ [ 100% ] 0000/0120 VUs  30s        600.00 iters/s
step_00650 ✓ [ 100% ] 0000/0130 VUs  30s        650.00 iters/s
step_00700   [  17% ] 0001/0140 VUs  05.0s/30s  700.00 iters/s
step_00750 • [   0% ] waiting        0m25.0s   
step_00800 • [   0% ] waiting        0m55.0s   
step_00850 • [   0% ] waiting        1m25.0s   
step_00900 • [   0% ] waiting        1m55.0s   
step_00950 • [   0% ] waiting        2m25.0s   
step_01000 • [   0% ] waiting        2m55.0s   

running (06m36.0s), 0000/0390 VUs, 140677 complete and 0 interrupted iterations
step_00050 ✓ [ 100% ] 000/020 VUs    30s        50.00 iters/s
step_00100 ✓ [ 100% ] 000/020 VUs    30s        100.00 iters/s
step_00150 ✓ [ 100% ] 000/030 VUs    30s        150.00 iters/s
step_00200 ✓ [ 100% ] 000/040 VUs    30s        200.00 iters/s
step_00250 ✓ [ 100% ] 000/050 VUs    30s        250.00 iters/s
step_00300 ✓ [ 100% ] 000/060 VUs    30s        300.00 iters/s
step_00350 ✓ [ 100% ] 0000/0070 VUs  30s        350.00 iters/s
step_00400 ✓ [ 100% ] 0000/0080 VUs  30s        400.00 iters/s
step_00450 ✓ [ 100% ] 0000/0090 VUs  30s        450.00 iters/s
step_00500 ✓ [ 100% ] 0000/0100 VUs  30s        500.00 iters/s
step_00550 ✓ [ 100% ] 0000/0110 VUs  30s        550.00 iters/s
step_00600 ✓ [ 100% ] 0000/0120 VUs  30s        600.00 iters/s
step_00650 ✓ [ 100% ] 0000/0130 VUs  30s        650.00 iters/s
step_00700   [  20% ] 0000/0140 VUs  06.0s/30s  700.00 iters/s
step_00750 • [   0% ] waiting        0m24.0s   
step_00800 • [   0% ] waiting        0m54.0s   
step_00850 • [   0% ] waiting        1m24.0s   
step_00900 • [   0% ] waiting        1m54.0s   
step_00950 • [   0% ] waiting        2m24.0s   
step_01000 • [   0% ] waiting        2m54.0s   

running (06m37.0s), 0000/0390 VUs, 141377 complete and 0 interrupted iterations
step_00050 ✓ [ 100% ] 000/020 VUs    30s        50.00 iters/s
step_00100 ✓ [ 100% ] 000/020 VUs    30s        100.00 iters/s
step_00150 ✓ [ 100% ] 000/030 VUs    30s        150.00 iters/s
step_00200 ✓ [ 100% ] 000/040 VUs    30s        200.00 iters/s
step_00250 ✓ [ 100% ] 000/050 VUs    30s        250.00 iters/s
step_00300 ✓ [ 100% ] 000/060 VUs    30s        300.00 iters/s
step_00350 ✓ [ 100% ] 0000/0070 VUs  30s        350.00 iters/s
step_00400 ✓ [ 100% ] 0000/0080 VUs  30s        400.00 iters/s
step_00450 ✓ [ 100% ] 0000/0090 VUs  30s        450.00 iters/s
step_00500 ✓ [ 100% ] 0000/0100 VUs  30s        500.00 iters/s
step_00550 ✓ [ 100% ] 0000/0110 VUs  30s        550.00 iters/s
step_00600 ✓ [ 100% ] 0000/0120 VUs  30s        600.00 iters/s
step_00650 ✓ [ 100% ] 0000/0130 VUs  30s        650.00 iters/s
step_00700   [  23% ] 0000/0140 VUs  07.0s/30s  700.00 iters/s
step_00750 • [   0% ] waiting        0m23.0s   
step_00800 • [   0% ] waiting        0m53.0s   
step_00850 • [   0% ] waiting        1m23.0s   
step_00900 • [   0% ] waiting        1m53.0s   
step_00950 • [   0% ] waiting        2m23.0s   
step_01000 • [   0% ] waiting        2m53.0s   

running (06m38.0s), 0001/0390 VUs, 142076 complete and 0 interrupted iterations
step_00050 ✓ [ 100% ] 000/020 VUs    30s        50.00 iters/s
step_00100 ✓ [ 100% ] 000/020 VUs    30s        100.00 iters/s
step_00150 ✓ [ 100% ] 000/030 VUs    30s        150.00 iters/s
step_00200 ✓ [ 100% ] 000/040 VUs    30s        200.00 iters/s
step_00250 ✓ [ 100% ] 000/050 VUs    30s        250.00 iters/s
step_00300 ✓ [ 100% ] 000/060 VUs    30s        300.00 iters/s
step_00350 ✓ [ 100% ] 0000/0070 VUs  30s        350.00 iters/s
step_00400 ✓ [ 100% ] 0000/0080 VUs  30s        400.00 iters/s
step_00450 ✓ [ 100% ] 0000/0090 VUs  30s        450.00 iters/s
step_00500 ✓ [ 100% ] 0000/0100 VUs  30s        500.00 iters/s
step_00550 ✓ [ 100% ] 0000/0110 VUs  30s        550.00 iters/s
step_00600 ✓ [ 100% ] 0000/0120 VUs  30s        600.00 iters/s
step_00650 ✓ [ 100% ] 0000/0130 VUs  30s        650.00 iters/s
step_00700   [  27% ] 0001/0140 VUs  08.0s/30s  700.00 iters/s
step_00750 • [   0% ] waiting        0m22.0s   
step_00800 • [   0% ] waiting        0m52.0s   
step_00850 • [   0% ] waiting        1m22.0s   
step_00900 • [   0% ] waiting        1m52.0s   
step_00950 • [   0% ] waiting        2m22.0s   
step_01000 • [   0% ] waiting        2m52.0s   

running (06m39.0s), 0000/0390 VUs, 142777 complete and 0 interrupted iterations
step_00050 ✓ [ 100% ] 000/020 VUs    30s        50.00 iters/s
step_00100 ✓ [ 100% ] 000/020 VUs    30s        100.00 iters/s
step_00150 ✓ [ 100% ] 000/030 VUs    30s        150.00 iters/s
step_00200 ✓ [ 100% ] 000/040 VUs    30s        200.00 iters/s
step_00250 ✓ [ 100% ] 000/050 VUs    30s        250.00 iters/s
step_00300 ✓ [ 100% ] 000/060 VUs    30s        300.00 iters/s
step_00350 ✓ [ 100% ] 0000/0070 VUs  30s        350.00 iters/s
step_00400 ✓ [ 100% ] 0000/0080 VUs  30s        400.00 iters/s
step_00450 ✓ [ 100% ] 0000/0090 VUs  30s        450.00 iters/s
step_00500 ✓ [ 100% ] 0000/0100 VUs  30s        500.00 iters/s
step_00550 ✓ [ 100% ] 0000/0110 VUs  30s        550.00 iters/s
step_00600 ✓ [ 100% ] 0000/0120 VUs  30s        600.00 iters/s
step_00650 ✓ [ 100% ] 0000/0130 VUs  30s        650.00 iters/s
step_00700   [  30% ] 0000/0140 VUs  09.0s/30s  700.00 iters/s
step_00750 • [   0% ] waiting        0m21.0s   
step_00800 • [   0% ] waiting        0m51.0s   
step_00850 • [   0% ] waiting        1m21.0s   
step_00900 • [   0% ] waiting        1m51.0s   
step_00950 • [   0% ] waiting        2m21.0s   
step_01000 • [   0% ] waiting        2m51.0s   

running (06m40.0s), 0001/0390 VUs, 143476 complete and 0 interrupted iterations
step_00050 ✓ [ 100% ] 000/020 VUs    30s        50.00 iters/s
step_00100 ✓ [ 100% ] 000/020 VUs    30s        100.00 iters/s
step_00150 ✓ [ 100% ] 000/030 VUs    30s        150.00 iters/s
step_00200 ✓ [ 100% ] 000/040 VUs    30s        200.00 iters/s
step_00250 ✓ [ 100% ] 000/050 VUs    30s        250.00 iters/s
step_00300 ✓ [ 100% ] 000/060 VUs    30s        300.00 iters/s
step_00350 ✓ [ 100% ] 0000/0070 VUs  30s        350.00 iters/s
step_00400 ✓ [ 100% ] 0000/0080 VUs  30s        400.00 iters/s
step_00450 ✓ [ 100% ] 0000/0090 VUs  30s        450.00 iters/s
step_00500 ✓ [ 100% ] 0000/0100 VUs  30s        500.00 iters/s
step_00550 ✓ [ 100% ] 0000/0110 VUs  30s        550.00 iters/s
step_00600 ✓ [ 100% ] 0000/0120 VUs  30s        600.00 iters/s
step_00650 ✓ [ 100% ] 0000/0130 VUs  30s        650.00 iters/s
step_00700   [  33% ] 0001/0140 VUs  10.0s/30s  700.00 iters/s
step_00750 • [   0% ] waiting        0m20.0s   
step_00800 • [   0% ] waiting        0m50.0s   
step_00850 • [   0% ] waiting        1m20.0s   
step_00900 • [   0% ] waiting        1m50.0s   
step_00950 • [   0% ] waiting        2m20.0s   
step_01000 • [   0% ] waiting        2m50.0s   

running (06m41.0s), 0055/0390 VUs, 144122 complete and 0 interrupted iterations
step_00050 ✓ [ 100% ] 000/020 VUs    30s        50.00 iters/s
step_00100 ✓ [ 100% ] 000/020 VUs    30s        100.00 iters/s
step_00150 ✓ [ 100% ] 000/030 VUs    30s        150.00 iters/s
step_00200 ✓ [ 100% ] 000/040 VUs    30s        200.00 iters/s
step_00250 ✓ [ 100% ] 000/050 VUs    30s        250.00 iters/s
step_00300 ✓ [ 100% ] 000/060 VUs    30s        300.00 iters/s
step_00350 ✓ [ 100% ] 0000/0070 VUs  30s        350.00 iters/s
step_00400 ✓ [ 100% ] 0000/0080 VUs  30s        400.00 iters/s
step_00450 ✓ [ 100% ] 0000/0090 VUs  30s        450.00 iters/s
step_00500 ✓ [ 100% ] 0000/0100 VUs  30s        500.00 iters/s
step_00550 ✓ [ 100% ] 0000/0110 VUs  30s        550.00 iters/s
step_00600 ✓ [ 100% ] 0000/0120 VUs  30s        600.00 iters/s
step_00650 ✓ [ 100% ] 0000/0130 VUs  30s        650.00 iters/s
step_00700   [  37% ] 0055/0140 VUs  11.0s/30s  700.00 iters/s
step_00750 • [   0% ] waiting        0m19.0s   
step_00800 • [   0% ] waiting        0m49.0s   
step_00850 • [   0% ] waiting        1m19.0s   
step_00900 • [   0% ] waiting        1m49.0s   
step_00950 • [   0% ] waiting        2m19.0s   
step_01000 • [   0% ] waiting        2m49.0s   

running (06m42.0s), 0001/0390 VUs, 144876 complete and 0 interrupted iterations
step_00050 ✓ [ 100% ] 000/020 VUs    30s        50.00 iters/s
step_00100 ✓ [ 100% ] 000/020 VUs    30s        100.00 iters/s
step_00150 ✓ [ 100% ] 000/030 VUs    30s        150.00 iters/s
step_00200 ✓ [ 100% ] 000/040 VUs    30s        200.00 iters/s
step_00250 ✓ [ 100% ] 000/050 VUs    30s        250.00 iters/s
step_00300 ✓ [ 100% ] 000/060 VUs    30s        300.00 iters/s
step_00350 ✓ [ 100% ] 0000/0070 VUs  30s        350.00 iters/s
step_00400 ✓ [ 100% ] 0000/0080 VUs  30s        400.00 iters/s
step_00450 ✓ [ 100% ] 0000/0090 VUs  30s        450.00 iters/s
step_00500 ✓ [ 100% ] 0000/0100 VUs  30s        500.00 iters/s
step_00550 ✓ [ 100% ] 0000/0110 VUs  30s        550.00 iters/s
step_00600 ✓ [ 100% ] 0000/0120 VUs  30s        600.00 iters/s
step_00650 ✓ [ 100% ] 0000/0130 VUs  30s        650.00 iters/s
step_00700   [  40% ] 0001/0140 VUs  12.0s/30s  700.00 iters/s
step_00750 • [   0% ] waiting        0m18.0s   
step_00800 • [   0% ] waiting        0m48.0s   
step_00850 • [   0% ] waiting        1m18.0s   
step_00900 • [   0% ] waiting        1m48.0s   
step_00950 • [   0% ] waiting        2m18.0s   
step_01000 • [   0% ] waiting        2m48.0s   

running (06m43.0s), 0000/0390 VUs, 145577 complete and 0 interrupted iterations
step_00050 ✓ [ 100% ] 000/020 VUs    30s        50.00 iters/s
step_00100 ✓ [ 100% ] 000/020 VUs    30s        100.00 iters/s
step_00150 ✓ [ 100% ] 000/030 VUs    30s        150.00 iters/s
step_00200 ✓ [ 100% ] 000/040 VUs    30s        200.00 iters/s
step_00250 ✓ [ 100% ] 000/050 VUs    30s        250.00 iters/s
step_00300 ✓ [ 100% ] 000/060 VUs    30s        300.00 iters/s
step_00350 ✓ [ 100% ] 0000/0070 VUs  30s        350.00 iters/s
step_00400 ✓ [ 100% ] 0000/0080 VUs  30s        400.00 iters/s
step_00450 ✓ [ 100% ] 0000/0090 VUs  30s        450.00 iters/s
step_00500 ✓ [ 100% ] 0000/0100 VUs  30s        500.00 iters/s
step_00550 ✓ [ 100% ] 0000/0110 VUs  30s        550.00 iters/s
step_00600 ✓ [ 100% ] 0000/0120 VUs  30s        600.00 iters/s
step_00650 ✓ [ 100% ] 0000/0130 VUs  30s        650.00 iters/s
step_00700   [  43% ] 0000/0140 VUs  13.0s/30s  700.00 iters/s
step_00750 • [   0% ] waiting        0m17.0s   
step_00800 • [   0% ] waiting        0m47.0s   
step_00850 • [   0% ] waiting        1m17.0s   
step_00900 • [   0% ] waiting        1m47.0s   
step_00950 • [   0% ] waiting        2m17.0s   
step_01000 • [   0% ] waiting        2m47.0s   

running (06m44.0s), 0001/0390 VUs, 146276 complete and 0 interrupted iterations
step_00050 ✓ [ 100% ] 000/020 VUs    30s        50.00 iters/s
step_00100 ✓ [ 100% ] 000/020 VUs    30s        100.00 iters/s
step_00150 ✓ [ 100% ] 000/030 VUs    30s        150.00 iters/s
step_00200 ✓ [ 100% ] 000/040 VUs    30s        200.00 iters/s
step_00250 ✓ [ 100% ] 000/050 VUs    30s        250.00 iters/s
step_00300 ✓ [ 100% ] 000/060 VUs    30s        300.00 iters/s
step_00350 ✓ [ 100% ] 0000/0070 VUs  30s        350.00 iters/s
step_00400 ✓ [ 100% ] 0000/0080 VUs  30s        400.00 iters/s
step_00450 ✓ [ 100% ] 0000/0090 VUs  30s        450.00 iters/s
step_00500 ✓ [ 100% ] 0000/0100 VUs  30s        500.00 iters/s
step_00550 ✓ [ 100% ] 0000/0110 VUs  30s        550.00 iters/s
step_00600 ✓ [ 100% ] 0000/0120 VUs  30s        600.00 iters/s
step_00650 ✓ [ 100% ] 0000/0130 VUs  30s        650.00 iters/s
step_00700   [  47% ] 0001/0140 VUs  14.0s/30s  700.00 iters/s
step_00750 • [   0% ] waiting        0m16.0s   
step_00800 • [   0% ] waiting        0m46.0s   
step_00850 • [   0% ] waiting        1m16.0s   
step_00900 • [   0% ] waiting        1m46.0s   
step_00950 • [   0% ] waiting        2m16.0s   
step_01000 • [   0% ] waiting        2m46.0s   

running (06m45.0s), 0000/0390 VUs, 146977 complete and 0 interrupted iterations
step_00050 ✓ [ 100% ] 000/020 VUs    30s        50.00 iters/s
step_00100 ✓ [ 100% ] 000/020 VUs    30s        100.00 iters/s
step_00150 ✓ [ 100% ] 000/030 VUs    30s        150.00 iters/s
step_00200 ✓ [ 100% ] 000/040 VUs    30s        200.00 iters/s
step_00250 ✓ [ 100% ] 000/050 VUs    30s        250.00 iters/s
step_00300 ✓ [ 100% ] 000/060 VUs    30s        300.00 iters/s
step_00350 ✓ [ 100% ] 0000/0070 VUs  30s        350.00 iters/s
step_00400 ✓ [ 100% ] 0000/0080 VUs  30s        400.00 iters/s
step_00450 ✓ [ 100% ] 0000/0090 VUs  30s        450.00 iters/s
step_00500 ✓ [ 100% ] 0000/0100 VUs  30s        500.00 iters/s
step_00550 ✓ [ 100% ] 0000/0110 VUs  30s        550.00 iters/s
step_00600 ✓ [ 100% ] 0000/0120 VUs  30s        600.00 iters/s
step_00650 ✓ [ 100% ] 0000/0130 VUs  30s        650.00 iters/s
step_00700   [  50% ] 0000/0140 VUs  15.0s/30s  700.00 iters/s
step_00750 • [   0% ] waiting        0m15.0s   
step_00800 • [   0% ] waiting        0m45.0s   
step_00850 • [   0% ] waiting        1m15.0s   
step_00900 • [   0% ] waiting        1m45.0s   
step_00950 • [   0% ] waiting        2m15.0s   
step_01000 • [   0% ] waiting        2m45.0s   

running (06m46.0s), 0001/0390 VUs, 147676 complete and 0 interrupted iterations
step_00050 ✓ [ 100% ] 000/020 VUs    30s        50.00 iters/s
step_00100 ✓ [ 100% ] 000/020 VUs    30s        100.00 iters/s
step_00150 ✓ [ 100% ] 000/030 VUs    30s        150.00 iters/s
step_00200 ✓ [ 100% ] 000/040 VUs    30s        200.00 iters/s
step_00250 ✓ [ 100% ] 000/050 VUs    30s        250.00 iters/s
step_00300 ✓ [ 100% ] 000/060 VUs    30s        300.00 iters/s
step_00350 ✓ [ 100% ] 0000/0070 VUs  30s        350.00 iters/s
step_00400 ✓ [ 100% ] 0000/0080 VUs  30s        400.00 iters/s
step_00450 ✓ [ 100% ] 0000/0090 VUs  30s        450.00 iters/s
step_00500 ✓ [ 100% ] 0000/0100 VUs  30s        500.00 iters/s
step_00550 ✓ [ 100% ] 0000/0110 VUs  30s        550.00 iters/s
step_00600 ✓ [ 100% ] 0000/0120 VUs  30s        600.00 iters/s
step_00650 ✓ [ 100% ] 0000/0130 VUs  30s        650.00 iters/s
step_00700   [  53% ] 0001/0140 VUs  16.0s/30s  700.00 iters/s
step_00750 • [   0% ] waiting        0m14.0s   
step_00800 • [   0% ] waiting        0m44.0s   
step_00850 • [   0% ] waiting        1m14.0s   
step_00900 • [   0% ] waiting        1m44.0s   
step_00950 • [   0% ] waiting        2m14.0s   
step_01000 • [   0% ] waiting        2m44.0s   

running (06m47.0s), 0001/0390 VUs, 148376 complete and 0 interrupted iterations
step_00050 ✓ [ 100% ] 000/020 VUs    30s        50.00 iters/s
step_00100 ✓ [ 100% ] 000/020 VUs    30s        100.00 iters/s
step_00150 ✓ [ 100% ] 000/030 VUs    30s        150.00 iters/s
step_00200 ✓ [ 100% ] 000/040 VUs    30s        200.00 iters/s
step_00250 ✓ [ 100% ] 000/050 VUs    30s        250.00 iters/s
step_00300 ✓ [ 100% ] 000/060 VUs    30s        300.00 iters/s
step_00350 ✓ [ 100% ] 0000/0070 VUs  30s        350.00 iters/s
step_00400 ✓ [ 100% ] 0000/0080 VUs  30s        400.00 iters/s
step_00450 ✓ [ 100% ] 0000/0090 VUs  30s        450.00 iters/s
step_00500 ✓ [ 100% ] 0000/0100 VUs  30s        500.00 iters/s
step_00550 ✓ [ 100% ] 0000/0110 VUs  30s        550.00 iters/s
step_00600 ✓ [ 100% ] 0000/0120 VUs  30s        600.00 iters/s
step_00650 ✓ [ 100% ] 0000/0130 VUs  30s        650.00 iters/s
step_00700   [  57% ] 0000/0140 VUs  17.0s/30s  700.00 iters/s
step_00750 • [   0% ] waiting        0m13.0s   
step_00800 • [   0% ] waiting        0m43.0s   
step_00850 • [   0% ] waiting        1m13.0s   
step_00900 • [   0% ] waiting        1m43.0s   
step_00950 • [   0% ] waiting        2m13.0s   
step_01000 • [   0% ] waiting        2m43.0s   

running (06m48.0s), 0001/0390 VUs, 149076 complete and 0 interrupted iterations
step_00050 ✓ [ 100% ] 000/020 VUs    30s        50.00 iters/s
step_00100 ✓ [ 100% ] 000/020 VUs    30s        100.00 iters/s
step_00150 ✓ [ 100% ] 000/030 VUs    30s        150.00 iters/s
step_00200 ✓ [ 100% ] 000/040 VUs    30s        200.00 iters/s
step_00250 ✓ [ 100% ] 000/050 VUs    30s        250.00 iters/s
step_00300 ✓ [ 100% ] 000/060 VUs    30s        300.00 iters/s
step_00350 ✓ [ 100% ] 0000/0070 VUs  30s        350.00 iters/s
step_00400 ✓ [ 100% ] 0000/0080 VUs  30s        400.00 iters/s
step_00450 ✓ [ 100% ] 0000/0090 VUs  30s        450.00 iters/s
step_00500 ✓ [ 100% ] 0000/0100 VUs  30s        500.00 iters/s
step_00550 ✓ [ 100% ] 0000/0110 VUs  30s        550.00 iters/s
step_00600 ✓ [ 100% ] 0000/0120 VUs  30s        600.00 iters/s
step_00650 ✓ [ 100% ] 0000/0130 VUs  30s        650.00 iters/s
step_00700   [  60% ] 0001/0140 VUs  18.0s/30s  700.00 iters/s
step_00750 • [   0% ] waiting        0m12.0s   
step_00800 • [   0% ] waiting        0m42.0s   
step_00850 • [   0% ] waiting        1m12.0s   
step_00900 • [   0% ] waiting        1m42.0s   
step_00950 • [   0% ] waiting        2m12.0s   
step_01000 • [   0% ] waiting        2m42.0s   

running (06m49.0s), 0001/0390 VUs, 149776 complete and 0 interrupted iterations
step_00050 ✓ [ 100% ] 000/020 VUs    30s        50.00 iters/s
step_00100 ✓ [ 100% ] 000/020 VUs    30s        100.00 iters/s
step_00150 ✓ [ 100% ] 000/030 VUs    30s        150.00 iters/s
step_00200 ✓ [ 100% ] 000/040 VUs    30s        200.00 iters/s
step_00250 ✓ [ 100% ] 000/050 VUs    30s        250.00 iters/s
step_00300 ✓ [ 100% ] 000/060 VUs    30s        300.00 iters/s
step_00350 ✓ [ 100% ] 0000/0070 VUs  30s        350.00 iters/s
step_00400 ✓ [ 100% ] 0000/0080 VUs  30s        400.00 iters/s
step_00450 ✓ [ 100% ] 0000/0090 VUs  30s        450.00 iters/s
step_00500 ✓ [ 100% ] 0000/0100 VUs  30s        500.00 iters/s
step_00550 ✓ [ 100% ] 0000/0110 VUs  30s        550.00 iters/s
step_00600 ✓ [ 100% ] 0000/0120 VUs  30s        600.00 iters/s
step_00650 ✓ [ 100% ] 0000/0130 VUs  30s        650.00 iters/s
step_00700   [  63% ] 0001/0140 VUs  19.0s/30s  700.00 iters/s
step_00750 • [   0% ] waiting        0m11.0s   
step_00800 • [   0% ] waiting        0m41.0s   
step_00850 • [   0% ] waiting        1m11.0s   
step_00900 • [   0% ] waiting        1m41.0s   
step_00950 • [   0% ] waiting        2m11.0s   
step_01000 • [   0% ] waiting        2m41.0s   

running (06m50.0s), 0001/0390 VUs, 150476 complete and 0 interrupted iterations
step_00050 ✓ [ 100% ] 000/020 VUs    30s        50.00 iters/s
step_00100 ✓ [ 100% ] 000/020 VUs    30s        100.00 iters/s
step_00150 ✓ [ 100% ] 000/030 VUs    30s        150.00 iters/s
step_00200 ✓ [ 100% ] 000/040 VUs    30s        200.00 iters/s
step_00250 ✓ [ 100% ] 000/050 VUs    30s        250.00 iters/s
step_00300 ✓ [ 100% ] 000/060 VUs    30s        300.00 iters/s
step_00350 ✓ [ 100% ] 0000/0070 VUs  30s        350.00 iters/s
step_00400 ✓ [ 100% ] 0000/0080 VUs  30s        400.00 iters/s
step_00450 ✓ [ 100% ] 0000/0090 VUs  30s        450.00 iters/s
step_00500 ✓ [ 100% ] 0000/0100 VUs  30s        500.00 iters/s
step_00550 ✓ [ 100% ] 0000/0110 VUs  30s        550.00 iters/s
step_00600 ✓ [ 100% ] 0000/0120 VUs  30s        600.00 iters/s
step_00650 ✓ [ 100% ] 0000/0130 VUs  30s        650.00 iters/s
step_00700   [  67% ] 0000/0140 VUs  20.0s/30s  700.00 iters/s
step_00750 • [   0% ] waiting        0m10.0s   
step_00800 • [   0% ] waiting        0m40.0s   
step_00850 • [   0% ] waiting        1m10.0s   
step_00900 • [   0% ] waiting        1m40.0s   
step_00950 • [   0% ] waiting        2m10.0s   
step_01000 • [   0% ] waiting        2m40.0s   

running (06m51.0s), 0001/0390 VUs, 151176 complete and 0 interrupted iterations
step_00050 ✓ [ 100% ] 000/020 VUs    30s        50.00 iters/s
step_00100 ✓ [ 100% ] 000/020 VUs    30s        100.00 iters/s
step_00150 ✓ [ 100% ] 000/030 VUs    30s        150.00 iters/s
step_00200 ✓ [ 100% ] 000/040 VUs    30s        200.00 iters/s
step_00250 ✓ [ 100% ] 000/050 VUs    30s        250.00 iters/s
step_00300 ✓ [ 100% ] 000/060 VUs    30s        300.00 iters/s
step_00350 ✓ [ 100% ] 0000/0070 VUs  30s        350.00 iters/s
step_00400 ✓ [ 100% ] 0000/0080 VUs  30s        400.00 iters/s
step_00450 ✓ [ 100% ] 0000/0090 VUs  30s        450.00 iters/s
step_00500 ✓ [ 100% ] 0000/0100 VUs  30s        500.00 iters/s
step_00550 ✓ [ 100% ] 0000/0110 VUs  30s        550.00 iters/s
step_00600 ✓ [ 100% ] 0000/0120 VUs  30s        600.00 iters/s
step_00650 ✓ [ 100% ] 0000/0130 VUs  30s        650.00 iters/s
step_00700   [  70% ] 0000/0140 VUs  21.0s/30s  700.00 iters/s
step_00750 • [   0% ] waiting        0m09.0s   
step_00800 • [   0% ] waiting        0m39.0s   
step_00850 • [   0% ] waiting        1m09.0s   
step_00900 • [   0% ] waiting        1m39.0s   
step_00950 • [   0% ] waiting        2m09.0s   
step_01000 • [   0% ] waiting        2m39.0s   

running (06m52.0s), 0000/0390 VUs, 151877 complete and 0 interrupted iterations
step_00050 ✓ [ 100% ] 000/020 VUs    30s        50.00 iters/s
step_00100 ✓ [ 100% ] 000/020 VUs    30s        100.00 iters/s
step_00150 ✓ [ 100% ] 000/030 VUs    30s        150.00 iters/s
step_00200 ✓ [ 100% ] 000/040 VUs    30s        200.00 iters/s
step_00250 ✓ [ 100% ] 000/050 VUs    30s        250.00 iters/s
step_00300 ✓ [ 100% ] 000/060 VUs    30s        300.00 iters/s
step_00350 ✓ [ 100% ] 0000/0070 VUs  30s        350.00 iters/s
step_00400 ✓ [ 100% ] 0000/0080 VUs  30s        400.00 iters/s
step_00450 ✓ [ 100% ] 0000/0090 VUs  30s        450.00 iters/s
step_00500 ✓ [ 100% ] 0000/0100 VUs  30s        500.00 iters/s
step_00550 ✓ [ 100% ] 0000/0110 VUs  30s        550.00 iters/s
step_00600 ✓ [ 100% ] 0000/0120 VUs  30s        600.00 iters/s
step_00650 ✓ [ 100% ] 0000/0130 VUs  30s        650.00 iters/s
step_00700   [  73% ] 0000/0140 VUs  22.0s/30s  700.00 iters/s
step_00750 • [   0% ] waiting        0m08.0s   
step_00800 • [   0% ] waiting        0m38.0s   
step_00850 • [   0% ] waiting        1m08.0s   
step_00900 • [   0% ] waiting        1m38.0s   
step_00950 • [   0% ] waiting        2m08.0s   
step_01000 • [   0% ] waiting        2m38.0s   

running (06m53.0s), 0000/0390 VUs, 152577 complete and 0 interrupted iterations
step_00050 ✓ [ 100% ] 000/020 VUs    30s        50.00 iters/s
step_00100 ✓ [ 100% ] 000/020 VUs    30s        100.00 iters/s
step_00150 ✓ [ 100% ] 000/030 VUs    30s        150.00 iters/s
step_00200 ✓ [ 100% ] 000/040 VUs    30s        200.00 iters/s
step_00250 ✓ [ 100% ] 000/050 VUs    30s        250.00 iters/s
step_00300 ✓ [ 100% ] 000/060 VUs    30s        300.00 iters/s
step_00350 ✓ [ 100% ] 0000/0070 VUs  30s        350.00 iters/s
step_00400 ✓ [ 100% ] 0000/0080 VUs  30s        400.00 iters/s
step_00450 ✓ [ 100% ] 0000/0090 VUs  30s        450.00 iters/s
step_00500 ✓ [ 100% ] 0000/0100 VUs  30s        500.00 iters/s
step_00550 ✓ [ 100% ] 0000/0110 VUs  30s        550.00 iters/s
step_00600 ✓ [ 100% ] 0000/0120 VUs  30s        600.00 iters/s
step_00650 ✓ [ 100% ] 0000/0130 VUs  30s        650.00 iters/s
step_00700   [  77% ] 0000/0140 VUs  23.0s/30s  700.00 iters/s
step_00750 • [   0% ] waiting        0m07.0s   
step_00800 • [   0% ] waiting        0m37.0s   
step_00850 • [   0% ] waiting        1m07.0s   
step_00900 • [   0% ] waiting        1m37.0s   
step_00950 • [   0% ] waiting        2m07.0s   
step_01000 • [   0% ] waiting        2m37.0s   

running (06m54.0s), 0001/0390 VUs, 153276 complete and 0 interrupted iterations
step_00050 ✓ [ 100% ] 000/020 VUs    30s        50.00 iters/s
step_00100 ✓ [ 100% ] 000/020 VUs    30s        100.00 iters/s
step_00150 ✓ [ 100% ] 000/030 VUs    30s        150.00 iters/s
step_00200 ✓ [ 100% ] 000/040 VUs    30s        200.00 iters/s
step_00250 ✓ [ 100% ] 000/050 VUs    30s        250.00 iters/s
step_00300 ✓ [ 100% ] 000/060 VUs    30s        300.00 iters/s
step_00350 ✓ [ 100% ] 0000/0070 VUs  30s        350.00 iters/s
step_00400 ✓ [ 100% ] 0000/0080 VUs  30s        400.00 iters/s
step_00450 ✓ [ 100% ] 0000/0090 VUs  30s        450.00 iters/s
step_00500 ✓ [ 100% ] 0000/0100 VUs  30s        500.00 iters/s
step_00550 ✓ [ 100% ] 0000/0110 VUs  30s        550.00 iters/s
step_00600 ✓ [ 100% ] 0000/0120 VUs  30s        600.00 iters/s
step_00650 ✓ [ 100% ] 0000/0130 VUs  30s        650.00 iters/s
step_00700   [  80% ] 0001/0140 VUs  24.0s/30s  700.00 iters/s
step_00750 • [   0% ] waiting        0m06.0s   
step_00800 • [   0% ] waiting        0m36.0s   
step_00850 • [   0% ] waiting        1m06.0s   
step_00900 • [   0% ] waiting        1m36.0s   
step_00950 • [   0% ] waiting        2m06.0s   
step_01000 • [   0% ] waiting        2m36.0s   

running (06m55.0s), 0001/0390 VUs, 153976 complete and 0 interrupted iterations
step_00050 ✓ [ 100% ] 000/020 VUs    30s        50.00 iters/s
step_00100 ✓ [ 100% ] 000/020 VUs    30s        100.00 iters/s
step_00150 ✓ [ 100% ] 000/030 VUs    30s        150.00 iters/s
step_00200 ✓ [ 100% ] 000/040 VUs    30s        200.00 iters/s
step_00250 ✓ [ 100% ] 000/050 VUs    30s        250.00 iters/s
step_00300 ✓ [ 100% ] 000/060 VUs    30s        300.00 iters/s
step_00350 ✓ [ 100% ] 0000/0070 VUs  30s        350.00 iters/s
step_00400 ✓ [ 100% ] 0000/0080 VUs  30s        400.00 iters/s
step_00450 ✓ [ 100% ] 0000/0090 VUs  30s        450.00 iters/s
step_00500 ✓ [ 100% ] 0000/0100 VUs  30s        500.00 iters/s
step_00550 ✓ [ 100% ] 0000/0110 VUs  30s        550.00 iters/s
step_00600 ✓ [ 100% ] 0000/0120 VUs  30s        600.00 iters/s
step_00650 ✓ [ 100% ] 0000/0130 VUs  30s        650.00 iters/s
step_00700   [  83% ] 0000/0140 VUs  25.0s/30s  700.00 iters/s
step_00750 • [   0% ] waiting        0m05.0s   
step_00800 • [   0% ] waiting        0m35.0s   
step_00850 • [   0% ] waiting        1m05.0s   
step_00900 • [   0% ] waiting        1m35.0s   
step_00950 • [   0% ] waiting        2m05.0s   
step_01000 • [   0% ] waiting        2m35.0s   

running (06m56.0s), 0001/0390 VUs, 154676 complete and 0 interrupted iterations
step_00050 ✓ [ 100% ] 000/020 VUs    30s        50.00 iters/s
step_00100 ✓ [ 100% ] 000/020 VUs    30s        100.00 iters/s
step_00150 ✓ [ 100% ] 000/030 VUs    30s        150.00 iters/s
step_00200 ✓ [ 100% ] 000/040 VUs    30s        200.00 iters/s
step_00250 ✓ [ 100% ] 000/050 VUs    30s        250.00 iters/s
step_00300 ✓ [ 100% ] 000/060 VUs    30s        300.00 iters/s
step_00350 ✓ [ 100% ] 0000/0070 VUs  30s        350.00 iters/s
step_00400 ✓ [ 100% ] 0000/0080 VUs  30s        400.00 iters/s
step_00450 ✓ [ 100% ] 0000/0090 VUs  30s        450.00 iters/s
step_00500 ✓ [ 100% ] 0000/0100 VUs  30s        500.00 iters/s
step_00550 ✓ [ 100% ] 0000/0110 VUs  30s        550.00 iters/s
step_00600 ✓ [ 100% ] 0000/0120 VUs  30s        600.00 iters/s
step_00650 ✓ [ 100% ] 0000/0130 VUs  30s        650.00 iters/s
step_00700   [  87% ] 0001/0140 VUs  26.0s/30s  700.00 iters/s
step_00750 • [   0% ] waiting        0m04.0s   
step_00800 • [   0% ] waiting        0m34.0s   
step_00850 • [   0% ] waiting        1m04.0s   
step_00900 • [   0% ] waiting        1m34.0s   
step_00950 • [   0% ] waiting        2m04.0s   
step_01000 • [   0% ] waiting        2m34.0s   

running (06m57.0s), 0000/0390 VUs, 155377 complete and 0 interrupted iterations
step_00050 ✓ [ 100% ] 000/020 VUs    30s        50.00 iters/s
step_00100 ✓ [ 100% ] 000/020 VUs    30s        100.00 iters/s
step_00150 ✓ [ 100% ] 000/030 VUs    30s        150.00 iters/s
step_00200 ✓ [ 100% ] 000/040 VUs    30s        200.00 iters/s
step_00250 ✓ [ 100% ] 000/050 VUs    30s        250.00 iters/s
step_00300 ✓ [ 100% ] 000/060 VUs    30s        300.00 iters/s
step_00350 ✓ [ 100% ] 0000/0070 VUs  30s        350.00 iters/s
step_00400 ✓ [ 100% ] 0000/0080 VUs  30s        400.00 iters/s
step_00450 ✓ [ 100% ] 0000/0090 VUs  30s        450.00 iters/s
step_00500 ✓ [ 100% ] 0000/0100 VUs  30s        500.00 iters/s
step_00550 ✓ [ 100% ] 0000/0110 VUs  30s        550.00 iters/s
step_00600 ✓ [ 100% ] 0000/0120 VUs  30s        600.00 iters/s
step_00650 ✓ [ 100% ] 0000/0130 VUs  30s        650.00 iters/s
step_00700   [  90% ] 0000/0140 VUs  27.0s/30s  700.00 iters/s
step_00750 • [   0% ] waiting        0m03.0s   
step_00800 • [   0% ] waiting        0m33.0s   
step_00850 • [   0% ] waiting        1m03.0s   
step_00900 • [   0% ] waiting        1m33.0s   
step_00950 • [   0% ] waiting        2m03.0s   
step_01000 • [   0% ] waiting        2m33.0s   

running (06m58.0s), 0000/0390 VUs, 156077 complete and 0 interrupted iterations
step_00050 ✓ [ 100% ] 000/020 VUs    30s        50.00 iters/s
step_00100 ✓ [ 100% ] 000/020 VUs    30s        100.00 iters/s
step_00150 ✓ [ 100% ] 000/030 VUs    30s        150.00 iters/s
step_00200 ✓ [ 100% ] 000/040 VUs    30s        200.00 iters/s
step_00250 ✓ [ 100% ] 000/050 VUs    30s        250.00 iters/s
step_00300 ✓ [ 100% ] 000/060 VUs    30s        300.00 iters/s
step_00350 ✓ [ 100% ] 0000/0070 VUs  30s        350.00 iters/s
step_00400 ✓ [ 100% ] 0000/0080 VUs  30s        400.00 iters/s
step_00450 ✓ [ 100% ] 0000/0090 VUs  30s        450.00 iters/s
step_00500 ✓ [ 100% ] 0000/0100 VUs  30s        500.00 iters/s
step_00550 ✓ [ 100% ] 0000/0110 VUs  30s        550.00 iters/s
step_00600 ✓ [ 100% ] 0000/0120 VUs  30s        600.00 iters/s
step_00650 ✓ [ 100% ] 0000/0130 VUs  30s        650.00 iters/s
step_00700   [  93% ] 0000/0140 VUs  28.0s/30s  700.00 iters/s
step_00750 • [   0% ] waiting        0m02.0s   
step_00800 • [   0% ] waiting        0m32.0s   
step_00850 • [   0% ] waiting        1m02.0s   
step_00900 • [   0% ] waiting        1m32.0s   
step_00950 • [   0% ] waiting        2m02.0s   
step_01000 • [   0% ] waiting        2m32.0s   

running (06m59.0s), 0002/0390 VUs, 156775 complete and 0 interrupted iterations
step_00050 ✓ [ 100% ] 000/020 VUs    30s        50.00 iters/s
step_00100 ✓ [ 100% ] 000/020 VUs    30s        100.00 iters/s
step_00150 ✓ [ 100% ] 000/030 VUs    30s        150.00 iters/s
step_00200 ✓ [ 100% ] 000/040 VUs    30s        200.00 iters/s
step_00250 ✓ [ 100% ] 000/050 VUs    30s        250.00 iters/s
step_00300 ✓ [ 100% ] 000/060 VUs    30s        300.00 iters/s
step_00350 ✓ [ 100% ] 0000/0070 VUs  30s        350.00 iters/s
step_00400 ✓ [ 100% ] 0000/0080 VUs  30s        400.00 iters/s
step_00450 ✓ [ 100% ] 0000/0090 VUs  30s        450.00 iters/s
step_00500 ✓ [ 100% ] 0000/0100 VUs  30s        500.00 iters/s
step_00550 ✓ [ 100% ] 0000/0110 VUs  30s        550.00 iters/s
step_00600 ✓ [ 100% ] 0000/0120 VUs  30s        600.00 iters/s
step_00650 ✓ [ 100% ] 0000/0130 VUs  30s        650.00 iters/s
step_00700   [  97% ] 0002/0140 VUs  29.0s/30s  700.00 iters/s
step_00750 • [   0% ] waiting        0m01.0s   
step_00800 • [   0% ] waiting        0m31.0s   
step_00850 • [   0% ] waiting        1m01.0s   
step_00900 • [   0% ] waiting        1m31.0s   
step_00950 • [   0% ] waiting        2m01.0s   
step_01000 • [   0% ] waiting        2m31.0s   

running (07m00.0s), 0000/0390 VUs, 157477 complete and 0 interrupted iterations
step_00050 ✓ [ 100% ] 000/020 VUs    30s        50.00 iters/s
step_00100 ✓ [ 100% ] 000/020 VUs    30s        100.00 iters/s
step_00150 ✓ [ 100% ] 000/030 VUs    30s        150.00 iters/s
step_00200 ✓ [ 100% ] 000/040 VUs    30s        200.00 iters/s
step_00250 ✓ [ 100% ] 000/050 VUs    30s        250.00 iters/s
step_00300 ✓ [ 100% ] 000/060 VUs    30s        300.00 iters/s
step_00350 ✓ [ 100% ] 0000/0070 VUs  30s        350.00 iters/s
step_00400 ✓ [ 100% ] 0000/0080 VUs  30s        400.00 iters/s
step_00450 ✓ [ 100% ] 0000/0090 VUs  30s        450.00 iters/s
step_00500 ✓ [ 100% ] 0000/0100 VUs  30s        500.00 iters/s
step_00550 ✓ [ 100% ] 0000/0110 VUs  30s        550.00 iters/s
step_00600 ✓ [ 100% ] 0000/0120 VUs  30s        600.00 iters/s
step_00650 ✓ [ 100% ] 0000/0130 VUs  30s        650.00 iters/s
step_00700   [ 100% ] 0000/0140 VUs  30.0s/30s  700.00 iters/s
step_00750 • [   0% ] waiting        0m00.0s   
step_00800 • [   0% ] waiting        0m30.0s   
step_00850 • [   0% ] waiting        1m00.0s   
step_00900 • [   0% ] waiting        1m30.0s   
step_00950 • [   0% ] waiting        2m00.0s   
step_01000 • [   0% ] waiting        2m30.0s   

running (07m01.0s), 0001/0390 VUs, 158225 complete and 0 interrupted iterations
step_00050 ✓ [ 100% ] 000/020 VUs    30s        50.00 iters/s
step_00100 ✓ [ 100% ] 000/020 VUs    30s        100.00 iters/s
step_00150 ✓ [ 100% ] 000/030 VUs    30s        150.00 iters/s
step_00200 ✓ [ 100% ] 000/040 VUs    30s        200.00 iters/s
step_00250 ✓ [ 100% ] 000/050 VUs    30s        250.00 iters/s
step_00300 ✓ [ 100% ] 000/060 VUs    30s        300.00 iters/s
step_00350 ✓ [ 100% ] 0000/0070 VUs  30s        350.00 iters/s
step_00400 ✓ [ 100% ] 0000/0080 VUs  30s        400.00 iters/s
step_00450 ✓ [ 100% ] 0000/0090 VUs  30s        450.00 iters/s
step_00500 ✓ [ 100% ] 0000/0100 VUs  30s        500.00 iters/s
step_00550 ✓ [ 100% ] 0000/0110 VUs  30s        550.00 iters/s
step_00600 ✓ [ 100% ] 0000/0120 VUs  30s        600.00 iters/s
step_00650 ✓ [ 100% ] 0000/0130 VUs  30s        650.00 iters/s
step_00700 ✓ [ 100% ] 0000/0140 VUs  30s        700.00 iters/s
step_00750   [   3% ] 0001/0150 VUs  01.0s/30s  750.00 iters/s
step_00800 • [   0% ] waiting        0m29.0s   
step_00850 • [   0% ] waiting        0m59.0s   
step_00900 • [   0% ] waiting        1m29.0s   
step_00950 • [   0% ] waiting        1m59.0s   
step_01000 • [   0% ] waiting        2m29.0s   

running (07m02.0s), 0002/0390 VUs, 158974 complete and 0 interrupted iterations
step_00050 ✓ [ 100% ] 000/020 VUs    30s        50.00 iters/s
step_00100 ✓ [ 100% ] 000/020 VUs    30s        100.00 iters/s
step_00150 ✓ [ 100% ] 000/030 VUs    30s        150.00 iters/s
step_00200 ✓ [ 100% ] 000/040 VUs    30s        200.00 iters/s
step_00250 ✓ [ 100% ] 000/050 VUs    30s        250.00 iters/s
step_00300 ✓ [ 100% ] 000/060 VUs    30s        300.00 iters/s
step_00350 ✓ [ 100% ] 0000/0070 VUs  30s        350.00 iters/s
step_00400 ✓ [ 100% ] 0000/0080 VUs  30s        400.00 iters/s
step_00450 ✓ [ 100% ] 0000/0090 VUs  30s        450.00 iters/s
step_00500 ✓ [ 100% ] 0000/0100 VUs  30s        500.00 iters/s
step_00550 ✓ [ 100% ] 0000/0110 VUs  30s        550.00 iters/s
step_00600 ✓ [ 100% ] 0000/0120 VUs  30s        600.00 iters/s
step_00650 ✓ [ 100% ] 0000/0130 VUs  30s        650.00 iters/s
step_00700 ✓ [ 100% ] 0000/0140 VUs  30s        700.00 iters/s
step_00750   [   7% ] 0002/0150 VUs  02.0s/30s  750.00 iters/s
step_00800 • [   0% ] waiting        0m28.0s   
step_00850 • [   0% ] waiting        0m58.0s   
step_00900 • [   0% ] waiting        1m28.0s   
step_00950 • [   0% ] waiting        1m58.0s   
step_01000 • [   0% ] waiting        2m28.0s   

running (07m03.0s), 0001/0390 VUs, 159725 complete and 0 interrupted iterations
step_00050 ✓ [ 100% ] 000/020 VUs    30s        50.00 iters/s
step_00100 ✓ [ 100% ] 000/020 VUs    30s        100.00 iters/s
step_00150 ✓ [ 100% ] 000/030 VUs    30s        150.00 iters/s
step_00200 ✓ [ 100% ] 000/040 VUs    30s        200.00 iters/s
step_00250 ✓ [ 100% ] 000/050 VUs    30s        250.00 iters/s
step_00300 ✓ [ 100% ] 000/060 VUs    30s        300.00 iters/s
step_00350 ✓ [ 100% ] 0000/0070 VUs  30s        350.00 iters/s
step_00400 ✓ [ 100% ] 0000/0080 VUs  30s        400.00 iters/s
step_00450 ✓ [ 100% ] 0000/0090 VUs  30s        450.00 iters/s
step_00500 ✓ [ 100% ] 0000/0100 VUs  30s        500.00 iters/s
step_00550 ✓ [ 100% ] 0000/0110 VUs  30s        550.00 iters/s
step_00600 ✓ [ 100% ] 0000/0120 VUs  30s        600.00 iters/s
step_00650 ✓ [ 100% ] 0000/0130 VUs  30s        650.00 iters/s
step_00700 ✓ [ 100% ] 0000/0140 VUs  30s        700.00 iters/s
step_00750   [  10% ] 0001/0150 VUs  03.0s/30s  750.00 iters/s
step_00800 • [   0% ] waiting        0m27.0s   
step_00850 • [   0% ] waiting        0m57.0s   
step_00900 • [   0% ] waiting        1m27.0s   
step_00950 • [   0% ] waiting        1m57.0s   
step_01000 • [   0% ] waiting        2m27.0s   

running (07m04.0s), 0002/0390 VUs, 160474 complete and 0 interrupted iterations
step_00050 ✓ [ 100% ] 000/020 VUs    30s        50.00 iters/s
step_00100 ✓ [ 100% ] 000/020 VUs    30s        100.00 iters/s
step_00150 ✓ [ 100% ] 000/030 VUs    30s        150.00 iters/s
step_00200 ✓ [ 100% ] 000/040 VUs    30s        200.00 iters/s
step_00250 ✓ [ 100% ] 000/050 VUs    30s        250.00 iters/s
step_00300 ✓ [ 100% ] 000/060 VUs    30s        300.00 iters/s
step_00350 ✓ [ 100% ] 0000/0070 VUs  30s        350.00 iters/s
step_00400 ✓ [ 100% ] 0000/0080 VUs  30s        400.00 iters/s
step_00450 ✓ [ 100% ] 0000/0090 VUs  30s        450.00 iters/s
step_00500 ✓ [ 100% ] 0000/0100 VUs  30s        500.00 iters/s
step_00550 ✓ [ 100% ] 0000/0110 VUs  30s        550.00 iters/s
step_00600 ✓ [ 100% ] 0000/0120 VUs  30s        600.00 iters/s
step_00650 ✓ [ 100% ] 0000/0130 VUs  30s        650.00 iters/s
step_00700 ✓ [ 100% ] 0000/0140 VUs  30s        700.00 iters/s
step_00750   [  13% ] 0002/0150 VUs  04.0s/30s  750.00 iters/s
step_00800 • [   0% ] waiting        0m26.0s   
step_00850 • [   0% ] waiting        0m56.0s   
step_00900 • [   0% ] waiting        1m26.0s   
step_00950 • [   0% ] waiting        1m56.0s   
step_01000 • [   0% ] waiting        2m26.0s   

running (07m05.0s), 0001/0390 VUs, 161225 complete and 0 interrupted iterations
step_00050 ✓ [ 100% ] 000/020 VUs    30s        50.00 iters/s
step_00100 ✓ [ 100% ] 000/020 VUs    30s        100.00 iters/s
step_00150 ✓ [ 100% ] 000/030 VUs    30s        150.00 iters/s
step_00200 ✓ [ 100% ] 000/040 VUs    30s        200.00 iters/s
step_00250 ✓ [ 100% ] 000/050 VUs    30s        250.00 iters/s
step_00300 ✓ [ 100% ] 000/060 VUs    30s        300.00 iters/s
step_00350 ✓ [ 100% ] 0000/0070 VUs  30s        350.00 iters/s
step_00400 ✓ [ 100% ] 0000/0080 VUs  30s        400.00 iters/s
step_00450 ✓ [ 100% ] 0000/0090 VUs  30s        450.00 iters/s
step_00500 ✓ [ 100% ] 0000/0100 VUs  30s        500.00 iters/s
step_00550 ✓ [ 100% ] 0000/0110 VUs  30s        550.00 iters/s
step_00600 ✓ [ 100% ] 0000/0120 VUs  30s        600.00 iters/s
step_00650 ✓ [ 100% ] 0000/0130 VUs  30s        650.00 iters/s
step_00700 ✓ [ 100% ] 0000/0140 VUs  30s        700.00 iters/s
step_00750   [  17% ] 0001/0150 VUs  05.0s/30s  750.00 iters/s
step_00800 • [   0% ] waiting        0m25.0s   
step_00850 • [   0% ] waiting        0m55.0s   
step_00900 • [   0% ] waiting        1m25.0s   
step_00950 • [   0% ] waiting        1m55.0s   
step_01000 • [   0% ] waiting        2m25.0s   

running (07m06.0s), 0001/0390 VUs, 161975 complete and 0 interrupted iterations
step_00050 ✓ [ 100% ] 000/020 VUs    30s        50.00 iters/s
step_00100 ✓ [ 100% ] 000/020 VUs    30s        100.00 iters/s
step_00150 ✓ [ 100% ] 000/030 VUs    30s        150.00 iters/s
step_00200 ✓ [ 100% ] 000/040 VUs    30s        200.00 iters/s
step_00250 ✓ [ 100% ] 000/050 VUs    30s        250.00 iters/s
step_00300 ✓ [ 100% ] 000/060 VUs    30s        300.00 iters/s
step_00350 ✓ [ 100% ] 0000/0070 VUs  30s        350.00 iters/s
step_00400 ✓ [ 100% ] 0000/0080 VUs  30s        400.00 iters/s
step_00450 ✓ [ 100% ] 0000/0090 VUs  30s        450.00 iters/s
step_00500 ✓ [ 100% ] 0000/0100 VUs  30s        500.00 iters/s
step_00550 ✓ [ 100% ] 0000/0110 VUs  30s        550.00 iters/s
step_00600 ✓ [ 100% ] 0000/0120 VUs  30s        600.00 iters/s
step_00650 ✓ [ 100% ] 0000/0130 VUs  30s        650.00 iters/s
step_00700 ✓ [ 100% ] 0000/0140 VUs  30s        700.00 iters/s
step_00750   [  20% ] 0001/0150 VUs  06.0s/30s  750.00 iters/s
step_00800 • [   0% ] waiting        0m24.0s   
step_00850 • [   0% ] waiting        0m54.0s   
step_00900 • [   0% ] waiting        1m24.0s   
step_00950 • [   0% ] waiting        1m54.0s   
step_01000 • [   0% ] waiting        2m24.0s   

running (07m07.0s), 0001/0390 VUs, 162725 complete and 0 interrupted iterations
step_00050 ✓ [ 100% ] 000/020 VUs    30s        50.00 iters/s
step_00100 ✓ [ 100% ] 000/020 VUs    30s        100.00 iters/s
step_00150 ✓ [ 100% ] 000/030 VUs    30s        150.00 iters/s
step_00200 ✓ [ 100% ] 000/040 VUs    30s        200.00 iters/s
step_00250 ✓ [ 100% ] 000/050 VUs    30s        250.00 iters/s
step_00300 ✓ [ 100% ] 000/060 VUs    30s        300.00 iters/s
step_00350 ✓ [ 100% ] 0000/0070 VUs  30s        350.00 iters/s
step_00400 ✓ [ 100% ] 0000/0080 VUs  30s        400.00 iters/s
step_00450 ✓ [ 100% ] 0000/0090 VUs  30s        450.00 iters/s
step_00500 ✓ [ 100% ] 0000/0100 VUs  30s        500.00 iters/s
step_00550 ✓ [ 100% ] 0000/0110 VUs  30s        550.00 iters/s
step_00600 ✓ [ 100% ] 0000/0120 VUs  30s        600.00 iters/s
step_00650 ✓ [ 100% ] 0000/0130 VUs  30s        650.00 iters/s
step_00700 ✓ [ 100% ] 0000/0140 VUs  30s        700.00 iters/s
step_00750   [  23% ] 0001/0150 VUs  07.0s/30s  750.00 iters/s
step_00800 • [   0% ] waiting        0m23.0s   
step_00850 • [   0% ] waiting        0m53.0s   
step_00900 • [   0% ] waiting        1m23.0s   
step_00950 • [   0% ] waiting        1m53.0s   
step_01000 • [   0% ] waiting        2m23.0s   

running (07m08.0s), 0001/0390 VUs, 163475 complete and 0 interrupted iterations
step_00050 ✓ [ 100% ] 000/020 VUs    30s        50.00 iters/s
step_00100 ✓ [ 100% ] 000/020 VUs    30s        100.00 iters/s
step_00150 ✓ [ 100% ] 000/030 VUs    30s        150.00 iters/s
step_00200 ✓ [ 100% ] 000/040 VUs    30s        200.00 iters/s
step_00250 ✓ [ 100% ] 000/050 VUs    30s        250.00 iters/s
step_00300 ✓ [ 100% ] 000/060 VUs    30s        300.00 iters/s
step_00350 ✓ [ 100% ] 0000/0070 VUs  30s        350.00 iters/s
step_00400 ✓ [ 100% ] 0000/0080 VUs  30s        400.00 iters/s
step_00450 ✓ [ 100% ] 0000/0090 VUs  30s        450.00 iters/s
step_00500 ✓ [ 100% ] 0000/0100 VUs  30s        500.00 iters/s
step_00550 ✓ [ 100% ] 0000/0110 VUs  30s        550.00 iters/s
step_00600 ✓ [ 100% ] 0000/0120 VUs  30s        600.00 iters/s
step_00650 ✓ [ 100% ] 0000/0130 VUs  30s        650.00 iters/s
step_00700 ✓ [ 100% ] 0000/0140 VUs  30s        700.00 iters/s
step_00750   [  27% ] 0001/0150 VUs  08.0s/30s  750.00 iters/s
step_00800 • [   0% ] waiting        0m22.0s   
step_00850 • [   0% ] waiting        0m52.0s   
step_00900 • [   0% ] waiting        1m22.0s   
step_00950 • [   0% ] waiting        1m52.0s   
step_01000 • [   0% ] waiting        2m22.0s   

running (07m09.0s), 0001/0390 VUs, 164225 complete and 0 interrupted iterations
step_00050 ✓ [ 100% ] 000/020 VUs    30s        50.00 iters/s
step_00100 ✓ [ 100% ] 000/020 VUs    30s        100.00 iters/s
step_00150 ✓ [ 100% ] 000/030 VUs    30s        150.00 iters/s
step_00200 ✓ [ 100% ] 000/040 VUs    30s        200.00 iters/s
step_00250 ✓ [ 100% ] 000/050 VUs    30s        250.00 iters/s
step_00300 ✓ [ 100% ] 000/060 VUs    30s        300.00 iters/s
step_00350 ✓ [ 100% ] 0000/0070 VUs  30s        350.00 iters/s
step_00400 ✓ [ 100% ] 0000/0080 VUs  30s        400.00 iters/s
step_00450 ✓ [ 100% ] 0000/0090 VUs  30s        450.00 iters/s
step_00500 ✓ [ 100% ] 0000/0100 VUs  30s        500.00 iters/s
step_00550 ✓ [ 100% ] 0000/0110 VUs  30s        550.00 iters/s
step_00600 ✓ [ 100% ] 0000/0120 VUs  30s        600.00 iters/s
step_00650 ✓ [ 100% ] 0000/0130 VUs  30s        650.00 iters/s
step_00700 ✓ [ 100% ] 0000/0140 VUs  30s        700.00 iters/s
step_00750   [  30% ] 0001/0150 VUs  09.0s/30s  750.00 iters/s
step_00800 • [   0% ] waiting        0m21.0s   
step_00850 • [   0% ] waiting        0m51.0s   
step_00900 • [   0% ] waiting        1m21.0s   
step_00950 • [   0% ] waiting        1m51.0s   
step_01000 • [   0% ] waiting        2m21.0s   

running (07m10.0s), 0001/0390 VUs, 164975 complete and 0 interrupted iterations
step_00050 ✓ [ 100% ] 000/020 VUs    30s        50.00 iters/s
step_00100 ✓ [ 100% ] 000/020 VUs    30s        100.00 iters/s
step_00150 ✓ [ 100% ] 000/030 VUs    30s        150.00 iters/s
step_00200 ✓ [ 100% ] 000/040 VUs    30s        200.00 iters/s
step_00250 ✓ [ 100% ] 000/050 VUs    30s        250.00 iters/s
step_00300 ✓ [ 100% ] 000/060 VUs    30s        300.00 iters/s
step_00350 ✓ [ 100% ] 0000/0070 VUs  30s        350.00 iters/s
step_00400 ✓ [ 100% ] 0000/0080 VUs  30s        400.00 iters/s
step_00450 ✓ [ 100% ] 0000/0090 VUs  30s        450.00 iters/s
step_00500 ✓ [ 100% ] 0000/0100 VUs  30s        500.00 iters/s
step_00550 ✓ [ 100% ] 0000/0110 VUs  30s        550.00 iters/s
step_00600 ✓ [ 100% ] 0000/0120 VUs  30s        600.00 iters/s
step_00650 ✓ [ 100% ] 0000/0130 VUs  30s        650.00 iters/s
step_00700 ✓ [ 100% ] 0000/0140 VUs  30s        700.00 iters/s
step_00750   [  33% ] 0001/0150 VUs  10.0s/30s  750.00 iters/s
step_00800 • [   0% ] waiting        0m20.0s   
step_00850 • [   0% ] waiting        0m50.0s   
step_00900 • [   0% ] waiting        1m20.0s   
step_00950 • [   0% ] waiting        1m50.0s   
step_01000 • [   0% ] waiting        2m20.0s   

running (07m11.0s), 0002/0390 VUs, 165724 complete and 0 interrupted iterations
step_00050 ✓ [ 100% ] 000/020 VUs    30s        50.00 iters/s
step_00100 ✓ [ 100% ] 000/020 VUs    30s        100.00 iters/s
step_00150 ✓ [ 100% ] 000/030 VUs    30s        150.00 iters/s
step_00200 ✓ [ 100% ] 000/040 VUs    30s        200.00 iters/s
step_00250 ✓ [ 100% ] 000/050 VUs    30s        250.00 iters/s
step_00300 ✓ [ 100% ] 000/060 VUs    30s        300.00 iters/s
step_00350 ✓ [ 100% ] 0000/0070 VUs  30s        350.00 iters/s
step_00400 ✓ [ 100% ] 0000/0080 VUs  30s        400.00 iters/s
step_00450 ✓ [ 100% ] 0000/0090 VUs  30s        450.00 iters/s
step_00500 ✓ [ 100% ] 0000/0100 VUs  30s        500.00 iters/s
step_00550 ✓ [ 100% ] 0000/0110 VUs  30s        550.00 iters/s
step_00600 ✓ [ 100% ] 0000/0120 VUs  30s        600.00 iters/s
step_00650 ✓ [ 100% ] 0000/0130 VUs  30s        650.00 iters/s
step_00700 ✓ [ 100% ] 0000/0140 VUs  30s        700.00 iters/s
step_00750   [  37% ] 0002/0150 VUs  11.0s/30s  750.00 iters/s
step_00800 • [   0% ] waiting        0m19.0s   
step_00850 • [   0% ] waiting        0m49.0s   
step_00900 • [   0% ] waiting        1m19.0s   
step_00950 • [   0% ] waiting        1m49.0s   
step_01000 • [   0% ] waiting        2m19.0s   

running (07m12.0s), 0001/0390 VUs, 166475 complete and 0 interrupted iterations
step_00050 ✓ [ 100% ] 000/020 VUs    30s        50.00 iters/s
step_00100 ✓ [ 100% ] 000/020 VUs    30s        100.00 iters/s
step_00150 ✓ [ 100% ] 000/030 VUs    30s        150.00 iters/s
step_00200 ✓ [ 100% ] 000/040 VUs    30s        200.00 iters/s
step_00250 ✓ [ 100% ] 000/050 VUs    30s        250.00 iters/s
step_00300 ✓ [ 100% ] 000/060 VUs    30s        300.00 iters/s
step_00350 ✓ [ 100% ] 0000/0070 VUs  30s        350.00 iters/s
step_00400 ✓ [ 100% ] 0000/0080 VUs  30s        400.00 iters/s
step_00450 ✓ [ 100% ] 0000/0090 VUs  30s        450.00 iters/s
step_00500 ✓ [ 100% ] 0000/0100 VUs  30s        500.00 iters/s
step_00550 ✓ [ 100% ] 0000/0110 VUs  30s        550.00 iters/s
step_00600 ✓ [ 100% ] 0000/0120 VUs  30s        600.00 iters/s
step_00650 ✓ [ 100% ] 0000/0130 VUs  30s        650.00 iters/s
step_00700 ✓ [ 100% ] 0000/0140 VUs  30s        700.00 iters/s
step_00750   [  40% ] 0001/0150 VUs  12.0s/30s  750.00 iters/s
step_00800 • [   0% ] waiting        0m18.0s   
step_00850 • [   0% ] waiting        0m48.0s   
step_00900 • [   0% ] waiting        1m18.0s   
step_00950 • [   0% ] waiting        1m48.0s   
step_01000 • [   0% ] waiting        2m18.0s   

running (07m13.0s), 0001/0390 VUs, 167225 complete and 0 interrupted iterations
step_00050 ✓ [ 100% ] 000/020 VUs    30s        50.00 iters/s
step_00100 ✓ [ 100% ] 000/020 VUs    30s        100.00 iters/s
step_00150 ✓ [ 100% ] 000/030 VUs    30s        150.00 iters/s
step_00200 ✓ [ 100% ] 000/040 VUs    30s        200.00 iters/s
step_00250 ✓ [ 100% ] 000/050 VUs    30s        250.00 iters/s
step_00300 ✓ [ 100% ] 000/060 VUs    30s        300.00 iters/s
step_00350 ✓ [ 100% ] 0000/0070 VUs  30s        350.00 iters/s
step_00400 ✓ [ 100% ] 0000/0080 VUs  30s        400.00 iters/s
step_00450 ✓ [ 100% ] 0000/0090 VUs  30s        450.00 iters/s
step_00500 ✓ [ 100% ] 0000/0100 VUs  30s        500.00 iters/s
step_00550 ✓ [ 100% ] 0000/0110 VUs  30s        550.00 iters/s
step_00600 ✓ [ 100% ] 0000/0120 VUs  30s        600.00 iters/s
step_00650 ✓ [ 100% ] 0000/0130 VUs  30s        650.00 iters/s
step_00700 ✓ [ 100% ] 0000/0140 VUs  30s        700.00 iters/s
step_00750   [  43% ] 0001/0150 VUs  13.0s/30s  750.00 iters/s
step_00800 • [   0% ] waiting        0m17.0s   
step_00850 • [   0% ] waiting        0m47.0s   
step_00900 • [   0% ] waiting        1m17.0s   
step_00950 • [   0% ] waiting        1m47.0s   
step_01000 • [   0% ] waiting        2m17.0s   

running (07m14.0s), 0001/0390 VUs, 167975 complete and 0 interrupted iterations
step_00050 ✓ [ 100% ] 000/020 VUs    30s        50.00 iters/s
step_00100 ✓ [ 100% ] 000/020 VUs    30s        100.00 iters/s
step_00150 ✓ [ 100% ] 000/030 VUs    30s        150.00 iters/s
step_00200 ✓ [ 100% ] 000/040 VUs    30s        200.00 iters/s
step_00250 ✓ [ 100% ] 000/050 VUs    30s        250.00 iters/s
step_00300 ✓ [ 100% ] 000/060 VUs    30s        300.00 iters/s
step_00350 ✓ [ 100% ] 0000/0070 VUs  30s        350.00 iters/s
step_00400 ✓ [ 100% ] 0000/0080 VUs  30s        400.00 iters/s
step_00450 ✓ [ 100% ] 0000/0090 VUs  30s        450.00 iters/s
step_00500 ✓ [ 100% ] 0000/0100 VUs  30s        500.00 iters/s
step_00550 ✓ [ 100% ] 0000/0110 VUs  30s        550.00 iters/s
step_00600 ✓ [ 100% ] 0000/0120 VUs  30s        600.00 iters/s
step_00650 ✓ [ 100% ] 0000/0130 VUs  30s        650.00 iters/s
step_00700 ✓ [ 100% ] 0000/0140 VUs  30s        700.00 iters/s
step_00750   [  47% ] 0001/0150 VUs  14.0s/30s  750.00 iters/s
step_00800 • [   0% ] waiting        0m16.0s   
step_00850 • [   0% ] waiting        0m46.0s   
step_00900 • [   0% ] waiting        1m16.0s   
step_00950 • [   0% ] waiting        1m46.0s   
step_01000 • [   0% ] waiting        2m16.0s   

running (07m15.0s), 0001/0390 VUs, 168725 complete and 0 interrupted iterations
step_00050 ✓ [ 100% ] 000/020 VUs    30s        50.00 iters/s
step_00100 ✓ [ 100% ] 000/020 VUs    30s        100.00 iters/s
step_00150 ✓ [ 100% ] 000/030 VUs    30s        150.00 iters/s
step_00200 ✓ [ 100% ] 000/040 VUs    30s        200.00 iters/s
step_00250 ✓ [ 100% ] 000/050 VUs    30s        250.00 iters/s
step_00300 ✓ [ 100% ] 000/060 VUs    30s        300.00 iters/s
step_00350 ✓ [ 100% ] 0000/0070 VUs  30s        350.00 iters/s
step_00400 ✓ [ 100% ] 0000/0080 VUs  30s        400.00 iters/s
step_00450 ✓ [ 100% ] 0000/0090 VUs  30s        450.00 iters/s
step_00500 ✓ [ 100% ] 0000/0100 VUs  30s        500.00 iters/s
step_00550 ✓ [ 100% ] 0000/0110 VUs  30s        550.00 iters/s
step_00600 ✓ [ 100% ] 0000/0120 VUs  30s        600.00 iters/s
step_00650 ✓ [ 100% ] 0000/0130 VUs  30s        650.00 iters/s
step_00700 ✓ [ 100% ] 0000/0140 VUs  30s        700.00 iters/s
step_00750   [  50% ] 0001/0150 VUs  15.0s/30s  750.00 iters/s
step_00800 • [   0% ] waiting        0m15.0s   
step_00850 • [   0% ] waiting        0m45.0s   
step_00900 • [   0% ] waiting        1m15.0s   
step_00950 • [   0% ] waiting        1m45.0s   
step_01000 • [   0% ] waiting        2m15.0s   

running (07m16.0s), 0001/0390 VUs, 169475 complete and 0 interrupted iterations
step_00050 ✓ [ 100% ] 000/020 VUs    30s        50.00 iters/s
step_00100 ✓ [ 100% ] 000/020 VUs    30s        100.00 iters/s
step_00150 ✓ [ 100% ] 000/030 VUs    30s        150.00 iters/s
step_00200 ✓ [ 100% ] 000/040 VUs    30s        200.00 iters/s
step_00250 ✓ [ 100% ] 000/050 VUs    30s        250.00 iters/s
step_00300 ✓ [ 100% ] 000/060 VUs    30s        300.00 iters/s
step_00350 ✓ [ 100% ] 0000/0070 VUs  30s        350.00 iters/s
step_00400 ✓ [ 100% ] 0000/0080 VUs  30s        400.00 iters/s
step_00450 ✓ [ 100% ] 0000/0090 VUs  30s        450.00 iters/s
step_00500 ✓ [ 100% ] 0000/0100 VUs  30s        500.00 iters/s
step_00550 ✓ [ 100% ] 0000/0110 VUs  30s        550.00 iters/s
step_00600 ✓ [ 100% ] 0000/0120 VUs  30s        600.00 iters/s
step_00650 ✓ [ 100% ] 0000/0130 VUs  30s        650.00 iters/s
step_00700 ✓ [ 100% ] 0000/0140 VUs  30s        700.00 iters/s
step_00750   [  53% ] 0001/0150 VUs  16.0s/30s  750.00 iters/s
step_00800 • [   0% ] waiting        0m14.0s   
step_00850 • [   0% ] waiting        0m44.0s   
step_00900 • [   0% ] waiting        1m14.0s   
step_00950 • [   0% ] waiting        1m44.0s   
step_01000 • [   0% ] waiting        2m14.0s   

running (07m17.0s), 0001/0390 VUs, 170225 complete and 0 interrupted iterations
step_00050 ✓ [ 100% ] 000/020 VUs    30s        50.00 iters/s
step_00100 ✓ [ 100% ] 000/020 VUs    30s        100.00 iters/s
step_00150 ✓ [ 100% ] 000/030 VUs    30s        150.00 iters/s
step_00200 ✓ [ 100% ] 000/040 VUs    30s        200.00 iters/s
step_00250 ✓ [ 100% ] 000/050 VUs    30s        250.00 iters/s
step_00300 ✓ [ 100% ] 000/060 VUs    30s        300.00 iters/s
step_00350 ✓ [ 100% ] 0000/0070 VUs  30s        350.00 iters/s
step_00400 ✓ [ 100% ] 0000/0080 VUs  30s        400.00 iters/s
step_00450 ✓ [ 100% ] 0000/0090 VUs  30s        450.00 iters/s
step_00500 ✓ [ 100% ] 0000/0100 VUs  30s        500.00 iters/s
step_00550 ✓ [ 100% ] 0000/0110 VUs  30s        550.00 iters/s
step_00600 ✓ [ 100% ] 0000/0120 VUs  30s        600.00 iters/s
step_00650 ✓ [ 100% ] 0000/0130 VUs  30s        650.00 iters/s
step_00700 ✓ [ 100% ] 0000/0140 VUs  30s        700.00 iters/s
step_00750   [  57% ] 0001/0150 VUs  17.0s/30s  750.00 iters/s
step_00800 • [   0% ] waiting        0m13.0s   
step_00850 • [   0% ] waiting        0m43.0s   
step_00900 • [   0% ] waiting        1m13.0s   
step_00950 • [   0% ] waiting        1m43.0s   
step_01000 • [   0% ] waiting        2m13.0s   

running (07m18.0s), 0002/0390 VUs, 170974 complete and 0 interrupted iterations
step_00050 ✓ [ 100% ] 000/020 VUs    30s        50.00 iters/s
step_00100 ✓ [ 100% ] 000/020 VUs    30s        100.00 iters/s
step_00150 ✓ [ 100% ] 000/030 VUs    30s        150.00 iters/s
step_00200 ✓ [ 100% ] 000/040 VUs    30s        200.00 iters/s
step_00250 ✓ [ 100% ] 000/050 VUs    30s        250.00 iters/s
step_00300 ✓ [ 100% ] 000/060 VUs    30s        300.00 iters/s
step_00350 ✓ [ 100% ] 0000/0070 VUs  30s        350.00 iters/s
step_00400 ✓ [ 100% ] 0000/0080 VUs  30s        400.00 iters/s
step_00450 ✓ [ 100% ] 0000/0090 VUs  30s        450.00 iters/s
step_00500 ✓ [ 100% ] 0000/0100 VUs  30s        500.00 iters/s
step_00550 ✓ [ 100% ] 0000/0110 VUs  30s        550.00 iters/s
step_00600 ✓ [ 100% ] 0000/0120 VUs  30s        600.00 iters/s
step_00650 ✓ [ 100% ] 0000/0130 VUs  30s        650.00 iters/s
step_00700 ✓ [ 100% ] 0000/0140 VUs  30s        700.00 iters/s
step_00750   [  60% ] 0002/0150 VUs  18.0s/30s  750.00 iters/s
step_00800 • [   0% ] waiting        0m12.0s   
step_00850 • [   0% ] waiting        0m42.0s   
step_00900 • [   0% ] waiting        1m12.0s   
step_00950 • [   0% ] waiting        1m42.0s   
step_01000 • [   0% ] waiting        2m12.0s   

running (07m19.0s), 0002/0390 VUs, 171724 complete and 0 interrupted iterations
step_00050 ✓ [ 100% ] 000/020 VUs    30s        50.00 iters/s
step_00100 ✓ [ 100% ] 000/020 VUs    30s        100.00 iters/s
step_00150 ✓ [ 100% ] 000/030 VUs    30s        150.00 iters/s
step_00200 ✓ [ 100% ] 000/040 VUs    30s        200.00 iters/s
step_00250 ✓ [ 100% ] 000/050 VUs    30s        250.00 iters/s
step_00300 ✓ [ 100% ] 000/060 VUs    30s        300.00 iters/s
step_00350 ✓ [ 100% ] 0000/0070 VUs  30s        350.00 iters/s
step_00400 ✓ [ 100% ] 0000/0080 VUs  30s        400.00 iters/s
step_00450 ✓ [ 100% ] 0000/0090 VUs  30s        450.00 iters/s
step_00500 ✓ [ 100% ] 0000/0100 VUs  30s        500.00 iters/s
step_00550 ✓ [ 100% ] 0000/0110 VUs  30s        550.00 iters/s
step_00600 ✓ [ 100% ] 0000/0120 VUs  30s        600.00 iters/s
step_00650 ✓ [ 100% ] 0000/0130 VUs  30s        650.00 iters/s
step_00700 ✓ [ 100% ] 0000/0140 VUs  30s        700.00 iters/s
step_00750   [  63% ] 0002/0150 VUs  19.0s/30s  750.00 iters/s
step_00800 • [   0% ] waiting        0m11.0s   
step_00850 • [   0% ] waiting        0m41.0s   
step_00900 • [   0% ] waiting        1m11.0s   
step_00950 • [   0% ] waiting        1m41.0s   
step_01000 • [   0% ] waiting        2m11.0s   

running (07m20.0s), 0001/0390 VUs, 172475 complete and 0 interrupted iterations
step_00050 ✓ [ 100% ] 000/020 VUs    30s        50.00 iters/s
step_00100 ✓ [ 100% ] 000/020 VUs    30s        100.00 iters/s
step_00150 ✓ [ 100% ] 000/030 VUs    30s        150.00 iters/s
step_00200 ✓ [ 100% ] 000/040 VUs    30s        200.00 iters/s
step_00250 ✓ [ 100% ] 000/050 VUs    30s        250.00 iters/s
step_00300 ✓ [ 100% ] 000/060 VUs    30s        300.00 iters/s
step_00350 ✓ [ 100% ] 0000/0070 VUs  30s        350.00 iters/s
step_00400 ✓ [ 100% ] 0000/0080 VUs  30s        400.00 iters/s
step_00450 ✓ [ 100% ] 0000/0090 VUs  30s        450.00 iters/s
step_00500 ✓ [ 100% ] 0000/0100 VUs  30s        500.00 iters/s
step_00550 ✓ [ 100% ] 0000/0110 VUs  30s        550.00 iters/s
step_00600 ✓ [ 100% ] 0000/0120 VUs  30s        600.00 iters/s
step_00650 ✓ [ 100% ] 0000/0130 VUs  30s        650.00 iters/s
step_00700 ✓ [ 100% ] 0000/0140 VUs  30s        700.00 iters/s
step_00750   [  67% ] 0001/0150 VUs  20.0s/30s  750.00 iters/s
step_00800 • [   0% ] waiting        0m10.0s   
step_00850 • [   0% ] waiting        0m40.0s   
step_00900 • [   0% ] waiting        1m10.0s   
step_00950 • [   0% ] waiting        1m40.0s   
step_01000 • [   0% ] waiting        2m10.0s   

running (07m21.0s), 0001/0390 VUs, 173225 complete and 0 interrupted iterations
step_00050 ✓ [ 100% ] 000/020 VUs    30s        50.00 iters/s
step_00100 ✓ [ 100% ] 000/020 VUs    30s        100.00 iters/s
step_00150 ✓ [ 100% ] 000/030 VUs    30s        150.00 iters/s
step_00200 ✓ [ 100% ] 000/040 VUs    30s        200.00 iters/s
step_00250 ✓ [ 100% ] 000/050 VUs    30s        250.00 iters/s
step_00300 ✓ [ 100% ] 000/060 VUs    30s        300.00 iters/s
step_00350 ✓ [ 100% ] 0000/0070 VUs  30s        350.00 iters/s
step_00400 ✓ [ 100% ] 0000/0080 VUs  30s        400.00 iters/s
step_00450 ✓ [ 100% ] 0000/0090 VUs  30s        450.00 iters/s
step_00500 ✓ [ 100% ] 0000/0100 VUs  30s        500.00 iters/s
step_00550 ✓ [ 100% ] 0000/0110 VUs  30s        550.00 iters/s
step_00600 ✓ [ 100% ] 0000/0120 VUs  30s        600.00 iters/s
step_00650 ✓ [ 100% ] 0000/0130 VUs  30s        650.00 iters/s
step_00700 ✓ [ 100% ] 0000/0140 VUs  30s        700.00 iters/s
step_00750   [  70% ] 0001/0150 VUs  21.0s/30s  750.00 iters/s
step_00800 • [   0% ] waiting        0m09.0s   
step_00850 • [   0% ] waiting        0m39.0s   
step_00900 • [   0% ] waiting        1m09.0s   
step_00950 • [   0% ] waiting        1m39.0s   
step_01000 • [   0% ] waiting        2m09.0s   

running (07m22.0s), 0001/0390 VUs, 173975 complete and 0 interrupted iterations
step_00050 ✓ [ 100% ] 000/020 VUs    30s        50.00 iters/s
step_00100 ✓ [ 100% ] 000/020 VUs    30s        100.00 iters/s
step_00150 ✓ [ 100% ] 000/030 VUs    30s        150.00 iters/s
step_00200 ✓ [ 100% ] 000/040 VUs    30s        200.00 iters/s
step_00250 ✓ [ 100% ] 000/050 VUs    30s        250.00 iters/s
step_00300 ✓ [ 100% ] 000/060 VUs    30s        300.00 iters/s
step_00350 ✓ [ 100% ] 0000/0070 VUs  30s        350.00 iters/s
step_00400 ✓ [ 100% ] 0000/0080 VUs  30s        400.00 iters/s
step_00450 ✓ [ 100% ] 0000/0090 VUs  30s        450.00 iters/s
step_00500 ✓ [ 100% ] 0000/0100 VUs  30s        500.00 iters/s
step_00550 ✓ [ 100% ] 0000/0110 VUs  30s        550.00 iters/s
step_00600 ✓ [ 100% ] 0000/0120 VUs  30s        600.00 iters/s
step_00650 ✓ [ 100% ] 0000/0130 VUs  30s        650.00 iters/s
step_00700 ✓ [ 100% ] 0000/0140 VUs  30s        700.00 iters/s
step_00750   [  73% ] 0001/0150 VUs  22.0s/30s  750.00 iters/s
step_00800 • [   0% ] waiting        0m08.0s   
step_00850 • [   0% ] waiting        0m38.0s   
step_00900 • [   0% ] waiting        1m08.0s   
step_00950 • [   0% ] waiting        1m38.0s   
step_01000 • [   0% ] waiting        2m08.0s   

running (07m23.0s), 0001/0390 VUs, 174725 complete and 0 interrupted iterations
step_00050 ✓ [ 100% ] 000/020 VUs    30s        50.00 iters/s
step_00100 ✓ [ 100% ] 000/020 VUs    30s        100.00 iters/s
step_00150 ✓ [ 100% ] 000/030 VUs    30s        150.00 iters/s
step_00200 ✓ [ 100% ] 000/040 VUs    30s        200.00 iters/s
step_00250 ✓ [ 100% ] 000/050 VUs    30s        250.00 iters/s
step_00300 ✓ [ 100% ] 000/060 VUs    30s        300.00 iters/s
step_00350 ✓ [ 100% ] 0000/0070 VUs  30s        350.00 iters/s
step_00400 ✓ [ 100% ] 0000/0080 VUs  30s        400.00 iters/s
step_00450 ✓ [ 100% ] 0000/0090 VUs  30s        450.00 iters/s
step_00500 ✓ [ 100% ] 0000/0100 VUs  30s        500.00 iters/s
step_00550 ✓ [ 100% ] 0000/0110 VUs  30s        550.00 iters/s
step_00600 ✓ [ 100% ] 0000/0120 VUs  30s        600.00 iters/s
step_00650 ✓ [ 100% ] 0000/0130 VUs  30s        650.00 iters/s
step_00700 ✓ [ 100% ] 0000/0140 VUs  30s        700.00 iters/s
step_00750   [  77% ] 0001/0150 VUs  23.0s/30s  750.00 iters/s
step_00800 • [   0% ] waiting        0m07.0s   
step_00850 • [   0% ] waiting        0m37.0s   
step_00900 • [   0% ] waiting        1m07.0s   
step_00950 • [   0% ] waiting        1m37.0s   
step_01000 • [   0% ] waiting        2m07.0s   

running (07m24.0s), 0001/0390 VUs, 175475 complete and 0 interrupted iterations
step_00050 ✓ [ 100% ] 000/020 VUs    30s        50.00 iters/s
step_00100 ✓ [ 100% ] 000/020 VUs    30s        100.00 iters/s
step_00150 ✓ [ 100% ] 000/030 VUs    30s        150.00 iters/s
step_00200 ✓ [ 100% ] 000/040 VUs    30s        200.00 iters/s
step_00250 ✓ [ 100% ] 000/050 VUs    30s        250.00 iters/s
step_00300 ✓ [ 100% ] 000/060 VUs    30s        300.00 iters/s
step_00350 ✓ [ 100% ] 0000/0070 VUs  30s        350.00 iters/s
step_00400 ✓ [ 100% ] 0000/0080 VUs  30s        400.00 iters/s
step_00450 ✓ [ 100% ] 0000/0090 VUs  30s        450.00 iters/s
step_00500 ✓ [ 100% ] 0000/0100 VUs  30s        500.00 iters/s
step_00550 ✓ [ 100% ] 0000/0110 VUs  30s        550.00 iters/s
step_00600 ✓ [ 100% ] 0000/0120 VUs  30s        600.00 iters/s
step_00650 ✓ [ 100% ] 0000/0130 VUs  30s        650.00 iters/s
step_00700 ✓ [ 100% ] 0000/0140 VUs  30s        700.00 iters/s
step_00750   [  80% ] 0001/0150 VUs  24.0s/30s  750.00 iters/s
step_00800 • [   0% ] waiting        0m06.0s   
step_00850 • [   0% ] waiting        0m36.0s   
step_00900 • [   0% ] waiting        1m06.0s   
step_00950 • [   0% ] waiting        1m36.0s   
step_01000 • [   0% ] waiting        2m06.0s   

running (07m25.0s), 0001/0390 VUs, 176225 complete and 0 interrupted iterations
step_00050 ✓ [ 100% ] 000/020 VUs    30s        50.00 iters/s
step_00100 ✓ [ 100% ] 000/020 VUs    30s        100.00 iters/s
step_00150 ✓ [ 100% ] 000/030 VUs    30s        150.00 iters/s
step_00200 ✓ [ 100% ] 000/040 VUs    30s        200.00 iters/s
step_00250 ✓ [ 100% ] 000/050 VUs    30s        250.00 iters/s
step_00300 ✓ [ 100% ] 000/060 VUs    30s        300.00 iters/s
step_00350 ✓ [ 100% ] 0000/0070 VUs  30s        350.00 iters/s
step_00400 ✓ [ 100% ] 0000/0080 VUs  30s        400.00 iters/s
step_00450 ✓ [ 100% ] 0000/0090 VUs  30s        450.00 iters/s
step_00500 ✓ [ 100% ] 0000/0100 VUs  30s        500.00 iters/s
step_00550 ✓ [ 100% ] 0000/0110 VUs  30s        550.00 iters/s
step_00600 ✓ [ 100% ] 0000/0120 VUs  30s        600.00 iters/s
step_00650 ✓ [ 100% ] 0000/0130 VUs  30s        650.00 iters/s
step_00700 ✓ [ 100% ] 0000/0140 VUs  30s        700.00 iters/s
step_00750   [  83% ] 0001/0150 VUs  25.0s/30s  750.00 iters/s
step_00800 • [   0% ] waiting        0m05.0s   
step_00850 • [   0% ] waiting        0m35.0s   
step_00900 • [   0% ] waiting        1m05.0s   
step_00950 • [   0% ] waiting        1m35.0s   
step_01000 • [   0% ] waiting        2m05.0s   

running (07m26.0s), 0002/0390 VUs, 176974 complete and 0 interrupted iterations
step_00050 ✓ [ 100% ] 000/020 VUs    30s        50.00 iters/s
step_00100 ✓ [ 100% ] 000/020 VUs    30s        100.00 iters/s
step_00150 ✓ [ 100% ] 000/030 VUs    30s        150.00 iters/s
step_00200 ✓ [ 100% ] 000/040 VUs    30s        200.00 iters/s
step_00250 ✓ [ 100% ] 000/050 VUs    30s        250.00 iters/s
step_00300 ✓ [ 100% ] 000/060 VUs    30s        300.00 iters/s
step_00350 ✓ [ 100% ] 0000/0070 VUs  30s        350.00 iters/s
step_00400 ✓ [ 100% ] 0000/0080 VUs  30s        400.00 iters/s
step_00450 ✓ [ 100% ] 0000/0090 VUs  30s        450.00 iters/s
step_00500 ✓ [ 100% ] 0000/0100 VUs  30s        500.00 iters/s
step_00550 ✓ [ 100% ] 0000/0110 VUs  30s        550.00 iters/s
step_00600 ✓ [ 100% ] 0000/0120 VUs  30s        600.00 iters/s
step_00650 ✓ [ 100% ] 0000/0130 VUs  30s        650.00 iters/s
step_00700 ✓ [ 100% ] 0000/0140 VUs  30s        700.00 iters/s
step_00750   [  87% ] 0002/0150 VUs  26.0s/30s  750.00 iters/s
step_00800 • [   0% ] waiting        0m04.0s   
step_00850 • [   0% ] waiting        0m34.0s   
step_00900 • [   0% ] waiting        1m04.0s   
step_00950 • [   0% ] waiting        1m34.0s   
step_01000 • [   0% ] waiting        2m04.0s   

running (07m27.0s), 0001/0390 VUs, 177725 complete and 0 interrupted iterations
step_00050 ✓ [ 100% ] 000/020 VUs    30s        50.00 iters/s
step_00100 ✓ [ 100% ] 000/020 VUs    30s        100.00 iters/s
step_00150 ✓ [ 100% ] 000/030 VUs    30s        150.00 iters/s
step_00200 ✓ [ 100% ] 000/040 VUs    30s        200.00 iters/s
step_00250 ✓ [ 100% ] 000/050 VUs    30s        250.00 iters/s
step_00300 ✓ [ 100% ] 000/060 VUs    30s        300.00 iters/s
step_00350 ✓ [ 100% ] 0000/0070 VUs  30s        350.00 iters/s
step_00400 ✓ [ 100% ] 0000/0080 VUs  30s        400.00 iters/s
step_00450 ✓ [ 100% ] 0000/0090 VUs  30s        450.00 iters/s
step_00500 ✓ [ 100% ] 0000/0100 VUs  30s        500.00 iters/s
step_00550 ✓ [ 100% ] 0000/0110 VUs  30s        550.00 iters/s
step_00600 ✓ [ 100% ] 0000/0120 VUs  30s        600.00 iters/s
step_00650 ✓ [ 100% ] 0000/0130 VUs  30s        650.00 iters/s
step_00700 ✓ [ 100% ] 0000/0140 VUs  30s        700.00 iters/s
step_00750   [  90% ] 0001/0150 VUs  27.0s/30s  750.00 iters/s
step_00800 • [   0% ] waiting        0m03.0s   
step_00850 • [   0% ] waiting        0m33.0s   
step_00900 • [   0% ] waiting        1m03.0s   
step_00950 • [   0% ] waiting        1m33.0s   
step_01000 • [   0% ] waiting        2m03.0s   

running (07m28.0s), 0001/0390 VUs, 178475 complete and 0 interrupted iterations
step_00050 ✓ [ 100% ] 000/020 VUs    30s        50.00 iters/s
step_00100 ✓ [ 100% ] 000/020 VUs    30s        100.00 iters/s
step_00150 ✓ [ 100% ] 000/030 VUs    30s        150.00 iters/s
step_00200 ✓ [ 100% ] 000/040 VUs    30s        200.00 iters/s
step_00250 ✓ [ 100% ] 000/050 VUs    30s        250.00 iters/s
step_00300 ✓ [ 100% ] 000/060 VUs    30s        300.00 iters/s
step_00350 ✓ [ 100% ] 0000/0070 VUs  30s        350.00 iters/s
step_00400 ✓ [ 100% ] 0000/0080 VUs  30s        400.00 iters/s
step_00450 ✓ [ 100% ] 0000/0090 VUs  30s        450.00 iters/s
step_00500 ✓ [ 100% ] 0000/0100 VUs  30s        500.00 iters/s
step_00550 ✓ [ 100% ] 0000/0110 VUs  30s        550.00 iters/s
step_00600 ✓ [ 100% ] 0000/0120 VUs  30s        600.00 iters/s
step_00650 ✓ [ 100% ] 0000/0130 VUs  30s        650.00 iters/s
step_00700 ✓ [ 100% ] 0000/0140 VUs  30s        700.00 iters/s
step_00750   [  93% ] 0001/0150 VUs  28.0s/30s  750.00 iters/s
step_00800 • [   0% ] waiting        0m02.0s   
step_00850 • [   0% ] waiting        0m32.0s   
step_00900 • [   0% ] waiting        1m02.0s   
step_00950 • [   0% ] waiting        1m32.0s   
step_01000 • [   0% ] waiting        2m02.0s   

running (07m29.0s), 0002/0390 VUs, 179224 complete and 0 interrupted iterations
step_00050 ✓ [ 100% ] 000/020 VUs    30s        50.00 iters/s
step_00100 ✓ [ 100% ] 000/020 VUs    30s        100.00 iters/s
step_00150 ✓ [ 100% ] 000/030 VUs    30s        150.00 iters/s
step_00200 ✓ [ 100% ] 000/040 VUs    30s        200.00 iters/s
step_00250 ✓ [ 100% ] 000/050 VUs    30s        250.00 iters/s
step_00300 ✓ [ 100% ] 000/060 VUs    30s        300.00 iters/s
step_00350 ✓ [ 100% ] 0000/0070 VUs  30s        350.00 iters/s
step_00400 ✓ [ 100% ] 0000/0080 VUs  30s        400.00 iters/s
step_00450 ✓ [ 100% ] 0000/0090 VUs  30s        450.00 iters/s
step_00500 ✓ [ 100% ] 0000/0100 VUs  30s        500.00 iters/s
step_00550 ✓ [ 100% ] 0000/0110 VUs  30s        550.00 iters/s
step_00600 ✓ [ 100% ] 0000/0120 VUs  30s        600.00 iters/s
step_00650 ✓ [ 100% ] 0000/0130 VUs  30s        650.00 iters/s
step_00700 ✓ [ 100% ] 0000/0140 VUs  30s        700.00 iters/s
step_00750   [  97% ] 0001/0150 VUs  29.0s/30s  750.00 iters/s
step_00800 • [   0% ] waiting        0m01.0s   
step_00850 • [   0% ] waiting        0m31.0s   
step_00900 • [   0% ] waiting        1m01.0s   
step_00950 • [   0% ] waiting        1m31.0s   
step_01000 • [   0% ] waiting        2m01.0s   

running (07m30.0s), 0001/0390 VUs, 179975 complete and 0 interrupted iterations
step_00050 ✓ [ 100% ] 000/020 VUs    30s        50.00 iters/s
step_00100 ✓ [ 100% ] 000/020 VUs    30s        100.00 iters/s
step_00150 ✓ [ 100% ] 000/030 VUs    30s        150.00 iters/s
step_00200 ✓ [ 100% ] 000/040 VUs    30s        200.00 iters/s
step_00250 ✓ [ 100% ] 000/050 VUs    30s        250.00 iters/s
step_00300 ✓ [ 100% ] 000/060 VUs    30s        300.00 iters/s
step_00350 ✓ [ 100% ] 0000/0070 VUs  30s        350.00 iters/s
step_00400 ✓ [ 100% ] 0000/0080 VUs  30s        400.00 iters/s
step_00450 ✓ [ 100% ] 0000/0090 VUs  30s        450.00 iters/s
step_00500 ✓ [ 100% ] 0000/0100 VUs  30s        500.00 iters/s
step_00550 ✓ [ 100% ] 0000/0110 VUs  30s        550.00 iters/s
step_00600 ✓ [ 100% ] 0000/0120 VUs  30s        600.00 iters/s
step_00650 ✓ [ 100% ] 0000/0130 VUs  30s        650.00 iters/s
step_00700 ✓ [ 100% ] 0000/0140 VUs  30s        700.00 iters/s
step_00750   [ 100% ] 0001/0150 VUs  30.0s/30s  750.00 iters/s
step_00800 • [   0% ] waiting        0m00.0s   
step_00850 • [   0% ] waiting        0m30.0s   
step_00900 • [   0% ] waiting        1m00.0s   
step_00950 • [   0% ] waiting        1m30.0s   
step_01000 • [   0% ] waiting        2m00.0s   

running (07m31.0s), 0002/0390 VUs, 180773 complete and 0 interrupted iterations
step_00050 ✓ [ 100% ] 000/020 VUs    30s        50.00 iters/s
step_00100 ✓ [ 100% ] 000/020 VUs    30s        100.00 iters/s
step_00150 ✓ [ 100% ] 000/030 VUs    30s        150.00 iters/s
step_00200 ✓ [ 100% ] 000/040 VUs    30s        200.00 iters/s
step_00250 ✓ [ 100% ] 000/050 VUs    30s        250.00 iters/s
step_00300 ✓ [ 100% ] 000/060 VUs    30s        300.00 iters/s
step_00350 ✓ [ 100% ] 0000/0070 VUs  30s        350.00 iters/s
step_00400 ✓ [ 100% ] 0000/0080 VUs  30s        400.00 iters/s
step_00450 ✓ [ 100% ] 0000/0090 VUs  30s        450.00 iters/s
step_00500 ✓ [ 100% ] 0000/0100 VUs  30s        500.00 iters/s
step_00550 ✓ [ 100% ] 0000/0110 VUs  30s        550.00 iters/s
step_00600 ✓ [ 100% ] 0000/0120 VUs  30s        600.00 iters/s
step_00650 ✓ [ 100% ] 0000/0130 VUs  30s        650.00 iters/s
step_00700 ✓ [ 100% ] 0000/0140 VUs  30s        700.00 iters/s
step_00750 ✓ [ 100% ] 0000/0150 VUs  30s        750.00 iters/s
step_00800   [   3% ] 0002/0160 VUs  01.0s/30s  800.00 iters/s
step_00850 • [   0% ] waiting        0m29.0s   
step_00900 • [   0% ] waiting        0m59.0s   
step_00950 • [   0% ] waiting        1m29.0s   
step_01000 • [   0% ] waiting        1m59.0s   

running (07m32.0s), 0002/0390 VUs, 181573 complete and 0 interrupted iterations
step_00050 ✓ [ 100% ] 000/020 VUs    30s        50.00 iters/s
step_00100 ✓ [ 100% ] 000/020 VUs    30s        100.00 iters/s
step_00150 ✓ [ 100% ] 000/030 VUs    30s        150.00 iters/s
step_00200 ✓ [ 100% ] 000/040 VUs    30s        200.00 iters/s
step_00250 ✓ [ 100% ] 000/050 VUs    30s        250.00 iters/s
step_00300 ✓ [ 100% ] 000/060 VUs    30s        300.00 iters/s
step_00350 ✓ [ 100% ] 0000/0070 VUs  30s        350.00 iters/s
step_00400 ✓ [ 100% ] 0000/0080 VUs  30s        400.00 iters/s
step_00450 ✓ [ 100% ] 0000/0090 VUs  30s        450.00 iters/s
step_00500 ✓ [ 100% ] 0000/0100 VUs  30s        500.00 iters/s
step_00550 ✓ [ 100% ] 0000/0110 VUs  30s        550.00 iters/s
step_00600 ✓ [ 100% ] 0000/0120 VUs  30s        600.00 iters/s
step_00650 ✓ [ 100% ] 0000/0130 VUs  30s        650.00 iters/s
step_00700 ✓ [ 100% ] 0000/0140 VUs  30s        700.00 iters/s
step_00750 ✓ [ 100% ] 0000/0150 VUs  30s        750.00 iters/s
step_00800   [   7% ] 0001/0160 VUs  02.0s/30s  800.00 iters/s
step_00850 • [   0% ] waiting        0m28.0s   
step_00900 • [   0% ] waiting        0m58.0s   
step_00950 • [   0% ] waiting        1m28.0s   
step_01000 • [   0% ] waiting        1m58.0s   

running (07m33.0s), 0002/0390 VUs, 182373 complete and 0 interrupted iterations
step_00050 ✓ [ 100% ] 000/020 VUs    30s        50.00 iters/s
step_00100 ✓ [ 100% ] 000/020 VUs    30s        100.00 iters/s
step_00150 ✓ [ 100% ] 000/030 VUs    30s        150.00 iters/s
step_00200 ✓ [ 100% ] 000/040 VUs    30s        200.00 iters/s
step_00250 ✓ [ 100% ] 000/050 VUs    30s        250.00 iters/s
step_00300 ✓ [ 100% ] 000/060 VUs    30s        300.00 iters/s
step_00350 ✓ [ 100% ] 0000/0070 VUs  30s        350.00 iters/s
step_00400 ✓ [ 100% ] 0000/0080 VUs  30s        400.00 iters/s
step_00450 ✓ [ 100% ] 0000/0090 VUs  30s        450.00 iters/s
step_00500 ✓ [ 100% ] 0000/0100 VUs  30s        500.00 iters/s
step_00550 ✓ [ 100% ] 0000/0110 VUs  30s        550.00 iters/s
step_00600 ✓ [ 100% ] 0000/0120 VUs  30s        600.00 iters/s
step_00650 ✓ [ 100% ] 0000/0130 VUs  30s        650.00 iters/s
step_00700 ✓ [ 100% ] 0000/0140 VUs  30s        700.00 iters/s
step_00750 ✓ [ 100% ] 0000/0150 VUs  30s        750.00 iters/s
step_00800   [  10% ] 0001/0160 VUs  03.0s/30s  800.00 iters/s
step_00850 • [   0% ] waiting        0m27.0s   
step_00900 • [   0% ] waiting        0m57.0s   
step_00950 • [   0% ] waiting        1m27.0s   
step_01000 • [   0% ] waiting        1m57.0s   

running (07m34.0s), 0003/0390 VUs, 183172 complete and 0 interrupted iterations
step_00050 ✓ [ 100% ] 000/020 VUs    30s        50.00 iters/s
step_00100 ✓ [ 100% ] 000/020 VUs    30s        100.00 iters/s
step_00150 ✓ [ 100% ] 000/030 VUs    30s        150.00 iters/s
step_00200 ✓ [ 100% ] 000/040 VUs    30s        200.00 iters/s
step_00250 ✓ [ 100% ] 000/050 VUs    30s        250.00 iters/s
step_00300 ✓ [ 100% ] 000/060 VUs    30s        300.00 iters/s
step_00350 ✓ [ 100% ] 0000/0070 VUs  30s        350.00 iters/s
step_00400 ✓ [ 100% ] 0000/0080 VUs  30s        400.00 iters/s
step_00450 ✓ [ 100% ] 0000/0090 VUs  30s        450.00 iters/s
step_00500 ✓ [ 100% ] 0000/0100 VUs  30s        500.00 iters/s
step_00550 ✓ [ 100% ] 0000/0110 VUs  30s        550.00 iters/s
step_00600 ✓ [ 100% ] 0000/0120 VUs  30s        600.00 iters/s
step_00650 ✓ [ 100% ] 0000/0130 VUs  30s        650.00 iters/s
step_00700 ✓ [ 100% ] 0000/0140 VUs  30s        700.00 iters/s
step_00750 ✓ [ 100% ] 0000/0150 VUs  30s        750.00 iters/s
step_00800   [  13% ] 0003/0160 VUs  04.0s/30s  800.00 iters/s
step_00850 • [   0% ] waiting        0m26.0s   
step_00900 • [   0% ] waiting        0m56.0s   
step_00950 • [   0% ] waiting        1m26.0s   
step_01000 • [   0% ] waiting        1m56.0s   

running (07m35.0s), 0001/0390 VUs, 183974 complete and 0 interrupted iterations
step_00050 ✓ [ 100% ] 000/020 VUs    30s        50.00 iters/s
step_00100 ✓ [ 100% ] 000/020 VUs    30s        100.00 iters/s
step_00150 ✓ [ 100% ] 000/030 VUs    30s        150.00 iters/s
step_00200 ✓ [ 100% ] 000/040 VUs    30s        200.00 iters/s
step_00250 ✓ [ 100% ] 000/050 VUs    30s        250.00 iters/s
step_00300 ✓ [ 100% ] 000/060 VUs    30s        300.00 iters/s
step_00350 ✓ [ 100% ] 0000/0070 VUs  30s        350.00 iters/s
step_00400 ✓ [ 100% ] 0000/0080 VUs  30s        400.00 iters/s
step_00450 ✓ [ 100% ] 0000/0090 VUs  30s        450.00 iters/s
step_00500 ✓ [ 100% ] 0000/0100 VUs  30s        500.00 iters/s
step_00550 ✓ [ 100% ] 0000/0110 VUs  30s        550.00 iters/s
step_00600 ✓ [ 100% ] 0000/0120 VUs  30s        600.00 iters/s
step_00650 ✓ [ 100% ] 0000/0130 VUs  30s        650.00 iters/s
step_00700 ✓ [ 100% ] 0000/0140 VUs  30s        700.00 iters/s
step_00750 ✓ [ 100% ] 0000/0150 VUs  30s        750.00 iters/s
step_00800   [  17% ] 0001/0160 VUs  05.0s/30s  800.00 iters/s
step_00850 • [   0% ] waiting        0m25.0s   
step_00900 • [   0% ] waiting        0m55.0s   
step_00950 • [   0% ] waiting        1m25.0s   
step_01000 • [   0% ] waiting        1m55.0s   

running (07m36.0s), 0015/0390 VUs, 184760 complete and 0 interrupted iterations
step_00050 ✓ [ 100% ] 000/020 VUs    30s        50.00 iters/s
step_00100 ✓ [ 100% ] 000/020 VUs    30s        100.00 iters/s
step_00150 ✓ [ 100% ] 000/030 VUs    30s        150.00 iters/s
step_00200 ✓ [ 100% ] 000/040 VUs    30s        200.00 iters/s
step_00250 ✓ [ 100% ] 000/050 VUs    30s        250.00 iters/s
step_00300 ✓ [ 100% ] 000/060 VUs    30s        300.00 iters/s
step_00350 ✓ [ 100% ] 0000/0070 VUs  30s        350.00 iters/s
step_00400 ✓ [ 100% ] 0000/0080 VUs  30s        400.00 iters/s
step_00450 ✓ [ 100% ] 0000/0090 VUs  30s        450.00 iters/s
step_00500 ✓ [ 100% ] 0000/0100 VUs  30s        500.00 iters/s
step_00550 ✓ [ 100% ] 0000/0110 VUs  30s        550.00 iters/s
step_00600 ✓ [ 100% ] 0000/0120 VUs  30s        600.00 iters/s
step_00650 ✓ [ 100% ] 0000/0130 VUs  30s        650.00 iters/s
step_00700 ✓ [ 100% ] 0000/0140 VUs  30s        700.00 iters/s
step_00750 ✓ [ 100% ] 0000/0150 VUs  30s        750.00 iters/s
step_00800   [  20% ] 0015/0160 VUs  06.0s/30s  800.00 iters/s
step_00850 • [   0% ] waiting        0m24.0s   
step_00900 • [   0% ] waiting        0m54.0s   
step_00950 • [   0% ] waiting        1m24.0s   
step_01000 • [   0% ] waiting        1m54.0s   

running (07m37.0s), 0002/0390 VUs, 185573 complete and 0 interrupted iterations
step_00050 ✓ [ 100% ] 000/020 VUs    30s        50.00 iters/s
step_00100 ✓ [ 100% ] 000/020 VUs    30s        100.00 iters/s
step_00150 ✓ [ 100% ] 000/030 VUs    30s        150.00 iters/s
step_00200 ✓ [ 100% ] 000/040 VUs    30s        200.00 iters/s
step_00250 ✓ [ 100% ] 000/050 VUs    30s        250.00 iters/s
step_00300 ✓ [ 100% ] 000/060 VUs    30s        300.00 iters/s
step_00350 ✓ [ 100% ] 0000/0070 VUs  30s        350.00 iters/s
step_00400 ✓ [ 100% ] 0000/0080 VUs  30s        400.00 iters/s
step_00450 ✓ [ 100% ] 0000/0090 VUs  30s        450.00 iters/s
step_00500 ✓ [ 100% ] 0000/0100 VUs  30s        500.00 iters/s
step_00550 ✓ [ 100% ] 0000/0110 VUs  30s        550.00 iters/s
step_00600 ✓ [ 100% ] 0000/0120 VUs  30s        600.00 iters/s
step_00650 ✓ [ 100% ] 0000/0130 VUs  30s        650.00 iters/s
step_00700 ✓ [ 100% ] 0000/0140 VUs  30s        700.00 iters/s
step_00750 ✓ [ 100% ] 0000/0150 VUs  30s        750.00 iters/s
step_00800   [  23% ] 0002/0160 VUs  07.0s/30s  800.00 iters/s
step_00850 • [   0% ] waiting        0m23.0s   
step_00900 • [   0% ] waiting        0m53.0s   
step_00950 • [   0% ] waiting        1m23.0s   
step_01000 • [   0% ] waiting        1m53.0s   

running (07m38.0s), 0001/0390 VUs, 186374 complete and 0 interrupted iterations
step_00050 ✓ [ 100% ] 000/020 VUs    30s        50.00 iters/s
step_00100 ✓ [ 100% ] 000/020 VUs    30s        100.00 iters/s
step_00150 ✓ [ 100% ] 000/030 VUs    30s        150.00 iters/s
step_00200 ✓ [ 100% ] 000/040 VUs    30s        200.00 iters/s
step_00250 ✓ [ 100% ] 000/050 VUs    30s        250.00 iters/s
step_00300 ✓ [ 100% ] 000/060 VUs    30s        300.00 iters/s
step_00350 ✓ [ 100% ] 0000/0070 VUs  30s        350.00 iters/s
step_00400 ✓ [ 100% ] 0000/0080 VUs  30s        400.00 iters/s
step_00450 ✓ [ 100% ] 0000/0090 VUs  30s        450.00 iters/s
step_00500 ✓ [ 100% ] 0000/0100 VUs  30s        500.00 iters/s
step_00550 ✓ [ 100% ] 0000/0110 VUs  30s        550.00 iters/s
step_00600 ✓ [ 100% ] 0000/0120 VUs  30s        600.00 iters/s
step_00650 ✓ [ 100% ] 0000/0130 VUs  30s        650.00 iters/s
step_00700 ✓ [ 100% ] 0000/0140 VUs  30s        700.00 iters/s
step_00750 ✓ [ 100% ] 0000/0150 VUs  30s        750.00 iters/s
step_00800   [  27% ] 0001/0160 VUs  08.0s/30s  800.00 iters/s
step_00850 • [   0% ] waiting        0m22.0s   
step_00900 • [   0% ] waiting        0m52.0s   
step_00950 • [   0% ] waiting        1m22.0s   
step_01000 • [   0% ] waiting        1m52.0s   

running (07m39.0s), 0001/0390 VUs, 187174 complete and 0 interrupted iterations
step_00050 ✓ [ 100% ] 000/020 VUs    30s        50.00 iters/s
step_00100 ✓ [ 100% ] 000/020 VUs    30s        100.00 iters/s
step_00150 ✓ [ 100% ] 000/030 VUs    30s        150.00 iters/s
step_00200 ✓ [ 100% ] 000/040 VUs    30s        200.00 iters/s
step_00250 ✓ [ 100% ] 000/050 VUs    30s        250.00 iters/s
step_00300 ✓ [ 100% ] 000/060 VUs    30s        300.00 iters/s
step_00350 ✓ [ 100% ] 0000/0070 VUs  30s        350.00 iters/s
step_00400 ✓ [ 100% ] 0000/0080 VUs  30s        400.00 iters/s
step_00450 ✓ [ 100% ] 0000/0090 VUs  30s        450.00 iters/s
step_00500 ✓ [ 100% ] 0000/0100 VUs  30s        500.00 iters/s
step_00550 ✓ [ 100% ] 0000/0110 VUs  30s        550.00 iters/s
step_00600 ✓ [ 100% ] 0000/0120 VUs  30s        600.00 iters/s
step_00650 ✓ [ 100% ] 0000/0130 VUs  30s        650.00 iters/s
step_00700 ✓ [ 100% ] 0000/0140 VUs  30s        700.00 iters/s
step_00750 ✓ [ 100% ] 0000/0150 VUs  30s        750.00 iters/s
step_00800   [  30% ] 0001/0160 VUs  09.0s/30s  800.00 iters/s
step_00850 • [   0% ] waiting        0m21.0s   
step_00900 • [   0% ] waiting        0m51.0s   
step_00950 • [   0% ] waiting        1m21.0s   
step_01000 • [   0% ] waiting        1m51.0s   

running (07m40.0s), 0001/0390 VUs, 187974 complete and 0 interrupted iterations
step_00050 ✓ [ 100% ] 000/020 VUs    30s        50.00 iters/s
step_00100 ✓ [ 100% ] 000/020 VUs    30s        100.00 iters/s
step_00150 ✓ [ 100% ] 000/030 VUs    30s        150.00 iters/s
step_00200 ✓ [ 100% ] 000/040 VUs    30s        200.00 iters/s
step_00250 ✓ [ 100% ] 000/050 VUs    30s        250.00 iters/s
step_00300 ✓ [ 100% ] 000/060 VUs    30s        300.00 iters/s
step_00350 ✓ [ 100% ] 0000/0070 VUs  30s        350.00 iters/s
step_00400 ✓ [ 100% ] 0000/0080 VUs  30s        400.00 iters/s
step_00450 ✓ [ 100% ] 0000/0090 VUs  30s        450.00 iters/s
step_00500 ✓ [ 100% ] 0000/0100 VUs  30s        500.00 iters/s
step_00550 ✓ [ 100% ] 0000/0110 VUs  30s        550.00 iters/s
step_00600 ✓ [ 100% ] 0000/0120 VUs  30s        600.00 iters/s
step_00650 ✓ [ 100% ] 0000/0130 VUs  30s        650.00 iters/s
step_00700 ✓ [ 100% ] 0000/0140 VUs  30s        700.00 iters/s
step_00750 ✓ [ 100% ] 0000/0150 VUs  30s        750.00 iters/s
step_00800   [  33% ] 0001/0160 VUs  10.0s/30s  800.00 iters/s
step_00850 • [   0% ] waiting        0m20.0s   
step_00900 • [   0% ] waiting        0m50.0s   
step_00950 • [   0% ] waiting        1m20.0s   
step_01000 • [   0% ] waiting        1m50.0s   

running (07m41.0s), 0002/0390 VUs, 188773 complete and 0 interrupted iterations
step_00050 ✓ [ 100% ] 000/020 VUs    30s        50.00 iters/s
step_00100 ✓ [ 100% ] 000/020 VUs    30s        100.00 iters/s
step_00150 ✓ [ 100% ] 000/030 VUs    30s        150.00 iters/s
step_00200 ✓ [ 100% ] 000/040 VUs    30s        200.00 iters/s
step_00250 ✓ [ 100% ] 000/050 VUs    30s        250.00 iters/s
step_00300 ✓ [ 100% ] 000/060 VUs    30s        300.00 iters/s
step_00350 ✓ [ 100% ] 0000/0070 VUs  30s        350.00 iters/s
step_00400 ✓ [ 100% ] 0000/0080 VUs  30s        400.00 iters/s
step_00450 ✓ [ 100% ] 0000/0090 VUs  30s        450.00 iters/s
step_00500 ✓ [ 100% ] 0000/0100 VUs  30s        500.00 iters/s
step_00550 ✓ [ 100% ] 0000/0110 VUs  30s        550.00 iters/s
step_00600 ✓ [ 100% ] 0000/0120 VUs  30s        600.00 iters/s
step_00650 ✓ [ 100% ] 0000/0130 VUs  30s        650.00 iters/s
step_00700 ✓ [ 100% ] 0000/0140 VUs  30s        700.00 iters/s
step_00750 ✓ [ 100% ] 0000/0150 VUs  30s        750.00 iters/s
step_00800   [  37% ] 0002/0160 VUs  11.0s/30s  800.00 iters/s
step_00850 • [   0% ] waiting        0m19.0s   
step_00900 • [   0% ] waiting        0m49.0s   
step_00950 • [   0% ] waiting        1m19.0s   
step_01000 • [   0% ] waiting        1m49.0s   

running (07m42.0s), 0002/0390 VUs, 189573 complete and 0 interrupted iterations
step_00050 ✓ [ 100% ] 000/020 VUs    30s        50.00 iters/s
step_00100 ✓ [ 100% ] 000/020 VUs    30s        100.00 iters/s
step_00150 ✓ [ 100% ] 000/030 VUs    30s        150.00 iters/s
step_00200 ✓ [ 100% ] 000/040 VUs    30s        200.00 iters/s
step_00250 ✓ [ 100% ] 000/050 VUs    30s        250.00 iters/s
step_00300 ✓ [ 100% ] 000/060 VUs    30s        300.00 iters/s
step_00350 ✓ [ 100% ] 0000/0070 VUs  30s        350.00 iters/s
step_00400 ✓ [ 100% ] 0000/0080 VUs  30s        400.00 iters/s
step_00450 ✓ [ 100% ] 0000/0090 VUs  30s        450.00 iters/s
step_00500 ✓ [ 100% ] 0000/0100 VUs  30s        500.00 iters/s
step_00550 ✓ [ 100% ] 0000/0110 VUs  30s        550.00 iters/s
step_00600 ✓ [ 100% ] 0000/0120 VUs  30s        600.00 iters/s
step_00650 ✓ [ 100% ] 0000/0130 VUs  30s        650.00 iters/s
step_00700 ✓ [ 100% ] 0000/0140 VUs  30s        700.00 iters/s
step_00750 ✓ [ 100% ] 0000/0150 VUs  30s        750.00 iters/s
step_00800   [  40% ] 0002/0160 VUs  12.0s/30s  800.00 iters/s
step_00850 • [   0% ] waiting        0m18.0s   
step_00900 • [   0% ] waiting        0m48.0s   
step_00950 • [   0% ] waiting        1m18.0s   
step_01000 • [   0% ] waiting        1m48.0s   

running (07m43.0s), 0001/0390 VUs, 190373 complete and 0 interrupted iterations
step_00050 ✓ [ 100% ] 000/020 VUs    30s        50.00 iters/s
step_00100 ✓ [ 100% ] 000/020 VUs    30s        100.00 iters/s
step_00150 ✓ [ 100% ] 000/030 VUs    30s        150.00 iters/s
step_00200 ✓ [ 100% ] 000/040 VUs    30s        200.00 iters/s
step_00250 ✓ [ 100% ] 000/050 VUs    30s        250.00 iters/s
step_00300 ✓ [ 100% ] 000/060 VUs    30s        300.00 iters/s
step_00350 ✓ [ 100% ] 0000/0070 VUs  30s        350.00 iters/s
step_00400 ✓ [ 100% ] 0000/0080 VUs  30s        400.00 iters/s
step_00450 ✓ [ 100% ] 0000/0090 VUs  30s        450.00 iters/s
step_00500 ✓ [ 100% ] 0000/0100 VUs  30s        500.00 iters/s
step_00550 ✓ [ 100% ] 0000/0110 VUs  30s        550.00 iters/s
step_00600 ✓ [ 100% ] 0000/0120 VUs  30s        600.00 iters/s
step_00650 ✓ [ 100% ] 0000/0130 VUs  30s        650.00 iters/s
step_00700 ✓ [ 100% ] 0000/0140 VUs  30s        700.00 iters/s
step_00750 ✓ [ 100% ] 0000/0150 VUs  30s        750.00 iters/s
step_00800   [  43% ] 0001/0160 VUs  13.0s/30s  800.00 iters/s
step_00850 • [   0% ] waiting        0m17.0s   
step_00900 • [   0% ] waiting        0m47.0s   
step_00950 • [   0% ] waiting        1m17.0s   
step_01000 • [   0% ] waiting        1m47.0s   

running (07m44.0s), 0002/0390 VUs, 191173 complete and 0 interrupted iterations
step_00050 ✓ [ 100% ] 000/020 VUs    30s        50.00 iters/s
step_00100 ✓ [ 100% ] 000/020 VUs    30s        100.00 iters/s
step_00150 ✓ [ 100% ] 000/030 VUs    30s        150.00 iters/s
step_00200 ✓ [ 100% ] 000/040 VUs    30s        200.00 iters/s
step_00250 ✓ [ 100% ] 000/050 VUs    30s        250.00 iters/s
step_00300 ✓ [ 100% ] 000/060 VUs    30s        300.00 iters/s
step_00350 ✓ [ 100% ] 0000/0070 VUs  30s        350.00 iters/s
step_00400 ✓ [ 100% ] 0000/0080 VUs  30s        400.00 iters/s
step_00450 ✓ [ 100% ] 0000/0090 VUs  30s        450.00 iters/s
step_00500 ✓ [ 100% ] 0000/0100 VUs  30s        500.00 iters/s
step_00550 ✓ [ 100% ] 0000/0110 VUs  30s        550.00 iters/s
step_00600 ✓ [ 100% ] 0000/0120 VUs  30s        600.00 iters/s
step_00650 ✓ [ 100% ] 0000/0130 VUs  30s        650.00 iters/s
step_00700 ✓ [ 100% ] 0000/0140 VUs  30s        700.00 iters/s
step_00750 ✓ [ 100% ] 0000/0150 VUs  30s        750.00 iters/s
step_00800   [  47% ] 0002/0160 VUs  14.0s/30s  800.00 iters/s
step_00850 • [   0% ] waiting        0m16.0s   
step_00900 • [   0% ] waiting        0m46.0s   
step_00950 • [   0% ] waiting        1m16.0s   
step_01000 • [   0% ] waiting        1m46.0s   

running (07m45.0s), 0001/0390 VUs, 191973 complete and 0 interrupted iterations
step_00050 ✓ [ 100% ] 000/020 VUs    30s        50.00 iters/s
step_00100 ✓ [ 100% ] 000/020 VUs    30s        100.00 iters/s
step_00150 ✓ [ 100% ] 000/030 VUs    30s        150.00 iters/s
step_00200 ✓ [ 100% ] 000/040 VUs    30s        200.00 iters/s
step_00250 ✓ [ 100% ] 000/050 VUs    30s        250.00 iters/s
step_00300 ✓ [ 100% ] 000/060 VUs    30s        300.00 iters/s
step_00350 ✓ [ 100% ] 0000/0070 VUs  30s        350.00 iters/s
step_00400 ✓ [ 100% ] 0000/0080 VUs  30s        400.00 iters/s
step_00450 ✓ [ 100% ] 0000/0090 VUs  30s        450.00 iters/s
step_00500 ✓ [ 100% ] 0000/0100 VUs  30s        500.00 iters/s
step_00550 ✓ [ 100% ] 0000/0110 VUs  30s        550.00 iters/s
step_00600 ✓ [ 100% ] 0000/0120 VUs  30s        600.00 iters/s
step_00650 ✓ [ 100% ] 0000/0130 VUs  30s        650.00 iters/s
step_00700 ✓ [ 100% ] 0000/0140 VUs  30s        700.00 iters/s
step_00750 ✓ [ 100% ] 0000/0150 VUs  30s        750.00 iters/s
step_00800   [  50% ] 0001/0160 VUs  15.0s/30s  800.00 iters/s
step_00850 • [   0% ] waiting        0m15.0s   
step_00900 • [   0% ] waiting        0m45.0s   
step_00950 • [   0% ] waiting        1m15.0s   
step_01000 • [   0% ] waiting        1m45.0s   

running (07m46.0s), 0001/0390 VUs, 192773 complete and 0 interrupted iterations
step_00050 ✓ [ 100% ] 000/020 VUs    30s        50.00 iters/s
step_00100 ✓ [ 100% ] 000/020 VUs    30s        100.00 iters/s
step_00150 ✓ [ 100% ] 000/030 VUs    30s        150.00 iters/s
step_00200 ✓ [ 100% ] 000/040 VUs    30s        200.00 iters/s
step_00250 ✓ [ 100% ] 000/050 VUs    30s        250.00 iters/s
step_00300 ✓ [ 100% ] 000/060 VUs    30s        300.00 iters/s
step_00350 ✓ [ 100% ] 0000/0070 VUs  30s        350.00 iters/s
step_00400 ✓ [ 100% ] 0000/0080 VUs  30s        400.00 iters/s
step_00450 ✓ [ 100% ] 0000/0090 VUs  30s        450.00 iters/s
step_00500 ✓ [ 100% ] 0000/0100 VUs  30s        500.00 iters/s
step_00550 ✓ [ 100% ] 0000/0110 VUs  30s        550.00 iters/s
step_00600 ✓ [ 100% ] 0000/0120 VUs  30s        600.00 iters/s
step_00650 ✓ [ 100% ] 0000/0130 VUs  30s        650.00 iters/s
step_00700 ✓ [ 100% ] 0000/0140 VUs  30s        700.00 iters/s
step_00750 ✓ [ 100% ] 0000/0150 VUs  30s        750.00 iters/s
step_00800   [  53% ] 0002/0160 VUs  16.0s/30s  800.00 iters/s
step_00850 • [   0% ] waiting        0m14.0s   
step_00900 • [   0% ] waiting        0m44.0s   
step_00950 • [   0% ] waiting        1m14.0s   
step_01000 • [   0% ] waiting        1m44.0s   

running (07m47.0s), 0002/0390 VUs, 193573 complete and 0 interrupted iterations
step_00050 ✓ [ 100% ] 000/020 VUs    30s        50.00 iters/s
step_00100 ✓ [ 100% ] 000/020 VUs    30s        100.00 iters/s
step_00150 ✓ [ 100% ] 000/030 VUs    30s        150.00 iters/s
step_00200 ✓ [ 100% ] 000/040 VUs    30s        200.00 iters/s
step_00250 ✓ [ 100% ] 000/050 VUs    30s        250.00 iters/s
step_00300 ✓ [ 100% ] 000/060 VUs    30s        300.00 iters/s
step_00350 ✓ [ 100% ] 0000/0070 VUs  30s        350.00 iters/s
step_00400 ✓ [ 100% ] 0000/0080 VUs  30s        400.00 iters/s
step_00450 ✓ [ 100% ] 0000/0090 VUs  30s        450.00 iters/s
step_00500 ✓ [ 100% ] 0000/0100 VUs  30s        500.00 iters/s
step_00550 ✓ [ 100% ] 0000/0110 VUs  30s        550.00 iters/s
step_00600 ✓ [ 100% ] 0000/0120 VUs  30s        600.00 iters/s
step_00650 ✓ [ 100% ] 0000/0130 VUs  30s        650.00 iters/s
step_00700 ✓ [ 100% ] 0000/0140 VUs  30s        700.00 iters/s
step_00750 ✓ [ 100% ] 0000/0150 VUs  30s        750.00 iters/s
step_00800   [  57% ] 0002/0160 VUs  17.0s/30s  800.00 iters/s
step_00850 • [   0% ] waiting        0m13.0s   
step_00900 • [   0% ] waiting        0m43.0s   
step_00950 • [   0% ] waiting        1m13.0s   
step_01000 • [   0% ] waiting        1m43.0s   

running (07m48.0s), 0001/0390 VUs, 194374 complete and 0 interrupted iterations
step_00050 ✓ [ 100% ] 000/020 VUs    30s        50.00 iters/s
step_00100 ✓ [ 100% ] 000/020 VUs    30s        100.00 iters/s
step_00150 ✓ [ 100% ] 000/030 VUs    30s        150.00 iters/s
step_00200 ✓ [ 100% ] 000/040 VUs    30s        200.00 iters/s
step_00250 ✓ [ 100% ] 000/050 VUs    30s        250.00 iters/s
step_00300 ✓ [ 100% ] 000/060 VUs    30s        300.00 iters/s
step_00350 ✓ [ 100% ] 0000/0070 VUs  30s        350.00 iters/s
step_00400 ✓ [ 100% ] 0000/0080 VUs  30s        400.00 iters/s
step_00450 ✓ [ 100% ] 0000/0090 VUs  30s        450.00 iters/s
step_00500 ✓ [ 100% ] 0000/0100 VUs  30s        500.00 iters/s
step_00550 ✓ [ 100% ] 0000/0110 VUs  30s        550.00 iters/s
step_00600 ✓ [ 100% ] 0000/0120 VUs  30s        600.00 iters/s
step_00650 ✓ [ 100% ] 0000/0130 VUs  30s        650.00 iters/s
step_00700 ✓ [ 100% ] 0000/0140 VUs  30s        700.00 iters/s
step_00750 ✓ [ 100% ] 0000/0150 VUs  30s        750.00 iters/s
step_00800   [  60% ] 0001/0160 VUs  18.0s/30s  800.00 iters/s
step_00850 • [   0% ] waiting        0m12.0s   
step_00900 • [   0% ] waiting        0m42.0s   
step_00950 • [   0% ] waiting        1m12.0s   
step_01000 • [   0% ] waiting        1m42.0s   

running (07m49.0s), 0002/0390 VUs, 195173 complete and 0 interrupted iterations
step_00050 ✓ [ 100% ] 000/020 VUs    30s        50.00 iters/s
step_00100 ✓ [ 100% ] 000/020 VUs    30s        100.00 iters/s
step_00150 ✓ [ 100% ] 000/030 VUs    30s        150.00 iters/s
step_00200 ✓ [ 100% ] 000/040 VUs    30s        200.00 iters/s
step_00250 ✓ [ 100% ] 000/050 VUs    30s        250.00 iters/s
step_00300 ✓ [ 100% ] 000/060 VUs    30s        300.00 iters/s
step_00350 ✓ [ 100% ] 0000/0070 VUs  30s        350.00 iters/s
step_00400 ✓ [ 100% ] 0000/0080 VUs  30s        400.00 iters/s
step_00450 ✓ [ 100% ] 0000/0090 VUs  30s        450.00 iters/s
step_00500 ✓ [ 100% ] 0000/0100 VUs  30s        500.00 iters/s
step_00550 ✓ [ 100% ] 0000/0110 VUs  30s        550.00 iters/s
step_00600 ✓ [ 100% ] 0000/0120 VUs  30s        600.00 iters/s
step_00650 ✓ [ 100% ] 0000/0130 VUs  30s        650.00 iters/s
step_00700 ✓ [ 100% ] 0000/0140 VUs  30s        700.00 iters/s
step_00750 ✓ [ 100% ] 0000/0150 VUs  30s        750.00 iters/s
step_00800   [  63% ] 0001/0160 VUs  19.0s/30s  800.00 iters/s
step_00850 • [   0% ] waiting        0m11.0s   
step_00900 • [   0% ] waiting        0m41.0s   
step_00950 • [   0% ] waiting        1m11.0s   
step_01000 • [   0% ] waiting        1m41.0s   

running (07m50.0s), 0001/0390 VUs, 195973 complete and 0 interrupted iterations
step_00050 ✓ [ 100% ] 000/020 VUs    30s        50.00 iters/s
step_00100 ✓ [ 100% ] 000/020 VUs    30s        100.00 iters/s
step_00150 ✓ [ 100% ] 000/030 VUs    30s        150.00 iters/s
step_00200 ✓ [ 100% ] 000/040 VUs    30s        200.00 iters/s
step_00250 ✓ [ 100% ] 000/050 VUs    30s        250.00 iters/s
step_00300 ✓ [ 100% ] 000/060 VUs    30s        300.00 iters/s
step_00350 ✓ [ 100% ] 0000/0070 VUs  30s        350.00 iters/s
step_00400 ✓ [ 100% ] 0000/0080 VUs  30s        400.00 iters/s
step_00450 ✓ [ 100% ] 0000/0090 VUs  30s        450.00 iters/s
step_00500 ✓ [ 100% ] 0000/0100 VUs  30s        500.00 iters/s
step_00550 ✓ [ 100% ] 0000/0110 VUs  30s        550.00 iters/s
step_00600 ✓ [ 100% ] 0000/0120 VUs  30s        600.00 iters/s
step_00650 ✓ [ 100% ] 0000/0130 VUs  30s        650.00 iters/s
step_00700 ✓ [ 100% ] 0000/0140 VUs  30s        700.00 iters/s
step_00750 ✓ [ 100% ] 0000/0150 VUs  30s        750.00 iters/s
step_00800   [  67% ] 0002/0160 VUs  20.0s/30s  800.00 iters/s
step_00850 • [   0% ] waiting        0m10.0s   
step_00900 • [   0% ] waiting        0m40.0s   
step_00950 • [   0% ] waiting        1m10.0s   
step_01000 • [   0% ] waiting        1m40.0s   

running (07m51.0s), 0001/0390 VUs, 196773 complete and 0 interrupted iterations
step_00050 ✓ [ 100% ] 000/020 VUs    30s        50.00 iters/s
step_00100 ✓ [ 100% ] 000/020 VUs    30s        100.00 iters/s
step_00150 ✓ [ 100% ] 000/030 VUs    30s        150.00 iters/s
step_00200 ✓ [ 100% ] 000/040 VUs    30s        200.00 iters/s
step_00250 ✓ [ 100% ] 000/050 VUs    30s        250.00 iters/s
step_00300 ✓ [ 100% ] 000/060 VUs    30s        300.00 iters/s
step_00350 ✓ [ 100% ] 0000/0070 VUs  30s        350.00 iters/s
step_00400 ✓ [ 100% ] 0000/0080 VUs  30s        400.00 iters/s
step_00450 ✓ [ 100% ] 0000/0090 VUs  30s        450.00 iters/s
step_00500 ✓ [ 100% ] 0000/0100 VUs  30s        500.00 iters/s
step_00550 ✓ [ 100% ] 0000/0110 VUs  30s        550.00 iters/s
step_00600 ✓ [ 100% ] 0000/0120 VUs  30s        600.00 iters/s
step_00650 ✓ [ 100% ] 0000/0130 VUs  30s        650.00 iters/s
step_00700 ✓ [ 100% ] 0000/0140 VUs  30s        700.00 iters/s
step_00750 ✓ [ 100% ] 0000/0150 VUs  30s        750.00 iters/s
step_00800   [  70% ] 0002/0160 VUs  21.0s/30s  800.00 iters/s
step_00850 • [   0% ] waiting        0m09.0s   
step_00900 • [   0% ] waiting        0m39.0s   
step_00950 • [   0% ] waiting        1m09.0s   
step_01000 • [   0% ] waiting        1m39.0s   

running (07m52.0s), 0001/0390 VUs, 197574 complete and 0 interrupted iterations
step_00050 ✓ [ 100% ] 000/020 VUs    30s        50.00 iters/s
step_00100 ✓ [ 100% ] 000/020 VUs    30s        100.00 iters/s
step_00150 ✓ [ 100% ] 000/030 VUs    30s        150.00 iters/s
step_00200 ✓ [ 100% ] 000/040 VUs    30s        200.00 iters/s
step_00250 ✓ [ 100% ] 000/050 VUs    30s        250.00 iters/s
step_00300 ✓ [ 100% ] 000/060 VUs    30s        300.00 iters/s
step_00350 ✓ [ 100% ] 0000/0070 VUs  30s        350.00 iters/s
step_00400 ✓ [ 100% ] 0000/0080 VUs  30s        400.00 iters/s
step_00450 ✓ [ 100% ] 0000/0090 VUs  30s        450.00 iters/s
step_00500 ✓ [ 100% ] 0000/0100 VUs  30s        500.00 iters/s
step_00550 ✓ [ 100% ] 0000/0110 VUs  30s        550.00 iters/s
step_00600 ✓ [ 100% ] 0000/0120 VUs  30s        600.00 iters/s
step_00650 ✓ [ 100% ] 0000/0130 VUs  30s        650.00 iters/s
step_00700 ✓ [ 100% ] 0000/0140 VUs  30s        700.00 iters/s
step_00750 ✓ [ 100% ] 0000/0150 VUs  30s        750.00 iters/s
step_00800   [  73% ] 0001/0160 VUs  22.0s/30s  800.00 iters/s
step_00850 • [   0% ] waiting        0m08.0s   
step_00900 • [   0% ] waiting        0m38.0s   
step_00950 • [   0% ] waiting        1m08.0s   
step_01000 • [   0% ] waiting        1m38.0s   

running (07m53.0s), 0002/0390 VUs, 198373 complete and 0 interrupted iterations
step_00050 ✓ [ 100% ] 000/020 VUs    30s        50.00 iters/s
step_00100 ✓ [ 100% ] 000/020 VUs    30s        100.00 iters/s
step_00150 ✓ [ 100% ] 000/030 VUs    30s        150.00 iters/s
step_00200 ✓ [ 100% ] 000/040 VUs    30s        200.00 iters/s
step_00250 ✓ [ 100% ] 000/050 VUs    30s        250.00 iters/s
step_00300 ✓ [ 100% ] 000/060 VUs    30s        300.00 iters/s
step_00350 ✓ [ 100% ] 0000/0070 VUs  30s        350.00 iters/s
step_00400 ✓ [ 100% ] 0000/0080 VUs  30s        400.00 iters/s
step_00450 ✓ [ 100% ] 0000/0090 VUs  30s        450.00 iters/s
step_00500 ✓ [ 100% ] 0000/0100 VUs  30s        500.00 iters/s
step_00550 ✓ [ 100% ] 0000/0110 VUs  30s        550.00 iters/s
step_00600 ✓ [ 100% ] 0000/0120 VUs  30s        600.00 iters/s
step_00650 ✓ [ 100% ] 0000/0130 VUs  30s        650.00 iters/s
step_00700 ✓ [ 100% ] 0000/0140 VUs  30s        700.00 iters/s
step_00750 ✓ [ 100% ] 0000/0150 VUs  30s        750.00 iters/s
step_00800   [  77% ] 0002/0160 VUs  23.0s/30s  800.00 iters/s
step_00850 • [   0% ] waiting        0m07.0s   
step_00900 • [   0% ] waiting        0m37.0s   
step_00950 • [   0% ] waiting        1m07.0s   
step_01000 • [   0% ] waiting        1m37.0s   

running (07m54.0s), 0002/0390 VUs, 199173 complete and 0 interrupted iterations
step_00050 ✓ [ 100% ] 000/020 VUs    30s        50.00 iters/s
step_00100 ✓ [ 100% ] 000/020 VUs    30s        100.00 iters/s
step_00150 ✓ [ 100% ] 000/030 VUs    30s        150.00 iters/s
step_00200 ✓ [ 100% ] 000/040 VUs    30s        200.00 iters/s
step_00250 ✓ [ 100% ] 000/050 VUs    30s        250.00 iters/s
step_00300 ✓ [ 100% ] 000/060 VUs    30s        300.00 iters/s
step_00350 ✓ [ 100% ] 0000/0070 VUs  30s        350.00 iters/s
step_00400 ✓ [ 100% ] 0000/0080 VUs  30s        400.00 iters/s
step_00450 ✓ [ 100% ] 0000/0090 VUs  30s        450.00 iters/s
step_00500 ✓ [ 100% ] 0000/0100 VUs  30s        500.00 iters/s
step_00550 ✓ [ 100% ] 0000/0110 VUs  30s        550.00 iters/s
step_00600 ✓ [ 100% ] 0000/0120 VUs  30s        600.00 iters/s
step_00650 ✓ [ 100% ] 0000/0130 VUs  30s        650.00 iters/s
step_00700 ✓ [ 100% ] 0000/0140 VUs  30s        700.00 iters/s
step_00750 ✓ [ 100% ] 0000/0150 VUs  30s        750.00 iters/s
step_00800   [  80% ] 0002/0160 VUs  24.0s/30s  800.00 iters/s
step_00850 • [   0% ] waiting        0m06.0s   
step_00900 • [   0% ] waiting        0m36.0s   
step_00950 • [   0% ] waiting        1m06.0s   
step_01000 • [   0% ] waiting        1m36.0s   

running (07m55.0s), 0001/0390 VUs, 199974 complete and 0 interrupted iterations
step_00050 ✓ [ 100% ] 000/020 VUs    30s        50.00 iters/s
step_00100 ✓ [ 100% ] 000/020 VUs    30s        100.00 iters/s
step_00150 ✓ [ 100% ] 000/030 VUs    30s        150.00 iters/s
step_00200 ✓ [ 100% ] 000/040 VUs    30s        200.00 iters/s
step_00250 ✓ [ 100% ] 000/050 VUs    30s        250.00 iters/s
step_00300 ✓ [ 100% ] 000/060 VUs    30s        300.00 iters/s
step_00350 ✓ [ 100% ] 0000/0070 VUs  30s        350.00 iters/s
step_00400 ✓ [ 100% ] 0000/0080 VUs  30s        400.00 iters/s
step_00450 ✓ [ 100% ] 0000/0090 VUs  30s        450.00 iters/s
step_00500 ✓ [ 100% ] 0000/0100 VUs  30s        500.00 iters/s
step_00550 ✓ [ 100% ] 0000/0110 VUs  30s        550.00 iters/s
step_00600 ✓ [ 100% ] 0000/0120 VUs  30s        600.00 iters/s
step_00650 ✓ [ 100% ] 0000/0130 VUs  30s        650.00 iters/s
step_00700 ✓ [ 100% ] 0000/0140 VUs  30s        700.00 iters/s
step_00750 ✓ [ 100% ] 0000/0150 VUs  30s        750.00 iters/s
step_00800   [  83% ] 0001/0160 VUs  25.0s/30s  800.00 iters/s
step_00850 • [   0% ] waiting        0m05.0s   
step_00900 • [   0% ] waiting        0m35.0s   
step_00950 • [   0% ] waiting        1m05.0s   
step_01000 • [   0% ] waiting        1m35.0s   

running (07m56.0s), 0002/0390 VUs, 200773 complete and 0 interrupted iterations
step_00050 ✓ [ 100% ] 000/020 VUs    30s        50.00 iters/s
step_00100 ✓ [ 100% ] 000/020 VUs    30s        100.00 iters/s
step_00150 ✓ [ 100% ] 000/030 VUs    30s        150.00 iters/s
step_00200 ✓ [ 100% ] 000/040 VUs    30s        200.00 iters/s
step_00250 ✓ [ 100% ] 000/050 VUs    30s        250.00 iters/s
step_00300 ✓ [ 100% ] 000/060 VUs    30s        300.00 iters/s
step_00350 ✓ [ 100% ] 0000/0070 VUs  30s        350.00 iters/s
step_00400 ✓ [ 100% ] 0000/0080 VUs  30s        400.00 iters/s
step_00450 ✓ [ 100% ] 0000/0090 VUs  30s        450.00 iters/s
step_00500 ✓ [ 100% ] 0000/0100 VUs  30s        500.00 iters/s
step_00550 ✓ [ 100% ] 0000/0110 VUs  30s        550.00 iters/s
step_00600 ✓ [ 100% ] 0000/0120 VUs  30s        600.00 iters/s
step_00650 ✓ [ 100% ] 0000/0130 VUs  30s        650.00 iters/s
step_00700 ✓ [ 100% ] 0000/0140 VUs  30s        700.00 iters/s
step_00750 ✓ [ 100% ] 0000/0150 VUs  30s        750.00 iters/s
step_00800   [  87% ] 0002/0160 VUs  26.0s/30s  800.00 iters/s
step_00850 • [   0% ] waiting        0m04.0s   
step_00900 • [   0% ] waiting        0m34.0s   
step_00950 • [   0% ] waiting        1m04.0s   
step_01000 • [   0% ] waiting        1m34.0s   

running (07m57.0s), 0001/0390 VUs, 201574 complete and 0 interrupted iterations
step_00050 ✓ [ 100% ] 000/020 VUs    30s        50.00 iters/s
step_00100 ✓ [ 100% ] 000/020 VUs    30s        100.00 iters/s
step_00150 ✓ [ 100% ] 000/030 VUs    30s        150.00 iters/s
step_00200 ✓ [ 100% ] 000/040 VUs    30s        200.00 iters/s
step_00250 ✓ [ 100% ] 000/050 VUs    30s        250.00 iters/s
step_00300 ✓ [ 100% ] 000/060 VUs    30s        300.00 iters/s
step_00350 ✓ [ 100% ] 0000/0070 VUs  30s        350.00 iters/s
step_00400 ✓ [ 100% ] 0000/0080 VUs  30s        400.00 iters/s
step_00450 ✓ [ 100% ] 0000/0090 VUs  30s        450.00 iters/s
step_00500 ✓ [ 100% ] 0000/0100 VUs  30s        500.00 iters/s
step_00550 ✓ [ 100% ] 0000/0110 VUs  30s        550.00 iters/s
step_00600 ✓ [ 100% ] 0000/0120 VUs  30s        600.00 iters/s
step_00650 ✓ [ 100% ] 0000/0130 VUs  30s        650.00 iters/s
step_00700 ✓ [ 100% ] 0000/0140 VUs  30s        700.00 iters/s
step_00750 ✓ [ 100% ] 0000/0150 VUs  30s        750.00 iters/s
step_00800   [  90% ] 0001/0160 VUs  27.0s/30s  800.00 iters/s
step_00850 • [   0% ] waiting        0m03.0s   
step_00900 • [   0% ] waiting        0m33.0s   
step_00950 • [   0% ] waiting        1m03.0s   
step_01000 • [   0% ] waiting        1m33.0s   

running (07m58.0s), 0015/0390 VUs, 202360 complete and 0 interrupted iterations
step_00050 ✓ [ 100% ] 000/020 VUs    30s        50.00 iters/s
step_00100 ✓ [ 100% ] 000/020 VUs    30s        100.00 iters/s
step_00150 ✓ [ 100% ] 000/030 VUs    30s        150.00 iters/s
step_00200 ✓ [ 100% ] 000/040 VUs    30s        200.00 iters/s
step_00250 ✓ [ 100% ] 000/050 VUs    30s        250.00 iters/s
step_00300 ✓ [ 100% ] 000/060 VUs    30s        300.00 iters/s
step_00350 ✓ [ 100% ] 0000/0070 VUs  30s        350.00 iters/s
step_00400 ✓ [ 100% ] 0000/0080 VUs  30s        400.00 iters/s
step_00450 ✓ [ 100% ] 0000/0090 VUs  30s        450.00 iters/s
step_00500 ✓ [ 100% ] 0000/0100 VUs  30s        500.00 iters/s
step_00550 ✓ [ 100% ] 0000/0110 VUs  30s        550.00 iters/s
step_00600 ✓ [ 100% ] 0000/0120 VUs  30s        600.00 iters/s
step_00650 ✓ [ 100% ] 0000/0130 VUs  30s        650.00 iters/s
step_00700 ✓ [ 100% ] 0000/0140 VUs  30s        700.00 iters/s
step_00750 ✓ [ 100% ] 0000/0150 VUs  30s        750.00 iters/s
step_00800   [  93% ] 0015/0160 VUs  28.0s/30s  800.00 iters/s
step_00850 • [   0% ] waiting        0m02.0s   
step_00900 • [   0% ] waiting        0m32.0s   
step_00950 • [   0% ] waiting        1m02.0s   
step_01000 • [   0% ] waiting        1m32.0s   

running (07m59.0s), 0002/0390 VUs, 203173 complete and 0 interrupted iterations
step_00050 ✓ [ 100% ] 000/020 VUs    30s        50.00 iters/s
step_00100 ✓ [ 100% ] 000/020 VUs    30s        100.00 iters/s
step_00150 ✓ [ 100% ] 000/030 VUs    30s        150.00 iters/s
step_00200 ✓ [ 100% ] 000/040 VUs    30s        200.00 iters/s
step_00250 ✓ [ 100% ] 000/050 VUs    30s        250.00 iters/s
step_00300 ✓ [ 100% ] 000/060 VUs    30s        300.00 iters/s
step_00350 ✓ [ 100% ] 0000/0070 VUs  30s        350.00 iters/s
step_00400 ✓ [ 100% ] 0000/0080 VUs  30s        400.00 iters/s
step_00450 ✓ [ 100% ] 0000/0090 VUs  30s        450.00 iters/s
step_00500 ✓ [ 100% ] 0000/0100 VUs  30s        500.00 iters/s
step_00550 ✓ [ 100% ] 0000/0110 VUs  30s        550.00 iters/s
step_00600 ✓ [ 100% ] 0000/0120 VUs  30s        600.00 iters/s
step_00650 ✓ [ 100% ] 0000/0130 VUs  30s        650.00 iters/s
step_00700 ✓ [ 100% ] 0000/0140 VUs  30s        700.00 iters/s
step_00750 ✓ [ 100% ] 0000/0150 VUs  30s        750.00 iters/s
step_00800   [  97% ] 0002/0160 VUs  29.0s/30s  800.00 iters/s
step_00850 • [   0% ] waiting        0m01.0s   
step_00900 • [   0% ] waiting        0m31.0s   
step_00950 • [   0% ] waiting        1m01.0s   
step_01000 • [   0% ] waiting        1m31.0s   

running (08m00.0s), 0002/0390 VUs, 203973 complete and 0 interrupted iterations
step_00050 ✓ [ 100% ] 000/020 VUs    30s        50.00 iters/s
step_00100 ✓ [ 100% ] 000/020 VUs    30s        100.00 iters/s
step_00150 ✓ [ 100% ] 000/030 VUs    30s        150.00 iters/s
step_00200 ✓ [ 100% ] 000/040 VUs    30s        200.00 iters/s
step_00250 ✓ [ 100% ] 000/050 VUs    30s        250.00 iters/s
step_00300 ✓ [ 100% ] 000/060 VUs    30s        300.00 iters/s
step_00350 ✓ [ 100% ] 0000/0070 VUs  30s        350.00 iters/s
step_00400 ✓ [ 100% ] 0000/0080 VUs  30s        400.00 iters/s
step_00450 ✓ [ 100% ] 0000/0090 VUs  30s        450.00 iters/s
step_00500 ✓ [ 100% ] 0000/0100 VUs  30s        500.00 iters/s
step_00550 ✓ [ 100% ] 0000/0110 VUs  30s        550.00 iters/s
step_00600 ✓ [ 100% ] 0000/0120 VUs  30s        600.00 iters/s
step_00650 ✓ [ 100% ] 0000/0130 VUs  30s        650.00 iters/s
step_00700 ✓ [ 100% ] 0000/0140 VUs  30s        700.00 iters/s
step_00750 ✓ [ 100% ] 0000/0150 VUs  30s        750.00 iters/s
step_00800   [ 100% ] 0002/0160 VUs  30.0s/30s  800.00 iters/s
step_00850 • [   0% ] waiting        0m00.0s   
step_00900 • [   0% ] waiting        0m30.0s   
step_00950 • [   0% ] waiting        1m00.0s   
step_01000 • [   0% ] waiting        1m30.0s   

running (08m01.0s), 0002/0390 VUs, 204821 complete and 0 interrupted iterations
step_00050 ✓ [ 100% ] 000/020 VUs    30s        50.00 iters/s
step_00100 ✓ [ 100% ] 000/020 VUs    30s        100.00 iters/s
step_00150 ✓ [ 100% ] 000/030 VUs    30s        150.00 iters/s
step_00200 ✓ [ 100% ] 000/040 VUs    30s        200.00 iters/s
step_00250 ✓ [ 100% ] 000/050 VUs    30s        250.00 iters/s
step_00300 ✓ [ 100% ] 000/060 VUs    30s        300.00 iters/s
step_00350 ✓ [ 100% ] 0000/0070 VUs  30s        350.00 iters/s
step_00400 ✓ [ 100% ] 0000/0080 VUs  30s        400.00 iters/s
step_00450 ✓ [ 100% ] 0000/0090 VUs  30s        450.00 iters/s
step_00500 ✓ [ 100% ] 0000/0100 VUs  30s        500.00 iters/s
step_00550 ✓ [ 100% ] 0000/0110 VUs  30s        550.00 iters/s
step_00600 ✓ [ 100% ] 0000/0120 VUs  30s        600.00 iters/s
step_00650 ✓ [ 100% ] 0000/0130 VUs  30s        650.00 iters/s
step_00700 ✓ [ 100% ] 0000/0140 VUs  30s        700.00 iters/s
step_00750 ✓ [ 100% ] 0000/0150 VUs  30s        750.00 iters/s
step_00800 ✓ [ 100% ] 0000/0160 VUs  30s        800.00 iters/s
step_00850   [   3% ] 0001/0170 VUs  01.0s/30s  850.00 iters/s
step_00900 • [   0% ] waiting        0m29.0s   
step_00950 • [   0% ] waiting        0m59.0s   
step_01000 • [   0% ] waiting        1m29.0s   

running (08m02.0s), 0001/0390 VUs, 205672 complete and 0 interrupted iterations
step_00050 ✓ [ 100% ] 000/020 VUs    30s        50.00 iters/s
step_00100 ✓ [ 100% ] 000/020 VUs    30s        100.00 iters/s
step_00150 ✓ [ 100% ] 000/030 VUs    30s        150.00 iters/s
step_00200 ✓ [ 100% ] 000/040 VUs    30s        200.00 iters/s
step_00250 ✓ [ 100% ] 000/050 VUs    30s        250.00 iters/s
step_00300 ✓ [ 100% ] 000/060 VUs    30s        300.00 iters/s
step_00350 ✓ [ 100% ] 0000/0070 VUs  30s        350.00 iters/s
step_00400 ✓ [ 100% ] 0000/0080 VUs  30s        400.00 iters/s
step_00450 ✓ [ 100% ] 0000/0090 VUs  30s        450.00 iters/s
step_00500 ✓ [ 100% ] 0000/0100 VUs  30s        500.00 iters/s
step_00550 ✓ [ 100% ] 0000/0110 VUs  30s        550.00 iters/s
step_00600 ✓ [ 100% ] 0000/0120 VUs  30s        600.00 iters/s
step_00650 ✓ [ 100% ] 0000/0130 VUs  30s        650.00 iters/s
step_00700 ✓ [ 100% ] 0000/0140 VUs  30s        700.00 iters/s
step_00750 ✓ [ 100% ] 0000/0150 VUs  30s        750.00 iters/s
step_00800 ✓ [ 100% ] 0000/0160 VUs  30s        800.00 iters/s
step_00850   [   7% ] 0001/0170 VUs  02.0s/30s  850.00 iters/s
step_00900 • [   0% ] waiting        0m28.0s   
step_00950 • [   0% ] waiting        0m58.0s   
step_01000 • [   0% ] waiting        1m28.0s   

running (08m03.0s), 0001/0390 VUs, 206522 complete and 0 interrupted iterations
step_00050 ✓ [ 100% ] 000/020 VUs    30s        50.00 iters/s
step_00100 ✓ [ 100% ] 000/020 VUs    30s        100.00 iters/s
step_00150 ✓ [ 100% ] 000/030 VUs    30s        150.00 iters/s
step_00200 ✓ [ 100% ] 000/040 VUs    30s        200.00 iters/s
step_00250 ✓ [ 100% ] 000/050 VUs    30s        250.00 iters/s
step_00300 ✓ [ 100% ] 000/060 VUs    30s        300.00 iters/s
step_00350 ✓ [ 100% ] 0000/0070 VUs  30s        350.00 iters/s
step_00400 ✓ [ 100% ] 0000/0080 VUs  30s        400.00 iters/s
step_00450 ✓ [ 100% ] 0000/0090 VUs  30s        450.00 iters/s
step_00500 ✓ [ 100% ] 0000/0100 VUs  30s        500.00 iters/s
step_00550 ✓ [ 100% ] 0000/0110 VUs  30s        550.00 iters/s
step_00600 ✓ [ 100% ] 0000/0120 VUs  30s        600.00 iters/s
step_00650 ✓ [ 100% ] 0000/0130 VUs  30s        650.00 iters/s
step_00700 ✓ [ 100% ] 0000/0140 VUs  30s        700.00 iters/s
step_00750 ✓ [ 100% ] 0000/0150 VUs  30s        750.00 iters/s
step_00800 ✓ [ 100% ] 0000/0160 VUs  30s        800.00 iters/s
step_00850   [  10% ] 0001/0170 VUs  03.0s/30s  850.00 iters/s
step_00900 • [   0% ] waiting        0m27.0s   
step_00950 • [   0% ] waiting        0m57.0s   
step_01000 • [   0% ] waiting        1m27.0s   

running (08m04.0s), 0002/0390 VUs, 207371 complete and 0 interrupted iterations
step_00050 ✓ [ 100% ] 000/020 VUs    30s        50.00 iters/s
step_00100 ✓ [ 100% ] 000/020 VUs    30s        100.00 iters/s
step_00150 ✓ [ 100% ] 000/030 VUs    30s        150.00 iters/s
step_00200 ✓ [ 100% ] 000/040 VUs    30s        200.00 iters/s
step_00250 ✓ [ 100% ] 000/050 VUs    30s        250.00 iters/s
step_00300 ✓ [ 100% ] 000/060 VUs    30s        300.00 iters/s
step_00350 ✓ [ 100% ] 0000/0070 VUs  30s        350.00 iters/s
step_00400 ✓ [ 100% ] 0000/0080 VUs  30s        400.00 iters/s
step_00450 ✓ [ 100% ] 0000/0090 VUs  30s        450.00 iters/s
step_00500 ✓ [ 100% ] 0000/0100 VUs  30s        500.00 iters/s
step_00550 ✓ [ 100% ] 0000/0110 VUs  30s        550.00 iters/s
step_00600 ✓ [ 100% ] 0000/0120 VUs  30s        600.00 iters/s
step_00650 ✓ [ 100% ] 0000/0130 VUs  30s        650.00 iters/s
step_00700 ✓ [ 100% ] 0000/0140 VUs  30s        700.00 iters/s
step_00750 ✓ [ 100% ] 0000/0150 VUs  30s        750.00 iters/s
step_00800 ✓ [ 100% ] 0000/0160 VUs  30s        800.00 iters/s
step_00850   [  13% ] 0002/0170 VUs  04.0s/30s  850.00 iters/s
step_00900 • [   0% ] waiting        0m26.0s   
step_00950 • [   0% ] waiting        0m56.0s   
step_01000 • [   0% ] waiting        1m26.0s   

running (08m05.0s), 0001/0390 VUs, 208222 complete and 0 interrupted iterations
step_00050 ✓ [ 100% ] 000/020 VUs    30s        50.00 iters/s
step_00100 ✓ [ 100% ] 000/020 VUs    30s        100.00 iters/s
step_00150 ✓ [ 100% ] 000/030 VUs    30s        150.00 iters/s
step_00200 ✓ [ 100% ] 000/040 VUs    30s        200.00 iters/s
step_00250 ✓ [ 100% ] 000/050 VUs    30s        250.00 iters/s
step_00300 ✓ [ 100% ] 000/060 VUs    30s        300.00 iters/s
step_00350 ✓ [ 100% ] 0000/0070 VUs  30s        350.00 iters/s
step_00400 ✓ [ 100% ] 0000/0080 VUs  30s        400.00 iters/s
step_00450 ✓ [ 100% ] 0000/0090 VUs  30s        450.00 iters/s
step_00500 ✓ [ 100% ] 0000/0100 VUs  30s        500.00 iters/s
step_00550 ✓ [ 100% ] 0000/0110 VUs  30s        550.00 iters/s
step_00600 ✓ [ 100% ] 0000/0120 VUs  30s        600.00 iters/s
step_00650 ✓ [ 100% ] 0000/0130 VUs  30s        650.00 iters/s
step_00700 ✓ [ 100% ] 0000/0140 VUs  30s        700.00 iters/s
step_00750 ✓ [ 100% ] 0000/0150 VUs  30s        750.00 iters/s
step_00800 ✓ [ 100% ] 0000/0160 VUs  30s        800.00 iters/s
step_00850   [  17% ] 0001/0170 VUs  05.0s/30s  850.00 iters/s
step_00900 • [   0% ] waiting        0m25.0s   
step_00950 • [   0% ] waiting        0m55.0s   
step_01000 • [   0% ] waiting        1m25.0s   

running (08m06.0s), 0001/0390 VUs, 209072 complete and 0 interrupted iterations
step_00050 ✓ [ 100% ] 000/020 VUs    30s        50.00 iters/s
step_00100 ✓ [ 100% ] 000/020 VUs    30s        100.00 iters/s
step_00150 ✓ [ 100% ] 000/030 VUs    30s        150.00 iters/s
step_00200 ✓ [ 100% ] 000/040 VUs    30s        200.00 iters/s
step_00250 ✓ [ 100% ] 000/050 VUs    30s        250.00 iters/s
step_00300 ✓ [ 100% ] 000/060 VUs    30s        300.00 iters/s
step_00350 ✓ [ 100% ] 0000/0070 VUs  30s        350.00 iters/s
step_00400 ✓ [ 100% ] 0000/0080 VUs  30s        400.00 iters/s
step_00450 ✓ [ 100% ] 0000/0090 VUs  30s        450.00 iters/s
step_00500 ✓ [ 100% ] 0000/0100 VUs  30s        500.00 iters/s
step_00550 ✓ [ 100% ] 0000/0110 VUs  30s        550.00 iters/s
step_00600 ✓ [ 100% ] 0000/0120 VUs  30s        600.00 iters/s
step_00650 ✓ [ 100% ] 0000/0130 VUs  30s        650.00 iters/s
step_00700 ✓ [ 100% ] 0000/0140 VUs  30s        700.00 iters/s
step_00750 ✓ [ 100% ] 0000/0150 VUs  30s        750.00 iters/s
step_00800 ✓ [ 100% ] 0000/0160 VUs  30s        800.00 iters/s
step_00850   [  20% ] 0001/0170 VUs  06.0s/30s  850.00 iters/s
step_00900 • [   0% ] waiting        0m24.0s   
step_00950 • [   0% ] waiting        0m54.0s   
step_01000 • [   0% ] waiting        1m24.0s   

running (08m07.0s), 0001/0390 VUs, 209922 complete and 0 interrupted iterations
step_00050 ✓ [ 100% ] 000/020 VUs    30s        50.00 iters/s
step_00100 ✓ [ 100% ] 000/020 VUs    30s        100.00 iters/s
step_00150 ✓ [ 100% ] 000/030 VUs    30s        150.00 iters/s
step_00200 ✓ [ 100% ] 000/040 VUs    30s        200.00 iters/s
step_00250 ✓ [ 100% ] 000/050 VUs    30s        250.00 iters/s
step_00300 ✓ [ 100% ] 000/060 VUs    30s        300.00 iters/s
step_00350 ✓ [ 100% ] 0000/0070 VUs  30s        350.00 iters/s
step_00400 ✓ [ 100% ] 0000/0080 VUs  30s        400.00 iters/s
step_00450 ✓ [ 100% ] 0000/0090 VUs  30s        450.00 iters/s
step_00500 ✓ [ 100% ] 0000/0100 VUs  30s        500.00 iters/s
step_00550 ✓ [ 100% ] 0000/0110 VUs  30s        550.00 iters/s
step_00600 ✓ [ 100% ] 0000/0120 VUs  30s        600.00 iters/s
step_00650 ✓ [ 100% ] 0000/0130 VUs  30s        650.00 iters/s
step_00700 ✓ [ 100% ] 0000/0140 VUs  30s        700.00 iters/s
step_00750 ✓ [ 100% ] 0000/0150 VUs  30s        750.00 iters/s
step_00800 ✓ [ 100% ] 0000/0160 VUs  30s        800.00 iters/s
step_00850   [  23% ] 0001/0170 VUs  07.0s/30s  850.00 iters/s
step_00900 • [   0% ] waiting        0m23.0s   
step_00950 • [   0% ] waiting        0m53.0s   
step_01000 • [   0% ] waiting        1m23.0s   

running (08m08.0s), 0001/0390 VUs, 210772 complete and 0 interrupted iterations
step_00050 ✓ [ 100% ] 000/020 VUs    30s        50.00 iters/s
step_00100 ✓ [ 100% ] 000/020 VUs    30s        100.00 iters/s
step_00150 ✓ [ 100% ] 000/030 VUs    30s        150.00 iters/s
step_00200 ✓ [ 100% ] 000/040 VUs    30s        200.00 iters/s
step_00250 ✓ [ 100% ] 000/050 VUs    30s        250.00 iters/s
step_00300 ✓ [ 100% ] 000/060 VUs    30s        300.00 iters/s
step_00350 ✓ [ 100% ] 0000/0070 VUs  30s        350.00 iters/s
step_00400 ✓ [ 100% ] 0000/0080 VUs  30s        400.00 iters/s
step_00450 ✓ [ 100% ] 0000/0090 VUs  30s        450.00 iters/s
step_00500 ✓ [ 100% ] 0000/0100 VUs  30s        500.00 iters/s
step_00550 ✓ [ 100% ] 0000/0110 VUs  30s        550.00 iters/s
step_00600 ✓ [ 100% ] 0000/0120 VUs  30s        600.00 iters/s
step_00650 ✓ [ 100% ] 0000/0130 VUs  30s        650.00 iters/s
step_00700 ✓ [ 100% ] 0000/0140 VUs  30s        700.00 iters/s
step_00750 ✓ [ 100% ] 0000/0150 VUs  30s        750.00 iters/s
step_00800 ✓ [ 100% ] 0000/0160 VUs  30s        800.00 iters/s
step_00850   [  27% ] 0001/0170 VUs  08.0s/30s  850.00 iters/s
step_00900 • [   0% ] waiting        0m22.0s   
step_00950 • [   0% ] waiting        0m52.0s   
step_01000 • [   0% ] waiting        1m22.0s   

running (08m09.0s), 0001/0390 VUs, 211622 complete and 0 interrupted iterations
step_00050 ✓ [ 100% ] 000/020 VUs    30s        50.00 iters/s
step_00100 ✓ [ 100% ] 000/020 VUs    30s        100.00 iters/s
step_00150 ✓ [ 100% ] 000/030 VUs    30s        150.00 iters/s
step_00200 ✓ [ 100% ] 000/040 VUs    30s        200.00 iters/s
step_00250 ✓ [ 100% ] 000/050 VUs    30s        250.00 iters/s
step_00300 ✓ [ 100% ] 000/060 VUs    30s        300.00 iters/s
step_00350 ✓ [ 100% ] 0000/0070 VUs  30s        350.00 iters/s
step_00400 ✓ [ 100% ] 0000/0080 VUs  30s        400.00 iters/s
step_00450 ✓ [ 100% ] 0000/0090 VUs  30s        450.00 iters/s
step_00500 ✓ [ 100% ] 0000/0100 VUs  30s        500.00 iters/s
step_00550 ✓ [ 100% ] 0000/0110 VUs  30s        550.00 iters/s
step_00600 ✓ [ 100% ] 0000/0120 VUs  30s        600.00 iters/s
step_00650 ✓ [ 100% ] 0000/0130 VUs  30s        650.00 iters/s
step_00700 ✓ [ 100% ] 0000/0140 VUs  30s        700.00 iters/s
step_00750 ✓ [ 100% ] 0000/0150 VUs  30s        750.00 iters/s
step_00800 ✓ [ 100% ] 0000/0160 VUs  30s        800.00 iters/s
step_00850   [  30% ] 0001/0170 VUs  09.0s/30s  850.00 iters/s
step_00900 • [   0% ] waiting        0m21.0s   
step_00950 • [   0% ] waiting        0m51.0s   
step_01000 • [   0% ] waiting        1m21.0s   

running (08m10.0s), 0001/0390 VUs, 212472 complete and 0 interrupted iterations
step_00050 ✓ [ 100% ] 000/020 VUs    30s        50.00 iters/s
step_00100 ✓ [ 100% ] 000/020 VUs    30s        100.00 iters/s
step_00150 ✓ [ 100% ] 000/030 VUs    30s        150.00 iters/s
step_00200 ✓ [ 100% ] 000/040 VUs    30s        200.00 iters/s
step_00250 ✓ [ 100% ] 000/050 VUs    30s        250.00 iters/s
step_00300 ✓ [ 100% ] 000/060 VUs    30s        300.00 iters/s
step_00350 ✓ [ 100% ] 0000/0070 VUs  30s        350.00 iters/s
step_00400 ✓ [ 100% ] 0000/0080 VUs  30s        400.00 iters/s
step_00450 ✓ [ 100% ] 0000/0090 VUs  30s        450.00 iters/s
step_00500 ✓ [ 100% ] 0000/0100 VUs  30s        500.00 iters/s
step_00550 ✓ [ 100% ] 0000/0110 VUs  30s        550.00 iters/s
step_00600 ✓ [ 100% ] 0000/0120 VUs  30s        600.00 iters/s
step_00650 ✓ [ 100% ] 0000/0130 VUs  30s        650.00 iters/s
step_00700 ✓ [ 100% ] 0000/0140 VUs  30s        700.00 iters/s
step_00750 ✓ [ 100% ] 0000/0150 VUs  30s        750.00 iters/s
step_00800 ✓ [ 100% ] 0000/0160 VUs  30s        800.00 iters/s
step_00850   [  33% ] 0001/0170 VUs  10.0s/30s  850.00 iters/s
step_00900 • [   0% ] waiting        0m20.0s   
step_00950 • [   0% ] waiting        0m50.0s   
step_01000 • [   0% ] waiting        1m20.0s   

running (08m11.0s), 0002/0390 VUs, 213321 complete and 0 interrupted iterations
step_00050 ✓ [ 100% ] 000/020 VUs    30s        50.00 iters/s
step_00100 ✓ [ 100% ] 000/020 VUs    30s        100.00 iters/s
step_00150 ✓ [ 100% ] 000/030 VUs    30s        150.00 iters/s
step_00200 ✓ [ 100% ] 000/040 VUs    30s        200.00 iters/s
step_00250 ✓ [ 100% ] 000/050 VUs    30s        250.00 iters/s
step_00300 ✓ [ 100% ] 000/060 VUs    30s        300.00 iters/s
step_00350 ✓ [ 100% ] 0000/0070 VUs  30s        350.00 iters/s
step_00400 ✓ [ 100% ] 0000/0080 VUs  30s        400.00 iters/s
step_00450 ✓ [ 100% ] 0000/0090 VUs  30s        450.00 iters/s
step_00500 ✓ [ 100% ] 0000/0100 VUs  30s        500.00 iters/s
step_00550 ✓ [ 100% ] 0000/0110 VUs  30s        550.00 iters/s
step_00600 ✓ [ 100% ] 0000/0120 VUs  30s        600.00 iters/s
step_00650 ✓ [ 100% ] 0000/0130 VUs  30s        650.00 iters/s
step_00700 ✓ [ 100% ] 0000/0140 VUs  30s        700.00 iters/s
step_00750 ✓ [ 100% ] 0000/0150 VUs  30s        750.00 iters/s
step_00800 ✓ [ 100% ] 0000/0160 VUs  30s        800.00 iters/s
step_00850   [  37% ] 0002/0170 VUs  11.0s/30s  850.00 iters/s
step_00900 • [   0% ] waiting        0m19.0s   
step_00950 • [   0% ] waiting        0m49.0s   
step_01000 • [   0% ] waiting        1m19.0s   

running (08m12.0s), 0001/0390 VUs, 214172 complete and 0 interrupted iterations
step_00050 ✓ [ 100% ] 000/020 VUs    30s        50.00 iters/s
step_00100 ✓ [ 100% ] 000/020 VUs    30s        100.00 iters/s
step_00150 ✓ [ 100% ] 000/030 VUs    30s        150.00 iters/s
step_00200 ✓ [ 100% ] 000/040 VUs    30s        200.00 iters/s
step_00250 ✓ [ 100% ] 000/050 VUs    30s        250.00 iters/s
step_00300 ✓ [ 100% ] 000/060 VUs    30s        300.00 iters/s
step_00350 ✓ [ 100% ] 0000/0070 VUs  30s        350.00 iters/s
step_00400 ✓ [ 100% ] 0000/0080 VUs  30s        400.00 iters/s
step_00450 ✓ [ 100% ] 0000/0090 VUs  30s        450.00 iters/s
step_00500 ✓ [ 100% ] 0000/0100 VUs  30s        500.00 iters/s
step_00550 ✓ [ 100% ] 0000/0110 VUs  30s        550.00 iters/s
step_00600 ✓ [ 100% ] 0000/0120 VUs  30s        600.00 iters/s
step_00650 ✓ [ 100% ] 0000/0130 VUs  30s        650.00 iters/s
step_00700 ✓ [ 100% ] 0000/0140 VUs  30s        700.00 iters/s
step_00750 ✓ [ 100% ] 0000/0150 VUs  30s        750.00 iters/s
step_00800 ✓ [ 100% ] 0000/0160 VUs  30s        800.00 iters/s
step_00850   [  40% ] 0001/0170 VUs  12.0s/30s  850.00 iters/s
step_00900 • [   0% ] waiting        0m18.0s   
step_00950 • [   0% ] waiting        0m48.0s   
step_01000 • [   0% ] waiting        1m18.0s   

running (08m13.0s), 0001/0390 VUs, 215022 complete and 0 interrupted iterations
step_00050 ✓ [ 100% ] 000/020 VUs    30s        50.00 iters/s
step_00100 ✓ [ 100% ] 000/020 VUs    30s        100.00 iters/s
step_00150 ✓ [ 100% ] 000/030 VUs    30s        150.00 iters/s
step_00200 ✓ [ 100% ] 000/040 VUs    30s        200.00 iters/s
step_00250 ✓ [ 100% ] 000/050 VUs    30s        250.00 iters/s
step_00300 ✓ [ 100% ] 000/060 VUs    30s        300.00 iters/s
step_00350 ✓ [ 100% ] 0000/0070 VUs  30s        350.00 iters/s
step_00400 ✓ [ 100% ] 0000/0080 VUs  30s        400.00 iters/s
step_00450 ✓ [ 100% ] 0000/0090 VUs  30s        450.00 iters/s
step_00500 ✓ [ 100% ] 0000/0100 VUs  30s        500.00 iters/s
step_00550 ✓ [ 100% ] 0000/0110 VUs  30s        550.00 iters/s
step_00600 ✓ [ 100% ] 0000/0120 VUs  30s        600.00 iters/s
step_00650 ✓ [ 100% ] 0000/0130 VUs  30s        650.00 iters/s
step_00700 ✓ [ 100% ] 0000/0140 VUs  30s        700.00 iters/s
step_00750 ✓ [ 100% ] 0000/0150 VUs  30s        750.00 iters/s
step_00800 ✓ [ 100% ] 0000/0160 VUs  30s        800.00 iters/s
step_00850   [  43% ] 0001/0170 VUs  13.0s/30s  850.00 iters/s
step_00900 • [   0% ] waiting        0m17.0s   
step_00950 • [   0% ] waiting        0m47.0s   
step_01000 • [   0% ] waiting        1m17.0s   

running (08m14.0s), 0001/0390 VUs, 215872 complete and 0 interrupted iterations
step_00050 ✓ [ 100% ] 000/020 VUs    30s        50.00 iters/s
step_00100 ✓ [ 100% ] 000/020 VUs    30s        100.00 iters/s
step_00150 ✓ [ 100% ] 000/030 VUs    30s        150.00 iters/s
step_00200 ✓ [ 100% ] 000/040 VUs    30s        200.00 iters/s
step_00250 ✓ [ 100% ] 000/050 VUs    30s        250.00 iters/s
step_00300 ✓ [ 100% ] 000/060 VUs    30s        300.00 iters/s
step_00350 ✓ [ 100% ] 0000/0070 VUs  30s        350.00 iters/s
step_00400 ✓ [ 100% ] 0000/0080 VUs  30s        400.00 iters/s
step_00450 ✓ [ 100% ] 0000/0090 VUs  30s        450.00 iters/s
step_00500 ✓ [ 100% ] 0000/0100 VUs  30s        500.00 iters/s
step_00550 ✓ [ 100% ] 0000/0110 VUs  30s        550.00 iters/s
step_00600 ✓ [ 100% ] 0000/0120 VUs  30s        600.00 iters/s
step_00650 ✓ [ 100% ] 0000/0130 VUs  30s        650.00 iters/s
step_00700 ✓ [ 100% ] 0000/0140 VUs  30s        700.00 iters/s
step_00750 ✓ [ 100% ] 0000/0150 VUs  30s        750.00 iters/s
step_00800 ✓ [ 100% ] 0000/0160 VUs  30s        800.00 iters/s
step_00850   [  47% ] 0001/0170 VUs  14.0s/30s  850.00 iters/s
step_00900 • [   0% ] waiting        0m16.0s   
step_00950 • [   0% ] waiting        0m46.0s   
step_01000 • [   0% ] waiting        1m16.0s   

running (08m15.0s), 0001/0390 VUs, 216722 complete and 0 interrupted iterations
step_00050 ✓ [ 100% ] 000/020 VUs    30s        50.00 iters/s
step_00100 ✓ [ 100% ] 000/020 VUs    30s        100.00 iters/s
step_00150 ✓ [ 100% ] 000/030 VUs    30s        150.00 iters/s
step_00200 ✓ [ 100% ] 000/040 VUs    30s        200.00 iters/s
step_00250 ✓ [ 100% ] 000/050 VUs    30s        250.00 iters/s
step_00300 ✓ [ 100% ] 000/060 VUs    30s        300.00 iters/s
step_00350 ✓ [ 100% ] 0000/0070 VUs  30s        350.00 iters/s
step_00400 ✓ [ 100% ] 0000/0080 VUs  30s        400.00 iters/s
step_00450 ✓ [ 100% ] 0000/0090 VUs  30s        450.00 iters/s
step_00500 ✓ [ 100% ] 0000/0100 VUs  30s        500.00 iters/s
step_00550 ✓ [ 100% ] 0000/0110 VUs  30s        550.00 iters/s
step_00600 ✓ [ 100% ] 0000/0120 VUs  30s        600.00 iters/s
step_00650 ✓ [ 100% ] 0000/0130 VUs  30s        650.00 iters/s
step_00700 ✓ [ 100% ] 0000/0140 VUs  30s        700.00 iters/s
step_00750 ✓ [ 100% ] 0000/0150 VUs  30s        750.00 iters/s
step_00800 ✓ [ 100% ] 0000/0160 VUs  30s        800.00 iters/s
step_00850   [  50% ] 0001/0170 VUs  15.0s/30s  850.00 iters/s
step_00900 • [   0% ] waiting        0m15.0s   
step_00950 • [   0% ] waiting        0m45.0s   
step_01000 • [   0% ] waiting        1m15.0s   

running (08m16.0s), 0002/0390 VUs, 217571 complete and 0 interrupted iterations
step_00050 ✓ [ 100% ] 000/020 VUs    30s        50.00 iters/s
step_00100 ✓ [ 100% ] 000/020 VUs    30s        100.00 iters/s
step_00150 ✓ [ 100% ] 000/030 VUs    30s        150.00 iters/s
step_00200 ✓ [ 100% ] 000/040 VUs    30s        200.00 iters/s
step_00250 ✓ [ 100% ] 000/050 VUs    30s        250.00 iters/s
step_00300 ✓ [ 100% ] 000/060 VUs    30s        300.00 iters/s
step_00350 ✓ [ 100% ] 0000/0070 VUs  30s        350.00 iters/s
step_00400 ✓ [ 100% ] 0000/0080 VUs  30s        400.00 iters/s
step_00450 ✓ [ 100% ] 0000/0090 VUs  30s        450.00 iters/s
step_00500 ✓ [ 100% ] 0000/0100 VUs  30s        500.00 iters/s
step_00550 ✓ [ 100% ] 0000/0110 VUs  30s        550.00 iters/s
step_00600 ✓ [ 100% ] 0000/0120 VUs  30s        600.00 iters/s
step_00650 ✓ [ 100% ] 0000/0130 VUs  30s        650.00 iters/s
step_00700 ✓ [ 100% ] 0000/0140 VUs  30s        700.00 iters/s
step_00750 ✓ [ 100% ] 0000/0150 VUs  30s        750.00 iters/s
step_00800 ✓ [ 100% ] 0000/0160 VUs  30s        800.00 iters/s
step_00850   [  53% ] 0002/0170 VUs  16.0s/30s  850.00 iters/s
step_00900 • [   0% ] waiting        0m14.0s   
step_00950 • [   0% ] waiting        0m44.0s   
step_01000 • [   0% ] waiting        1m14.0s   

running (08m17.0s), 0002/0390 VUs, 218421 complete and 0 interrupted iterations
step_00050 ✓ [ 100% ] 000/020 VUs    30s        50.00 iters/s
step_00100 ✓ [ 100% ] 000/020 VUs    30s        100.00 iters/s
step_00150 ✓ [ 100% ] 000/030 VUs    30s        150.00 iters/s
step_00200 ✓ [ 100% ] 000/040 VUs    30s        200.00 iters/s
step_00250 ✓ [ 100% ] 000/050 VUs    30s        250.00 iters/s
step_00300 ✓ [ 100% ] 000/060 VUs    30s        300.00 iters/s
step_00350 ✓ [ 100% ] 0000/0070 VUs  30s        350.00 iters/s
step_00400 ✓ [ 100% ] 0000/0080 VUs  30s        400.00 iters/s
step_00450 ✓ [ 100% ] 0000/0090 VUs  30s        450.00 iters/s
step_00500 ✓ [ 100% ] 0000/0100 VUs  30s        500.00 iters/s
step_00550 ✓ [ 100% ] 0000/0110 VUs  30s        550.00 iters/s
step_00600 ✓ [ 100% ] 0000/0120 VUs  30s        600.00 iters/s
step_00650 ✓ [ 100% ] 0000/0130 VUs  30s        650.00 iters/s
step_00700 ✓ [ 100% ] 0000/0140 VUs  30s        700.00 iters/s
step_00750 ✓ [ 100% ] 0000/0150 VUs  30s        750.00 iters/s
step_00800 ✓ [ 100% ] 0000/0160 VUs  30s        800.00 iters/s
step_00850   [  57% ] 0002/0170 VUs  17.0s/30s  850.00 iters/s
step_00900 • [   0% ] waiting        0m13.0s   
step_00950 • [   0% ] waiting        0m43.0s   
step_01000 • [   0% ] waiting        1m13.0s   

running (08m18.0s), 0001/0390 VUs, 219272 complete and 0 interrupted iterations
step_00050 ✓ [ 100% ] 000/020 VUs    30s        50.00 iters/s
step_00100 ✓ [ 100% ] 000/020 VUs    30s        100.00 iters/s
step_00150 ✓ [ 100% ] 000/030 VUs    30s        150.00 iters/s
step_00200 ✓ [ 100% ] 000/040 VUs    30s        200.00 iters/s
step_00250 ✓ [ 100% ] 000/050 VUs    30s        250.00 iters/s
step_00300 ✓ [ 100% ] 000/060 VUs    30s        300.00 iters/s
step_00350 ✓ [ 100% ] 0000/0070 VUs  30s        350.00 iters/s
step_00400 ✓ [ 100% ] 0000/0080 VUs  30s        400.00 iters/s
step_00450 ✓ [ 100% ] 0000/0090 VUs  30s        450.00 iters/s
step_00500 ✓ [ 100% ] 0000/0100 VUs  30s        500.00 iters/s
step_00550 ✓ [ 100% ] 0000/0110 VUs  30s        550.00 iters/s
step_00600 ✓ [ 100% ] 0000/0120 VUs  30s        600.00 iters/s
step_00650 ✓ [ 100% ] 0000/0130 VUs  30s        650.00 iters/s
step_00700 ✓ [ 100% ] 0000/0140 VUs  30s        700.00 iters/s
step_00750 ✓ [ 100% ] 0000/0150 VUs  30s        750.00 iters/s
step_00800 ✓ [ 100% ] 0000/0160 VUs  30s        800.00 iters/s
step_00850   [  60% ] 0001/0170 VUs  18.0s/30s  850.00 iters/s
step_00900 • [   0% ] waiting        0m12.0s   
step_00950 • [   0% ] waiting        0m42.0s   
step_01000 • [   0% ] waiting        1m12.0s   

running (08m19.0s), 0001/0390 VUs, 220122 complete and 0 interrupted iterations
step_00050 ✓ [ 100% ] 000/020 VUs    30s        50.00 iters/s
step_00100 ✓ [ 100% ] 000/020 VUs    30s        100.00 iters/s
step_00150 ✓ [ 100% ] 000/030 VUs    30s        150.00 iters/s
step_00200 ✓ [ 100% ] 000/040 VUs    30s        200.00 iters/s
step_00250 ✓ [ 100% ] 000/050 VUs    30s        250.00 iters/s
step_00300 ✓ [ 100% ] 000/060 VUs    30s        300.00 iters/s
step_00350 ✓ [ 100% ] 0000/0070 VUs  30s        350.00 iters/s
step_00400 ✓ [ 100% ] 0000/0080 VUs  30s        400.00 iters/s
step_00450 ✓ [ 100% ] 0000/0090 VUs  30s        450.00 iters/s
step_00500 ✓ [ 100% ] 0000/0100 VUs  30s        500.00 iters/s
step_00550 ✓ [ 100% ] 0000/0110 VUs  30s        550.00 iters/s
step_00600 ✓ [ 100% ] 0000/0120 VUs  30s        600.00 iters/s
step_00650 ✓ [ 100% ] 0000/0130 VUs  30s        650.00 iters/s
step_00700 ✓ [ 100% ] 0000/0140 VUs  30s        700.00 iters/s
step_00750 ✓ [ 100% ] 0000/0150 VUs  30s        750.00 iters/s
step_00800 ✓ [ 100% ] 0000/0160 VUs  30s        800.00 iters/s
step_00850   [  63% ] 0001/0170 VUs  19.0s/30s  850.00 iters/s
step_00900 • [   0% ] waiting        0m11.0s   
step_00950 • [   0% ] waiting        0m41.0s   
step_01000 • [   0% ] waiting        1m11.0s   

running (08m20.0s), 0001/0390 VUs, 220972 complete and 0 interrupted iterations
step_00050 ✓ [ 100% ] 000/020 VUs    30s        50.00 iters/s
step_00100 ✓ [ 100% ] 000/020 VUs    30s        100.00 iters/s
step_00150 ✓ [ 100% ] 000/030 VUs    30s        150.00 iters/s
step_00200 ✓ [ 100% ] 000/040 VUs    30s        200.00 iters/s
step_00250 ✓ [ 100% ] 000/050 VUs    30s        250.00 iters/s
step_00300 ✓ [ 100% ] 000/060 VUs    30s        300.00 iters/s
step_00350 ✓ [ 100% ] 0000/0070 VUs  30s        350.00 iters/s
step_00400 ✓ [ 100% ] 0000/0080 VUs  30s        400.00 iters/s
step_00450 ✓ [ 100% ] 0000/0090 VUs  30s        450.00 iters/s
step_00500 ✓ [ 100% ] 0000/0100 VUs  30s        500.00 iters/s
step_00550 ✓ [ 100% ] 0000/0110 VUs  30s        550.00 iters/s
step_00600 ✓ [ 100% ] 0000/0120 VUs  30s        600.00 iters/s
step_00650 ✓ [ 100% ] 0000/0130 VUs  30s        650.00 iters/s
step_00700 ✓ [ 100% ] 0000/0140 VUs  30s        700.00 iters/s
step_00750 ✓ [ 100% ] 0000/0150 VUs  30s        750.00 iters/s
step_00800 ✓ [ 100% ] 0000/0160 VUs  30s        800.00 iters/s
step_00850   [  67% ] 0001/0170 VUs  20.0s/30s  850.00 iters/s
step_00900 • [   0% ] waiting        0m10.0s   
step_00950 • [   0% ] waiting        0m40.0s   
step_01000 • [   0% ] waiting        1m10.0s   

running (08m21.0s), 0005/0390 VUs, 221818 complete and 0 interrupted iterations
step_00050 ✓ [ 100% ] 000/020 VUs    30s        50.00 iters/s
step_00100 ✓ [ 100% ] 000/020 VUs    30s        100.00 iters/s
step_00150 ✓ [ 100% ] 000/030 VUs    30s        150.00 iters/s
step_00200 ✓ [ 100% ] 000/040 VUs    30s        200.00 iters/s
step_00250 ✓ [ 100% ] 000/050 VUs    30s        250.00 iters/s
step_00300 ✓ [ 100% ] 000/060 VUs    30s        300.00 iters/s
step_00350 ✓ [ 100% ] 0000/0070 VUs  30s        350.00 iters/s
step_00400 ✓ [ 100% ] 0000/0080 VUs  30s        400.00 iters/s
step_00450 ✓ [ 100% ] 0000/0090 VUs  30s        450.00 iters/s
step_00500 ✓ [ 100% ] 0000/0100 VUs  30s        500.00 iters/s
step_00550 ✓ [ 100% ] 0000/0110 VUs  30s        550.00 iters/s
step_00600 ✓ [ 100% ] 0000/0120 VUs  30s        600.00 iters/s
step_00650 ✓ [ 100% ] 0000/0130 VUs  30s        650.00 iters/s
step_00700 ✓ [ 100% ] 0000/0140 VUs  30s        700.00 iters/s
step_00750 ✓ [ 100% ] 0000/0150 VUs  30s        750.00 iters/s
step_00800 ✓ [ 100% ] 0000/0160 VUs  30s        800.00 iters/s
step_00850   [  70% ] 0005/0170 VUs  21.0s/30s  850.00 iters/s
step_00900 • [   0% ] waiting        0m09.0s   
step_00950 • [   0% ] waiting        0m39.0s   
step_01000 • [   0% ] waiting        1m09.0s   

running (08m22.0s), 0001/0390 VUs, 222672 complete and 0 interrupted iterations
step_00050 ✓ [ 100% ] 000/020 VUs    30s        50.00 iters/s
step_00100 ✓ [ 100% ] 000/020 VUs    30s        100.00 iters/s
step_00150 ✓ [ 100% ] 000/030 VUs    30s        150.00 iters/s
step_00200 ✓ [ 100% ] 000/040 VUs    30s        200.00 iters/s
step_00250 ✓ [ 100% ] 000/050 VUs    30s        250.00 iters/s
step_00300 ✓ [ 100% ] 000/060 VUs    30s        300.00 iters/s
step_00350 ✓ [ 100% ] 0000/0070 VUs  30s        350.00 iters/s
step_00400 ✓ [ 100% ] 0000/0080 VUs  30s        400.00 iters/s
step_00450 ✓ [ 100% ] 0000/0090 VUs  30s        450.00 iters/s
step_00500 ✓ [ 100% ] 0000/0100 VUs  30s        500.00 iters/s
step_00550 ✓ [ 100% ] 0000/0110 VUs  30s        550.00 iters/s
step_00600 ✓ [ 100% ] 0000/0120 VUs  30s        600.00 iters/s
step_00650 ✓ [ 100% ] 0000/0130 VUs  30s        650.00 iters/s
step_00700 ✓ [ 100% ] 0000/0140 VUs  30s        700.00 iters/s
step_00750 ✓ [ 100% ] 0000/0150 VUs  30s        750.00 iters/s
step_00800 ✓ [ 100% ] 0000/0160 VUs  30s        800.00 iters/s
step_00850   [  73% ] 0001/0170 VUs  22.0s/30s  850.00 iters/s
step_00900 • [   0% ] waiting        0m08.0s   
step_00950 • [   0% ] waiting        0m38.0s   
step_01000 • [   0% ] waiting        1m08.0s   

running (08m23.0s), 0001/0390 VUs, 223522 complete and 0 interrupted iterations
step_00050 ✓ [ 100% ] 000/020 VUs    30s        50.00 iters/s
step_00100 ✓ [ 100% ] 000/020 VUs    30s        100.00 iters/s
step_00150 ✓ [ 100% ] 000/030 VUs    30s        150.00 iters/s
step_00200 ✓ [ 100% ] 000/040 VUs    30s        200.00 iters/s
step_00250 ✓ [ 100% ] 000/050 VUs    30s        250.00 iters/s
step_00300 ✓ [ 100% ] 000/060 VUs    30s        300.00 iters/s
step_00350 ✓ [ 100% ] 0000/0070 VUs  30s        350.00 iters/s
step_00400 ✓ [ 100% ] 0000/0080 VUs  30s        400.00 iters/s
step_00450 ✓ [ 100% ] 0000/0090 VUs  30s        450.00 iters/s
step_00500 ✓ [ 100% ] 0000/0100 VUs  30s        500.00 iters/s
step_00550 ✓ [ 100% ] 0000/0110 VUs  30s        550.00 iters/s
step_00600 ✓ [ 100% ] 0000/0120 VUs  30s        600.00 iters/s
step_00650 ✓ [ 100% ] 0000/0130 VUs  30s        650.00 iters/s
step_00700 ✓ [ 100% ] 0000/0140 VUs  30s        700.00 iters/s
step_00750 ✓ [ 100% ] 0000/0150 VUs  30s        750.00 iters/s
step_00800 ✓ [ 100% ] 0000/0160 VUs  30s        800.00 iters/s
step_00850   [  77% ] 0001/0170 VUs  23.0s/30s  850.00 iters/s
step_00900 • [   0% ] waiting        0m07.0s   
step_00950 • [   0% ] waiting        0m37.0s   
step_01000 • [   0% ] waiting        1m07.0s   

running (08m24.0s), 0002/0390 VUs, 224371 complete and 0 interrupted iterations
step_00050 ✓ [ 100% ] 000/020 VUs    30s        50.00 iters/s
step_00100 ✓ [ 100% ] 000/020 VUs    30s        100.00 iters/s
step_00150 ✓ [ 100% ] 000/030 VUs    30s        150.00 iters/s
step_00200 ✓ [ 100% ] 000/040 VUs    30s        200.00 iters/s
step_00250 ✓ [ 100% ] 000/050 VUs    30s        250.00 iters/s
step_00300 ✓ [ 100% ] 000/060 VUs    30s        300.00 iters/s
step_00350 ✓ [ 100% ] 0000/0070 VUs  30s        350.00 iters/s
step_00400 ✓ [ 100% ] 0000/0080 VUs  30s        400.00 iters/s
step_00450 ✓ [ 100% ] 0000/0090 VUs  30s        450.00 iters/s
step_00500 ✓ [ 100% ] 0000/0100 VUs  30s        500.00 iters/s
step_00550 ✓ [ 100% ] 0000/0110 VUs  30s        550.00 iters/s
step_00600 ✓ [ 100% ] 0000/0120 VUs  30s        600.00 iters/s
step_00650 ✓ [ 100% ] 0000/0130 VUs  30s        650.00 iters/s
step_00700 ✓ [ 100% ] 0000/0140 VUs  30s        700.00 iters/s
step_00750 ✓ [ 100% ] 0000/0150 VUs  30s        750.00 iters/s
step_00800 ✓ [ 100% ] 0000/0160 VUs  30s        800.00 iters/s
step_00850   [  80% ] 0002/0170 VUs  24.0s/30s  850.00 iters/s
step_00900 • [   0% ] waiting        0m06.0s   
step_00950 • [   0% ] waiting        0m36.0s   
step_01000 • [   0% ] waiting        1m06.0s   

running (08m25.0s), 0001/0390 VUs, 225222 complete and 0 interrupted iterations
step_00050 ✓ [ 100% ] 000/020 VUs    30s        50.00 iters/s
step_00100 ✓ [ 100% ] 000/020 VUs    30s        100.00 iters/s
step_00150 ✓ [ 100% ] 000/030 VUs    30s        150.00 iters/s
step_00200 ✓ [ 100% ] 000/040 VUs    30s        200.00 iters/s
step_00250 ✓ [ 100% ] 000/050 VUs    30s        250.00 iters/s
step_00300 ✓ [ 100% ] 000/060 VUs    30s        300.00 iters/s
step_00350 ✓ [ 100% ] 0000/0070 VUs  30s        350.00 iters/s
step_00400 ✓ [ 100% ] 0000/0080 VUs  30s        400.00 iters/s
step_00450 ✓ [ 100% ] 0000/0090 VUs  30s        450.00 iters/s
step_00500 ✓ [ 100% ] 0000/0100 VUs  30s        500.00 iters/s
step_00550 ✓ [ 100% ] 0000/0110 VUs  30s        550.00 iters/s
step_00600 ✓ [ 100% ] 0000/0120 VUs  30s        600.00 iters/s
step_00650 ✓ [ 100% ] 0000/0130 VUs  30s        650.00 iters/s
step_00700 ✓ [ 100% ] 0000/0140 VUs  30s        700.00 iters/s
step_00750 ✓ [ 100% ] 0000/0150 VUs  30s        750.00 iters/s
step_00800 ✓ [ 100% ] 0000/0160 VUs  30s        800.00 iters/s
step_00850   [  83% ] 0001/0170 VUs  25.0s/30s  850.00 iters/s
step_00900 • [   0% ] waiting        0m05.0s   
step_00950 • [   0% ] waiting        0m35.0s   
step_01000 • [   0% ] waiting        1m05.0s   

running (08m26.0s), 0001/0390 VUs, 226072 complete and 0 interrupted iterations
step_00050 ✓ [ 100% ] 000/020 VUs    30s        50.00 iters/s
step_00100 ✓ [ 100% ] 000/020 VUs    30s        100.00 iters/s
step_00150 ✓ [ 100% ] 000/030 VUs    30s        150.00 iters/s
step_00200 ✓ [ 100% ] 000/040 VUs    30s        200.00 iters/s
step_00250 ✓ [ 100% ] 000/050 VUs    30s        250.00 iters/s
step_00300 ✓ [ 100% ] 000/060 VUs    30s        300.00 iters/s
step_00350 ✓ [ 100% ] 0000/0070 VUs  30s        350.00 iters/s
step_00400 ✓ [ 100% ] 0000/0080 VUs  30s        400.00 iters/s
step_00450 ✓ [ 100% ] 0000/0090 VUs  30s        450.00 iters/s
step_00500 ✓ [ 100% ] 0000/0100 VUs  30s        500.00 iters/s
step_00550 ✓ [ 100% ] 0000/0110 VUs  30s        550.00 iters/s
step_00600 ✓ [ 100% ] 0000/0120 VUs  30s        600.00 iters/s
step_00650 ✓ [ 100% ] 0000/0130 VUs  30s        650.00 iters/s
step_00700 ✓ [ 100% ] 0000/0140 VUs  30s        700.00 iters/s
step_00750 ✓ [ 100% ] 0000/0150 VUs  30s        750.00 iters/s
step_00800 ✓ [ 100% ] 0000/0160 VUs  30s        800.00 iters/s
step_00850   [  87% ] 0001/0170 VUs  26.0s/30s  850.00 iters/s
step_00900 • [   0% ] waiting        0m04.0s   
step_00950 • [   0% ] waiting        0m34.0s   
step_01000 • [   0% ] waiting        1m04.0s   

running (08m27.0s), 0002/0390 VUs, 226921 complete and 0 interrupted iterations
step_00050 ✓ [ 100% ] 000/020 VUs    30s        50.00 iters/s
step_00100 ✓ [ 100% ] 000/020 VUs    30s        100.00 iters/s
step_00150 ✓ [ 100% ] 000/030 VUs    30s        150.00 iters/s
step_00200 ✓ [ 100% ] 000/040 VUs    30s        200.00 iters/s
step_00250 ✓ [ 100% ] 000/050 VUs    30s        250.00 iters/s
step_00300 ✓ [ 100% ] 000/060 VUs    30s        300.00 iters/s
step_00350 ✓ [ 100% ] 0000/0070 VUs  30s        350.00 iters/s
step_00400 ✓ [ 100% ] 0000/0080 VUs  30s        400.00 iters/s
step_00450 ✓ [ 100% ] 0000/0090 VUs  30s        450.00 iters/s
step_00500 ✓ [ 100% ] 0000/0100 VUs  30s        500.00 iters/s
step_00550 ✓ [ 100% ] 0000/0110 VUs  30s        550.00 iters/s
step_00600 ✓ [ 100% ] 0000/0120 VUs  30s        600.00 iters/s
step_00650 ✓ [ 100% ] 0000/0130 VUs  30s        650.00 iters/s
step_00700 ✓ [ 100% ] 0000/0140 VUs  30s        700.00 iters/s
step_00750 ✓ [ 100% ] 0000/0150 VUs  30s        750.00 iters/s
step_00800 ✓ [ 100% ] 0000/0160 VUs  30s        800.00 iters/s
step_00850   [  90% ] 0002/0170 VUs  27.0s/30s  850.00 iters/s
step_00900 • [   0% ] waiting        0m03.0s   
step_00950 • [   0% ] waiting        0m33.0s   
step_01000 • [   0% ] waiting        1m03.0s   

running (08m28.0s), 0001/0390 VUs, 227772 complete and 0 interrupted iterations
step_00050 ✓ [ 100% ] 000/020 VUs    30s        50.00 iters/s
step_00100 ✓ [ 100% ] 000/020 VUs    30s        100.00 iters/s
step_00150 ✓ [ 100% ] 000/030 VUs    30s        150.00 iters/s
step_00200 ✓ [ 100% ] 000/040 VUs    30s        200.00 iters/s
step_00250 ✓ [ 100% ] 000/050 VUs    30s        250.00 iters/s
step_00300 ✓ [ 100% ] 000/060 VUs    30s        300.00 iters/s
step_00350 ✓ [ 100% ] 0000/0070 VUs  30s        350.00 iters/s
step_00400 ✓ [ 100% ] 0000/0080 VUs  30s        400.00 iters/s
step_00450 ✓ [ 100% ] 0000/0090 VUs  30s        450.00 iters/s
step_00500 ✓ [ 100% ] 0000/0100 VUs  30s        500.00 iters/s
step_00550 ✓ [ 100% ] 0000/0110 VUs  30s        550.00 iters/s
step_00600 ✓ [ 100% ] 0000/0120 VUs  30s        600.00 iters/s
step_00650 ✓ [ 100% ] 0000/0130 VUs  30s        650.00 iters/s
step_00700 ✓ [ 100% ] 0000/0140 VUs  30s        700.00 iters/s
step_00750 ✓ [ 100% ] 0000/0150 VUs  30s        750.00 iters/s
step_00800 ✓ [ 100% ] 0000/0160 VUs  30s        800.00 iters/s
step_00850   [  93% ] 0001/0170 VUs  28.0s/30s  850.00 iters/s
step_00900 • [   0% ] waiting        0m02.0s   
step_00950 • [   0% ] waiting        0m32.0s   
step_01000 • [   0% ] waiting        1m02.0s   

running (08m29.0s), 0003/0390 VUs, 228620 complete and 0 interrupted iterations
step_00050 ✓ [ 100% ] 000/020 VUs    30s        50.00 iters/s
step_00100 ✓ [ 100% ] 000/020 VUs    30s        100.00 iters/s
step_00150 ✓ [ 100% ] 000/030 VUs    30s        150.00 iters/s
step_00200 ✓ [ 100% ] 000/040 VUs    30s        200.00 iters/s
step_00250 ✓ [ 100% ] 000/050 VUs    30s        250.00 iters/s
step_00300 ✓ [ 100% ] 000/060 VUs    30s        300.00 iters/s
step_00350 ✓ [ 100% ] 0000/0070 VUs  30s        350.00 iters/s
step_00400 ✓ [ 100% ] 0000/0080 VUs  30s        400.00 iters/s
step_00450 ✓ [ 100% ] 0000/0090 VUs  30s        450.00 iters/s
step_00500 ✓ [ 100% ] 0000/0100 VUs  30s        500.00 iters/s
step_00550 ✓ [ 100% ] 0000/0110 VUs  30s        550.00 iters/s
step_00600 ✓ [ 100% ] 0000/0120 VUs  30s        600.00 iters/s
step_00650 ✓ [ 100% ] 0000/0130 VUs  30s        650.00 iters/s
step_00700 ✓ [ 100% ] 0000/0140 VUs  30s        700.00 iters/s
step_00750 ✓ [ 100% ] 0000/0150 VUs  30s        750.00 iters/s
step_00800 ✓ [ 100% ] 0000/0160 VUs  30s        800.00 iters/s
step_00850   [  97% ] 0003/0170 VUs  29.0s/30s  850.00 iters/s
step_00900 • [   0% ] waiting        0m01.0s   
step_00950 • [   0% ] waiting        0m31.0s   
step_01000 • [   0% ] waiting        1m01.0s   

running (08m30.0s), 0001/0390 VUs, 229472 complete and 0 interrupted iterations
step_00050 ✓ [ 100% ] 000/020 VUs    30s        50.00 iters/s
step_00100 ✓ [ 100% ] 000/020 VUs    30s        100.00 iters/s
step_00150 ✓ [ 100% ] 000/030 VUs    30s        150.00 iters/s
step_00200 ✓ [ 100% ] 000/040 VUs    30s        200.00 iters/s
step_00250 ✓ [ 100% ] 000/050 VUs    30s        250.00 iters/s
step_00300 ✓ [ 100% ] 000/060 VUs    30s        300.00 iters/s
step_00350 ✓ [ 100% ] 0000/0070 VUs  30s        350.00 iters/s
step_00400 ✓ [ 100% ] 0000/0080 VUs  30s        400.00 iters/s
step_00450 ✓ [ 100% ] 0000/0090 VUs  30s        450.00 iters/s
step_00500 ✓ [ 100% ] 0000/0100 VUs  30s        500.00 iters/s
step_00550 ✓ [ 100% ] 0000/0110 VUs  30s        550.00 iters/s
step_00600 ✓ [ 100% ] 0000/0120 VUs  30s        600.00 iters/s
step_00650 ✓ [ 100% ] 0000/0130 VUs  30s        650.00 iters/s
step_00700 ✓ [ 100% ] 0000/0140 VUs  30s        700.00 iters/s
step_00750 ✓ [ 100% ] 0000/0150 VUs  30s        750.00 iters/s
step_00800 ✓ [ 100% ] 0000/0160 VUs  30s        800.00 iters/s
step_00850   [ 100% ] 0001/0170 VUs  30.0s/30s  850.00 iters/s
step_00900 • [   0% ] waiting        0m00.0s   
step_00950 • [   0% ] waiting        0m30.0s   
step_01000 • [   0% ] waiting        1m00.0s   

running (08m31.0s), 0003/0390 VUs, 230367 complete and 0 interrupted iterations
step_00050 ✓ [ 100% ] 000/020 VUs    30s        50.00 iters/s
step_00100 ✓ [ 100% ] 000/020 VUs    30s        100.00 iters/s
step_00150 ✓ [ 100% ] 000/030 VUs    30s        150.00 iters/s
step_00200 ✓ [ 100% ] 000/040 VUs    30s        200.00 iters/s
step_00250 ✓ [ 100% ] 000/050 VUs    30s        250.00 iters/s
step_00300 ✓ [ 100% ] 000/060 VUs    30s        300.00 iters/s
step_00350 ✓ [ 100% ] 0000/0070 VUs  30s        350.00 iters/s
step_00400 ✓ [ 100% ] 0000/0080 VUs  30s        400.00 iters/s
step_00450 ✓ [ 100% ] 0000/0090 VUs  30s        450.00 iters/s
step_00500 ✓ [ 100% ] 0000/0100 VUs  30s        500.00 iters/s
step_00550 ✓ [ 100% ] 0000/0110 VUs  30s        550.00 iters/s
step_00600 ✓ [ 100% ] 0000/0120 VUs  30s        600.00 iters/s
step_00650 ✓ [ 100% ] 0000/0130 VUs  30s        650.00 iters/s
step_00700 ✓ [ 100% ] 0000/0140 VUs  30s        700.00 iters/s
step_00750 ✓ [ 100% ] 0000/0150 VUs  30s        750.00 iters/s
step_00800 ✓ [ 100% ] 0000/0160 VUs  30s        800.00 iters/s
step_00850 ✓ [ 100% ] 0000/0170 VUs  30s        850.00 iters/s
step_00900   [   3% ] 0004/0180 VUs  01.0s/30s  900.00 iters/s
step_00950 • [   0% ] waiting        0m29.0s   
step_01000 • [   0% ] waiting        0m59.0s   

running (08m32.0s), 0002/0390 VUs, 231269 complete and 0 interrupted iterations
step_00050 ✓ [ 100% ] 000/020 VUs    30s        50.00 iters/s
step_00100 ✓ [ 100% ] 000/020 VUs    30s        100.00 iters/s
step_00150 ✓ [ 100% ] 000/030 VUs    30s        150.00 iters/s
step_00200 ✓ [ 100% ] 000/040 VUs    30s        200.00 iters/s
step_00250 ✓ [ 100% ] 000/050 VUs    30s        250.00 iters/s
step_00300 ✓ [ 100% ] 000/060 VUs    30s        300.00 iters/s
step_00350 ✓ [ 100% ] 0000/0070 VUs  30s        350.00 iters/s
step_00400 ✓ [ 100% ] 0000/0080 VUs  30s        400.00 iters/s
step_00450 ✓ [ 100% ] 0000/0090 VUs  30s        450.00 iters/s
step_00500 ✓ [ 100% ] 0000/0100 VUs  30s        500.00 iters/s
step_00550 ✓ [ 100% ] 0000/0110 VUs  30s        550.00 iters/s
step_00600 ✓ [ 100% ] 0000/0120 VUs  30s        600.00 iters/s
step_00650 ✓ [ 100% ] 0000/0130 VUs  30s        650.00 iters/s
step_00700 ✓ [ 100% ] 0000/0140 VUs  30s        700.00 iters/s
step_00750 ✓ [ 100% ] 0000/0150 VUs  30s        750.00 iters/s
step_00800 ✓ [ 100% ] 0000/0160 VUs  30s        800.00 iters/s
step_00850 ✓ [ 100% ] 0000/0170 VUs  30s        850.00 iters/s
step_00900   [   7% ] 0002/0180 VUs  02.0s/30s  900.00 iters/s
step_00950 • [   0% ] waiting        0m28.0s   
step_01000 • [   0% ] waiting        0m58.0s   

running (08m33.0s), 0001/0390 VUs, 232170 complete and 0 interrupted iterations
step_00050 ✓ [ 100% ] 000/020 VUs    30s        50.00 iters/s
step_00100 ✓ [ 100% ] 000/020 VUs    30s        100.00 iters/s
step_00150 ✓ [ 100% ] 000/030 VUs    30s        150.00 iters/s
step_00200 ✓ [ 100% ] 000/040 VUs    30s        200.00 iters/s
step_00250 ✓ [ 100% ] 000/050 VUs    30s        250.00 iters/s
step_00300 ✓ [ 100% ] 000/060 VUs    30s        300.00 iters/s
step_00350 ✓ [ 100% ] 0000/0070 VUs  30s        350.00 iters/s
step_00400 ✓ [ 100% ] 0000/0080 VUs  30s        400.00 iters/s
step_00450 ✓ [ 100% ] 0000/0090 VUs  30s        450.00 iters/s
step_00500 ✓ [ 100% ] 0000/0100 VUs  30s        500.00 iters/s
step_00550 ✓ [ 100% ] 0000/0110 VUs  30s        550.00 iters/s
step_00600 ✓ [ 100% ] 0000/0120 VUs  30s        600.00 iters/s
step_00650 ✓ [ 100% ] 0000/0130 VUs  30s        650.00 iters/s
step_00700 ✓ [ 100% ] 0000/0140 VUs  30s        700.00 iters/s
step_00750 ✓ [ 100% ] 0000/0150 VUs  30s        750.00 iters/s
step_00800 ✓ [ 100% ] 0000/0160 VUs  30s        800.00 iters/s
step_00850 ✓ [ 100% ] 0000/0170 VUs  30s        850.00 iters/s
step_00900   [  10% ] 0001/0180 VUs  03.0s/30s  900.00 iters/s
step_00950 • [   0% ] waiting        0m27.0s   
step_01000 • [   0% ] waiting        0m57.0s   

running (08m34.0s), 0002/0390 VUs, 233069 complete and 0 interrupted iterations
step_00050 ✓ [ 100% ] 000/020 VUs    30s        50.00 iters/s
step_00100 ✓ [ 100% ] 000/020 VUs    30s        100.00 iters/s
step_00150 ✓ [ 100% ] 000/030 VUs    30s        150.00 iters/s
step_00200 ✓ [ 100% ] 000/040 VUs    30s        200.00 iters/s
step_00250 ✓ [ 100% ] 000/050 VUs    30s        250.00 iters/s
step_00300 ✓ [ 100% ] 000/060 VUs    30s        300.00 iters/s
step_00350 ✓ [ 100% ] 0000/0070 VUs  30s        350.00 iters/s
step_00400 ✓ [ 100% ] 0000/0080 VUs  30s        400.00 iters/s
step_00450 ✓ [ 100% ] 0000/0090 VUs  30s        450.00 iters/s
step_00500 ✓ [ 100% ] 0000/0100 VUs  30s        500.00 iters/s
step_00550 ✓ [ 100% ] 0000/0110 VUs  30s        550.00 iters/s
step_00600 ✓ [ 100% ] 0000/0120 VUs  30s        600.00 iters/s
step_00650 ✓ [ 100% ] 0000/0130 VUs  30s        650.00 iters/s
step_00700 ✓ [ 100% ] 0000/0140 VUs  30s        700.00 iters/s
step_00750 ✓ [ 100% ] 0000/0150 VUs  30s        750.00 iters/s
step_00800 ✓ [ 100% ] 0000/0160 VUs  30s        800.00 iters/s
step_00850 ✓ [ 100% ] 0000/0170 VUs  30s        850.00 iters/s
step_00900   [  13% ] 0002/0180 VUs  04.0s/30s  900.00 iters/s
step_00950 • [   0% ] waiting        0m26.0s   
step_01000 • [   0% ] waiting        0m56.0s   

running (08m35.0s), 0002/0390 VUs, 233969 complete and 0 interrupted iterations
step_00050 ✓ [ 100% ] 000/020 VUs    30s        50.00 iters/s
step_00100 ✓ [ 100% ] 000/020 VUs    30s        100.00 iters/s
step_00150 ✓ [ 100% ] 000/030 VUs    30s        150.00 iters/s
step_00200 ✓ [ 100% ] 000/040 VUs    30s        200.00 iters/s
step_00250 ✓ [ 100% ] 000/050 VUs    30s        250.00 iters/s
step_00300 ✓ [ 100% ] 000/060 VUs    30s        300.00 iters/s
step_00350 ✓ [ 100% ] 0000/0070 VUs  30s        350.00 iters/s
step_00400 ✓ [ 100% ] 0000/0080 VUs  30s        400.00 iters/s
step_00450 ✓ [ 100% ] 0000/0090 VUs  30s        450.00 iters/s
step_00500 ✓ [ 100% ] 0000/0100 VUs  30s        500.00 iters/s
step_00550 ✓ [ 100% ] 0000/0110 VUs  30s        550.00 iters/s
step_00600 ✓ [ 100% ] 0000/0120 VUs  30s        600.00 iters/s
step_00650 ✓ [ 100% ] 0000/0130 VUs  30s        650.00 iters/s
step_00700 ✓ [ 100% ] 0000/0140 VUs  30s        700.00 iters/s
step_00750 ✓ [ 100% ] 0000/0150 VUs  30s        750.00 iters/s
step_00800 ✓ [ 100% ] 0000/0160 VUs  30s        800.00 iters/s
step_00850 ✓ [ 100% ] 0000/0170 VUs  30s        850.00 iters/s
step_00900   [  17% ] 0002/0180 VUs  05.0s/30s  900.00 iters/s
step_00950 • [   0% ] waiting        0m25.0s   
step_01000 • [   0% ] waiting        0m55.0s   

running (08m36.0s), 0002/0390 VUs, 234869 complete and 0 interrupted iterations
step_00050 ✓ [ 100% ] 000/020 VUs    30s        50.00 iters/s
step_00100 ✓ [ 100% ] 000/020 VUs    30s        100.00 iters/s
step_00150 ✓ [ 100% ] 000/030 VUs    30s        150.00 iters/s
step_00200 ✓ [ 100% ] 000/040 VUs    30s        200.00 iters/s
step_00250 ✓ [ 100% ] 000/050 VUs    30s        250.00 iters/s
step_00300 ✓ [ 100% ] 000/060 VUs    30s        300.00 iters/s
step_00350 ✓ [ 100% ] 0000/0070 VUs  30s        350.00 iters/s
step_00400 ✓ [ 100% ] 0000/0080 VUs  30s        400.00 iters/s
step_00450 ✓ [ 100% ] 0000/0090 VUs  30s        450.00 iters/s
step_00500 ✓ [ 100% ] 0000/0100 VUs  30s        500.00 iters/s
step_00550 ✓ [ 100% ] 0000/0110 VUs  30s        550.00 iters/s
step_00600 ✓ [ 100% ] 0000/0120 VUs  30s        600.00 iters/s
step_00650 ✓ [ 100% ] 0000/0130 VUs  30s        650.00 iters/s
step_00700 ✓ [ 100% ] 0000/0140 VUs  30s        700.00 iters/s
step_00750 ✓ [ 100% ] 0000/0150 VUs  30s        750.00 iters/s
step_00800 ✓ [ 100% ] 0000/0160 VUs  30s        800.00 iters/s
step_00850 ✓ [ 100% ] 0000/0170 VUs  30s        850.00 iters/s
step_00900   [  20% ] 0002/0180 VUs  06.0s/30s  900.00 iters/s
step_00950 • [   0% ] waiting        0m24.0s   
step_01000 • [   0% ] waiting        0m54.0s   

running (08m37.0s), 0002/0390 VUs, 235769 complete and 0 interrupted iterations
step_00050 ✓ [ 100% ] 000/020 VUs    30s        50.00 iters/s
step_00100 ✓ [ 100% ] 000/020 VUs    30s        100.00 iters/s
step_00150 ✓ [ 100% ] 000/030 VUs    30s        150.00 iters/s
step_00200 ✓ [ 100% ] 000/040 VUs    30s        200.00 iters/s
step_00250 ✓ [ 100% ] 000/050 VUs    30s        250.00 iters/s
step_00300 ✓ [ 100% ] 000/060 VUs    30s        300.00 iters/s
step_00350 ✓ [ 100% ] 0000/0070 VUs  30s        350.00 iters/s
step_00400 ✓ [ 100% ] 0000/0080 VUs  30s        400.00 iters/s
step_00450 ✓ [ 100% ] 0000/0090 VUs  30s        450.00 iters/s
step_00500 ✓ [ 100% ] 0000/0100 VUs  30s        500.00 iters/s
step_00550 ✓ [ 100% ] 0000/0110 VUs  30s        550.00 iters/s
step_00600 ✓ [ 100% ] 0000/0120 VUs  30s        600.00 iters/s
step_00650 ✓ [ 100% ] 0000/0130 VUs  30s        650.00 iters/s
step_00700 ✓ [ 100% ] 0000/0140 VUs  30s        700.00 iters/s
step_00750 ✓ [ 100% ] 0000/0150 VUs  30s        750.00 iters/s
step_00800 ✓ [ 100% ] 0000/0160 VUs  30s        800.00 iters/s
step_00850 ✓ [ 100% ] 0000/0170 VUs  30s        850.00 iters/s
step_00900   [  23% ] 0002/0180 VUs  07.0s/30s  900.00 iters/s
step_00950 • [   0% ] waiting        0m23.0s   
step_01000 • [   0% ] waiting        0m53.0s   

running (08m38.0s), 0001/0390 VUs, 236669 complete and 0 interrupted iterations
step_00050 ✓ [ 100% ] 000/020 VUs    30s        50.00 iters/s
step_00100 ✓ [ 100% ] 000/020 VUs    30s        100.00 iters/s
step_00150 ✓ [ 100% ] 000/030 VUs    30s        150.00 iters/s
step_00200 ✓ [ 100% ] 000/040 VUs    30s        200.00 iters/s
step_00250 ✓ [ 100% ] 000/050 VUs    30s        250.00 iters/s
step_00300 ✓ [ 100% ] 000/060 VUs    30s        300.00 iters/s
step_00350 ✓ [ 100% ] 0000/0070 VUs  30s        350.00 iters/s
step_00400 ✓ [ 100% ] 0000/0080 VUs  30s        400.00 iters/s
step_00450 ✓ [ 100% ] 0000/0090 VUs  30s        450.00 iters/s
step_00500 ✓ [ 100% ] 0000/0100 VUs  30s        500.00 iters/s
step_00550 ✓ [ 100% ] 0000/0110 VUs  30s        550.00 iters/s
step_00600 ✓ [ 100% ] 0000/0120 VUs  30s        600.00 iters/s
step_00650 ✓ [ 100% ] 0000/0130 VUs  30s        650.00 iters/s
step_00700 ✓ [ 100% ] 0000/0140 VUs  30s        700.00 iters/s
step_00750 ✓ [ 100% ] 0000/0150 VUs  30s        750.00 iters/s
step_00800 ✓ [ 100% ] 0000/0160 VUs  30s        800.00 iters/s
step_00850 ✓ [ 100% ] 0000/0170 VUs  30s        850.00 iters/s
step_00900   [  27% ] 0002/0180 VUs  08.0s/30s  900.00 iters/s
step_00950 • [   0% ] waiting        0m22.0s   
step_01000 • [   0% ] waiting        0m52.0s   

running (08m39.0s), 0002/0390 VUs, 237569 complete and 0 interrupted iterations
step_00050 ✓ [ 100% ] 000/020 VUs    30s        50.00 iters/s
step_00100 ✓ [ 100% ] 000/020 VUs    30s        100.00 iters/s
step_00150 ✓ [ 100% ] 000/030 VUs    30s        150.00 iters/s
step_00200 ✓ [ 100% ] 000/040 VUs    30s        200.00 iters/s
step_00250 ✓ [ 100% ] 000/050 VUs    30s        250.00 iters/s
step_00300 ✓ [ 100% ] 000/060 VUs    30s        300.00 iters/s
step_00350 ✓ [ 100% ] 0000/0070 VUs  30s        350.00 iters/s
step_00400 ✓ [ 100% ] 0000/0080 VUs  30s        400.00 iters/s
step_00450 ✓ [ 100% ] 0000/0090 VUs  30s        450.00 iters/s
step_00500 ✓ [ 100% ] 0000/0100 VUs  30s        500.00 iters/s
step_00550 ✓ [ 100% ] 0000/0110 VUs  30s        550.00 iters/s
step_00600 ✓ [ 100% ] 0000/0120 VUs  30s        600.00 iters/s
step_00650 ✓ [ 100% ] 0000/0130 VUs  30s        650.00 iters/s
step_00700 ✓ [ 100% ] 0000/0140 VUs  30s        700.00 iters/s
step_00750 ✓ [ 100% ] 0000/0150 VUs  30s        750.00 iters/s
step_00800 ✓ [ 100% ] 0000/0160 VUs  30s        800.00 iters/s
step_00850 ✓ [ 100% ] 0000/0170 VUs  30s        850.00 iters/s
step_00900   [  30% ] 0002/0180 VUs  09.0s/30s  900.00 iters/s
step_00950 • [   0% ] waiting        0m21.0s   
step_01000 • [   0% ] waiting        0m51.0s   

running (08m40.0s), 0002/0390 VUs, 238469 complete and 0 interrupted iterations
step_00050 ✓ [ 100% ] 000/020 VUs    30s        50.00 iters/s
step_00100 ✓ [ 100% ] 000/020 VUs    30s        100.00 iters/s
step_00150 ✓ [ 100% ] 000/030 VUs    30s        150.00 iters/s
step_00200 ✓ [ 100% ] 000/040 VUs    30s        200.00 iters/s
step_00250 ✓ [ 100% ] 000/050 VUs    30s        250.00 iters/s
step_00300 ✓ [ 100% ] 000/060 VUs    30s        300.00 iters/s
step_00350 ✓ [ 100% ] 0000/0070 VUs  30s        350.00 iters/s
step_00400 ✓ [ 100% ] 0000/0080 VUs  30s        400.00 iters/s
step_00450 ✓ [ 100% ] 0000/0090 VUs  30s        450.00 iters/s
step_00500 ✓ [ 100% ] 0000/0100 VUs  30s        500.00 iters/s
step_00550 ✓ [ 100% ] 0000/0110 VUs  30s        550.00 iters/s
step_00600 ✓ [ 100% ] 0000/0120 VUs  30s        600.00 iters/s
step_00650 ✓ [ 100% ] 0000/0130 VUs  30s        650.00 iters/s
step_00700 ✓ [ 100% ] 0000/0140 VUs  30s        700.00 iters/s
step_00750 ✓ [ 100% ] 0000/0150 VUs  30s        750.00 iters/s
step_00800 ✓ [ 100% ] 0000/0160 VUs  30s        800.00 iters/s
step_00850 ✓ [ 100% ] 0000/0170 VUs  30s        850.00 iters/s
step_00900   [  33% ] 0002/0180 VUs  10.0s/30s  900.00 iters/s
step_00950 • [   0% ] waiting        0m20.0s   
step_01000 • [   0% ] waiting        0m50.0s   

running (08m41.0s), 0003/0390 VUs, 239368 complete and 0 interrupted iterations
step_00050 ✓ [ 100% ] 000/020 VUs    30s        50.00 iters/s
step_00100 ✓ [ 100% ] 000/020 VUs    30s        100.00 iters/s
step_00150 ✓ [ 100% ] 000/030 VUs    30s        150.00 iters/s
step_00200 ✓ [ 100% ] 000/040 VUs    30s        200.00 iters/s
step_00250 ✓ [ 100% ] 000/050 VUs    30s        250.00 iters/s
step_00300 ✓ [ 100% ] 000/060 VUs    30s        300.00 iters/s
step_00350 ✓ [ 100% ] 0000/0070 VUs  30s        350.00 iters/s
step_00400 ✓ [ 100% ] 0000/0080 VUs  30s        400.00 iters/s
step_00450 ✓ [ 100% ] 0000/0090 VUs  30s        450.00 iters/s
step_00500 ✓ [ 100% ] 0000/0100 VUs  30s        500.00 iters/s
step_00550 ✓ [ 100% ] 0000/0110 VUs  30s        550.00 iters/s
step_00600 ✓ [ 100% ] 0000/0120 VUs  30s        600.00 iters/s
step_00650 ✓ [ 100% ] 0000/0130 VUs  30s        650.00 iters/s
step_00700 ✓ [ 100% ] 0000/0140 VUs  30s        700.00 iters/s
step_00750 ✓ [ 100% ] 0000/0150 VUs  30s        750.00 iters/s
step_00800 ✓ [ 100% ] 0000/0160 VUs  30s        800.00 iters/s
step_00850 ✓ [ 100% ] 0000/0170 VUs  30s        850.00 iters/s
step_00900   [  37% ] 0003/0180 VUs  11.0s/30s  900.00 iters/s
step_00950 • [   0% ] waiting        0m19.0s   
step_01000 • [   0% ] waiting        0m49.0s   

running (08m42.0s), 0002/0390 VUs, 240269 complete and 0 interrupted iterations
step_00050 ✓ [ 100% ] 000/020 VUs    30s        50.00 iters/s
step_00100 ✓ [ 100% ] 000/020 VUs    30s        100.00 iters/s
step_00150 ✓ [ 100% ] 000/030 VUs    30s        150.00 iters/s
step_00200 ✓ [ 100% ] 000/040 VUs    30s        200.00 iters/s
step_00250 ✓ [ 100% ] 000/050 VUs    30s        250.00 iters/s
step_00300 ✓ [ 100% ] 000/060 VUs    30s        300.00 iters/s
step_00350 ✓ [ 100% ] 0000/0070 VUs  30s        350.00 iters/s
step_00400 ✓ [ 100% ] 0000/0080 VUs  30s        400.00 iters/s
step_00450 ✓ [ 100% ] 0000/0090 VUs  30s        450.00 iters/s
step_00500 ✓ [ 100% ] 0000/0100 VUs  30s        500.00 iters/s
step_00550 ✓ [ 100% ] 0000/0110 VUs  30s        550.00 iters/s
step_00600 ✓ [ 100% ] 0000/0120 VUs  30s        600.00 iters/s
step_00650 ✓ [ 100% ] 0000/0130 VUs  30s        650.00 iters/s
step_00700 ✓ [ 100% ] 0000/0140 VUs  30s        700.00 iters/s
step_00750 ✓ [ 100% ] 0000/0150 VUs  30s        750.00 iters/s
step_00800 ✓ [ 100% ] 0000/0160 VUs  30s        800.00 iters/s
step_00850 ✓ [ 100% ] 0000/0170 VUs  30s        850.00 iters/s
step_00900   [  40% ] 0002/0180 VUs  12.0s/30s  900.00 iters/s
step_00950 • [   0% ] waiting        0m18.0s   
step_01000 • [   0% ] waiting        0m48.0s   

running (08m43.0s), 0001/0390 VUs, 241169 complete and 0 interrupted iterations
step_00050 ✓ [ 100% ] 000/020 VUs    30s        50.00 iters/s
step_00100 ✓ [ 100% ] 000/020 VUs    30s        100.00 iters/s
step_00150 ✓ [ 100% ] 000/030 VUs    30s        150.00 iters/s
step_00200 ✓ [ 100% ] 000/040 VUs    30s        200.00 iters/s
step_00250 ✓ [ 100% ] 000/050 VUs    30s        250.00 iters/s
step_00300 ✓ [ 100% ] 000/060 VUs    30s        300.00 iters/s
step_00350 ✓ [ 100% ] 0000/0070 VUs  30s        350.00 iters/s
step_00400 ✓ [ 100% ] 0000/0080 VUs  30s        400.00 iters/s
step_00450 ✓ [ 100% ] 0000/0090 VUs  30s        450.00 iters/s
step_00500 ✓ [ 100% ] 0000/0100 VUs  30s        500.00 iters/s
step_00550 ✓ [ 100% ] 0000/0110 VUs  30s        550.00 iters/s
step_00600 ✓ [ 100% ] 0000/0120 VUs  30s        600.00 iters/s
step_00650 ✓ [ 100% ] 0000/0130 VUs  30s        650.00 iters/s
step_00700 ✓ [ 100% ] 0000/0140 VUs  30s        700.00 iters/s
step_00750 ✓ [ 100% ] 0000/0150 VUs  30s        750.00 iters/s
step_00800 ✓ [ 100% ] 0000/0160 VUs  30s        800.00 iters/s
step_00850 ✓ [ 100% ] 0000/0170 VUs  30s        850.00 iters/s
step_00900   [  43% ] 0001/0180 VUs  13.0s/30s  900.00 iters/s
step_00950 • [   0% ] waiting        0m17.0s   
step_01000 • [   0% ] waiting        0m47.0s   

running (08m44.0s), 0003/0390 VUs, 242068 complete and 0 interrupted iterations
step_00050 ✓ [ 100% ] 000/020 VUs    30s        50.00 iters/s
step_00100 ✓ [ 100% ] 000/020 VUs    30s        100.00 iters/s
step_00150 ✓ [ 100% ] 000/030 VUs    30s        150.00 iters/s
step_00200 ✓ [ 100% ] 000/040 VUs    30s        200.00 iters/s
step_00250 ✓ [ 100% ] 000/050 VUs    30s        250.00 iters/s
step_00300 ✓ [ 100% ] 000/060 VUs    30s        300.00 iters/s
step_00350 ✓ [ 100% ] 0000/0070 VUs  30s        350.00 iters/s
step_00400 ✓ [ 100% ] 0000/0080 VUs  30s        400.00 iters/s
step_00450 ✓ [ 100% ] 0000/0090 VUs  30s        450.00 iters/s
step_00500 ✓ [ 100% ] 0000/0100 VUs  30s        500.00 iters/s
step_00550 ✓ [ 100% ] 0000/0110 VUs  30s        550.00 iters/s
step_00600 ✓ [ 100% ] 0000/0120 VUs  30s        600.00 iters/s
step_00650 ✓ [ 100% ] 0000/0130 VUs  30s        650.00 iters/s
step_00700 ✓ [ 100% ] 0000/0140 VUs  30s        700.00 iters/s
step_00750 ✓ [ 100% ] 0000/0150 VUs  30s        750.00 iters/s
step_00800 ✓ [ 100% ] 0000/0160 VUs  30s        800.00 iters/s
step_00850 ✓ [ 100% ] 0000/0170 VUs  30s        850.00 iters/s
step_00900   [  47% ] 0003/0180 VUs  14.0s/30s  900.00 iters/s
step_00950 • [   0% ] waiting        0m16.0s   
step_01000 • [   0% ] waiting        0m46.0s   

running (08m45.0s), 0001/0390 VUs, 242970 complete and 0 interrupted iterations
step_00050 ✓ [ 100% ] 000/020 VUs    30s        50.00 iters/s
step_00100 ✓ [ 100% ] 000/020 VUs    30s        100.00 iters/s
step_00150 ✓ [ 100% ] 000/030 VUs    30s        150.00 iters/s
step_00200 ✓ [ 100% ] 000/040 VUs    30s        200.00 iters/s
step_00250 ✓ [ 100% ] 000/050 VUs    30s        250.00 iters/s
step_00300 ✓ [ 100% ] 000/060 VUs    30s        300.00 iters/s
step_00350 ✓ [ 100% ] 0000/0070 VUs  30s        350.00 iters/s
step_00400 ✓ [ 100% ] 0000/0080 VUs  30s        400.00 iters/s
step_00450 ✓ [ 100% ] 0000/0090 VUs  30s        450.00 iters/s
step_00500 ✓ [ 100% ] 0000/0100 VUs  30s        500.00 iters/s
step_00550 ✓ [ 100% ] 0000/0110 VUs  30s        550.00 iters/s
step_00600 ✓ [ 100% ] 0000/0120 VUs  30s        600.00 iters/s
step_00650 ✓ [ 100% ] 0000/0130 VUs  30s        650.00 iters/s
step_00700 ✓ [ 100% ] 0000/0140 VUs  30s        700.00 iters/s
step_00750 ✓ [ 100% ] 0000/0150 VUs  30s        750.00 iters/s
step_00800 ✓ [ 100% ] 0000/0160 VUs  30s        800.00 iters/s
step_00850 ✓ [ 100% ] 0000/0170 VUs  30s        850.00 iters/s
step_00900   [  50% ] 0001/0180 VUs  15.0s/30s  900.00 iters/s
step_00950 • [   0% ] waiting        0m15.0s   
step_01000 • [   0% ] waiting        0m45.0s   

running (08m46.0s), 0002/0390 VUs, 243869 complete and 0 interrupted iterations
step_00050 ✓ [ 100% ] 000/020 VUs    30s        50.00 iters/s
step_00100 ✓ [ 100% ] 000/020 VUs    30s        100.00 iters/s
step_00150 ✓ [ 100% ] 000/030 VUs    30s        150.00 iters/s
step_00200 ✓ [ 100% ] 000/040 VUs    30s        200.00 iters/s
step_00250 ✓ [ 100% ] 000/050 VUs    30s        250.00 iters/s
step_00300 ✓ [ 100% ] 000/060 VUs    30s        300.00 iters/s
step_00350 ✓ [ 100% ] 0000/0070 VUs  30s        350.00 iters/s
step_00400 ✓ [ 100% ] 0000/0080 VUs  30s        400.00 iters/s
step_00450 ✓ [ 100% ] 0000/0090 VUs  30s        450.00 iters/s
step_00500 ✓ [ 100% ] 0000/0100 VUs  30s        500.00 iters/s
step_00550 ✓ [ 100% ] 0000/0110 VUs  30s        550.00 iters/s
step_00600 ✓ [ 100% ] 0000/0120 VUs  30s        600.00 iters/s
step_00650 ✓ [ 100% ] 0000/0130 VUs  30s        650.00 iters/s
step_00700 ✓ [ 100% ] 0000/0140 VUs  30s        700.00 iters/s
step_00750 ✓ [ 100% ] 0000/0150 VUs  30s        750.00 iters/s
step_00800 ✓ [ 100% ] 0000/0160 VUs  30s        800.00 iters/s
step_00850 ✓ [ 100% ] 0000/0170 VUs  30s        850.00 iters/s
step_00900   [  53% ] 0002/0180 VUs  16.0s/30s  900.00 iters/s
step_00950 • [   0% ] waiting        0m14.0s   
step_01000 • [   0% ] waiting        0m44.0s   

running (08m47.0s), 0002/0390 VUs, 244769 complete and 0 interrupted iterations
step_00050 ✓ [ 100% ] 000/020 VUs    30s        50.00 iters/s
step_00100 ✓ [ 100% ] 000/020 VUs    30s        100.00 iters/s
step_00150 ✓ [ 100% ] 000/030 VUs    30s        150.00 iters/s
step_00200 ✓ [ 100% ] 000/040 VUs    30s        200.00 iters/s
step_00250 ✓ [ 100% ] 000/050 VUs    30s        250.00 iters/s
step_00300 ✓ [ 100% ] 000/060 VUs    30s        300.00 iters/s
step_00350 ✓ [ 100% ] 0000/0070 VUs  30s        350.00 iters/s
step_00400 ✓ [ 100% ] 0000/0080 VUs  30s        400.00 iters/s
step_00450 ✓ [ 100% ] 0000/0090 VUs  30s        450.00 iters/s
step_00500 ✓ [ 100% ] 0000/0100 VUs  30s        500.00 iters/s
step_00550 ✓ [ 100% ] 0000/0110 VUs  30s        550.00 iters/s
step_00600 ✓ [ 100% ] 0000/0120 VUs  30s        600.00 iters/s
step_00650 ✓ [ 100% ] 0000/0130 VUs  30s        650.00 iters/s
step_00700 ✓ [ 100% ] 0000/0140 VUs  30s        700.00 iters/s
step_00750 ✓ [ 100% ] 0000/0150 VUs  30s        750.00 iters/s
step_00800 ✓ [ 100% ] 0000/0160 VUs  30s        800.00 iters/s
step_00850 ✓ [ 100% ] 0000/0170 VUs  30s        850.00 iters/s
step_00900   [  57% ] 0002/0180 VUs  17.0s/30s  900.00 iters/s
step_00950 • [   0% ] waiting        0m13.0s   
step_01000 • [   0% ] waiting        0m43.0s   

running (08m48.0s), 0002/0390 VUs, 245669 complete and 0 interrupted iterations
step_00050 ✓ [ 100% ] 000/020 VUs    30s        50.00 iters/s
step_00100 ✓ [ 100% ] 000/020 VUs    30s        100.00 iters/s
step_00150 ✓ [ 100% ] 000/030 VUs    30s        150.00 iters/s
step_00200 ✓ [ 100% ] 000/040 VUs    30s        200.00 iters/s
step_00250 ✓ [ 100% ] 000/050 VUs    30s        250.00 iters/s
step_00300 ✓ [ 100% ] 000/060 VUs    30s        300.00 iters/s
step_00350 ✓ [ 100% ] 0000/0070 VUs  30s        350.00 iters/s
step_00400 ✓ [ 100% ] 0000/0080 VUs  30s        400.00 iters/s
step_00450 ✓ [ 100% ] 0000/0090 VUs  30s        450.00 iters/s
step_00500 ✓ [ 100% ] 0000/0100 VUs  30s        500.00 iters/s
step_00550 ✓ [ 100% ] 0000/0110 VUs  30s        550.00 iters/s
step_00600 ✓ [ 100% ] 0000/0120 VUs  30s        600.00 iters/s
step_00650 ✓ [ 100% ] 0000/0130 VUs  30s        650.00 iters/s
step_00700 ✓ [ 100% ] 0000/0140 VUs  30s        700.00 iters/s
step_00750 ✓ [ 100% ] 0000/0150 VUs  30s        750.00 iters/s
step_00800 ✓ [ 100% ] 0000/0160 VUs  30s        800.00 iters/s
step_00850 ✓ [ 100% ] 0000/0170 VUs  30s        850.00 iters/s
step_00900   [  60% ] 0002/0180 VUs  18.0s/30s  900.00 iters/s
step_00950 • [   0% ] waiting        0m12.0s   
step_01000 • [   0% ] waiting        0m42.0s   

running (08m49.0s), 0001/0390 VUs, 246570 complete and 0 interrupted iterations
step_00050 ✓ [ 100% ] 000/020 VUs    30s        50.00 iters/s
step_00100 ✓ [ 100% ] 000/020 VUs    30s        100.00 iters/s
step_00150 ✓ [ 100% ] 000/030 VUs    30s        150.00 iters/s
step_00200 ✓ [ 100% ] 000/040 VUs    30s        200.00 iters/s
step_00250 ✓ [ 100% ] 000/050 VUs    30s        250.00 iters/s
step_00300 ✓ [ 100% ] 000/060 VUs    30s        300.00 iters/s
step_00350 ✓ [ 100% ] 0000/0070 VUs  30s        350.00 iters/s
step_00400 ✓ [ 100% ] 0000/0080 VUs  30s        400.00 iters/s
step_00450 ✓ [ 100% ] 0000/0090 VUs  30s        450.00 iters/s
step_00500 ✓ [ 100% ] 0000/0100 VUs  30s        500.00 iters/s
step_00550 ✓ [ 100% ] 0000/0110 VUs  30s        550.00 iters/s
step_00600 ✓ [ 100% ] 0000/0120 VUs  30s        600.00 iters/s
step_00650 ✓ [ 100% ] 0000/0130 VUs  30s        650.00 iters/s
step_00700 ✓ [ 100% ] 0000/0140 VUs  30s        700.00 iters/s
step_00750 ✓ [ 100% ] 0000/0150 VUs  30s        750.00 iters/s
step_00800 ✓ [ 100% ] 0000/0160 VUs  30s        800.00 iters/s
step_00850 ✓ [ 100% ] 0000/0170 VUs  30s        850.00 iters/s
step_00900   [  63% ] 0001/0180 VUs  19.0s/30s  900.00 iters/s
step_00950 • [   0% ] waiting        0m11.0s   
step_01000 • [   0% ] waiting        0m41.0s   

running (08m50.0s), 0002/0390 VUs, 247469 complete and 0 interrupted iterations
step_00050 ✓ [ 100% ] 000/020 VUs    30s        50.00 iters/s
step_00100 ✓ [ 100% ] 000/020 VUs    30s        100.00 iters/s
step_00150 ✓ [ 100% ] 000/030 VUs    30s        150.00 iters/s
step_00200 ✓ [ 100% ] 000/040 VUs    30s        200.00 iters/s
step_00250 ✓ [ 100% ] 000/050 VUs    30s        250.00 iters/s
step_00300 ✓ [ 100% ] 000/060 VUs    30s        300.00 iters/s
step_00350 ✓ [ 100% ] 0000/0070 VUs  30s        350.00 iters/s
step_00400 ✓ [ 100% ] 0000/0080 VUs  30s        400.00 iters/s
step_00450 ✓ [ 100% ] 0000/0090 VUs  30s        450.00 iters/s
step_00500 ✓ [ 100% ] 0000/0100 VUs  30s        500.00 iters/s
step_00550 ✓ [ 100% ] 0000/0110 VUs  30s        550.00 iters/s
step_00600 ✓ [ 100% ] 0000/0120 VUs  30s        600.00 iters/s
step_00650 ✓ [ 100% ] 0000/0130 VUs  30s        650.00 iters/s
step_00700 ✓ [ 100% ] 0000/0140 VUs  30s        700.00 iters/s
step_00750 ✓ [ 100% ] 0000/0150 VUs  30s        750.00 iters/s
step_00800 ✓ [ 100% ] 0000/0160 VUs  30s        800.00 iters/s
step_00850 ✓ [ 100% ] 0000/0170 VUs  30s        850.00 iters/s
step_00900   [  67% ] 0002/0180 VUs  20.0s/30s  900.00 iters/s
step_00950 • [   0% ] waiting        0m10.0s   
step_01000 • [   0% ] waiting        0m40.0s   

running (08m51.0s), 0002/0390 VUs, 248369 complete and 0 interrupted iterations
step_00050 ✓ [ 100% ] 000/020 VUs    30s        50.00 iters/s
step_00100 ✓ [ 100% ] 000/020 VUs    30s        100.00 iters/s
step_00150 ✓ [ 100% ] 000/030 VUs    30s        150.00 iters/s
step_00200 ✓ [ 100% ] 000/040 VUs    30s        200.00 iters/s
step_00250 ✓ [ 100% ] 000/050 VUs    30s        250.00 iters/s
step_00300 ✓ [ 100% ] 000/060 VUs    30s        300.00 iters/s
step_00350 ✓ [ 100% ] 0000/0070 VUs  30s        350.00 iters/s
step_00400 ✓ [ 100% ] 0000/0080 VUs  30s        400.00 iters/s
step_00450 ✓ [ 100% ] 0000/0090 VUs  30s        450.00 iters/s
step_00500 ✓ [ 100% ] 0000/0100 VUs  30s        500.00 iters/s
step_00550 ✓ [ 100% ] 0000/0110 VUs  30s        550.00 iters/s
step_00600 ✓ [ 100% ] 0000/0120 VUs  30s        600.00 iters/s
step_00650 ✓ [ 100% ] 0000/0130 VUs  30s        650.00 iters/s
step_00700 ✓ [ 100% ] 0000/0140 VUs  30s        700.00 iters/s
step_00750 ✓ [ 100% ] 0000/0150 VUs  30s        750.00 iters/s
step_00800 ✓ [ 100% ] 0000/0160 VUs  30s        800.00 iters/s
step_00850 ✓ [ 100% ] 0000/0170 VUs  30s        850.00 iters/s
step_00900   [  70% ] 0002/0180 VUs  21.0s/30s  900.00 iters/s
step_00950 • [   0% ] waiting        0m09.0s   
step_01000 • [   0% ] waiting        0m39.0s   

running (08m52.0s), 0001/0390 VUs, 249270 complete and 0 interrupted iterations
step_00050 ✓ [ 100% ] 000/020 VUs    30s        50.00 iters/s
step_00100 ✓ [ 100% ] 000/020 VUs    30s        100.00 iters/s
step_00150 ✓ [ 100% ] 000/030 VUs    30s        150.00 iters/s
step_00200 ✓ [ 100% ] 000/040 VUs    30s        200.00 iters/s
step_00250 ✓ [ 100% ] 000/050 VUs    30s        250.00 iters/s
step_00300 ✓ [ 100% ] 000/060 VUs    30s        300.00 iters/s
step_00350 ✓ [ 100% ] 0000/0070 VUs  30s        350.00 iters/s
step_00400 ✓ [ 100% ] 0000/0080 VUs  30s        400.00 iters/s
step_00450 ✓ [ 100% ] 0000/0090 VUs  30s        450.00 iters/s
step_00500 ✓ [ 100% ] 0000/0100 VUs  30s        500.00 iters/s
step_00550 ✓ [ 100% ] 0000/0110 VUs  30s        550.00 iters/s
step_00600 ✓ [ 100% ] 0000/0120 VUs  30s        600.00 iters/s
step_00650 ✓ [ 100% ] 0000/0130 VUs  30s        650.00 iters/s
step_00700 ✓ [ 100% ] 0000/0140 VUs  30s        700.00 iters/s
step_00750 ✓ [ 100% ] 0000/0150 VUs  30s        750.00 iters/s
step_00800 ✓ [ 100% ] 0000/0160 VUs  30s        800.00 iters/s
step_00850 ✓ [ 100% ] 0000/0170 VUs  30s        850.00 iters/s
step_00900   [  73% ] 0001/0180 VUs  22.0s/30s  900.00 iters/s
step_00950 • [   0% ] waiting        0m08.0s   
step_01000 • [   0% ] waiting        0m38.0s   

running (08m53.0s), 0002/0390 VUs, 250169 complete and 0 interrupted iterations
step_00050 ✓ [ 100% ] 000/020 VUs    30s        50.00 iters/s
step_00100 ✓ [ 100% ] 000/020 VUs    30s        100.00 iters/s
step_00150 ✓ [ 100% ] 000/030 VUs    30s        150.00 iters/s
step_00200 ✓ [ 100% ] 000/040 VUs    30s        200.00 iters/s
step_00250 ✓ [ 100% ] 000/050 VUs    30s        250.00 iters/s
step_00300 ✓ [ 100% ] 000/060 VUs    30s        300.00 iters/s
step_00350 ✓ [ 100% ] 0000/0070 VUs  30s        350.00 iters/s
step_00400 ✓ [ 100% ] 0000/0080 VUs  30s        400.00 iters/s
step_00450 ✓ [ 100% ] 0000/0090 VUs  30s        450.00 iters/s
step_00500 ✓ [ 100% ] 0000/0100 VUs  30s        500.00 iters/s
step_00550 ✓ [ 100% ] 0000/0110 VUs  30s        550.00 iters/s
step_00600 ✓ [ 100% ] 0000/0120 VUs  30s        600.00 iters/s
step_00650 ✓ [ 100% ] 0000/0130 VUs  30s        650.00 iters/s
step_00700 ✓ [ 100% ] 0000/0140 VUs  30s        700.00 iters/s
step_00750 ✓ [ 100% ] 0000/0150 VUs  30s        750.00 iters/s
step_00800 ✓ [ 100% ] 0000/0160 VUs  30s        800.00 iters/s
step_00850 ✓ [ 100% ] 0000/0170 VUs  30s        850.00 iters/s
step_00900   [  77% ] 0002/0180 VUs  23.0s/30s  900.00 iters/s
step_00950 • [   0% ] waiting        0m07.0s   
step_01000 • [   0% ] waiting        0m37.0s   

running (08m54.0s), 0002/0390 VUs, 251069 complete and 0 interrupted iterations
step_00050 ✓ [ 100% ] 000/020 VUs    30s        50.00 iters/s
step_00100 ✓ [ 100% ] 000/020 VUs    30s        100.00 iters/s
step_00150 ✓ [ 100% ] 000/030 VUs    30s        150.00 iters/s
step_00200 ✓ [ 100% ] 000/040 VUs    30s        200.00 iters/s
step_00250 ✓ [ 100% ] 000/050 VUs    30s        250.00 iters/s
step_00300 ✓ [ 100% ] 000/060 VUs    30s        300.00 iters/s
step_00350 ✓ [ 100% ] 0000/0070 VUs  30s        350.00 iters/s
step_00400 ✓ [ 100% ] 0000/0080 VUs  30s        400.00 iters/s
step_00450 ✓ [ 100% ] 0000/0090 VUs  30s        450.00 iters/s
step_00500 ✓ [ 100% ] 0000/0100 VUs  30s        500.00 iters/s
step_00550 ✓ [ 100% ] 0000/0110 VUs  30s        550.00 iters/s
step_00600 ✓ [ 100% ] 0000/0120 VUs  30s        600.00 iters/s
step_00650 ✓ [ 100% ] 0000/0130 VUs  30s        650.00 iters/s
step_00700 ✓ [ 100% ] 0000/0140 VUs  30s        700.00 iters/s
step_00750 ✓ [ 100% ] 0000/0150 VUs  30s        750.00 iters/s
step_00800 ✓ [ 100% ] 0000/0160 VUs  30s        800.00 iters/s
step_00850 ✓ [ 100% ] 0000/0170 VUs  30s        850.00 iters/s
step_00900   [  80% ] 0002/0180 VUs  24.0s/30s  900.00 iters/s
step_00950 • [   0% ] waiting        0m06.0s   
step_01000 • [   0% ] waiting        0m36.0s   

running (08m55.0s), 0002/0390 VUs, 251969 complete and 0 interrupted iterations
step_00050 ✓ [ 100% ] 000/020 VUs    30s        50.00 iters/s
step_00100 ✓ [ 100% ] 000/020 VUs    30s        100.00 iters/s
step_00150 ✓ [ 100% ] 000/030 VUs    30s        150.00 iters/s
step_00200 ✓ [ 100% ] 000/040 VUs    30s        200.00 iters/s
step_00250 ✓ [ 100% ] 000/050 VUs    30s        250.00 iters/s
step_00300 ✓ [ 100% ] 000/060 VUs    30s        300.00 iters/s
step_00350 ✓ [ 100% ] 0000/0070 VUs  30s        350.00 iters/s
step_00400 ✓ [ 100% ] 0000/0080 VUs  30s        400.00 iters/s
step_00450 ✓ [ 100% ] 0000/0090 VUs  30s        450.00 iters/s
step_00500 ✓ [ 100% ] 0000/0100 VUs  30s        500.00 iters/s
step_00550 ✓ [ 100% ] 0000/0110 VUs  30s        550.00 iters/s
step_00600 ✓ [ 100% ] 0000/0120 VUs  30s        600.00 iters/s
step_00650 ✓ [ 100% ] 0000/0130 VUs  30s        650.00 iters/s
step_00700 ✓ [ 100% ] 0000/0140 VUs  30s        700.00 iters/s
step_00750 ✓ [ 100% ] 0000/0150 VUs  30s        750.00 iters/s
step_00800 ✓ [ 100% ] 0000/0160 VUs  30s        800.00 iters/s
step_00850 ✓ [ 100% ] 0000/0170 VUs  30s        850.00 iters/s
step_00900   [  83% ] 0002/0180 VUs  25.0s/30s  900.00 iters/s
step_00950 • [   0% ] waiting        0m05.0s   
step_01000 • [   0% ] waiting        0m35.0s   

running (08m56.0s), 0003/0390 VUs, 252868 complete and 0 interrupted iterations
step_00050 ✓ [ 100% ] 000/020 VUs    30s        50.00 iters/s
step_00100 ✓ [ 100% ] 000/020 VUs    30s        100.00 iters/s
step_00150 ✓ [ 100% ] 000/030 VUs    30s        150.00 iters/s
step_00200 ✓ [ 100% ] 000/040 VUs    30s        200.00 iters/s
step_00250 ✓ [ 100% ] 000/050 VUs    30s        250.00 iters/s
step_00300 ✓ [ 100% ] 000/060 VUs    30s        300.00 iters/s
step_00350 ✓ [ 100% ] 0000/0070 VUs  30s        350.00 iters/s
step_00400 ✓ [ 100% ] 0000/0080 VUs  30s        400.00 iters/s
step_00450 ✓ [ 100% ] 0000/0090 VUs  30s        450.00 iters/s
step_00500 ✓ [ 100% ] 0000/0100 VUs  30s        500.00 iters/s
step_00550 ✓ [ 100% ] 0000/0110 VUs  30s        550.00 iters/s
step_00600 ✓ [ 100% ] 0000/0120 VUs  30s        600.00 iters/s
step_00650 ✓ [ 100% ] 0000/0130 VUs  30s        650.00 iters/s
step_00700 ✓ [ 100% ] 0000/0140 VUs  30s        700.00 iters/s
step_00750 ✓ [ 100% ] 0000/0150 VUs  30s        750.00 iters/s
step_00800 ✓ [ 100% ] 0000/0160 VUs  30s        800.00 iters/s
step_00850 ✓ [ 100% ] 0000/0170 VUs  30s        850.00 iters/s
step_00900   [  87% ] 0003/0180 VUs  26.0s/30s  900.00 iters/s
step_00950 • [   0% ] waiting        0m04.0s   
step_01000 • [   0% ] waiting        0m34.0s   

running (08m57.0s), 0001/0390 VUs, 253770 complete and 0 interrupted iterations
step_00050 ✓ [ 100% ] 000/020 VUs    30s        50.00 iters/s
step_00100 ✓ [ 100% ] 000/020 VUs    30s        100.00 iters/s
step_00150 ✓ [ 100% ] 000/030 VUs    30s        150.00 iters/s
step_00200 ✓ [ 100% ] 000/040 VUs    30s        200.00 iters/s
step_00250 ✓ [ 100% ] 000/050 VUs    30s        250.00 iters/s
step_00300 ✓ [ 100% ] 000/060 VUs    30s        300.00 iters/s
step_00350 ✓ [ 100% ] 0000/0070 VUs  30s        350.00 iters/s
step_00400 ✓ [ 100% ] 0000/0080 VUs  30s        400.00 iters/s
step_00450 ✓ [ 100% ] 0000/0090 VUs  30s        450.00 iters/s
step_00500 ✓ [ 100% ] 0000/0100 VUs  30s        500.00 iters/s
step_00550 ✓ [ 100% ] 0000/0110 VUs  30s        550.00 iters/s
step_00600 ✓ [ 100% ] 0000/0120 VUs  30s        600.00 iters/s
step_00650 ✓ [ 100% ] 0000/0130 VUs  30s        650.00 iters/s
step_00700 ✓ [ 100% ] 0000/0140 VUs  30s        700.00 iters/s
step_00750 ✓ [ 100% ] 0000/0150 VUs  30s        750.00 iters/s
step_00800 ✓ [ 100% ] 0000/0160 VUs  30s        800.00 iters/s
step_00850 ✓ [ 100% ] 0000/0170 VUs  30s        850.00 iters/s
step_00900   [  90% ] 0001/0180 VUs  27.0s/30s  900.00 iters/s
step_00950 • [   0% ] waiting        0m03.0s   
step_01000 • [   0% ] waiting        0m33.0s   

running (08m58.0s), 0002/0390 VUs, 254669 complete and 0 interrupted iterations
step_00050 ✓ [ 100% ] 000/020 VUs    30s        50.00 iters/s
step_00100 ✓ [ 100% ] 000/020 VUs    30s        100.00 iters/s
step_00150 ✓ [ 100% ] 000/030 VUs    30s        150.00 iters/s
step_00200 ✓ [ 100% ] 000/040 VUs    30s        200.00 iters/s
step_00250 ✓ [ 100% ] 000/050 VUs    30s        250.00 iters/s
step_00300 ✓ [ 100% ] 000/060 VUs    30s        300.00 iters/s
step_00350 ✓ [ 100% ] 0000/0070 VUs  30s        350.00 iters/s
step_00400 ✓ [ 100% ] 0000/0080 VUs  30s        400.00 iters/s
step_00450 ✓ [ 100% ] 0000/0090 VUs  30s        450.00 iters/s
step_00500 ✓ [ 100% ] 0000/0100 VUs  30s        500.00 iters/s
step_00550 ✓ [ 100% ] 0000/0110 VUs  30s        550.00 iters/s
step_00600 ✓ [ 100% ] 0000/0120 VUs  30s        600.00 iters/s
step_00650 ✓ [ 100% ] 0000/0130 VUs  30s        650.00 iters/s
step_00700 ✓ [ 100% ] 0000/0140 VUs  30s        700.00 iters/s
step_00750 ✓ [ 100% ] 0000/0150 VUs  30s        750.00 iters/s
step_00800 ✓ [ 100% ] 0000/0160 VUs  30s        800.00 iters/s
step_00850 ✓ [ 100% ] 0000/0170 VUs  30s        850.00 iters/s
step_00900   [  93% ] 0002/0180 VUs  28.0s/30s  900.00 iters/s
step_00950 • [   0% ] waiting        0m02.0s   
step_01000 • [   0% ] waiting        0m32.0s   

running (08m59.0s), 0002/0390 VUs, 255569 complete and 0 interrupted iterations
step_00050 ✓ [ 100% ] 000/020 VUs    30s        50.00 iters/s
step_00100 ✓ [ 100% ] 000/020 VUs    30s        100.00 iters/s
step_00150 ✓ [ 100% ] 000/030 VUs    30s        150.00 iters/s
step_00200 ✓ [ 100% ] 000/040 VUs    30s        200.00 iters/s
step_00250 ✓ [ 100% ] 000/050 VUs    30s        250.00 iters/s
step_00300 ✓ [ 100% ] 000/060 VUs    30s        300.00 iters/s
step_00350 ✓ [ 100% ] 0000/0070 VUs  30s        350.00 iters/s
step_00400 ✓ [ 100% ] 0000/0080 VUs  30s        400.00 iters/s
step_00450 ✓ [ 100% ] 0000/0090 VUs  30s        450.00 iters/s
step_00500 ✓ [ 100% ] 0000/0100 VUs  30s        500.00 iters/s
step_00550 ✓ [ 100% ] 0000/0110 VUs  30s        550.00 iters/s
step_00600 ✓ [ 100% ] 0000/0120 VUs  30s        600.00 iters/s
step_00650 ✓ [ 100% ] 0000/0130 VUs  30s        650.00 iters/s
step_00700 ✓ [ 100% ] 0000/0140 VUs  30s        700.00 iters/s
step_00750 ✓ [ 100% ] 0000/0150 VUs  30s        750.00 iters/s
step_00800 ✓ [ 100% ] 0000/0160 VUs  30s        800.00 iters/s
step_00850 ✓ [ 100% ] 0000/0170 VUs  30s        850.00 iters/s
step_00900   [  97% ] 0002/0180 VUs  29.0s/30s  900.00 iters/s
step_00950 • [   0% ] waiting        0m01.0s   
step_01000 • [   0% ] waiting        0m31.0s   

running (09m00.0s), 0001/0390 VUs, 256470 complete and 0 interrupted iterations
step_00050 ✓ [ 100% ] 000/020 VUs    30s        50.00 iters/s
step_00100 ✓ [ 100% ] 000/020 VUs    30s        100.00 iters/s
step_00150 ✓ [ 100% ] 000/030 VUs    30s        150.00 iters/s
step_00200 ✓ [ 100% ] 000/040 VUs    30s        200.00 iters/s
step_00250 ✓ [ 100% ] 000/050 VUs    30s        250.00 iters/s
step_00300 ✓ [ 100% ] 000/060 VUs    30s        300.00 iters/s
step_00350 ✓ [ 100% ] 0000/0070 VUs  30s        350.00 iters/s
step_00400 ✓ [ 100% ] 0000/0080 VUs  30s        400.00 iters/s
step_00450 ✓ [ 100% ] 0000/0090 VUs  30s        450.00 iters/s
step_00500 ✓ [ 100% ] 0000/0100 VUs  30s        500.00 iters/s
step_00550 ✓ [ 100% ] 0000/0110 VUs  30s        550.00 iters/s
step_00600 ✓ [ 100% ] 0000/0120 VUs  30s        600.00 iters/s
step_00650 ✓ [ 100% ] 0000/0130 VUs  30s        650.00 iters/s
step_00700 ✓ [ 100% ] 0000/0140 VUs  30s        700.00 iters/s
step_00750 ✓ [ 100% ] 0000/0150 VUs  30s        750.00 iters/s
step_00800 ✓ [ 100% ] 0000/0160 VUs  30s        800.00 iters/s
step_00850 ✓ [ 100% ] 0000/0170 VUs  30s        850.00 iters/s
step_00900   [ 100% ] 0001/0180 VUs  30.0s/30s  900.00 iters/s
step_00950 • [   0% ] waiting        0m00.0s   
step_01000 • [   0% ] waiting        0m30.0s   

running (09m01.0s), 0003/0390 VUs, 257417 complete and 0 interrupted iterations
step_00050 ✓ [ 100% ] 000/020 VUs    30s        50.00 iters/s
step_00100 ✓ [ 100% ] 000/020 VUs    30s        100.00 iters/s
step_00150 ✓ [ 100% ] 000/030 VUs    30s        150.00 iters/s
step_00200 ✓ [ 100% ] 000/040 VUs    30s        200.00 iters/s
step_00250 ✓ [ 100% ] 000/050 VUs    30s        250.00 iters/s
step_00300 ✓ [ 100% ] 000/060 VUs    30s        300.00 iters/s
step_00350 ✓ [ 100% ] 0000/0070 VUs  30s        350.00 iters/s
step_00400 ✓ [ 100% ] 0000/0080 VUs  30s        400.00 iters/s
step_00450 ✓ [ 100% ] 0000/0090 VUs  30s        450.00 iters/s
step_00500 ✓ [ 100% ] 0000/0100 VUs  30s        500.00 iters/s
step_00550 ✓ [ 100% ] 0000/0110 VUs  30s        550.00 iters/s
step_00600 ✓ [ 100% ] 0000/0120 VUs  30s        600.00 iters/s
step_00650 ✓ [ 100% ] 0000/0130 VUs  30s        650.00 iters/s
step_00700 ✓ [ 100% ] 0000/0140 VUs  30s        700.00 iters/s
step_00750 ✓ [ 100% ] 0000/0150 VUs  30s        750.00 iters/s
step_00800 ✓ [ 100% ] 0000/0160 VUs  30s        800.00 iters/s
step_00850 ✓ [ 100% ] 0000/0170 VUs  30s        850.00 iters/s
step_00900 ✓ [ 100% ] 0000/0180 VUs  30s        900.00 iters/s
step_00950   [   3% ] 0003/0190 VUs  01.0s/30s  950.00 iters/s
step_01000 • [   0% ] waiting        0m29.0s   

running (09m02.0s), 0001/0390 VUs, 258368 complete and 0 interrupted iterations
step_00050 ✓ [ 100% ] 000/020 VUs    30s        50.00 iters/s
step_00100 ✓ [ 100% ] 000/020 VUs    30s        100.00 iters/s
step_00150 ✓ [ 100% ] 000/030 VUs    30s        150.00 iters/s
step_00200 ✓ [ 100% ] 000/040 VUs    30s        200.00 iters/s
step_00250 ✓ [ 100% ] 000/050 VUs    30s        250.00 iters/s
step_00300 ✓ [ 100% ] 000/060 VUs    30s        300.00 iters/s
step_00350 ✓ [ 100% ] 0000/0070 VUs  30s        350.00 iters/s
step_00400 ✓ [ 100% ] 0000/0080 VUs  30s        400.00 iters/s
step_00450 ✓ [ 100% ] 0000/0090 VUs  30s        450.00 iters/s
step_00500 ✓ [ 100% ] 0000/0100 VUs  30s        500.00 iters/s
step_00550 ✓ [ 100% ] 0000/0110 VUs  30s        550.00 iters/s
step_00600 ✓ [ 100% ] 0000/0120 VUs  30s        600.00 iters/s
step_00650 ✓ [ 100% ] 0000/0130 VUs  30s        650.00 iters/s
step_00700 ✓ [ 100% ] 0000/0140 VUs  30s        700.00 iters/s
step_00750 ✓ [ 100% ] 0000/0150 VUs  30s        750.00 iters/s
step_00800 ✓ [ 100% ] 0000/0160 VUs  30s        800.00 iters/s
step_00850 ✓ [ 100% ] 0000/0170 VUs  30s        850.00 iters/s
step_00900 ✓ [ 100% ] 0000/0180 VUs  30s        900.00 iters/s
step_00950   [   7% ] 0001/0190 VUs  02.0s/30s  950.00 iters/s
step_01000 • [   0% ] waiting        0m28.0s   

running (09m03.0s), 0001/0390 VUs, 259318 complete and 0 interrupted iterations
step_00050 ✓ [ 100% ] 000/020 VUs    30s        50.00 iters/s
step_00100 ✓ [ 100% ] 000/020 VUs    30s        100.00 iters/s
step_00150 ✓ [ 100% ] 000/030 VUs    30s        150.00 iters/s
step_00200 ✓ [ 100% ] 000/040 VUs    30s        200.00 iters/s
step_00250 ✓ [ 100% ] 000/050 VUs    30s        250.00 iters/s
step_00300 ✓ [ 100% ] 000/060 VUs    30s        300.00 iters/s
step_00350 ✓ [ 100% ] 0000/0070 VUs  30s        350.00 iters/s
step_00400 ✓ [ 100% ] 0000/0080 VUs  30s        400.00 iters/s
step_00450 ✓ [ 100% ] 0000/0090 VUs  30s        450.00 iters/s
step_00500 ✓ [ 100% ] 0000/0100 VUs  30s        500.00 iters/s
step_00550 ✓ [ 100% ] 0000/0110 VUs  30s        550.00 iters/s
step_00600 ✓ [ 100% ] 0000/0120 VUs  30s        600.00 iters/s
step_00650 ✓ [ 100% ] 0000/0130 VUs  30s        650.00 iters/s
step_00700 ✓ [ 100% ] 0000/0140 VUs  30s        700.00 iters/s
step_00750 ✓ [ 100% ] 0000/0150 VUs  30s        750.00 iters/s
step_00800 ✓ [ 100% ] 0000/0160 VUs  30s        800.00 iters/s
step_00850 ✓ [ 100% ] 0000/0170 VUs  30s        850.00 iters/s
step_00900 ✓ [ 100% ] 0000/0180 VUs  30s        900.00 iters/s
step_00950   [  10% ] 0001/0190 VUs  03.0s/30s  950.00 iters/s
step_01000 • [   0% ] waiting        0m27.0s   

running (09m04.0s), 0001/0390 VUs, 260268 complete and 0 interrupted iterations
step_00050 ✓ [ 100% ] 000/020 VUs    30s        50.00 iters/s
step_00100 ✓ [ 100% ] 000/020 VUs    30s        100.00 iters/s
step_00150 ✓ [ 100% ] 000/030 VUs    30s        150.00 iters/s
step_00200 ✓ [ 100% ] 000/040 VUs    30s        200.00 iters/s
step_00250 ✓ [ 100% ] 000/050 VUs    30s        250.00 iters/s
step_00300 ✓ [ 100% ] 000/060 VUs    30s        300.00 iters/s
step_00350 ✓ [ 100% ] 0000/0070 VUs  30s        350.00 iters/s
step_00400 ✓ [ 100% ] 0000/0080 VUs  30s        400.00 iters/s
step_00450 ✓ [ 100% ] 0000/0090 VUs  30s        450.00 iters/s
step_00500 ✓ [ 100% ] 0000/0100 VUs  30s        500.00 iters/s
step_00550 ✓ [ 100% ] 0000/0110 VUs  30s        550.00 iters/s
step_00600 ✓ [ 100% ] 0000/0120 VUs  30s        600.00 iters/s
step_00650 ✓ [ 100% ] 0000/0130 VUs  30s        650.00 iters/s
step_00700 ✓ [ 100% ] 0000/0140 VUs  30s        700.00 iters/s
step_00750 ✓ [ 100% ] 0000/0150 VUs  30s        750.00 iters/s
step_00800 ✓ [ 100% ] 0000/0160 VUs  30s        800.00 iters/s
step_00850 ✓ [ 100% ] 0000/0170 VUs  30s        850.00 iters/s
step_00900 ✓ [ 100% ] 0000/0180 VUs  30s        900.00 iters/s
step_00950   [  13% ] 0001/0190 VUs  04.0s/30s  950.00 iters/s
step_01000 • [   0% ] waiting        0m26.0s   

running (09m05.0s), 0001/0390 VUs, 261218 complete and 0 interrupted iterations
step_00050 ✓ [ 100% ] 000/020 VUs    30s        50.00 iters/s
step_00100 ✓ [ 100% ] 000/020 VUs    30s        100.00 iters/s
step_00150 ✓ [ 100% ] 000/030 VUs    30s        150.00 iters/s
step_00200 ✓ [ 100% ] 000/040 VUs    30s        200.00 iters/s
step_00250 ✓ [ 100% ] 000/050 VUs    30s        250.00 iters/s
step_00300 ✓ [ 100% ] 000/060 VUs    30s        300.00 iters/s
step_00350 ✓ [ 100% ] 0000/0070 VUs  30s        350.00 iters/s
step_00400 ✓ [ 100% ] 0000/0080 VUs  30s        400.00 iters/s
step_00450 ✓ [ 100% ] 0000/0090 VUs  30s        450.00 iters/s
step_00500 ✓ [ 100% ] 0000/0100 VUs  30s        500.00 iters/s
step_00550 ✓ [ 100% ] 0000/0110 VUs  30s        550.00 iters/s
step_00600 ✓ [ 100% ] 0000/0120 VUs  30s        600.00 iters/s
step_00650 ✓ [ 100% ] 0000/0130 VUs  30s        650.00 iters/s
step_00700 ✓ [ 100% ] 0000/0140 VUs  30s        700.00 iters/s
step_00750 ✓ [ 100% ] 0000/0150 VUs  30s        750.00 iters/s
step_00800 ✓ [ 100% ] 0000/0160 VUs  30s        800.00 iters/s
step_00850 ✓ [ 100% ] 0000/0170 VUs  30s        850.00 iters/s
step_00900 ✓ [ 100% ] 0000/0180 VUs  30s        900.00 iters/s
step_00950   [  17% ] 0001/0190 VUs  05.0s/30s  950.00 iters/s
step_01000 • [   0% ] waiting        0m25.0s   

running (09m06.0s), 0003/0390 VUs, 262167 complete and 0 interrupted iterations
step_00050 ✓ [ 100% ] 000/020 VUs    30s        50.00 iters/s
step_00100 ✓ [ 100% ] 000/020 VUs    30s        100.00 iters/s
step_00150 ✓ [ 100% ] 000/030 VUs    30s        150.00 iters/s
step_00200 ✓ [ 100% ] 000/040 VUs    30s        200.00 iters/s
step_00250 ✓ [ 100% ] 000/050 VUs    30s        250.00 iters/s
step_00300 ✓ [ 100% ] 000/060 VUs    30s        300.00 iters/s
step_00350 ✓ [ 100% ] 0000/0070 VUs  30s        350.00 iters/s
step_00400 ✓ [ 100% ] 0000/0080 VUs  30s        400.00 iters/s
step_00450 ✓ [ 100% ] 0000/0090 VUs  30s        450.00 iters/s
step_00500 ✓ [ 100% ] 0000/0100 VUs  30s        500.00 iters/s
step_00550 ✓ [ 100% ] 0000/0110 VUs  30s        550.00 iters/s
step_00600 ✓ [ 100% ] 0000/0120 VUs  30s        600.00 iters/s
step_00650 ✓ [ 100% ] 0000/0130 VUs  30s        650.00 iters/s
step_00700 ✓ [ 100% ] 0000/0140 VUs  30s        700.00 iters/s
step_00750 ✓ [ 100% ] 0000/0150 VUs  30s        750.00 iters/s
step_00800 ✓ [ 100% ] 0000/0160 VUs  30s        800.00 iters/s
step_00850 ✓ [ 100% ] 0000/0170 VUs  30s        850.00 iters/s
step_00900 ✓ [ 100% ] 0000/0180 VUs  30s        900.00 iters/s
step_00950   [  20% ] 0003/0190 VUs  06.0s/30s  950.00 iters/s
step_01000 • [   0% ] waiting        0m24.0s   

running (09m07.0s), 0001/0390 VUs, 263118 complete and 0 interrupted iterations
step_00050 ✓ [ 100% ] 000/020 VUs    30s        50.00 iters/s
step_00100 ✓ [ 100% ] 000/020 VUs    30s        100.00 iters/s
step_00150 ✓ [ 100% ] 000/030 VUs    30s        150.00 iters/s
step_00200 ✓ [ 100% ] 000/040 VUs    30s        200.00 iters/s
step_00250 ✓ [ 100% ] 000/050 VUs    30s        250.00 iters/s
step_00300 ✓ [ 100% ] 000/060 VUs    30s        300.00 iters/s
step_00350 ✓ [ 100% ] 0000/0070 VUs  30s        350.00 iters/s
step_00400 ✓ [ 100% ] 0000/0080 VUs  30s        400.00 iters/s
step_00450 ✓ [ 100% ] 0000/0090 VUs  30s        450.00 iters/s
step_00500 ✓ [ 100% ] 0000/0100 VUs  30s        500.00 iters/s
step_00550 ✓ [ 100% ] 0000/0110 VUs  30s        550.00 iters/s
step_00600 ✓ [ 100% ] 0000/0120 VUs  30s        600.00 iters/s
step_00650 ✓ [ 100% ] 0000/0130 VUs  30s        650.00 iters/s
step_00700 ✓ [ 100% ] 0000/0140 VUs  30s        700.00 iters/s
step_00750 ✓ [ 100% ] 0000/0150 VUs  30s        750.00 iters/s
step_00800 ✓ [ 100% ] 0000/0160 VUs  30s        800.00 iters/s
step_00850 ✓ [ 100% ] 0000/0170 VUs  30s        850.00 iters/s
step_00900 ✓ [ 100% ] 0000/0180 VUs  30s        900.00 iters/s
step_00950   [  23% ] 0001/0190 VUs  07.0s/30s  950.00 iters/s
step_01000 • [   0% ] waiting        0m23.0s   

running (09m08.0s), 0002/0390 VUs, 264067 complete and 0 interrupted iterations
step_00050 ✓ [ 100% ] 000/020 VUs    30s        50.00 iters/s
step_00100 ✓ [ 100% ] 000/020 VUs    30s        100.00 iters/s
step_00150 ✓ [ 100% ] 000/030 VUs    30s        150.00 iters/s
step_00200 ✓ [ 100% ] 000/040 VUs    30s        200.00 iters/s
step_00250 ✓ [ 100% ] 000/050 VUs    30s        250.00 iters/s
step_00300 ✓ [ 100% ] 000/060 VUs    30s        300.00 iters/s
step_00350 ✓ [ 100% ] 0000/0070 VUs  30s        350.00 iters/s
step_00400 ✓ [ 100% ] 0000/0080 VUs  30s        400.00 iters/s
step_00450 ✓ [ 100% ] 0000/0090 VUs  30s        450.00 iters/s
step_00500 ✓ [ 100% ] 0000/0100 VUs  30s        500.00 iters/s
step_00550 ✓ [ 100% ] 0000/0110 VUs  30s        550.00 iters/s
step_00600 ✓ [ 100% ] 0000/0120 VUs  30s        600.00 iters/s
step_00650 ✓ [ 100% ] 0000/0130 VUs  30s        650.00 iters/s
step_00700 ✓ [ 100% ] 0000/0140 VUs  30s        700.00 iters/s
step_00750 ✓ [ 100% ] 0000/0150 VUs  30s        750.00 iters/s
step_00800 ✓ [ 100% ] 0000/0160 VUs  30s        800.00 iters/s
step_00850 ✓ [ 100% ] 0000/0170 VUs  30s        850.00 iters/s
step_00900 ✓ [ 100% ] 0000/0180 VUs  30s        900.00 iters/s
step_00950   [  27% ] 0002/0190 VUs  08.0s/30s  950.00 iters/s
step_01000 • [   0% ] waiting        0m22.0s   

running (09m09.0s), 0001/0390 VUs, 265018 complete and 0 interrupted iterations
step_00050 ✓ [ 100% ] 000/020 VUs    30s        50.00 iters/s
step_00100 ✓ [ 100% ] 000/020 VUs    30s        100.00 iters/s
step_00150 ✓ [ 100% ] 000/030 VUs    30s        150.00 iters/s
step_00200 ✓ [ 100% ] 000/040 VUs    30s        200.00 iters/s
step_00250 ✓ [ 100% ] 000/050 VUs    30s        250.00 iters/s
step_00300 ✓ [ 100% ] 000/060 VUs    30s        300.00 iters/s
step_00350 ✓ [ 100% ] 0000/0070 VUs  30s        350.00 iters/s
step_00400 ✓ [ 100% ] 0000/0080 VUs  30s        400.00 iters/s
step_00450 ✓ [ 100% ] 0000/0090 VUs  30s        450.00 iters/s
step_00500 ✓ [ 100% ] 0000/0100 VUs  30s        500.00 iters/s
step_00550 ✓ [ 100% ] 0000/0110 VUs  30s        550.00 iters/s
step_00600 ✓ [ 100% ] 0000/0120 VUs  30s        600.00 iters/s
step_00650 ✓ [ 100% ] 0000/0130 VUs  30s        650.00 iters/s
step_00700 ✓ [ 100% ] 0000/0140 VUs  30s        700.00 iters/s
step_00750 ✓ [ 100% ] 0000/0150 VUs  30s        750.00 iters/s
step_00800 ✓ [ 100% ] 0000/0160 VUs  30s        800.00 iters/s
step_00850 ✓ [ 100% ] 0000/0170 VUs  30s        850.00 iters/s
step_00900 ✓ [ 100% ] 0000/0180 VUs  30s        900.00 iters/s
step_00950   [  30% ] 0001/0190 VUs  09.0s/30s  950.00 iters/s
step_01000 • [   0% ] waiting        0m21.0s   

running (09m10.0s), 0001/0390 VUs, 265968 complete and 0 interrupted iterations
step_00050 ✓ [ 100% ] 000/020 VUs    30s        50.00 iters/s
step_00100 ✓ [ 100% ] 000/020 VUs    30s        100.00 iters/s
step_00150 ✓ [ 100% ] 000/030 VUs    30s        150.00 iters/s
step_00200 ✓ [ 100% ] 000/040 VUs    30s        200.00 iters/s
step_00250 ✓ [ 100% ] 000/050 VUs    30s        250.00 iters/s
step_00300 ✓ [ 100% ] 000/060 VUs    30s        300.00 iters/s
step_00350 ✓ [ 100% ] 0000/0070 VUs  30s        350.00 iters/s
step_00400 ✓ [ 100% ] 0000/0080 VUs  30s        400.00 iters/s
step_00450 ✓ [ 100% ] 0000/0090 VUs  30s        450.00 iters/s
step_00500 ✓ [ 100% ] 0000/0100 VUs  30s        500.00 iters/s
step_00550 ✓ [ 100% ] 0000/0110 VUs  30s        550.00 iters/s
step_00600 ✓ [ 100% ] 0000/0120 VUs  30s        600.00 iters/s
step_00650 ✓ [ 100% ] 0000/0130 VUs  30s        650.00 iters/s
step_00700 ✓ [ 100% ] 0000/0140 VUs  30s        700.00 iters/s
step_00750 ✓ [ 100% ] 0000/0150 VUs  30s        750.00 iters/s
step_00800 ✓ [ 100% ] 0000/0160 VUs  30s        800.00 iters/s
step_00850 ✓ [ 100% ] 0000/0170 VUs  30s        850.00 iters/s
step_00900 ✓ [ 100% ] 0000/0180 VUs  30s        900.00 iters/s
step_00950   [  33% ] 0001/0190 VUs  10.0s/30s  950.00 iters/s
step_01000 • [   0% ] waiting        0m20.0s   

running (09m11.0s), 0002/0390 VUs, 266917 complete and 0 interrupted iterations
step_00050 ✓ [ 100% ] 000/020 VUs    30s        50.00 iters/s
step_00100 ✓ [ 100% ] 000/020 VUs    30s        100.00 iters/s
step_00150 ✓ [ 100% ] 000/030 VUs    30s        150.00 iters/s
step_00200 ✓ [ 100% ] 000/040 VUs    30s        200.00 iters/s
step_00250 ✓ [ 100% ] 000/050 VUs    30s        250.00 iters/s
step_00300 ✓ [ 100% ] 000/060 VUs    30s        300.00 iters/s
step_00350 ✓ [ 100% ] 0000/0070 VUs  30s        350.00 iters/s
step_00400 ✓ [ 100% ] 0000/0080 VUs  30s        400.00 iters/s
step_00450 ✓ [ 100% ] 0000/0090 VUs  30s        450.00 iters/s
step_00500 ✓ [ 100% ] 0000/0100 VUs  30s        500.00 iters/s
step_00550 ✓ [ 100% ] 0000/0110 VUs  30s        550.00 iters/s
step_00600 ✓ [ 100% ] 0000/0120 VUs  30s        600.00 iters/s
step_00650 ✓ [ 100% ] 0000/0130 VUs  30s        650.00 iters/s
step_00700 ✓ [ 100% ] 0000/0140 VUs  30s        700.00 iters/s
step_00750 ✓ [ 100% ] 0000/0150 VUs  30s        750.00 iters/s
step_00800 ✓ [ 100% ] 0000/0160 VUs  30s        800.00 iters/s
step_00850 ✓ [ 100% ] 0000/0170 VUs  30s        850.00 iters/s
step_00900 ✓ [ 100% ] 0000/0180 VUs  30s        900.00 iters/s
step_00950   [  37% ] 0002/0190 VUs  11.0s/30s  950.00 iters/s
step_01000 • [   0% ] waiting        0m19.0s   

running (09m12.0s), 0001/0390 VUs, 267868 complete and 0 interrupted iterations
step_00050 ✓ [ 100% ] 000/020 VUs    30s        50.00 iters/s
step_00100 ✓ [ 100% ] 000/020 VUs    30s        100.00 iters/s
step_00150 ✓ [ 100% ] 000/030 VUs    30s        150.00 iters/s
step_00200 ✓ [ 100% ] 000/040 VUs    30s        200.00 iters/s
step_00250 ✓ [ 100% ] 000/050 VUs    30s        250.00 iters/s
step_00300 ✓ [ 100% ] 000/060 VUs    30s        300.00 iters/s
step_00350 ✓ [ 100% ] 0000/0070 VUs  30s        350.00 iters/s
step_00400 ✓ [ 100% ] 0000/0080 VUs  30s        400.00 iters/s
step_00450 ✓ [ 100% ] 0000/0090 VUs  30s        450.00 iters/s
step_00500 ✓ [ 100% ] 0000/0100 VUs  30s        500.00 iters/s
step_00550 ✓ [ 100% ] 0000/0110 VUs  30s        550.00 iters/s
step_00600 ✓ [ 100% ] 0000/0120 VUs  30s        600.00 iters/s
step_00650 ✓ [ 100% ] 0000/0130 VUs  30s        650.00 iters/s
step_00700 ✓ [ 100% ] 0000/0140 VUs  30s        700.00 iters/s
step_00750 ✓ [ 100% ] 0000/0150 VUs  30s        750.00 iters/s
step_00800 ✓ [ 100% ] 0000/0160 VUs  30s        800.00 iters/s
step_00850 ✓ [ 100% ] 0000/0170 VUs  30s        850.00 iters/s
step_00900 ✓ [ 100% ] 0000/0180 VUs  30s        900.00 iters/s
step_00950   [  40% ] 0001/0190 VUs  12.0s/30s  950.00 iters/s
step_01000 • [   0% ] waiting        0m18.0s   

running (09m13.0s), 0001/0390 VUs, 268818 complete and 0 interrupted iterations
step_00050 ✓ [ 100% ] 000/020 VUs    30s        50.00 iters/s
step_00100 ✓ [ 100% ] 000/020 VUs    30s        100.00 iters/s
step_00150 ✓ [ 100% ] 000/030 VUs    30s        150.00 iters/s
step_00200 ✓ [ 100% ] 000/040 VUs    30s        200.00 iters/s
step_00250 ✓ [ 100% ] 000/050 VUs    30s        250.00 iters/s
step_00300 ✓ [ 100% ] 000/060 VUs    30s        300.00 iters/s
step_00350 ✓ [ 100% ] 0000/0070 VUs  30s        350.00 iters/s
step_00400 ✓ [ 100% ] 0000/0080 VUs  30s        400.00 iters/s
step_00450 ✓ [ 100% ] 0000/0090 VUs  30s        450.00 iters/s
step_00500 ✓ [ 100% ] 0000/0100 VUs  30s        500.00 iters/s
step_00550 ✓ [ 100% ] 0000/0110 VUs  30s        550.00 iters/s
step_00600 ✓ [ 100% ] 0000/0120 VUs  30s        600.00 iters/s
step_00650 ✓ [ 100% ] 0000/0130 VUs  30s        650.00 iters/s
step_00700 ✓ [ 100% ] 0000/0140 VUs  30s        700.00 iters/s
step_00750 ✓ [ 100% ] 0000/0150 VUs  30s        750.00 iters/s
step_00800 ✓ [ 100% ] 0000/0160 VUs  30s        800.00 iters/s
step_00850 ✓ [ 100% ] 0000/0170 VUs  30s        850.00 iters/s
step_00900 ✓ [ 100% ] 0000/0180 VUs  30s        900.00 iters/s
step_00950   [  43% ] 0001/0190 VUs  13.0s/30s  950.00 iters/s
step_01000 • [   0% ] waiting        0m17.0s   

running (09m14.0s), 0002/0390 VUs, 269767 complete and 0 interrupted iterations
step_00050 ✓ [ 100% ] 000/020 VUs    30s        50.00 iters/s
step_00100 ✓ [ 100% ] 000/020 VUs    30s        100.00 iters/s
step_00150 ✓ [ 100% ] 000/030 VUs    30s        150.00 iters/s
step_00200 ✓ [ 100% ] 000/040 VUs    30s        200.00 iters/s
step_00250 ✓ [ 100% ] 000/050 VUs    30s        250.00 iters/s
step_00300 ✓ [ 100% ] 000/060 VUs    30s        300.00 iters/s
step_00350 ✓ [ 100% ] 0000/0070 VUs  30s        350.00 iters/s
step_00400 ✓ [ 100% ] 0000/0080 VUs  30s        400.00 iters/s
step_00450 ✓ [ 100% ] 0000/0090 VUs  30s        450.00 iters/s
step_00500 ✓ [ 100% ] 0000/0100 VUs  30s        500.00 iters/s
step_00550 ✓ [ 100% ] 0000/0110 VUs  30s        550.00 iters/s
step_00600 ✓ [ 100% ] 0000/0120 VUs  30s        600.00 iters/s
step_00650 ✓ [ 100% ] 0000/0130 VUs  30s        650.00 iters/s
step_00700 ✓ [ 100% ] 0000/0140 VUs  30s        700.00 iters/s
step_00750 ✓ [ 100% ] 0000/0150 VUs  30s        750.00 iters/s
step_00800 ✓ [ 100% ] 0000/0160 VUs  30s        800.00 iters/s
step_00850 ✓ [ 100% ] 0000/0170 VUs  30s        850.00 iters/s
step_00900 ✓ [ 100% ] 0000/0180 VUs  30s        900.00 iters/s
step_00950   [  47% ] 0002/0190 VUs  14.0s/30s  950.00 iters/s
step_01000 • [   0% ] waiting        0m16.0s   

running (09m15.0s), 0001/0390 VUs, 270718 complete and 0 interrupted iterations
step_00050 ✓ [ 100% ] 000/020 VUs    30s        50.00 iters/s
step_00100 ✓ [ 100% ] 000/020 VUs    30s        100.00 iters/s
step_00150 ✓ [ 100% ] 000/030 VUs    30s        150.00 iters/s
step_00200 ✓ [ 100% ] 000/040 VUs    30s        200.00 iters/s
step_00250 ✓ [ 100% ] 000/050 VUs    30s        250.00 iters/s
step_00300 ✓ [ 100% ] 000/060 VUs    30s        300.00 iters/s
step_00350 ✓ [ 100% ] 0000/0070 VUs  30s        350.00 iters/s
step_00400 ✓ [ 100% ] 0000/0080 VUs  30s        400.00 iters/s
step_00450 ✓ [ 100% ] 0000/0090 VUs  30s        450.00 iters/s
step_00500 ✓ [ 100% ] 0000/0100 VUs  30s        500.00 iters/s
step_00550 ✓ [ 100% ] 0000/0110 VUs  30s        550.00 iters/s
step_00600 ✓ [ 100% ] 0000/0120 VUs  30s        600.00 iters/s
step_00650 ✓ [ 100% ] 0000/0130 VUs  30s        650.00 iters/s
step_00700 ✓ [ 100% ] 0000/0140 VUs  30s        700.00 iters/s
step_00750 ✓ [ 100% ] 0000/0150 VUs  30s        750.00 iters/s
step_00800 ✓ [ 100% ] 0000/0160 VUs  30s        800.00 iters/s
step_00850 ✓ [ 100% ] 0000/0170 VUs  30s        850.00 iters/s
step_00900 ✓ [ 100% ] 0000/0180 VUs  30s        900.00 iters/s
step_00950   [  50% ] 0001/0190 VUs  15.0s/30s  950.00 iters/s
step_01000 • [   0% ] waiting        0m15.0s   

running (09m16.0s), 0001/0390 VUs, 271668 complete and 0 interrupted iterations
step_00050 ✓ [ 100% ] 000/020 VUs    30s        50.00 iters/s
step_00100 ✓ [ 100% ] 000/020 VUs    30s        100.00 iters/s
step_00150 ✓ [ 100% ] 000/030 VUs    30s        150.00 iters/s
step_00200 ✓ [ 100% ] 000/040 VUs    30s        200.00 iters/s
step_00250 ✓ [ 100% ] 000/050 VUs    30s        250.00 iters/s
step_00300 ✓ [ 100% ] 000/060 VUs    30s        300.00 iters/s
step_00350 ✓ [ 100% ] 0000/0070 VUs  30s        350.00 iters/s
step_00400 ✓ [ 100% ] 0000/0080 VUs  30s        400.00 iters/s
step_00450 ✓ [ 100% ] 0000/0090 VUs  30s        450.00 iters/s
step_00500 ✓ [ 100% ] 0000/0100 VUs  30s        500.00 iters/s
step_00550 ✓ [ 100% ] 0000/0110 VUs  30s        550.00 iters/s
step_00600 ✓ [ 100% ] 0000/0120 VUs  30s        600.00 iters/s
step_00650 ✓ [ 100% ] 0000/0130 VUs  30s        650.00 iters/s
step_00700 ✓ [ 100% ] 0000/0140 VUs  30s        700.00 iters/s
step_00750 ✓ [ 100% ] 0000/0150 VUs  30s        750.00 iters/s
step_00800 ✓ [ 100% ] 0000/0160 VUs  30s        800.00 iters/s
step_00850 ✓ [ 100% ] 0000/0170 VUs  30s        850.00 iters/s
step_00900 ✓ [ 100% ] 0000/0180 VUs  30s        900.00 iters/s
step_00950   [  53% ] 0001/0190 VUs  16.0s/30s  950.00 iters/s
step_01000 • [   0% ] waiting        0m14.0s   

running (09m17.0s), 0001/0390 VUs, 272618 complete and 0 interrupted iterations
step_00050 ✓ [ 100% ] 000/020 VUs    30s        50.00 iters/s
step_00100 ✓ [ 100% ] 000/020 VUs    30s        100.00 iters/s
step_00150 ✓ [ 100% ] 000/030 VUs    30s        150.00 iters/s
step_00200 ✓ [ 100% ] 000/040 VUs    30s        200.00 iters/s
step_00250 ✓ [ 100% ] 000/050 VUs    30s        250.00 iters/s
step_00300 ✓ [ 100% ] 000/060 VUs    30s        300.00 iters/s
step_00350 ✓ [ 100% ] 0000/0070 VUs  30s        350.00 iters/s
step_00400 ✓ [ 100% ] 0000/0080 VUs  30s        400.00 iters/s
step_00450 ✓ [ 100% ] 0000/0090 VUs  30s        450.00 iters/s
step_00500 ✓ [ 100% ] 0000/0100 VUs  30s        500.00 iters/s
step_00550 ✓ [ 100% ] 0000/0110 VUs  30s        550.00 iters/s
step_00600 ✓ [ 100% ] 0000/0120 VUs  30s        600.00 iters/s
step_00650 ✓ [ 100% ] 0000/0130 VUs  30s        650.00 iters/s
step_00700 ✓ [ 100% ] 0000/0140 VUs  30s        700.00 iters/s
step_00750 ✓ [ 100% ] 0000/0150 VUs  30s        750.00 iters/s
step_00800 ✓ [ 100% ] 0000/0160 VUs  30s        800.00 iters/s
step_00850 ✓ [ 100% ] 0000/0170 VUs  30s        850.00 iters/s
step_00900 ✓ [ 100% ] 0000/0180 VUs  30s        900.00 iters/s
step_00950   [  57% ] 0001/0190 VUs  17.0s/30s  950.00 iters/s
step_01000 • [   0% ] waiting        0m13.0s   

running (09m18.0s), 0001/0390 VUs, 273568 complete and 0 interrupted iterations
step_00050 ✓ [ 100% ] 000/020 VUs    30s        50.00 iters/s
step_00100 ✓ [ 100% ] 000/020 VUs    30s        100.00 iters/s
step_00150 ✓ [ 100% ] 000/030 VUs    30s        150.00 iters/s
step_00200 ✓ [ 100% ] 000/040 VUs    30s        200.00 iters/s
step_00250 ✓ [ 100% ] 000/050 VUs    30s        250.00 iters/s
step_00300 ✓ [ 100% ] 000/060 VUs    30s        300.00 iters/s
step_00350 ✓ [ 100% ] 0000/0070 VUs  30s        350.00 iters/s
step_00400 ✓ [ 100% ] 0000/0080 VUs  30s        400.00 iters/s
step_00450 ✓ [ 100% ] 0000/0090 VUs  30s        450.00 iters/s
step_00500 ✓ [ 100% ] 0000/0100 VUs  30s        500.00 iters/s
step_00550 ✓ [ 100% ] 0000/0110 VUs  30s        550.00 iters/s
step_00600 ✓ [ 100% ] 0000/0120 VUs  30s        600.00 iters/s
step_00650 ✓ [ 100% ] 0000/0130 VUs  30s        650.00 iters/s
step_00700 ✓ [ 100% ] 0000/0140 VUs  30s        700.00 iters/s
step_00750 ✓ [ 100% ] 0000/0150 VUs  30s        750.00 iters/s
step_00800 ✓ [ 100% ] 0000/0160 VUs  30s        800.00 iters/s
step_00850 ✓ [ 100% ] 0000/0170 VUs  30s        850.00 iters/s
step_00900 ✓ [ 100% ] 0000/0180 VUs  30s        900.00 iters/s
step_00950   [  60% ] 0001/0190 VUs  18.0s/30s  950.00 iters/s
step_01000 • [   0% ] waiting        0m12.0s   

running (09m19.0s), 0001/0390 VUs, 274518 complete and 0 interrupted iterations
step_00050 ✓ [ 100% ] 000/020 VUs    30s        50.00 iters/s
step_00100 ✓ [ 100% ] 000/020 VUs    30s        100.00 iters/s
step_00150 ✓ [ 100% ] 000/030 VUs    30s        150.00 iters/s
step_00200 ✓ [ 100% ] 000/040 VUs    30s        200.00 iters/s
step_00250 ✓ [ 100% ] 000/050 VUs    30s        250.00 iters/s
step_00300 ✓ [ 100% ] 000/060 VUs    30s        300.00 iters/s
step_00350 ✓ [ 100% ] 0000/0070 VUs  30s        350.00 iters/s
step_00400 ✓ [ 100% ] 0000/0080 VUs  30s        400.00 iters/s
step_00450 ✓ [ 100% ] 0000/0090 VUs  30s        450.00 iters/s
step_00500 ✓ [ 100% ] 0000/0100 VUs  30s        500.00 iters/s
step_00550 ✓ [ 100% ] 0000/0110 VUs  30s        550.00 iters/s
step_00600 ✓ [ 100% ] 0000/0120 VUs  30s        600.00 iters/s
step_00650 ✓ [ 100% ] 0000/0130 VUs  30s        650.00 iters/s
step_00700 ✓ [ 100% ] 0000/0140 VUs  30s        700.00 iters/s
step_00750 ✓ [ 100% ] 0000/0150 VUs  30s        750.00 iters/s
step_00800 ✓ [ 100% ] 0000/0160 VUs  30s        800.00 iters/s
step_00850 ✓ [ 100% ] 0000/0170 VUs  30s        850.00 iters/s
step_00900 ✓ [ 100% ] 0000/0180 VUs  30s        900.00 iters/s
step_00950   [  63% ] 0001/0190 VUs  19.0s/30s  950.00 iters/s
step_01000 • [   0% ] waiting        0m11.0s   

running (09m20.0s), 0001/0390 VUs, 275468 complete and 0 interrupted iterations
step_00050 ✓ [ 100% ] 000/020 VUs    30s        50.00 iters/s
step_00100 ✓ [ 100% ] 000/020 VUs    30s        100.00 iters/s
step_00150 ✓ [ 100% ] 000/030 VUs    30s        150.00 iters/s
step_00200 ✓ [ 100% ] 000/040 VUs    30s        200.00 iters/s
step_00250 ✓ [ 100% ] 000/050 VUs    30s        250.00 iters/s
step_00300 ✓ [ 100% ] 000/060 VUs    30s        300.00 iters/s
step_00350 ✓ [ 100% ] 0000/0070 VUs  30s        350.00 iters/s
step_00400 ✓ [ 100% ] 0000/0080 VUs  30s        400.00 iters/s
step_00450 ✓ [ 100% ] 0000/0090 VUs  30s        450.00 iters/s
step_00500 ✓ [ 100% ] 0000/0100 VUs  30s        500.00 iters/s
step_00550 ✓ [ 100% ] 0000/0110 VUs  30s        550.00 iters/s
step_00600 ✓ [ 100% ] 0000/0120 VUs  30s        600.00 iters/s
step_00650 ✓ [ 100% ] 0000/0130 VUs  30s        650.00 iters/s
step_00700 ✓ [ 100% ] 0000/0140 VUs  30s        700.00 iters/s
step_00750 ✓ [ 100% ] 0000/0150 VUs  30s        750.00 iters/s
step_00800 ✓ [ 100% ] 0000/0160 VUs  30s        800.00 iters/s
step_00850 ✓ [ 100% ] 0000/0170 VUs  30s        850.00 iters/s
step_00900 ✓ [ 100% ] 0000/0180 VUs  30s        900.00 iters/s
step_00950   [  67% ] 0001/0190 VUs  20.0s/30s  950.00 iters/s
step_01000 • [   0% ] waiting        0m10.0s   

running (09m21.0s), 0002/0390 VUs, 276417 complete and 0 interrupted iterations
step_00050 ✓ [ 100% ] 000/020 VUs    30s        50.00 iters/s
step_00100 ✓ [ 100% ] 000/020 VUs    30s        100.00 iters/s
step_00150 ✓ [ 100% ] 000/030 VUs    30s        150.00 iters/s
step_00200 ✓ [ 100% ] 000/040 VUs    30s        200.00 iters/s
step_00250 ✓ [ 100% ] 000/050 VUs    30s        250.00 iters/s
step_00300 ✓ [ 100% ] 000/060 VUs    30s        300.00 iters/s
step_00350 ✓ [ 100% ] 0000/0070 VUs  30s        350.00 iters/s
step_00400 ✓ [ 100% ] 0000/0080 VUs  30s        400.00 iters/s
step_00450 ✓ [ 100% ] 0000/0090 VUs  30s        450.00 iters/s
step_00500 ✓ [ 100% ] 0000/0100 VUs  30s        500.00 iters/s
step_00550 ✓ [ 100% ] 0000/0110 VUs  30s        550.00 iters/s
step_00600 ✓ [ 100% ] 0000/0120 VUs  30s        600.00 iters/s
step_00650 ✓ [ 100% ] 0000/0130 VUs  30s        650.00 iters/s
step_00700 ✓ [ 100% ] 0000/0140 VUs  30s        700.00 iters/s
step_00750 ✓ [ 100% ] 0000/0150 VUs  30s        750.00 iters/s
step_00800 ✓ [ 100% ] 0000/0160 VUs  30s        800.00 iters/s
step_00850 ✓ [ 100% ] 0000/0170 VUs  30s        850.00 iters/s
step_00900 ✓ [ 100% ] 0000/0180 VUs  30s        900.00 iters/s
step_00950   [  70% ] 0002/0190 VUs  21.0s/30s  950.00 iters/s
step_01000 • [   0% ] waiting        0m09.0s   

running (09m22.0s), 0001/0390 VUs, 277368 complete and 0 interrupted iterations
step_00050 ✓ [ 100% ] 000/020 VUs    30s        50.00 iters/s
step_00100 ✓ [ 100% ] 000/020 VUs    30s        100.00 iters/s
step_00150 ✓ [ 100% ] 000/030 VUs    30s        150.00 iters/s
step_00200 ✓ [ 100% ] 000/040 VUs    30s        200.00 iters/s
step_00250 ✓ [ 100% ] 000/050 VUs    30s        250.00 iters/s
step_00300 ✓ [ 100% ] 000/060 VUs    30s        300.00 iters/s
step_00350 ✓ [ 100% ] 0000/0070 VUs  30s        350.00 iters/s
step_00400 ✓ [ 100% ] 0000/0080 VUs  30s        400.00 iters/s
step_00450 ✓ [ 100% ] 0000/0090 VUs  30s        450.00 iters/s
step_00500 ✓ [ 100% ] 0000/0100 VUs  30s        500.00 iters/s
step_00550 ✓ [ 100% ] 0000/0110 VUs  30s        550.00 iters/s
step_00600 ✓ [ 100% ] 0000/0120 VUs  30s        600.00 iters/s
step_00650 ✓ [ 100% ] 0000/0130 VUs  30s        650.00 iters/s
step_00700 ✓ [ 100% ] 0000/0140 VUs  30s        700.00 iters/s
step_00750 ✓ [ 100% ] 0000/0150 VUs  30s        750.00 iters/s
step_00800 ✓ [ 100% ] 0000/0160 VUs  30s        800.00 iters/s
step_00850 ✓ [ 100% ] 0000/0170 VUs  30s        850.00 iters/s
step_00900 ✓ [ 100% ] 0000/0180 VUs  30s        900.00 iters/s
step_00950   [  73% ] 0001/0190 VUs  22.0s/30s  950.00 iters/s
step_01000 • [   0% ] waiting        0m08.0s   

running (09m23.0s), 0001/0390 VUs, 278318 complete and 0 interrupted iterations
step_00050 ✓ [ 100% ] 000/020 VUs    30s        50.00 iters/s
step_00100 ✓ [ 100% ] 000/020 VUs    30s        100.00 iters/s
step_00150 ✓ [ 100% ] 000/030 VUs    30s        150.00 iters/s
step_00200 ✓ [ 100% ] 000/040 VUs    30s        200.00 iters/s
step_00250 ✓ [ 100% ] 000/050 VUs    30s        250.00 iters/s
step_00300 ✓ [ 100% ] 000/060 VUs    30s        300.00 iters/s
step_00350 ✓ [ 100% ] 0000/0070 VUs  30s        350.00 iters/s
step_00400 ✓ [ 100% ] 0000/0080 VUs  30s        400.00 iters/s
step_00450 ✓ [ 100% ] 0000/0090 VUs  30s        450.00 iters/s
step_00500 ✓ [ 100% ] 0000/0100 VUs  30s        500.00 iters/s
step_00550 ✓ [ 100% ] 0000/0110 VUs  30s        550.00 iters/s
step_00600 ✓ [ 100% ] 0000/0120 VUs  30s        600.00 iters/s
step_00650 ✓ [ 100% ] 0000/0130 VUs  30s        650.00 iters/s
step_00700 ✓ [ 100% ] 0000/0140 VUs  30s        700.00 iters/s
step_00750 ✓ [ 100% ] 0000/0150 VUs  30s        750.00 iters/s
step_00800 ✓ [ 100% ] 0000/0160 VUs  30s        800.00 iters/s
step_00850 ✓ [ 100% ] 0000/0170 VUs  30s        850.00 iters/s
step_00900 ✓ [ 100% ] 0000/0180 VUs  30s        900.00 iters/s
step_00950   [  77% ] 0001/0190 VUs  23.0s/30s  950.00 iters/s
step_01000 • [   0% ] waiting        0m07.0s   

running (09m24.0s), 0001/0390 VUs, 279268 complete and 0 interrupted iterations
step_00050 ✓ [ 100% ] 000/020 VUs    30s        50.00 iters/s
step_00100 ✓ [ 100% ] 000/020 VUs    30s        100.00 iters/s
step_00150 ✓ [ 100% ] 000/030 VUs    30s        150.00 iters/s
step_00200 ✓ [ 100% ] 000/040 VUs    30s        200.00 iters/s
step_00250 ✓ [ 100% ] 000/050 VUs    30s        250.00 iters/s
step_00300 ✓ [ 100% ] 000/060 VUs    30s        300.00 iters/s
step_00350 ✓ [ 100% ] 0000/0070 VUs  30s        350.00 iters/s
step_00400 ✓ [ 100% ] 0000/0080 VUs  30s        400.00 iters/s
step_00450 ✓ [ 100% ] 0000/0090 VUs  30s        450.00 iters/s
step_00500 ✓ [ 100% ] 0000/0100 VUs  30s        500.00 iters/s
step_00550 ✓ [ 100% ] 0000/0110 VUs  30s        550.00 iters/s
step_00600 ✓ [ 100% ] 0000/0120 VUs  30s        600.00 iters/s
step_00650 ✓ [ 100% ] 0000/0130 VUs  30s        650.00 iters/s
step_00700 ✓ [ 100% ] 0000/0140 VUs  30s        700.00 iters/s
step_00750 ✓ [ 100% ] 0000/0150 VUs  30s        750.00 iters/s
step_00800 ✓ [ 100% ] 0000/0160 VUs  30s        800.00 iters/s
step_00850 ✓ [ 100% ] 0000/0170 VUs  30s        850.00 iters/s
step_00900 ✓ [ 100% ] 0000/0180 VUs  30s        900.00 iters/s
step_00950   [  80% ] 0001/0190 VUs  24.0s/30s  950.00 iters/s
step_01000 • [   0% ] waiting        0m06.0s   

running (09m25.0s), 0001/0390 VUs, 280218 complete and 0 interrupted iterations
step_00050 ✓ [ 100% ] 000/020 VUs    30s        50.00 iters/s
step_00100 ✓ [ 100% ] 000/020 VUs    30s        100.00 iters/s
step_00150 ✓ [ 100% ] 000/030 VUs    30s        150.00 iters/s
step_00200 ✓ [ 100% ] 000/040 VUs    30s        200.00 iters/s
step_00250 ✓ [ 100% ] 000/050 VUs    30s        250.00 iters/s
step_00300 ✓ [ 100% ] 000/060 VUs    30s        300.00 iters/s
step_00350 ✓ [ 100% ] 0000/0070 VUs  30s        350.00 iters/s
step_00400 ✓ [ 100% ] 0000/0080 VUs  30s        400.00 iters/s
step_00450 ✓ [ 100% ] 0000/0090 VUs  30s        450.00 iters/s
step_00500 ✓ [ 100% ] 0000/0100 VUs  30s        500.00 iters/s
step_00550 ✓ [ 100% ] 0000/0110 VUs  30s        550.00 iters/s
step_00600 ✓ [ 100% ] 0000/0120 VUs  30s        600.00 iters/s
step_00650 ✓ [ 100% ] 0000/0130 VUs  30s        650.00 iters/s
step_00700 ✓ [ 100% ] 0000/0140 VUs  30s        700.00 iters/s
step_00750 ✓ [ 100% ] 0000/0150 VUs  30s        750.00 iters/s
step_00800 ✓ [ 100% ] 0000/0160 VUs  30s        800.00 iters/s
step_00850 ✓ [ 100% ] 0000/0170 VUs  30s        850.00 iters/s
step_00900 ✓ [ 100% ] 0000/0180 VUs  30s        900.00 iters/s
step_00950   [  83% ] 0001/0190 VUs  25.0s/30s  950.00 iters/s
step_01000 • [   0% ] waiting        0m05.0s   

running (09m26.0s), 0001/0390 VUs, 281168 complete and 0 interrupted iterations
step_00050 ✓ [ 100% ] 000/020 VUs    30s        50.00 iters/s
step_00100 ✓ [ 100% ] 000/020 VUs    30s        100.00 iters/s
step_00150 ✓ [ 100% ] 000/030 VUs    30s        150.00 iters/s
step_00200 ✓ [ 100% ] 000/040 VUs    30s        200.00 iters/s
step_00250 ✓ [ 100% ] 000/050 VUs    30s        250.00 iters/s
step_00300 ✓ [ 100% ] 000/060 VUs    30s        300.00 iters/s
step_00350 ✓ [ 100% ] 0000/0070 VUs  30s        350.00 iters/s
step_00400 ✓ [ 100% ] 0000/0080 VUs  30s        400.00 iters/s
step_00450 ✓ [ 100% ] 0000/0090 VUs  30s        450.00 iters/s
step_00500 ✓ [ 100% ] 0000/0100 VUs  30s        500.00 iters/s
step_00550 ✓ [ 100% ] 0000/0110 VUs  30s        550.00 iters/s
step_00600 ✓ [ 100% ] 0000/0120 VUs  30s        600.00 iters/s
step_00650 ✓ [ 100% ] 0000/0130 VUs  30s        650.00 iters/s
step_00700 ✓ [ 100% ] 0000/0140 VUs  30s        700.00 iters/s
step_00750 ✓ [ 100% ] 0000/0150 VUs  30s        750.00 iters/s
step_00800 ✓ [ 100% ] 0000/0160 VUs  30s        800.00 iters/s
step_00850 ✓ [ 100% ] 0000/0170 VUs  30s        850.00 iters/s
step_00900 ✓ [ 100% ] 0000/0180 VUs  30s        900.00 iters/s
step_00950   [  87% ] 0001/0190 VUs  26.0s/30s  950.00 iters/s
step_01000 • [   0% ] waiting        0m04.0s   

running (09m27.0s), 0001/0390 VUs, 282118 complete and 0 interrupted iterations
step_00050 ✓ [ 100% ] 000/020 VUs    30s        50.00 iters/s
step_00100 ✓ [ 100% ] 000/020 VUs    30s        100.00 iters/s
step_00150 ✓ [ 100% ] 000/030 VUs    30s        150.00 iters/s
step_00200 ✓ [ 100% ] 000/040 VUs    30s        200.00 iters/s
step_00250 ✓ [ 100% ] 000/050 VUs    30s        250.00 iters/s
step_00300 ✓ [ 100% ] 000/060 VUs    30s        300.00 iters/s
step_00350 ✓ [ 100% ] 0000/0070 VUs  30s        350.00 iters/s
step_00400 ✓ [ 100% ] 0000/0080 VUs  30s        400.00 iters/s
step_00450 ✓ [ 100% ] 0000/0090 VUs  30s        450.00 iters/s
step_00500 ✓ [ 100% ] 0000/0100 VUs  30s        500.00 iters/s
step_00550 ✓ [ 100% ] 0000/0110 VUs  30s        550.00 iters/s
step_00600 ✓ [ 100% ] 0000/0120 VUs  30s        600.00 iters/s
step_00650 ✓ [ 100% ] 0000/0130 VUs  30s        650.00 iters/s
step_00700 ✓ [ 100% ] 0000/0140 VUs  30s        700.00 iters/s
step_00750 ✓ [ 100% ] 0000/0150 VUs  30s        750.00 iters/s
step_00800 ✓ [ 100% ] 0000/0160 VUs  30s        800.00 iters/s
step_00850 ✓ [ 100% ] 0000/0170 VUs  30s        850.00 iters/s
step_00900 ✓ [ 100% ] 0000/0180 VUs  30s        900.00 iters/s
step_00950   [  90% ] 0001/0190 VUs  27.0s/30s  950.00 iters/s
step_01000 • [   0% ] waiting        0m03.0s   

running (09m28.0s), 0001/0390 VUs, 283068 complete and 0 interrupted iterations
step_00050 ✓ [ 100% ] 000/020 VUs    30s        50.00 iters/s
step_00100 ✓ [ 100% ] 000/020 VUs    30s        100.00 iters/s
step_00150 ✓ [ 100% ] 000/030 VUs    30s        150.00 iters/s
step_00200 ✓ [ 100% ] 000/040 VUs    30s        200.00 iters/s
step_00250 ✓ [ 100% ] 000/050 VUs    30s        250.00 iters/s
step_00300 ✓ [ 100% ] 000/060 VUs    30s        300.00 iters/s
step_00350 ✓ [ 100% ] 0000/0070 VUs  30s        350.00 iters/s
step_00400 ✓ [ 100% ] 0000/0080 VUs  30s        400.00 iters/s
step_00450 ✓ [ 100% ] 0000/0090 VUs  30s        450.00 iters/s
step_00500 ✓ [ 100% ] 0000/0100 VUs  30s        500.00 iters/s
step_00550 ✓ [ 100% ] 0000/0110 VUs  30s        550.00 iters/s
step_00600 ✓ [ 100% ] 0000/0120 VUs  30s        600.00 iters/s
step_00650 ✓ [ 100% ] 0000/0130 VUs  30s        650.00 iters/s
step_00700 ✓ [ 100% ] 0000/0140 VUs  30s        700.00 iters/s
step_00750 ✓ [ 100% ] 0000/0150 VUs  30s        750.00 iters/s
step_00800 ✓ [ 100% ] 0000/0160 VUs  30s        800.00 iters/s
step_00850 ✓ [ 100% ] 0000/0170 VUs  30s        850.00 iters/s
step_00900 ✓ [ 100% ] 0000/0180 VUs  30s        900.00 iters/s
step_00950   [  93% ] 0001/0190 VUs  28.0s/30s  950.00 iters/s
step_01000 • [   0% ] waiting        0m02.0s   

running (09m29.0s), 0001/0390 VUs, 284018 complete and 0 interrupted iterations
step_00050 ✓ [ 100% ] 000/020 VUs    30s        50.00 iters/s
step_00100 ✓ [ 100% ] 000/020 VUs    30s        100.00 iters/s
step_00150 ✓ [ 100% ] 000/030 VUs    30s        150.00 iters/s
step_00200 ✓ [ 100% ] 000/040 VUs    30s        200.00 iters/s
step_00250 ✓ [ 100% ] 000/050 VUs    30s        250.00 iters/s
step_00300 ✓ [ 100% ] 000/060 VUs    30s        300.00 iters/s
step_00350 ✓ [ 100% ] 0000/0070 VUs  30s        350.00 iters/s
step_00400 ✓ [ 100% ] 0000/0080 VUs  30s        400.00 iters/s
step_00450 ✓ [ 100% ] 0000/0090 VUs  30s        450.00 iters/s
step_00500 ✓ [ 100% ] 0000/0100 VUs  30s        500.00 iters/s
step_00550 ✓ [ 100% ] 0000/0110 VUs  30s        550.00 iters/s
step_00600 ✓ [ 100% ] 0000/0120 VUs  30s        600.00 iters/s
step_00650 ✓ [ 100% ] 0000/0130 VUs  30s        650.00 iters/s
step_00700 ✓ [ 100% ] 0000/0140 VUs  30s        700.00 iters/s
step_00750 ✓ [ 100% ] 0000/0150 VUs  30s        750.00 iters/s
step_00800 ✓ [ 100% ] 0000/0160 VUs  30s        800.00 iters/s
step_00850 ✓ [ 100% ] 0000/0170 VUs  30s        850.00 iters/s
step_00900 ✓ [ 100% ] 0000/0180 VUs  30s        900.00 iters/s
step_00950   [  97% ] 0001/0190 VUs  29.0s/30s  950.00 iters/s
step_01000 • [   0% ] waiting        0m01.0s   

running (09m30.0s), 0001/0390 VUs, 284968 complete and 0 interrupted iterations
step_00050 ✓ [ 100% ] 000/020 VUs    30s        50.00 iters/s
step_00100 ✓ [ 100% ] 000/020 VUs    30s        100.00 iters/s
step_00150 ✓ [ 100% ] 000/030 VUs    30s        150.00 iters/s
step_00200 ✓ [ 100% ] 000/040 VUs    30s        200.00 iters/s
step_00250 ✓ [ 100% ] 000/050 VUs    30s        250.00 iters/s
step_00300 ✓ [ 100% ] 000/060 VUs    30s        300.00 iters/s
step_00350 ✓ [ 100% ] 0000/0070 VUs  30s        350.00 iters/s
step_00400 ✓ [ 100% ] 0000/0080 VUs  30s        400.00 iters/s
step_00450 ✓ [ 100% ] 0000/0090 VUs  30s        450.00 iters/s
step_00500 ✓ [ 100% ] 0000/0100 VUs  30s        500.00 iters/s
step_00550 ✓ [ 100% ] 0000/0110 VUs  30s        550.00 iters/s
step_00600 ✓ [ 100% ] 0000/0120 VUs  30s        600.00 iters/s
step_00650 ✓ [ 100% ] 0000/0130 VUs  30s        650.00 iters/s
step_00700 ✓ [ 100% ] 0000/0140 VUs  30s        700.00 iters/s
step_00750 ✓ [ 100% ] 0000/0150 VUs  30s        750.00 iters/s
step_00800 ✓ [ 100% ] 0000/0160 VUs  30s        800.00 iters/s
step_00850 ✓ [ 100% ] 0000/0170 VUs  30s        850.00 iters/s
step_00900 ✓ [ 100% ] 0000/0180 VUs  30s        900.00 iters/s
step_00950   [ 100% ] 0001/0190 VUs  30.0s/30s  950.00 iters/s
step_01000 • [   0% ] waiting        0m00.0s   

running (09m31.0s), 0002/0390 VUs, 285966 complete and 0 interrupted iterations
step_00050 ✓ [ 100% ] 000/020 VUs    30s        50.00 iters/s
step_00100 ✓ [ 100% ] 000/020 VUs    30s        100.00 iters/s
step_00150 ✓ [ 100% ] 000/030 VUs    30s        150.00 iters/s
step_00200 ✓ [ 100% ] 000/040 VUs    30s        200.00 iters/s
step_00250 ✓ [ 100% ] 000/050 VUs    30s        250.00 iters/s
step_00300 ✓ [ 100% ] 000/060 VUs    30s        300.00 iters/s
step_00350 ✓ [ 100% ] 0000/0070 VUs  30s        350.00 iters/s
step_00400 ✓ [ 100% ] 0000/0080 VUs  30s        400.00 iters/s
step_00450 ✓ [ 100% ] 0000/0090 VUs  30s        450.00 iters/s
step_00500 ✓ [ 100% ] 0000/0100 VUs  30s        500.00 iters/s
step_00550 ✓ [ 100% ] 0000/0110 VUs  30s        550.00 iters/s
step_00600 ✓ [ 100% ] 0000/0120 VUs  30s        600.00 iters/s
step_00650 ✓ [ 100% ] 0000/0130 VUs  30s        650.00 iters/s
step_00700 ✓ [ 100% ] 0000/0140 VUs  30s        700.00 iters/s
step_00750 ✓ [ 100% ] 0000/0150 VUs  30s        750.00 iters/s
step_00800 ✓ [ 100% ] 0000/0160 VUs  30s        800.00 iters/s
step_00850 ✓ [ 100% ] 0000/0170 VUs  30s        850.00 iters/s
step_00900 ✓ [ 100% ] 0000/0180 VUs  30s        900.00 iters/s
step_00950 ✓ [ 100% ] 0000/0190 VUs  30s        950.00 iters/s
step_01000   [   3% ] 0002/0200 VUs  01.0s/30s  1000.00 iters/s

running (09m32.0s), 0002/0390 VUs, 286966 complete and 0 interrupted iterations
step_00050 ✓ [ 100% ] 000/020 VUs    30s        50.00 iters/s
step_00100 ✓ [ 100% ] 000/020 VUs    30s        100.00 iters/s
step_00150 ✓ [ 100% ] 000/030 VUs    30s        150.00 iters/s
step_00200 ✓ [ 100% ] 000/040 VUs    30s        200.00 iters/s
step_00250 ✓ [ 100% ] 000/050 VUs    30s        250.00 iters/s
step_00300 ✓ [ 100% ] 000/060 VUs    30s        300.00 iters/s
step_00350 ✓ [ 100% ] 0000/0070 VUs  30s        350.00 iters/s
step_00400 ✓ [ 100% ] 0000/0080 VUs  30s        400.00 iters/s
step_00450 ✓ [ 100% ] 0000/0090 VUs  30s        450.00 iters/s
step_00500 ✓ [ 100% ] 0000/0100 VUs  30s        500.00 iters/s
step_00550 ✓ [ 100% ] 0000/0110 VUs  30s        550.00 iters/s
step_00600 ✓ [ 100% ] 0000/0120 VUs  30s        600.00 iters/s
step_00650 ✓ [ 100% ] 0000/0130 VUs  30s        650.00 iters/s
step_00700 ✓ [ 100% ] 0000/0140 VUs  30s        700.00 iters/s
step_00750 ✓ [ 100% ] 0000/0150 VUs  30s        750.00 iters/s
step_00800 ✓ [ 100% ] 0000/0160 VUs  30s        800.00 iters/s
step_00850 ✓ [ 100% ] 0000/0170 VUs  30s        850.00 iters/s
step_00900 ✓ [ 100% ] 0000/0180 VUs  30s        900.00 iters/s
step_00950 ✓ [ 100% ] 0000/0190 VUs  30s        950.00 iters/s
step_01000   [   7% ] 0002/0200 VUs  02.0s/30s  1000.00 iters/s

running (09m33.0s), 0006/0390 VUs, 287962 complete and 0 interrupted iterations
step_00050 ✓ [ 100% ] 000/020 VUs    30s        50.00 iters/s
step_00100 ✓ [ 100% ] 000/020 VUs    30s        100.00 iters/s
step_00150 ✓ [ 100% ] 000/030 VUs    30s        150.00 iters/s
step_00200 ✓ [ 100% ] 000/040 VUs    30s        200.00 iters/s
step_00250 ✓ [ 100% ] 000/050 VUs    30s        250.00 iters/s
step_00300 ✓ [ 100% ] 000/060 VUs    30s        300.00 iters/s
step_00350 ✓ [ 100% ] 0000/0070 VUs  30s        350.00 iters/s
step_00400 ✓ [ 100% ] 0000/0080 VUs  30s        400.00 iters/s
step_00450 ✓ [ 100% ] 0000/0090 VUs  30s        450.00 iters/s
step_00500 ✓ [ 100% ] 0000/0100 VUs  30s        500.00 iters/s
step_00550 ✓ [ 100% ] 0000/0110 VUs  30s        550.00 iters/s
step_00600 ✓ [ 100% ] 0000/0120 VUs  30s        600.00 iters/s
step_00650 ✓ [ 100% ] 0000/0130 VUs  30s        650.00 iters/s
step_00700 ✓ [ 100% ] 0000/0140 VUs  30s        700.00 iters/s
step_00750 ✓ [ 100% ] 0000/0150 VUs  30s        750.00 iters/s
step_00800 ✓ [ 100% ] 0000/0160 VUs  30s        800.00 iters/s
step_00850 ✓ [ 100% ] 0000/0170 VUs  30s        850.00 iters/s
step_00900 ✓ [ 100% ] 0000/0180 VUs  30s        900.00 iters/s
step_00950 ✓ [ 100% ] 0000/0190 VUs  30s        950.00 iters/s
step_01000   [  10% ] 0006/0200 VUs  03.0s/30s  1000.00 iters/s

running (09m34.0s), 0002/0390 VUs, 288966 complete and 0 interrupted iterations
step_00050 ✓ [ 100% ] 000/020 VUs    30s        50.00 iters/s
step_00100 ✓ [ 100% ] 000/020 VUs    30s        100.00 iters/s
step_00150 ✓ [ 100% ] 000/030 VUs    30s        150.00 iters/s
step_00200 ✓ [ 100% ] 000/040 VUs    30s        200.00 iters/s
step_00250 ✓ [ 100% ] 000/050 VUs    30s        250.00 iters/s
step_00300 ✓ [ 100% ] 000/060 VUs    30s        300.00 iters/s
step_00350 ✓ [ 100% ] 0000/0070 VUs  30s        350.00 iters/s
step_00400 ✓ [ 100% ] 0000/0080 VUs  30s        400.00 iters/s
step_00450 ✓ [ 100% ] 0000/0090 VUs  30s        450.00 iters/s
step_00500 ✓ [ 100% ] 0000/0100 VUs  30s        500.00 iters/s
step_00550 ✓ [ 100% ] 0000/0110 VUs  30s        550.00 iters/s
step_00600 ✓ [ 100% ] 0000/0120 VUs  30s        600.00 iters/s
step_00650 ✓ [ 100% ] 0000/0130 VUs  30s        650.00 iters/s
step_00700 ✓ [ 100% ] 0000/0140 VUs  30s        700.00 iters/s
step_00750 ✓ [ 100% ] 0000/0150 VUs  30s        750.00 iters/s
step_00800 ✓ [ 100% ] 0000/0160 VUs  30s        800.00 iters/s
step_00850 ✓ [ 100% ] 0000/0170 VUs  30s        850.00 iters/s
step_00900 ✓ [ 100% ] 0000/0180 VUs  30s        900.00 iters/s
step_00950 ✓ [ 100% ] 0000/0190 VUs  30s        950.00 iters/s
step_01000   [  13% ] 0002/0200 VUs  04.0s/30s  1000.00 iters/s

running (09m35.0s), 0001/0390 VUs, 289967 complete and 0 interrupted iterations
step_00050 ✓ [ 100% ] 000/020 VUs    30s        50.00 iters/s
step_00100 ✓ [ 100% ] 000/020 VUs    30s        100.00 iters/s
step_00150 ✓ [ 100% ] 000/030 VUs    30s        150.00 iters/s
step_00200 ✓ [ 100% ] 000/040 VUs    30s        200.00 iters/s
step_00250 ✓ [ 100% ] 000/050 VUs    30s        250.00 iters/s
step_00300 ✓ [ 100% ] 000/060 VUs    30s        300.00 iters/s
step_00350 ✓ [ 100% ] 0000/0070 VUs  30s        350.00 iters/s
step_00400 ✓ [ 100% ] 0000/0080 VUs  30s        400.00 iters/s
step_00450 ✓ [ 100% ] 0000/0090 VUs  30s        450.00 iters/s
step_00500 ✓ [ 100% ] 0000/0100 VUs  30s        500.00 iters/s
step_00550 ✓ [ 100% ] 0000/0110 VUs  30s        550.00 iters/s
step_00600 ✓ [ 100% ] 0000/0120 VUs  30s        600.00 iters/s
step_00650 ✓ [ 100% ] 0000/0130 VUs  30s        650.00 iters/s
step_00700 ✓ [ 100% ] 0000/0140 VUs  30s        700.00 iters/s
step_00750 ✓ [ 100% ] 0000/0150 VUs  30s        750.00 iters/s
step_00800 ✓ [ 100% ] 0000/0160 VUs  30s        800.00 iters/s
step_00850 ✓ [ 100% ] 0000/0170 VUs  30s        850.00 iters/s
step_00900 ✓ [ 100% ] 0000/0180 VUs  30s        900.00 iters/s
step_00950 ✓ [ 100% ] 0000/0190 VUs  30s        950.00 iters/s
step_01000   [  17% ] 0001/0200 VUs  05.0s/30s  1000.00 iters/s

running (09m36.0s), 0005/0390 VUs, 290963 complete and 0 interrupted iterations
step_00050 ✓ [ 100% ] 000/020 VUs    30s        50.00 iters/s
step_00100 ✓ [ 100% ] 000/020 VUs    30s        100.00 iters/s
step_00150 ✓ [ 100% ] 000/030 VUs    30s        150.00 iters/s
step_00200 ✓ [ 100% ] 000/040 VUs    30s        200.00 iters/s
step_00250 ✓ [ 100% ] 000/050 VUs    30s        250.00 iters/s
step_00300 ✓ [ 100% ] 000/060 VUs    30s        300.00 iters/s
step_00350 ✓ [ 100% ] 0000/0070 VUs  30s        350.00 iters/s
step_00400 ✓ [ 100% ] 0000/0080 VUs  30s        400.00 iters/s
step_00450 ✓ [ 100% ] 0000/0090 VUs  30s        450.00 iters/s
step_00500 ✓ [ 100% ] 0000/0100 VUs  30s        500.00 iters/s
step_00550 ✓ [ 100% ] 0000/0110 VUs  30s        550.00 iters/s
step_00600 ✓ [ 100% ] 0000/0120 VUs  30s        600.00 iters/s
step_00650 ✓ [ 100% ] 0000/0130 VUs  30s        650.00 iters/s
step_00700 ✓ [ 100% ] 0000/0140 VUs  30s        700.00 iters/s
step_00750 ✓ [ 100% ] 0000/0150 VUs  30s        750.00 iters/s
step_00800 ✓ [ 100% ] 0000/0160 VUs  30s        800.00 iters/s
step_00850 ✓ [ 100% ] 0000/0170 VUs  30s        850.00 iters/s
step_00900 ✓ [ 100% ] 0000/0180 VUs  30s        900.00 iters/s
step_00950 ✓ [ 100% ] 0000/0190 VUs  30s        950.00 iters/s
step_01000   [  20% ] 0005/0200 VUs  06.0s/30s  1000.00 iters/s

running (09m37.0s), 0002/0390 VUs, 291966 complete and 0 interrupted iterations
step_00050 ✓ [ 100% ] 000/020 VUs    30s        50.00 iters/s
step_00100 ✓ [ 100% ] 000/020 VUs    30s        100.00 iters/s
step_00150 ✓ [ 100% ] 000/030 VUs    30s        150.00 iters/s
step_00200 ✓ [ 100% ] 000/040 VUs    30s        200.00 iters/s
step_00250 ✓ [ 100% ] 000/050 VUs    30s        250.00 iters/s
step_00300 ✓ [ 100% ] 000/060 VUs    30s        300.00 iters/s
step_00350 ✓ [ 100% ] 0000/0070 VUs  30s        350.00 iters/s
step_00400 ✓ [ 100% ] 0000/0080 VUs  30s        400.00 iters/s
step_00450 ✓ [ 100% ] 0000/0090 VUs  30s        450.00 iters/s
step_00500 ✓ [ 100% ] 0000/0100 VUs  30s        500.00 iters/s
step_00550 ✓ [ 100% ] 0000/0110 VUs  30s        550.00 iters/s
step_00600 ✓ [ 100% ] 0000/0120 VUs  30s        600.00 iters/s
step_00650 ✓ [ 100% ] 0000/0130 VUs  30s        650.00 iters/s
step_00700 ✓ [ 100% ] 0000/0140 VUs  30s        700.00 iters/s
step_00750 ✓ [ 100% ] 0000/0150 VUs  30s        750.00 iters/s
step_00800 ✓ [ 100% ] 0000/0160 VUs  30s        800.00 iters/s
step_00850 ✓ [ 100% ] 0000/0170 VUs  30s        850.00 iters/s
step_00900 ✓ [ 100% ] 0000/0180 VUs  30s        900.00 iters/s
step_00950 ✓ [ 100% ] 0000/0190 VUs  30s        950.00 iters/s
step_01000   [  23% ] 0002/0200 VUs  07.0s/30s  1000.00 iters/s

running (09m38.0s), 0003/0390 VUs, 292965 complete and 0 interrupted iterations
step_00050 ✓ [ 100% ] 000/020 VUs    30s        50.00 iters/s
step_00100 ✓ [ 100% ] 000/020 VUs    30s        100.00 iters/s
step_00150 ✓ [ 100% ] 000/030 VUs    30s        150.00 iters/s
step_00200 ✓ [ 100% ] 000/040 VUs    30s        200.00 iters/s
step_00250 ✓ [ 100% ] 000/050 VUs    30s        250.00 iters/s
step_00300 ✓ [ 100% ] 000/060 VUs    30s        300.00 iters/s
step_00350 ✓ [ 100% ] 0000/0070 VUs  30s        350.00 iters/s
step_00400 ✓ [ 100% ] 0000/0080 VUs  30s        400.00 iters/s
step_00450 ✓ [ 100% ] 0000/0090 VUs  30s        450.00 iters/s
step_00500 ✓ [ 100% ] 0000/0100 VUs  30s        500.00 iters/s
step_00550 ✓ [ 100% ] 0000/0110 VUs  30s        550.00 iters/s
step_00600 ✓ [ 100% ] 0000/0120 VUs  30s        600.00 iters/s
step_00650 ✓ [ 100% ] 0000/0130 VUs  30s        650.00 iters/s
step_00700 ✓ [ 100% ] 0000/0140 VUs  30s        700.00 iters/s
step_00750 ✓ [ 100% ] 0000/0150 VUs  30s        750.00 iters/s
step_00800 ✓ [ 100% ] 0000/0160 VUs  30s        800.00 iters/s
step_00850 ✓ [ 100% ] 0000/0170 VUs  30s        850.00 iters/s
step_00900 ✓ [ 100% ] 0000/0180 VUs  30s        900.00 iters/s
step_00950 ✓ [ 100% ] 0000/0190 VUs  30s        950.00 iters/s
step_01000   [  27% ] 0003/0200 VUs  08.0s/30s  1000.00 iters/s

running (09m39.0s), 0002/0390 VUs, 293966 complete and 0 interrupted iterations
step_00050 ✓ [ 100% ] 000/020 VUs    30s        50.00 iters/s
step_00100 ✓ [ 100% ] 000/020 VUs    30s        100.00 iters/s
step_00150 ✓ [ 100% ] 000/030 VUs    30s        150.00 iters/s
step_00200 ✓ [ 100% ] 000/040 VUs    30s        200.00 iters/s
step_00250 ✓ [ 100% ] 000/050 VUs    30s        250.00 iters/s
step_00300 ✓ [ 100% ] 000/060 VUs    30s        300.00 iters/s
step_00350 ✓ [ 100% ] 0000/0070 VUs  30s        350.00 iters/s
step_00400 ✓ [ 100% ] 0000/0080 VUs  30s        400.00 iters/s
step_00450 ✓ [ 100% ] 0000/0090 VUs  30s        450.00 iters/s
step_00500 ✓ [ 100% ] 0000/0100 VUs  30s        500.00 iters/s
step_00550 ✓ [ 100% ] 0000/0110 VUs  30s        550.00 iters/s
step_00600 ✓ [ 100% ] 0000/0120 VUs  30s        600.00 iters/s
step_00650 ✓ [ 100% ] 0000/0130 VUs  30s        650.00 iters/s
step_00700 ✓ [ 100% ] 0000/0140 VUs  30s        700.00 iters/s
step_00750 ✓ [ 100% ] 0000/0150 VUs  30s        750.00 iters/s
step_00800 ✓ [ 100% ] 0000/0160 VUs  30s        800.00 iters/s
step_00850 ✓ [ 100% ] 0000/0170 VUs  30s        850.00 iters/s
step_00900 ✓ [ 100% ] 0000/0180 VUs  30s        900.00 iters/s
step_00950 ✓ [ 100% ] 0000/0190 VUs  30s        950.00 iters/s
step_01000   [  30% ] 0001/0200 VUs  09.0s/30s  1000.00 iters/s

running (09m40.0s), 0002/0390 VUs, 294966 complete and 0 interrupted iterations
step_00050 ✓ [ 100% ] 000/020 VUs    30s        50.00 iters/s
step_00100 ✓ [ 100% ] 000/020 VUs    30s        100.00 iters/s
step_00150 ✓ [ 100% ] 000/030 VUs    30s        150.00 iters/s
step_00200 ✓ [ 100% ] 000/040 VUs    30s        200.00 iters/s
step_00250 ✓ [ 100% ] 000/050 VUs    30s        250.00 iters/s
step_00300 ✓ [ 100% ] 000/060 VUs    30s        300.00 iters/s
step_00350 ✓ [ 100% ] 0000/0070 VUs  30s        350.00 iters/s
step_00400 ✓ [ 100% ] 0000/0080 VUs  30s        400.00 iters/s
step_00450 ✓ [ 100% ] 0000/0090 VUs  30s        450.00 iters/s
step_00500 ✓ [ 100% ] 0000/0100 VUs  30s        500.00 iters/s
step_00550 ✓ [ 100% ] 0000/0110 VUs  30s        550.00 iters/s
step_00600 ✓ [ 100% ] 0000/0120 VUs  30s        600.00 iters/s
step_00650 ✓ [ 100% ] 0000/0130 VUs  30s        650.00 iters/s
step_00700 ✓ [ 100% ] 0000/0140 VUs  30s        700.00 iters/s
step_00750 ✓ [ 100% ] 0000/0150 VUs  30s        750.00 iters/s
step_00800 ✓ [ 100% ] 0000/0160 VUs  30s        800.00 iters/s
step_00850 ✓ [ 100% ] 0000/0170 VUs  30s        850.00 iters/s
step_00900 ✓ [ 100% ] 0000/0180 VUs  30s        900.00 iters/s
step_00950 ✓ [ 100% ] 0000/0190 VUs  30s        950.00 iters/s
step_01000   [  33% ] 0002/0200 VUs  10.0s/30s  1000.00 iters/s

running (09m41.0s), 0002/0390 VUs, 295966 complete and 0 interrupted iterations
step_00050 ✓ [ 100% ] 000/020 VUs    30s        50.00 iters/s
step_00100 ✓ [ 100% ] 000/020 VUs    30s        100.00 iters/s
step_00150 ✓ [ 100% ] 000/030 VUs    30s        150.00 iters/s
step_00200 ✓ [ 100% ] 000/040 VUs    30s        200.00 iters/s
step_00250 ✓ [ 100% ] 000/050 VUs    30s        250.00 iters/s
step_00300 ✓ [ 100% ] 000/060 VUs    30s        300.00 iters/s
step_00350 ✓ [ 100% ] 0000/0070 VUs  30s        350.00 iters/s
step_00400 ✓ [ 100% ] 0000/0080 VUs  30s        400.00 iters/s
step_00450 ✓ [ 100% ] 0000/0090 VUs  30s        450.00 iters/s
step_00500 ✓ [ 100% ] 0000/0100 VUs  30s        500.00 iters/s
step_00550 ✓ [ 100% ] 0000/0110 VUs  30s        550.00 iters/s
step_00600 ✓ [ 100% ] 0000/0120 VUs  30s        600.00 iters/s
step_00650 ✓ [ 100% ] 0000/0130 VUs  30s        650.00 iters/s
step_00700 ✓ [ 100% ] 0000/0140 VUs  30s        700.00 iters/s
step_00750 ✓ [ 100% ] 0000/0150 VUs  30s        750.00 iters/s
step_00800 ✓ [ 100% ] 0000/0160 VUs  30s        800.00 iters/s
step_00850 ✓ [ 100% ] 0000/0170 VUs  30s        850.00 iters/s
step_00900 ✓ [ 100% ] 0000/0180 VUs  30s        900.00 iters/s
step_00950 ✓ [ 100% ] 0000/0190 VUs  30s        950.00 iters/s
step_01000   [  37% ] 0002/0200 VUs  11.0s/30s  1000.00 iters/s

running (09m42.0s), 0001/0390 VUs, 296967 complete and 0 interrupted iterations
step_00050 ✓ [ 100% ] 000/020 VUs    30s        50.00 iters/s
step_00100 ✓ [ 100% ] 000/020 VUs    30s        100.00 iters/s
step_00150 ✓ [ 100% ] 000/030 VUs    30s        150.00 iters/s
step_00200 ✓ [ 100% ] 000/040 VUs    30s        200.00 iters/s
step_00250 ✓ [ 100% ] 000/050 VUs    30s        250.00 iters/s
step_00300 ✓ [ 100% ] 000/060 VUs    30s        300.00 iters/s
step_00350 ✓ [ 100% ] 0000/0070 VUs  30s        350.00 iters/s
step_00400 ✓ [ 100% ] 0000/0080 VUs  30s        400.00 iters/s
step_00450 ✓ [ 100% ] 0000/0090 VUs  30s        450.00 iters/s
step_00500 ✓ [ 100% ] 0000/0100 VUs  30s        500.00 iters/s
step_00550 ✓ [ 100% ] 0000/0110 VUs  30s        550.00 iters/s
step_00600 ✓ [ 100% ] 0000/0120 VUs  30s        600.00 iters/s
step_00650 ✓ [ 100% ] 0000/0130 VUs  30s        650.00 iters/s
step_00700 ✓ [ 100% ] 0000/0140 VUs  30s        700.00 iters/s
step_00750 ✓ [ 100% ] 0000/0150 VUs  30s        750.00 iters/s
step_00800 ✓ [ 100% ] 0000/0160 VUs  30s        800.00 iters/s
step_00850 ✓ [ 100% ] 0000/0170 VUs  30s        850.00 iters/s
step_00900 ✓ [ 100% ] 0000/0180 VUs  30s        900.00 iters/s
step_00950 ✓ [ 100% ] 0000/0190 VUs  30s        950.00 iters/s
step_01000   [  40% ] 0001/0200 VUs  12.0s/30s  1000.00 iters/s

running (09m43.0s), 0002/0390 VUs, 297966 complete and 0 interrupted iterations
step_00050 ✓ [ 100% ] 000/020 VUs    30s        50.00 iters/s
step_00100 ✓ [ 100% ] 000/020 VUs    30s        100.00 iters/s
step_00150 ✓ [ 100% ] 000/030 VUs    30s        150.00 iters/s
step_00200 ✓ [ 100% ] 000/040 VUs    30s        200.00 iters/s
step_00250 ✓ [ 100% ] 000/050 VUs    30s        250.00 iters/s
step_00300 ✓ [ 100% ] 000/060 VUs    30s        300.00 iters/s
step_00350 ✓ [ 100% ] 0000/0070 VUs  30s        350.00 iters/s
step_00400 ✓ [ 100% ] 0000/0080 VUs  30s        400.00 iters/s
step_00450 ✓ [ 100% ] 0000/0090 VUs  30s        450.00 iters/s
step_00500 ✓ [ 100% ] 0000/0100 VUs  30s        500.00 iters/s
step_00550 ✓ [ 100% ] 0000/0110 VUs  30s        550.00 iters/s
step_00600 ✓ [ 100% ] 0000/0120 VUs  30s        600.00 iters/s
step_00650 ✓ [ 100% ] 0000/0130 VUs  30s        650.00 iters/s
step_00700 ✓ [ 100% ] 0000/0140 VUs  30s        700.00 iters/s
step_00750 ✓ [ 100% ] 0000/0150 VUs  30s        750.00 iters/s
step_00800 ✓ [ 100% ] 0000/0160 VUs  30s        800.00 iters/s
step_00850 ✓ [ 100% ] 0000/0170 VUs  30s        850.00 iters/s
step_00900 ✓ [ 100% ] 0000/0180 VUs  30s        900.00 iters/s
step_00950 ✓ [ 100% ] 0000/0190 VUs  30s        950.00 iters/s
step_01000   [  43% ] 0002/0200 VUs  13.0s/30s  1000.00 iters/s

running (09m44.0s), 0002/0390 VUs, 298966 complete and 0 interrupted iterations
step_00050 ✓ [ 100% ] 000/020 VUs    30s        50.00 iters/s
step_00100 ✓ [ 100% ] 000/020 VUs    30s        100.00 iters/s
step_00150 ✓ [ 100% ] 000/030 VUs    30s        150.00 iters/s
step_00200 ✓ [ 100% ] 000/040 VUs    30s        200.00 iters/s
step_00250 ✓ [ 100% ] 000/050 VUs    30s        250.00 iters/s
step_00300 ✓ [ 100% ] 000/060 VUs    30s        300.00 iters/s
step_00350 ✓ [ 100% ] 0000/0070 VUs  30s        350.00 iters/s
step_00400 ✓ [ 100% ] 0000/0080 VUs  30s        400.00 iters/s
step_00450 ✓ [ 100% ] 0000/0090 VUs  30s        450.00 iters/s
step_00500 ✓ [ 100% ] 0000/0100 VUs  30s        500.00 iters/s
step_00550 ✓ [ 100% ] 0000/0110 VUs  30s        550.00 iters/s
step_00600 ✓ [ 100% ] 0000/0120 VUs  30s        600.00 iters/s
step_00650 ✓ [ 100% ] 0000/0130 VUs  30s        650.00 iters/s
step_00700 ✓ [ 100% ] 0000/0140 VUs  30s        700.00 iters/s
step_00750 ✓ [ 100% ] 0000/0150 VUs  30s        750.00 iters/s
step_00800 ✓ [ 100% ] 0000/0160 VUs  30s        800.00 iters/s
step_00850 ✓ [ 100% ] 0000/0170 VUs  30s        850.00 iters/s
step_00900 ✓ [ 100% ] 0000/0180 VUs  30s        900.00 iters/s
step_00950 ✓ [ 100% ] 0000/0190 VUs  30s        950.00 iters/s
step_01000   [  47% ] 0001/0200 VUs  14.0s/30s  1000.00 iters/s

running (09m45.0s), 0001/0390 VUs, 299967 complete and 0 interrupted iterations
step_00050 ✓ [ 100% ] 000/020 VUs    30s        50.00 iters/s
step_00100 ✓ [ 100% ] 000/020 VUs    30s        100.00 iters/s
step_00150 ✓ [ 100% ] 000/030 VUs    30s        150.00 iters/s
step_00200 ✓ [ 100% ] 000/040 VUs    30s        200.00 iters/s
step_00250 ✓ [ 100% ] 000/050 VUs    30s        250.00 iters/s
step_00300 ✓ [ 100% ] 000/060 VUs    30s        300.00 iters/s
step_00350 ✓ [ 100% ] 0000/0070 VUs  30s        350.00 iters/s
step_00400 ✓ [ 100% ] 0000/0080 VUs  30s        400.00 iters/s
step_00450 ✓ [ 100% ] 0000/0090 VUs  30s        450.00 iters/s
step_00500 ✓ [ 100% ] 0000/0100 VUs  30s        500.00 iters/s
step_00550 ✓ [ 100% ] 0000/0110 VUs  30s        550.00 iters/s
step_00600 ✓ [ 100% ] 0000/0120 VUs  30s        600.00 iters/s
step_00650 ✓ [ 100% ] 0000/0130 VUs  30s        650.00 iters/s
step_00700 ✓ [ 100% ] 0000/0140 VUs  30s        700.00 iters/s
step_00750 ✓ [ 100% ] 0000/0150 VUs  30s        750.00 iters/s
step_00800 ✓ [ 100% ] 0000/0160 VUs  30s        800.00 iters/s
step_00850 ✓ [ 100% ] 0000/0170 VUs  30s        850.00 iters/s
step_00900 ✓ [ 100% ] 0000/0180 VUs  30s        900.00 iters/s
step_00950 ✓ [ 100% ] 0000/0190 VUs  30s        950.00 iters/s
step_01000   [  50% ] 0001/0200 VUs  15.0s/30s  1000.00 iters/s

running (09m46.0s), 0002/0390 VUs, 300966 complete and 0 interrupted iterations
step_00050 ✓ [ 100% ] 000/020 VUs    30s        50.00 iters/s
step_00100 ✓ [ 100% ] 000/020 VUs    30s        100.00 iters/s
step_00150 ✓ [ 100% ] 000/030 VUs    30s        150.00 iters/s
step_00200 ✓ [ 100% ] 000/040 VUs    30s        200.00 iters/s
step_00250 ✓ [ 100% ] 000/050 VUs    30s        250.00 iters/s
step_00300 ✓ [ 100% ] 000/060 VUs    30s        300.00 iters/s
step_00350 ✓ [ 100% ] 0000/0070 VUs  30s        350.00 iters/s
step_00400 ✓ [ 100% ] 0000/0080 VUs  30s        400.00 iters/s
step_00450 ✓ [ 100% ] 0000/0090 VUs  30s        450.00 iters/s
step_00500 ✓ [ 100% ] 0000/0100 VUs  30s        500.00 iters/s
step_00550 ✓ [ 100% ] 0000/0110 VUs  30s        550.00 iters/s
step_00600 ✓ [ 100% ] 0000/0120 VUs  30s        600.00 iters/s
step_00650 ✓ [ 100% ] 0000/0130 VUs  30s        650.00 iters/s
step_00700 ✓ [ 100% ] 0000/0140 VUs  30s        700.00 iters/s
step_00750 ✓ [ 100% ] 0000/0150 VUs  30s        750.00 iters/s
step_00800 ✓ [ 100% ] 0000/0160 VUs  30s        800.00 iters/s
step_00850 ✓ [ 100% ] 0000/0170 VUs  30s        850.00 iters/s
step_00900 ✓ [ 100% ] 0000/0180 VUs  30s        900.00 iters/s
step_00950 ✓ [ 100% ] 0000/0190 VUs  30s        950.00 iters/s
step_01000   [  53% ] 0002/0200 VUs  16.0s/30s  1000.00 iters/s

running (09m47.0s), 0002/0390 VUs, 301966 complete and 0 interrupted iterations
step_00050 ✓ [ 100% ] 000/020 VUs    30s        50.00 iters/s
step_00100 ✓ [ 100% ] 000/020 VUs    30s        100.00 iters/s
step_00150 ✓ [ 100% ] 000/030 VUs    30s        150.00 iters/s
step_00200 ✓ [ 100% ] 000/040 VUs    30s        200.00 iters/s
step_00250 ✓ [ 100% ] 000/050 VUs    30s        250.00 iters/s
step_00300 ✓ [ 100% ] 000/060 VUs    30s        300.00 iters/s
step_00350 ✓ [ 100% ] 0000/0070 VUs  30s        350.00 iters/s
step_00400 ✓ [ 100% ] 0000/0080 VUs  30s        400.00 iters/s
step_00450 ✓ [ 100% ] 0000/0090 VUs  30s        450.00 iters/s
step_00500 ✓ [ 100% ] 0000/0100 VUs  30s        500.00 iters/s
step_00550 ✓ [ 100% ] 0000/0110 VUs  30s        550.00 iters/s
step_00600 ✓ [ 100% ] 0000/0120 VUs  30s        600.00 iters/s
step_00650 ✓ [ 100% ] 0000/0130 VUs  30s        650.00 iters/s
step_00700 ✓ [ 100% ] 0000/0140 VUs  30s        700.00 iters/s
step_00750 ✓ [ 100% ] 0000/0150 VUs  30s        750.00 iters/s
step_00800 ✓ [ 100% ] 0000/0160 VUs  30s        800.00 iters/s
step_00850 ✓ [ 100% ] 0000/0170 VUs  30s        850.00 iters/s
step_00900 ✓ [ 100% ] 0000/0180 VUs  30s        900.00 iters/s
step_00950 ✓ [ 100% ] 0000/0190 VUs  30s        950.00 iters/s
step_01000   [  57% ] 0001/0200 VUs  17.0s/30s  1000.00 iters/s

running (09m48.0s), 0002/0390 VUs, 302966 complete and 0 interrupted iterations
step_00050 ✓ [ 100% ] 000/020 VUs    30s        50.00 iters/s
step_00100 ✓ [ 100% ] 000/020 VUs    30s        100.00 iters/s
step_00150 ✓ [ 100% ] 000/030 VUs    30s        150.00 iters/s
step_00200 ✓ [ 100% ] 000/040 VUs    30s        200.00 iters/s
step_00250 ✓ [ 100% ] 000/050 VUs    30s        250.00 iters/s
step_00300 ✓ [ 100% ] 000/060 VUs    30s        300.00 iters/s
step_00350 ✓ [ 100% ] 0000/0070 VUs  30s        350.00 iters/s
step_00400 ✓ [ 100% ] 0000/0080 VUs  30s        400.00 iters/s
step_00450 ✓ [ 100% ] 0000/0090 VUs  30s        450.00 iters/s
step_00500 ✓ [ 100% ] 0000/0100 VUs  30s        500.00 iters/s
step_00550 ✓ [ 100% ] 0000/0110 VUs  30s        550.00 iters/s
step_00600 ✓ [ 100% ] 0000/0120 VUs  30s        600.00 iters/s
step_00650 ✓ [ 100% ] 0000/0130 VUs  30s        650.00 iters/s
step_00700 ✓ [ 100% ] 0000/0140 VUs  30s        700.00 iters/s
step_00750 ✓ [ 100% ] 0000/0150 VUs  30s        750.00 iters/s
step_00800 ✓ [ 100% ] 0000/0160 VUs  30s        800.00 iters/s
step_00850 ✓ [ 100% ] 0000/0170 VUs  30s        850.00 iters/s
step_00900 ✓ [ 100% ] 0000/0180 VUs  30s        900.00 iters/s
step_00950 ✓ [ 100% ] 0000/0190 VUs  30s        950.00 iters/s
step_01000   [  60% ] 0002/0200 VUs  18.0s/30s  1000.00 iters/s

running (09m49.0s), 0005/0390 VUs, 303963 complete and 0 interrupted iterations
step_00050 ✓ [ 100% ] 000/020 VUs    30s        50.00 iters/s
step_00100 ✓ [ 100% ] 000/020 VUs    30s        100.00 iters/s
step_00150 ✓ [ 100% ] 000/030 VUs    30s        150.00 iters/s
step_00200 ✓ [ 100% ] 000/040 VUs    30s        200.00 iters/s
step_00250 ✓ [ 100% ] 000/050 VUs    30s        250.00 iters/s
step_00300 ✓ [ 100% ] 000/060 VUs    30s        300.00 iters/s
step_00350 ✓ [ 100% ] 0000/0070 VUs  30s        350.00 iters/s
step_00400 ✓ [ 100% ] 0000/0080 VUs  30s        400.00 iters/s
step_00450 ✓ [ 100% ] 0000/0090 VUs  30s        450.00 iters/s
step_00500 ✓ [ 100% ] 0000/0100 VUs  30s        500.00 iters/s
step_00550 ✓ [ 100% ] 0000/0110 VUs  30s        550.00 iters/s
step_00600 ✓ [ 100% ] 0000/0120 VUs  30s        600.00 iters/s
step_00650 ✓ [ 100% ] 0000/0130 VUs  30s        650.00 iters/s
step_00700 ✓ [ 100% ] 0000/0140 VUs  30s        700.00 iters/s
step_00750 ✓ [ 100% ] 0000/0150 VUs  30s        750.00 iters/s
step_00800 ✓ [ 100% ] 0000/0160 VUs  30s        800.00 iters/s
step_00850 ✓ [ 100% ] 0000/0170 VUs  30s        850.00 iters/s
step_00900 ✓ [ 100% ] 0000/0180 VUs  30s        900.00 iters/s
step_00950 ✓ [ 100% ] 0000/0190 VUs  30s        950.00 iters/s
step_01000   [  63% ] 0005/0200 VUs  19.0s/30s  1000.00 iters/s

running (09m50.0s), 0002/0390 VUs, 304966 complete and 0 interrupted iterations
step_00050 ✓ [ 100% ] 000/020 VUs    30s        50.00 iters/s
step_00100 ✓ [ 100% ] 000/020 VUs    30s        100.00 iters/s
step_00150 ✓ [ 100% ] 000/030 VUs    30s        150.00 iters/s
step_00200 ✓ [ 100% ] 000/040 VUs    30s        200.00 iters/s
step_00250 ✓ [ 100% ] 000/050 VUs    30s        250.00 iters/s
step_00300 ✓ [ 100% ] 000/060 VUs    30s        300.00 iters/s
step_00350 ✓ [ 100% ] 0000/0070 VUs  30s        350.00 iters/s
step_00400 ✓ [ 100% ] 0000/0080 VUs  30s        400.00 iters/s
step_00450 ✓ [ 100% ] 0000/0090 VUs  30s        450.00 iters/s
step_00500 ✓ [ 100% ] 0000/0100 VUs  30s        500.00 iters/s
step_00550 ✓ [ 100% ] 0000/0110 VUs  30s        550.00 iters/s
step_00600 ✓ [ 100% ] 0000/0120 VUs  30s        600.00 iters/s
step_00650 ✓ [ 100% ] 0000/0130 VUs  30s        650.00 iters/s
step_00700 ✓ [ 100% ] 0000/0140 VUs  30s        700.00 iters/s
step_00750 ✓ [ 100% ] 0000/0150 VUs  30s        750.00 iters/s
step_00800 ✓ [ 100% ] 0000/0160 VUs  30s        800.00 iters/s
step_00850 ✓ [ 100% ] 0000/0170 VUs  30s        850.00 iters/s
step_00900 ✓ [ 100% ] 0000/0180 VUs  30s        900.00 iters/s
step_00950 ✓ [ 100% ] 0000/0190 VUs  30s        950.00 iters/s
step_01000   [  67% ] 0002/0200 VUs  20.0s/30s  1000.00 iters/s

running (09m51.0s), 0004/0390 VUs, 305964 complete and 0 interrupted iterations
step_00050 ✓ [ 100% ] 000/020 VUs    30s        50.00 iters/s
step_00100 ✓ [ 100% ] 000/020 VUs    30s        100.00 iters/s
step_00150 ✓ [ 100% ] 000/030 VUs    30s        150.00 iters/s
step_00200 ✓ [ 100% ] 000/040 VUs    30s        200.00 iters/s
step_00250 ✓ [ 100% ] 000/050 VUs    30s        250.00 iters/s
step_00300 ✓ [ 100% ] 000/060 VUs    30s        300.00 iters/s
step_00350 ✓ [ 100% ] 0000/0070 VUs  30s        350.00 iters/s
step_00400 ✓ [ 100% ] 0000/0080 VUs  30s        400.00 iters/s
step_00450 ✓ [ 100% ] 0000/0090 VUs  30s        450.00 iters/s
step_00500 ✓ [ 100% ] 0000/0100 VUs  30s        500.00 iters/s
step_00550 ✓ [ 100% ] 0000/0110 VUs  30s        550.00 iters/s
step_00600 ✓ [ 100% ] 0000/0120 VUs  30s        600.00 iters/s
step_00650 ✓ [ 100% ] 0000/0130 VUs  30s        650.00 iters/s
step_00700 ✓ [ 100% ] 0000/0140 VUs  30s        700.00 iters/s
step_00750 ✓ [ 100% ] 0000/0150 VUs  30s        750.00 iters/s
step_00800 ✓ [ 100% ] 0000/0160 VUs  30s        800.00 iters/s
step_00850 ✓ [ 100% ] 0000/0170 VUs  30s        850.00 iters/s
step_00900 ✓ [ 100% ] 0000/0180 VUs  30s        900.00 iters/s
step_00950 ✓ [ 100% ] 0000/0190 VUs  30s        950.00 iters/s
step_01000   [  70% ] 0004/0200 VUs  21.0s/30s  1000.00 iters/s

running (09m52.0s), 0001/0390 VUs, 306967 complete and 0 interrupted iterations
step_00050 ✓ [ 100% ] 000/020 VUs    30s        50.00 iters/s
step_00100 ✓ [ 100% ] 000/020 VUs    30s        100.00 iters/s
step_00150 ✓ [ 100% ] 000/030 VUs    30s        150.00 iters/s
step_00200 ✓ [ 100% ] 000/040 VUs    30s        200.00 iters/s
step_00250 ✓ [ 100% ] 000/050 VUs    30s        250.00 iters/s
step_00300 ✓ [ 100% ] 000/060 VUs    30s        300.00 iters/s
step_00350 ✓ [ 100% ] 0000/0070 VUs  30s        350.00 iters/s
step_00400 ✓ [ 100% ] 0000/0080 VUs  30s        400.00 iters/s
step_00450 ✓ [ 100% ] 0000/0090 VUs  30s        450.00 iters/s
step_00500 ✓ [ 100% ] 0000/0100 VUs  30s        500.00 iters/s
step_00550 ✓ [ 100% ] 0000/0110 VUs  30s        550.00 iters/s
step_00600 ✓ [ 100% ] 0000/0120 VUs  30s        600.00 iters/s
step_00650 ✓ [ 100% ] 0000/0130 VUs  30s        650.00 iters/s
step_00700 ✓ [ 100% ] 0000/0140 VUs  30s        700.00 iters/s
step_00750 ✓ [ 100% ] 0000/0150 VUs  30s        750.00 iters/s
step_00800 ✓ [ 100% ] 0000/0160 VUs  30s        800.00 iters/s
step_00850 ✓ [ 100% ] 0000/0170 VUs  30s        850.00 iters/s
step_00900 ✓ [ 100% ] 0000/0180 VUs  30s        900.00 iters/s
step_00950 ✓ [ 100% ] 0000/0190 VUs  30s        950.00 iters/s
step_01000   [  73% ] 0001/0200 VUs  22.0s/30s  1000.00 iters/s

running (09m53.0s), 0002/0390 VUs, 307966 complete and 0 interrupted iterations
step_00050 ✓ [ 100% ] 000/020 VUs    30s        50.00 iters/s
step_00100 ✓ [ 100% ] 000/020 VUs    30s        100.00 iters/s
step_00150 ✓ [ 100% ] 000/030 VUs    30s        150.00 iters/s
step_00200 ✓ [ 100% ] 000/040 VUs    30s        200.00 iters/s
step_00250 ✓ [ 100% ] 000/050 VUs    30s        250.00 iters/s
step_00300 ✓ [ 100% ] 000/060 VUs    30s        300.00 iters/s
step_00350 ✓ [ 100% ] 0000/0070 VUs  30s        350.00 iters/s
step_00400 ✓ [ 100% ] 0000/0080 VUs  30s        400.00 iters/s
step_00450 ✓ [ 100% ] 0000/0090 VUs  30s        450.00 iters/s
step_00500 ✓ [ 100% ] 0000/0100 VUs  30s        500.00 iters/s
step_00550 ✓ [ 100% ] 0000/0110 VUs  30s        550.00 iters/s
step_00600 ✓ [ 100% ] 0000/0120 VUs  30s        600.00 iters/s
step_00650 ✓ [ 100% ] 0000/0130 VUs  30s        650.00 iters/s
step_00700 ✓ [ 100% ] 0000/0140 VUs  30s        700.00 iters/s
step_00750 ✓ [ 100% ] 0000/0150 VUs  30s        750.00 iters/s
step_00800 ✓ [ 100% ] 0000/0160 VUs  30s        800.00 iters/s
step_00850 ✓ [ 100% ] 0000/0170 VUs  30s        850.00 iters/s
step_00900 ✓ [ 100% ] 0000/0180 VUs  30s        900.00 iters/s
step_00950 ✓ [ 100% ] 0000/0190 VUs  30s        950.00 iters/s
step_01000   [  77% ] 0002/0200 VUs  23.0s/30s  1000.00 iters/s

running (09m54.0s), 0001/0390 VUs, 308967 complete and 0 interrupted iterations
step_00050 ✓ [ 100% ] 000/020 VUs    30s        50.00 iters/s
step_00100 ✓ [ 100% ] 000/020 VUs    30s        100.00 iters/s
step_00150 ✓ [ 100% ] 000/030 VUs    30s        150.00 iters/s
step_00200 ✓ [ 100% ] 000/040 VUs    30s        200.00 iters/s
step_00250 ✓ [ 100% ] 000/050 VUs    30s        250.00 iters/s
step_00300 ✓ [ 100% ] 000/060 VUs    30s        300.00 iters/s
step_00350 ✓ [ 100% ] 0000/0070 VUs  30s        350.00 iters/s
step_00400 ✓ [ 100% ] 0000/0080 VUs  30s        400.00 iters/s
step_00450 ✓ [ 100% ] 0000/0090 VUs  30s        450.00 iters/s
step_00500 ✓ [ 100% ] 0000/0100 VUs  30s        500.00 iters/s
step_00550 ✓ [ 100% ] 0000/0110 VUs  30s        550.00 iters/s
step_00600 ✓ [ 100% ] 0000/0120 VUs  30s        600.00 iters/s
step_00650 ✓ [ 100% ] 0000/0130 VUs  30s        650.00 iters/s
step_00700 ✓ [ 100% ] 0000/0140 VUs  30s        700.00 iters/s
step_00750 ✓ [ 100% ] 0000/0150 VUs  30s        750.00 iters/s
step_00800 ✓ [ 100% ] 0000/0160 VUs  30s        800.00 iters/s
step_00850 ✓ [ 100% ] 0000/0170 VUs  30s        850.00 iters/s
step_00900 ✓ [ 100% ] 0000/0180 VUs  30s        900.00 iters/s
step_00950 ✓ [ 100% ] 0000/0190 VUs  30s        950.00 iters/s
step_01000   [  80% ] 0001/0200 VUs  24.0s/30s  1000.00 iters/s

running (09m55.0s), 0002/0390 VUs, 309966 complete and 0 interrupted iterations
step_00050 ✓ [ 100% ] 000/020 VUs    30s        50.00 iters/s
step_00100 ✓ [ 100% ] 000/020 VUs    30s        100.00 iters/s
step_00150 ✓ [ 100% ] 000/030 VUs    30s        150.00 iters/s
step_00200 ✓ [ 100% ] 000/040 VUs    30s        200.00 iters/s
step_00250 ✓ [ 100% ] 000/050 VUs    30s        250.00 iters/s
step_00300 ✓ [ 100% ] 000/060 VUs    30s        300.00 iters/s
step_00350 ✓ [ 100% ] 0000/0070 VUs  30s        350.00 iters/s
step_00400 ✓ [ 100% ] 0000/0080 VUs  30s        400.00 iters/s
step_00450 ✓ [ 100% ] 0000/0090 VUs  30s        450.00 iters/s
step_00500 ✓ [ 100% ] 0000/0100 VUs  30s        500.00 iters/s
step_00550 ✓ [ 100% ] 0000/0110 VUs  30s        550.00 iters/s
step_00600 ✓ [ 100% ] 0000/0120 VUs  30s        600.00 iters/s
step_00650 ✓ [ 100% ] 0000/0130 VUs  30s        650.00 iters/s
step_00700 ✓ [ 100% ] 0000/0140 VUs  30s        700.00 iters/s
step_00750 ✓ [ 100% ] 0000/0150 VUs  30s        750.00 iters/s
step_00800 ✓ [ 100% ] 0000/0160 VUs  30s        800.00 iters/s
step_00850 ✓ [ 100% ] 0000/0170 VUs  30s        850.00 iters/s
step_00900 ✓ [ 100% ] 0000/0180 VUs  30s        900.00 iters/s
step_00950 ✓ [ 100% ] 0000/0190 VUs  30s        950.00 iters/s
step_01000   [  83% ] 0002/0200 VUs  25.0s/30s  1000.00 iters/s

running (09m56.0s), 0001/0390 VUs, 310967 complete and 0 interrupted iterations
step_00050 ✓ [ 100% ] 000/020 VUs    30s        50.00 iters/s
step_00100 ✓ [ 100% ] 000/020 VUs    30s        100.00 iters/s
step_00150 ✓ [ 100% ] 000/030 VUs    30s        150.00 iters/s
step_00200 ✓ [ 100% ] 000/040 VUs    30s        200.00 iters/s
step_00250 ✓ [ 100% ] 000/050 VUs    30s        250.00 iters/s
step_00300 ✓ [ 100% ] 000/060 VUs    30s        300.00 iters/s
step_00350 ✓ [ 100% ] 0000/0070 VUs  30s        350.00 iters/s
step_00400 ✓ [ 100% ] 0000/0080 VUs  30s        400.00 iters/s
step_00450 ✓ [ 100% ] 0000/0090 VUs  30s        450.00 iters/s
step_00500 ✓ [ 100% ] 0000/0100 VUs  30s        500.00 iters/s
step_00550 ✓ [ 100% ] 0000/0110 VUs  30s        550.00 iters/s
step_00600 ✓ [ 100% ] 0000/0120 VUs  30s        600.00 iters/s
step_00650 ✓ [ 100% ] 0000/0130 VUs  30s        650.00 iters/s
step_00700 ✓ [ 100% ] 0000/0140 VUs  30s        700.00 iters/s
step_00750 ✓ [ 100% ] 0000/0150 VUs  30s        750.00 iters/s
step_00800 ✓ [ 100% ] 0000/0160 VUs  30s        800.00 iters/s
step_00850 ✓ [ 100% ] 0000/0170 VUs  30s        850.00 iters/s
step_00900 ✓ [ 100% ] 0000/0180 VUs  30s        900.00 iters/s
step_00950 ✓ [ 100% ] 0000/0190 VUs  30s        950.00 iters/s
step_01000   [  87% ] 0001/0200 VUs  26.0s/30s  1000.00 iters/s

running (09m57.0s), 0002/0390 VUs, 311966 complete and 0 interrupted iterations
step_00050 ✓ [ 100% ] 000/020 VUs    30s        50.00 iters/s
step_00100 ✓ [ 100% ] 000/020 VUs    30s        100.00 iters/s
step_00150 ✓ [ 100% ] 000/030 VUs    30s        150.00 iters/s
step_00200 ✓ [ 100% ] 000/040 VUs    30s        200.00 iters/s
step_00250 ✓ [ 100% ] 000/050 VUs    30s        250.00 iters/s
step_00300 ✓ [ 100% ] 000/060 VUs    30s        300.00 iters/s
step_00350 ✓ [ 100% ] 0000/0070 VUs  30s        350.00 iters/s
step_00400 ✓ [ 100% ] 0000/0080 VUs  30s        400.00 iters/s
step_00450 ✓ [ 100% ] 0000/0090 VUs  30s        450.00 iters/s
step_00500 ✓ [ 100% ] 0000/0100 VUs  30s        500.00 iters/s
step_00550 ✓ [ 100% ] 0000/0110 VUs  30s        550.00 iters/s
step_00600 ✓ [ 100% ] 0000/0120 VUs  30s        600.00 iters/s
step_00650 ✓ [ 100% ] 0000/0130 VUs  30s        650.00 iters/s
step_00700 ✓ [ 100% ] 0000/0140 VUs  30s        700.00 iters/s
step_00750 ✓ [ 100% ] 0000/0150 VUs  30s        750.00 iters/s
step_00800 ✓ [ 100% ] 0000/0160 VUs  30s        800.00 iters/s
step_00850 ✓ [ 100% ] 0000/0170 VUs  30s        850.00 iters/s
step_00900 ✓ [ 100% ] 0000/0180 VUs  30s        900.00 iters/s
step_00950 ✓ [ 100% ] 0000/0190 VUs  30s        950.00 iters/s
step_01000   [  90% ] 0002/0200 VUs  27.0s/30s  1000.00 iters/s

running (09m58.0s), 0001/0390 VUs, 312967 complete and 0 interrupted iterations
step_00050 ✓ [ 100% ] 000/020 VUs    30s        50.00 iters/s
step_00100 ✓ [ 100% ] 000/020 VUs    30s        100.00 iters/s
step_00150 ✓ [ 100% ] 000/030 VUs    30s        150.00 iters/s
step_00200 ✓ [ 100% ] 000/040 VUs    30s        200.00 iters/s
step_00250 ✓ [ 100% ] 000/050 VUs    30s        250.00 iters/s
step_00300 ✓ [ 100% ] 000/060 VUs    30s        300.00 iters/s
step_00350 ✓ [ 100% ] 0000/0070 VUs  30s        350.00 iters/s
step_00400 ✓ [ 100% ] 0000/0080 VUs  30s        400.00 iters/s
step_00450 ✓ [ 100% ] 0000/0090 VUs  30s        450.00 iters/s
step_00500 ✓ [ 100% ] 0000/0100 VUs  30s        500.00 iters/s
step_00550 ✓ [ 100% ] 0000/0110 VUs  30s        550.00 iters/s
step_00600 ✓ [ 100% ] 0000/0120 VUs  30s        600.00 iters/s
step_00650 ✓ [ 100% ] 0000/0130 VUs  30s        650.00 iters/s
step_00700 ✓ [ 100% ] 0000/0140 VUs  30s        700.00 iters/s
step_00750 ✓ [ 100% ] 0000/0150 VUs  30s        750.00 iters/s
step_00800 ✓ [ 100% ] 0000/0160 VUs  30s        800.00 iters/s
step_00850 ✓ [ 100% ] 0000/0170 VUs  30s        850.00 iters/s
step_00900 ✓ [ 100% ] 0000/0180 VUs  30s        900.00 iters/s
step_00950 ✓ [ 100% ] 0000/0190 VUs  30s        950.00 iters/s
step_01000   [  93% ] 0001/0200 VUs  28.0s/30s  1000.00 iters/s

running (09m59.0s), 0001/0390 VUs, 313967 complete and 0 interrupted iterations
step_00050 ✓ [ 100% ] 000/020 VUs    30s        50.00 iters/s
step_00100 ✓ [ 100% ] 000/020 VUs    30s        100.00 iters/s
step_00150 ✓ [ 100% ] 000/030 VUs    30s        150.00 iters/s
step_00200 ✓ [ 100% ] 000/040 VUs    30s        200.00 iters/s
step_00250 ✓ [ 100% ] 000/050 VUs    30s        250.00 iters/s
step_00300 ✓ [ 100% ] 000/060 VUs    30s        300.00 iters/s
step_00350 ✓ [ 100% ] 0000/0070 VUs  30s        350.00 iters/s
step_00400 ✓ [ 100% ] 0000/0080 VUs  30s        400.00 iters/s
step_00450 ✓ [ 100% ] 0000/0090 VUs  30s        450.00 iters/s
step_00500 ✓ [ 100% ] 0000/0100 VUs  30s        500.00 iters/s
step_00550 ✓ [ 100% ] 0000/0110 VUs  30s        550.00 iters/s
step_00600 ✓ [ 100% ] 0000/0120 VUs  30s        600.00 iters/s
step_00650 ✓ [ 100% ] 0000/0130 VUs  30s        650.00 iters/s
step_00700 ✓ [ 100% ] 0000/0140 VUs  30s        700.00 iters/s
step_00750 ✓ [ 100% ] 0000/0150 VUs  30s        750.00 iters/s
step_00800 ✓ [ 100% ] 0000/0160 VUs  30s        800.00 iters/s
step_00850 ✓ [ 100% ] 0000/0170 VUs  30s        850.00 iters/s
step_00900 ✓ [ 100% ] 0000/0180 VUs  30s        900.00 iters/s
step_00950 ✓ [ 100% ] 0000/0190 VUs  30s        950.00 iters/s
step_01000   [  97% ] 0001/0200 VUs  29.0s/30s  1000.00 iters/s

running (10m00.0s), 0001/0390 VUs, 314967 complete and 0 interrupted iterations
step_00050 ✓ [ 100% ] 000/020 VUs    30s        50.00 iters/s
step_00100 ✓ [ 100% ] 000/020 VUs    30s        100.00 iters/s
step_00150 ✓ [ 100% ] 000/030 VUs    30s        150.00 iters/s
step_00200 ✓ [ 100% ] 000/040 VUs    30s        200.00 iters/s
step_00250 ✓ [ 100% ] 000/050 VUs    30s        250.00 iters/s
step_00300 ✓ [ 100% ] 000/060 VUs    30s        300.00 iters/s
step_00350 ✓ [ 100% ] 0000/0070 VUs  30s        350.00 iters/s
step_00400 ✓ [ 100% ] 0000/0080 VUs  30s        400.00 iters/s
step_00450 ✓ [ 100% ] 0000/0090 VUs  30s        450.00 iters/s
step_00500 ✓ [ 100% ] 0000/0100 VUs  30s        500.00 iters/s
step_00550 ✓ [ 100% ] 0000/0110 VUs  30s        550.00 iters/s
step_00600 ✓ [ 100% ] 0000/0120 VUs  30s        600.00 iters/s
step_00650 ✓ [ 100% ] 0000/0130 VUs  30s        650.00 iters/s
step_00700 ✓ [ 100% ] 0000/0140 VUs  30s        700.00 iters/s
step_00750 ✓ [ 100% ] 0000/0150 VUs  30s        750.00 iters/s
step_00800 ✓ [ 100% ] 0000/0160 VUs  30s        800.00 iters/s
step_00850 ✓ [ 100% ] 0000/0170 VUs  30s        850.00 iters/s
step_00900 ✓ [ 100% ] 0000/0180 VUs  30s        900.00 iters/s
step_00950 ✓ [ 100% ] 0000/0190 VUs  30s        950.00 iters/s
step_01000   [ 100% ] 0001/0200 VUs  30.0s/30s  1000.00 iters/s

open-loop ramp: 20 steps, 50..1000 rps in 50 rps steps of 30s
dropped_iterations = 0
wrote /Users/katha/Desktop/EliteLabIndividual_Research/testbedForFinApiZTA/psao-artifact/data/runs/2026-09-13T11-59-03Z-ramp-S3/k6_steps.csv

running (10m00.0s), 0000/0390 VUs, 315017 complete and 0 interrupted iterations
step_00050 ✓ [ 100% ] 000/020 VUs    30s  50.00 iters/s
step_00100 ✓ [ 100% ] 000/020 VUs    30s  100.00 iters/s
step_00150 ✓ [ 100% ] 000/030 VUs    30s  150.00 iters/s
step_00200 ✓ [ 100% ] 000/040 VUs    30s  200.00 iters/s
step_00250 ✓ [ 100% ] 000/050 VUs    30s  250.00 iters/s
step_00300 ✓ [ 100% ] 000/060 VUs    30s  300.00 iters/s
step_00350 ✓ [ 100% ] 0000/0070 VUs  30s  350.00 iters/s
step_00400 ✓ [ 100% ] 0000/0080 VUs  30s  400.00 iters/s
step_00450 ✓ [ 100% ] 0000/0090 VUs  30s  450.00 iters/s
step_00500 ✓ [ 100% ] 0000/0100 VUs  30s  500.00 iters/s
step_00550 ✓ [ 100% ] 0000/0110 VUs  30s  550.00 iters/s
step_00600 ✓ [ 100% ] 0000/0120 VUs  30s  600.00 iters/s
step_00650 ✓ [ 100% ] 0000/0130 VUs  30s  650.00 iters/s
step_00700 ✓ [ 100% ] 0000/0140 VUs  30s  700.00 iters/s
step_00750 ✓ [ 100% ] 0000/0150 VUs  30s  750.00 iters/s
step_00800 ✓ [ 100% ] 0000/0160 VUs  30s  800.00 iters/s
step_00850 ✓ [ 100% ] 0000/0170 VUs  30s  850.00 iters/s
step_00900 ✓ [ 100% ] 0000/0180 VUs  30s  900.00 iters/s
step_00950 ✓ [ 100% ] 0000/0190 VUs  30s  950.00 iters/s
step_01000 ✓ [ 100% ] 0000/0200 VUs  30s  1000.00 iters/s
