environment,condition,invocation,n,mean_us,median_us,p90_us,p99_us,min_us,max_us,timer_overhead_us,errors_queued,openssl_version,openssl_cflags,openssl_requested
x86_64-cloud-vm,full,1,5000,424.8452,393.6330,475.0990,813.5350,365.9610,4259.8040,0.0260,1,3.0.16,"compiler: gcc -fPIC -pthread -m64 -Wa,--noexecstack -Wall -O3 -O2 -DOPENSSL_USE_NODELETE -DL_ENDIAN -DOPENSSL_PIC -DOPENSSL_BUILDING_OPENSSL -DNDEBUG",3.0.16
x86_64-cloud-vm,public_tries,1,5000,2.4078,2.3100,2.3450,2.7490,2.2270,49.6120,0.0260,1,3.0.16,"compiler: gcc -fPIC -pthread -m64 -Wa,--noexecstack -Wall -O3 -O2 -DOPENSSL_USE_NODELETE -DL_ENDIAN -DOPENSSL_PIC -DOPENSSL_BUILDING_OPENSSL -DNDEBUG",3.0.16
x86_64-cloud-vm,private_parse,1,5000,403.8338,386.0000,447.4650,694.5470,355.3060,1379.5970,0.0260,1,3.0.16,"compiler: gcc -fPIC -pthread -m64 -Wa,--noexecstack -Wall -O3 -O2 -DOPENSSL_USE_NODELETE -DL_ENDIAN -DOPENSSL_PIC -DOPENSSL_BUILDING_OPENSSL -DNDEBUG",3.0.16
x86_64-cloud-vm,error_strings,1,5000,0.7493,0.6040,0.9360,1.8850,0.4620,31.0350,0.0260,1,3.0.16,"compiler: gcc -fPIC -pthread -m64 -Wa,--noexecstack -Wall -O3 -O2 -DOPENSSL_USE_NODELETE -DL_ENDIAN -DOPENSSL_PIC -DOPENSSL_BUILDING_OPENSSL -DNDEBUG",3.0.16
x86_64-cloud-vm,spki_ok,1,5000,118.9705,112.0280,138.6020,193.9580,108.1030,1289.8060,0.0260,1,3.0.16,"compiler: gcc -fPIC -pthread -m64 -Wa,--noexecstack -Wall -O3 -O2 -DOPENSSL_USE_NODELETE -DL_ENDIAN -DOPENSSL_PIC -DOPENSSL_BUILDING_OPENSSL -DNDEBUG",3.0.16
x86_64-cloud-vm,timer_overhead,1,5000,0.0262,0.0260,0.0270,0.0270,0.0250,0.0480,0.0260,1,3.0.16,"compiler: gcc -fPIC -pthread -m64 -Wa,--noexecstack -Wall -O3 -O2 -DOPENSSL_USE_NODELETE -DL_ENDIAN -DOPENSSL_PIC -DOPENSSL_BUILDING_OPENSSL -DNDEBUG",3.0.16
x86_64-cloud-vm,full,1,5000,456.0648,431.8000,511.3460,878.8250,396.7870,2062.1860,0.0260,1,3.0.19,"compiler: gcc -fPIC -pthread -m64 -Wa,--noexecstack -Wall -O3 -O2 -DOPENSSL_USE_NODELETE -DL_ENDIAN -DOPENSSL_PIC -DOPENSSL_BUILDING_OPENSSL -DNDEBUG",3.0.19
x86_64-cloud-vm,public_tries,1,5000,2.3465,2.2320,2.2740,4.5560,2.1660,35.8770,0.0260,1,3.0.19,"compiler: gcc -fPIC -pthread -m64 -Wa,--noexecstack -Wall -O3 -O2 -DOPENSSL_USE_NODELETE -DL_ENDIAN -DOPENSSL_PIC -DOPENSSL_BUILDING_OPENSSL -DNDEBUG",3.0.19
x86_64-cloud-vm,private_parse,1,5000,433.6055,417.2920,471.6220,730.9260,388.6520,1601.5590,0.0260,1,3.0.19,"compiler: gcc -fPIC -pthread -m64 -Wa,--noexecstack -Wall -O3 -O2 -DOPENSSL_USE_NODELETE -DL_ENDIAN -DOPENSSL_PIC -DOPENSSL_BUILDING_OPENSSL -DNDEBUG",3.0.19
x86_64-cloud-vm,error_strings,1,5000,0.8930,0.8590,1.2320,2.4580,0.4640,30.7510,0.0260,1,3.0.19,"compiler: gcc -fPIC -pthread -m64 -Wa,--noexecstack -Wall -O3 -O2 -DOPENSSL_USE_NODELETE -DL_ENDIAN -DOPENSSL_PIC -DOPENSSL_BUILDING_OPENSSL -DNDEBUG",3.0.19
x86_64-cloud-vm,spki_ok,1,5000,145.3922,134.2820,172.4090,277.3360,126.6820,453.9620,0.0260,1,3.0.19,"compiler: gcc -fPIC -pthread -m64 -Wa,--noexecstack -Wall -O3 -O2 -DOPENSSL_USE_NODELETE -DL_ENDIAN -DOPENSSL_PIC -DOPENSSL_BUILDING_OPENSSL -DNDEBUG",3.0.19
x86_64-cloud-vm,timer_overhead,1,5000,0.0262,0.0260,0.0270,0.0280,0.0250,0.1090,0.0260,1,3.0.19,"compiler: gcc -fPIC -pthread -m64 -Wa,--noexecstack -Wall -O3 -O2 -DOPENSSL_USE_NODELETE -DL_ENDIAN -DOPENSSL_PIC -DOPENSSL_BUILDING_OPENSSL -DNDEBUG",3.0.19
x86_64-cloud-vm,full,1,5000,61.8314,57.4860,78.3550,109.2860,55.5010,267.4210,0.0260,1,3.1.8,"compiler: gcc -fPIC -pthread -m64 -Wa,--noexecstack -Wall -O3 -O2 -DOPENSSL_USE_NODELETE -DL_ENDIAN -DOPENSSL_PIC -DOPENSSL_BUILDING_OPENSSL -DNDEBUG",3.1.8
x86_64-cloud-vm,public_tries,1,5000,2.3538,2.1970,2.2350,4.2730,2.1370,149.0700,0.0260,1,3.1.8,"compiler: gcc -fPIC -pthread -m64 -Wa,--noexecstack -Wall -O3 -O2 -DOPENSSL_USE_NODELETE -DL_ENDIAN -DOPENSSL_PIC -DOPENSSL_BUILDING_OPENSSL -DNDEBUG",3.1.8
x86_64-cloud-vm,private_parse,1,5000,75.1795,56.5590,110.5580,189.1350,52.9410,1639.9340,0.0260,1,3.1.8,"compiler: gcc -fPIC -pthread -m64 -Wa,--noexecstack -Wall -O3 -O2 -DOPENSSL_USE_NODELETE -DL_ENDIAN -DOPENSSL_PIC -DOPENSSL_BUILDING_OPENSSL -DNDEBUG",3.1.8
x86_64-cloud-vm,error_strings,1,5000,0.6540,0.5040,0.9970,1.4830,0.4610,20.9880,0.0260,1,3.1.8,"compiler: gcc -fPIC -pthread -m64 -Wa,--noexecstack -Wall -O3 -O2 -DOPENSSL_USE_NODELETE -DL_ENDIAN -DOPENSSL_PIC -DOPENSSL_BUILDING_OPENSSL -DNDEBUG",3.1.8
x86_64-cloud-vm,spki_ok,1,5000,38.7223,36.0270,40.7670,84.0730,35.2150,194.8700,0.0260,1,3.1.8,"compiler: gcc -fPIC -pthread -m64 -Wa,--noexecstack -Wall -O3 -O2 -DOPENSSL_USE_NODELETE -DL_ENDIAN -DOPENSSL_PIC -DOPENSSL_BUILDING_OPENSSL -DNDEBUG",3.1.8
x86_64-cloud-vm,timer_overhead,1,5000,0.0262,0.0260,0.0270,0.0270,0.0250,0.0630,0.0260,1,3.1.8,"compiler: gcc -fPIC -pthread -m64 -Wa,--noexecstack -Wall -O3 -O2 -DOPENSSL_USE_NODELETE -DL_ENDIAN -DOPENSSL_PIC -DOPENSSL_BUILDING_OPENSSL -DNDEBUG",3.1.8
x86_64-cloud-vm,full,1,5000,8.3140,7.0190,7.2530,28.7350,6.7520,1592.7530,0.0260,1,3.2.6,"compiler: gcc -fPIC -pthread -m64 -Wa,--noexecstack -Wall -O3 -O2 -DOPENSSL_USE_NODELETE -DL_ENDIAN -DOPENSSL_PIC -DOPENSSL_BUILDING_OPENSSL -DNDEBUG",3.2.6
x86_64-cloud-vm,public_tries,1,5000,2.1875,2.0570,2.0940,4.4210,2.0100,39.4560,0.0260,1,3.2.6,"compiler: gcc -fPIC -pthread -m64 -Wa,--noexecstack -Wall -O3 -O2 -DOPENSSL_USE_NODELETE -DL_ENDIAN -DOPENSSL_PIC -DOPENSSL_BUILDING_OPENSSL -DNDEBUG",3.2.6
x86_64-cloud-vm,private_parse,1,5000,4.8723,4.5970,4.7410,9.4030,4.4650,57.3470,0.0260,1,3.2.6,"compiler: gcc -fPIC -pthread -m64 -Wa,--noexecstack -Wall -O3 -O2 -DOPENSSL_USE_NODELETE -DL_ENDIAN -DOPENSSL_PIC -DOPENSSL_BUILDING_OPENSSL -DNDEBUG",3.2.6
x86_64-cloud-vm,error_strings,1,5000,0.5031,0.4600,0.4840,0.9710,0.4420,43.3440,0.0260,1,3.2.6,"compiler: gcc -fPIC -pthread -m64 -Wa,--noexecstack -Wall -O3 -O2 -DOPENSSL_USE_NODELETE -DL_ENDIAN -DOPENSSL_PIC -DOPENSSL_BUILDING_OPENSSL -DNDEBUG",3.2.6
x86_64-cloud-vm,spki_ok,1,5000,12.9416,11.6940,12.3210,43.3590,11.3510,230.6320,0.0260,1,3.2.6,"compiler: gcc -fPIC -pthread -m64 -Wa,--noexecstack -Wall -O3 -O2 -DOPENSSL_USE_NODELETE -DL_ENDIAN -DOPENSSL_PIC -DOPENSSL_BUILDING_OPENSSL -DNDEBUG",3.2.6
x86_64-cloud-vm,timer_overhead,1,5000,0.0339,0.0320,0.0350,0.0390,0.0270,8.8880,0.0320,1,3.2.6,"compiler: gcc -fPIC -pthread -m64 -Wa,--noexecstack -Wall -O3 -O2 -DOPENSSL_USE_NODELETE -DL_ENDIAN -DOPENSSL_PIC -DOPENSSL_BUILDING_OPENSSL -DNDEBUG",3.2.6
x86_64-cloud-vm,full,1,5000,7.4889,6.9950,7.1920,21.5700,6.7530,66.6060,0.0260,1,3.3.5,"compiler: gcc -fPIC -pthread -m64 -Wa,--noexecstack -Wall -O3 -O2 -DOPENSSL_USE_NODELETE -DL_ENDIAN -DOPENSSL_PIC -DOPENSSL_BUILDING_OPENSSL -DNDEBUG",3.3.5
x86_64-cloud-vm,public_tries,1,5000,2.8418,2.0880,4.1660,5.6380,2.0250,97.7230,0.0280,1,3.3.5,"compiler: gcc -fPIC -pthread -m64 -Wa,--noexecstack -Wall -O3 -O2 -DOPENSSL_USE_NODELETE -DL_ENDIAN -DOPENSSL_PIC -DOPENSSL_BUILDING_OPENSSL -DNDEBUG",3.3.5
x86_64-cloud-vm,private_parse,1,5000,5.3218,4.4960,6.7960,12.0350,4.3070,283.7770,0.0260,1,3.3.5,"compiler: gcc -fPIC -pthread -m64 -Wa,--noexecstack -Wall -O3 -O2 -DOPENSSL_USE_NODELETE -DL_ENDIAN -DOPENSSL_PIC -DOPENSSL_BUILDING_OPENSSL -DNDEBUG",3.3.5
x86_64-cloud-vm,error_strings,1,5000,0.5013,0.4720,0.4940,0.5790,0.4570,46.2550,0.0260,1,3.3.5,"compiler: gcc -fPIC -pthread -m64 -Wa,--noexecstack -Wall -O3 -O2 -DOPENSSL_USE_NODELETE -DL_ENDIAN -DOPENSSL_PIC -DOPENSSL_BUILDING_OPENSSL -DNDEBUG",3.3.5
x86_64-cloud-vm,spki_ok,1,5000,16.0554,12.1400,22.2550,49.3440,11.7380,2143.1310,0.0260,1,3.3.5,"compiler: gcc -fPIC -pthread -m64 -Wa,--noexecstack -Wall -O3 -O2 -DOPENSSL_USE_NODELETE -DL_ENDIAN -DOPENSSL_PIC -DOPENSSL_BUILDING_OPENSSL -DNDEBUG",3.3.5
x86_64-cloud-vm,timer_overhead,1,5000,0.0381,0.0270,0.0310,0.0340,0.0250,43.4610,0.0260,1,3.3.5,"compiler: gcc -fPIC -pthread -m64 -Wa,--noexecstack -Wall -O3 -O2 -DOPENSSL_USE_NODELETE -DL_ENDIAN -DOPENSSL_PIC -DOPENSSL_BUILDING_OPENSSL -DNDEBUG",3.3.5
x86_64-cloud-vm,full,1,5000,7.9314,7.2040,8.1200,23.6660,6.9520,70.2540,0.0260,1,3.4.3,"compiler: gcc -fPIC -pthread -m64 -Wa,--noexecstack -Wall -O3 -O2 -DOPENSSL_USE_NODELETE -DL_ENDIAN -DOPENSSL_PIC -DOPENSSL_BUILDING_OPENSSL -DNDEBUG",3.4.3
x86_64-cloud-vm,public_tries,1,5000,2.2836,2.0980,2.1440,4.6310,2.0360,47.6610,0.0260,1,3.4.3,"compiler: gcc -fPIC -pthread -m64 -Wa,--noexecstack -Wall -O3 -O2 -DOPENSSL_USE_NODELETE -DL_ENDIAN -DOPENSSL_PIC -DOPENSSL_BUILDING_OPENSSL -DNDEBUG",3.4.3
x86_64-cloud-vm,private_parse,1,5000,4.8202,4.5540,4.6740,9.0270,4.2970,57.1160,0.0260,1,3.4.3,"compiler: gcc -fPIC -pthread -m64 -Wa,--noexecstack -Wall -O3 -O2 -DOPENSSL_USE_NODELETE -DL_ENDIAN -DOPENSSL_PIC -DOPENSSL_BUILDING_OPENSSL -DNDEBUG",3.4.3
x86_64-cloud-vm,error_strings,1,5000,0.5367,0.5030,0.5210,0.7220,0.4730,27.7540,0.0260,1,3.4.3,"compiler: gcc -fPIC -pthread -m64 -Wa,--noexecstack -Wall -O3 -O2 -DOPENSSL_USE_NODELETE -DL_ENDIAN -DOPENSSL_PIC -DOPENSSL_BUILDING_OPENSSL -DNDEBUG",3.4.3
x86_64-cloud-vm,spki_ok,1,5000,12.5022,11.1710,16.4880,37.1050,10.8950,82.8210,0.0260,1,3.4.3,"compiler: gcc -fPIC -pthread -m64 -Wa,--noexecstack -Wall -O3 -O2 -DOPENSSL_USE_NODELETE -DL_ENDIAN -DOPENSSL_PIC -DOPENSSL_BUILDING_OPENSSL -DNDEBUG",3.4.3
x86_64-cloud-vm,timer_overhead,1,5000,0.0262,0.0260,0.0270,0.0280,0.0240,0.1070,0.0260,1,3.4.3,"compiler: gcc -fPIC -pthread -m64 -Wa,--noexecstack -Wall -O3 -O2 -DOPENSSL_USE_NODELETE -DL_ENDIAN -DOPENSSL_PIC -DOPENSSL_BUILDING_OPENSSL -DNDEBUG",3.4.3
x86_64-cloud-vm,full,1,5000,8.8928,8.4750,8.6620,29.2250,8.1400,83.2650,0.0260,1,3.5.8,"compiler: gcc -fPIC -pthread -m64 -Wa,--noexecstack -Wall -O3 -O2 -DOPENSSL_USE_NODELETE -DL_ENDIAN -DOPENSSL_PIC -DOPENSSL_BUILDING_OPENSSL -DNDEBUG",3.5.8
x86_64-cloud-vm,public_tries,1,5000,2.2211,2.0760,2.1100,3.7940,2.0040,105.2990,0.0260,1,3.5.8,"compiler: gcc -fPIC -pthread -m64 -Wa,--noexecstack -Wall -O3 -O2 -DOPENSSL_USE_NODELETE -DL_ENDIAN -DOPENSSL_PIC -DOPENSSL_BUILDING_OPENSSL -DNDEBUG",3.5.8
x86_64-cloud-vm,private_parse,1,5000,8.2399,5.9120,11.2640,30.6420,5.6000,166.1660,0.0260,1,3.5.8,"compiler: gcc -fPIC -pthread -m64 -Wa,--noexecstack -Wall -O3 -O2 -DOPENSSL_USE_NODELETE -DL_ENDIAN -DOPENSSL_PIC -DOPENSSL_BUILDING_OPENSSL -DNDEBUG",3.5.8
x86_64-cloud-vm,error_strings,1,5000,0.5968,0.4870,0.8220,1.2960,0.4610,36.9820,0.0260,1,3.5.8,"compiler: gcc -fPIC -pthread -m64 -Wa,--noexecstack -Wall -O3 -O2 -DOPENSSL_USE_NODELETE -DL_ENDIAN -DOPENSSL_PIC -DOPENSSL_BUILDING_OPENSSL -DNDEBUG",3.5.8
x86_64-cloud-vm,spki_ok,1,5000,13.8700,11.2900,16.0480,42.7670,11.0020,1990.5850,0.0260,1,3.5.8,"compiler: gcc -fPIC -pthread -m64 -Wa,--noexecstack -Wall -O3 -O2 -DOPENSSL_USE_NODELETE -DL_ENDIAN -DOPENSSL_PIC -DOPENSSL_BUILDING_OPENSSL -DNDEBUG",3.5.8
x86_64-cloud-vm,timer_overhead,1,5000,0.0263,0.0260,0.0270,0.0300,0.0250,0.2000,0.0260,1,3.5.8,"compiler: gcc -fPIC -pthread -m64 -Wa,--noexecstack -Wall -O3 -O2 -DOPENSSL_USE_NODELETE -DL_ENDIAN -DOPENSSL_PIC -DOPENSSL_BUILDING_OPENSSL -DNDEBUG",3.5.8
x86_64-cloud-vm,full,1,5000,9.5110,8.7450,9.3200,30.6250,8.3420,79.5970,0.0260,1,3.6.1,"compiler: gcc -fPIC -pthread -m64 -Wa,--noexecstack -Wall -O3 -O2 -DOPENSSL_USE_NODELETE -DL_ENDIAN -DOPENSSL_PIC -DOPENSSL_BUILDING_OPENSSL -DNDEBUG",3.6.1
x86_64-cloud-vm,public_tries,1,5000,2.3826,2.2320,2.2680,4.6420,2.1720,103.9250,0.0260,1,3.6.1,"compiler: gcc -fPIC -pthread -m64 -Wa,--noexecstack -Wall -O3 -O2 -DOPENSSL_USE_NODELETE -DL_ENDIAN -DOPENSSL_PIC -DOPENSSL_BUILDING_OPENSSL -DNDEBUG",3.6.1
x86_64-cloud-vm,private_parse,1,5000,6.3628,6.0260,6.2700,11.6090,5.7210,63.5800,0.0260,1,3.6.1,"compiler: gcc -fPIC -pthread -m64 -Wa,--noexecstack -Wall -O3 -O2 -DOPENSSL_USE_NODELETE -DL_ENDIAN -DOPENSSL_PIC -DOPENSSL_BUILDING_OPENSSL -DNDEBUG",3.6.1
x86_64-cloud-vm,error_strings,1,5000,0.5269,0.4750,0.4950,0.9160,0.4500,46.4350,0.0260,1,3.6.1,"compiler: gcc -fPIC -pthread -m64 -Wa,--noexecstack -Wall -O3 -O2 -DOPENSSL_USE_NODELETE -DL_ENDIAN -DOPENSSL_PIC -DOPENSSL_BUILDING_OPENSSL -DNDEBUG",3.6.1
x86_64-cloud-vm,spki_ok,1,5000,11.9038,11.1810,11.5080,36.7130,10.7710,176.2150,0.0260,1,3.6.1,"compiler: gcc -fPIC -pthread -m64 -Wa,--noexecstack -Wall -O3 -O2 -DOPENSSL_USE_NODELETE -DL_ENDIAN -DOPENSSL_PIC -DOPENSSL_BUILDING_OPENSSL -DNDEBUG",3.6.1
x86_64-cloud-vm,timer_overhead,1,5000,0.0262,0.0260,0.0270,0.0280,0.0250,0.0430,0.0260,1,3.6.1,"compiler: gcc -fPIC -pthread -m64 -Wa,--noexecstack -Wall -O3 -O2 -DOPENSSL_USE_NODELETE -DL_ENDIAN -DOPENSSL_PIC -DOPENSSL_BUILDING_OPENSSL -DNDEBUG",3.6.1
x86_64-cloud-vm,full,2,5000,402.5507,384.2490,427.3970,749.2740,359.3380,3870.1310,0.0260,1,3.0.16,"compiler: gcc -fPIC -pthread -m64 -Wa,--noexecstack -Wall -O3 -O2 -DOPENSSL_USE_NODELETE -DL_ENDIAN -DOPENSSL_PIC -DOPENSSL_BUILDING_OPENSSL -DNDEBUG",3.0.16
x86_64-cloud-vm,public_tries,2,5000,2.4190,2.2860,2.3260,4.4680,2.2080,44.2010,0.0260,1,3.0.16,"compiler: gcc -fPIC -pthread -m64 -Wa,--noexecstack -Wall -O3 -O2 -DOPENSSL_USE_NODELETE -DL_ENDIAN -DOPENSSL_PIC -DOPENSSL_BUILDING_OPENSSL -DNDEBUG",3.0.16
x86_64-cloud-vm,private_parse,2,5000,409.9324,387.5660,445.4410,802.9770,356.3960,4424.4670,0.0260,1,3.0.16,"compiler: gcc -fPIC -pthread -m64 -Wa,--noexecstack -Wall -O3 -O2 -DOPENSSL_USE_NODELETE -DL_ENDIAN -DOPENSSL_PIC -DOPENSSL_BUILDING_OPENSSL -DNDEBUG",3.0.16
x86_64-cloud-vm,error_strings,2,5000,0.7448,0.7960,0.8870,2.0140,0.4590,25.9410,0.0260,1,3.0.16,"compiler: gcc -fPIC -pthread -m64 -Wa,--noexecstack -Wall -O3 -O2 -DOPENSSL_USE_NODELETE -DL_ENDIAN -DOPENSSL_PIC -DOPENSSL_BUILDING_OPENSSL -DNDEBUG",3.0.16
x86_64-cloud-vm,spki_ok,2,5000,124.2414,112.8680,148.9240,231.3010,108.0860,1257.9610,0.0260,1,3.0.16,"compiler: gcc -fPIC -pthread -m64 -Wa,--noexecstack -Wall -O3 -O2 -DOPENSSL_USE_NODELETE -DL_ENDIAN -DOPENSSL_PIC -DOPENSSL_BUILDING_OPENSSL -DNDEBUG",3.0.16
x86_64-cloud-vm,timer_overhead,2,5000,0.0263,0.0260,0.0270,0.0280,0.0250,0.1520,0.0260,1,3.0.16,"compiler: gcc -fPIC -pthread -m64 -Wa,--noexecstack -Wall -O3 -O2 -DOPENSSL_USE_NODELETE -DL_ENDIAN -DOPENSSL_PIC -DOPENSSL_BUILDING_OPENSSL -DNDEBUG",3.0.16
x86_64-cloud-vm,full,2,5000,443.9184,431.2100,489.6420,770.6530,391.0620,2635.1710,0.0310,1,3.0.19,"compiler: gcc -fPIC -pthread -m64 -Wa,--noexecstack -Wall -O3 -O2 -DOPENSSL_USE_NODELETE -DL_ENDIAN -DOPENSSL_PIC -DOPENSSL_BUILDING_OPENSSL -DNDEBUG",3.0.19
x86_64-cloud-vm,public_tries,2,5000,2.6463,2.2220,3.9650,5.6480,2.1560,66.5130,0.0260,1,3.0.19,"compiler: gcc -fPIC -pthread -m64 -Wa,--noexecstack -Wall -O3 -O2 -DOPENSSL_USE_NODELETE -DL_ENDIAN -DOPENSSL_PIC -DOPENSSL_BUILDING_OPENSSL -DNDEBUG",3.0.19
x86_64-cloud-vm,private_parse,2,5000,438.6963,424.0160,456.4590,805.9280,389.1860,2273.3660,0.0260,1,3.0.19,"compiler: gcc -fPIC -pthread -m64 -Wa,--noexecstack -Wall -O3 -O2 -DOPENSSL_USE_NODELETE -DL_ENDIAN -DOPENSSL_PIC -DOPENSSL_BUILDING_OPENSSL -DNDEBUG",3.0.19
x86_64-cloud-vm,error_strings,2,5000,0.8476,0.8730,1.0390,1.9680,0.4560,28.6420,0.0260,1,3.0.19,"compiler: gcc -fPIC -pthread -m64 -Wa,--noexecstack -Wall -O3 -O2 -DOPENSSL_USE_NODELETE -DL_ENDIAN -DOPENSSL_PIC -DOPENSSL_BUILDING_OPENSSL -DNDEBUG",3.0.19
x86_64-cloud-vm,spki_ok,2,5000,147.3815,136.5410,172.7210,283.2640,127.1390,949.5970,0.0260,1,3.0.19,"compiler: gcc -fPIC -pthread -m64 -Wa,--noexecstack -Wall -O3 -O2 -DOPENSSL_USE_NODELETE -DL_ENDIAN -DOPENSSL_PIC -DOPENSSL_BUILDING_OPENSSL -DNDEBUG",3.0.19
x86_64-cloud-vm,timer_overhead,2,5000,0.0262,0.0260,0.0270,0.0270,0.0250,0.0400,0.0260,1,3.0.19,"compiler: gcc -fPIC -pthread -m64 -Wa,--noexecstack -Wall -O3 -O2 -DOPENSSL_USE_NODELETE -DL_ENDIAN -DOPENSSL_PIC -DOPENSSL_BUILDING_OPENSSL -DNDEBUG",3.0.19
x86_64-cloud-vm,full,2,5000,61.6507,57.4250,76.8050,118.6600,55.7470,224.2100,0.0260,1,3.1.8,"compiler: gcc -fPIC -pthread -m64 -Wa,--noexecstack -Wall -O3 -O2 -DOPENSSL_USE_NODELETE -DL_ENDIAN -DOPENSSL_PIC -DOPENSSL_BUILDING_OPENSSL -DNDEBUG",3.1.8
x86_64-cloud-vm,public_tries,2,5000,4.5024,4.0870,4.7990,11.6280,2.9710,56.7720,0.0320,1,3.1.8,"compiler: gcc -fPIC -pthread -m64 -Wa,--noexecstack -Wall -O3 -O2 -DOPENSSL_USE_NODELETE -DL_ENDIAN -DOPENSSL_PIC -DOPENSSL_BUILDING_OPENSSL -DNDEBUG",3.1.8
x86_64-cloud-vm,private_parse,2,5000,65.5550,54.8130,95.1770,138.0640,53.0410,1941.8550,0.0260,1,3.1.8,"compiler: gcc -fPIC -pthread -m64 -Wa,--noexecstack -Wall -O3 -O2 -DOPENSSL_USE_NODELETE -DL_ENDIAN -DOPENSSL_PIC -DOPENSSL_BUILDING_OPENSSL -DNDEBUG",3.1.8
x86_64-cloud-vm,error_strings,2,5000,0.6555,0.5120,0.9650,1.4840,0.4630,33.3280,0.0260,1,3.1.8,"compiler: gcc -fPIC -pthread -m64 -Wa,--noexecstack -Wall -O3 -O2 -DOPENSSL_USE_NODELETE -DL_ENDIAN -DOPENSSL_PIC -DOPENSSL_BUILDING_OPENSSL -DNDEBUG",3.1.8
x86_64-cloud-vm,spki_ok,2,5000,51.5163,39.7910,69.7680,117.1040,35.6680,1703.7700,0.0260,1,3.1.8,"compiler: gcc -fPIC -pthread -m64 -Wa,--noexecstack -Wall -O3 -O2 -DOPENSSL_USE_NODELETE -DL_ENDIAN -DOPENSSL_PIC -DOPENSSL_BUILDING_OPENSSL -DNDEBUG",3.1.8
x86_64-cloud-vm,timer_overhead,2,5000,0.0266,0.0260,0.0270,0.0330,0.0250,0.2030,0.0260,1,3.1.8,"compiler: gcc -fPIC -pthread -m64 -Wa,--noexecstack -Wall -O3 -O2 -DOPENSSL_USE_NODELETE -DL_ENDIAN -DOPENSSL_PIC -DOPENSSL_BUILDING_OPENSSL -DNDEBUG",3.1.8
x86_64-cloud-vm,full,2,5000,7.6230,6.9990,7.2660,25.8030,6.7680,103.9870,0.0260,1,3.2.6,"compiler: gcc -fPIC -pthread -m64 -Wa,--noexecstack -Wall -O3 -O2 -DOPENSSL_USE_NODELETE -DL_ENDIAN -DOPENSSL_PIC -DOPENSSL_BUILDING_OPENSSL -DNDEBUG",3.2.6
x86_64-cloud-vm,public_tries,2,5000,2.2242,2.0560,2.4170,2.8060,2.0120,82.2050,0.0260,1,3.2.6,"compiler: gcc -fPIC -pthread -m64 -Wa,--noexecstack -Wall -O3 -O2 -DOPENSSL_USE_NODELETE -DL_ENDIAN -DOPENSSL_PIC -DOPENSSL_BUILDING_OPENSSL -DNDEBUG",3.2.6
x86_64-cloud-vm,private_parse,2,5000,4.7579,4.5240,4.6640,8.8930,4.3420,64.0400,0.0260,1,3.2.6,"compiler: gcc -fPIC -pthread -m64 -Wa,--noexecstack -Wall -O3 -O2 -DOPENSSL_USE_NODELETE -DL_ENDIAN -DOPENSSL_PIC -DOPENSSL_BUILDING_OPENSSL -DNDEBUG",3.2.6
x86_64-cloud-vm,error_strings,2,5000,0.5032,0.4580,0.4860,1.0530,0.4370,35.1660,0.0260,1,3.2.6,"compiler: gcc -fPIC -pthread -m64 -Wa,--noexecstack -Wall -O3 -O2 -DOPENSSL_USE_NODELETE -DL_ENDIAN -DOPENSSL_PIC -DOPENSSL_BUILDING_OPENSSL -DNDEBUG",3.2.6
x86_64-cloud-vm,spki_ok,2,5000,12.9086,11.6570,15.1490,38.5980,11.3350,204.7690,0.0260,1,3.2.6,"compiler: gcc -fPIC -pthread -m64 -Wa,--noexecstack -Wall -O3 -O2 -DOPENSSL_USE_NODELETE -DL_ENDIAN -DOPENSSL_PIC -DOPENSSL_BUILDING_OPENSSL -DNDEBUG",3.2.6
x86_64-cloud-vm,timer_overhead,2,5000,0.0263,0.0260,0.0270,0.0290,0.0250,0.1670,0.0260,1,3.2.6,"compiler: gcc -fPIC -pthread -m64 -Wa,--noexecstack -Wall -O3 -O2 -DOPENSSL_USE_NODELETE -DL_ENDIAN -DOPENSSL_PIC -DOPENSSL_BUILDING_OPENSSL -DNDEBUG",3.2.6
x86_64-cloud-vm,full,2,5000,7.5574,6.9130,7.1070,25.8300,6.7280,136.0230,0.0260,1,3.3.5,"compiler: gcc -fPIC -pthread -m64 -Wa,--noexecstack -Wall -O3 -O2 -DOPENSSL_USE_NODELETE -DL_ENDIAN -DOPENSSL_PIC -DOPENSSL_BUILDING_OPENSSL -DNDEBUG",3.3.5
x86_64-cloud-vm,public_tries,2,5000,2.2144,2.0720,2.1010,4.1390,2.0240,51.8070,0.0260,1,3.3.5,"compiler: gcc -fPIC -pthread -m64 -Wa,--noexecstack -Wall -O3 -O2 -DOPENSSL_USE_NODELETE -DL_ENDIAN -DOPENSSL_PIC -DOPENSSL_BUILDING_OPENSSL -DNDEBUG",3.3.5
x86_64-cloud-vm,private_parse,2,5000,5.2426,4.4840,8.4800,10.9170,4.3270,83.9580,0.0260,1,3.3.5,"compiler: gcc -fPIC -pthread -m64 -Wa,--noexecstack -Wall -O3 -O2 -DOPENSSL_USE_NODELETE -DL_ENDIAN -DOPENSSL_PIC -DOPENSSL_BUILDING_OPENSSL -DNDEBUG",3.3.5
x86_64-cloud-vm,error_strings,2,5000,0.8278,0.7700,0.9830,1.7120,0.4600,90.2030,0.0300,1,3.3.5,"compiler: gcc -fPIC -pthread -m64 -Wa,--noexecstack -Wall -O3 -O2 -DOPENSSL_USE_NODELETE -DL_ENDIAN -DOPENSSL_PIC -DOPENSSL_BUILDING_OPENSSL -DNDEBUG",3.3.5
x86_64-cloud-vm,spki_ok,2,5000,13.1509,12.0160,12.4550,42.3940,11.6720,207.2170,0.0260,1,3.3.5,"compiler: gcc -fPIC -pthread -m64 -Wa,--noexecstack -Wall -O3 -O2 -DOPENSSL_USE_NODELETE -DL_ENDIAN -DOPENSSL_PIC -DOPENSSL_BUILDING_OPENSSL -DNDEBUG",3.3.5
x86_64-cloud-vm,timer_overhead,2,5000,0.0264,0.0260,0.0270,0.0300,0.0250,0.1920,0.0260,1,3.3.5,"compiler: gcc -fPIC -pthread -m64 -Wa,--noexecstack -Wall -O3 -O2 -DOPENSSL_USE_NODELETE -DL_ENDIAN -DOPENSSL_PIC -DOPENSSL_BUILDING_OPENSSL -DNDEBUG",3.3.5
x86_64-cloud-vm,full,2,5000,8.1202,7.2040,7.4890,30.2350,6.9890,434.0930,0.0260,1,3.4.3,"compiler: gcc -fPIC -pthread -m64 -Wa,--noexecstack -Wall -O3 -O2 -DOPENSSL_USE_NODELETE -DL_ENDIAN -DOPENSSL_PIC -DOPENSSL_BUILDING_OPENSSL -DNDEBUG",3.4.3
x86_64-cloud-vm,public_tries,2,5000,2.8375,2.1010,3.9120,6.2590,2.0380,180.1770,0.0310,1,3.4.3,"compiler: gcc -fPIC -pthread -m64 -Wa,--noexecstack -Wall -O3 -O2 -DOPENSSL_USE_NODELETE -DL_ENDIAN -DOPENSSL_PIC -DOPENSSL_BUILDING_OPENSSL -DNDEBUG",3.4.3
x86_64-cloud-vm,private_parse,2,5000,5.6318,4.5650,7.8900,14.9010,4.2860,104.1710,0.0280,1,3.4.3,"compiler: gcc -fPIC -pthread -m64 -Wa,--noexecstack -Wall -O3 -O2 -DOPENSSL_USE_NODELETE -DL_ENDIAN -DOPENSSL_PIC -DOPENSSL_BUILDING_OPENSSL -DNDEBUG",3.4.3
x86_64-cloud-vm,error_strings,2,5000,0.6012,0.5110,0.5300,1.0140,0.4800,228.5670,0.0260,1,3.4.3,"compiler: gcc -fPIC -pthread -m64 -Wa,--noexecstack -Wall -O3 -O2 -DOPENSSL_USE_NODELETE -DL_ENDIAN -DOPENSSL_PIC -DOPENSSL_BUILDING_OPENSSL -DNDEBUG",3.4.3
x86_64-cloud-vm,spki_ok,2,5000,15.1987,11.2080,14.6940,81.2440,10.8490,1295.5500,0.0260,1,3.4.3,"compiler: gcc -fPIC -pthread -m64 -Wa,--noexecstack -Wall -O3 -O2 -DOPENSSL_USE_NODELETE -DL_ENDIAN -DOPENSSL_PIC -DOPENSSL_BUILDING_OPENSSL -DNDEBUG",3.4.3
x86_64-cloud-vm,timer_overhead,2,5000,0.0293,0.0260,0.0270,0.0270,0.0250,15.7620,0.0260,1,3.4.3,"compiler: gcc -fPIC -pthread -m64 -Wa,--noexecstack -Wall -O3 -O2 -DOPENSSL_USE_NODELETE -DL_ENDIAN -DOPENSSL_PIC -DOPENSSL_BUILDING_OPENSSL -DNDEBUG",3.4.3
x86_64-cloud-vm,full,2,5000,8.8551,8.4120,8.5810,30.1580,8.0810,93.0960,0.0260,1,3.5.8,"compiler: gcc -fPIC -pthread -m64 -Wa,--noexecstack -Wall -O3 -O2 -DOPENSSL_USE_NODELETE -DL_ENDIAN -DOPENSSL_PIC -DOPENSSL_BUILDING_OPENSSL -DNDEBUG",3.5.8
x86_64-cloud-vm,public_tries,2,5000,2.1592,2.0500,2.0840,3.6080,1.9960,52.3830,0.0260,1,3.5.8,"compiler: gcc -fPIC -pthread -m64 -Wa,--noexecstack -Wall -O3 -O2 -DOPENSSL_USE_NODELETE -DL_ENDIAN -DOPENSSL_PIC -DOPENSSL_BUILDING_OPENSSL -DNDEBUG",3.5.8
x86_64-cloud-vm,private_parse,2,5000,6.2691,5.7650,5.9610,13.0520,5.5820,72.1440,0.0260,1,3.5.8,"compiler: gcc -fPIC -pthread -m64 -Wa,--noexecstack -Wall -O3 -O2 -DOPENSSL_USE_NODELETE -DL_ENDIAN -DOPENSSL_PIC -DOPENSSL_BUILDING_OPENSSL -DNDEBUG",3.5.8
x86_64-cloud-vm,error_strings,2,5000,0.5347,0.4790,0.5130,1.1680,0.4570,35.0610,0.0260,1,3.5.8,"compiler: gcc -fPIC -pthread -m64 -Wa,--noexecstack -Wall -O3 -O2 -DOPENSSL_USE_NODELETE -DL_ENDIAN -DOPENSSL_PIC -DOPENSSL_BUILDING_OPENSSL -DNDEBUG",3.5.8
x86_64-cloud-vm,spki_ok,2,5000,12.3060,11.2290,11.4990,38.1120,10.9560,450.4670,0.0260,1,3.5.8,"compiler: gcc -fPIC -pthread -m64 -Wa,--noexecstack -Wall -O3 -O2 -DOPENSSL_USE_NODELETE -DL_ENDIAN -DOPENSSL_PIC -DOPENSSL_BUILDING_OPENSSL -DNDEBUG",3.5.8
x86_64-cloud-vm,timer_overhead,2,5000,0.0273,0.0260,0.0270,0.0280,0.0230,5.6150,0.0260,1,3.5.8,"compiler: gcc -fPIC -pthread -m64 -Wa,--noexecstack -Wall -O3 -O2 -DOPENSSL_USE_NODELETE -DL_ENDIAN -DOPENSSL_PIC -DOPENSSL_BUILDING_OPENSSL -DNDEBUG",3.5.8
x86_64-cloud-vm,full,2,5000,15.7532,15.9090,18.3740,56.4600,8.4360,271.6570,0.0320,1,3.6.1,"compiler: gcc -fPIC -pthread -m64 -Wa,--noexecstack -Wall -O3 -O2 -DOPENSSL_USE_NODELETE -DL_ENDIAN -DOPENSSL_PIC -DOPENSSL_BUILDING_OPENSSL -DNDEBUG",3.6.1
x86_64-cloud-vm,public_tries,2,5000,2.3089,2.2280,2.2550,2.5160,2.1740,45.8380,0.0260,1,3.6.1,"compiler: gcc -fPIC -pthread -m64 -Wa,--noexecstack -Wall -O3 -O2 -DOPENSSL_USE_NODELETE -DL_ENDIAN -DOPENSSL_PIC -DOPENSSL_BUILDING_OPENSSL -DNDEBUG",3.6.1
x86_64-cloud-vm,private_parse,2,5000,6.2782,5.9770,6.1480,13.3120,5.7040,101.3160,0.0260,1,3.6.1,"compiler: gcc -fPIC -pthread -m64 -Wa,--noexecstack -Wall -O3 -O2 -DOPENSSL_USE_NODELETE -DL_ENDIAN -DOPENSSL_PIC -DOPENSSL_BUILDING_OPENSSL -DNDEBUG",3.6.1
x86_64-cloud-vm,error_strings,2,5000,0.5099,0.4790,0.4920,1.0310,0.4510,27.1970,0.0260,1,3.6.1,"compiler: gcc -fPIC -pthread -m64 -Wa,--noexecstack -Wall -O3 -O2 -DOPENSSL_USE_NODELETE -DL_ENDIAN -DOPENSSL_PIC -DOPENSSL_BUILDING_OPENSSL -DNDEBUG",3.6.1
x86_64-cloud-vm,spki_ok,2,5000,12.3115,11.1100,11.5900,43.4630,10.7540,142.8780,0.0260,1,3.6.1,"compiler: gcc -fPIC -pthread -m64 -Wa,--noexecstack -Wall -O3 -O2 -DOPENSSL_USE_NODELETE -DL_ENDIAN -DOPENSSL_PIC -DOPENSSL_BUILDING_OPENSSL -DNDEBUG",3.6.1
x86_64-cloud-vm,timer_overhead,2,5000,0.0272,0.0260,0.0270,0.0280,0.0250,5.1480,0.0260,1,3.6.1,"compiler: gcc -fPIC -pthread -m64 -Wa,--noexecstack -Wall -O3 -O2 -DOPENSSL_USE_NODELETE -DL_ENDIAN -DOPENSSL_PIC -DOPENSSL_BUILDING_OPENSSL -DNDEBUG",3.6.1
x86_64-cloud-vm,full,3,5000,431.5907,400.2260,501.1820,844.1870,365.6390,3579.9020,0.0320,1,3.0.16,"compiler: gcc -fPIC -pthread -m64 -Wa,--noexecstack -Wall -O3 -O2 -DOPENSSL_USE_NODELETE -DL_ENDIAN -DOPENSSL_PIC -DOPENSSL_BUILDING_OPENSSL -DNDEBUG",3.0.16
x86_64-cloud-vm,public_tries,3,5000,2.4307,2.2780,2.3210,4.5590,2.2020,83.5950,0.0260,1,3.0.16,"compiler: gcc -fPIC -pthread -m64 -Wa,--noexecstack -Wall -O3 -O2 -DOPENSSL_USE_NODELETE -DL_ENDIAN -DOPENSSL_PIC -DOPENSSL_BUILDING_OPENSSL -DNDEBUG",3.0.16
x86_64-cloud-vm,private_parse,3,5000,419.7880,393.1490,477.3140,783.0470,357.8660,5044.8270,0.0260,1,3.0.16,"compiler: gcc -fPIC -pthread -m64 -Wa,--noexecstack -Wall -O3 -O2 -DOPENSSL_USE_NODELETE -DL_ENDIAN -DOPENSSL_PIC -DOPENSSL_BUILDING_OPENSSL -DNDEBUG",3.0.16
x86_64-cloud-vm,error_strings,3,5000,0.7613,0.8070,0.9090,1.6570,0.4700,51.5950,0.0260,1,3.0.16,"compiler: gcc -fPIC -pthread -m64 -Wa,--noexecstack -Wall -O3 -O2 -DOPENSSL_USE_NODELETE -DL_ENDIAN -DOPENSSL_PIC -DOPENSSL_BUILDING_OPENSSL -DNDEBUG",3.0.16
x86_64-cloud-vm,spki_ok,3,5000,120.1248,112.6210,140.3940,198.7450,108.2490,316.0410,0.0260,1,3.0.16,"compiler: gcc -fPIC -pthread -m64 -Wa,--noexecstack -Wall -O3 -O2 -DOPENSSL_USE_NODELETE -DL_ENDIAN -DOPENSSL_PIC -DOPENSSL_BUILDING_OPENSSL -DNDEBUG",3.0.16
x86_64-cloud-vm,timer_overhead,3,5000,0.0262,0.0260,0.0270,0.0280,0.0250,0.0610,0.0260,1,3.0.16,"compiler: gcc -fPIC -pthread -m64 -Wa,--noexecstack -Wall -O3 -O2 -DOPENSSL_USE_NODELETE -DL_ENDIAN -DOPENSSL_PIC -DOPENSSL_BUILDING_OPENSSL -DNDEBUG",3.0.16
x86_64-cloud-vm,full,3,5000,465.3318,429.2020,535.3860,912.8660,392.7470,4963.4000,0.0260,1,3.0.19,"compiler: gcc -fPIC -pthread -m64 -Wa,--noexecstack -Wall -O3 -O2 -DOPENSSL_USE_NODELETE -DL_ENDIAN -DOPENSSL_PIC -DOPENSSL_BUILDING_OPENSSL -DNDEBUG",3.0.19
x86_64-cloud-vm,public_tries,3,5000,2.5553,2.2360,3.5210,5.5540,2.1710,45.7360,0.0260,1,3.0.19,"compiler: gcc -fPIC -pthread -m64 -Wa,--noexecstack -Wall -O3 -O2 -DOPENSSL_USE_NODELETE -DL_ENDIAN -DOPENSSL_PIC -DOPENSSL_BUILDING_OPENSSL -DNDEBUG",3.0.19
x86_64-cloud-vm,private_parse,3,5000,454.3923,424.4160,535.5270,861.9810,388.6530,2697.6560,0.0260,1,3.0.19,"compiler: gcc -fPIC -pthread -m64 -Wa,--noexecstack -Wall -O3 -O2 -DOPENSSL_USE_NODELETE -DL_ENDIAN -DOPENSSL_PIC -DOPENSSL_BUILDING_OPENSSL -DNDEBUG",3.0.19
x86_64-cloud-vm,error_strings,3,5000,0.8586,0.8650,1.1240,2.1510,0.4660,69.5820,0.0260,1,3.0.19,"compiler: gcc -fPIC -pthread -m64 -Wa,--noexecstack -Wall -O3 -O2 -DOPENSSL_USE_NODELETE -DL_ENDIAN -DOPENSSL_PIC -DOPENSSL_BUILDING_OPENSSL -DNDEBUG",3.0.19
x86_64-cloud-vm,spki_ok,3,5000,149.2820,133.2590,182.6090,287.6040,126.5890,1024.5260,0.0260,1,3.0.19,"compiler: gcc -fPIC -pthread -m64 -Wa,--noexecstack -Wall -O3 -O2 -DOPENSSL_USE_NODELETE -DL_ENDIAN -DOPENSSL_PIC -DOPENSSL_BUILDING_OPENSSL -DNDEBUG",3.0.19
x86_64-cloud-vm,timer_overhead,3,5000,0.0262,0.0260,0.0270,0.0280,0.0250,0.1540,0.0260,1,3.0.19,"compiler: gcc -fPIC -pthread -m64 -Wa,--noexecstack -Wall -O3 -O2 -DOPENSSL_USE_NODELETE -DL_ENDIAN -DOPENSSL_PIC -DOPENSSL_BUILDING_OPENSSL -DNDEBUG",3.0.19
x86_64-cloud-vm,full,3,5000,63.8862,57.4680,87.4820,133.2030,55.6740,246.7770,0.0260,1,3.1.8,"compiler: gcc -fPIC -pthread -m64 -Wa,--noexecstack -Wall -O3 -O2 -DOPENSSL_USE_NODELETE -DL_ENDIAN -DOPENSSL_PIC -DOPENSSL_BUILDING_OPENSSL -DNDEBUG",3.1.8
x86_64-cloud-vm,public_tries,3,5000,2.7921,2.2020,4.1870,5.6520,2.1270,75.6130,0.0260,1,3.1.8,"compiler: gcc -fPIC -pthread -m64 -Wa,--noexecstack -Wall -O3 -O2 -DOPENSSL_USE_NODELETE -DL_ENDIAN -DOPENSSL_PIC -DOPENSSL_BUILDING_OPENSSL -DNDEBUG",3.1.8
x86_64-cloud-vm,private_parse,3,5000,67.1876,54.8130,102.0010,143.2160,53.0180,310.8530,0.0260,1,3.1.8,"compiler: gcc -fPIC -pthread -m64 -Wa,--noexecstack -Wall -O3 -O2 -DOPENSSL_USE_NODELETE -DL_ENDIAN -DOPENSSL_PIC -DOPENSSL_BUILDING_OPENSSL -DNDEBUG",3.1.8
x86_64-cloud-vm,error_strings,3,5000,0.5429,0.4940,0.5610,0.9550,0.4590,26.4180,0.0260,1,3.1.8,"compiler: gcc -fPIC -pthread -m64 -Wa,--noexecstack -Wall -O3 -O2 -DOPENSSL_USE_NODELETE -DL_ENDIAN -DOPENSSL_PIC -DOPENSSL_BUILDING_OPENSSL -DNDEBUG",3.1.8
x86_64-cloud-vm,spki_ok,3,5000,38.5873,36.0380,40.5810,74.3160,35.1440,279.5890,0.0260,1,3.1.8,"compiler: gcc -fPIC -pthread -m64 -Wa,--noexecstack -Wall -O3 -O2 -DOPENSSL_USE_NODELETE -DL_ENDIAN -DOPENSSL_PIC -DOPENSSL_BUILDING_OPENSSL -DNDEBUG",3.1.8
x86_64-cloud-vm,timer_overhead,3,5000,0.0263,0.0260,0.0270,0.0290,0.0250,0.1570,0.0260,1,3.1.8,"compiler: gcc -fPIC -pthread -m64 -Wa,--noexecstack -Wall -O3 -O2 -DOPENSSL_USE_NODELETE -DL_ENDIAN -DOPENSSL_PIC -DOPENSSL_BUILDING_OPENSSL -DNDEBUG",3.1.8
x86_64-cloud-vm,full,3,5000,7.7139,6.9450,7.2190,27.7470,6.7770,170.5270,0.0260,1,3.2.6,"compiler: gcc -fPIC -pthread -m64 -Wa,--noexecstack -Wall -O3 -O2 -DOPENSSL_USE_NODELETE -DL_ENDIAN -DOPENSSL_PIC -DOPENSSL_BUILDING_OPENSSL -DNDEBUG",3.2.6
x86_64-cloud-vm,public_tries,3,5000,2.3706,2.0560,2.4810,5.2100,2.0090,77.2370,0.0260,1,3.2.6,"compiler: gcc -fPIC -pthread -m64 -Wa,--noexecstack -Wall -O3 -O2 -DOPENSSL_USE_NODELETE -DL_ENDIAN -DOPENSSL_PIC -DOPENSSL_BUILDING_OPENSSL -DNDEBUG",3.2.6
x86_64-cloud-vm,private_parse,3,5000,4.8450,4.4470,4.6130,9.8720,4.2750,75.8130,0.0260,1,3.2.6,"compiler: gcc -fPIC -pthread -m64 -Wa,--noexecstack -Wall -O3 -O2 -DOPENSSL_USE_NODELETE -DL_ENDIAN -DOPENSSL_PIC -DOPENSSL_BUILDING_OPENSSL -DNDEBUG",3.2.6
x86_64-cloud-vm,error_strings,3,5000,0.5211,0.4590,0.5040,1.0290,0.4380,30.0770,0.0260,1,3.2.6,"compiler: gcc -fPIC -pthread -m64 -Wa,--noexecstack -Wall -O3 -O2 -DOPENSSL_USE_NODELETE -DL_ENDIAN -DOPENSSL_PIC -DOPENSSL_BUILDING_OPENSSL -DNDEBUG",3.2.6
x86_64-cloud-vm,spki_ok,3,5000,12.6534,11.7860,11.9630,40.3960,11.4460,198.3580,0.0260,1,3.2.6,"compiler: gcc -fPIC -pthread -m64 -Wa,--noexecstack -Wall -O3 -O2 -DOPENSSL_USE_NODELETE -DL_ENDIAN -DOPENSSL_PIC -DOPENSSL_BUILDING_OPENSSL -DNDEBUG",3.2.6
x86_64-cloud-vm,timer_overhead,3,5000,0.0269,0.0260,0.0270,0.0280,0.0250,3.0850,0.0260,1,3.2.6,"compiler: gcc -fPIC -pthread -m64 -Wa,--noexecstack -Wall -O3 -O2 -DOPENSSL_USE_NODELETE -DL_ENDIAN -DOPENSSL_PIC -DOPENSSL_BUILDING_OPENSSL -DNDEBUG",3.2.6
x86_64-cloud-vm,full,3,5000,7.5805,6.9590,7.1370,28.2880,6.7650,139.8930,0.0260,1,3.3.5,"compiler: gcc -fPIC -pthread -m64 -Wa,--noexecstack -Wall -O3 -O2 -DOPENSSL_USE_NODELETE -DL_ENDIAN -DOPENSSL_PIC -DOPENSSL_BUILDING_OPENSSL -DNDEBUG",3.3.5
x86_64-cloud-vm,public_tries,3,5000,2.4418,2.0730,2.1020,4.9360,2.0240,554.9050,0.0260,1,3.3.5,"compiler: gcc -fPIC -pthread -m64 -Wa,--noexecstack -Wall -O3 -O2 -DOPENSSL_USE_NODELETE -DL_ENDIAN -DOPENSSL_PIC -DOPENSSL_BUILDING_OPENSSL -DNDEBUG",3.3.5
x86_64-cloud-vm,private_parse,3,5000,4.8227,4.4450,4.6470,9.7750,4.3090,152.4970,0.0260,1,3.3.5,"compiler: gcc -fPIC -pthread -m64 -Wa,--noexecstack -Wall -O3 -O2 -DOPENSSL_USE_NODELETE -DL_ENDIAN -DOPENSSL_PIC -DOPENSSL_BUILDING_OPENSSL -DNDEBUG",3.3.5
x86_64-cloud-vm,error_strings,3,5000,0.5768,0.4730,0.5020,1.3070,0.4560,189.4100,0.0260,1,3.3.5,"compiler: gcc -fPIC -pthread -m64 -Wa,--noexecstack -Wall -O3 -O2 -DOPENSSL_USE_NODELETE -DL_ENDIAN -DOPENSSL_PIC -DOPENSSL_BUILDING_OPENSSL -DNDEBUG",3.3.5
x86_64-cloud-vm,spki_ok,3,5000,15.0357,12.1280,21.6450,44.6880,11.7270,161.7780,0.0260,1,3.3.5,"compiler: gcc -fPIC -pthread -m64 -Wa,--noexecstack -Wall -O3 -O2 -DOPENSSL_USE_NODELETE -DL_ENDIAN -DOPENSSL_PIC -DOPENSSL_BUILDING_OPENSSL -DNDEBUG",3.3.5
x86_64-cloud-vm,timer_overhead,3,5000,0.0262,0.0260,0.0270,0.0270,0.0250,0.0710,0.0260,1,3.3.5,"compiler: gcc -fPIC -pthread -m64 -Wa,--noexecstack -Wall -O3 -O2 -DOPENSSL_USE_NODELETE -DL_ENDIAN -DOPENSSL_PIC -DOPENSSL_BUILDING_OPENSSL -DNDEBUG",3.3.5
x86_64-cloud-vm,full,3,5000,7.9305,7.1880,7.3760,27.7190,6.9790,264.7410,0.0260,1,3.4.3,"compiler: gcc -fPIC -pthread -m64 -Wa,--noexecstack -Wall -O3 -O2 -DOPENSSL_USE_NODELETE -DL_ENDIAN -DOPENSSL_PIC -DOPENSSL_BUILDING_OPENSSL -DNDEBUG",3.4.3
x86_64-cloud-vm,public_tries,3,5000,2.3875,2.1100,2.9920,5.6120,2.0320,52.6380,0.0260,1,3.4.3,"compiler: gcc -fPIC -pthread -m64 -Wa,--noexecstack -Wall -O3 -O2 -DOPENSSL_USE_NODELETE -DL_ENDIAN -DOPENSSL_PIC -DOPENSSL_BUILDING_OPENSSL -DNDEBUG",3.4.3
x86_64-cloud-vm,private_parse,3,5000,5.1637,4.4440,7.2860,12.4310,4.2860,70.9650,0.0260,1,3.4.3,"compiler: gcc -fPIC -pthread -m64 -Wa,--noexecstack -Wall -O3 -O2 -DOPENSSL_USE_NODELETE -DL_ENDIAN -DOPENSSL_PIC -DOPENSSL_BUILDING_OPENSSL -DNDEBUG",3.4.3
x86_64-cloud-vm,error_strings,3,5000,0.5718,0.4930,0.7410,1.1160,0.4560,30.1330,0.0260,1,3.4.3,"compiler: gcc -fPIC -pthread -m64 -Wa,--noexecstack -Wall -O3 -O2 -DOPENSSL_USE_NODELETE -DL_ENDIAN -DOPENSSL_PIC -DOPENSSL_BUILDING_OPENSSL -DNDEBUG",3.4.3
x86_64-cloud-vm,spki_ok,3,5000,17.2670,16.9890,21.9200,57.8650,10.8380,538.2050,0.0260,1,3.4.3,"compiler: gcc -fPIC -pthread -m64 -Wa,--noexecstack -Wall -O3 -O2 -DOPENSSL_USE_NODELETE -DL_ENDIAN -DOPENSSL_PIC -DOPENSSL_BUILDING_OPENSSL -DNDEBUG",3.4.3
x86_64-cloud-vm,timer_overhead,3,5000,0.0357,0.0280,0.0300,0.0340,0.0260,35.1970,0.0260,1,3.4.3,"compiler: gcc -fPIC -pthread -m64 -Wa,--noexecstack -Wall -O3 -O2 -DOPENSSL_USE_NODELETE -DL_ENDIAN -DOPENSSL_PIC -DOPENSSL_BUILDING_OPENSSL -DNDEBUG",3.4.3
x86_64-cloud-vm,full,3,5000,9.3634,8.3850,8.6280,36.8180,8.1600,480.6040,0.0260,1,3.5.8,"compiler: gcc -fPIC -pthread -m64 -Wa,--noexecstack -Wall -O3 -O2 -DOPENSSL_USE_NODELETE -DL_ENDIAN -DOPENSSL_PIC -DOPENSSL_BUILDING_OPENSSL -DNDEBUG",3.5.8
x86_64-cloud-vm,public_tries,3,5000,2.3028,2.0580,2.1120,4.7100,2.0050,136.1740,0.0260,1,3.5.8,"compiler: gcc -fPIC -pthread -m64 -Wa,--noexecstack -Wall -O3 -O2 -DOPENSSL_USE_NODELETE -DL_ENDIAN -DOPENSSL_PIC -DOPENSSL_BUILDING_OPENSSL -DNDEBUG",3.5.8
x86_64-cloud-vm,private_parse,3,5000,7.2658,5.7770,9.2710,26.6820,5.5790,2835.4300,0.0260,1,3.5.8,"compiler: gcc -fPIC -pthread -m64 -Wa,--noexecstack -Wall -O3 -O2 -DOPENSSL_USE_NODELETE -DL_ENDIAN -DOPENSSL_PIC -DOPENSSL_BUILDING_OPENSSL -DNDEBUG",3.5.8
x86_64-cloud-vm,error_strings,3,5000,0.5851,0.4910,0.5420,1.1960,0.4590,82.5270,0.0260,1,3.5.8,"compiler: gcc -fPIC -pthread -m64 -Wa,--noexecstack -Wall -O3 -O2 -DOPENSSL_USE_NODELETE -DL_ENDIAN -DOPENSSL_PIC -DOPENSSL_BUILDING_OPENSSL -DNDEBUG",3.5.8
x86_64-cloud-vm,spki_ok,3,5000,15.7783,11.3840,21.9860,56.9890,10.9590,348.7180,0.0260,1,3.5.8,"compiler: gcc -fPIC -pthread -m64 -Wa,--noexecstack -Wall -O3 -O2 -DOPENSSL_USE_NODELETE -DL_ENDIAN -DOPENSSL_PIC -DOPENSSL_BUILDING_OPENSSL -DNDEBUG",3.5.8
x86_64-cloud-vm,timer_overhead,3,5000,0.0262,0.0260,0.0270,0.0280,0.0250,0.0400,0.0260,1,3.5.8,"compiler: gcc -fPIC -pthread -m64 -Wa,--noexecstack -Wall -O3 -O2 -DOPENSSL_USE_NODELETE -DL_ENDIAN -DOPENSSL_PIC -DOPENSSL_BUILDING_OPENSSL -DNDEBUG",3.5.8
x86_64-cloud-vm,full,3,5000,10.1345,8.7260,15.7850,31.1190,8.3120,107.7020,0.0260,1,3.6.1,"compiler: gcc -fPIC -pthread -m64 -Wa,--noexecstack -Wall -O3 -O2 -DOPENSSL_USE_NODELETE -DL_ENDIAN -DOPENSSL_PIC -DOPENSSL_BUILDING_OPENSSL -DNDEBUG",3.6.1
x86_64-cloud-vm,public_tries,3,5000,2.6572,2.2480,3.3840,5.7010,2.1730,182.0950,0.0260,1,3.6.1,"compiler: gcc -fPIC -pthread -m64 -Wa,--noexecstack -Wall -O3 -O2 -DOPENSSL_USE_NODELETE -DL_ENDIAN -DOPENSSL_PIC -DOPENSSL_BUILDING_OPENSSL -DNDEBUG",3.6.1
x86_64-cloud-vm,private_parse,3,5000,7.6570,5.8950,11.2330,26.6970,5.6960,113.1290,0.0280,1,3.6.1,"compiler: gcc -fPIC -pthread -m64 -Wa,--noexecstack -Wall -O3 -O2 -DOPENSSL_USE_NODELETE -DL_ENDIAN -DOPENSSL_PIC -DOPENSSL_BUILDING_OPENSSL -DNDEBUG",3.6.1
x86_64-cloud-vm,error_strings,3,5000,0.8108,0.7470,0.8600,1.4980,0.4550,92.6360,0.0280,1,3.6.1,"compiler: gcc -fPIC -pthread -m64 -Wa,--noexecstack -Wall -O3 -O2 -DOPENSSL_USE_NODELETE -DL_ENDIAN -DOPENSSL_PIC -DOPENSSL_BUILDING_OPENSSL -DNDEBUG",3.6.1
x86_64-cloud-vm,spki_ok,3,5000,12.3563,11.1340,11.7490,43.3820,10.7500,141.7800,0.0260,1,3.6.1,"compiler: gcc -fPIC -pthread -m64 -Wa,--noexecstack -Wall -O3 -O2 -DOPENSSL_USE_NODELETE -DL_ENDIAN -DOPENSSL_PIC -DOPENSSL_BUILDING_OPENSSL -DNDEBUG",3.6.1
x86_64-cloud-vm,timer_overhead,3,5000,0.0262,0.0260,0.0270,0.0280,0.0250,0.0600,0.0260,1,3.6.1,"compiler: gcc -fPIC -pthread -m64 -Wa,--noexecstack -Wall -O3 -O2 -DOPENSSL_USE_NODELETE -DL_ENDIAN -DOPENSSL_PIC -DOPENSSL_BUILDING_OPENSSL -DNDEBUG",3.6.1
x86_64-cloud-vm,full,4,5000,435.5750,390.9080,565.2420,901.8880,358.7200,3411.2480,0.0260,1,3.0.16,"compiler: gcc -fPIC -pthread -m64 -Wa,--noexecstack -Wall -O3 -O2 -DOPENSSL_USE_NODELETE -DL_ENDIAN -DOPENSSL_PIC -DOPENSSL_BUILDING_OPENSSL -DNDEBUG",3.0.16
x86_64-cloud-vm,public_tries,4,5000,2.3792,2.2840,2.3210,2.5630,2.2180,67.6380,0.0260,1,3.0.16,"compiler: gcc -fPIC -pthread -m64 -Wa,--noexecstack -Wall -O3 -O2 -DOPENSSL_USE_NODELETE -DL_ENDIAN -DOPENSSL_PIC -DOPENSSL_BUILDING_OPENSSL -DNDEBUG",3.0.16
x86_64-cloud-vm,private_parse,4,5000,439.7239,392.9950,592.2860,881.9550,358.0540,3503.5950,0.0260,1,3.0.16,"compiler: gcc -fPIC -pthread -m64 -Wa,--noexecstack -Wall -O3 -O2 -DOPENSSL_USE_NODELETE -DL_ENDIAN -DOPENSSL_PIC -DOPENSSL_BUILDING_OPENSSL -DNDEBUG",3.0.16
x86_64-cloud-vm,error_strings,4,5000,0.8119,0.6590,0.9800,2.1390,0.4600,59.5720,0.0260,1,3.0.16,"compiler: gcc -fPIC -pthread -m64 -Wa,--noexecstack -Wall -O3 -O2 -DOPENSSL_USE_NODELETE -DL_ENDIAN -DOPENSSL_PIC -DOPENSSL_BUILDING_OPENSSL -DNDEBUG",3.0.16
x86_64-cloud-vm,spki_ok,4,5000,122.2394,115.1700,142.6270,204.7300,109.4850,590.1550,0.0260,1,3.0.16,"compiler: gcc -fPIC -pthread -m64 -Wa,--noexecstack -Wall -O3 -O2 -DOPENSSL_USE_NODELETE -DL_ENDIAN -DOPENSSL_PIC -DOPENSSL_BUILDING_OPENSSL -DNDEBUG",3.0.16
x86_64-cloud-vm,timer_overhead,4,5000,0.0262,0.0260,0.0270,0.0280,0.0240,0.0440,0.0260,1,3.0.16,"compiler: gcc -fPIC -pthread -m64 -Wa,--noexecstack -Wall -O3 -O2 -DOPENSSL_USE_NODELETE -DL_ENDIAN -DOPENSSL_PIC -DOPENSSL_BUILDING_OPENSSL -DNDEBUG",3.0.16
x86_64-cloud-vm,full,4,5000,490.5572,431.4140,736.2990,924.4270,392.9380,3443.4250,0.0260,1,3.0.19,"compiler: gcc -fPIC -pthread -m64 -Wa,--noexecstack -Wall -O3 -O2 -DOPENSSL_USE_NODELETE -DL_ENDIAN -DOPENSSL_PIC -DOPENSSL_BUILDING_OPENSSL -DNDEBUG",3.0.19
x86_64-cloud-vm,public_tries,4,5000,2.3245,2.2240,2.2620,4.1770,2.1600,32.7760,0.0260,1,3.0.19,"compiler: gcc -fPIC -pthread -m64 -Wa,--noexecstack -Wall -O3 -O2 -DOPENSSL_USE_NODELETE -DL_ENDIAN -DOPENSSL_PIC -DOPENSSL_BUILDING_OPENSSL -DNDEBUG",3.0.19
x86_64-cloud-vm,private_parse,4,5000,441.8530,422.5230,479.7510,849.3350,390.1900,1712.3570,0.0260,1,3.0.19,"compiler: gcc -fPIC -pthread -m64 -Wa,--noexecstack -Wall -O3 -O2 -DOPENSSL_USE_NODELETE -DL_ENDIAN -DOPENSSL_PIC -DOPENSSL_BUILDING_OPENSSL -DNDEBUG",3.0.19
x86_64-cloud-vm,error_strings,4,5000,0.7768,0.8140,0.9540,2.0160,0.4600,23.2480,0.0260,1,3.0.19,"compiler: gcc -fPIC -pthread -m64 -Wa,--noexecstack -Wall -O3 -O2 -DOPENSSL_USE_NODELETE -DL_ENDIAN -DOPENSSL_PIC -DOPENSSL_BUILDING_OPENSSL -DNDEBUG",3.0.19
x86_64-cloud-vm,spki_ok,4,5000,142.4080,131.6060,169.9600,245.4120,125.9910,766.9890,0.0260,1,3.0.19,"compiler: gcc -fPIC -pthread -m64 -Wa,--noexecstack -Wall -O3 -O2 -DOPENSSL_USE_NODELETE -DL_ENDIAN -DOPENSSL_PIC -DOPENSSL_BUILDING_OPENSSL -DNDEBUG",3.0.19
x86_64-cloud-vm,timer_overhead,4,5000,0.0297,0.0290,0.0330,0.0350,0.0250,0.8940,0.0280,1,3.0.19,"compiler: gcc -fPIC -pthread -m64 -Wa,--noexecstack -Wall -O3 -O2 -DOPENSSL_USE_NODELETE -DL_ENDIAN -DOPENSSL_PIC -DOPENSSL_BUILDING_OPENSSL -DNDEBUG",3.0.19
x86_64-cloud-vm,full,4,5000,66.6897,57.4710,82.7200,136.4580,55.4620,3304.7540,0.0260,1,3.1.8,"compiler: gcc -fPIC -pthread -m64 -Wa,--noexecstack -Wall -O3 -O2 -DOPENSSL_USE_NODELETE -DL_ENDIAN -DOPENSSL_PIC -DOPENSSL_BUILDING_OPENSSL -DNDEBUG",3.1.8
x86_64-cloud-vm,public_tries,4,5000,2.3366,2.2050,2.2370,4.2930,2.1510,57.5300,0.0260,1,3.1.8,"compiler: gcc -fPIC -pthread -m64 -Wa,--noexecstack -Wall -O3 -O2 -DOPENSSL_USE_NODELETE -DL_ENDIAN -DOPENSSL_PIC -DOPENSSL_BUILDING_OPENSSL -DNDEBUG",3.1.8
x86_64-cloud-vm,private_parse,4,5000,64.5782,55.3160,87.2320,147.5790,53.7550,3293.0490,0.0260,1,3.1.8,"compiler: gcc -fPIC -pthread -m64 -Wa,--noexecstack -Wall -O3 -O2 -DOPENSSL_USE_NODELETE -DL_ENDIAN -DOPENSSL_PIC -DOPENSSL_BUILDING_OPENSSL -DNDEBUG",3.1.8
x86_64-cloud-vm,error_strings,4,5000,0.5790,0.4930,0.7560,1.1980,0.4610,33.7520,0.0260,1,3.1.8,"compiler: gcc -fPIC -pthread -m64 -Wa,--noexecstack -Wall -O3 -O2 -DOPENSSL_USE_NODELETE -DL_ENDIAN -DOPENSSL_PIC -DOPENSSL_BUILDING_OPENSSL -DNDEBUG",3.1.8
x86_64-cloud-vm,spki_ok,4,5000,43.7375,36.1390,60.5440,97.8770,34.8900,6306.6480,0.0260,1,3.1.8,"compiler: gcc -fPIC -pthread -m64 -Wa,--noexecstack -Wall -O3 -O2 -DOPENSSL_USE_NODELETE -DL_ENDIAN -DOPENSSL_PIC -DOPENSSL_BUILDING_OPENSSL -DNDEBUG",3.1.8
x86_64-cloud-vm,timer_overhead,4,5000,0.0304,0.0260,0.0270,0.0280,0.0240,21.1280,0.0260,1,3.1.8,"compiler: gcc -fPIC -pthread -m64 -Wa,--noexecstack -Wall -O3 -O2 -DOPENSSL_USE_NODELETE -DL_ENDIAN -DOPENSSL_PIC -DOPENSSL_BUILDING_OPENSSL -DNDEBUG",3.1.8
x86_64-cloud-vm,full,4,5000,7.7304,7.0560,7.2670,25.2330,6.8110,536.7390,0.0260,1,3.2.6,"compiler: gcc -fPIC -pthread -m64 -Wa,--noexecstack -Wall -O3 -O2 -DOPENSSL_USE_NODELETE -DL_ENDIAN -DOPENSSL_PIC -DOPENSSL_BUILDING_OPENSSL -DNDEBUG",3.2.6
x86_64-cloud-vm,public_tries,4,5000,2.2800,2.0540,2.1030,4.7370,2.0090,177.6600,0.0270,1,3.2.6,"compiler: gcc -fPIC -pthread -m64 -Wa,--noexecstack -Wall -O3 -O2 -DOPENSSL_USE_NODELETE -DL_ENDIAN -DOPENSSL_PIC -DOPENSSL_BUILDING_OPENSSL -DNDEBUG",3.2.6
x86_64-cloud-vm,private_parse,4,5000,4.7668,4.4130,4.5390,8.9340,4.2680,299.3220,0.0260,1,3.2.6,"compiler: gcc -fPIC -pthread -m64 -Wa,--noexecstack -Wall -O3 -O2 -DOPENSSL_USE_NODELETE -DL_ENDIAN -DOPENSSL_PIC -DOPENSSL_BUILDING_OPENSSL -DNDEBUG",3.2.6
x86_64-cloud-vm,error_strings,4,5000,0.4857,0.4560,0.4780,0.7840,0.4400,29.8990,0.0260,1,3.2.6,"compiler: gcc -fPIC -pthread -m64 -Wa,--noexecstack -Wall -O3 -O2 -DOPENSSL_USE_NODELETE -DL_ENDIAN -DOPENSSL_PIC -DOPENSSL_BUILDING_OPENSSL -DNDEBUG",3.2.6
x86_64-cloud-vm,spki_ok,4,5000,12.6564,11.7070,11.9600,37.9270,11.4410,114.5800,0.0260,1,3.2.6,"compiler: gcc -fPIC -pthread -m64 -Wa,--noexecstack -Wall -O3 -O2 -DOPENSSL_USE_NODELETE -DL_ENDIAN -DOPENSSL_PIC -DOPENSSL_BUILDING_OPENSSL -DNDEBUG",3.2.6
x86_64-cloud-vm,timer_overhead,4,5000,0.0318,0.0260,0.0270,0.0280,0.0250,28.1330,0.0260,1,3.2.6,"compiler: gcc -fPIC -pthread -m64 -Wa,--noexecstack -Wall -O3 -O2 -DOPENSSL_USE_NODELETE -DL_ENDIAN -DOPENSSL_PIC -DOPENSSL_BUILDING_OPENSSL -DNDEBUG",3.2.6
x86_64-cloud-vm,full,4,5000,7.6609,7.0110,7.2760,22.3750,6.8040,65.2690,0.0260,1,3.3.5,"compiler: gcc -fPIC -pthread -m64 -Wa,--noexecstack -Wall -O3 -O2 -DOPENSSL_USE_NODELETE -DL_ENDIAN -DOPENSSL_PIC -DOPENSSL_BUILDING_OPENSSL -DNDEBUG",3.3.5
x86_64-cloud-vm,public_tries,4,5000,2.1657,2.0790,2.1070,3.4360,2.0240,46.9450,0.0260,1,3.3.5,"compiler: gcc -fPIC -pthread -m64 -Wa,--noexecstack -Wall -O3 -O2 -DOPENSSL_USE_NODELETE -DL_ENDIAN -DOPENSSL_PIC -DOPENSSL_BUILDING_OPENSSL -DNDEBUG",3.3.5
x86_64-cloud-vm,private_parse,4,5000,4.7667,4.4560,4.5250,9.1040,4.3240,298.7020,0.0260,1,3.3.5,"compiler: gcc -fPIC -pthread -m64 -Wa,--noexecstack -Wall -O3 -O2 -DOPENSSL_USE_NODELETE -DL_ENDIAN -DOPENSSL_PIC -DOPENSSL_BUILDING_OPENSSL -DNDEBUG",3.3.5
x86_64-cloud-vm,error_strings,4,5000,0.5358,0.4820,0.5270,1.0270,0.4620,46.4290,0.0260,1,3.3.5,"compiler: gcc -fPIC -pthread -m64 -Wa,--noexecstack -Wall -O3 -O2 -DOPENSSL_USE_NODELETE -DL_ENDIAN -DOPENSSL_PIC -DOPENSSL_BUILDING_OPENSSL -DNDEBUG",3.3.5
x86_64-cloud-vm,spki_ok,4,5000,13.7282,12.1020,15.7740,45.8490,11.7690,377.7610,0.0260,1,3.3.5,"compiler: gcc -fPIC -pthread -m64 -Wa,--noexecstack -Wall -O3 -O2 -DOPENSSL_USE_NODELETE -DL_ENDIAN -DOPENSSL_PIC -DOPENSSL_BUILDING_OPENSSL -DNDEBUG",3.3.5
x86_64-cloud-vm,timer_overhead,4,5000,0.0326,0.0320,0.0340,0.0350,0.0260,6.4990,0.0310,1,3.3.5,"compiler: gcc -fPIC -pthread -m64 -Wa,--noexecstack -Wall -O3 -O2 -DOPENSSL_USE_NODELETE -DL_ENDIAN -DOPENSSL_PIC -DOPENSSL_BUILDING_OPENSSL -DNDEBUG",3.3.5
x86_64-cloud-vm,full,4,5000,9.1371,7.3270,13.4670,30.3350,7.1110,103.4270,0.0260,1,3.4.3,"compiler: gcc -fPIC -pthread -m64 -Wa,--noexecstack -Wall -O3 -O2 -DOPENSSL_USE_NODELETE -DL_ENDIAN -DOPENSSL_PIC -DOPENSSL_BUILDING_OPENSSL -DNDEBUG",3.4.3
x86_64-cloud-vm,public_tries,4,5000,3.1481,2.1740,4.2000,5.4620,2.0350,195.1900,0.0270,1,3.4.3,"compiler: gcc -fPIC -pthread -m64 -Wa,--noexecstack -Wall -O3 -O2 -DOPENSSL_USE_NODELETE -DL_ENDIAN -DOPENSSL_PIC -DOPENSSL_BUILDING_OPENSSL -DNDEBUG",3.4.3
x86_64-cloud-vm,private_parse,4,5000,4.8297,4.6040,4.7200,9.1730,4.3540,39.0250,0.0260,1,3.4.3,"compiler: gcc -fPIC -pthread -m64 -Wa,--noexecstack -Wall -O3 -O2 -DOPENSSL_USE_NODELETE -DL_ENDIAN -DOPENSSL_PIC -DOPENSSL_BUILDING_OPENSSL -DNDEBUG",3.4.3
x86_64-cloud-vm,error_strings,4,5000,0.5494,0.5090,0.5300,0.9860,0.4670,99.5540,0.0260,1,3.4.3,"compiler: gcc -fPIC -pthread -m64 -Wa,--noexecstack -Wall -O3 -O2 -DOPENSSL_USE_NODELETE -DL_ENDIAN -DOPENSSL_PIC -DOPENSSL_BUILDING_OPENSSL -DNDEBUG",3.4.3
x86_64-cloud-vm,spki_ok,4,5000,11.9488,11.1850,11.4080,35.3790,10.8870,71.2370,0.0260,1,3.4.3,"compiler: gcc -fPIC -pthread -m64 -Wa,--noexecstack -Wall -O3 -O2 -DOPENSSL_USE_NODELETE -DL_ENDIAN -DOPENSSL_PIC -DOPENSSL_BUILDING_OPENSSL -DNDEBUG",3.4.3
x86_64-cloud-vm,timer_overhead,4,5000,0.0272,0.0260,0.0270,0.0280,0.0250,5.2120,0.0260,1,3.4.3,"compiler: gcc -fPIC -pthread -m64 -Wa,--noexecstack -Wall -O3 -O2 -DOPENSSL_USE_NODELETE -DL_ENDIAN -DOPENSSL_PIC -DOPENSSL_BUILDING_OPENSSL -DNDEBUG",3.4.3
x86_64-cloud-vm,full,4,5000,9.4167,8.3770,10.2640,35.3330,8.0530,85.5220,0.0260,1,3.5.8,"compiler: gcc -fPIC -pthread -m64 -Wa,--noexecstack -Wall -O3 -O2 -DOPENSSL_USE_NODELETE -DL_ENDIAN -DOPENSSL_PIC -DOPENSSL_BUILDING_OPENSSL -DNDEBUG",3.5.8
x86_64-cloud-vm,public_tries,4,5000,2.1506,2.0570,2.0880,2.3270,2.0050,45.2900,0.0260,1,3.5.8,"compiler: gcc -fPIC -pthread -m64 -Wa,--noexecstack -Wall -O3 -O2 -DOPENSSL_USE_NODELETE -DL_ENDIAN -DOPENSSL_PIC -DOPENSSL_BUILDING_OPENSSL -DNDEBUG",3.5.8
x86_64-cloud-vm,private_parse,4,5000,7.0181,5.7410,5.8930,17.1150,5.5730,2015.9930,0.0260,1,3.5.8,"compiler: gcc -fPIC -pthread -m64 -Wa,--noexecstack -Wall -O3 -O2 -DOPENSSL_USE_NODELETE -DL_ENDIAN -DOPENSSL_PIC -DOPENSSL_BUILDING_OPENSSL -DNDEBUG",3.5.8
x86_64-cloud-vm,error_strings,4,5000,0.5667,0.4790,0.8660,1.0750,0.4560,32.3830,0.0260,1,3.5.8,"compiler: gcc -fPIC -pthread -m64 -Wa,--noexecstack -Wall -O3 -O2 -DOPENSSL_USE_NODELETE -DL_ENDIAN -DOPENSSL_PIC -DOPENSSL_BUILDING_OPENSSL -DNDEBUG",3.5.8
x86_64-cloud-vm,spki_ok,4,5000,12.5207,11.2320,15.8950,41.0850,10.9300,149.2690,0.0260,1,3.5.8,"compiler: gcc -fPIC -pthread -m64 -Wa,--noexecstack -Wall -O3 -O2 -DOPENSSL_USE_NODELETE -DL_ENDIAN -DOPENSSL_PIC -DOPENSSL_BUILDING_OPENSSL -DNDEBUG",3.5.8
x86_64-cloud-vm,timer_overhead,4,5000,0.0275,0.0260,0.0270,0.0290,0.0250,5.9360,0.0260,1,3.5.8,"compiler: gcc -fPIC -pthread -m64 -Wa,--noexecstack -Wall -O3 -O2 -DOPENSSL_USE_NODELETE -DL_ENDIAN -DOPENSSL_PIC -DOPENSSL_BUILDING_OPENSSL -DNDEBUG",3.5.8
x86_64-cloud-vm,full,4,5000,10.5116,8.8400,9.2190,31.1300,8.4170,2169.1910,0.0260,1,3.6.1,"compiler: gcc -fPIC -pthread -m64 -Wa,--noexecstack -Wall -O3 -O2 -DOPENSSL_USE_NODELETE -DL_ENDIAN -DOPENSSL_PIC -DOPENSSL_BUILDING_OPENSSL -DNDEBUG",3.6.1
x86_64-cloud-vm,public_tries,4,5000,2.8136,2.2350,2.2700,8.4620,2.1780,360.8880,0.0260,1,3.6.1,"compiler: gcc -fPIC -pthread -m64 -Wa,--noexecstack -Wall -O3 -O2 -DOPENSSL_USE_NODELETE -DL_ENDIAN -DOPENSSL_PIC -DOPENSSL_BUILDING_OPENSSL -DNDEBUG",3.6.1
x86_64-cloud-vm,private_parse,4,5000,7.4279,6.1010,6.3770,38.8030,5.7420,783.1500,0.0260,1,3.6.1,"compiler: gcc -fPIC -pthread -m64 -Wa,--noexecstack -Wall -O3 -O2 -DOPENSSL_USE_NODELETE -DL_ENDIAN -DOPENSSL_PIC -DOPENSSL_BUILDING_OPENSSL -DNDEBUG",3.6.1
x86_64-cloud-vm,error_strings,4,5000,0.5202,0.4750,0.4950,1.1970,0.4500,45.8190,0.0260,1,3.6.1,"compiler: gcc -fPIC -pthread -m64 -Wa,--noexecstack -Wall -O3 -O2 -DOPENSSL_USE_NODELETE -DL_ENDIAN -DOPENSSL_PIC -DOPENSSL_BUILDING_OPENSSL -DNDEBUG",3.6.1
x86_64-cloud-vm,spki_ok,4,5000,16.7063,16.8280,21.6340,56.4640,10.7370,158.2640,0.0260,1,3.6.1,"compiler: gcc -fPIC -pthread -m64 -Wa,--noexecstack -Wall -O3 -O2 -DOPENSSL_USE_NODELETE -DL_ENDIAN -DOPENSSL_PIC -DOPENSSL_BUILDING_OPENSSL -DNDEBUG",3.6.1
x86_64-cloud-vm,timer_overhead,4,5000,0.0262,0.0260,0.0270,0.0280,0.0250,0.0630,0.0260,1,3.6.1,"compiler: gcc -fPIC -pthread -m64 -Wa,--noexecstack -Wall -O3 -O2 -DOPENSSL_USE_NODELETE -DL_ENDIAN -DOPENSSL_PIC -DOPENSSL_BUILDING_OPENSSL -DNDEBUG",3.6.1
x86_64-cloud-vm,full,5,5000,408.7082,396.4700,442.1880,722.9400,363.2690,3116.0700,0.0260,1,3.0.16,"compiler: gcc -fPIC -pthread -m64 -Wa,--noexecstack -Wall -O3 -O2 -DOPENSSL_USE_NODELETE -DL_ENDIAN -DOPENSSL_PIC -DOPENSSL_BUILDING_OPENSSL -DNDEBUG",3.0.16
x86_64-cloud-vm,public_tries,5,5000,2.3901,2.2870,2.3280,2.9890,2.2180,69.3630,0.0260,1,3.0.16,"compiler: gcc -fPIC -pthread -m64 -Wa,--noexecstack -Wall -O3 -O2 -DOPENSSL_USE_NODELETE -DL_ENDIAN -DOPENSSL_PIC -DOPENSSL_BUILDING_OPENSSL -DNDEBUG",3.0.16
x86_64-cloud-vm,private_parse,5,5000,415.9212,390.6680,498.5190,750.0700,356.3360,3172.5490,0.0260,1,3.0.16,"compiler: gcc -fPIC -pthread -m64 -Wa,--noexecstack -Wall -O3 -O2 -DOPENSSL_USE_NODELETE -DL_ENDIAN -DOPENSSL_PIC -DOPENSSL_BUILDING_OPENSSL -DNDEBUG",3.0.16
x86_64-cloud-vm,error_strings,5,5000,0.8742,0.8310,1.2790,2.4900,0.4600,109.2130,0.0260,1,3.0.16,"compiler: gcc -fPIC -pthread -m64 -Wa,--noexecstack -Wall -O3 -O2 -DOPENSSL_USE_NODELETE -DL_ENDIAN -DOPENSSL_PIC -DOPENSSL_BUILDING_OPENSSL -DNDEBUG",3.0.16
x86_64-cloud-vm,spki_ok,5,5000,125.6102,112.3930,140.3190,229.5320,108.0490,6040.4080,0.0260,1,3.0.16,"compiler: gcc -fPIC -pthread -m64 -Wa,--noexecstack -Wall -O3 -O2 -DOPENSSL_USE_NODELETE -DL_ENDIAN -DOPENSSL_PIC -DOPENSSL_BUILDING_OPENSSL -DNDEBUG",3.0.16
x86_64-cloud-vm,timer_overhead,5,5000,0.0302,0.0260,0.0270,0.0280,0.0250,19.5830,0.0260,1,3.0.16,"compiler: gcc -fPIC -pthread -m64 -Wa,--noexecstack -Wall -O3 -O2 -DOPENSSL_USE_NODELETE -DL_ENDIAN -DOPENSSL_PIC -DOPENSSL_BUILDING_OPENSSL -DNDEBUG",3.0.16
x86_64-cloud-vm,full,5,5000,445.3393,431.3260,476.7040,811.6510,394.3280,2733.6590,0.0260,1,3.0.19,"compiler: gcc -fPIC -pthread -m64 -Wa,--noexecstack -Wall -O3 -O2 -DOPENSSL_USE_NODELETE -DL_ENDIAN -DOPENSSL_PIC -DOPENSSL_BUILDING_OPENSSL -DNDEBUG",3.0.19
x86_64-cloud-vm,public_tries,5,5000,2.3533,2.2310,2.2690,2.5040,2.1620,202.3060,0.0260,1,3.0.19,"compiler: gcc -fPIC -pthread -m64 -Wa,--noexecstack -Wall -O3 -O2 -DOPENSSL_USE_NODELETE -DL_ENDIAN -DOPENSSL_PIC -DOPENSSL_BUILDING_OPENSSL -DNDEBUG",3.0.19
x86_64-cloud-vm,private_parse,5,5000,468.8479,429.7910,583.4640,886.4440,390.2440,3431.0260,0.0270,1,3.0.19,"compiler: gcc -fPIC -pthread -m64 -Wa,--noexecstack -Wall -O3 -O2 -DOPENSSL_USE_NODELETE -DL_ENDIAN -DOPENSSL_PIC -DOPENSSL_BUILDING_OPENSSL -DNDEBUG",3.0.19
x86_64-cloud-vm,error_strings,5,5000,0.8793,0.8790,1.3590,2.2320,0.4550,31.2620,0.0260,1,3.0.19,"compiler: gcc -fPIC -pthread -m64 -Wa,--noexecstack -Wall -O3 -O2 -DOPENSSL_USE_NODELETE -DL_ENDIAN -DOPENSSL_PIC -DOPENSSL_BUILDING_OPENSSL -DNDEBUG",3.0.19
x86_64-cloud-vm,spki_ok,5,5000,142.7581,131.5100,164.1820,241.4650,126.3890,3952.8010,0.0260,1,3.0.19,"compiler: gcc -fPIC -pthread -m64 -Wa,--noexecstack -Wall -O3 -O2 -DOPENSSL_USE_NODELETE -DL_ENDIAN -DOPENSSL_PIC -DOPENSSL_BUILDING_OPENSSL -DNDEBUG",3.0.19
x86_64-cloud-vm,timer_overhead,5,5000,0.0262,0.0260,0.0270,0.0280,0.0250,0.0500,0.0260,1,3.0.19,"compiler: gcc -fPIC -pthread -m64 -Wa,--noexecstack -Wall -O3 -O2 -DOPENSSL_USE_NODELETE -DL_ENDIAN -DOPENSSL_PIC -DOPENSSL_BUILDING_OPENSSL -DNDEBUG",3.0.19
x86_64-cloud-vm,full,5,5000,61.1160,57.9590,66.5590,95.8660,56.1390,959.7120,0.0260,1,3.1.8,"compiler: gcc -fPIC -pthread -m64 -Wa,--noexecstack -Wall -O3 -O2 -DOPENSSL_USE_NODELETE -DL_ENDIAN -DOPENSSL_PIC -DOPENSSL_BUILDING_OPENSSL -DNDEBUG",3.1.8
x86_64-cloud-vm,public_tries,5,5000,2.4555,2.1980,2.6620,4.7170,2.1280,40.6970,0.0260,1,3.1.8,"compiler: gcc -fPIC -pthread -m64 -Wa,--noexecstack -Wall -O3 -O2 -DOPENSSL_USE_NODELETE -DL_ENDIAN -DOPENSSL_PIC -DOPENSSL_BUILDING_OPENSSL -DNDEBUG",3.1.8
x86_64-cloud-vm,private_parse,5,5000,68.3420,54.8410,97.5800,197.6510,53.0480,2208.1090,0.0260,1,3.1.8,"compiler: gcc -fPIC -pthread -m64 -Wa,--noexecstack -Wall -O3 -O2 -DOPENSSL_USE_NODELETE -DL_ENDIAN -DOPENSSL_PIC -DOPENSSL_BUILDING_OPENSSL -DNDEBUG",3.1.8
x86_64-cloud-vm,error_strings,5,5000,0.5773,0.4950,0.7940,1.1900,0.4570,36.5290,0.0260,1,3.1.8,"compiler: gcc -fPIC -pthread -m64 -Wa,--noexecstack -Wall -O3 -O2 -DOPENSSL_USE_NODELETE -DL_ENDIAN -DOPENSSL_PIC -DOPENSSL_BUILDING_OPENSSL -DNDEBUG",3.1.8
x86_64-cloud-vm,spki_ok,5,5000,41.3186,36.7900,44.4620,93.5400,35.8340,2166.5680,0.0260,1,3.1.8,"compiler: gcc -fPIC -pthread -m64 -Wa,--noexecstack -Wall -O3 -O2 -DOPENSSL_USE_NODELETE -DL_ENDIAN -DOPENSSL_PIC -DOPENSSL_BUILDING_OPENSSL -DNDEBUG",3.1.8
x86_64-cloud-vm,timer_overhead,5,5000,0.0403,0.0300,0.0340,0.0360,0.0260,34.1490,0.0300,1,3.1.8,"compiler: gcc -fPIC -pthread -m64 -Wa,--noexecstack -Wall -O3 -O2 -DOPENSSL_USE_NODELETE -DL_ENDIAN -DOPENSSL_PIC -DOPENSSL_BUILDING_OPENSSL -DNDEBUG",3.1.8
x86_64-cloud-vm,full,5,5000,11.0665,10.4950,14.3840,40.5260,6.7680,183.6470,0.0260,1,3.2.6,"compiler: gcc -fPIC -pthread -m64 -Wa,--noexecstack -Wall -O3 -O2 -DOPENSSL_USE_NODELETE -DL_ENDIAN -DOPENSSL_PIC -DOPENSSL_BUILDING_OPENSSL -DNDEBUG",3.2.6
x86_64-cloud-vm,public_tries,5,5000,2.2210,2.0510,2.0870,4.4320,2.0050,90.3170,0.0260,1,3.2.6,"compiler: gcc -fPIC -pthread -m64 -Wa,--noexecstack -Wall -O3 -O2 -DOPENSSL_USE_NODELETE -DL_ENDIAN -DOPENSSL_PIC -DOPENSSL_BUILDING_OPENSSL -DNDEBUG",3.2.6
x86_64-cloud-vm,private_parse,5,5000,4.7044,4.4590,4.5550,8.8250,4.3280,86.0300,0.0260,1,3.2.6,"compiler: gcc -fPIC -pthread -m64 -Wa,--noexecstack -Wall -O3 -O2 -DOPENSSL_USE_NODELETE -DL_ENDIAN -DOPENSSL_PIC -DOPENSSL_BUILDING_OPENSSL -DNDEBUG",3.2.6
x86_64-cloud-vm,error_strings,5,5000,0.5004,0.4590,0.4870,1.0010,0.4400,44.6260,0.0260,1,3.2.6,"compiler: gcc -fPIC -pthread -m64 -Wa,--noexecstack -Wall -O3 -O2 -DOPENSSL_USE_NODELETE -DL_ENDIAN -DOPENSSL_PIC -DOPENSSL_BUILDING_OPENSSL -DNDEBUG",3.2.6
x86_64-cloud-vm,spki_ok,5,5000,12.9490,11.7550,14.8800,38.3630,11.4340,302.7150,0.0260,1,3.2.6,"compiler: gcc -fPIC -pthread -m64 -Wa,--noexecstack -Wall -O3 -O2 -DOPENSSL_USE_NODELETE -DL_ENDIAN -DOPENSSL_PIC -DOPENSSL_BUILDING_OPENSSL -DNDEBUG",3.2.6
x86_64-cloud-vm,timer_overhead,5,5000,0.0262,0.0260,0.0270,0.0270,0.0250,0.1000,0.0260,1,3.2.6,"compiler: gcc -fPIC -pthread -m64 -Wa,--noexecstack -Wall -O3 -O2 -DOPENSSL_USE_NODELETE -DL_ENDIAN -DOPENSSL_PIC -DOPENSSL_BUILDING_OPENSSL -DNDEBUG",3.2.6
x86_64-cloud-vm,full,5,5000,8.2255,6.9770,7.1280,29.0930,6.7740,1691.5060,0.0260,1,3.3.5,"compiler: gcc -fPIC -pthread -m64 -Wa,--noexecstack -Wall -O3 -O2 -DOPENSSL_USE_NODELETE -DL_ENDIAN -DOPENSSL_PIC -DOPENSSL_BUILDING_OPENSSL -DNDEBUG",3.3.5
x86_64-cloud-vm,public_tries,5,5000,2.2928,2.0710,2.1020,4.1680,2.0260,350.5380,0.0260,1,3.3.5,"compiler: gcc -fPIC -pthread -m64 -Wa,--noexecstack -Wall -O3 -O2 -DOPENSSL_USE_NODELETE -DL_ENDIAN -DOPENSSL_PIC -DOPENSSL_BUILDING_OPENSSL -DNDEBUG",3.3.5
x86_64-cloud-vm,private_parse,5,5000,4.9256,4.4670,4.7490,10.1250,4.3280,62.8080,0.0260,1,3.3.5,"compiler: gcc -fPIC -pthread -m64 -Wa,--noexecstack -Wall -O3 -O2 -DOPENSSL_USE_NODELETE -DL_ENDIAN -DOPENSSL_PIC -DOPENSSL_BUILDING_OPENSSL -DNDEBUG",3.3.5
x86_64-cloud-vm,error_strings,5,5000,0.5268,0.4750,0.4990,0.9800,0.4540,29.6290,0.0260,1,3.3.5,"compiler: gcc -fPIC -pthread -m64 -Wa,--noexecstack -Wall -O3 -O2 -DOPENSSL_USE_NODELETE -DL_ENDIAN -DOPENSSL_PIC -DOPENSSL_BUILDING_OPENSSL -DNDEBUG",3.3.5
x86_64-cloud-vm,spki_ok,5,5000,12.9013,12.0670,12.2860,39.6220,11.7350,94.3310,0.0260,1,3.3.5,"compiler: gcc -fPIC -pthread -m64 -Wa,--noexecstack -Wall -O3 -O2 -DOPENSSL_USE_NODELETE -DL_ENDIAN -DOPENSSL_PIC -DOPENSSL_BUILDING_OPENSSL -DNDEBUG",3.3.5
x86_64-cloud-vm,timer_overhead,5,5000,0.0329,0.0320,0.0340,0.0360,0.0260,5.9240,0.0300,1,3.3.5,"compiler: gcc -fPIC -pthread -m64 -Wa,--noexecstack -Wall -O3 -O2 -DOPENSSL_USE_NODELETE -DL_ENDIAN -DOPENSSL_PIC -DOPENSSL_BUILDING_OPENSSL -DNDEBUG",3.3.5
x86_64-cloud-vm,full,5,5000,8.6332,7.2690,13.3570,27.5680,7.0440,104.2360,0.0260,1,3.4.3,"compiler: gcc -fPIC -pthread -m64 -Wa,--noexecstack -Wall -O3 -O2 -DOPENSSL_USE_NODELETE -DL_ENDIAN -DOPENSSL_PIC -DOPENSSL_BUILDING_OPENSSL -DNDEBUG",3.4.3
x86_64-cloud-vm,public_tries,5,5000,2.2959,2.1650,2.2060,4.0110,2.1020,49.4440,0.0260,1,3.4.3,"compiler: gcc -fPIC -pthread -m64 -Wa,--noexecstack -Wall -O3 -O2 -DOPENSSL_USE_NODELETE -DL_ENDIAN -DOPENSSL_PIC -DOPENSSL_BUILDING_OPENSSL -DNDEBUG",3.4.3
x86_64-cloud-vm,private_parse,5,5000,4.8865,4.5160,4.7100,9.8670,4.2850,74.9400,0.0260,1,3.4.3,"compiler: gcc -fPIC -pthread -m64 -Wa,--noexecstack -Wall -O3 -O2 -DOPENSSL_USE_NODELETE -DL_ENDIAN -DOPENSSL_PIC -DOPENSSL_BUILDING_OPENSSL -DNDEBUG",3.4.3
x86_64-cloud-vm,error_strings,5,5000,0.6426,0.4980,0.8800,1.2290,0.4590,154.1220,0.0260,1,3.4.3,"compiler: gcc -fPIC -pthread -m64 -Wa,--noexecstack -Wall -O3 -O2 -DOPENSSL_USE_NODELETE -DL_ENDIAN -DOPENSSL_PIC -DOPENSSL_BUILDING_OPENSSL -DNDEBUG",3.4.3
x86_64-cloud-vm,spki_ok,5,5000,12.3996,11.1880,14.2080,36.8540,10.8970,229.6810,0.0260,1,3.4.3,"compiler: gcc -fPIC -pthread -m64 -Wa,--noexecstack -Wall -O3 -O2 -DOPENSSL_USE_NODELETE -DL_ENDIAN -DOPENSSL_PIC -DOPENSSL_BUILDING_OPENSSL -DNDEBUG",3.4.3
x86_64-cloud-vm,timer_overhead,5,5000,0.0275,0.0260,0.0270,0.0280,0.0250,6.2660,0.0260,1,3.4.3,"compiler: gcc -fPIC -pthread -m64 -Wa,--noexecstack -Wall -O3 -O2 -DOPENSSL_USE_NODELETE -DL_ENDIAN -DOPENSSL_PIC -DOPENSSL_BUILDING_OPENSSL -DNDEBUG",3.4.3
x86_64-cloud-vm,full,5,5000,8.8845,8.4640,8.6410,29.1950,8.0980,109.7990,0.0260,1,3.5.8,"compiler: gcc -fPIC -pthread -m64 -Wa,--noexecstack -Wall -O3 -O2 -DOPENSSL_USE_NODELETE -DL_ENDIAN -DOPENSSL_PIC -DOPENSSL_BUILDING_OPENSSL -DNDEBUG",3.5.8
x86_64-cloud-vm,public_tries,5,5000,2.1300,2.0480,2.0800,2.3000,1.9970,38.5340,0.0260,1,3.5.8,"compiler: gcc -fPIC -pthread -m64 -Wa,--noexecstack -Wall -O3 -O2 -DOPENSSL_USE_NODELETE -DL_ENDIAN -DOPENSSL_PIC -DOPENSSL_BUILDING_OPENSSL -DNDEBUG",3.5.8
x86_64-cloud-vm,private_parse,5,5000,6.2264,5.7570,5.8600,13.2560,5.5810,528.3300,0.0260,1,3.5.8,"compiler: gcc -fPIC -pthread -m64 -Wa,--noexecstack -Wall -O3 -O2 -DOPENSSL_USE_NODELETE -DL_ENDIAN -DOPENSSL_PIC -DOPENSSL_BUILDING_OPENSSL -DNDEBUG",3.5.8
x86_64-cloud-vm,error_strings,5,5000,0.5438,0.4840,0.5240,1.1280,0.4550,23.4170,0.0260,1,3.5.8,"compiler: gcc -fPIC -pthread -m64 -Wa,--noexecstack -Wall -O3 -O2 -DOPENSSL_USE_NODELETE -DL_ENDIAN -DOPENSSL_PIC -DOPENSSL_BUILDING_OPENSSL -DNDEBUG",3.5.8
x86_64-cloud-vm,spki_ok,5,5000,13.7339,11.2570,20.5050,45.1690,10.9620,321.3440,0.0260,1,3.5.8,"compiler: gcc -fPIC -pthread -m64 -Wa,--noexecstack -Wall -O3 -O2 -DOPENSSL_USE_NODELETE -DL_ENDIAN -DOPENSSL_PIC -DOPENSSL_BUILDING_OPENSSL -DNDEBUG",3.5.8
x86_64-cloud-vm,timer_overhead,5,5000,0.0276,0.0270,0.0300,0.0340,0.0250,0.8780,0.0260,1,3.5.8,"compiler: gcc -fPIC -pthread -m64 -Wa,--noexecstack -Wall -O3 -O2 -DOPENSSL_USE_NODELETE -DL_ENDIAN -DOPENSSL_PIC -DOPENSSL_BUILDING_OPENSSL -DNDEBUG",3.5.8
x86_64-cloud-vm,full,5,5000,9.3649,8.8030,8.9940,31.4720,8.3790,161.1270,0.0260,1,3.6.1,"compiler: gcc -fPIC -pthread -m64 -Wa,--noexecstack -Wall -O3 -O2 -DOPENSSL_USE_NODELETE -DL_ENDIAN -DOPENSSL_PIC -DOPENSSL_BUILDING_OPENSSL -DNDEBUG",3.6.1
x86_64-cloud-vm,public_tries,5,5000,3.0761,2.2270,2.2600,4.7770,2.1690,2810.9710,0.0260,1,3.6.1,"compiler: gcc -fPIC -pthread -m64 -Wa,--noexecstack -Wall -O3 -O2 -DOPENSSL_USE_NODELETE -DL_ENDIAN -DOPENSSL_PIC -DOPENSSL_BUILDING_OPENSSL -DNDEBUG",3.6.1
x86_64-cloud-vm,private_parse,5,5000,6.4601,6.0000,6.1850,19.0250,5.7130,218.8860,0.0260,1,3.6.1,"compiler: gcc -fPIC -pthread -m64 -Wa,--noexecstack -Wall -O3 -O2 -DOPENSSL_USE_NODELETE -DL_ENDIAN -DOPENSSL_PIC -DOPENSSL_BUILDING_OPENSSL -DNDEBUG",3.6.1
x86_64-cloud-vm,error_strings,5,5000,0.5272,0.4690,0.4900,1.0830,0.4490,55.6170,0.0260,1,3.6.1,"compiler: gcc -fPIC -pthread -m64 -Wa,--noexecstack -Wall -O3 -O2 -DOPENSSL_USE_NODELETE -DL_ENDIAN -DOPENSSL_PIC -DOPENSSL_BUILDING_OPENSSL -DNDEBUG",3.6.1
x86_64-cloud-vm,spki_ok,5,5000,12.2122,11.1610,12.9530,35.8310,10.8020,163.6560,0.0260,1,3.6.1,"compiler: gcc -fPIC -pthread -m64 -Wa,--noexecstack -Wall -O3 -O2 -DOPENSSL_USE_NODELETE -DL_ENDIAN -DOPENSSL_PIC -DOPENSSL_BUILDING_OPENSSL -DNDEBUG",3.6.1
x86_64-cloud-vm,timer_overhead,5,5000,0.0263,0.0260,0.0270,0.0280,0.0250,0.1560,0.0260,1,3.6.1,"compiler: gcc -fPIC -pthread -m64 -Wa,--noexecstack -Wall -O3 -O2 -DOPENSSL_USE_NODELETE -DL_ENDIAN -DOPENSSL_PIC -DOPENSSL_BUILDING_OPENSSL -DNDEBUG",3.6.1
x86_64-cloud-vm,full,6,5000,422.5898,400.0840,438.0310,796.0410,367.2700,3836.7330,0.0260,1,3.0.16,"compiler: gcc -fPIC -pthread -m64 -Wa,--noexecstack -Wall -O3 -O2 -DOPENSSL_USE_NODELETE -DL_ENDIAN -DOPENSSL_PIC -DOPENSSL_BUILDING_OPENSSL -DNDEBUG",3.0.16
x86_64-cloud-vm,public_tries,6,5000,2.3718,2.2870,2.3530,2.6760,2.2120,31.6480,0.0260,1,3.0.16,"compiler: gcc -fPIC -pthread -m64 -Wa,--noexecstack -Wall -O3 -O2 -DOPENSSL_USE_NODELETE -DL_ENDIAN -DOPENSSL_PIC -DOPENSSL_BUILDING_OPENSSL -DNDEBUG",3.0.16
x86_64-cloud-vm,private_parse,6,5000,409.3684,388.0030,435.9840,748.8210,356.6570,2873.7940,0.0260,1,3.0.16,"compiler: gcc -fPIC -pthread -m64 -Wa,--noexecstack -Wall -O3 -O2 -DOPENSSL_USE_NODELETE -DL_ENDIAN -DOPENSSL_PIC -DOPENSSL_BUILDING_OPENSSL -DNDEBUG",3.0.16
x86_64-cloud-vm,error_strings,6,5000,0.7237,0.6060,0.8800,1.7960,0.4600,23.5190,0.0260,1,3.0.16,"compiler: gcc -fPIC -pthread -m64 -Wa,--noexecstack -Wall -O3 -O2 -DOPENSSL_USE_NODELETE -DL_ENDIAN -DOPENSSL_PIC -DOPENSSL_BUILDING_OPENSSL -DNDEBUG",3.0.16
x86_64-cloud-vm,spki_ok,6,5000,123.4359,114.0830,146.1630,224.3130,109.5450,3977.9170,0.0260,1,3.0.16,"compiler: gcc -fPIC -pthread -m64 -Wa,--noexecstack -Wall -O3 -O2 -DOPENSSL_USE_NODELETE -DL_ENDIAN -DOPENSSL_PIC -DOPENSSL_BUILDING_OPENSSL -DNDEBUG",3.0.16
x86_64-cloud-vm,timer_overhead,6,5000,0.0305,0.0260,0.0270,0.0280,0.0250,21.6110,0.0260,1,3.0.16,"compiler: gcc -fPIC -pthread -m64 -Wa,--noexecstack -Wall -O3 -O2 -DOPENSSL_USE_NODELETE -DL_ENDIAN -DOPENSSL_PIC -DOPENSSL_BUILDING_OPENSSL -DNDEBUG",3.0.16
x86_64-cloud-vm,full,6,5000,457.2892,431.3150,512.7080,929.0670,392.0070,3805.2970,0.0260,1,3.0.19,"compiler: gcc -fPIC -pthread -m64 -Wa,--noexecstack -Wall -O3 -O2 -DOPENSSL_USE_NODELETE -DL_ENDIAN -DOPENSSL_PIC -DOPENSSL_BUILDING_OPENSSL -DNDEBUG",3.0.19
x86_64-cloud-vm,public_tries,6,5000,2.3397,2.2390,2.2840,4.0780,2.1720,32.6360,0.0260,1,3.0.19,"compiler: gcc -fPIC -pthread -m64 -Wa,--noexecstack -Wall -O3 -O2 -DOPENSSL_USE_NODELETE -DL_ENDIAN -DOPENSSL_PIC -DOPENSSL_BUILDING_OPENSSL -DNDEBUG",3.0.19
x86_64-cloud-vm,private_parse,6,5000,423.5631,411.8870,454.2790,556.1120,390.6090,885.4850,0.0260,1,3.0.19,"compiler: gcc -fPIC -pthread -m64 -Wa,--noexecstack -Wall -O3 -O2 -DOPENSSL_USE_NODELETE -DL_ENDIAN -DOPENSSL_PIC -DOPENSSL_BUILDING_OPENSSL -DNDEBUG",3.0.19
x86_64-cloud-vm,error_strings,6,5000,0.8020,0.7420,0.9920,2.0720,0.4550,39.3190,0.0260,1,3.0.19,"compiler: gcc -fPIC -pthread -m64 -Wa,--noexecstack -Wall -O3 -O2 -DOPENSSL_USE_NODELETE -DL_ENDIAN -DOPENSSL_PIC -DOPENSSL_BUILDING_OPENSSL -DNDEBUG",3.0.19
x86_64-cloud-vm,spki_ok,6,5000,143.0641,132.6030,171.2450,246.4310,126.1840,1165.1690,0.0260,1,3.0.19,"compiler: gcc -fPIC -pthread -m64 -Wa,--noexecstack -Wall -O3 -O2 -DOPENSSL_USE_NODELETE -DL_ENDIAN -DOPENSSL_PIC -DOPENSSL_BUILDING_OPENSSL -DNDEBUG",3.0.19
x86_64-cloud-vm,timer_overhead,6,5000,0.0262,0.0260,0.0270,0.0280,0.0250,0.0730,0.0260,1,3.0.19,"compiler: gcc -fPIC -pthread -m64 -Wa,--noexecstack -Wall -O3 -O2 -DOPENSSL_USE_NODELETE -DL_ENDIAN -DOPENSSL_PIC -DOPENSSL_BUILDING_OPENSSL -DNDEBUG",3.0.19
x86_64-cloud-vm,full,6,5000,62.4544,58.6120,66.9250,118.2260,57.0050,394.9960,0.0260,1,3.1.8,"compiler: gcc -fPIC -pthread -m64 -Wa,--noexecstack -Wall -O3 -O2 -DOPENSSL_USE_NODELETE -DL_ENDIAN -DOPENSSL_PIC -DOPENSSL_BUILDING_OPENSSL -DNDEBUG",3.1.8
x86_64-cloud-vm,public_tries,6,5000,2.5160,2.1960,2.2430,5.4600,2.1300,179.0990,0.0260,1,3.1.8,"compiler: gcc -fPIC -pthread -m64 -Wa,--noexecstack -Wall -O3 -O2 -DOPENSSL_USE_NODELETE -DL_ENDIAN -DOPENSSL_PIC -DOPENSSL_BUILDING_OPENSSL -DNDEBUG",3.1.8
x86_64-cloud-vm,private_parse,6,5000,70.2209,55.5190,97.2290,163.8990,53.0070,2001.8810,0.0260,1,3.1.8,"compiler: gcc -fPIC -pthread -m64 -Wa,--noexecstack -Wall -O3 -O2 -DOPENSSL_USE_NODELETE -DL_ENDIAN -DOPENSSL_PIC -DOPENSSL_BUILDING_OPENSSL -DNDEBUG",3.1.8
x86_64-cloud-vm,error_strings,6,5000,0.5558,0.4900,0.6470,1.1060,0.4600,33.1040,0.0260,1,3.1.8,"compiler: gcc -fPIC -pthread -m64 -Wa,--noexecstack -Wall -O3 -O2 -DOPENSSL_USE_NODELETE -DL_ENDIAN -DOPENSSL_PIC -DOPENSSL_BUILDING_OPENSSL -DNDEBUG",3.1.8
x86_64-cloud-vm,spki_ok,6,5000,38.6125,36.0190,40.7150,82.3090,34.9650,207.6200,0.0260,1,3.1.8,"compiler: gcc -fPIC -pthread -m64 -Wa,--noexecstack -Wall -O3 -O2 -DOPENSSL_USE_NODELETE -DL_ENDIAN -DOPENSSL_PIC -DOPENSSL_BUILDING_OPENSSL -DNDEBUG",3.1.8
x86_64-cloud-vm,timer_overhead,6,5000,0.0262,0.0260,0.0270,0.0280,0.0250,0.0630,0.0260,1,3.1.8,"compiler: gcc -fPIC -pthread -m64 -Wa,--noexecstack -Wall -O3 -O2 -DOPENSSL_USE_NODELETE -DL_ENDIAN -DOPENSSL_PIC -DOPENSSL_BUILDING_OPENSSL -DNDEBUG",3.1.8
x86_64-cloud-vm,full,6,5000,7.5778,7.0300,7.2340,22.4780,6.7530,165.7160,0.0260,1,3.2.6,"compiler: gcc -fPIC -pthread -m64 -Wa,--noexecstack -Wall -O3 -O2 -DOPENSSL_USE_NODELETE -DL_ENDIAN -DOPENSSL_PIC -DOPENSSL_BUILDING_OPENSSL -DNDEBUG",3.2.6
x86_64-cloud-vm,public_tries,6,5000,2.3060,2.0670,2.4230,4.2420,2.0110,174.5300,0.0260,1,3.2.6,"compiler: gcc -fPIC -pthread -m64 -Wa,--noexecstack -Wall -O3 -O2 -DOPENSSL_USE_NODELETE -DL_ENDIAN -DOPENSSL_PIC -DOPENSSL_BUILDING_OPENSSL -DNDEBUG",3.2.6
x86_64-cloud-vm,private_parse,6,5000,4.8135,4.4870,4.6620,9.6190,4.3040,84.0970,0.0260,1,3.2.6,"compiler: gcc -fPIC -pthread -m64 -Wa,--noexecstack -Wall -O3 -O2 -DOPENSSL_USE_NODELETE -DL_ENDIAN -DOPENSSL_PIC -DOPENSSL_BUILDING_OPENSSL -DNDEBUG",3.2.6
x86_64-cloud-vm,error_strings,6,5000,0.4822,0.4580,0.4810,0.8620,0.4400,21.0190,0.0260,1,3.2.6,"compiler: gcc -fPIC -pthread -m64 -Wa,--noexecstack -Wall -O3 -O2 -DOPENSSL_USE_NODELETE -DL_ENDIAN -DOPENSSL_PIC -DOPENSSL_BUILDING_OPENSSL -DNDEBUG",3.2.6
x86_64-cloud-vm,spki_ok,6,5000,12.4735,11.7760,11.9680,36.8300,11.4870,116.1340,0.0260,1,3.2.6,"compiler: gcc -fPIC -pthread -m64 -Wa,--noexecstack -Wall -O3 -O2 -DOPENSSL_USE_NODELETE -DL_ENDIAN -DOPENSSL_PIC -DOPENSSL_BUILDING_OPENSSL -DNDEBUG",3.2.6
x86_64-cloud-vm,timer_overhead,6,5000,0.0262,0.0260,0.0270,0.0280,0.0250,0.0670,0.0260,1,3.2.6,"compiler: gcc -fPIC -pthread -m64 -Wa,--noexecstack -Wall -O3 -O2 -DOPENSSL_USE_NODELETE -DL_ENDIAN -DOPENSSL_PIC -DOPENSSL_BUILDING_OPENSSL -DNDEBUG",3.2.6
x86_64-cloud-vm,full,6,5000,7.7478,6.9710,7.1470,16.9030,6.7690,643.0900,0.0260,1,3.3.5,"compiler: gcc -fPIC -pthread -m64 -Wa,--noexecstack -Wall -O3 -O2 -DOPENSSL_USE_NODELETE -DL_ENDIAN -DOPENSSL_PIC -DOPENSSL_BUILDING_OPENSSL -DNDEBUG",3.3.5
x86_64-cloud-vm,public_tries,6,5000,2.2008,2.0670,2.0970,4.2310,2.0200,69.1500,0.0260,1,3.3.5,"compiler: gcc -fPIC -pthread -m64 -Wa,--noexecstack -Wall -O3 -O2 -DOPENSSL_USE_NODELETE -DL_ENDIAN -DOPENSSL_PIC -DOPENSSL_BUILDING_OPENSSL -DNDEBUG",3.3.5
x86_64-cloud-vm,private_parse,6,5000,4.8833,4.4980,4.6710,9.3420,4.3330,202.2520,0.0260,1,3.3.5,"compiler: gcc -fPIC -pthread -m64 -Wa,--noexecstack -Wall -O3 -O2 -DOPENSSL_USE_NODELETE -DL_ENDIAN -DOPENSSL_PIC -DOPENSSL_BUILDING_OPENSSL -DNDEBUG",3.3.5
x86_64-cloud-vm,error_strings,6,5000,0.4942,0.4720,0.4820,0.5550,0.4570,26.7420,0.0260,1,3.3.5,"compiler: gcc -fPIC -pthread -m64 -Wa,--noexecstack -Wall -O3 -O2 -DOPENSSL_USE_NODELETE -DL_ENDIAN -DOPENSSL_PIC -DOPENSSL_BUILDING_OPENSSL -DNDEBUG",3.3.5
x86_64-cloud-vm,spki_ok,6,5000,13.2897,12.0960,12.3160,36.7200,11.7860,1887.1650,0.0260,1,3.3.5,"compiler: gcc -fPIC -pthread -m64 -Wa,--noexecstack -Wall -O3 -O2 -DOPENSSL_USE_NODELETE -DL_ENDIAN -DOPENSSL_PIC -DOPENSSL_BUILDING_OPENSSL -DNDEBUG",3.3.5
x86_64-cloud-vm,timer_overhead,6,5000,0.0277,0.0270,0.0300,0.0340,0.0250,0.8920,0.0260,1,3.3.5,"compiler: gcc -fPIC -pthread -m64 -Wa,--noexecstack -Wall -O3 -O2 -DOPENSSL_USE_NODELETE -DL_ENDIAN -DOPENSSL_PIC -DOPENSSL_BUILDING_OPENSSL -DNDEBUG",3.3.5
x86_64-cloud-vm,full,6,5000,7.7785,7.2370,7.3880,15.8520,6.9410,86.8430,0.0260,1,3.4.3,"compiler: gcc -fPIC -pthread -m64 -Wa,--noexecstack -Wall -O3 -O2 -DOPENSSL_USE_NODELETE -DL_ENDIAN -DOPENSSL_PIC -DOPENSSL_BUILDING_OPENSSL -DNDEBUG",3.4.3
x86_64-cloud-vm,public_tries,6,5000,2.3581,2.0940,3.0220,3.2620,2.0310,111.3360,0.0260,1,3.4.3,"compiler: gcc -fPIC -pthread -m64 -Wa,--noexecstack -Wall -O3 -O2 -DOPENSSL_USE_NODELETE -DL_ENDIAN -DOPENSSL_PIC -DOPENSSL_BUILDING_OPENSSL -DNDEBUG",3.4.3
x86_64-cloud-vm,private_parse,6,5000,5.0686,4.5750,4.6790,8.6740,4.4220,321.4980,0.0260,1,3.4.3,"compiler: gcc -fPIC -pthread -m64 -Wa,--noexecstack -Wall -O3 -O2 -DOPENSSL_USE_NODELETE -DL_ENDIAN -DOPENSSL_PIC -DOPENSSL_BUILDING_OPENSSL -DNDEBUG",3.4.3
x86_64-cloud-vm,error_strings,6,5000,0.5340,0.4950,0.5210,0.9910,0.4570,82.8980,0.0260,1,3.4.3,"compiler: gcc -fPIC -pthread -m64 -Wa,--noexecstack -Wall -O3 -O2 -DOPENSSL_USE_NODELETE -DL_ENDIAN -DOPENSSL_PIC -DOPENSSL_BUILDING_OPENSSL -DNDEBUG",3.4.3
x86_64-cloud-vm,spki_ok,6,5000,13.8689,11.1420,20.9540,54.0730,10.9380,868.5090,0.0320,1,3.4.3,"compiler: gcc -fPIC -pthread -m64 -Wa,--noexecstack -Wall -O3 -O2 -DOPENSSL_USE_NODELETE -DL_ENDIAN -DOPENSSL_PIC -DOPENSSL_BUILDING_OPENSSL -DNDEBUG",3.4.3
x86_64-cloud-vm,timer_overhead,6,5000,0.0306,0.0260,0.0270,0.0280,0.0250,21.7310,0.0260,1,3.4.3,"compiler: gcc -fPIC -pthread -m64 -Wa,--noexecstack -Wall -O3 -O2 -DOPENSSL_USE_NODELETE -DL_ENDIAN -DOPENSSL_PIC -DOPENSSL_BUILDING_OPENSSL -DNDEBUG",3.4.3
x86_64-cloud-vm,full,6,5000,9.5094,8.3300,8.6250,31.3180,8.0350,895.0040,0.0260,1,3.5.8,"compiler: gcc -fPIC -pthread -m64 -Wa,--noexecstack -Wall -O3 -O2 -DOPENSSL_USE_NODELETE -DL_ENDIAN -DOPENSSL_PIC -DOPENSSL_BUILDING_OPENSSL -DNDEBUG",3.5.8
x86_64-cloud-vm,public_tries,6,5000,2.1286,2.0480,2.0790,2.2710,1.9930,67.1060,0.0260,1,3.5.8,"compiler: gcc -fPIC -pthread -m64 -Wa,--noexecstack -Wall -O3 -O2 -DOPENSSL_USE_NODELETE -DL_ENDIAN -DOPENSSL_PIC -DOPENSSL_BUILDING_OPENSSL -DNDEBUG",3.5.8
x86_64-cloud-vm,private_parse,6,5000,6.1811,5.7620,5.9220,11.4520,5.5880,203.6260,0.0260,1,3.5.8,"compiler: gcc -fPIC -pthread -m64 -Wa,--noexecstack -Wall -O3 -O2 -DOPENSSL_USE_NODELETE -DL_ENDIAN -DOPENSSL_PIC -DOPENSSL_BUILDING_OPENSSL -DNDEBUG",3.5.8
x86_64-cloud-vm,error_strings,6,5000,0.5608,0.4760,0.5020,1.0520,0.4550,70.9280,0.0260,1,3.5.8,"compiler: gcc -fPIC -pthread -m64 -Wa,--noexecstack -Wall -O3 -O2 -DOPENSSL_USE_NODELETE -DL_ENDIAN -DOPENSSL_PIC -DOPENSSL_BUILDING_OPENSSL -DNDEBUG",3.5.8
x86_64-cloud-vm,spki_ok,6,5000,13.0639,11.2460,13.8610,48.5500,10.9770,227.5360,0.0260,1,3.5.8,"compiler: gcc -fPIC -pthread -m64 -Wa,--noexecstack -Wall -O3 -O2 -DOPENSSL_USE_NODELETE -DL_ENDIAN -DOPENSSL_PIC -DOPENSSL_BUILDING_OPENSSL -DNDEBUG",3.5.8
x86_64-cloud-vm,timer_overhead,6,5000,0.0301,0.0290,0.0330,0.0360,0.0260,0.8930,0.0270,1,3.5.8,"compiler: gcc -fPIC -pthread -m64 -Wa,--noexecstack -Wall -O3 -O2 -DOPENSSL_USE_NODELETE -DL_ENDIAN -DOPENSSL_PIC -DOPENSSL_BUILDING_OPENSSL -DNDEBUG",3.5.8
x86_64-cloud-vm,full,6,5000,9.3376,8.7120,8.9900,27.7570,8.3770,518.7510,0.0260,1,3.6.1,"compiler: gcc -fPIC -pthread -m64 -Wa,--noexecstack -Wall -O3 -O2 -DOPENSSL_USE_NODELETE -DL_ENDIAN -DOPENSSL_PIC -DOPENSSL_BUILDING_OPENSSL -DNDEBUG",3.6.1
x86_64-cloud-vm,public_tries,6,5000,2.4599,2.2860,2.3330,4.0420,2.2240,106.2080,0.0260,1,3.6.1,"compiler: gcc -fPIC -pthread -m64 -Wa,--noexecstack -Wall -O3 -O2 -DOPENSSL_USE_NODELETE -DL_ENDIAN -DOPENSSL_PIC -DOPENSSL_BUILDING_OPENSSL -DNDEBUG",3.6.1
x86_64-cloud-vm,private_parse,6,5000,6.3084,5.9900,6.1360,10.6760,5.6440,110.9030,0.0260,1,3.6.1,"compiler: gcc -fPIC -pthread -m64 -Wa,--noexecstack -Wall -O3 -O2 -DOPENSSL_USE_NODELETE -DL_ENDIAN -DOPENSSL_PIC -DOPENSSL_BUILDING_OPENSSL -DNDEBUG",3.6.1
x86_64-cloud-vm,error_strings,6,5000,0.5057,0.4700,0.4850,1.0090,0.4510,76.1790,0.0260,1,3.6.1,"compiler: gcc -fPIC -pthread -m64 -Wa,--noexecstack -Wall -O3 -O2 -DOPENSSL_USE_NODELETE -DL_ENDIAN -DOPENSSL_PIC -DOPENSSL_BUILDING_OPENSSL -DNDEBUG",3.6.1
x86_64-cloud-vm,spki_ok,6,5000,12.0591,11.1570,11.4210,37.1990,10.6580,137.6770,0.0260,1,3.6.1,"compiler: gcc -fPIC -pthread -m64 -Wa,--noexecstack -Wall -O3 -O2 -DOPENSSL_USE_NODELETE -DL_ENDIAN -DOPENSSL_PIC -DOPENSSL_BUILDING_OPENSSL -DNDEBUG",3.6.1
x86_64-cloud-vm,timer_overhead,6,5000,0.0263,0.0260,0.0270,0.0320,0.0250,0.2000,0.0260,1,3.6.1,"compiler: gcc -fPIC -pthread -m64 -Wa,--noexecstack -Wall -O3 -O2 -DOPENSSL_USE_NODELETE -DL_ENDIAN -DOPENSSL_PIC -DOPENSSL_BUILDING_OPENSSL -DNDEBUG",3.6.1
x86_64-cloud-vm,full,7,5000,430.8764,388.0020,577.2500,802.4240,360.5970,8672.4630,0.0260,1,3.0.16,"compiler: gcc -fPIC -pthread -m64 -Wa,--noexecstack -Wall -O3 -O2 -DOPENSSL_USE_NODELETE -DL_ENDIAN -DOPENSSL_PIC -DOPENSSL_BUILDING_OPENSSL -DNDEBUG",3.0.16
x86_64-cloud-vm,public_tries,7,5000,4.1727,3.8860,4.4180,7.8340,3.2620,78.7340,0.0280,1,3.0.16,"compiler: gcc -fPIC -pthread -m64 -Wa,--noexecstack -Wall -O3 -O2 -DOPENSSL_USE_NODELETE -DL_ENDIAN -DOPENSSL_PIC -DOPENSSL_BUILDING_OPENSSL -DNDEBUG",3.0.16
x86_64-cloud-vm,private_parse,7,5000,430.9968,389.6460,594.0420,836.8570,355.5260,4448.8660,0.0280,1,3.0.16,"compiler: gcc -fPIC -pthread -m64 -Wa,--noexecstack -Wall -O3 -O2 -DOPENSSL_USE_NODELETE -DL_ENDIAN -DOPENSSL_PIC -DOPENSSL_BUILDING_OPENSSL -DNDEBUG",3.0.16
x86_64-cloud-vm,error_strings,7,5000,0.7260,0.5810,0.8920,1.6670,0.4620,26.7850,0.0260,1,3.0.16,"compiler: gcc -fPIC -pthread -m64 -Wa,--noexecstack -Wall -O3 -O2 -DOPENSSL_USE_NODELETE -DL_ENDIAN -DOPENSSL_PIC -DOPENSSL_BUILDING_OPENSSL -DNDEBUG",3.0.16
x86_64-cloud-vm,spki_ok,7,5000,126.1357,112.8020,153.0760,257.7480,107.9330,1356.2320,0.0260,1,3.0.16,"compiler: gcc -fPIC -pthread -m64 -Wa,--noexecstack -Wall -O3 -O2 -DOPENSSL_USE_NODELETE -DL_ENDIAN -DOPENSSL_PIC -DOPENSSL_BUILDING_OPENSSL -DNDEBUG",3.0.16
x86_64-cloud-vm,timer_overhead,7,5000,0.0262,0.0260,0.0270,0.0280,0.0250,0.0510,0.0260,1,3.0.16,"compiler: gcc -fPIC -pthread -m64 -Wa,--noexecstack -Wall -O3 -O2 -DOPENSSL_USE_NODELETE -DL_ENDIAN -DOPENSSL_PIC -DOPENSSL_BUILDING_OPENSSL -DNDEBUG",3.0.16
x86_64-cloud-vm,full,7,5000,460.7713,427.9210,530.0720,898.7200,392.9020,2526.6660,0.0300,1,3.0.19,"compiler: gcc -fPIC -pthread -m64 -Wa,--noexecstack -Wall -O3 -O2 -DOPENSSL_USE_NODELETE -DL_ENDIAN -DOPENSSL_PIC -DOPENSSL_BUILDING_OPENSSL -DNDEBUG",3.0.19
x86_64-cloud-vm,public_tries,7,5000,2.3797,2.2280,2.2710,3.4630,2.1620,100.7460,0.0260,1,3.0.19,"compiler: gcc -fPIC -pthread -m64 -Wa,--noexecstack -Wall -O3 -O2 -DOPENSSL_USE_NODELETE -DL_ENDIAN -DOPENSSL_PIC -DOPENSSL_BUILDING_OPENSSL -DNDEBUG",3.0.19
x86_64-cloud-vm,private_parse,7,5000,445.3779,424.4340,482.5440,857.1990,389.4190,4082.5850,0.0260,1,3.0.19,"compiler: gcc -fPIC -pthread -m64 -Wa,--noexecstack -Wall -O3 -O2 -DOPENSSL_USE_NODELETE -DL_ENDIAN -DOPENSSL_PIC -DOPENSSL_BUILDING_OPENSSL -DNDEBUG",3.0.19
x86_64-cloud-vm,error_strings,7,5000,0.9232,0.8730,1.4760,2.3970,0.4590,36.0910,0.0260,1,3.0.19,"compiler: gcc -fPIC -pthread -m64 -Wa,--noexecstack -Wall -O3 -O2 -DOPENSSL_USE_NODELETE -DL_ENDIAN -DOPENSSL_PIC -DOPENSSL_BUILDING_OPENSSL -DNDEBUG",3.0.19
x86_64-cloud-vm,spki_ok,7,5000,141.2154,132.4310,166.9160,223.5000,126.5470,345.4390,0.0260,1,3.0.19,"compiler: gcc -fPIC -pthread -m64 -Wa,--noexecstack -Wall -O3 -O2 -DOPENSSL_USE_NODELETE -DL_ENDIAN -DOPENSSL_PIC -DOPENSSL_BUILDING_OPENSSL -DNDEBUG",3.0.19
x86_64-cloud-vm,timer_overhead,7,5000,0.0262,0.0260,0.0270,0.0280,0.0250,0.0650,0.0260,1,3.0.19,"compiler: gcc -fPIC -pthread -m64 -Wa,--noexecstack -Wall -O3 -O2 -DOPENSSL_USE_NODELETE -DL_ENDIAN -DOPENSSL_PIC -DOPENSSL_BUILDING_OPENSSL -DNDEBUG",3.0.19
x86_64-cloud-vm,full,7,5000,62.8534,57.4660,82.4010,117.1930,55.6430,1962.4250,0.0260,1,3.1.8,"compiler: gcc -fPIC -pthread -m64 -Wa,--noexecstack -Wall -O3 -O2 -DOPENSSL_USE_NODELETE -DL_ENDIAN -DOPENSSL_PIC -DOPENSSL_BUILDING_OPENSSL -DNDEBUG",3.1.8
x86_64-cloud-vm,public_tries,7,5000,3.2428,2.2170,4.7110,5.7590,2.1370,180.3360,0.0260,1,3.1.8,"compiler: gcc -fPIC -pthread -m64 -Wa,--noexecstack -Wall -O3 -O2 -DOPENSSL_USE_NODELETE -DL_ENDIAN -DOPENSSL_PIC -DOPENSSL_BUILDING_OPENSSL -DNDEBUG",3.1.8
x86_64-cloud-vm,private_parse,7,5000,69.0996,54.7960,107.1390,147.5880,53.1940,1133.6950,0.0280,1,3.1.8,"compiler: gcc -fPIC -pthread -m64 -Wa,--noexecstack -Wall -O3 -O2 -DOPENSSL_USE_NODELETE -DL_ENDIAN -DOPENSSL_PIC -DOPENSSL_BUILDING_OPENSSL -DNDEBUG",3.1.8
x86_64-cloud-vm,error_strings,7,5000,0.6412,0.4970,0.8960,1.3650,0.4590,141.8720,0.0260,1,3.1.8,"compiler: gcc -fPIC -pthread -m64 -Wa,--noexecstack -Wall -O3 -O2 -DOPENSSL_USE_NODELETE -DL_ENDIAN -DOPENSSL_PIC -DOPENSSL_BUILDING_OPENSSL -DNDEBUG",3.1.8
x86_64-cloud-vm,spki_ok,7,5000,41.9693,36.0850,62.8700,99.5480,35.0280,169.9530,0.0260,1,3.1.8,"compiler: gcc -fPIC -pthread -m64 -Wa,--noexecstack -Wall -O3 -O2 -DOPENSSL_USE_NODELETE -DL_ENDIAN -DOPENSSL_PIC -DOPENSSL_BUILDING_OPENSSL -DNDEBUG",3.1.8
x86_64-cloud-vm,timer_overhead,7,5000,0.0262,0.0260,0.0270,0.0280,0.0240,0.0420,0.0260,1,3.1.8,"compiler: gcc -fPIC -pthread -m64 -Wa,--noexecstack -Wall -O3 -O2 -DOPENSSL_USE_NODELETE -DL_ENDIAN -DOPENSSL_PIC -DOPENSSL_BUILDING_OPENSSL -DNDEBUG",3.1.8
x86_64-cloud-vm,full,7,5000,7.9982,7.0740,10.6870,24.5820,6.8020,189.8270,0.0260,1,3.2.6,"compiler: gcc -fPIC -pthread -m64 -Wa,--noexecstack -Wall -O3 -O2 -DOPENSSL_USE_NODELETE -DL_ENDIAN -DOPENSSL_PIC -DOPENSSL_BUILDING_OPENSSL -DNDEBUG",3.2.6
x86_64-cloud-vm,public_tries,7,5000,2.4839,2.0910,3.1760,4.9730,2.0170,211.6520,0.0260,1,3.2.6,"compiler: gcc -fPIC -pthread -m64 -Wa,--noexecstack -Wall -O3 -O2 -DOPENSSL_USE_NODELETE -DL_ENDIAN -DOPENSSL_PIC -DOPENSSL_BUILDING_OPENSSL -DNDEBUG",3.2.6
x86_64-cloud-vm,private_parse,7,5000,4.9285,4.4620,4.5700,9.9460,4.3220,189.8870,0.0260,1,3.2.6,"compiler: gcc -fPIC -pthread -m64 -Wa,--noexecstack -Wall -O3 -O2 -DOPENSSL_USE_NODELETE -DL_ENDIAN -DOPENSSL_PIC -DOPENSSL_BUILDING_OPENSSL -DNDEBUG",3.2.6
x86_64-cloud-vm,error_strings,7,5000,0.4751,0.4570,0.4800,0.8270,0.4410,18.2230,0.0260,1,3.2.6,"compiler: gcc -fPIC -pthread -m64 -Wa,--noexecstack -Wall -O3 -O2 -DOPENSSL_USE_NODELETE -DL_ENDIAN -DOPENSSL_PIC -DOPENSSL_BUILDING_OPENSSL -DNDEBUG",3.2.6
x86_64-cloud-vm,spki_ok,7,5000,12.4556,11.8690,12.0240,36.2200,11.6000,66.4620,0.0260,1,3.2.6,"compiler: gcc -fPIC -pthread -m64 -Wa,--noexecstack -Wall -O3 -O2 -DOPENSSL_USE_NODELETE -DL_ENDIAN -DOPENSSL_PIC -DOPENSSL_BUILDING_OPENSSL -DNDEBUG",3.2.6
x86_64-cloud-vm,timer_overhead,7,5000,0.0269,0.0260,0.0270,0.0280,0.0250,3.7200,0.0260,1,3.2.6,"compiler: gcc -fPIC -pthread -m64 -Wa,--noexecstack -Wall -O3 -O2 -DOPENSSL_USE_NODELETE -DL_ENDIAN -DOPENSSL_PIC -DOPENSSL_BUILDING_OPENSSL -DNDEBUG",3.2.6
x86_64-cloud-vm,full,7,5000,8.6056,6.9300,12.0210,30.9430,6.7320,607.4060,0.0260,1,3.3.5,"compiler: gcc -fPIC -pthread -m64 -Wa,--noexecstack -Wall -O3 -O2 -DOPENSSL_USE_NODELETE -DL_ENDIAN -DOPENSSL_PIC -DOPENSSL_BUILDING_OPENSSL -DNDEBUG",3.3.5
x86_64-cloud-vm,public_tries,7,5000,2.4231,2.0720,2.1190,6.2940,2.0220,63.6440,0.0290,1,3.3.5,"compiler: gcc -fPIC -pthread -m64 -Wa,--noexecstack -Wall -O3 -O2 -DOPENSSL_USE_NODELETE -DL_ENDIAN -DOPENSSL_PIC -DOPENSSL_BUILDING_OPENSSL -DNDEBUG",3.3.5
x86_64-cloud-vm,private_parse,7,5000,8.6202,8.3260,9.1290,34.2700,4.3780,90.4960,0.0290,1,3.3.5,"compiler: gcc -fPIC -pthread -m64 -Wa,--noexecstack -Wall -O3 -O2 -DOPENSSL_USE_NODELETE -DL_ENDIAN -DOPENSSL_PIC -DOPENSSL_BUILDING_OPENSSL -DNDEBUG",3.3.5
x86_64-cloud-vm,error_strings,7,5000,0.5006,0.4730,0.4920,1.0110,0.4580,23.0300,0.0260,1,3.3.5,"compiler: gcc -fPIC -pthread -m64 -Wa,--noexecstack -Wall -O3 -O2 -DOPENSSL_USE_NODELETE -DL_ENDIAN -DOPENSSL_PIC -DOPENSSL_BUILDING_OPENSSL -DNDEBUG",3.3.5
x86_64-cloud-vm,spki_ok,7,5000,14.5404,12.0370,12.9270,50.3780,11.7200,2102.5140,0.0260,1,3.3.5,"compiler: gcc -fPIC -pthread -m64 -Wa,--noexecstack -Wall -O3 -O2 -DOPENSSL_USE_NODELETE -DL_ENDIAN -DOPENSSL_PIC -DOPENSSL_BUILDING_OPENSSL -DNDEBUG",3.3.5
x86_64-cloud-vm,timer_overhead,7,5000,0.0269,0.0260,0.0290,0.0330,0.0250,0.1680,0.0260,1,3.3.5,"compiler: gcc -fPIC -pthread -m64 -Wa,--noexecstack -Wall -O3 -O2 -DOPENSSL_USE_NODELETE -DL_ENDIAN -DOPENSSL_PIC -DOPENSSL_BUILDING_OPENSSL -DNDEBUG",3.3.5
x86_64-cloud-vm,full,7,5000,8.0508,7.2210,7.4340,28.1190,6.9610,595.4730,0.0260,1,3.4.3,"compiler: gcc -fPIC -pthread -m64 -Wa,--noexecstack -Wall -O3 -O2 -DOPENSSL_USE_NODELETE -DL_ENDIAN -DOPENSSL_PIC -DOPENSSL_BUILDING_OPENSSL -DNDEBUG",3.4.3
x86_64-cloud-vm,public_tries,7,5000,2.2149,2.0880,2.1250,3.7810,2.0230,65.4720,0.0260,1,3.4.3,"compiler: gcc -fPIC -pthread -m64 -Wa,--noexecstack -Wall -O3 -O2 -DOPENSSL_USE_NODELETE -DL_ENDIAN -DOPENSSL_PIC -DOPENSSL_BUILDING_OPENSSL -DNDEBUG",3.4.3
x86_64-cloud-vm,private_parse,7,5000,4.8959,4.6200,4.7390,9.8050,4.3030,73.3330,0.0260,1,3.4.3,"compiler: gcc -fPIC -pthread -m64 -Wa,--noexecstack -Wall -O3 -O2 -DOPENSSL_USE_NODELETE -DL_ENDIAN -DOPENSSL_PIC -DOPENSSL_BUILDING_OPENSSL -DNDEBUG",3.4.3
x86_64-cloud-vm,error_strings,7,5000,0.5266,0.5000,0.5220,0.9310,0.4580,25.9490,0.0260,1,3.4.3,"compiler: gcc -fPIC -pthread -m64 -Wa,--noexecstack -Wall -O3 -O2 -DOPENSSL_USE_NODELETE -DL_ENDIAN -DOPENSSL_PIC -DOPENSSL_BUILDING_OPENSSL -DNDEBUG",3.4.3
x86_64-cloud-vm,spki_ok,7,5000,12.3634,11.1820,13.1930,38.4470,10.8420,167.2250,0.0260,1,3.4.3,"compiler: gcc -fPIC -pthread -m64 -Wa,--noexecstack -Wall -O3 -O2 -DOPENSSL_USE_NODELETE -DL_ENDIAN -DOPENSSL_PIC -DOPENSSL_BUILDING_OPENSSL -DNDEBUG",3.4.3
x86_64-cloud-vm,timer_overhead,7,5000,0.0276,0.0270,0.0310,0.0340,0.0240,0.8960,0.0260,1,3.4.3,"compiler: gcc -fPIC -pthread -m64 -Wa,--noexecstack -Wall -O3 -O2 -DOPENSSL_USE_NODELETE -DL_ENDIAN -DOPENSSL_PIC -DOPENSSL_BUILDING_OPENSSL -DNDEBUG",3.4.3
x86_64-cloud-vm,full,7,5000,14.7669,11.3520,17.1380,50.1800,8.1060,3129.2240,0.0320,1,3.5.8,"compiler: gcc -fPIC -pthread -m64 -Wa,--noexecstack -Wall -O3 -O2 -DOPENSSL_USE_NODELETE -DL_ENDIAN -DOPENSSL_PIC -DOPENSSL_BUILDING_OPENSSL -DNDEBUG",3.5.8
x86_64-cloud-vm,public_tries,7,5000,2.1655,2.0490,2.0820,3.8150,1.9990,43.3690,0.0260,1,3.5.8,"compiler: gcc -fPIC -pthread -m64 -Wa,--noexecstack -Wall -O3 -O2 -DOPENSSL_USE_NODELETE -DL_ENDIAN -DOPENSSL_PIC -DOPENSSL_BUILDING_OPENSSL -DNDEBUG",3.5.8
x86_64-cloud-vm,private_parse,7,5000,6.1756,5.7540,5.9460,11.5400,5.5810,137.0360,0.0260,1,3.5.8,"compiler: gcc -fPIC -pthread -m64 -Wa,--noexecstack -Wall -O3 -O2 -DOPENSSL_USE_NODELETE -DL_ENDIAN -DOPENSSL_PIC -DOPENSSL_BUILDING_OPENSSL -DNDEBUG",3.5.8
x86_64-cloud-vm,error_strings,7,5000,0.6695,0.4910,0.9270,1.4770,0.4540,36.6240,0.0260,1,3.5.8,"compiler: gcc -fPIC -pthread -m64 -Wa,--noexecstack -Wall -O3 -O2 -DOPENSSL_USE_NODELETE -DL_ENDIAN -DOPENSSL_PIC -DOPENSSL_BUILDING_OPENSSL -DNDEBUG",3.5.8
x86_64-cloud-vm,spki_ok,7,5000,12.8962,11.2660,16.5550,43.0180,10.9460,197.7800,0.0290,1,3.5.8,"compiler: gcc -fPIC -pthread -m64 -Wa,--noexecstack -Wall -O3 -O2 -DOPENSSL_USE_NODELETE -DL_ENDIAN -DOPENSSL_PIC -DOPENSSL_BUILDING_OPENSSL -DNDEBUG",3.5.8
x86_64-cloud-vm,timer_overhead,7,5000,0.0263,0.0260,0.0270,0.0310,0.0250,0.1600,0.0260,1,3.5.8,"compiler: gcc -fPIC -pthread -m64 -Wa,--noexecstack -Wall -O3 -O2 -DOPENSSL_USE_NODELETE -DL_ENDIAN -DOPENSSL_PIC -DOPENSSL_BUILDING_OPENSSL -DNDEBUG",3.5.8
x86_64-cloud-vm,full,7,5000,9.7694,8.7400,12.2630,30.3350,8.4030,209.3840,0.0260,1,3.6.1,"compiler: gcc -fPIC -pthread -m64 -Wa,--noexecstack -Wall -O3 -O2 -DOPENSSL_USE_NODELETE -DL_ENDIAN -DOPENSSL_PIC -DOPENSSL_BUILDING_OPENSSL -DNDEBUG",3.6.1
x86_64-cloud-vm,public_tries,7,5000,2.3479,2.2300,2.2590,4.4090,2.1740,33.9530,0.0260,1,3.6.1,"compiler: gcc -fPIC -pthread -m64 -Wa,--noexecstack -Wall -O3 -O2 -DOPENSSL_USE_NODELETE -DL_ENDIAN -DOPENSSL_PIC -DOPENSSL_BUILDING_OPENSSL -DNDEBUG",3.6.1
x86_64-cloud-vm,private_parse,7,5000,6.4791,6.0920,6.2000,15.2290,5.7600,118.4340,0.0260,1,3.6.1,"compiler: gcc -fPIC -pthread -m64 -Wa,--noexecstack -Wall -O3 -O2 -DOPENSSL_USE_NODELETE -DL_ENDIAN -DOPENSSL_PIC -DOPENSSL_BUILDING_OPENSSL -DNDEBUG",3.6.1
x86_64-cloud-vm,error_strings,7,5000,0.5504,0.4720,0.6240,1.1260,0.4490,51.4590,0.0260,1,3.6.1,"compiler: gcc -fPIC -pthread -m64 -Wa,--noexecstack -Wall -O3 -O2 -DOPENSSL_USE_NODELETE -DL_ENDIAN -DOPENSSL_PIC -DOPENSSL_BUILDING_OPENSSL -DNDEBUG",3.6.1
x86_64-cloud-vm,spki_ok,7,5000,11.7756,11.1710,11.3730,34.5270,10.8020,96.7320,0.0260,1,3.6.1,"compiler: gcc -fPIC -pthread -m64 -Wa,--noexecstack -Wall -O3 -O2 -DOPENSSL_USE_NODELETE -DL_ENDIAN -DOPENSSL_PIC -DOPENSSL_BUILDING_OPENSSL -DNDEBUG",3.6.1
x86_64-cloud-vm,timer_overhead,7,5000,0.0262,0.0260,0.0270,0.0280,0.0250,0.0500,0.0260,1,3.6.1,"compiler: gcc -fPIC -pthread -m64 -Wa,--noexecstack -Wall -O3 -O2 -DOPENSSL_USE_NODELETE -DL_ENDIAN -DOPENSSL_PIC -DOPENSSL_BUILDING_OPENSSL -DNDEBUG",3.6.1
x86_64-cloud-vm,full,8,5000,416.0253,394.0250,461.0360,859.3500,359.7090,3712.4310,0.0260,1,3.0.16,"compiler: gcc -fPIC -pthread -m64 -Wa,--noexecstack -Wall -O3 -O2 -DOPENSSL_USE_NODELETE -DL_ENDIAN -DOPENSSL_PIC -DOPENSSL_BUILDING_OPENSSL -DNDEBUG",3.0.16
x86_64-cloud-vm,public_tries,8,5000,2.3691,2.2870,2.3240,2.6130,2.2200,45.5060,0.0260,1,3.0.16,"compiler: gcc -fPIC -pthread -m64 -Wa,--noexecstack -Wall -O3 -O2 -DOPENSSL_USE_NODELETE -DL_ENDIAN -DOPENSSL_PIC -DOPENSSL_BUILDING_OPENSSL -DNDEBUG",3.0.16
x86_64-cloud-vm,private_parse,8,5000,429.8768,391.1590,551.3200,832.5450,355.9930,3314.3320,0.0260,1,3.0.16,"compiler: gcc -fPIC -pthread -m64 -Wa,--noexecstack -Wall -O3 -O2 -DOPENSSL_USE_NODELETE -DL_ENDIAN -DOPENSSL_PIC -DOPENSSL_BUILDING_OPENSSL -DNDEBUG",3.0.16
x86_64-cloud-vm,error_strings,8,5000,0.7931,0.8200,0.9030,1.7140,0.4610,77.3650,0.0260,1,3.0.16,"compiler: gcc -fPIC -pthread -m64 -Wa,--noexecstack -Wall -O3 -O2 -DOPENSSL_USE_NODELETE -DL_ENDIAN -DOPENSSL_PIC -DOPENSSL_BUILDING_OPENSSL -DNDEBUG",3.0.16
x86_64-cloud-vm,spki_ok,8,5000,119.6601,113.2280,140.4350,170.0830,108.1390,729.4670,0.0260,1,3.0.16,"compiler: gcc -fPIC -pthread -m64 -Wa,--noexecstack -Wall -O3 -O2 -DOPENSSL_USE_NODELETE -DL_ENDIAN -DOPENSSL_PIC -DOPENSSL_BUILDING_OPENSSL -DNDEBUG",3.0.16
x86_64-cloud-vm,timer_overhead,8,5000,0.0318,0.0260,0.0270,0.0310,0.0250,22.1200,0.0260,1,3.0.16,"compiler: gcc -fPIC -pthread -m64 -Wa,--noexecstack -Wall -O3 -O2 -DOPENSSL_USE_NODELETE -DL_ENDIAN -DOPENSSL_PIC -DOPENSSL_BUILDING_OPENSSL -DNDEBUG",3.0.16
x86_64-cloud-vm,full,8,5000,453.7659,429.9490,499.8600,830.1920,393.3900,1717.1000,0.0300,1,3.0.19,"compiler: gcc -fPIC -pthread -m64 -Wa,--noexecstack -Wall -O3 -O2 -DOPENSSL_USE_NODELETE -DL_ENDIAN -DOPENSSL_PIC -DOPENSSL_BUILDING_OPENSSL -DNDEBUG",3.0.19
x86_64-cloud-vm,public_tries,8,5000,2.4320,2.2490,2.2980,4.6690,2.1780,62.9380,0.0260,1,3.0.19,"compiler: gcc -fPIC -pthread -m64 -Wa,--noexecstack -Wall -O3 -O2 -DOPENSSL_USE_NODELETE -DL_ENDIAN -DOPENSSL_PIC -DOPENSSL_BUILDING_OPENSSL -DNDEBUG",3.0.19
x86_64-cloud-vm,private_parse,8,5000,454.1896,427.6500,511.1050,865.3450,389.4570,2920.8810,0.0260,1,3.0.19,"compiler: gcc -fPIC -pthread -m64 -Wa,--noexecstack -Wall -O3 -O2 -DOPENSSL_USE_NODELETE -DL_ENDIAN -DOPENSSL_PIC -DOPENSSL_BUILDING_OPENSSL -DNDEBUG",3.0.19
x86_64-cloud-vm,error_strings,8,5000,0.8894,0.8740,1.0840,2.1320,0.4590,90.9780,0.0260,1,3.0.19,"compiler: gcc -fPIC -pthread -m64 -Wa,--noexecstack -Wall -O3 -O2 -DOPENSSL_USE_NODELETE -DL_ENDIAN -DOPENSSL_PIC -DOPENSSL_BUILDING_OPENSSL -DNDEBUG",3.0.19
x86_64-cloud-vm,spki_ok,8,5000,143.4951,131.7350,170.3140,277.3780,126.3380,461.9410,0.0260,1,3.0.19,"compiler: gcc -fPIC -pthread -m64 -Wa,--noexecstack -Wall -O3 -O2 -DOPENSSL_USE_NODELETE -DL_ENDIAN -DOPENSSL_PIC -DOPENSSL_BUILDING_OPENSSL -DNDEBUG",3.0.19
x86_64-cloud-vm,timer_overhead,8,5000,0.0262,0.0260,0.0270,0.0280,0.0240,0.0590,0.0260,1,3.0.19,"compiler: gcc -fPIC -pthread -m64 -Wa,--noexecstack -Wall -O3 -O2 -DOPENSSL_USE_NODELETE -DL_ENDIAN -DOPENSSL_PIC -DOPENSSL_BUILDING_OPENSSL -DNDEBUG",3.0.19
x86_64-cloud-vm,full,8,5000,63.6156,57.8220,82.1230,124.9170,55.8210,817.4040,0.0260,1,3.1.8,"compiler: gcc -fPIC -pthread -m64 -Wa,--noexecstack -Wall -O3 -O2 -DOPENSSL_USE_NODELETE -DL_ENDIAN -DOPENSSL_PIC -DOPENSSL_BUILDING_OPENSSL -DNDEBUG",3.1.8
x86_64-cloud-vm,public_tries,8,5000,2.5573,2.1920,2.2250,4.1280,2.1310,1064.5510,0.0260,1,3.1.8,"compiler: gcc -fPIC -pthread -m64 -Wa,--noexecstack -Wall -O3 -O2 -DOPENSSL_USE_NODELETE -DL_ENDIAN -DOPENSSL_PIC -DOPENSSL_BUILDING_OPENSSL -DNDEBUG",3.1.8
x86_64-cloud-vm,private_parse,8,5000,67.0652,54.9720,97.4060,149.4500,52.9590,2272.4430,0.0260,1,3.1.8,"compiler: gcc -fPIC -pthread -m64 -Wa,--noexecstack -Wall -O3 -O2 -DOPENSSL_USE_NODELETE -DL_ENDIAN -DOPENSSL_PIC -DOPENSSL_BUILDING_OPENSSL -DNDEBUG",3.1.8
x86_64-cloud-vm,error_strings,8,5000,0.5878,0.5000,0.8990,1.3320,0.4600,40.4570,0.0260,1,3.1.8,"compiler: gcc -fPIC -pthread -m64 -Wa,--noexecstack -Wall -O3 -O2 -DOPENSSL_USE_NODELETE -DL_ENDIAN -DOPENSSL_PIC -DOPENSSL_BUILDING_OPENSSL -DNDEBUG",3.1.8
x86_64-cloud-vm,spki_ok,8,5000,38.8093,36.0770,40.3820,84.3060,34.9350,436.3010,0.0260,1,3.1.8,"compiler: gcc -fPIC -pthread -m64 -Wa,--noexecstack -Wall -O3 -O2 -DOPENSSL_USE_NODELETE -DL_ENDIAN -DOPENSSL_PIC -DOPENSSL_BUILDING_OPENSSL -DNDEBUG",3.1.8
x86_64-cloud-vm,timer_overhead,8,5000,0.0262,0.0260,0.0270,0.0280,0.0250,0.0450,0.0260,1,3.1.8,"compiler: gcc -fPIC -pthread -m64 -Wa,--noexecstack -Wall -O3 -O2 -DOPENSSL_USE_NODELETE -DL_ENDIAN -DOPENSSL_PIC -DOPENSSL_BUILDING_OPENSSL -DNDEBUG",3.1.8
x86_64-cloud-vm,full,8,5000,9.0243,6.9980,13.6190,32.8590,6.7620,95.9530,0.0260,1,3.2.6,"compiler: gcc -fPIC -pthread -m64 -Wa,--noexecstack -Wall -O3 -O2 -DOPENSSL_USE_NODELETE -DL_ENDIAN -DOPENSSL_PIC -DOPENSSL_BUILDING_OPENSSL -DNDEBUG",3.2.6
x86_64-cloud-vm,public_tries,8,5000,2.4228,2.0580,3.7180,4.7230,2.0130,45.0640,0.0260,1,3.2.6,"compiler: gcc -fPIC -pthread -m64 -Wa,--noexecstack -Wall -O3 -O2 -DOPENSSL_USE_NODELETE -DL_ENDIAN -DOPENSSL_PIC -DOPENSSL_BUILDING_OPENSSL -DNDEBUG",3.2.6
x86_64-cloud-vm,private_parse,8,5000,4.8712,4.6560,4.8040,8.9110,4.4550,46.8750,0.0260,1,3.2.6,"compiler: gcc -fPIC -pthread -m64 -Wa,--noexecstack -Wall -O3 -O2 -DOPENSSL_USE_NODELETE -DL_ENDIAN -DOPENSSL_PIC -DOPENSSL_BUILDING_OPENSSL -DNDEBUG",3.2.6
x86_64-cloud-vm,error_strings,8,5000,0.4995,0.4710,0.4900,0.9530,0.4420,28.7360,0.0260,1,3.2.6,"compiler: gcc -fPIC -pthread -m64 -Wa,--noexecstack -Wall -O3 -O2 -DOPENSSL_USE_NODELETE -DL_ENDIAN -DOPENSSL_PIC -DOPENSSL_BUILDING_OPENSSL -DNDEBUG",3.2.6
x86_64-cloud-vm,spki_ok,8,5000,12.4150,11.7150,11.9160,37.8860,11.3840,66.8030,0.0260,1,3.2.6,"compiler: gcc -fPIC -pthread -m64 -Wa,--noexecstack -Wall -O3 -O2 -DOPENSSL_USE_NODELETE -DL_ENDIAN -DOPENSSL_PIC -DOPENSSL_BUILDING_OPENSSL -DNDEBUG",3.2.6
x86_64-cloud-vm,timer_overhead,8,5000,0.0262,0.0260,0.0270,0.0280,0.0250,0.0400,0.0260,1,3.2.6,"compiler: gcc -fPIC -pthread -m64 -Wa,--noexecstack -Wall -O3 -O2 -DOPENSSL_USE_NODELETE -DL_ENDIAN -DOPENSSL_PIC -DOPENSSL_BUILDING_OPENSSL -DNDEBUG",3.2.6
x86_64-cloud-vm,full,8,5000,7.5538,6.9010,7.0530,26.1000,6.7300,753.4890,0.0270,1,3.3.5,"compiler: gcc -fPIC -pthread -m64 -Wa,--noexecstack -Wall -O3 -O2 -DOPENSSL_USE_NODELETE -DL_ENDIAN -DOPENSSL_PIC -DOPENSSL_BUILDING_OPENSSL -DNDEBUG",3.3.5
x86_64-cloud-vm,public_tries,8,5000,2.1644,2.0760,2.1020,3.3070,2.0310,30.5150,0.0260,1,3.3.5,"compiler: gcc -fPIC -pthread -m64 -Wa,--noexecstack -Wall -O3 -O2 -DOPENSSL_USE_NODELETE -DL_ENDIAN -DOPENSSL_PIC -DOPENSSL_BUILDING_OPENSSL -DNDEBUG",3.3.5
x86_64-cloud-vm,private_parse,8,5000,4.8062,4.4380,4.5180,9.8250,4.2940,193.2610,0.0260,1,3.3.5,"compiler: gcc -fPIC -pthread -m64 -Wa,--noexecstack -Wall -O3 -O2 -DOPENSSL_USE_NODELETE -DL_ENDIAN -DOPENSSL_PIC -DOPENSSL_BUILDING_OPENSSL -DNDEBUG",3.3.5
x86_64-cloud-vm,error_strings,8,5000,0.5122,0.4740,0.5020,1.0200,0.4600,23.0940,0.0260,1,3.3.5,"compiler: gcc -fPIC -pthread -m64 -Wa,--noexecstack -Wall -O3 -O2 -DOPENSSL_USE_NODELETE -DL_ENDIAN -DOPENSSL_PIC -DOPENSSL_BUILDING_OPENSSL -DNDEBUG",3.3.5
x86_64-cloud-vm,spki_ok,8,5000,13.8870,12.0220,14.6790,48.7040,11.7090,1646.5640,0.0260,1,3.3.5,"compiler: gcc -fPIC -pthread -m64 -Wa,--noexecstack -Wall -O3 -O2 -DOPENSSL_USE_NODELETE -DL_ENDIAN -DOPENSSL_PIC -DOPENSSL_BUILDING_OPENSSL -DNDEBUG",3.3.5
x86_64-cloud-vm,timer_overhead,8,5000,0.0262,0.0260,0.0270,0.0270,0.0250,0.0460,0.0260,1,3.3.5,"compiler: gcc -fPIC -pthread -m64 -Wa,--noexecstack -Wall -O3 -O2 -DOPENSSL_USE_NODELETE -DL_ENDIAN -DOPENSSL_PIC -DOPENSSL_BUILDING_OPENSSL -DNDEBUG",3.3.5
x86_64-cloud-vm,full,8,5000,7.8408,7.2660,7.3940,25.2620,7.0450,97.7220,0.0260,1,3.4.3,"compiler: gcc -fPIC -pthread -m64 -Wa,--noexecstack -Wall -O3 -O2 -DOPENSSL_USE_NODELETE -DL_ENDIAN -DOPENSSL_PIC -DOPENSSL_BUILDING_OPENSSL -DNDEBUG",3.4.3
x86_64-cloud-vm,public_tries,8,5000,2.2056,2.0900,2.1280,3.6490,2.0310,89.2110,0.0260,1,3.4.3,"compiler: gcc -fPIC -pthread -m64 -Wa,--noexecstack -Wall -O3 -O2 -DOPENSSL_USE_NODELETE -DL_ENDIAN -DOPENSSL_PIC -DOPENSSL_BUILDING_OPENSSL -DNDEBUG",3.4.3
x86_64-cloud-vm,private_parse,8,5000,5.6651,4.6330,7.7630,13.0490,4.2900,1817.1420,0.0300,1,3.4.3,"compiler: gcc -fPIC -pthread -m64 -Wa,--noexecstack -Wall -O3 -O2 -DOPENSSL_USE_NODELETE -DL_ENDIAN -DOPENSSL_PIC -DOPENSSL_BUILDING_OPENSSL -DNDEBUG",3.4.3
x86_64-cloud-vm,error_strings,8,5000,0.5358,0.5030,0.5230,0.9870,0.4650,31.3300,0.0260,1,3.4.3,"compiler: gcc -fPIC -pthread -m64 -Wa,--noexecstack -Wall -O3 -O2 -DOPENSSL_USE_NODELETE -DL_ENDIAN -DOPENSSL_PIC -DOPENSSL_BUILDING_OPENSSL -DNDEBUG",3.4.3
x86_64-cloud-vm,spki_ok,8,5000,12.1782,11.1610,12.0170,40.2810,10.8890,87.1050,0.0260,1,3.4.3,"compiler: gcc -fPIC -pthread -m64 -Wa,--noexecstack -Wall -O3 -O2 -DOPENSSL_USE_NODELETE -DL_ENDIAN -DOPENSSL_PIC -DOPENSSL_BUILDING_OPENSSL -DNDEBUG",3.4.3
x86_64-cloud-vm,timer_overhead,8,5000,0.0262,0.0260,0.0270,0.0280,0.0250,0.0790,0.0260,1,3.4.3,"compiler: gcc -fPIC -pthread -m64 -Wa,--noexecstack -Wall -O3 -O2 -DOPENSSL_USE_NODELETE -DL_ENDIAN -DOPENSSL_PIC -DOPENSSL_BUILDING_OPENSSL -DNDEBUG",3.4.3
x86_64-cloud-vm,full,8,5000,9.2637,8.4690,8.8850,29.2280,8.1660,86.8930,0.0260,1,3.5.8,"compiler: gcc -fPIC -pthread -m64 -Wa,--noexecstack -Wall -O3 -O2 -DOPENSSL_USE_NODELETE -DL_ENDIAN -DOPENSSL_PIC -DOPENSSL_BUILDING_OPENSSL -DNDEBUG",3.5.8
x86_64-cloud-vm,public_tries,8,5000,2.2062,2.0640,2.0960,3.9530,2.0120,88.4230,0.0260,1,3.5.8,"compiler: gcc -fPIC -pthread -m64 -Wa,--noexecstack -Wall -O3 -O2 -DOPENSSL_USE_NODELETE -DL_ENDIAN -DOPENSSL_PIC -DOPENSSL_BUILDING_OPENSSL -DNDEBUG",3.5.8
x86_64-cloud-vm,private_parse,8,5000,6.0581,5.7250,5.8840,12.9680,5.5860,69.6100,0.0260,1,3.5.8,"compiler: gcc -fPIC -pthread -m64 -Wa,--noexecstack -Wall -O3 -O2 -DOPENSSL_USE_NODELETE -DL_ENDIAN -DOPENSSL_PIC -DOPENSSL_BUILDING_OPENSSL -DNDEBUG",3.5.8
x86_64-cloud-vm,error_strings,8,5000,0.6891,0.6890,0.7970,1.2650,0.4580,68.9420,0.0260,1,3.5.8,"compiler: gcc -fPIC -pthread -m64 -Wa,--noexecstack -Wall -O3 -O2 -DOPENSSL_USE_NODELETE -DL_ENDIAN -DOPENSSL_PIC -DOPENSSL_BUILDING_OPENSSL -DNDEBUG",3.5.8
x86_64-cloud-vm,spki_ok,8,5000,12.1697,11.1840,11.4660,38.0670,10.9150,199.9300,0.0260,1,3.5.8,"compiler: gcc -fPIC -pthread -m64 -Wa,--noexecstack -Wall -O3 -O2 -DOPENSSL_USE_NODELETE -DL_ENDIAN -DOPENSSL_PIC -DOPENSSL_BUILDING_OPENSSL -DNDEBUG",3.5.8
x86_64-cloud-vm,timer_overhead,8,5000,0.0265,0.0260,0.0270,0.0320,0.0250,0.2030,0.0260,1,3.5.8,"compiler: gcc -fPIC -pthread -m64 -Wa,--noexecstack -Wall -O3 -O2 -DOPENSSL_USE_NODELETE -DL_ENDIAN -DOPENSSL_PIC -DOPENSSL_BUILDING_OPENSSL -DNDEBUG",3.5.8
x86_64-cloud-vm,full,8,5000,9.2920,8.7860,9.0130,30.0620,8.4130,119.0210,0.0260,1,3.6.1,"compiler: gcc -fPIC -pthread -m64 -Wa,--noexecstack -Wall -O3 -O2 -DOPENSSL_USE_NODELETE -DL_ENDIAN -DOPENSSL_PIC -DOPENSSL_BUILDING_OPENSSL -DNDEBUG",3.6.1
x86_64-cloud-vm,public_tries,8,5000,2.8166,2.2410,4.1620,5.7110,2.1670,55.4550,0.0260,1,3.6.1,"compiler: gcc -fPIC -pthread -m64 -Wa,--noexecstack -Wall -O3 -O2 -DOPENSSL_USE_NODELETE -DL_ENDIAN -DOPENSSL_PIC -DOPENSSL_BUILDING_OPENSSL -DNDEBUG",3.6.1
x86_64-cloud-vm,private_parse,8,5000,6.8417,5.9070,7.4390,14.9380,5.7110,1410.0810,0.0260,1,3.6.1,"compiler: gcc -fPIC -pthread -m64 -Wa,--noexecstack -Wall -O3 -O2 -DOPENSSL_USE_NODELETE -DL_ENDIAN -DOPENSSL_PIC -DOPENSSL_BUILDING_OPENSSL -DNDEBUG",3.6.1
x86_64-cloud-vm,error_strings,8,5000,0.4918,0.4720,0.4880,0.9840,0.4490,25.6580,0.0260,1,3.6.1,"compiler: gcc -fPIC -pthread -m64 -Wa,--noexecstack -Wall -O3 -O2 -DOPENSSL_USE_NODELETE -DL_ENDIAN -DOPENSSL_PIC -DOPENSSL_BUILDING_OPENSSL -DNDEBUG",3.6.1
x86_64-cloud-vm,spki_ok,8,5000,11.7088,11.2080,11.3860,35.0750,10.8130,87.5940,0.0260,1,3.6.1,"compiler: gcc -fPIC -pthread -m64 -Wa,--noexecstack -Wall -O3 -O2 -DOPENSSL_USE_NODELETE -DL_ENDIAN -DOPENSSL_PIC -DOPENSSL_BUILDING_OPENSSL -DNDEBUG",3.6.1
x86_64-cloud-vm,timer_overhead,8,5000,0.0262,0.0260,0.0270,0.0270,0.0250,0.0720,0.0260,1,3.6.1,"compiler: gcc -fPIC -pthread -m64 -Wa,--noexecstack -Wall -O3 -O2 -DOPENSSL_USE_NODELETE -DL_ENDIAN -DOPENSSL_PIC -DOPENSSL_BUILDING_OPENSSL -DNDEBUG",3.6.1
x86_64-cloud-vm,full,9,5000,403.3461,388.7600,436.9370,697.5890,358.4280,4466.5390,0.0260,1,3.0.16,"compiler: gcc -fPIC -pthread -m64 -Wa,--noexecstack -Wall -O3 -O2 -DOPENSSL_USE_NODELETE -DL_ENDIAN -DOPENSSL_PIC -DOPENSSL_BUILDING_OPENSSL -DNDEBUG",3.0.16
x86_64-cloud-vm,public_tries,9,5000,2.4043,2.2790,2.3170,4.3580,2.2180,49.8120,0.0260,1,3.0.16,"compiler: gcc -fPIC -pthread -m64 -Wa,--noexecstack -Wall -O3 -O2 -DOPENSSL_USE_NODELETE -DL_ENDIAN -DOPENSSL_PIC -DOPENSSL_BUILDING_OPENSSL -DNDEBUG",3.0.16
x86_64-cloud-vm,private_parse,9,5000,425.9902,390.8540,499.5570,864.4240,356.3460,3992.9490,0.0260,1,3.0.16,"compiler: gcc -fPIC -pthread -m64 -Wa,--noexecstack -Wall -O3 -O2 -DOPENSSL_USE_NODELETE -DL_ENDIAN -DOPENSSL_PIC -DOPENSSL_BUILDING_OPENSSL -DNDEBUG",3.0.16
x86_64-cloud-vm,error_strings,9,5000,0.8119,0.8050,0.9920,2.0360,0.4620,38.5330,0.0260,1,3.0.16,"compiler: gcc -fPIC -pthread -m64 -Wa,--noexecstack -Wall -O3 -O2 -DOPENSSL_USE_NODELETE -DL_ENDIAN -DOPENSSL_PIC -DOPENSSL_BUILDING_OPENSSL -DNDEBUG",3.0.16
x86_64-cloud-vm,spki_ok,9,5000,120.5511,112.5620,142.2350,196.9860,108.1450,874.0150,0.0260,1,3.0.16,"compiler: gcc -fPIC -pthread -m64 -Wa,--noexecstack -Wall -O3 -O2 -DOPENSSL_USE_NODELETE -DL_ENDIAN -DOPENSSL_PIC -DOPENSSL_BUILDING_OPENSSL -DNDEBUG",3.0.16
x86_64-cloud-vm,timer_overhead,9,5000,0.0306,0.0260,0.0270,0.0280,0.0250,21.9910,0.0260,1,3.0.16,"compiler: gcc -fPIC -pthread -m64 -Wa,--noexecstack -Wall -O3 -O2 -DOPENSSL_USE_NODELETE -DL_ENDIAN -DOPENSSL_PIC -DOPENSSL_BUILDING_OPENSSL -DNDEBUG",3.0.16
x86_64-cloud-vm,full,9,5000,448.9113,427.0480,499.4570,775.3790,392.7110,3135.1200,0.0260,1,3.0.19,"compiler: gcc -fPIC -pthread -m64 -Wa,--noexecstack -Wall -O3 -O2 -DOPENSSL_USE_NODELETE -DL_ENDIAN -DOPENSSL_PIC -DOPENSSL_BUILDING_OPENSSL -DNDEBUG",3.0.19
x86_64-cloud-vm,public_tries,9,5000,4.8472,4.7480,4.8540,9.7150,2.9140,211.4500,0.0320,1,3.0.19,"compiler: gcc -fPIC -pthread -m64 -Wa,--noexecstack -Wall -O3 -O2 -DOPENSSL_USE_NODELETE -DL_ENDIAN -DOPENSSL_PIC -DOPENSSL_BUILDING_OPENSSL -DNDEBUG",3.0.19
x86_64-cloud-vm,private_parse,9,5000,428.8200,413.0930,459.1950,732.4440,389.5040,1356.7550,0.0260,1,3.0.19,"compiler: gcc -fPIC -pthread -m64 -Wa,--noexecstack -Wall -O3 -O2 -DOPENSSL_USE_NODELETE -DL_ENDIAN -DOPENSSL_PIC -DOPENSSL_BUILDING_OPENSSL -DNDEBUG",3.0.19
x86_64-cloud-vm,error_strings,9,5000,0.8411,0.8530,1.0980,2.1930,0.4560,35.6620,0.0260,1,3.0.19,"compiler: gcc -fPIC -pthread -m64 -Wa,--noexecstack -Wall -O3 -O2 -DOPENSSL_USE_NODELETE -DL_ENDIAN -DOPENSSL_PIC -DOPENSSL_BUILDING_OPENSSL -DNDEBUG",3.0.19
x86_64-cloud-vm,spki_ok,9,5000,144.7056,132.2510,177.7870,256.5510,126.2360,2227.6110,0.0260,1,3.0.19,"compiler: gcc -fPIC -pthread -m64 -Wa,--noexecstack -Wall -O3 -O2 -DOPENSSL_USE_NODELETE -DL_ENDIAN -DOPENSSL_PIC -DOPENSSL_BUILDING_OPENSSL -DNDEBUG",3.0.19
x86_64-cloud-vm,timer_overhead,9,5000,0.0262,0.0260,0.0270,0.0280,0.0250,0.0440,0.0260,1,3.0.19,"compiler: gcc -fPIC -pthread -m64 -Wa,--noexecstack -Wall -O3 -O2 -DOPENSSL_USE_NODELETE -DL_ENDIAN -DOPENSSL_PIC -DOPENSSL_BUILDING_OPENSSL -DNDEBUG",3.0.19
x86_64-cloud-vm,full,9,5000,70.8925,57.4800,111.6830,167.2420,55.4290,347.0620,0.0260,1,3.1.8,"compiler: gcc -fPIC -pthread -m64 -Wa,--noexecstack -Wall -O3 -O2 -DOPENSSL_USE_NODELETE -DL_ENDIAN -DOPENSSL_PIC -DOPENSSL_BUILDING_OPENSSL -DNDEBUG",3.1.8
x86_64-cloud-vm,public_tries,9,5000,2.3652,2.1940,2.2290,4.0910,2.1270,163.2660,0.0260,1,3.1.8,"compiler: gcc -fPIC -pthread -m64 -Wa,--noexecstack -Wall -O3 -O2 -DOPENSSL_USE_NODELETE -DL_ENDIAN -DOPENSSL_PIC -DOPENSSL_BUILDING_OPENSSL -DNDEBUG",3.1.8
x86_64-cloud-vm,private_parse,9,5000,66.7512,54.8340,101.0890,144.6060,52.8140,434.5720,0.0260,1,3.1.8,"compiler: gcc -fPIC -pthread -m64 -Wa,--noexecstack -Wall -O3 -O2 -DOPENSSL_USE_NODELETE -DL_ENDIAN -DOPENSSL_PIC -DOPENSSL_BUILDING_OPENSSL -DNDEBUG",3.1.8
x86_64-cloud-vm,error_strings,9,5000,0.6228,0.4980,0.9350,1.3880,0.4590,47.9870,0.0280,1,3.1.8,"compiler: gcc -fPIC -pthread -m64 -Wa,--noexecstack -Wall -O3 -O2 -DOPENSSL_USE_NODELETE -DL_ENDIAN -DOPENSSL_PIC -DOPENSSL_BUILDING_OPENSSL -DNDEBUG",3.1.8
x86_64-cloud-vm,spki_ok,9,5000,39.2054,36.0040,41.5720,91.7840,35.0880,474.2810,0.0260,1,3.1.8,"compiler: gcc -fPIC -pthread -m64 -Wa,--noexecstack -Wall -O3 -O2 -DOPENSSL_USE_NODELETE -DL_ENDIAN -DOPENSSL_PIC -DOPENSSL_BUILDING_OPENSSL -DNDEBUG",3.1.8
x86_64-cloud-vm,timer_overhead,9,5000,0.0262,0.0260,0.0270,0.0280,0.0250,0.1180,0.0260,1,3.1.8,"compiler: gcc -fPIC -pthread -m64 -Wa,--noexecstack -Wall -O3 -O2 -DOPENSSL_USE_NODELETE -DL_ENDIAN -DOPENSSL_PIC -DOPENSSL_BUILDING_OPENSSL -DNDEBUG",3.1.8
x86_64-cloud-vm,full,9,5000,8.7941,6.9900,13.1180,24.3770,6.7010,110.3160,0.0320,1,3.2.6,"compiler: gcc -fPIC -pthread -m64 -Wa,--noexecstack -Wall -O3 -O2 -DOPENSSL_USE_NODELETE -DL_ENDIAN -DOPENSSL_PIC -DOPENSSL_BUILDING_OPENSSL -DNDEBUG",3.2.6
x86_64-cloud-vm,public_tries,9,5000,2.3612,2.0940,2.4720,4.6920,2.0320,64.4200,0.0280,1,3.2.6,"compiler: gcc -fPIC -pthread -m64 -Wa,--noexecstack -Wall -O3 -O2 -DOPENSSL_USE_NODELETE -DL_ENDIAN -DOPENSSL_PIC -DOPENSSL_BUILDING_OPENSSL -DNDEBUG",3.2.6
x86_64-cloud-vm,private_parse,9,5000,4.9131,4.4660,4.6570,9.8260,4.3150,116.9430,0.0260,1,3.2.6,"compiler: gcc -fPIC -pthread -m64 -Wa,--noexecstack -Wall -O3 -O2 -DOPENSSL_USE_NODELETE -DL_ENDIAN -DOPENSSL_PIC -DOPENSSL_BUILDING_OPENSSL -DNDEBUG",3.2.6
x86_64-cloud-vm,error_strings,9,5000,0.5342,0.4660,0.7460,1.1260,0.4400,27.1020,0.0260,1,3.2.6,"compiler: gcc -fPIC -pthread -m64 -Wa,--noexecstack -Wall -O3 -O2 -DOPENSSL_USE_NODELETE -DL_ENDIAN -DOPENSSL_PIC -DOPENSSL_BUILDING_OPENSSL -DNDEBUG",3.2.6
x86_64-cloud-vm,spki_ok,9,5000,12.6785,11.7420,11.9500,36.6410,11.3610,468.6560,0.0260,1,3.2.6,"compiler: gcc -fPIC -pthread -m64 -Wa,--noexecstack -Wall -O3 -O2 -DOPENSSL_USE_NODELETE -DL_ENDIAN -DOPENSSL_PIC -DOPENSSL_BUILDING_OPENSSL -DNDEBUG",3.2.6
x86_64-cloud-vm,timer_overhead,9,5000,0.0307,0.0290,0.0330,0.0360,0.0260,0.8950,0.0290,1,3.2.6,"compiler: gcc -fPIC -pthread -m64 -Wa,--noexecstack -Wall -O3 -O2 -DOPENSSL_USE_NODELETE -DL_ENDIAN -DOPENSSL_PIC -DOPENSSL_BUILDING_OPENSSL -DNDEBUG",3.2.6
x86_64-cloud-vm,full,9,5000,7.3161,6.9240,7.0610,14.1170,6.7120,89.4040,0.0260,1,3.3.5,"compiler: gcc -fPIC -pthread -m64 -Wa,--noexecstack -Wall -O3 -O2 -DOPENSSL_USE_NODELETE -DL_ENDIAN -DOPENSSL_PIC -DOPENSSL_BUILDING_OPENSSL -DNDEBUG",3.3.5
x86_64-cloud-vm,public_tries,9,5000,2.2576,2.0980,2.1340,4.2480,2.0320,84.4450,0.0260,1,3.3.5,"compiler: gcc -fPIC -pthread -m64 -Wa,--noexecstack -Wall -O3 -O2 -DOPENSSL_USE_NODELETE -DL_ENDIAN -DOPENSSL_PIC -DOPENSSL_BUILDING_OPENSSL -DNDEBUG",3.3.5
x86_64-cloud-vm,private_parse,9,5000,4.7020,4.4410,4.5580,8.8740,4.3140,71.3760,0.0260,1,3.3.5,"compiler: gcc -fPIC -pthread -m64 -Wa,--noexecstack -Wall -O3 -O2 -DOPENSSL_USE_NODELETE -DL_ENDIAN -DOPENSSL_PIC -DOPENSSL_BUILDING_OPENSSL -DNDEBUG",3.3.5
x86_64-cloud-vm,error_strings,9,5000,0.5033,0.4710,0.4940,0.7280,0.4550,38.3080,0.0260,1,3.3.5,"compiler: gcc -fPIC -pthread -m64 -Wa,--noexecstack -Wall -O3 -O2 -DOPENSSL_USE_NODELETE -DL_ENDIAN -DOPENSSL_PIC -DOPENSSL_BUILDING_OPENSSL -DNDEBUG",3.3.5
x86_64-cloud-vm,spki_ok,9,5000,12.7572,12.0260,12.2030,36.5980,11.6970,103.9510,0.0260,1,3.3.5,"compiler: gcc -fPIC -pthread -m64 -Wa,--noexecstack -Wall -O3 -O2 -DOPENSSL_USE_NODELETE -DL_ENDIAN -DOPENSSL_PIC -DOPENSSL_BUILDING_OPENSSL -DNDEBUG",3.3.5
x86_64-cloud-vm,timer_overhead,9,5000,0.0310,0.0310,0.0340,0.0420,0.0270,0.0580,0.0280,1,3.3.5,"compiler: gcc -fPIC -pthread -m64 -Wa,--noexecstack -Wall -O3 -O2 -DOPENSSL_USE_NODELETE -DL_ENDIAN -DOPENSSL_PIC -DOPENSSL_BUILDING_OPENSSL -DNDEBUG",3.3.5
x86_64-cloud-vm,full,9,5000,7.6666,7.2200,7.3560,15.5880,6.9810,85.2180,0.0260,1,3.4.3,"compiler: gcc -fPIC -pthread -m64 -Wa,--noexecstack -Wall -O3 -O2 -DOPENSSL_USE_NODELETE -DL_ENDIAN -DOPENSSL_PIC -DOPENSSL_BUILDING_OPENSSL -DNDEBUG",3.4.3
x86_64-cloud-vm,public_tries,9,5000,2.2594,2.0980,2.1480,4.0030,2.0350,63.7650,0.0260,1,3.4.3,"compiler: gcc -fPIC -pthread -m64 -Wa,--noexecstack -Wall -O3 -O2 -DOPENSSL_USE_NODELETE -DL_ENDIAN -DOPENSSL_PIC -DOPENSSL_BUILDING_OPENSSL -DNDEBUG",3.4.3
x86_64-cloud-vm,private_parse,9,5000,4.9677,4.5480,4.7740,10.1980,4.3430,119.7730,0.0260,1,3.4.3,"compiler: gcc -fPIC -pthread -m64 -Wa,--noexecstack -Wall -O3 -O2 -DOPENSSL_USE_NODELETE -DL_ENDIAN -DOPENSSL_PIC -DOPENSSL_BUILDING_OPENSSL -DNDEBUG",3.4.3
x86_64-cloud-vm,error_strings,9,5000,0.7064,0.5020,0.9780,1.3050,0.4600,43.6490,0.0320,1,3.4.3,"compiler: gcc -fPIC -pthread -m64 -Wa,--noexecstack -Wall -O3 -O2 -DOPENSSL_USE_NODELETE -DL_ENDIAN -DOPENSSL_PIC -DOPENSSL_BUILDING_OPENSSL -DNDEBUG",3.4.3
x86_64-cloud-vm,spki_ok,9,5000,11.9431,11.2240,11.3910,36.1650,10.9270,134.7780,0.0260,1,3.4.3,"compiler: gcc -fPIC -pthread -m64 -Wa,--noexecstack -Wall -O3 -O2 -DOPENSSL_USE_NODELETE -DL_ENDIAN -DOPENSSL_PIC -DOPENSSL_BUILDING_OPENSSL -DNDEBUG",3.4.3
x86_64-cloud-vm,timer_overhead,9,5000,0.0269,0.0260,0.0290,0.0330,0.0240,0.1000,0.0260,1,3.4.3,"compiler: gcc -fPIC -pthread -m64 -Wa,--noexecstack -Wall -O3 -O2 -DOPENSSL_USE_NODELETE -DL_ENDIAN -DOPENSSL_PIC -DOPENSSL_BUILDING_OPENSSL -DNDEBUG",3.4.3
x86_64-cloud-vm,full,9,5000,9.3865,8.4320,9.9700,32.7090,8.1350,248.1640,0.0260,1,3.5.8,"compiler: gcc -fPIC -pthread -m64 -Wa,--noexecstack -Wall -O3 -O2 -DOPENSSL_USE_NODELETE -DL_ENDIAN -DOPENSSL_PIC -DOPENSSL_BUILDING_OPENSSL -DNDEBUG",3.5.8
x86_64-cloud-vm,public_tries,9,5000,2.3087,2.0510,2.8280,5.0490,1.9970,47.3270,0.0260,1,3.5.8,"compiler: gcc -fPIC -pthread -m64 -Wa,--noexecstack -Wall -O3 -O2 -DOPENSSL_USE_NODELETE -DL_ENDIAN -DOPENSSL_PIC -DOPENSSL_BUILDING_OPENSSL -DNDEBUG",3.5.8
x86_64-cloud-vm,private_parse,9,5000,6.3944,5.8350,5.9880,25.7270,5.6050,260.2590,0.0260,1,3.5.8,"compiler: gcc -fPIC -pthread -m64 -Wa,--noexecstack -Wall -O3 -O2 -DOPENSSL_USE_NODELETE -DL_ENDIAN -DOPENSSL_PIC -DOPENSSL_BUILDING_OPENSSL -DNDEBUG",3.5.8
x86_64-cloud-vm,error_strings,9,5000,0.8552,0.4970,0.9300,2.1350,0.4640,851.9740,0.0260,1,3.5.8,"compiler: gcc -fPIC -pthread -m64 -Wa,--noexecstack -Wall -O3 -O2 -DOPENSSL_USE_NODELETE -DL_ENDIAN -DOPENSSL_PIC -DOPENSSL_BUILDING_OPENSSL -DNDEBUG",3.5.8
x86_64-cloud-vm,spki_ok,9,5000,12.2850,11.2050,15.6770,37.0910,10.9300,132.3990,0.0260,1,3.5.8,"compiler: gcc -fPIC -pthread -m64 -Wa,--noexecstack -Wall -O3 -O2 -DOPENSSL_USE_NODELETE -DL_ENDIAN -DOPENSSL_PIC -DOPENSSL_BUILDING_OPENSSL -DNDEBUG",3.5.8
x86_64-cloud-vm,timer_overhead,9,5000,0.0357,0.0260,0.0270,0.0280,0.0250,35.5800,0.0260,1,3.5.8,"compiler: gcc -fPIC -pthread -m64 -Wa,--noexecstack -Wall -O3 -O2 -DOPENSSL_USE_NODELETE -DL_ENDIAN -DOPENSSL_PIC -DOPENSSL_BUILDING_OPENSSL -DNDEBUG",3.5.8
x86_64-cloud-vm,full,9,5000,9.2296,8.8370,9.0120,30.3980,8.4140,56.8150,0.0260,1,3.6.1,"compiler: gcc -fPIC -pthread -m64 -Wa,--noexecstack -Wall -O3 -O2 -DOPENSSL_USE_NODELETE -DL_ENDIAN -DOPENSSL_PIC -DOPENSSL_BUILDING_OPENSSL -DNDEBUG",3.6.1
x86_64-cloud-vm,public_tries,9,5000,2.3189,2.2320,2.2600,2.4820,2.1720,49.1740,0.0260,1,3.6.1,"compiler: gcc -fPIC -pthread -m64 -Wa,--noexecstack -Wall -O3 -O2 -DOPENSSL_USE_NODELETE -DL_ENDIAN -DOPENSSL_PIC -DOPENSSL_BUILDING_OPENSSL -DNDEBUG",3.6.1
x86_64-cloud-vm,private_parse,9,5000,6.2538,5.9760,6.1180,11.2760,5.6220,52.1980,0.0260,1,3.6.1,"compiler: gcc -fPIC -pthread -m64 -Wa,--noexecstack -Wall -O3 -O2 -DOPENSSL_USE_NODELETE -DL_ENDIAN -DOPENSSL_PIC -DOPENSSL_BUILDING_OPENSSL -DNDEBUG",3.6.1
x86_64-cloud-vm,error_strings,9,5000,0.5356,0.4700,0.6570,1.2360,0.4500,48.9870,0.0260,1,3.6.1,"compiler: gcc -fPIC -pthread -m64 -Wa,--noexecstack -Wall -O3 -O2 -DOPENSSL_USE_NODELETE -DL_ENDIAN -DOPENSSL_PIC -DOPENSSL_BUILDING_OPENSSL -DNDEBUG",3.6.1
x86_64-cloud-vm,spki_ok,9,5000,12.5311,11.1340,15.7580,39.3480,10.7500,140.3360,0.0260,1,3.6.1,"compiler: gcc -fPIC -pthread -m64 -Wa,--noexecstack -Wall -O3 -O2 -DOPENSSL_USE_NODELETE -DL_ENDIAN -DOPENSSL_PIC -DOPENSSL_BUILDING_OPENSSL -DNDEBUG",3.6.1
x86_64-cloud-vm,timer_overhead,9,5000,0.0263,0.0260,0.0270,0.0290,0.0250,0.2040,0.0260,1,3.6.1,"compiler: gcc -fPIC -pthread -m64 -Wa,--noexecstack -Wall -O3 -O2 -DOPENSSL_USE_NODELETE -DL_ENDIAN -DOPENSSL_PIC -DOPENSSL_BUILDING_OPENSSL -DNDEBUG",3.6.1
x86_64-cloud-vm,full,10,5000,438.7544,395.3190,611.5020,835.0300,359.0290,2808.2280,0.0260,1,3.0.16,"compiler: gcc -fPIC -pthread -m64 -Wa,--noexecstack -Wall -O3 -O2 -DOPENSSL_USE_NODELETE -DL_ENDIAN -DOPENSSL_PIC -DOPENSSL_BUILDING_OPENSSL -DNDEBUG",3.0.16
x86_64-cloud-vm,public_tries,10,5000,3.1932,2.2990,4.8320,7.1350,2.2180,62.3540,0.0260,1,3.0.16,"compiler: gcc -fPIC -pthread -m64 -Wa,--noexecstack -Wall -O3 -O2 -DOPENSSL_USE_NODELETE -DL_ENDIAN -DOPENSSL_PIC -DOPENSSL_BUILDING_OPENSSL -DNDEBUG",3.0.16
x86_64-cloud-vm,private_parse,10,5000,443.5343,399.0690,602.9830,870.6490,364.4910,1999.4800,0.0260,1,3.0.16,"compiler: gcc -fPIC -pthread -m64 -Wa,--noexecstack -Wall -O3 -O2 -DOPENSSL_USE_NODELETE -DL_ENDIAN -DOPENSSL_PIC -DOPENSSL_BUILDING_OPENSSL -DNDEBUG",3.0.16
x86_64-cloud-vm,error_strings,10,5000,0.7467,0.6260,0.8950,2.0920,0.4610,29.7690,0.0260,1,3.0.16,"compiler: gcc -fPIC -pthread -m64 -Wa,--noexecstack -Wall -O3 -O2 -DOPENSSL_USE_NODELETE -DL_ENDIAN -DOPENSSL_PIC -DOPENSSL_BUILDING_OPENSSL -DNDEBUG",3.0.16
x86_64-cloud-vm,spki_ok,10,5000,126.2029,113.9620,146.6330,250.7890,109.1560,3932.1630,0.0280,1,3.0.16,"compiler: gcc -fPIC -pthread -m64 -Wa,--noexecstack -Wall -O3 -O2 -DOPENSSL_USE_NODELETE -DL_ENDIAN -DOPENSSL_PIC -DOPENSSL_BUILDING_OPENSSL -DNDEBUG",3.0.16
x86_64-cloud-vm,timer_overhead,10,5000,0.0262,0.0260,0.0270,0.0280,0.0250,0.1770,0.0260,1,3.0.16,"compiler: gcc -fPIC -pthread -m64 -Wa,--noexecstack -Wall -O3 -O2 -DOPENSSL_USE_NODELETE -DL_ENDIAN -DOPENSSL_PIC -DOPENSSL_BUILDING_OPENSSL -DNDEBUG",3.0.16
x86_64-cloud-vm,full,10,5000,471.0434,432.1700,558.7600,915.2860,391.6590,3647.5110,0.0260,1,3.0.19,"compiler: gcc -fPIC -pthread -m64 -Wa,--noexecstack -Wall -O3 -O2 -DOPENSSL_USE_NODELETE -DL_ENDIAN -DOPENSSL_PIC -DOPENSSL_BUILDING_OPENSSL -DNDEBUG",3.0.19
x86_64-cloud-vm,public_tries,10,5000,2.4081,2.2260,2.2730,4.1600,2.1550,230.6620,0.0260,1,3.0.19,"compiler: gcc -fPIC -pthread -m64 -Wa,--noexecstack -Wall -O3 -O2 -DOPENSSL_USE_NODELETE -DL_ENDIAN -DOPENSSL_PIC -DOPENSSL_BUILDING_OPENSSL -DNDEBUG",3.0.19
x86_64-cloud-vm,private_parse,10,5000,441.4052,423.1060,482.6590,789.8480,388.4670,1900.6450,0.0260,1,3.0.19,"compiler: gcc -fPIC -pthread -m64 -Wa,--noexecstack -Wall -O3 -O2 -DOPENSSL_USE_NODELETE -DL_ENDIAN -DOPENSSL_PIC -DOPENSSL_BUILDING_OPENSSL -DNDEBUG",3.0.19
x86_64-cloud-vm,error_strings,10,5000,0.8114,0.8620,0.9490,2.0260,0.4590,50.4210,0.0260,1,3.0.19,"compiler: gcc -fPIC -pthread -m64 -Wa,--noexecstack -Wall -O3 -O2 -DOPENSSL_USE_NODELETE -DL_ENDIAN -DOPENSSL_PIC -DOPENSSL_BUILDING_OPENSSL -DNDEBUG",3.0.19
x86_64-cloud-vm,spki_ok,10,5000,141.7052,132.4000,166.7500,235.2130,125.6770,846.5350,0.0260,1,3.0.19,"compiler: gcc -fPIC -pthread -m64 -Wa,--noexecstack -Wall -O3 -O2 -DOPENSSL_USE_NODELETE -DL_ENDIAN -DOPENSSL_PIC -DOPENSSL_BUILDING_OPENSSL -DNDEBUG",3.0.19
x86_64-cloud-vm,timer_overhead,10,5000,0.0262,0.0260,0.0270,0.0280,0.0250,0.0370,0.0260,1,3.0.19,"compiler: gcc -fPIC -pthread -m64 -Wa,--noexecstack -Wall -O3 -O2 -DOPENSSL_USE_NODELETE -DL_ENDIAN -DOPENSSL_PIC -DOPENSSL_BUILDING_OPENSSL -DNDEBUG",3.0.19
x86_64-cloud-vm,full,10,5000,66.1413,58.1420,92.1630,139.7510,56.1600,588.8990,0.0260,1,3.1.8,"compiler: gcc -fPIC -pthread -m64 -Wa,--noexecstack -Wall -O3 -O2 -DOPENSSL_USE_NODELETE -DL_ENDIAN -DOPENSSL_PIC -DOPENSSL_BUILDING_OPENSSL -DNDEBUG",3.1.8
x86_64-cloud-vm,public_tries,10,5000,2.2721,2.1930,2.2320,2.4920,2.1260,32.2030,0.0260,1,3.1.8,"compiler: gcc -fPIC -pthread -m64 -Wa,--noexecstack -Wall -O3 -O2 -DOPENSSL_USE_NODELETE -DL_ENDIAN -DOPENSSL_PIC -DOPENSSL_BUILDING_OPENSSL -DNDEBUG",3.1.8
x86_64-cloud-vm,private_parse,10,5000,68.3455,54.7800,102.4140,149.6870,53.0540,2200.9570,0.0260,1,3.1.8,"compiler: gcc -fPIC -pthread -m64 -Wa,--noexecstack -Wall -O3 -O2 -DOPENSSL_USE_NODELETE -DL_ENDIAN -DOPENSSL_PIC -DOPENSSL_BUILDING_OPENSSL -DNDEBUG",3.1.8
x86_64-cloud-vm,error_strings,10,5000,0.5779,0.4970,0.8050,1.2100,0.4620,27.9840,0.0260,1,3.1.8,"compiler: gcc -fPIC -pthread -m64 -Wa,--noexecstack -Wall -O3 -O2 -DOPENSSL_USE_NODELETE -DL_ENDIAN -DOPENSSL_PIC -DOPENSSL_BUILDING_OPENSSL -DNDEBUG",3.1.8
x86_64-cloud-vm,spki_ok,10,5000,41.4312,36.0840,56.4460,98.7810,35.1460,1607.5910,0.0260,1,3.1.8,"compiler: gcc -fPIC -pthread -m64 -Wa,--noexecstack -Wall -O3 -O2 -DOPENSSL_USE_NODELETE -DL_ENDIAN -DOPENSSL_PIC -DOPENSSL_BUILDING_OPENSSL -DNDEBUG",3.1.8
x86_64-cloud-vm,timer_overhead,10,5000,0.0262,0.0260,0.0270,0.0280,0.0250,0.0610,0.0260,1,3.1.8,"compiler: gcc -fPIC -pthread -m64 -Wa,--noexecstack -Wall -O3 -O2 -DOPENSSL_USE_NODELETE -DL_ENDIAN -DOPENSSL_PIC -DOPENSSL_BUILDING_OPENSSL -DNDEBUG",3.1.8
x86_64-cloud-vm,full,10,5000,7.7534,6.9820,7.4600,26.0150,6.7480,85.0420,0.0260,1,3.2.6,"compiler: gcc -fPIC -pthread -m64 -Wa,--noexecstack -Wall -O3 -O2 -DOPENSSL_USE_NODELETE -DL_ENDIAN -DOPENSSL_PIC -DOPENSSL_BUILDING_OPENSSL -DNDEBUG",3.2.6
x86_64-cloud-vm,public_tries,10,5000,2.5645,2.0720,2.4180,4.9530,2.0170,521.6700,0.0260,1,3.2.6,"compiler: gcc -fPIC -pthread -m64 -Wa,--noexecstack -Wall -O3 -O2 -DOPENSSL_USE_NODELETE -DL_ENDIAN -DOPENSSL_PIC -DOPENSSL_BUILDING_OPENSSL -DNDEBUG",3.2.6
x86_64-cloud-vm,private_parse,10,5000,5.0696,4.4990,6.5720,10.1650,4.3220,53.2420,0.0260,1,3.2.6,"compiler: gcc -fPIC -pthread -m64 -Wa,--noexecstack -Wall -O3 -O2 -DOPENSSL_USE_NODELETE -DL_ENDIAN -DOPENSSL_PIC -DOPENSSL_BUILDING_OPENSSL -DNDEBUG",3.2.6
x86_64-cloud-vm,error_strings,10,5000,0.4853,0.4600,0.4830,0.9600,0.4440,23.8120,0.0260,1,3.2.6,"compiler: gcc -fPIC -pthread -m64 -Wa,--noexecstack -Wall -O3 -O2 -DOPENSSL_USE_NODELETE -DL_ENDIAN -DOPENSSL_PIC -DOPENSSL_BUILDING_OPENSSL -DNDEBUG",3.2.6
x86_64-cloud-vm,spki_ok,10,5000,13.1219,11.7290,13.6190,46.5250,11.4500,324.7290,0.0260,1,3.2.6,"compiler: gcc -fPIC -pthread -m64 -Wa,--noexecstack -Wall -O3 -O2 -DOPENSSL_USE_NODELETE -DL_ENDIAN -DOPENSSL_PIC -DOPENSSL_BUILDING_OPENSSL -DNDEBUG",3.2.6
x86_64-cloud-vm,timer_overhead,10,5000,0.0294,0.0260,0.0270,0.0280,0.0250,15.9990,0.0260,1,3.2.6,"compiler: gcc -fPIC -pthread -m64 -Wa,--noexecstack -Wall -O3 -O2 -DOPENSSL_USE_NODELETE -DL_ENDIAN -DOPENSSL_PIC -DOPENSSL_BUILDING_OPENSSL -DNDEBUG",3.2.6
x86_64-cloud-vm,full,10,5000,7.5650,7.1240,7.2810,24.7850,6.8380,229.9270,0.0260,1,3.3.5,"compiler: gcc -fPIC -pthread -m64 -Wa,--noexecstack -Wall -O3 -O2 -DOPENSSL_USE_NODELETE -DL_ENDIAN -DOPENSSL_PIC -DOPENSSL_BUILDING_OPENSSL -DNDEBUG",3.3.5
x86_64-cloud-vm,public_tries,10,5000,2.2675,2.0700,2.1040,4.4160,2.0160,104.2230,0.0260,1,3.3.5,"compiler: gcc -fPIC -pthread -m64 -Wa,--noexecstack -Wall -O3 -O2 -DOPENSSL_USE_NODELETE -DL_ENDIAN -DOPENSSL_PIC -DOPENSSL_BUILDING_OPENSSL -DNDEBUG",3.3.5
x86_64-cloud-vm,private_parse,10,5000,4.7070,4.4550,4.6050,8.8750,4.3270,58.8450,0.0260,1,3.3.5,"compiler: gcc -fPIC -pthread -m64 -Wa,--noexecstack -Wall -O3 -O2 -DOPENSSL_USE_NODELETE -DL_ENDIAN -DOPENSSL_PIC -DOPENSSL_BUILDING_OPENSSL -DNDEBUG",3.3.5
x86_64-cloud-vm,error_strings,10,5000,0.5629,0.4740,0.5180,1.1410,0.4580,51.5330,0.0260,1,3.3.5,"compiler: gcc -fPIC -pthread -m64 -Wa,--noexecstack -Wall -O3 -O2 -DOPENSSL_USE_NODELETE -DL_ENDIAN -DOPENSSL_PIC -DOPENSSL_BUILDING_OPENSSL -DNDEBUG",3.3.5
x86_64-cloud-vm,spki_ok,10,5000,13.9755,12.0180,12.6910,39.0600,11.7110,4423.0610,0.0260,1,3.3.5,"compiler: gcc -fPIC -pthread -m64 -Wa,--noexecstack -Wall -O3 -O2 -DOPENSSL_USE_NODELETE -DL_ENDIAN -DOPENSSL_PIC -DOPENSSL_BUILDING_OPENSSL -DNDEBUG",3.3.5
x86_64-cloud-vm,timer_overhead,10,5000,0.0262,0.0260,0.0270,0.0270,0.0250,0.0420,0.0260,1,3.3.5,"compiler: gcc -fPIC -pthread -m64 -Wa,--noexecstack -Wall -O3 -O2 -DOPENSSL_USE_NODELETE -DL_ENDIAN -DOPENSSL_PIC -DOPENSSL_BUILDING_OPENSSL -DNDEBUG",3.3.5
x86_64-cloud-vm,full,10,5000,7.6697,7.2760,7.3890,24.7560,6.9720,107.4900,0.0260,1,3.4.3,"compiler: gcc -fPIC -pthread -m64 -Wa,--noexecstack -Wall -O3 -O2 -DOPENSSL_USE_NODELETE -DL_ENDIAN -DOPENSSL_PIC -DOPENSSL_BUILDING_OPENSSL -DNDEBUG",3.4.3
x86_64-cloud-vm,public_tries,10,5000,2.2122,2.1080,2.1460,3.8080,2.0370,37.9650,0.0260,1,3.4.3,"compiler: gcc -fPIC -pthread -m64 -Wa,--noexecstack -Wall -O3 -O2 -DOPENSSL_USE_NODELETE -DL_ENDIAN -DOPENSSL_PIC -DOPENSSL_BUILDING_OPENSSL -DNDEBUG",3.4.3
x86_64-cloud-vm,private_parse,10,5000,4.8091,4.5680,4.6600,8.2110,4.3940,63.0300,0.0260,1,3.4.3,"compiler: gcc -fPIC -pthread -m64 -Wa,--noexecstack -Wall -O3 -O2 -DOPENSSL_USE_NODELETE -DL_ENDIAN -DOPENSSL_PIC -DOPENSSL_BUILDING_OPENSSL -DNDEBUG",3.4.3
x86_64-cloud-vm,error_strings,10,5000,0.9539,0.9050,1.0330,1.8200,0.4610,72.5580,0.0260,1,3.4.3,"compiler: gcc -fPIC -pthread -m64 -Wa,--noexecstack -Wall -O3 -O2 -DOPENSSL_USE_NODELETE -DL_ENDIAN -DOPENSSL_PIC -DOPENSSL_BUILDING_OPENSSL -DNDEBUG",3.4.3
x86_64-cloud-vm,spki_ok,10,5000,11.7782,11.1620,11.2950,34.7850,10.9550,61.9470,0.0260,1,3.4.3,"compiler: gcc -fPIC -pthread -m64 -Wa,--noexecstack -Wall -O3 -O2 -DOPENSSL_USE_NODELETE -DL_ENDIAN -DOPENSSL_PIC -DOPENSSL_BUILDING_OPENSSL -DNDEBUG",3.4.3
x86_64-cloud-vm,timer_overhead,10,5000,0.0262,0.0260,0.0270,0.0270,0.0250,0.0470,0.0260,1,3.4.3,"compiler: gcc -fPIC -pthread -m64 -Wa,--noexecstack -Wall -O3 -O2 -DOPENSSL_USE_NODELETE -DL_ENDIAN -DOPENSSL_PIC -DOPENSSL_BUILDING_OPENSSL -DNDEBUG",3.4.3
x86_64-cloud-vm,full,10,5000,10.3650,8.4400,15.4480,34.4950,8.1580,214.2720,0.0260,1,3.5.8,"compiler: gcc -fPIC -pthread -m64 -Wa,--noexecstack -Wall -O3 -O2 -DOPENSSL_USE_NODELETE -DL_ENDIAN -DOPENSSL_PIC -DOPENSSL_BUILDING_OPENSSL -DNDEBUG",3.5.8
x86_64-cloud-vm,public_tries,10,5000,2.1532,2.0630,2.1010,2.3220,2.0060,88.5260,0.0260,1,3.5.8,"compiler: gcc -fPIC -pthread -m64 -Wa,--noexecstack -Wall -O3 -O2 -DOPENSSL_USE_NODELETE -DL_ENDIAN -DOPENSSL_PIC -DOPENSSL_BUILDING_OPENSSL -DNDEBUG",3.5.8
x86_64-cloud-vm,private_parse,10,5000,6.4712,5.7560,5.9880,14.5690,5.6040,301.8920,0.0260,1,3.5.8,"compiler: gcc -fPIC -pthread -m64 -Wa,--noexecstack -Wall -O3 -O2 -DOPENSSL_USE_NODELETE -DL_ENDIAN -DOPENSSL_PIC -DOPENSSL_BUILDING_OPENSSL -DNDEBUG",3.5.8
x86_64-cloud-vm,error_strings,10,5000,0.5000,0.4830,0.5000,1.0200,0.4530,22.7690,0.0260,1,3.5.8,"compiler: gcc -fPIC -pthread -m64 -Wa,--noexecstack -Wall -O3 -O2 -DOPENSSL_USE_NODELETE -DL_ENDIAN -DOPENSSL_PIC -DOPENSSL_BUILDING_OPENSSL -DNDEBUG",3.5.8
x86_64-cloud-vm,spki_ok,10,5000,12.6052,11.3680,13.6300,37.5250,11.1020,957.2110,0.0260,1,3.5.8,"compiler: gcc -fPIC -pthread -m64 -Wa,--noexecstack -Wall -O3 -O2 -DOPENSSL_USE_NODELETE -DL_ENDIAN -DOPENSSL_PIC -DOPENSSL_BUILDING_OPENSSL -DNDEBUG",3.5.8
x86_64-cloud-vm,timer_overhead,10,5000,0.0335,0.0260,0.0270,0.0280,0.0250,36.6920,0.0260,1,3.5.8,"compiler: gcc -fPIC -pthread -m64 -Wa,--noexecstack -Wall -O3 -O2 -DOPENSSL_USE_NODELETE -DL_ENDIAN -DOPENSSL_PIC -DOPENSSL_BUILDING_OPENSSL -DNDEBUG",3.5.8
x86_64-cloud-vm,full,10,5000,9.2731,8.8120,9.0150,34.0610,8.3690,220.1480,0.0260,1,3.6.1,"compiler: gcc -fPIC -pthread -m64 -Wa,--noexecstack -Wall -O3 -O2 -DOPENSSL_USE_NODELETE -DL_ENDIAN -DOPENSSL_PIC -DOPENSSL_BUILDING_OPENSSL -DNDEBUG",3.6.1
x86_64-cloud-vm,public_tries,10,5000,4.3660,4.0900,5.0360,9.6180,2.9620,57.3610,0.0290,1,3.6.1,"compiler: gcc -fPIC -pthread -m64 -Wa,--noexecstack -Wall -O3 -O2 -DOPENSSL_USE_NODELETE -DL_ENDIAN -DOPENSSL_PIC -DOPENSSL_BUILDING_OPENSSL -DNDEBUG",3.6.1
x86_64-cloud-vm,private_parse,10,5000,8.1159,6.0020,11.8640,29.6300,5.7340,185.1790,0.0260,1,3.6.1,"compiler: gcc -fPIC -pthread -m64 -Wa,--noexecstack -Wall -O3 -O2 -DOPENSSL_USE_NODELETE -DL_ENDIAN -DOPENSSL_PIC -DOPENSSL_BUILDING_OPENSSL -DNDEBUG",3.6.1
x86_64-cloud-vm,error_strings,10,5000,0.5122,0.4730,0.4900,1.1130,0.4470,25.2690,0.0260,1,3.6.1,"compiler: gcc -fPIC -pthread -m64 -Wa,--noexecstack -Wall -O3 -O2 -DOPENSSL_USE_NODELETE -DL_ENDIAN -DOPENSSL_PIC -DOPENSSL_BUILDING_OPENSSL -DNDEBUG",3.6.1
x86_64-cloud-vm,spki_ok,10,5000,12.1149,11.1650,11.4050,40.6410,10.7900,270.3450,0.0260,1,3.6.1,"compiler: gcc -fPIC -pthread -m64 -Wa,--noexecstack -Wall -O3 -O2 -DOPENSSL_USE_NODELETE -DL_ENDIAN -DOPENSSL_PIC -DOPENSSL_BUILDING_OPENSSL -DNDEBUG",3.6.1
x86_64-cloud-vm,timer_overhead,10,5000,0.0262,0.0260,0.0270,0.0280,0.0250,0.0540,0.0260,1,3.6.1,"compiler: gcc -fPIC -pthread -m64 -Wa,--noexecstack -Wall -O3 -O2 -DOPENSSL_USE_NODELETE -DL_ENDIAN -DOPENSSL_PIC -DOPENSSL_BUILDING_OPENSSL -DNDEBUG",3.6.1
x86_64-cloud-vm,full,11,5000,406.2950,394.3860,438.5730,758.9420,358.6080,1357.8110,0.0260,1,3.0.16,"compiler: gcc -fPIC -pthread -m64 -Wa,--noexecstack -Wall -O3 -O2 -DOPENSSL_USE_NODELETE -DL_ENDIAN -DOPENSSL_PIC -DOPENSSL_BUILDING_OPENSSL -DNDEBUG",3.0.16
x86_64-cloud-vm,public_tries,11,5000,2.4109,2.2760,2.3170,4.3490,2.2060,160.6410,0.0260,1,3.0.16,"compiler: gcc -fPIC -pthread -m64 -Wa,--noexecstack -Wall -O3 -O2 -DOPENSSL_USE_NODELETE -DL_ENDIAN -DOPENSSL_PIC -DOPENSSL_BUILDING_OPENSSL -DNDEBUG",3.0.16
x86_64-cloud-vm,private_parse,11,5000,410.2252,396.4550,449.2900,809.6810,357.0230,3510.4820,0.0260,1,3.0.16,"compiler: gcc -fPIC -pthread -m64 -Wa,--noexecstack -Wall -O3 -O2 -DOPENSSL_USE_NODELETE -DL_ENDIAN -DOPENSSL_PIC -DOPENSSL_BUILDING_OPENSSL -DNDEBUG",3.0.16
x86_64-cloud-vm,error_strings,11,5000,0.8078,0.8250,0.9640,1.9020,0.4600,49.6200,0.0260,1,3.0.16,"compiler: gcc -fPIC -pthread -m64 -Wa,--noexecstack -Wall -O3 -O2 -DOPENSSL_USE_NODELETE -DL_ENDIAN -DOPENSSL_PIC -DOPENSSL_BUILDING_OPENSSL -DNDEBUG",3.0.16
x86_64-cloud-vm,spki_ok,11,5000,127.5733,119.0890,145.9670,222.1180,113.8010,1176.2010,0.0260,1,3.0.16,"compiler: gcc -fPIC -pthread -m64 -Wa,--noexecstack -Wall -O3 -O2 -DOPENSSL_USE_NODELETE -DL_ENDIAN -DOPENSSL_PIC -DOPENSSL_BUILDING_OPENSSL -DNDEBUG",3.0.16
x86_64-cloud-vm,timer_overhead,11,5000,0.0262,0.0260,0.0270,0.0280,0.0250,0.0530,0.0260,1,3.0.16,"compiler: gcc -fPIC -pthread -m64 -Wa,--noexecstack -Wall -O3 -O2 -DOPENSSL_USE_NODELETE -DL_ENDIAN -DOPENSSL_PIC -DOPENSSL_BUILDING_OPENSSL -DNDEBUG",3.0.16
x86_64-cloud-vm,full,11,5000,457.9508,433.5940,509.2240,845.7480,395.4280,4281.7210,0.0260,1,3.0.19,"compiler: gcc -fPIC -pthread -m64 -Wa,--noexecstack -Wall -O3 -O2 -DOPENSSL_USE_NODELETE -DL_ENDIAN -DOPENSSL_PIC -DOPENSSL_BUILDING_OPENSSL -DNDEBUG",3.0.19
x86_64-cloud-vm,public_tries,11,5000,2.8682,2.2390,4.5790,5.8270,2.1670,60.4620,0.0260,1,3.0.19,"compiler: gcc -fPIC -pthread -m64 -Wa,--noexecstack -Wall -O3 -O2 -DOPENSSL_USE_NODELETE -DL_ENDIAN -DOPENSSL_PIC -DOPENSSL_BUILDING_OPENSSL -DNDEBUG",3.0.19
x86_64-cloud-vm,private_parse,11,5000,448.1654,430.7730,500.8530,808.1060,389.8340,2795.3050,0.0260,1,3.0.19,"compiler: gcc -fPIC -pthread -m64 -Wa,--noexecstack -Wall -O3 -O2 -DOPENSSL_USE_NODELETE -DL_ENDIAN -DOPENSSL_PIC -DOPENSSL_BUILDING_OPENSSL -DNDEBUG",3.0.19
x86_64-cloud-vm,error_strings,11,5000,0.8846,0.8780,1.1540,2.2730,0.4620,39.7840,0.0280,1,3.0.19,"compiler: gcc -fPIC -pthread -m64 -Wa,--noexecstack -Wall -O3 -O2 -DOPENSSL_USE_NODELETE -DL_ENDIAN -DOPENSSL_PIC -DOPENSSL_BUILDING_OPENSSL -DNDEBUG",3.0.19
x86_64-cloud-vm,spki_ok,11,5000,163.2008,135.8690,251.3040,327.6740,126.3170,6201.1850,0.0260,1,3.0.19,"compiler: gcc -fPIC -pthread -m64 -Wa,--noexecstack -Wall -O3 -O2 -DOPENSSL_USE_NODELETE -DL_ENDIAN -DOPENSSL_PIC -DOPENSSL_BUILDING_OPENSSL -DNDEBUG",3.0.19
x86_64-cloud-vm,timer_overhead,11,5000,0.0262,0.0260,0.0270,0.0280,0.0250,0.0590,0.0260,1,3.0.19,"compiler: gcc -fPIC -pthread -m64 -Wa,--noexecstack -Wall -O3 -O2 -DOPENSSL_USE_NODELETE -DL_ENDIAN -DOPENSSL_PIC -DOPENSSL_BUILDING_OPENSSL -DNDEBUG",3.0.19
x86_64-cloud-vm,full,11,5000,62.7368,57.7290,79.1850,115.4660,55.9490,776.7440,0.0260,1,3.1.8,"compiler: gcc -fPIC -pthread -m64 -Wa,--noexecstack -Wall -O3 -O2 -DOPENSSL_USE_NODELETE -DL_ENDIAN -DOPENSSL_PIC -DOPENSSL_BUILDING_OPENSSL -DNDEBUG",3.1.8
x86_64-cloud-vm,public_tries,11,5000,2.3282,2.1900,2.2270,4.3750,2.1300,104.8150,0.0260,1,3.1.8,"compiler: gcc -fPIC -pthread -m64 -Wa,--noexecstack -Wall -O3 -O2 -DOPENSSL_USE_NODELETE -DL_ENDIAN -DOPENSSL_PIC -DOPENSSL_BUILDING_OPENSSL -DNDEBUG",3.1.8
x86_64-cloud-vm,private_parse,11,5000,62.5932,54.6410,86.7180,144.0700,52.7410,1074.4120,0.0260,1,3.1.8,"compiler: gcc -fPIC -pthread -m64 -Wa,--noexecstack -Wall -O3 -O2 -DOPENSSL_USE_NODELETE -DL_ENDIAN -DOPENSSL_PIC -DOPENSSL_BUILDING_OPENSSL -DNDEBUG",3.1.8
x86_64-cloud-vm,error_strings,11,5000,0.6184,0.5010,0.9240,1.4100,0.4600,29.7350,0.0270,1,3.1.8,"compiler: gcc -fPIC -pthread -m64 -Wa,--noexecstack -Wall -O3 -O2 -DOPENSSL_USE_NODELETE -DL_ENDIAN -DOPENSSL_PIC -DOPENSSL_BUILDING_OPENSSL -DNDEBUG",3.1.8
x86_64-cloud-vm,spki_ok,11,5000,38.6764,36.0200,41.5480,78.7700,34.7600,165.2000,0.0260,1,3.1.8,"compiler: gcc -fPIC -pthread -m64 -Wa,--noexecstack -Wall -O3 -O2 -DOPENSSL_USE_NODELETE -DL_ENDIAN -DOPENSSL_PIC -DOPENSSL_BUILDING_OPENSSL -DNDEBUG",3.1.8
x86_64-cloud-vm,timer_overhead,11,5000,0.0262,0.0260,0.0270,0.0280,0.0250,0.0680,0.0260,1,3.1.8,"compiler: gcc -fPIC -pthread -m64 -Wa,--noexecstack -Wall -O3 -O2 -DOPENSSL_USE_NODELETE -DL_ENDIAN -DOPENSSL_PIC -DOPENSSL_BUILDING_OPENSSL -DNDEBUG",3.1.8
x86_64-cloud-vm,full,11,5000,7.6318,6.9830,7.1820,25.3720,6.8070,115.0460,0.0260,1,3.2.6,"compiler: gcc -fPIC -pthread -m64 -Wa,--noexecstack -Wall -O3 -O2 -DOPENSSL_USE_NODELETE -DL_ENDIAN -DOPENSSL_PIC -DOPENSSL_BUILDING_OPENSSL -DNDEBUG",3.2.6
x86_64-cloud-vm,public_tries,11,5000,2.3183,2.0570,2.2950,5.5600,2.0060,86.9760,0.0260,1,3.2.6,"compiler: gcc -fPIC -pthread -m64 -Wa,--noexecstack -Wall -O3 -O2 -DOPENSSL_USE_NODELETE -DL_ENDIAN -DOPENSSL_PIC -DOPENSSL_BUILDING_OPENSSL -DNDEBUG",3.2.6
x86_64-cloud-vm,private_parse,11,5000,4.7168,4.4920,4.5900,8.9190,4.3340,59.5760,0.0260,1,3.2.6,"compiler: gcc -fPIC -pthread -m64 -Wa,--noexecstack -Wall -O3 -O2 -DOPENSSL_USE_NODELETE -DL_ENDIAN -DOPENSSL_PIC -DOPENSSL_BUILDING_OPENSSL -DNDEBUG",3.2.6
x86_64-cloud-vm,error_strings,11,5000,0.5022,0.4580,0.4820,0.9750,0.4430,68.9110,0.0260,1,3.2.6,"compiler: gcc -fPIC -pthread -m64 -Wa,--noexecstack -Wall -O3 -O2 -DOPENSSL_USE_NODELETE -DL_ENDIAN -DOPENSSL_PIC -DOPENSSL_BUILDING_OPENSSL -DNDEBUG",3.2.6
x86_64-cloud-vm,spki_ok,11,5000,17.6955,17.5350,22.4480,53.9810,11.3670,1199.8080,0.0260,1,3.2.6,"compiler: gcc -fPIC -pthread -m64 -Wa,--noexecstack -Wall -O3 -O2 -DOPENSSL_USE_NODELETE -DL_ENDIAN -DOPENSSL_PIC -DOPENSSL_BUILDING_OPENSSL -DNDEBUG",3.2.6
x86_64-cloud-vm,timer_overhead,11,5000,0.0328,0.0260,0.0270,0.0270,0.0250,32.9810,0.0260,1,3.2.6,"compiler: gcc -fPIC -pthread -m64 -Wa,--noexecstack -Wall -O3 -O2 -DOPENSSL_USE_NODELETE -DL_ENDIAN -DOPENSSL_PIC -DOPENSSL_BUILDING_OPENSSL -DNDEBUG",3.2.6
x86_64-cloud-vm,full,11,5000,8.8788,6.9460,13.2800,29.8120,6.7590,101.7600,0.0260,1,3.3.5,"compiler: gcc -fPIC -pthread -m64 -Wa,--noexecstack -Wall -O3 -O2 -DOPENSSL_USE_NODELETE -DL_ENDIAN -DOPENSSL_PIC -DOPENSSL_BUILDING_OPENSSL -DNDEBUG",3.3.5
x86_64-cloud-vm,public_tries,11,5000,2.2894,2.0750,2.1040,4.4500,2.0300,140.8690,0.0260,1,3.3.5,"compiler: gcc -fPIC -pthread -m64 -Wa,--noexecstack -Wall -O3 -O2 -DOPENSSL_USE_NODELETE -DL_ENDIAN -DOPENSSL_PIC -DOPENSSL_BUILDING_OPENSSL -DNDEBUG",3.3.5
x86_64-cloud-vm,private_parse,11,5000,4.6920,4.4650,4.6230,8.4970,4.3180,51.9960,0.0260,1,3.3.5,"compiler: gcc -fPIC -pthread -m64 -Wa,--noexecstack -Wall -O3 -O2 -DOPENSSL_USE_NODELETE -DL_ENDIAN -DOPENSSL_PIC -DOPENSSL_BUILDING_OPENSSL -DNDEBUG",3.3.5
x86_64-cloud-vm,error_strings,11,5000,0.5710,0.4750,0.8170,1.2100,0.4580,54.6090,0.0260,1,3.3.5,"compiler: gcc -fPIC -pthread -m64 -Wa,--noexecstack -Wall -O3 -O2 -DOPENSSL_USE_NODELETE -DL_ENDIAN -DOPENSSL_PIC -DOPENSSL_BUILDING_OPENSSL -DNDEBUG",3.3.5
x86_64-cloud-vm,spki_ok,11,5000,13.4561,12.0580,16.2080,40.1010,11.7660,171.5850,0.0260,1,3.3.5,"compiler: gcc -fPIC -pthread -m64 -Wa,--noexecstack -Wall -O3 -O2 -DOPENSSL_USE_NODELETE -DL_ENDIAN -DOPENSSL_PIC -DOPENSSL_BUILDING_OPENSSL -DNDEBUG",3.3.5
x86_64-cloud-vm,timer_overhead,11,5000,0.0262,0.0260,0.0270,0.0280,0.0250,0.0630,0.0260,1,3.3.5,"compiler: gcc -fPIC -pthread -m64 -Wa,--noexecstack -Wall -O3 -O2 -DOPENSSL_USE_NODELETE -DL_ENDIAN -DOPENSSL_PIC -DOPENSSL_BUILDING_OPENSSL -DNDEBUG",3.3.5
x86_64-cloud-vm,full,11,5000,8.1207,7.3470,7.5000,28.5920,7.0570,805.7330,0.0260,1,3.4.3,"compiler: gcc -fPIC -pthread -m64 -Wa,--noexecstack -Wall -O3 -O2 -DOPENSSL_USE_NODELETE -DL_ENDIAN -DOPENSSL_PIC -DOPENSSL_BUILDING_OPENSSL -DNDEBUG",3.4.3
x86_64-cloud-vm,public_tries,11,5000,2.2369,2.0880,2.1300,4.0140,2.0290,103.5130,0.0260,1,3.4.3,"compiler: gcc -fPIC -pthread -m64 -Wa,--noexecstack -Wall -O3 -O2 -DOPENSSL_USE_NODELETE -DL_ENDIAN -DOPENSSL_PIC -DOPENSSL_BUILDING_OPENSSL -DNDEBUG",3.4.3
x86_64-cloud-vm,private_parse,11,5000,6.1883,4.5380,8.4320,18.9720,4.2730,275.3050,0.0260,1,3.4.3,"compiler: gcc -fPIC -pthread -m64 -Wa,--noexecstack -Wall -O3 -O2 -DOPENSSL_USE_NODELETE -DL_ENDIAN -DOPENSSL_PIC -DOPENSSL_BUILDING_OPENSSL -DNDEBUG",3.4.3
x86_64-cloud-vm,error_strings,11,5000,0.5219,0.4920,0.5170,0.8890,0.4570,31.5430,0.0260,1,3.4.3,"compiler: gcc -fPIC -pthread -m64 -Wa,--noexecstack -Wall -O3 -O2 -DOPENSSL_USE_NODELETE -DL_ENDIAN -DOPENSSL_PIC -DOPENSSL_BUILDING_OPENSSL -DNDEBUG",3.4.3
x86_64-cloud-vm,spki_ok,11,5000,17.9244,18.6780,22.9260,60.6790,10.8920,249.9420,0.0260,1,3.4.3,"compiler: gcc -fPIC -pthread -m64 -Wa,--noexecstack -Wall -O3 -O2 -DOPENSSL_USE_NODELETE -DL_ENDIAN -DOPENSSL_PIC -DOPENSSL_BUILDING_OPENSSL -DNDEBUG",3.4.3
x86_64-cloud-vm,timer_overhead,11,5000,0.0262,0.0260,0.0270,0.0280,0.0250,0.0370,0.0260,1,3.4.3,"compiler: gcc -fPIC -pthread -m64 -Wa,--noexecstack -Wall -O3 -O2 -DOPENSSL_USE_NODELETE -DL_ENDIAN -DOPENSSL_PIC -DOPENSSL_BUILDING_OPENSSL -DNDEBUG",3.4.3
x86_64-cloud-vm,full,11,5000,8.9219,8.4420,8.6540,29.9370,8.1710,97.1340,0.0260,1,3.5.8,"compiler: gcc -fPIC -pthread -m64 -Wa,--noexecstack -Wall -O3 -O2 -DOPENSSL_USE_NODELETE -DL_ENDIAN -DOPENSSL_PIC -DOPENSSL_BUILDING_OPENSSL -DNDEBUG",3.5.8
x86_64-cloud-vm,public_tries,11,5000,2.7101,2.0510,3.9230,22.8980,2.0010,177.3980,0.0260,1,3.5.8,"compiler: gcc -fPIC -pthread -m64 -Wa,--noexecstack -Wall -O3 -O2 -DOPENSSL_USE_NODELETE -DL_ENDIAN -DOPENSSL_PIC -DOPENSSL_BUILDING_OPENSSL -DNDEBUG",3.5.8
x86_64-cloud-vm,private_parse,11,5000,6.4398,5.7420,7.3900,24.7160,5.5710,82.5290,0.0260,1,3.5.8,"compiler: gcc -fPIC -pthread -m64 -Wa,--noexecstack -Wall -O3 -O2 -DOPENSSL_USE_NODELETE -DL_ENDIAN -DOPENSSL_PIC -DOPENSSL_BUILDING_OPENSSL -DNDEBUG",3.5.8
x86_64-cloud-vm,error_strings,11,5000,0.7969,0.7770,0.9890,1.5920,0.4590,58.8590,0.0290,1,3.5.8,"compiler: gcc -fPIC -pthread -m64 -Wa,--noexecstack -Wall -O3 -O2 -DOPENSSL_USE_NODELETE -DL_ENDIAN -DOPENSSL_PIC -DOPENSSL_BUILDING_OPENSSL -DNDEBUG",3.5.8
x86_64-cloud-vm,spki_ok,11,5000,15.7177,11.3400,24.2710,53.3290,10.9600,371.0530,0.0260,1,3.5.8,"compiler: gcc -fPIC -pthread -m64 -Wa,--noexecstack -Wall -O3 -O2 -DOPENSSL_USE_NODELETE -DL_ENDIAN -DOPENSSL_PIC -DOPENSSL_BUILDING_OPENSSL -DNDEBUG",3.5.8
x86_64-cloud-vm,timer_overhead,11,5000,0.0303,0.0260,0.0270,0.0290,0.0250,20.0790,0.0260,1,3.5.8,"compiler: gcc -fPIC -pthread -m64 -Wa,--noexecstack -Wall -O3 -O2 -DOPENSSL_USE_NODELETE -DL_ENDIAN -DOPENSSL_PIC -DOPENSSL_BUILDING_OPENSSL -DNDEBUG",3.5.8
x86_64-cloud-vm,full,11,5000,11.2436,8.8070,12.9660,38.8110,8.3230,582.6290,0.0260,1,3.6.1,"compiler: gcc -fPIC -pthread -m64 -Wa,--noexecstack -Wall -O3 -O2 -DOPENSSL_USE_NODELETE -DL_ENDIAN -DOPENSSL_PIC -DOPENSSL_BUILDING_OPENSSL -DNDEBUG",3.6.1
x86_64-cloud-vm,public_tries,11,5000,2.4295,2.2330,2.4680,4.9040,2.1670,44.2500,0.0260,1,3.6.1,"compiler: gcc -fPIC -pthread -m64 -Wa,--noexecstack -Wall -O3 -O2 -DOPENSSL_USE_NODELETE -DL_ENDIAN -DOPENSSL_PIC -DOPENSSL_BUILDING_OPENSSL -DNDEBUG",3.6.1
x86_64-cloud-vm,private_parse,11,5000,6.4235,5.9810,6.1290,15.4970,5.6200,287.0290,0.0260,1,3.6.1,"compiler: gcc -fPIC -pthread -m64 -Wa,--noexecstack -Wall -O3 -O2 -DOPENSSL_USE_NODELETE -DL_ENDIAN -DOPENSSL_PIC -DOPENSSL_BUILDING_OPENSSL -DNDEBUG",3.6.1
x86_64-cloud-vm,error_strings,11,5000,0.5203,0.4740,0.5100,1.0750,0.4440,29.2600,0.0260,1,3.6.1,"compiler: gcc -fPIC -pthread -m64 -Wa,--noexecstack -Wall -O3 -O2 -DOPENSSL_USE_NODELETE -DL_ENDIAN -DOPENSSL_PIC -DOPENSSL_BUILDING_OPENSSL -DNDEBUG",3.6.1
x86_64-cloud-vm,spki_ok,11,5000,13.5291,11.1610,20.0000,46.9560,10.7600,545.8340,0.0260,1,3.6.1,"compiler: gcc -fPIC -pthread -m64 -Wa,--noexecstack -Wall -O3 -O2 -DOPENSSL_USE_NODELETE -DL_ENDIAN -DOPENSSL_PIC -DOPENSSL_BUILDING_OPENSSL -DNDEBUG",3.6.1
x86_64-cloud-vm,timer_overhead,11,5000,0.0262,0.0260,0.0270,0.0280,0.0250,0.0620,0.0260,1,3.6.1,"compiler: gcc -fPIC -pthread -m64 -Wa,--noexecstack -Wall -O3 -O2 -DOPENSSL_USE_NODELETE -DL_ENDIAN -DOPENSSL_PIC -DOPENSSL_BUILDING_OPENSSL -DNDEBUG",3.6.1
x86_64-cloud-vm,full,12,5000,415.8756,389.1890,465.4440,781.3620,358.9900,6314.9640,0.0260,1,3.0.16,"compiler: gcc -fPIC -pthread -m64 -Wa,--noexecstack -Wall -O3 -O2 -DOPENSSL_USE_NODELETE -DL_ENDIAN -DOPENSSL_PIC -DOPENSSL_BUILDING_OPENSSL -DNDEBUG",3.0.16
x86_64-cloud-vm,public_tries,12,5000,2.4108,2.2900,2.3270,2.6810,2.2290,79.1800,0.0260,1,3.0.16,"compiler: gcc -fPIC -pthread -m64 -Wa,--noexecstack -Wall -O3 -O2 -DOPENSSL_USE_NODELETE -DL_ENDIAN -DOPENSSL_PIC -DOPENSSL_BUILDING_OPENSSL -DNDEBUG",3.0.16
x86_64-cloud-vm,private_parse,12,5000,421.1567,390.3320,502.5760,769.6380,356.0700,4462.4610,0.0260,1,3.0.16,"compiler: gcc -fPIC -pthread -m64 -Wa,--noexecstack -Wall -O3 -O2 -DOPENSSL_USE_NODELETE -DL_ENDIAN -DOPENSSL_PIC -DOPENSSL_BUILDING_OPENSSL -DNDEBUG",3.0.16
x86_64-cloud-vm,error_strings,12,5000,0.7803,0.7800,1.0500,2.3070,0.4580,6.2510,0.0260,1,3.0.16,"compiler: gcc -fPIC -pthread -m64 -Wa,--noexecstack -Wall -O3 -O2 -DOPENSSL_USE_NODELETE -DL_ENDIAN -DOPENSSL_PIC -DOPENSSL_BUILDING_OPENSSL -DNDEBUG",3.0.16
x86_64-cloud-vm,spki_ok,12,5000,121.0658,112.4680,143.1960,216.6320,108.0150,496.3230,0.0260,1,3.0.16,"compiler: gcc -fPIC -pthread -m64 -Wa,--noexecstack -Wall -O3 -O2 -DOPENSSL_USE_NODELETE -DL_ENDIAN -DOPENSSL_PIC -DOPENSSL_BUILDING_OPENSSL -DNDEBUG",3.0.16
x86_64-cloud-vm,timer_overhead,12,5000,0.0262,0.0260,0.0270,0.0280,0.0250,0.0760,0.0260,1,3.0.16,"compiler: gcc -fPIC -pthread -m64 -Wa,--noexecstack -Wall -O3 -O2 -DOPENSSL_USE_NODELETE -DL_ENDIAN -DOPENSSL_PIC -DOPENSSL_BUILDING_OPENSSL -DNDEBUG",3.0.16
x86_64-cloud-vm,full,12,5000,434.7845,419.3390,465.9730,628.3940,392.9880,2841.1140,0.0260,1,3.0.19,"compiler: gcc -fPIC -pthread -m64 -Wa,--noexecstack -Wall -O3 -O2 -DOPENSSL_USE_NODELETE -DL_ENDIAN -DOPENSSL_PIC -DOPENSSL_BUILDING_OPENSSL -DNDEBUG",3.0.19
x86_64-cloud-vm,public_tries,12,5000,2.4642,2.2310,2.3240,4.8960,2.1580,121.4060,0.0260,1,3.0.19,"compiler: gcc -fPIC -pthread -m64 -Wa,--noexecstack -Wall -O3 -O2 -DOPENSSL_USE_NODELETE -DL_ENDIAN -DOPENSSL_PIC -DOPENSSL_BUILDING_OPENSSL -DNDEBUG",3.0.19
x86_64-cloud-vm,private_parse,12,5000,450.2631,422.2330,502.9480,901.1400,389.4510,3793.3980,0.0260,1,3.0.19,"compiler: gcc -fPIC -pthread -m64 -Wa,--noexecstack -Wall -O3 -O2 -DOPENSSL_USE_NODELETE -DL_ENDIAN -DOPENSSL_PIC -DOPENSSL_BUILDING_OPENSSL -DNDEBUG",3.0.19
x86_64-cloud-vm,error_strings,12,5000,0.8440,0.8530,1.1770,2.4800,0.4680,32.2890,0.0260,1,3.0.19,"compiler: gcc -fPIC -pthread -m64 -Wa,--noexecstack -Wall -O3 -O2 -DOPENSSL_USE_NODELETE -DL_ENDIAN -DOPENSSL_PIC -DOPENSSL_BUILDING_OPENSSL -DNDEBUG",3.0.19
x86_64-cloud-vm,spki_ok,12,5000,152.2128,133.0810,198.0210,316.3430,126.4090,3547.2650,0.0260,1,3.0.19,"compiler: gcc -fPIC -pthread -m64 -Wa,--noexecstack -Wall -O3 -O2 -DOPENSSL_USE_NODELETE -DL_ENDIAN -DOPENSSL_PIC -DOPENSSL_BUILDING_OPENSSL -DNDEBUG",3.0.19
x86_64-cloud-vm,timer_overhead,12,5000,0.0262,0.0260,0.0270,0.0280,0.0230,0.0490,0.0260,1,3.0.19,"compiler: gcc -fPIC -pthread -m64 -Wa,--noexecstack -Wall -O3 -O2 -DOPENSSL_USE_NODELETE -DL_ENDIAN -DOPENSSL_PIC -DOPENSSL_BUILDING_OPENSSL -DNDEBUG",3.0.19
x86_64-cloud-vm,full,12,5000,62.8088,57.4300,78.3380,124.0320,55.6820,1191.1780,0.0260,1,3.1.8,"compiler: gcc -fPIC -pthread -m64 -Wa,--noexecstack -Wall -O3 -O2 -DOPENSSL_USE_NODELETE -DL_ENDIAN -DOPENSSL_PIC -DOPENSSL_BUILDING_OPENSSL -DNDEBUG",3.1.8
x86_64-cloud-vm,public_tries,12,5000,4.3517,4.2140,4.7500,8.9980,2.9650,87.2480,0.0310,1,3.1.8,"compiler: gcc -fPIC -pthread -m64 -Wa,--noexecstack -Wall -O3 -O2 -DOPENSSL_USE_NODELETE -DL_ENDIAN -DOPENSSL_PIC -DOPENSSL_BUILDING_OPENSSL -DNDEBUG",3.1.8
x86_64-cloud-vm,private_parse,12,5000,60.9446,55.0870,77.7750,124.1340,53.8000,1422.7600,0.0260,1,3.1.8,"compiler: gcc -fPIC -pthread -m64 -Wa,--noexecstack -Wall -O3 -O2 -DOPENSSL_USE_NODELETE -DL_ENDIAN -DOPENSSL_PIC -DOPENSSL_BUILDING_OPENSSL -DNDEBUG",3.1.8
x86_64-cloud-vm,error_strings,12,5000,0.5474,0.4900,0.5560,0.9830,0.4570,27.8070,0.0260,1,3.1.8,"compiler: gcc -fPIC -pthread -m64 -Wa,--noexecstack -Wall -O3 -O2 -DOPENSSL_USE_NODELETE -DL_ENDIAN -DOPENSSL_PIC -DOPENSSL_BUILDING_OPENSSL -DNDEBUG",3.1.8
x86_64-cloud-vm,spki_ok,12,5000,47.2713,36.4010,66.2770,110.1400,34.9790,1700.2210,0.0260,1,3.1.8,"compiler: gcc -fPIC -pthread -m64 -Wa,--noexecstack -Wall -O3 -O2 -DOPENSSL_USE_NODELETE -DL_ENDIAN -DOPENSSL_PIC -DOPENSSL_BUILDING_OPENSSL -DNDEBUG",3.1.8
x86_64-cloud-vm,timer_overhead,12,5000,0.0367,0.0260,0.0270,0.0280,0.0250,30.2690,0.0260,1,3.1.8,"compiler: gcc -fPIC -pthread -m64 -Wa,--noexecstack -Wall -O3 -O2 -DOPENSSL_USE_NODELETE -DL_ENDIAN -DOPENSSL_PIC -DOPENSSL_BUILDING_OPENSSL -DNDEBUG",3.1.8
x86_64-cloud-vm,full,12,5000,7.7982,6.9830,10.0860,25.1370,6.7900,60.3720,0.0260,1,3.2.6,"compiler: gcc -fPIC -pthread -m64 -Wa,--noexecstack -Wall -O3 -O2 -DOPENSSL_USE_NODELETE -DL_ENDIAN -DOPENSSL_PIC -DOPENSSL_BUILDING_OPENSSL -DNDEBUG",3.2.6
x86_64-cloud-vm,public_tries,12,5000,2.1808,2.0500,2.0870,3.9470,2.0100,94.6840,0.0260,1,3.2.6,"compiler: gcc -fPIC -pthread -m64 -Wa,--noexecstack -Wall -O3 -O2 -DOPENSSL_USE_NODELETE -DL_ENDIAN -DOPENSSL_PIC -DOPENSSL_BUILDING_OPENSSL -DNDEBUG",3.2.6
x86_64-cloud-vm,private_parse,12,5000,4.8480,4.4990,4.6700,9.8790,4.3490,67.0420,0.0260,1,3.2.6,"compiler: gcc -fPIC -pthread -m64 -Wa,--noexecstack -Wall -O3 -O2 -DOPENSSL_USE_NODELETE -DL_ENDIAN -DOPENSSL_PIC -DOPENSSL_BUILDING_OPENSSL -DNDEBUG",3.2.6
x86_64-cloud-vm,error_strings,12,5000,0.4773,0.4590,0.4820,0.8630,0.4380,20.1940,0.0260,1,3.2.6,"compiler: gcc -fPIC -pthread -m64 -Wa,--noexecstack -Wall -O3 -O2 -DOPENSSL_USE_NODELETE -DL_ENDIAN -DOPENSSL_PIC -DOPENSSL_BUILDING_OPENSSL -DNDEBUG",3.2.6
x86_64-cloud-vm,spki_ok,12,5000,12.7735,11.7140,11.9610,37.6110,11.4170,691.6960,0.0260,1,3.2.6,"compiler: gcc -fPIC -pthread -m64 -Wa,--noexecstack -Wall -O3 -O2 -DOPENSSL_USE_NODELETE -DL_ENDIAN -DOPENSSL_PIC -DOPENSSL_BUILDING_OPENSSL -DNDEBUG",3.2.6
x86_64-cloud-vm,timer_overhead,12,5000,0.0262,0.0260,0.0270,0.0280,0.0250,0.0460,0.0260,1,3.2.6,"compiler: gcc -fPIC -pthread -m64 -Wa,--noexecstack -Wall -O3 -O2 -DOPENSSL_USE_NODELETE -DL_ENDIAN -DOPENSSL_PIC -DOPENSSL_BUILDING_OPENSSL -DNDEBUG",3.2.6
x86_64-cloud-vm,full,12,5000,7.4325,6.8640,7.0320,27.9990,6.6800,144.4580,0.0260,1,3.3.5,"compiler: gcc -fPIC -pthread -m64 -Wa,--noexecstack -Wall -O3 -O2 -DOPENSSL_USE_NODELETE -DL_ENDIAN -DOPENSSL_PIC -DOPENSSL_BUILDING_OPENSSL -DNDEBUG",3.3.5
x86_64-cloud-vm,public_tries,12,5000,2.3188,2.0820,2.1110,4.5920,2.0320,225.8440,0.0260,1,3.3.5,"compiler: gcc -fPIC -pthread -m64 -Wa,--noexecstack -Wall -O3 -O2 -DOPENSSL_USE_NODELETE -DL_ENDIAN -DOPENSSL_PIC -DOPENSSL_BUILDING_OPENSSL -DNDEBUG",3.3.5
x86_64-cloud-vm,private_parse,12,5000,6.4674,4.7380,8.1190,14.0280,4.2820,106.4010,0.0260,1,3.3.5,"compiler: gcc -fPIC -pthread -m64 -Wa,--noexecstack -Wall -O3 -O2 -DOPENSSL_USE_NODELETE -DL_ENDIAN -DOPENSSL_PIC -DOPENSSL_BUILDING_OPENSSL -DNDEBUG",3.3.5
x86_64-cloud-vm,error_strings,12,5000,0.4971,0.4820,0.4980,0.7920,0.4600,20.7780,0.0260,1,3.3.5,"compiler: gcc -fPIC -pthread -m64 -Wa,--noexecstack -Wall -O3 -O2 -DOPENSSL_USE_NODELETE -DL_ENDIAN -DOPENSSL_PIC -DOPENSSL_BUILDING_OPENSSL -DNDEBUG",3.3.5
x86_64-cloud-vm,spki_ok,12,5000,13.1757,12.0240,12.4270,38.6820,11.6730,256.9400,0.0260,1,3.3.5,"compiler: gcc -fPIC -pthread -m64 -Wa,--noexecstack -Wall -O3 -O2 -DOPENSSL_USE_NODELETE -DL_ENDIAN -DOPENSSL_PIC -DOPENSSL_BUILDING_OPENSSL -DNDEBUG",3.3.5
x86_64-cloud-vm,timer_overhead,12,5000,0.0262,0.0260,0.0270,0.0280,0.0250,0.0400,0.0260,1,3.3.5,"compiler: gcc -fPIC -pthread -m64 -Wa,--noexecstack -Wall -O3 -O2 -DOPENSSL_USE_NODELETE -DL_ENDIAN -DOPENSSL_PIC -DOPENSSL_BUILDING_OPENSSL -DNDEBUG",3.3.5
x86_64-cloud-vm,full,12,5000,7.7168,7.2580,7.3670,27.3170,6.9710,237.5240,0.0260,1,3.4.3,"compiler: gcc -fPIC -pthread -m64 -Wa,--noexecstack -Wall -O3 -O2 -DOPENSSL_USE_NODELETE -DL_ENDIAN -DOPENSSL_PIC -DOPENSSL_BUILDING_OPENSSL -DNDEBUG",3.4.3
x86_64-cloud-vm,public_tries,12,5000,2.6179,2.0980,4.2370,5.3120,2.0380,63.3090,0.0260,1,3.4.3,"compiler: gcc -fPIC -pthread -m64 -Wa,--noexecstack -Wall -O3 -O2 -DOPENSSL_USE_NODELETE -DL_ENDIAN -DOPENSSL_PIC -DOPENSSL_BUILDING_OPENSSL -DNDEBUG",3.4.3
x86_64-cloud-vm,private_parse,12,5000,5.2958,4.5450,7.5980,12.0570,4.3220,98.2400,0.0260,1,3.4.3,"compiler: gcc -fPIC -pthread -m64 -Wa,--noexecstack -Wall -O3 -O2 -DOPENSSL_USE_NODELETE -DL_ENDIAN -DOPENSSL_PIC -DOPENSSL_BUILDING_OPENSSL -DNDEBUG",3.4.3
x86_64-cloud-vm,error_strings,12,5000,0.5543,0.4950,0.5420,1.1020,0.4550,47.7590,0.0260,1,3.4.3,"compiler: gcc -fPIC -pthread -m64 -Wa,--noexecstack -Wall -O3 -O2 -DOPENSSL_USE_NODELETE -DL_ENDIAN -DOPENSSL_PIC -DOPENSSL_BUILDING_OPENSSL -DNDEBUG",3.4.3
x86_64-cloud-vm,spki_ok,12,5000,13.6111,11.1740,20.3480,44.8050,10.9020,573.2900,0.0260,1,3.4.3,"compiler: gcc -fPIC -pthread -m64 -Wa,--noexecstack -Wall -O3 -O2 -DOPENSSL_USE_NODELETE -DL_ENDIAN -DOPENSSL_PIC -DOPENSSL_BUILDING_OPENSSL -DNDEBUG",3.4.3
x86_64-cloud-vm,timer_overhead,12,5000,0.0262,0.0260,0.0270,0.0280,0.0250,0.0410,0.0260,1,3.4.3,"compiler: gcc -fPIC -pthread -m64 -Wa,--noexecstack -Wall -O3 -O2 -DOPENSSL_USE_NODELETE -DL_ENDIAN -DOPENSSL_PIC -DOPENSSL_BUILDING_OPENSSL -DNDEBUG",3.4.3
x86_64-cloud-vm,full,12,5000,9.3264,8.4470,8.8270,29.8320,8.1460,267.9200,0.0290,1,3.5.8,"compiler: gcc -fPIC -pthread -m64 -Wa,--noexecstack -Wall -O3 -O2 -DOPENSSL_USE_NODELETE -DL_ENDIAN -DOPENSSL_PIC -DOPENSSL_BUILDING_OPENSSL -DNDEBUG",3.5.8
x86_64-cloud-vm,public_tries,12,5000,2.2047,2.0470,2.0810,3.4830,1.9980,139.6360,0.0260,1,3.5.8,"compiler: gcc -fPIC -pthread -m64 -Wa,--noexecstack -Wall -O3 -O2 -DOPENSSL_USE_NODELETE -DL_ENDIAN -DOPENSSL_PIC -DOPENSSL_BUILDING_OPENSSL -DNDEBUG",3.5.8
x86_64-cloud-vm,private_parse,12,5000,6.3067,5.7460,5.9300,15.9850,5.5630,154.4300,0.0260,1,3.5.8,"compiler: gcc -fPIC -pthread -m64 -Wa,--noexecstack -Wall -O3 -O2 -DOPENSSL_USE_NODELETE -DL_ENDIAN -DOPENSSL_PIC -DOPENSSL_BUILDING_OPENSSL -DNDEBUG",3.5.8
x86_64-cloud-vm,error_strings,12,5000,0.5373,0.4780,0.5080,0.9970,0.4580,132.9800,0.0260,1,3.5.8,"compiler: gcc -fPIC -pthread -m64 -Wa,--noexecstack -Wall -O3 -O2 -DOPENSSL_USE_NODELETE -DL_ENDIAN -DOPENSSL_PIC -DOPENSSL_BUILDING_OPENSSL -DNDEBUG",3.5.8
x86_64-cloud-vm,spki_ok,12,5000,12.4813,11.2770,12.2610,38.6860,10.9620,174.4150,0.0260,1,3.5.8,"compiler: gcc -fPIC -pthread -m64 -Wa,--noexecstack -Wall -O3 -O2 -DOPENSSL_USE_NODELETE -DL_ENDIAN -DOPENSSL_PIC -DOPENSSL_BUILDING_OPENSSL -DNDEBUG",3.5.8
x86_64-cloud-vm,timer_overhead,12,5000,0.0274,0.0260,0.0290,0.0330,0.0250,2.6540,0.0270,1,3.5.8,"compiler: gcc -fPIC -pthread -m64 -Wa,--noexecstack -Wall -O3 -O2 -DOPENSSL_USE_NODELETE -DL_ENDIAN -DOPENSSL_PIC -DOPENSSL_BUILDING_OPENSSL -DNDEBUG",3.5.8
x86_64-cloud-vm,full,12,5000,9.4930,8.6580,9.5390,31.0920,8.3880,186.1810,0.0260,1,3.6.1,"compiler: gcc -fPIC -pthread -m64 -Wa,--noexecstack -Wall -O3 -O2 -DOPENSSL_USE_NODELETE -DL_ENDIAN -DOPENSSL_PIC -DOPENSSL_BUILDING_OPENSSL -DNDEBUG",3.6.1
x86_64-cloud-vm,public_tries,12,5000,2.6219,2.2350,3.8740,5.5980,2.1700,58.3010,0.0290,1,3.6.1,"compiler: gcc -fPIC -pthread -m64 -Wa,--noexecstack -Wall -O3 -O2 -DOPENSSL_USE_NODELETE -DL_ENDIAN -DOPENSSL_PIC -DOPENSSL_BUILDING_OPENSSL -DNDEBUG",3.6.1
x86_64-cloud-vm,private_parse,12,5000,6.3620,5.9130,6.1380,12.8600,5.7000,151.0350,0.0260,1,3.6.1,"compiler: gcc -fPIC -pthread -m64 -Wa,--noexecstack -Wall -O3 -O2 -DOPENSSL_USE_NODELETE -DL_ENDIAN -DOPENSSL_PIC -DOPENSSL_BUILDING_OPENSSL -DNDEBUG",3.6.1
x86_64-cloud-vm,error_strings,12,5000,0.5355,0.4700,0.4960,1.0800,0.4480,108.1170,0.0260,1,3.6.1,"compiler: gcc -fPIC -pthread -m64 -Wa,--noexecstack -Wall -O3 -O2 -DOPENSSL_USE_NODELETE -DL_ENDIAN -DOPENSSL_PIC -DOPENSSL_BUILDING_OPENSSL -DNDEBUG",3.6.1
x86_64-cloud-vm,spki_ok,12,5000,12.9267,11.1330,16.4330,46.1560,10.7040,371.7410,0.0260,1,3.6.1,"compiler: gcc -fPIC -pthread -m64 -Wa,--noexecstack -Wall -O3 -O2 -DOPENSSL_USE_NODELETE -DL_ENDIAN -DOPENSSL_PIC -DOPENSSL_BUILDING_OPENSSL -DNDEBUG",3.6.1
x86_64-cloud-vm,timer_overhead,12,5000,0.0311,0.0310,0.0330,0.0340,0.0270,0.0690,0.0300,1,3.6.1,"compiler: gcc -fPIC -pthread -m64 -Wa,--noexecstack -Wall -O3 -O2 -DOPENSSL_USE_NODELETE -DL_ENDIAN -DOPENSSL_PIC -DOPENSSL_BUILDING_OPENSSL -DNDEBUG",3.6.1
x86_64-cloud-vm,full,13,5000,430.4308,394.3980,540.9040,814.6730,358.5580,2068.3070,0.0260,1,3.0.16,"compiler: gcc -fPIC -pthread -m64 -Wa,--noexecstack -Wall -O3 -O2 -DOPENSSL_USE_NODELETE -DL_ENDIAN -DOPENSSL_PIC -DOPENSSL_BUILDING_OPENSSL -DNDEBUG",3.0.16
x86_64-cloud-vm,public_tries,13,5000,2.4107,2.2860,2.3330,4.4460,2.2150,36.5840,0.0260,1,3.0.16,"compiler: gcc -fPIC -pthread -m64 -Wa,--noexecstack -Wall -O3 -O2 -DOPENSSL_USE_NODELETE -DL_ENDIAN -DOPENSSL_PIC -DOPENSSL_BUILDING_OPENSSL -DNDEBUG",3.0.16
x86_64-cloud-vm,private_parse,13,5000,410.7547,385.6030,457.5110,784.6990,355.4030,2391.1690,0.0260,1,3.0.16,"compiler: gcc -fPIC -pthread -m64 -Wa,--noexecstack -Wall -O3 -O2 -DOPENSSL_USE_NODELETE -DL_ENDIAN -DOPENSSL_PIC -DOPENSSL_BUILDING_OPENSSL -DNDEBUG",3.0.16
x86_64-cloud-vm,error_strings,13,5000,0.8119,0.8180,1.0500,2.2200,0.4620,34.7190,0.0260,1,3.0.16,"compiler: gcc -fPIC -pthread -m64 -Wa,--noexecstack -Wall -O3 -O2 -DOPENSSL_USE_NODELETE -DL_ENDIAN -DOPENSSL_PIC -DOPENSSL_BUILDING_OPENSSL -DNDEBUG",3.0.16
x86_64-cloud-vm,spki_ok,13,5000,123.5914,112.6860,145.7500,226.3250,108.3020,2305.3460,0.0260,1,3.0.16,"compiler: gcc -fPIC -pthread -m64 -Wa,--noexecstack -Wall -O3 -O2 -DOPENSSL_USE_NODELETE -DL_ENDIAN -DOPENSSL_PIC -DOPENSSL_BUILDING_OPENSSL -DNDEBUG",3.0.16
x86_64-cloud-vm,timer_overhead,13,5000,0.0262,0.0260,0.0270,0.0270,0.0250,0.0640,0.0260,1,3.0.16,"compiler: gcc -fPIC -pthread -m64 -Wa,--noexecstack -Wall -O3 -O2 -DOPENSSL_USE_NODELETE -DL_ENDIAN -DOPENSSL_PIC -DOPENSSL_BUILDING_OPENSSL -DNDEBUG",3.0.16
x86_64-cloud-vm,full,13,5000,445.4521,434.5980,483.6670,687.8020,396.0460,2825.9240,0.0260,1,3.0.19,"compiler: gcc -fPIC -pthread -m64 -Wa,--noexecstack -Wall -O3 -O2 -DOPENSSL_USE_NODELETE -DL_ENDIAN -DOPENSSL_PIC -DOPENSSL_BUILDING_OPENSSL -DNDEBUG",3.0.19
x86_64-cloud-vm,public_tries,13,5000,2.5132,2.2370,2.2930,4.5250,2.1710,588.3210,0.0260,1,3.0.19,"compiler: gcc -fPIC -pthread -m64 -Wa,--noexecstack -Wall -O3 -O2 -DOPENSSL_USE_NODELETE -DL_ENDIAN -DOPENSSL_PIC -DOPENSSL_BUILDING_OPENSSL -DNDEBUG",3.0.19
x86_64-cloud-vm,private_parse,13,5000,453.2299,427.1050,498.7490,870.4930,390.4380,3524.0200,0.0260,1,3.0.19,"compiler: gcc -fPIC -pthread -m64 -Wa,--noexecstack -Wall -O3 -O2 -DOPENSSL_USE_NODELETE -DL_ENDIAN -DOPENSSL_PIC -DOPENSSL_BUILDING_OPENSSL -DNDEBUG",3.0.19
x86_64-cloud-vm,error_strings,13,5000,0.8052,0.8690,0.9800,1.8570,0.4610,27.0550,0.0260,1,3.0.19,"compiler: gcc -fPIC -pthread -m64 -Wa,--noexecstack -Wall -O3 -O2 -DOPENSSL_USE_NODELETE -DL_ENDIAN -DOPENSSL_PIC -DOPENSSL_BUILDING_OPENSSL -DNDEBUG",3.0.19
x86_64-cloud-vm,spki_ok,13,5000,146.3580,133.5340,172.7170,271.2350,126.3980,2329.0680,0.0260,1,3.0.19,"compiler: gcc -fPIC -pthread -m64 -Wa,--noexecstack -Wall -O3 -O2 -DOPENSSL_USE_NODELETE -DL_ENDIAN -DOPENSSL_PIC -DOPENSSL_BUILDING_OPENSSL -DNDEBUG",3.0.19
x86_64-cloud-vm,timer_overhead,13,5000,0.0270,0.0260,0.0270,0.0280,0.0250,3.9810,0.0260,1,3.0.19,"compiler: gcc -fPIC -pthread -m64 -Wa,--noexecstack -Wall -O3 -O2 -DOPENSSL_USE_NODELETE -DL_ENDIAN -DOPENSSL_PIC -DOPENSSL_BUILDING_OPENSSL -DNDEBUG",3.0.19
x86_64-cloud-vm,full,13,5000,66.7790,57.5050,99.0530,150.1890,55.6200,728.2950,0.0260,1,3.1.8,"compiler: gcc -fPIC -pthread -m64 -Wa,--noexecstack -Wall -O3 -O2 -DOPENSSL_USE_NODELETE -DL_ENDIAN -DOPENSSL_PIC -DOPENSSL_BUILDING_OPENSSL -DNDEBUG",3.1.8
x86_64-cloud-vm,public_tries,13,5000,2.2879,2.1940,2.2250,2.5550,2.1360,34.9840,0.0260,1,3.1.8,"compiler: gcc -fPIC -pthread -m64 -Wa,--noexecstack -Wall -O3 -O2 -DOPENSSL_USE_NODELETE -DL_ENDIAN -DOPENSSL_PIC -DOPENSSL_BUILDING_OPENSSL -DNDEBUG",3.1.8
x86_64-cloud-vm,private_parse,13,5000,59.7979,54.7000,76.5600,110.2190,52.7080,2017.0260,0.0260,1,3.1.8,"compiler: gcc -fPIC -pthread -m64 -Wa,--noexecstack -Wall -O3 -O2 -DOPENSSL_USE_NODELETE -DL_ENDIAN -DOPENSSL_PIC -DOPENSSL_BUILDING_OPENSSL -DNDEBUG",3.1.8
x86_64-cloud-vm,error_strings,13,5000,0.5684,0.4930,0.6810,1.0790,0.4580,38.2250,0.0260,1,3.1.8,"compiler: gcc -fPIC -pthread -m64 -Wa,--noexecstack -Wall -O3 -O2 -DOPENSSL_USE_NODELETE -DL_ENDIAN -DOPENSSL_PIC -DOPENSSL_BUILDING_OPENSSL -DNDEBUG",3.1.8
x86_64-cloud-vm,spki_ok,13,5000,42.4855,36.1080,62.4270,99.1910,35.0760,764.2820,0.0260,1,3.1.8,"compiler: gcc -fPIC -pthread -m64 -Wa,--noexecstack -Wall -O3 -O2 -DOPENSSL_USE_NODELETE -DL_ENDIAN -DOPENSSL_PIC -DOPENSSL_BUILDING_OPENSSL -DNDEBUG",3.1.8
x86_64-cloud-vm,timer_overhead,13,5000,0.0262,0.0260,0.0270,0.0280,0.0250,0.0640,0.0260,1,3.1.8,"compiler: gcc -fPIC -pthread -m64 -Wa,--noexecstack -Wall -O3 -O2 -DOPENSSL_USE_NODELETE -DL_ENDIAN -DOPENSSL_PIC -DOPENSSL_BUILDING_OPENSSL -DNDEBUG",3.1.8
x86_64-cloud-vm,full,13,5000,9.3998,7.0250,12.3880,33.7680,6.7990,2123.6120,0.0300,1,3.2.6,"compiler: gcc -fPIC -pthread -m64 -Wa,--noexecstack -Wall -O3 -O2 -DOPENSSL_USE_NODELETE -DL_ENDIAN -DOPENSSL_PIC -DOPENSSL_BUILDING_OPENSSL -DNDEBUG",3.2.6
x86_64-cloud-vm,public_tries,13,5000,2.4111,2.0570,3.1150,5.3340,2.0120,107.8830,0.0260,1,3.2.6,"compiler: gcc -fPIC -pthread -m64 -Wa,--noexecstack -Wall -O3 -O2 -DOPENSSL_USE_NODELETE -DL_ENDIAN -DOPENSSL_PIC -DOPENSSL_BUILDING_OPENSSL -DNDEBUG",3.2.6
x86_64-cloud-vm,private_parse,13,5000,4.8420,4.4420,4.5640,9.9850,4.2890,102.8210,0.0260,1,3.2.6,"compiler: gcc -fPIC -pthread -m64 -Wa,--noexecstack -Wall -O3 -O2 -DOPENSSL_USE_NODELETE -DL_ENDIAN -DOPENSSL_PIC -DOPENSSL_BUILDING_OPENSSL -DNDEBUG",3.2.6
x86_64-cloud-vm,error_strings,13,5000,0.5245,0.4750,0.4920,1.0000,0.4400,60.6790,0.0260,1,3.2.6,"compiler: gcc -fPIC -pthread -m64 -Wa,--noexecstack -Wall -O3 -O2 -DOPENSSL_USE_NODELETE -DL_ENDIAN -DOPENSSL_PIC -DOPENSSL_BUILDING_OPENSSL -DNDEBUG",3.2.6
x86_64-cloud-vm,spki_ok,13,5000,12.5111,11.8290,12.0250,37.1190,11.4770,72.9150,0.0260,1,3.2.6,"compiler: gcc -fPIC -pthread -m64 -Wa,--noexecstack -Wall -O3 -O2 -DOPENSSL_USE_NODELETE -DL_ENDIAN -DOPENSSL_PIC -DOPENSSL_BUILDING_OPENSSL -DNDEBUG",3.2.6
x86_64-cloud-vm,timer_overhead,13,5000,0.0262,0.0260,0.0270,0.0280,0.0250,0.0810,0.0260,1,3.2.6,"compiler: gcc -fPIC -pthread -m64 -Wa,--noexecstack -Wall -O3 -O2 -DOPENSSL_USE_NODELETE -DL_ENDIAN -DOPENSSL_PIC -DOPENSSL_BUILDING_OPENSSL -DNDEBUG",3.2.6
x86_64-cloud-vm,full,13,5000,7.3557,6.9770,7.1500,15.4250,6.7140,106.4440,0.0260,1,3.3.5,"compiler: gcc -fPIC -pthread -m64 -Wa,--noexecstack -Wall -O3 -O2 -DOPENSSL_USE_NODELETE -DL_ENDIAN -DOPENSSL_PIC -DOPENSSL_BUILDING_OPENSSL -DNDEBUG",3.3.5
x86_64-cloud-vm,public_tries,13,5000,2.1868,2.0740,2.1000,3.8730,2.0250,49.2300,0.0260,1,3.3.5,"compiler: gcc -fPIC -pthread -m64 -Wa,--noexecstack -Wall -O3 -O2 -DOPENSSL_USE_NODELETE -DL_ENDIAN -DOPENSSL_PIC -DOPENSSL_BUILDING_OPENSSL -DNDEBUG",3.3.5
x86_64-cloud-vm,private_parse,13,5000,5.4438,4.5220,4.6020,10.2990,4.3740,1038.5450,0.0260,1,3.3.5,"compiler: gcc -fPIC -pthread -m64 -Wa,--noexecstack -Wall -O3 -O2 -DOPENSSL_USE_NODELETE -DL_ENDIAN -DOPENSSL_PIC -DOPENSSL_BUILDING_OPENSSL -DNDEBUG",3.3.5
x86_64-cloud-vm,error_strings,13,5000,0.5011,0.4740,0.4950,0.7160,0.4580,22.6870,0.0260,1,3.3.5,"compiler: gcc -fPIC -pthread -m64 -Wa,--noexecstack -Wall -O3 -O2 -DOPENSSL_USE_NODELETE -DL_ENDIAN -DOPENSSL_PIC -DOPENSSL_BUILDING_OPENSSL -DNDEBUG",3.3.5
x86_64-cloud-vm,spki_ok,13,5000,15.4617,12.0890,23.1380,52.4990,11.6880,195.3720,0.0260,1,3.3.5,"compiler: gcc -fPIC -pthread -m64 -Wa,--noexecstack -Wall -O3 -O2 -DOPENSSL_USE_NODELETE -DL_ENDIAN -DOPENSSL_PIC -DOPENSSL_BUILDING_OPENSSL -DNDEBUG",3.3.5
x86_64-cloud-vm,timer_overhead,13,5000,0.0289,0.0280,0.0290,0.0290,0.0260,5.3940,0.0270,1,3.3.5,"compiler: gcc -fPIC -pthread -m64 -Wa,--noexecstack -Wall -O3 -O2 -DOPENSSL_USE_NODELETE -DL_ENDIAN -DOPENSSL_PIC -DOPENSSL_BUILDING_OPENSSL -DNDEBUG",3.3.5
x86_64-cloud-vm,full,13,5000,7.6228,7.2450,7.3530,17.8230,6.9330,61.5690,0.0260,1,3.4.3,"compiler: gcc -fPIC -pthread -m64 -Wa,--noexecstack -Wall -O3 -O2 -DOPENSSL_USE_NODELETE -DL_ENDIAN -DOPENSSL_PIC -DOPENSSL_BUILDING_OPENSSL -DNDEBUG",3.4.3
x86_64-cloud-vm,public_tries,13,5000,2.2229,2.0980,2.1380,3.9320,2.0350,126.7030,0.0260,1,3.4.3,"compiler: gcc -fPIC -pthread -m64 -Wa,--noexecstack -Wall -O3 -O2 -DOPENSSL_USE_NODELETE -DL_ENDIAN -DOPENSSL_PIC -DOPENSSL_BUILDING_OPENSSL -DNDEBUG",3.4.3
x86_64-cloud-vm,private_parse,13,5000,4.9566,4.5180,4.7160,10.1220,4.2650,156.3670,0.0260,1,3.4.3,"compiler: gcc -fPIC -pthread -m64 -Wa,--noexecstack -Wall -O3 -O2 -DOPENSSL_USE_NODELETE -DL_ENDIAN -DOPENSSL_PIC -DOPENSSL_BUILDING_OPENSSL -DNDEBUG",3.4.3
x86_64-cloud-vm,error_strings,13,5000,0.6077,0.4970,0.9280,1.1130,0.4610,49.4440,0.0300,1,3.4.3,"compiler: gcc -fPIC -pthread -m64 -Wa,--noexecstack -Wall -O3 -O2 -DOPENSSL_USE_NODELETE -DL_ENDIAN -DOPENSSL_PIC -DOPENSSL_BUILDING_OPENSSL -DNDEBUG",3.4.3
x86_64-cloud-vm,spki_ok,13,5000,14.2765,11.2270,20.8330,47.8270,10.8170,134.1030,0.0260,1,3.4.3,"compiler: gcc -fPIC -pthread -m64 -Wa,--noexecstack -Wall -O3 -O2 -DOPENSSL_USE_NODELETE -DL_ENDIAN -DOPENSSL_PIC -DOPENSSL_BUILDING_OPENSSL -DNDEBUG",3.4.3
x86_64-cloud-vm,timer_overhead,13,5000,0.0271,0.0260,0.0270,0.0280,0.0250,4.4550,0.0260,1,3.4.3,"compiler: gcc -fPIC -pthread -m64 -Wa,--noexecstack -Wall -O3 -O2 -DOPENSSL_USE_NODELETE -DL_ENDIAN -DOPENSSL_PIC -DOPENSSL_BUILDING_OPENSSL -DNDEBUG",3.4.3
x86_64-cloud-vm,full,13,5000,8.8457,8.4830,8.6250,28.9760,8.1850,55.4160,0.0260,1,3.5.8,"compiler: gcc -fPIC -pthread -m64 -Wa,--noexecstack -Wall -O3 -O2 -DOPENSSL_USE_NODELETE -DL_ENDIAN -DOPENSSL_PIC -DOPENSSL_BUILDING_OPENSSL -DNDEBUG",3.5.8
x86_64-cloud-vm,public_tries,13,5000,2.1433,2.0620,2.0930,2.3740,2.0120,46.9900,0.0260,1,3.5.8,"compiler: gcc -fPIC -pthread -m64 -Wa,--noexecstack -Wall -O3 -O2 -DOPENSSL_USE_NODELETE -DL_ENDIAN -DOPENSSL_PIC -DOPENSSL_BUILDING_OPENSSL -DNDEBUG",3.5.8
x86_64-cloud-vm,private_parse,13,5000,6.2495,5.8130,5.9730,12.4940,5.5850,50.5770,0.0260,1,3.5.8,"compiler: gcc -fPIC -pthread -m64 -Wa,--noexecstack -Wall -O3 -O2 -DOPENSSL_USE_NODELETE -DL_ENDIAN -DOPENSSL_PIC -DOPENSSL_BUILDING_OPENSSL -DNDEBUG",3.5.8
x86_64-cloud-vm,error_strings,13,5000,0.5401,0.4810,0.5140,1.0960,0.4530,29.5620,0.0260,1,3.5.8,"compiler: gcc -fPIC -pthread -m64 -Wa,--noexecstack -Wall -O3 -O2 -DOPENSSL_USE_NODELETE -DL_ENDIAN -DOPENSSL_PIC -DOPENSSL_BUILDING_OPENSSL -DNDEBUG",3.5.8
x86_64-cloud-vm,spki_ok,13,5000,12.1334,11.2680,11.5040,36.6770,10.9840,257.6120,0.0260,1,3.5.8,"compiler: gcc -fPIC -pthread -m64 -Wa,--noexecstack -Wall -O3 -O2 -DOPENSSL_USE_NODELETE -DL_ENDIAN -DOPENSSL_PIC -DOPENSSL_BUILDING_OPENSSL -DNDEBUG",3.5.8
x86_64-cloud-vm,timer_overhead,13,5000,0.0272,0.0260,0.0270,0.0280,0.0250,4.9590,0.0260,1,3.5.8,"compiler: gcc -fPIC -pthread -m64 -Wa,--noexecstack -Wall -O3 -O2 -DOPENSSL_USE_NODELETE -DL_ENDIAN -DOPENSSL_PIC -DOPENSSL_BUILDING_OPENSSL -DNDEBUG",3.5.8
x86_64-cloud-vm,full,13,5000,15.9856,15.9600,17.3650,53.8560,8.4390,131.2800,0.0260,1,3.6.1,"compiler: gcc -fPIC -pthread -m64 -Wa,--noexecstack -Wall -O3 -O2 -DOPENSSL_USE_NODELETE -DL_ENDIAN -DOPENSSL_PIC -DOPENSSL_BUILDING_OPENSSL -DNDEBUG",3.6.1
x86_64-cloud-vm,public_tries,13,5000,2.5060,2.2340,2.4500,5.7830,2.1610,67.4010,0.0260,1,3.6.1,"compiler: gcc -fPIC -pthread -m64 -Wa,--noexecstack -Wall -O3 -O2 -DOPENSSL_USE_NODELETE -DL_ENDIAN -DOPENSSL_PIC -DOPENSSL_BUILDING_OPENSSL -DNDEBUG",3.6.1
x86_64-cloud-vm,private_parse,13,5000,6.5906,5.9850,6.2360,15.1000,5.7150,126.3640,0.0260,1,3.6.1,"compiler: gcc -fPIC -pthread -m64 -Wa,--noexecstack -Wall -O3 -O2 -DOPENSSL_USE_NODELETE -DL_ENDIAN -DOPENSSL_PIC -DOPENSSL_BUILDING_OPENSSL -DNDEBUG",3.6.1
x86_64-cloud-vm,error_strings,13,5000,0.5453,0.4700,0.5360,1.1850,0.4480,50.6730,0.0260,1,3.6.1,"compiler: gcc -fPIC -pthread -m64 -Wa,--noexecstack -Wall -O3 -O2 -DOPENSSL_USE_NODELETE -DL_ENDIAN -DOPENSSL_PIC -DOPENSSL_BUILDING_OPENSSL -DNDEBUG",3.6.1
x86_64-cloud-vm,spki_ok,13,5000,13.1852,11.1090,11.4030,47.3300,10.7500,430.5820,0.0260,1,3.6.1,"compiler: gcc -fPIC -pthread -m64 -Wa,--noexecstack -Wall -O3 -O2 -DOPENSSL_USE_NODELETE -DL_ENDIAN -DOPENSSL_PIC -DOPENSSL_BUILDING_OPENSSL -DNDEBUG",3.6.1
x86_64-cloud-vm,timer_overhead,13,5000,0.0267,0.0260,0.0260,0.0270,0.0250,4.2960,0.0250,1,3.6.1,"compiler: gcc -fPIC -pthread -m64 -Wa,--noexecstack -Wall -O3 -O2 -DOPENSSL_USE_NODELETE -DL_ENDIAN -DOPENSSL_PIC -DOPENSSL_BUILDING_OPENSSL -DNDEBUG",3.6.1
x86_64-cloud-vm,full,14,5000,430.9939,397.6770,580.6650,808.4130,358.6140,1677.8250,0.0260,1,3.0.16,"compiler: gcc -fPIC -pthread -m64 -Wa,--noexecstack -Wall -O3 -O2 -DOPENSSL_USE_NODELETE -DL_ENDIAN -DOPENSSL_PIC -DOPENSSL_BUILDING_OPENSSL -DNDEBUG",3.0.16
x86_64-cloud-vm,public_tries,14,5000,2.4328,2.2940,2.3350,4.9480,2.2140,49.5640,0.0260,1,3.0.16,"compiler: gcc -fPIC -pthread -m64 -Wa,--noexecstack -Wall -O3 -O2 -DOPENSSL_USE_NODELETE -DL_ENDIAN -DOPENSSL_PIC -DOPENSSL_BUILDING_OPENSSL -DNDEBUG",3.0.16
x86_64-cloud-vm,private_parse,14,5000,435.3265,392.0150,671.2650,818.3980,355.9650,4087.4460,0.0260,1,3.0.16,"compiler: gcc -fPIC -pthread -m64 -Wa,--noexecstack -Wall -O3 -O2 -DOPENSSL_USE_NODELETE -DL_ENDIAN -DOPENSSL_PIC -DOPENSSL_BUILDING_OPENSSL -DNDEBUG",3.0.16
x86_64-cloud-vm,error_strings,14,5000,0.7651,0.8160,0.9000,1.8700,0.4610,38.4490,0.0260,1,3.0.16,"compiler: gcc -fPIC -pthread -m64 -Wa,--noexecstack -Wall -O3 -O2 -DOPENSSL_USE_NODELETE -DL_ENDIAN -DOPENSSL_PIC -DOPENSSL_BUILDING_OPENSSL -DNDEBUG",3.0.16
x86_64-cloud-vm,spki_ok,14,5000,126.0908,114.1800,149.1370,256.3640,108.3230,1586.5530,0.0260,1,3.0.16,"compiler: gcc -fPIC -pthread -m64 -Wa,--noexecstack -Wall -O3 -O2 -DOPENSSL_USE_NODELETE -DL_ENDIAN -DOPENSSL_PIC -DOPENSSL_BUILDING_OPENSSL -DNDEBUG",3.0.16
x86_64-cloud-vm,timer_overhead,14,5000,0.0262,0.0260,0.0270,0.0280,0.0250,0.0540,0.0260,1,3.0.16,"compiler: gcc -fPIC -pthread -m64 -Wa,--noexecstack -Wall -O3 -O2 -DOPENSSL_USE_NODELETE -DL_ENDIAN -DOPENSSL_PIC -DOPENSSL_BUILDING_OPENSSL -DNDEBUG",3.0.16
x86_64-cloud-vm,full,14,5000,470.9545,432.6950,542.8300,941.7760,393.1110,4513.8840,0.0260,1,3.0.19,"compiler: gcc -fPIC -pthread -m64 -Wa,--noexecstack -Wall -O3 -O2 -DOPENSSL_USE_NODELETE -DL_ENDIAN -DOPENSSL_PIC -DOPENSSL_BUILDING_OPENSSL -DNDEBUG",3.0.19
x86_64-cloud-vm,public_tries,14,5000,2.4659,2.2270,2.3000,4.6930,2.1550,50.7150,0.0260,1,3.0.19,"compiler: gcc -fPIC -pthread -m64 -Wa,--noexecstack -Wall -O3 -O2 -DOPENSSL_USE_NODELETE -DL_ENDIAN -DOPENSSL_PIC -DOPENSSL_BUILDING_OPENSSL -DNDEBUG",3.0.19
x86_64-cloud-vm,private_parse,14,5000,465.2394,428.0910,544.6830,917.8320,389.9960,3543.4860,0.0260,1,3.0.19,"compiler: gcc -fPIC -pthread -m64 -Wa,--noexecstack -Wall -O3 -O2 -DOPENSSL_USE_NODELETE -DL_ENDIAN -DOPENSSL_PIC -DOPENSSL_BUILDING_OPENSSL -DNDEBUG",3.0.19
x86_64-cloud-vm,error_strings,14,5000,0.9988,0.8900,1.6540,2.4650,0.4610,75.0620,0.0260,1,3.0.19,"compiler: gcc -fPIC -pthread -m64 -Wa,--noexecstack -Wall -O3 -O2 -DOPENSSL_USE_NODELETE -DL_ENDIAN -DOPENSSL_PIC -DOPENSSL_BUILDING_OPENSSL -DNDEBUG",3.0.19
x86_64-cloud-vm,spki_ok,14,5000,149.0535,131.8260,173.5120,290.0160,126.2420,5232.8730,0.0260,1,3.0.19,"compiler: gcc -fPIC -pthread -m64 -Wa,--noexecstack -Wall -O3 -O2 -DOPENSSL_USE_NODELETE -DL_ENDIAN -DOPENSSL_PIC -DOPENSSL_BUILDING_OPENSSL -DNDEBUG",3.0.19
x86_64-cloud-vm,timer_overhead,14,5000,0.0311,0.0310,0.0340,0.0410,0.0260,0.3750,0.0290,1,3.0.19,"compiler: gcc -fPIC -pthread -m64 -Wa,--noexecstack -Wall -O3 -O2 -DOPENSSL_USE_NODELETE -DL_ENDIAN -DOPENSSL_PIC -DOPENSSL_BUILDING_OPENSSL -DNDEBUG",3.0.19
x86_64-cloud-vm,full,14,5000,60.0320,57.4300,61.9950,90.6530,55.8210,264.2390,0.0260,1,3.1.8,"compiler: gcc -fPIC -pthread -m64 -Wa,--noexecstack -Wall -O3 -O2 -DOPENSSL_USE_NODELETE -DL_ENDIAN -DOPENSSL_PIC -DOPENSSL_BUILDING_OPENSSL -DNDEBUG",3.1.8
x86_64-cloud-vm,public_tries,14,5000,2.5208,2.1960,3.3080,5.1900,2.1310,113.6840,0.0260,1,3.1.8,"compiler: gcc -fPIC -pthread -m64 -Wa,--noexecstack -Wall -O3 -O2 -DOPENSSL_USE_NODELETE -DL_ENDIAN -DOPENSSL_PIC -DOPENSSL_BUILDING_OPENSSL -DNDEBUG",3.1.8
x86_64-cloud-vm,private_parse,14,5000,62.2760,55.0360,85.5570,133.1400,53.2570,875.6820,0.0260,1,3.1.8,"compiler: gcc -fPIC -pthread -m64 -Wa,--noexecstack -Wall -O3 -O2 -DOPENSSL_USE_NODELETE -DL_ENDIAN -DOPENSSL_PIC -DOPENSSL_BUILDING_OPENSSL -DNDEBUG",3.1.8
x86_64-cloud-vm,error_strings,14,5000,0.6567,0.4980,0.9850,1.5990,0.4590,47.1210,0.0270,1,3.1.8,"compiler: gcc -fPIC -pthread -m64 -Wa,--noexecstack -Wall -O3 -O2 -DOPENSSL_USE_NODELETE -DL_ENDIAN -DOPENSSL_PIC -DOPENSSL_BUILDING_OPENSSL -DNDEBUG",3.1.8
x86_64-cloud-vm,spki_ok,14,5000,48.1331,36.2660,61.6760,137.7220,35.3590,4141.0210,0.0260,1,3.1.8,"compiler: gcc -fPIC -pthread -m64 -Wa,--noexecstack -Wall -O3 -O2 -DOPENSSL_USE_NODELETE -DL_ENDIAN -DOPENSSL_PIC -DOPENSSL_BUILDING_OPENSSL -DNDEBUG",3.1.8
x86_64-cloud-vm,timer_overhead,14,5000,0.0262,0.0260,0.0270,0.0280,0.0250,0.0430,0.0260,1,3.1.8,"compiler: gcc -fPIC -pthread -m64 -Wa,--noexecstack -Wall -O3 -O2 -DOPENSSL_USE_NODELETE -DL_ENDIAN -DOPENSSL_PIC -DOPENSSL_BUILDING_OPENSSL -DNDEBUG",3.1.8
x86_64-cloud-vm,full,14,5000,7.9002,6.9760,7.2220,28.2560,6.7550,1243.1000,0.0260,1,3.2.6,"compiler: gcc -fPIC -pthread -m64 -Wa,--noexecstack -Wall -O3 -O2 -DOPENSSL_USE_NODELETE -DL_ENDIAN -DOPENSSL_PIC -DOPENSSL_BUILDING_OPENSSL -DNDEBUG",3.2.6
x86_64-cloud-vm,public_tries,14,5000,2.2960,2.0840,2.4540,3.9430,2.0170,44.5240,0.0260,1,3.2.6,"compiler: gcc -fPIC -pthread -m64 -Wa,--noexecstack -Wall -O3 -O2 -DOPENSSL_USE_NODELETE -DL_ENDIAN -DOPENSSL_PIC -DOPENSSL_BUILDING_OPENSSL -DNDEBUG",3.2.6
x86_64-cloud-vm,private_parse,14,5000,4.8395,4.4520,4.6000,9.9150,4.2760,119.6120,0.0260,1,3.2.6,"compiler: gcc -fPIC -pthread -m64 -Wa,--noexecstack -Wall -O3 -O2 -DOPENSSL_USE_NODELETE -DL_ENDIAN -DOPENSSL_PIC -DOPENSSL_BUILDING_OPENSSL -DNDEBUG",3.2.6
x86_64-cloud-vm,error_strings,14,5000,0.5330,0.4570,0.4820,0.9980,0.4410,167.5080,0.0260,1,3.2.6,"compiler: gcc -fPIC -pthread -m64 -Wa,--noexecstack -Wall -O3 -O2 -DOPENSSL_USE_NODELETE -DL_ENDIAN -DOPENSSL_PIC -DOPENSSL_BUILDING_OPENSSL -DNDEBUG",3.2.6
x86_64-cloud-vm,spki_ok,14,5000,13.2350,11.7530,15.9380,39.6120,11.4770,699.7930,0.0260,1,3.2.6,"compiler: gcc -fPIC -pthread -m64 -Wa,--noexecstack -Wall -O3 -O2 -DOPENSSL_USE_NODELETE -DL_ENDIAN -DOPENSSL_PIC -DOPENSSL_BUILDING_OPENSSL -DNDEBUG",3.2.6
x86_64-cloud-vm,timer_overhead,14,5000,0.0328,0.0340,0.0360,0.0390,0.0260,0.4760,0.0310,1,3.2.6,"compiler: gcc -fPIC -pthread -m64 -Wa,--noexecstack -Wall -O3 -O2 -DOPENSSL_USE_NODELETE -DL_ENDIAN -DOPENSSL_PIC -DOPENSSL_BUILDING_OPENSSL -DNDEBUG",3.2.6
x86_64-cloud-vm,full,14,5000,7.7795,6.9140,7.2050,27.3310,6.7380,527.4840,0.0260,1,3.3.5,"compiler: gcc -fPIC -pthread -m64 -Wa,--noexecstack -Wall -O3 -O2 -DOPENSSL_USE_NODELETE -DL_ENDIAN -DOPENSSL_PIC -DOPENSSL_BUILDING_OPENSSL -DNDEBUG",3.3.5
x86_64-cloud-vm,public_tries,14,5000,2.2117,2.0710,2.1010,4.0760,2.0200,41.3760,0.0260,1,3.3.5,"compiler: gcc -fPIC -pthread -m64 -Wa,--noexecstack -Wall -O3 -O2 -DOPENSSL_USE_NODELETE -DL_ENDIAN -DOPENSSL_PIC -DOPENSSL_BUILDING_OPENSSL -DNDEBUG",3.3.5
x86_64-cloud-vm,private_parse,14,5000,5.1737,4.4040,6.0590,27.1260,4.2660,225.1920,0.0260,1,3.3.5,"compiler: gcc -fPIC -pthread -m64 -Wa,--noexecstack -Wall -O3 -O2 -DOPENSSL_USE_NODELETE -DL_ENDIAN -DOPENSSL_PIC -DOPENSSL_BUILDING_OPENSSL -DNDEBUG",3.3.5
x86_64-cloud-vm,error_strings,14,5000,0.5149,0.4730,0.4990,0.9870,0.4570,45.3050,0.0260,1,3.3.5,"compiler: gcc -fPIC -pthread -m64 -Wa,--noexecstack -Wall -O3 -O2 -DOPENSSL_USE_NODELETE -DL_ENDIAN -DOPENSSL_PIC -DOPENSSL_BUILDING_OPENSSL -DNDEBUG",3.3.5
x86_64-cloud-vm,spki_ok,14,5000,13.4387,12.0090,16.5400,41.0140,11.6800,80.0700,0.0260,1,3.3.5,"compiler: gcc -fPIC -pthread -m64 -Wa,--noexecstack -Wall -O3 -O2 -DOPENSSL_USE_NODELETE -DL_ENDIAN -DOPENSSL_PIC -DOPENSSL_BUILDING_OPENSSL -DNDEBUG",3.3.5
x86_64-cloud-vm,timer_overhead,14,5000,0.0262,0.0260,0.0270,0.0280,0.0250,0.0560,0.0260,1,3.3.5,"compiler: gcc -fPIC -pthread -m64 -Wa,--noexecstack -Wall -O3 -O2 -DOPENSSL_USE_NODELETE -DL_ENDIAN -DOPENSSL_PIC -DOPENSSL_BUILDING_OPENSSL -DNDEBUG",3.3.5
x86_64-cloud-vm,full,14,5000,7.7130,7.2890,7.4070,18.2310,6.9880,72.9900,0.0260,1,3.4.3,"compiler: gcc -fPIC -pthread -m64 -Wa,--noexecstack -Wall -O3 -O2 -DOPENSSL_USE_NODELETE -DL_ENDIAN -DOPENSSL_PIC -DOPENSSL_BUILDING_OPENSSL -DNDEBUG",3.4.3
x86_64-cloud-vm,public_tries,14,5000,2.2072,2.0920,2.1320,3.9760,2.0360,32.0280,0.0260,1,3.4.3,"compiler: gcc -fPIC -pthread -m64 -Wa,--noexecstack -Wall -O3 -O2 -DOPENSSL_USE_NODELETE -DL_ENDIAN -DOPENSSL_PIC -DOPENSSL_BUILDING_OPENSSL -DNDEBUG",3.4.3
x86_64-cloud-vm,private_parse,14,5000,4.9399,4.5370,4.7200,10.1300,4.2840,90.0380,0.0260,1,3.4.3,"compiler: gcc -fPIC -pthread -m64 -Wa,--noexecstack -Wall -O3 -O2 -DOPENSSL_USE_NODELETE -DL_ENDIAN -DOPENSSL_PIC -DOPENSSL_BUILDING_OPENSSL -DNDEBUG",3.4.3
x86_64-cloud-vm,error_strings,14,5000,0.6020,0.5090,0.8680,1.0780,0.4770,44.2320,0.0260,1,3.4.3,"compiler: gcc -fPIC -pthread -m64 -Wa,--noexecstack -Wall -O3 -O2 -DOPENSSL_USE_NODELETE -DL_ENDIAN -DOPENSSL_PIC -DOPENSSL_BUILDING_OPENSSL -DNDEBUG",3.4.3
x86_64-cloud-vm,spki_ok,14,5000,12.3484,11.1930,11.5210,38.1840,10.9750,297.5450,0.0260,1,3.4.3,"compiler: gcc -fPIC -pthread -m64 -Wa,--noexecstack -Wall -O3 -O2 -DOPENSSL_USE_NODELETE -DL_ENDIAN -DOPENSSL_PIC -DOPENSSL_BUILDING_OPENSSL -DNDEBUG",3.4.3
x86_64-cloud-vm,timer_overhead,14,5000,0.0262,0.0260,0.0270,0.0280,0.0250,0.0410,0.0260,1,3.4.3,"compiler: gcc -fPIC -pthread -m64 -Wa,--noexecstack -Wall -O3 -O2 -DOPENSSL_USE_NODELETE -DL_ENDIAN -DOPENSSL_PIC -DOPENSSL_BUILDING_OPENSSL -DNDEBUG",3.4.3
x86_64-cloud-vm,full,14,5000,9.0901,8.4540,8.6650,29.6260,8.1820,253.8090,0.0260,1,3.5.8,"compiler: gcc -fPIC -pthread -m64 -Wa,--noexecstack -Wall -O3 -O2 -DOPENSSL_USE_NODELETE -DL_ENDIAN -DOPENSSL_PIC -DOPENSSL_BUILDING_OPENSSL -DNDEBUG",3.5.8
x86_64-cloud-vm,public_tries,14,5000,2.3434,2.0610,2.1130,5.3730,2.0050,184.4570,0.0260,1,3.5.8,"compiler: gcc -fPIC -pthread -m64 -Wa,--noexecstack -Wall -O3 -O2 -DOPENSSL_USE_NODELETE -DL_ENDIAN -DOPENSSL_PIC -DOPENSSL_BUILDING_OPENSSL -DNDEBUG",3.5.8
x86_64-cloud-vm,private_parse,14,5000,6.0656,5.7710,5.9240,10.5130,5.6070,91.1750,0.0260,1,3.5.8,"compiler: gcc -fPIC -pthread -m64 -Wa,--noexecstack -Wall -O3 -O2 -DOPENSSL_USE_NODELETE -DL_ENDIAN -DOPENSSL_PIC -DOPENSSL_BUILDING_OPENSSL -DNDEBUG",3.5.8
x86_64-cloud-vm,error_strings,14,5000,0.5056,0.4820,0.5080,1.0820,0.4620,20.3320,0.0260,1,3.5.8,"compiler: gcc -fPIC -pthread -m64 -Wa,--noexecstack -Wall -O3 -O2 -DOPENSSL_USE_NODELETE -DL_ENDIAN -DOPENSSL_PIC -DOPENSSL_BUILDING_OPENSSL -DNDEBUG",3.5.8
x86_64-cloud-vm,spki_ok,14,5000,11.8343,11.2540,11.4230,35.8090,10.9420,135.2000,0.0260,1,3.5.8,"compiler: gcc -fPIC -pthread -m64 -Wa,--noexecstack -Wall -O3 -O2 -DOPENSSL_USE_NODELETE -DL_ENDIAN -DOPENSSL_PIC -DOPENSSL_BUILDING_OPENSSL -DNDEBUG",3.5.8
x86_64-cloud-vm,timer_overhead,14,5000,0.0262,0.0260,0.0270,0.0280,0.0250,0.0430,0.0260,1,3.5.8,"compiler: gcc -fPIC -pthread -m64 -Wa,--noexecstack -Wall -O3 -O2 -DOPENSSL_USE_NODELETE -DL_ENDIAN -DOPENSSL_PIC -DOPENSSL_BUILDING_OPENSSL -DNDEBUG",3.5.8
x86_64-cloud-vm,full,14,5000,10.0455,8.6990,9.3140,37.2240,8.4090,248.9290,0.0260,1,3.6.1,"compiler: gcc -fPIC -pthread -m64 -Wa,--noexecstack -Wall -O3 -O2 -DOPENSSL_USE_NODELETE -DL_ENDIAN -DOPENSSL_PIC -DOPENSSL_BUILDING_OPENSSL -DNDEBUG",3.6.1
x86_64-cloud-vm,public_tries,14,5000,2.3685,2.2280,2.2570,4.7110,2.1680,45.4750,0.0260,1,3.6.1,"compiler: gcc -fPIC -pthread -m64 -Wa,--noexecstack -Wall -O3 -O2 -DOPENSSL_USE_NODELETE -DL_ENDIAN -DOPENSSL_PIC -DOPENSSL_BUILDING_OPENSSL -DNDEBUG",3.6.1
x86_64-cloud-vm,private_parse,14,5000,6.6849,6.0380,8.5150,16.1130,5.6180,57.3190,0.0260,1,3.6.1,"compiler: gcc -fPIC -pthread -m64 -Wa,--noexecstack -Wall -O3 -O2 -DOPENSSL_USE_NODELETE -DL_ENDIAN -DOPENSSL_PIC -DOPENSSL_BUILDING_OPENSSL -DNDEBUG",3.6.1
x86_64-cloud-vm,error_strings,14,5000,0.5593,0.4720,0.5120,1.2120,0.4430,52.7700,0.0260,1,3.6.1,"compiler: gcc -fPIC -pthread -m64 -Wa,--noexecstack -Wall -O3 -O2 -DOPENSSL_USE_NODELETE -DL_ENDIAN -DOPENSSL_PIC -DOPENSSL_BUILDING_OPENSSL -DNDEBUG",3.6.1
x86_64-cloud-vm,spki_ok,14,5000,11.9464,11.1450,11.4070,35.9830,10.7780,282.5770,0.0260,1,3.6.1,"compiler: gcc -fPIC -pthread -m64 -Wa,--noexecstack -Wall -O3 -O2 -DOPENSSL_USE_NODELETE -DL_ENDIAN -DOPENSSL_PIC -DOPENSSL_BUILDING_OPENSSL -DNDEBUG",3.6.1
x86_64-cloud-vm,timer_overhead,14,5000,0.0272,0.0260,0.0270,0.0300,0.0250,4.4080,0.0260,1,3.6.1,"compiler: gcc -fPIC -pthread -m64 -Wa,--noexecstack -Wall -O3 -O2 -DOPENSSL_USE_NODELETE -DL_ENDIAN -DOPENSSL_PIC -DOPENSSL_BUILDING_OPENSSL -DNDEBUG",3.6.1
x86_64-cloud-vm,full,15,5000,428.6016,395.3130,512.8690,833.8540,358.7280,2599.8260,0.0280,1,3.0.16,"compiler: gcc -fPIC -pthread -m64 -Wa,--noexecstack -Wall -O3 -O2 -DOPENSSL_USE_NODELETE -DL_ENDIAN -DOPENSSL_PIC -DOPENSSL_BUILDING_OPENSSL -DNDEBUG",3.0.16
x86_64-cloud-vm,public_tries,15,5000,2.5819,2.2890,3.1610,5.6860,2.2170,51.1190,0.0260,1,3.0.16,"compiler: gcc -fPIC -pthread -m64 -Wa,--noexecstack -Wall -O3 -O2 -DOPENSSL_USE_NODELETE -DL_ENDIAN -DOPENSSL_PIC -DOPENSSL_BUILDING_OPENSSL -DNDEBUG",3.0.16
x86_64-cloud-vm,private_parse,15,5000,427.6164,391.3780,546.5620,807.5370,356.7940,6452.4760,0.0260,1,3.0.16,"compiler: gcc -fPIC -pthread -m64 -Wa,--noexecstack -Wall -O3 -O2 -DOPENSSL_USE_NODELETE -DL_ENDIAN -DOPENSSL_PIC -DOPENSSL_BUILDING_OPENSSL -DNDEBUG",3.0.16
x86_64-cloud-vm,error_strings,15,5000,0.7919,0.7380,1.1000,2.1360,0.4620,33.3130,0.0260,1,3.0.16,"compiler: gcc -fPIC -pthread -m64 -Wa,--noexecstack -Wall -O3 -O2 -DOPENSSL_USE_NODELETE -DL_ENDIAN -DOPENSSL_PIC -DOPENSSL_BUILDING_OPENSSL -DNDEBUG",3.0.16
x86_64-cloud-vm,spki_ok,15,5000,120.0089,112.9570,139.9050,198.9850,108.5750,307.7660,0.0260,1,3.0.16,"compiler: gcc -fPIC -pthread -m64 -Wa,--noexecstack -Wall -O3 -O2 -DOPENSSL_USE_NODELETE -DL_ENDIAN -DOPENSSL_PIC -DOPENSSL_BUILDING_OPENSSL -DNDEBUG",3.0.16
x86_64-cloud-vm,timer_overhead,15,5000,0.0300,0.0260,0.0270,0.0280,0.0250,19.0170,0.0260,1,3.0.16,"compiler: gcc -fPIC -pthread -m64 -Wa,--noexecstack -Wall -O3 -O2 -DOPENSSL_USE_NODELETE -DL_ENDIAN -DOPENSSL_PIC -DOPENSSL_BUILDING_OPENSSL -DNDEBUG",3.0.16
x86_64-cloud-vm,full,15,5000,439.5816,415.6410,462.0920,847.5770,392.7480,3295.4530,0.0260,1,3.0.19,"compiler: gcc -fPIC -pthread -m64 -Wa,--noexecstack -Wall -O3 -O2 -DOPENSSL_USE_NODELETE -DL_ENDIAN -DOPENSSL_PIC -DOPENSSL_BUILDING_OPENSSL -DNDEBUG",3.0.19
x86_64-cloud-vm,public_tries,15,5000,2.3606,2.2280,2.2720,4.3400,2.1710,52.6940,0.0260,1,3.0.19,"compiler: gcc -fPIC -pthread -m64 -Wa,--noexecstack -Wall -O3 -O2 -DOPENSSL_USE_NODELETE -DL_ENDIAN -DOPENSSL_PIC -DOPENSSL_BUILDING_OPENSSL -DNDEBUG",3.0.19
x86_64-cloud-vm,private_parse,15,5000,447.0892,417.2150,475.1320,828.3370,390.1900,2687.5980,0.0260,1,3.0.19,"compiler: gcc -fPIC -pthread -m64 -Wa,--noexecstack -Wall -O3 -O2 -DOPENSSL_USE_NODELETE -DL_ENDIAN -DOPENSSL_PIC -DOPENSSL_BUILDING_OPENSSL -DNDEBUG",3.0.19
x86_64-cloud-vm,error_strings,15,5000,0.9171,0.8730,1.2350,2.2040,0.4620,102.7070,0.0260,1,3.0.19,"compiler: gcc -fPIC -pthread -m64 -Wa,--noexecstack -Wall -O3 -O2 -DOPENSSL_USE_NODELETE -DL_ENDIAN -DOPENSSL_PIC -DOPENSSL_BUILDING_OPENSSL -DNDEBUG",3.0.19
x86_64-cloud-vm,spki_ok,15,5000,159.8306,135.0940,225.9770,330.8830,126.4510,2201.9990,0.0260,1,3.0.19,"compiler: gcc -fPIC -pthread -m64 -Wa,--noexecstack -Wall -O3 -O2 -DOPENSSL_USE_NODELETE -DL_ENDIAN -DOPENSSL_PIC -DOPENSSL_BUILDING_OPENSSL -DNDEBUG",3.0.19
x86_64-cloud-vm,timer_overhead,15,5000,0.0303,0.0260,0.0270,0.0280,0.0250,20.7190,0.0260,1,3.0.19,"compiler: gcc -fPIC -pthread -m64 -Wa,--noexecstack -Wall -O3 -O2 -DOPENSSL_USE_NODELETE -DL_ENDIAN -DOPENSSL_PIC -DOPENSSL_BUILDING_OPENSSL -DNDEBUG",3.0.19
x86_64-cloud-vm,full,15,5000,64.2076,57.4830,81.1670,153.2560,55.9320,1131.2040,0.0260,1,3.1.8,"compiler: gcc -fPIC -pthread -m64 -Wa,--noexecstack -Wall -O3 -O2 -DOPENSSL_USE_NODELETE -DL_ENDIAN -DOPENSSL_PIC -DOPENSSL_BUILDING_OPENSSL -DNDEBUG",3.1.8
x86_64-cloud-vm,public_tries,15,5000,2.4126,2.1910,2.2260,4.8520,2.1270,189.5970,0.0270,1,3.1.8,"compiler: gcc -fPIC -pthread -m64 -Wa,--noexecstack -Wall -O3 -O2 -DOPENSSL_USE_NODELETE -DL_ENDIAN -DOPENSSL_PIC -DOPENSSL_BUILDING_OPENSSL -DNDEBUG",3.1.8
x86_64-cloud-vm,private_parse,15,5000,84.6075,89.0830,112.8450,155.4020,53.2200,1156.0330,0.0260,1,3.1.8,"compiler: gcc -fPIC -pthread -m64 -Wa,--noexecstack -Wall -O3 -O2 -DOPENSSL_USE_NODELETE -DL_ENDIAN -DOPENSSL_PIC -DOPENSSL_BUILDING_OPENSSL -DNDEBUG",3.1.8
x86_64-cloud-vm,error_strings,15,5000,0.5881,0.4950,0.8850,1.2740,0.4600,31.3300,0.0260,1,3.1.8,"compiler: gcc -fPIC -pthread -m64 -Wa,--noexecstack -Wall -O3 -O2 -DOPENSSL_USE_NODELETE -DL_ENDIAN -DOPENSSL_PIC -DOPENSSL_BUILDING_OPENSSL -DNDEBUG",3.1.8
x86_64-cloud-vm,spki_ok,15,5000,38.9525,36.2150,41.0590,84.0110,35.1250,176.1950,0.0260,1,3.1.8,"compiler: gcc -fPIC -pthread -m64 -Wa,--noexecstack -Wall -O3 -O2 -DOPENSSL_USE_NODELETE -DL_ENDIAN -DOPENSSL_PIC -DOPENSSL_BUILDING_OPENSSL -DNDEBUG",3.1.8
x86_64-cloud-vm,timer_overhead,15,5000,0.0262,0.0260,0.0270,0.0280,0.0250,0.0720,0.0260,1,3.1.8,"compiler: gcc -fPIC -pthread -m64 -Wa,--noexecstack -Wall -O3 -O2 -DOPENSSL_USE_NODELETE -DL_ENDIAN -DOPENSSL_PIC -DOPENSSL_BUILDING_OPENSSL -DNDEBUG",3.1.8
x86_64-cloud-vm,full,15,5000,7.4037,6.9200,7.1000,26.2430,6.7310,143.7670,0.0260,1,3.2.6,"compiler: gcc -fPIC -pthread -m64 -Wa,--noexecstack -Wall -O3 -O2 -DOPENSSL_USE_NODELETE -DL_ENDIAN -DOPENSSL_PIC -DOPENSSL_BUILDING_OPENSSL -DNDEBUG",3.2.6
x86_64-cloud-vm,public_tries,15,5000,2.2389,2.0570,2.1580,4.1100,2.0150,78.4810,0.0260,1,3.2.6,"compiler: gcc -fPIC -pthread -m64 -Wa,--noexecstack -Wall -O3 -O2 -DOPENSSL_USE_NODELETE -DL_ENDIAN -DOPENSSL_PIC -DOPENSSL_BUILDING_OPENSSL -DNDEBUG",3.2.6
x86_64-cloud-vm,private_parse,15,5000,4.8308,4.5100,4.6710,9.4420,4.3290,70.7860,0.0260,1,3.2.6,"compiler: gcc -fPIC -pthread -m64 -Wa,--noexecstack -Wall -O3 -O2 -DOPENSSL_USE_NODELETE -DL_ENDIAN -DOPENSSL_PIC -DOPENSSL_BUILDING_OPENSSL -DNDEBUG",3.2.6
x86_64-cloud-vm,error_strings,15,5000,0.4787,0.4570,0.4780,0.9180,0.4400,18.4830,0.0260,1,3.2.6,"compiler: gcc -fPIC -pthread -m64 -Wa,--noexecstack -Wall -O3 -O2 -DOPENSSL_USE_NODELETE -DL_ENDIAN -DOPENSSL_PIC -DOPENSSL_BUILDING_OPENSSL -DNDEBUG",3.2.6
x86_64-cloud-vm,spki_ok,15,5000,13.4109,11.7960,20.3470,38.9340,11.4410,148.7080,0.0260,1,3.2.6,"compiler: gcc -fPIC -pthread -m64 -Wa,--noexecstack -Wall -O3 -O2 -DOPENSSL_USE_NODELETE -DL_ENDIAN -DOPENSSL_PIC -DOPENSSL_BUILDING_OPENSSL -DNDEBUG",3.2.6
x86_64-cloud-vm,timer_overhead,15,5000,0.0264,0.0260,0.0270,0.0310,0.0250,0.1650,0.0280,1,3.2.6,"compiler: gcc -fPIC -pthread -m64 -Wa,--noexecstack -Wall -O3 -O2 -DOPENSSL_USE_NODELETE -DL_ENDIAN -DOPENSSL_PIC -DOPENSSL_BUILDING_OPENSSL -DNDEBUG",3.2.6
x86_64-cloud-vm,full,15,5000,7.7033,6.9420,7.7870,25.6830,6.7660,101.9880,0.0300,1,3.3.5,"compiler: gcc -fPIC -pthread -m64 -Wa,--noexecstack -Wall -O3 -O2 -DOPENSSL_USE_NODELETE -DL_ENDIAN -DOPENSSL_PIC -DOPENSSL_BUILDING_OPENSSL -DNDEBUG",3.3.5
x86_64-cloud-vm,public_tries,15,5000,2.2244,2.0770,2.1050,4.3790,2.0200,91.6370,0.0260,1,3.3.5,"compiler: gcc -fPIC -pthread -m64 -Wa,--noexecstack -Wall -O3 -O2 -DOPENSSL_USE_NODELETE -DL_ENDIAN -DOPENSSL_PIC -DOPENSSL_BUILDING_OPENSSL -DNDEBUG",3.3.5
x86_64-cloud-vm,private_parse,15,5000,4.7227,4.4590,4.6410,8.7920,4.3210,55.3570,0.0260,1,3.3.5,"compiler: gcc -fPIC -pthread -m64 -Wa,--noexecstack -Wall -O3 -O2 -DOPENSSL_USE_NODELETE -DL_ENDIAN -DOPENSSL_PIC -DOPENSSL_BUILDING_OPENSSL -DNDEBUG",3.3.5
x86_64-cloud-vm,error_strings,15,5000,0.5590,0.4730,0.7270,1.0830,0.4570,45.2610,0.0260,1,3.3.5,"compiler: gcc -fPIC -pthread -m64 -Wa,--noexecstack -Wall -O3 -O2 -DOPENSSL_USE_NODELETE -DL_ENDIAN -DOPENSSL_PIC -DOPENSSL_BUILDING_OPENSSL -DNDEBUG",3.3.5
x86_64-cloud-vm,spki_ok,15,5000,12.9662,12.0120,12.3010,37.3090,11.7280,305.1180,0.0260,1,3.3.5,"compiler: gcc -fPIC -pthread -m64 -Wa,--noexecstack -Wall -O3 -O2 -DOPENSSL_USE_NODELETE -DL_ENDIAN -DOPENSSL_PIC -DOPENSSL_BUILDING_OPENSSL -DNDEBUG",3.3.5
x86_64-cloud-vm,timer_overhead,15,5000,0.0262,0.0260,0.0270,0.0280,0.0250,0.0600,0.0260,1,3.3.5,"compiler: gcc -fPIC -pthread -m64 -Wa,--noexecstack -Wall -O3 -O2 -DOPENSSL_USE_NODELETE -DL_ENDIAN -DOPENSSL_PIC -DOPENSSL_BUILDING_OPENSSL -DNDEBUG",3.3.5
x86_64-cloud-vm,full,15,5000,8.0713,7.2370,7.3550,27.2070,6.9820,1426.2340,0.0260,1,3.4.3,"compiler: gcc -fPIC -pthread -m64 -Wa,--noexecstack -Wall -O3 -O2 -DOPENSSL_USE_NODELETE -DL_ENDIAN -DOPENSSL_PIC -DOPENSSL_BUILDING_OPENSSL -DNDEBUG",3.4.3
x86_64-cloud-vm,public_tries,15,5000,2.2834,2.0940,2.1490,5.1760,2.0350,48.7020,0.0260,1,3.4.3,"compiler: gcc -fPIC -pthread -m64 -Wa,--noexecstack -Wall -O3 -O2 -DOPENSSL_USE_NODELETE -DL_ENDIAN -DOPENSSL_PIC -DOPENSSL_BUILDING_OPENSSL -DNDEBUG",3.4.3
x86_64-cloud-vm,private_parse,15,5000,4.8021,4.5850,4.6930,9.1380,4.3390,70.7960,0.0260,1,3.4.3,"compiler: gcc -fPIC -pthread -m64 -Wa,--noexecstack -Wall -O3 -O2 -DOPENSSL_USE_NODELETE -DL_ENDIAN -DOPENSSL_PIC -DOPENSSL_BUILDING_OPENSSL -DNDEBUG",3.4.3
x86_64-cloud-vm,error_strings,15,5000,0.5194,0.4910,0.5190,0.9690,0.4560,20.4590,0.0260,1,3.4.3,"compiler: gcc -fPIC -pthread -m64 -Wa,--noexecstack -Wall -O3 -O2 -DOPENSSL_USE_NODELETE -DL_ENDIAN -DOPENSSL_PIC -DOPENSSL_BUILDING_OPENSSL -DNDEBUG",3.4.3
x86_64-cloud-vm,spki_ok,15,5000,12.7978,11.2100,15.6970,41.8620,10.8820,634.7950,0.0260,1,3.4.3,"compiler: gcc -fPIC -pthread -m64 -Wa,--noexecstack -Wall -O3 -O2 -DOPENSSL_USE_NODELETE -DL_ENDIAN -DOPENSSL_PIC -DOPENSSL_BUILDING_OPENSSL -DNDEBUG",3.4.3
x86_64-cloud-vm,timer_overhead,15,5000,0.0262,0.0260,0.0270,0.0280,0.0250,0.0610,0.0260,1,3.4.3,"compiler: gcc -fPIC -pthread -m64 -Wa,--noexecstack -Wall -O3 -O2 -DOPENSSL_USE_NODELETE -DL_ENDIAN -DOPENSSL_PIC -DOPENSSL_BUILDING_OPENSSL -DNDEBUG",3.4.3
x86_64-cloud-vm,full,15,5000,8.9742,8.5680,8.7490,30.2500,8.2260,123.1780,0.0260,1,3.5.8,"compiler: gcc -fPIC -pthread -m64 -Wa,--noexecstack -Wall -O3 -O2 -DOPENSSL_USE_NODELETE -DL_ENDIAN -DOPENSSL_PIC -DOPENSSL_BUILDING_OPENSSL -DNDEBUG",3.5.8
x86_64-cloud-vm,public_tries,15,5000,2.2022,2.0500,2.0880,4.2170,1.9990,66.3350,0.0260,1,3.5.8,"compiler: gcc -fPIC -pthread -m64 -Wa,--noexecstack -Wall -O3 -O2 -DOPENSSL_USE_NODELETE -DL_ENDIAN -DOPENSSL_PIC -DOPENSSL_BUILDING_OPENSSL -DNDEBUG",3.5.8
x86_64-cloud-vm,private_parse,15,5000,6.3392,5.6990,5.8540,28.8470,5.5080,174.7420,0.0260,1,3.5.8,"compiler: gcc -fPIC -pthread -m64 -Wa,--noexecstack -Wall -O3 -O2 -DOPENSSL_USE_NODELETE -DL_ENDIAN -DOPENSSL_PIC -DOPENSSL_BUILDING_OPENSSL -DNDEBUG",3.5.8
x86_64-cloud-vm,error_strings,15,5000,0.5012,0.4760,0.4980,1.0210,0.4520,21.2960,0.0260,1,3.5.8,"compiler: gcc -fPIC -pthread -m64 -Wa,--noexecstack -Wall -O3 -O2 -DOPENSSL_USE_NODELETE -DL_ENDIAN -DOPENSSL_PIC -DOPENSSL_BUILDING_OPENSSL -DNDEBUG",3.5.8
x86_64-cloud-vm,spki_ok,15,5000,13.6331,11.2080,18.2650,46.5480,10.9210,1830.6090,0.0280,1,3.5.8,"compiler: gcc -fPIC -pthread -m64 -Wa,--noexecstack -Wall -O3 -O2 -DOPENSSL_USE_NODELETE -DL_ENDIAN -DOPENSSL_PIC -DOPENSSL_BUILDING_OPENSSL -DNDEBUG",3.5.8
x86_64-cloud-vm,timer_overhead,15,5000,0.0442,0.0260,0.0270,0.0280,0.0250,89.8290,0.0260,1,3.5.8,"compiler: gcc -fPIC -pthread -m64 -Wa,--noexecstack -Wall -O3 -O2 -DOPENSSL_USE_NODELETE -DL_ENDIAN -DOPENSSL_PIC -DOPENSSL_BUILDING_OPENSSL -DNDEBUG",3.5.8
x86_64-cloud-vm,full,15,5000,10.3099,8.9520,9.3040,33.5750,8.6000,1235.0220,0.0300,1,3.6.1,"compiler: gcc -fPIC -pthread -m64 -Wa,--noexecstack -Wall -O3 -O2 -DOPENSSL_USE_NODELETE -DL_ENDIAN -DOPENSSL_PIC -DOPENSSL_BUILDING_OPENSSL -DNDEBUG",3.6.1
x86_64-cloud-vm,public_tries,15,5000,3.1469,2.2400,4.4210,6.0360,2.1700,783.0140,0.0260,1,3.6.1,"compiler: gcc -fPIC -pthread -m64 -Wa,--noexecstack -Wall -O3 -O2 -DOPENSSL_USE_NODELETE -DL_ENDIAN -DOPENSSL_PIC -DOPENSSL_BUILDING_OPENSSL -DNDEBUG",3.6.1
x86_64-cloud-vm,private_parse,15,5000,10.5844,5.9130,14.0260,79.9020,5.6110,245.1510,0.0260,1,3.6.1,"compiler: gcc -fPIC -pthread -m64 -Wa,--noexecstack -Wall -O3 -O2 -DOPENSSL_USE_NODELETE -DL_ENDIAN -DOPENSSL_PIC -DOPENSSL_BUILDING_OPENSSL -DNDEBUG",3.6.1
x86_64-cloud-vm,error_strings,15,5000,0.5159,0.4700,0.4820,1.0130,0.4490,53.2420,0.0260,1,3.6.1,"compiler: gcc -fPIC -pthread -m64 -Wa,--noexecstack -Wall -O3 -O2 -DOPENSSL_USE_NODELETE -DL_ENDIAN -DOPENSSL_PIC -DOPENSSL_BUILDING_OPENSSL -DNDEBUG",3.6.1
x86_64-cloud-vm,spki_ok,15,5000,12.4722,11.1890,15.5430,41.3920,10.7870,146.1420,0.0260,1,3.6.1,"compiler: gcc -fPIC -pthread -m64 -Wa,--noexecstack -Wall -O3 -O2 -DOPENSSL_USE_NODELETE -DL_ENDIAN -DOPENSSL_PIC -DOPENSSL_BUILDING_OPENSSL -DNDEBUG",3.6.1
x86_64-cloud-vm,timer_overhead,15,5000,0.0262,0.0260,0.0270,0.0280,0.0250,0.0980,0.0260,1,3.6.1,"compiler: gcc -fPIC -pthread -m64 -Wa,--noexecstack -Wall -O3 -O2 -DOPENSSL_USE_NODELETE -DL_ENDIAN -DOPENSSL_PIC -DOPENSSL_BUILDING_OPENSSL -DNDEBUG",3.6.1
