corpus,repo,path,git_blob_sha1,sha256,bytes,verdict_repo_level,repo_head_commit_at_manifest_time
sample,ErickWendel/aulao-tajs-template,api.js,ce4d862e64bba9750b81f436cc2d6fa555c868c6,27cf3f0eab792375fa1760cb10d39a62a124de9382e3df12406b4ebd38e032b9,1253,,a2a94c33fb0a7ec9fe08b676d92eeb2af67cd257
sample,bartdorsey/express-jwt-cookies-demo-app,app.js,6021f488f129823690da4c96803846e8186b1de8,785cf302b441aa6b539afac2ea33e07a9b8ccbf006e29d78d4b11b8440e0e272,2355,,82d87bb9e9329ba47822eb6bc51c7dd4aa8e91e2
sample,opentok/opentok-jwt,lib.js,a368d667b31325785ebd385e9c7b8b7b26910403,a6825bd78b799de3d2559e33dbe3ae695a22b251c782b7fb963e457f4a338d64,1736,,f367dd8b067e796a76958399175efbad61f7727d
sample,akshitgrover/hacken,jwt.js,ed9c5a8dd6877b9fe0bdfe5efbae1f5fe5c90d5e,46fe66e4806f2178a5e2197ef06e2f2040460267e3449e3f0de5538e193a8379,876,,fcb8f6fbebf6ea768c5142d5f6a92e1f3fc2d7d9
sample,jackmeagher/iqms,app.js,71c277fc7004d48c4ddd829b491418632d631d30,4ec2dd2915c35940049bd6f6a438b757839a56efb043c8cf610b0ef859988988,1770,,e2ea6b61ba5f26df6e23cea68349da94687269d5
sample,hudsonmcmanus/reminder-app,jwt.js,507f16f752d6d0cc02b7bf671f29e1aaa001a31a,3ff516b12b04b466795e3ca8ac0aa3ef8ade99d7f85ab05eba2f48417ddfa846,619,,a9c5ac5b06ca3d6613291556d0160cfc77bb0def
sample,krshubham/codeslam,app.js,8447e64245d3912b94cd85d065c1d02c57ad20f9,e883098c5aa59f1119260ae89738a9696fb7ef60de5097740490c625f0140f5f,2240,,ebbc1e17b09babc97f89b5cd7e355e355a837486
sample,FullstackAcademy/acme-auth-notes,db.js,c6b169febfebe1d3ac9db8a3bb7722836c385aab,7667fbd3ab7fefed3bc56ee27adf80e65b104f33a6e57e33800aeab223d2e7da,1851,,6cf6beee80727da93b934f1361629c54183644de
sample,andygock/auth-server,app.js,b3fc901945f8cd643f06874cf1dd0d6c7a4e8a48,5c79ac406d1859081022b8bd264c9774acd10546e52e9b476d5265c825c594a4,11216,,b4d112dff3edf93472cf1b2d9209a214f7076719
sample,appacademy/practice-for-week-12-jwt-exploration-short-practice,app.js,1ff926f379f8155f3a450c268c2ce45dc3599e3d,71bff543538ef787ab7dc32909101ab9def471d45dddcff98d964958110b5b96,1340,,922b6d4780db06efeab3e338361c79c1bedcc61d
sample,vueneue/examples,api.js,56629f0f2aa5528214cff686fca944f0c1f49bd8,ab0cd09f067f5bee2234d76e2c5368c79134e31e22a40d6b6ddf897782e9a883,1636,,c5bd083d6e0ac2b25a828f1642ec62d446d6f76e
sample,siteslave/express-onefile,jwt.js,d0ca3c035c9519fc152ab3e62b98204342058616,b2796a0befca08198a87e91e365fa690b4e83f53487f8157a1b1fe162ef27629,454,,2005121c4255d78dfcc5dbd833f1a078c9e3eba3
sample,Baiyuetribe/express-ffmpeg-docker,app.js,22a97e6a75f9e4ea39f8a78c7ad0e3d84c1c59fe,a355ea019e323c2ff796077fefed432f77cd249251a2779c474e220b975afbc6,9070,,4bce29afd5839e3e3c3c1fd6b2bc9a5df2ca89e6
sample,MiG247/SmartLockerServer,jwt.js,edeed37bede458f317713daf38c80bedb86103a2,8d923216886e0071936e2a119de659c89951f404bec5bb8fd4e9eabbc1439bfb,557,,723bed313de4acc954e3a908bd8cbeed4bcecc7f
sample,vonnieda/WhoaLife,app.js,edeb2d17466ced09fbae4336768adb986eeaf5b1,cd0ea09e3cc323a9502ea34dfb90fb7d93f0169cfe49a3e5b9a59c2ddd02e9c8,6891,,b74af93903a7496e4318f0e93a8f238da4b12764
sample,summerwollin/arenajs,app.js,f75601662d38352b2a8337b2dff2f6573d9029e1,042e675300587254299c0b4dac77996aae672b1bed4b7bf3cd1213ca6b439109,2474,,ae2452b14e7b3521a22ba2219b795948f6786610
sample,bwobbones/resource,app.js,90c5cbd985fd9b337cf50f37fcb070482ef6b5d0,fa90126f26517315db55fdf47677f71b61f20536488863cad23657db693645c5,4398,,96cfb27d8f5e5ec8e64bf412dce005aa22fd41cd
sample,GDGVIT/groff-editor-backend,app.js,072ff194aed08bfb4bee68510ce3826cb1fa85a6,de9a154f6c961327c1e93f2d4dbb6c9f95579fb30b39b5da67ab9a7943e47b12,3921,,b45f33470bb21bd0509150721c4faf2001283144
sample,laibao101/captcha-demo,app.js,970df1255da09d9ed9f1fcee441294c2d54d1d16,74e82a235a981200f61552a3f78809b2dacef319aa078d66cd95857f26591df1,1723,,e5f4d8c3923359d35e1dc5d726e59000cb2324b1
sample,IExpreso/Backend,app.js,c6c90f8c370eff2ab95f594df549b4c563621887,344b3985aca8948b48547e6a256ba2d316e6bd85d82f0bbfc45e38cea10f7ccb,3343,,7d5851928cf44fb481e916eb303c43621eadc132
sample,tpiros/marklogic-jwt-authentication,app.js,5c35d708397f487ee7f16680b5280676550a3436,1c7004f3615d807dacd5acace8a3c46ab4b0ddef8fcdfb838542abfb74ef6dbf,1829,,3eb452c9ca8391de032267b8aeb8e333a0dfbce4
sample,top-universe/cohort2.0_backend_api,app.js,c55df2ba7caeb2b614c0deddb4cb06fd873b4042,2b5266410961ecf7ea89234339246d3091344801acd688e4bfb50595fb9603b2,1701,,800d28d0000df6432da49f058fbf23df0b591e68
sample,Bishwajit-2810/Voting_Application_node,jwt.js,09621fe3c32d10840ce1740b7f5dd12abb556499,572a84654b4b82ee60a29b90062add181edcda3aa3e98e7c4b2bb30370403712,763,,927960697964665197c4b8893823a1ebe178e764
sample,R-s0n/Damn_Vulnerable_Node_App,app.js,06a5f74e3707397122d5457d0863b4747b5b560b,c95dc40ba688914ee1c23380e8ef5a3b2c7e0fb2147d860e27831b2fa90ec5d7,9024,,6b9ccf1146188fb8c5159ff6939499a3fe1d3838
sample,TalaoDAO/qrcode-generator,app.js,948f635e5211f69651fb8e389f269c71181ec292,b9d879254015236b2e23cc5d0ee808c5e1a4cb9691e7914644f8dfbd4c4169a0,1427,,feb0b6c2e2a647226a6b9018b33e866ef0e69153
sample,techtuxbr/Express.js-User-Auth-API,app.js,7c766b20dd835f829c19343b94ef3836781d25d6,2eb14e1f69de980dd321f1aad31319bfae16f91cf36cc31f8c03228c4e8b53cf,1473,,b09826f754eae4b0e36c3ebd446f2bbbdd80c147
sample,RiyanshYogi/JWT,app.js,6a83766f6a3d20ccae19e4e9ed6de10b96f8338d,90e8a2cb98df4859076be25b63a6b10289048128f8ebba9368fb3a28c0bbcff3,2101,,e717941a39fdc16af4f1d804f85b8054505924e5
sample,gauravlanjekar/lambda-oidc-authenticator,lib.js,eadf66fd05e69bf2571461a002bd5a32fc7911e4,2eb46458589ad72c78c080e6482bf8debd2a3e6168a0b1961b626c2dde476db9,4146,,09982af6c96b82b3ade3800e51574ecf4fc18355
sample,mrtayguney/snapremote-server,app.js,31fad25c9faf79fe587476fc44ba11f040baf400,9797eca7df8e83ea3c14258c5cbaff88e3f4b750d8cdd7aa3d7f102b42024bdd,20162,,9c85707f7276be50832db7e7a3a518579abd1edf
sample,navgurukul/snake-ladders-api,app.js,b23c553e951429f91e5942364916454a65de1bb8,68ddb9c337448f80a8a465881c96382e75d96f052f1210726d6277c24e1de05e,2471,,a032d9e79abdf02e05d1d5273aa816e5dafe9092
sample,fredysiswanto/foodtrip-api,app.js,60c12d28542bddb72ba3c38c45ba6fefa2b4f355,b103e24cf8dcd2fe8a9c4fd7974100011848d1093bc96d96377f11ddc8c6eff5,5513,,34e0f067fd54a3d15359736c22a5deb129001276
sample,IhsanulAfkar/emoney-gopay-api,mw.js,7fa62c39f0afc0837bdb5d1aac347294744eeef1,034827bcf516ff7031be7e9f1c1ef6fed2cedcd038a3448339c7392831ec31dc,1175,,0feb63c7cb1a14516fcb6aa5d5f9fc341edfe452
sample,frendifdp/Clone-Carousell-Backend,app.js,be2cb39b2dd7531a014f912fdee611cedb800c6f,c2103b52720ae8a972f686d60ef7394c78d8aae7463c3ef718d32ac45f2cbf78,1828,,0ecc06ea5641048c07ecac14d43220133e41fd6e
sample,NisH-4x/node_hotels,jwt.js,ea21fb69a4eb8fd24d0023d378e14513e6bf3fc4,983bc59ba4636d0f88670210a29b171f1e8cf16aa565516edc7679ae276c054d,1041,,dbd1f5e4f1007961d1cdf69227dbb595a934295c
sample,arnia-unibuc/boilerplate,app.js,9fb6d7b6e085e1f00200a3d671ef92f8e7513a49,c9e9377bf898c6021ee9811998d598d750ca9c7b316ee9720acddf4ae913bfdc,1166,,541b98763c74cc45cffae69c03adbafeae15c32d
sample,WildCodeSchool/paris-js-0918-groupe9-node,app.js,d480642cff13750557fdca721587189a0be38897,bacf43b87c9e81a3c4a457d84ff62360c4c84c5a388575ca25c09eea98c1b173,2645,,d11ed7ae39285a010e1fc7411cb7482cba5c7564
sample,Brajesh31/Voting_Application,jwt.js,78e4e3feb6da82f71741d11ce0349fb13ea3ef24,7e5f3c25786db5f6304965d12989b2b4e3fbad50643b2fc43a3c60fedb532b03,725,,2eec6ff3af327e810c2915e2d2e240b403a84d99
sample,ANGELKORADIYA/Quiz,db.js,d474439b773657b31d4a10d63948d1117a76dc31,30c749e750b9bbb1050eeff49422ae01a36c4f0aca8323f6ba60958ccd0c72b3,2914,,dfd7d1046555200f806a6d9044637a55d0f44dc6
sample,FullstackAcademy/acme-oauth,db.js,289bca402d20c34ceaa0f167483e3dccccdc6c11,c15d8e3520e6e1d0ee57f3083b013a31f034fce8dc55cd4806ce9bb94d27aeeb,2196,,2b823f0e89f52642481879736bcc7d6e1ca26117
sample,ceaplicados/ntropresupuesto-api,app.js,94726bf6d4c6bb2445e62bb555b99dc9f455f83a,cb2a07c7388b48a0df4530400858381fbbda37b523cbad120a169d1679be0f46,3798,,7121272b2b8cb9a603df5cf7bb75fa735614f2c8
sample,RiddleASL/AJS-CA1,app.js,0a31dcad76821f770ed90723db07ce0275e16ad4,416de4ae197f3aebe9221901217c5c2b037556ee9b493c3f455e8cb1c72e63fe,1025,,7d437aa7296342d9e16e8cf098afe47c10dc972d
sample,cruzboj/web-server,JWT.js,197b66d53dc65012b9e08674f93ef9d8488d7b37,fdbf0058a1bc5b06fc598e6f5cd5fc483302e5dbd83e0d4bb94c816a993e7e2d,1181,,25da3e19dafbb3717e298affb202679ce2c29d55
sample,JartigaRox/00171124_practica7_seccion1,app.js,4f674869ed7b744c972396e60af4c2bfcd391b3f,b10e564e4d138f75c66213b3b63c2d8de20f74de77b222cc6943e4b22e9bf10d,1578,,267d9c939f0b9c78af068d0ad94bd9d3ea7587d8
sample,haxcod/fastwin-server,app.js,bb33b5f0b1bec7541402099c4e3629c73f5d1998,d29099d47ee479a35aa33b9be55870a1aa97983d991427882b6f41fd655d48c2,260,,95cbedddf8b1b8498557ff1acfb8e34b15bd504f
sample,BijuDey/express-backend,jwt.js,a50797f8eed263d56ffb42ca065900f663718bd4,8f2c1d33b31d61fa0efd15853f808c9f5109790b879fe25a98c1df310b744600,590,,97591b0eeb41ee20a8a58b431c8c4b5c58e79ae2
sample,tvelic1/Medic-API,jwt.js,4204737a3930611c1384e0ee14af17c31fe3c81f,43a5c7906a5cfc21c94644a36e98a88bbb2e4db6507ab85ad6bc2c9da3eed22c,794,,193c9496a3734980f4f8d9248ba608e25b158933
sample,programmer-666/jwtStuff,app.js,5d5b67812000738b50c0be7bea6d3b3aada384cf,18dc1be584b1b625e48a48d5a535d665492ee907844b7d8ed4f5ca3c668842cb,1645,,e726247f5897dbde5daf63901c873663e2a5a767
sample,raj-kumar94/checkout-extension-react,app.js,74643bf5d4816d1267bb4065e7e7e730f7592272,9878d92713ddf803cbebd37a50ea2b4b730ebbc649504a53cd686a35508478e3,2010,,2ed52f7f6e94e9a09dde8862ceefbe86f48a1a21
sample,kedar09/nodejs-mongoose-jwt-authentication,app.js,627f55356e5728e423764cc4c1e821b78885ae93,b930aa7f3edc57df17a1ebdaf746ff8bae27d05cf7f5eff4819f1026563392d7,2049,,09de3172f4ba77ece94871e76a27104b9f8c9d14
sample,NatCanCode/booking-table-v2,app.js,0a0b637f1b2dfe481d967b838d34efeb9d796699,4e710a15acf841980782e216a2325dacd09dfa515b0240323e15ba457e94cc22,2077,,daa157e4b1d59a6c973bd6b9c81810ad43ad5c4c
sample,siddhantdixit/LinkStack,app.js,8a078dcfd3cdd8b87aaf4de88d47cfe68b8ee7dd,8de53f09b1d9602d0067e9716b97285db2083472d67abbaa3abe9cb329b19b27,11857,,bdadc35135ba05c475a37693df3fc8dbad74e728
sample,boostcode/torijs,app.js,734d08ebf758459938782494427c5f78ef5e2b0f,a6a0d53f8760941b7753cab473b180e6c2c0fd1872192ebbaa4e480dbca1829d,6113,,ef4dd451b86a98fc90be566b176be6811df71a4d
sample,mary0077/escola,app.js,45ec40b90949e099dbf3a2721c9e22e76ad784ef,bd60617e4f559c2d225ad90333dc4f79e33aed7ea4114770022952462fef17d6,2202,,bf32a98872acc0308620c9e27c9a1f9421778cda
sample,devscollab/pcet-covid-task-force-api,app.js,435f67aea29b30a1aaff6d3fa74833dcb58a4c80,254fd558ed0a65a95a7fa7eab7270b50568d49e18def0ec73b26cf1bd35d4b33,13228,,94a3a6cd875a252ceedc6af21f320acab90789dd
sample,matheusBizutti/dd-backend,app.js,d3afa8d23c72669aa7fcd334b923980c97a4e44b,644a8153603b6224025cedd949559fd2ee3ce6688908cf43f60934d8d7180ac0,2258,,f7fcb672a9d37b7d37b25ceccaaea858c36b7d45
sample,gogh-zaa/api_login_nodejs_sqlserver,app.js,a4c2ca0d24cbd2625fd41dc94bb6560bb158bac3,3889a310bfacfe588c730c5133366a9222a5ed86a79f9b01cf01d6e58fc96c95,2287,,800a51297beca72d887fa8148d300f122ca27913
sample,tushar-borole/node-enterprise-seed,app.js,6113f4f08bb65088fdefa9e0d7dd380134a55c13,feb56a2a442d9488414d12b3115dbc9dde1364203b1c09f462e7a7831cc37d97,2676,,d396c448c482d233e646c325507b00156e098c53
sample,FullstackAcademy/acme-oauth-2207-fsa,db.js,af43437bde9924a215ae741b7fb1922c2f8a2965,d9d8ffb4a1076fa87bb3b165ca6f001e85857aa728e593cce05b494e05da2919,2691,,1777adea99d34ed438921e83b715fbadf81d1ace
sample,yuzhou-shuai/hotel,2.js,8f4d47cfa60fe9ceba7f0baf3cd337f56aa677d8,504cd145a48b40315af58431ab4f8002d721dbf8c2bccccd213e07697fffe423,2927,,3450f3dacbeb4930a96bb0ea3e82193dc4e0e049
sample,smart-on-fhir/bulk-data-server,lib.ts,23fd8123857fa8aaeac40ef896aeb4149d716fbe,468d8d570dc83c66818040ae8f84b23668a8806f440738f45f9711b6f4a848e1,29039,,f81f960a8a9abd00a3541768bffc6f4bfc939a8a
sample,ApryseSDK/website-reviewer,auth.ts,eb1eab7d177a2517f0bceee783b83e0e3f1e424a,ede5136a3b861676328863095b12080a2d5a0c1daa29f2835ee7c7a1c438b956,954,,169f7af38fcd1aad650a56be97fad15ca679365a
sample,exlskills/spf-server,lib/jwt.ts,689bb8f6351d104192656a56a0f66f61bda8081a,9eab21de2dd653feab4872f00c0ab1277660a721fbd07aeee57518dc04189253,2145,,16b20c161e7e1bea0f538f998e1ec2116e358c04
sample,agroXchange/backend,src/jwt.ts,ea9524ac205d7498183b92622f7860a30dd0ed4f,06610dfe02733350e7425e17e3348ab8b37f933d4deb05f2472c6b58116d621c,717,,7756dc24ea8dc8e769d71bb21e6b24a2cfb7017a
sample,kalibani/HireFazz,auth.ts,3de1ed83b17029700671bef9d5881503131ab201,880d81a060ce88cf9ed07c40daf5e6ceca57768bf6425849926c4d2810d82c34,2061,,2602068bf8f866690fb5563eef1e5119ac00b68e
sample,notenoughneon/skein,api.ts,cfcdf48c54e8c8eb08b81048a0be760cc26da79d,71d4ef1e3fe0181fab249bab283b2793b6d12d049551451650e3f34f54a7a76d,10116,,045579eb3f55c2bd18af6f0f37ff1766acd929d4
sample,ymc9/petstore-openapi-zenstack,app.ts,8adbd6bd8ee2e1d51a36655960249beeb928ee45,e83df02677630aa6fc2811d1784c2d33ae4e9a2005e551636a7bf6d0148cff1b,2715,,a3001331c34b131ada02a54a5090d4abfb240123
sample,bshelling/user_authentication_pattern,src/fn.ts,59f7e25477afbf9667b39b65bd0c8ab1540a8cf0,0af54f93448abb31434727065231784da743acf17ccb45edf0960f73d849df3f,1372,,a5cbba222a6f2f6a7cf06b99aa9331ad76c03b89
sample,RestDB/codehooks-auth,lib.ts,a252bb0049d06e812cf1fbdd129dc0fcaac8fdba,0e31e02cd15406eac9516dc1d63802fe9001e26c3fb2c724906cbae130024420,5380,,165645e2a2545391797d41a24621d5e21a347260
sample,homanw104/pet-clinic,proxy.ts,3e5f3f90dda02f551602dab6c5ca8960cecc463f,f2ca256e0fd382c9af10a02304dac5ce2f078766ba361f32036e9719d4ada930,1316,,784dcdf838a73194c6031fd3d8c14486ca335e27
sample,cutls/TootDesk-push-server,verify.ts,79d4c1fe0dda452a3acf8eec8d3e819eb86dc2f9,9642bad4d2db8dfe963c16a711e49ffe47b08973d1e4d70729d9c09441ce69df,3865,,ca32b096c05ed0d39f9dc20ce972f78f1f67c82f
sample,Zilong-L/gpt,lib/jwt.ts,1b60f197a424310a6a6defa7a36b2e1b42d54e04,83e7ac81a8f2a9762818b22001b2073ebd4030d6b771c926a6ce340946def312,483,,48d2f6f69cf6805328b12119a0cebbe684ce7a7e
sample,davidfurlong/minimal-miniapp-template,jwt.ts,030a95865e29e72c21903ec83bceacda6a9c1d30,2ade21ceac5de932d87388346336b398e1ae94007e45781f0067bad6c4480bb4,384,,f16133025f29c4128996396e34d9910740aa4e63
sample,ad1tyaydv/fasturl,proxy.ts,2723bcd3b42662e1a509adae6893e27f40cd0421,71b577c316b47a745ce7f49048150cd1c5b68918539a428110d966ca8c841e33,1975,,91d1883436a6d9d492d83add29a239454029f699
sample,benjajaja/qdice,table.ts,4c2dd74644e435163e7cf9efdc7205a8c70249dc,752c762fe7fedd27d735fe3607f97e2b1864aa48de1ee65a9797385cc5a5319e,12761,,6dcf5c2f4c290f7a61855a4c76faf33b9af01741
sample,chenkie/casino-api,server.ts,e17bb93bd396355031e1acca90687bd8d0e0d340,8b6b83890dbb301eb40cd70c1e55ef2419a8a45988c1457f40ed901e1db1949c,2548,,e228b034e278dddbbadd1dd2a1cdfa1444541787
sample,William-Fernandes252/advisor.ai-web,auth.ts,95936e3e40cc5259d6777186b87188005eece6dc,eea17c8818183f97f55815a9e5d517a07550efc65d1509fb0e6241be75a5359c,2342,,aa9d31c30cd9858c074143b9c129f5779300ce59
sample,Vheissu/neblio-dice,api.ts,1fdb322964d7f7f0bed649d2a23bbaaaa6f2fe3f,1fc98474fc47e04d01e9b36d73bf36d274298f0ed44938e5d271f835e0ea272c,1974,,c1f9252e61783b08801707a72b9e8ae30b9a0f87
sample,kyonenya/jwt-auth-playground,jwt.ts,e68dfbb1e7147c7fb31a4ea9f6b6428e4b15140e,4755c29a1a447af795868176a3c7f5996551d65a0077c8288ff2642a47473dd4,1022,,87ed9be202132badd1a357688e8ac5134e9cc6bf
sample,Requenez-Diaz/Crud-conexion,auth.ts,87188e8eea2805736d6bf7020a8bc7be7f8b3716,5479fa58a4b9c474242c468cf788a1dfc9b40f0529d92830fbfc1812d9f064c3,1232,,8051bb7286f10271337c074d375fee2278657c96
sample,p1atdev/web2discord,auth.ts,414cd62b7ee863e0fbf914b588346ed3014b7c62,884bb0f6b5c41c0e4575ae962cb70a9d042a4113cd92d6712fec5433b84ff31a,609,,d1f28ef34a85d83ae214dec70091cae8590d6d5d
sample,mcebzkhumz-stack/EduPortal-,auth.ts,784e4fd0c913d5cf240e485a4da5ab36fff7e85a,6dd0d886642deda1acd5f491b527dc3dbf710a1446527db8b857b8d06678539b,1711,,558cb0a38757adaaf4aab0a09b36535f25ced693
sample,denoland/jwt-mysql2-bench,deno.ts,3664a019958e7d9dc98c0002c7e2f7339f9ec09d,e5b4c4e1eca23ee7108d106377dc1a336b5c6c187f754ebe43e40cf25d91a85b,1087,,51fed0a7be9bad9bce90257fe11436f2afb0c433
sample,syousif94/aiprox,auth.ts,0990c6fd2361f676ac729f9f054748870ca286ff,22a582f14f17e8529222e989a244866e21488e941f9d6e1f1499a62f70b2e589,1013,,a1f617bf86e98aef153a0afb5715c600f108e9ab
sample,harshitnaik-ship-it/hack,auth.ts,921db46f94ce1706fca449f413e49498bf70f62c,b23c189e92743f9bd553c2fd4761c000223bd75d89a4146182e0ec37b577ad50,1457,,c252c4a08e654a1037b5761867b9fd6e216a931e
sample,mkai-lab/COD-Battle-Management-System,auth.ts,30abe9a56cf778f3a4a1a9e6c9f15a3a3ac68a38,9640d51452c59cec8d9175ca6e36fede7a28048bbbf8ca97457965c14317281f,352,,c6dae8ddb26e8ca5175f6e9343742c9a0db3a6ac
sample,tonymm81/web_page,index.ts,77bf56f6cf2f2adec317c272ddd8067280e27c63,9435c71c565dda21e517a7e5fb2dcab92641a95d8eb25f0e953c4bbad2c82bb0,2094,,15bd1f4bb43618879e7f877534b1665eb2820f24
sample,MiriSpitzer/de_pot,proxy.ts,3fda55d694bea6915a5cf71d8efbd0c3753e2595,5b517f604e27e17f598d0c6f34abb78fb3dc6ce7971ac2190cdae1156f80d2f0,711,,6f1c91c47dd64fab4a75420d522f23e2ed515afe
sample,oduyemi/AlasoVentures,proxy.ts,349d6d3434be9a7305a2e50278bdbe9aa577f011,f2204a5e2fbc912c9f8ec9548fd215c4640246a388d380cf314e615d8150abcc,836,,094cbe95c878415c7b1f10539f6bff46f8c5e97a
sample,alexis-gss/ludaria,proxy.ts,a6648deeb3d0ff90bb694501e4377035d1e8f025,e26472359e2597c5848893b0a748c494b0a9fc8eafed2ef24a59eb79588be5ce,1915,,ff2f032a928d86ebbadbaaa82ddda0bdedee92ba
sample,dottgonzo/jwt-auth-class,index.ts,56a9c5c5d170b78f5bf6eb446870f01855980c61,fc5fee9213bd998dbd4fed902c9e2d7eb42c99d135fd6e173c9cf143e7be8f54,1255,,f6b5ffe60fd4344f1e2c2112666f54af868455cb
sample,MiljanSjekloca01/cinema-backend-2024,utils.ts,9910494df9556a7b7ab24dad3671623afef07dd6,78a9fe42fed64810e39f339dac2fd30e51635f6b112713dcd1499692238192a5,1623,,65830db6b991b00a11fdf1857004e61e8e725db6
sample,WenzelJoao/clinic_backend,token.ts,fb99a837c079146fb3130596621705b39d121ef2,0d2a285fc5a3303206291663b129f187a5e9e4c9c85601421a45fd8e2f7240ba,506,,923d5945d78f61dcb62cd0cf886e1c13303bab57
sample,Asciugano/A11yLab,proxy.ts,70225996593d83b4646687eb023a37e28e2157f7,55513e12b74bb665d5d3b3815a1e158553a6820f99a36ee5091ea75ba380eda7,1123,,2dfd8909e03058ec98eec6057bb64a61a102d9e9
sample,berkerozer/dblesslogin,index.ts,d112903c193bb609218d399b0dfc3a185605ed79,2ab028019ca5c13802bf5327db9e8ec0b715e7da5a90324c79e395258bf7b5b2,1828,,1a0a792d323c561cdf5fb323de614820266c53da
sample,vlicvn/qrmenu,proxy.ts,3ec43280307fd6f35942bea063a6d0c551f89f9b,8e2081a9ea982fce6f213e5e0d98465b5ac1b78d190a0e56eec027e46167ed55,3056,,e85fe76047082ba69704c4e764e24acc5cb4aab7
sample,Soumodeep084/cloudvault-storage-platform,proxy.ts,4218b20ad62f68eab9d2942ad004570c1ef3ffb6,69c31f4f54b04421305f43d4ca39f11f78bfd5665d6a736186a347f492cda73d,1432,,
sample,Narendra0266/school-management-system,proxy.ts,083589610ead77f02d37d33e95d220952fe2431a,2bdf59d1759126c9ba5221569373264a6069ad264d332b8af62ad42c5385e73e,1045,,4c98a2071cb71979c0ca5bd96d046aee095f5e84
sample,CeleritasCodingZen/cryptography,proxy.ts,ffdf283fd892bf78772eaf175cae0668cc98e3d5,20cc7479387fd59426f68f8b2b1fabdf8310807ad89b1edbf48202282de01083,1842,,a0b6290cf064526d9292cee8817a0d9d4788ea07
sample,Ayomishuga/Cardano-Bounties,proxy.ts,e0e96d14152fb84b4a797ba5c3bd8b4fc7e90fad,16b11e6051da98ec005701c82c3422b53346e710e5c5beec1e67ea7b98472089,3295,,a4e252994b1e897e2040b9a0cdefc5e942ccb5d9
sample,mmansour88/wee,auth 5.ts,6de853a2402c01d883cfe9a7ee70ab232d60f0ec,812f7a63f4a3f6550aa4bc9df670834eb0a604f5313b67459c609635fc47d474,3334,,25fb836479efd2fe307794b44eaa5631fb50bc9d
sample,mrizalbasri/Medivita-Rekam-Medis,lib/qr.ts,678e8b26e2cde0c52c77cabebafc5ef04fa8f752,974dc1152ff0abf109ba55fc1fb6876a60d4bb321f866deaf932603dce45b580,1386,,9e930d1baa31776c04705a58969252f89d130035
sample,Ritvik2021/linkedin-scraper-revised,src/mw.ts,15cae15fbbce514ccd82e205270324b5798da404,8351dc09eaf8be050da6dfac9612dbcb2bb066e4342e31a133e6620461236254,734,,7168dac43d7d0420d0cac068dd328a8eff8b912c
sample,dayvidwhy/simple-chat,server.ts,7d63701e8b191923e8ee9d630fd06b7f0117a807,faecd1b91a05544f4b183dc06f47f523e10bf17815804dfcc9fe9160cd7afc2e,2058,,4bdf1ed67d2abc178db8f2d1162d0fc7ee495718
sample,Angelxv01/thullo,index.ts,45d81143b6a82ad15c9f5a222aa29656311b8d6d,cf15e13caf67ef35cc6a09de8b67145061285ced5d415cb7538d3ec6429ba50e,2132,,09f370c11044c66b1049d2caa94c6e54a23b23a7
sample,anhpt-bss/nextjs-tailwind-starter,lib/jwt.ts,05d3b0f31fd9b9ec692cef6798b2613aa0a09ec1,3fe8391911cd653553e2931dda7db79779e32c39f226eb543f2555d89951c6ee,346,,c4a27930c98cc36cb7185fcf767ad45e78449734
sample,gtramontina/elysia-authkit,index.ts,1b80c7782e548717481de692fe516d1df2db3220,7bf68b578008330d8bbf089acd5c99a1d4ab55bc974810a4a975b8bb34f124b5,2715,,40d289f9841c4b39a1ae2a4e15818b98465abfe9
sample,furkansimw/SOCIAL_MEDIA_APP,index.ts,2a9ff7d46940201caafc37ba62477447f1afff6f,ff142ec93f66d0f017b4eb2803c09f78c354cb90854f69ec0f87ed433fa6c534,2268,,e43992052c85b643121a8ab2c3c17250019c486a
sample,Karan0990/EduMart,proxy.ts,5c317e7c14f7578c293d7be569d2e06618c98bbd,79b3b87420c7804d03726bea3e84a3fb5461a9d7d59865cce759924d911eb3b5,2298,,29a7751e51d42a08fffa37bc051176e924134cd0
sample,Asura-lab/meeting_app,lib/jwt.ts,20af6abac3422f76fcf926e0da406223a9f7f11e,f0ccb77d3602fc51deed71b641adc41f4365bbe9c3d6f31b1163563ca3c13db2,3097,,46aa8ae5a66eeea7665bcb710feb4b953bb86a2d
sample,Jikuto4322/RTCtoBCS,src/ws.ts,d0b36dd6500c6de9bca6d1d4bf65fb4a4f81a282,29e1c2ae42c56a5d1f48bd74666a96c1bdca74289b66bf9f5417e75bcb66de42,4553,,d7e33093686bfdaf0cf4ec1eb86a406dc74db242
sample,paardarshee/wellnessAssessment,q4.ts,cc6254ac3e4a731e8170964de7af1dc8b29c12a6,9ae857e4d8b54c1875f7faa2abc8bc3abf979237f9ded5a32328a609e1224182,909,,c4ed9648601a472bc16098601fb9cc72cc0939e9
sample,vuquanganh77/hooper-gate,jwt.ts,2f0558216f9b94538753c0a11e9fa9c77a815a13,83725875efba6e1d2b11c51af7f651c11b4bca04434e9719db0b526c2d700dab,689,,e769f6bf28445222c44647eecf80d0294274766d
sample,Knightluozichu/blogServer,jwt.ts,2d9dd4b3551cc99e97b08615668491e183dc119b,09dd5724b20744ff2e284b7cefafa4c5a13c99a552799b3909f444e774d69a5e,1007,,88e32631a43b52b25b68dcc9d2428d4a1cb85dd7
sample,riascho/authenticationCheatSheets,jwt.ts,b244eb381a330b988e0b0b4fe0808b76eaf1eb9d,b837df1773895588145934c821442ec94fde19fb50d31cc5554c83f33cedadfd,1069,,f5726a5e7946a3a372f4deeb6b112ac943b71a87
sample,SURAJSCHAUHAN/transport_app,one.ts,03e5ceaad96336221ef8a1239ed6e05a18287e89,e478beb7d0ffd33a793e56611bdee7d0b17f36ce76a9a9893ce908f1d189b5fa,1425,,d65d90d6160cdc99f8a06ee5aafe1b942c1c3581
sample,konnectrsk/Test,jwt.ts,fb6fd8885abf349ad4ecd55a84c3e8bc1838218f,f357ba451bb65dbee3578f29bba2118c15f50fefa1e7cf5fa00a2b1ac48b9146,843,,2b23ee95d612f41cb02b9960870418a234470d3f
sample,eternalmangekyo022/hotels-backend,app.ts,4f8ea8f8a36fad55cb4093744d16fd260abe0ea7,2ce0af776c1e82c53d904744874f5853bb4f5a1261a0d68c9147673bcc022619,1993,,5771baff3a8ac02e98dd9d2f6318f0255f022f0c
sample,TBA5854/Barcode-Scanner-Backend,app.ts,3955494f2cff3d80401cb6da8900f6dab3b95f14,3bf0f374e35b69f5b057200f48b54b47e5b2a81e69ca564b4c73fc4417997e7c,6491,,811b4a12a88c143be3cc58262e6de619c49c3e72
sample,rafidzia/interview-griptech,app.ts,a3caa48b3da5dcc83b5e679f93d0d533f7fac0e4,6960322cc505f4e8643d2c3506a12f11af68063ed5489cff0684152a4015dac3,1764,,e96ddb04a66c93dc362d3b013f83a0084992800e
sample,srtucker22/chatty,server/index.js,c756868fd9408842e501f41689e0aea1b6b17294,607589142b9094b78f11b2d28e18d557079b356a56cf226fce7ae17e4b98c892,1911,,f610a33021abf18593713d07d67caa541f57cc03
sample,mono-js/mono,lib/jwt.js,57866113dcf67d04bfd94278faf45db5e4896e7e,ce318802ad48b0b2a2d669165e22258cb7793f62a409147695f6ba204a5281a0,2125,,8b2211c316b8067345d9299e1d648dfc76ba95c1
sample,lizhensheng/vue-data-view,server/app.js,33acbcbab70c8621697b85cbf1f8b84f127b542c,756e3735d5f6bf136304fb23d7127c0e35137406e92fe0a8745916c1bc33b85b,1943,,8ebc52d4671fa107fac678c18ff7c8b5217f16e8
sample,PacktPublishing/React-Projects-Second-Edition,Chapter09/server.js,9fa14f4e5a0d49cfd8a5d414af32b917df460ae6,282cc6d4f7664ed2c56db359f16f59d8636a83505a599a429331cbec1031226c,1485,,8cc663f0430477d7274ad13de32d84363faa6f1a
sample,twitchdev/extensions-hello-world,services/backend.js,3fcdcc50fd3c1ab16fcf2a22a91c3e9575c9e7d3,e8bd53f7c4f68b9e207cc56c9ec9298793a4fb4edb495b521ca4721f4b634e7a,9108,,78bc797cec554f777155622929d684e115ddf1e8
sample,bhavin-prajapati/react-redux-node-auth-starter,server/server.js,638544b2ebb44ac6a44b55ad462378a011489620,0c53eb8156a49f7502c3a5d67b9383b681d1a2e0906ebfd952fccd335a7f1175,1912,,303798cc9a32d2072d2f2caca4c9baa3b8ec10be
sample,dronedeploy/function-wrapper,helpers/jwt.js,f778f897e4d0f877544dd2251915796894cd4de0,391b8ec483aef40c917c1076f8a6d113a71c1a080a06048f544c1245d531ac50,1099,,920cfaf104e1cdc7d932ae0059f16a3ad2288b15
sample,ErickWendel/postman-is-slowing-you-down,recorded/app/api.js,23fc7bb3c7e29f642e5062c6d33f6c0123bb2bc6,abe1ab6edec73ef9de7ee2c80d2cffb26aeabfc7f8c26836963f96c0f9670cd7,2025,,206ec15d30dc1b2db1766fb599f1001fb25fed3b
sample,ging/fiware-pep-proxy,controllers/root.js,81f7369b669c620353b9d73f572b31c7062629f2,66335e46a136a509392c87bc6e7ee9acfd4a3a6ccaef0bc02a74f7aeb5cf9999,4773,,475474ad47de7dd46fb40473ed3b1db420c1181a
sample,twitchdev/extension-getting-started,services/backend.js,3abc14bfa7ff7d3cdfff832504e8d3bee42b88b0,e5851dbf1c01349356577e66e271a6abeafd0f38a8956623ad71a6fd77a80e7c,4770,,899e0589549062f6220e4c0a7226f75428797783
sample,welldone-software/node-toolbelt,src/lib/jwt.js,77cec8ae7173055fcab80565a618609b96434293,cfb86fca12a6e4fdf8aea3efe22b5734bd9a38faf1b59588f1e93b99e55d6132,1816,,ec722dd5304661776e45d7853c43a18a3b05cb87
sample,HandyOSS/HandyHost,CommonUtils.js,48c4baa4438250919411ca0e8adcc10440298047,f09e78b32b384880ab8932d5f1670dcb078fcc371ccd9679eed43f93f06d44bd,17937,,a6dcbb9d773152576836038b7e70939623dc76e9
sample,mathcoll/t6,routes/ifttt.js,fa1583d91425f586d57c156e78fc820c1f39a00d,f19dbc93af74f82bb829748f3ede52557abc84681e95979fdb8d0f5ec7ef66d5,8631,,6718d0d3d121364036e0dce2f37afaa30d59b6d7
sample,chanakaDe/Mint-REST,util/middlewares.js,e143f019c64e96b9336e8ca958a84a1a8684bb41,f4a902f4dc56772b7cbed6d4081ffaeab4ee43e48ccef7262f8e5ea861cc2056,1228,,2e3e14c7e5ce8d2b6101bd74ca0915604e971665
sample,Cosen95/rest_node_api,app/routes/users.js,eca0d9dc4ef19efe21a17152ead8a9e59550e53d,4a5db26a1f0ccb9c53357e06077f7053bfa886d874320afe0b85351aa8a43b8c,2607,,f64d2071d57f0f1d412bea9cb1da37512b9492b8
sample,dayofpay/V-Analytics,lib/jwt.js,b82d0cc9d3d202bd2d9d9303df1015b77ccbf13d,cbed578fb657be8c676eadad4aef7d4e00297ecf4d31c7acaf944b2be708de6a,205,,6bcba710fa0cc5a6acbce577e44a3a84a6d0fc3c
sample,mishrasatyam/svelte_kit_jwt_auth,src/hooks.js,2eafd720eabb30534cfb63dfe2736440804afd69,ad8674442f7413b9a74554295de1ebfccc2705c3390882c7025bdeda7b83dd2a,702,,eb58a0277966fb215e259d08b7407b5aed863f5a
sample,mattetre/bitclout-jwt-validate,index.js,eb8f5d37dbb1144d585a0317b9099b3fb5607029,79b155ee4ae63f0a2b391969134104cbdaa60b8bf8597df907bef4790a924112,1904,,294218e7df8d28bfb2e01702b43f35aa98e386fc
sample,stanford-oval/medxchange,lib/jwt.js,1047d96becfa939c808a383d96bb34b5a722ef3f,84ef231fccad5f3305efc65e77f78a0fe1c3106d7531b8ff033d573f6a1f2144,1278,,e56d7b3b459e3e5f351ae6aa484f6e9a77f40dd1
sample,walidbosso/Nodejs_ExpenseTracker,middleware/auth.js,a11e51d4951b6021849c133248dd88fd041e790c,557c6fe3ecd9ee6b487ae442cf46dcd2ec78813c656df453b93e00dd755b0d7f,1701,,aec63aaf97757a5de7b7c2dd0a239383276c4ed8
sample,olegabu/fabric-starter-rest,api/jwt-api.js,45fc2c55be89369c6b4a388a1a95eb497d1ca7bd,bf9fe484983ed5eb5c75d057c650cbc2871c5b76eb7f7218b5f7041f80a2a083,3721,,3d24de7fbad883f44a5d601d637eda6ab666c11d
sample,experoinc/aws-lambda-edge-oauth,index.js,45eeef953d531ba77907bd1708fb986a8022611b,b4916c9c4e029a6ed6c00b482c15291d5dd28e50f95d383ecfb6f64edd4ebb33,5051,,2ce32e3001f50f61d56265c09910e07b9663666a
sample,stoic1979/teammanager,app.js,7fab3ba332183c22d8bf3cad26d604597fc387eb,435859694e9beee002fd78e7fe3b01d8f1f6229056fa892d4ef1ff54412a74c4,5923,,4cfb312132e91e47af5ff8cad0d226ae4bbff3dc
sample,jerrychong25/node-express-mongo-nodemailer-password-reset-jwt,server.js,d0692a35ca2f5ab3db923a310b6832e085efae0b,9ff3bb2dbeaddf70bc6313a7b1fa089bc073f6aea27216b9c7d194a1738d4607,1204,,627e415733bb5a1d86d19623e600d3875976946b
sample,aws-samples/cdk-neptune-knowledge-graph,lambda/jwt-get.js,717ecfd97c4e78e78dac689e978d376e77a75a8d,8b9b1986f8cfadb60c638a07b64b6804618923b8da723fd2a63b3f48b6bb7b52,6682,,dc884f179c213e3e429824521e0c22aa6aa360d5
sample,OXOYO/X-WebDesktop-Api-Koa,src/auth.js,7a6600618d0cb57b207f40c99212f4e2ffb8a71b,2795fe7c3d761cc2510f62e523dad3396a0093106617f62bb31d528c28d0751c,2849,,1318dbc3187bce93c239d64283212959e1bc70a7
sample,24hourkirtan/audio-streaming-apis,utils/jwt.js,2f493669ea22fbdf14b3ee6e1b7d9e80982ced9f,461371d843f6e4d01f17d570e0d9e391d92fce0b84c8fd572d4d0c000a312bc5,1957,,98c5f726b0e424e6da32be3d7675acaba7b89757
sample,OXOYO/X-RESTful-API-Generator-Koa,src/auth.js,16585027896ecff55062f461f76b4923e740c573,85e0304ef162a2fb19e282abcdcd558772f84ba2dcb62e556af0aaacc0a9bc96,2368,,ac4715102d21702d3fc7fac254fc4a8008306313
sample,seanmavley/unifi-voucher-payment-server,app.js,01624395dc1b966cfd90f35101d8237bb27a0ea2,d7cc159c45cb6121fb115e82d613d18c6aa421274955c009b773f99bb4c16cba,2454,,f66f7d5c09e591d276ad5153fdaa8607b7ff04c7
sample,aws-samples/lambdaedge-openidconnect-samples,src/js/auth.js,f1d7e14b13e5ab6c7cab2e7d0756aae0d425bac7,7fdec6b26b702544f24eaae8bfe17ad01cafb2e4d55c53ec9d3332e36aef2402,22143,,fba0cc7e5164c9cde60f57af71198376f1e7e7e5
sample,NSWSESMembers/availability-poc,server/src/main.js,cab7f0f0e024987eada9252410154c93222dee2d,67c8bc4d784cdecf8070e35160575a8518e0204c7f45aa719e5cabbd7f907a68,5490,,7ebc17b6005a3c1573e6c68bd5411b0657c98f71
sample,Halocrea/halocrea-stream-overlay,server/io.js,b382b7c7f02fbed65b5f3b5e6c36831fabf4ffe6,6ab97117b2b0c160a1a0a7a1d38855ba7f1da4752b1d1313ca0c420f776a4e7a,940,,7d8ae7a70f52e3b875735371a2f8c2061aa433e7
sample,SocexSolutions/agenda-v2,api/lib/util/jwt.js,85dc063af6aa9611cd2307816a7bc6b8299ddb6a,69ebf15a81a31a14d0aaa162cfaf2aa6c189138b8510b6602e4e92cbb17e61ef,1957,,135cd6059d7ed1db342be34222da70a9e76308a4
sample,fedosejev/express-api-token-authentication,middleware/token.js,f5207283600d2536d28f12075c308ff80b7e7139,19144bff8ea8fb499dd2a7820db6b70165fa7a69d1051f1e971d6d7f3415f1ef,1563,,f6a0200759fc09d3b0b832a917e7f045df4ed62d
sample,stoic1979/ScreenWatchApi,app.js,1e5d4c72a07dc30a763592c8d72dc660233a80c0,5f8355a624693cd7363f8e14879ec9a64e5847538757069e543d322d541b446a,5684,,328174e8c867574ae2d44055a01b7b99851d4155
sample,Keith3895/financeTracker,api/middleware/index.js,620bd772838687af688ea08f249fc717dfb0cd2a,01caa10169dbb64a9a3d566be18a18d60e9b6fe035f192ce0da1f981c0ef8a22,588,,d10be7522850cbc3e8bbf5829f79942654386fbf
sample,ivailopapazov/softuni-cubicle-may-2023,src/lib/jwt.js,c39089286c4f797c3e50a79d191c44b96d1b6470,7e7f8eac3a5b7b94061531a5e8459e76b6fcad70f23abb3dab83c4adfdb1a368,210,,9f735c73af7cac6476d718a0570b534fe5df2d85
sample,DzenDyn/baseBackend,src/utils/jwtHelper.js,93f7db8ba624d2ac1caa96660774e4ca2b020d73,967437c80399a095a555cc5aec7102b9aeee144038b59fb1c9f43e605365e78e,1549,,c60f4e04b94865ad2cd26c4c3338ab6badcc6acd
sample,ThatConference/that-api,src/security/jwt.js,d4483ba7ba4007abcea7545133dabac863be08e2,dfbb23322b96db35a97bff5d195e51e49fe9b1173b4b54c6e4ed705dbab8c683,2319,,3f486658f10af833d4cb35d2de7cca9bcc9eadd0
sample,iopipe/lambda-requestbin,s3auth.js,b3ee95e898ec63187118a912dbbfc3fca489a7cc,61a095c58b159c96da7170715a553c18914aafa40c4935726fada431fb35d79a,1122,,affe22dd87e905c252f5ec9efd522d467bbb8b33
sample,DoubleXm/part-time,services/users.js,e65f08107bcbf5c16a711cbd15c2e44c62c848bb,08a9e19305883a5c73ebc0a9a0097c8235af18385e79ad801368fa2d6e996b01,8637,,b3d33f7d5e4304ef0f93b3c2716a536b34b7698e
sample,connor11528/task-app-backend,src/api/user.js,cddf575a418a0c0263d5f56ecb59d9dc2a75ea76,bf17bfe68743c6a3f2546f75741448a65e1de3aec8b35f4098107c5883075a5e,2170,,5b9a3e6bdb6bae8717f4535af8f575295e869f49
sample,chingu-voyages/v8-chimeras-team-02,backend/index.js,cf658e6bd7b3da3ad966721ee727d20fe85e7b67,173cfde10a11c91aa9dd8d9402453f94093e92e81f32ee3f602c4dfdb1252da2,2011,,94f916487b2069fcd4815eb8632fc69053287349
sample,sspringer82/webinar,auth/index.js,96036db59e960aece4f287788eee1cbef65c5324,139f983c8dc955c4408a119fb1e62e82b83737e8536512f8b34ee544a5fa70c1,1288,,5047568c3c4ed3298c070353dea800f3fc2014e8
sample,FilipeFilpe/medium-api-jwt,src/auth.js,d8da9f61ecb083771ac2d272934160aa178e5433,4fb213ab4ee46f1266bfe4f31ec5a2973bb6d65ad3b3b8e510c6e4eedb3226c4,822,,640144d523349e7993b696e033e6f69198547c56
sample,lordrepha1980/MobAPI,app.js,a086e7b8e6c34e8fe85d76f965de36c96a31fdbc,e38d0ca1809552cf62c68108bea607bf57ab5f6a88aaac1ad865c4d641b34133,5011,,80761de67b24518787afad4af55c4d46d75378e1
sample,therealAJ/HomeSafe,app/routes/api.js,3ac29ef2e1ebd0c507f964110dd9629caa845887,662f0690e1bf0f71b096bfaaf5b953ce4d5054fcbb1fb4451759a0ede6b681ba,3532,,184da31ce2e11f6a36737e63717d8aa24de886c4
sample,OnZeng/chat-room-server,src/utils/jwt.js,df11b939667e98935ba22d1477de7d3dca2ecacf,cbb627ff990dac52bc1b6376f0a79b9a496c3aede4d47965eb555a99cb268e44,1858,,d2059a52b8f5564291f62ba07d3c74eafd5f0cae
sample,coder-hunt/RESTfullAPI,server.js,5be2199b86f749793822545098dc56f8616b63bc,8ca5e9ad93a9a1b83355a39626feb85f502f0d9c587053ae9da1269fb90055d1,1059,,caf33d06d4b3779d3a0b4e284b03850485206f47
sample,arashdoescode/userStory,app/routes/api.js,49c0a46214db95d669fa612047f9a4e61240a935,084a1ae92c95c67cc6eb0e3d4726e606c6ccef91d68835f0fb5a755a17de276a,2991,,b7db5e33928ec7a8d2029171071a95b551cc27d8
sample,Kevin-Chen19/GoodJobs,server/util/JWT.js,face2eb9b29568b4774335fc68df22ac320cd386,a34615a54e3ec438dc0949fc4faaa320bdc8bb44fd5c323ab7573ea2ae6fef1b,779,,d19b5422eba96275653bc27358eac30256e5d482
sample,darwin-morocho/backend-curso-flutter,src/io.js,713951cd0beb9248c17c247391a64a14757718c0,36cdc172534fb74cd2298babf57d1500708df0e36fda3a5642487d9f9d00c9d9,1145,,6cb4d7e8d272c09236e8f7345835df8d69119485
sample,HiFaraz/express-tokenware,spec/provideSpec.js,f5ca42a68787160a960a6f467d538415a5efd974,7207cea4643a27ae08639e40e4e00cc58d26c3538789cd03f62a167d4e79445f,1304,,feef3455e34fd4f0a6e210d65d5b48832f2b597a
sample,mwondhaf/sec_dispatch_next,auth.ts,e2b932fd9b175c3df861aa6b7ccf8fd00b5a3844,b577dd2d26f75cea67f664fe93a2a7670f440dcfb901479ac06f5e1ac1a81232,1918,,5df384f11b2b2641e44a9159a870092fc1359d9a
sample,Sudharshan348/VManage,proxy.ts,aca372dd5ea9ce769fa81c7b7204d9568c76a9fd,af0d6bf50d4c0c5913fee5b830649c9fbb17183b6730e64a1137eb05ba109fbe,1675,,b2d3653156c8d4a9853eaeb283531dfea6b30903
sample,shrutisharma-git/placement-prep-tracker,proxy.ts,b25386dee7af704d6a9ac066bf203edcd21b62bb,6c9d69d614527b74f3cdf5316110a50eb13441b939dab72880fed32eee63455e,1407,,dbd2c0b4f9b1c8522eb1b1b00318649411a673a4
sample,amdryankz/karir-flow,proxy.ts,539d3fe25895cdf1be69a27038380ca277fa0fd0,639cd362d6eaddef836c9ae3e1fa5b6fb8596e4251e65c0b384b8cff300d99c2,1871,,c27635b5be451fb7cec0cdedb08faad5c99ce837
sample,amdryankz/test-project-fullstack,proxy.ts,c7977e65e6b1f3aa3ad117cff6a205a5c9a0da84,155aa10b63e0b750d6bc54d2c0e04543dc3741986186c3b30cef315769bc9cdc,1407,,56186790bb641c663fc19d0f3d72434c44f0466c
sample,rakhimalik015-star/Ai-Based-Emergency-Ambulance-Tracking-System,proxy.ts,67ff51bd610858827c370a0c45f70069715c3a7a,67771e401254e8c2ca70239fc7d3441bc29cda18e8625ee3b90880a1a93c184f,3841,,776ef00614893bb32a464a87c5a25419313ec4ea
sample,ehasunulislam/Ph_l2_A5_FixItNow_frontend,proxy.ts,b8269b56c311f68db1ac013d4da46968381cf4e0,c9c01aa1a9cb77725fe5c2f702ed97b2ea4acdc8f96ae5a4cddb1f8fed913c20,1472,,b0a709e32f6ee2e70a33c56d8efd22f63562e88a
sample,mehediweb01/gear-up-web,proxy.ts,e02f808da9da806171c859394c6d4edbcd13a362,60944c72795796811600f2aae4fa2090bd910d9f478df523d071d2d9ec2b1ccb,1421,,c94afca7c5d2c75bc346fe555efe40d89febf275
sample,Monir-Ruet/Emap,proxy.ts,97a83f80bdfffd4dabc06ebb645fd94ed76b9827,d0e70372e331ce151f34097cc7944d8123bc9a54e89867b682a2c9b1a1818402,1631,,a0fe21e1668bf877e7366876640ad6e81dfe5a19
sample,richTheAnalyst/xxshop,proxy.ts,62792e7f1203eb9a48a4ff238640ef3bc12a9752,0132b6f0cac0ffd1beb85b3eba02efdd74c900b2cad164d8bba0c68601f9449a,781,,31d86701ce5d92d67343e0d790aa7ba9ac17a545
sample,sudeep7regmi/JobConnect,proxy.ts,0bff2b4085129a5f4b076a308c16e33dca78f958,9059b151ced51d756313bd67fd197c46d9b3832acb1faa0abdcd745ae06708b7,1577,,7b5807faeb7fcf8ed28648cb785292baf33f6d07
sample,asifforizy/Apollo-Gears-Frontend,proxy.ts,864d1a54258b3334127eff579c458a99176cbed2,fbde4e337d38fe4a969681aad7d3d7a8b9f39991a27ca77b2814f337dd7be60c,1845,,6c3787b937a7f273b161b59ff9ca7add131f4add
sample,Sohag-Ahmed056/tourBuddy_findYourPartner_Client,proxy.ts,49c0c5739a64b605294006c6c2ed73a36f98eff4,a99d62640c11515e09efcbb0b5f9da6689037a1ef822d891559097ea1c8a8969,1950,,9f580112fa6d88edc244a40dc6e2f9c85cfd2cbe
sample,abdullah-zakarya/car-part,socket.ts,4be11dc3175529871255aeff48e3b05a53b5f123,be21074549ed212fa4f5d17a67810f00bddd3b948fddeebda217ab6170d4dad0,1448,,bdc64765d489c4b2da63c5c3d69a4211aa07e1fc
sample,Sakshamkhadka7/Eccomerce_MERN_Backend_OOPS,server.ts,3afd532dafa0b39ab80ed30018303e42dfba8156,d08c30c5c9e29b09af98403b7245be8d1d68bdd7d4ac9a9b4171b6d9c995ca94,2610,,59f4bee0d9b23808ff2d276643b232ce8632b46b
sample,kharalnirmal/Learn-Auth,lib/jwt.ts,32ce0561e310d473b8375e7b0ca7f15921bd6027,af7f2aed4e064db86890b3146eb6b727b712285ea52dcce3d0b08ef1f711ca81,2855,,4420d60a8377007da2d5416833cfb3af0e205820
sample,andzia913/FinanBackend,index.ts,53a7d3a69dcd47266679b07b98de73ed05941b38,a5e8fb70a22278cd5717217808a1640529b39b55384a58f18538dce8f02d63c6,2143,,b1eee4442d0cfd02f17234b298612fd141f1d5a3
sample,FollowTheFlo/DeliveryMagnet-Shopify-App,shared.ts,4ebe5dd409a3e9437bea4ca458883bd08faac80d,cb2c0ec9c04dd31957a791f7a832c36fbfaa90c9321e7818ada42cdbcd8392b1,2838,,5cab750a449088f75f33873ed2efbc02e4812161
sample,anisirji/mcp-server-remote-setup-with-jwt-auth,index.ts,2219f29277d597167f8f938e5ea1c1d6372eae1c,145b7906a9e370be57eaad1fd098a4179be716e1b32dac7d8463cec6affa4a7a,4145,,ec86aafaeab93882eee057b137c724935961bbc1
sample,mihnea112/MarianApp_API,index.ts,44082f74d0b37fa9ff2d23b44d5b357a6a45fd65,ceaac2c38747fc1f4bc58562c70aa7d1701f8d66f77d3fcb89d29b427218050e,23251,,da3053e6e027b8a63ae189d5893062a496a7cf55
sample,shashankWork21/niche,proxy.ts,066ecee42bcbfd533fabe3c49b267bff1286e5c0,7c9502f18abf2c747a3f8b7d7fcba202716914ef8ace6c61d2128fc584db5f81,4664,,f540e7b81d0922d235ecf4e718839afe857e0c8a
sample,CarlosHxH/autocar,auth.ts,bc0fa6c55fd768f845f0d22f72587d88f2095407,67e9daa072b6610b7b7beec83d2d8c6ef930e1a8b0e4f5336c81d02f60d7b095,5019,,7a976a3b0c3032c4c9ff6b9c2a08306a33a53f1b
sample,anishkumarshrees/mern-project-shree-beauty-parlour-server,server.ts,20aa228902f2b857c33a193f7db56fab4a7fbfb6,33b80355479e28c23af28e27ab7bd792fd9a022c49d51ed6bb13ebea847390c3,2556,,d9f1cbbea0a96015de8609a4436e0647461aea5d
sample,dottgonzo/jwt-http-utils,index.ts,1697fd4faa684137328baa343e994718381d9ef1,37ed08cb132ecfe66c1b9bca137d769bae1041fec3696592a4a7c4a79b7fe8b2,3738,,c39f08a1a7ba6c6da7c8fb7fecab750fc576df9a
sample,furqanRupom/wareon-ui,proxy.ts,d4480bf9f099337226f3757d15b55e5f172337a9,0d1df36d0121ba4ee048618603aab5e6f7babf5a637e96170a4cf06367317386,2782,,ae062a52403afc09c877e088d7acd8d8e09b4757
sample,premanandconsulting/node-fastify-secure-auth-api,src/app.ts,0ea5d7ae77392bc66bfa933cb78a2ea32409c88e,a7dbbb1896c24785968073650e9c9cd99cb97382cbd53f0b0ab7b69ce3cb3bac,3862,,9cca4249b024e22441089e94c06517fddc87555b
sample,Rajesh23965/graphqlApi,index.ts,ec55ac9ef8c7c4731398f50e2ac5ebeb61292b65,81f9fa2f73a3ae35833daaa10fbf21922048b6cafdaad550412c6caa26d5272f,2997,,32aafba6d0ed02e165c1880205c19f871d4091be
sample,v1noid/image-gen-server,app.ts,bfa17cddfe477b40c680d596507a6e2a8b86bfad,bed8a56f2580193067d8008244d22471338b7179a35279d7bc3d49180c87e794,1835,,cf7999e4883b1140361c8a154b4087e59240a114
sample,tmendes13/task-api,auth.ts,ad5afa46fcf4ef1ba3cde7d900952bbae2eaca1a,007cef03ce7f0bc864a30c877104dea845ce03ab1785b834d3ba4ab6ddf3acad,3129,,bd490e35d88704426c7cddee227a1524454ad925
sample,BrooklinJazz/dm-binder-deprecated,index.ts,7cd3368039c57a77a36f075adcb8f1659da7491c,3b16283c29500ab37d985ea7ee04d4110c427f39662b56148a2edf031f99c66c,1520,,c38c4b17720b2df62b5a13cfdc78f382e77458cc
sample,ahsanhabibleon/ecom-backend,utils.ts,a2347fbec96d2917791b8be73e820adf7b865d18,1725b9f8b8e53512cd75652d0a68e5a2ee526a540949a230e74d03cf21e63f32,1019,,d8f8ba9e0d8193528ea87089094a9937806030ca
sample,12anupa-baral/Mern3_Project2,server.ts,514bdd360ac3b160c663710a549c287b59752d73,08d6c3580ca8bd33b9de8c43791f84fa12b5127c1cc0a5d27d6773e65cb114d9,6628,,1993268c4fd8b969cdd01a41a649f80dd413ef64
sample,ImFropZ/CoffeeShopAPI,utils.ts,224b67ec5cee7eb1476e4e1142383f50619f6042,1a2e009060361c4c1d75506e2df12748ded230060b76792b0ae6ddc2fc6b0d2d,882,,2e2d4692bc70a9a94fe9544fc32b10543054604f
sample,cherealnice/creditMe_api,server.ts,f1e98159bd18e082bde0894d3601beb6732f2008,2e50065c7e8cac38226809f028ae81b216391dd2cce64071bf4c8dd2abd03170,1044,,232e84ab3a6ece8ae40db377529e13be633bf346
sample,adir-jscode/Travel-360-Frontend,proxy.ts,d05c7d4d3d4d2d441f69b39a2129dc0ba7fccb15,210d46734494f7a601f63393bb72eccf8674618facccf92530836c1226d363bd,3682,,7430970178be047f6929158ad63e5a0a1cf85178
sample,onixtoken/ONIX-Network-mining,server.ts,58f8a954ac36fc64b360501eaf65c453120bb8c7,50718b3b1841147a1daf316d668842cf6d53eb1eff4e6156494450de55eca808,3663,,2bfa98a3ea2777e29bc54d6fb57dc6556fef9f35
sample,madjid123/Dexchat-full,server.ts,8c8309851c6bd1ba6816e31000b955d40d66d641,097b590336e6c4338b301c1c9c7027a9dfa3da9f8c9ffc4cb080b86837101066,3748,,e52cf5f52f66426008b1638470034766732ea092
sample,RipanRenaldi25/rf_be,index.ts,bea37f6b5de16343bef187eead5cc17e0844382d,8aad291b4ba383fb7a7e7294b4162612d3abc0d0de0fc62b37695aa7a5fb212b,2243,,174f89f51a2e1b2828bf6edcb6721356b0ebd496
sample,cbanluta2700/agrismart-,lib/jwt.ts,4522755b50b31ea4cc533ffaf3da584e9865afe0,e2144b46e751cd14061159de5a51027f37abd94a3c872f38472ad8fad95131eb,3719,,22da51ddacdd4bcc3526a7e65e0845fe9331e54a
sample,Sazkiasabrina/aivas-backend,proxy.ts,0443eff1e5776f34ea1ae327583b2d0d17dd3855,004a541fbe07d7a46451cc79ffb5214c9c51d7daf684b3fcd2c7e4c2586795ae,4052,,bd0501113488ea22e3ccead41726cd9641fc229d
sample,abid-arham/assignment-5,proxy.ts,065706eb726af3cf2e01f4e21acabea72b9292fe,793f96810bf36edb52752626860e801caff0c8b0baadb6aa2cd551303e1c05ce,4065,,ffce6fd7f0492a7f2de9b510efa3a71fdc54cd09
sample,duchuyhoang/chatAppSocket,app.ts,1257dae34ad57ec16a1c5a6f68efd88031f7d1a7,6a39a5b413cf6a95e1b68b7bdde220b4e708751c011a5d7b84b7ec2104a078f4,4826,,af593e9b75d7821ab37efc9c928e3ff7dba96b1c
sample,naeemul-online/E-Commerce-and-Inventory-Management-System-Client,proxy.ts,a112b2412df9e21507b07807c1761f48be9aad0d,5354856df696bf4d3e96b39a6b8a6cd085f23ef47e2c07afe6202bb3ae04c186,4815,,f9fb17426f230d6bc0026b3a7e05e473b7104925
sample,hery-ae/cetta-environment-data,app.mts,d2f5134dc172d0807f78cb1033b8b2f8b5bb3eef,2a2d4c2f25e80e4247027a200b789f46eaaea12565fe914a7e81a7e02f806efd,5393,,bc34455c7bec7ac3ac0fdd0a05d12d3ec2b6cd13
sample,geri1997/hoxton-solo-project-backend,index.ts,f0d917258cab55542dd898b71fd75bfbc39df8e1,906ceaa29b350b4c25b3b310466c8d7422944253581186fcad448ad0518155ae,23677,,4fbd1836606edb0bca43e2c8865479ef7a341359
sample,rohitranjanyadav/Homify-Marketplace-Server,server.ts,99cf6afed84c3728054a65c4ab5ddc2aed40a65a,bfc254a2bc701235aa06e5810e4ccc33cdce4b9751041e4f7ea91f9f50ee5dc1,2679,,46a59a5f808c80def1000cad51b9d1122a5688a6
sample,MalikWhitten67/xavierdb,entry.ts,75848cab1f7ea7acad73e0269760c6fbfcd9ceb1,b755f3ecdd2130f4312b9a6ec0aabfa102e2d9125ef6b40feaaddec8494d589d,29767,,8aea21bfad1858a94c96030a60d654c24b64e2e7
sample,Ayush-207/mysubs-server,index.ts,87a9de5e02b82dc02f0b3a464e1defd5c07c6f9f,7b7e052c26ece1f0553fdfbf366923100156fe5164131fdbb567623fd84eb746,6915,,8613c7d1d7f3eda21049275bd1460612eef887d5
sample,matterconi/entropia,auth.ts,483ac4065a996d9a0c965c27f5ef1211d22136b0,4a6737821f6bb0e80607acc7da2a256aebb22a8154c9fd045a997c8f479af6ea,7708,,d211eafd5c59735b510f77fcb0a00e78add1eda9
sample,lukacera/torvely,server.ts,2ee295f703fb9e55b0c5835c371b5aa65b7b6b75,d0b81d24c2e12b4f73f44be8f8df33a8a642e58b9ddbef45569bb7808f16c012,6749,,9c60158ca3450970059b36a9164ed81412449085
sample,salekmichal1/project-menagment-api,index.ts,89c75359957cb101ab02790b7709c473279080c6,7e13cc77a34b65079b43e9e0e86573d127e1aac33986a5ecc0bcd2953d8a9444,9009,,64ebfa9a3082400c6eeb22d9d2fa698a16754676
sample,gottasellemall69/card-test,proxy.ts,5ade2d4e28cd3383add693dd44c9fc081296c445,3e56a3aeceef498fee02a70b1ec6736d79244b51a84bd9ac4728d1f0ab717a57,7735,,77c77ee4e3adc79f6a4c1687cc2dee14060dd4d9
sample,Paarth5/Car_Service_Booking,index.ts,cd1bac22bb30c1dde3e9e855b87fb260a68d1e12,7d4e4c34ebc8d92a665fc519b9bdf3b9aaa1526159cffef520eedfab6543efac,6275,,4dfc724b07a04e8e2af0e152063e18d8a57e33a4
sample,Shivam-Dhaka12/chess_react_backend,socket.ts,f33e5aecc73156d2a7e5d38e5ddc654ef87be9be,3ae790a5376642628ac5c326a773186f5815b01df2d5f6f2a90b2df85794c4bd,11295,,6b90de647e7088beb9e20f5a7b0f2873d4fd9718
sample,alavers/smooch-bot-example,jwt.js,0ae1039bed003912f14e551729e1ef590f0529a8,801b7882044416eb4c2970d11673fa1948e53641f990f7d2518147a77a1315c1,336,,7141c04981d14042be5d5ce647c9812a45c65852
sample,google-wallet/pass-converter,app.js,0b0329108fb38b082944a6d46005e88fe8a0b80f,5cc8019bdd90cab4948bd04ed6fc537a180c48e9159a6a5e0befc3acf5acd01b,16226,,e31e6951ac504e4c3eb04326ec94464fa8977657
sample,landalfYao/helpserver,app.js,bbc0641b3688945ce9246914b245003fb0bedcc9,477fd1af9a50712512fbba585cf66e33d8ca34ff9b1a3cd5cca23323c9c30f88,4024,,86ed7f1856d8c5aa4db052e8d1e7600bc866b91b
sample,tusharzalte/tusharesume,jwt.js,8ddb09225f2374959940bd064cb34edc6aa233f4,ee0a3945816cc11cf35561f72264182100c60da4df28892113c9f665c6c7ad79,925,,7d829329144c152cfcee1f9e4394cb930bdcd7be
sample,in-the-keyhole/byzantine-browser,app.js,4cf2577f6cb6ca0b3515e711a21c16fc49fa99de,2d951cce437cc9820e661e2699153cdb2ea7c3839c01b1ec2c633c87644d4381,6475,,0e0abe7b113f952dbbb0138b133491de667e0179
sample,tariqulislam/express-starter-kit,app.js,81fba6e3ed2d51cb1b0f337c740ee0a03fb2dc03,bd427f645459f434a2cb9a21b2e9a416818f7b60c2d476ccb0c4c6f19ce04090,3074,,93252d246512de53f9d6111fe7cdf2c42f524400
sample,thompsonate/MusicKit-macOS,jwt.js,c521777cc1a82455df2f1c2a5d46a3c12f5e79ae,6b2cf0a81ec88f54badd53d07d3b6b9d6b3c5da2b5a24c5a51531cb1167a0654,529,,6138fb0212ccc7dc493f839d093d967354dfb0fa
sample,amand1996/Votechain,app.js,c817cee2b823c19afe4286770f2c2bffb3fff8ac,3241249edc00fb7ecccde9f7272349a5de90e1c43fcc67ced923e897c34796de,3591,,8a6feb22b058d3f9dfcd465f1bb19c2490fec0e3
sample,Evanfeenstra/helix,api.js,b160ef4e404882ac27112e445ef885dbe2bc5242,a62f1a9ffa1d0c24e20d12464826891ec3986eab9aacee921f7a6b4baec7a3cd,2496,,45d6125f9f8291e328814df0fe174c2781fe53c1
sample,MujtabaCoder/RMS-restaurant-management-system-nodejs,jwt.js,0d35004d8ae98716d8746f8039e8e6496d1134a1,9582454164bd75abefd1523d92c5bf20e42b12e1e6c759ddd8f365ba57b70b94,642,,1c11de1f45ab220fd94acae62970aea6aa6282e1
sample,iiitv/CTF-Backend,app.js,837b203e21e20bb3918eb28656d15932e5e9d589,e55cea830dff5312afbc12867019447be6d4e34bd2b19ffba46f3654e471053a,847,,c9ee0d7654803de1b9ab75e934b309eadfad0655
sample,raultomescu/TorrentVideo,app.js,5a076835ffc47b085c6dd38660745007588fef64,e8d8b8fe7ca6d1a968384ff09dc05003883bf6281ce09bc1cc2f1186200a5382,3098,,d826d7edd661b38df50175eca0feb07a6d0c2d40
sample,nankailiang/billiards-server,jwt.js,1efe6520018fe77d90be674a8389f6f6fb1e8775,7f1c4bdd4770b250a5ce0a5942aaf7b26433968619d03b9784e2fcf69d9a26fd,506,,60ae35a5ce8efa7e60de74b745b3863ce8fa6e55
sample,chronicled/jwt,jwt.js,d061f1277a146f870937b9e5ec8a1be6bcff8bab,ccbbfd2cde12ff6cfe69d7cbebedcb3a9ee93daf3e7492db3524ee3a8a98650b,3021,,687f1eaab137aeed5ec60dfdd0eac3414db803c8
sample,rohanoid5/leave-app-api,app.js,a8495322405081db8665abad9893e5f1dadd1fc8,52fe8f017de84eb6f180d308efc18e7eff2071f82185540cb5ac1e6c316e0e05,1662,,f1c03bf9179642acf57dc9882edb646e957507de
sample,wass08/tuto-jwt-express,app.js,dd01fe30ea8474ad64cc828d2fe0226b172c7a3a,8bd67930966428ebbb5b76bb885e1ffb9636d7da2b3fd614bcb25c1564239bb7,2200,,e17a05f725241d15a2cb44c7a009283e39af2bce
sample,pantharshit00/jwtAuth,app.js,0b5c6daa83e0566cd528cff70afd6c1b2a2734b1,6322a46f546b8d4fd3547e45170369b0ed837f4f1422b146749d02ae18a96abf,2715,,6435d782e359f928539f953e76bfb154264a8725
sample,scorum/blog-admin-ws,app.js,39e620d2c50f3701c927eefce69a4d8cee361d14,8c00e992a86c6b5db09e55ab9c10d3c1c9e59de560b48bee1bdc371f82717902,1032,,a1f4e8006d167a0ea49b1ee1ee78312f515814bf
sample,belaid-sarah/Park-Management,app.js,1ac57f3849db69fa0d50820f37db8838e8411f9b,17d8d747d6cdeb135a1d34931a084c0acb354dde43fce07eb745c20ed220a92f,1637,,f27d020e857b9206e2568d27bb3387325c76d96a
sample,leumashz/AdministracionSoftware,app.js,e93733aa1bc4c59f6bb59bdd14014715bfb40b51,765ea8e3d59a859baf3c1b83401ac8fa8551df37063a2258f0422fa50e928f56,1411,,fb1c206a5b077153d58345dd8b368a1fd1da98c9
sample,rchvalbo/jwt_react_node_starting_template_complete,app.js,0c75424d288b34107a8615764b8ba11e93e6b3c0,f46f4171ce3405cd648f869db9f7a4061cf32caabc839f274af6e578a0f5978a,3295,,3360383aa8e53d9d15751dfbabde988ec9c454fa
sample,panox/cyclevision-api,app.js,e3dec210de985a6b090b92c39fb39e8e65097c26,825fbfe4a88516fa98e11f3c9af1a30fb30e6194bfed3b9d6e137d507b15348f,1453,,49551ac29ca70ac11c7c71fd151fda1fa157eb04
sample,egodasa/aplikasiujianberbasisweb,app.js,0721b71c67e3eba584faebab7e7d0b2438dfe825,028b2d2e1f984dacab58c4a8e7d0b50e155041fd7626215fbcc2d72622cf87ed,3897,,66464d6d203307e181a6647878c48f1abaec0c68
sample,jecarpenter/project2,js.js,fb2149cf536f49a0852be94f3991b41cad61e48d,5338686f63c689e6174f62e52d388c16b3ad05e764b7d08e54d1f6a6b9fe059b,2446,,129dd8f02d4dcdf29d10dde5b0144d0eb05b52ee
sample,magung/inventory-app-js-backend,app.js,8a3e556d279d738023cf38c145f32dc2c8b76b18,c5c8d6fe8f1c873948b59e3e6bae4bb808e1a840b361281a11ab2f8071e8a7d8,1671,,cbb61f29fac823a3b259038316c900bdc3bfd231
sample,Manat-singh/workout-from-home,app.js,e9e8393b80af3ade04ced6b8c9dca1cc298dbb10,c9784c14d781beb7b82650b9e3f5e5ed73f8ac76702b65ae4a459d433b3b7c3a,1909,,9d9537ccbc6df9c94d0e805747c3b0bde4fbd0b9
sample,abidrazaa/backend-node,app.js,b71707fc84080af2ddb3d8a60fb3104ef189e31a,3566362fe90f704b40c57b8dd8cde037a8e40ac77d1c10b9dc76b2acdfc69a8a,3634,,6b6911dfcd03055b092d9d30cb470de50fd3c88a
sample,jsicu/koa-server,app.js,cb061998ab1db3aca92c46bccbde48fb638d80dd,7f3dd1c27224ab590665d35e687ad7fa717ab58a9a2c22421abb0358034c4475,5698,,d452bb05e51294ae1446cbb53557198c1ec28d06
sample,Videiraft/curious-server,app.js,c46c8ca5330e63661f663a6ff62fc11b2aa9757e,03c4863890a6d35dd2057314ff94cdae55acf219a0625e8a44d6afdd9ed54fdd,734,,f9498e9ff62779b1330bc63856cc36215ffde47c
sample,adithya-b-r/Scatch,app.js,43391c277f66c679aa033e43611124ed00e40731,90fb1350a8c4d8651b13e7f361e7fce140708fbf8efcbc0fcfd0c1a95d290f6d,1314,,8e2fc89f8d1b67729060bade179b352b1d764d8c
sample,ninarada/FESBook,app.js,20d7b44d847849ac53bf65f5fc251711a5efb8b6,8ea81a1d4f6f5fae46792bee80f8ceeafc3290f98b625d440dd2422b37781801,1564,,0a131c6f80997eb805e92a3344d670eaae06f174
sample,ProdCamp/sso-demo,app.js,a3e2bbd2af1939c94a0283793a1b9c0fd1becbc4,b21307424e3974fb230f63a6aa3a92efe6eeea7fbacebd2033d64c5f0b1fda9c,1123,,d57fb26da17f06e391eebd5191421048a2fb7ba3
sample,sandeep1995/meany-service,app.js,c0a26664bf2815921dd21dc318e42827992b8326,6256a1f0fa9f3c4d7de5b8e4eedd90700594611afa5e8c70cc9b88e7cef6c9eb,1784,,abd944ff578b0902b0edf7770e17ac2d0692b3df
sample,AhmedBilyameen/CareerEx-Project-FreshMart.app,app.js,dbcc66ac122f201e4240e1407c24e1a611a3297b,7f6460ba70ddf99ee48e3515f4aa82735ede7a994f2cced86f5b75517675e770,1239,,b53db91af0a9e93fa45a80a0565e605aaec68554
sample,casimon-rh/js-stack,app.js,d901764b1213d38f6b0bf538a94aa1ea996c1214,f0b4f6b773747748ac93de9357fbf3a4fa7c40ce6fbf9242f057915eeb3524a0,1172,,b12aa3fbb0c29f7165d3f59947c5079d711bc188
sample,ZWkang/Graduation-Project,app.js,0cd63f4518a4411688069e31b731c37ab3132bd1,bf41a3328842ccdbc4654b136abebb224fc14b4546ff0f8bb5a1886c94c62279,1360,,24b5c0749732fb200cb3eba1189c86f239c85c60
sample,madox35/Gestion-stock,app.js,861f791e838169d1d311ae36e87b2566d02ab5d7,032eb57abc67cf66f270b2a55a9fd157ceb8384aa7906a4e6829bdf94b9bafd0,1549,,2956fc360d013bfb632d714d8cc92f0ab0866a05
sample,attehuhtakangas/todo-app-mean,app.js,62633df448f303edf9743a0869704340e6cf3171,6d9673d12f77be74c2646b84bb3e9cea4a7e435b683a20e82be54b3c98ef22b7,1982,,38f38917c8750ba3c6721aa424444395995a0ce1
sample,zwave-js/zwave-js-ui,api/app.ts,c7b7b907e12033aeaa21991fd2f07b943ec74581,78543387418876da620f58743e306da6b679be54482c2fee7401c93638f850b9,56431,,df84037f78900d58ce3e7694dd39d02cad6e5d6e
sample,gitranks/gitranks-ui,codegen.ts,636ffc8271a040e64b75fc159d12129e10539dac,122e454429a9f2d1efe38211eaff3b7b512f2d0aa285b8cb4a195eb1eaff97dd,737,,3e4bfc435a54d5c1d5a547715f89f31d19a7c259
sample,neo9/n9-node-micro,src/jwt.ts,8a06b8c53073e5e431212130aff63e7facba4b1e,7275e46870b3870a88ccb433b131a10554869fabd12a58525b1f14445fddf166,1948,,1688a7a11a6ba153a2cf2f0e60bebbd2722b22c7
sample,KOSASIH/pi-coin-tesla-pay,api/api.ts,79ca886cf316314d2bfcc92e615ddfa589ea7f91,0169e68d9add27a8e8bc9ae66f418435ef8387df83e3ee8db1cb390a173b0c47,1265,,bac1dfadc6519264f095e2be6f1b7876b4522838
sample,pmcalabrese/express-typescript-boilerplate,src/app.ts,e2d5c335816935d3409a656466bbd43a273b17c9,733ebfcdbac15ff8bf7c219efde874f003fa3d2508885deb182361869c93ca13,1460,,7f7bac6deaff1a56c303e8b8dd32c0b18018aa79
sample,jitsi/token-generator,src/jwt.ts,cce2129536630df10b34a9b59021f3aa27a8b5e8,e743ed123db8804c5d0ce06ce00422b7be534a4d0a213db75d3e932c126a958a,2320,,99c28f21f8c0dd029f2fbe27b6018b14c5329445
sample,gupta-ritik/ExpenseTracker,lib/jwt.ts,1d954dd11b915bd3ce814230da96a2d2b9de5b54,80dfdea720ba1de5d2a075688ded3de3a64ace0de89a0e8649b6f2bb7111a154,348,,c39b67acf7473573a92b05e3adfb97a478d5438d
sample,balena-io/open-balena-registry-proxy,src/app.ts,a7e2e5e76e5a2c79c7e30eededa7b914ec1666e1,b209e7accd8804161c2944ba8f8b06f7a93456ee7c33ce6653d9234aff04de74,3485,,14aca09cc1a947cc2f8ad8a916a9f23989630179
sample,Rowadz/koa-ts-yt,src/app.ts,3de2df5a555df78a22797ec4d2d040fd79b171f1,17582012bc2c7af8302506dc57e7c8bf15f2bf414917fab0e2313e569e5ccca1,2142,,d0fc2f5373ac7d7e56b81300a4061378385edd81
sample,Hyper-Solutions/hyper-sdk-js,index.ts,e16e045e09db4dde93b65059af9e9068ce18d821,f6138b2e50ba6dba134890e932eb6d4c675945eb5984003d3755eece4ca9f6ed,4411,,a0a36d6557d850bc5988ef865db09a78cf2349c9
sample,sourcegraph/zendesk-discord-integration,src/bot.ts,7312de5edb15ce5ad212365eef84721fd3034c1d,135e88254dbd39c82c99d78d2a32e3292086b69783b6e8a158ad484d169bfd0f,13441,,a82c4df450080f238320dd9189373c12e8b9d25e
sample,claretnnamocha/helpers,src/jwt.ts,bbde202342c89edbe8ebf189ef6c93cd10f4caf7,3d36d7279b3d15c9556a72c49288a0885af65624605e40dff20171b199df3ecc,790,,8a2b7fdd690d544181c572c8ba31d5545e710e00
sample,pwn2winctf/nizkctf-v2,utils.ts,5a9c526c0f400fe9442417759b00fb5536559304,be2ecea74569643a9b0d0796e87f925e71ff2427fb922e6e09c2caee065aa616,6005,,0ff9e6a948c2127b04f21459f1d483953ce7c42b
sample,cisco-ce/workspace-integrations-nodejs,src/jwt.ts,a2f7fa0803c55c185689a2b61bc4fd05d94e19ed,9d6f4b136525069860fce68494cc47e0a4ca05d7117f3c3792e8e50d08076920,2154,,136be7a25c3578c06ff9bb33ac16af659ca2ed68
sample,FilPassOps/FilPass,lib/jwt.ts,7bfab0f42b98da975c4ee3cf7b55054909b929cf,2b4bf70e8af3798a5b884cc1786c7ab5ec7303f3fe023e2a8ffc7b159c578c7c,556,,f3acf138762dc45ec72e1b3fbe535de3e815e725
sample,cumulous/backend,src/jwt.ts,0287c5a8c8df014ad349c95d1710c1ee86ff5c3e,04e04a98b916242d242be03e77a5e3a779b05f5a655e0578e372403195f5a54d,1196,,1a1438e167ebebeaa5e1477636d9b2cf8ed4c267
sample,Pi-Control/Pi-Control,src/app.ts,87863987ae97be26ea3ebf19cf97686a52128619,2772e0f26ad5c782e15ed99a67ac6f68a7fab62f53f429a82678cbe7e26ed88b,1413,,1373efde4603651b2a246e1aafb42510308b59a3
sample,chingu-voyage3/bears-10,server.ts,052bc247506c580150ea19b60e981bb589602e75,33be6812657353ea82c78ca6913a390ed35f04f3f29074aa6c3d7735a5ca4568,1751,,9fd806db299f10b5204fa0186e7bb38446128693
sample,rafaelcascalho/keycloak-middleware-ts,src/Jwt.ts,4a22028fc19c28b8e191151d557fc0ecba77f74b,403ca72098e4f9a901127c336e8a63ff2494e9b8691330d1083e791b76578d5f,1467,,ae4b26da168e9600d07015b126dc5eb97503aab3
sample,BryanBerger98/lodge-v2,lib/jwt.ts,6d94fa1e595cee0ca1763452d0f71ba4484c9047,d2a307cc2c5aa0f9f939244b7e38f235a0a13113181059f813088689cf009641,795,,2f543c40b4eac3673d9d13ecd8e13dbbe2b1d5ef
sample,ALLTERCO/ushelly,src/app.ts,849555ebd2e900edb3223ce1a89611c238526405,02aad03bd3db0f8d7ad54fdf25698a6b12e83b71226193484f0df997dd23faa9,10478,,9746e3b2af70961107173706e44cb6f1016c0b61
sample,sudo-bot/sudo-bot,src/jwt.ts,72e491743665df3d988add71e6bc5df060d603a3,31aa1bee917df2374d56e746fc66af12427fce356eb04bebc027ac09573206fb,924,,9d6fab24bfeb9964ff720c2a22d85a209a996fd8
sample,scryinfo/dp-contracts-old,src/jwt.ts,50fd50474ebe1b451b99ac37d198f848e4bf47a0,b417412910b34d91481c55023e2a71f621f3b63e8f0ff8bbe6f8ed82f2986988,538,,f63eaebdf0394a27a266aac843e094474d7c9df4
sample,programmarchy/directus-extension-jwt-sign,src/api.ts,df1ea17f3ac851721643ebec41c8f1c7b07c6199,5d4e32323439808cefd9b2b3d115a40fd14bf89380b65687d01e4e913c51e83b,420,,8b1032c9df951e98d6a3d03af7e4a0c39fee8ebf
sample,Jeeban-2006/DSA-Sync,lib/jwt.ts,37afef829fda4ee9fc841557e45aac262358b700,444a9820b82a94da790fefe173eeef479e08e79d485333c718a13a3bd20b3200,752,,0e88a312f9562e5f37e469279111aac3da72d4bb
sample,dickysudaryatmo/simple-template-next,lib/jwt.ts,2c4f8a5ee4a58082cbc3e352def5eca72ec07bac,938fdda91afd22fc1bd6b174777084b64aaf74f0701205490cf4f4d0366e3860,238,,5874a0e7b938f47edb1b67c7063864d32a334925
sample,raphaelalmeidamartins/trybesmith,src/msc.ts,56c10d92aac2dc048c48454aff77c780f75ba504,7cba79d68e535f16d7f0d1e9ebeb8c7b0d2ee60e73de9aee07ce976ddc5dec6e,1248,,a4d92402b431c61f347e4a0178b28d751ed24665
sample,neuland-ingolstadt/neuland.app-backend,index.ts,81960d1e50489dd15f0b1da7ee7436efcbf35e02,9a1705b4a6b573b16584472bc7773b562aa5bfce1b25fe0457c79500117d5a38,2633,,e42d071c51c437ea8d7597e76f1a3a5816349b62
sample,traPtitech/vite-plugin-trap-auth,src/key.ts,718b7a90c8caf22fffa323125e8b4549389c12f6,28b7def9618d224d806665d8de4239ad215f2c7825c49c678992a60137cb2a14,647,,3393ab3aa06b21fe7db5d41437b2624d09afb326
sample,D-Y-Innovations/casl-sample,src/jwt.ts,67add2d1ffc970fdf03cc1f817ca21ea1753e38b,add328026a8daac4c1d43f1b17a1cd67f0b3bafc87def602bcae01beb7f53e43,577,,729283b530ca6812d9633cde1b445ece46d680e1
sample,Rowadz/Erela,src/app.ts,7975f8e2729648df4a91fe53cc1fde83b2a1d554,c8e59fd636994b7d0dd8343318b4d52b63c8dfd88b7123cae33e5d88670055ba,2818,,347ce4848027d9d1f60e0c506e44c5ed5f7fce22
sample,Woodykaixa/Woodykaixa-Website,lib/jwt.ts,8ab704efc49ea68817e2399381459e510b20acfb,ae1e29f645429e7bd4bb0446d24890c2d5b1b7da249d4cb453f739c91a70fe2c,988,,5134720deb8bdcb897e67793ee8606f00ad9c451
sample,mavvystudio/miniserver,src/jwt.ts,a9a2c924f257ce6366321a55e1de418965642e40,95999f8a2f7d9b31885e409c208e53f3e450d9869d01dab869bc44e9cb342192,859,,3f5415358d14168d46609558f1cc0eea84fc8227
sample,mirage-software/Kabooty,src/jwt.ts,803974a46bffa196c49005c7cd635c65d2585785,6aba731e782d5bf581b2849eae40d8d3d35136bfb1ef08ab7bb3b7c7351f1d86,495,,dc76bde5e7abad2d4a32cb6d286c0cfba7752a58
sample,Amber-bisht/askSync,lib/jwt.ts,b9cc310e9fce5dd2a79f443db8bcab7127b344e1,ed74b2037b695a543de0b993cf05730b95f38f7500a07cdf078c68363904c7ed,1070,,b382a0f009a99763a4ea659152077a8d01adac4b
sample,haizzdungnay/WebSiteOtakuShopVer2,lib/jwt.ts,4f562446c4c7342a7d103548d628c191214e4d9c,276987184a0348a255dfae71e37e737148e9b267f88bde8729ffce79d38d41fd,1558,,6e49d76d234eb74ea6c149b32a59a202b324616c
sample,Codaisseur/typestack-day-example,src/jwt.ts,7a0541c7c1fabca78573427b52a930b4dbcc3a9e,95103edd00761867e2f2db5d16c88cd771bbed713be8dacb2d86bc83e531e31f,421,,c712976909840dfd3ece06dd94c7f59db9deff79
sample,Woodykaixa/WorldAxletreeWeb,lib/jwt.ts,a2754658c33ff7964f177ac40266630329fe0fdc,573154d25f081145d4d6c93a332a0e8b17678cf6aa2dbde10253fedc79ba728b,712,,72909f0ce993635376fe4661fa074b0cd5dc4218
sample,packing-discord/packing-discord-bot,jwt.ts,fae51b8416419a650820de29eadf7c9029aad595,51ad14e4337a729762cf97ea0162a388c7be35e8273cf9a1ca727caf3fdca918,315,,de7dffb67d4e730ddd8d504e6ac393a40bdac738
sample,ali-eljerrari/nodemailer-app,src/app.ts,7784627a641a106f41d50812456d30f791911f95,07ddbcbf0e45749b07fa9add1e07cadcd953efd1636eacdc45dc36ce8fa31742,3252,,28aaaf94100e3de3e56cf0a31d0865171c63cf35
sample,V-Hoesein/auth-api,config.ts,089a21011869e0ec03a4e9f261d72c72571cd48c,db0c623e3eb41616676b5253c261cdfc065246dee5f18311c2a3337dcfb715cb,1131,,e44226894573a1e39396d67881003664a2a7598d
sample,wdzeng/firefox-addon,src/lib.ts,afa27695c3f6de773b9a30c3aa488f465a985c34,7377057599b3fe2382feb2e5faeeb91c1a9e1f4dcd17c3e1a1fcf844558a1f79,8324,,f1b171ea39576c9cddd605423d4510ce6706af74
sample,arzkar/ao3-api-js,index.ts,92268ab097efd87fed6bc0f1dae65851b7c54a27,f0120197bca7812571f5696cd453b42017d0ef5e8f6da27e423c2ed13ea8f6f7,3682,,39710099bb7ddb4fb9af3879cf323fb6f31c4742
sample,maheshbasnet089/MERN2.0-P2Backend,src/app.ts,b98daf94044194c907f85e1a1dfbb0404642656a,87393055a4def292604272aed29b15b9117ef2082a7193275eaa0b9befb60c5b,2305,,3ad6c68f1e8e7b300839e612105941334d8e0277
sample,VAID-STUDIO/VIA-EDU-API,app.ts,e0f5497cc378e88e66d2986e8346f175775f5ae0,69fbb01217c8f3d327b14913fe421dd0397907ed2ac777d0e20e76babfbae6a8,925,,2da943dc364ddbd09b249b042099d39dfd723cce
sample,sspringer82/nodeworkshop,index.ts,01db1d2b630a4c44f5c4a32101828ceef47713d9,3c3029a53d05cef6af669f40f4d14917a7a4bb0c21162d4c5f91f3e9669ab6c0,797,,23b964735eca2b7dec0f8f8806d3af4bbe8c1b0b
sample,CDLUC3/dmptool-ui,proxy.ts,f67eb92f14a7595d8b73873e22fe831ba4174bb9,5a8a7775f8bc791fa05f9396d575fcc7b1b964492db61b8a26f980b087c15ef8,6097,,ea9f5decb8da8faf226cf00310b9a2ccec3f1243
counter_search,suculent/thinx-device-api,lib/thinx/jwtlogin.js,956bd3ffbbb6c83e8e2468720b4d155f74cc14f6,c713002dbf6f633b3e21ee901bb2b629b6334d7812b0861b778398fc6d7f9fe9,6174,,8079a3fca22bf52a85db5a7b255cde54d6190072
counter_search,jasonhoang6201/be-template-postgres,utils/token.js,00a492c9de6f848c6e80ae3c6ec95c47655b2fdf,6e5f45e59f36420e135209faa2c7d81b8e05dc5ea68421d7be1d06ef08367591,350,false_positive,694a4b39d3b7459e45b3ba8ebfc1912023d9a162
counter_search,lethanhkhoi/vinamoon-authentication,utils/token.js,057e1c3b99df852b7cea3cc6904081c69c233c5a,8cfa55eb6b12f592cb4c7cfa4a60e3b62c893ec9399052b61d55e5919e10823a,771,false_positive,5cf3646d54db305a94594b8ad255bee670e66f6b
counter_search,thinx-cloud/thinx,lib/thinx/jwtlogin.js,37ee041098d12a9a1910bc923ce91695484f799f,89a5441fa9b8833532700b1f4421bcbc0f28a441096b83ecb8068607f8b762af,5232,,250f81bcf5dae44198fa535877c99a4dde3dfb10
counter_search,ehsanMahmoodi/social-media,src/common/utils/functions.js,0491b05b9f28d7ea555f6efcaca5a77f9ccb0283,0e524ae2246bc4ac9a756782d0347b845184ad66a81df50f4781ef1c3b96010e,963,,d2c3e60ad86a24036e6f9c14dc1c74ed74c54801
counter_search,duy-mt/happyboard-be,src/api/v1/utils/index.js,e71bc0577582abb398cd232e959af0e17f7c1ca2,ac60e64ac892526d799c5fa5ee7327e5de065033615ae5ccc0e998dd22c3e09e,4352,,6535aa8e2d14c0983a129ec983a8be8366e7d466
counter_search,txlinh/sync-app,src/lib/secretKey.js,5b6218fa580c0299205675b3bb9106800351a30c,bedf90f7a2ca261e6c2f25cf417c144d1ae97e500ff9b07d022a92df1f71cf56,1545,,f91cad95d0dd194009d87f00406935eae6114a57
counter_search,SonarSource/SonarJS,its/sources/custom/jsts/S6437.js,7b27453fb799e542d0adb867a59ee19e5936d560,45e6d9bcbfbcfdc349a517ecb2717b14f65d5475eed8d63e2f169574ad4afa7b,4685,,00ae65b77be273322285c7991e776d250a1361a2
counter_search,gardener/dashboard,backend/lib/security/jose.js,885310eee4297d25d5ff25dbbf523279dd11402c,7230098562ccd2575fb8586b0890dfe8b1467780a0aa65c6ac2501b2d8852788,2837,,bc9e35dda051d74a045c18c268700bd4e093b4a2
counter_search,the-capital-hub/thecapitalhub,backend/services/userService.js,b9ec16322b2b0888ef87fa6c97a2d520784eda2a,493e093ce6f86e95987e4ab196230a37e342bd2f818a0964c187194cd12173b1,23207,,ce7292163a2a9e74b939e830aab0766ee4575675
counter_search,maitrungduc1410/vivari,scripts/spike-jwt.mjs,edf8d42eb0f8fcf7536cfe361abeebacdb7b75c8,2ae5015eed419ff66afeac46d662139d45c1aade1cb0932d448b86495cbcea12,8110,false_positive,d0defc85d793376d39c780a40437d5206f3a862a
counter_search,justcatthefish/ctf-writeups,2019-04-25-Angstrom2019/web/Cookie-cutter/server.js,0466aecb3216e2a57b3e2bb6056ecd46e76ad4fe,2881fc1c5ae351a496a97e8edc8e49dc339c2fec108e3b990b2af2c4dfd27100,2232,,a4f88dd9865412f41b1981fa88e5893db01e20cc
counter_search,messagebird/messagebird-nodejs,examples/webhook-signature-http-node.js,1a7b92bd50db0d6a655c8ab495ba3e50a192ff94,228918c0d55f2f972a8363ff72335085cef1f4aa240dde01dcfe00b53086869f,1454,,2d8b7de16c6c4c24829bc009dfa29c59a68ab189
counter_search,pluscontainer/pske-dashboard,backend/lib/security/jose.js,4876731429a67c58408875dc7d918071739e73c5,d4f17b4cdd8e7f4c208d957b402763fe90a73b0db2219bb4513170a9c995091b,2866,,d0985b3c3b5054704ec681191f810d03f5570ed3
counter_search,jest123/varprog_jwt,server.js,7b36ee9a58548282824151def5d5a47f10922eee,42266b88cc56113adb2111e583cd0951a5a55b270f435ec683fcb5f02678f73c,5897,false_positive,de6a6ed9cf85683f00d80d0a5f6d925ea2dec57a
counter_search,graduate-project-sut/engineering-curriculum-system,backend/midddleware.js,8b4fdee7e2effe6cd9afc65db49ec7699874ecf4,f46254029a57a64e8a6efb17d06f8461b2171012640349d8ea75b663d017e778,3330,genuine,0d42759927af63272aaba6c8f32508dcdb7a77f0
counter_search,ravendraksingh/HRMS-Backend,util/authUtil.js,5f91144ad473595e7fc63d20aa6398973d6d18cd,39d3652c289f5258ea6ea17c12072404e514b1ee82d82baf996f2ea71e63c8d4,2524,,fb207b0d3841e4359c0fb2440854d185646b140b
counter_search,xuanhoa88/xnapify,shared/jwt/core.js,90db5cce7a230c41432b236935c605598313f8a4,40202452ad20176f84a6785d10da31b9a3497250c7215e55e5d24d5e07a41c94,6152,,1247f3814c17c88066315626db956dad72d79e27
counter_search,Katha-Sikdar/microservices-api,service-a/index.js,421d9e43cc0f787ea3c40f33a50ae72679cc36e4,9b1de35f15aee2e934eb75d79b38b4ead9786bfdf6df8acd0ba95347cf3515b1,11477,,a38398a7e2b1a9bd3868ac65720c14dae81eb849
counter_search,CodePro-ABridges/Arthur-s-Laboratory,server/middleware/authMiddleware.js,8046199998e4ea4e2b5e57cb68aa8141c3b4671a,79d5276d2d9f4606f8e06a9ab0844152c1e8cd8b45823d2ebe03a917f01e07e9,1103,,61db79f8bc63cdcd0fd0e8c7392d9ad84a989946
counter_search,uzafirahmad/express-javascript-boilerplate,src/utils/auth.utils.js,6124c5556a2ddac1a0e11d589eda4576609be5a7,6c6bc3fa37c042634c8e6ce3a85f8f53ada84f4f46428757cf449563b6fd249d,3360,,428a665a219c36b53f3b2fbbaba4aa497df7b389
counter_search,HiteshChoudhary4554/Task-Tracker-Project-Backend,src/common/utils/jwt.utils.js,bd64d3626c6c6dfd4fa8ee82688b4994adbe6f85,c4326a48877e1c1a1717c006f1f17fbf7e5506136832d5891d0343130d9d9bfe,1141,,88e218f71ac7ca37f3729a9ef66e4bcf837d20c1
counter_search,miroku0000/AI-Security-Benchmark,output/github-copilot/jwt_006.js,875674a3afe0683675f6eac617c6506b20e84113,29dd32c7d42c6eab8677dfbe17484e440f2e49fdbc49e1bf24f12a459372b903,3494,,c21cd8b601c85f8a5a32dd77dceb1533a2227104
counter_search,Puru1375/pm_internship_allocation_website,pm-internship-backend/auth/JwtService.js,06619231fb8c8a7086a8eb113ae79381408528c4,44b4f3b0f22faf10424e4b7ba5fe121d24766b899ba9ca70f5c44472437534e5,4006,,7c94267b7c4bf7e6baaa4bc160e31850f9966736
counter_search,dirmich/common-test,cryptotest.js,5df0fbf27069d7e824f331d949e97113270bb37e,7150cbc3dd5c3b7df75d2caa013d0b39c0892d00f1af8390ddea134641b77511,10047,,1fa9feb2941edb91bfd3013f0fb66b32dc182c9c
counter_search,Andreean26/demo_paseto,server.js,ff24709f4358daf5f217efcc6d1152694abaf822,aefd361af04aea9b23c26ead7262da33e394af5c76918645ba6f1d8ae6eaac76,29664,,7d0ca7d56cae75576fddea0be2cd916397a8ba10
counter_search,Simana-poudel/realestate-backend,middlewares/authentication.js,8f3e79d69de46e33207140eb134e86972fa774df,f9ba45ca26f057495fad6fab01606a0a9f8fb0e307d7ef59b380e0f3974a1460,1178,,34582da855ad7f4ae72b2c74d0d470698da14a5f
counter_search,Simana-poudel/realestate-backendd,middlewares/authentication.js,733b74017a2dd379f93f55bd8c09432698539eaf,8baed78484ecc9f2926ea8dedacee133ced6f8b00117cee8408fc710ffe7daa2,1260,,2b89f19fada263764c86bcbf92f4c37e70c38aee
counter_search,Katha-Sikdar/microservices-api,psao-artifact/bench/jwt-path-microbench.js,eaa47278613d1763829b9b54133c19ebf0a82885,9f589f8480061b28a30a057c0326320323df4eebfc17a023886c0f4833bc8ad2,13374,,a38398a7e2b1a9bd3868ac65720c14dae81eb849
counter_search,rahilsoft/armanvarzesh-v128,services/api-gateway/src/main.js,b1bc833cce09d72dbb2c4b6bdd1b95dc887941b4,aee4ef4e4bdee9e083c1c2791d2e73322a7720de3f659215816aaef860d432f4,17525,,ff882340d43e5b5b971ca89d30b648453f738318
counter_search,The-Cookies-Team/Realtime-Chat-App-API,src/controllers/userController.js,c0f00c1cb3ab82353892f41f6457dc2246b36266,42a393b497eea3e588aee3a79e70b7f8eafff81652d78b9ad4824bc59b2cb22a,17469,,40690d2940a916782a4e260d19f28c32b464cd9e
counter_search,trongdung721/ute-zone,src/controllers/userController.js,683c03eb8447d00577a0e96d0b4a2460a5105a72,7932e422691af90de16f0a876e4ebedd14868a2716346077a83dcadecc60033c,19194,,a05a5381efa5cd6dc43823249e8046c761359450
counter_search,graduation-thesis-ute/ute-zone-backend,src/controllers/userController.js,8d82bc96070115b1c48c39341737e984dd70d8da,99954cdf45bc5028f8f1e4bdc4898545795f9cb388469ae9c8808ba64f7f73c6,19568,,68f9e6f49ba5fc6ab2e6b9276ca26bf77bb3fd52
counter_search,jasonhoang6201/presentation-server,controller/user.js,ab0568db75861275d528a2291a4bbc2bd2f55060,f6429e38029c57a7181f350079c225c9ec58ee97d8ce9f08089a3efd07443716,12309,,ea0b4c37aae279ea0e45bf76996ea09a79da7602
counter_search,graduate-project-sut/engineering-curriculum-system,backend/controllers/authController.js,5bdb6c8806df7a140748aa3dc7188c6ad0e8a4f1,de5dbb7275d97db241b34f64af7b7ebea136f489549a60ce816ff69c11b6ad1a,13277,genuine,0d42759927af63272aaba6c8f32508dcdb7a77f0
counter_search,arfan-ahmed-shohag/csit_inventory,csit_inventory_server/api/server.js,affcff6c2af68ee9b29f18113e76e73df0966a25,ab703aabf865f58a65c701da321ba9778bcfdb87c2d5c9faf8d09913f22c3896,145550,,8f9216520f10e3d69d61361418ca9f41df0ef1f9
counter_search,linxiqt/yyauth,server/chunks/_/nitro.mjs,5818b8acdd975292d943a9195d64454f72eec377,30e6987b5fac6252a02ed0622fd90111a6858f45b3541e657292198e7454ddb4,270258,,6f89373fb4c97c43858d7fc7ef28a03ed5403d4b
counter_search,lauratnt/Supermarket_CC,apiGateaway/supermarketsMicroservice/supermarketsMicroservice.js,f2c7dc4d4a9ad84313c48b6170ee7913fdb59701,2cca81ece9ef1d9003ce89d77e8220f68316b028640f74f70928e064362bcc5d,10010,,d649aa7bebff4836b21a3908fdebaa8604083612
counter_search,lauratnt/Supermarket_CC,apiGateaway/usersMicroservice/usersMicroservice.js,8a43352d82e81ca6c4373cb7f83cf0032787bd11,6d975f2369c08a7d046f05bbfb580d98700bc2048a09f23a3bd3d6fd00efbb6c,18948,,d649aa7bebff4836b21a3908fdebaa8604083612
counter_search,clairevuni/ISD_Supermarket,Desktop/ISD_Supermarket-master/ISD_Supermarket-master/Desktop/Prog_Ingeg/app/supermarketsMicroservice.js,e0683a19e11abec66386155ea4c2b5a7afb4b156,defa66abc99fcd130fe653957c7764dae6fe3fb828e12f07532972a5304aa636,8899,,8747ade46e52df52711f2acf7311e6f6a3084b4f
counter_search,kaytervn/kaytervn,capstone-projects/zalo-ute/realtime-chat-app-api/src/controllers/userController.js,c0f00c1cb3ab82353892f41f6457dc2246b36266,42a393b497eea3e588aee3a79e70b7f8eafff81652d78b9ad4824bc59b2cb22a,17469,,42b79c3b76bae8fc87a78615c97ac604330343e6
counter_search,clairevuni/ISD_Supermarket,Desktop/ISD_Supermarket-master/ISD_Supermarket-master/Desktop/Prog_Ingeg/app/usersMicroservice.js,8266b78e3b4e70cbe59238fb547a3fe202777979,11d3cbccccf34898e4de3a66ac33f6e0d5330503efe9049c12466fe8a580bc35,10620,,8747ade46e52df52711f2acf7311e6f6a3084b4f
counter_search,messagebird/messagebird-nodejs,lib/test.js,6b364f8b3303ff7b6ae7725f858653cc397258b1,5852ad979f3565a09a04bc359cef9cb5a02a1cc02e4c3e7ebf56b4b42ddd1af6,67312,,2d8b7de16c6c4c24829bc009dfa29c59a68ab189
counter_search,blntunlan/crypto-cyber-survivors,railway-market-server/test_jwt_flow.js,d547dad34de1e1261ed9da8115a3bb846f9fe5a0,2f3cb5dcc61f5a3ddec9251a2bda53ea8ca7d53cc02a59d78448456ad1965206,3694,,12edc51084cfd19f82cae4526ff540b9028de849
counter_search,UzaiSindiko/node-app,test/helpers.test.js,54267376796cbf9bb7d9a06293352dffbfd30fe7,610c527c5c3025ee8c562ed8c580fee16b05c5ae34069bcff6b25df7d0e16438,2620,,75e01fa90f38d8103a46e6eafe18b44ef4de90f3
counter_search,UzaiSindiko/webhook,test/helpers.test.js,54267376796cbf9bb7d9a06293352dffbfd30fe7,610c527c5c3025ee8c562ed8c580fee16b05c5ae34069bcff6b25df7d0e16438,2620,,177bca33313f5b0dec33ba33c68753e504511054
counter_search,SnackyTater/learn-nestjs,src/utils/auth.ts,bf03a2f69d6a42937f4c1342b03e1f4797199754,da04761c209f9228fc9145290d85fd04b3be543778175db660d381410ff249cd,600,false_positive,f8e9bb2e556cd4284a5702c79de46b901b51fb3b
counter_search,ananddub/serverWithSdkSymb,src/controllers/JwtSign.ts,42b053366c054d6bff7aae9fbe5fffd6870c950e,e426ddaa8ecadb1dbb4d949c6b750d57cd07fedcbd3f30faace58e3b3d1d9b4d,3949,,5cd80fd4a5f8936dee597834737ee09c1c0663aa
counter_search,Poonehmgh/ft_transcendence,backend/src/auth/auth.service.ts,cfde36a3dfb476064230cf6264b5ad9734e1e6d5,a3cf2361fdbec2c7ee9645b6679655d19aee9522336a96ac4666e9f89ddf7797,6812,,6fcbbd39f04d524b4ab4f0d6b3270c40c71f8431
counter_search,SonarSource/SonarJS,packages/analysis/src/jsts/rules/S6437/cb.fixture.ts,c78faa3bc72cc79abdc594ce0c2bc6f01988a626,a86b51ac0c77d6476cfd6bc7b9370efcc6654ccb9724051209eb650e6fcf105b,13141,,00ae65b77be273322285c7991e776d250a1361a2
counter_search,pipeshub-ai/pipeshub-ai,backend/nodejs/apps/src/libs/services/authtoken.service.ts,8d7d1bf5b64ca0eaa67501ae7301e18289a5ff0c,2715e3027d84c50f790aff72e332e7d631781611bb70b82efb3506b36284ed38,5760,,4bf274f4efdcef42ed238964b01fcd80ecabb9ff
counter_search,felipe-software/feridinha.com,api/src/handlers/session.ts,3c60b503f6afc50cdd6aefb246084780fde3a6c5,90bdef0c1e53e94cf4883ef44422089d3961c8f8d9ea5c0913576410bcc97c85,1267,genuine,d4a5521ebf02986be25f43ef6627ed4c038ad439
counter_search,arfan-ahmed-shohag/FixItNowBackend,lib/jwt.ts,a8df41109a486874cd0370e9c5d7b12e348cc899,6f477afd229bb089ce461c6807d9bee48080cec8bab141204b8dc7327c8d7d89,628,,d4d5ec1e95da19c3d6d9fc4a4c332f0f2a1a5895
counter_search,kentaroh7777/soshoku-kakin2,middleware.ts,592af8ad303b4889a2424776a3f80dadcd7afcd8,7c4224f2099a16df9d6af58d4b23bfa98bc1bcb25888f1e3b7d0b66f098b60d6,1308,,4f4d5d8a48cab2bd43bb7bbd0f1fa79645932616
counter_search,HarperFast/jwt,src/lib/keyResolver.ts,92449c3de8232a574e37a1519edf4b2e036407af,259e235e91977f787502547150eda255b2da2381437ac828922cfd4439db4452,7126,,306b6bf371e504fee9c0d8ade80044038809207c
counter_search,tuatui/xe-ai,server/trpc/procedures/auth.ts,ff10e2b87720758b1dd58287f6ab1235786797af,b54b686b46222f99e1802a192466f64bb94e200ea5d9cc3a718d216df46ea02a,1316,genuine,84a56d31126ad21ee8f5c157b64fbdccde32bcfa
counter_search,Caalb/finance-control,server/middleware/auth.ts,19515a4f0967629b0ae8fe057ad7f63617f41744,086431236ffcd53c1b71fc2c84cf5ff634b9c9c230d7c11b39f4fae7195b2f19,719,,7130e7d8d214425ede42566fa07b40b8b43acd5e
counter_search,patilprashant48/sakhalas-admin,backend/src/routes/auth.routes.ts,09f976c34fd0744363ee44b00190098cdbdd7e7a,2d808ee25257aad7c0e645865d006f4a92055d2a27272686d362381c0d239851,3249,genuine,e7fae0ef9ae9a7c80f76b428b7dbd32bc4c9ddd0
counter_search,riao-project/riao-iam,src/jwt.ts,c59bf9021f578a6aac50ddc3d7ed4f65ed229311,60f087ed3c0d62652ff2bb89ec56d02600505cd0560f0c531a5aad1881084fe6,1874,,39dcbe4b919b359d4a060f44563a1db029f75b5c
counter_search,emilebilodeau/survey-creation-2,backend/src/middleware/auth.middleware.ts,7aa5f9ad2a330c2c648a477aed57ba3ad0a120a7,f9e83274f3d0e931db012df77629b84ba872ab5d3710d269ca3262008406c08c,977,genuine,4dfc8e113b70fea8d5370f63ae3b29f4ec57f07f
counter_search,FModel/api.fmodel.app,auth/middleware/jwt.middleware.ts,c9e3f977c3522918b4150d326384f8d2ffd3b79d,a43881e6e9caacbc243f1f157e2d3938dc6459e8eb659f0a55177d9681e8419d,1854,,e02dc3590a2867caaca9e08442021e9d1bad3306
counter_search,jsahleen/cldr-service,src/auth/middleware/jwt.middleware.ts,f95563a13fe0e23366e7e1a1e54e16121002ce7e,e303c8c5d92157add8a82bbdc406b1998e3bbdce7d2de3767ada9ea98dc63894,2253,,5bd45355d8e00e4a2ce84a1253d0c0c5a3bad613
counter_search,beraujjwal/tem,src/middlewares/jwt.middleware.ts,e4252be1664443b48a025bfc5b0c1af158c2cdd6,a6aa94384d2cdafa4872ef23a964634733ef2f9f24413c03902efd8cd2dd1cfb,2008,,677fe3edff1aeb1d30190c8ee59fae6d72da1273
counter_search,GITANSHU7/smart-farm,src/middleware/validator.ts,1369eec7652af11714528cb44006afb5eade7c3a,ba762d4ba228a7047f28504cb753914a84facd8d10f45095f27fd4ff71edf154,2088,,e9e4ffb06f007863d396bbae6db7182f9fc52a31
counter_search,arfan-ahmed-shohag/Met-Club-Backend-Deploy,src/utils/jwt.ts,bcd612dd1130e75e4fc92cc37d476638c79215b4,98d3abde71bf13ca59e0b36873ae48ad9f0da45e6f02dbff378c5253488c10e0,573,,606640a534e69a15ab05278fb97593c4890c75bf
counter_search,stephangrobler/budgelope,server/server/auth/middleware/jwt.middleware.ts,7631ca214e1e147a433089e6b7c8b33d10ff9813,65996c35cf2d3cd2ae6a37497de41710fa539196f52de918133edc06780b8316,1950,,e6bf796784be4088c323a3fcb27ded9cd3ef3930
counter_search,Kirill-Bokov/I-ll-give-you-the-stone,Code/Backend/src/user.ts,95c674b5ceb9699f41dc02cadd26d3a0aa62bd8d,88816cf695d4882fe995bb351bb70ca275c9ef361fb4818e013be75dcff9030c,2250,genuine,e3a50609d0f40845ec18438d5fb664f79eb72bfa
counter_search,brendapc/API-nodejs-typescript,src/services/auth.ts,069aea6d9dcc94b7e0c2f24351fe8d648204bff8,506ed7d27f46cd58e443b81ae2bd6b286ce7ea65d35582c1bc67cc8362a3e681,946,,183abdf4ae8bf850980200159144756c423303ee
counter_search,rajabmohammadi/user-management,app/users/middleware/users.middleware.ts,1dbc2bb02d97a73f71683c1fd3c84e5032c8c37d,e09f5bcb3b205d1a6d223643eff555b229f7fd6bf42d1415624a3752ecd9557d,4914,,d9a95055ba940246d08e0f23a83e9307dc33e4dd
counter_search,jcdev21/email-recording-api,src/main/helpers/Authentication.ts,6de74038f74cefec2b2efe2910e017c244184132,fe61e3b406399589b8898df6aa78af0f65a840976acdc0014fa3e4a3166a10a3,1297,,010a226d681b156ce57a27613a416aeac96c0034
counter_search,olad5/p2p-wallet-system,src/auth/middleware/jwt.middleware.ts,ca1fe382e1f0b28af28fcdc53250e8b748f669b1,04ffc010d9f6e60fbbb8f3bedd251bc5ae5fc5208e0d974e012e30a5fe7388ac,2204,,b971410046926e47797c20346d85760802719d4b
counter_search,valocracy/moonvilla,src/middlewares/jwt.middleware.ts,498fc6b9c0d8e7d87b86b178e32596d574fd1200,eadf7c01fa221f6b89eac82a99ec39be5d23a0a7387d2bc2d197b8bf86ced1b9,3462,,502043ae22442118f95fa9d8744b3148c00f9f52
counter_search,goodvandro/rest-api-node-mongo,auth/middleware/jwt.middleware.ts,178e59bbdf6631b9233172366b941a00dc027454,a9b30eaf6c850967775d98bb083e7050df8e88638a0c2372c76ef47a1a9cce27,2333,,4b847d0698351d6cbb17c39a86a883156cdd3351
counter_search,efcjunior/toptal-article-api,auth/middleware/jwt.middleware.ts,5437628e1561c012cbeee1ef7382ca847f571607,4d6e0153d4a0e1dac9f628a0e298a33003f063c876c79a8f1f3573a7ae5e132e,2332,,51bf868d43f598638aaa620db11fd734cc29e9e7
counter_search,FathurRohmna/Fullstack-Expressjs-Mongodb-Reactjs-Typescript,server/src/auth/middleware/jwt.middleware.ts,fc18931972ace158180008c24b0e6e6daf3a70d3,412e05d19c1958a9221c93c5202a697dbfcb4f6c4be9f98911bd9ea7260126e8,1941,unresolved,95309a35adca02b1cb9924d5f0e0c61d77e50981
counter_search,arfan-ahmed-shohag/project-thesis-automation-server,src/shared/jwtGenerator.ts,bcd612dd1130e75e4fc92cc37d476638c79215b4,98d3abde71bf13ca59e0b36873ae48ad9f0da45e6f02dbff378c5253488c10e0,573,,1bc3928410bbe6df359bcd36233b23d1a026676c
counter_search,daniellaera/node-typescript-rest,auth/middleware/jwt.middleware.ts,8730cee9c5dc2f2360d84986ed013d1b0fa3ca0b,212a3ebf61fe32d18ce51e9e38f0f2ace0495da3084ba34d922b0c6407fcfaaf,2496,,a69f33c992ccdcb0a8b29b49bc8dc044322947a7
counter_search,bashketchum02/typescript-boilerplate,auth/middleware/jwt.middleware.ts,901d1280b0945fd2827c105c0cf384a7b7afc713,9a67c3779ab00d1bdb7aa81990289d35264a8cfeb68f13236df77986e83931c4,2667,,0c41d2819d58332570de32bfc5240d921ec11554
counter_search,bashketchum02/barcamp-2021-api,auth/middleware/jwt.middleware.ts,b2f29b7ba97105335b6e3d772fc65af5d5bebf7d,861a5d44623379aff3f47391ff7b539a4de32437106e9fd562691008650e8194,3650,,071fa48d2f9976a55ceeed911877e0beb27a7ba6
counter_search,andresestrella/api-territorio-rd,src/auth/auth.middleware.ts,cd8a16b143c8e990d0ae4d8422fb965411e871bd,114cc7766f96fdbb042f7847a3f6554b65cd654f873dc542b541468e9a70e2a2,3451,,7507070c595e1cb9cdcb07f7b5efe4e6f1b05dea
counter_search,kpachhai/pathsports-restapi-backend,src/auth/middleware/jwt.middleware.ts,2895984a70d84cc156509594ac8fbb06d4ad6e59,b887f186247878f3b22ec6dc30c047b79a2ee43adb336db640b04ac4cccfde7c,2620,,090ec307dd796fcb29a9cbfb531fd436c3cd9802
counter_search,dunkmway/emlekezz,src/server/services/jwt.ts,8498cc844d5445e58ca8f2fed466c00b717ba97b,c07fd1f3b41e64f6030310b90dd20fd55500330613c7fef99f4176ad5fbd0055,3894,,79484566f13aaa923baca1d8e8fa0ea92d2c5688
counter_search,Linksku/leo-framework,framework/server/core/jwt.ts,a0a964e509401b78aa9ac0e932d7dc3bf2b6082e,383f0caa2725004c94276073c4b0eb74ac3ab1c872fa98c2cd5a703bee022f49,3544,,92f6fd958c5ddbe1b05ef6bd3924d0c447d723ce
counter_search,ThiagoBussola/teste-gazin,auth/middleware/jwt.middleware.ts,48ce623d654cb862bd84a819b30f08c7361a8d5f,fdbff42c9fc1489b7d6d583e5f93353f15b2c8cee29b828d49c2a33ead6140d8,2110,,6b225a49e42a70218964b7e155bb39405cd7933f
counter_search,david-dot-krupicka/products-review,products/auth/middleware/jwt.middleware.ts,f6913ac7135d2c919ecb6f8b14621600374aaa2c,1b42454d55c7717b3ea87d323bf0148ecb6a3bfad5b7f85de2a3b8637f01a9df,2430,,9e1ecdb5fc227d7c683f9a2bf39dccb86f318f47
counter_search,arfan-ahmed-shohag/STRIKERS-FC,football-club-server/src/lib/jwt.ts,1ba7bd87a3a9f14e9be2f17a896509b065286e40,e892f474804994e96ae25c2507a635a7154552c96c8bffc07d532b7c6595a57f,631,,821cf306052ef42f56c73ea16ac3b01fac72635d
counter_search,lawalbolaji/p2p-wazobia,src/modules/auth/middleware/jwt.middleware.ts,1d7b148c61030c71281e520abc5bae295350054c,43be4768cb57b2410bf26da184e68703233e6339da8fb5008799b2a4554e8dde,2036,,09b9314e8d748fd6d9bfda40994b98e72eb083d9
counter_search,Neyen108/docker-nodejs-typescript-mongodb-rest-api,auth/middleware/jwt.middleware.ts,9da7c1882ba208ff1ae4e250b928955f1773b9b8,cd43e9bf5532ca6efafa50807a1494bbef3b47b08fad33d8c7a9b56e31c19fee,2341,,760de80155bf771794bbb6e38b6d0809403c6be0
counter_search,Neyen108/cross-blog-backend,auth/middleware/jwt.middleware.ts,9da7c1882ba208ff1ae4e250b928955f1773b9b8,cd43e9bf5532ca6efafa50807a1494bbef3b47b08fad33d8c7a9b56e31c19fee,2341,,d256d93daf9916baf8597215073ea6bcc9f7aa38
counter_search,ndungu-mbau/mashule-backend,src/authentication/services/jwt.provider.ts,7a7dce3b82ef213c5dd51c394a39bbad617c025a,70dc6c8c0b77d0fbff5a71155b33af54363be2180273e899e7cd936f7891f867,2116,,73606312d5455c59aba554c26190321142654407
counter_search,victor-devv/mock-premier-league,src/middlewares/jwt.middleware.ts,5b84b04c1d4f5560f1ae9532fe4688eb3aa2040e,f04ff27b4e5bf9f087b6d7a148001fdeb8dcb8e64747d68b01d0fa64bf1af1f5,3239,,4c58dc419799e6d57e6214788eb4f117974b7646
counter_search,n4matos/boticario-cashback-api,src/auth/middleware/jwt.middleware.ts,53400b607512025a1b7b916cf4a83b63fc35933d,cf640ffb20e7200c5a413af00b614fc18eae90518f7975b06cb19b1b4548bab2,2068,,1fde84d5fbc6410abdeb5b3c47cf7b77175ea7b5
counter_search,abchakra/rest-api-ts,app/auth/middleware/jwt.middleware.ts,1354f7ec7c60fddfdca8c5c7aa954385ab6d80e1,e5836517366b4871a7e3c80318dd0c06c25d963c13def3a9b115c9a38c38839c,1980,,763ece43fa11d13c025d6c28a0628f880e86558e
counter_search,arfan-ahmed-shohag/Income-Expense-Tracker,Income_Expense_Backend/src/utils/jwt.ts,bcd612dd1130e75e4fc92cc37d476638c79215b4,98d3abde71bf13ca59e0b36873ae48ad9f0da45e6f02dbff378c5253488c10e0,573,,7f42e7f03a3df5610b62dd5471a610dfc1750df1
counter_search,gstvomacedo/cashback-app,app/auth/middleware/jwt.middleware.ts,28aa306445af1b9ff3af070f25e9470168abbd00,879ec692958a475d8e70a48786ca52b9696c4f63d77fc07eb587754e61ada53d,2208,,6cbd293ecbe57e718624def0823c4eb617ab0e44
counter_search,mwinel/ezziepos-backend,src/auth/middlewares/jwt.middleware.ts,90f788eb592842572a6670566b2e535f02c2045f,af357d2f1c5a3a8c8017de36d172c9f402e9989fb216420f158c590c45863fa2,2164,,c5a301f3c166266b20ae1555e8c1c56a9ed5c270
counter_search,ramu-narasinga/practicefrontend.tthroo.com,backend/auth/middleware/jwt.middleware.ts,b3ea536a625d970eb5aa4bc64163cfd2c5682efa,6788611685f12968627aad72d02a2ccb37a00bd36b02b00f96f4f2cd33cbfea5,2449,,27d17d73a36f74176c486b678cfa54e55ed043a8
counter_search,pirocorp/JS-Back-End,Workshops/REST API/auth/middleware/jwt.middleware.ts,1bc96840e27d2b8f3ec6f5ef90b1a2c7ea8aa2cc,006f03ff532a5f8f6b7cfa1d0d92b25fa26f6bc9cd2d232350dc0b82f17b820c,2355,,2e4a7f011229509d5456169f6c382e2a02b97151
counter_search,erkjbro/examples,backend/pro-rest-api/auth/middleware/jwt.middleware.ts,954ad805d4ca55721cf80faf4b04e36254340eb8,9d050f574cf17c2e9178ea80db8ad4a1dcb9d0ffb10e7a6fa09133448e8f44b0,1958,,3fd33c5c858c81766324e9a267e29108f41cdef6
counter_search,geekreflex/ripple-api,src/modules/auth/middleware/jwt.middleware.ts,bcb398d0a2dc2cc3236354806ea28bff6718268c,eeebfb81d72fd00a74878f464eb96bdde9820e733bea47607c8d593f3ee224a1,1815,,7200e9e4b3574238b44e47fed1c313e597c28070
counter_search,nehaal10/medium-blog,server/src/utils/utils.ts,2f7b5ef8452389289baedda696d70eaacd1f2f59,841d729424a6838a5acc110deb97960df1a6ea7437cc354e95ec111399308589,1901,,9f92d7b1dca568193429c9219d0740cb66891d76
counter_search,arfan-ahmed-shohag/csit_inventory,csit_inventory_server/src/shared/jwtGenerator.ts,bcd612dd1130e75e4fc92cc37d476638c79215b4,98d3abde71bf13ca59e0b36873ae48ad9f0da45e6f02dbff378c5253488c10e0,573,,8f9216520f10e3d69d61361418ca9f41df0ef1f9
counter_search,predatorx7/FHN_Project,nodejs/src/app/auth/middleware/jwt.middleware.ts,19bf91985dc8acc5bfa5c0b61d73bdb6887d675b,7c586a5714135022333ee7308811444030eb5113802276bd81139a5bbbe318b3,3195,,5e11df00cc07fb161ea0e463447f2fa17ad65938
counter_search,JunCodera1/green-footprint-backend,src/modules/auth/auth.service.ts,37685b8f27b7fada973f2cc0578bdd0c47dacf80,e8dd30701927813074da0483a0b38bb0210bc915945ba70467b611829b8c628f,5161,,e2d858a399ac86cb29925ee47adfef92142ba77b
counter_search,future4code/vaughan-Gabriel-Martins,Modulo5/cookenu/src/services/Authenticator.ts,e583980dafe42eb7d58b6f7009a3f084148326b6,2f90d900f6e537dba564726264bfe74ab3f719666f590e52868ba8e2a68d1725,609,,ea92e5d5dd43a1d661e911633828fd615ca42c2a
counter_search,ramu-narasinga/No-Code-Web-Builder,backend/modules/auth/middleware/jwt.middleware.ts,579c504c14d82ea47b276377e2a2e22f8ef7d12c,8d00ab1c5dbaeae4e7b1aaebcefa06dae3b017cbf73c35847bbd310bf0b9ad86,2355,,a136150257487c2248f66fb2e1881b078d831bf7
counter_search,JHorlamide/BioSeqAnalyzer,user-service/app/modules/auth/middleware/jwtMiddleware.ts,d76f3065b1a7cd4c3f8a06fb258a5df4e2edad42,b57b752d6f077bb95fce3347f15f14a3d77a01001eda4d2ed447b728e8da0cfa,2176,,832693f3e229ed73a7c562e870fe816d6d91fbf1
counter_search,Gizmodo/BlackWords,auth/middleware/jwt.middleware.ts,178e59bbdf6631b9233172366b941a00dc027454,a9b30eaf6c850967775d98bb083e7050df8e88638a0c2372c76ef47a1a9cce27,2333,,a73444cf84b4f4c9f0a905082f8bb6332b3f0ccd
counter_search,ramu-narasinga/FoqusMap-BE,auth/middleware/jwt.middleware.ts,5437628e1561c012cbeee1ef7382ca847f571607,4d6e0153d4a0e1dac9f628a0e298a33003f063c876c79a8f1f3573a7ae5e132e,2332,,e870176e7a5220ed3886d98b6f2f8e542ee10a3b
counter_search,ramu-narasinga/Rest-Express-Starter,auth/middleware/jwt.middleware.ts,5437628e1561c012cbeee1ef7382ca847f571607,4d6e0153d4a0e1dac9f628a0e298a33003f063c876c79a8f1f3573a7ae5e132e,2332,,be606e5c1b36512a70abdb02945e2a41c9831b6c
counter_search,gitofdeepanshu/Rest-Api-BoilerPlate,auth/middleware/jwt.middleware.ts,8a2274c9dcf128c4ed38303273f87868969b9f27,669dd0c4af09ef0613719ce225883932dfa8b80c393073e661f766192d34dcc7,2468,,03d901c50b701a9878b4ad23ba9b3ec9db820324
counter_search,maksymkhodakov/NodeREST,auth/middleware/jwt.middleware.ts,40147042a41cfc9a71528a56fbf7eb7e3cf0fa1d,1dfebc3bb204ca476bee0b848fdfc635e2733e9cb3b989da49e668afab3c0f0b,2345,,ae18dd701e16c3db070154a1706afd8b15626b7f
counter_search,jaycchiu524/need-for-spend,packages/server/src/common/middlewares/jwt.middleware.ts,9d2801bf26ae1198d52818fda2664abcdee1a5ec,adb30fd6d8c7085c50d0d79e2ecbdcb63001cb9bcd4c6d80645102aaf38a7710,4155,,c3fb3d4cc4bdf7054f2c21a20042a4e8fed91408
counter_search,Rohan-Vij/api,auth/middleware/jwt.middleware.ts,a95c074b0d0309a8408552ce9ae8c0a623bacd6c,f78150f602623f03ac474a2cc3c2a0b548f8000f0ccd70b69bc311a8b0ac8244,2367,,921a985a88a5d6814aa022a1f09a6efcf706fbd9
counter_search,ConnorMacDonell/dr-messaging-backend,src/auth/middleware/jwt.middleware.ts,a2a067a1af5d0b35784d54129e16cc1768130c78,6a708e8c4dfed3006b967cb15eeb8615ed1c4c7307487da5769b6581657303e3,2219,,6287708e600968f270b2dd0496b6e1b8b48a2cc4
counter_search,yanglindong0725/hyper-docs-backend,src/auth/middleware/jwt.middleware.ts,b1862f85c93ad0d259faf4542305b2a7ba50a06f,c852ccbd8512c141e70d31e7c4b81b0db2cc91c8336d4ce3c4b4436b03fe5eba,2019,,fa494cd5c68717587cdee12a9160425565a2c3da
counter_search,TobitMisoi/express-ts-template,src/auth/middelware/jwt.middleware.ts,536bdac65378486802e98696b8b5c5123578ed02,b56d696385179655d431ed064f3abce63f5dbf414ad2fd2a26169a57aef802b8,2030,,d082422acceb545d83411da979ede32a16f96586
counter_search,AnnaAnnaNX/ts-express-rest,src/auth/middleware/jwt.middleware.ts,9fab1d3a1b68cb0df51f68df8ba9e8a69dddd598,a81578050c32cff38fbf0f6abd862938336797167bb4419e2f1b79ce54525c51,2260,,3c753443b4440053b70528cda22e0ad078a5b809
counter_search,TobitMisoi/express-ts-template,src/auth/controller/auth.controllers.ts,55d43838f12067bc83448b08e316a657c3fc8559,0f2d1017f9188e169df802b059d7c940fa4501b83fd51353c75045c3c464e3a7,2994,,d082422acceb545d83411da979ede32a16f96586
counter_search,sergiycheck/diff--general-tasks-1,3-encoding-ciphering-hashing/src/index.ts,a321126077170a1dd494131c170c3567b32f13db,b5b6a22336c642071e9f99dbcdeed382ae5f5f3de8e539e5a43eda4c20451330,1814,,a6f0593c2fb426de18448ff1058e3c6b94b1cce7
counter_search,NazmusSayad/one-time-jwt,src/one-time-jwt.ts,4894a5fed62c07e119d5698d3393f026a65393e9,d11e7dc1baeb28c36f3fb3e59974effeba0c6a6de8a86195d5021878de014238,10641,,5661b42c222e334921a9859b3bb4ff6333d1a629
counter_search,filipve1994/angularfrontendbackendstatemanagement,expressjstypescript/src/modules/auth/middleware/jwt.middleware.ts,ed0f2bd306dd609b1fc0f3c81fdf27b19ca1d63a,df9eaf87ea4c9ef28b8c407b758a1be300578e0003c3a4d04a2cfa9dfb30ce78,1992,,a303fde2a77e76f8a6b6527fd62371ceaaeeff31
counter_search,samitatimsina/movie-ticketing-app,bms-backend/src/modules/auth/token.sevice.ts,0111953e5d0cc84658caffd48ba5224f521cbc34,627e8e7f91958ba3510710ef16cf2761476731704b04077d94c29d8c98206fc0,1798,,aaa5a16e12eba4f2790e52c9579e8e8cae70044e
counter_search,Scott-Zeta/NodePlayground,RestApiTS/auth/middleware/jwt.middleware.ts,62aaa2b4edd4de6c5d1e517bbf7430012991ae81,1f390225c70cb4b4edd83a4fe1956d18ace950493b13b60a90482d5626f0c2f4,2164,,9a61be7a0ebdbe9f6c3b2ea1e385e295aa71409c
counter_search,stfnbssl/wizzi.cli,packages/wizzi.cli.hub/gitclones/toptal-rest-series/auth/middleware/jwt.middleware.ts,178e59bbdf6631b9233172366b941a00dc027454,a9b30eaf6c850967775d98bb083e7050df8e88638a0c2372c76ef47a1a9cce27,2333,,6e0355a6c758166a6910e6b3a5b082227b99a6c3
counter_search,fafa-npu/VibeMobile,web/server/services/auth.ts,ecc37755b3a895f3e15149593efc52012bda1503,a1f883ce8edb0f44c9f08a40ecf6eb7accc480d49b7d4cdc9732b637d483a1fe,10915,,1350dab26273d37bf9313a38320def2a41f0908a
counter_search,beabee-communityrm/telegram-bot,telegram-bot/services/network-communicator.service.ts,3e772606ee8132d716152c182b7a5291c5560871,7f09d53de85904d7c61bd3f9337fc9c14916c9b142e385396b14bfbddb721e4f,6165,,fcc817158b7889d285804ce7503936a051f8f5ef
counter_search,DefinitelyTyped/DefinitelyTyped,types/jsonwebtoken/jsonwebtoken-tests.ts,2f7f36eb58de59e1835d80a1dc62c0e873a80bd6,a4e1214b60bafecdc1e7bb86e35861e6919195afa6dd1f07f77d8f9dd8879005,9877,,28fd9030495005fd55f5a7eb3523a84046af8a01
counter_search,Malkhalaf697/Visionx,types/jsonwebtoken/jsonwebtoken-tests.ts,51dfd8cc103be7b17b94205c537f2a2491483c1c,e4b4d59b5a4e2425c412f13f55ee1c7627921b4e484865e867443f6d0183ae52,8812,,d81eec4a838c9910f8d226400c91270e74978129
counter_search,talentosagiles/Ti,types/jsonwebtoken/jsonwebtoken-tests.ts,51dfd8cc103be7b17b94205c537f2a2491483c1c,e4b4d59b5a4e2425c412f13f55ee1c7627921b4e484865e867443f6d0183ae52,8812,,cab24284baa4b020a7ade3bed813384adf80e84c
counter_search,Malkhalaf697/git-clone-https-github.com-docker-welcome-to-docker,types/jsonwebtoken/jsonwebtoken-tests.ts,51dfd8cc103be7b17b94205c537f2a2491483c1c,e4b4d59b5a4e2425c412f13f55ee1c7627921b4e484865e867443f6d0183ae52,8812,,971fc45cf67ba41e2a6df388a5438c08381dc0b0
counter_search,knoxio-labs/pops,pillars/bfm/src/api/auth/__tests__/access-token.test.ts,d791989885d0681b87a56e65c3894c75c8f83f67,79ddcf46b8ab0dad9ba6204cd1e9fb8fb87c041770cb31c5634b05a393eb4308,8194,,b5ffc4e702e423611406c68685a2527ebc2a0a0b
counter_search,YYC-Cube/YYC3-Knowledge-Base,YYC3-A/DefinitelyTyped/types/jsonwebtoken/jsonwebtoken-tests.ts,2f7f36eb58de59e1835d80a1dc62c0e873a80bd6,a4e1214b60bafecdc1e7bb86e35861e6919195afa6dd1f07f77d8f9dd8879005,9877,,7dddb5770f5c35c186a0eb92fee5e1cd4279fed6
counter_search,YYC-Cube/YYC3-Knowledge-Base,YYC3-E/types/definitely-typed/types/jsonwebtoken/jsonwebtoken-tests.ts,2f7f36eb58de59e1835d80a1dc62c0e873a80bd6,a4e1214b60bafecdc1e7bb86e35861e6919195afa6dd1f07f77d8f9dd8879005,9877,,7dddb5770f5c35c186a0eb92fee5e1cd4279fed6
counter_search,beabee-communityrm/telegram-bot,telegram-bot/services/network-communicator.service.test.ts,5260237d51f16c45b9a5a62a44b31c3c18d3833e,c2808cf9eb0c1018fca6221f7ae66b2f8677b0e032226616d631b03e6faa146f,1367,,fcc817158b7889d285804ce7503936a051f8f5ef
counter_search,jasonhoang6201/presentation-server,utils/token.js,9ba23c8e5aae2a89dd46aadd0819299227f5a653,61db494bd0f7114cacd895e0f03e80f38aad45fc71d0bd9bc3d1ce43038590a3,749,,ea0b4c37aae279ea0e45bf76996ea09a79da7602
counter_search,mohansahu18/emai-verification,backend/src/utils/cipher-util.js,8eaefb369b04da6cd04e6aa6a657bd4e7690596e,5ce758295b49e5196d60f7367170521263ed9939f4e49b6a81273334406907b9,1537,,0f9fd49a072fa739a3519ae0d2711145148ce694
counter_search,SarthakNative/task-management,backend/src/utils/Cipher.js,aa692622d16e65cf3c723370a7db85540f55a35b,9cbe3645752b5ee1f119c8e9a5851fd795796d818393d925da60d1d0c7195c8e,1596,,eb9024622efd0ced69d2beb9af43c2aea4307cc1
counter_search,tan1423/email,server/src/utils/Cipher-util.js,8eaefb369b04da6cd04e6aa6a657bd4e7690596e,5ce758295b49e5196d60f7367170521263ed9939f4e49b6a81273334406907b9,1537,,5efcbdb204cdbb34196acd2733c277e3fe46af5d
counter_search,Pawanpathariya/pabbly-email-verification,backend/src/utils/cipher-util.js,8eaefb369b04da6cd04e6aa6a657bd4e7690596e,5ce758295b49e5196d60f7367170521263ed9939f4e49b6a81273334406907b9,1537,,8a2a4763b0a0798bca14226b987755e665c1e74e
counter_search,AbhayDixitDev/Email-Verification-Bouncify,backend/src/utils/cipher-util.js,8eaefb369b04da6cd04e6aa6a657bd4e7690596e,5ce758295b49e5196d60f7367170521263ed9939f4e49b6a81273334406907b9,1537,,2fd5ffc04addf82fd121f76c4549e90e80e6501f
counter_search,ONLYOFFICE/server,Common/sources/utils.js,b2b0b8736ace54e6748ae5c70eb85b5813caa673,eb9d7d83be8c74f5c0b318816914e00a854a8d171b57dc490d42284f130d672f,54976,,d6df308acb9877a9365c741b30741de96202816e
counter_search,Euro-Office/server,Common/sources/utils.js,fedc5e7df966660f9aaa56cfd1fa0adb91f7e9f3,6c2a2bf45d039f974946de2b755ca635d2645f8dcf292f8b0ea1d11127ff46c7,54650,,abfa2946fcc7b6f31df497f73d7e48ca6dbef16b
counter_search,SuperJeffrey/server,Common/sources/utils.js,5feca4afea33ea11815970c37970431628a25eb5,507f62bd5a701ca90db6c6867eb7156b4d665848d62c2a921977201007bd26ad,54995,,4e56b8d056640557ffcd8c860a65535ab6cbd95b
counter_search,tusharpareenja/Doc,server/Common/sources/utils.js,1634ab3bf0795895c9556613951392c804bc376e,380384951431694c677c3d5aaaebb54b73c24ebee47f8ebce00a7200b8d4bcc8,54384,,25516d4ffbf5c5055b45cab1c622c6ea095a3d2c
counter_search,insinfo/my_office,server/Common/sources/utils.js,fedc5e7df966660f9aaa56cfd1fa0adb91f7e9f3,6c2a2bf45d039f974946de2b755ca635d2645f8dcf292f8b0ea1d11127ff46c7,54650,,d0de29e1c9326dc35b90c52ff36a66045d9c9f7d
counter_search,Webber-Wei-RSP/OnlyOffice-Doc-Server-Docker,server/Common/sources/utils.js,b0ba5b6a252807b6b86383be05f0c2c660f380d2,62f07dc2c7cdd875e9e68ccfca0c385662038e2e1757a5862bfeb6a994e3eb0d,54738,,7c90645cbf1719301ce6348e93e4fba96765e08e
counter_search,okaidigital/okaidocs,editor-engine/server/Common/sources/utils.js,3d10990c24bbb8e7bd3b20bd0715231d7ada8e55,5f9f10722abe0e920d793da9031b069fc012460a382080efb73bc64058ad12b4,54381,,d5ad65cf9baafd50c93f9642ceada07b8cdf78d5
counter_search,mohdiqbal-dev/square-aspen,src/services/netlify-services/netlify-service.js,e4bb63a53746aadf6016df9ad96938ee33c41665,6402b0a2ea77c582acddd90b878f4610524fae5e60e6215ba764e59c418784a6,21265,,c79d01dd06070961fc84b9c944d6d64b8d083eff
counter_search,aitiotekt/minellius,server/src/auth/services/token.service.ts,3f2efcf12ce7f212b72ae14dfa3b5aede89f217a,a4ba7c3c1b0ced7705aa8051119a37f890d3d58763345aa6d631f7e8b25ae6cb,2097,,7fe967d6746f35a289e437b595bf9bdbda0338ac
counter_search,Gym/nestjs-seed,server/src/auth/services/token.service.ts,826f20a735a9d283e4fd78f2105eae8b639f4701,17988c6f7e2574ccc3e0eb43cc0a9782d493eb4d83ff04b0f18b462db5846323,1879,,63f489633fde384166e847b79c5f1e1a063017e3
counter_search,nestjs/jwt,lib/jwt.service.spec.ts,7d1ea52b95e16b8b9562947829d91a214ca0509d,012c388560e4f3a363ec5008e73ae91d64500f26098c992e0708a8a3578b30b1,18234,,7b0bd4e2ef902a542911ffa09a8494d9924d93d6
counter_search,FModel/api.fmodel.app,auth/controllers/auth.controller.ts,72ed96381a116499583ac6baa722155a8191642f,d8799c93d4044881f6f9210a59bd6eaf68f1af1b036c47cb53d6855ba93a24f9,1365,,e02dc3590a2867caaca9e08442021e9d1bad3306
counter_search,jsahleen/cldr-service,src/auth/controllers/auth.controller.ts,09503107875f29c494035ed54862d5be1555392e,363363f9eb56743fa526d46c139bad467176486096c280d6b65f0e5201dedc7e,1172,,5bd45355d8e00e4a2ce84a1253d0c0c5a3bad613
counter_search,MontaserHassan/school-management-system,server/src/Utils/createToken.util.ts,618f6d1d594a271438e3dc7a5eb17f9c5e319fbd,2b40ad65ae760c52592cabc7b36c47eb033e4735912c9484f4e804b67b7bac9c,898,,36033c95faaf3a4d0b1d440c7d12f3095db30aa5
counter_search,elissandroa/chamadaEscolar,backend/src/helpers/create-user-token.ts,d1a2e53e2502f4f87168b4d03756ace227787821,fea79b71e747e31b59d8469e30bddddddfad56891f61199d1a2207774dd9c233,631,,b0bd364c7c3067ab9a351ef05c406a9e080428c5
counter_search,efcjunior/toptal-article-api,auth/controllers/auth.controller.ts,a381b4a83e1780ab6ae1126790884140ebcc35bb,f58ccc82e8b19335de515a15b08a031b65eca19e1bec20fc2c63422ca12af29d,1135,,51bf868d43f598638aaa620db11fd734cc29e9e7
counter_search,daniellaera/node-typescript-rest,auth/controllers/auth.controller.ts,45496530ff68f8846cc1a5478c9176c9d939aef9,de235d22f5c7c785ed770d151a91b9d757a09342b716add0621ef2a5e7500e8d,1136,,a69f33c992ccdcb0a8b29b49bc8dc044322947a7
counter_search,goodvandro/rest-api-node-mongo,auth/controllers/auth.controller.ts,45496530ff68f8846cc1a5478c9176c9d939aef9,de235d22f5c7c785ed770d151a91b9d757a09342b716add0621ef2a5e7500e8d,1136,,4b847d0698351d6cbb17c39a86a883156cdd3351
counter_search,bashketchum02/typescript-boilerplate,auth/controllers/auth.controller.ts,d34c35eb3f92c7d08198f904da7979c8e353fabd,96e9b36935e213f33e31d3dc140c3b37e5781c5d82290b240d50d8b40f86b4b1,1310,,0c41d2819d58332570de32bfc5240d921ec11554
counter_search,kpachhai/pathsports-restapi-backend,src/auth/controllers/auth.controller.ts,336edd23250591003cae7c1e1b6e2846848c4f55,99fbf722019b315bc8ccd445e71d4497cfdee5bc5f49899e4f1edbe9cdb21e60,1144,,090ec307dd796fcb29a9cbfb531fd436c3cd9802
counter_search,bashketchum02/barcamp-2021-api,auth/controllers/auth.controller.ts,e2e467e349fc8ea449a4a05fba3f53540066a3d3,f3d7ad91b550cef213c13b0b8cd8bfcec48b32994db48c57e9cdbd4ec43d7159,1649,,071fa48d2f9976a55ceeed911877e0beb27a7ba6
counter_search,victor-devv/mock-premier-league,src/controllers/auth.controller.ts,a48852e8f8dc9d10be3716b81d954abb3166f4cc,a8b84c2a82d8f9990f7d0b56ed6cbc180a92807c76e050a8fdd36d7d4442b766,1397,,4c58dc419799e6d57e6214788eb4f117974b7646
counter_search,mwinel/ezziepos-backend,src/auth/controllers/auth.controller.ts,c6d3a3c2c67c31d3bc31a29273b2f54328289a8b,51a28f9e881ef96dc9bd8ad0517562f1abf5d7426106a5d87d37225eb697839c,995,,c5a301f3c166266b20ae1555e8c1c56a9ed5c270
counter_search,ThiagoBussola/teste-gazin,auth/controllers/auth.controller.ts,d6787348bd0934862d9b4fe8a8bd5e4e2ce69c74,6908eb18cd8244b00afd76696e60d36f8e28de507ed84baf5d9bc386a3b44087,1122,,6b225a49e42a70218964b7e155bb39405cd7933f
counter_search,FathurRohmna/Fullstack-Expressjs-Mongodb-Reactjs-Typescript,server/src/auth/auth.service.ts,2fb79378cf8c7eda3b07a591f2ad4fcecdf74c6e,665b8991a502b366ce3a89c56e545675c5a566670dbd8ca1ffe302db33350b7a,1653,unresolved,95309a35adca02b1cb9924d5f0e0c61d77e50981
counter_search,abchakra/rest-api-ts,app/auth/controllers/auth.controller.ts,b30c839af320aed97510f8123aae2dad27c1f3e7,a5adb2e728f40cd01313ed8d625030a4937bf2d9704582b06f4f7e412a5cda04,1000,,763ece43fa11d13c025d6c28a0628f880e86558e
counter_search,n4matos/boticario-cashback-api,src/auth/controllers/auth.controller.ts,ee41595bd4e729e494d11286ce99d7d7086a1a71,14d1afe83bc760560ca02e67c56c538c7b088b12ec14e9cac4709a7420128c0b,1032,,1fde84d5fbc6410abdeb5b3c47cf7b77175ea7b5
counter_search,FathurRohmna/Commerce.---Order-system-shop-with-Next-js-Typescript,apiFeatures/auth/auth.service.ts,99d0c1c79efe10b093487b743c3c8a44ab142d47,cf4f5ec94f8189858158b80caa92da54280d2a3e146d2cf7a5d3ea56d6a6cd09,1515,,8bd5bd40f8a885c3071ea2c8d8ee54ca320e4bd4
counter_search,david-dot-krupicka/products-review,products/auth/controllers/auth.controller.ts,babe28a228233e1af3d895b840a3e3f4c88b1526,ad58044754b98dafb9d33f31913bfc885d97b07b2b89051f9ddeab2e8633a127,1493,,9e1ecdb5fc227d7c683f9a2bf39dccb86f318f47
counter_search,pirocorp/JS-Back-End,Workshops/REST API/auth/services/jwt.service.ts,a6072ac0871c1640d36f7a671d8beaa3b0f3fb47,f946d960306656bc2d6d8a8a22ebff9edfd56d66514c2341f95cf515b5d76f1b,1130,,2e4a7f011229509d5456169f6c382e2a02b97151
counter_search,arfan-ahmed-shohag/FixItNowBackend,src/app/modules/auth/auth.service.ts,9dcd7e0ecc2fea77eebeabe70ce640a650c6b63d,58b3c313e18fbe86c66d921172b8f6e8888b73a24944b167d694c46eecc81c76,8002,,d4d5ec1e95da19c3d6d9fc4a4c332f0f2a1a5895
counter_search,erkjbro/examples,backend/pro-rest-api/auth/controllers/auth.controller.ts,9d4696c44431f2feec19d1b4e8dfa33281ff8670,cd45c4071db5233e1ebcb5a607bb016d3e1dd04b88c7d7d6975f920f1cfe57dc,1005,,3fd33c5c858c81766324e9a267e29108f41cdef6
counter_search,geekreflex/ripple-api,src/modules/auth/controllers/auth.controller.ts,19865a0e2341533564f72309cc94b18f2c3bb05b,ceb6cc08107f454c7105757e1cf39ae243ad491493af12c48ba840bc8e1618c5,966,,7200e9e4b3574238b44e47fed1c313e597c28070
counter_search,FathurRohmna/Delive-Delivered_shop_system_with_GraphQL,graphql/authentication/authentication.service.ts,15dd914917f3e35973b6d4f043f6efb75d86167a,abf0fabcbef169310ae02710f1657a51fdb9781ab8d193a437aad3b78edfd37c,1043,,4f3b3645026cfae20afddb3663e9e767a4e26487
counter_search,predatorx7/FHN_Project,nodejs/src/app/auth/controllers/auth.controller.ts,8ce92f5ad8fc016074b5ea2176e01b89be9f1a12,93fb288ab8542303b61f2ea1e75f876622c2b88b9f5e753dd76de2dc86e112c4,1200,,5e11df00cc07fb161ea0e463447f2fa17ad65938
counter_search,Gizmodo/BlackWords,auth/controllers/auth.controller.ts,45496530ff68f8846cc1a5478c9176c9d939aef9,de235d22f5c7c785ed770d151a91b9d757a09342b716add0621ef2a5e7500e8d,1136,,a73444cf84b4f4c9f0a905082f8bb6332b3f0ccd
counter_search,maksymkhodakov/NodeREST,auth/controllers/auth.controllers.ts,83673e489b8fe49f1332e9d58c0caa7c31dc08b6,0b055367de5ecee944cc088cde86f9b33ce7dadac7f537488bd311c800cc37a1,1134,,ae18dd701e16c3db070154a1706afd8b15626b7f
counter_search,AnnaAnnaNX/ts-express-rest,src/auth/controller/auth.controller.ts,357f4f5d2b75b517cb0b4da940e42a08bb415bdd,2583f692f60c8ad635283cd46070d968df1bd6a289d6e18782f5675481862a87,1094,,3c753443b4440053b70528cda22e0ad078a5b809
counter_search,gitofdeepanshu/Rest-Api-BoilerPlate,auth/controllers/auth.controller.ts,0f157e53c417c13f5819c50a02366eac6efa49be,e50c162ddd63bc4231b6ae6d677b9d73f47df6154270fee57484497270c64bde,1238,,03d901c50b701a9878b4ad23ba9b3ec9db820324
counter_search,jaycchiu524/need-for-spend,packages/server/src/auth/auth.controllers.ts,ddb306f3fcba32cf3277e6930de4848c38fd9250,07c37a863687a0792157ca8e104af042f55282288c5846481f12679df97246dd,5180,,c3fb3d4cc4bdf7054f2c21a20042a4e8fed91408
counter_search,ConnorMacDonell/dr-messaging-backend,src/auth/controllers/auth.controller.ts,981cbe857f7fb94ec6cf4ed33281f47e416d3db6,226f4b1d4e693a2bdfea19559fa812fd44396f6bd8aa937f01605ba288308c2a,1005,,6287708e600968f270b2dd0496b6e1b8b48a2cc4
counter_search,Rohan-Vij/api,auth/controllers/auth.controller.ts,2a547b76dec42478c2309442126a68bf4a718060,874c389d93434e64ee7c1d0bab5a179018444bc83534e74fc7643e1b601c3288,1331,,921a985a88a5d6814aa022a1f09a6efcf706fbd9
counter_search,ramu-narasinga/FoqusMap-BE,auth/controllers/auth.controller.ts,2f3e6535651ef824f2e31abce7f09908d5c5813d,190f1fd750464c9da5d7d6cd0dda44735d1ea2365c91d76d6ebed784a75905ef,1373,,e870176e7a5220ed3886d98b6f2f8e542ee10a3b
counter_search,hugogallor/f1-backend,auth/controllers/auth.controller.ts,1dc31500beb1a188ff8907e46525bdbc2fcee488,0b9ec8d6c2fafc752dcb9be9e437c02afc3aef16380088eef984783165279050,1377,,19677e90443b0455d049d7014094632f641677fd
counter_search,yanglindong0725/hyper-docs-backend,src/auth/controllers/auth.controller.ts,2e35f9160c0948f1ae761dbd8ccddf960c7a619e,b08b13aad884e296c9d6c3c775d7c08917dbbb84ede28c2e85ea6175f61978ec,1470,,fa494cd5c68717587cdee12a9160425565a2c3da
counter_search,filipve1994/angularfrontendbackendstatemanagement,expressjstypescript/src/modules/auth/controllers/auth.controller.ts,b9bf13288e154887cea7c97dc5d9c05d165dd925,fae755334d42be03ded310f2be921c79121d414665dd4dca5f688534da93c3f0,1019,,a303fde2a77e76f8a6b6527fd62371ceaaeeff31
counter_search,Scott-Zeta/NodePlayground,RestApiTS/auth/controllers/auth.controllers.ts,89fc962b0943e59f7714d964b454f6b8aa6cd41f,a3c4aaf8ff433b148c378cb2942b5aaa35fc888425ffaa00c5075ba271389666,1645,,9a61be7a0ebdbe9f6c3b2ea1e385e295aa71409c
counter_search,stfnbssl/wizzi.cli,packages/wizzi.cli.hub/gitclones/toptal-rest-series/auth/controllers/auth.controller.ts,45496530ff68f8846cc1a5478c9176c9d939aef9,de235d22f5c7c785ed770d151a91b9d757a09342b716add0621ef2a5e7500e8d,1136,,6e0355a6c758166a6910e6b3a5b082227b99a6c3
counter_search,arfan-ahmed-shohag/STRIKERS-FC,football-club-server/src/app/modules/auth/auth.service.ts,2c32ec8b4c4ac2e4ac773593a2fc5f6e4b45f80d,50ffa1f2ef938afcab9e6ac0f4ccbae58fafdda41812c7f6979ac923c49c0c99,7988,,821cf306052ef42f56c73ea16ac3b01fac72635d
counter_search,ramu-narasinga/Rest-Express-Starter,auth/controllers/auth.controller.ts,2f3e6535651ef824f2e31abce7f09908d5c5813d,190f1fd750464c9da5d7d6cd0dda44735d1ea2365c91d76d6ebed784a75905ef,1373,,be606e5c1b36512a70abdb02945e2a41c9831b6c
