
         /\      Grafana   /‾‾/  
    /\  /  \     |\  __   /  /   
   /  \/    \    | |/ /  /   ‾‾\ 
  /          \   |   (  |  (‾)  |
 / __________ \  |_|\_\  \_____/ 


     execution: local
        script: /Users/katha/Desktop/EliteLabIndividual_Research/testbedForFinApiZTA/psao-artifact/experiments/k6/openloop-ramp.js
        output: csv (/Users/katha/Desktop/EliteLabIndividual_Research/testbedForFinApiZTA/psao-artifact/data/runs/2026-09-13T13-01-05Z-ramp-S9/k6_raw.csv)

     scenarios: (100.00%) 20 scenarios, 5850 max VUs, 10m10s max duration (incl. graceful stop):
              * step_00050: 50.00 iterations/s for 30s (maxVUs: 20-150, gracefulStop: 10s)
              * step_00100: 100.00 iterations/s for 30s (maxVUs: 20-300, startTime: 30s, gracefulStop: 10s)
              * step_00150: 150.00 iterations/s for 30s (maxVUs: 30-450, startTime: 1m0s, gracefulStop: 10s)
              * step_00200: 200.00 iterations/s for 30s (maxVUs: 40-600, startTime: 1m30s, gracefulStop: 10s)
              * step_00250: 250.00 iterations/s for 30s (maxVUs: 50-750, startTime: 2m0s, gracefulStop: 10s)
              * step_00300: 300.00 iterations/s for 30s (maxVUs: 60-900, startTime: 2m30s, gracefulStop: 10s)
              * step_00350: 350.00 iterations/s for 30s (maxVUs: 70-1050, startTime: 3m0s, gracefulStop: 10s)
              * step_00400: 400.00 iterations/s for 30s (maxVUs: 80-1200, startTime: 3m30s, gracefulStop: 10s)
              * step_00450: 450.00 iterations/s for 30s (maxVUs: 90-1350, startTime: 4m0s, gracefulStop: 10s)
              * step_00500: 500.00 iterations/s for 30s (maxVUs: 100-1500, startTime: 4m30s, gracefulStop: 10s)
              * step_00550: 550.00 iterations/s for 30s (maxVUs: 110-1650, startTime: 5m0s, gracefulStop: 10s)
              * step_00600: 600.00 iterations/s for 30s (maxVUs: 120-1800, startTime: 5m30s, gracefulStop: 10s)
              * step_00650: 650.00 iterations/s for 30s (maxVUs: 130-1950, startTime: 6m0s, gracefulStop: 10s)
              * step_00700: 700.00 iterations/s for 30s (maxVUs: 140-2100, startTime: 6m30s, gracefulStop: 10s)
              * step_00750: 750.00 iterations/s for 30s (maxVUs: 150-2250, startTime: 7m0s, gracefulStop: 10s)
              * step_00800: 800.00 iterations/s for 30s (maxVUs: 160-2400, startTime: 7m30s, gracefulStop: 10s)
              * step_00850: 850.00 iterations/s for 30s (maxVUs: 170-2550, startTime: 8m0s, gracefulStop: 10s)
              * step_00900: 900.00 iterations/s for 30s (maxVUs: 180-2700, startTime: 8m30s, gracefulStop: 10s)
              * step_00950: 950.00 iterations/s for 30s (maxVUs: 190-2850, startTime: 9m0s, gracefulStop: 10s)
              * step_01000: 1000.00 iterations/s for 30s (maxVUs: 200-3000, startTime: 9m30s, gracefulStop: 10s)


running (00m01.0s), 0000/0390 VUs, 48 complete and 0 interrupted iterations
step_00050   [   3% ] 000/020 VUs  01.0s/30s  50.00 iters/s
step_00100 • [   0% ] waiting      29.0s     
step_00150 • [   0% ] waiting      0m59.0s   
step_00200 • [   0% ] waiting      1m29.0s   
step_00250 • [   0% ] waiting      1m59.0s   
step_00300 • [   0% ] waiting      2m29.0s   
step_00350 • [   0% ] waiting      2m59.0s   
step_00400 • [   0% ] waiting      3m29.0s   
step_00450 • [   0% ] waiting      3m59.0s   
step_00500 • [   0% ] waiting      4m29.0s   
step_00550 • [   0% ] waiting      4m59.0s   
step_00600 • [   0% ] waiting      5m29.0s   
step_00650 • [   0% ] waiting      5m59.0s   
step_00700 • [   0% ] waiting      6m29.0s   
step_00750 • [   0% ] waiting      6m59.0s   
step_00800 • [   0% ] waiting      7m29.0s   
step_00850 • [   0% ] waiting      7m59.0s   
step_00900 • [   0% ] waiting      8m29.0s   
step_00950 • [   0% ] waiting      8m59.0s   
step_01000 • [   0% ] waiting      9m29.0s   

running (00m02.0s), 0000/0390 VUs, 98 complete and 0 interrupted iterations
step_00050   [   7% ] 000/020 VUs  02.0s/30s  50.00 iters/s
step_00100 • [   0% ] waiting      28.0s     
step_00150 • [   0% ] waiting      0m58.0s   
step_00200 • [   0% ] waiting      1m28.0s   
step_00250 • [   0% ] waiting      1m58.0s   
step_00300 • [   0% ] waiting      2m28.0s   
step_00350 • [   0% ] waiting      2m58.0s   
step_00400 • [   0% ] waiting      3m28.0s   
step_00450 • [   0% ] waiting      3m58.0s   
step_00500 • [   0% ] waiting      4m28.0s   
step_00550 • [   0% ] waiting      4m58.0s   
step_00600 • [   0% ] waiting      5m28.0s   
step_00650 • [   0% ] waiting      5m58.0s   
step_00700 • [   0% ] waiting      6m28.0s   
step_00750 • [   0% ] waiting      6m58.0s   
step_00800 • [   0% ] waiting      7m28.0s   
step_00850 • [   0% ] waiting      7m58.0s   
step_00900 • [   0% ] waiting      8m28.0s   
step_00950 • [   0% ] waiting      8m58.0s   
step_01000 • [   0% ] waiting      9m28.0s   

running (00m03.0s), 0000/0390 VUs, 148 complete and 0 interrupted iterations
step_00050   [  10% ] 000/020 VUs  03.0s/30s  50.00 iters/s
step_00100 • [   0% ] waiting      27.0s     
step_00150 • [   0% ] waiting      0m57.0s   
step_00200 • [   0% ] waiting      1m27.0s   
step_00250 • [   0% ] waiting      1m57.0s   
step_00300 • [   0% ] waiting      2m27.0s   
step_00350 • [   0% ] waiting      2m57.0s   
step_00400 • [   0% ] waiting      3m27.0s   
step_00450 • [   0% ] waiting      3m57.0s   
step_00500 • [   0% ] waiting      4m27.0s   
step_00550 • [   0% ] waiting      4m57.0s   
step_00600 • [   0% ] waiting      5m27.0s   
step_00650 • [   0% ] waiting      5m57.0s   
step_00700 • [   0% ] waiting      6m27.0s   
step_00750 • [   0% ] waiting      6m57.0s   
step_00800 • [   0% ] waiting      7m27.0s   
step_00850 • [   0% ] waiting      7m57.0s   
step_00900 • [   0% ] waiting      8m27.0s   
step_00950 • [   0% ] waiting      8m57.0s   
step_01000 • [   0% ] waiting      9m27.0s   

running (00m04.0s), 0000/0390 VUs, 198 complete and 0 interrupted iterations
step_00050   [  13% ] 000/020 VUs  04.0s/30s  50.00 iters/s
step_00100 • [   0% ] waiting      26.0s     
step_00150 • [   0% ] waiting      0m56.0s   
step_00200 • [   0% ] waiting      1m26.0s   
step_00250 • [   0% ] waiting      1m56.0s   
step_00300 • [   0% ] waiting      2m26.0s   
step_00350 • [   0% ] waiting      2m56.0s   
step_00400 • [   0% ] waiting      3m26.0s   
step_00450 • [   0% ] waiting      3m56.0s   
step_00500 • [   0% ] waiting      4m26.0s   
step_00550 • [   0% ] waiting      4m56.0s   
step_00600 • [   0% ] waiting      5m26.0s   
step_00650 • [   0% ] waiting      5m56.0s   
step_00700 • [   0% ] waiting      6m26.0s   
step_00750 • [   0% ] waiting      6m56.0s   
step_00800 • [   0% ] waiting      7m26.0s   
step_00850 • [   0% ] waiting      7m56.0s   
step_00900 • [   0% ] waiting      8m26.0s   
step_00950 • [   0% ] waiting      8m56.0s   
step_01000 • [   0% ] waiting      9m26.0s   

running (00m05.0s), 0000/0390 VUs, 248 complete and 0 interrupted iterations
step_00050   [  17% ] 000/020 VUs  05.0s/30s  50.00 iters/s
step_00100 • [   0% ] waiting      25.0s     
step_00150 • [   0% ] waiting      0m55.0s   
step_00200 • [   0% ] waiting      1m25.0s   
step_00250 • [   0% ] waiting      1m55.0s   
step_00300 • [   0% ] waiting      2m25.0s   
step_00350 • [   0% ] waiting      2m55.0s   
step_00400 • [   0% ] waiting      3m25.0s   
step_00450 • [   0% ] waiting      3m55.0s   
step_00500 • [   0% ] waiting      4m25.0s   
step_00550 • [   0% ] waiting      4m55.0s   
step_00600 • [   0% ] waiting      5m25.0s   
step_00650 • [   0% ] waiting      5m55.0s   
step_00700 • [   0% ] waiting      6m25.0s   
step_00750 • [   0% ] waiting      6m55.0s   
step_00800 • [   0% ] waiting      7m25.0s   
step_00850 • [   0% ] waiting      7m55.0s   
step_00900 • [   0% ] waiting      8m25.0s   
step_00950 • [   0% ] waiting      8m55.0s   
step_01000 • [   0% ] waiting      9m25.0s   

running (00m06.0s), 0000/0390 VUs, 298 complete and 0 interrupted iterations
step_00050   [  20% ] 000/020 VUs  06.0s/30s  50.00 iters/s
step_00100 • [   0% ] waiting      24.0s     
step_00150 • [   0% ] waiting      0m54.0s   
step_00200 • [   0% ] waiting      1m24.0s   
step_00250 • [   0% ] waiting      1m54.0s   
step_00300 • [   0% ] waiting      2m24.0s   
step_00350 • [   0% ] waiting      2m54.0s   
step_00400 • [   0% ] waiting      3m24.0s   
step_00450 • [   0% ] waiting      3m54.0s   
step_00500 • [   0% ] waiting      4m24.0s   
step_00550 • [   0% ] waiting      4m54.0s   
step_00600 • [   0% ] waiting      5m24.0s   
step_00650 • [   0% ] waiting      5m54.0s   
step_00700 • [   0% ] waiting      6m24.0s   
step_00750 • [   0% ] waiting      6m54.0s   
step_00800 • [   0% ] waiting      7m24.0s   
step_00850 • [   0% ] waiting      7m54.0s   
step_00900 • [   0% ] waiting      8m24.0s   
step_00950 • [   0% ] waiting      8m54.0s   
step_01000 • [   0% ] waiting      9m24.0s   

running (00m07.0s), 0000/0390 VUs, 348 complete and 0 interrupted iterations
step_00050   [  23% ] 000/020 VUs  07.0s/30s  50.00 iters/s
step_00100 • [   0% ] waiting      23.0s     
step_00150 • [   0% ] waiting      0m53.0s   
step_00200 • [   0% ] waiting      1m23.0s   
step_00250 • [   0% ] waiting      1m53.0s   
step_00300 • [   0% ] waiting      2m23.0s   
step_00350 • [   0% ] waiting      2m53.0s   
step_00400 • [   0% ] waiting      3m23.0s   
step_00450 • [   0% ] waiting      3m53.0s   
step_00500 • [   0% ] waiting      4m23.0s   
step_00550 • [   0% ] waiting      4m53.0s   
step_00600 • [   0% ] waiting      5m23.0s   
step_00650 • [   0% ] waiting      5m53.0s   
step_00700 • [   0% ] waiting      6m23.0s   
step_00750 • [   0% ] waiting      6m53.0s   
step_00800 • [   0% ] waiting      7m23.0s   
step_00850 • [   0% ] waiting      7m53.0s   
step_00900 • [   0% ] waiting      8m23.0s   
step_00950 • [   0% ] waiting      8m53.0s   
step_01000 • [   0% ] waiting      9m23.0s   

running (00m08.0s), 0000/0390 VUs, 398 complete and 0 interrupted iterations
step_00050   [  27% ] 000/020 VUs  08.0s/30s  50.00 iters/s
step_00100 • [   0% ] waiting      22.0s     
step_00150 • [   0% ] waiting      0m52.0s   
step_00200 • [   0% ] waiting      1m22.0s   
step_00250 • [   0% ] waiting      1m52.0s   
step_00300 • [   0% ] waiting      2m22.0s   
step_00350 • [   0% ] waiting      2m52.0s   
step_00400 • [   0% ] waiting      3m22.0s   
step_00450 • [   0% ] waiting      3m52.0s   
step_00500 • [   0% ] waiting      4m22.0s   
step_00550 • [   0% ] waiting      4m52.0s   
step_00600 • [   0% ] waiting      5m22.0s   
step_00650 • [   0% ] waiting      5m52.0s   
step_00700 • [   0% ] waiting      6m22.0s   
step_00750 • [   0% ] waiting      6m52.0s   
step_00800 • [   0% ] waiting      7m22.0s   
step_00850 • [   0% ] waiting      7m52.0s   
step_00900 • [   0% ] waiting      8m22.0s   
step_00950 • [   0% ] waiting      8m52.0s   
step_01000 • [   0% ] waiting      9m22.0s   

running (00m09.0s), 0000/0390 VUs, 448 complete and 0 interrupted iterations
step_00050   [  30% ] 000/020 VUs  09.0s/30s  50.00 iters/s
step_00100 • [   0% ] waiting      21.0s     
step_00150 • [   0% ] waiting      0m51.0s   
step_00200 • [   0% ] waiting      1m21.0s   
step_00250 • [   0% ] waiting      1m51.0s   
step_00300 • [   0% ] waiting      2m21.0s   
step_00350 • [   0% ] waiting      2m51.0s   
step_00400 • [   0% ] waiting      3m21.0s   
step_00450 • [   0% ] waiting      3m51.0s   
step_00500 • [   0% ] waiting      4m21.0s   
step_00550 • [   0% ] waiting      4m51.0s   
step_00600 • [   0% ] waiting      5m21.0s   
step_00650 • [   0% ] waiting      5m51.0s   
step_00700 • [   0% ] waiting      6m21.0s   
step_00750 • [   0% ] waiting      6m51.0s   
step_00800 • [   0% ] waiting      7m21.0s   
step_00850 • [   0% ] waiting      7m51.0s   
step_00900 • [   0% ] waiting      8m21.0s   
step_00950 • [   0% ] waiting      8m51.0s   
step_01000 • [   0% ] waiting      9m21.0s   

running (00m10.0s), 0000/0390 VUs, 498 complete and 0 interrupted iterations
step_00050   [  33% ] 000/020 VUs  10.0s/30s  50.00 iters/s
step_00100 • [   0% ] waiting      20.0s     
step_00150 • [   0% ] waiting      0m50.0s   
step_00200 • [   0% ] waiting      1m20.0s   
step_00250 • [   0% ] waiting      1m50.0s   
step_00300 • [   0% ] waiting      2m20.0s   
step_00350 • [   0% ] waiting      2m50.0s   
step_00400 • [   0% ] waiting      3m20.0s   
step_00450 • [   0% ] waiting      3m50.0s   
step_00500 • [   0% ] waiting      4m20.0s   
step_00550 • [   0% ] waiting      4m50.0s   
step_00600 • [   0% ] waiting      5m20.0s   
step_00650 • [   0% ] waiting      5m50.0s   
step_00700 • [   0% ] waiting      6m20.0s   
step_00750 • [   0% ] waiting      6m50.0s   
step_00800 • [   0% ] waiting      7m20.0s   
step_00850 • [   0% ] waiting      7m50.0s   
step_00900 • [   0% ] waiting      8m20.0s   
step_00950 • [   0% ] waiting      8m50.0s   
step_01000 • [   0% ] waiting      9m20.0s   

running (00m11.0s), 0000/0390 VUs, 548 complete and 0 interrupted iterations
step_00050   [  37% ] 000/020 VUs  11.0s/30s  50.00 iters/s
step_00100 • [   0% ] waiting      19.0s     
step_00150 • [   0% ] waiting      0m49.0s   
step_00200 • [   0% ] waiting      1m19.0s   
step_00250 • [   0% ] waiting      1m49.0s   
step_00300 • [   0% ] waiting      2m19.0s   
step_00350 • [   0% ] waiting      2m49.0s   
step_00400 • [   0% ] waiting      3m19.0s   
step_00450 • [   0% ] waiting      3m49.0s   
step_00500 • [   0% ] waiting      4m19.0s   
step_00550 • [   0% ] waiting      4m49.0s   
step_00600 • [   0% ] waiting      5m19.0s   
step_00650 • [   0% ] waiting      5m49.0s   
step_00700 • [   0% ] waiting      6m19.0s   
step_00750 • [   0% ] waiting      6m49.0s   
step_00800 • [   0% ] waiting      7m19.0s   
step_00850 • [   0% ] waiting      7m49.0s   
step_00900 • [   0% ] waiting      8m19.0s   
step_00950 • [   0% ] waiting      8m49.0s   
step_01000 • [   0% ] waiting      9m19.0s   

running (00m12.0s), 0000/0390 VUs, 598 complete and 0 interrupted iterations
step_00050   [  40% ] 000/020 VUs  12.0s/30s  50.00 iters/s
step_00100 • [   0% ] waiting      18.0s     
step_00150 • [   0% ] waiting      0m48.0s   
step_00200 • [   0% ] waiting      1m18.0s   
step_00250 • [   0% ] waiting      1m48.0s   
step_00300 • [   0% ] waiting      2m18.0s   
step_00350 • [   0% ] waiting      2m48.0s   
step_00400 • [   0% ] waiting      3m18.0s   
step_00450 • [   0% ] waiting      3m48.0s   
step_00500 • [   0% ] waiting      4m18.0s   
step_00550 • [   0% ] waiting      4m48.0s   
step_00600 • [   0% ] waiting      5m18.0s   
step_00650 • [   0% ] waiting      5m48.0s   
step_00700 • [   0% ] waiting      6m18.0s   
step_00750 • [   0% ] waiting      6m48.0s   
step_00800 • [   0% ] waiting      7m18.0s   
step_00850 • [   0% ] waiting      7m48.0s   
step_00900 • [   0% ] waiting      8m18.0s   
step_00950 • [   0% ] waiting      8m48.0s   
step_01000 • [   0% ] waiting      9m18.0s   

running (00m13.0s), 0000/0390 VUs, 648 complete and 0 interrupted iterations
step_00050   [  43% ] 000/020 VUs  13.0s/30s  50.00 iters/s
step_00100 • [   0% ] waiting      17.0s     
step_00150 • [   0% ] waiting      0m47.0s   
step_00200 • [   0% ] waiting      1m17.0s   
step_00250 • [   0% ] waiting      1m47.0s   
step_00300 • [   0% ] waiting      2m17.0s   
step_00350 • [   0% ] waiting      2m47.0s   
step_00400 • [   0% ] waiting      3m17.0s   
step_00450 • [   0% ] waiting      3m47.0s   
step_00500 • [   0% ] waiting      4m17.0s   
step_00550 • [   0% ] waiting      4m47.0s   
step_00600 • [   0% ] waiting      5m17.0s   
step_00650 • [   0% ] waiting      5m47.0s   
step_00700 • [   0% ] waiting      6m17.0s   
step_00750 • [   0% ] waiting      6m47.0s   
step_00800 • [   0% ] waiting      7m17.0s   
step_00850 • [   0% ] waiting      7m47.0s   
step_00900 • [   0% ] waiting      8m17.0s   
step_00950 • [   0% ] waiting      8m47.0s   
step_01000 • [   0% ] waiting      9m17.0s   

running (00m14.0s), 0000/0390 VUs, 698 complete and 0 interrupted iterations
step_00050   [  47% ] 000/020 VUs  14.0s/30s  50.00 iters/s
step_00100 • [   0% ] waiting      16.0s     
step_00150 • [   0% ] waiting      0m46.0s   
step_00200 • [   0% ] waiting      1m16.0s   
step_00250 • [   0% ] waiting      1m46.0s   
step_00300 • [   0% ] waiting      2m16.0s   
step_00350 • [   0% ] waiting      2m46.0s   
step_00400 • [   0% ] waiting      3m16.0s   
step_00450 • [   0% ] waiting      3m46.0s   
step_00500 • [   0% ] waiting      4m16.0s   
step_00550 • [   0% ] waiting      4m46.0s   
step_00600 • [   0% ] waiting      5m16.0s   
step_00650 • [   0% ] waiting      5m46.0s   
step_00700 • [   0% ] waiting      6m16.0s   
step_00750 • [   0% ] waiting      6m46.0s   
step_00800 • [   0% ] waiting      7m16.0s   
step_00850 • [   0% ] waiting      7m46.0s   
step_00900 • [   0% ] waiting      8m16.0s   
step_00950 • [   0% ] waiting      8m46.0s   
step_01000 • [   0% ] waiting      9m16.0s   

running (00m15.0s), 0000/0390 VUs, 748 complete and 0 interrupted iterations
step_00050   [  50% ] 000/020 VUs  15.0s/30s  50.00 iters/s
step_00100 • [   0% ] waiting      15.0s     
step_00150 • [   0% ] waiting      0m45.0s   
step_00200 • [   0% ] waiting      1m15.0s   
step_00250 • [   0% ] waiting      1m45.0s   
step_00300 • [   0% ] waiting      2m15.0s   
step_00350 • [   0% ] waiting      2m45.0s   
step_00400 • [   0% ] waiting      3m15.0s   
step_00450 • [   0% ] waiting      3m45.0s   
step_00500 • [   0% ] waiting      4m15.0s   
step_00550 • [   0% ] waiting      4m45.0s   
step_00600 • [   0% ] waiting      5m15.0s   
step_00650 • [   0% ] waiting      5m45.0s   
step_00700 • [   0% ] waiting      6m15.0s   
step_00750 • [   0% ] waiting      6m45.0s   
step_00800 • [   0% ] waiting      7m15.0s   
step_00850 • [   0% ] waiting      7m45.0s   
step_00900 • [   0% ] waiting      8m15.0s   
step_00950 • [   0% ] waiting      8m45.0s   
step_01000 • [   0% ] waiting      9m15.0s   

running (00m16.0s), 0000/0390 VUs, 798 complete and 0 interrupted iterations
step_00050   [  53% ] 000/020 VUs  16.0s/30s  50.00 iters/s
step_00100 • [   0% ] waiting      14.0s     
step_00150 • [   0% ] waiting      0m44.0s   
step_00200 • [   0% ] waiting      1m14.0s   
step_00250 • [   0% ] waiting      1m44.0s   
step_00300 • [   0% ] waiting      2m14.0s   
step_00350 • [   0% ] waiting      2m44.0s   
step_00400 • [   0% ] waiting      3m14.0s   
step_00450 • [   0% ] waiting      3m44.0s   
step_00500 • [   0% ] waiting      4m14.0s   
step_00550 • [   0% ] waiting      4m44.0s   
step_00600 • [   0% ] waiting      5m14.0s   
step_00650 • [   0% ] waiting      5m44.0s   
step_00700 • [   0% ] waiting      6m14.0s   
step_00750 • [   0% ] waiting      6m44.0s   
step_00800 • [   0% ] waiting      7m14.0s   
step_00850 • [   0% ] waiting      7m44.0s   
step_00900 • [   0% ] waiting      8m14.0s   
step_00950 • [   0% ] waiting      8m44.0s   
step_01000 • [   0% ] waiting      9m14.0s   

running (00m17.0s), 0000/0390 VUs, 848 complete and 0 interrupted iterations
step_00050   [  57% ] 000/020 VUs  17.0s/30s  50.00 iters/s
step_00100 • [   0% ] waiting      13.0s     
step_00150 • [   0% ] waiting      0m43.0s   
step_00200 • [   0% ] waiting      1m13.0s   
step_00250 • [   0% ] waiting      1m43.0s   
step_00300 • [   0% ] waiting      2m13.0s   
step_00350 • [   0% ] waiting      2m43.0s   
step_00400 • [   0% ] waiting      3m13.0s   
step_00450 • [   0% ] waiting      3m43.0s   
step_00500 • [   0% ] waiting      4m13.0s   
step_00550 • [   0% ] waiting      4m43.0s   
step_00600 • [   0% ] waiting      5m13.0s   
step_00650 • [   0% ] waiting      5m43.0s   
step_00700 • [   0% ] waiting      6m13.0s   
step_00750 • [   0% ] waiting      6m43.0s   
step_00800 • [   0% ] waiting      7m13.0s   
step_00850 • [   0% ] waiting      7m43.0s   
step_00900 • [   0% ] waiting      8m13.0s   
step_00950 • [   0% ] waiting      8m43.0s   
step_01000 • [   0% ] waiting      9m13.0s   

running (00m18.0s), 0000/0390 VUs, 898 complete and 0 interrupted iterations
step_00050   [  60% ] 000/020 VUs  18.0s/30s  50.00 iters/s
step_00100 • [   0% ] waiting      12.0s     
step_00150 • [   0% ] waiting      0m42.0s   
step_00200 • [   0% ] waiting      1m12.0s   
step_00250 • [   0% ] waiting      1m42.0s   
step_00300 • [   0% ] waiting      2m12.0s   
step_00350 • [   0% ] waiting      2m42.0s   
step_00400 • [   0% ] waiting      3m12.0s   
step_00450 • [   0% ] waiting      3m42.0s   
step_00500 • [   0% ] waiting      4m12.0s   
step_00550 • [   0% ] waiting      4m42.0s   
step_00600 • [   0% ] waiting      5m12.0s   
step_00650 • [   0% ] waiting      5m42.0s   
step_00700 • [   0% ] waiting      6m12.0s   
step_00750 • [   0% ] waiting      6m42.0s   
step_00800 • [   0% ] waiting      7m12.0s   
step_00850 • [   0% ] waiting      7m42.0s   
step_00900 • [   0% ] waiting      8m12.0s   
step_00950 • [   0% ] waiting      8m42.0s   
step_01000 • [   0% ] waiting      9m12.0s   

running (00m19.0s), 0000/0390 VUs, 948 complete and 0 interrupted iterations
step_00050   [  63% ] 000/020 VUs  19.0s/30s  50.00 iters/s
step_00100 • [   0% ] waiting      11.0s     
step_00150 • [   0% ] waiting      0m41.0s   
step_00200 • [   0% ] waiting      1m11.0s   
step_00250 • [   0% ] waiting      1m41.0s   
step_00300 • [   0% ] waiting      2m11.0s   
step_00350 • [   0% ] waiting      2m41.0s   
step_00400 • [   0% ] waiting      3m11.0s   
step_00450 • [   0% ] waiting      3m41.0s   
step_00500 • [   0% ] waiting      4m11.0s   
step_00550 • [   0% ] waiting      4m41.0s   
step_00600 • [   0% ] waiting      5m11.0s   
step_00650 • [   0% ] waiting      5m41.0s   
step_00700 • [   0% ] waiting      6m11.0s   
step_00750 • [   0% ] waiting      6m41.0s   
step_00800 • [   0% ] waiting      7m11.0s   
step_00850 • [   0% ] waiting      7m41.0s   
step_00900 • [   0% ] waiting      8m11.0s   
step_00950 • [   0% ] waiting      8m41.0s   
step_01000 • [   0% ] waiting      9m11.0s   

running (00m20.0s), 0000/0390 VUs, 998 complete and 0 interrupted iterations
step_00050   [  67% ] 000/020 VUs  20.0s/30s  50.00 iters/s
step_00100 • [   0% ] waiting      10.0s     
step_00150 • [   0% ] waiting      0m40.0s   
step_00200 • [   0% ] waiting      1m10.0s   
step_00250 • [   0% ] waiting      1m40.0s   
step_00300 • [   0% ] waiting      2m10.0s   
step_00350 • [   0% ] waiting      2m40.0s   
step_00400 • [   0% ] waiting      3m10.0s   
step_00450 • [   0% ] waiting      3m40.0s   
step_00500 • [   0% ] waiting      4m10.0s   
step_00550 • [   0% ] waiting      4m40.0s   
step_00600 • [   0% ] waiting      5m10.0s   
step_00650 • [   0% ] waiting      5m40.0s   
step_00700 • [   0% ] waiting      6m10.0s   
step_00750 • [   0% ] waiting      6m40.0s   
step_00800 • [   0% ] waiting      7m10.0s   
step_00850 • [   0% ] waiting      7m40.0s   
step_00900 • [   0% ] waiting      8m10.0s   
step_00950 • [   0% ] waiting      8m40.0s   
step_01000 • [   0% ] waiting      9m10.0s   

running (00m21.0s), 0000/0390 VUs, 1048 complete and 0 interrupted iterations
step_00050   [  70% ] 000/020 VUs  21.0s/30s  50.00 iters/s
step_00100 • [   0% ] waiting      09.0s     
step_00150 • [   0% ] waiting      0m39.0s   
step_00200 • [   0% ] waiting      1m09.0s   
step_00250 • [   0% ] waiting      1m39.0s   
step_00300 • [   0% ] waiting      2m09.0s   
step_00350 • [   0% ] waiting      2m39.0s   
step_00400 • [   0% ] waiting      3m09.0s   
step_00450 • [   0% ] waiting      3m39.0s   
step_00500 • [   0% ] waiting      4m09.0s   
step_00550 • [   0% ] waiting      4m39.0s   
step_00600 • [   0% ] waiting      5m09.0s   
step_00650 • [   0% ] waiting      5m39.0s   
step_00700 • [   0% ] waiting      6m09.0s   
step_00750 • [   0% ] waiting      6m39.0s   
step_00800 • [   0% ] waiting      7m09.0s   
step_00850 • [   0% ] waiting      7m39.0s   
step_00900 • [   0% ] waiting      8m09.0s   
step_00950 • [   0% ] waiting      8m39.0s   
step_01000 • [   0% ] waiting      9m09.0s   

running (00m22.0s), 0000/0390 VUs, 1098 complete and 0 interrupted iterations
step_00050   [  73% ] 000/020 VUs  22.0s/30s  50.00 iters/s
step_00100 • [   0% ] waiting      08.0s     
step_00150 • [   0% ] waiting      0m38.0s   
step_00200 • [   0% ] waiting      1m08.0s   
step_00250 • [   0% ] waiting      1m38.0s   
step_00300 • [   0% ] waiting      2m08.0s   
step_00350 • [   0% ] waiting      2m38.0s   
step_00400 • [   0% ] waiting      3m08.0s   
step_00450 • [   0% ] waiting      3m38.0s   
step_00500 • [   0% ] waiting      4m08.0s   
step_00550 • [   0% ] waiting      4m38.0s   
step_00600 • [   0% ] waiting      5m08.0s   
step_00650 • [   0% ] waiting      5m38.0s   
step_00700 • [   0% ] waiting      6m08.0s   
step_00750 • [   0% ] waiting      6m38.0s   
step_00800 • [   0% ] waiting      7m08.0s   
step_00850 • [   0% ] waiting      7m38.0s   
step_00900 • [   0% ] waiting      8m08.0s   
step_00950 • [   0% ] waiting      8m38.0s   
step_01000 • [   0% ] waiting      9m08.0s   

running (00m23.0s), 0000/0390 VUs, 1148 complete and 0 interrupted iterations
step_00050   [  77% ] 000/020 VUs  23.0s/30s  50.00 iters/s
step_00100 • [   0% ] waiting      07.0s     
step_00150 • [   0% ] waiting      0m37.0s   
step_00200 • [   0% ] waiting      1m07.0s   
step_00250 • [   0% ] waiting      1m37.0s   
step_00300 • [   0% ] waiting      2m07.0s   
step_00350 • [   0% ] waiting      2m37.0s   
step_00400 • [   0% ] waiting      3m07.0s   
step_00450 • [   0% ] waiting      3m37.0s   
step_00500 • [   0% ] waiting      4m07.0s   
step_00550 • [   0% ] waiting      4m37.0s   
step_00600 • [   0% ] waiting      5m07.0s   
step_00650 • [   0% ] waiting      5m37.0s   
step_00700 • [   0% ] waiting      6m07.0s   
step_00750 • [   0% ] waiting      6m37.0s   
step_00800 • [   0% ] waiting      7m07.0s   
step_00850 • [   0% ] waiting      7m37.0s   
step_00900 • [   0% ] waiting      8m07.0s   
step_00950 • [   0% ] waiting      8m37.0s   
step_01000 • [   0% ] waiting      9m07.0s   

running (00m24.0s), 0000/0390 VUs, 1198 complete and 0 interrupted iterations
step_00050   [  80% ] 000/020 VUs  24.0s/30s  50.00 iters/s
step_00100 • [   0% ] waiting      06.0s     
step_00150 • [   0% ] waiting      0m36.0s   
step_00200 • [   0% ] waiting      1m06.0s   
step_00250 • [   0% ] waiting      1m36.0s   
step_00300 • [   0% ] waiting      2m06.0s   
step_00350 • [   0% ] waiting      2m36.0s   
step_00400 • [   0% ] waiting      3m06.0s   
step_00450 • [   0% ] waiting      3m36.0s   
step_00500 • [   0% ] waiting      4m06.0s   
step_00550 • [   0% ] waiting      4m36.0s   
step_00600 • [   0% ] waiting      5m06.0s   
step_00650 • [   0% ] waiting      5m36.0s   
step_00700 • [   0% ] waiting      6m06.0s   
step_00750 • [   0% ] waiting      6m36.0s   
step_00800 • [   0% ] waiting      7m06.0s   
step_00850 • [   0% ] waiting      7m36.0s   
step_00900 • [   0% ] waiting      8m06.0s   
step_00950 • [   0% ] waiting      8m36.0s   
step_01000 • [   0% ] waiting      9m06.0s   

running (00m25.0s), 0000/0390 VUs, 1248 complete and 0 interrupted iterations
step_00050   [  83% ] 000/020 VUs  25.0s/30s  50.00 iters/s
step_00100 • [   0% ] waiting      05.0s     
step_00150 • [   0% ] waiting      0m35.0s   
step_00200 • [   0% ] waiting      1m05.0s   
step_00250 • [   0% ] waiting      1m35.0s   
step_00300 • [   0% ] waiting      2m05.0s   
step_00350 • [   0% ] waiting      2m35.0s   
step_00400 • [   0% ] waiting      3m05.0s   
step_00450 • [   0% ] waiting      3m35.0s   
step_00500 • [   0% ] waiting      4m05.0s   
step_00550 • [   0% ] waiting      4m35.0s   
step_00600 • [   0% ] waiting      5m05.0s   
step_00650 • [   0% ] waiting      5m35.0s   
step_00700 • [   0% ] waiting      6m05.0s   
step_00750 • [   0% ] waiting      6m35.0s   
step_00800 • [   0% ] waiting      7m05.0s   
step_00850 • [   0% ] waiting      7m35.0s   
step_00900 • [   0% ] waiting      8m05.0s   
step_00950 • [   0% ] waiting      8m35.0s   
step_01000 • [   0% ] waiting      9m05.0s   

running (00m26.0s), 0000/0390 VUs, 1298 complete and 0 interrupted iterations
step_00050   [  87% ] 000/020 VUs  26.0s/30s  50.00 iters/s
step_00100 • [   0% ] waiting      04.0s     
step_00150 • [   0% ] waiting      0m34.0s   
step_00200 • [   0% ] waiting      1m04.0s   
step_00250 • [   0% ] waiting      1m34.0s   
step_00300 • [   0% ] waiting      2m04.0s   
step_00350 • [   0% ] waiting      2m34.0s   
step_00400 • [   0% ] waiting      3m04.0s   
step_00450 • [   0% ] waiting      3m34.0s   
step_00500 • [   0% ] waiting      4m04.0s   
step_00550 • [   0% ] waiting      4m34.0s   
step_00600 • [   0% ] waiting      5m04.0s   
step_00650 • [   0% ] waiting      5m34.0s   
step_00700 • [   0% ] waiting      6m04.0s   
step_00750 • [   0% ] waiting      6m34.0s   
step_00800 • [   0% ] waiting      7m04.0s   
step_00850 • [   0% ] waiting      7m34.0s   
step_00900 • [   0% ] waiting      8m04.0s   
step_00950 • [   0% ] waiting      8m34.0s   
step_01000 • [   0% ] waiting      9m04.0s   

running (00m27.0s), 0000/0390 VUs, 1348 complete and 0 interrupted iterations
step_00050   [  90% ] 000/020 VUs  27.0s/30s  50.00 iters/s
step_00100 • [   0% ] waiting      03.0s     
step_00150 • [   0% ] waiting      0m33.0s   
step_00200 • [   0% ] waiting      1m03.0s   
step_00250 • [   0% ] waiting      1m33.0s   
step_00300 • [   0% ] waiting      2m03.0s   
step_00350 • [   0% ] waiting      2m33.0s   
step_00400 • [   0% ] waiting      3m03.0s   
step_00450 • [   0% ] waiting      3m33.0s   
step_00500 • [   0% ] waiting      4m03.0s   
step_00550 • [   0% ] waiting      4m33.0s   
step_00600 • [   0% ] waiting      5m03.0s   
step_00650 • [   0% ] waiting      5m33.0s   
step_00700 • [   0% ] waiting      6m03.0s   
step_00750 • [   0% ] waiting      6m33.0s   
step_00800 • [   0% ] waiting      7m03.0s   
step_00850 • [   0% ] waiting      7m33.0s   
step_00900 • [   0% ] waiting      8m03.0s   
step_00950 • [   0% ] waiting      8m33.0s   
step_01000 • [   0% ] waiting      9m03.0s   

running (00m28.0s), 0000/0390 VUs, 1398 complete and 0 interrupted iterations
step_00050   [  93% ] 000/020 VUs  28.0s/30s  50.00 iters/s
step_00100 • [   0% ] waiting      02.0s     
step_00150 • [   0% ] waiting      0m32.0s   
step_00200 • [   0% ] waiting      1m02.0s   
step_00250 • [   0% ] waiting      1m32.0s   
step_00300 • [   0% ] waiting      2m02.0s   
step_00350 • [   0% ] waiting      2m32.0s   
step_00400 • [   0% ] waiting      3m02.0s   
step_00450 • [   0% ] waiting      3m32.0s   
step_00500 • [   0% ] waiting      4m02.0s   
step_00550 • [   0% ] waiting      4m32.0s   
step_00600 • [   0% ] waiting      5m02.0s   
step_00650 • [   0% ] waiting      5m32.0s   
step_00700 • [   0% ] waiting      6m02.0s   
step_00750 • [   0% ] waiting      6m32.0s   
step_00800 • [   0% ] waiting      7m02.0s   
step_00850 • [   0% ] waiting      7m32.0s   
step_00900 • [   0% ] waiting      8m02.0s   
step_00950 • [   0% ] waiting      8m32.0s   
step_01000 • [   0% ] waiting      9m02.0s   

running (00m29.0s), 0000/0390 VUs, 1448 complete and 0 interrupted iterations
step_00050   [  97% ] 000/020 VUs  29.0s/30s  50.00 iters/s
step_00100 • [   0% ] waiting      01.0s     
step_00150 • [   0% ] waiting      0m31.0s   
step_00200 • [   0% ] waiting      1m01.0s   
step_00250 • [   0% ] waiting      1m31.0s   
step_00300 • [   0% ] waiting      2m01.0s   
step_00350 • [   0% ] waiting      2m31.0s   
step_00400 • [   0% ] waiting      3m01.0s   
step_00450 • [   0% ] waiting      3m31.0s   
step_00500 • [   0% ] waiting      4m01.0s   
step_00550 • [   0% ] waiting      4m31.0s   
step_00600 • [   0% ] waiting      5m01.0s   
step_00650 • [   0% ] waiting      5m31.0s   
step_00700 • [   0% ] waiting      6m01.0s   
step_00750 • [   0% ] waiting      6m31.0s   
step_00800 • [   0% ] waiting      7m01.0s   
step_00850 • [   0% ] waiting      7m31.0s   
step_00900 • [   0% ] waiting      8m01.0s   
step_00950 • [   0% ] waiting      8m31.0s   
step_01000 • [   0% ] waiting      9m01.0s   

running (00m30.0s), 0000/0390 VUs, 1498 complete and 0 interrupted iterations
step_00050   [ 100% ] 000/020 VUs  30.0s/30s  50.00 iters/s
step_00100 • [   0% ] waiting      00.0s     
step_00150 • [   0% ] waiting      0m30.0s   
step_00200 • [   0% ] waiting      1m00.0s   
step_00250 • [   0% ] waiting      1m30.0s   
step_00300 • [   0% ] waiting      2m00.0s   
step_00350 • [   0% ] waiting      2m30.0s   
step_00400 • [   0% ] waiting      3m00.0s   
step_00450 • [   0% ] waiting      3m30.0s   
step_00500 • [   0% ] waiting      4m00.0s   
step_00550 • [   0% ] waiting      4m30.0s   
step_00600 • [   0% ] waiting      5m00.0s   
step_00650 • [   0% ] waiting      5m30.0s   
step_00700 • [   0% ] waiting      6m00.0s   
step_00750 • [   0% ] waiting      6m30.0s   
step_00800 • [   0% ] waiting      7m00.0s   
step_00850 • [   0% ] waiting      7m30.0s   
step_00900 • [   0% ] waiting      8m00.0s   
step_00950 • [   0% ] waiting      8m30.0s   
step_01000 • [   0% ] waiting      9m00.0s   

running (00m31.0s), 0001/0390 VUs, 1595 complete and 0 interrupted iterations
step_00050 ✓ [ 100% ] 000/020 VUs  30s        50.00 iters/s
step_00100   [   3% ] 001/020 VUs  01.0s/30s  100.00 iters/s
step_00150 • [   0% ] waiting      0m29.0s   
step_00200 • [   0% ] waiting      0m59.0s   
step_00250 • [   0% ] waiting      1m29.0s   
step_00300 • [   0% ] waiting      1m59.0s   
step_00350 • [   0% ] waiting      2m29.0s   
step_00400 • [   0% ] waiting      2m59.0s   
step_00450 • [   0% ] waiting      3m29.0s   
step_00500 • [   0% ] waiting      3m59.0s   
step_00550 • [   0% ] waiting      4m29.0s   
step_00600 • [   0% ] waiting      4m59.0s   
step_00650 • [   0% ] waiting      5m29.0s   
step_00700 • [   0% ] waiting      5m59.0s   
step_00750 • [   0% ] waiting      6m29.0s   
step_00800 • [   0% ] waiting      6m59.0s   
step_00850 • [   0% ] waiting      7m29.0s   
step_00900 • [   0% ] waiting      7m59.0s   
step_00950 • [   0% ] waiting      8m29.0s   
step_01000 • [   0% ] waiting      8m59.0s   

running (00m32.0s), 0001/0390 VUs, 1695 complete and 0 interrupted iterations
step_00050 ✓ [ 100% ] 000/020 VUs  30s        50.00 iters/s
step_00100   [   7% ] 001/020 VUs  02.0s/30s  100.00 iters/s
step_00150 • [   0% ] waiting      0m28.0s   
step_00200 • [   0% ] waiting      0m58.0s   
step_00250 • [   0% ] waiting      1m28.0s   
step_00300 • [   0% ] waiting      1m58.0s   
step_00350 • [   0% ] waiting      2m28.0s   
step_00400 • [   0% ] waiting      2m58.0s   
step_00450 • [   0% ] waiting      3m28.0s   
step_00500 • [   0% ] waiting      3m58.0s   
step_00550 • [   0% ] waiting      4m28.0s   
step_00600 • [   0% ] waiting      4m58.0s   
step_00650 • [   0% ] waiting      5m28.0s   
step_00700 • [   0% ] waiting      5m58.0s   
step_00750 • [   0% ] waiting      6m28.0s   
step_00800 • [   0% ] waiting      6m58.0s   
step_00850 • [   0% ] waiting      7m28.0s   
step_00900 • [   0% ] waiting      7m58.0s   
step_00950 • [   0% ] waiting      8m28.0s   
step_01000 • [   0% ] waiting      8m58.0s   

running (00m33.0s), 0001/0390 VUs, 1795 complete and 0 interrupted iterations
step_00050 ✓ [ 100% ] 000/020 VUs  30s        50.00 iters/s
step_00100   [  10% ] 001/020 VUs  03.0s/30s  100.00 iters/s
step_00150 • [   0% ] waiting      0m27.0s   
step_00200 • [   0% ] waiting      0m57.0s   
step_00250 • [   0% ] waiting      1m27.0s   
step_00300 • [   0% ] waiting      1m57.0s   
step_00350 • [   0% ] waiting      2m27.0s   
step_00400 • [   0% ] waiting      2m57.0s   
step_00450 • [   0% ] waiting      3m27.0s   
step_00500 • [   0% ] waiting      3m57.0s   
step_00550 • [   0% ] waiting      4m27.0s   
step_00600 • [   0% ] waiting      4m57.0s   
step_00650 • [   0% ] waiting      5m27.0s   
step_00700 • [   0% ] waiting      5m57.0s   
step_00750 • [   0% ] waiting      6m27.0s   
step_00800 • [   0% ] waiting      6m57.0s   
step_00850 • [   0% ] waiting      7m27.0s   
step_00900 • [   0% ] waiting      7m57.0s   
step_00950 • [   0% ] waiting      8m27.0s   
step_01000 • [   0% ] waiting      8m57.0s   

running (00m34.0s), 0001/0390 VUs, 1895 complete and 0 interrupted iterations
step_00050 ✓ [ 100% ] 000/020 VUs  30s        50.00 iters/s
step_00100   [  13% ] 001/020 VUs  04.0s/30s  100.00 iters/s
step_00150 • [   0% ] waiting      0m26.0s   
step_00200 • [   0% ] waiting      0m56.0s   
step_00250 • [   0% ] waiting      1m26.0s   
step_00300 • [   0% ] waiting      1m56.0s   
step_00350 • [   0% ] waiting      2m26.0s   
step_00400 • [   0% ] waiting      2m56.0s   
step_00450 • [   0% ] waiting      3m26.0s   
step_00500 • [   0% ] waiting      3m56.0s   
step_00550 • [   0% ] waiting      4m26.0s   
step_00600 • [   0% ] waiting      4m56.0s   
step_00650 • [   0% ] waiting      5m26.0s   
step_00700 • [   0% ] waiting      5m56.0s   
step_00750 • [   0% ] waiting      6m26.0s   
step_00800 • [   0% ] waiting      6m56.0s   
step_00850 • [   0% ] waiting      7m26.0s   
step_00900 • [   0% ] waiting      7m56.0s   
step_00950 • [   0% ] waiting      8m26.0s   
step_01000 • [   0% ] waiting      8m56.0s   

running (00m35.0s), 0001/0390 VUs, 1995 complete and 0 interrupted iterations
step_00050 ✓ [ 100% ] 000/020 VUs  30s        50.00 iters/s
step_00100   [  17% ] 001/020 VUs  05.0s/30s  100.00 iters/s
step_00150 • [   0% ] waiting      0m25.0s   
step_00200 • [   0% ] waiting      0m55.0s   
step_00250 • [   0% ] waiting      1m25.0s   
step_00300 • [   0% ] waiting      1m55.0s   
step_00350 • [   0% ] waiting      2m25.0s   
step_00400 • [   0% ] waiting      2m55.0s   
step_00450 • [   0% ] waiting      3m25.0s   
step_00500 • [   0% ] waiting      3m55.0s   
step_00550 • [   0% ] waiting      4m25.0s   
step_00600 • [   0% ] waiting      4m55.0s   
step_00650 • [   0% ] waiting      5m25.0s   
step_00700 • [   0% ] waiting      5m55.0s   
step_00750 • [   0% ] waiting      6m25.0s   
step_00800 • [   0% ] waiting      6m55.0s   
step_00850 • [   0% ] waiting      7m25.0s   
step_00900 • [   0% ] waiting      7m55.0s   
step_00950 • [   0% ] waiting      8m25.0s   
step_01000 • [   0% ] waiting      8m55.0s   

running (00m36.0s), 0000/0390 VUs, 2096 complete and 0 interrupted iterations
step_00050 ✓ [ 100% ] 000/020 VUs  30s        50.00 iters/s
step_00100   [  20% ] 000/020 VUs  06.0s/30s  100.00 iters/s
step_00150 • [   0% ] waiting      0m24.0s   
step_00200 • [   0% ] waiting      0m54.0s   
step_00250 • [   0% ] waiting      1m24.0s   
step_00300 • [   0% ] waiting      1m54.0s   
step_00350 • [   0% ] waiting      2m24.0s   
step_00400 • [   0% ] waiting      2m54.0s   
step_00450 • [   0% ] waiting      3m24.0s   
step_00500 • [   0% ] waiting      3m54.0s   
step_00550 • [   0% ] waiting      4m24.0s   
step_00600 • [   0% ] waiting      4m54.0s   
step_00650 • [   0% ] waiting      5m24.0s   
step_00700 • [   0% ] waiting      5m54.0s   
step_00750 • [   0% ] waiting      6m24.0s   
step_00800 • [   0% ] waiting      6m54.0s   
step_00850 • [   0% ] waiting      7m24.0s   
step_00900 • [   0% ] waiting      7m54.0s   
step_00950 • [   0% ] waiting      8m24.0s   
step_01000 • [   0% ] waiting      8m54.0s   

running (00m37.0s), 0001/0390 VUs, 2195 complete and 0 interrupted iterations
step_00050 ✓ [ 100% ] 000/020 VUs  30s        50.00 iters/s
step_00100   [  23% ] 001/020 VUs  07.0s/30s  100.00 iters/s
step_00150 • [   0% ] waiting      0m23.0s   
step_00200 • [   0% ] waiting      0m53.0s   
step_00250 • [   0% ] waiting      1m23.0s   
step_00300 • [   0% ] waiting      1m53.0s   
step_00350 • [   0% ] waiting      2m23.0s   
step_00400 • [   0% ] waiting      2m53.0s   
step_00450 • [   0% ] waiting      3m23.0s   
step_00500 • [   0% ] waiting      3m53.0s   
step_00550 • [   0% ] waiting      4m23.0s   
step_00600 • [   0% ] waiting      4m53.0s   
step_00650 • [   0% ] waiting      5m23.0s   
step_00700 • [   0% ] waiting      5m53.0s   
step_00750 • [   0% ] waiting      6m23.0s   
step_00800 • [   0% ] waiting      6m53.0s   
step_00850 • [   0% ] waiting      7m23.0s   
step_00900 • [   0% ] waiting      7m53.0s   
step_00950 • [   0% ] waiting      8m23.0s   
step_01000 • [   0% ] waiting      8m53.0s   

running (00m38.0s), 0001/0390 VUs, 2295 complete and 0 interrupted iterations
step_00050 ✓ [ 100% ] 000/020 VUs  30s        50.00 iters/s
step_00100   [  27% ] 001/020 VUs  08.0s/30s  100.00 iters/s
step_00150 • [   0% ] waiting      0m22.0s   
step_00200 • [   0% ] waiting      0m52.0s   
step_00250 • [   0% ] waiting      1m22.0s   
step_00300 • [   0% ] waiting      1m52.0s   
step_00350 • [   0% ] waiting      2m22.0s   
step_00400 • [   0% ] waiting      2m52.0s   
step_00450 • [   0% ] waiting      3m22.0s   
step_00500 • [   0% ] waiting      3m52.0s   
step_00550 • [   0% ] waiting      4m22.0s   
step_00600 • [   0% ] waiting      4m52.0s   
step_00650 • [   0% ] waiting      5m22.0s   
step_00700 • [   0% ] waiting      5m52.0s   
step_00750 • [   0% ] waiting      6m22.0s   
step_00800 • [   0% ] waiting      6m52.0s   
step_00850 • [   0% ] waiting      7m22.0s   
step_00900 • [   0% ] waiting      7m52.0s   
step_00950 • [   0% ] waiting      8m22.0s   
step_01000 • [   0% ] waiting      8m52.0s   

running (00m39.0s), 0001/0390 VUs, 2395 complete and 0 interrupted iterations
step_00050 ✓ [ 100% ] 000/020 VUs  30s        50.00 iters/s
step_00100   [  30% ] 001/020 VUs  09.0s/30s  100.00 iters/s
step_00150 • [   0% ] waiting      0m21.0s   
step_00200 • [   0% ] waiting      0m51.0s   
step_00250 • [   0% ] waiting      1m21.0s   
step_00300 • [   0% ] waiting      1m51.0s   
step_00350 • [   0% ] waiting      2m21.0s   
step_00400 • [   0% ] waiting      2m51.0s   
step_00450 • [   0% ] waiting      3m21.0s   
step_00500 • [   0% ] waiting      3m51.0s   
step_00550 • [   0% ] waiting      4m21.0s   
step_00600 • [   0% ] waiting      4m51.0s   
step_00650 • [   0% ] waiting      5m21.0s   
step_00700 • [   0% ] waiting      5m51.0s   
step_00750 • [   0% ] waiting      6m21.0s   
step_00800 • [   0% ] waiting      6m51.0s   
step_00850 • [   0% ] waiting      7m21.0s   
step_00900 • [   0% ] waiting      7m51.0s   
step_00950 • [   0% ] waiting      8m21.0s   
step_01000 • [   0% ] waiting      8m51.0s   

running (00m40.0s), 0001/0390 VUs, 2495 complete and 0 interrupted iterations
step_00050 ✓ [ 100% ] 000/020 VUs  30s        50.00 iters/s
step_00100   [  33% ] 001/020 VUs  10.0s/30s  100.00 iters/s
step_00150 • [   0% ] waiting      0m20.0s   
step_00200 • [   0% ] waiting      0m50.0s   
step_00250 • [   0% ] waiting      1m20.0s   
step_00300 • [   0% ] waiting      1m50.0s   
step_00350 • [   0% ] waiting      2m20.0s   
step_00400 • [   0% ] waiting      2m50.0s   
step_00450 • [   0% ] waiting      3m20.0s   
step_00500 • [   0% ] waiting      3m50.0s   
step_00550 • [   0% ] waiting      4m20.0s   
step_00600 • [   0% ] waiting      4m50.0s   
step_00650 • [   0% ] waiting      5m20.0s   
step_00700 • [   0% ] waiting      5m50.0s   
step_00750 • [   0% ] waiting      6m20.0s   
step_00800 • [   0% ] waiting      6m50.0s   
step_00850 • [   0% ] waiting      7m20.0s   
step_00900 • [   0% ] waiting      7m50.0s   
step_00950 • [   0% ] waiting      8m20.0s   
step_01000 • [   0% ] waiting      8m50.0s   

running (00m41.0s), 0001/0390 VUs, 2595 complete and 0 interrupted iterations
step_00050 ✓ [ 100% ] 000/020 VUs  30s        50.00 iters/s
step_00100   [  37% ] 001/020 VUs  11.0s/30s  100.00 iters/s
step_00150 • [   0% ] waiting      0m19.0s   
step_00200 • [   0% ] waiting      0m49.0s   
step_00250 • [   0% ] waiting      1m19.0s   
step_00300 • [   0% ] waiting      1m49.0s   
step_00350 • [   0% ] waiting      2m19.0s   
step_00400 • [   0% ] waiting      2m49.0s   
step_00450 • [   0% ] waiting      3m19.0s   
step_00500 • [   0% ] waiting      3m49.0s   
step_00550 • [   0% ] waiting      4m19.0s   
step_00600 • [   0% ] waiting      4m49.0s   
step_00650 • [   0% ] waiting      5m19.0s   
step_00700 • [   0% ] waiting      5m49.0s   
step_00750 • [   0% ] waiting      6m19.0s   
step_00800 • [   0% ] waiting      6m49.0s   
step_00850 • [   0% ] waiting      7m19.0s   
step_00900 • [   0% ] waiting      7m49.0s   
step_00950 • [   0% ] waiting      8m19.0s   
step_01000 • [   0% ] waiting      8m49.0s   

running (00m42.0s), 0001/0390 VUs, 2695 complete and 0 interrupted iterations
step_00050 ✓ [ 100% ] 000/020 VUs  30s        50.00 iters/s
step_00100   [  40% ] 001/020 VUs  12.0s/30s  100.00 iters/s
step_00150 • [   0% ] waiting      0m18.0s   
step_00200 • [   0% ] waiting      0m48.0s   
step_00250 • [   0% ] waiting      1m18.0s   
step_00300 • [   0% ] waiting      1m48.0s   
step_00350 • [   0% ] waiting      2m18.0s   
step_00400 • [   0% ] waiting      2m48.0s   
step_00450 • [   0% ] waiting      3m18.0s   
step_00500 • [   0% ] waiting      3m48.0s   
step_00550 • [   0% ] waiting      4m18.0s   
step_00600 • [   0% ] waiting      4m48.0s   
step_00650 • [   0% ] waiting      5m18.0s   
step_00700 • [   0% ] waiting      5m48.0s   
step_00750 • [   0% ] waiting      6m18.0s   
step_00800 • [   0% ] waiting      6m48.0s   
step_00850 • [   0% ] waiting      7m18.0s   
step_00900 • [   0% ] waiting      7m48.0s   
step_00950 • [   0% ] waiting      8m18.0s   
step_01000 • [   0% ] waiting      8m48.0s   

running (00m43.0s), 0001/0390 VUs, 2795 complete and 0 interrupted iterations
step_00050 ✓ [ 100% ] 000/020 VUs  30s        50.00 iters/s
step_00100   [  43% ] 001/020 VUs  13.0s/30s  100.00 iters/s
step_00150 • [   0% ] waiting      0m17.0s   
step_00200 • [   0% ] waiting      0m47.0s   
step_00250 • [   0% ] waiting      1m17.0s   
step_00300 • [   0% ] waiting      1m47.0s   
step_00350 • [   0% ] waiting      2m17.0s   
step_00400 • [   0% ] waiting      2m47.0s   
step_00450 • [   0% ] waiting      3m17.0s   
step_00500 • [   0% ] waiting      3m47.0s   
step_00550 • [   0% ] waiting      4m17.0s   
step_00600 • [   0% ] waiting      4m47.0s   
step_00650 • [   0% ] waiting      5m17.0s   
step_00700 • [   0% ] waiting      5m47.0s   
step_00750 • [   0% ] waiting      6m17.0s   
step_00800 • [   0% ] waiting      6m47.0s   
step_00850 • [   0% ] waiting      7m17.0s   
step_00900 • [   0% ] waiting      7m47.0s   
step_00950 • [   0% ] waiting      8m17.0s   
step_01000 • [   0% ] waiting      8m47.0s   

running (00m44.0s), 0001/0390 VUs, 2895 complete and 0 interrupted iterations
step_00050 ✓ [ 100% ] 000/020 VUs  30s        50.00 iters/s
step_00100   [  47% ] 001/020 VUs  14.0s/30s  100.00 iters/s
step_00150 • [   0% ] waiting      0m16.0s   
step_00200 • [   0% ] waiting      0m46.0s   
step_00250 • [   0% ] waiting      1m16.0s   
step_00300 • [   0% ] waiting      1m46.0s   
step_00350 • [   0% ] waiting      2m16.0s   
step_00400 • [   0% ] waiting      2m46.0s   
step_00450 • [   0% ] waiting      3m16.0s   
step_00500 • [   0% ] waiting      3m46.0s   
step_00550 • [   0% ] waiting      4m16.0s   
step_00600 • [   0% ] waiting      4m46.0s   
step_00650 • [   0% ] waiting      5m16.0s   
step_00700 • [   0% ] waiting      5m46.0s   
step_00750 • [   0% ] waiting      6m16.0s   
step_00800 • [   0% ] waiting      6m46.0s   
step_00850 • [   0% ] waiting      7m16.0s   
step_00900 • [   0% ] waiting      7m46.0s   
step_00950 • [   0% ] waiting      8m16.0s   
step_01000 • [   0% ] waiting      8m46.0s   

running (00m45.0s), 0001/0390 VUs, 2995 complete and 0 interrupted iterations
step_00050 ✓ [ 100% ] 000/020 VUs  30s        50.00 iters/s
step_00100   [  50% ] 001/020 VUs  15.0s/30s  100.00 iters/s
step_00150 • [   0% ] waiting      0m15.0s   
step_00200 • [   0% ] waiting      0m45.0s   
step_00250 • [   0% ] waiting      1m15.0s   
step_00300 • [   0% ] waiting      1m45.0s   
step_00350 • [   0% ] waiting      2m15.0s   
step_00400 • [   0% ] waiting      2m45.0s   
step_00450 • [   0% ] waiting      3m15.0s   
step_00500 • [   0% ] waiting      3m45.0s   
step_00550 • [   0% ] waiting      4m15.0s   
step_00600 • [   0% ] waiting      4m45.0s   
step_00650 • [   0% ] waiting      5m15.0s   
step_00700 • [   0% ] waiting      5m45.0s   
step_00750 • [   0% ] waiting      6m15.0s   
step_00800 • [   0% ] waiting      6m45.0s   
step_00850 • [   0% ] waiting      7m15.0s   
step_00900 • [   0% ] waiting      7m45.0s   
step_00950 • [   0% ] waiting      8m15.0s   
step_01000 • [   0% ] waiting      8m45.0s   

running (00m46.0s), 0001/0390 VUs, 3095 complete and 0 interrupted iterations
step_00050 ✓ [ 100% ] 000/020 VUs  30s        50.00 iters/s
step_00100   [  53% ] 001/020 VUs  16.0s/30s  100.00 iters/s
step_00150 • [   0% ] waiting      0m14.0s   
step_00200 • [   0% ] waiting      0m44.0s   
step_00250 • [   0% ] waiting      1m14.0s   
step_00300 • [   0% ] waiting      1m44.0s   
step_00350 • [   0% ] waiting      2m14.0s   
step_00400 • [   0% ] waiting      2m44.0s   
step_00450 • [   0% ] waiting      3m14.0s   
step_00500 • [   0% ] waiting      3m44.0s   
step_00550 • [   0% ] waiting      4m14.0s   
step_00600 • [   0% ] waiting      4m44.0s   
step_00650 • [   0% ] waiting      5m14.0s   
step_00700 • [   0% ] waiting      5m44.0s   
step_00750 • [   0% ] waiting      6m14.0s   
step_00800 • [   0% ] waiting      6m44.0s   
step_00850 • [   0% ] waiting      7m14.0s   
step_00900 • [   0% ] waiting      7m44.0s   
step_00950 • [   0% ] waiting      8m14.0s   
step_01000 • [   0% ] waiting      8m44.0s   

running (00m47.0s), 0000/0390 VUs, 3196 complete and 0 interrupted iterations
step_00050 ✓ [ 100% ] 000/020 VUs  30s        50.00 iters/s
step_00100   [  57% ] 000/020 VUs  17.0s/30s  100.00 iters/s
step_00150 • [   0% ] waiting      0m13.0s   
step_00200 • [   0% ] waiting      0m43.0s   
step_00250 • [   0% ] waiting      1m13.0s   
step_00300 • [   0% ] waiting      1m43.0s   
step_00350 • [   0% ] waiting      2m13.0s   
step_00400 • [   0% ] waiting      2m43.0s   
step_00450 • [   0% ] waiting      3m13.0s   
step_00500 • [   0% ] waiting      3m43.0s   
step_00550 • [   0% ] waiting      4m13.0s   
step_00600 • [   0% ] waiting      4m43.0s   
step_00650 • [   0% ] waiting      5m13.0s   
step_00700 • [   0% ] waiting      5m43.0s   
step_00750 • [   0% ] waiting      6m13.0s   
step_00800 • [   0% ] waiting      6m43.0s   
step_00850 • [   0% ] waiting      7m13.0s   
step_00900 • [   0% ] waiting      7m43.0s   
step_00950 • [   0% ] waiting      8m13.0s   
step_01000 • [   0% ] waiting      8m43.0s   

running (00m48.0s), 0001/0390 VUs, 3295 complete and 0 interrupted iterations
step_00050 ✓ [ 100% ] 000/020 VUs  30s        50.00 iters/s
step_00100   [  60% ] 001/020 VUs  18.0s/30s  100.00 iters/s
step_00150 • [   0% ] waiting      0m12.0s   
step_00200 • [   0% ] waiting      0m42.0s   
step_00250 • [   0% ] waiting      1m12.0s   
step_00300 • [   0% ] waiting      1m42.0s   
step_00350 • [   0% ] waiting      2m12.0s   
step_00400 • [   0% ] waiting      2m42.0s   
step_00450 • [   0% ] waiting      3m12.0s   
step_00500 • [   0% ] waiting      3m42.0s   
step_00550 • [   0% ] waiting      4m12.0s   
step_00600 • [   0% ] waiting      4m42.0s   
step_00650 • [   0% ] waiting      5m12.0s   
step_00700 • [   0% ] waiting      5m42.0s   
step_00750 • [   0% ] waiting      6m12.0s   
step_00800 • [   0% ] waiting      6m42.0s   
step_00850 • [   0% ] waiting      7m12.0s   
step_00900 • [   0% ] waiting      7m42.0s   
step_00950 • [   0% ] waiting      8m12.0s   
step_01000 • [   0% ] waiting      8m42.0s   

running (00m49.0s), 0001/0390 VUs, 3395 complete and 0 interrupted iterations
step_00050 ✓ [ 100% ] 000/020 VUs  30s        50.00 iters/s
step_00100   [  63% ] 001/020 VUs  19.0s/30s  100.00 iters/s
step_00150 • [   0% ] waiting      0m11.0s   
step_00200 • [   0% ] waiting      0m41.0s   
step_00250 • [   0% ] waiting      1m11.0s   
step_00300 • [   0% ] waiting      1m41.0s   
step_00350 • [   0% ] waiting      2m11.0s   
step_00400 • [   0% ] waiting      2m41.0s   
step_00450 • [   0% ] waiting      3m11.0s   
step_00500 • [   0% ] waiting      3m41.0s   
step_00550 • [   0% ] waiting      4m11.0s   
step_00600 • [   0% ] waiting      4m41.0s   
step_00650 • [   0% ] waiting      5m11.0s   
step_00700 • [   0% ] waiting      5m41.0s   
step_00750 • [   0% ] waiting      6m11.0s   
step_00800 • [   0% ] waiting      6m41.0s   
step_00850 • [   0% ] waiting      7m11.0s   
step_00900 • [   0% ] waiting      7m41.0s   
step_00950 • [   0% ] waiting      8m11.0s   
step_01000 • [   0% ] waiting      8m41.0s   

running (00m50.0s), 0001/0390 VUs, 3495 complete and 0 interrupted iterations
step_00050 ✓ [ 100% ] 000/020 VUs  30s        50.00 iters/s
step_00100   [  67% ] 001/020 VUs  20.0s/30s  100.00 iters/s
step_00150 • [   0% ] waiting      0m10.0s   
step_00200 • [   0% ] waiting      0m40.0s   
step_00250 • [   0% ] waiting      1m10.0s   
step_00300 • [   0% ] waiting      1m40.0s   
step_00350 • [   0% ] waiting      2m10.0s   
step_00400 • [   0% ] waiting      2m40.0s   
step_00450 • [   0% ] waiting      3m10.0s   
step_00500 • [   0% ] waiting      3m40.0s   
step_00550 • [   0% ] waiting      4m10.0s   
step_00600 • [   0% ] waiting      4m40.0s   
step_00650 • [   0% ] waiting      5m10.0s   
step_00700 • [   0% ] waiting      5m40.0s   
step_00750 • [   0% ] waiting      6m10.0s   
step_00800 • [   0% ] waiting      6m40.0s   
step_00850 • [   0% ] waiting      7m10.0s   
step_00900 • [   0% ] waiting      7m40.0s   
step_00950 • [   0% ] waiting      8m10.0s   
step_01000 • [   0% ] waiting      8m40.0s   

running (00m51.0s), 0001/0390 VUs, 3595 complete and 0 interrupted iterations
step_00050 ✓ [ 100% ] 000/020 VUs  30s        50.00 iters/s
step_00100   [  70% ] 001/020 VUs  21.0s/30s  100.00 iters/s
step_00150 • [   0% ] waiting      0m09.0s   
step_00200 • [   0% ] waiting      0m39.0s   
step_00250 • [   0% ] waiting      1m09.0s   
step_00300 • [   0% ] waiting      1m39.0s   
step_00350 • [   0% ] waiting      2m09.0s   
step_00400 • [   0% ] waiting      2m39.0s   
step_00450 • [   0% ] waiting      3m09.0s   
step_00500 • [   0% ] waiting      3m39.0s   
step_00550 • [   0% ] waiting      4m09.0s   
step_00600 • [   0% ] waiting      4m39.0s   
step_00650 • [   0% ] waiting      5m09.0s   
step_00700 • [   0% ] waiting      5m39.0s   
step_00750 • [   0% ] waiting      6m09.0s   
step_00800 • [   0% ] waiting      6m39.0s   
step_00850 • [   0% ] waiting      7m09.0s   
step_00900 • [   0% ] waiting      7m39.0s   
step_00950 • [   0% ] waiting      8m09.0s   
step_01000 • [   0% ] waiting      8m39.0s   

running (00m52.0s), 0001/0390 VUs, 3695 complete and 0 interrupted iterations
step_00050 ✓ [ 100% ] 000/020 VUs  30s        50.00 iters/s
step_00100   [  73% ] 001/020 VUs  22.0s/30s  100.00 iters/s
step_00150 • [   0% ] waiting      0m08.0s   
step_00200 • [   0% ] waiting      0m38.0s   
step_00250 • [   0% ] waiting      1m08.0s   
step_00300 • [   0% ] waiting      1m38.0s   
step_00350 • [   0% ] waiting      2m08.0s   
step_00400 • [   0% ] waiting      2m38.0s   
step_00450 • [   0% ] waiting      3m08.0s   
step_00500 • [   0% ] waiting      3m38.0s   
step_00550 • [   0% ] waiting      4m08.0s   
step_00600 • [   0% ] waiting      4m38.0s   
step_00650 • [   0% ] waiting      5m08.0s   
step_00700 • [   0% ] waiting      5m38.0s   
step_00750 • [   0% ] waiting      6m08.0s   
step_00800 • [   0% ] waiting      6m38.0s   
step_00850 • [   0% ] waiting      7m08.0s   
step_00900 • [   0% ] waiting      7m38.0s   
step_00950 • [   0% ] waiting      8m08.0s   
step_01000 • [   0% ] waiting      8m38.0s   

running (00m53.0s), 0001/0390 VUs, 3795 complete and 0 interrupted iterations
step_00050 ✓ [ 100% ] 000/020 VUs  30s        50.00 iters/s
step_00100   [  77% ] 001/020 VUs  23.0s/30s  100.00 iters/s
step_00150 • [   0% ] waiting      0m07.0s   
step_00200 • [   0% ] waiting      0m37.0s   
step_00250 • [   0% ] waiting      1m07.0s   
step_00300 • [   0% ] waiting      1m37.0s   
step_00350 • [   0% ] waiting      2m07.0s   
step_00400 • [   0% ] waiting      2m37.0s   
step_00450 • [   0% ] waiting      3m07.0s   
step_00500 • [   0% ] waiting      3m37.0s   
step_00550 • [   0% ] waiting      4m07.0s   
step_00600 • [   0% ] waiting      4m37.0s   
step_00650 • [   0% ] waiting      5m07.0s   
step_00700 • [   0% ] waiting      5m37.0s   
step_00750 • [   0% ] waiting      6m07.0s   
step_00800 • [   0% ] waiting      6m37.0s   
step_00850 • [   0% ] waiting      7m07.0s   
step_00900 • [   0% ] waiting      7m37.0s   
step_00950 • [   0% ] waiting      8m07.0s   
step_01000 • [   0% ] waiting      8m37.0s   

running (00m54.0s), 0001/0390 VUs, 3895 complete and 0 interrupted iterations
step_00050 ✓ [ 100% ] 000/020 VUs  30s        50.00 iters/s
step_00100   [  80% ] 001/020 VUs  24.0s/30s  100.00 iters/s
step_00150 • [   0% ] waiting      0m06.0s   
step_00200 • [   0% ] waiting      0m36.0s   
step_00250 • [   0% ] waiting      1m06.0s   
step_00300 • [   0% ] waiting      1m36.0s   
step_00350 • [   0% ] waiting      2m06.0s   
step_00400 • [   0% ] waiting      2m36.0s   
step_00450 • [   0% ] waiting      3m06.0s   
step_00500 • [   0% ] waiting      3m36.0s   
step_00550 • [   0% ] waiting      4m06.0s   
step_00600 • [   0% ] waiting      4m36.0s   
step_00650 • [   0% ] waiting      5m06.0s   
step_00700 • [   0% ] waiting      5m36.0s   
step_00750 • [   0% ] waiting      6m06.0s   
step_00800 • [   0% ] waiting      6m36.0s   
step_00850 • [   0% ] waiting      7m06.0s   
step_00900 • [   0% ] waiting      7m36.0s   
step_00950 • [   0% ] waiting      8m06.0s   
step_01000 • [   0% ] waiting      8m36.0s   

running (00m55.0s), 0001/0390 VUs, 3995 complete and 0 interrupted iterations
step_00050 ✓ [ 100% ] 000/020 VUs  30s        50.00 iters/s
step_00100   [  83% ] 001/020 VUs  25.0s/30s  100.00 iters/s
step_00150 • [   0% ] waiting      0m05.0s   
step_00200 • [   0% ] waiting      0m35.0s   
step_00250 • [   0% ] waiting      1m05.0s   
step_00300 • [   0% ] waiting      1m35.0s   
step_00350 • [   0% ] waiting      2m05.0s   
step_00400 • [   0% ] waiting      2m35.0s   
step_00450 • [   0% ] waiting      3m05.0s   
step_00500 • [   0% ] waiting      3m35.0s   
step_00550 • [   0% ] waiting      4m05.0s   
step_00600 • [   0% ] waiting      4m35.0s   
step_00650 • [   0% ] waiting      5m05.0s   
step_00700 • [   0% ] waiting      5m35.0s   
step_00750 • [   0% ] waiting      6m05.0s   
step_00800 • [   0% ] waiting      6m35.0s   
step_00850 • [   0% ] waiting      7m05.0s   
step_00900 • [   0% ] waiting      7m35.0s   
step_00950 • [   0% ] waiting      8m05.0s   
step_01000 • [   0% ] waiting      8m35.0s   

running (00m56.0s), 0001/0390 VUs, 4095 complete and 0 interrupted iterations
step_00050 ✓ [ 100% ] 000/020 VUs  30s        50.00 iters/s
step_00100   [  87% ] 001/020 VUs  26.0s/30s  100.00 iters/s
step_00150 • [   0% ] waiting      0m04.0s   
step_00200 • [   0% ] waiting      0m34.0s   
step_00250 • [   0% ] waiting      1m04.0s   
step_00300 • [   0% ] waiting      1m34.0s   
step_00350 • [   0% ] waiting      2m04.0s   
step_00400 • [   0% ] waiting      2m34.0s   
step_00450 • [   0% ] waiting      3m04.0s   
step_00500 • [   0% ] waiting      3m34.0s   
step_00550 • [   0% ] waiting      4m04.0s   
step_00600 • [   0% ] waiting      4m34.0s   
step_00650 • [   0% ] waiting      5m04.0s   
step_00700 • [   0% ] waiting      5m34.0s   
step_00750 • [   0% ] waiting      6m04.0s   
step_00800 • [   0% ] waiting      6m34.0s   
step_00850 • [   0% ] waiting      7m04.0s   
step_00900 • [   0% ] waiting      7m34.0s   
step_00950 • [   0% ] waiting      8m04.0s   
step_01000 • [   0% ] waiting      8m34.0s   

running (00m57.0s), 0001/0390 VUs, 4195 complete and 0 interrupted iterations
step_00050 ✓ [ 100% ] 000/020 VUs  30s        50.00 iters/s
step_00100   [  90% ] 001/020 VUs  27.0s/30s  100.00 iters/s
step_00150 • [   0% ] waiting      0m03.0s   
step_00200 • [   0% ] waiting      0m33.0s   
step_00250 • [   0% ] waiting      1m03.0s   
step_00300 • [   0% ] waiting      1m33.0s   
step_00350 • [   0% ] waiting      2m03.0s   
step_00400 • [   0% ] waiting      2m33.0s   
step_00450 • [   0% ] waiting      3m03.0s   
step_00500 • [   0% ] waiting      3m33.0s   
step_00550 • [   0% ] waiting      4m03.0s   
step_00600 • [   0% ] waiting      4m33.0s   
step_00650 • [   0% ] waiting      5m03.0s   
step_00700 • [   0% ] waiting      5m33.0s   
step_00750 • [   0% ] waiting      6m03.0s   
step_00800 • [   0% ] waiting      6m33.0s   
step_00850 • [   0% ] waiting      7m03.0s   
step_00900 • [   0% ] waiting      7m33.0s   
step_00950 • [   0% ] waiting      8m03.0s   
step_01000 • [   0% ] waiting      8m33.0s   

running (00m58.0s), 0000/0390 VUs, 4296 complete and 0 interrupted iterations
step_00050 ✓ [ 100% ] 000/020 VUs  30s        50.00 iters/s
step_00100   [  93% ] 000/020 VUs  28.0s/30s  100.00 iters/s
step_00150 • [   0% ] waiting      0m02.0s   
step_00200 • [   0% ] waiting      0m32.0s   
step_00250 • [   0% ] waiting      1m02.0s   
step_00300 • [   0% ] waiting      1m32.0s   
step_00350 • [   0% ] waiting      2m02.0s   
step_00400 • [   0% ] waiting      2m32.0s   
step_00450 • [   0% ] waiting      3m02.0s   
step_00500 • [   0% ] waiting      3m32.0s   
step_00550 • [   0% ] waiting      4m02.0s   
step_00600 • [   0% ] waiting      4m32.0s   
step_00650 • [   0% ] waiting      5m02.0s   
step_00700 • [   0% ] waiting      5m32.0s   
step_00750 • [   0% ] waiting      6m02.0s   
step_00800 • [   0% ] waiting      6m32.0s   
step_00850 • [   0% ] waiting      7m02.0s   
step_00900 • [   0% ] waiting      7m32.0s   
step_00950 • [   0% ] waiting      8m02.0s   
step_01000 • [   0% ] waiting      8m32.0s   

running (00m59.0s), 0001/0390 VUs, 4395 complete and 0 interrupted iterations
step_00050 ✓ [ 100% ] 000/020 VUs  30s        50.00 iters/s
step_00100   [  97% ] 001/020 VUs  29.0s/30s  100.00 iters/s
step_00150 • [   0% ] waiting      0m01.0s   
step_00200 • [   0% ] waiting      0m31.0s   
step_00250 • [   0% ] waiting      1m01.0s   
step_00300 • [   0% ] waiting      1m31.0s   
step_00350 • [   0% ] waiting      2m01.0s   
step_00400 • [   0% ] waiting      2m31.0s   
step_00450 • [   0% ] waiting      3m01.0s   
step_00500 • [   0% ] waiting      3m31.0s   
step_00550 • [   0% ] waiting      4m01.0s   
step_00600 • [   0% ] waiting      4m31.0s   
step_00650 • [   0% ] waiting      5m01.0s   
step_00700 • [   0% ] waiting      5m31.0s   
step_00750 • [   0% ] waiting      6m01.0s   
step_00800 • [   0% ] waiting      6m31.0s   
step_00850 • [   0% ] waiting      7m01.0s   
step_00900 • [   0% ] waiting      7m31.0s   
step_00950 • [   0% ] waiting      8m01.0s   
step_01000 • [   0% ] waiting      8m31.0s   

running (01m00.0s), 0001/0390 VUs, 4495 complete and 0 interrupted iterations
step_00050 ✓ [ 100% ] 000/020 VUs  30s        50.00 iters/s
step_00100   [ 100% ] 001/020 VUs  30.0s/30s  100.00 iters/s
step_00150 • [   0% ] waiting      0m00.0s   
step_00200 • [   0% ] waiting      0m30.0s   
step_00250 • [   0% ] waiting      1m00.0s   
step_00300 • [   0% ] waiting      1m30.0s   
step_00350 • [   0% ] waiting      2m00.0s   
step_00400 • [   0% ] waiting      2m30.0s   
step_00450 • [   0% ] waiting      3m00.0s   
step_00500 • [   0% ] waiting      3m30.0s   
step_00550 • [   0% ] waiting      4m00.0s   
step_00600 • [   0% ] waiting      4m30.0s   
step_00650 • [   0% ] waiting      5m00.0s   
step_00700 • [   0% ] waiting      5m30.0s   
step_00750 • [   0% ] waiting      6m00.0s   
step_00800 • [   0% ] waiting      6m30.0s   
step_00850 • [   0% ] waiting      7m00.0s   
step_00900 • [   0% ] waiting      7m30.0s   
step_00950 • [   0% ] waiting      8m00.0s   
step_01000 • [   0% ] waiting      8m30.0s   

running (01m01.0s), 0000/0390 VUs, 4644 complete and 0 interrupted iterations
step_00050 ✓ [ 100% ] 000/020 VUs  30s        50.00 iters/s
step_00100 ✓ [ 100% ] 000/020 VUs  30s        100.00 iters/s
step_00150   [   3% ] 000/030 VUs  01.0s/30s  150.00 iters/s
step_00200 • [   0% ] waiting      0m29.0s   
step_00250 • [   0% ] waiting      0m59.0s   
step_00300 • [   0% ] waiting      1m29.0s   
step_00350 • [   0% ] waiting      1m59.0s   
step_00400 • [   0% ] waiting      2m29.0s   
step_00450 • [   0% ] waiting      2m59.0s   
step_00500 • [   0% ] waiting      3m29.0s   
step_00550 • [   0% ] waiting      3m59.0s   
step_00600 • [   0% ] waiting      4m29.0s   
step_00650 • [   0% ] waiting      4m59.0s   
step_00700 • [   0% ] waiting      5m29.0s   
step_00750 • [   0% ] waiting      5m59.0s   
step_00800 • [   0% ] waiting      6m29.0s   
step_00850 • [   0% ] waiting      6m59.0s   
step_00900 • [   0% ] waiting      7m29.0s   
step_00950 • [   0% ] waiting      7m59.0s   
step_01000 • [   0% ] waiting      8m29.0s   

running (01m02.0s), 0000/0390 VUs, 4794 complete and 0 interrupted iterations
step_00050 ✓ [ 100% ] 000/020 VUs  30s        50.00 iters/s
step_00100 ✓ [ 100% ] 000/020 VUs  30s        100.00 iters/s
step_00150   [   7% ] 000/030 VUs  02.0s/30s  150.00 iters/s
step_00200 • [   0% ] waiting      0m28.0s   
step_00250 • [   0% ] waiting      0m58.0s   
step_00300 • [   0% ] waiting      1m28.0s   
step_00350 • [   0% ] waiting      1m58.0s   
step_00400 • [   0% ] waiting      2m28.0s   
step_00450 • [   0% ] waiting      2m58.0s   
step_00500 • [   0% ] waiting      3m28.0s   
step_00550 • [   0% ] waiting      3m58.0s   
step_00600 • [   0% ] waiting      4m28.0s   
step_00650 • [   0% ] waiting      4m58.0s   
step_00700 • [   0% ] waiting      5m28.0s   
step_00750 • [   0% ] waiting      5m58.0s   
step_00800 • [   0% ] waiting      6m28.0s   
step_00850 • [   0% ] waiting      6m58.0s   
step_00900 • [   0% ] waiting      7m28.0s   
step_00950 • [   0% ] waiting      7m58.0s   
step_01000 • [   0% ] waiting      8m28.0s   

running (01m03.0s), 0000/0390 VUs, 4944 complete and 0 interrupted iterations
step_00050 ✓ [ 100% ] 000/020 VUs  30s        50.00 iters/s
step_00100 ✓ [ 100% ] 000/020 VUs  30s        100.00 iters/s
step_00150   [  10% ] 000/030 VUs  03.0s/30s  150.00 iters/s
step_00200 • [   0% ] waiting      0m27.0s   
step_00250 • [   0% ] waiting      0m57.0s   
step_00300 • [   0% ] waiting      1m27.0s   
step_00350 • [   0% ] waiting      1m57.0s   
step_00400 • [   0% ] waiting      2m27.0s   
step_00450 • [   0% ] waiting      2m57.0s   
step_00500 • [   0% ] waiting      3m27.0s   
step_00550 • [   0% ] waiting      3m57.0s   
step_00600 • [   0% ] waiting      4m27.0s   
step_00650 • [   0% ] waiting      4m57.0s   
step_00700 • [   0% ] waiting      5m27.0s   
step_00750 • [   0% ] waiting      5m57.0s   
step_00800 • [   0% ] waiting      6m27.0s   
step_00850 • [   0% ] waiting      6m57.0s   
step_00900 • [   0% ] waiting      7m27.0s   
step_00950 • [   0% ] waiting      7m57.0s   
step_01000 • [   0% ] waiting      8m27.0s   

running (01m04.0s), 0001/0390 VUs, 5094 complete and 0 interrupted iterations
step_00050 ✓ [ 100% ] 000/020 VUs  30s        50.00 iters/s
step_00100 ✓ [ 100% ] 000/020 VUs  30s        100.00 iters/s
step_00150   [  13% ] 001/030 VUs  04.0s/30s  150.00 iters/s
step_00200 • [   0% ] waiting      0m26.0s   
step_00250 • [   0% ] waiting      0m56.0s   
step_00300 • [   0% ] waiting      1m26.0s   
step_00350 • [   0% ] waiting      1m56.0s   
step_00400 • [   0% ] waiting      2m26.0s   
step_00450 • [   0% ] waiting      2m56.0s   
step_00500 • [   0% ] waiting      3m26.0s   
step_00550 • [   0% ] waiting      3m56.0s   
step_00600 • [   0% ] waiting      4m26.0s   
step_00650 • [   0% ] waiting      4m56.0s   
step_00700 • [   0% ] waiting      5m26.0s   
step_00750 • [   0% ] waiting      5m56.0s   
step_00800 • [   0% ] waiting      6m26.0s   
step_00850 • [   0% ] waiting      6m56.0s   
step_00900 • [   0% ] waiting      7m26.0s   
step_00950 • [   0% ] waiting      7m56.0s   
step_01000 • [   0% ] waiting      8m26.0s   

running (01m05.0s), 0000/0390 VUs, 5244 complete and 0 interrupted iterations
step_00050 ✓ [ 100% ] 000/020 VUs  30s        50.00 iters/s
step_00100 ✓ [ 100% ] 000/020 VUs  30s        100.00 iters/s
step_00150   [  17% ] 000/030 VUs  05.0s/30s  150.00 iters/s
step_00200 • [   0% ] waiting      0m25.0s   
step_00250 • [   0% ] waiting      0m55.0s   
step_00300 • [   0% ] waiting      1m25.0s   
step_00350 • [   0% ] waiting      1m55.0s   
step_00400 • [   0% ] waiting      2m25.0s   
step_00450 • [   0% ] waiting      2m55.0s   
step_00500 • [   0% ] waiting      3m25.0s   
step_00550 • [   0% ] waiting      3m55.0s   
step_00600 • [   0% ] waiting      4m25.0s   
step_00650 • [   0% ] waiting      4m55.0s   
step_00700 • [   0% ] waiting      5m25.0s   
step_00750 • [   0% ] waiting      5m55.0s   
step_00800 • [   0% ] waiting      6m25.0s   
step_00850 • [   0% ] waiting      6m55.0s   
step_00900 • [   0% ] waiting      7m25.0s   
step_00950 • [   0% ] waiting      7m55.0s   
step_01000 • [   0% ] waiting      8m25.0s   

running (01m06.0s), 0000/0390 VUs, 5394 complete and 0 interrupted iterations
step_00050 ✓ [ 100% ] 000/020 VUs  30s        50.00 iters/s
step_00100 ✓ [ 100% ] 000/020 VUs  30s        100.00 iters/s
step_00150   [  20% ] 000/030 VUs  06.0s/30s  150.00 iters/s
step_00200 • [   0% ] waiting      0m24.0s   
step_00250 • [   0% ] waiting      0m54.0s   
step_00300 • [   0% ] waiting      1m24.0s   
step_00350 • [   0% ] waiting      1m54.0s   
step_00400 • [   0% ] waiting      2m24.0s   
step_00450 • [   0% ] waiting      2m54.0s   
step_00500 • [   0% ] waiting      3m24.0s   
step_00550 • [   0% ] waiting      3m54.0s   
step_00600 • [   0% ] waiting      4m24.0s   
step_00650 • [   0% ] waiting      4m54.0s   
step_00700 • [   0% ] waiting      5m24.0s   
step_00750 • [   0% ] waiting      5m54.0s   
step_00800 • [   0% ] waiting      6m24.0s   
step_00850 • [   0% ] waiting      6m54.0s   
step_00900 • [   0% ] waiting      7m24.0s   
step_00950 • [   0% ] waiting      7m54.0s   
step_01000 • [   0% ] waiting      8m24.0s   

running (01m07.0s), 0000/0390 VUs, 5544 complete and 0 interrupted iterations
step_00050 ✓ [ 100% ] 000/020 VUs  30s        50.00 iters/s
step_00100 ✓ [ 100% ] 000/020 VUs  30s        100.00 iters/s
step_00150   [  23% ] 000/030 VUs  07.0s/30s  150.00 iters/s
step_00200 • [   0% ] waiting      0m23.0s   
step_00250 • [   0% ] waiting      0m53.0s   
step_00300 • [   0% ] waiting      1m23.0s   
step_00350 • [   0% ] waiting      1m53.0s   
step_00400 • [   0% ] waiting      2m23.0s   
step_00450 • [   0% ] waiting      2m53.0s   
step_00500 • [   0% ] waiting      3m23.0s   
step_00550 • [   0% ] waiting      3m53.0s   
step_00600 • [   0% ] waiting      4m23.0s   
step_00650 • [   0% ] waiting      4m53.0s   
step_00700 • [   0% ] waiting      5m23.0s   
step_00750 • [   0% ] waiting      5m53.0s   
step_00800 • [   0% ] waiting      6m23.0s   
step_00850 • [   0% ] waiting      6m53.0s   
step_00900 • [   0% ] waiting      7m23.0s   
step_00950 • [   0% ] waiting      7m53.0s   
step_01000 • [   0% ] waiting      8m23.0s   

running (01m08.0s), 0001/0390 VUs, 5694 complete and 0 interrupted iterations
step_00050 ✓ [ 100% ] 000/020 VUs  30s        50.00 iters/s
step_00100 ✓ [ 100% ] 000/020 VUs  30s        100.00 iters/s
step_00150   [  27% ] 001/030 VUs  08.0s/30s  150.00 iters/s
step_00200 • [   0% ] waiting      0m22.0s   
step_00250 • [   0% ] waiting      0m52.0s   
step_00300 • [   0% ] waiting      1m22.0s   
step_00350 • [   0% ] waiting      1m52.0s   
step_00400 • [   0% ] waiting      2m22.0s   
step_00450 • [   0% ] waiting      2m52.0s   
step_00500 • [   0% ] waiting      3m22.0s   
step_00550 • [   0% ] waiting      3m52.0s   
step_00600 • [   0% ] waiting      4m22.0s   
step_00650 • [   0% ] waiting      4m52.0s   
step_00700 • [   0% ] waiting      5m22.0s   
step_00750 • [   0% ] waiting      5m52.0s   
step_00800 • [   0% ] waiting      6m22.0s   
step_00850 • [   0% ] waiting      6m52.0s   
step_00900 • [   0% ] waiting      7m22.0s   
step_00950 • [   0% ] waiting      7m52.0s   
step_01000 • [   0% ] waiting      8m22.0s   

running (01m09.0s), 0000/0390 VUs, 5844 complete and 0 interrupted iterations
step_00050 ✓ [ 100% ] 000/020 VUs  30s        50.00 iters/s
step_00100 ✓ [ 100% ] 000/020 VUs  30s        100.00 iters/s
step_00150   [  30% ] 000/030 VUs  09.0s/30s  150.00 iters/s
step_00200 • [   0% ] waiting      0m21.0s   
step_00250 • [   0% ] waiting      0m51.0s   
step_00300 • [   0% ] waiting      1m21.0s   
step_00350 • [   0% ] waiting      1m51.0s   
step_00400 • [   0% ] waiting      2m21.0s   
step_00450 • [   0% ] waiting      2m51.0s   
step_00500 • [   0% ] waiting      3m21.0s   
step_00550 • [   0% ] waiting      3m51.0s   
step_00600 • [   0% ] waiting      4m21.0s   
step_00650 • [   0% ] waiting      4m51.0s   
step_00700 • [   0% ] waiting      5m21.0s   
step_00750 • [   0% ] waiting      5m51.0s   
step_00800 • [   0% ] waiting      6m21.0s   
step_00850 • [   0% ] waiting      6m51.0s   
step_00900 • [   0% ] waiting      7m21.0s   
step_00950 • [   0% ] waiting      7m51.0s   
step_01000 • [   0% ] waiting      8m21.0s   

running (01m10.0s), 0000/0390 VUs, 5994 complete and 0 interrupted iterations
step_00050 ✓ [ 100% ] 000/020 VUs  30s        50.00 iters/s
step_00100 ✓ [ 100% ] 000/020 VUs  30s        100.00 iters/s
step_00150   [  33% ] 000/030 VUs  10.0s/30s  150.00 iters/s
step_00200 • [   0% ] waiting      0m20.0s   
step_00250 • [   0% ] waiting      0m50.0s   
step_00300 • [   0% ] waiting      1m20.0s   
step_00350 • [   0% ] waiting      1m50.0s   
step_00400 • [   0% ] waiting      2m20.0s   
step_00450 • [   0% ] waiting      2m50.0s   
step_00500 • [   0% ] waiting      3m20.0s   
step_00550 • [   0% ] waiting      3m50.0s   
step_00600 • [   0% ] waiting      4m20.0s   
step_00650 • [   0% ] waiting      4m50.0s   
step_00700 • [   0% ] waiting      5m20.0s   
step_00750 • [   0% ] waiting      5m50.0s   
step_00800 • [   0% ] waiting      6m20.0s   
step_00850 • [   0% ] waiting      6m50.0s   
step_00900 • [   0% ] waiting      7m20.0s   
step_00950 • [   0% ] waiting      7m50.0s   
step_01000 • [   0% ] waiting      8m20.0s   

running (01m11.0s), 0000/0390 VUs, 6144 complete and 0 interrupted iterations
step_00050 ✓ [ 100% ] 000/020 VUs  30s        50.00 iters/s
step_00100 ✓ [ 100% ] 000/020 VUs  30s        100.00 iters/s
step_00150   [  37% ] 000/030 VUs  11.0s/30s  150.00 iters/s
step_00200 • [   0% ] waiting      0m19.0s   
step_00250 • [   0% ] waiting      0m49.0s   
step_00300 • [   0% ] waiting      1m19.0s   
step_00350 • [   0% ] waiting      1m49.0s   
step_00400 • [   0% ] waiting      2m19.0s   
step_00450 • [   0% ] waiting      2m49.0s   
step_00500 • [   0% ] waiting      3m19.0s   
step_00550 • [   0% ] waiting      3m49.0s   
step_00600 • [   0% ] waiting      4m19.0s   
step_00650 • [   0% ] waiting      4m49.0s   
step_00700 • [   0% ] waiting      5m19.0s   
step_00750 • [   0% ] waiting      5m49.0s   
step_00800 • [   0% ] waiting      6m19.0s   
step_00850 • [   0% ] waiting      6m49.0s   
step_00900 • [   0% ] waiting      7m19.0s   
step_00950 • [   0% ] waiting      7m49.0s   
step_01000 • [   0% ] waiting      8m19.0s   

running (01m12.0s), 0000/0390 VUs, 6294 complete and 0 interrupted iterations
step_00050 ✓ [ 100% ] 000/020 VUs  30s        50.00 iters/s
step_00100 ✓ [ 100% ] 000/020 VUs  30s        100.00 iters/s
step_00150   [  40% ] 000/030 VUs  12.0s/30s  150.00 iters/s
step_00200 • [   0% ] waiting      0m18.0s   
step_00250 • [   0% ] waiting      0m48.0s   
step_00300 • [   0% ] waiting      1m18.0s   
step_00350 • [   0% ] waiting      1m48.0s   
step_00400 • [   0% ] waiting      2m18.0s   
step_00450 • [   0% ] waiting      2m48.0s   
step_00500 • [   0% ] waiting      3m18.0s   
step_00550 • [   0% ] waiting      3m48.0s   
step_00600 • [   0% ] waiting      4m18.0s   
step_00650 • [   0% ] waiting      4m48.0s   
step_00700 • [   0% ] waiting      5m18.0s   
step_00750 • [   0% ] waiting      5m48.0s   
step_00800 • [   0% ] waiting      6m18.0s   
step_00850 • [   0% ] waiting      6m48.0s   
step_00900 • [   0% ] waiting      7m18.0s   
step_00950 • [   0% ] waiting      7m48.0s   
step_01000 • [   0% ] waiting      8m18.0s   

running (01m13.0s), 0000/0390 VUs, 6444 complete and 0 interrupted iterations
step_00050 ✓ [ 100% ] 000/020 VUs  30s        50.00 iters/s
step_00100 ✓ [ 100% ] 000/020 VUs  30s        100.00 iters/s
step_00150   [  43% ] 000/030 VUs  13.0s/30s  150.00 iters/s
step_00200 • [   0% ] waiting      0m17.0s   
step_00250 • [   0% ] waiting      0m47.0s   
step_00300 • [   0% ] waiting      1m17.0s   
step_00350 • [   0% ] waiting      1m47.0s   
step_00400 • [   0% ] waiting      2m17.0s   
step_00450 • [   0% ] waiting      2m47.0s   
step_00500 • [   0% ] waiting      3m17.0s   
step_00550 • [   0% ] waiting      3m47.0s   
step_00600 • [   0% ] waiting      4m17.0s   
step_00650 • [   0% ] waiting      4m47.0s   
step_00700 • [   0% ] waiting      5m17.0s   
step_00750 • [   0% ] waiting      5m47.0s   
step_00800 • [   0% ] waiting      6m17.0s   
step_00850 • [   0% ] waiting      6m47.0s   
step_00900 • [   0% ] waiting      7m17.0s   
step_00950 • [   0% ] waiting      7m47.0s   
step_01000 • [   0% ] waiting      8m17.0s   

running (01m14.0s), 0000/0390 VUs, 6594 complete and 0 interrupted iterations
step_00050 ✓ [ 100% ] 000/020 VUs  30s        50.00 iters/s
step_00100 ✓ [ 100% ] 000/020 VUs  30s        100.00 iters/s
step_00150   [  47% ] 000/030 VUs  14.0s/30s  150.00 iters/s
step_00200 • [   0% ] waiting      0m16.0s   
step_00250 • [   0% ] waiting      0m46.0s   
step_00300 • [   0% ] waiting      1m16.0s   
step_00350 • [   0% ] waiting      1m46.0s   
step_00400 • [   0% ] waiting      2m16.0s   
step_00450 • [   0% ] waiting      2m46.0s   
step_00500 • [   0% ] waiting      3m16.0s   
step_00550 • [   0% ] waiting      3m46.0s   
step_00600 • [   0% ] waiting      4m16.0s   
step_00650 • [   0% ] waiting      4m46.0s   
step_00700 • [   0% ] waiting      5m16.0s   
step_00750 • [   0% ] waiting      5m46.0s   
step_00800 • [   0% ] waiting      6m16.0s   
step_00850 • [   0% ] waiting      6m46.0s   
step_00900 • [   0% ] waiting      7m16.0s   
step_00950 • [   0% ] waiting      7m46.0s   
step_01000 • [   0% ] waiting      8m16.0s   

running (01m15.0s), 0000/0390 VUs, 6744 complete and 0 interrupted iterations
step_00050 ✓ [ 100% ] 000/020 VUs  30s        50.00 iters/s
step_00100 ✓ [ 100% ] 000/020 VUs  30s        100.00 iters/s
step_00150   [  50% ] 000/030 VUs  15.0s/30s  150.00 iters/s
step_00200 • [   0% ] waiting      0m15.0s   
step_00250 • [   0% ] waiting      0m45.0s   
step_00300 • [   0% ] waiting      1m15.0s   
step_00350 • [   0% ] waiting      1m45.0s   
step_00400 • [   0% ] waiting      2m15.0s   
step_00450 • [   0% ] waiting      2m45.0s   
step_00500 • [   0% ] waiting      3m15.0s   
step_00550 • [   0% ] waiting      3m45.0s   
step_00600 • [   0% ] waiting      4m15.0s   
step_00650 • [   0% ] waiting      4m45.0s   
step_00700 • [   0% ] waiting      5m15.0s   
step_00750 • [   0% ] waiting      5m45.0s   
step_00800 • [   0% ] waiting      6m15.0s   
step_00850 • [   0% ] waiting      6m45.0s   
step_00900 • [   0% ] waiting      7m15.0s   
step_00950 • [   0% ] waiting      7m45.0s   
step_01000 • [   0% ] waiting      8m15.0s   

running (01m16.0s), 0001/0390 VUs, 6894 complete and 0 interrupted iterations
step_00050 ✓ [ 100% ] 000/020 VUs  30s        50.00 iters/s
step_00100 ✓ [ 100% ] 000/020 VUs  30s        100.00 iters/s
step_00150   [  53% ] 001/030 VUs  16.0s/30s  150.00 iters/s
step_00200 • [   0% ] waiting      0m14.0s   
step_00250 • [   0% ] waiting      0m44.0s   
step_00300 • [   0% ] waiting      1m14.0s   
step_00350 • [   0% ] waiting      1m44.0s   
step_00400 • [   0% ] waiting      2m14.0s   
step_00450 • [   0% ] waiting      2m44.0s   
step_00500 • [   0% ] waiting      3m14.0s   
step_00550 • [   0% ] waiting      3m44.0s   
step_00600 • [   0% ] waiting      4m14.0s   
step_00650 • [   0% ] waiting      4m44.0s   
step_00700 • [   0% ] waiting      5m14.0s   
step_00750 • [   0% ] waiting      5m44.0s   
step_00800 • [   0% ] waiting      6m14.0s   
step_00850 • [   0% ] waiting      6m44.0s   
step_00900 • [   0% ] waiting      7m14.0s   
step_00950 • [   0% ] waiting      7m44.0s   
step_01000 • [   0% ] waiting      8m14.0s   

running (01m17.0s), 0000/0390 VUs, 7044 complete and 0 interrupted iterations
step_00050 ✓ [ 100% ] 000/020 VUs  30s        50.00 iters/s
step_00100 ✓ [ 100% ] 000/020 VUs  30s        100.00 iters/s
step_00150   [  57% ] 000/030 VUs  17.0s/30s  150.00 iters/s
step_00200 • [   0% ] waiting      0m13.0s   
step_00250 • [   0% ] waiting      0m43.0s   
step_00300 • [   0% ] waiting      1m13.0s   
step_00350 • [   0% ] waiting      1m43.0s   
step_00400 • [   0% ] waiting      2m13.0s   
step_00450 • [   0% ] waiting      2m43.0s   
step_00500 • [   0% ] waiting      3m13.0s   
step_00550 • [   0% ] waiting      3m43.0s   
step_00600 • [   0% ] waiting      4m13.0s   
step_00650 • [   0% ] waiting      4m43.0s   
step_00700 • [   0% ] waiting      5m13.0s   
step_00750 • [   0% ] waiting      5m43.0s   
step_00800 • [   0% ] waiting      6m13.0s   
step_00850 • [   0% ] waiting      6m43.0s   
step_00900 • [   0% ] waiting      7m13.0s   
step_00950 • [   0% ] waiting      7m43.0s   
step_01000 • [   0% ] waiting      8m13.0s   

running (01m18.0s), 0000/0390 VUs, 7194 complete and 0 interrupted iterations
step_00050 ✓ [ 100% ] 000/020 VUs  30s        50.00 iters/s
step_00100 ✓ [ 100% ] 000/020 VUs  30s        100.00 iters/s
step_00150   [  60% ] 000/030 VUs  18.0s/30s  150.00 iters/s
step_00200 • [   0% ] waiting      0m12.0s   
step_00250 • [   0% ] waiting      0m42.0s   
step_00300 • [   0% ] waiting      1m12.0s   
step_00350 • [   0% ] waiting      1m42.0s   
step_00400 • [   0% ] waiting      2m12.0s   
step_00450 • [   0% ] waiting      2m42.0s   
step_00500 • [   0% ] waiting      3m12.0s   
step_00550 • [   0% ] waiting      3m42.0s   
step_00600 • [   0% ] waiting      4m12.0s   
step_00650 • [   0% ] waiting      4m42.0s   
step_00700 • [   0% ] waiting      5m12.0s   
step_00750 • [   0% ] waiting      5m42.0s   
step_00800 • [   0% ] waiting      6m12.0s   
step_00850 • [   0% ] waiting      6m42.0s   
step_00900 • [   0% ] waiting      7m12.0s   
step_00950 • [   0% ] waiting      7m42.0s   
step_01000 • [   0% ] waiting      8m12.0s   

running (01m19.0s), 0000/0390 VUs, 7344 complete and 0 interrupted iterations
step_00050 ✓ [ 100% ] 000/020 VUs  30s        50.00 iters/s
step_00100 ✓ [ 100% ] 000/020 VUs  30s        100.00 iters/s
step_00150   [  63% ] 000/030 VUs  19.0s/30s  150.00 iters/s
step_00200 • [   0% ] waiting      0m11.0s   
step_00250 • [   0% ] waiting      0m41.0s   
step_00300 • [   0% ] waiting      1m11.0s   
step_00350 • [   0% ] waiting      1m41.0s   
step_00400 • [   0% ] waiting      2m11.0s   
step_00450 • [   0% ] waiting      2m41.0s   
step_00500 • [   0% ] waiting      3m11.0s   
step_00550 • [   0% ] waiting      3m41.0s   
step_00600 • [   0% ] waiting      4m11.0s   
step_00650 • [   0% ] waiting      4m41.0s   
step_00700 • [   0% ] waiting      5m11.0s   
step_00750 • [   0% ] waiting      5m41.0s   
step_00800 • [   0% ] waiting      6m11.0s   
step_00850 • [   0% ] waiting      6m41.0s   
step_00900 • [   0% ] waiting      7m11.0s   
step_00950 • [   0% ] waiting      7m41.0s   
step_01000 • [   0% ] waiting      8m11.0s   

running (01m20.0s), 0000/0390 VUs, 7494 complete and 0 interrupted iterations
step_00050 ✓ [ 100% ] 000/020 VUs  30s        50.00 iters/s
step_00100 ✓ [ 100% ] 000/020 VUs  30s        100.00 iters/s
step_00150   [  67% ] 000/030 VUs  20.0s/30s  150.00 iters/s
step_00200 • [   0% ] waiting      0m10.0s   
step_00250 • [   0% ] waiting      0m40.0s   
step_00300 • [   0% ] waiting      1m10.0s   
step_00350 • [   0% ] waiting      1m40.0s   
step_00400 • [   0% ] waiting      2m10.0s   
step_00450 • [   0% ] waiting      2m40.0s   
step_00500 • [   0% ] waiting      3m10.0s   
step_00550 • [   0% ] waiting      3m40.0s   
step_00600 • [   0% ] waiting      4m10.0s   
step_00650 • [   0% ] waiting      4m40.0s   
step_00700 • [   0% ] waiting      5m10.0s   
step_00750 • [   0% ] waiting      5m40.0s   
step_00800 • [   0% ] waiting      6m10.0s   
step_00850 • [   0% ] waiting      6m40.0s   
step_00900 • [   0% ] waiting      7m10.0s   
step_00950 • [   0% ] waiting      7m40.0s   
step_01000 • [   0% ] waiting      8m10.0s   

running (01m21.0s), 0000/0390 VUs, 7644 complete and 0 interrupted iterations
step_00050 ✓ [ 100% ] 000/020 VUs  30s        50.00 iters/s
step_00100 ✓ [ 100% ] 000/020 VUs  30s        100.00 iters/s
step_00150   [  70% ] 000/030 VUs  21.0s/30s  150.00 iters/s
step_00200 • [   0% ] waiting      0m09.0s   
step_00250 • [   0% ] waiting      0m39.0s   
step_00300 • [   0% ] waiting      1m09.0s   
step_00350 • [   0% ] waiting      1m39.0s   
step_00400 • [   0% ] waiting      2m09.0s   
step_00450 • [   0% ] waiting      2m39.0s   
step_00500 • [   0% ] waiting      3m09.0s   
step_00550 • [   0% ] waiting      3m39.0s   
step_00600 • [   0% ] waiting      4m09.0s   
step_00650 • [   0% ] waiting      4m39.0s   
step_00700 • [   0% ] waiting      5m09.0s   
step_00750 • [   0% ] waiting      5m39.0s   
step_00800 • [   0% ] waiting      6m09.0s   
step_00850 • [   0% ] waiting      6m39.0s   
step_00900 • [   0% ] waiting      7m09.0s   
step_00950 • [   0% ] waiting      7m39.0s   
step_01000 • [   0% ] waiting      8m09.0s   

running (01m22.0s), 0000/0390 VUs, 7794 complete and 0 interrupted iterations
step_00050 ✓ [ 100% ] 000/020 VUs  30s        50.00 iters/s
step_00100 ✓ [ 100% ] 000/020 VUs  30s        100.00 iters/s
step_00150   [  73% ] 000/030 VUs  22.0s/30s  150.00 iters/s
step_00200 • [   0% ] waiting      0m08.0s   
step_00250 • [   0% ] waiting      0m38.0s   
step_00300 • [   0% ] waiting      1m08.0s   
step_00350 • [   0% ] waiting      1m38.0s   
step_00400 • [   0% ] waiting      2m08.0s   
step_00450 • [   0% ] waiting      2m38.0s   
step_00500 • [   0% ] waiting      3m08.0s   
step_00550 • [   0% ] waiting      3m38.0s   
step_00600 • [   0% ] waiting      4m08.0s   
step_00650 • [   0% ] waiting      4m38.0s   
step_00700 • [   0% ] waiting      5m08.0s   
step_00750 • [   0% ] waiting      5m38.0s   
step_00800 • [   0% ] waiting      6m08.0s   
step_00850 • [   0% ] waiting      6m38.0s   
step_00900 • [   0% ] waiting      7m08.0s   
step_00950 • [   0% ] waiting      7m38.0s   
step_01000 • [   0% ] waiting      8m08.0s   

running (01m23.0s), 0000/0390 VUs, 7944 complete and 0 interrupted iterations
step_00050 ✓ [ 100% ] 000/020 VUs  30s        50.00 iters/s
step_00100 ✓ [ 100% ] 000/020 VUs  30s        100.00 iters/s
step_00150   [  77% ] 000/030 VUs  23.0s/30s  150.00 iters/s
step_00200 • [   0% ] waiting      0m07.0s   
step_00250 • [   0% ] waiting      0m37.0s   
step_00300 • [   0% ] waiting      1m07.0s   
step_00350 • [   0% ] waiting      1m37.0s   
step_00400 • [   0% ] waiting      2m07.0s   
step_00450 • [   0% ] waiting      2m37.0s   
step_00500 • [   0% ] waiting      3m07.0s   
step_00550 • [   0% ] waiting      3m37.0s   
step_00600 • [   0% ] waiting      4m07.0s   
step_00650 • [   0% ] waiting      4m37.0s   
step_00700 • [   0% ] waiting      5m07.0s   
step_00750 • [   0% ] waiting      5m37.0s   
step_00800 • [   0% ] waiting      6m07.0s   
step_00850 • [   0% ] waiting      6m37.0s   
step_00900 • [   0% ] waiting      7m07.0s   
step_00950 • [   0% ] waiting      7m37.0s   
step_01000 • [   0% ] waiting      8m07.0s   

running (01m24.0s), 0000/0390 VUs, 8094 complete and 0 interrupted iterations
step_00050 ✓ [ 100% ] 000/020 VUs  30s        50.00 iters/s
step_00100 ✓ [ 100% ] 000/020 VUs  30s        100.00 iters/s
step_00150   [  80% ] 000/030 VUs  24.0s/30s  150.00 iters/s
step_00200 • [   0% ] waiting      0m06.0s   
step_00250 • [   0% ] waiting      0m36.0s   
step_00300 • [   0% ] waiting      1m06.0s   
step_00350 • [   0% ] waiting      1m36.0s   
step_00400 • [   0% ] waiting      2m06.0s   
step_00450 • [   0% ] waiting      2m36.0s   
step_00500 • [   0% ] waiting      3m06.0s   
step_00550 • [   0% ] waiting      3m36.0s   
step_00600 • [   0% ] waiting      4m06.0s   
step_00650 • [   0% ] waiting      4m36.0s   
step_00700 • [   0% ] waiting      5m06.0s   
step_00750 • [   0% ] waiting      5m36.0s   
step_00800 • [   0% ] waiting      6m06.0s   
step_00850 • [   0% ] waiting      6m36.0s   
step_00900 • [   0% ] waiting      7m06.0s   
step_00950 • [   0% ] waiting      7m36.0s   
step_01000 • [   0% ] waiting      8m06.0s   

running (01m25.0s), 0000/0390 VUs, 8244 complete and 0 interrupted iterations
step_00050 ✓ [ 100% ] 000/020 VUs  30s        50.00 iters/s
step_00100 ✓ [ 100% ] 000/020 VUs  30s        100.00 iters/s
step_00150   [  83% ] 000/030 VUs  25.0s/30s  150.00 iters/s
step_00200 • [   0% ] waiting      0m05.0s   
step_00250 • [   0% ] waiting      0m35.0s   
step_00300 • [   0% ] waiting      1m05.0s   
step_00350 • [   0% ] waiting      1m35.0s   
step_00400 • [   0% ] waiting      2m05.0s   
step_00450 • [   0% ] waiting      2m35.0s   
step_00500 • [   0% ] waiting      3m05.0s   
step_00550 • [   0% ] waiting      3m35.0s   
step_00600 • [   0% ] waiting      4m05.0s   
step_00650 • [   0% ] waiting      4m35.0s   
step_00700 • [   0% ] waiting      5m05.0s   
step_00750 • [   0% ] waiting      5m35.0s   
step_00800 • [   0% ] waiting      6m05.0s   
step_00850 • [   0% ] waiting      6m35.0s   
step_00900 • [   0% ] waiting      7m05.0s   
step_00950 • [   0% ] waiting      7m35.0s   
step_01000 • [   0% ] waiting      8m05.0s   

running (01m26.0s), 0000/0390 VUs, 8394 complete and 0 interrupted iterations
step_00050 ✓ [ 100% ] 000/020 VUs  30s        50.00 iters/s
step_00100 ✓ [ 100% ] 000/020 VUs  30s        100.00 iters/s
step_00150   [  87% ] 000/030 VUs  26.0s/30s  150.00 iters/s
step_00200 • [   0% ] waiting      0m04.0s   
step_00250 • [   0% ] waiting      0m34.0s   
step_00300 • [   0% ] waiting      1m04.0s   
step_00350 • [   0% ] waiting      1m34.0s   
step_00400 • [   0% ] waiting      2m04.0s   
step_00450 • [   0% ] waiting      2m34.0s   
step_00500 • [   0% ] waiting      3m04.0s   
step_00550 • [   0% ] waiting      3m34.0s   
step_00600 • [   0% ] waiting      4m04.0s   
step_00650 • [   0% ] waiting      4m34.0s   
step_00700 • [   0% ] waiting      5m04.0s   
step_00750 • [   0% ] waiting      5m34.0s   
step_00800 • [   0% ] waiting      6m04.0s   
step_00850 • [   0% ] waiting      6m34.0s   
step_00900 • [   0% ] waiting      7m04.0s   
step_00950 • [   0% ] waiting      7m34.0s   
step_01000 • [   0% ] waiting      8m04.0s   

running (01m27.0s), 0000/0390 VUs, 8544 complete and 0 interrupted iterations
step_00050 ✓ [ 100% ] 000/020 VUs  30s        50.00 iters/s
step_00100 ✓ [ 100% ] 000/020 VUs  30s        100.00 iters/s
step_00150   [  90% ] 001/030 VUs  27.0s/30s  150.00 iters/s
step_00200 • [   0% ] waiting      0m03.0s   
step_00250 • [   0% ] waiting      0m33.0s   
step_00300 • [   0% ] waiting      1m03.0s   
step_00350 • [   0% ] waiting      1m33.0s   
step_00400 • [   0% ] waiting      2m03.0s   
step_00450 • [   0% ] waiting      2m33.0s   
step_00500 • [   0% ] waiting      3m03.0s   
step_00550 • [   0% ] waiting      3m33.0s   
step_00600 • [   0% ] waiting      4m03.0s   
step_00650 • [   0% ] waiting      4m33.0s   
step_00700 • [   0% ] waiting      5m03.0s   
step_00750 • [   0% ] waiting      5m33.0s   
step_00800 • [   0% ] waiting      6m03.0s   
step_00850 • [   0% ] waiting      6m33.0s   
step_00900 • [   0% ] waiting      7m03.0s   
step_00950 • [   0% ] waiting      7m33.0s   
step_01000 • [   0% ] waiting      8m03.0s   

running (01m28.0s), 0001/0390 VUs, 8694 complete and 0 interrupted iterations
step_00050 ✓ [ 100% ] 000/020 VUs  30s        50.00 iters/s
step_00100 ✓ [ 100% ] 000/020 VUs  30s        100.00 iters/s
step_00150   [  93% ] 001/030 VUs  28.0s/30s  150.00 iters/s
step_00200 • [   0% ] waiting      0m02.0s   
step_00250 • [   0% ] waiting      0m32.0s   
step_00300 • [   0% ] waiting      1m02.0s   
step_00350 • [   0% ] waiting      1m32.0s   
step_00400 • [   0% ] waiting      2m02.0s   
step_00450 • [   0% ] waiting      2m32.0s   
step_00500 • [   0% ] waiting      3m02.0s   
step_00550 • [   0% ] waiting      3m32.0s   
step_00600 • [   0% ] waiting      4m02.0s   
step_00650 • [   0% ] waiting      4m32.0s   
step_00700 • [   0% ] waiting      5m02.0s   
step_00750 • [   0% ] waiting      5m32.0s   
step_00800 • [   0% ] waiting      6m02.0s   
step_00850 • [   0% ] waiting      6m32.0s   
step_00900 • [   0% ] waiting      7m02.0s   
step_00950 • [   0% ] waiting      7m32.0s   
step_01000 • [   0% ] waiting      8m02.0s   

running (01m29.0s), 0000/0390 VUs, 8844 complete and 0 interrupted iterations
step_00050 ✓ [ 100% ] 000/020 VUs  30s        50.00 iters/s
step_00100 ✓ [ 100% ] 000/020 VUs  30s        100.00 iters/s
step_00150   [  97% ] 000/030 VUs  29.0s/30s  150.00 iters/s
step_00200 • [   0% ] waiting      0m01.0s   
step_00250 • [   0% ] waiting      0m31.0s   
step_00300 • [   0% ] waiting      1m01.0s   
step_00350 • [   0% ] waiting      1m31.0s   
step_00400 • [   0% ] waiting      2m01.0s   
step_00450 • [   0% ] waiting      2m31.0s   
step_00500 • [   0% ] waiting      3m01.0s   
step_00550 • [   0% ] waiting      3m31.0s   
step_00600 • [   0% ] waiting      4m01.0s   
step_00650 • [   0% ] waiting      4m31.0s   
step_00700 • [   0% ] waiting      5m01.0s   
step_00750 • [   0% ] waiting      5m31.0s   
step_00800 • [   0% ] waiting      6m01.0s   
step_00850 • [   0% ] waiting      6m31.0s   
step_00900 • [   0% ] waiting      7m01.0s   
step_00950 • [   0% ] waiting      7m31.0s   
step_01000 • [   0% ] waiting      8m01.0s   

running (01m30.0s), 0000/0390 VUs, 8994 complete and 0 interrupted iterations
step_00050 ✓ [ 100% ] 000/020 VUs  30s        50.00 iters/s
step_00100 ✓ [ 100% ] 000/020 VUs  30s        100.00 iters/s
step_00150   [ 100% ] 000/030 VUs  30.0s/30s  150.00 iters/s
step_00200 • [   0% ] waiting      0m00.0s   
step_00250 • [   0% ] waiting      0m30.0s   
step_00300 • [   0% ] waiting      1m00.0s   
step_00350 • [   0% ] waiting      1m30.0s   
step_00400 • [   0% ] waiting      2m00.0s   
step_00450 • [   0% ] waiting      2m30.0s   
step_00500 • [   0% ] waiting      3m00.0s   
step_00550 • [   0% ] waiting      3m30.0s   
step_00600 • [   0% ] waiting      4m00.0s   
step_00650 • [   0% ] waiting      4m30.0s   
step_00700 • [   0% ] waiting      5m00.0s   
step_00750 • [   0% ] waiting      5m30.0s   
step_00800 • [   0% ] waiting      6m00.0s   
step_00850 • [   0% ] waiting      6m30.0s   
step_00900 • [   0% ] waiting      7m00.0s   
step_00950 • [   0% ] waiting      7m30.0s   
step_01000 • [   0% ] waiting      8m00.0s   

running (01m31.0s), 0000/0390 VUs, 9193 complete and 0 interrupted iterations
step_00050 ✓ [ 100% ] 000/020 VUs  30s        50.00 iters/s
step_00100 ✓ [ 100% ] 000/020 VUs  30s        100.00 iters/s
step_00150 ✓ [ 100% ] 000/030 VUs  30s        150.00 iters/s
step_00200   [   3% ] 000/040 VUs  01.0s/30s  200.00 iters/s
step_00250 • [   0% ] waiting      0m29.0s   
step_00300 • [   0% ] waiting      0m59.0s   
step_00350 • [   0% ] waiting      1m29.0s   
step_00400 • [   0% ] waiting      1m59.0s   
step_00450 • [   0% ] waiting      2m29.0s   
step_00500 • [   0% ] waiting      2m59.0s   
step_00550 • [   0% ] waiting      3m29.0s   
step_00600 • [   0% ] waiting      3m59.0s   
step_00650 • [   0% ] waiting      4m29.0s   
step_00700 • [   0% ] waiting      4m59.0s   
step_00750 • [   0% ] waiting      5m29.0s   
step_00800 • [   0% ] waiting      5m59.0s   
step_00850 • [   0% ] waiting      6m29.0s   
step_00900 • [   0% ] waiting      6m59.0s   
step_00950 • [   0% ] waiting      7m29.0s   
step_01000 • [   0% ] waiting      7m59.0s   

running (01m32.0s), 0000/0390 VUs, 9393 complete and 0 interrupted iterations
step_00050 ✓ [ 100% ] 000/020 VUs  30s        50.00 iters/s
step_00100 ✓ [ 100% ] 000/020 VUs  30s        100.00 iters/s
step_00150 ✓ [ 100% ] 000/030 VUs  30s        150.00 iters/s
step_00200   [   7% ] 000/040 VUs  02.0s/30s  200.00 iters/s
step_00250 • [   0% ] waiting      0m28.0s   
step_00300 • [   0% ] waiting      0m58.0s   
step_00350 • [   0% ] waiting      1m28.0s   
step_00400 • [   0% ] waiting      1m58.0s   
step_00450 • [   0% ] waiting      2m28.0s   
step_00500 • [   0% ] waiting      2m58.0s   
step_00550 • [   0% ] waiting      3m28.0s   
step_00600 • [   0% ] waiting      3m58.0s   
step_00650 • [   0% ] waiting      4m28.0s   
step_00700 • [   0% ] waiting      4m58.0s   
step_00750 • [   0% ] waiting      5m28.0s   
step_00800 • [   0% ] waiting      5m58.0s   
step_00850 • [   0% ] waiting      6m28.0s   
step_00900 • [   0% ] waiting      6m58.0s   
step_00950 • [   0% ] waiting      7m28.0s   
step_01000 • [   0% ] waiting      7m58.0s   

running (01m33.0s), 0000/0390 VUs, 9593 complete and 0 interrupted iterations
step_00050 ✓ [ 100% ] 000/020 VUs  30s        50.00 iters/s
step_00100 ✓ [ 100% ] 000/020 VUs  30s        100.00 iters/s
step_00150 ✓ [ 100% ] 000/030 VUs  30s        150.00 iters/s
step_00200   [  10% ] 000/040 VUs  03.0s/30s  200.00 iters/s
step_00250 • [   0% ] waiting      0m27.0s   
step_00300 • [   0% ] waiting      0m57.0s   
step_00350 • [   0% ] waiting      1m27.0s   
step_00400 • [   0% ] waiting      1m57.0s   
step_00450 • [   0% ] waiting      2m27.0s   
step_00500 • [   0% ] waiting      2m57.0s   
step_00550 • [   0% ] waiting      3m27.0s   
step_00600 • [   0% ] waiting      3m57.0s   
step_00650 • [   0% ] waiting      4m27.0s   
step_00700 • [   0% ] waiting      4m57.0s   
step_00750 • [   0% ] waiting      5m27.0s   
step_00800 • [   0% ] waiting      5m57.0s   
step_00850 • [   0% ] waiting      6m27.0s   
step_00900 • [   0% ] waiting      6m57.0s   
step_00950 • [   0% ] waiting      7m27.0s   
step_01000 • [   0% ] waiting      7m57.0s   

running (01m34.0s), 0000/0390 VUs, 9793 complete and 0 interrupted iterations
step_00050 ✓ [ 100% ] 000/020 VUs  30s        50.00 iters/s
step_00100 ✓ [ 100% ] 000/020 VUs  30s        100.00 iters/s
step_00150 ✓ [ 100% ] 000/030 VUs  30s        150.00 iters/s
step_00200   [  13% ] 000/040 VUs  04.0s/30s  200.00 iters/s
step_00250 • [   0% ] waiting      0m26.0s   
step_00300 • [   0% ] waiting      0m56.0s   
step_00350 • [   0% ] waiting      1m26.0s   
step_00400 • [   0% ] waiting      1m56.0s   
step_00450 • [   0% ] waiting      2m26.0s   
step_00500 • [   0% ] waiting      2m56.0s   
step_00550 • [   0% ] waiting      3m26.0s   
step_00600 • [   0% ] waiting      3m56.0s   
step_00650 • [   0% ] waiting      4m26.0s   
step_00700 • [   0% ] waiting      4m56.0s   
step_00750 • [   0% ] waiting      5m26.0s   
step_00800 • [   0% ] waiting      5m56.0s   
step_00850 • [   0% ] waiting      6m26.0s   
step_00900 • [   0% ] waiting      6m56.0s   
step_00950 • [   0% ] waiting      7m26.0s   
step_01000 • [   0% ] waiting      7m56.0s   

running (01m35.0s), 0000/0390 VUs, 9993 complete and 0 interrupted iterations
step_00050 ✓ [ 100% ] 000/020 VUs  30s        50.00 iters/s
step_00100 ✓ [ 100% ] 000/020 VUs  30s        100.00 iters/s
step_00150 ✓ [ 100% ] 000/030 VUs  30s        150.00 iters/s
step_00200   [  17% ] 000/040 VUs  05.0s/30s  200.00 iters/s
step_00250 • [   0% ] waiting      0m25.0s   
step_00300 • [   0% ] waiting      0m55.0s   
step_00350 • [   0% ] waiting      1m25.0s   
step_00400 • [   0% ] waiting      1m55.0s   
step_00450 • [   0% ] waiting      2m25.0s   
step_00500 • [   0% ] waiting      2m55.0s   
step_00550 • [   0% ] waiting      3m25.0s   
step_00600 • [   0% ] waiting      3m55.0s   
step_00650 • [   0% ] waiting      4m25.0s   
step_00700 • [   0% ] waiting      4m55.0s   
step_00750 • [   0% ] waiting      5m25.0s   
step_00800 • [   0% ] waiting      5m55.0s   
step_00850 • [   0% ] waiting      6m25.0s   
step_00900 • [   0% ] waiting      6m55.0s   
step_00950 • [   0% ] waiting      7m25.0s   
step_01000 • [   0% ] waiting      7m55.0s   

running (01m36.0s), 0000/0390 VUs, 10193 complete and 0 interrupted iterations
step_00050 ✓ [ 100% ] 000/020 VUs  30s        50.00 iters/s
step_00100 ✓ [ 100% ] 000/020 VUs  30s        100.00 iters/s
step_00150 ✓ [ 100% ] 000/030 VUs  30s        150.00 iters/s
step_00200   [  20% ] 000/040 VUs  06.0s/30s  200.00 iters/s
step_00250 • [   0% ] waiting      0m24.0s   
step_00300 • [   0% ] waiting      0m54.0s   
step_00350 • [   0% ] waiting      1m24.0s   
step_00400 • [   0% ] waiting      1m54.0s   
step_00450 • [   0% ] waiting      2m24.0s   
step_00500 • [   0% ] waiting      2m54.0s   
step_00550 • [   0% ] waiting      3m24.0s   
step_00600 • [   0% ] waiting      3m54.0s   
step_00650 • [   0% ] waiting      4m24.0s   
step_00700 • [   0% ] waiting      4m54.0s   
step_00750 • [   0% ] waiting      5m24.0s   
step_00800 • [   0% ] waiting      5m54.0s   
step_00850 • [   0% ] waiting      6m24.0s   
step_00900 • [   0% ] waiting      6m54.0s   
step_00950 • [   0% ] waiting      7m24.0s   
step_01000 • [   0% ] waiting      7m54.0s   

running (01m37.0s), 0000/0390 VUs, 10393 complete and 0 interrupted iterations
step_00050 ✓ [ 100% ] 000/020 VUs  30s        50.00 iters/s
step_00100 ✓ [ 100% ] 000/020 VUs  30s        100.00 iters/s
step_00150 ✓ [ 100% ] 000/030 VUs  30s        150.00 iters/s
step_00200   [  23% ] 000/040 VUs  07.0s/30s  200.00 iters/s
step_00250 • [   0% ] waiting      0m23.0s   
step_00300 • [   0% ] waiting      0m53.0s   
step_00350 • [   0% ] waiting      1m23.0s   
step_00400 • [   0% ] waiting      1m53.0s   
step_00450 • [   0% ] waiting      2m23.0s   
step_00500 • [   0% ] waiting      2m53.0s   
step_00550 • [   0% ] waiting      3m23.0s   
step_00600 • [   0% ] waiting      3m53.0s   
step_00650 • [   0% ] waiting      4m23.0s   
step_00700 • [   0% ] waiting      4m53.0s   
step_00750 • [   0% ] waiting      5m23.0s   
step_00800 • [   0% ] waiting      5m53.0s   
step_00850 • [   0% ] waiting      6m23.0s   
step_00900 • [   0% ] waiting      6m53.0s   
step_00950 • [   0% ] waiting      7m23.0s   
step_01000 • [   0% ] waiting      7m53.0s   

running (01m38.0s), 0000/0390 VUs, 10593 complete and 0 interrupted iterations
step_00050 ✓ [ 100% ] 000/020 VUs  30s        50.00 iters/s
step_00100 ✓ [ 100% ] 000/020 VUs  30s        100.00 iters/s
step_00150 ✓ [ 100% ] 000/030 VUs  30s        150.00 iters/s
step_00200   [  27% ] 000/040 VUs  08.0s/30s  200.00 iters/s
step_00250 • [   0% ] waiting      0m22.0s   
step_00300 • [   0% ] waiting      0m52.0s   
step_00350 • [   0% ] waiting      1m22.0s   
step_00400 • [   0% ] waiting      1m52.0s   
step_00450 • [   0% ] waiting      2m22.0s   
step_00500 • [   0% ] waiting      2m52.0s   
step_00550 • [   0% ] waiting      3m22.0s   
step_00600 • [   0% ] waiting      3m52.0s   
step_00650 • [   0% ] waiting      4m22.0s   
step_00700 • [   0% ] waiting      4m52.0s   
step_00750 • [   0% ] waiting      5m22.0s   
step_00800 • [   0% ] waiting      5m52.0s   
step_00850 • [   0% ] waiting      6m22.0s   
step_00900 • [   0% ] waiting      6m52.0s   
step_00950 • [   0% ] waiting      7m22.0s   
step_01000 • [   0% ] waiting      7m52.0s   

running (01m39.0s), 0000/0390 VUs, 10793 complete and 0 interrupted iterations
step_00050 ✓ [ 100% ] 000/020 VUs  30s        50.00 iters/s
step_00100 ✓ [ 100% ] 000/020 VUs  30s        100.00 iters/s
step_00150 ✓ [ 100% ] 000/030 VUs  30s        150.00 iters/s
step_00200   [  30% ] 000/040 VUs  09.0s/30s  200.00 iters/s
step_00250 • [   0% ] waiting      0m21.0s   
step_00300 • [   0% ] waiting      0m51.0s   
step_00350 • [   0% ] waiting      1m21.0s   
step_00400 • [   0% ] waiting      1m51.0s   
step_00450 • [   0% ] waiting      2m21.0s   
step_00500 • [   0% ] waiting      2m51.0s   
step_00550 • [   0% ] waiting      3m21.0s   
step_00600 • [   0% ] waiting      3m51.0s   
step_00650 • [   0% ] waiting      4m21.0s   
step_00700 • [   0% ] waiting      4m51.0s   
step_00750 • [   0% ] waiting      5m21.0s   
step_00800 • [   0% ] waiting      5m51.0s   
step_00850 • [   0% ] waiting      6m21.0s   
step_00900 • [   0% ] waiting      6m51.0s   
step_00950 • [   0% ] waiting      7m21.0s   
step_01000 • [   0% ] waiting      7m51.0s   

running (01m40.0s), 0000/0390 VUs, 10993 complete and 0 interrupted iterations
step_00050 ✓ [ 100% ] 000/020 VUs  30s        50.00 iters/s
step_00100 ✓ [ 100% ] 000/020 VUs  30s        100.00 iters/s
step_00150 ✓ [ 100% ] 000/030 VUs  30s        150.00 iters/s
step_00200   [  33% ] 000/040 VUs  10.0s/30s  200.00 iters/s
step_00250 • [   0% ] waiting      0m20.0s   
step_00300 • [   0% ] waiting      0m50.0s   
step_00350 • [   0% ] waiting      1m20.0s   
step_00400 • [   0% ] waiting      1m50.0s   
step_00450 • [   0% ] waiting      2m20.0s   
step_00500 • [   0% ] waiting      2m50.0s   
step_00550 • [   0% ] waiting      3m20.0s   
step_00600 • [   0% ] waiting      3m50.0s   
step_00650 • [   0% ] waiting      4m20.0s   
step_00700 • [   0% ] waiting      4m50.0s   
step_00750 • [   0% ] waiting      5m20.0s   
step_00800 • [   0% ] waiting      5m50.0s   
step_00850 • [   0% ] waiting      6m20.0s   
step_00900 • [   0% ] waiting      6m50.0s   
step_00950 • [   0% ] waiting      7m20.0s   
step_01000 • [   0% ] waiting      7m50.0s   

running (01m41.0s), 0000/0390 VUs, 11193 complete and 0 interrupted iterations
step_00050 ✓ [ 100% ] 000/020 VUs  30s        50.00 iters/s
step_00100 ✓ [ 100% ] 000/020 VUs  30s        100.00 iters/s
step_00150 ✓ [ 100% ] 000/030 VUs  30s        150.00 iters/s
step_00200   [  37% ] 000/040 VUs  11.0s/30s  200.00 iters/s
step_00250 • [   0% ] waiting      0m19.0s   
step_00300 • [   0% ] waiting      0m49.0s   
step_00350 • [   0% ] waiting      1m19.0s   
step_00400 • [   0% ] waiting      1m49.0s   
step_00450 • [   0% ] waiting      2m19.0s   
step_00500 • [   0% ] waiting      2m49.0s   
step_00550 • [   0% ] waiting      3m19.0s   
step_00600 • [   0% ] waiting      3m49.0s   
step_00650 • [   0% ] waiting      4m19.0s   
step_00700 • [   0% ] waiting      4m49.0s   
step_00750 • [   0% ] waiting      5m19.0s   
step_00800 • [   0% ] waiting      5m49.0s   
step_00850 • [   0% ] waiting      6m19.0s   
step_00900 • [   0% ] waiting      6m49.0s   
step_00950 • [   0% ] waiting      7m19.0s   
step_01000 • [   0% ] waiting      7m49.0s   

running (01m42.0s), 0000/0390 VUs, 11393 complete and 0 interrupted iterations
step_00050 ✓ [ 100% ] 000/020 VUs  30s        50.00 iters/s
step_00100 ✓ [ 100% ] 000/020 VUs  30s        100.00 iters/s
step_00150 ✓ [ 100% ] 000/030 VUs  30s        150.00 iters/s
step_00200   [  40% ] 000/040 VUs  12.0s/30s  200.00 iters/s
step_00250 • [   0% ] waiting      0m18.0s   
step_00300 • [   0% ] waiting      0m48.0s   
step_00350 • [   0% ] waiting      1m18.0s   
step_00400 • [   0% ] waiting      1m48.0s   
step_00450 • [   0% ] waiting      2m18.0s   
step_00500 • [   0% ] waiting      2m48.0s   
step_00550 • [   0% ] waiting      3m18.0s   
step_00600 • [   0% ] waiting      3m48.0s   
step_00650 • [   0% ] waiting      4m18.0s   
step_00700 • [   0% ] waiting      4m48.0s   
step_00750 • [   0% ] waiting      5m18.0s   
step_00800 • [   0% ] waiting      5m48.0s   
step_00850 • [   0% ] waiting      6m18.0s   
step_00900 • [   0% ] waiting      6m48.0s   
step_00950 • [   0% ] waiting      7m18.0s   
step_01000 • [   0% ] waiting      7m48.0s   

running (01m43.0s), 0003/0390 VUs, 11590 complete and 0 interrupted iterations
step_00050 ✓ [ 100% ] 000/020 VUs  30s        50.00 iters/s
step_00100 ✓ [ 100% ] 000/020 VUs  30s        100.00 iters/s
step_00150 ✓ [ 100% ] 000/030 VUs  30s        150.00 iters/s
step_00200   [  43% ] 003/040 VUs  13.0s/30s  200.00 iters/s
step_00250 • [   0% ] waiting      0m17.0s   
step_00300 • [   0% ] waiting      0m47.0s   
step_00350 • [   0% ] waiting      1m17.0s   
step_00400 • [   0% ] waiting      1m47.0s   
step_00450 • [   0% ] waiting      2m17.0s   
step_00500 • [   0% ] waiting      2m47.0s   
step_00550 • [   0% ] waiting      3m17.0s   
step_00600 • [   0% ] waiting      3m47.0s   
step_00650 • [   0% ] waiting      4m17.0s   
step_00700 • [   0% ] waiting      4m47.0s   
step_00750 • [   0% ] waiting      5m17.0s   
step_00800 • [   0% ] waiting      5m47.0s   
step_00850 • [   0% ] waiting      6m17.0s   
step_00900 • [   0% ] waiting      6m47.0s   
step_00950 • [   0% ] waiting      7m17.0s   
step_01000 • [   0% ] waiting      7m47.0s   

running (01m44.0s), 0000/0390 VUs, 11793 complete and 0 interrupted iterations
step_00050 ✓ [ 100% ] 000/020 VUs  30s        50.00 iters/s
step_00100 ✓ [ 100% ] 000/020 VUs  30s        100.00 iters/s
step_00150 ✓ [ 100% ] 000/030 VUs  30s        150.00 iters/s
step_00200   [  47% ] 000/040 VUs  14.0s/30s  200.00 iters/s
step_00250 • [   0% ] waiting      0m16.0s   
step_00300 • [   0% ] waiting      0m46.0s   
step_00350 • [   0% ] waiting      1m16.0s   
step_00400 • [   0% ] waiting      1m46.0s   
step_00450 • [   0% ] waiting      2m16.0s   
step_00500 • [   0% ] waiting      2m46.0s   
step_00550 • [   0% ] waiting      3m16.0s   
step_00600 • [   0% ] waiting      3m46.0s   
step_00650 • [   0% ] waiting      4m16.0s   
step_00700 • [   0% ] waiting      4m46.0s   
step_00750 • [   0% ] waiting      5m16.0s   
step_00800 • [   0% ] waiting      5m46.0s   
step_00850 • [   0% ] waiting      6m16.0s   
step_00900 • [   0% ] waiting      6m46.0s   
step_00950 • [   0% ] waiting      7m16.0s   
step_01000 • [   0% ] waiting      7m46.0s   

running (01m45.0s), 0000/0390 VUs, 11993 complete and 0 interrupted iterations
step_00050 ✓ [ 100% ] 000/020 VUs  30s        50.00 iters/s
step_00100 ✓ [ 100% ] 000/020 VUs  30s        100.00 iters/s
step_00150 ✓ [ 100% ] 000/030 VUs  30s        150.00 iters/s
step_00200   [  50% ] 000/040 VUs  15.0s/30s  200.00 iters/s
step_00250 • [   0% ] waiting      0m15.0s   
step_00300 • [   0% ] waiting      0m45.0s   
step_00350 • [   0% ] waiting      1m15.0s   
step_00400 • [   0% ] waiting      1m45.0s   
step_00450 • [   0% ] waiting      2m15.0s   
step_00500 • [   0% ] waiting      2m45.0s   
step_00550 • [   0% ] waiting      3m15.0s   
step_00600 • [   0% ] waiting      3m45.0s   
step_00650 • [   0% ] waiting      4m15.0s   
step_00700 • [   0% ] waiting      4m45.0s   
step_00750 • [   0% ] waiting      5m15.0s   
step_00800 • [   0% ] waiting      5m45.0s   
step_00850 • [   0% ] waiting      6m15.0s   
step_00900 • [   0% ] waiting      6m45.0s   
step_00950 • [   0% ] waiting      7m15.0s   
step_01000 • [   0% ] waiting      7m45.0s   

running (01m46.0s), 0000/0390 VUs, 12193 complete and 0 interrupted iterations
step_00050 ✓ [ 100% ] 000/020 VUs  30s        50.00 iters/s
step_00100 ✓ [ 100% ] 000/020 VUs  30s        100.00 iters/s
step_00150 ✓ [ 100% ] 000/030 VUs  30s        150.00 iters/s
step_00200   [  53% ] 000/040 VUs  16.0s/30s  200.00 iters/s
step_00250 • [   0% ] waiting      0m14.0s   
step_00300 • [   0% ] waiting      0m44.0s   
step_00350 • [   0% ] waiting      1m14.0s   
step_00400 • [   0% ] waiting      1m44.0s   
step_00450 • [   0% ] waiting      2m14.0s   
step_00500 • [   0% ] waiting      2m44.0s   
step_00550 • [   0% ] waiting      3m14.0s   
step_00600 • [   0% ] waiting      3m44.0s   
step_00650 • [   0% ] waiting      4m14.0s   
step_00700 • [   0% ] waiting      4m44.0s   
step_00750 • [   0% ] waiting      5m14.0s   
step_00800 • [   0% ] waiting      5m44.0s   
step_00850 • [   0% ] waiting      6m14.0s   
step_00900 • [   0% ] waiting      6m44.0s   
step_00950 • [   0% ] waiting      7m14.0s   
step_01000 • [   0% ] waiting      7m44.0s   

running (01m47.0s), 0000/0390 VUs, 12393 complete and 0 interrupted iterations
step_00050 ✓ [ 100% ] 000/020 VUs  30s        50.00 iters/s
step_00100 ✓ [ 100% ] 000/020 VUs  30s        100.00 iters/s
step_00150 ✓ [ 100% ] 000/030 VUs  30s        150.00 iters/s
step_00200   [  57% ] 000/040 VUs  17.0s/30s  200.00 iters/s
step_00250 • [   0% ] waiting      0m13.0s   
step_00300 • [   0% ] waiting      0m43.0s   
step_00350 • [   0% ] waiting      1m13.0s   
step_00400 • [   0% ] waiting      1m43.0s   
step_00450 • [   0% ] waiting      2m13.0s   
step_00500 • [   0% ] waiting      2m43.0s   
step_00550 • [   0% ] waiting      3m13.0s   
step_00600 • [   0% ] waiting      3m43.0s   
step_00650 • [   0% ] waiting      4m13.0s   
step_00700 • [   0% ] waiting      4m43.0s   
step_00750 • [   0% ] waiting      5m13.0s   
step_00800 • [   0% ] waiting      5m43.0s   
step_00850 • [   0% ] waiting      6m13.0s   
step_00900 • [   0% ] waiting      6m43.0s   
step_00950 • [   0% ] waiting      7m13.0s   
step_01000 • [   0% ] waiting      7m43.0s   

running (01m48.0s), 0000/0390 VUs, 12593 complete and 0 interrupted iterations
step_00050 ✓ [ 100% ] 000/020 VUs  30s        50.00 iters/s
step_00100 ✓ [ 100% ] 000/020 VUs  30s        100.00 iters/s
step_00150 ✓ [ 100% ] 000/030 VUs  30s        150.00 iters/s
step_00200   [  60% ] 000/040 VUs  18.0s/30s  200.00 iters/s
step_00250 • [   0% ] waiting      0m12.0s   
step_00300 • [   0% ] waiting      0m42.0s   
step_00350 • [   0% ] waiting      1m12.0s   
step_00400 • [   0% ] waiting      1m42.0s   
step_00450 • [   0% ] waiting      2m12.0s   
step_00500 • [   0% ] waiting      2m42.0s   
step_00550 • [   0% ] waiting      3m12.0s   
step_00600 • [   0% ] waiting      3m42.0s   
step_00650 • [   0% ] waiting      4m12.0s   
step_00700 • [   0% ] waiting      4m42.0s   
step_00750 • [   0% ] waiting      5m12.0s   
step_00800 • [   0% ] waiting      5m42.0s   
step_00850 • [   0% ] waiting      6m12.0s   
step_00900 • [   0% ] waiting      6m42.0s   
step_00950 • [   0% ] waiting      7m12.0s   
step_01000 • [   0% ] waiting      7m42.0s   

running (01m49.0s), 0000/0390 VUs, 12793 complete and 0 interrupted iterations
step_00050 ✓ [ 100% ] 000/020 VUs  30s        50.00 iters/s
step_00100 ✓ [ 100% ] 000/020 VUs  30s        100.00 iters/s
step_00150 ✓ [ 100% ] 000/030 VUs  30s        150.00 iters/s
step_00200   [  63% ] 000/040 VUs  19.0s/30s  200.00 iters/s
step_00250 • [   0% ] waiting      0m11.0s   
step_00300 • [   0% ] waiting      0m41.0s   
step_00350 • [   0% ] waiting      1m11.0s   
step_00400 • [   0% ] waiting      1m41.0s   
step_00450 • [   0% ] waiting      2m11.0s   
step_00500 • [   0% ] waiting      2m41.0s   
step_00550 • [   0% ] waiting      3m11.0s   
step_00600 • [   0% ] waiting      3m41.0s   
step_00650 • [   0% ] waiting      4m11.0s   
step_00700 • [   0% ] waiting      4m41.0s   
step_00750 • [   0% ] waiting      5m11.0s   
step_00800 • [   0% ] waiting      5m41.0s   
step_00850 • [   0% ] waiting      6m11.0s   
step_00900 • [   0% ] waiting      6m41.0s   
step_00950 • [   0% ] waiting      7m11.0s   
step_01000 • [   0% ] waiting      7m41.0s   

running (01m50.0s), 0000/0390 VUs, 12993 complete and 0 interrupted iterations
step_00050 ✓ [ 100% ] 000/020 VUs  30s        50.00 iters/s
step_00100 ✓ [ 100% ] 000/020 VUs  30s        100.00 iters/s
step_00150 ✓ [ 100% ] 000/030 VUs  30s        150.00 iters/s
step_00200   [  67% ] 000/040 VUs  20.0s/30s  200.00 iters/s
step_00250 • [   0% ] waiting      0m10.0s   
step_00300 • [   0% ] waiting      0m40.0s   
step_00350 • [   0% ] waiting      1m10.0s   
step_00400 • [   0% ] waiting      1m40.0s   
step_00450 • [   0% ] waiting      2m10.0s   
step_00500 • [   0% ] waiting      2m40.0s   
step_00550 • [   0% ] waiting      3m10.0s   
step_00600 • [   0% ] waiting      3m40.0s   
step_00650 • [   0% ] waiting      4m10.0s   
step_00700 • [   0% ] waiting      4m40.0s   
step_00750 • [   0% ] waiting      5m10.0s   
step_00800 • [   0% ] waiting      5m40.0s   
step_00850 • [   0% ] waiting      6m10.0s   
step_00900 • [   0% ] waiting      6m40.0s   
step_00950 • [   0% ] waiting      7m10.0s   
step_01000 • [   0% ] waiting      7m40.0s   

running (01m51.0s), 0000/0390 VUs, 13193 complete and 0 interrupted iterations
step_00050 ✓ [ 100% ] 000/020 VUs  30s        50.00 iters/s
step_00100 ✓ [ 100% ] 000/020 VUs  30s        100.00 iters/s
step_00150 ✓ [ 100% ] 000/030 VUs  30s        150.00 iters/s
step_00200   [  70% ] 000/040 VUs  21.0s/30s  200.00 iters/s
step_00250 • [   0% ] waiting      0m09.0s   
step_00300 • [   0% ] waiting      0m39.0s   
step_00350 • [   0% ] waiting      1m09.0s   
step_00400 • [   0% ] waiting      1m39.0s   
step_00450 • [   0% ] waiting      2m09.0s   
step_00500 • [   0% ] waiting      2m39.0s   
step_00550 • [   0% ] waiting      3m09.0s   
step_00600 • [   0% ] waiting      3m39.0s   
step_00650 • [   0% ] waiting      4m09.0s   
step_00700 • [   0% ] waiting      4m39.0s   
step_00750 • [   0% ] waiting      5m09.0s   
step_00800 • [   0% ] waiting      5m39.0s   
step_00850 • [   0% ] waiting      6m09.0s   
step_00900 • [   0% ] waiting      6m39.0s   
step_00950 • [   0% ] waiting      7m09.0s   
step_01000 • [   0% ] waiting      7m39.0s   

running (01m52.0s), 0000/0390 VUs, 13393 complete and 0 interrupted iterations
step_00050 ✓ [ 100% ] 000/020 VUs  30s        50.00 iters/s
step_00100 ✓ [ 100% ] 000/020 VUs  30s        100.00 iters/s
step_00150 ✓ [ 100% ] 000/030 VUs  30s        150.00 iters/s
step_00200   [  73% ] 000/040 VUs  22.0s/30s  200.00 iters/s
step_00250 • [   0% ] waiting      0m08.0s   
step_00300 • [   0% ] waiting      0m38.0s   
step_00350 • [   0% ] waiting      1m08.0s   
step_00400 • [   0% ] waiting      1m38.0s   
step_00450 • [   0% ] waiting      2m08.0s   
step_00500 • [   0% ] waiting      2m38.0s   
step_00550 • [   0% ] waiting      3m08.0s   
step_00600 • [   0% ] waiting      3m38.0s   
step_00650 • [   0% ] waiting      4m08.0s   
step_00700 • [   0% ] waiting      4m38.0s   
step_00750 • [   0% ] waiting      5m08.0s   
step_00800 • [   0% ] waiting      5m38.0s   
step_00850 • [   0% ] waiting      6m08.0s   
step_00900 • [   0% ] waiting      6m38.0s   
step_00950 • [   0% ] waiting      7m08.0s   
step_01000 • [   0% ] waiting      7m38.0s   

running (01m53.0s), 0000/0390 VUs, 13593 complete and 0 interrupted iterations
step_00050 ✓ [ 100% ] 000/020 VUs  30s        50.00 iters/s
step_00100 ✓ [ 100% ] 000/020 VUs  30s        100.00 iters/s
step_00150 ✓ [ 100% ] 000/030 VUs  30s        150.00 iters/s
step_00200   [  77% ] 000/040 VUs  23.0s/30s  200.00 iters/s
step_00250 • [   0% ] waiting      0m07.0s   
step_00300 • [   0% ] waiting      0m37.0s   
step_00350 • [   0% ] waiting      1m07.0s   
step_00400 • [   0% ] waiting      1m37.0s   
step_00450 • [   0% ] waiting      2m07.0s   
step_00500 • [   0% ] waiting      2m37.0s   
step_00550 • [   0% ] waiting      3m07.0s   
step_00600 • [   0% ] waiting      3m37.0s   
step_00650 • [   0% ] waiting      4m07.0s   
step_00700 • [   0% ] waiting      4m37.0s   
step_00750 • [   0% ] waiting      5m07.0s   
step_00800 • [   0% ] waiting      5m37.0s   
step_00850 • [   0% ] waiting      6m07.0s   
step_00900 • [   0% ] waiting      6m37.0s   
step_00950 • [   0% ] waiting      7m07.0s   
step_01000 • [   0% ] waiting      7m37.0s   

running (01m54.0s), 0000/0390 VUs, 13793 complete and 0 interrupted iterations
step_00050 ✓ [ 100% ] 000/020 VUs  30s        50.00 iters/s
step_00100 ✓ [ 100% ] 000/020 VUs  30s        100.00 iters/s
step_00150 ✓ [ 100% ] 000/030 VUs  30s        150.00 iters/s
step_00200   [  80% ] 000/040 VUs  24.0s/30s  200.00 iters/s
step_00250 • [   0% ] waiting      0m06.0s   
step_00300 • [   0% ] waiting      0m36.0s   
step_00350 • [   0% ] waiting      1m06.0s   
step_00400 • [   0% ] waiting      1m36.0s   
step_00450 • [   0% ] waiting      2m06.0s   
step_00500 • [   0% ] waiting      2m36.0s   
step_00550 • [   0% ] waiting      3m06.0s   
step_00600 • [   0% ] waiting      3m36.0s   
step_00650 • [   0% ] waiting      4m06.0s   
step_00700 • [   0% ] waiting      4m36.0s   
step_00750 • [   0% ] waiting      5m06.0s   
step_00800 • [   0% ] waiting      5m36.0s   
step_00850 • [   0% ] waiting      6m06.0s   
step_00900 • [   0% ] waiting      6m36.0s   
step_00950 • [   0% ] waiting      7m06.0s   
step_01000 • [   0% ] waiting      7m36.0s   

running (01m55.0s), 0000/0390 VUs, 13993 complete and 0 interrupted iterations
step_00050 ✓ [ 100% ] 000/020 VUs  30s        50.00 iters/s
step_00100 ✓ [ 100% ] 000/020 VUs  30s        100.00 iters/s
step_00150 ✓ [ 100% ] 000/030 VUs  30s        150.00 iters/s
step_00200   [  83% ] 000/040 VUs  25.0s/30s  200.00 iters/s
step_00250 • [   0% ] waiting      0m05.0s   
step_00300 • [   0% ] waiting      0m35.0s   
step_00350 • [   0% ] waiting      1m05.0s   
step_00400 • [   0% ] waiting      1m35.0s   
step_00450 • [   0% ] waiting      2m05.0s   
step_00500 • [   0% ] waiting      2m35.0s   
step_00550 • [   0% ] waiting      3m05.0s   
step_00600 • [   0% ] waiting      3m35.0s   
step_00650 • [   0% ] waiting      4m05.0s   
step_00700 • [   0% ] waiting      4m35.0s   
step_00750 • [   0% ] waiting      5m05.0s   
step_00800 • [   0% ] waiting      5m35.0s   
step_00850 • [   0% ] waiting      6m05.0s   
step_00900 • [   0% ] waiting      6m35.0s   
step_00950 • [   0% ] waiting      7m05.0s   
step_01000 • [   0% ] waiting      7m35.0s   

running (01m56.0s), 0000/0390 VUs, 14193 complete and 0 interrupted iterations
step_00050 ✓ [ 100% ] 000/020 VUs  30s        50.00 iters/s
step_00100 ✓ [ 100% ] 000/020 VUs  30s        100.00 iters/s
step_00150 ✓ [ 100% ] 000/030 VUs  30s        150.00 iters/s
step_00200   [  87% ] 000/040 VUs  26.0s/30s  200.00 iters/s
step_00250 • [   0% ] waiting      0m04.0s   
step_00300 • [   0% ] waiting      0m34.0s   
step_00350 • [   0% ] waiting      1m04.0s   
step_00400 • [   0% ] waiting      1m34.0s   
step_00450 • [   0% ] waiting      2m04.0s   
step_00500 • [   0% ] waiting      2m34.0s   
step_00550 • [   0% ] waiting      3m04.0s   
step_00600 • [   0% ] waiting      3m34.0s   
step_00650 • [   0% ] waiting      4m04.0s   
step_00700 • [   0% ] waiting      4m34.0s   
step_00750 • [   0% ] waiting      5m04.0s   
step_00800 • [   0% ] waiting      5m34.0s   
step_00850 • [   0% ] waiting      6m04.0s   
step_00900 • [   0% ] waiting      6m34.0s   
step_00950 • [   0% ] waiting      7m04.0s   
step_01000 • [   0% ] waiting      7m34.0s   

running (01m57.0s), 0000/0390 VUs, 14393 complete and 0 interrupted iterations
step_00050 ✓ [ 100% ] 000/020 VUs  30s        50.00 iters/s
step_00100 ✓ [ 100% ] 000/020 VUs  30s        100.00 iters/s
step_00150 ✓ [ 100% ] 000/030 VUs  30s        150.00 iters/s
step_00200   [  90% ] 000/040 VUs  27.0s/30s  200.00 iters/s
step_00250 • [   0% ] waiting      0m03.0s   
step_00300 • [   0% ] waiting      0m33.0s   
step_00350 • [   0% ] waiting      1m03.0s   
step_00400 • [   0% ] waiting      1m33.0s   
step_00450 • [   0% ] waiting      2m03.0s   
step_00500 • [   0% ] waiting      2m33.0s   
step_00550 • [   0% ] waiting      3m03.0s   
step_00600 • [   0% ] waiting      3m33.0s   
step_00650 • [   0% ] waiting      4m03.0s   
step_00700 • [   0% ] waiting      4m33.0s   
step_00750 • [   0% ] waiting      5m03.0s   
step_00800 • [   0% ] waiting      5m33.0s   
step_00850 • [   0% ] waiting      6m03.0s   
step_00900 • [   0% ] waiting      6m33.0s   
step_00950 • [   0% ] waiting      7m03.0s   
step_01000 • [   0% ] waiting      7m33.0s   

running (01m58.0s), 0000/0390 VUs, 14593 complete and 0 interrupted iterations
step_00050 ✓ [ 100% ] 000/020 VUs  30s        50.00 iters/s
step_00100 ✓ [ 100% ] 000/020 VUs  30s        100.00 iters/s
step_00150 ✓ [ 100% ] 000/030 VUs  30s        150.00 iters/s
step_00200   [  93% ] 000/040 VUs  28.0s/30s  200.00 iters/s
step_00250 • [   0% ] waiting      0m02.0s   
step_00300 • [   0% ] waiting      0m32.0s   
step_00350 • [   0% ] waiting      1m02.0s   
step_00400 • [   0% ] waiting      1m32.0s   
step_00450 • [   0% ] waiting      2m02.0s   
step_00500 • [   0% ] waiting      2m32.0s   
step_00550 • [   0% ] waiting      3m02.0s   
step_00600 • [   0% ] waiting      3m32.0s   
step_00650 • [   0% ] waiting      4m02.0s   
step_00700 • [   0% ] waiting      4m32.0s   
step_00750 • [   0% ] waiting      5m02.0s   
step_00800 • [   0% ] waiting      5m32.0s   
step_00850 • [   0% ] waiting      6m02.0s   
step_00900 • [   0% ] waiting      6m32.0s   
step_00950 • [   0% ] waiting      7m02.0s   
step_01000 • [   0% ] waiting      7m32.0s   

running (01m59.0s), 0000/0390 VUs, 14793 complete and 0 interrupted iterations
step_00050 ✓ [ 100% ] 000/020 VUs  30s        50.00 iters/s
step_00100 ✓ [ 100% ] 000/020 VUs  30s        100.00 iters/s
step_00150 ✓ [ 100% ] 000/030 VUs  30s        150.00 iters/s
step_00200   [  97% ] 000/040 VUs  29.0s/30s  200.00 iters/s
step_00250 • [   0% ] waiting      0m01.0s   
step_00300 • [   0% ] waiting      0m31.0s   
step_00350 • [   0% ] waiting      1m01.0s   
step_00400 • [   0% ] waiting      1m31.0s   
step_00450 • [   0% ] waiting      2m01.0s   
step_00500 • [   0% ] waiting      2m31.0s   
step_00550 • [   0% ] waiting      3m01.0s   
step_00600 • [   0% ] waiting      3m31.0s   
step_00650 • [   0% ] waiting      4m01.0s   
step_00700 • [   0% ] waiting      4m31.0s   
step_00750 • [   0% ] waiting      5m01.0s   
step_00800 • [   0% ] waiting      5m31.0s   
step_00850 • [   0% ] waiting      6m01.0s   
step_00900 • [   0% ] waiting      6m31.0s   
step_00950 • [   0% ] waiting      7m01.0s   
step_01000 • [   0% ] waiting      7m31.0s   

running (02m00.0s), 0000/0390 VUs, 14993 complete and 0 interrupted iterations
step_00050 ✓ [ 100% ] 000/020 VUs  30s        50.00 iters/s
step_00100 ✓ [ 100% ] 000/020 VUs  30s        100.00 iters/s
step_00150 ✓ [ 100% ] 000/030 VUs  30s        150.00 iters/s
step_00200   [ 100% ] 000/040 VUs  30.0s/30s  200.00 iters/s
step_00250 • [   0% ] waiting      0m00.0s   
step_00300 • [   0% ] waiting      0m30.0s   
step_00350 • [   0% ] waiting      1m00.0s   
step_00400 • [   0% ] waiting      1m30.0s   
step_00450 • [   0% ] waiting      2m00.0s   
step_00500 • [   0% ] waiting      2m30.0s   
step_00550 • [   0% ] waiting      3m00.0s   
step_00600 • [   0% ] waiting      3m30.0s   
step_00650 • [   0% ] waiting      4m00.0s   
step_00700 • [   0% ] waiting      4m30.0s   
step_00750 • [   0% ] waiting      5m00.0s   
step_00800 • [   0% ] waiting      5m30.0s   
step_00850 • [   0% ] waiting      6m00.0s   
step_00900 • [   0% ] waiting      6m30.0s   
step_00950 • [   0% ] waiting      7m00.0s   
step_01000 • [   0% ] waiting      7m30.0s   

running (02m01.0s), 0001/0390 VUs, 15241 complete and 0 interrupted iterations
step_00050 ✓ [ 100% ] 000/020 VUs  30s        50.00 iters/s
step_00100 ✓ [ 100% ] 000/020 VUs  30s        100.00 iters/s
step_00150 ✓ [ 100% ] 000/030 VUs  30s        150.00 iters/s
step_00200 ✓ [ 100% ] 000/040 VUs  30s        200.00 iters/s
step_00250   [   3% ] 001/050 VUs  01.0s/30s  250.00 iters/s
step_00300 • [   0% ] waiting      0m29.0s   
step_00350 • [   0% ] waiting      0m59.0s   
step_00400 • [   0% ] waiting      1m29.0s   
step_00450 • [   0% ] waiting      1m59.0s   
step_00500 • [   0% ] waiting      2m29.0s   
step_00550 • [   0% ] waiting      2m59.0s   
step_00600 • [   0% ] waiting      3m29.0s   
step_00650 • [   0% ] waiting      3m59.0s   
step_00700 • [   0% ] waiting      4m29.0s   
step_00750 • [   0% ] waiting      4m59.0s   
step_00800 • [   0% ] waiting      5m29.0s   
step_00850 • [   0% ] waiting      5m59.0s   
step_00900 • [   0% ] waiting      6m29.0s   
step_00950 • [   0% ] waiting      6m59.0s   
step_01000 • [   0% ] waiting      7m29.0s   

running (02m02.0s), 0002/0390 VUs, 15490 complete and 0 interrupted iterations
step_00050 ✓ [ 100% ] 000/020 VUs  30s        50.00 iters/s
step_00100 ✓ [ 100% ] 000/020 VUs  30s        100.00 iters/s
step_00150 ✓ [ 100% ] 000/030 VUs  30s        150.00 iters/s
step_00200 ✓ [ 100% ] 000/040 VUs  30s        200.00 iters/s
step_00250   [   7% ] 002/050 VUs  02.0s/30s  250.00 iters/s
step_00300 • [   0% ] waiting      0m28.0s   
step_00350 • [   0% ] waiting      0m58.0s   
step_00400 • [   0% ] waiting      1m28.0s   
step_00450 • [   0% ] waiting      1m58.0s   
step_00500 • [   0% ] waiting      2m28.0s   
step_00550 • [   0% ] waiting      2m58.0s   
step_00600 • [   0% ] waiting      3m28.0s   
step_00650 • [   0% ] waiting      3m58.0s   
step_00700 • [   0% ] waiting      4m28.0s   
step_00750 • [   0% ] waiting      4m58.0s   
step_00800 • [   0% ] waiting      5m28.0s   
step_00850 • [   0% ] waiting      5m58.0s   
step_00900 • [   0% ] waiting      6m28.0s   
step_00950 • [   0% ] waiting      6m58.0s   
step_01000 • [   0% ] waiting      7m28.0s   

running (02m03.0s), 0053/0402 VUs, 15677 complete and 0 interrupted iterations
step_00050 ✓ [ 100% ] 000/020 VUs  30s        50.00 iters/s
step_00100 ✓ [ 100% ] 000/020 VUs  30s        100.00 iters/s
step_00150 ✓ [ 100% ] 000/030 VUs  30s        150.00 iters/s
step_00200 ✓ [ 100% ] 000/040 VUs  30s        200.00 iters/s
step_00250   [  10% ] 053/062 VUs  03.0s/30s  250.00 iters/s
step_00300 • [   0% ] waiting      0m27.0s   
step_00350 • [   0% ] waiting      0m57.0s   
step_00400 • [   0% ] waiting      1m27.0s   
step_00450 • [   0% ] waiting      1m57.0s   
step_00500 • [   0% ] waiting      2m27.0s   
step_00550 • [   0% ] waiting      2m57.0s   
step_00600 • [   0% ] waiting      3m27.0s   
step_00650 • [   0% ] waiting      3m57.0s   
step_00700 • [   0% ] waiting      4m27.0s   
step_00750 • [   0% ] waiting      4m57.0s   
step_00800 • [   0% ] waiting      5m27.0s   
step_00850 • [   0% ] waiting      5m57.0s   
step_00900 • [   0% ] waiting      6m27.0s   
step_00950 • [   0% ] waiting      6m57.0s   
step_01000 • [   0% ] waiting      7m27.0s   

running (02m04.0s), 0066/0429 VUs, 15886 complete and 0 interrupted iterations
step_00050 ✓ [ 100% ] 000/020 VUs  30s        50.00 iters/s
step_00100 ✓ [ 100% ] 000/020 VUs  30s        100.00 iters/s
step_00150 ✓ [ 100% ] 000/030 VUs  30s        150.00 iters/s
step_00200 ✓ [ 100% ] 000/040 VUs  30s        200.00 iters/s
step_00250   [  13% ] 066/089 VUs  04.0s/30s  250.00 iters/s
step_00300 • [   0% ] waiting      0m26.0s   
step_00350 • [   0% ] waiting      0m56.0s   
step_00400 • [   0% ] waiting      1m26.0s   
step_00450 • [   0% ] waiting      1m56.0s   
step_00500 • [   0% ] waiting      2m26.0s   
step_00550 • [   0% ] waiting      2m56.0s   
step_00600 • [   0% ] waiting      3m26.0s   
step_00650 • [   0% ] waiting      3m56.0s   
step_00700 • [   0% ] waiting      4m26.0s   
step_00750 • [   0% ] waiting      4m56.0s   
step_00800 • [   0% ] waiting      5m26.0s   
step_00850 • [   0% ] waiting      5m56.0s   
step_00900 • [   0% ] waiting      6m26.0s   
step_00950 • [   0% ] waiting      6m56.0s   
step_01000 • [   0% ] waiting      7m26.0s   

running (02m05.0s), 0002/0429 VUs, 16200 complete and 0 interrupted iterations
step_00050 ✓ [ 100% ] 000/020 VUs  30s        50.00 iters/s
step_00100 ✓ [ 100% ] 000/020 VUs  30s        100.00 iters/s
step_00150 ✓ [ 100% ] 000/030 VUs  30s        150.00 iters/s
step_00200 ✓ [ 100% ] 000/040 VUs  30s        200.00 iters/s
step_00250   [  17% ] 002/089 VUs  05.0s/30s  250.00 iters/s
step_00300 • [   0% ] waiting      0m25.0s   
step_00350 • [   0% ] waiting      0m55.0s   
step_00400 • [   0% ] waiting      1m25.0s   
step_00450 • [   0% ] waiting      1m55.0s   
step_00500 • [   0% ] waiting      2m25.0s   
step_00550 • [   0% ] waiting      2m55.0s   
step_00600 • [   0% ] waiting      3m25.0s   
step_00650 • [   0% ] waiting      3m55.0s   
step_00700 • [   0% ] waiting      4m25.0s   
step_00750 • [   0% ] waiting      4m55.0s   
step_00800 • [   0% ] waiting      5m25.0s   
step_00850 • [   0% ] waiting      5m55.0s   
step_00900 • [   0% ] waiting      6m25.0s   
step_00950 • [   0% ] waiting      6m55.0s   
step_01000 • [   0% ] waiting      7m25.0s   

running (02m06.0s), 0001/0429 VUs, 16451 complete and 0 interrupted iterations
step_00050 ✓ [ 100% ] 000/020 VUs  30s        50.00 iters/s
step_00100 ✓ [ 100% ] 000/020 VUs  30s        100.00 iters/s
step_00150 ✓ [ 100% ] 000/030 VUs  30s        150.00 iters/s
step_00200 ✓ [ 100% ] 000/040 VUs  30s        200.00 iters/s
step_00250   [  20% ] 001/089 VUs  06.0s/30s  250.00 iters/s
step_00300 • [   0% ] waiting      0m24.0s   
step_00350 • [   0% ] waiting      0m54.0s   
step_00400 • [   0% ] waiting      1m24.0s   
step_00450 • [   0% ] waiting      1m54.0s   
step_00500 • [   0% ] waiting      2m24.0s   
step_00550 • [   0% ] waiting      2m54.0s   
step_00600 • [   0% ] waiting      3m24.0s   
step_00650 • [   0% ] waiting      3m54.0s   
step_00700 • [   0% ] waiting      4m24.0s   
step_00750 • [   0% ] waiting      4m54.0s   
step_00800 • [   0% ] waiting      5m24.0s   
step_00850 • [   0% ] waiting      5m54.0s   
step_00900 • [   0% ] waiting      6m24.0s   
step_00950 • [   0% ] waiting      6m54.0s   
step_01000 • [   0% ] waiting      7m24.0s   

running (02m07.0s), 0001/0429 VUs, 16701 complete and 0 interrupted iterations
step_00050 ✓ [ 100% ] 000/020 VUs  30s        50.00 iters/s
step_00100 ✓ [ 100% ] 000/020 VUs  30s        100.00 iters/s
step_00150 ✓ [ 100% ] 000/030 VUs  30s        150.00 iters/s
step_00200 ✓ [ 100% ] 000/040 VUs  30s        200.00 iters/s
step_00250   [  23% ] 001/089 VUs  07.0s/30s  250.00 iters/s
step_00300 • [   0% ] waiting      0m23.0s   
step_00350 • [   0% ] waiting      0m53.0s   
step_00400 • [   0% ] waiting      1m23.0s   
step_00450 • [   0% ] waiting      1m53.0s   
step_00500 • [   0% ] waiting      2m23.0s   
step_00550 • [   0% ] waiting      2m53.0s   
step_00600 • [   0% ] waiting      3m23.0s   
step_00650 • [   0% ] waiting      3m53.0s   
step_00700 • [   0% ] waiting      4m23.0s   
step_00750 • [   0% ] waiting      4m53.0s   
step_00800 • [   0% ] waiting      5m23.0s   
step_00850 • [   0% ] waiting      5m53.0s   
step_00900 • [   0% ] waiting      6m23.0s   
step_00950 • [   0% ] waiting      6m53.0s   
step_01000 • [   0% ] waiting      7m23.0s   

running (02m08.0s), 0001/0429 VUs, 16951 complete and 0 interrupted iterations
step_00050 ✓ [ 100% ] 000/020 VUs  30s        50.00 iters/s
step_00100 ✓ [ 100% ] 000/020 VUs  30s        100.00 iters/s
step_00150 ✓ [ 100% ] 000/030 VUs  30s        150.00 iters/s
step_00200 ✓ [ 100% ] 000/040 VUs  30s        200.00 iters/s
step_00250   [  27% ] 001/089 VUs  08.0s/30s  250.00 iters/s
step_00300 • [   0% ] waiting      0m22.0s   
step_00350 • [   0% ] waiting      0m52.0s   
step_00400 • [   0% ] waiting      1m22.0s   
step_00450 • [   0% ] waiting      1m52.0s   
step_00500 • [   0% ] waiting      2m22.0s   
step_00550 • [   0% ] waiting      2m52.0s   
step_00600 • [   0% ] waiting      3m22.0s   
step_00650 • [   0% ] waiting      3m52.0s   
step_00700 • [   0% ] waiting      4m22.0s   
step_00750 • [   0% ] waiting      4m52.0s   
step_00800 • [   0% ] waiting      5m22.0s   
step_00850 • [   0% ] waiting      5m52.0s   
step_00900 • [   0% ] waiting      6m22.0s   
step_00950 • [   0% ] waiting      6m52.0s   
step_01000 • [   0% ] waiting      7m22.0s   

running (02m09.0s), 0001/0429 VUs, 17201 complete and 0 interrupted iterations
step_00050 ✓ [ 100% ] 000/020 VUs  30s        50.00 iters/s
step_00100 ✓ [ 100% ] 000/020 VUs  30s        100.00 iters/s
step_00150 ✓ [ 100% ] 000/030 VUs  30s        150.00 iters/s
step_00200 ✓ [ 100% ] 000/040 VUs  30s        200.00 iters/s
step_00250   [  30% ] 001/089 VUs  09.0s/30s  250.00 iters/s
step_00300 • [   0% ] waiting      0m21.0s   
step_00350 • [   0% ] waiting      0m51.0s   
step_00400 • [   0% ] waiting      1m21.0s   
step_00450 • [   0% ] waiting      1m51.0s   
step_00500 • [   0% ] waiting      2m21.0s   
step_00550 • [   0% ] waiting      2m51.0s   
step_00600 • [   0% ] waiting      3m21.0s   
step_00650 • [   0% ] waiting      3m51.0s   
step_00700 • [   0% ] waiting      4m21.0s   
step_00750 • [   0% ] waiting      4m51.0s   
step_00800 • [   0% ] waiting      5m21.0s   
step_00850 • [   0% ] waiting      5m51.0s   
step_00900 • [   0% ] waiting      6m21.0s   
step_00950 • [   0% ] waiting      6m51.0s   
step_01000 • [   0% ] waiting      7m21.0s   

running (02m10.0s), 0001/0429 VUs, 17451 complete and 0 interrupted iterations
step_00050 ✓ [ 100% ] 000/020 VUs  30s        50.00 iters/s
step_00100 ✓ [ 100% ] 000/020 VUs  30s        100.00 iters/s
step_00150 ✓ [ 100% ] 000/030 VUs  30s        150.00 iters/s
step_00200 ✓ [ 100% ] 000/040 VUs  30s        200.00 iters/s
step_00250   [  33% ] 001/089 VUs  10.0s/30s  250.00 iters/s
step_00300 • [   0% ] waiting      0m20.0s   
step_00350 • [   0% ] waiting      0m50.0s   
step_00400 • [   0% ] waiting      1m20.0s   
step_00450 • [   0% ] waiting      1m50.0s   
step_00500 • [   0% ] waiting      2m20.0s   
step_00550 • [   0% ] waiting      2m50.0s   
step_00600 • [   0% ] waiting      3m20.0s   
step_00650 • [   0% ] waiting      3m50.0s   
step_00700 • [   0% ] waiting      4m20.0s   
step_00750 • [   0% ] waiting      4m50.0s   
step_00800 • [   0% ] waiting      5m20.0s   
step_00850 • [   0% ] waiting      5m50.0s   
step_00900 • [   0% ] waiting      6m20.0s   
step_00950 • [   0% ] waiting      6m50.0s   
step_01000 • [   0% ] waiting      7m20.0s   

running (02m11.0s), 0001/0429 VUs, 17701 complete and 0 interrupted iterations
step_00050 ✓ [ 100% ] 000/020 VUs  30s        50.00 iters/s
step_00100 ✓ [ 100% ] 000/020 VUs  30s        100.00 iters/s
step_00150 ✓ [ 100% ] 000/030 VUs  30s        150.00 iters/s
step_00200 ✓ [ 100% ] 000/040 VUs  30s        200.00 iters/s
step_00250   [  37% ] 001/089 VUs  11.0s/30s  250.00 iters/s
step_00300 • [   0% ] waiting      0m19.0s   
step_00350 • [   0% ] waiting      0m49.0s   
step_00400 • [   0% ] waiting      1m19.0s   
step_00450 • [   0% ] waiting      1m49.0s   
step_00500 • [   0% ] waiting      2m19.0s   
step_00550 • [   0% ] waiting      2m49.0s   
step_00600 • [   0% ] waiting      3m19.0s   
step_00650 • [   0% ] waiting      3m49.0s   
step_00700 • [   0% ] waiting      4m19.0s   
step_00750 • [   0% ] waiting      4m49.0s   
step_00800 • [   0% ] waiting      5m19.0s   
step_00850 • [   0% ] waiting      5m49.0s   
step_00900 • [   0% ] waiting      6m19.0s   
step_00950 • [   0% ] waiting      6m49.0s   
step_01000 • [   0% ] waiting      7m19.0s   

running (02m12.0s), 0001/0429 VUs, 17951 complete and 0 interrupted iterations
step_00050 ✓ [ 100% ] 000/020 VUs  30s        50.00 iters/s
step_00100 ✓ [ 100% ] 000/020 VUs  30s        100.00 iters/s
step_00150 ✓ [ 100% ] 000/030 VUs  30s        150.00 iters/s
step_00200 ✓ [ 100% ] 000/040 VUs  30s        200.00 iters/s
step_00250   [  40% ] 001/089 VUs  12.0s/30s  250.00 iters/s
step_00300 • [   0% ] waiting      0m18.0s   
step_00350 • [   0% ] waiting      0m48.0s   
step_00400 • [   0% ] waiting      1m18.0s   
step_00450 • [   0% ] waiting      1m48.0s   
step_00500 • [   0% ] waiting      2m18.0s   
step_00550 • [   0% ] waiting      2m48.0s   
step_00600 • [   0% ] waiting      3m18.0s   
step_00650 • [   0% ] waiting      3m48.0s   
step_00700 • [   0% ] waiting      4m18.0s   
step_00750 • [   0% ] waiting      4m48.0s   
step_00800 • [   0% ] waiting      5m18.0s   
step_00850 • [   0% ] waiting      5m48.0s   
step_00900 • [   0% ] waiting      6m18.0s   
step_00950 • [   0% ] waiting      6m48.0s   
step_01000 • [   0% ] waiting      7m18.0s   

running (02m13.0s), 0001/0429 VUs, 18201 complete and 0 interrupted iterations
step_00050 ✓ [ 100% ] 000/020 VUs  30s        50.00 iters/s
step_00100 ✓ [ 100% ] 000/020 VUs  30s        100.00 iters/s
step_00150 ✓ [ 100% ] 000/030 VUs  30s        150.00 iters/s
step_00200 ✓ [ 100% ] 000/040 VUs  30s        200.00 iters/s
step_00250   [  43% ] 001/089 VUs  13.0s/30s  250.00 iters/s
step_00300 • [   0% ] waiting      0m17.0s   
step_00350 • [   0% ] waiting      0m47.0s   
step_00400 • [   0% ] waiting      1m17.0s   
step_00450 • [   0% ] waiting      1m47.0s   
step_00500 • [   0% ] waiting      2m17.0s   
step_00550 • [   0% ] waiting      2m47.0s   
step_00600 • [   0% ] waiting      3m17.0s   
step_00650 • [   0% ] waiting      3m47.0s   
step_00700 • [   0% ] waiting      4m17.0s   
step_00750 • [   0% ] waiting      4m47.0s   
step_00800 • [   0% ] waiting      5m17.0s   
step_00850 • [   0% ] waiting      5m47.0s   
step_00900 • [   0% ] waiting      6m17.0s   
step_00950 • [   0% ] waiting      6m47.0s   
step_01000 • [   0% ] waiting      7m17.0s   

running (02m14.0s), 0030/0429 VUs, 18422 complete and 0 interrupted iterations
step_00050 ✓ [ 100% ] 000/020 VUs  30s        50.00 iters/s
step_00100 ✓ [ 100% ] 000/020 VUs  30s        100.00 iters/s
step_00150 ✓ [ 100% ] 000/030 VUs  30s        150.00 iters/s
step_00200 ✓ [ 100% ] 000/040 VUs  30s        200.00 iters/s
step_00250   [  47% ] 030/089 VUs  14.0s/30s  250.00 iters/s
step_00300 • [   0% ] waiting      0m16.0s   
step_00350 • [   0% ] waiting      0m46.0s   
step_00400 • [   0% ] waiting      1m16.0s   
step_00450 • [   0% ] waiting      1m46.0s   
step_00500 • [   0% ] waiting      2m16.0s   
step_00550 • [   0% ] waiting      2m46.0s   
step_00600 • [   0% ] waiting      3m16.0s   
step_00650 • [   0% ] waiting      3m46.0s   
step_00700 • [   0% ] waiting      4m16.0s   
step_00750 • [   0% ] waiting      4m46.0s   
step_00800 • [   0% ] waiting      5m16.0s   
step_00850 • [   0% ] waiting      5m46.0s   
step_00900 • [   0% ] waiting      6m16.0s   
step_00950 • [   0% ] waiting      6m46.0s   
step_01000 • [   0% ] waiting      7m16.0s   

running (02m15.0s), 0045/0429 VUs, 18657 complete and 0 interrupted iterations
step_00050 ✓ [ 100% ] 000/020 VUs  30s        50.00 iters/s
step_00100 ✓ [ 100% ] 000/020 VUs  30s        100.00 iters/s
step_00150 ✓ [ 100% ] 000/030 VUs  30s        150.00 iters/s
step_00200 ✓ [ 100% ] 000/040 VUs  30s        200.00 iters/s
step_00250   [  50% ] 045/089 VUs  15.0s/30s  250.00 iters/s
step_00300 • [   0% ] waiting      0m15.0s   
step_00350 • [   0% ] waiting      0m45.0s   
step_00400 • [   0% ] waiting      1m15.0s   
step_00450 • [   0% ] waiting      1m45.0s   
step_00500 • [   0% ] waiting      2m15.0s   
step_00550 • [   0% ] waiting      2m45.0s   
step_00600 • [   0% ] waiting      3m15.0s   
step_00650 • [   0% ] waiting      3m45.0s   
step_00700 • [   0% ] waiting      4m15.0s   
step_00750 • [   0% ] waiting      4m45.0s   
step_00800 • [   0% ] waiting      5m15.0s   
step_00850 • [   0% ] waiting      5m45.0s   
step_00900 • [   0% ] waiting      6m15.0s   
step_00950 • [   0% ] waiting      6m45.0s   
step_01000 • [   0% ] waiting      7m15.0s   

running (02m16.0s), 0090/0446 VUs, 18845 complete and 0 interrupted iterations
step_00050 ✓ [ 100% ] 000/020 VUs  30s        50.00 iters/s
step_00100 ✓ [ 100% ] 000/020 VUs  30s        100.00 iters/s
step_00150 ✓ [ 100% ] 000/030 VUs  30s        150.00 iters/s
step_00200 ✓ [ 100% ] 000/040 VUs  30s        200.00 iters/s
step_00250   [  53% ] 090/106 VUs  16.0s/30s  250.00 iters/s
step_00300 • [   0% ] waiting      0m14.0s   
step_00350 • [   0% ] waiting      0m44.0s   
step_00400 • [   0% ] waiting      1m14.0s   
step_00450 • [   0% ] waiting      1m44.0s   
step_00500 • [   0% ] waiting      2m14.0s   
step_00550 • [   0% ] waiting      2m44.0s   
step_00600 • [   0% ] waiting      3m14.0s   
step_00650 • [   0% ] waiting      3m44.0s   
step_00700 • [   0% ] waiting      4m14.0s   
step_00750 • [   0% ] waiting      4m44.0s   
step_00800 • [   0% ] waiting      5m14.0s   
step_00850 • [   0% ] waiting      5m44.0s   
step_00900 • [   0% ] waiting      6m14.0s   
step_00950 • [   0% ] waiting      6m44.0s   
step_01000 • [   0% ] waiting      7m14.0s   

running (02m17.0s), 0043/0446 VUs, 19142 complete and 0 interrupted iterations
step_00050 ✓ [ 100% ] 000/020 VUs  30s        50.00 iters/s
step_00100 ✓ [ 100% ] 000/020 VUs  30s        100.00 iters/s
step_00150 ✓ [ 100% ] 000/030 VUs  30s        150.00 iters/s
step_00200 ✓ [ 100% ] 000/040 VUs  30s        200.00 iters/s
step_00250   [  57% ] 043/106 VUs  17.0s/30s  250.00 iters/s
step_00300 • [   0% ] waiting      0m13.0s   
step_00350 • [   0% ] waiting      0m43.0s   
step_00400 • [   0% ] waiting      1m13.0s   
step_00450 • [   0% ] waiting      1m43.0s   
step_00500 • [   0% ] waiting      2m13.0s   
step_00550 • [   0% ] waiting      2m43.0s   
step_00600 • [   0% ] waiting      3m13.0s   
step_00650 • [   0% ] waiting      3m43.0s   
step_00700 • [   0% ] waiting      4m13.0s   
step_00750 • [   0% ] waiting      4m43.0s   
step_00800 • [   0% ] waiting      5m13.0s   
step_00850 • [   0% ] waiting      5m43.0s   
step_00900 • [   0% ] waiting      6m13.0s   
step_00950 • [   0% ] waiting      6m43.0s   
step_01000 • [   0% ] waiting      7m13.0s   

running (02m18.0s), 0001/0446 VUs, 19434 complete and 0 interrupted iterations
step_00050 ✓ [ 100% ] 000/020 VUs  30s        50.00 iters/s
step_00100 ✓ [ 100% ] 000/020 VUs  30s        100.00 iters/s
step_00150 ✓ [ 100% ] 000/030 VUs  30s        150.00 iters/s
step_00200 ✓ [ 100% ] 000/040 VUs  30s        200.00 iters/s
step_00250   [  60% ] 001/106 VUs  18.0s/30s  250.00 iters/s
step_00300 • [   0% ] waiting      0m12.0s   
step_00350 • [   0% ] waiting      0m42.0s   
step_00400 • [   0% ] waiting      1m12.0s   
step_00450 • [   0% ] waiting      1m42.0s   
step_00500 • [   0% ] waiting      2m12.0s   
step_00550 • [   0% ] waiting      2m42.0s   
step_00600 • [   0% ] waiting      3m12.0s   
step_00650 • [   0% ] waiting      3m42.0s   
step_00700 • [   0% ] waiting      4m12.0s   
step_00750 • [   0% ] waiting      4m42.0s   
step_00800 • [   0% ] waiting      5m12.0s   
step_00850 • [   0% ] waiting      5m42.0s   
step_00900 • [   0% ] waiting      6m12.0s   
step_00950 • [   0% ] waiting      6m42.0s   
step_01000 • [   0% ] waiting      7m12.0s   

running (02m19.0s), 0001/0446 VUs, 19684 complete and 0 interrupted iterations
step_00050 ✓ [ 100% ] 000/020 VUs  30s        50.00 iters/s
step_00100 ✓ [ 100% ] 000/020 VUs  30s        100.00 iters/s
step_00150 ✓ [ 100% ] 000/030 VUs  30s        150.00 iters/s
step_00200 ✓ [ 100% ] 000/040 VUs  30s        200.00 iters/s
step_00250   [  63% ] 001/106 VUs  19.0s/30s  250.00 iters/s
step_00300 • [   0% ] waiting      0m11.0s   
step_00350 • [   0% ] waiting      0m41.0s   
step_00400 • [   0% ] waiting      1m11.0s   
step_00450 • [   0% ] waiting      1m41.0s   
step_00500 • [   0% ] waiting      2m11.0s   
step_00550 • [   0% ] waiting      2m41.0s   
step_00600 • [   0% ] waiting      3m11.0s   
step_00650 • [   0% ] waiting      3m41.0s   
step_00700 • [   0% ] waiting      4m11.0s   
step_00750 • [   0% ] waiting      4m41.0s   
step_00800 • [   0% ] waiting      5m11.0s   
step_00850 • [   0% ] waiting      5m41.0s   
step_00900 • [   0% ] waiting      6m11.0s   
step_00950 • [   0% ] waiting      6m41.0s   
step_01000 • [   0% ] waiting      7m11.0s   

running (02m20.0s), 0001/0446 VUs, 19934 complete and 0 interrupted iterations
step_00050 ✓ [ 100% ] 000/020 VUs  30s        50.00 iters/s
step_00100 ✓ [ 100% ] 000/020 VUs  30s        100.00 iters/s
step_00150 ✓ [ 100% ] 000/030 VUs  30s        150.00 iters/s
step_00200 ✓ [ 100% ] 000/040 VUs  30s        200.00 iters/s
step_00250   [  67% ] 001/106 VUs  20.0s/30s  250.00 iters/s
step_00300 • [   0% ] waiting      0m10.0s   
step_00350 • [   0% ] waiting      0m40.0s   
step_00400 • [   0% ] waiting      1m10.0s   
step_00450 • [   0% ] waiting      1m40.0s   
step_00500 • [   0% ] waiting      2m10.0s   
step_00550 • [   0% ] waiting      2m40.0s   
step_00600 • [   0% ] waiting      3m10.0s   
step_00650 • [   0% ] waiting      3m40.0s   
step_00700 • [   0% ] waiting      4m10.0s   
step_00750 • [   0% ] waiting      4m40.0s   
step_00800 • [   0% ] waiting      5m10.0s   
step_00850 • [   0% ] waiting      5m40.0s   
step_00900 • [   0% ] waiting      6m10.0s   
step_00950 • [   0% ] waiting      6m40.0s   
step_01000 • [   0% ] waiting      7m10.0s   

running (02m21.0s), 0001/0446 VUs, 20184 complete and 0 interrupted iterations
step_00050 ✓ [ 100% ] 000/020 VUs  30s        50.00 iters/s
step_00100 ✓ [ 100% ] 000/020 VUs  30s        100.00 iters/s
step_00150 ✓ [ 100% ] 000/030 VUs  30s        150.00 iters/s
step_00200 ✓ [ 100% ] 000/040 VUs  30s        200.00 iters/s
step_00250   [  70% ] 001/106 VUs  21.0s/30s  250.00 iters/s
step_00300 • [   0% ] waiting      0m09.0s   
step_00350 • [   0% ] waiting      0m39.0s   
step_00400 • [   0% ] waiting      1m09.0s   
step_00450 • [   0% ] waiting      1m39.0s   
step_00500 • [   0% ] waiting      2m09.0s   
step_00550 • [   0% ] waiting      2m39.0s   
step_00600 • [   0% ] waiting      3m09.0s   
step_00650 • [   0% ] waiting      3m39.0s   
step_00700 • [   0% ] waiting      4m09.0s   
step_00750 • [   0% ] waiting      4m39.0s   
step_00800 • [   0% ] waiting      5m09.0s   
step_00850 • [   0% ] waiting      5m39.0s   
step_00900 • [   0% ] waiting      6m09.0s   
step_00950 • [   0% ] waiting      6m39.0s   
step_01000 • [   0% ] waiting      7m09.0s   

running (02m22.0s), 0001/0446 VUs, 20434 complete and 0 interrupted iterations
step_00050 ✓ [ 100% ] 000/020 VUs  30s        50.00 iters/s
step_00100 ✓ [ 100% ] 000/020 VUs  30s        100.00 iters/s
step_00150 ✓ [ 100% ] 000/030 VUs  30s        150.00 iters/s
step_00200 ✓ [ 100% ] 000/040 VUs  30s        200.00 iters/s
step_00250   [  73% ] 001/106 VUs  22.0s/30s  250.00 iters/s
step_00300 • [   0% ] waiting      0m08.0s   
step_00350 • [   0% ] waiting      0m38.0s   
step_00400 • [   0% ] waiting      1m08.0s   
step_00450 • [   0% ] waiting      1m38.0s   
step_00500 • [   0% ] waiting      2m08.0s   
step_00550 • [   0% ] waiting      2m38.0s   
step_00600 • [   0% ] waiting      3m08.0s   
step_00650 • [   0% ] waiting      3m38.0s   
step_00700 • [   0% ] waiting      4m08.0s   
step_00750 • [   0% ] waiting      4m38.0s   
step_00800 • [   0% ] waiting      5m08.0s   
step_00850 • [   0% ] waiting      5m38.0s   
step_00900 • [   0% ] waiting      6m08.0s   
step_00950 • [   0% ] waiting      6m38.0s   
step_01000 • [   0% ] waiting      7m08.0s   

running (02m23.0s), 0001/0446 VUs, 20684 complete and 0 interrupted iterations
step_00050 ✓ [ 100% ] 000/020 VUs  30s        50.00 iters/s
step_00100 ✓ [ 100% ] 000/020 VUs  30s        100.00 iters/s
step_00150 ✓ [ 100% ] 000/030 VUs  30s        150.00 iters/s
step_00200 ✓ [ 100% ] 000/040 VUs  30s        200.00 iters/s
step_00250   [  77% ] 001/106 VUs  23.0s/30s  250.00 iters/s
step_00300 • [   0% ] waiting      0m07.0s   
step_00350 • [   0% ] waiting      0m37.0s   
step_00400 • [   0% ] waiting      1m07.0s   
step_00450 • [   0% ] waiting      1m37.0s   
step_00500 • [   0% ] waiting      2m07.0s   
step_00550 • [   0% ] waiting      2m37.0s   
step_00600 • [   0% ] waiting      3m07.0s   
step_00650 • [   0% ] waiting      3m37.0s   
step_00700 • [   0% ] waiting      4m07.0s   
step_00750 • [   0% ] waiting      4m37.0s   
step_00800 • [   0% ] waiting      5m07.0s   
step_00850 • [   0% ] waiting      5m37.0s   
step_00900 • [   0% ] waiting      6m07.0s   
step_00950 • [   0% ] waiting      6m37.0s   
step_01000 • [   0% ] waiting      7m07.0s   

running (02m24.0s), 0001/0446 VUs, 20934 complete and 0 interrupted iterations
step_00050 ✓ [ 100% ] 000/020 VUs  30s        50.00 iters/s
step_00100 ✓ [ 100% ] 000/020 VUs  30s        100.00 iters/s
step_00150 ✓ [ 100% ] 000/030 VUs  30s        150.00 iters/s
step_00200 ✓ [ 100% ] 000/040 VUs  30s        200.00 iters/s
step_00250   [  80% ] 001/106 VUs  24.0s/30s  250.00 iters/s
step_00300 • [   0% ] waiting      0m06.0s   
step_00350 • [   0% ] waiting      0m36.0s   
step_00400 • [   0% ] waiting      1m06.0s   
step_00450 • [   0% ] waiting      1m36.0s   
step_00500 • [   0% ] waiting      2m06.0s   
step_00550 • [   0% ] waiting      2m36.0s   
step_00600 • [   0% ] waiting      3m06.0s   
step_00650 • [   0% ] waiting      3m36.0s   
step_00700 • [   0% ] waiting      4m06.0s   
step_00750 • [   0% ] waiting      4m36.0s   
step_00800 • [   0% ] waiting      5m06.0s   
step_00850 • [   0% ] waiting      5m36.0s   
step_00900 • [   0% ] waiting      6m06.0s   
step_00950 • [   0% ] waiting      6m36.0s   
step_01000 • [   0% ] waiting      7m06.0s   

running (02m25.0s), 0001/0446 VUs, 21184 complete and 0 interrupted iterations
step_00050 ✓ [ 100% ] 000/020 VUs  30s        50.00 iters/s
step_00100 ✓ [ 100% ] 000/020 VUs  30s        100.00 iters/s
step_00150 ✓ [ 100% ] 000/030 VUs  30s        150.00 iters/s
step_00200 ✓ [ 100% ] 000/040 VUs  30s        200.00 iters/s
step_00250   [  83% ] 001/106 VUs  25.0s/30s  250.00 iters/s
step_00300 • [   0% ] waiting      0m05.0s   
step_00350 • [   0% ] waiting      0m35.0s   
step_00400 • [   0% ] waiting      1m05.0s   
step_00450 • [   0% ] waiting      1m35.0s   
step_00500 • [   0% ] waiting      2m05.0s   
step_00550 • [   0% ] waiting      2m35.0s   
step_00600 • [   0% ] waiting      3m05.0s   
step_00650 • [   0% ] waiting      3m35.0s   
step_00700 • [   0% ] waiting      4m05.0s   
step_00750 • [   0% ] waiting      4m35.0s   
step_00800 • [   0% ] waiting      5m05.0s   
step_00850 • [   0% ] waiting      5m35.0s   
step_00900 • [   0% ] waiting      6m05.0s   
step_00950 • [   0% ] waiting      6m35.0s   
step_01000 • [   0% ] waiting      7m05.0s   

running (02m26.0s), 0002/0446 VUs, 21433 complete and 0 interrupted iterations
step_00050 ✓ [ 100% ] 000/020 VUs  30s        50.00 iters/s
step_00100 ✓ [ 100% ] 000/020 VUs  30s        100.00 iters/s
step_00150 ✓ [ 100% ] 000/030 VUs  30s        150.00 iters/s
step_00200 ✓ [ 100% ] 000/040 VUs  30s        200.00 iters/s
step_00250   [  87% ] 002/106 VUs  26.0s/30s  250.00 iters/s
step_00300 • [   0% ] waiting      0m04.0s   
step_00350 • [   0% ] waiting      0m34.0s   
step_00400 • [   0% ] waiting      1m04.0s   
step_00450 • [   0% ] waiting      1m34.0s   
step_00500 • [   0% ] waiting      2m04.0s   
step_00550 • [   0% ] waiting      2m34.0s   
step_00600 • [   0% ] waiting      3m04.0s   
step_00650 • [   0% ] waiting      3m34.0s   
step_00700 • [   0% ] waiting      4m04.0s   
step_00750 • [   0% ] waiting      4m34.0s   
step_00800 • [   0% ] waiting      5m04.0s   
step_00850 • [   0% ] waiting      5m34.0s   
step_00900 • [   0% ] waiting      6m04.0s   
step_00950 • [   0% ] waiting      6m34.0s   
step_01000 • [   0% ] waiting      7m04.0s   

running (02m27.0s), 0001/0446 VUs, 21684 complete and 0 interrupted iterations
step_00050 ✓ [ 100% ] 000/020 VUs  30s        50.00 iters/s
step_00100 ✓ [ 100% ] 000/020 VUs  30s        100.00 iters/s
step_00150 ✓ [ 100% ] 000/030 VUs  30s        150.00 iters/s
step_00200 ✓ [ 100% ] 000/040 VUs  30s        200.00 iters/s
step_00250   [  90% ] 001/106 VUs  27.0s/30s  250.00 iters/s
step_00300 • [   0% ] waiting      0m03.0s   
step_00350 • [   0% ] waiting      0m33.0s   
step_00400 • [   0% ] waiting      1m03.0s   
step_00450 • [   0% ] waiting      1m33.0s   
step_00500 • [   0% ] waiting      2m03.0s   
step_00550 • [   0% ] waiting      2m33.0s   
step_00600 • [   0% ] waiting      3m03.0s   
step_00650 • [   0% ] waiting      3m33.0s   
step_00700 • [   0% ] waiting      4m03.0s   
step_00750 • [   0% ] waiting      4m33.0s   
step_00800 • [   0% ] waiting      5m03.0s   
step_00850 • [   0% ] waiting      5m33.0s   
step_00900 • [   0% ] waiting      6m03.0s   
step_00950 • [   0% ] waiting      6m33.0s   
step_01000 • [   0% ] waiting      7m03.0s   

running (02m28.0s), 0001/0446 VUs, 21934 complete and 0 interrupted iterations
step_00050 ✓ [ 100% ] 000/020 VUs  30s        50.00 iters/s
step_00100 ✓ [ 100% ] 000/020 VUs  30s        100.00 iters/s
step_00150 ✓ [ 100% ] 000/030 VUs  30s        150.00 iters/s
step_00200 ✓ [ 100% ] 000/040 VUs  30s        200.00 iters/s
step_00250   [  93% ] 001/106 VUs  28.0s/30s  250.00 iters/s
step_00300 • [   0% ] waiting      0m02.0s   
step_00350 • [   0% ] waiting      0m32.0s   
step_00400 • [   0% ] waiting      1m02.0s   
step_00450 • [   0% ] waiting      1m32.0s   
step_00500 • [   0% ] waiting      2m02.0s   
step_00550 • [   0% ] waiting      2m32.0s   
step_00600 • [   0% ] waiting      3m02.0s   
step_00650 • [   0% ] waiting      3m32.0s   
step_00700 • [   0% ] waiting      4m02.0s   
step_00750 • [   0% ] waiting      4m32.0s   
step_00800 • [   0% ] waiting      5m02.0s   
step_00850 • [   0% ] waiting      5m32.0s   
step_00900 • [   0% ] waiting      6m02.0s   
step_00950 • [   0% ] waiting      6m32.0s   
step_01000 • [   0% ] waiting      7m02.0s   

running (02m29.0s), 0001/0446 VUs, 22184 complete and 0 interrupted iterations
step_00050 ✓ [ 100% ] 000/020 VUs  30s        50.00 iters/s
step_00100 ✓ [ 100% ] 000/020 VUs  30s        100.00 iters/s
step_00150 ✓ [ 100% ] 000/030 VUs  30s        150.00 iters/s
step_00200 ✓ [ 100% ] 000/040 VUs  30s        200.00 iters/s
step_00250   [  97% ] 001/106 VUs  29.0s/30s  250.00 iters/s
step_00300 • [   0% ] waiting      0m01.0s   
step_00350 • [   0% ] waiting      0m31.0s   
step_00400 • [   0% ] waiting      1m01.0s   
step_00450 • [   0% ] waiting      1m31.0s   
step_00500 • [   0% ] waiting      2m01.0s   
step_00550 • [   0% ] waiting      2m31.0s   
step_00600 • [   0% ] waiting      3m01.0s   
step_00650 • [   0% ] waiting      3m31.0s   
step_00700 • [   0% ] waiting      4m01.0s   
step_00750 • [   0% ] waiting      4m31.0s   
step_00800 • [   0% ] waiting      5m01.0s   
step_00850 • [   0% ] waiting      5m31.0s   
step_00900 • [   0% ] waiting      6m01.0s   
step_00950 • [   0% ] waiting      6m31.0s   
step_01000 • [   0% ] waiting      7m01.0s   

running (02m30.0s), 0001/0446 VUs, 22434 complete and 0 interrupted iterations
step_00050 ✓ [ 100% ] 000/020 VUs  30s        50.00 iters/s
step_00100 ✓ [ 100% ] 000/020 VUs  30s        100.00 iters/s
step_00150 ✓ [ 100% ] 000/030 VUs  30s        150.00 iters/s
step_00200 ✓ [ 100% ] 000/040 VUs  30s        200.00 iters/s
step_00250   [ 100% ] 001/106 VUs  30.0s/30s  250.00 iters/s
step_00300 • [   0% ] waiting      0m00.0s   
step_00350 • [   0% ] waiting      0m30.0s   
step_00400 • [   0% ] waiting      1m00.0s   
step_00450 • [   0% ] waiting      1m30.0s   
step_00500 • [   0% ] waiting      2m00.0s   
step_00550 • [   0% ] waiting      2m30.0s   
step_00600 • [   0% ] waiting      3m00.0s   
step_00650 • [   0% ] waiting      3m30.0s   
step_00700 • [   0% ] waiting      4m00.0s   
step_00750 • [   0% ] waiting      4m30.0s   
step_00800 • [   0% ] waiting      5m00.0s   
step_00850 • [   0% ] waiting      5m30.0s   
step_00900 • [   0% ] waiting      6m00.0s   
step_00950 • [   0% ] waiting      6m30.0s   
step_01000 • [   0% ] waiting      7m00.0s   

running (02m31.0s), 0001/0446 VUs, 22733 complete and 0 interrupted iterations
step_00050 ✓ [ 100% ] 000/020 VUs  30s        50.00 iters/s
step_00100 ✓ [ 100% ] 000/020 VUs  30s        100.00 iters/s
step_00150 ✓ [ 100% ] 000/030 VUs  30s        150.00 iters/s
step_00200 ✓ [ 100% ] 000/040 VUs  30s        200.00 iters/s
step_00250 ✓ [ 100% ] 000/106 VUs  30s        250.00 iters/s
step_00300   [   3% ] 001/060 VUs  01.0s/30s  300.00 iters/s
step_00350 • [   0% ] waiting      0m29.0s   
step_00400 • [   0% ] waiting      0m59.0s   
step_00450 • [   0% ] waiting      1m29.0s   
step_00500 • [   0% ] waiting      1m59.0s   
step_00550 • [   0% ] waiting      2m29.0s   
step_00600 • [   0% ] waiting      2m59.0s   
step_00650 • [   0% ] waiting      3m29.0s   
step_00700 • [   0% ] waiting      3m59.0s   
step_00750 • [   0% ] waiting      4m29.0s   
step_00800 • [   0% ] waiting      4m59.0s   
step_00850 • [   0% ] waiting      5m29.0s   
step_00900 • [   0% ] waiting      5m59.0s   
step_00950 • [   0% ] waiting      6m29.0s   
step_01000 • [   0% ] waiting      6m59.0s   

running (02m32.0s), 0001/0446 VUs, 23033 complete and 0 interrupted iterations
step_00050 ✓ [ 100% ] 000/020 VUs  30s        50.00 iters/s
step_00100 ✓ [ 100% ] 000/020 VUs  30s        100.00 iters/s
step_00150 ✓ [ 100% ] 000/030 VUs  30s        150.00 iters/s
step_00200 ✓ [ 100% ] 000/040 VUs  30s        200.00 iters/s
step_00250 ✓ [ 100% ] 000/106 VUs  30s        250.00 iters/s
step_00300   [   7% ] 001/060 VUs  02.0s/30s  300.00 iters/s
step_00350 • [   0% ] waiting      0m28.0s   
step_00400 • [   0% ] waiting      0m58.0s   
step_00450 • [   0% ] waiting      1m28.0s   
step_00500 • [   0% ] waiting      1m58.0s   
step_00550 • [   0% ] waiting      2m28.0s   
step_00600 • [   0% ] waiting      2m58.0s   
step_00650 • [   0% ] waiting      3m28.0s   
step_00700 • [   0% ] waiting      3m58.0s   
step_00750 • [   0% ] waiting      4m28.0s   
step_00800 • [   0% ] waiting      4m58.0s   
step_00850 • [   0% ] waiting      5m28.0s   
step_00900 • [   0% ] waiting      5m58.0s   
step_00950 • [   0% ] waiting      6m28.0s   
step_01000 • [   0% ] waiting      6m58.0s   

running (02m33.0s), 0002/0446 VUs, 23332 complete and 0 interrupted iterations
step_00050 ✓ [ 100% ] 000/020 VUs  30s        50.00 iters/s
step_00100 ✓ [ 100% ] 000/020 VUs  30s        100.00 iters/s
step_00150 ✓ [ 100% ] 000/030 VUs  30s        150.00 iters/s
step_00200 ✓ [ 100% ] 000/040 VUs  30s        200.00 iters/s
step_00250 ✓ [ 100% ] 000/106 VUs  30s        250.00 iters/s
step_00300   [  10% ] 002/060 VUs  03.0s/30s  300.00 iters/s
step_00350 • [   0% ] waiting      0m27.0s   
step_00400 • [   0% ] waiting      0m57.0s   
step_00450 • [   0% ] waiting      1m27.0s   
step_00500 • [   0% ] waiting      1m57.0s   
step_00550 • [   0% ] waiting      2m27.0s   
step_00600 • [   0% ] waiting      2m57.0s   
step_00650 • [   0% ] waiting      3m27.0s   
step_00700 • [   0% ] waiting      3m57.0s   
step_00750 • [   0% ] waiting      4m27.0s   
step_00800 • [   0% ] waiting      4m57.0s   
step_00850 • [   0% ] waiting      5m27.0s   
step_00900 • [   0% ] waiting      5m57.0s   
step_00950 • [   0% ] waiting      6m27.0s   
step_01000 • [   0% ] waiting      6m57.0s   

running (02m34.0s), 0001/0446 VUs, 23633 complete and 0 interrupted iterations
step_00050 ✓ [ 100% ] 000/020 VUs  30s        50.00 iters/s
step_00100 ✓ [ 100% ] 000/020 VUs  30s        100.00 iters/s
step_00150 ✓ [ 100% ] 000/030 VUs  30s        150.00 iters/s
step_00200 ✓ [ 100% ] 000/040 VUs  30s        200.00 iters/s
step_00250 ✓ [ 100% ] 000/106 VUs  30s        250.00 iters/s
step_00300   [  13% ] 001/060 VUs  04.0s/30s  300.00 iters/s
step_00350 • [   0% ] waiting      0m26.0s   
step_00400 • [   0% ] waiting      0m56.0s   
step_00450 • [   0% ] waiting      1m26.0s   
step_00500 • [   0% ] waiting      1m56.0s   
step_00550 • [   0% ] waiting      2m26.0s   
step_00600 • [   0% ] waiting      2m56.0s   
step_00650 • [   0% ] waiting      3m26.0s   
step_00700 • [   0% ] waiting      3m56.0s   
step_00750 • [   0% ] waiting      4m26.0s   
step_00800 • [   0% ] waiting      4m56.0s   
step_00850 • [   0% ] waiting      5m26.0s   
step_00900 • [   0% ] waiting      5m56.0s   
step_00950 • [   0% ] waiting      6m26.0s   
step_01000 • [   0% ] waiting      6m56.0s   

running (02m35.0s), 0001/0446 VUs, 23932 complete and 0 interrupted iterations
step_00050 ✓ [ 100% ] 000/020 VUs  30s        50.00 iters/s
step_00100 ✓ [ 100% ] 000/020 VUs  30s        100.00 iters/s
step_00150 ✓ [ 100% ] 000/030 VUs  30s        150.00 iters/s
step_00200 ✓ [ 100% ] 000/040 VUs  30s        200.00 iters/s
step_00250 ✓ [ 100% ] 000/106 VUs  30s        250.00 iters/s
step_00300   [  17% ] 002/060 VUs  05.0s/30s  300.00 iters/s
step_00350 • [   0% ] waiting      0m25.0s   
step_00400 • [   0% ] waiting      0m55.0s   
step_00450 • [   0% ] waiting      1m25.0s   
step_00500 • [   0% ] waiting      1m55.0s   
step_00550 • [   0% ] waiting      2m25.0s   
step_00600 • [   0% ] waiting      2m55.0s   
step_00650 • [   0% ] waiting      3m25.0s   
step_00700 • [   0% ] waiting      3m55.0s   
step_00750 • [   0% ] waiting      4m25.0s   
step_00800 • [   0% ] waiting      4m55.0s   
step_00850 • [   0% ] waiting      5m25.0s   
step_00900 • [   0% ] waiting      5m55.0s   
step_00950 • [   0% ] waiting      6m25.0s   
step_01000 • [   0% ] waiting      6m55.0s   

running (02m36.0s), 0001/0446 VUs, 24233 complete and 0 interrupted iterations
step_00050 ✓ [ 100% ] 000/020 VUs  30s        50.00 iters/s
step_00100 ✓ [ 100% ] 000/020 VUs  30s        100.00 iters/s
step_00150 ✓ [ 100% ] 000/030 VUs  30s        150.00 iters/s
step_00200 ✓ [ 100% ] 000/040 VUs  30s        200.00 iters/s
step_00250 ✓ [ 100% ] 000/106 VUs  30s        250.00 iters/s
step_00300   [  20% ] 001/060 VUs  06.0s/30s  300.00 iters/s
step_00350 • [   0% ] waiting      0m24.0s   
step_00400 • [   0% ] waiting      0m54.0s   
step_00450 • [   0% ] waiting      1m24.0s   
step_00500 • [   0% ] waiting      1m54.0s   
step_00550 • [   0% ] waiting      2m24.0s   
step_00600 • [   0% ] waiting      2m54.0s   
step_00650 • [   0% ] waiting      3m24.0s   
step_00700 • [   0% ] waiting      3m54.0s   
step_00750 • [   0% ] waiting      4m24.0s   
step_00800 • [   0% ] waiting      4m54.0s   
step_00850 • [   0% ] waiting      5m24.0s   
step_00900 • [   0% ] waiting      5m54.0s   
step_00950 • [   0% ] waiting      6m24.0s   
step_01000 • [   0% ] waiting      6m54.0s   

running (02m37.0s), 0001/0446 VUs, 24533 complete and 0 interrupted iterations
step_00050 ✓ [ 100% ] 000/020 VUs  30s        50.00 iters/s
step_00100 ✓ [ 100% ] 000/020 VUs  30s        100.00 iters/s
step_00150 ✓ [ 100% ] 000/030 VUs  30s        150.00 iters/s
step_00200 ✓ [ 100% ] 000/040 VUs  30s        200.00 iters/s
step_00250 ✓ [ 100% ] 000/106 VUs  30s        250.00 iters/s
step_00300   [  23% ] 001/060 VUs  07.0s/30s  300.00 iters/s
step_00350 • [   0% ] waiting      0m23.0s   
step_00400 • [   0% ] waiting      0m53.0s   
step_00450 • [   0% ] waiting      1m23.0s   
step_00500 • [   0% ] waiting      1m53.0s   
step_00550 • [   0% ] waiting      2m23.0s   
step_00600 • [   0% ] waiting      2m53.0s   
step_00650 • [   0% ] waiting      3m23.0s   
step_00700 • [   0% ] waiting      3m53.0s   
step_00750 • [   0% ] waiting      4m23.0s   
step_00800 • [   0% ] waiting      4m53.0s   
step_00850 • [   0% ] waiting      5m23.0s   
step_00900 • [   0% ] waiting      5m53.0s   
step_00950 • [   0% ] waiting      6m23.0s   
step_01000 • [   0% ] waiting      6m53.0s   

running (02m38.0s), 0000/0446 VUs, 24833 complete and 0 interrupted iterations
step_00050 ✓ [ 100% ] 000/020 VUs  30s        50.00 iters/s
step_00100 ✓ [ 100% ] 000/020 VUs  30s        100.00 iters/s
step_00150 ✓ [ 100% ] 000/030 VUs  30s        150.00 iters/s
step_00200 ✓ [ 100% ] 000/040 VUs  30s        200.00 iters/s
step_00250 ✓ [ 100% ] 000/106 VUs  30s        250.00 iters/s
step_00300   [  27% ] 000/060 VUs  08.0s/30s  300.00 iters/s
step_00350 • [   0% ] waiting      0m22.0s   
step_00400 • [   0% ] waiting      0m52.0s   
step_00450 • [   0% ] waiting      1m22.0s   
step_00500 • [   0% ] waiting      1m52.0s   
step_00550 • [   0% ] waiting      2m22.0s   
step_00600 • [   0% ] waiting      2m52.0s   
step_00650 • [   0% ] waiting      3m22.0s   
step_00700 • [   0% ] waiting      3m52.0s   
step_00750 • [   0% ] waiting      4m22.0s   
step_00800 • [   0% ] waiting      4m52.0s   
step_00850 • [   0% ] waiting      5m22.0s   
step_00900 • [   0% ] waiting      5m52.0s   
step_00950 • [   0% ] waiting      6m22.0s   
step_01000 • [   0% ] waiting      6m52.0s   

running (02m39.0s), 0001/0446 VUs, 25132 complete and 0 interrupted iterations
step_00050 ✓ [ 100% ] 000/020 VUs  30s        50.00 iters/s
step_00100 ✓ [ 100% ] 000/020 VUs  30s        100.00 iters/s
step_00150 ✓ [ 100% ] 000/030 VUs  30s        150.00 iters/s
step_00200 ✓ [ 100% ] 000/040 VUs  30s        200.00 iters/s
step_00250 ✓ [ 100% ] 000/106 VUs  30s        250.00 iters/s
step_00300   [  30% ] 001/060 VUs  09.0s/30s  300.00 iters/s
step_00350 • [   0% ] waiting      0m21.0s   
step_00400 • [   0% ] waiting      0m51.0s   
step_00450 • [   0% ] waiting      1m21.0s   
step_00500 • [   0% ] waiting      1m51.0s   
step_00550 • [   0% ] waiting      2m21.0s   
step_00600 • [   0% ] waiting      2m51.0s   
step_00650 • [   0% ] waiting      3m21.0s   
step_00700 • [   0% ] waiting      3m51.0s   
step_00750 • [   0% ] waiting      4m21.0s   
step_00800 • [   0% ] waiting      4m51.0s   
step_00850 • [   0% ] waiting      5m21.0s   
step_00900 • [   0% ] waiting      5m51.0s   
step_00950 • [   0% ] waiting      6m21.0s   
step_01000 • [   0% ] waiting      6m51.0s   

running (02m40.0s), 0001/0446 VUs, 25433 complete and 0 interrupted iterations
step_00050 ✓ [ 100% ] 000/020 VUs  30s        50.00 iters/s
step_00100 ✓ [ 100% ] 000/020 VUs  30s        100.00 iters/s
step_00150 ✓ [ 100% ] 000/030 VUs  30s        150.00 iters/s
step_00200 ✓ [ 100% ] 000/040 VUs  30s        200.00 iters/s
step_00250 ✓ [ 100% ] 000/106 VUs  30s        250.00 iters/s
step_00300   [  33% ] 001/060 VUs  10.0s/30s  300.00 iters/s
step_00350 • [   0% ] waiting      0m20.0s   
step_00400 • [   0% ] waiting      0m50.0s   
step_00450 • [   0% ] waiting      1m20.0s   
step_00500 • [   0% ] waiting      1m50.0s   
step_00550 • [   0% ] waiting      2m20.0s   
step_00600 • [   0% ] waiting      2m50.0s   
step_00650 • [   0% ] waiting      3m20.0s   
step_00700 • [   0% ] waiting      3m50.0s   
step_00750 • [   0% ] waiting      4m20.0s   
step_00800 • [   0% ] waiting      4m50.0s   
step_00850 • [   0% ] waiting      5m20.0s   
step_00900 • [   0% ] waiting      5m50.0s   
step_00950 • [   0% ] waiting      6m20.0s   
step_01000 • [   0% ] waiting      6m50.0s   

running (02m41.0s), 0001/0446 VUs, 25733 complete and 0 interrupted iterations
step_00050 ✓ [ 100% ] 000/020 VUs  30s        50.00 iters/s
step_00100 ✓ [ 100% ] 000/020 VUs  30s        100.00 iters/s
step_00150 ✓ [ 100% ] 000/030 VUs  30s        150.00 iters/s
step_00200 ✓ [ 100% ] 000/040 VUs  30s        200.00 iters/s
step_00250 ✓ [ 100% ] 000/106 VUs  30s        250.00 iters/s
step_00300   [  37% ] 001/060 VUs  11.0s/30s  300.00 iters/s
step_00350 • [   0% ] waiting      0m19.0s   
step_00400 • [   0% ] waiting      0m49.0s   
step_00450 • [   0% ] waiting      1m19.0s   
step_00500 • [   0% ] waiting      1m49.0s   
step_00550 • [   0% ] waiting      2m19.0s   
step_00600 • [   0% ] waiting      2m49.0s   
step_00650 • [   0% ] waiting      3m19.0s   
step_00700 • [   0% ] waiting      3m49.0s   
step_00750 • [   0% ] waiting      4m19.0s   
step_00800 • [   0% ] waiting      4m49.0s   
step_00850 • [   0% ] waiting      5m19.0s   
step_00900 • [   0% ] waiting      5m49.0s   
step_00950 • [   0% ] waiting      6m19.0s   
step_01000 • [   0% ] waiting      6m49.0s   

running (02m42.0s), 0000/0446 VUs, 26033 complete and 0 interrupted iterations
step_00050 ✓ [ 100% ] 000/020 VUs  30s        50.00 iters/s
step_00100 ✓ [ 100% ] 000/020 VUs  30s        100.00 iters/s
step_00150 ✓ [ 100% ] 000/030 VUs  30s        150.00 iters/s
step_00200 ✓ [ 100% ] 000/040 VUs  30s        200.00 iters/s
step_00250 ✓ [ 100% ] 000/106 VUs  30s        250.00 iters/s
step_00300   [  40% ] 001/060 VUs  12.0s/30s  300.00 iters/s
step_00350 • [   0% ] waiting      0m18.0s   
step_00400 • [   0% ] waiting      0m48.0s   
step_00450 • [   0% ] waiting      1m18.0s   
step_00500 • [   0% ] waiting      1m48.0s   
step_00550 • [   0% ] waiting      2m18.0s   
step_00600 • [   0% ] waiting      2m48.0s   
step_00650 • [   0% ] waiting      3m18.0s   
step_00700 • [   0% ] waiting      3m48.0s   
step_00750 • [   0% ] waiting      4m18.0s   
step_00800 • [   0% ] waiting      4m48.0s   
step_00850 • [   0% ] waiting      5m18.0s   
step_00900 • [   0% ] waiting      5m48.0s   
step_00950 • [   0% ] waiting      6m18.0s   
step_01000 • [   0% ] waiting      6m48.0s   

running (02m43.0s), 0001/0446 VUs, 26332 complete and 0 interrupted iterations
step_00050 ✓ [ 100% ] 000/020 VUs  30s        50.00 iters/s
step_00100 ✓ [ 100% ] 000/020 VUs  30s        100.00 iters/s
step_00150 ✓ [ 100% ] 000/030 VUs  30s        150.00 iters/s
step_00200 ✓ [ 100% ] 000/040 VUs  30s        200.00 iters/s
step_00250 ✓ [ 100% ] 000/106 VUs  30s        250.00 iters/s
step_00300   [  43% ] 001/060 VUs  13.0s/30s  300.00 iters/s
step_00350 • [   0% ] waiting      0m17.0s   
step_00400 • [   0% ] waiting      0m47.0s   
step_00450 • [   0% ] waiting      1m17.0s   
step_00500 • [   0% ] waiting      1m47.0s   
step_00550 • [   0% ] waiting      2m17.0s   
step_00600 • [   0% ] waiting      2m47.0s   
step_00650 • [   0% ] waiting      3m17.0s   
step_00700 • [   0% ] waiting      3m47.0s   
step_00750 • [   0% ] waiting      4m17.0s   
step_00800 • [   0% ] waiting      4m47.0s   
step_00850 • [   0% ] waiting      5m17.0s   
step_00900 • [   0% ] waiting      5m47.0s   
step_00950 • [   0% ] waiting      6m17.0s   
step_01000 • [   0% ] waiting      6m47.0s   

running (02m44.0s), 0012/0446 VUs, 26622 complete and 0 interrupted iterations
step_00050 ✓ [ 100% ] 000/020 VUs  30s        50.00 iters/s
step_00100 ✓ [ 100% ] 000/020 VUs  30s        100.00 iters/s
step_00150 ✓ [ 100% ] 000/030 VUs  30s        150.00 iters/s
step_00200 ✓ [ 100% ] 000/040 VUs  30s        200.00 iters/s
step_00250 ✓ [ 100% ] 000/106 VUs  30s        250.00 iters/s
step_00300   [  47% ] 012/060 VUs  14.0s/30s  300.00 iters/s
step_00350 • [   0% ] waiting      0m16.0s   
step_00400 • [   0% ] waiting      0m46.0s   
step_00450 • [   0% ] waiting      1m16.0s   
step_00500 • [   0% ] waiting      1m46.0s   
step_00550 • [   0% ] waiting      2m16.0s   
step_00600 • [   0% ] waiting      2m46.0s   
step_00650 • [   0% ] waiting      3m16.0s   
step_00700 • [   0% ] waiting      3m46.0s   
step_00750 • [   0% ] waiting      4m16.0s   
step_00800 • [   0% ] waiting      4m46.0s   
step_00850 • [   0% ] waiting      5m16.0s   
step_00900 • [   0% ] waiting      5m46.0s   
step_00950 • [   0% ] waiting      6m16.0s   
step_01000 • [   0% ] waiting      6m46.0s   

running (02m45.0s), 0002/0446 VUs, 26932 complete and 0 interrupted iterations
step_00050 ✓ [ 100% ] 000/020 VUs  30s        50.00 iters/s
step_00100 ✓ [ 100% ] 000/020 VUs  30s        100.00 iters/s
step_00150 ✓ [ 100% ] 000/030 VUs  30s        150.00 iters/s
step_00200 ✓ [ 100% ] 000/040 VUs  30s        200.00 iters/s
step_00250 ✓ [ 100% ] 000/106 VUs  30s        250.00 iters/s
step_00300   [  50% ] 002/060 VUs  15.0s/30s  300.00 iters/s
step_00350 • [   0% ] waiting      0m15.0s   
step_00400 • [   0% ] waiting      0m45.0s   
step_00450 • [   0% ] waiting      1m15.0s   
step_00500 • [   0% ] waiting      1m45.0s   
step_00550 • [   0% ] waiting      2m15.0s   
step_00600 • [   0% ] waiting      2m45.0s   
step_00650 • [   0% ] waiting      3m15.0s   
step_00700 • [   0% ] waiting      3m45.0s   
step_00750 • [   0% ] waiting      4m15.0s   
step_00800 • [   0% ] waiting      4m45.0s   
step_00850 • [   0% ] waiting      5m15.0s   
step_00900 • [   0% ] waiting      5m45.0s   
step_00950 • [   0% ] waiting      6m15.0s   
step_01000 • [   0% ] waiting      6m45.0s   

running (02m46.0s), 0002/0446 VUs, 27232 complete and 0 interrupted iterations
step_00050 ✓ [ 100% ] 000/020 VUs  30s        50.00 iters/s
step_00100 ✓ [ 100% ] 000/020 VUs  30s        100.00 iters/s
step_00150 ✓ [ 100% ] 000/030 VUs  30s        150.00 iters/s
step_00200 ✓ [ 100% ] 000/040 VUs  30s        200.00 iters/s
step_00250 ✓ [ 100% ] 000/106 VUs  30s        250.00 iters/s
step_00300   [  53% ] 002/060 VUs  16.0s/30s  300.00 iters/s
step_00350 • [   0% ] waiting      0m14.0s   
step_00400 • [   0% ] waiting      0m44.0s   
step_00450 • [   0% ] waiting      1m14.0s   
step_00500 • [   0% ] waiting      1m44.0s   
step_00550 • [   0% ] waiting      2m14.0s   
step_00600 • [   0% ] waiting      2m44.0s   
step_00650 • [   0% ] waiting      3m14.0s   
step_00700 • [   0% ] waiting      3m44.0s   
step_00750 • [   0% ] waiting      4m14.0s   
step_00800 • [   0% ] waiting      4m44.0s   
step_00850 • [   0% ] waiting      5m14.0s   
step_00900 • [   0% ] waiting      5m44.0s   
step_00950 • [   0% ] waiting      6m14.0s   
step_01000 • [   0% ] waiting      6m44.0s   

running (02m47.0s), 0002/0446 VUs, 27532 complete and 0 interrupted iterations
step_00050 ✓ [ 100% ] 000/020 VUs  30s        50.00 iters/s
step_00100 ✓ [ 100% ] 000/020 VUs  30s        100.00 iters/s
step_00150 ✓ [ 100% ] 000/030 VUs  30s        150.00 iters/s
step_00200 ✓ [ 100% ] 000/040 VUs  30s        200.00 iters/s
step_00250 ✓ [ 100% ] 000/106 VUs  30s        250.00 iters/s
step_00300   [  57% ] 002/060 VUs  17.0s/30s  300.00 iters/s
step_00350 • [   0% ] waiting      0m13.0s   
step_00400 • [   0% ] waiting      0m43.0s   
step_00450 • [   0% ] waiting      1m13.0s   
step_00500 • [   0% ] waiting      1m43.0s   
step_00550 • [   0% ] waiting      2m13.0s   
step_00600 • [   0% ] waiting      2m43.0s   
step_00650 • [   0% ] waiting      3m13.0s   
step_00700 • [   0% ] waiting      3m43.0s   
step_00750 • [   0% ] waiting      4m13.0s   
step_00800 • [   0% ] waiting      4m43.0s   
step_00850 • [   0% ] waiting      5m13.0s   
step_00900 • [   0% ] waiting      5m43.0s   
step_00950 • [   0% ] waiting      6m13.0s   
step_01000 • [   0% ] waiting      6m43.0s   

running (02m48.0s), 0007/0446 VUs, 27827 complete and 0 interrupted iterations
step_00050 ✓ [ 100% ] 000/020 VUs  30s        50.00 iters/s
step_00100 ✓ [ 100% ] 000/020 VUs  30s        100.00 iters/s
step_00150 ✓ [ 100% ] 000/030 VUs  30s        150.00 iters/s
step_00200 ✓ [ 100% ] 000/040 VUs  30s        200.00 iters/s
step_00250 ✓ [ 100% ] 000/106 VUs  30s        250.00 iters/s
step_00300   [  60% ] 007/060 VUs  18.0s/30s  300.00 iters/s
step_00350 • [   0% ] waiting      0m12.0s   
step_00400 • [   0% ] waiting      0m42.0s   
step_00450 • [   0% ] waiting      1m12.0s   
step_00500 • [   0% ] waiting      1m42.0s   
step_00550 • [   0% ] waiting      2m12.0s   
step_00600 • [   0% ] waiting      2m42.0s   
step_00650 • [   0% ] waiting      3m12.0s   
step_00700 • [   0% ] waiting      3m42.0s   
step_00750 • [   0% ] waiting      4m12.0s   
step_00800 • [   0% ] waiting      4m42.0s   
step_00850 • [   0% ] waiting      5m12.0s   
step_00900 • [   0% ] waiting      5m42.0s   
step_00950 • [   0% ] waiting      6m12.0s   
step_01000 • [   0% ] waiting      6m42.0s   

running (02m49.0s), 0001/0446 VUs, 28132 complete and 0 interrupted iterations
step_00050 ✓ [ 100% ] 000/020 VUs  30s        50.00 iters/s
step_00100 ✓ [ 100% ] 000/020 VUs  30s        100.00 iters/s
step_00150 ✓ [ 100% ] 000/030 VUs  30s        150.00 iters/s
step_00200 ✓ [ 100% ] 000/040 VUs  30s        200.00 iters/s
step_00250 ✓ [ 100% ] 000/106 VUs  30s        250.00 iters/s
step_00300   [  63% ] 002/060 VUs  19.0s/30s  300.00 iters/s
step_00350 • [   0% ] waiting      0m11.0s   
step_00400 • [   0% ] waiting      0m41.0s   
step_00450 • [   0% ] waiting      1m11.0s   
step_00500 • [   0% ] waiting      1m41.0s   
step_00550 • [   0% ] waiting      2m11.0s   
step_00600 • [   0% ] waiting      2m41.0s   
step_00650 • [   0% ] waiting      3m11.0s   
step_00700 • [   0% ] waiting      3m41.0s   
step_00750 • [   0% ] waiting      4m11.0s   
step_00800 • [   0% ] waiting      4m41.0s   
step_00850 • [   0% ] waiting      5m11.0s   
step_00900 • [   0% ] waiting      5m41.0s   
step_00950 • [   0% ] waiting      6m11.0s   
step_01000 • [   0% ] waiting      6m41.0s   

running (02m50.0s), 0000/0446 VUs, 28433 complete and 0 interrupted iterations
step_00050 ✓ [ 100% ] 000/020 VUs  30s        50.00 iters/s
step_00100 ✓ [ 100% ] 000/020 VUs  30s        100.00 iters/s
step_00150 ✓ [ 100% ] 000/030 VUs  30s        150.00 iters/s
step_00200 ✓ [ 100% ] 000/040 VUs  30s        200.00 iters/s
step_00250 ✓ [ 100% ] 000/106 VUs  30s        250.00 iters/s
step_00300   [  67% ] 000/060 VUs  20.0s/30s  300.00 iters/s
step_00350 • [   0% ] waiting      0m10.0s   
step_00400 • [   0% ] waiting      0m40.0s   
step_00450 • [   0% ] waiting      1m10.0s   
step_00500 • [   0% ] waiting      1m40.0s   
step_00550 • [   0% ] waiting      2m10.0s   
step_00600 • [   0% ] waiting      2m40.0s   
step_00650 • [   0% ] waiting      3m10.0s   
step_00700 • [   0% ] waiting      3m40.0s   
step_00750 • [   0% ] waiting      4m10.0s   
step_00800 • [   0% ] waiting      4m40.0s   
step_00850 • [   0% ] waiting      5m10.0s   
step_00900 • [   0% ] waiting      5m40.0s   
step_00950 • [   0% ] waiting      6m10.0s   
step_01000 • [   0% ] waiting      6m40.0s   

running (02m51.0s), 0002/0446 VUs, 28732 complete and 0 interrupted iterations
step_00050 ✓ [ 100% ] 000/020 VUs  30s        50.00 iters/s
step_00100 ✓ [ 100% ] 000/020 VUs  30s        100.00 iters/s
step_00150 ✓ [ 100% ] 000/030 VUs  30s        150.00 iters/s
step_00200 ✓ [ 100% ] 000/040 VUs  30s        200.00 iters/s
step_00250 ✓ [ 100% ] 000/106 VUs  30s        250.00 iters/s
step_00300   [  70% ] 001/060 VUs  21.0s/30s  300.00 iters/s
step_00350 • [   0% ] waiting      0m09.0s   
step_00400 • [   0% ] waiting      0m39.0s   
step_00450 • [   0% ] waiting      1m09.0s   
step_00500 • [   0% ] waiting      1m39.0s   
step_00550 • [   0% ] waiting      2m09.0s   
step_00600 • [   0% ] waiting      2m39.0s   
step_00650 • [   0% ] waiting      3m09.0s   
step_00700 • [   0% ] waiting      3m39.0s   
step_00750 • [   0% ] waiting      4m09.0s   
step_00800 • [   0% ] waiting      4m39.0s   
step_00850 • [   0% ] waiting      5m09.0s   
step_00900 • [   0% ] waiting      5m39.0s   
step_00950 • [   0% ] waiting      6m09.0s   
step_01000 • [   0% ] waiting      6m39.0s   

running (02m52.0s), 0002/0446 VUs, 29032 complete and 0 interrupted iterations
step_00050 ✓ [ 100% ] 000/020 VUs  30s        50.00 iters/s
step_00100 ✓ [ 100% ] 000/020 VUs  30s        100.00 iters/s
step_00150 ✓ [ 100% ] 000/030 VUs  30s        150.00 iters/s
step_00200 ✓ [ 100% ] 000/040 VUs  30s        200.00 iters/s
step_00250 ✓ [ 100% ] 000/106 VUs  30s        250.00 iters/s
step_00300   [  73% ] 002/060 VUs  22.0s/30s  300.00 iters/s
step_00350 • [   0% ] waiting      0m08.0s   
step_00400 • [   0% ] waiting      0m38.0s   
step_00450 • [   0% ] waiting      1m08.0s   
step_00500 • [   0% ] waiting      1m38.0s   
step_00550 • [   0% ] waiting      2m08.0s   
step_00600 • [   0% ] waiting      2m38.0s   
step_00650 • [   0% ] waiting      3m08.0s   
step_00700 • [   0% ] waiting      3m38.0s   
step_00750 • [   0% ] waiting      4m08.0s   
step_00800 • [   0% ] waiting      4m38.0s   
step_00850 • [   0% ] waiting      5m08.0s   
step_00900 • [   0% ] waiting      5m38.0s   
step_00950 • [   0% ] waiting      6m08.0s   
step_01000 • [   0% ] waiting      6m38.0s   

running (02m53.0s), 0000/0446 VUs, 29333 complete and 0 interrupted iterations
step_00050 ✓ [ 100% ] 000/020 VUs  30s        50.00 iters/s
step_00100 ✓ [ 100% ] 000/020 VUs  30s        100.00 iters/s
step_00150 ✓ [ 100% ] 000/030 VUs  30s        150.00 iters/s
step_00200 ✓ [ 100% ] 000/040 VUs  30s        200.00 iters/s
step_00250 ✓ [ 100% ] 000/106 VUs  30s        250.00 iters/s
step_00300   [  77% ] 000/060 VUs  23.0s/30s  300.00 iters/s
step_00350 • [   0% ] waiting      0m07.0s   
step_00400 • [   0% ] waiting      0m37.0s   
step_00450 • [   0% ] waiting      1m07.0s   
step_00500 • [   0% ] waiting      1m37.0s   
step_00550 • [   0% ] waiting      2m07.0s   
step_00600 • [   0% ] waiting      2m37.0s   
step_00650 • [   0% ] waiting      3m07.0s   
step_00700 • [   0% ] waiting      3m37.0s   
step_00750 • [   0% ] waiting      4m07.0s   
step_00800 • [   0% ] waiting      4m37.0s   
step_00850 • [   0% ] waiting      5m07.0s   
step_00900 • [   0% ] waiting      5m37.0s   
step_00950 • [   0% ] waiting      6m07.0s   
step_01000 • [   0% ] waiting      6m37.0s   

running (02m54.0s), 0001/0446 VUs, 29633 complete and 0 interrupted iterations
step_00050 ✓ [ 100% ] 000/020 VUs  30s        50.00 iters/s
step_00100 ✓ [ 100% ] 000/020 VUs  30s        100.00 iters/s
step_00150 ✓ [ 100% ] 000/030 VUs  30s        150.00 iters/s
step_00200 ✓ [ 100% ] 000/040 VUs  30s        200.00 iters/s
step_00250 ✓ [ 100% ] 000/106 VUs  30s        250.00 iters/s
step_00300   [  80% ] 001/060 VUs  24.0s/30s  300.00 iters/s
step_00350 • [   0% ] waiting      0m06.0s   
step_00400 • [   0% ] waiting      0m36.0s   
step_00450 • [   0% ] waiting      1m06.0s   
step_00500 • [   0% ] waiting      1m36.0s   
step_00550 • [   0% ] waiting      2m06.0s   
step_00600 • [   0% ] waiting      2m36.0s   
step_00650 • [   0% ] waiting      3m06.0s   
step_00700 • [   0% ] waiting      3m36.0s   
step_00750 • [   0% ] waiting      4m06.0s   
step_00800 • [   0% ] waiting      4m36.0s   
step_00850 • [   0% ] waiting      5m06.0s   
step_00900 • [   0% ] waiting      5m36.0s   
step_00950 • [   0% ] waiting      6m06.0s   
step_01000 • [   0% ] waiting      6m36.0s   

running (02m55.0s), 0002/0446 VUs, 29932 complete and 0 interrupted iterations
step_00050 ✓ [ 100% ] 000/020 VUs  30s        50.00 iters/s
step_00100 ✓ [ 100% ] 000/020 VUs  30s        100.00 iters/s
step_00150 ✓ [ 100% ] 000/030 VUs  30s        150.00 iters/s
step_00200 ✓ [ 100% ] 000/040 VUs  30s        200.00 iters/s
step_00250 ✓ [ 100% ] 000/106 VUs  30s        250.00 iters/s
step_00300   [  83% ] 002/060 VUs  25.0s/30s  300.00 iters/s
step_00350 • [   0% ] waiting      0m05.0s   
step_00400 • [   0% ] waiting      0m35.0s   
step_00450 • [   0% ] waiting      1m05.0s   
step_00500 • [   0% ] waiting      1m35.0s   
step_00550 • [   0% ] waiting      2m05.0s   
step_00600 • [   0% ] waiting      2m35.0s   
step_00650 • [   0% ] waiting      3m05.0s   
step_00700 • [   0% ] waiting      3m35.0s   
step_00750 • [   0% ] waiting      4m05.0s   
step_00800 • [   0% ] waiting      4m35.0s   
step_00850 • [   0% ] waiting      5m05.0s   
step_00900 • [   0% ] waiting      5m35.0s   
step_00950 • [   0% ] waiting      6m05.0s   
step_01000 • [   0% ] waiting      6m35.0s   

running (02m56.0s), 0001/0446 VUs, 30233 complete and 0 interrupted iterations
step_00050 ✓ [ 100% ] 000/020 VUs  30s        50.00 iters/s
step_00100 ✓ [ 100% ] 000/020 VUs  30s        100.00 iters/s
step_00150 ✓ [ 100% ] 000/030 VUs  30s        150.00 iters/s
step_00200 ✓ [ 100% ] 000/040 VUs  30s        200.00 iters/s
step_00250 ✓ [ 100% ] 000/106 VUs  30s        250.00 iters/s
step_00300   [  87% ] 001/060 VUs  26.0s/30s  300.00 iters/s
step_00350 • [   0% ] waiting      0m04.0s   
step_00400 • [   0% ] waiting      0m34.0s   
step_00450 • [   0% ] waiting      1m04.0s   
step_00500 • [   0% ] waiting      1m34.0s   
step_00550 • [   0% ] waiting      2m04.0s   
step_00600 • [   0% ] waiting      2m34.0s   
step_00650 • [   0% ] waiting      3m04.0s   
step_00700 • [   0% ] waiting      3m34.0s   
step_00750 • [   0% ] waiting      4m04.0s   
step_00800 • [   0% ] waiting      4m34.0s   
step_00850 • [   0% ] waiting      5m04.0s   
step_00900 • [   0% ] waiting      5m34.0s   
step_00950 • [   0% ] waiting      6m04.0s   
step_01000 • [   0% ] waiting      6m34.0s   

running (02m57.0s), 0001/0446 VUs, 30533 complete and 0 interrupted iterations
step_00050 ✓ [ 100% ] 000/020 VUs  30s        50.00 iters/s
step_00100 ✓ [ 100% ] 000/020 VUs  30s        100.00 iters/s
step_00150 ✓ [ 100% ] 000/030 VUs  30s        150.00 iters/s
step_00200 ✓ [ 100% ] 000/040 VUs  30s        200.00 iters/s
step_00250 ✓ [ 100% ] 000/106 VUs  30s        250.00 iters/s
step_00300   [  90% ] 001/060 VUs  27.0s/30s  300.00 iters/s
step_00350 • [   0% ] waiting      0m03.0s   
step_00400 • [   0% ] waiting      0m33.0s   
step_00450 • [   0% ] waiting      1m03.0s   
step_00500 • [   0% ] waiting      1m33.0s   
step_00550 • [   0% ] waiting      2m03.0s   
step_00600 • [   0% ] waiting      2m33.0s   
step_00650 • [   0% ] waiting      3m03.0s   
step_00700 • [   0% ] waiting      3m33.0s   
step_00750 • [   0% ] waiting      4m03.0s   
step_00800 • [   0% ] waiting      4m33.0s   
step_00850 • [   0% ] waiting      5m03.0s   
step_00900 • [   0% ] waiting      5m33.0s   
step_00950 • [   0% ] waiting      6m03.0s   
step_01000 • [   0% ] waiting      6m33.0s   

running (02m58.0s), 0001/0446 VUs, 30833 complete and 0 interrupted iterations
step_00050 ✓ [ 100% ] 000/020 VUs  30s        50.00 iters/s
step_00100 ✓ [ 100% ] 000/020 VUs  30s        100.00 iters/s
step_00150 ✓ [ 100% ] 000/030 VUs  30s        150.00 iters/s
step_00200 ✓ [ 100% ] 000/040 VUs  30s        200.00 iters/s
step_00250 ✓ [ 100% ] 000/106 VUs  30s        250.00 iters/s
step_00300   [  93% ] 001/060 VUs  28.0s/30s  300.00 iters/s
step_00350 • [   0% ] waiting      0m02.0s   
step_00400 • [   0% ] waiting      0m32.0s   
step_00450 • [   0% ] waiting      1m02.0s   
step_00500 • [   0% ] waiting      1m32.0s   
step_00550 • [   0% ] waiting      2m02.0s   
step_00600 • [   0% ] waiting      2m32.0s   
step_00650 • [   0% ] waiting      3m02.0s   
step_00700 • [   0% ] waiting      3m32.0s   
step_00750 • [   0% ] waiting      4m02.0s   
step_00800 • [   0% ] waiting      4m32.0s   
step_00850 • [   0% ] waiting      5m02.0s   
step_00900 • [   0% ] waiting      5m32.0s   
step_00950 • [   0% ] waiting      6m02.0s   
step_01000 • [   0% ] waiting      6m32.0s   

running (02m59.0s), 0000/0446 VUs, 31133 complete and 0 interrupted iterations
step_00050 ✓ [ 100% ] 000/020 VUs  30s        50.00 iters/s
step_00100 ✓ [ 100% ] 000/020 VUs  30s        100.00 iters/s
step_00150 ✓ [ 100% ] 000/030 VUs  30s        150.00 iters/s
step_00200 ✓ [ 100% ] 000/040 VUs  30s        200.00 iters/s
step_00250 ✓ [ 100% ] 000/106 VUs  30s        250.00 iters/s
step_00300   [  97% ] 000/060 VUs  29.0s/30s  300.00 iters/s
step_00350 • [   0% ] waiting      0m01.0s   
step_00400 • [   0% ] waiting      0m31.0s   
step_00450 • [   0% ] waiting      1m01.0s   
step_00500 • [   0% ] waiting      1m31.0s   
step_00550 • [   0% ] waiting      2m01.0s   
step_00600 • [   0% ] waiting      2m31.0s   
step_00650 • [   0% ] waiting      3m01.0s   
step_00700 • [   0% ] waiting      3m31.0s   
step_00750 • [   0% ] waiting      4m01.0s   
step_00800 • [   0% ] waiting      4m31.0s   
step_00850 • [   0% ] waiting      5m01.0s   
step_00900 • [   0% ] waiting      5m31.0s   
step_00950 • [   0% ] waiting      6m01.0s   
step_01000 • [   0% ] waiting      6m31.0s   

running (03m00.0s), 0000/0446 VUs, 31433 complete and 0 interrupted iterations
step_00050 ✓ [ 100% ] 000/020 VUs  30s        50.00 iters/s
step_00100 ✓ [ 100% ] 000/020 VUs  30s        100.00 iters/s
step_00150 ✓ [ 100% ] 000/030 VUs  30s        150.00 iters/s
step_00200 ✓ [ 100% ] 000/040 VUs  30s        200.00 iters/s
step_00250 ✓ [ 100% ] 000/106 VUs  30s        250.00 iters/s
step_00300   [ 100% ] 000/060 VUs  30.0s/30s  300.00 iters/s
step_00350 • [   0% ] waiting      0m00.0s   
step_00400 • [   0% ] waiting      0m30.0s   
step_00450 • [   0% ] waiting      1m00.0s   
step_00500 • [   0% ] waiting      1m30.0s   
step_00550 • [   0% ] waiting      2m00.0s   
step_00600 • [   0% ] waiting      2m30.0s   
step_00650 • [   0% ] waiting      3m00.0s   
step_00700 • [   0% ] waiting      3m30.0s   
step_00750 • [   0% ] waiting      4m00.0s   
step_00800 • [   0% ] waiting      4m30.0s   
step_00850 • [   0% ] waiting      5m00.0s   
step_00900 • [   0% ] waiting      5m30.0s   
step_00950 • [   0% ] waiting      6m00.0s   
step_01000 • [   0% ] waiting      6m30.0s   

running (03m01.0s), 0001/0446 VUs, 31780 complete and 0 interrupted iterations
step_00050 ✓ [ 100% ] 000/020 VUs    30s        50.00 iters/s
step_00100 ✓ [ 100% ] 000/020 VUs    30s        100.00 iters/s
step_00150 ✓ [ 100% ] 000/030 VUs    30s        150.00 iters/s
step_00200 ✓ [ 100% ] 000/040 VUs    30s        200.00 iters/s
step_00250 ✓ [ 100% ] 000/106 VUs    30s        250.00 iters/s
step_00300 ✓ [ 100% ] 000/060 VUs    30s        300.00 iters/s
step_00350   [   3% ] 0001/0070 VUs  01.0s/30s  350.00 iters/s
step_00400 • [   0% ] waiting        0m29.0s   
step_00450 • [   0% ] waiting        0m59.0s   
step_00500 • [   0% ] waiting        1m29.0s   
step_00550 • [   0% ] waiting        1m59.0s   
step_00600 • [   0% ] waiting        2m29.0s   
step_00650 • [   0% ] waiting        2m59.0s   
step_00700 • [   0% ] waiting        3m29.0s   
step_00750 • [   0% ] waiting        3m59.0s   
step_00800 • [   0% ] waiting        4m29.0s   
step_00850 • [   0% ] waiting        4m59.0s   
step_00900 • [   0% ] waiting        5m29.0s   
step_00950 • [   0% ] waiting        5m59.0s   
step_01000 • [   0% ] waiting        6m29.0s   

running (03m02.0s), 0001/0446 VUs, 32130 complete and 0 interrupted iterations
step_00050 ✓ [ 100% ] 000/020 VUs    30s        50.00 iters/s
step_00100 ✓ [ 100% ] 000/020 VUs    30s        100.00 iters/s
step_00150 ✓ [ 100% ] 000/030 VUs    30s        150.00 iters/s
step_00200 ✓ [ 100% ] 000/040 VUs    30s        200.00 iters/s
step_00250 ✓ [ 100% ] 000/106 VUs    30s        250.00 iters/s
step_00300 ✓ [ 100% ] 000/060 VUs    30s        300.00 iters/s
step_00350   [   7% ] 0001/0070 VUs  02.0s/30s  350.00 iters/s
step_00400 • [   0% ] waiting        0m28.0s   
step_00450 • [   0% ] waiting        0m58.0s   
step_00500 • [   0% ] waiting        1m28.0s   
step_00550 • [   0% ] waiting        1m58.0s   
step_00600 • [   0% ] waiting        2m28.0s   
step_00650 • [   0% ] waiting        2m58.0s   
step_00700 • [   0% ] waiting        3m28.0s   
step_00750 • [   0% ] waiting        3m58.0s   
step_00800 • [   0% ] waiting        4m28.0s   
step_00850 • [   0% ] waiting        4m58.0s   
step_00900 • [   0% ] waiting        5m28.0s   
step_00950 • [   0% ] waiting        5m58.0s   
step_01000 • [   0% ] waiting        6m28.0s   

running (03m03.0s), 0001/0446 VUs, 32480 complete and 0 interrupted iterations
step_00050 ✓ [ 100% ] 000/020 VUs    30s        50.00 iters/s
step_00100 ✓ [ 100% ] 000/020 VUs    30s        100.00 iters/s
step_00150 ✓ [ 100% ] 000/030 VUs    30s        150.00 iters/s
step_00200 ✓ [ 100% ] 000/040 VUs    30s        200.00 iters/s
step_00250 ✓ [ 100% ] 000/106 VUs    30s        250.00 iters/s
step_00300 ✓ [ 100% ] 000/060 VUs    30s        300.00 iters/s
step_00350   [  10% ] 0001/0070 VUs  03.0s/30s  350.00 iters/s
step_00400 • [   0% ] waiting        0m27.0s   
step_00450 • [   0% ] waiting        0m57.0s   
step_00500 • [   0% ] waiting        1m27.0s   
step_00550 • [   0% ] waiting        1m57.0s   
step_00600 • [   0% ] waiting        2m27.0s   
step_00650 • [   0% ] waiting        2m57.0s   
step_00700 • [   0% ] waiting        3m27.0s   
step_00750 • [   0% ] waiting        3m57.0s   
step_00800 • [   0% ] waiting        4m27.0s   
step_00850 • [   0% ] waiting        4m57.0s   
step_00900 • [   0% ] waiting        5m27.0s   
step_00950 • [   0% ] waiting        5m57.0s   
step_01000 • [   0% ] waiting        6m27.0s   

running (03m04.0s), 0001/0446 VUs, 32830 complete and 0 interrupted iterations
step_00050 ✓ [ 100% ] 000/020 VUs    30s        50.00 iters/s
step_00100 ✓ [ 100% ] 000/020 VUs    30s        100.00 iters/s
step_00150 ✓ [ 100% ] 000/030 VUs    30s        150.00 iters/s
step_00200 ✓ [ 100% ] 000/040 VUs    30s        200.00 iters/s
step_00250 ✓ [ 100% ] 000/106 VUs    30s        250.00 iters/s
step_00300 ✓ [ 100% ] 000/060 VUs    30s        300.00 iters/s
step_00350   [  13% ] 0001/0070 VUs  04.0s/30s  350.00 iters/s
step_00400 • [   0% ] waiting        0m26.0s   
step_00450 • [   0% ] waiting        0m56.0s   
step_00500 • [   0% ] waiting        1m26.0s   
step_00550 • [   0% ] waiting        1m56.0s   
step_00600 • [   0% ] waiting        2m26.0s   
step_00650 • [   0% ] waiting        2m56.0s   
step_00700 • [   0% ] waiting        3m26.0s   
step_00750 • [   0% ] waiting        3m56.0s   
step_00800 • [   0% ] waiting        4m26.0s   
step_00850 • [   0% ] waiting        4m56.0s   
step_00900 • [   0% ] waiting        5m26.0s   
step_00950 • [   0% ] waiting        5m56.0s   
step_01000 • [   0% ] waiting        6m26.0s   

running (03m05.0s), 0001/0446 VUs, 33181 complete and 0 interrupted iterations
step_00050 ✓ [ 100% ] 000/020 VUs    30s        50.00 iters/s
step_00100 ✓ [ 100% ] 000/020 VUs    30s        100.00 iters/s
step_00150 ✓ [ 100% ] 000/030 VUs    30s        150.00 iters/s
step_00200 ✓ [ 100% ] 000/040 VUs    30s        200.00 iters/s
step_00250 ✓ [ 100% ] 000/106 VUs    30s        250.00 iters/s
step_00300 ✓ [ 100% ] 000/060 VUs    30s        300.00 iters/s
step_00350   [  17% ] 0000/0070 VUs  05.0s/30s  350.00 iters/s
step_00400 • [   0% ] waiting        0m25.0s   
step_00450 • [   0% ] waiting        0m55.0s   
step_00500 • [   0% ] waiting        1m25.0s   
step_00550 • [   0% ] waiting        1m55.0s   
step_00600 • [   0% ] waiting        2m25.0s   
step_00650 • [   0% ] waiting        2m55.0s   
step_00700 • [   0% ] waiting        3m25.0s   
step_00750 • [   0% ] waiting        3m55.0s   
step_00800 • [   0% ] waiting        4m25.0s   
step_00850 • [   0% ] waiting        4m55.0s   
step_00900 • [   0% ] waiting        5m25.0s   
step_00950 • [   0% ] waiting        5m55.0s   
step_01000 • [   0% ] waiting        6m25.0s   

running (03m06.0s), 0001/0446 VUs, 33530 complete and 0 interrupted iterations
step_00050 ✓ [ 100% ] 000/020 VUs    30s        50.00 iters/s
step_00100 ✓ [ 100% ] 000/020 VUs    30s        100.00 iters/s
step_00150 ✓ [ 100% ] 000/030 VUs    30s        150.00 iters/s
step_00200 ✓ [ 100% ] 000/040 VUs    30s        200.00 iters/s
step_00250 ✓ [ 100% ] 000/106 VUs    30s        250.00 iters/s
step_00300 ✓ [ 100% ] 000/060 VUs    30s        300.00 iters/s
step_00350   [  20% ] 0001/0070 VUs  06.0s/30s  350.00 iters/s
step_00400 • [   0% ] waiting        0m24.0s   
step_00450 • [   0% ] waiting        0m54.0s   
step_00500 • [   0% ] waiting        1m24.0s   
step_00550 • [   0% ] waiting        1m54.0s   
step_00600 • [   0% ] waiting        2m24.0s   
step_00650 • [   0% ] waiting        2m54.0s   
step_00700 • [   0% ] waiting        3m24.0s   
step_00750 • [   0% ] waiting        3m54.0s   
step_00800 • [   0% ] waiting        4m24.0s   
step_00850 • [   0% ] waiting        4m54.0s   
step_00900 • [   0% ] waiting        5m24.0s   
step_00950 • [   0% ] waiting        5m54.0s   
step_01000 • [   0% ] waiting        6m24.0s   

running (03m07.0s), 0000/0446 VUs, 33881 complete and 0 interrupted iterations
step_00050 ✓ [ 100% ] 000/020 VUs    30s        50.00 iters/s
step_00100 ✓ [ 100% ] 000/020 VUs    30s        100.00 iters/s
step_00150 ✓ [ 100% ] 000/030 VUs    30s        150.00 iters/s
step_00200 ✓ [ 100% ] 000/040 VUs    30s        200.00 iters/s
step_00250 ✓ [ 100% ] 000/106 VUs    30s        250.00 iters/s
step_00300 ✓ [ 100% ] 000/060 VUs    30s        300.00 iters/s
step_00350   [  23% ] 0000/0070 VUs  07.0s/30s  350.00 iters/s
step_00400 • [   0% ] waiting        0m23.0s   
step_00450 • [   0% ] waiting        0m53.0s   
step_00500 • [   0% ] waiting        1m23.0s   
step_00550 • [   0% ] waiting        1m53.0s   
step_00600 • [   0% ] waiting        2m23.0s   
step_00650 • [   0% ] waiting        2m53.0s   
step_00700 • [   0% ] waiting        3m23.0s   
step_00750 • [   0% ] waiting        3m53.0s   
step_00800 • [   0% ] waiting        4m23.0s   
step_00850 • [   0% ] waiting        4m53.0s   
step_00900 • [   0% ] waiting        5m23.0s   
step_00950 • [   0% ] waiting        5m53.0s   
step_01000 • [   0% ] waiting        6m23.0s   

running (03m08.0s), 0000/0446 VUs, 34231 complete and 0 interrupted iterations
step_00050 ✓ [ 100% ] 000/020 VUs    30s        50.00 iters/s
step_00100 ✓ [ 100% ] 000/020 VUs    30s        100.00 iters/s
step_00150 ✓ [ 100% ] 000/030 VUs    30s        150.00 iters/s
step_00200 ✓ [ 100% ] 000/040 VUs    30s        200.00 iters/s
step_00250 ✓ [ 100% ] 000/106 VUs    30s        250.00 iters/s
step_00300 ✓ [ 100% ] 000/060 VUs    30s        300.00 iters/s
step_00350   [  27% ] 0000/0070 VUs  08.0s/30s  350.00 iters/s
step_00400 • [   0% ] waiting        0m22.0s   
step_00450 • [   0% ] waiting        0m52.0s   
step_00500 • [   0% ] waiting        1m22.0s   
step_00550 • [   0% ] waiting        1m52.0s   
step_00600 • [   0% ] waiting        2m22.0s   
step_00650 • [   0% ] waiting        2m52.0s   
step_00700 • [   0% ] waiting        3m22.0s   
step_00750 • [   0% ] waiting        3m52.0s   
step_00800 • [   0% ] waiting        4m22.0s   
step_00850 • [   0% ] waiting        4m52.0s   
step_00900 • [   0% ] waiting        5m22.0s   
step_00950 • [   0% ] waiting        5m52.0s   
step_01000 • [   0% ] waiting        6m22.0s   

running (03m09.0s), 0000/0446 VUs, 34581 complete and 0 interrupted iterations
step_00050 ✓ [ 100% ] 000/020 VUs    30s        50.00 iters/s
step_00100 ✓ [ 100% ] 000/020 VUs    30s        100.00 iters/s
step_00150 ✓ [ 100% ] 000/030 VUs    30s        150.00 iters/s
step_00200 ✓ [ 100% ] 000/040 VUs    30s        200.00 iters/s
step_00250 ✓ [ 100% ] 000/106 VUs    30s        250.00 iters/s
step_00300 ✓ [ 100% ] 000/060 VUs    30s        300.00 iters/s
step_00350   [  30% ] 0000/0070 VUs  09.0s/30s  350.00 iters/s
step_00400 • [   0% ] waiting        0m21.0s   
step_00450 • [   0% ] waiting        0m51.0s   
step_00500 • [   0% ] waiting        1m21.0s   
step_00550 • [   0% ] waiting        1m51.0s   
step_00600 • [   0% ] waiting        2m21.0s   
step_00650 • [   0% ] waiting        2m51.0s   
step_00700 • [   0% ] waiting        3m21.0s   
step_00750 • [   0% ] waiting        3m51.0s   
step_00800 • [   0% ] waiting        4m21.0s   
step_00850 • [   0% ] waiting        4m51.0s   
step_00900 • [   0% ] waiting        5m21.0s   
step_00950 • [   0% ] waiting        5m51.0s   
step_01000 • [   0% ] waiting        6m21.0s   

running (03m10.0s), 0001/0446 VUs, 34930 complete and 0 interrupted iterations
step_00050 ✓ [ 100% ] 000/020 VUs    30s        50.00 iters/s
step_00100 ✓ [ 100% ] 000/020 VUs    30s        100.00 iters/s
step_00150 ✓ [ 100% ] 000/030 VUs    30s        150.00 iters/s
step_00200 ✓ [ 100% ] 000/040 VUs    30s        200.00 iters/s
step_00250 ✓ [ 100% ] 000/106 VUs    30s        250.00 iters/s
step_00300 ✓ [ 100% ] 000/060 VUs    30s        300.00 iters/s
step_00350   [  33% ] 0001/0070 VUs  10.0s/30s  350.00 iters/s
step_00400 • [   0% ] waiting        0m20.0s   
step_00450 • [   0% ] waiting        0m50.0s   
step_00500 • [   0% ] waiting        1m20.0s   
step_00550 • [   0% ] waiting        1m50.0s   
step_00600 • [   0% ] waiting        2m20.0s   
step_00650 • [   0% ] waiting        2m50.0s   
step_00700 • [   0% ] waiting        3m20.0s   
step_00750 • [   0% ] waiting        3m50.0s   
step_00800 • [   0% ] waiting        4m20.0s   
step_00850 • [   0% ] waiting        4m50.0s   
step_00900 • [   0% ] waiting        5m20.0s   
step_00950 • [   0% ] waiting        5m50.0s   
step_01000 • [   0% ] waiting        6m20.0s   

running (03m11.0s), 0001/0446 VUs, 35280 complete and 0 interrupted iterations
step_00050 ✓ [ 100% ] 000/020 VUs    30s        50.00 iters/s
step_00100 ✓ [ 100% ] 000/020 VUs    30s        100.00 iters/s
step_00150 ✓ [ 100% ] 000/030 VUs    30s        150.00 iters/s
step_00200 ✓ [ 100% ] 000/040 VUs    30s        200.00 iters/s
step_00250 ✓ [ 100% ] 000/106 VUs    30s        250.00 iters/s
step_00300 ✓ [ 100% ] 000/060 VUs    30s        300.00 iters/s
step_00350   [  37% ] 0001/0070 VUs  11.0s/30s  350.00 iters/s
step_00400 • [   0% ] waiting        0m19.0s   
step_00450 • [   0% ] waiting        0m49.0s   
step_00500 • [   0% ] waiting        1m19.0s   
step_00550 • [   0% ] waiting        1m49.0s   
step_00600 • [   0% ] waiting        2m19.0s   
step_00650 • [   0% ] waiting        2m49.0s   
step_00700 • [   0% ] waiting        3m19.0s   
step_00750 • [   0% ] waiting        3m49.0s   
step_00800 • [   0% ] waiting        4m19.0s   
step_00850 • [   0% ] waiting        4m49.0s   
step_00900 • [   0% ] waiting        5m19.0s   
step_00950 • [   0% ] waiting        5m49.0s   
step_01000 • [   0% ] waiting        6m19.0s   

running (03m12.0s), 0001/0446 VUs, 35630 complete and 0 interrupted iterations
step_00050 ✓ [ 100% ] 000/020 VUs    30s        50.00 iters/s
step_00100 ✓ [ 100% ] 000/020 VUs    30s        100.00 iters/s
step_00150 ✓ [ 100% ] 000/030 VUs    30s        150.00 iters/s
step_00200 ✓ [ 100% ] 000/040 VUs    30s        200.00 iters/s
step_00250 ✓ [ 100% ] 000/106 VUs    30s        250.00 iters/s
step_00300 ✓ [ 100% ] 000/060 VUs    30s        300.00 iters/s
step_00350   [  40% ] 0001/0070 VUs  12.0s/30s  350.00 iters/s
step_00400 • [   0% ] waiting        0m18.0s   
step_00450 • [   0% ] waiting        0m48.0s   
step_00500 • [   0% ] waiting        1m18.0s   
step_00550 • [   0% ] waiting        1m48.0s   
step_00600 • [   0% ] waiting        2m18.0s   
step_00650 • [   0% ] waiting        2m48.0s   
step_00700 • [   0% ] waiting        3m18.0s   
step_00750 • [   0% ] waiting        3m48.0s   
step_00800 • [   0% ] waiting        4m18.0s   
step_00850 • [   0% ] waiting        4m48.0s   
step_00900 • [   0% ] waiting        5m18.0s   
step_00950 • [   0% ] waiting        5m48.0s   
step_01000 • [   0% ] waiting        6m18.0s   

running (03m13.0s), 0001/0446 VUs, 35980 complete and 0 interrupted iterations
step_00050 ✓ [ 100% ] 000/020 VUs    30s        50.00 iters/s
step_00100 ✓ [ 100% ] 000/020 VUs    30s        100.00 iters/s
step_00150 ✓ [ 100% ] 000/030 VUs    30s        150.00 iters/s
step_00200 ✓ [ 100% ] 000/040 VUs    30s        200.00 iters/s
step_00250 ✓ [ 100% ] 000/106 VUs    30s        250.00 iters/s
step_00300 ✓ [ 100% ] 000/060 VUs    30s        300.00 iters/s
step_00350   [  43% ] 0001/0070 VUs  13.0s/30s  350.00 iters/s
step_00400 • [   0% ] waiting        0m17.0s   
step_00450 • [   0% ] waiting        0m47.0s   
step_00500 • [   0% ] waiting        1m17.0s   
step_00550 • [   0% ] waiting        1m47.0s   
step_00600 • [   0% ] waiting        2m17.0s   
step_00650 • [   0% ] waiting        2m47.0s   
step_00700 • [   0% ] waiting        3m17.0s   
step_00750 • [   0% ] waiting        3m47.0s   
step_00800 • [   0% ] waiting        4m17.0s   
step_00850 • [   0% ] waiting        4m47.0s   
step_00900 • [   0% ] waiting        5m17.0s   
step_00950 • [   0% ] waiting        5m47.0s   
step_01000 • [   0% ] waiting        6m17.0s   

running (03m14.0s), 0002/0446 VUs, 36329 complete and 0 interrupted iterations
step_00050 ✓ [ 100% ] 000/020 VUs    30s        50.00 iters/s
step_00100 ✓ [ 100% ] 000/020 VUs    30s        100.00 iters/s
step_00150 ✓ [ 100% ] 000/030 VUs    30s        150.00 iters/s
step_00200 ✓ [ 100% ] 000/040 VUs    30s        200.00 iters/s
step_00250 ✓ [ 100% ] 000/106 VUs    30s        250.00 iters/s
step_00300 ✓ [ 100% ] 000/060 VUs    30s        300.00 iters/s
step_00350   [  47% ] 0002/0070 VUs  14.0s/30s  350.00 iters/s
step_00400 • [   0% ] waiting        0m16.0s   
step_00450 • [   0% ] waiting        0m46.0s   
step_00500 • [   0% ] waiting        1m16.0s   
step_00550 • [   0% ] waiting        1m46.0s   
step_00600 • [   0% ] waiting        2m16.0s   
step_00650 • [   0% ] waiting        2m46.0s   
step_00700 • [   0% ] waiting        3m16.0s   
step_00750 • [   0% ] waiting        3m46.0s   
step_00800 • [   0% ] waiting        4m16.0s   
step_00850 • [   0% ] waiting        4m46.0s   
step_00900 • [   0% ] waiting        5m16.0s   
step_00950 • [   0% ] waiting        5m46.0s   
step_01000 • [   0% ] waiting        6m16.0s   

running (03m15.0s), 0003/0446 VUs, 36678 complete and 0 interrupted iterations
step_00050 ✓ [ 100% ] 000/020 VUs    30s        50.00 iters/s
step_00100 ✓ [ 100% ] 000/020 VUs    30s        100.00 iters/s
step_00150 ✓ [ 100% ] 000/030 VUs    30s        150.00 iters/s
step_00200 ✓ [ 100% ] 000/040 VUs    30s        200.00 iters/s
step_00250 ✓ [ 100% ] 000/106 VUs    30s        250.00 iters/s
step_00300 ✓ [ 100% ] 000/060 VUs    30s        300.00 iters/s
step_00350   [  50% ] 0003/0070 VUs  15.0s/30s  350.00 iters/s
step_00400 • [   0% ] waiting        0m15.0s   
step_00450 • [   0% ] waiting        0m45.0s   
step_00500 • [   0% ] waiting        1m15.0s   
step_00550 • [   0% ] waiting        1m45.0s   
step_00600 • [   0% ] waiting        2m15.0s   
step_00650 • [   0% ] waiting        2m45.0s   
step_00700 • [   0% ] waiting        3m15.0s   
step_00750 • [   0% ] waiting        3m45.0s   
step_00800 • [   0% ] waiting        4m15.0s   
step_00850 • [   0% ] waiting        4m45.0s   
step_00900 • [   0% ] waiting        5m15.0s   
step_00950 • [   0% ] waiting        5m45.0s   
step_01000 • [   0% ] waiting        6m15.0s   

running (03m16.0s), 0001/0446 VUs, 37030 complete and 0 interrupted iterations
step_00050 ✓ [ 100% ] 000/020 VUs    30s        50.00 iters/s
step_00100 ✓ [ 100% ] 000/020 VUs    30s        100.00 iters/s
step_00150 ✓ [ 100% ] 000/030 VUs    30s        150.00 iters/s
step_00200 ✓ [ 100% ] 000/040 VUs    30s        200.00 iters/s
step_00250 ✓ [ 100% ] 000/106 VUs    30s        250.00 iters/s
step_00300 ✓ [ 100% ] 000/060 VUs    30s        300.00 iters/s
step_00350   [  53% ] 0001/0070 VUs  16.0s/30s  350.00 iters/s
step_00400 • [   0% ] waiting        0m14.0s   
step_00450 • [   0% ] waiting        0m44.0s   
step_00500 • [   0% ] waiting        1m14.0s   
step_00550 • [   0% ] waiting        1m44.0s   
step_00600 • [   0% ] waiting        2m14.0s   
step_00650 • [   0% ] waiting        2m44.0s   
step_00700 • [   0% ] waiting        3m14.0s   
step_00750 • [   0% ] waiting        3m44.0s   
step_00800 • [   0% ] waiting        4m14.0s   
step_00850 • [   0% ] waiting        4m44.0s   
step_00900 • [   0% ] waiting        5m14.0s   
step_00950 • [   0% ] waiting        5m44.0s   
step_01000 • [   0% ] waiting        6m14.0s   

running (03m17.0s), 0000/0446 VUs, 37381 complete and 0 interrupted iterations
step_00050 ✓ [ 100% ] 000/020 VUs    30s        50.00 iters/s
step_00100 ✓ [ 100% ] 000/020 VUs    30s        100.00 iters/s
step_00150 ✓ [ 100% ] 000/030 VUs    30s        150.00 iters/s
step_00200 ✓ [ 100% ] 000/040 VUs    30s        200.00 iters/s
step_00250 ✓ [ 100% ] 000/106 VUs    30s        250.00 iters/s
step_00300 ✓ [ 100% ] 000/060 VUs    30s        300.00 iters/s
step_00350   [  57% ] 0000/0070 VUs  17.0s/30s  350.00 iters/s
step_00400 • [   0% ] waiting        0m13.0s   
step_00450 • [   0% ] waiting        0m43.0s   
step_00500 • [   0% ] waiting        1m13.0s   
step_00550 • [   0% ] waiting        1m43.0s   
step_00600 • [   0% ] waiting        2m13.0s   
step_00650 • [   0% ] waiting        2m43.0s   
step_00700 • [   0% ] waiting        3m13.0s   
step_00750 • [   0% ] waiting        3m43.0s   
step_00800 • [   0% ] waiting        4m13.0s   
step_00850 • [   0% ] waiting        4m43.0s   
step_00900 • [   0% ] waiting        5m13.0s   
step_00950 • [   0% ] waiting        5m43.0s   
step_01000 • [   0% ] waiting        6m13.0s   

running (03m18.0s), 0001/0446 VUs, 37730 complete and 0 interrupted iterations
step_00050 ✓ [ 100% ] 000/020 VUs    30s        50.00 iters/s
step_00100 ✓ [ 100% ] 000/020 VUs    30s        100.00 iters/s
step_00150 ✓ [ 100% ] 000/030 VUs    30s        150.00 iters/s
step_00200 ✓ [ 100% ] 000/040 VUs    30s        200.00 iters/s
step_00250 ✓ [ 100% ] 000/106 VUs    30s        250.00 iters/s
step_00300 ✓ [ 100% ] 000/060 VUs    30s        300.00 iters/s
step_00350   [  60% ] 0001/0070 VUs  18.0s/30s  350.00 iters/s
step_00400 • [   0% ] waiting        0m12.0s   
step_00450 • [   0% ] waiting        0m42.0s   
step_00500 • [   0% ] waiting        1m12.0s   
step_00550 • [   0% ] waiting        1m42.0s   
step_00600 • [   0% ] waiting        2m12.0s   
step_00650 • [   0% ] waiting        2m42.0s   
step_00700 • [   0% ] waiting        3m12.0s   
step_00750 • [   0% ] waiting        3m42.0s   
step_00800 • [   0% ] waiting        4m12.0s   
step_00850 • [   0% ] waiting        4m42.0s   
step_00900 • [   0% ] waiting        5m12.0s   
step_00950 • [   0% ] waiting        5m42.0s   
step_01000 • [   0% ] waiting        6m12.0s   

running (03m19.0s), 0000/0446 VUs, 38081 complete and 0 interrupted iterations
step_00050 ✓ [ 100% ] 000/020 VUs    30s        50.00 iters/s
step_00100 ✓ [ 100% ] 000/020 VUs    30s        100.00 iters/s
step_00150 ✓ [ 100% ] 000/030 VUs    30s        150.00 iters/s
step_00200 ✓ [ 100% ] 000/040 VUs    30s        200.00 iters/s
step_00250 ✓ [ 100% ] 000/106 VUs    30s        250.00 iters/s
step_00300 ✓ [ 100% ] 000/060 VUs    30s        300.00 iters/s
step_00350   [  63% ] 0000/0070 VUs  19.0s/30s  350.00 iters/s
step_00400 • [   0% ] waiting        0m11.0s   
step_00450 • [   0% ] waiting        0m41.0s   
step_00500 • [   0% ] waiting        1m11.0s   
step_00550 • [   0% ] waiting        1m41.0s   
step_00600 • [   0% ] waiting        2m11.0s   
step_00650 • [   0% ] waiting        2m41.0s   
step_00700 • [   0% ] waiting        3m11.0s   
step_00750 • [   0% ] waiting        3m41.0s   
step_00800 • [   0% ] waiting        4m11.0s   
step_00850 • [   0% ] waiting        4m41.0s   
step_00900 • [   0% ] waiting        5m11.0s   
step_00950 • [   0% ] waiting        5m41.0s   
step_01000 • [   0% ] waiting        6m11.0s   

running (03m20.0s), 0000/0446 VUs, 38431 complete and 0 interrupted iterations
step_00050 ✓ [ 100% ] 000/020 VUs    30s        50.00 iters/s
step_00100 ✓ [ 100% ] 000/020 VUs    30s        100.00 iters/s
step_00150 ✓ [ 100% ] 000/030 VUs    30s        150.00 iters/s
step_00200 ✓ [ 100% ] 000/040 VUs    30s        200.00 iters/s
step_00250 ✓ [ 100% ] 000/106 VUs    30s        250.00 iters/s
step_00300 ✓ [ 100% ] 000/060 VUs    30s        300.00 iters/s
step_00350   [  67% ] 0000/0070 VUs  20.0s/30s  350.00 iters/s
step_00400 • [   0% ] waiting        0m10.0s   
step_00450 • [   0% ] waiting        0m40.0s   
step_00500 • [   0% ] waiting        1m10.0s   
step_00550 • [   0% ] waiting        1m40.0s   
step_00600 • [   0% ] waiting        2m10.0s   
step_00650 • [   0% ] waiting        2m40.0s   
step_00700 • [   0% ] waiting        3m10.0s   
step_00750 • [   0% ] waiting        3m40.0s   
step_00800 • [   0% ] waiting        4m10.0s   
step_00850 • [   0% ] waiting        4m40.0s   
step_00900 • [   0% ] waiting        5m10.0s   
step_00950 • [   0% ] waiting        5m40.0s   
step_01000 • [   0% ] waiting        6m10.0s   

running (03m21.0s), 0001/0446 VUs, 38780 complete and 0 interrupted iterations
step_00050 ✓ [ 100% ] 000/020 VUs    30s        50.00 iters/s
step_00100 ✓ [ 100% ] 000/020 VUs    30s        100.00 iters/s
step_00150 ✓ [ 100% ] 000/030 VUs    30s        150.00 iters/s
step_00200 ✓ [ 100% ] 000/040 VUs    30s        200.00 iters/s
step_00250 ✓ [ 100% ] 000/106 VUs    30s        250.00 iters/s
step_00300 ✓ [ 100% ] 000/060 VUs    30s        300.00 iters/s
step_00350   [  70% ] 0001/0070 VUs  21.0s/30s  350.00 iters/s
step_00400 • [   0% ] waiting        0m09.0s   
step_00450 • [   0% ] waiting        0m39.0s   
step_00500 • [   0% ] waiting        1m09.0s   
step_00550 • [   0% ] waiting        1m39.0s   
step_00600 • [   0% ] waiting        2m09.0s   
step_00650 • [   0% ] waiting        2m39.0s   
step_00700 • [   0% ] waiting        3m09.0s   
step_00750 • [   0% ] waiting        3m39.0s   
step_00800 • [   0% ] waiting        4m09.0s   
step_00850 • [   0% ] waiting        4m39.0s   
step_00900 • [   0% ] waiting        5m09.0s   
step_00950 • [   0% ] waiting        5m39.0s   
step_01000 • [   0% ] waiting        6m09.0s   

running (03m22.0s), 0000/0446 VUs, 39131 complete and 0 interrupted iterations
step_00050 ✓ [ 100% ] 000/020 VUs    30s        50.00 iters/s
step_00100 ✓ [ 100% ] 000/020 VUs    30s        100.00 iters/s
step_00150 ✓ [ 100% ] 000/030 VUs    30s        150.00 iters/s
step_00200 ✓ [ 100% ] 000/040 VUs    30s        200.00 iters/s
step_00250 ✓ [ 100% ] 000/106 VUs    30s        250.00 iters/s
step_00300 ✓ [ 100% ] 000/060 VUs    30s        300.00 iters/s
step_00350   [  73% ] 0000/0070 VUs  22.0s/30s  350.00 iters/s
step_00400 • [   0% ] waiting        0m08.0s   
step_00450 • [   0% ] waiting        0m38.0s   
step_00500 • [   0% ] waiting        1m08.0s   
step_00550 • [   0% ] waiting        1m38.0s   
step_00600 • [   0% ] waiting        2m08.0s   
step_00650 • [   0% ] waiting        2m38.0s   
step_00700 • [   0% ] waiting        3m08.0s   
step_00750 • [   0% ] waiting        3m38.0s   
step_00800 • [   0% ] waiting        4m08.0s   
step_00850 • [   0% ] waiting        4m38.0s   
step_00900 • [   0% ] waiting        5m08.0s   
step_00950 • [   0% ] waiting        5m38.0s   
step_01000 • [   0% ] waiting        6m08.0s   

running (03m23.0s), 0000/0446 VUs, 39481 complete and 0 interrupted iterations
step_00050 ✓ [ 100% ] 000/020 VUs    30s        50.00 iters/s
step_00100 ✓ [ 100% ] 000/020 VUs    30s        100.00 iters/s
step_00150 ✓ [ 100% ] 000/030 VUs    30s        150.00 iters/s
step_00200 ✓ [ 100% ] 000/040 VUs    30s        200.00 iters/s
step_00250 ✓ [ 100% ] 000/106 VUs    30s        250.00 iters/s
step_00300 ✓ [ 100% ] 000/060 VUs    30s        300.00 iters/s
step_00350   [  77% ] 0000/0070 VUs  23.0s/30s  350.00 iters/s
step_00400 • [   0% ] waiting        0m07.0s   
step_00450 • [   0% ] waiting        0m37.0s   
step_00500 • [   0% ] waiting        1m07.0s   
step_00550 • [   0% ] waiting        1m37.0s   
step_00600 • [   0% ] waiting        2m07.0s   
step_00650 • [   0% ] waiting        2m37.0s   
step_00700 • [   0% ] waiting        3m07.0s   
step_00750 • [   0% ] waiting        3m37.0s   
step_00800 • [   0% ] waiting        4m07.0s   
step_00850 • [   0% ] waiting        4m37.0s   
step_00900 • [   0% ] waiting        5m07.0s   
step_00950 • [   0% ] waiting        5m37.0s   
step_01000 • [   0% ] waiting        6m07.0s   

running (03m24.0s), 0001/0446 VUs, 39830 complete and 0 interrupted iterations
step_00050 ✓ [ 100% ] 000/020 VUs    30s        50.00 iters/s
step_00100 ✓ [ 100% ] 000/020 VUs    30s        100.00 iters/s
step_00150 ✓ [ 100% ] 000/030 VUs    30s        150.00 iters/s
step_00200 ✓ [ 100% ] 000/040 VUs    30s        200.00 iters/s
step_00250 ✓ [ 100% ] 000/106 VUs    30s        250.00 iters/s
step_00300 ✓ [ 100% ] 000/060 VUs    30s        300.00 iters/s
step_00350   [  80% ] 0001/0070 VUs  24.0s/30s  350.00 iters/s
step_00400 • [   0% ] waiting        0m06.0s   
step_00450 • [   0% ] waiting        0m36.0s   
step_00500 • [   0% ] waiting        1m06.0s   
step_00550 • [   0% ] waiting        1m36.0s   
step_00600 • [   0% ] waiting        2m06.0s   
step_00650 • [   0% ] waiting        2m36.0s   
step_00700 • [   0% ] waiting        3m06.0s   
step_00750 • [   0% ] waiting        3m36.0s   
step_00800 • [   0% ] waiting        4m06.0s   
step_00850 • [   0% ] waiting        4m36.0s   
step_00900 • [   0% ] waiting        5m06.0s   
step_00950 • [   0% ] waiting        5m36.0s   
step_01000 • [   0% ] waiting        6m06.0s   

running (03m24.9s), 0001/0446 VUs, 40180 complete and 0 interrupted iterations
step_00050 ✓ [ 100% ] 000/020 VUs    30s        50.00 iters/s
step_00100 ✓ [ 100% ] 000/020 VUs    30s        100.00 iters/s
step_00150 ✓ [ 100% ] 000/030 VUs    30s        150.00 iters/s
step_00200 ✓ [ 100% ] 000/040 VUs    30s        200.00 iters/s
step_00250 ✓ [ 100% ] 000/106 VUs    30s        250.00 iters/s
step_00300 ✓ [ 100% ] 000/060 VUs    30s        300.00 iters/s
step_00350   [  83% ] 0001/0070 VUs  25.0s/30s  350.00 iters/s
step_00400 • [   0% ] waiting        0m05.0s   
step_00450 • [   0% ] waiting        0m35.0s   
step_00500 • [   0% ] waiting        1m05.0s   
step_00550 • [   0% ] waiting        1m35.0s   
step_00600 • [   0% ] waiting        2m05.0s   
step_00650 • [   0% ] waiting        2m35.0s   
step_00700 • [   0% ] waiting        3m05.0s   
step_00750 • [   0% ] waiting        3m35.0s   
step_00800 • [   0% ] waiting        4m05.0s   
step_00850 • [   0% ] waiting        4m35.0s   
step_00900 • [   0% ] waiting        5m05.0s   
step_00950 • [   0% ] waiting        5m35.0s   
step_01000 • [   0% ] waiting        6m05.0s   

running (03m26.0s), 0000/0446 VUs, 40531 complete and 0 interrupted iterations
step_00050 ✓ [ 100% ] 000/020 VUs    30s        50.00 iters/s
step_00100 ✓ [ 100% ] 000/020 VUs    30s        100.00 iters/s
step_00150 ✓ [ 100% ] 000/030 VUs    30s        150.00 iters/s
step_00200 ✓ [ 100% ] 000/040 VUs    30s        200.00 iters/s
step_00250 ✓ [ 100% ] 000/106 VUs    30s        250.00 iters/s
step_00300 ✓ [ 100% ] 000/060 VUs    30s        300.00 iters/s
step_00350   [  87% ] 0000/0070 VUs  26.0s/30s  350.00 iters/s
step_00400 • [   0% ] waiting        0m04.0s   
step_00450 • [   0% ] waiting        0m34.0s   
step_00500 • [   0% ] waiting        1m04.0s   
step_00550 • [   0% ] waiting        1m34.0s   
step_00600 • [   0% ] waiting        2m04.0s   
step_00650 • [   0% ] waiting        2m34.0s   
step_00700 • [   0% ] waiting        3m04.0s   
step_00750 • [   0% ] waiting        3m34.0s   
step_00800 • [   0% ] waiting        4m04.0s   
step_00850 • [   0% ] waiting        4m34.0s   
step_00900 • [   0% ] waiting        5m04.0s   
step_00950 • [   0% ] waiting        5m34.0s   
step_01000 • [   0% ] waiting        6m04.0s   

running (03m26.9s), 0000/0446 VUs, 40881 complete and 0 interrupted iterations
step_00050 ✓ [ 100% ] 000/020 VUs    30s        50.00 iters/s
step_00100 ✓ [ 100% ] 000/020 VUs    30s        100.00 iters/s
step_00150 ✓ [ 100% ] 000/030 VUs    30s        150.00 iters/s
step_00200 ✓ [ 100% ] 000/040 VUs    30s        200.00 iters/s
step_00250 ✓ [ 100% ] 000/106 VUs    30s        250.00 iters/s
step_00300 ✓ [ 100% ] 000/060 VUs    30s        300.00 iters/s
step_00350   [  90% ] 0000/0070 VUs  27.0s/30s  350.00 iters/s
step_00400 • [   0% ] waiting        0m03.0s   
step_00450 • [   0% ] waiting        0m33.0s   
step_00500 • [   0% ] waiting        1m03.0s   
step_00550 • [   0% ] waiting        1m33.0s   
step_00600 • [   0% ] waiting        2m03.0s   
step_00650 • [   0% ] waiting        2m33.0s   
step_00700 • [   0% ] waiting        3m03.0s   
step_00750 • [   0% ] waiting        3m33.0s   
step_00800 • [   0% ] waiting        4m03.0s   
step_00850 • [   0% ] waiting        4m33.0s   
step_00900 • [   0% ] waiting        5m03.0s   
step_00950 • [   0% ] waiting        5m33.0s   
step_01000 • [   0% ] waiting        6m03.0s   

running (03m27.9s), 0000/0446 VUs, 41231 complete and 0 interrupted iterations
step_00050 ✓ [ 100% ] 000/020 VUs    30s        50.00 iters/s
step_00100 ✓ [ 100% ] 000/020 VUs    30s        100.00 iters/s
step_00150 ✓ [ 100% ] 000/030 VUs    30s        150.00 iters/s
step_00200 ✓ [ 100% ] 000/040 VUs    30s        200.00 iters/s
step_00250 ✓ [ 100% ] 000/106 VUs    30s        250.00 iters/s
step_00300 ✓ [ 100% ] 000/060 VUs    30s        300.00 iters/s
step_00350   [  93% ] 0000/0070 VUs  28.0s/30s  350.00 iters/s
step_00400 • [   0% ] waiting        0m02.0s   
step_00450 • [   0% ] waiting        0m32.0s   
step_00500 • [   0% ] waiting        1m02.0s   
step_00550 • [   0% ] waiting        1m32.0s   
step_00600 • [   0% ] waiting        2m02.0s   
step_00650 • [   0% ] waiting        2m32.0s   
step_00700 • [   0% ] waiting        3m02.0s   
step_00750 • [   0% ] waiting        3m32.0s   
step_00800 • [   0% ] waiting        4m02.0s   
step_00850 • [   0% ] waiting        4m32.0s   
step_00900 • [   0% ] waiting        5m02.0s   
step_00950 • [   0% ] waiting        5m32.0s   
step_01000 • [   0% ] waiting        6m02.0s   

running (03m28.9s), 0000/0446 VUs, 41581 complete and 0 interrupted iterations
step_00050 ✓ [ 100% ] 000/020 VUs    30s        50.00 iters/s
step_00100 ✓ [ 100% ] 000/020 VUs    30s        100.00 iters/s
step_00150 ✓ [ 100% ] 000/030 VUs    30s        150.00 iters/s
step_00200 ✓ [ 100% ] 000/040 VUs    30s        200.00 iters/s
step_00250 ✓ [ 100% ] 000/106 VUs    30s        250.00 iters/s
step_00300 ✓ [ 100% ] 000/060 VUs    30s        300.00 iters/s
step_00350   [  97% ] 0000/0070 VUs  29.0s/30s  350.00 iters/s
step_00400 • [   0% ] waiting        0m01.0s   
step_00450 • [   0% ] waiting        0m31.0s   
step_00500 • [   0% ] waiting        1m01.0s   
step_00550 • [   0% ] waiting        1m31.0s   
step_00600 • [   0% ] waiting        2m01.0s   
step_00650 • [   0% ] waiting        2m31.0s   
step_00700 • [   0% ] waiting        3m01.0s   
step_00750 • [   0% ] waiting        3m31.0s   
step_00800 • [   0% ] waiting        4m01.0s   
step_00850 • [   0% ] waiting        4m31.0s   
step_00900 • [   0% ] waiting        5m01.0s   
step_00950 • [   0% ] waiting        5m31.0s   
step_01000 • [   0% ] waiting        6m01.0s   

running (03m29.9s), 0000/0446 VUs, 41931 complete and 0 interrupted iterations
step_00050 ✓ [ 100% ] 000/020 VUs    30s        50.00 iters/s
step_00100 ✓ [ 100% ] 000/020 VUs    30s        100.00 iters/s
step_00150 ✓ [ 100% ] 000/030 VUs    30s        150.00 iters/s
step_00200 ✓ [ 100% ] 000/040 VUs    30s        200.00 iters/s
step_00250 ✓ [ 100% ] 000/106 VUs    30s        250.00 iters/s
step_00300 ✓ [ 100% ] 000/060 VUs    30s        300.00 iters/s
step_00350   [ 100% ] 0000/0070 VUs  30.0s/30s  350.00 iters/s
step_00400 • [   0% ] waiting        0m00.0s   
step_00450 • [   0% ] waiting        0m30.0s   
step_00500 • [   0% ] waiting        1m00.0s   
step_00550 • [   0% ] waiting        1m30.0s   
step_00600 • [   0% ] waiting        2m00.0s   
step_00650 • [   0% ] waiting        2m30.0s   
step_00700 • [   0% ] waiting        3m00.0s   
step_00750 • [   0% ] waiting        3m30.0s   
step_00800 • [   0% ] waiting        4m00.0s   
step_00850 • [   0% ] waiting        4m30.0s   
step_00900 • [   0% ] waiting        5m00.0s   
step_00950 • [   0% ] waiting        5m30.0s   
step_01000 • [   0% ] waiting        6m00.0s   

running (03m30.9s), 0001/0446 VUs, 42328 complete and 0 interrupted iterations
step_00050 ✓ [ 100% ] 000/020 VUs    30s        50.00 iters/s
step_00100 ✓ [ 100% ] 000/020 VUs    30s        100.00 iters/s
step_00150 ✓ [ 100% ] 000/030 VUs    30s        150.00 iters/s
step_00200 ✓ [ 100% ] 000/040 VUs    30s        200.00 iters/s
step_00250 ✓ [ 100% ] 000/106 VUs    30s        250.00 iters/s
step_00300 ✓ [ 100% ] 000/060 VUs    30s        300.00 iters/s
step_00350 ✓ [ 100% ] 0000/0070 VUs  30s        350.00 iters/s
step_00400   [   3% ] 0001/0080 VUs  01.0s/30s  400.00 iters/s
step_00450 • [   0% ] waiting        0m29.0s   
step_00500 • [   0% ] waiting        0m59.0s   
step_00550 • [   0% ] waiting        1m29.0s   
step_00600 • [   0% ] waiting        1m59.0s   
step_00650 • [   0% ] waiting        2m29.0s   
step_00700 • [   0% ] waiting        2m59.0s   
step_00750 • [   0% ] waiting        3m29.0s   
step_00800 • [   0% ] waiting        3m59.0s   
step_00850 • [   0% ] waiting        4m29.0s   
step_00900 • [   0% ] waiting        4m59.0s   
step_00950 • [   0% ] waiting        5m29.0s   
step_01000 • [   0% ] waiting        5m59.0s   

running (03m31.9s), 0001/0446 VUs, 42728 complete and 0 interrupted iterations
step_00050 ✓ [ 100% ] 000/020 VUs    30s        50.00 iters/s
step_00100 ✓ [ 100% ] 000/020 VUs    30s        100.00 iters/s
step_00150 ✓ [ 100% ] 000/030 VUs    30s        150.00 iters/s
step_00200 ✓ [ 100% ] 000/040 VUs    30s        200.00 iters/s
step_00250 ✓ [ 100% ] 000/106 VUs    30s        250.00 iters/s
step_00300 ✓ [ 100% ] 000/060 VUs    30s        300.00 iters/s
step_00350 ✓ [ 100% ] 0000/0070 VUs  30s        350.00 iters/s
step_00400   [   7% ] 0001/0080 VUs  02.0s/30s  400.00 iters/s
step_00450 • [   0% ] waiting        0m28.0s   
step_00500 • [   0% ] waiting        0m58.0s   
step_00550 • [   0% ] waiting        1m28.0s   
step_00600 • [   0% ] waiting        1m58.0s   
step_00650 • [   0% ] waiting        2m28.0s   
step_00700 • [   0% ] waiting        2m58.0s   
step_00750 • [   0% ] waiting        3m28.0s   
step_00800 • [   0% ] waiting        3m58.0s   
step_00850 • [   0% ] waiting        4m28.0s   
step_00900 • [   0% ] waiting        4m58.0s   
step_00950 • [   0% ] waiting        5m28.0s   
step_01000 • [   0% ] waiting        5m58.0s   

running (03m32.9s), 0001/0446 VUs, 43128 complete and 0 interrupted iterations
step_00050 ✓ [ 100% ] 000/020 VUs    30s        50.00 iters/s
step_00100 ✓ [ 100% ] 000/020 VUs    30s        100.00 iters/s
step_00150 ✓ [ 100% ] 000/030 VUs    30s        150.00 iters/s
step_00200 ✓ [ 100% ] 000/040 VUs    30s        200.00 iters/s
step_00250 ✓ [ 100% ] 000/106 VUs    30s        250.00 iters/s
step_00300 ✓ [ 100% ] 000/060 VUs    30s        300.00 iters/s
step_00350 ✓ [ 100% ] 0000/0070 VUs  30s        350.00 iters/s
step_00400   [  10% ] 0001/0080 VUs  03.0s/30s  400.00 iters/s
step_00450 • [   0% ] waiting        0m27.0s   
step_00500 • [   0% ] waiting        0m57.0s   
step_00550 • [   0% ] waiting        1m27.0s   
step_00600 • [   0% ] waiting        1m57.0s   
step_00650 • [   0% ] waiting        2m27.0s   
step_00700 • [   0% ] waiting        2m57.0s   
step_00750 • [   0% ] waiting        3m27.0s   
step_00800 • [   0% ] waiting        3m57.0s   
step_00850 • [   0% ] waiting        4m27.0s   
step_00900 • [   0% ] waiting        4m57.0s   
step_00950 • [   0% ] waiting        5m27.0s   
step_01000 • [   0% ] waiting        5m57.0s   

running (03m33.9s), 0001/0446 VUs, 43528 complete and 0 interrupted iterations
step_00050 ✓ [ 100% ] 000/020 VUs    30s        50.00 iters/s
step_00100 ✓ [ 100% ] 000/020 VUs    30s        100.00 iters/s
step_00150 ✓ [ 100% ] 000/030 VUs    30s        150.00 iters/s
step_00200 ✓ [ 100% ] 000/040 VUs    30s        200.00 iters/s
step_00250 ✓ [ 100% ] 000/106 VUs    30s        250.00 iters/s
step_00300 ✓ [ 100% ] 000/060 VUs    30s        300.00 iters/s
step_00350 ✓ [ 100% ] 0000/0070 VUs  30s        350.00 iters/s
step_00400   [  13% ] 0001/0080 VUs  04.0s/30s  400.00 iters/s
step_00450 • [   0% ] waiting        0m26.0s   
step_00500 • [   0% ] waiting        0m56.0s   
step_00550 • [   0% ] waiting        1m26.0s   
step_00600 • [   0% ] waiting        1m56.0s   
step_00650 • [   0% ] waiting        2m26.0s   
step_00700 • [   0% ] waiting        2m56.0s   
step_00750 • [   0% ] waiting        3m26.0s   
step_00800 • [   0% ] waiting        3m56.0s   
step_00850 • [   0% ] waiting        4m26.0s   
step_00900 • [   0% ] waiting        4m56.0s   
step_00950 • [   0% ] waiting        5m26.0s   
step_01000 • [   0% ] waiting        5m56.0s   

running (03m34.9s), 0001/0446 VUs, 43928 complete and 0 interrupted iterations
step_00050 ✓ [ 100% ] 000/020 VUs    30s        50.00 iters/s
step_00100 ✓ [ 100% ] 000/020 VUs    30s        100.00 iters/s
step_00150 ✓ [ 100% ] 000/030 VUs    30s        150.00 iters/s
step_00200 ✓ [ 100% ] 000/040 VUs    30s        200.00 iters/s
step_00250 ✓ [ 100% ] 000/106 VUs    30s        250.00 iters/s
step_00300 ✓ [ 100% ] 000/060 VUs    30s        300.00 iters/s
step_00350 ✓ [ 100% ] 0000/0070 VUs  30s        350.00 iters/s
step_00400   [  17% ] 0001/0080 VUs  05.0s/30s  400.00 iters/s
step_00450 • [   0% ] waiting        0m25.0s   
step_00500 • [   0% ] waiting        0m55.0s   
step_00550 • [   0% ] waiting        1m25.0s   
step_00600 • [   0% ] waiting        1m55.0s   
step_00650 • [   0% ] waiting        2m25.0s   
step_00700 • [   0% ] waiting        2m55.0s   
step_00750 • [   0% ] waiting        3m25.0s   
step_00800 • [   0% ] waiting        3m55.0s   
step_00850 • [   0% ] waiting        4m25.0s   
step_00900 • [   0% ] waiting        4m55.0s   
step_00950 • [   0% ] waiting        5m25.0s   
step_01000 • [   0% ] waiting        5m55.0s   

running (03m35.9s), 0001/0446 VUs, 44328 complete and 0 interrupted iterations
step_00050 ✓ [ 100% ] 000/020 VUs    30s        50.00 iters/s
step_00100 ✓ [ 100% ] 000/020 VUs    30s        100.00 iters/s
step_00150 ✓ [ 100% ] 000/030 VUs    30s        150.00 iters/s
step_00200 ✓ [ 100% ] 000/040 VUs    30s        200.00 iters/s
step_00250 ✓ [ 100% ] 000/106 VUs    30s        250.00 iters/s
step_00300 ✓ [ 100% ] 000/060 VUs    30s        300.00 iters/s
step_00350 ✓ [ 100% ] 0000/0070 VUs  30s        350.00 iters/s
step_00400   [  20% ] 0001/0080 VUs  06.0s/30s  400.00 iters/s
step_00450 • [   0% ] waiting        0m24.0s   
step_00500 • [   0% ] waiting        0m54.0s   
step_00550 • [   0% ] waiting        1m24.0s   
step_00600 • [   0% ] waiting        1m54.0s   
step_00650 • [   0% ] waiting        2m24.0s   
step_00700 • [   0% ] waiting        2m54.0s   
step_00750 • [   0% ] waiting        3m24.0s   
step_00800 • [   0% ] waiting        3m54.0s   
step_00850 • [   0% ] waiting        4m24.0s   
step_00900 • [   0% ] waiting        4m54.0s   
step_00950 • [   0% ] waiting        5m24.0s   
step_01000 • [   0% ] waiting        5m54.0s   

running (03m36.9s), 0001/0446 VUs, 44728 complete and 0 interrupted iterations
step_00050 ✓ [ 100% ] 000/020 VUs    30s        50.00 iters/s
step_00100 ✓ [ 100% ] 000/020 VUs    30s        100.00 iters/s
step_00150 ✓ [ 100% ] 000/030 VUs    30s        150.00 iters/s
step_00200 ✓ [ 100% ] 000/040 VUs    30s        200.00 iters/s
step_00250 ✓ [ 100% ] 000/106 VUs    30s        250.00 iters/s
step_00300 ✓ [ 100% ] 000/060 VUs    30s        300.00 iters/s
step_00350 ✓ [ 100% ] 0000/0070 VUs  30s        350.00 iters/s
step_00400   [  23% ] 0001/0080 VUs  07.0s/30s  400.00 iters/s
step_00450 • [   0% ] waiting        0m23.0s   
step_00500 • [   0% ] waiting        0m53.0s   
step_00550 • [   0% ] waiting        1m23.0s   
step_00600 • [   0% ] waiting        1m53.0s   
step_00650 • [   0% ] waiting        2m23.0s   
step_00700 • [   0% ] waiting        2m53.0s   
step_00750 • [   0% ] waiting        3m23.0s   
step_00800 • [   0% ] waiting        3m53.0s   
step_00850 • [   0% ] waiting        4m23.0s   
step_00900 • [   0% ] waiting        4m53.0s   
step_00950 • [   0% ] waiting        5m23.0s   
step_01000 • [   0% ] waiting        5m53.0s   

running (03m37.9s), 0003/0446 VUs, 45126 complete and 0 interrupted iterations
step_00050 ✓ [ 100% ] 000/020 VUs    30s        50.00 iters/s
step_00100 ✓ [ 100% ] 000/020 VUs    30s        100.00 iters/s
step_00150 ✓ [ 100% ] 000/030 VUs    30s        150.00 iters/s
step_00200 ✓ [ 100% ] 000/040 VUs    30s        200.00 iters/s
step_00250 ✓ [ 100% ] 000/106 VUs    30s        250.00 iters/s
step_00300 ✓ [ 100% ] 000/060 VUs    30s        300.00 iters/s
step_00350 ✓ [ 100% ] 0000/0070 VUs  30s        350.00 iters/s
step_00400   [  27% ] 0003/0080 VUs  08.0s/30s  400.00 iters/s
step_00450 • [   0% ] waiting        0m22.0s   
step_00500 • [   0% ] waiting        0m52.0s   
step_00550 • [   0% ] waiting        1m22.0s   
step_00600 • [   0% ] waiting        1m52.0s   
step_00650 • [   0% ] waiting        2m22.0s   
step_00700 • [   0% ] waiting        2m52.0s   
step_00750 • [   0% ] waiting        3m22.0s   
step_00800 • [   0% ] waiting        3m52.0s   
step_00850 • [   0% ] waiting        4m22.0s   
step_00900 • [   0% ] waiting        4m52.0s   
step_00950 • [   0% ] waiting        5m22.0s   
step_01000 • [   0% ] waiting        5m52.0s   

running (03m38.9s), 0001/0446 VUs, 45528 complete and 0 interrupted iterations
step_00050 ✓ [ 100% ] 000/020 VUs    30s        50.00 iters/s
step_00100 ✓ [ 100% ] 000/020 VUs    30s        100.00 iters/s
step_00150 ✓ [ 100% ] 000/030 VUs    30s        150.00 iters/s
step_00200 ✓ [ 100% ] 000/040 VUs    30s        200.00 iters/s
step_00250 ✓ [ 100% ] 000/106 VUs    30s        250.00 iters/s
step_00300 ✓ [ 100% ] 000/060 VUs    30s        300.00 iters/s
step_00350 ✓ [ 100% ] 0000/0070 VUs  30s        350.00 iters/s
step_00400   [  30% ] 0001/0080 VUs  09.0s/30s  400.00 iters/s
step_00450 • [   0% ] waiting        0m21.0s   
step_00500 • [   0% ] waiting        0m51.0s   
step_00550 • [   0% ] waiting        1m21.0s   
step_00600 • [   0% ] waiting        1m51.0s   
step_00650 • [   0% ] waiting        2m21.0s   
step_00700 • [   0% ] waiting        2m51.0s   
step_00750 • [   0% ] waiting        3m21.0s   
step_00800 • [   0% ] waiting        3m51.0s   
step_00850 • [   0% ] waiting        4m21.0s   
step_00900 • [   0% ] waiting        4m51.0s   
step_00950 • [   0% ] waiting        5m21.0s   
step_01000 • [   0% ] waiting        5m51.0s   

running (03m39.9s), 0001/0446 VUs, 45928 complete and 0 interrupted iterations
step_00050 ✓ [ 100% ] 000/020 VUs    30s        50.00 iters/s
step_00100 ✓ [ 100% ] 000/020 VUs    30s        100.00 iters/s
step_00150 ✓ [ 100% ] 000/030 VUs    30s        150.00 iters/s
step_00200 ✓ [ 100% ] 000/040 VUs    30s        200.00 iters/s
step_00250 ✓ [ 100% ] 000/106 VUs    30s        250.00 iters/s
step_00300 ✓ [ 100% ] 000/060 VUs    30s        300.00 iters/s
step_00350 ✓ [ 100% ] 0000/0070 VUs  30s        350.00 iters/s
step_00400   [  33% ] 0001/0080 VUs  10.0s/30s  400.00 iters/s
step_00450 • [   0% ] waiting        0m20.0s   
step_00500 • [   0% ] waiting        0m50.0s   
step_00550 • [   0% ] waiting        1m20.0s   
step_00600 • [   0% ] waiting        1m50.0s   
step_00650 • [   0% ] waiting        2m20.0s   
step_00700 • [   0% ] waiting        2m50.0s   
step_00750 • [   0% ] waiting        3m20.0s   
step_00800 • [   0% ] waiting        3m50.0s   
step_00850 • [   0% ] waiting        4m20.0s   
step_00900 • [   0% ] waiting        4m50.0s   
step_00950 • [   0% ] waiting        5m20.0s   
step_01000 • [   0% ] waiting        5m50.0s   

running (03m40.9s), 0001/0446 VUs, 46328 complete and 0 interrupted iterations
step_00050 ✓ [ 100% ] 000/020 VUs    30s        50.00 iters/s
step_00100 ✓ [ 100% ] 000/020 VUs    30s        100.00 iters/s
step_00150 ✓ [ 100% ] 000/030 VUs    30s        150.00 iters/s
step_00200 ✓ [ 100% ] 000/040 VUs    30s        200.00 iters/s
step_00250 ✓ [ 100% ] 000/106 VUs    30s        250.00 iters/s
step_00300 ✓ [ 100% ] 000/060 VUs    30s        300.00 iters/s
step_00350 ✓ [ 100% ] 0000/0070 VUs  30s        350.00 iters/s
step_00400   [  37% ] 0001/0080 VUs  11.0s/30s  400.00 iters/s
step_00450 • [   0% ] waiting        0m19.0s   
step_00500 • [   0% ] waiting        0m49.0s   
step_00550 • [   0% ] waiting        1m19.0s   
step_00600 • [   0% ] waiting        1m49.0s   
step_00650 • [   0% ] waiting        2m19.0s   
step_00700 • [   0% ] waiting        2m49.0s   
step_00750 • [   0% ] waiting        3m19.0s   
step_00800 • [   0% ] waiting        3m49.0s   
step_00850 • [   0% ] waiting        4m19.0s   
step_00900 • [   0% ] waiting        4m49.0s   
step_00950 • [   0% ] waiting        5m19.0s   
step_01000 • [   0% ] waiting        5m49.0s   

running (03m41.9s), 0001/0446 VUs, 46728 complete and 0 interrupted iterations
step_00050 ✓ [ 100% ] 000/020 VUs    30s        50.00 iters/s
step_00100 ✓ [ 100% ] 000/020 VUs    30s        100.00 iters/s
step_00150 ✓ [ 100% ] 000/030 VUs    30s        150.00 iters/s
step_00200 ✓ [ 100% ] 000/040 VUs    30s        200.00 iters/s
step_00250 ✓ [ 100% ] 000/106 VUs    30s        250.00 iters/s
step_00300 ✓ [ 100% ] 000/060 VUs    30s        300.00 iters/s
step_00350 ✓ [ 100% ] 0000/0070 VUs  30s        350.00 iters/s
step_00400   [  40% ] 0001/0080 VUs  12.0s/30s  400.00 iters/s
step_00450 • [   0% ] waiting        0m18.0s   
step_00500 • [   0% ] waiting        0m48.0s   
step_00550 • [   0% ] waiting        1m18.0s   
step_00600 • [   0% ] waiting        1m48.0s   
step_00650 • [   0% ] waiting        2m18.0s   
step_00700 • [   0% ] waiting        2m48.0s   
step_00750 • [   0% ] waiting        3m18.0s   
step_00800 • [   0% ] waiting        3m48.0s   
step_00850 • [   0% ] waiting        4m18.0s   
step_00900 • [   0% ] waiting        4m48.0s   
step_00950 • [   0% ] waiting        5m18.0s   
step_01000 • [   0% ] waiting        5m48.0s   

running (03m42.9s), 0015/0446 VUs, 47114 complete and 0 interrupted iterations
step_00050 ✓ [ 100% ] 000/020 VUs    30s        50.00 iters/s
step_00100 ✓ [ 100% ] 000/020 VUs    30s        100.00 iters/s
step_00150 ✓ [ 100% ] 000/030 VUs    30s        150.00 iters/s
step_00200 ✓ [ 100% ] 000/040 VUs    30s        200.00 iters/s
step_00250 ✓ [ 100% ] 000/106 VUs    30s        250.00 iters/s
step_00300 ✓ [ 100% ] 000/060 VUs    30s        300.00 iters/s
step_00350 ✓ [ 100% ] 0000/0070 VUs  30s        350.00 iters/s
step_00400   [  43% ] 0015/0080 VUs  13.0s/30s  400.00 iters/s
step_00450 • [   0% ] waiting        0m17.0s   
step_00500 • [   0% ] waiting        0m47.0s   
step_00550 • [   0% ] waiting        1m17.0s   
step_00600 • [   0% ] waiting        1m47.0s   
step_00650 • [   0% ] waiting        2m17.0s   
step_00700 • [   0% ] waiting        2m47.0s   
step_00750 • [   0% ] waiting        3m17.0s   
step_00800 • [   0% ] waiting        3m47.0s   
step_00850 • [   0% ] waiting        4m17.0s   
step_00900 • [   0% ] waiting        4m47.0s   
step_00950 • [   0% ] waiting        5m17.0s   
step_01000 • [   0% ] waiting        5m47.0s   

running (03m43.9s), 0006/0446 VUs, 47523 complete and 0 interrupted iterations
step_00050 ✓ [ 100% ] 000/020 VUs    30s        50.00 iters/s
step_00100 ✓ [ 100% ] 000/020 VUs    30s        100.00 iters/s
step_00150 ✓ [ 100% ] 000/030 VUs    30s        150.00 iters/s
step_00200 ✓ [ 100% ] 000/040 VUs    30s        200.00 iters/s
step_00250 ✓ [ 100% ] 000/106 VUs    30s        250.00 iters/s
step_00300 ✓ [ 100% ] 000/060 VUs    30s        300.00 iters/s
step_00350 ✓ [ 100% ] 0000/0070 VUs  30s        350.00 iters/s
step_00400   [  47% ] 0006/0080 VUs  14.0s/30s  400.00 iters/s
step_00450 • [   0% ] waiting        0m16.0s   
step_00500 • [   0% ] waiting        0m46.0s   
step_00550 • [   0% ] waiting        1m16.0s   
step_00600 • [   0% ] waiting        1m46.0s   
step_00650 • [   0% ] waiting        2m16.0s   
step_00700 • [   0% ] waiting        2m46.0s   
step_00750 • [   0% ] waiting        3m16.0s   
step_00800 • [   0% ] waiting        3m46.0s   
step_00850 • [   0% ] waiting        4m16.0s   
step_00900 • [   0% ] waiting        4m46.0s   
step_00950 • [   0% ] waiting        5m16.0s   
step_01000 • [   0% ] waiting        5m46.0s   

running (03m44.9s), 0002/0446 VUs, 47927 complete and 0 interrupted iterations
step_00050 ✓ [ 100% ] 000/020 VUs    30s        50.00 iters/s
step_00100 ✓ [ 100% ] 000/020 VUs    30s        100.00 iters/s
step_00150 ✓ [ 100% ] 000/030 VUs    30s        150.00 iters/s
step_00200 ✓ [ 100% ] 000/040 VUs    30s        200.00 iters/s
step_00250 ✓ [ 100% ] 000/106 VUs    30s        250.00 iters/s
step_00300 ✓ [ 100% ] 000/060 VUs    30s        300.00 iters/s
step_00350 ✓ [ 100% ] 0000/0070 VUs  30s        350.00 iters/s
step_00400   [  50% ] 0002/0080 VUs  15.0s/30s  400.00 iters/s
step_00450 • [   0% ] waiting        0m15.0s   
step_00500 • [   0% ] waiting        0m45.0s   
step_00550 • [   0% ] waiting        1m15.0s   
step_00600 • [   0% ] waiting        1m45.0s   
step_00650 • [   0% ] waiting        2m15.0s   
step_00700 • [   0% ] waiting        2m45.0s   
step_00750 • [   0% ] waiting        3m15.0s   
step_00800 • [   0% ] waiting        3m45.0s   
step_00850 • [   0% ] waiting        4m15.0s   
step_00900 • [   0% ] waiting        4m45.0s   
step_00950 • [   0% ] waiting        5m15.0s   
step_01000 • [   0% ] waiting        5m45.0s   

running (03m45.9s), 0001/0446 VUs, 48328 complete and 0 interrupted iterations
step_00050 ✓ [ 100% ] 000/020 VUs    30s        50.00 iters/s
step_00100 ✓ [ 100% ] 000/020 VUs    30s        100.00 iters/s
step_00150 ✓ [ 100% ] 000/030 VUs    30s        150.00 iters/s
step_00200 ✓ [ 100% ] 000/040 VUs    30s        200.00 iters/s
step_00250 ✓ [ 100% ] 000/106 VUs    30s        250.00 iters/s
step_00300 ✓ [ 100% ] 000/060 VUs    30s        300.00 iters/s
step_00350 ✓ [ 100% ] 0000/0070 VUs  30s        350.00 iters/s
step_00400   [  53% ] 0001/0080 VUs  16.0s/30s  400.00 iters/s
step_00450 • [   0% ] waiting        0m14.0s   
step_00500 • [   0% ] waiting        0m44.0s   
step_00550 • [   0% ] waiting        1m14.0s   
step_00600 • [   0% ] waiting        1m44.0s   
step_00650 • [   0% ] waiting        2m14.0s   
step_00700 • [   0% ] waiting        2m44.0s   
step_00750 • [   0% ] waiting        3m14.0s   
step_00800 • [   0% ] waiting        3m44.0s   
step_00850 • [   0% ] waiting        4m14.0s   
step_00900 • [   0% ] waiting        4m44.0s   
step_00950 • [   0% ] waiting        5m14.0s   
step_01000 • [   0% ] waiting        5m44.0s   

running (03m46.9s), 0001/0446 VUs, 48728 complete and 0 interrupted iterations
step_00050 ✓ [ 100% ] 000/020 VUs    30s        50.00 iters/s
step_00100 ✓ [ 100% ] 000/020 VUs    30s        100.00 iters/s
step_00150 ✓ [ 100% ] 000/030 VUs    30s        150.00 iters/s
step_00200 ✓ [ 100% ] 000/040 VUs    30s        200.00 iters/s
step_00250 ✓ [ 100% ] 000/106 VUs    30s        250.00 iters/s
step_00300 ✓ [ 100% ] 000/060 VUs    30s        300.00 iters/s
step_00350 ✓ [ 100% ] 0000/0070 VUs  30s        350.00 iters/s
step_00400   [  57% ] 0001/0080 VUs  17.0s/30s  400.00 iters/s
step_00450 • [   0% ] waiting        0m13.0s   
step_00500 • [   0% ] waiting        0m43.0s   
step_00550 • [   0% ] waiting        1m13.0s   
step_00600 • [   0% ] waiting        1m43.0s   
step_00650 • [   0% ] waiting        2m13.0s   
step_00700 • [   0% ] waiting        2m43.0s   
step_00750 • [   0% ] waiting        3m13.0s   
step_00800 • [   0% ] waiting        3m43.0s   
step_00850 • [   0% ] waiting        4m13.0s   
step_00900 • [   0% ] waiting        4m43.0s   
step_00950 • [   0% ] waiting        5m13.0s   
step_01000 • [   0% ] waiting        5m43.0s   

running (03m47.9s), 0001/0446 VUs, 49128 complete and 0 interrupted iterations
step_00050 ✓ [ 100% ] 000/020 VUs    30s        50.00 iters/s
step_00100 ✓ [ 100% ] 000/020 VUs    30s        100.00 iters/s
step_00150 ✓ [ 100% ] 000/030 VUs    30s        150.00 iters/s
step_00200 ✓ [ 100% ] 000/040 VUs    30s        200.00 iters/s
step_00250 ✓ [ 100% ] 000/106 VUs    30s        250.00 iters/s
step_00300 ✓ [ 100% ] 000/060 VUs    30s        300.00 iters/s
step_00350 ✓ [ 100% ] 0000/0070 VUs  30s        350.00 iters/s
step_00400   [  60% ] 0001/0080 VUs  18.0s/30s  400.00 iters/s
step_00450 • [   0% ] waiting        0m12.0s   
step_00500 • [   0% ] waiting        0m42.0s   
step_00550 • [   0% ] waiting        1m12.0s   
step_00600 • [   0% ] waiting        1m42.0s   
step_00650 • [   0% ] waiting        2m12.0s   
step_00700 • [   0% ] waiting        2m42.0s   
step_00750 • [   0% ] waiting        3m12.0s   
step_00800 • [   0% ] waiting        3m42.0s   
step_00850 • [   0% ] waiting        4m12.0s   
step_00900 • [   0% ] waiting        4m42.0s   
step_00950 • [   0% ] waiting        5m12.0s   
step_01000 • [   0% ] waiting        5m42.0s   

running (03m48.9s), 0001/0446 VUs, 49528 complete and 0 interrupted iterations
step_00050 ✓ [ 100% ] 000/020 VUs    30s        50.00 iters/s
step_00100 ✓ [ 100% ] 000/020 VUs    30s        100.00 iters/s
step_00150 ✓ [ 100% ] 000/030 VUs    30s        150.00 iters/s
step_00200 ✓ [ 100% ] 000/040 VUs    30s        200.00 iters/s
step_00250 ✓ [ 100% ] 000/106 VUs    30s        250.00 iters/s
step_00300 ✓ [ 100% ] 000/060 VUs    30s        300.00 iters/s
step_00350 ✓ [ 100% ] 0000/0070 VUs  30s        350.00 iters/s
step_00400   [  63% ] 0001/0080 VUs  19.0s/30s  400.00 iters/s
step_00450 • [   0% ] waiting        0m11.0s   
step_00500 • [   0% ] waiting        0m41.0s   
step_00550 • [   0% ] waiting        1m11.0s   
step_00600 • [   0% ] waiting        1m41.0s   
step_00650 • [   0% ] waiting        2m11.0s   
step_00700 • [   0% ] waiting        2m41.0s   
step_00750 • [   0% ] waiting        3m11.0s   
step_00800 • [   0% ] waiting        3m41.0s   
step_00850 • [   0% ] waiting        4m11.0s   
step_00900 • [   0% ] waiting        4m41.0s   
step_00950 • [   0% ] waiting        5m11.0s   
step_01000 • [   0% ] waiting        5m41.0s   

running (03m49.9s), 0001/0446 VUs, 49928 complete and 0 interrupted iterations
step_00050 ✓ [ 100% ] 000/020 VUs    30s        50.00 iters/s
step_00100 ✓ [ 100% ] 000/020 VUs    30s        100.00 iters/s
step_00150 ✓ [ 100% ] 000/030 VUs    30s        150.00 iters/s
step_00200 ✓ [ 100% ] 000/040 VUs    30s        200.00 iters/s
step_00250 ✓ [ 100% ] 000/106 VUs    30s        250.00 iters/s
step_00300 ✓ [ 100% ] 000/060 VUs    30s        300.00 iters/s
step_00350 ✓ [ 100% ] 0000/0070 VUs  30s        350.00 iters/s
step_00400   [  67% ] 0001/0080 VUs  20.0s/30s  400.00 iters/s
step_00450 • [   0% ] waiting        0m10.0s   
step_00500 • [   0% ] waiting        0m40.0s   
step_00550 • [   0% ] waiting        1m10.0s   
step_00600 • [   0% ] waiting        1m40.0s   
step_00650 • [   0% ] waiting        2m10.0s   
step_00700 • [   0% ] waiting        2m40.0s   
step_00750 • [   0% ] waiting        3m10.0s   
step_00800 • [   0% ] waiting        3m40.0s   
step_00850 • [   0% ] waiting        4m10.0s   
step_00900 • [   0% ] waiting        4m40.0s   
step_00950 • [   0% ] waiting        5m10.0s   
step_01000 • [   0% ] waiting        5m40.0s   

running (03m50.9s), 0001/0446 VUs, 50328 complete and 0 interrupted iterations
step_00050 ✓ [ 100% ] 000/020 VUs    30s        50.00 iters/s
step_00100 ✓ [ 100% ] 000/020 VUs    30s        100.00 iters/s
step_00150 ✓ [ 100% ] 000/030 VUs    30s        150.00 iters/s
step_00200 ✓ [ 100% ] 000/040 VUs    30s        200.00 iters/s
step_00250 ✓ [ 100% ] 000/106 VUs    30s        250.00 iters/s
step_00300 ✓ [ 100% ] 000/060 VUs    30s        300.00 iters/s
step_00350 ✓ [ 100% ] 0000/0070 VUs  30s        350.00 iters/s
step_00400   [  70% ] 0001/0080 VUs  21.0s/30s  400.00 iters/s
step_00450 • [   0% ] waiting        0m09.0s   
step_00500 • [   0% ] waiting        0m39.0s   
step_00550 • [   0% ] waiting        1m09.0s   
step_00600 • [   0% ] waiting        1m39.0s   
step_00650 • [   0% ] waiting        2m09.0s   
step_00700 • [   0% ] waiting        2m39.0s   
step_00750 • [   0% ] waiting        3m09.0s   
step_00800 • [   0% ] waiting        3m39.0s   
step_00850 • [   0% ] waiting        4m09.0s   
step_00900 • [   0% ] waiting        4m39.0s   
step_00950 • [   0% ] waiting        5m09.0s   
step_01000 • [   0% ] waiting        5m39.0s   

running (03m51.9s), 0001/0446 VUs, 50728 complete and 0 interrupted iterations
step_00050 ✓ [ 100% ] 000/020 VUs    30s        50.00 iters/s
step_00100 ✓ [ 100% ] 000/020 VUs    30s        100.00 iters/s
step_00150 ✓ [ 100% ] 000/030 VUs    30s        150.00 iters/s
step_00200 ✓ [ 100% ] 000/040 VUs    30s        200.00 iters/s
step_00250 ✓ [ 100% ] 000/106 VUs    30s        250.00 iters/s
step_00300 ✓ [ 100% ] 000/060 VUs    30s        300.00 iters/s
step_00350 ✓ [ 100% ] 0000/0070 VUs  30s        350.00 iters/s
step_00400   [  73% ] 0001/0080 VUs  22.0s/30s  400.00 iters/s
step_00450 • [   0% ] waiting        0m08.0s   
step_00500 • [   0% ] waiting        0m38.0s   
step_00550 • [   0% ] waiting        1m08.0s   
step_00600 • [   0% ] waiting        1m38.0s   
step_00650 • [   0% ] waiting        2m08.0s   
step_00700 • [   0% ] waiting        2m38.0s   
step_00750 • [   0% ] waiting        3m08.0s   
step_00800 • [   0% ] waiting        3m38.0s   
step_00850 • [   0% ] waiting        4m08.0s   
step_00900 • [   0% ] waiting        4m38.0s   
step_00950 • [   0% ] waiting        5m08.0s   
step_01000 • [   0% ] waiting        5m38.0s   

running (03m52.9s), 0001/0446 VUs, 51128 complete and 0 interrupted iterations
step_00050 ✓ [ 100% ] 000/020 VUs    30s        50.00 iters/s
step_00100 ✓ [ 100% ] 000/020 VUs    30s        100.00 iters/s
step_00150 ✓ [ 100% ] 000/030 VUs    30s        150.00 iters/s
step_00200 ✓ [ 100% ] 000/040 VUs    30s        200.00 iters/s
step_00250 ✓ [ 100% ] 000/106 VUs    30s        250.00 iters/s
step_00300 ✓ [ 100% ] 000/060 VUs    30s        300.00 iters/s
step_00350 ✓ [ 100% ] 0000/0070 VUs  30s        350.00 iters/s
step_00400   [  77% ] 0001/0080 VUs  23.0s/30s  400.00 iters/s
step_00450 • [   0% ] waiting        0m07.0s   
step_00500 • [   0% ] waiting        0m37.0s   
step_00550 • [   0% ] waiting        1m07.0s   
step_00600 • [   0% ] waiting        1m37.0s   
step_00650 • [   0% ] waiting        2m07.0s   
step_00700 • [   0% ] waiting        2m37.0s   
step_00750 • [   0% ] waiting        3m07.0s   
step_00800 • [   0% ] waiting        3m37.0s   
step_00850 • [   0% ] waiting        4m07.0s   
step_00900 • [   0% ] waiting        4m37.0s   
step_00950 • [   0% ] waiting        5m07.0s   
step_01000 • [   0% ] waiting        5m37.0s   

running (03m53.9s), 0001/0446 VUs, 51528 complete and 0 interrupted iterations
step_00050 ✓ [ 100% ] 000/020 VUs    30s        50.00 iters/s
step_00100 ✓ [ 100% ] 000/020 VUs    30s        100.00 iters/s
step_00150 ✓ [ 100% ] 000/030 VUs    30s        150.00 iters/s
step_00200 ✓ [ 100% ] 000/040 VUs    30s        200.00 iters/s
step_00250 ✓ [ 100% ] 000/106 VUs    30s        250.00 iters/s
step_00300 ✓ [ 100% ] 000/060 VUs    30s        300.00 iters/s
step_00350 ✓ [ 100% ] 0000/0070 VUs  30s        350.00 iters/s
step_00400   [  80% ] 0001/0080 VUs  24.0s/30s  400.00 iters/s
step_00450 • [   0% ] waiting        0m06.0s   
step_00500 • [   0% ] waiting        0m36.0s   
step_00550 • [   0% ] waiting        1m06.0s   
step_00600 • [   0% ] waiting        1m36.0s   
step_00650 • [   0% ] waiting        2m06.0s   
step_00700 • [   0% ] waiting        2m36.0s   
step_00750 • [   0% ] waiting        3m06.0s   
step_00800 • [   0% ] waiting        3m36.0s   
step_00850 • [   0% ] waiting        4m06.0s   
step_00900 • [   0% ] waiting        4m36.0s   
step_00950 • [   0% ] waiting        5m06.0s   
step_01000 • [   0% ] waiting        5m36.0s   

running (03m54.9s), 0001/0446 VUs, 51928 complete and 0 interrupted iterations
step_00050 ✓ [ 100% ] 000/020 VUs    30s        50.00 iters/s
step_00100 ✓ [ 100% ] 000/020 VUs    30s        100.00 iters/s
step_00150 ✓ [ 100% ] 000/030 VUs    30s        150.00 iters/s
step_00200 ✓ [ 100% ] 000/040 VUs    30s        200.00 iters/s
step_00250 ✓ [ 100% ] 000/106 VUs    30s        250.00 iters/s
step_00300 ✓ [ 100% ] 000/060 VUs    30s        300.00 iters/s
step_00350 ✓ [ 100% ] 0000/0070 VUs  30s        350.00 iters/s
step_00400   [  83% ] 0001/0080 VUs  25.0s/30s  400.00 iters/s
step_00450 • [   0% ] waiting        0m05.0s   
step_00500 • [   0% ] waiting        0m35.0s   
step_00550 • [   0% ] waiting        1m05.0s   
step_00600 • [   0% ] waiting        1m35.0s   
step_00650 • [   0% ] waiting        2m05.0s   
step_00700 • [   0% ] waiting        2m35.0s   
step_00750 • [   0% ] waiting        3m05.0s   
step_00800 • [   0% ] waiting        3m35.0s   
step_00850 • [   0% ] waiting        4m05.0s   
step_00900 • [   0% ] waiting        4m35.0s   
step_00950 • [   0% ] waiting        5m05.0s   
step_01000 • [   0% ] waiting        5m35.0s   

running (03m55.9s), 0001/0446 VUs, 52328 complete and 0 interrupted iterations
step_00050 ✓ [ 100% ] 000/020 VUs    30s        50.00 iters/s
step_00100 ✓ [ 100% ] 000/020 VUs    30s        100.00 iters/s
step_00150 ✓ [ 100% ] 000/030 VUs    30s        150.00 iters/s
step_00200 ✓ [ 100% ] 000/040 VUs    30s        200.00 iters/s
step_00250 ✓ [ 100% ] 000/106 VUs    30s        250.00 iters/s
step_00300 ✓ [ 100% ] 000/060 VUs    30s        300.00 iters/s
step_00350 ✓ [ 100% ] 0000/0070 VUs  30s        350.00 iters/s
step_00400   [  87% ] 0001/0080 VUs  26.0s/30s  400.00 iters/s
step_00450 • [   0% ] waiting        0m04.0s   
step_00500 • [   0% ] waiting        0m34.0s   
step_00550 • [   0% ] waiting        1m04.0s   
step_00600 • [   0% ] waiting        1m34.0s   
step_00650 • [   0% ] waiting        2m04.0s   
step_00700 • [   0% ] waiting        2m34.0s   
step_00750 • [   0% ] waiting        3m04.0s   
step_00800 • [   0% ] waiting        3m34.0s   
step_00850 • [   0% ] waiting        4m04.0s   
step_00900 • [   0% ] waiting        4m34.0s   
step_00950 • [   0% ] waiting        5m04.0s   
step_01000 • [   0% ] waiting        5m34.0s   

running (03m56.9s), 0001/0446 VUs, 52728 complete and 0 interrupted iterations
step_00050 ✓ [ 100% ] 000/020 VUs    30s        50.00 iters/s
step_00100 ✓ [ 100% ] 000/020 VUs    30s        100.00 iters/s
step_00150 ✓ [ 100% ] 000/030 VUs    30s        150.00 iters/s
step_00200 ✓ [ 100% ] 000/040 VUs    30s        200.00 iters/s
step_00250 ✓ [ 100% ] 000/106 VUs    30s        250.00 iters/s
step_00300 ✓ [ 100% ] 000/060 VUs    30s        300.00 iters/s
step_00350 ✓ [ 100% ] 0000/0070 VUs  30s        350.00 iters/s
step_00400   [  90% ] 0001/0080 VUs  27.0s/30s  400.00 iters/s
step_00450 • [   0% ] waiting        0m03.0s   
step_00500 • [   0% ] waiting        0m33.0s   
step_00550 • [   0% ] waiting        1m03.0s   
step_00600 • [   0% ] waiting        1m33.0s   
step_00650 • [   0% ] waiting        2m03.0s   
step_00700 • [   0% ] waiting        2m33.0s   
step_00750 • [   0% ] waiting        3m03.0s   
step_00800 • [   0% ] waiting        3m33.0s   
step_00850 • [   0% ] waiting        4m03.0s   
step_00900 • [   0% ] waiting        4m33.0s   
step_00950 • [   0% ] waiting        5m03.0s   
step_01000 • [   0% ] waiting        5m33.0s   

running (03m57.9s), 0001/0446 VUs, 53128 complete and 0 interrupted iterations
step_00050 ✓ [ 100% ] 000/020 VUs    30s        50.00 iters/s
step_00100 ✓ [ 100% ] 000/020 VUs    30s        100.00 iters/s
step_00150 ✓ [ 100% ] 000/030 VUs    30s        150.00 iters/s
step_00200 ✓ [ 100% ] 000/040 VUs    30s        200.00 iters/s
step_00250 ✓ [ 100% ] 000/106 VUs    30s        250.00 iters/s
step_00300 ✓ [ 100% ] 000/060 VUs    30s        300.00 iters/s
step_00350 ✓ [ 100% ] 0000/0070 VUs  30s        350.00 iters/s
step_00400   [  93% ] 0001/0080 VUs  28.0s/30s  400.00 iters/s
step_00450 • [   0% ] waiting        0m02.0s   
step_00500 • [   0% ] waiting        0m32.0s   
step_00550 • [   0% ] waiting        1m02.0s   
step_00600 • [   0% ] waiting        1m32.0s   
step_00650 • [   0% ] waiting        2m02.0s   
step_00700 • [   0% ] waiting        2m32.0s   
step_00750 • [   0% ] waiting        3m02.0s   
step_00800 • [   0% ] waiting        3m32.0s   
step_00850 • [   0% ] waiting        4m02.0s   
step_00900 • [   0% ] waiting        4m32.0s   
step_00950 • [   0% ] waiting        5m02.0s   
step_01000 • [   0% ] waiting        5m32.0s   

running (03m58.9s), 0001/0446 VUs, 53528 complete and 0 interrupted iterations
step_00050 ✓ [ 100% ] 000/020 VUs    30s        50.00 iters/s
step_00100 ✓ [ 100% ] 000/020 VUs    30s        100.00 iters/s
step_00150 ✓ [ 100% ] 000/030 VUs    30s        150.00 iters/s
step_00200 ✓ [ 100% ] 000/040 VUs    30s        200.00 iters/s
step_00250 ✓ [ 100% ] 000/106 VUs    30s        250.00 iters/s
step_00300 ✓ [ 100% ] 000/060 VUs    30s        300.00 iters/s
step_00350 ✓ [ 100% ] 0000/0070 VUs  30s        350.00 iters/s
step_00400   [  97% ] 0001/0080 VUs  29.0s/30s  400.00 iters/s
step_00450 • [   0% ] waiting        0m01.0s   
step_00500 • [   0% ] waiting        0m31.0s   
step_00550 • [   0% ] waiting        1m01.0s   
step_00600 • [   0% ] waiting        1m31.0s   
step_00650 • [   0% ] waiting        2m01.0s   
step_00700 • [   0% ] waiting        2m31.0s   
step_00750 • [   0% ] waiting        3m01.0s   
step_00800 • [   0% ] waiting        3m31.0s   
step_00850 • [   0% ] waiting        4m01.0s   
step_00900 • [   0% ] waiting        4m31.0s   
step_00950 • [   0% ] waiting        5m01.0s   
step_01000 • [   0% ] waiting        5m31.0s   

running (03m59.9s), 0001/0446 VUs, 53928 complete and 0 interrupted iterations
step_00050 ✓ [ 100% ] 000/020 VUs    30s        50.00 iters/s
step_00100 ✓ [ 100% ] 000/020 VUs    30s        100.00 iters/s
step_00150 ✓ [ 100% ] 000/030 VUs    30s        150.00 iters/s
step_00200 ✓ [ 100% ] 000/040 VUs    30s        200.00 iters/s
step_00250 ✓ [ 100% ] 000/106 VUs    30s        250.00 iters/s
step_00300 ✓ [ 100% ] 000/060 VUs    30s        300.00 iters/s
step_00350 ✓ [ 100% ] 0000/0070 VUs  30s        350.00 iters/s
step_00400   [ 100% ] 0001/0080 VUs  30.0s/30s  400.00 iters/s
step_00450 • [   0% ] waiting        0m00.0s   
step_00500 • [   0% ] waiting        0m30.0s   
step_00550 • [   0% ] waiting        1m00.0s   
step_00600 • [   0% ] waiting        1m30.0s   
step_00650 • [   0% ] waiting        2m00.0s   
step_00700 • [   0% ] waiting        2m30.0s   
step_00750 • [   0% ] waiting        3m00.0s   
step_00800 • [   0% ] waiting        3m30.0s   
step_00850 • [   0% ] waiting        4m00.0s   
step_00900 • [   0% ] waiting        4m30.0s   
step_00950 • [   0% ] waiting        5m00.0s   
step_01000 • [   0% ] waiting        5m30.0s   

running (04m00.9s), 0001/0446 VUs, 54377 complete and 0 interrupted iterations
step_00050 ✓ [ 100% ] 000/020 VUs    30s        50.00 iters/s
step_00100 ✓ [ 100% ] 000/020 VUs    30s        100.00 iters/s
step_00150 ✓ [ 100% ] 000/030 VUs    30s        150.00 iters/s
step_00200 ✓ [ 100% ] 000/040 VUs    30s        200.00 iters/s
step_00250 ✓ [ 100% ] 000/106 VUs    30s        250.00 iters/s
step_00300 ✓ [ 100% ] 000/060 VUs    30s        300.00 iters/s
step_00350 ✓ [ 100% ] 0000/0070 VUs  30s        350.00 iters/s
step_00400 ✓ [ 100% ] 0000/0080 VUs  30s        400.00 iters/s
step_00450   [   3% ] 0001/0090 VUs  01.0s/30s  450.00 iters/s
step_00500 • [   0% ] waiting        0m29.0s   
step_00550 • [   0% ] waiting        0m59.0s   
step_00600 • [   0% ] waiting        1m29.0s   
step_00650 • [   0% ] waiting        1m59.0s   
step_00700 • [   0% ] waiting        2m29.0s   
step_00750 • [   0% ] waiting        2m59.0s   
step_00800 • [   0% ] waiting        3m29.0s   
step_00850 • [   0% ] waiting        3m59.0s   
step_00900 • [   0% ] waiting        4m29.0s   
step_00950 • [   0% ] waiting        4m59.0s   
step_01000 • [   0% ] waiting        5m29.0s   

running (04m01.9s), 0001/0446 VUs, 54827 complete and 0 interrupted iterations
step_00050 ✓ [ 100% ] 000/020 VUs    30s        50.00 iters/s
step_00100 ✓ [ 100% ] 000/020 VUs    30s        100.00 iters/s
step_00150 ✓ [ 100% ] 000/030 VUs    30s        150.00 iters/s
step_00200 ✓ [ 100% ] 000/040 VUs    30s        200.00 iters/s
step_00250 ✓ [ 100% ] 000/106 VUs    30s        250.00 iters/s
step_00300 ✓ [ 100% ] 000/060 VUs    30s        300.00 iters/s
step_00350 ✓ [ 100% ] 0000/0070 VUs  30s        350.00 iters/s
step_00400 ✓ [ 100% ] 0000/0080 VUs  30s        400.00 iters/s
step_00450   [   7% ] 0001/0090 VUs  02.0s/30s  450.00 iters/s
step_00500 • [   0% ] waiting        0m28.0s   
step_00550 • [   0% ] waiting        0m58.0s   
step_00600 • [   0% ] waiting        1m28.0s   
step_00650 • [   0% ] waiting        1m58.0s   
step_00700 • [   0% ] waiting        2m28.0s   
step_00750 • [   0% ] waiting        2m58.0s   
step_00800 • [   0% ] waiting        3m28.0s   
step_00850 • [   0% ] waiting        3m58.0s   
step_00900 • [   0% ] waiting        4m28.0s   
step_00950 • [   0% ] waiting        4m58.0s   
step_01000 • [   0% ] waiting        5m28.0s   

running (04m02.9s), 0001/0446 VUs, 55277 complete and 0 interrupted iterations
step_00050 ✓ [ 100% ] 000/020 VUs    30s        50.00 iters/s
step_00100 ✓ [ 100% ] 000/020 VUs    30s        100.00 iters/s
step_00150 ✓ [ 100% ] 000/030 VUs    30s        150.00 iters/s
step_00200 ✓ [ 100% ] 000/040 VUs    30s        200.00 iters/s
step_00250 ✓ [ 100% ] 000/106 VUs    30s        250.00 iters/s
step_00300 ✓ [ 100% ] 000/060 VUs    30s        300.00 iters/s
step_00350 ✓ [ 100% ] 0000/0070 VUs  30s        350.00 iters/s
step_00400 ✓ [ 100% ] 0000/0080 VUs  30s        400.00 iters/s
step_00450   [  10% ] 0001/0090 VUs  03.0s/30s  450.00 iters/s
step_00500 • [   0% ] waiting        0m27.0s   
step_00550 • [   0% ] waiting        0m57.0s   
step_00600 • [   0% ] waiting        1m27.0s   
step_00650 • [   0% ] waiting        1m57.0s   
step_00700 • [   0% ] waiting        2m27.0s   
step_00750 • [   0% ] waiting        2m57.0s   
step_00800 • [   0% ] waiting        3m27.0s   
step_00850 • [   0% ] waiting        3m57.0s   
step_00900 • [   0% ] waiting        4m27.0s   
step_00950 • [   0% ] waiting        4m57.0s   
step_01000 • [   0% ] waiting        5m27.0s   

running (04m03.9s), 0001/0446 VUs, 55726 complete and 0 interrupted iterations
step_00050 ✓ [ 100% ] 000/020 VUs    30s        50.00 iters/s
step_00100 ✓ [ 100% ] 000/020 VUs    30s        100.00 iters/s
step_00150 ✓ [ 100% ] 000/030 VUs    30s        150.00 iters/s
step_00200 ✓ [ 100% ] 000/040 VUs    30s        200.00 iters/s
step_00250 ✓ [ 100% ] 000/106 VUs    30s        250.00 iters/s
step_00300 ✓ [ 100% ] 000/060 VUs    30s        300.00 iters/s
step_00350 ✓ [ 100% ] 0000/0070 VUs  30s        350.00 iters/s
step_00400 ✓ [ 100% ] 0000/0080 VUs  30s        400.00 iters/s
step_00450   [  13% ] 0001/0090 VUs  04.0s/30s  450.00 iters/s
step_00500 • [   0% ] waiting        0m26.0s   
step_00550 • [   0% ] waiting        0m56.0s   
step_00600 • [   0% ] waiting        1m26.0s   
step_00650 • [   0% ] waiting        1m56.0s   
step_00700 • [   0% ] waiting        2m26.0s   
step_00750 • [   0% ] waiting        2m56.0s   
step_00800 • [   0% ] waiting        3m26.0s   
step_00850 • [   0% ] waiting        3m56.0s   
step_00900 • [   0% ] waiting        4m26.0s   
step_00950 • [   0% ] waiting        4m56.0s   
step_01000 • [   0% ] waiting        5m26.0s   

running (04m04.9s), 0001/0446 VUs, 56177 complete and 0 interrupted iterations
step_00050 ✓ [ 100% ] 000/020 VUs    30s        50.00 iters/s
step_00100 ✓ [ 100% ] 000/020 VUs    30s        100.00 iters/s
step_00150 ✓ [ 100% ] 000/030 VUs    30s        150.00 iters/s
step_00200 ✓ [ 100% ] 000/040 VUs    30s        200.00 iters/s
step_00250 ✓ [ 100% ] 000/106 VUs    30s        250.00 iters/s
step_00300 ✓ [ 100% ] 000/060 VUs    30s        300.00 iters/s
step_00350 ✓ [ 100% ] 0000/0070 VUs  30s        350.00 iters/s
step_00400 ✓ [ 100% ] 0000/0080 VUs  30s        400.00 iters/s
step_00450   [  17% ] 0001/0090 VUs  05.0s/30s  450.00 iters/s
step_00500 • [   0% ] waiting        0m25.0s   
step_00550 • [   0% ] waiting        0m55.0s   
step_00600 • [   0% ] waiting        1m25.0s   
step_00650 • [   0% ] waiting        1m55.0s   
step_00700 • [   0% ] waiting        2m25.0s   
step_00750 • [   0% ] waiting        2m55.0s   
step_00800 • [   0% ] waiting        3m25.0s   
step_00850 • [   0% ] waiting        3m55.0s   
step_00900 • [   0% ] waiting        4m25.0s   
step_00950 • [   0% ] waiting        4m55.0s   
step_01000 • [   0% ] waiting        5m25.0s   

running (04m05.9s), 0001/0446 VUs, 56627 complete and 0 interrupted iterations
step_00050 ✓ [ 100% ] 000/020 VUs    30s        50.00 iters/s
step_00100 ✓ [ 100% ] 000/020 VUs    30s        100.00 iters/s
step_00150 ✓ [ 100% ] 000/030 VUs    30s        150.00 iters/s
step_00200 ✓ [ 100% ] 000/040 VUs    30s        200.00 iters/s
step_00250 ✓ [ 100% ] 000/106 VUs    30s        250.00 iters/s
step_00300 ✓ [ 100% ] 000/060 VUs    30s        300.00 iters/s
step_00350 ✓ [ 100% ] 0000/0070 VUs  30s        350.00 iters/s
step_00400 ✓ [ 100% ] 0000/0080 VUs  30s        400.00 iters/s
step_00450   [  20% ] 0001/0090 VUs  06.0s/30s  450.00 iters/s
step_00500 • [   0% ] waiting        0m24.0s   
step_00550 • [   0% ] waiting        0m54.0s   
step_00600 • [   0% ] waiting        1m24.0s   
step_00650 • [   0% ] waiting        1m54.0s   
step_00700 • [   0% ] waiting        2m24.0s   
step_00750 • [   0% ] waiting        2m54.0s   
step_00800 • [   0% ] waiting        3m24.0s   
step_00850 • [   0% ] waiting        3m54.0s   
step_00900 • [   0% ] waiting        4m24.0s   
step_00950 • [   0% ] waiting        4m54.0s   
step_01000 • [   0% ] waiting        5m24.0s   

running (04m06.9s), 0001/0446 VUs, 57077 complete and 0 interrupted iterations
step_00050 ✓ [ 100% ] 000/020 VUs    30s        50.00 iters/s
step_00100 ✓ [ 100% ] 000/020 VUs    30s        100.00 iters/s
step_00150 ✓ [ 100% ] 000/030 VUs    30s        150.00 iters/s
step_00200 ✓ [ 100% ] 000/040 VUs    30s        200.00 iters/s
step_00250 ✓ [ 100% ] 000/106 VUs    30s        250.00 iters/s
step_00300 ✓ [ 100% ] 000/060 VUs    30s        300.00 iters/s
step_00350 ✓ [ 100% ] 0000/0070 VUs  30s        350.00 iters/s
step_00400 ✓ [ 100% ] 0000/0080 VUs  30s        400.00 iters/s
step_00450   [  23% ] 0001/0090 VUs  07.0s/30s  450.00 iters/s
step_00500 • [   0% ] waiting        0m23.0s   
step_00550 • [   0% ] waiting        0m53.0s   
step_00600 • [   0% ] waiting        1m23.0s   
step_00650 • [   0% ] waiting        1m53.0s   
step_00700 • [   0% ] waiting        2m23.0s   
step_00750 • [   0% ] waiting        2m53.0s   
step_00800 • [   0% ] waiting        3m23.0s   
step_00850 • [   0% ] waiting        3m53.0s   
step_00900 • [   0% ] waiting        4m23.0s   
step_00950 • [   0% ] waiting        4m53.0s   
step_01000 • [   0% ] waiting        5m23.0s   

running (04m07.9s), 0001/0446 VUs, 57527 complete and 0 interrupted iterations
step_00050 ✓ [ 100% ] 000/020 VUs    30s        50.00 iters/s
step_00100 ✓ [ 100% ] 000/020 VUs    30s        100.00 iters/s
step_00150 ✓ [ 100% ] 000/030 VUs    30s        150.00 iters/s
step_00200 ✓ [ 100% ] 000/040 VUs    30s        200.00 iters/s
step_00250 ✓ [ 100% ] 000/106 VUs    30s        250.00 iters/s
step_00300 ✓ [ 100% ] 000/060 VUs    30s        300.00 iters/s
step_00350 ✓ [ 100% ] 0000/0070 VUs  30s        350.00 iters/s
step_00400 ✓ [ 100% ] 0000/0080 VUs  30s        400.00 iters/s
step_00450   [  27% ] 0001/0090 VUs  08.0s/30s  450.00 iters/s
step_00500 • [   0% ] waiting        0m22.0s   
step_00550 • [   0% ] waiting        0m52.0s   
step_00600 • [   0% ] waiting        1m22.0s   
step_00650 • [   0% ] waiting        1m52.0s   
step_00700 • [   0% ] waiting        2m22.0s   
step_00750 • [   0% ] waiting        2m52.0s   
step_00800 • [   0% ] waiting        3m22.0s   
step_00850 • [   0% ] waiting        3m52.0s   
step_00900 • [   0% ] waiting        4m22.0s   
step_00950 • [   0% ] waiting        4m52.0s   
step_01000 • [   0% ] waiting        5m22.0s   

running (04m08.9s), 0001/0446 VUs, 57977 complete and 0 interrupted iterations
step_00050 ✓ [ 100% ] 000/020 VUs    30s        50.00 iters/s
step_00100 ✓ [ 100% ] 000/020 VUs    30s        100.00 iters/s
step_00150 ✓ [ 100% ] 000/030 VUs    30s        150.00 iters/s
step_00200 ✓ [ 100% ] 000/040 VUs    30s        200.00 iters/s
step_00250 ✓ [ 100% ] 000/106 VUs    30s        250.00 iters/s
step_00300 ✓ [ 100% ] 000/060 VUs    30s        300.00 iters/s
step_00350 ✓ [ 100% ] 0000/0070 VUs  30s        350.00 iters/s
step_00400 ✓ [ 100% ] 0000/0080 VUs  30s        400.00 iters/s
step_00450   [  30% ] 0001/0090 VUs  09.0s/30s  450.00 iters/s
step_00500 • [   0% ] waiting        0m21.0s   
step_00550 • [   0% ] waiting        0m51.0s   
step_00600 • [   0% ] waiting        1m21.0s   
step_00650 • [   0% ] waiting        1m51.0s   
step_00700 • [   0% ] waiting        2m21.0s   
step_00750 • [   0% ] waiting        2m51.0s   
step_00800 • [   0% ] waiting        3m21.0s   
step_00850 • [   0% ] waiting        3m51.0s   
step_00900 • [   0% ] waiting        4m21.0s   
step_00950 • [   0% ] waiting        4m51.0s   
step_01000 • [   0% ] waiting        5m21.0s   

running (04m09.9s), 0002/0446 VUs, 58426 complete and 0 interrupted iterations
step_00050 ✓ [ 100% ] 000/020 VUs    30s        50.00 iters/s
step_00100 ✓ [ 100% ] 000/020 VUs    30s        100.00 iters/s
step_00150 ✓ [ 100% ] 000/030 VUs    30s        150.00 iters/s
step_00200 ✓ [ 100% ] 000/040 VUs    30s        200.00 iters/s
step_00250 ✓ [ 100% ] 000/106 VUs    30s        250.00 iters/s
step_00300 ✓ [ 100% ] 000/060 VUs    30s        300.00 iters/s
step_00350 ✓ [ 100% ] 0000/0070 VUs  30s        350.00 iters/s
step_00400 ✓ [ 100% ] 0000/0080 VUs  30s        400.00 iters/s
step_00450   [  33% ] 0002/0090 VUs  10.0s/30s  450.00 iters/s
step_00500 • [   0% ] waiting        0m20.0s   
step_00550 • [   0% ] waiting        0m50.0s   
step_00600 • [   0% ] waiting        1m20.0s   
step_00650 • [   0% ] waiting        1m50.0s   
step_00700 • [   0% ] waiting        2m20.0s   
step_00750 • [   0% ] waiting        2m50.0s   
step_00800 • [   0% ] waiting        3m20.0s   
step_00850 • [   0% ] waiting        3m50.0s   
step_00900 • [   0% ] waiting        4m20.0s   
step_00950 • [   0% ] waiting        4m50.0s   
step_01000 • [   0% ] waiting        5m20.0s   

running (04m10.9s), 0001/0446 VUs, 58877 complete and 0 interrupted iterations
step_00050 ✓ [ 100% ] 000/020 VUs    30s        50.00 iters/s
step_00100 ✓ [ 100% ] 000/020 VUs    30s        100.00 iters/s
step_00150 ✓ [ 100% ] 000/030 VUs    30s        150.00 iters/s
step_00200 ✓ [ 100% ] 000/040 VUs    30s        200.00 iters/s
step_00250 ✓ [ 100% ] 000/106 VUs    30s        250.00 iters/s
step_00300 ✓ [ 100% ] 000/060 VUs    30s        300.00 iters/s
step_00350 ✓ [ 100% ] 0000/0070 VUs  30s        350.00 iters/s
step_00400 ✓ [ 100% ] 0000/0080 VUs  30s        400.00 iters/s
step_00450   [  37% ] 0001/0090 VUs  11.0s/30s  450.00 iters/s
step_00500 • [   0% ] waiting        0m19.0s   
step_00550 • [   0% ] waiting        0m49.0s   
step_00600 • [   0% ] waiting        1m19.0s   
step_00650 • [   0% ] waiting        1m49.0s   
step_00700 • [   0% ] waiting        2m19.0s   
step_00750 • [   0% ] waiting        2m49.0s   
step_00800 • [   0% ] waiting        3m19.0s   
step_00850 • [   0% ] waiting        3m49.0s   
step_00900 • [   0% ] waiting        4m19.0s   
step_00950 • [   0% ] waiting        4m49.0s   
step_01000 • [   0% ] waiting        5m19.0s   

running (04m11.9s), 0001/0446 VUs, 59327 complete and 0 interrupted iterations
step_00050 ✓ [ 100% ] 000/020 VUs    30s        50.00 iters/s
step_00100 ✓ [ 100% ] 000/020 VUs    30s        100.00 iters/s
step_00150 ✓ [ 100% ] 000/030 VUs    30s        150.00 iters/s
step_00200 ✓ [ 100% ] 000/040 VUs    30s        200.00 iters/s
step_00250 ✓ [ 100% ] 000/106 VUs    30s        250.00 iters/s
step_00300 ✓ [ 100% ] 000/060 VUs    30s        300.00 iters/s
step_00350 ✓ [ 100% ] 0000/0070 VUs  30s        350.00 iters/s
step_00400 ✓ [ 100% ] 0000/0080 VUs  30s        400.00 iters/s
step_00450   [  40% ] 0001/0090 VUs  12.0s/30s  450.00 iters/s
step_00500 • [   0% ] waiting        0m18.0s   
step_00550 • [   0% ] waiting        0m48.0s   
step_00600 • [   0% ] waiting        1m18.0s   
step_00650 • [   0% ] waiting        1m48.0s   
step_00700 • [   0% ] waiting        2m18.0s   
step_00750 • [   0% ] waiting        2m48.0s   
step_00800 • [   0% ] waiting        3m18.0s   
step_00850 • [   0% ] waiting        3m48.0s   
step_00900 • [   0% ] waiting        4m18.0s   
step_00950 • [   0% ] waiting        4m48.0s   
step_01000 • [   0% ] waiting        5m18.0s   

running (04m12.9s), 0001/0446 VUs, 59777 complete and 0 interrupted iterations
step_00050 ✓ [ 100% ] 000/020 VUs    30s        50.00 iters/s
step_00100 ✓ [ 100% ] 000/020 VUs    30s        100.00 iters/s
step_00150 ✓ [ 100% ] 000/030 VUs    30s        150.00 iters/s
step_00200 ✓ [ 100% ] 000/040 VUs    30s        200.00 iters/s
step_00250 ✓ [ 100% ] 000/106 VUs    30s        250.00 iters/s
step_00300 ✓ [ 100% ] 000/060 VUs    30s        300.00 iters/s
step_00350 ✓ [ 100% ] 0000/0070 VUs  30s        350.00 iters/s
step_00400 ✓ [ 100% ] 0000/0080 VUs  30s        400.00 iters/s
step_00450   [  43% ] 0001/0090 VUs  13.0s/30s  450.00 iters/s
step_00500 • [   0% ] waiting        0m17.0s   
step_00550 • [   0% ] waiting        0m47.0s   
step_00600 • [   0% ] waiting        1m17.0s   
step_00650 • [   0% ] waiting        1m47.0s   
step_00700 • [   0% ] waiting        2m17.0s   
step_00750 • [   0% ] waiting        2m47.0s   
step_00800 • [   0% ] waiting        3m17.0s   
step_00850 • [   0% ] waiting        3m47.0s   
step_00900 • [   0% ] waiting        4m17.0s   
step_00950 • [   0% ] waiting        4m47.0s   
step_01000 • [   0% ] waiting        5m17.0s   

running (04m13.9s), 0004/0446 VUs, 60224 complete and 0 interrupted iterations
step_00050 ✓ [ 100% ] 000/020 VUs    30s        50.00 iters/s
step_00100 ✓ [ 100% ] 000/020 VUs    30s        100.00 iters/s
step_00150 ✓ [ 100% ] 000/030 VUs    30s        150.00 iters/s
step_00200 ✓ [ 100% ] 000/040 VUs    30s        200.00 iters/s
step_00250 ✓ [ 100% ] 000/106 VUs    30s        250.00 iters/s
step_00300 ✓ [ 100% ] 000/060 VUs    30s        300.00 iters/s
step_00350 ✓ [ 100% ] 0000/0070 VUs  30s        350.00 iters/s
step_00400 ✓ [ 100% ] 0000/0080 VUs  30s        400.00 iters/s
step_00450   [  47% ] 0004/0090 VUs  14.0s/30s  450.00 iters/s
step_00500 • [   0% ] waiting        0m16.0s   
step_00550 • [   0% ] waiting        0m46.0s   
step_00600 • [   0% ] waiting        1m16.0s   
step_00650 • [   0% ] waiting        1m46.0s   
step_00700 • [   0% ] waiting        2m16.0s   
step_00750 • [   0% ] waiting        2m46.0s   
step_00800 • [   0% ] waiting        3m16.0s   
step_00850 • [   0% ] waiting        3m46.0s   
step_00900 • [   0% ] waiting        4m16.0s   
step_00950 • [   0% ] waiting        4m46.0s   
step_01000 • [   0% ] waiting        5m16.0s   

running (04m14.9s), 0003/0446 VUs, 60675 complete and 0 interrupted iterations
step_00050 ✓ [ 100% ] 000/020 VUs    30s        50.00 iters/s
step_00100 ✓ [ 100% ] 000/020 VUs    30s        100.00 iters/s
step_00150 ✓ [ 100% ] 000/030 VUs    30s        150.00 iters/s
step_00200 ✓ [ 100% ] 000/040 VUs    30s        200.00 iters/s
step_00250 ✓ [ 100% ] 000/106 VUs    30s        250.00 iters/s
step_00300 ✓ [ 100% ] 000/060 VUs    30s        300.00 iters/s
step_00350 ✓ [ 100% ] 0000/0070 VUs  30s        350.00 iters/s
step_00400 ✓ [ 100% ] 0000/0080 VUs  30s        400.00 iters/s
step_00450   [  50% ] 0003/0090 VUs  15.0s/30s  450.00 iters/s
step_00500 • [   0% ] waiting        0m15.0s   
step_00550 • [   0% ] waiting        0m45.0s   
step_00600 • [   0% ] waiting        1m15.0s   
step_00650 • [   0% ] waiting        1m45.0s   
step_00700 • [   0% ] waiting        2m15.0s   
step_00750 • [   0% ] waiting        2m45.0s   
step_00800 • [   0% ] waiting        3m15.0s   
step_00850 • [   0% ] waiting        3m45.0s   
step_00900 • [   0% ] waiting        4m15.0s   
step_00950 • [   0% ] waiting        4m45.0s   
step_01000 • [   0% ] waiting        5m15.0s   

running (04m15.9s), 0001/0446 VUs, 61127 complete and 0 interrupted iterations
step_00050 ✓ [ 100% ] 000/020 VUs    30s        50.00 iters/s
step_00100 ✓ [ 100% ] 000/020 VUs    30s        100.00 iters/s
step_00150 ✓ [ 100% ] 000/030 VUs    30s        150.00 iters/s
step_00200 ✓ [ 100% ] 000/040 VUs    30s        200.00 iters/s
step_00250 ✓ [ 100% ] 000/106 VUs    30s        250.00 iters/s
step_00300 ✓ [ 100% ] 000/060 VUs    30s        300.00 iters/s
step_00350 ✓ [ 100% ] 0000/0070 VUs  30s        350.00 iters/s
step_00400 ✓ [ 100% ] 0000/0080 VUs  30s        400.00 iters/s
step_00450   [  53% ] 0001/0090 VUs  16.0s/30s  450.00 iters/s
step_00500 • [   0% ] waiting        0m14.0s   
step_00550 • [   0% ] waiting        0m44.0s   
step_00600 • [   0% ] waiting        1m14.0s   
step_00650 • [   0% ] waiting        1m44.0s   
step_00700 • [   0% ] waiting        2m14.0s   
step_00750 • [   0% ] waiting        2m44.0s   
step_00800 • [   0% ] waiting        3m14.0s   
step_00850 • [   0% ] waiting        3m44.0s   
step_00900 • [   0% ] waiting        4m14.0s   
step_00950 • [   0% ] waiting        4m44.0s   
step_01000 • [   0% ] waiting        5m14.0s   

running (04m16.9s), 0001/0446 VUs, 61577 complete and 0 interrupted iterations
step_00050 ✓ [ 100% ] 000/020 VUs    30s        50.00 iters/s
step_00100 ✓ [ 100% ] 000/020 VUs    30s        100.00 iters/s
step_00150 ✓ [ 100% ] 000/030 VUs    30s        150.00 iters/s
step_00200 ✓ [ 100% ] 000/040 VUs    30s        200.00 iters/s
step_00250 ✓ [ 100% ] 000/106 VUs    30s        250.00 iters/s
step_00300 ✓ [ 100% ] 000/060 VUs    30s        300.00 iters/s
step_00350 ✓ [ 100% ] 0000/0070 VUs  30s        350.00 iters/s
step_00400 ✓ [ 100% ] 0000/0080 VUs  30s        400.00 iters/s
step_00450   [  57% ] 0001/0090 VUs  17.0s/30s  450.00 iters/s
step_00500 • [   0% ] waiting        0m13.0s   
step_00550 • [   0% ] waiting        0m43.0s   
step_00600 • [   0% ] waiting        1m13.0s   
step_00650 • [   0% ] waiting        1m43.0s   
step_00700 • [   0% ] waiting        2m13.0s   
step_00750 • [   0% ] waiting        2m43.0s   
step_00800 • [   0% ] waiting        3m13.0s   
step_00850 • [   0% ] waiting        3m43.0s   
step_00900 • [   0% ] waiting        4m13.0s   
step_00950 • [   0% ] waiting        4m43.0s   
step_01000 • [   0% ] waiting        5m13.0s   

running (04m17.9s), 0001/0446 VUs, 62027 complete and 0 interrupted iterations
step_00050 ✓ [ 100% ] 000/020 VUs    30s        50.00 iters/s
step_00100 ✓ [ 100% ] 000/020 VUs    30s        100.00 iters/s
step_00150 ✓ [ 100% ] 000/030 VUs    30s        150.00 iters/s
step_00200 ✓ [ 100% ] 000/040 VUs    30s        200.00 iters/s
step_00250 ✓ [ 100% ] 000/106 VUs    30s        250.00 iters/s
step_00300 ✓ [ 100% ] 000/060 VUs    30s        300.00 iters/s
step_00350 ✓ [ 100% ] 0000/0070 VUs  30s        350.00 iters/s
step_00400 ✓ [ 100% ] 0000/0080 VUs  30s        400.00 iters/s
step_00450   [  60% ] 0001/0090 VUs  18.0s/30s  450.00 iters/s
step_00500 • [   0% ] waiting        0m12.0s   
step_00550 • [   0% ] waiting        0m42.0s   
step_00600 • [   0% ] waiting        1m12.0s   
step_00650 • [   0% ] waiting        1m42.0s   
step_00700 • [   0% ] waiting        2m12.0s   
step_00750 • [   0% ] waiting        2m42.0s   
step_00800 • [   0% ] waiting        3m12.0s   
step_00850 • [   0% ] waiting        3m42.0s   
step_00900 • [   0% ] waiting        4m12.0s   
step_00950 • [   0% ] waiting        4m42.0s   
step_01000 • [   0% ] waiting        5m12.0s   

running (04m18.9s), 0001/0446 VUs, 62477 complete and 0 interrupted iterations
step_00050 ✓ [ 100% ] 000/020 VUs    30s        50.00 iters/s
step_00100 ✓ [ 100% ] 000/020 VUs    30s        100.00 iters/s
step_00150 ✓ [ 100% ] 000/030 VUs    30s        150.00 iters/s
step_00200 ✓ [ 100% ] 000/040 VUs    30s        200.00 iters/s
step_00250 ✓ [ 100% ] 000/106 VUs    30s        250.00 iters/s
step_00300 ✓ [ 100% ] 000/060 VUs    30s        300.00 iters/s
step_00350 ✓ [ 100% ] 0000/0070 VUs  30s        350.00 iters/s
step_00400 ✓ [ 100% ] 0000/0080 VUs  30s        400.00 iters/s
step_00450   [  63% ] 0001/0090 VUs  19.0s/30s  450.00 iters/s
step_00500 • [   0% ] waiting        0m11.0s   
step_00550 • [   0% ] waiting        0m41.0s   
step_00600 • [   0% ] waiting        1m11.0s   
step_00650 • [   0% ] waiting        1m41.0s   
step_00700 • [   0% ] waiting        2m11.0s   
step_00750 • [   0% ] waiting        2m41.0s   
step_00800 • [   0% ] waiting        3m11.0s   
step_00850 • [   0% ] waiting        3m41.0s   
step_00900 • [   0% ] waiting        4m11.0s   
step_00950 • [   0% ] waiting        4m41.0s   
step_01000 • [   0% ] waiting        5m11.0s   

running (04m19.9s), 0001/0446 VUs, 62927 complete and 0 interrupted iterations
step_00050 ✓ [ 100% ] 000/020 VUs    30s        50.00 iters/s
step_00100 ✓ [ 100% ] 000/020 VUs    30s        100.00 iters/s
step_00150 ✓ [ 100% ] 000/030 VUs    30s        150.00 iters/s
step_00200 ✓ [ 100% ] 000/040 VUs    30s        200.00 iters/s
step_00250 ✓ [ 100% ] 000/106 VUs    30s        250.00 iters/s
step_00300 ✓ [ 100% ] 000/060 VUs    30s        300.00 iters/s
step_00350 ✓ [ 100% ] 0000/0070 VUs  30s        350.00 iters/s
step_00400 ✓ [ 100% ] 0000/0080 VUs  30s        400.00 iters/s
step_00450   [  67% ] 0001/0090 VUs  20.0s/30s  450.00 iters/s
step_00500 • [   0% ] waiting        0m10.0s   
step_00550 • [   0% ] waiting        0m40.0s   
step_00600 • [   0% ] waiting        1m10.0s   
step_00650 • [   0% ] waiting        1m40.0s   
step_00700 • [   0% ] waiting        2m10.0s   
step_00750 • [   0% ] waiting        2m40.0s   
step_00800 • [   0% ] waiting        3m10.0s   
step_00850 • [   0% ] waiting        3m40.0s   
step_00900 • [   0% ] waiting        4m10.0s   
step_00950 • [   0% ] waiting        4m40.0s   
step_01000 • [   0% ] waiting        5m10.0s   

running (04m20.9s), 0001/0446 VUs, 63377 complete and 0 interrupted iterations
step_00050 ✓ [ 100% ] 000/020 VUs    30s        50.00 iters/s
step_00100 ✓ [ 100% ] 000/020 VUs    30s        100.00 iters/s
step_00150 ✓ [ 100% ] 000/030 VUs    30s        150.00 iters/s
step_00200 ✓ [ 100% ] 000/040 VUs    30s        200.00 iters/s
step_00250 ✓ [ 100% ] 000/106 VUs    30s        250.00 iters/s
step_00300 ✓ [ 100% ] 000/060 VUs    30s        300.00 iters/s
step_00350 ✓ [ 100% ] 0000/0070 VUs  30s        350.00 iters/s
step_00400 ✓ [ 100% ] 0000/0080 VUs  30s        400.00 iters/s
step_00450   [  70% ] 0001/0090 VUs  21.0s/30s  450.00 iters/s
step_00500 • [   0% ] waiting        0m09.0s   
step_00550 • [   0% ] waiting        0m39.0s   
step_00600 • [   0% ] waiting        1m09.0s   
step_00650 • [   0% ] waiting        1m39.0s   
step_00700 • [   0% ] waiting        2m09.0s   
step_00750 • [   0% ] waiting        2m39.0s   
step_00800 • [   0% ] waiting        3m09.0s   
step_00850 • [   0% ] waiting        3m39.0s   
step_00900 • [   0% ] waiting        4m09.0s   
step_00950 • [   0% ] waiting        4m39.0s   
step_01000 • [   0% ] waiting        5m09.0s   

running (04m21.9s), 0001/0446 VUs, 63827 complete and 0 interrupted iterations
step_00050 ✓ [ 100% ] 000/020 VUs    30s        50.00 iters/s
step_00100 ✓ [ 100% ] 000/020 VUs    30s        100.00 iters/s
step_00150 ✓ [ 100% ] 000/030 VUs    30s        150.00 iters/s
step_00200 ✓ [ 100% ] 000/040 VUs    30s        200.00 iters/s
step_00250 ✓ [ 100% ] 000/106 VUs    30s        250.00 iters/s
step_00300 ✓ [ 100% ] 000/060 VUs    30s        300.00 iters/s
step_00350 ✓ [ 100% ] 0000/0070 VUs  30s        350.00 iters/s
step_00400 ✓ [ 100% ] 0000/0080 VUs  30s        400.00 iters/s
step_00450   [  73% ] 0001/0090 VUs  22.0s/30s  450.00 iters/s
step_00500 • [   0% ] waiting        0m08.0s   
step_00550 • [   0% ] waiting        0m38.0s   
step_00600 • [   0% ] waiting        1m08.0s   
step_00650 • [   0% ] waiting        1m38.0s   
step_00700 • [   0% ] waiting        2m08.0s   
step_00750 • [   0% ] waiting        2m38.0s   
step_00800 • [   0% ] waiting        3m08.0s   
step_00850 • [   0% ] waiting        3m38.0s   
step_00900 • [   0% ] waiting        4m08.0s   
step_00950 • [   0% ] waiting        4m38.0s   
step_01000 • [   0% ] waiting        5m08.0s   

running (04m22.9s), 0001/0446 VUs, 64277 complete and 0 interrupted iterations
step_00050 ✓ [ 100% ] 000/020 VUs    30s        50.00 iters/s
step_00100 ✓ [ 100% ] 000/020 VUs    30s        100.00 iters/s
step_00150 ✓ [ 100% ] 000/030 VUs    30s        150.00 iters/s
step_00200 ✓ [ 100% ] 000/040 VUs    30s        200.00 iters/s
step_00250 ✓ [ 100% ] 000/106 VUs    30s        250.00 iters/s
step_00300 ✓ [ 100% ] 000/060 VUs    30s        300.00 iters/s
step_00350 ✓ [ 100% ] 0000/0070 VUs  30s        350.00 iters/s
step_00400 ✓ [ 100% ] 0000/0080 VUs  30s        400.00 iters/s
step_00450   [  77% ] 0001/0090 VUs  23.0s/30s  450.00 iters/s
step_00500 • [   0% ] waiting        0m07.0s   
step_00550 • [   0% ] waiting        0m37.0s   
step_00600 • [   0% ] waiting        1m07.0s   
step_00650 • [   0% ] waiting        1m37.0s   
step_00700 • [   0% ] waiting        2m07.0s   
step_00750 • [   0% ] waiting        2m37.0s   
step_00800 • [   0% ] waiting        3m07.0s   
step_00850 • [   0% ] waiting        3m37.0s   
step_00900 • [   0% ] waiting        4m07.0s   
step_00950 • [   0% ] waiting        4m37.0s   
step_01000 • [   0% ] waiting        5m07.0s   

running (04m23.9s), 0001/0446 VUs, 64727 complete and 0 interrupted iterations
step_00050 ✓ [ 100% ] 000/020 VUs    30s        50.00 iters/s
step_00100 ✓ [ 100% ] 000/020 VUs    30s        100.00 iters/s
step_00150 ✓ [ 100% ] 000/030 VUs    30s        150.00 iters/s
step_00200 ✓ [ 100% ] 000/040 VUs    30s        200.00 iters/s
step_00250 ✓ [ 100% ] 000/106 VUs    30s        250.00 iters/s
step_00300 ✓ [ 100% ] 000/060 VUs    30s        300.00 iters/s
step_00350 ✓ [ 100% ] 0000/0070 VUs  30s        350.00 iters/s
step_00400 ✓ [ 100% ] 0000/0080 VUs  30s        400.00 iters/s
step_00450   [  80% ] 0001/0090 VUs  24.0s/30s  450.00 iters/s
step_00500 • [   0% ] waiting        0m06.0s   
step_00550 • [   0% ] waiting        0m36.0s   
step_00600 • [   0% ] waiting        1m06.0s   
step_00650 • [   0% ] waiting        1m36.0s   
step_00700 • [   0% ] waiting        2m06.0s   
step_00750 • [   0% ] waiting        2m36.0s   
step_00800 • [   0% ] waiting        3m06.0s   
step_00850 • [   0% ] waiting        3m36.0s   
step_00900 • [   0% ] waiting        4m06.0s   
step_00950 • [   0% ] waiting        4m36.0s   
step_01000 • [   0% ] waiting        5m06.0s   

running (04m24.9s), 0002/0446 VUs, 65176 complete and 0 interrupted iterations
step_00050 ✓ [ 100% ] 000/020 VUs    30s        50.00 iters/s
step_00100 ✓ [ 100% ] 000/020 VUs    30s        100.00 iters/s
step_00150 ✓ [ 100% ] 000/030 VUs    30s        150.00 iters/s
step_00200 ✓ [ 100% ] 000/040 VUs    30s        200.00 iters/s
step_00250 ✓ [ 100% ] 000/106 VUs    30s        250.00 iters/s
step_00300 ✓ [ 100% ] 000/060 VUs    30s        300.00 iters/s
step_00350 ✓ [ 100% ] 0000/0070 VUs  30s        350.00 iters/s
step_00400 ✓ [ 100% ] 0000/0080 VUs  30s        400.00 iters/s
step_00450   [  83% ] 0002/0090 VUs  25.0s/30s  450.00 iters/s
step_00500 • [   0% ] waiting        0m05.0s   
step_00550 • [   0% ] waiting        0m35.0s   
step_00600 • [   0% ] waiting        1m05.0s   
step_00650 • [   0% ] waiting        1m35.0s   
step_00700 • [   0% ] waiting        2m05.0s   
step_00750 • [   0% ] waiting        2m35.0s   
step_00800 • [   0% ] waiting        3m05.0s   
step_00850 • [   0% ] waiting        3m35.0s   
step_00900 • [   0% ] waiting        4m05.0s   
step_00950 • [   0% ] waiting        4m35.0s   
step_01000 • [   0% ] waiting        5m05.0s   

running (04m25.9s), 0001/0446 VUs, 65627 complete and 0 interrupted iterations
step_00050 ✓ [ 100% ] 000/020 VUs    30s        50.00 iters/s
step_00100 ✓ [ 100% ] 000/020 VUs    30s        100.00 iters/s
step_00150 ✓ [ 100% ] 000/030 VUs    30s        150.00 iters/s
step_00200 ✓ [ 100% ] 000/040 VUs    30s        200.00 iters/s
step_00250 ✓ [ 100% ] 000/106 VUs    30s        250.00 iters/s
step_00300 ✓ [ 100% ] 000/060 VUs    30s        300.00 iters/s
step_00350 ✓ [ 100% ] 0000/0070 VUs  30s        350.00 iters/s
step_00400 ✓ [ 100% ] 0000/0080 VUs  30s        400.00 iters/s
step_00450   [  87% ] 0001/0090 VUs  26.0s/30s  450.00 iters/s
step_00500 • [   0% ] waiting        0m04.0s   
step_00550 • [   0% ] waiting        0m34.0s   
step_00600 • [   0% ] waiting        1m04.0s   
step_00650 • [   0% ] waiting        1m34.0s   
step_00700 • [   0% ] waiting        2m04.0s   
step_00750 • [   0% ] waiting        2m34.0s   
step_00800 • [   0% ] waiting        3m04.0s   
step_00850 • [   0% ] waiting        3m34.0s   
step_00900 • [   0% ] waiting        4m04.0s   
step_00950 • [   0% ] waiting        4m34.0s   
step_01000 • [   0% ] waiting        5m04.0s   

running (04m26.9s), 0001/0446 VUs, 66077 complete and 0 interrupted iterations
step_00050 ✓ [ 100% ] 000/020 VUs    30s        50.00 iters/s
step_00100 ✓ [ 100% ] 000/020 VUs    30s        100.00 iters/s
step_00150 ✓ [ 100% ] 000/030 VUs    30s        150.00 iters/s
step_00200 ✓ [ 100% ] 000/040 VUs    30s        200.00 iters/s
step_00250 ✓ [ 100% ] 000/106 VUs    30s        250.00 iters/s
step_00300 ✓ [ 100% ] 000/060 VUs    30s        300.00 iters/s
step_00350 ✓ [ 100% ] 0000/0070 VUs  30s        350.00 iters/s
step_00400 ✓ [ 100% ] 0000/0080 VUs  30s        400.00 iters/s
step_00450   [  90% ] 0001/0090 VUs  27.0s/30s  450.00 iters/s
step_00500 • [   0% ] waiting        0m03.0s   
step_00550 • [   0% ] waiting        0m33.0s   
step_00600 • [   0% ] waiting        1m03.0s   
step_00650 • [   0% ] waiting        1m33.0s   
step_00700 • [   0% ] waiting        2m03.0s   
step_00750 • [   0% ] waiting        2m33.0s   
step_00800 • [   0% ] waiting        3m03.0s   
step_00850 • [   0% ] waiting        3m33.0s   
step_00900 • [   0% ] waiting        4m03.0s   
step_00950 • [   0% ] waiting        4m33.0s   
step_01000 • [   0% ] waiting        5m03.0s   

running (04m27.9s), 0001/0446 VUs, 66527 complete and 0 interrupted iterations
step_00050 ✓ [ 100% ] 000/020 VUs    30s        50.00 iters/s
step_00100 ✓ [ 100% ] 000/020 VUs    30s        100.00 iters/s
step_00150 ✓ [ 100% ] 000/030 VUs    30s        150.00 iters/s
step_00200 ✓ [ 100% ] 000/040 VUs    30s        200.00 iters/s
step_00250 ✓ [ 100% ] 000/106 VUs    30s        250.00 iters/s
step_00300 ✓ [ 100% ] 000/060 VUs    30s        300.00 iters/s
step_00350 ✓ [ 100% ] 0000/0070 VUs  30s        350.00 iters/s
step_00400 ✓ [ 100% ] 0000/0080 VUs  30s        400.00 iters/s
step_00450   [  93% ] 0001/0090 VUs  28.0s/30s  450.00 iters/s
step_00500 • [   0% ] waiting        0m02.0s   
step_00550 • [   0% ] waiting        0m32.0s   
step_00600 • [   0% ] waiting        1m02.0s   
step_00650 • [   0% ] waiting        1m32.0s   
step_00700 • [   0% ] waiting        2m02.0s   
step_00750 • [   0% ] waiting        2m32.0s   
step_00800 • [   0% ] waiting        3m02.0s   
step_00850 • [   0% ] waiting        3m32.0s   
step_00900 • [   0% ] waiting        4m02.0s   
step_00950 • [   0% ] waiting        4m32.0s   
step_01000 • [   0% ] waiting        5m02.0s   

running (04m28.9s), 0001/0446 VUs, 66977 complete and 0 interrupted iterations
step_00050 ✓ [ 100% ] 000/020 VUs    30s        50.00 iters/s
step_00100 ✓ [ 100% ] 000/020 VUs    30s        100.00 iters/s
step_00150 ✓ [ 100% ] 000/030 VUs    30s        150.00 iters/s
step_00200 ✓ [ 100% ] 000/040 VUs    30s        200.00 iters/s
step_00250 ✓ [ 100% ] 000/106 VUs    30s        250.00 iters/s
step_00300 ✓ [ 100% ] 000/060 VUs    30s        300.00 iters/s
step_00350 ✓ [ 100% ] 0000/0070 VUs  30s        350.00 iters/s
step_00400 ✓ [ 100% ] 0000/0080 VUs  30s        400.00 iters/s
step_00450   [  97% ] 0001/0090 VUs  29.0s/30s  450.00 iters/s
step_00500 • [   0% ] waiting        0m01.0s   
step_00550 • [   0% ] waiting        0m31.0s   
step_00600 • [   0% ] waiting        1m01.0s   
step_00650 • [   0% ] waiting        1m31.0s   
step_00700 • [   0% ] waiting        2m01.0s   
step_00750 • [   0% ] waiting        2m31.0s   
step_00800 • [   0% ] waiting        3m01.0s   
step_00850 • [   0% ] waiting        3m31.0s   
step_00900 • [   0% ] waiting        4m01.0s   
step_00950 • [   0% ] waiting        4m31.0s   
step_01000 • [   0% ] waiting        5m01.0s   

running (04m29.9s), 0001/0446 VUs, 67427 complete and 0 interrupted iterations
step_00050 ✓ [ 100% ] 000/020 VUs    30s        50.00 iters/s
step_00100 ✓ [ 100% ] 000/020 VUs    30s        100.00 iters/s
step_00150 ✓ [ 100% ] 000/030 VUs    30s        150.00 iters/s
step_00200 ✓ [ 100% ] 000/040 VUs    30s        200.00 iters/s
step_00250 ✓ [ 100% ] 000/106 VUs    30s        250.00 iters/s
step_00300 ✓ [ 100% ] 000/060 VUs    30s        300.00 iters/s
step_00350 ✓ [ 100% ] 0000/0070 VUs  30s        350.00 iters/s
step_00400 ✓ [ 100% ] 0000/0080 VUs  30s        400.00 iters/s
step_00450   [ 100% ] 0001/0090 VUs  30.0s/30s  450.00 iters/s
step_00500 • [   0% ] waiting        0m00.0s   
step_00550 • [   0% ] waiting        0m30.0s   
step_00600 • [   0% ] waiting        1m00.0s   
step_00650 • [   0% ] waiting        1m30.0s   
step_00700 • [   0% ] waiting        2m00.0s   
step_00750 • [   0% ] waiting        2m30.0s   
step_00800 • [   0% ] waiting        3m00.0s   
step_00850 • [   0% ] waiting        3m30.0s   
step_00900 • [   0% ] waiting        4m00.0s   
step_00950 • [   0% ] waiting        4m30.0s   
step_01000 • [   0% ] waiting        5m00.0s   

running (04m30.9s), 0001/0446 VUs, 67925 complete and 0 interrupted iterations
step_00050 ✓ [ 100% ] 000/020 VUs    30s        50.00 iters/s
step_00100 ✓ [ 100% ] 000/020 VUs    30s        100.00 iters/s
step_00150 ✓ [ 100% ] 000/030 VUs    30s        150.00 iters/s
step_00200 ✓ [ 100% ] 000/040 VUs    30s        200.00 iters/s
step_00250 ✓ [ 100% ] 000/106 VUs    30s        250.00 iters/s
step_00300 ✓ [ 100% ] 000/060 VUs    30s        300.00 iters/s
step_00350 ✓ [ 100% ] 0000/0070 VUs  30s        350.00 iters/s
step_00400 ✓ [ 100% ] 0000/0080 VUs  30s        400.00 iters/s
step_00450 ✓ [ 100% ] 0000/0090 VUs  30s        450.00 iters/s
step_00500   [   3% ] 0001/0100 VUs  01.0s/30s  500.00 iters/s
step_00550 • [   0% ] waiting        0m29.0s   
step_00600 • [   0% ] waiting        0m59.0s   
step_00650 • [   0% ] waiting        1m29.0s   
step_00700 • [   0% ] waiting        1m59.0s   
step_00750 • [   0% ] waiting        2m29.0s   
step_00800 • [   0% ] waiting        2m59.0s   
step_00850 • [   0% ] waiting        3m29.0s   
step_00900 • [   0% ] waiting        3m59.0s   
step_00950 • [   0% ] waiting        4m29.0s   
step_01000 • [   0% ] waiting        4m59.0s   

running (04m31.9s), 0000/0446 VUs, 68426 complete and 0 interrupted iterations
step_00050 ✓ [ 100% ] 000/020 VUs    30s        50.00 iters/s
step_00100 ✓ [ 100% ] 000/020 VUs    30s        100.00 iters/s
step_00150 ✓ [ 100% ] 000/030 VUs    30s        150.00 iters/s
step_00200 ✓ [ 100% ] 000/040 VUs    30s        200.00 iters/s
step_00250 ✓ [ 100% ] 000/106 VUs    30s        250.00 iters/s
step_00300 ✓ [ 100% ] 000/060 VUs    30s        300.00 iters/s
step_00350 ✓ [ 100% ] 0000/0070 VUs  30s        350.00 iters/s
step_00400 ✓ [ 100% ] 0000/0080 VUs  30s        400.00 iters/s
step_00450 ✓ [ 100% ] 0000/0090 VUs  30s        450.00 iters/s
step_00500   [   7% ] 0000/0100 VUs  02.0s/30s  500.00 iters/s
step_00550 • [   0% ] waiting        0m28.0s   
step_00600 • [   0% ] waiting        0m58.0s   
step_00650 • [   0% ] waiting        1m28.0s   
step_00700 • [   0% ] waiting        1m58.0s   
step_00750 • [   0% ] waiting        2m28.0s   
step_00800 • [   0% ] waiting        2m58.0s   
step_00850 • [   0% ] waiting        3m28.0s   
step_00900 • [   0% ] waiting        3m58.0s   
step_00950 • [   0% ] waiting        4m28.0s   
step_01000 • [   0% ] waiting        4m58.0s   

running (04m32.9s), 0002/0446 VUs, 68925 complete and 0 interrupted iterations
step_00050 ✓ [ 100% ] 000/020 VUs    30s        50.00 iters/s
step_00100 ✓ [ 100% ] 000/020 VUs    30s        100.00 iters/s
step_00150 ✓ [ 100% ] 000/030 VUs    30s        150.00 iters/s
step_00200 ✓ [ 100% ] 000/040 VUs    30s        200.00 iters/s
step_00250 ✓ [ 100% ] 000/106 VUs    30s        250.00 iters/s
step_00300 ✓ [ 100% ] 000/060 VUs    30s        300.00 iters/s
step_00350 ✓ [ 100% ] 0000/0070 VUs  30s        350.00 iters/s
step_00400 ✓ [ 100% ] 0000/0080 VUs  30s        400.00 iters/s
step_00450 ✓ [ 100% ] 0000/0090 VUs  30s        450.00 iters/s
step_00500   [  10% ] 0002/0100 VUs  03.0s/30s  500.00 iters/s
step_00550 • [   0% ] waiting        0m27.0s   
step_00600 • [   0% ] waiting        0m57.0s   
step_00650 • [   0% ] waiting        1m27.0s   
step_00700 • [   0% ] waiting        1m57.0s   
step_00750 • [   0% ] waiting        2m27.0s   
step_00800 • [   0% ] waiting        2m57.0s   
step_00850 • [   0% ] waiting        3m27.0s   
step_00900 • [   0% ] waiting        3m57.0s   
step_00950 • [   0% ] waiting        4m27.0s   
step_01000 • [   0% ] waiting        4m57.0s   

running (04m33.9s), 0001/0446 VUs, 69425 complete and 0 interrupted iterations
step_00050 ✓ [ 100% ] 000/020 VUs    30s        50.00 iters/s
step_00100 ✓ [ 100% ] 000/020 VUs    30s        100.00 iters/s
step_00150 ✓ [ 100% ] 000/030 VUs    30s        150.00 iters/s
step_00200 ✓ [ 100% ] 000/040 VUs    30s        200.00 iters/s
step_00250 ✓ [ 100% ] 000/106 VUs    30s        250.00 iters/s
step_00300 ✓ [ 100% ] 000/060 VUs    30s        300.00 iters/s
step_00350 ✓ [ 100% ] 0000/0070 VUs  30s        350.00 iters/s
step_00400 ✓ [ 100% ] 0000/0080 VUs  30s        400.00 iters/s
step_00450 ✓ [ 100% ] 0000/0090 VUs  30s        450.00 iters/s
step_00500   [  13% ] 0001/0100 VUs  04.0s/30s  500.00 iters/s
step_00550 • [   0% ] waiting        0m26.0s   
step_00600 • [   0% ] waiting        0m56.0s   
step_00650 • [   0% ] waiting        1m26.0s   
step_00700 • [   0% ] waiting        1m56.0s   
step_00750 • [   0% ] waiting        2m26.0s   
step_00800 • [   0% ] waiting        2m56.0s   
step_00850 • [   0% ] waiting        3m26.0s   
step_00900 • [   0% ] waiting        3m56.0s   
step_00950 • [   0% ] waiting        4m26.0s   
step_01000 • [   0% ] waiting        4m56.0s   

running (04m34.9s), 0001/0446 VUs, 69925 complete and 0 interrupted iterations
step_00050 ✓ [ 100% ] 000/020 VUs    30s        50.00 iters/s
step_00100 ✓ [ 100% ] 000/020 VUs    30s        100.00 iters/s
step_00150 ✓ [ 100% ] 000/030 VUs    30s        150.00 iters/s
step_00200 ✓ [ 100% ] 000/040 VUs    30s        200.00 iters/s
step_00250 ✓ [ 100% ] 000/106 VUs    30s        250.00 iters/s
step_00300 ✓ [ 100% ] 000/060 VUs    30s        300.00 iters/s
step_00350 ✓ [ 100% ] 0000/0070 VUs  30s        350.00 iters/s
step_00400 ✓ [ 100% ] 0000/0080 VUs  30s        400.00 iters/s
step_00450 ✓ [ 100% ] 0000/0090 VUs  30s        450.00 iters/s
step_00500   [  17% ] 0001/0100 VUs  05.0s/30s  500.00 iters/s
step_00550 • [   0% ] waiting        0m25.0s   
step_00600 • [   0% ] waiting        0m55.0s   
step_00650 • [   0% ] waiting        1m25.0s   
step_00700 • [   0% ] waiting        1m55.0s   
step_00750 • [   0% ] waiting        2m25.0s   
step_00800 • [   0% ] waiting        2m55.0s   
step_00850 • [   0% ] waiting        3m25.0s   
step_00900 • [   0% ] waiting        3m55.0s   
step_00950 • [   0% ] waiting        4m25.0s   
step_01000 • [   0% ] waiting        4m55.0s   

running (04m35.9s), 0001/0446 VUs, 70425 complete and 0 interrupted iterations
step_00050 ✓ [ 100% ] 000/020 VUs    30s        50.00 iters/s
step_00100 ✓ [ 100% ] 000/020 VUs    30s        100.00 iters/s
step_00150 ✓ [ 100% ] 000/030 VUs    30s        150.00 iters/s
step_00200 ✓ [ 100% ] 000/040 VUs    30s        200.00 iters/s
step_00250 ✓ [ 100% ] 000/106 VUs    30s        250.00 iters/s
step_00300 ✓ [ 100% ] 000/060 VUs    30s        300.00 iters/s
step_00350 ✓ [ 100% ] 0000/0070 VUs  30s        350.00 iters/s
step_00400 ✓ [ 100% ] 0000/0080 VUs  30s        400.00 iters/s
step_00450 ✓ [ 100% ] 0000/0090 VUs  30s        450.00 iters/s
step_00500   [  20% ] 0001/0100 VUs  06.0s/30s  500.00 iters/s
step_00550 • [   0% ] waiting        0m24.0s   
step_00600 • [   0% ] waiting        0m54.0s   
step_00650 • [   0% ] waiting        1m24.0s   
step_00700 • [   0% ] waiting        1m54.0s   
step_00750 • [   0% ] waiting        2m24.0s   
step_00800 • [   0% ] waiting        2m54.0s   
step_00850 • [   0% ] waiting        3m24.0s   
step_00900 • [   0% ] waiting        3m54.0s   
step_00950 • [   0% ] waiting        4m24.0s   
step_01000 • [   0% ] waiting        4m54.0s   

running (04m36.9s), 0001/0446 VUs, 70925 complete and 0 interrupted iterations
step_00050 ✓ [ 100% ] 000/020 VUs    30s        50.00 iters/s
step_00100 ✓ [ 100% ] 000/020 VUs    30s        100.00 iters/s
step_00150 ✓ [ 100% ] 000/030 VUs    30s        150.00 iters/s
step_00200 ✓ [ 100% ] 000/040 VUs    30s        200.00 iters/s
step_00250 ✓ [ 100% ] 000/106 VUs    30s        250.00 iters/s
step_00300 ✓ [ 100% ] 000/060 VUs    30s        300.00 iters/s
step_00350 ✓ [ 100% ] 0000/0070 VUs  30s        350.00 iters/s
step_00400 ✓ [ 100% ] 0000/0080 VUs  30s        400.00 iters/s
step_00450 ✓ [ 100% ] 0000/0090 VUs  30s        450.00 iters/s
step_00500   [  23% ] 0001/0100 VUs  07.0s/30s  500.00 iters/s
step_00550 • [   0% ] waiting        0m23.0s   
step_00600 • [   0% ] waiting        0m53.0s   
step_00650 • [   0% ] waiting        1m23.0s   
step_00700 • [   0% ] waiting        1m53.0s   
step_00750 • [   0% ] waiting        2m23.0s   
step_00800 • [   0% ] waiting        2m53.0s   
step_00850 • [   0% ] waiting        3m23.0s   
step_00900 • [   0% ] waiting        3m53.0s   
step_00950 • [   0% ] waiting        4m23.0s   
step_01000 • [   0% ] waiting        4m53.0s   

running (04m37.9s), 0001/0446 VUs, 71425 complete and 0 interrupted iterations
step_00050 ✓ [ 100% ] 000/020 VUs    30s        50.00 iters/s
step_00100 ✓ [ 100% ] 000/020 VUs    30s        100.00 iters/s
step_00150 ✓ [ 100% ] 000/030 VUs    30s        150.00 iters/s
step_00200 ✓ [ 100% ] 000/040 VUs    30s        200.00 iters/s
step_00250 ✓ [ 100% ] 000/106 VUs    30s        250.00 iters/s
step_00300 ✓ [ 100% ] 000/060 VUs    30s        300.00 iters/s
step_00350 ✓ [ 100% ] 0000/0070 VUs  30s        350.00 iters/s
step_00400 ✓ [ 100% ] 0000/0080 VUs  30s        400.00 iters/s
step_00450 ✓ [ 100% ] 0000/0090 VUs  30s        450.00 iters/s
step_00500   [  27% ] 0001/0100 VUs  08.0s/30s  500.00 iters/s
step_00550 • [   0% ] waiting        0m22.0s   
step_00600 • [   0% ] waiting        0m52.0s   
step_00650 • [   0% ] waiting        1m22.0s   
step_00700 • [   0% ] waiting        1m52.0s   
step_00750 • [   0% ] waiting        2m22.0s   
step_00800 • [   0% ] waiting        2m52.0s   
step_00850 • [   0% ] waiting        3m22.0s   
step_00900 • [   0% ] waiting        3m52.0s   
step_00950 • [   0% ] waiting        4m22.0s   
step_01000 • [   0% ] waiting        4m52.0s   

running (04m38.9s), 0001/0446 VUs, 71925 complete and 0 interrupted iterations
step_00050 ✓ [ 100% ] 000/020 VUs    30s        50.00 iters/s
step_00100 ✓ [ 100% ] 000/020 VUs    30s        100.00 iters/s
step_00150 ✓ [ 100% ] 000/030 VUs    30s        150.00 iters/s
step_00200 ✓ [ 100% ] 000/040 VUs    30s        200.00 iters/s
step_00250 ✓ [ 100% ] 000/106 VUs    30s        250.00 iters/s
step_00300 ✓ [ 100% ] 000/060 VUs    30s        300.00 iters/s
step_00350 ✓ [ 100% ] 0000/0070 VUs  30s        350.00 iters/s
step_00400 ✓ [ 100% ] 0000/0080 VUs  30s        400.00 iters/s
step_00450 ✓ [ 100% ] 0000/0090 VUs  30s        450.00 iters/s
step_00500   [  30% ] 0001/0100 VUs  09.0s/30s  500.00 iters/s
step_00550 • [   0% ] waiting        0m21.0s   
step_00600 • [   0% ] waiting        0m51.0s   
step_00650 • [   0% ] waiting        1m21.0s   
step_00700 • [   0% ] waiting        1m51.0s   
step_00750 • [   0% ] waiting        2m21.0s   
step_00800 • [   0% ] waiting        2m51.0s   
step_00850 • [   0% ] waiting        3m21.0s   
step_00900 • [   0% ] waiting        3m51.0s   
step_00950 • [   0% ] waiting        4m21.0s   
step_01000 • [   0% ] waiting        4m51.0s   

running (04m39.9s), 0001/0446 VUs, 72425 complete and 0 interrupted iterations
step_00050 ✓ [ 100% ] 000/020 VUs    30s        50.00 iters/s
step_00100 ✓ [ 100% ] 000/020 VUs    30s        100.00 iters/s
step_00150 ✓ [ 100% ] 000/030 VUs    30s        150.00 iters/s
step_00200 ✓ [ 100% ] 000/040 VUs    30s        200.00 iters/s
step_00250 ✓ [ 100% ] 000/106 VUs    30s        250.00 iters/s
step_00300 ✓ [ 100% ] 000/060 VUs    30s        300.00 iters/s
step_00350 ✓ [ 100% ] 0000/0070 VUs  30s        350.00 iters/s
step_00400 ✓ [ 100% ] 0000/0080 VUs  30s        400.00 iters/s
step_00450 ✓ [ 100% ] 0000/0090 VUs  30s        450.00 iters/s
step_00500   [  33% ] 0001/0100 VUs  10.0s/30s  500.00 iters/s
step_00550 • [   0% ] waiting        0m20.0s   
step_00600 • [   0% ] waiting        0m50.0s   
step_00650 • [   0% ] waiting        1m20.0s   
step_00700 • [   0% ] waiting        1m50.0s   
step_00750 • [   0% ] waiting        2m20.0s   
step_00800 • [   0% ] waiting        2m50.0s   
step_00850 • [   0% ] waiting        3m20.0s   
step_00900 • [   0% ] waiting        3m50.0s   
step_00950 • [   0% ] waiting        4m20.0s   
step_01000 • [   0% ] waiting        4m50.0s   

running (04m40.9s), 0001/0446 VUs, 72925 complete and 0 interrupted iterations
step_00050 ✓ [ 100% ] 000/020 VUs    30s        50.00 iters/s
step_00100 ✓ [ 100% ] 000/020 VUs    30s        100.00 iters/s
step_00150 ✓ [ 100% ] 000/030 VUs    30s        150.00 iters/s
step_00200 ✓ [ 100% ] 000/040 VUs    30s        200.00 iters/s
step_00250 ✓ [ 100% ] 000/106 VUs    30s        250.00 iters/s
step_00300 ✓ [ 100% ] 000/060 VUs    30s        300.00 iters/s
step_00350 ✓ [ 100% ] 0000/0070 VUs  30s        350.00 iters/s
step_00400 ✓ [ 100% ] 0000/0080 VUs  30s        400.00 iters/s
step_00450 ✓ [ 100% ] 0000/0090 VUs  30s        450.00 iters/s
step_00500   [  37% ] 0001/0100 VUs  11.0s/30s  500.00 iters/s
step_00550 • [   0% ] waiting        0m19.0s   
step_00600 • [   0% ] waiting        0m49.0s   
step_00650 • [   0% ] waiting        1m19.0s   
step_00700 • [   0% ] waiting        1m49.0s   
step_00750 • [   0% ] waiting        2m19.0s   
step_00800 • [   0% ] waiting        2m49.0s   
step_00850 • [   0% ] waiting        3m19.0s   
step_00900 • [   0% ] waiting        3m49.0s   
step_00950 • [   0% ] waiting        4m19.0s   
step_01000 • [   0% ] waiting        4m49.0s   

running (04m41.9s), 0001/0446 VUs, 73425 complete and 0 interrupted iterations
step_00050 ✓ [ 100% ] 000/020 VUs    30s        50.00 iters/s
step_00100 ✓ [ 100% ] 000/020 VUs    30s        100.00 iters/s
step_00150 ✓ [ 100% ] 000/030 VUs    30s        150.00 iters/s
step_00200 ✓ [ 100% ] 000/040 VUs    30s        200.00 iters/s
step_00250 ✓ [ 100% ] 000/106 VUs    30s        250.00 iters/s
step_00300 ✓ [ 100% ] 000/060 VUs    30s        300.00 iters/s
step_00350 ✓ [ 100% ] 0000/0070 VUs  30s        350.00 iters/s
step_00400 ✓ [ 100% ] 0000/0080 VUs  30s        400.00 iters/s
step_00450 ✓ [ 100% ] 0000/0090 VUs  30s        450.00 iters/s
step_00500   [  40% ] 0001/0100 VUs  12.0s/30s  500.00 iters/s
step_00550 • [   0% ] waiting        0m18.0s   
step_00600 • [   0% ] waiting        0m48.0s   
step_00650 • [   0% ] waiting        1m18.0s   
step_00700 • [   0% ] waiting        1m48.0s   
step_00750 • [   0% ] waiting        2m18.0s   
step_00800 • [   0% ] waiting        2m48.0s   
step_00850 • [   0% ] waiting        3m18.0s   
step_00900 • [   0% ] waiting        3m48.0s   
step_00950 • [   0% ] waiting        4m18.0s   
step_01000 • [   0% ] waiting        4m48.0s   

running (04m42.9s), 0021/0446 VUs, 73905 complete and 0 interrupted iterations
step_00050 ✓ [ 100% ] 000/020 VUs    30s        50.00 iters/s
step_00100 ✓ [ 100% ] 000/020 VUs    30s        100.00 iters/s
step_00150 ✓ [ 100% ] 000/030 VUs    30s        150.00 iters/s
step_00200 ✓ [ 100% ] 000/040 VUs    30s        200.00 iters/s
step_00250 ✓ [ 100% ] 000/106 VUs    30s        250.00 iters/s
step_00300 ✓ [ 100% ] 000/060 VUs    30s        300.00 iters/s
step_00350 ✓ [ 100% ] 0000/0070 VUs  30s        350.00 iters/s
step_00400 ✓ [ 100% ] 0000/0080 VUs  30s        400.00 iters/s
step_00450 ✓ [ 100% ] 0000/0090 VUs  30s        450.00 iters/s
step_00500   [  43% ] 0021/0100 VUs  13.0s/30s  500.00 iters/s
step_00550 • [   0% ] waiting        0m17.0s   
step_00600 • [   0% ] waiting        0m47.0s   
step_00650 • [   0% ] waiting        1m17.0s   
step_00700 • [   0% ] waiting        1m47.0s   
step_00750 • [   0% ] waiting        2m17.0s   
step_00800 • [   0% ] waiting        2m47.0s   
step_00850 • [   0% ] waiting        3m17.0s   
step_00900 • [   0% ] waiting        3m47.0s   
step_00950 • [   0% ] waiting        4m17.0s   
step_01000 • [   0% ] waiting        4m47.0s   

running (04m43.9s), 0071/0459 VUs, 74341 complete and 0 interrupted iterations
step_00050 ✓ [ 100% ] 000/020 VUs    30s        50.00 iters/s
step_00100 ✓ [ 100% ] 000/020 VUs    30s        100.00 iters/s
step_00150 ✓ [ 100% ] 000/030 VUs    30s        150.00 iters/s
step_00200 ✓ [ 100% ] 000/040 VUs    30s        200.00 iters/s
step_00250 ✓ [ 100% ] 000/106 VUs    30s        250.00 iters/s
step_00300 ✓ [ 100% ] 000/060 VUs    30s        300.00 iters/s
step_00350 ✓ [ 100% ] 0000/0070 VUs  30s        350.00 iters/s
step_00400 ✓ [ 100% ] 0000/0080 VUs  30s        400.00 iters/s
step_00450 ✓ [ 100% ] 0000/0090 VUs  30s        450.00 iters/s
step_00500   [  47% ] 0071/0113 VUs  14.0s/30s  500.00 iters/s
step_00550 • [   0% ] waiting        0m16.0s   
step_00600 • [   0% ] waiting        0m46.0s   
step_00650 • [   0% ] waiting        1m16.0s   
step_00700 • [   0% ] waiting        1m46.0s   
step_00750 • [   0% ] waiting        2m16.0s   
step_00800 • [   0% ] waiting        2m46.0s   
step_00850 • [   0% ] waiting        3m16.0s   
step_00900 • [   0% ] waiting        3m46.0s   
step_00950 • [   0% ] waiting        4m16.0s   
step_01000 • [   0% ] waiting        4m46.0s   

running (04m44.9s), 0179/0526 VUs, 74636 complete and 0 interrupted iterations
step_00050 ✓ [ 100% ] 000/020 VUs    30s        50.00 iters/s
step_00100 ✓ [ 100% ] 000/020 VUs    30s        100.00 iters/s
step_00150 ✓ [ 100% ] 000/030 VUs    30s        150.00 iters/s
step_00200 ✓ [ 100% ] 000/040 VUs    30s        200.00 iters/s
step_00250 ✓ [ 100% ] 000/106 VUs    30s        250.00 iters/s
step_00300 ✓ [ 100% ] 000/060 VUs    30s        300.00 iters/s
step_00350 ✓ [ 100% ] 0000/0070 VUs  30s        350.00 iters/s
step_00400 ✓ [ 100% ] 0000/0080 VUs  30s        400.00 iters/s
step_00450 ✓ [ 100% ] 0000/0090 VUs  30s        450.00 iters/s
step_00500   [  50% ] 0179/0180 VUs  15.0s/30s  500.00 iters/s
step_00550 • [   0% ] waiting        0m15.0s   
step_00600 • [   0% ] waiting        0m45.0s   
step_00650 • [   0% ] waiting        1m15.0s   
step_00700 • [   0% ] waiting        1m45.0s   
step_00750 • [   0% ] waiting        2m15.0s   
step_00800 • [   0% ] waiting        2m45.0s   
step_00850 • [   0% ] waiting        3m15.0s   
step_00900 • [   0% ] waiting        3m45.0s   
step_00950 • [   0% ] waiting        4m15.0s   
step_01000 • [   0% ] waiting        4m45.0s   

running (04m45.9s), 0178/0565 VUs, 75093 complete and 0 interrupted iterations
step_00050 ✓ [ 100% ] 000/020 VUs    30s        50.00 iters/s
step_00100 ✓ [ 100% ] 000/020 VUs    30s        100.00 iters/s
step_00150 ✓ [ 100% ] 000/030 VUs    30s        150.00 iters/s
step_00200 ✓ [ 100% ] 000/040 VUs    30s        200.00 iters/s
step_00250 ✓ [ 100% ] 000/106 VUs    30s        250.00 iters/s
step_00300 ✓ [ 100% ] 000/060 VUs    30s        300.00 iters/s
step_00350 ✓ [ 100% ] 0000/0070 VUs  30s        350.00 iters/s
step_00400 ✓ [ 100% ] 0000/0080 VUs  30s        400.00 iters/s
step_00450 ✓ [ 100% ] 0000/0090 VUs  30s        450.00 iters/s
step_00500   [  53% ] 0178/0219 VUs  16.0s/30s  500.00 iters/s
step_00550 • [   0% ] waiting        0m14.0s   
step_00600 • [   0% ] waiting        0m44.0s   
step_00650 • [   0% ] waiting        1m14.0s   
step_00700 • [   0% ] waiting        1m44.0s   
step_00750 • [   0% ] waiting        2m14.0s   
step_00800 • [   0% ] waiting        2m44.0s   
step_00850 • [   0% ] waiting        3m14.0s   
step_00900 • [   0% ] waiting        3m44.0s   
step_00950 • [   0% ] waiting        4m14.0s   
step_01000 • [   0% ] waiting        4m44.0s   

running (04m46.9s), 0001/0565 VUs, 75770 complete and 0 interrupted iterations
step_00050 ✓ [ 100% ] 000/020 VUs    30s        50.00 iters/s
step_00100 ✓ [ 100% ] 000/020 VUs    30s        100.00 iters/s
step_00150 ✓ [ 100% ] 000/030 VUs    30s        150.00 iters/s
step_00200 ✓ [ 100% ] 000/040 VUs    30s        200.00 iters/s
step_00250 ✓ [ 100% ] 000/106 VUs    30s        250.00 iters/s
step_00300 ✓ [ 100% ] 000/060 VUs    30s        300.00 iters/s
step_00350 ✓ [ 100% ] 0000/0070 VUs  30s        350.00 iters/s
step_00400 ✓ [ 100% ] 0000/0080 VUs  30s        400.00 iters/s
step_00450 ✓ [ 100% ] 0000/0090 VUs  30s        450.00 iters/s
step_00500   [  57% ] 0001/0219 VUs  17.0s/30s  500.00 iters/s
step_00550 • [   0% ] waiting        0m13.0s   
step_00600 • [   0% ] waiting        0m43.0s   
step_00650 • [   0% ] waiting        1m13.0s   
step_00700 • [   0% ] waiting        1m43.0s   
step_00750 • [   0% ] waiting        2m13.0s   
step_00800 • [   0% ] waiting        2m43.0s   
step_00850 • [   0% ] waiting        3m13.0s   
step_00900 • [   0% ] waiting        3m43.0s   
step_00950 • [   0% ] waiting        4m13.0s   
step_01000 • [   0% ] waiting        4m43.0s   

running (04m47.9s), 0000/0565 VUs, 76271 complete and 0 interrupted iterations
step_00050 ✓ [ 100% ] 000/020 VUs    30s        50.00 iters/s
step_00100 ✓ [ 100% ] 000/020 VUs    30s        100.00 iters/s
step_00150 ✓ [ 100% ] 000/030 VUs    30s        150.00 iters/s
step_00200 ✓ [ 100% ] 000/040 VUs    30s        200.00 iters/s
step_00250 ✓ [ 100% ] 000/106 VUs    30s        250.00 iters/s
step_00300 ✓ [ 100% ] 000/060 VUs    30s        300.00 iters/s
step_00350 ✓ [ 100% ] 0000/0070 VUs  30s        350.00 iters/s
step_00400 ✓ [ 100% ] 0000/0080 VUs  30s        400.00 iters/s
step_00450 ✓ [ 100% ] 0000/0090 VUs  30s        450.00 iters/s
step_00500   [  60% ] 0000/0219 VUs  18.0s/30s  500.00 iters/s
step_00550 • [   0% ] waiting        0m12.0s   
step_00600 • [   0% ] waiting        0m42.0s   
step_00650 • [   0% ] waiting        1m12.0s   
step_00700 • [   0% ] waiting        1m42.0s   
step_00750 • [   0% ] waiting        2m12.0s   
step_00800 • [   0% ] waiting        2m42.0s   
step_00850 • [   0% ] waiting        3m12.0s   
step_00900 • [   0% ] waiting        3m42.0s   
step_00950 • [   0% ] waiting        4m12.0s   
step_01000 • [   0% ] waiting        4m42.0s   

running (04m48.9s), 0001/0565 VUs, 76770 complete and 0 interrupted iterations
step_00050 ✓ [ 100% ] 000/020 VUs    30s        50.00 iters/s
step_00100 ✓ [ 100% ] 000/020 VUs    30s        100.00 iters/s
step_00150 ✓ [ 100% ] 000/030 VUs    30s        150.00 iters/s
step_00200 ✓ [ 100% ] 000/040 VUs    30s        200.00 iters/s
step_00250 ✓ [ 100% ] 000/106 VUs    30s        250.00 iters/s
step_00300 ✓ [ 100% ] 000/060 VUs    30s        300.00 iters/s
step_00350 ✓ [ 100% ] 0000/0070 VUs  30s        350.00 iters/s
step_00400 ✓ [ 100% ] 0000/0080 VUs  30s        400.00 iters/s
step_00450 ✓ [ 100% ] 0000/0090 VUs  30s        450.00 iters/s
step_00500   [  63% ] 0001/0219 VUs  19.0s/30s  500.00 iters/s
step_00550 • [   0% ] waiting        0m11.0s   
step_00600 • [   0% ] waiting        0m41.0s   
step_00650 • [   0% ] waiting        1m11.0s   
step_00700 • [   0% ] waiting        1m41.0s   
step_00750 • [   0% ] waiting        2m11.0s   
step_00800 • [   0% ] waiting        2m41.0s   
step_00850 • [   0% ] waiting        3m11.0s   
step_00900 • [   0% ] waiting        3m41.0s   
step_00950 • [   0% ] waiting        4m11.0s   
step_01000 • [   0% ] waiting        4m41.0s   

running (04m49.9s), 0001/0565 VUs, 77270 complete and 0 interrupted iterations
step_00050 ✓ [ 100% ] 000/020 VUs    30s        50.00 iters/s
step_00100 ✓ [ 100% ] 000/020 VUs    30s        100.00 iters/s
step_00150 ✓ [ 100% ] 000/030 VUs    30s        150.00 iters/s
step_00200 ✓ [ 100% ] 000/040 VUs    30s        200.00 iters/s
step_00250 ✓ [ 100% ] 000/106 VUs    30s        250.00 iters/s
step_00300 ✓ [ 100% ] 000/060 VUs    30s        300.00 iters/s
step_00350 ✓ [ 100% ] 0000/0070 VUs  30s        350.00 iters/s
step_00400 ✓ [ 100% ] 0000/0080 VUs  30s        400.00 iters/s
step_00450 ✓ [ 100% ] 0000/0090 VUs  30s        450.00 iters/s
step_00500   [  67% ] 0001/0219 VUs  20.0s/30s  500.00 iters/s
step_00550 • [   0% ] waiting        0m10.0s   
step_00600 • [   0% ] waiting        0m40.0s   
step_00650 • [   0% ] waiting        1m10.0s   
step_00700 • [   0% ] waiting        1m40.0s   
step_00750 • [   0% ] waiting        2m10.0s   
step_00800 • [   0% ] waiting        2m40.0s   
step_00850 • [   0% ] waiting        3m10.0s   
step_00900 • [   0% ] waiting        3m40.0s   
step_00950 • [   0% ] waiting        4m10.0s   
step_01000 • [   0% ] waiting        4m40.0s   

running (04m50.9s), 0001/0565 VUs, 77770 complete and 0 interrupted iterations
step_00050 ✓ [ 100% ] 000/020 VUs    30s        50.00 iters/s
step_00100 ✓ [ 100% ] 000/020 VUs    30s        100.00 iters/s
step_00150 ✓ [ 100% ] 000/030 VUs    30s        150.00 iters/s
step_00200 ✓ [ 100% ] 000/040 VUs    30s        200.00 iters/s
step_00250 ✓ [ 100% ] 000/106 VUs    30s        250.00 iters/s
step_00300 ✓ [ 100% ] 000/060 VUs    30s        300.00 iters/s
step_00350 ✓ [ 100% ] 0000/0070 VUs  30s        350.00 iters/s
step_00400 ✓ [ 100% ] 0000/0080 VUs  30s        400.00 iters/s
step_00450 ✓ [ 100% ] 0000/0090 VUs  30s        450.00 iters/s
step_00500   [  70% ] 0001/0219 VUs  21.0s/30s  500.00 iters/s
step_00550 • [   0% ] waiting        0m09.0s   
step_00600 • [   0% ] waiting        0m39.0s   
step_00650 • [   0% ] waiting        1m09.0s   
step_00700 • [   0% ] waiting        1m39.0s   
step_00750 • [   0% ] waiting        2m09.0s   
step_00800 • [   0% ] waiting        2m39.0s   
step_00850 • [   0% ] waiting        3m09.0s   
step_00900 • [   0% ] waiting        3m39.0s   
step_00950 • [   0% ] waiting        4m09.0s   
step_01000 • [   0% ] waiting        4m39.0s   

running (04m51.9s), 0001/0565 VUs, 78270 complete and 0 interrupted iterations
step_00050 ✓ [ 100% ] 000/020 VUs    30s        50.00 iters/s
step_00100 ✓ [ 100% ] 000/020 VUs    30s        100.00 iters/s
step_00150 ✓ [ 100% ] 000/030 VUs    30s        150.00 iters/s
step_00200 ✓ [ 100% ] 000/040 VUs    30s        200.00 iters/s
step_00250 ✓ [ 100% ] 000/106 VUs    30s        250.00 iters/s
step_00300 ✓ [ 100% ] 000/060 VUs    30s        300.00 iters/s
step_00350 ✓ [ 100% ] 0000/0070 VUs  30s        350.00 iters/s
step_00400 ✓ [ 100% ] 0000/0080 VUs  30s        400.00 iters/s
step_00450 ✓ [ 100% ] 0000/0090 VUs  30s        450.00 iters/s
step_00500   [  73% ] 0001/0219 VUs  22.0s/30s  500.00 iters/s
step_00550 • [   0% ] waiting        0m08.0s   
step_00600 • [   0% ] waiting        0m38.0s   
step_00650 • [   0% ] waiting        1m08.0s   
step_00700 • [   0% ] waiting        1m38.0s   
step_00750 • [   0% ] waiting        2m08.0s   
step_00800 • [   0% ] waiting        2m38.0s   
step_00850 • [   0% ] waiting        3m08.0s   
step_00900 • [   0% ] waiting        3m38.0s   
step_00950 • [   0% ] waiting        4m08.0s   
step_01000 • [   0% ] waiting        4m38.0s   

running (04m52.9s), 0001/0565 VUs, 78770 complete and 0 interrupted iterations
step_00050 ✓ [ 100% ] 000/020 VUs    30s        50.00 iters/s
step_00100 ✓ [ 100% ] 000/020 VUs    30s        100.00 iters/s
step_00150 ✓ [ 100% ] 000/030 VUs    30s        150.00 iters/s
step_00200 ✓ [ 100% ] 000/040 VUs    30s        200.00 iters/s
step_00250 ✓ [ 100% ] 000/106 VUs    30s        250.00 iters/s
step_00300 ✓ [ 100% ] 000/060 VUs    30s        300.00 iters/s
step_00350 ✓ [ 100% ] 0000/0070 VUs  30s        350.00 iters/s
step_00400 ✓ [ 100% ] 0000/0080 VUs  30s        400.00 iters/s
step_00450 ✓ [ 100% ] 0000/0090 VUs  30s        450.00 iters/s
step_00500   [  77% ] 0001/0219 VUs  23.0s/30s  500.00 iters/s
step_00550 • [   0% ] waiting        0m07.0s   
step_00600 • [   0% ] waiting        0m37.0s   
step_00650 • [   0% ] waiting        1m07.0s   
step_00700 • [   0% ] waiting        1m37.0s   
step_00750 • [   0% ] waiting        2m07.0s   
step_00800 • [   0% ] waiting        2m37.0s   
step_00850 • [   0% ] waiting        3m07.0s   
step_00900 • [   0% ] waiting        3m37.0s   
step_00950 • [   0% ] waiting        4m07.0s   
step_01000 • [   0% ] waiting        4m37.0s   

running (04m53.9s), 0001/0565 VUs, 79270 complete and 0 interrupted iterations
step_00050 ✓ [ 100% ] 000/020 VUs    30s        50.00 iters/s
step_00100 ✓ [ 100% ] 000/020 VUs    30s        100.00 iters/s
step_00150 ✓ [ 100% ] 000/030 VUs    30s        150.00 iters/s
step_00200 ✓ [ 100% ] 000/040 VUs    30s        200.00 iters/s
step_00250 ✓ [ 100% ] 000/106 VUs    30s        250.00 iters/s
step_00300 ✓ [ 100% ] 000/060 VUs    30s        300.00 iters/s
step_00350 ✓ [ 100% ] 0000/0070 VUs  30s        350.00 iters/s
step_00400 ✓ [ 100% ] 0000/0080 VUs  30s        400.00 iters/s
step_00450 ✓ [ 100% ] 0000/0090 VUs  30s        450.00 iters/s
step_00500   [  80% ] 0001/0219 VUs  24.0s/30s  500.00 iters/s
step_00550 • [   0% ] waiting        0m06.0s   
step_00600 • [   0% ] waiting        0m36.0s   
step_00650 • [   0% ] waiting        1m06.0s   
step_00700 • [   0% ] waiting        1m36.0s   
step_00750 • [   0% ] waiting        2m06.0s   
step_00800 • [   0% ] waiting        2m36.0s   
step_00850 • [   0% ] waiting        3m06.0s   
step_00900 • [   0% ] waiting        3m36.0s   
step_00950 • [   0% ] waiting        4m06.0s   
step_01000 • [   0% ] waiting        4m36.0s   

running (04m54.9s), 0001/0565 VUs, 79770 complete and 0 interrupted iterations
step_00050 ✓ [ 100% ] 000/020 VUs    30s        50.00 iters/s
step_00100 ✓ [ 100% ] 000/020 VUs    30s        100.00 iters/s
step_00150 ✓ [ 100% ] 000/030 VUs    30s        150.00 iters/s
step_00200 ✓ [ 100% ] 000/040 VUs    30s        200.00 iters/s
step_00250 ✓ [ 100% ] 000/106 VUs    30s        250.00 iters/s
step_00300 ✓ [ 100% ] 000/060 VUs    30s        300.00 iters/s
step_00350 ✓ [ 100% ] 0000/0070 VUs  30s        350.00 iters/s
step_00400 ✓ [ 100% ] 0000/0080 VUs  30s        400.00 iters/s
step_00450 ✓ [ 100% ] 0000/0090 VUs  30s        450.00 iters/s
step_00500   [  83% ] 0001/0219 VUs  25.0s/30s  500.00 iters/s
step_00550 • [   0% ] waiting        0m05.0s   
step_00600 • [   0% ] waiting        0m35.0s   
step_00650 • [   0% ] waiting        1m05.0s   
step_00700 • [   0% ] waiting        1m35.0s   
step_00750 • [   0% ] waiting        2m05.0s   
step_00800 • [   0% ] waiting        2m35.0s   
step_00850 • [   0% ] waiting        3m05.0s   
step_00900 • [   0% ] waiting        3m35.0s   
step_00950 • [   0% ] waiting        4m05.0s   
step_01000 • [   0% ] waiting        4m35.0s   

running (04m55.9s), 0002/0565 VUs, 80269 complete and 0 interrupted iterations
step_00050 ✓ [ 100% ] 000/020 VUs    30s        50.00 iters/s
step_00100 ✓ [ 100% ] 000/020 VUs    30s        100.00 iters/s
step_00150 ✓ [ 100% ] 000/030 VUs    30s        150.00 iters/s
step_00200 ✓ [ 100% ] 000/040 VUs    30s        200.00 iters/s
step_00250 ✓ [ 100% ] 000/106 VUs    30s        250.00 iters/s
step_00300 ✓ [ 100% ] 000/060 VUs    30s        300.00 iters/s
step_00350 ✓ [ 100% ] 0000/0070 VUs  30s        350.00 iters/s
step_00400 ✓ [ 100% ] 0000/0080 VUs  30s        400.00 iters/s
step_00450 ✓ [ 100% ] 0000/0090 VUs  30s        450.00 iters/s
step_00500   [  87% ] 0001/0219 VUs  26.0s/30s  500.00 iters/s
step_00550 • [   0% ] waiting        0m04.0s   
step_00600 • [   0% ] waiting        0m34.0s   
step_00650 • [   0% ] waiting        1m04.0s   
step_00700 • [   0% ] waiting        1m34.0s   
step_00750 • [   0% ] waiting        2m04.0s   
step_00800 • [   0% ] waiting        2m34.0s   
step_00850 • [   0% ] waiting        3m04.0s   
step_00900 • [   0% ] waiting        3m34.0s   
step_00950 • [   0% ] waiting        4m04.0s   
step_01000 • [   0% ] waiting        4m34.0s   

running (04m56.9s), 0001/0565 VUs, 80770 complete and 0 interrupted iterations
step_00050 ✓ [ 100% ] 000/020 VUs    30s        50.00 iters/s
step_00100 ✓ [ 100% ] 000/020 VUs    30s        100.00 iters/s
step_00150 ✓ [ 100% ] 000/030 VUs    30s        150.00 iters/s
step_00200 ✓ [ 100% ] 000/040 VUs    30s        200.00 iters/s
step_00250 ✓ [ 100% ] 000/106 VUs    30s        250.00 iters/s
step_00300 ✓ [ 100% ] 000/060 VUs    30s        300.00 iters/s
step_00350 ✓ [ 100% ] 0000/0070 VUs  30s        350.00 iters/s
step_00400 ✓ [ 100% ] 0000/0080 VUs  30s        400.00 iters/s
step_00450 ✓ [ 100% ] 0000/0090 VUs  30s        450.00 iters/s
step_00500   [  90% ] 0001/0219 VUs  27.0s/30s  500.00 iters/s
step_00550 • [   0% ] waiting        0m03.0s   
step_00600 • [   0% ] waiting        0m33.0s   
step_00650 • [   0% ] waiting        1m03.0s   
step_00700 • [   0% ] waiting        1m33.0s   
step_00750 • [   0% ] waiting        2m03.0s   
step_00800 • [   0% ] waiting        2m33.0s   
step_00850 • [   0% ] waiting        3m03.0s   
step_00900 • [   0% ] waiting        3m33.0s   
step_00950 • [   0% ] waiting        4m03.0s   
step_01000 • [   0% ] waiting        4m33.0s   

running (04m57.9s), 0001/0565 VUs, 81270 complete and 0 interrupted iterations
step_00050 ✓ [ 100% ] 000/020 VUs    30s        50.00 iters/s
step_00100 ✓ [ 100% ] 000/020 VUs    30s        100.00 iters/s
step_00150 ✓ [ 100% ] 000/030 VUs    30s        150.00 iters/s
step_00200 ✓ [ 100% ] 000/040 VUs    30s        200.00 iters/s
step_00250 ✓ [ 100% ] 000/106 VUs    30s        250.00 iters/s
step_00300 ✓ [ 100% ] 000/060 VUs    30s        300.00 iters/s
step_00350 ✓ [ 100% ] 0000/0070 VUs  30s        350.00 iters/s
step_00400 ✓ [ 100% ] 0000/0080 VUs  30s        400.00 iters/s
step_00450 ✓ [ 100% ] 0000/0090 VUs  30s        450.00 iters/s
step_00500   [  93% ] 0001/0219 VUs  28.0s/30s  500.00 iters/s
step_00550 • [   0% ] waiting        0m02.0s   
step_00600 • [   0% ] waiting        0m32.0s   
step_00650 • [   0% ] waiting        1m02.0s   
step_00700 • [   0% ] waiting        1m32.0s   
step_00750 • [   0% ] waiting        2m02.0s   
step_00800 • [   0% ] waiting        2m32.0s   
step_00850 • [   0% ] waiting        3m02.0s   
step_00900 • [   0% ] waiting        3m32.0s   
step_00950 • [   0% ] waiting        4m02.0s   
step_01000 • [   0% ] waiting        4m32.0s   

running (04m58.9s), 0000/0565 VUs, 81771 complete and 0 interrupted iterations
step_00050 ✓ [ 100% ] 000/020 VUs    30s        50.00 iters/s
step_00100 ✓ [ 100% ] 000/020 VUs    30s        100.00 iters/s
step_00150 ✓ [ 100% ] 000/030 VUs    30s        150.00 iters/s
step_00200 ✓ [ 100% ] 000/040 VUs    30s        200.00 iters/s
step_00250 ✓ [ 100% ] 000/106 VUs    30s        250.00 iters/s
step_00300 ✓ [ 100% ] 000/060 VUs    30s        300.00 iters/s
step_00350 ✓ [ 100% ] 0000/0070 VUs  30s        350.00 iters/s
step_00400 ✓ [ 100% ] 0000/0080 VUs  30s        400.00 iters/s
step_00450 ✓ [ 100% ] 0000/0090 VUs  30s        450.00 iters/s
step_00500   [  97% ] 0000/0219 VUs  29.0s/30s  500.00 iters/s
step_00550 • [   0% ] waiting        0m01.0s   
step_00600 • [   0% ] waiting        0m31.0s   
step_00650 • [   0% ] waiting        1m01.0s   
step_00700 • [   0% ] waiting        1m31.0s   
step_00750 • [   0% ] waiting        2m01.0s   
step_00800 • [   0% ] waiting        2m31.0s   
step_00850 • [   0% ] waiting        3m01.0s   
step_00900 • [   0% ] waiting        3m31.0s   
step_00950 • [   0% ] waiting        4m01.0s   
step_01000 • [   0% ] waiting        4m31.0s   

running (04m59.9s), 0001/0565 VUs, 82270 complete and 0 interrupted iterations
step_00050 ✓ [ 100% ] 000/020 VUs    30s        50.00 iters/s
step_00100 ✓ [ 100% ] 000/020 VUs    30s        100.00 iters/s
step_00150 ✓ [ 100% ] 000/030 VUs    30s        150.00 iters/s
step_00200 ✓ [ 100% ] 000/040 VUs    30s        200.00 iters/s
step_00250 ✓ [ 100% ] 000/106 VUs    30s        250.00 iters/s
step_00300 ✓ [ 100% ] 000/060 VUs    30s        300.00 iters/s
step_00350 ✓ [ 100% ] 0000/0070 VUs  30s        350.00 iters/s
step_00400 ✓ [ 100% ] 0000/0080 VUs  30s        400.00 iters/s
step_00450 ✓ [ 100% ] 0000/0090 VUs  30s        450.00 iters/s
step_00500   [ 100% ] 0001/0219 VUs  30.0s/30s  500.00 iters/s
step_00550 • [   0% ] waiting        0m00.0s   
step_00600 • [   0% ] waiting        0m30.0s   
step_00650 • [   0% ] waiting        1m00.0s   
step_00700 • [   0% ] waiting        1m30.0s   
step_00750 • [   0% ] waiting        2m00.0s   
step_00800 • [   0% ] waiting        2m30.0s   
step_00850 • [   0% ] waiting        3m00.0s   
step_00900 • [   0% ] waiting        3m30.0s   
step_00950 • [   0% ] waiting        4m00.0s   
step_01000 • [   0% ] waiting        4m30.0s   

running (05m00.9s), 0001/0565 VUs, 82818 complete and 0 interrupted iterations
step_00050 ✓ [ 100% ] 000/020 VUs    30s        50.00 iters/s
step_00100 ✓ [ 100% ] 000/020 VUs    30s        100.00 iters/s
step_00150 ✓ [ 100% ] 000/030 VUs    30s        150.00 iters/s
step_00200 ✓ [ 100% ] 000/040 VUs    30s        200.00 iters/s
step_00250 ✓ [ 100% ] 000/106 VUs    30s        250.00 iters/s
step_00300 ✓ [ 100% ] 000/060 VUs    30s        300.00 iters/s
step_00350 ✓ [ 100% ] 0000/0070 VUs  30s        350.00 iters/s
step_00400 ✓ [ 100% ] 0000/0080 VUs  30s        400.00 iters/s
step_00450 ✓ [ 100% ] 0000/0090 VUs  30s        450.00 iters/s
step_00500 ✓ [ 100% ] 0000/0219 VUs  30s        500.00 iters/s
step_00550   [   3% ] 0001/0110 VUs  01.0s/30s  550.00 iters/s
step_00600 • [   0% ] waiting        0m29.0s   
step_00650 • [   0% ] waiting        0m59.0s   
step_00700 • [   0% ] waiting        1m29.0s   
step_00750 • [   0% ] waiting        1m59.0s   
step_00800 • [   0% ] waiting        2m29.0s   
step_00850 • [   0% ] waiting        2m59.0s   
step_00900 • [   0% ] waiting        3m29.0s   
step_00950 • [   0% ] waiting        3m59.0s   
step_01000 • [   0% ] waiting        4m29.0s   

running (05m01.9s), 0001/0565 VUs, 83368 complete and 0 interrupted iterations
step_00050 ✓ [ 100% ] 000/020 VUs    30s        50.00 iters/s
step_00100 ✓ [ 100% ] 000/020 VUs    30s        100.00 iters/s
step_00150 ✓ [ 100% ] 000/030 VUs    30s        150.00 iters/s
step_00200 ✓ [ 100% ] 000/040 VUs    30s        200.00 iters/s
step_00250 ✓ [ 100% ] 000/106 VUs    30s        250.00 iters/s
step_00300 ✓ [ 100% ] 000/060 VUs    30s        300.00 iters/s
step_00350 ✓ [ 100% ] 0000/0070 VUs  30s        350.00 iters/s
step_00400 ✓ [ 100% ] 0000/0080 VUs  30s        400.00 iters/s
step_00450 ✓ [ 100% ] 0000/0090 VUs  30s        450.00 iters/s
step_00500 ✓ [ 100% ] 0000/0219 VUs  30s        500.00 iters/s
step_00550   [   7% ] 0001/0110 VUs  02.0s/30s  550.00 iters/s
step_00600 • [   0% ] waiting        0m28.0s   
step_00650 • [   0% ] waiting        0m58.0s   
step_00700 • [   0% ] waiting        1m28.0s   
step_00750 • [   0% ] waiting        1m58.0s   
step_00800 • [   0% ] waiting        2m28.0s   
step_00850 • [   0% ] waiting        2m58.0s   
step_00900 • [   0% ] waiting        3m28.0s   
step_00950 • [   0% ] waiting        3m58.0s   
step_01000 • [   0% ] waiting        4m28.0s   

running (05m02.9s), 0001/0565 VUs, 83918 complete and 0 interrupted iterations
step_00050 ✓ [ 100% ] 000/020 VUs    30s        50.00 iters/s
step_00100 ✓ [ 100% ] 000/020 VUs    30s        100.00 iters/s
step_00150 ✓ [ 100% ] 000/030 VUs    30s        150.00 iters/s
step_00200 ✓ [ 100% ] 000/040 VUs    30s        200.00 iters/s
step_00250 ✓ [ 100% ] 000/106 VUs    30s        250.00 iters/s
step_00300 ✓ [ 100% ] 000/060 VUs    30s        300.00 iters/s
step_00350 ✓ [ 100% ] 0000/0070 VUs  30s        350.00 iters/s
step_00400 ✓ [ 100% ] 0000/0080 VUs  30s        400.00 iters/s
step_00450 ✓ [ 100% ] 0000/0090 VUs  30s        450.00 iters/s
step_00500 ✓ [ 100% ] 0000/0219 VUs  30s        500.00 iters/s
step_00550   [  10% ] 0001/0110 VUs  03.0s/30s  550.00 iters/s
step_00600 • [   0% ] waiting        0m27.0s   
step_00650 • [   0% ] waiting        0m57.0s   
step_00700 • [   0% ] waiting        1m27.0s   
step_00750 • [   0% ] waiting        1m57.0s   
step_00800 • [   0% ] waiting        2m27.0s   
step_00850 • [   0% ] waiting        2m57.0s   
step_00900 • [   0% ] waiting        3m27.0s   
step_00950 • [   0% ] waiting        3m57.0s   
step_01000 • [   0% ] waiting        4m27.0s   

running (05m03.9s), 0002/0565 VUs, 84467 complete and 0 interrupted iterations
step_00050 ✓ [ 100% ] 000/020 VUs    30s        50.00 iters/s
step_00100 ✓ [ 100% ] 000/020 VUs    30s        100.00 iters/s
step_00150 ✓ [ 100% ] 000/030 VUs    30s        150.00 iters/s
step_00200 ✓ [ 100% ] 000/040 VUs    30s        200.00 iters/s
step_00250 ✓ [ 100% ] 000/106 VUs    30s        250.00 iters/s
step_00300 ✓ [ 100% ] 000/060 VUs    30s        300.00 iters/s
step_00350 ✓ [ 100% ] 0000/0070 VUs  30s        350.00 iters/s
step_00400 ✓ [ 100% ] 0000/0080 VUs  30s        400.00 iters/s
step_00450 ✓ [ 100% ] 0000/0090 VUs  30s        450.00 iters/s
step_00500 ✓ [ 100% ] 0000/0219 VUs  30s        500.00 iters/s
step_00550   [  13% ] 0002/0110 VUs  04.0s/30s  550.00 iters/s
step_00600 • [   0% ] waiting        0m26.0s   
step_00650 • [   0% ] waiting        0m56.0s   
step_00700 • [   0% ] waiting        1m26.0s   
step_00750 • [   0% ] waiting        1m56.0s   
step_00800 • [   0% ] waiting        2m26.0s   
step_00850 • [   0% ] waiting        2m56.0s   
step_00900 • [   0% ] waiting        3m26.0s   
step_00950 • [   0% ] waiting        3m56.0s   
step_01000 • [   0% ] waiting        4m26.0s   

running (05m04.9s), 0002/0565 VUs, 85017 complete and 0 interrupted iterations
step_00050 ✓ [ 100% ] 000/020 VUs    30s        50.00 iters/s
step_00100 ✓ [ 100% ] 000/020 VUs    30s        100.00 iters/s
step_00150 ✓ [ 100% ] 000/030 VUs    30s        150.00 iters/s
step_00200 ✓ [ 100% ] 000/040 VUs    30s        200.00 iters/s
step_00250 ✓ [ 100% ] 000/106 VUs    30s        250.00 iters/s
step_00300 ✓ [ 100% ] 000/060 VUs    30s        300.00 iters/s
step_00350 ✓ [ 100% ] 0000/0070 VUs  30s        350.00 iters/s
step_00400 ✓ [ 100% ] 0000/0080 VUs  30s        400.00 iters/s
step_00450 ✓ [ 100% ] 0000/0090 VUs  30s        450.00 iters/s
step_00500 ✓ [ 100% ] 0000/0219 VUs  30s        500.00 iters/s
step_00550   [  17% ] 0002/0110 VUs  05.0s/30s  550.00 iters/s
step_00600 • [   0% ] waiting        0m25.0s   
step_00650 • [   0% ] waiting        0m55.0s   
step_00700 • [   0% ] waiting        1m25.0s   
step_00750 • [   0% ] waiting        1m55.0s   
step_00800 • [   0% ] waiting        2m25.0s   
step_00850 • [   0% ] waiting        2m55.0s   
step_00900 • [   0% ] waiting        3m25.0s   
step_00950 • [   0% ] waiting        3m55.0s   
step_01000 • [   0% ] waiting        4m25.0s   

running (05m05.9s), 0001/0565 VUs, 85568 complete and 0 interrupted iterations
step_00050 ✓ [ 100% ] 000/020 VUs    30s        50.00 iters/s
step_00100 ✓ [ 100% ] 000/020 VUs    30s        100.00 iters/s
step_00150 ✓ [ 100% ] 000/030 VUs    30s        150.00 iters/s
step_00200 ✓ [ 100% ] 000/040 VUs    30s        200.00 iters/s
step_00250 ✓ [ 100% ] 000/106 VUs    30s        250.00 iters/s
step_00300 ✓ [ 100% ] 000/060 VUs    30s        300.00 iters/s
step_00350 ✓ [ 100% ] 0000/0070 VUs  30s        350.00 iters/s
step_00400 ✓ [ 100% ] 0000/0080 VUs  30s        400.00 iters/s
step_00450 ✓ [ 100% ] 0000/0090 VUs  30s        450.00 iters/s
step_00500 ✓ [ 100% ] 0000/0219 VUs  30s        500.00 iters/s
step_00550   [  20% ] 0001/0110 VUs  06.0s/30s  550.00 iters/s
step_00600 • [   0% ] waiting        0m24.0s   
step_00650 • [   0% ] waiting        0m54.0s   
step_00700 • [   0% ] waiting        1m24.0s   
step_00750 • [   0% ] waiting        1m54.0s   
step_00800 • [   0% ] waiting        2m24.0s   
step_00850 • [   0% ] waiting        2m54.0s   
step_00900 • [   0% ] waiting        3m24.0s   
step_00950 • [   0% ] waiting        3m54.0s   
step_01000 • [   0% ] waiting        4m24.0s   

running (05m06.9s), 0002/0565 VUs, 86117 complete and 0 interrupted iterations
step_00050 ✓ [ 100% ] 000/020 VUs    30s        50.00 iters/s
step_00100 ✓ [ 100% ] 000/020 VUs    30s        100.00 iters/s
step_00150 ✓ [ 100% ] 000/030 VUs    30s        150.00 iters/s
step_00200 ✓ [ 100% ] 000/040 VUs    30s        200.00 iters/s
step_00250 ✓ [ 100% ] 000/106 VUs    30s        250.00 iters/s
step_00300 ✓ [ 100% ] 000/060 VUs    30s        300.00 iters/s
step_00350 ✓ [ 100% ] 0000/0070 VUs  30s        350.00 iters/s
step_00400 ✓ [ 100% ] 0000/0080 VUs  30s        400.00 iters/s
step_00450 ✓ [ 100% ] 0000/0090 VUs  30s        450.00 iters/s
step_00500 ✓ [ 100% ] 0000/0219 VUs  30s        500.00 iters/s
step_00550   [  23% ] 0002/0110 VUs  07.0s/30s  550.00 iters/s
step_00600 • [   0% ] waiting        0m23.0s   
step_00650 • [   0% ] waiting        0m53.0s   
step_00700 • [   0% ] waiting        1m23.0s   
step_00750 • [   0% ] waiting        1m53.0s   
step_00800 • [   0% ] waiting        2m23.0s   
step_00850 • [   0% ] waiting        2m53.0s   
step_00900 • [   0% ] waiting        3m23.0s   
step_00950 • [   0% ] waiting        3m53.0s   
step_01000 • [   0% ] waiting        4m23.0s   

running (05m07.9s), 0001/0565 VUs, 86668 complete and 0 interrupted iterations
step_00050 ✓ [ 100% ] 000/020 VUs    30s        50.00 iters/s
step_00100 ✓ [ 100% ] 000/020 VUs    30s        100.00 iters/s
step_00150 ✓ [ 100% ] 000/030 VUs    30s        150.00 iters/s
step_00200 ✓ [ 100% ] 000/040 VUs    30s        200.00 iters/s
step_00250 ✓ [ 100% ] 000/106 VUs    30s        250.00 iters/s
step_00300 ✓ [ 100% ] 000/060 VUs    30s        300.00 iters/s
step_00350 ✓ [ 100% ] 0000/0070 VUs  30s        350.00 iters/s
step_00400 ✓ [ 100% ] 0000/0080 VUs  30s        400.00 iters/s
step_00450 ✓ [ 100% ] 0000/0090 VUs  30s        450.00 iters/s
step_00500 ✓ [ 100% ] 0000/0219 VUs  30s        500.00 iters/s
step_00550   [  27% ] 0001/0110 VUs  08.0s/30s  550.00 iters/s
step_00600 • [   0% ] waiting        0m22.0s   
step_00650 • [   0% ] waiting        0m52.0s   
step_00700 • [   0% ] waiting        1m22.0s   
step_00750 • [   0% ] waiting        1m52.0s   
step_00800 • [   0% ] waiting        2m22.0s   
step_00850 • [   0% ] waiting        2m52.0s   
step_00900 • [   0% ] waiting        3m22.0s   
step_00950 • [   0% ] waiting        3m52.0s   
step_01000 • [   0% ] waiting        4m22.0s   

running (05m08.9s), 0000/0565 VUs, 87219 complete and 0 interrupted iterations
step_00050 ✓ [ 100% ] 000/020 VUs    30s        50.00 iters/s
step_00100 ✓ [ 100% ] 000/020 VUs    30s        100.00 iters/s
step_00150 ✓ [ 100% ] 000/030 VUs    30s        150.00 iters/s
step_00200 ✓ [ 100% ] 000/040 VUs    30s        200.00 iters/s
step_00250 ✓ [ 100% ] 000/106 VUs    30s        250.00 iters/s
step_00300 ✓ [ 100% ] 000/060 VUs    30s        300.00 iters/s
step_00350 ✓ [ 100% ] 0000/0070 VUs  30s        350.00 iters/s
step_00400 ✓ [ 100% ] 0000/0080 VUs  30s        400.00 iters/s
step_00450 ✓ [ 100% ] 0000/0090 VUs  30s        450.00 iters/s
step_00500 ✓ [ 100% ] 0000/0219 VUs  30s        500.00 iters/s
step_00550   [  30% ] 0000/0110 VUs  09.0s/30s  550.00 iters/s
step_00600 • [   0% ] waiting        0m21.0s   
step_00650 • [   0% ] waiting        0m51.0s   
step_00700 • [   0% ] waiting        1m21.0s   
step_00750 • [   0% ] waiting        1m51.0s   
step_00800 • [   0% ] waiting        2m21.0s   
step_00850 • [   0% ] waiting        2m51.0s   
step_00900 • [   0% ] waiting        3m21.0s   
step_00950 • [   0% ] waiting        3m51.0s   
step_01000 • [   0% ] waiting        4m21.0s   

running (05m09.9s), 0003/0565 VUs, 87766 complete and 0 interrupted iterations
step_00050 ✓ [ 100% ] 000/020 VUs    30s        50.00 iters/s
step_00100 ✓ [ 100% ] 000/020 VUs    30s        100.00 iters/s
step_00150 ✓ [ 100% ] 000/030 VUs    30s        150.00 iters/s
step_00200 ✓ [ 100% ] 000/040 VUs    30s        200.00 iters/s
step_00250 ✓ [ 100% ] 000/106 VUs    30s        250.00 iters/s
step_00300 ✓ [ 100% ] 000/060 VUs    30s        300.00 iters/s
step_00350 ✓ [ 100% ] 0000/0070 VUs  30s        350.00 iters/s
step_00400 ✓ [ 100% ] 0000/0080 VUs  30s        400.00 iters/s
step_00450 ✓ [ 100% ] 0000/0090 VUs  30s        450.00 iters/s
step_00500 ✓ [ 100% ] 0000/0219 VUs  30s        500.00 iters/s
step_00550   [  33% ] 0003/0110 VUs  10.0s/30s  550.00 iters/s
step_00600 • [   0% ] waiting        0m20.0s   
step_00650 • [   0% ] waiting        0m50.0s   
step_00700 • [   0% ] waiting        1m20.0s   
step_00750 • [   0% ] waiting        1m50.0s   
step_00800 • [   0% ] waiting        2m20.0s   
step_00850 • [   0% ] waiting        2m50.0s   
step_00900 • [   0% ] waiting        3m20.0s   
step_00950 • [   0% ] waiting        3m50.0s   
step_01000 • [   0% ] waiting        4m20.0s   

running (05m10.9s), 0000/0565 VUs, 88319 complete and 0 interrupted iterations
step_00050 ✓ [ 100% ] 000/020 VUs    30s        50.00 iters/s
step_00100 ✓ [ 100% ] 000/020 VUs    30s        100.00 iters/s
step_00150 ✓ [ 100% ] 000/030 VUs    30s        150.00 iters/s
step_00200 ✓ [ 100% ] 000/040 VUs    30s        200.00 iters/s
step_00250 ✓ [ 100% ] 000/106 VUs    30s        250.00 iters/s
step_00300 ✓ [ 100% ] 000/060 VUs    30s        300.00 iters/s
step_00350 ✓ [ 100% ] 0000/0070 VUs  30s        350.00 iters/s
step_00400 ✓ [ 100% ] 0000/0080 VUs  30s        400.00 iters/s
step_00450 ✓ [ 100% ] 0000/0090 VUs  30s        450.00 iters/s
step_00500 ✓ [ 100% ] 0000/0219 VUs  30s        500.00 iters/s
step_00550   [  37% ] 0000/0110 VUs  11.0s/30s  550.00 iters/s
step_00600 • [   0% ] waiting        0m19.0s   
step_00650 • [   0% ] waiting        0m49.0s   
step_00700 • [   0% ] waiting        1m19.0s   
step_00750 • [   0% ] waiting        1m49.0s   
step_00800 • [   0% ] waiting        2m19.0s   
step_00850 • [   0% ] waiting        2m49.0s   
step_00900 • [   0% ] waiting        3m19.0s   
step_00950 • [   0% ] waiting        3m49.0s   
step_01000 • [   0% ] waiting        4m19.0s   

running (05m11.9s), 0001/0565 VUs, 88868 complete and 0 interrupted iterations
step_00050 ✓ [ 100% ] 000/020 VUs    30s        50.00 iters/s
step_00100 ✓ [ 100% ] 000/020 VUs    30s        100.00 iters/s
step_00150 ✓ [ 100% ] 000/030 VUs    30s        150.00 iters/s
step_00200 ✓ [ 100% ] 000/040 VUs    30s        200.00 iters/s
step_00250 ✓ [ 100% ] 000/106 VUs    30s        250.00 iters/s
step_00300 ✓ [ 100% ] 000/060 VUs    30s        300.00 iters/s
step_00350 ✓ [ 100% ] 0000/0070 VUs  30s        350.00 iters/s
step_00400 ✓ [ 100% ] 0000/0080 VUs  30s        400.00 iters/s
step_00450 ✓ [ 100% ] 0000/0090 VUs  30s        450.00 iters/s
step_00500 ✓ [ 100% ] 0000/0219 VUs  30s        500.00 iters/s
step_00550   [  40% ] 0001/0110 VUs  12.0s/30s  550.00 iters/s
step_00600 • [   0% ] waiting        0m18.0s   
step_00650 • [   0% ] waiting        0m48.0s   
step_00700 • [   0% ] waiting        1m18.0s   
step_00750 • [   0% ] waiting        1m48.0s   
step_00800 • [   0% ] waiting        2m18.0s   
step_00850 • [   0% ] waiting        2m48.0s   
step_00900 • [   0% ] waiting        3m18.0s   
step_00950 • [   0% ] waiting        3m48.0s   
step_01000 • [   0% ] waiting        4m18.0s   

running (05m12.9s), 0001/0565 VUs, 89418 complete and 0 interrupted iterations
step_00050 ✓ [ 100% ] 000/020 VUs    30s        50.00 iters/s
step_00100 ✓ [ 100% ] 000/020 VUs    30s        100.00 iters/s
step_00150 ✓ [ 100% ] 000/030 VUs    30s        150.00 iters/s
step_00200 ✓ [ 100% ] 000/040 VUs    30s        200.00 iters/s
step_00250 ✓ [ 100% ] 000/106 VUs    30s        250.00 iters/s
step_00300 ✓ [ 100% ] 000/060 VUs    30s        300.00 iters/s
step_00350 ✓ [ 100% ] 0000/0070 VUs  30s        350.00 iters/s
step_00400 ✓ [ 100% ] 0000/0080 VUs  30s        400.00 iters/s
step_00450 ✓ [ 100% ] 0000/0090 VUs  30s        450.00 iters/s
step_00500 ✓ [ 100% ] 0000/0219 VUs  30s        500.00 iters/s
step_00550   [  43% ] 0001/0110 VUs  13.0s/30s  550.00 iters/s
step_00600 • [   0% ] waiting        0m17.0s   
step_00650 • [   0% ] waiting        0m47.0s   
step_00700 • [   0% ] waiting        1m17.0s   
step_00750 • [   0% ] waiting        1m47.0s   
step_00800 • [   0% ] waiting        2m17.0s   
step_00850 • [   0% ] waiting        2m47.0s   
step_00900 • [   0% ] waiting        3m17.0s   
step_00950 • [   0% ] waiting        3m47.0s   
step_01000 • [   0% ] waiting        4m17.0s   

running (05m13.9s), 0006/0565 VUs, 89963 complete and 0 interrupted iterations
step_00050 ✓ [ 100% ] 000/020 VUs    30s        50.00 iters/s
step_00100 ✓ [ 100% ] 000/020 VUs    30s        100.00 iters/s
step_00150 ✓ [ 100% ] 000/030 VUs    30s        150.00 iters/s
step_00200 ✓ [ 100% ] 000/040 VUs    30s        200.00 iters/s
step_00250 ✓ [ 100% ] 000/106 VUs    30s        250.00 iters/s
step_00300 ✓ [ 100% ] 000/060 VUs    30s        300.00 iters/s
step_00350 ✓ [ 100% ] 0000/0070 VUs  30s        350.00 iters/s
step_00400 ✓ [ 100% ] 0000/0080 VUs  30s        400.00 iters/s
step_00450 ✓ [ 100% ] 0000/0090 VUs  30s        450.00 iters/s
step_00500 ✓ [ 100% ] 0000/0219 VUs  30s        500.00 iters/s
step_00550   [  47% ] 0006/0110 VUs  14.0s/30s  550.00 iters/s
step_00600 • [   0% ] waiting        0m16.0s   
step_00650 • [   0% ] waiting        0m46.0s   
step_00700 • [   0% ] waiting        1m16.0s   
step_00750 • [   0% ] waiting        1m46.0s   
step_00800 • [   0% ] waiting        2m16.0s   
step_00850 • [   0% ] waiting        2m46.0s   
step_00900 • [   0% ] waiting        3m16.0s   
step_00950 • [   0% ] waiting        3m46.0s   
step_01000 • [   0% ] waiting        4m16.0s   

running (05m14.9s), 0003/0565 VUs, 90516 complete and 0 interrupted iterations
step_00050 ✓ [ 100% ] 000/020 VUs    30s        50.00 iters/s
step_00100 ✓ [ 100% ] 000/020 VUs    30s        100.00 iters/s
step_00150 ✓ [ 100% ] 000/030 VUs    30s        150.00 iters/s
step_00200 ✓ [ 100% ] 000/040 VUs    30s        200.00 iters/s
step_00250 ✓ [ 100% ] 000/106 VUs    30s        250.00 iters/s
step_00300 ✓ [ 100% ] 000/060 VUs    30s        300.00 iters/s
step_00350 ✓ [ 100% ] 0000/0070 VUs  30s        350.00 iters/s
step_00400 ✓ [ 100% ] 0000/0080 VUs  30s        400.00 iters/s
step_00450 ✓ [ 100% ] 0000/0090 VUs  30s        450.00 iters/s
step_00500 ✓ [ 100% ] 0000/0219 VUs  30s        500.00 iters/s
step_00550   [  50% ] 0003/0110 VUs  15.0s/30s  550.00 iters/s
step_00600 • [   0% ] waiting        0m15.0s   
step_00650 • [   0% ] waiting        0m45.0s   
step_00700 • [   0% ] waiting        1m15.0s   
step_00750 • [   0% ] waiting        1m45.0s   
step_00800 • [   0% ] waiting        2m15.0s   
step_00850 • [   0% ] waiting        2m45.0s   
step_00900 • [   0% ] waiting        3m15.0s   
step_00950 • [   0% ] waiting        3m45.0s   
step_01000 • [   0% ] waiting        4m15.0s   

running (05m15.9s), 0092/0565 VUs, 90977 complete and 0 interrupted iterations
step_00050 ✓ [ 100% ] 000/020 VUs    30s        50.00 iters/s
step_00100 ✓ [ 100% ] 000/020 VUs    30s        100.00 iters/s
step_00150 ✓ [ 100% ] 000/030 VUs    30s        150.00 iters/s
step_00200 ✓ [ 100% ] 000/040 VUs    30s        200.00 iters/s
step_00250 ✓ [ 100% ] 000/106 VUs    30s        250.00 iters/s
step_00300 ✓ [ 100% ] 000/060 VUs    30s        300.00 iters/s
step_00350 ✓ [ 100% ] 0000/0070 VUs  30s        350.00 iters/s
step_00400 ✓ [ 100% ] 0000/0080 VUs  30s        400.00 iters/s
step_00450 ✓ [ 100% ] 0000/0090 VUs  30s        450.00 iters/s
step_00500 ✓ [ 100% ] 0000/0219 VUs  30s        500.00 iters/s
step_00550   [  53% ] 0092/0110 VUs  16.0s/30s  550.00 iters/s
step_00600 • [   0% ] waiting        0m14.0s   
step_00650 • [   0% ] waiting        0m44.0s   
step_00700 • [   0% ] waiting        1m14.0s   
step_00750 • [   0% ] waiting        1m44.0s   
step_00800 • [   0% ] waiting        2m14.0s   
step_00850 • [   0% ] waiting        2m44.0s   
step_00900 • [   0% ] waiting        3m14.0s   
step_00950 • [   0% ] waiting        3m44.0s   
step_01000 • [   0% ] waiting        4m14.0s   

running (05m16.9s), 0002/0565 VUs, 91617 complete and 0 interrupted iterations
step_00050 ✓ [ 100% ] 000/020 VUs    30s        50.00 iters/s
step_00100 ✓ [ 100% ] 000/020 VUs    30s        100.00 iters/s
step_00150 ✓ [ 100% ] 000/030 VUs    30s        150.00 iters/s
step_00200 ✓ [ 100% ] 000/040 VUs    30s        200.00 iters/s
step_00250 ✓ [ 100% ] 000/106 VUs    30s        250.00 iters/s
step_00300 ✓ [ 100% ] 000/060 VUs    30s        300.00 iters/s
step_00350 ✓ [ 100% ] 0000/0070 VUs  30s        350.00 iters/s
step_00400 ✓ [ 100% ] 0000/0080 VUs  30s        400.00 iters/s
step_00450 ✓ [ 100% ] 0000/0090 VUs  30s        450.00 iters/s
step_00500 ✓ [ 100% ] 0000/0219 VUs  30s        500.00 iters/s
step_00550   [  57% ] 0002/0110 VUs  17.0s/30s  550.00 iters/s
step_00600 • [   0% ] waiting        0m13.0s   
step_00650 • [   0% ] waiting        0m43.0s   
step_00700 • [   0% ] waiting        1m13.0s   
step_00750 • [   0% ] waiting        1m43.0s   
step_00800 • [   0% ] waiting        2m13.0s   
step_00850 • [   0% ] waiting        2m43.0s   
step_00900 • [   0% ] waiting        3m13.0s   
step_00950 • [   0% ] waiting        3m43.0s   
step_01000 • [   0% ] waiting        4m13.0s   

running (05m17.9s), 0000/0565 VUs, 92169 complete and 0 interrupted iterations
step_00050 ✓ [ 100% ] 000/020 VUs    30s        50.00 iters/s
step_00100 ✓ [ 100% ] 000/020 VUs    30s        100.00 iters/s
step_00150 ✓ [ 100% ] 000/030 VUs    30s        150.00 iters/s
step_00200 ✓ [ 100% ] 000/040 VUs    30s        200.00 iters/s
step_00250 ✓ [ 100% ] 000/106 VUs    30s        250.00 iters/s
step_00300 ✓ [ 100% ] 000/060 VUs    30s        300.00 iters/s
step_00350 ✓ [ 100% ] 0000/0070 VUs  30s        350.00 iters/s
step_00400 ✓ [ 100% ] 0000/0080 VUs  30s        400.00 iters/s
step_00450 ✓ [ 100% ] 0000/0090 VUs  30s        450.00 iters/s
step_00500 ✓ [ 100% ] 0000/0219 VUs  30s        500.00 iters/s
step_00550   [  60% ] 0000/0110 VUs  18.0s/30s  550.00 iters/s
step_00600 • [   0% ] waiting        0m12.0s   
step_00650 • [   0% ] waiting        0m42.0s   
step_00700 • [   0% ] waiting        1m12.0s   
step_00750 • [   0% ] waiting        1m42.0s   
step_00800 • [   0% ] waiting        2m12.0s   
step_00850 • [   0% ] waiting        2m42.0s   
step_00900 • [   0% ] waiting        3m12.0s   
step_00950 • [   0% ] waiting        3m42.0s   
step_01000 • [   0% ] waiting        4m12.0s   

running (05m18.9s), 0001/0565 VUs, 92718 complete and 0 interrupted iterations
step_00050 ✓ [ 100% ] 000/020 VUs    30s        50.00 iters/s
step_00100 ✓ [ 100% ] 000/020 VUs    30s        100.00 iters/s
step_00150 ✓ [ 100% ] 000/030 VUs    30s        150.00 iters/s
step_00200 ✓ [ 100% ] 000/040 VUs    30s        200.00 iters/s
step_00250 ✓ [ 100% ] 000/106 VUs    30s        250.00 iters/s
step_00300 ✓ [ 100% ] 000/060 VUs    30s        300.00 iters/s
step_00350 ✓ [ 100% ] 0000/0070 VUs  30s        350.00 iters/s
step_00400 ✓ [ 100% ] 0000/0080 VUs  30s        400.00 iters/s
step_00450 ✓ [ 100% ] 0000/0090 VUs  30s        450.00 iters/s
step_00500 ✓ [ 100% ] 0000/0219 VUs  30s        500.00 iters/s
step_00550   [  63% ] 0001/0110 VUs  19.0s/30s  550.00 iters/s
step_00600 • [   0% ] waiting        0m11.0s   
step_00650 • [   0% ] waiting        0m41.0s   
step_00700 • [   0% ] waiting        1m11.0s   
step_00750 • [   0% ] waiting        1m41.0s   
step_00800 • [   0% ] waiting        2m11.0s   
step_00850 • [   0% ] waiting        2m41.0s   
step_00900 • [   0% ] waiting        3m11.0s   
step_00950 • [   0% ] waiting        3m41.0s   
step_01000 • [   0% ] waiting        4m11.0s   

running (05m19.9s), 0001/0565 VUs, 93268 complete and 0 interrupted iterations
step_00050 ✓ [ 100% ] 000/020 VUs    30s        50.00 iters/s
step_00100 ✓ [ 100% ] 000/020 VUs    30s        100.00 iters/s
step_00150 ✓ [ 100% ] 000/030 VUs    30s        150.00 iters/s
step_00200 ✓ [ 100% ] 000/040 VUs    30s        200.00 iters/s
step_00250 ✓ [ 100% ] 000/106 VUs    30s        250.00 iters/s
step_00300 ✓ [ 100% ] 000/060 VUs    30s        300.00 iters/s
step_00350 ✓ [ 100% ] 0000/0070 VUs  30s        350.00 iters/s
step_00400 ✓ [ 100% ] 0000/0080 VUs  30s        400.00 iters/s
step_00450 ✓ [ 100% ] 0000/0090 VUs  30s        450.00 iters/s
step_00500 ✓ [ 100% ] 0000/0219 VUs  30s        500.00 iters/s
step_00550   [  67% ] 0001/0110 VUs  20.0s/30s  550.00 iters/s
step_00600 • [   0% ] waiting        0m10.0s   
step_00650 • [   0% ] waiting        0m40.0s   
step_00700 • [   0% ] waiting        1m10.0s   
step_00750 • [   0% ] waiting        1m40.0s   
step_00800 • [   0% ] waiting        2m10.0s   
step_00850 • [   0% ] waiting        2m40.0s   
step_00900 • [   0% ] waiting        3m10.0s   
step_00950 • [   0% ] waiting        3m40.0s   
step_01000 • [   0% ] waiting        4m10.0s   

running (05m20.9s), 0001/0565 VUs, 93818 complete and 0 interrupted iterations
step_00050 ✓ [ 100% ] 000/020 VUs    30s        50.00 iters/s
step_00100 ✓ [ 100% ] 000/020 VUs    30s        100.00 iters/s
step_00150 ✓ [ 100% ] 000/030 VUs    30s        150.00 iters/s
step_00200 ✓ [ 100% ] 000/040 VUs    30s        200.00 iters/s
step_00250 ✓ [ 100% ] 000/106 VUs    30s        250.00 iters/s
step_00300 ✓ [ 100% ] 000/060 VUs    30s        300.00 iters/s
step_00350 ✓ [ 100% ] 0000/0070 VUs  30s        350.00 iters/s
step_00400 ✓ [ 100% ] 0000/0080 VUs  30s        400.00 iters/s
step_00450 ✓ [ 100% ] 0000/0090 VUs  30s        450.00 iters/s
step_00500 ✓ [ 100% ] 0000/0219 VUs  30s        500.00 iters/s
step_00550   [  70% ] 0001/0110 VUs  21.0s/30s  550.00 iters/s
step_00600 • [   0% ] waiting        0m09.0s   
step_00650 • [   0% ] waiting        0m39.0s   
step_00700 • [   0% ] waiting        1m09.0s   
step_00750 • [   0% ] waiting        1m39.0s   
step_00800 • [   0% ] waiting        2m09.0s   
step_00850 • [   0% ] waiting        2m39.0s   
step_00900 • [   0% ] waiting        3m09.0s   
step_00950 • [   0% ] waiting        3m39.0s   
step_01000 • [   0% ] waiting        4m09.0s   

running (05m21.9s), 0001/0565 VUs, 94368 complete and 0 interrupted iterations
step_00050 ✓ [ 100% ] 000/020 VUs    30s        50.00 iters/s
step_00100 ✓ [ 100% ] 000/020 VUs    30s        100.00 iters/s
step_00150 ✓ [ 100% ] 000/030 VUs    30s        150.00 iters/s
step_00200 ✓ [ 100% ] 000/040 VUs    30s        200.00 iters/s
step_00250 ✓ [ 100% ] 000/106 VUs    30s        250.00 iters/s
step_00300 ✓ [ 100% ] 000/060 VUs    30s        300.00 iters/s
step_00350 ✓ [ 100% ] 0000/0070 VUs  30s        350.00 iters/s
step_00400 ✓ [ 100% ] 0000/0080 VUs  30s        400.00 iters/s
step_00450 ✓ [ 100% ] 0000/0090 VUs  30s        450.00 iters/s
step_00500 ✓ [ 100% ] 0000/0219 VUs  30s        500.00 iters/s
step_00550   [  73% ] 0001/0110 VUs  22.0s/30s  550.00 iters/s
step_00600 • [   0% ] waiting        0m08.0s   
step_00650 • [   0% ] waiting        0m38.0s   
step_00700 • [   0% ] waiting        1m08.0s   
step_00750 • [   0% ] waiting        1m38.0s   
step_00800 • [   0% ] waiting        2m08.0s   
step_00850 • [   0% ] waiting        2m38.0s   
step_00900 • [   0% ] waiting        3m08.0s   
step_00950 • [   0% ] waiting        3m38.0s   
step_01000 • [   0% ] waiting        4m08.0s   

running (05m22.9s), 0001/0565 VUs, 94918 complete and 0 interrupted iterations
step_00050 ✓ [ 100% ] 000/020 VUs    30s        50.00 iters/s
step_00100 ✓ [ 100% ] 000/020 VUs    30s        100.00 iters/s
step_00150 ✓ [ 100% ] 000/030 VUs    30s        150.00 iters/s
step_00200 ✓ [ 100% ] 000/040 VUs    30s        200.00 iters/s
step_00250 ✓ [ 100% ] 000/106 VUs    30s        250.00 iters/s
step_00300 ✓ [ 100% ] 000/060 VUs    30s        300.00 iters/s
step_00350 ✓ [ 100% ] 0000/0070 VUs  30s        350.00 iters/s
step_00400 ✓ [ 100% ] 0000/0080 VUs  30s        400.00 iters/s
step_00450 ✓ [ 100% ] 0000/0090 VUs  30s        450.00 iters/s
step_00500 ✓ [ 100% ] 0000/0219 VUs  30s        500.00 iters/s
step_00550   [  77% ] 0001/0110 VUs  23.0s/30s  550.00 iters/s
step_00600 • [   0% ] waiting        0m07.0s   
step_00650 • [   0% ] waiting        0m37.0s   
step_00700 • [   0% ] waiting        1m07.0s   
step_00750 • [   0% ] waiting        1m37.0s   
step_00800 • [   0% ] waiting        2m07.0s   
step_00850 • [   0% ] waiting        2m37.0s   
step_00900 • [   0% ] waiting        3m07.0s   
step_00950 • [   0% ] waiting        3m37.0s   
step_01000 • [   0% ] waiting        4m07.0s   

running (05m23.9s), 0005/0565 VUs, 95464 complete and 0 interrupted iterations
step_00050 ✓ [ 100% ] 000/020 VUs    30s        50.00 iters/s
step_00100 ✓ [ 100% ] 000/020 VUs    30s        100.00 iters/s
step_00150 ✓ [ 100% ] 000/030 VUs    30s        150.00 iters/s
step_00200 ✓ [ 100% ] 000/040 VUs    30s        200.00 iters/s
step_00250 ✓ [ 100% ] 000/106 VUs    30s        250.00 iters/s
step_00300 ✓ [ 100% ] 000/060 VUs    30s        300.00 iters/s
step_00350 ✓ [ 100% ] 0000/0070 VUs  30s        350.00 iters/s
step_00400 ✓ [ 100% ] 0000/0080 VUs  30s        400.00 iters/s
step_00450 ✓ [ 100% ] 0000/0090 VUs  30s        450.00 iters/s
step_00500 ✓ [ 100% ] 0000/0219 VUs  30s        500.00 iters/s
step_00550   [  80% ] 0005/0110 VUs  24.0s/30s  550.00 iters/s
step_00600 • [   0% ] waiting        0m06.0s   
step_00650 • [   0% ] waiting        0m36.0s   
step_00700 • [   0% ] waiting        1m06.0s   
step_00750 • [   0% ] waiting        1m36.0s   
step_00800 • [   0% ] waiting        2m06.0s   
step_00850 • [   0% ] waiting        2m36.0s   
step_00900 • [   0% ] waiting        3m06.0s   
step_00950 • [   0% ] waiting        3m36.0s   
step_01000 • [   0% ] waiting        4m06.0s   

running (05m24.9s), 0002/0565 VUs, 96017 complete and 0 interrupted iterations
step_00050 ✓ [ 100% ] 000/020 VUs    30s        50.00 iters/s
step_00100 ✓ [ 100% ] 000/020 VUs    30s        100.00 iters/s
step_00150 ✓ [ 100% ] 000/030 VUs    30s        150.00 iters/s
step_00200 ✓ [ 100% ] 000/040 VUs    30s        200.00 iters/s
step_00250 ✓ [ 100% ] 000/106 VUs    30s        250.00 iters/s
step_00300 ✓ [ 100% ] 000/060 VUs    30s        300.00 iters/s
step_00350 ✓ [ 100% ] 0000/0070 VUs  30s        350.00 iters/s
step_00400 ✓ [ 100% ] 0000/0080 VUs  30s        400.00 iters/s
step_00450 ✓ [ 100% ] 0000/0090 VUs  30s        450.00 iters/s
step_00500 ✓ [ 100% ] 0000/0219 VUs  30s        500.00 iters/s
step_00550   [  83% ] 0002/0110 VUs  25.0s/30s  550.00 iters/s
step_00600 • [   0% ] waiting        0m05.0s   
step_00650 • [   0% ] waiting        0m35.0s   
step_00700 • [   0% ] waiting        1m05.0s   
step_00750 • [   0% ] waiting        1m35.0s   
step_00800 • [   0% ] waiting        2m05.0s   
step_00850 • [   0% ] waiting        2m35.0s   
step_00900 • [   0% ] waiting        3m05.0s   
step_00950 • [   0% ] waiting        3m35.0s   
step_01000 • [   0% ] waiting        4m05.0s   

running (05m25.9s), 0001/0565 VUs, 96568 complete and 0 interrupted iterations
step_00050 ✓ [ 100% ] 000/020 VUs    30s        50.00 iters/s
step_00100 ✓ [ 100% ] 000/020 VUs    30s        100.00 iters/s
step_00150 ✓ [ 100% ] 000/030 VUs    30s        150.00 iters/s
step_00200 ✓ [ 100% ] 000/040 VUs    30s        200.00 iters/s
step_00250 ✓ [ 100% ] 000/106 VUs    30s        250.00 iters/s
step_00300 ✓ [ 100% ] 000/060 VUs    30s        300.00 iters/s
step_00350 ✓ [ 100% ] 0000/0070 VUs  30s        350.00 iters/s
step_00400 ✓ [ 100% ] 0000/0080 VUs  30s        400.00 iters/s
step_00450 ✓ [ 100% ] 0000/0090 VUs  30s        450.00 iters/s
step_00500 ✓ [ 100% ] 0000/0219 VUs  30s        500.00 iters/s
step_00550   [  87% ] 0001/0110 VUs  26.0s/30s  550.00 iters/s
step_00600 • [   0% ] waiting        0m04.0s   
step_00650 • [   0% ] waiting        0m34.0s   
step_00700 • [   0% ] waiting        1m04.0s   
step_00750 • [   0% ] waiting        1m34.0s   
step_00800 • [   0% ] waiting        2m04.0s   
step_00850 • [   0% ] waiting        2m34.0s   
step_00900 • [   0% ] waiting        3m04.0s   
step_00950 • [   0% ] waiting        3m34.0s   
step_01000 • [   0% ] waiting        4m04.0s   

running (05m26.9s), 0001/0565 VUs, 97118 complete and 0 interrupted iterations
step_00050 ✓ [ 100% ] 000/020 VUs    30s        50.00 iters/s
step_00100 ✓ [ 100% ] 000/020 VUs    30s        100.00 iters/s
step_00150 ✓ [ 100% ] 000/030 VUs    30s        150.00 iters/s
step_00200 ✓ [ 100% ] 000/040 VUs    30s        200.00 iters/s
step_00250 ✓ [ 100% ] 000/106 VUs    30s        250.00 iters/s
step_00300 ✓ [ 100% ] 000/060 VUs    30s        300.00 iters/s
step_00350 ✓ [ 100% ] 0000/0070 VUs  30s        350.00 iters/s
step_00400 ✓ [ 100% ] 0000/0080 VUs  30s        400.00 iters/s
step_00450 ✓ [ 100% ] 0000/0090 VUs  30s        450.00 iters/s
step_00500 ✓ [ 100% ] 0000/0219 VUs  30s        500.00 iters/s
step_00550   [  90% ] 0001/0110 VUs  27.0s/30s  550.00 iters/s
step_00600 • [   0% ] waiting        0m03.0s   
step_00650 • [   0% ] waiting        0m33.0s   
step_00700 • [   0% ] waiting        1m03.0s   
step_00750 • [   0% ] waiting        1m33.0s   
step_00800 • [   0% ] waiting        2m03.0s   
step_00850 • [   0% ] waiting        2m33.0s   
step_00900 • [   0% ] waiting        3m03.0s   
step_00950 • [   0% ] waiting        3m33.0s   
step_01000 • [   0% ] waiting        4m03.0s   

running (05m27.9s), 0001/0565 VUs, 97668 complete and 0 interrupted iterations
step_00050 ✓ [ 100% ] 000/020 VUs    30s        50.00 iters/s
step_00100 ✓ [ 100% ] 000/020 VUs    30s        100.00 iters/s
step_00150 ✓ [ 100% ] 000/030 VUs    30s        150.00 iters/s
step_00200 ✓ [ 100% ] 000/040 VUs    30s        200.00 iters/s
step_00250 ✓ [ 100% ] 000/106 VUs    30s        250.00 iters/s
step_00300 ✓ [ 100% ] 000/060 VUs    30s        300.00 iters/s
step_00350 ✓ [ 100% ] 0000/0070 VUs  30s        350.00 iters/s
step_00400 ✓ [ 100% ] 0000/0080 VUs  30s        400.00 iters/s
step_00450 ✓ [ 100% ] 0000/0090 VUs  30s        450.00 iters/s
step_00500 ✓ [ 100% ] 0000/0219 VUs  30s        500.00 iters/s
step_00550   [  93% ] 0001/0110 VUs  28.0s/30s  550.00 iters/s
step_00600 • [   0% ] waiting        0m02.0s   
step_00650 • [   0% ] waiting        0m32.0s   
step_00700 • [   0% ] waiting        1m02.0s   
step_00750 • [   0% ] waiting        1m32.0s   
step_00800 • [   0% ] waiting        2m02.0s   
step_00850 • [   0% ] waiting        2m32.0s   
step_00900 • [   0% ] waiting        3m02.0s   
step_00950 • [   0% ] waiting        3m32.0s   
step_01000 • [   0% ] waiting        4m02.0s   

running (05m28.9s), 0001/0565 VUs, 98218 complete and 0 interrupted iterations
step_00050 ✓ [ 100% ] 000/020 VUs    30s        50.00 iters/s
step_00100 ✓ [ 100% ] 000/020 VUs    30s        100.00 iters/s
step_00150 ✓ [ 100% ] 000/030 VUs    30s        150.00 iters/s
step_00200 ✓ [ 100% ] 000/040 VUs    30s        200.00 iters/s
step_00250 ✓ [ 100% ] 000/106 VUs    30s        250.00 iters/s
step_00300 ✓ [ 100% ] 000/060 VUs    30s        300.00 iters/s
step_00350 ✓ [ 100% ] 0000/0070 VUs  30s        350.00 iters/s
step_00400 ✓ [ 100% ] 0000/0080 VUs  30s        400.00 iters/s
step_00450 ✓ [ 100% ] 0000/0090 VUs  30s        450.00 iters/s
step_00500 ✓ [ 100% ] 0000/0219 VUs  30s        500.00 iters/s
step_00550   [  97% ] 0001/0110 VUs  29.0s/30s  550.00 iters/s
step_00600 • [   0% ] waiting        0m01.0s   
step_00650 • [   0% ] waiting        0m31.0s   
step_00700 • [   0% ] waiting        1m01.0s   
step_00750 • [   0% ] waiting        1m31.0s   
step_00800 • [   0% ] waiting        2m01.0s   
step_00850 • [   0% ] waiting        2m31.0s   
step_00900 • [   0% ] waiting        3m01.0s   
step_00950 • [   0% ] waiting        3m31.0s   
step_01000 • [   0% ] waiting        4m01.0s   

running (05m29.9s), 0001/0565 VUs, 98768 complete and 0 interrupted iterations
step_00050 ✓ [ 100% ] 000/020 VUs    30s        50.00 iters/s
step_00100 ✓ [ 100% ] 000/020 VUs    30s        100.00 iters/s
step_00150 ✓ [ 100% ] 000/030 VUs    30s        150.00 iters/s
step_00200 ✓ [ 100% ] 000/040 VUs    30s        200.00 iters/s
step_00250 ✓ [ 100% ] 000/106 VUs    30s        250.00 iters/s
step_00300 ✓ [ 100% ] 000/060 VUs    30s        300.00 iters/s
step_00350 ✓ [ 100% ] 0000/0070 VUs  30s        350.00 iters/s
step_00400 ✓ [ 100% ] 0000/0080 VUs  30s        400.00 iters/s
step_00450 ✓ [ 100% ] 0000/0090 VUs  30s        450.00 iters/s
step_00500 ✓ [ 100% ] 0000/0219 VUs  30s        500.00 iters/s
step_00550   [ 100% ] 0001/0110 VUs  30.0s/30s  550.00 iters/s
step_00600 • [   0% ] waiting        0m00.0s   
step_00650 • [   0% ] waiting        0m30.0s   
step_00700 • [   0% ] waiting        1m00.0s   
step_00750 • [   0% ] waiting        1m30.0s   
step_00800 • [   0% ] waiting        2m00.0s   
step_00850 • [   0% ] waiting        2m30.0s   
step_00900 • [   0% ] waiting        3m00.0s   
step_00950 • [   0% ] waiting        3m30.0s   
step_01000 • [   0% ] waiting        4m00.0s   

running (05m30.9s), 0004/0565 VUs, 99365 complete and 0 interrupted iterations
step_00050 ✓ [ 100% ] 000/020 VUs    30s        50.00 iters/s
step_00100 ✓ [ 100% ] 000/020 VUs    30s        100.00 iters/s
step_00150 ✓ [ 100% ] 000/030 VUs    30s        150.00 iters/s
step_00200 ✓ [ 100% ] 000/040 VUs    30s        200.00 iters/s
step_00250 ✓ [ 100% ] 000/106 VUs    30s        250.00 iters/s
step_00300 ✓ [ 100% ] 000/060 VUs    30s        300.00 iters/s
step_00350 ✓ [ 100% ] 0000/0070 VUs  30s        350.00 iters/s
step_00400 ✓ [ 100% ] 0000/0080 VUs  30s        400.00 iters/s
step_00450 ✓ [ 100% ] 0000/0090 VUs  30s        450.00 iters/s
step_00500 ✓ [ 100% ] 0000/0219 VUs  30s        500.00 iters/s
step_00550 ✓ [ 100% ] 0000/0110 VUs  30s        550.00 iters/s
step_00600   [   3% ] 0004/0120 VUs  01.0s/30s  600.00 iters/s
step_00650 • [   0% ] waiting        0m29.0s   
step_00700 • [   0% ] waiting        0m59.0s   
step_00750 • [   0% ] waiting        1m29.0s   
step_00800 • [   0% ] waiting        1m59.0s   
step_00850 • [   0% ] waiting        2m29.0s   
step_00900 • [   0% ] waiting        2m59.0s   
step_00950 • [   0% ] waiting        3m29.0s   
step_01000 • [   0% ] waiting        3m59.0s   

running (05m31.9s), 0002/0565 VUs, 99967 complete and 0 interrupted iterations
step_00050 ✓ [ 100% ] 000/020 VUs    30s        50.00 iters/s
step_00100 ✓ [ 100% ] 000/020 VUs    30s        100.00 iters/s
step_00150 ✓ [ 100% ] 000/030 VUs    30s        150.00 iters/s
step_00200 ✓ [ 100% ] 000/040 VUs    30s        200.00 iters/s
step_00250 ✓ [ 100% ] 000/106 VUs    30s        250.00 iters/s
step_00300 ✓ [ 100% ] 000/060 VUs    30s        300.00 iters/s
step_00350 ✓ [ 100% ] 0000/0070 VUs  30s        350.00 iters/s
step_00400 ✓ [ 100% ] 0000/0080 VUs  30s        400.00 iters/s
step_00450 ✓ [ 100% ] 0000/0090 VUs  30s        450.00 iters/s
step_00500 ✓ [ 100% ] 0000/0219 VUs  30s        500.00 iters/s
step_00550 ✓ [ 100% ] 0000/0110 VUs  30s        550.00 iters/s
step_00600   [   7% ] 0002/0120 VUs  02.0s/30s  600.00 iters/s
step_00650 • [   0% ] waiting        0m28.0s   
step_00700 • [   0% ] waiting        0m58.0s   
step_00750 • [   0% ] waiting        1m28.0s   
step_00800 • [   0% ] waiting        1m58.0s   
step_00850 • [   0% ] waiting        2m28.0s   
step_00900 • [   0% ] waiting        2m58.0s   
step_00950 • [   0% ] waiting        3m28.0s   
step_01000 • [   0% ] waiting        3m58.0s   

running (05m32.9s), 0002/0565 VUs, 100567 complete and 0 interrupted iterations
step_00050 ✓ [ 100% ] 000/020 VUs    30s        50.00 iters/s
step_00100 ✓ [ 100% ] 000/020 VUs    30s        100.00 iters/s
step_00150 ✓ [ 100% ] 000/030 VUs    30s        150.00 iters/s
step_00200 ✓ [ 100% ] 000/040 VUs    30s        200.00 iters/s
step_00250 ✓ [ 100% ] 000/106 VUs    30s        250.00 iters/s
step_00300 ✓ [ 100% ] 000/060 VUs    30s        300.00 iters/s
step_00350 ✓ [ 100% ] 0000/0070 VUs  30s        350.00 iters/s
step_00400 ✓ [ 100% ] 0000/0080 VUs  30s        400.00 iters/s
step_00450 ✓ [ 100% ] 0000/0090 VUs  30s        450.00 iters/s
step_00500 ✓ [ 100% ] 0000/0219 VUs  30s        500.00 iters/s
step_00550 ✓ [ 100% ] 0000/0110 VUs  30s        550.00 iters/s
step_00600   [  10% ] 0002/0120 VUs  03.0s/30s  600.00 iters/s
step_00650 • [   0% ] waiting        0m27.0s   
step_00700 • [   0% ] waiting        0m57.0s   
step_00750 • [   0% ] waiting        1m27.0s   
step_00800 • [   0% ] waiting        1m57.0s   
step_00850 • [   0% ] waiting        2m27.0s   
step_00900 • [   0% ] waiting        2m57.0s   
step_00950 • [   0% ] waiting        3m27.0s   
step_01000 • [   0% ] waiting        3m57.0s   

running (05m33.9s), 0001/0565 VUs, 101168 complete and 0 interrupted iterations
step_00050 ✓ [ 100% ] 000/020 VUs    30s        50.00 iters/s
step_00100 ✓ [ 100% ] 000/020 VUs    30s        100.00 iters/s
step_00150 ✓ [ 100% ] 000/030 VUs    30s        150.00 iters/s
step_00200 ✓ [ 100% ] 000/040 VUs    30s        200.00 iters/s
step_00250 ✓ [ 100% ] 000/106 VUs    30s        250.00 iters/s
step_00300 ✓ [ 100% ] 000/060 VUs    30s        300.00 iters/s
step_00350 ✓ [ 100% ] 0000/0070 VUs  30s        350.00 iters/s
step_00400 ✓ [ 100% ] 0000/0080 VUs  30s        400.00 iters/s
step_00450 ✓ [ 100% ] 0000/0090 VUs  30s        450.00 iters/s
step_00500 ✓ [ 100% ] 0000/0219 VUs  30s        500.00 iters/s
step_00550 ✓ [ 100% ] 0000/0110 VUs  30s        550.00 iters/s
step_00600   [  13% ] 0001/0120 VUs  04.0s/30s  600.00 iters/s
step_00650 • [   0% ] waiting        0m26.0s   
step_00700 • [   0% ] waiting        0m56.0s   
step_00750 • [   0% ] waiting        1m26.0s   
step_00800 • [   0% ] waiting        1m56.0s   
step_00850 • [   0% ] waiting        2m26.0s   
step_00900 • [   0% ] waiting        2m56.0s   
step_00950 • [   0% ] waiting        3m26.0s   
step_01000 • [   0% ] waiting        3m56.0s   

running (05m34.9s), 0007/0565 VUs, 101762 complete and 0 interrupted iterations
step_00050 ✓ [ 100% ] 000/020 VUs    30s        50.00 iters/s
step_00100 ✓ [ 100% ] 000/020 VUs    30s        100.00 iters/s
step_00150 ✓ [ 100% ] 000/030 VUs    30s        150.00 iters/s
step_00200 ✓ [ 100% ] 000/040 VUs    30s        200.00 iters/s
step_00250 ✓ [ 100% ] 000/106 VUs    30s        250.00 iters/s
step_00300 ✓ [ 100% ] 000/060 VUs    30s        300.00 iters/s
step_00350 ✓ [ 100% ] 0000/0070 VUs  30s        350.00 iters/s
step_00400 ✓ [ 100% ] 0000/0080 VUs  30s        400.00 iters/s
step_00450 ✓ [ 100% ] 0000/0090 VUs  30s        450.00 iters/s
step_00500 ✓ [ 100% ] 0000/0219 VUs  30s        500.00 iters/s
step_00550 ✓ [ 100% ] 0000/0110 VUs  30s        550.00 iters/s
step_00600   [  17% ] 0007/0120 VUs  05.0s/30s  600.00 iters/s
step_00650 • [   0% ] waiting        0m25.0s   
step_00700 • [   0% ] waiting        0m55.0s   
step_00750 • [   0% ] waiting        1m25.0s   
step_00800 • [   0% ] waiting        1m55.0s   
step_00850 • [   0% ] waiting        2m25.0s   
step_00900 • [   0% ] waiting        2m55.0s   
step_00950 • [   0% ] waiting        3m25.0s   
step_01000 • [   0% ] waiting        3m55.0s   

running (05m35.9s), 0001/0565 VUs, 102368 complete and 0 interrupted iterations
step_00050 ✓ [ 100% ] 000/020 VUs    30s        50.00 iters/s
step_00100 ✓ [ 100% ] 000/020 VUs    30s        100.00 iters/s
step_00150 ✓ [ 100% ] 000/030 VUs    30s        150.00 iters/s
step_00200 ✓ [ 100% ] 000/040 VUs    30s        200.00 iters/s
step_00250 ✓ [ 100% ] 000/106 VUs    30s        250.00 iters/s
step_00300 ✓ [ 100% ] 000/060 VUs    30s        300.00 iters/s
step_00350 ✓ [ 100% ] 0000/0070 VUs  30s        350.00 iters/s
step_00400 ✓ [ 100% ] 0000/0080 VUs  30s        400.00 iters/s
step_00450 ✓ [ 100% ] 0000/0090 VUs  30s        450.00 iters/s
step_00500 ✓ [ 100% ] 0000/0219 VUs  30s        500.00 iters/s
step_00550 ✓ [ 100% ] 0000/0110 VUs  30s        550.00 iters/s
step_00600   [  20% ] 0001/0120 VUs  06.0s/30s  600.00 iters/s
step_00650 • [   0% ] waiting        0m24.0s   
step_00700 • [   0% ] waiting        0m54.0s   
step_00750 • [   0% ] waiting        1m24.0s   
step_00800 • [   0% ] waiting        1m54.0s   
step_00850 • [   0% ] waiting        2m24.0s   
step_00900 • [   0% ] waiting        2m54.0s   
step_00950 • [   0% ] waiting        3m24.0s   
step_01000 • [   0% ] waiting        3m54.0s   

running (05m36.9s), 0001/0565 VUs, 102968 complete and 0 interrupted iterations
step_00050 ✓ [ 100% ] 000/020 VUs    30s        50.00 iters/s
step_00100 ✓ [ 100% ] 000/020 VUs    30s        100.00 iters/s
step_00150 ✓ [ 100% ] 000/030 VUs    30s        150.00 iters/s
step_00200 ✓ [ 100% ] 000/040 VUs    30s        200.00 iters/s
step_00250 ✓ [ 100% ] 000/106 VUs    30s        250.00 iters/s
step_00300 ✓ [ 100% ] 000/060 VUs    30s        300.00 iters/s
step_00350 ✓ [ 100% ] 0000/0070 VUs  30s        350.00 iters/s
step_00400 ✓ [ 100% ] 0000/0080 VUs  30s        400.00 iters/s
step_00450 ✓ [ 100% ] 0000/0090 VUs  30s        450.00 iters/s
step_00500 ✓ [ 100% ] 0000/0219 VUs  30s        500.00 iters/s
step_00550 ✓ [ 100% ] 0000/0110 VUs  30s        550.00 iters/s
step_00600   [  23% ] 0001/0120 VUs  07.0s/30s  600.00 iters/s
step_00650 • [   0% ] waiting        0m23.0s   
step_00700 • [   0% ] waiting        0m53.0s   
step_00750 • [   0% ] waiting        1m23.0s   
step_00800 • [   0% ] waiting        1m53.0s   
step_00850 • [   0% ] waiting        2m23.0s   
step_00900 • [   0% ] waiting        2m53.0s   
step_00950 • [   0% ] waiting        3m23.0s   
step_01000 • [   0% ] waiting        3m53.0s   

running (05m37.9s), 0002/0565 VUs, 103567 complete and 0 interrupted iterations
step_00050 ✓ [ 100% ] 000/020 VUs    30s        50.00 iters/s
step_00100 ✓ [ 100% ] 000/020 VUs    30s        100.00 iters/s
step_00150 ✓ [ 100% ] 000/030 VUs    30s        150.00 iters/s
step_00200 ✓ [ 100% ] 000/040 VUs    30s        200.00 iters/s
step_00250 ✓ [ 100% ] 000/106 VUs    30s        250.00 iters/s
step_00300 ✓ [ 100% ] 000/060 VUs    30s        300.00 iters/s
step_00350 ✓ [ 100% ] 0000/0070 VUs  30s        350.00 iters/s
step_00400 ✓ [ 100% ] 0000/0080 VUs  30s        400.00 iters/s
step_00450 ✓ [ 100% ] 0000/0090 VUs  30s        450.00 iters/s
step_00500 ✓ [ 100% ] 0000/0219 VUs  30s        500.00 iters/s
step_00550 ✓ [ 100% ] 0000/0110 VUs  30s        550.00 iters/s
step_00600   [  27% ] 0002/0120 VUs  08.0s/30s  600.00 iters/s
step_00650 • [   0% ] waiting        0m22.0s   
step_00700 • [   0% ] waiting        0m52.0s   
step_00750 • [   0% ] waiting        1m22.0s   
step_00800 • [   0% ] waiting        1m52.0s   
step_00850 • [   0% ] waiting        2m22.0s   
step_00900 • [   0% ] waiting        2m52.0s   
step_00950 • [   0% ] waiting        3m22.0s   
step_01000 • [   0% ] waiting        3m52.0s   

running (05m38.9s), 0001/0565 VUs, 104167 complete and 0 interrupted iterations
step_00050 ✓ [ 100% ] 000/020 VUs    30s        50.00 iters/s
step_00100 ✓ [ 100% ] 000/020 VUs    30s        100.00 iters/s
step_00150 ✓ [ 100% ] 000/030 VUs    30s        150.00 iters/s
step_00200 ✓ [ 100% ] 000/040 VUs    30s        200.00 iters/s
step_00250 ✓ [ 100% ] 000/106 VUs    30s        250.00 iters/s
step_00300 ✓ [ 100% ] 000/060 VUs    30s        300.00 iters/s
step_00350 ✓ [ 100% ] 0000/0070 VUs  30s        350.00 iters/s
step_00400 ✓ [ 100% ] 0000/0080 VUs  30s        400.00 iters/s
step_00450 ✓ [ 100% ] 0000/0090 VUs  30s        450.00 iters/s
step_00500 ✓ [ 100% ] 0000/0219 VUs  30s        500.00 iters/s
step_00550 ✓ [ 100% ] 0000/0110 VUs  30s        550.00 iters/s
step_00600   [  30% ] 0001/0120 VUs  09.0s/30s  600.00 iters/s
step_00650 • [   0% ] waiting        0m21.0s   
step_00700 • [   0% ] waiting        0m51.0s   
step_00750 • [   0% ] waiting        1m21.0s   
step_00800 • [   0% ] waiting        1m51.0s   
step_00850 • [   0% ] waiting        2m21.0s   
step_00900 • [   0% ] waiting        2m51.0s   
step_00950 • [   0% ] waiting        3m21.0s   
step_01000 • [   0% ] waiting        3m51.0s   

running (05m39.9s), 0002/0565 VUs, 104767 complete and 0 interrupted iterations
step_00050 ✓ [ 100% ] 000/020 VUs    30s        50.00 iters/s
step_00100 ✓ [ 100% ] 000/020 VUs    30s        100.00 iters/s
step_00150 ✓ [ 100% ] 000/030 VUs    30s        150.00 iters/s
step_00200 ✓ [ 100% ] 000/040 VUs    30s        200.00 iters/s
step_00250 ✓ [ 100% ] 000/106 VUs    30s        250.00 iters/s
step_00300 ✓ [ 100% ] 000/060 VUs    30s        300.00 iters/s
step_00350 ✓ [ 100% ] 0000/0070 VUs  30s        350.00 iters/s
step_00400 ✓ [ 100% ] 0000/0080 VUs  30s        400.00 iters/s
step_00450 ✓ [ 100% ] 0000/0090 VUs  30s        450.00 iters/s
step_00500 ✓ [ 100% ] 0000/0219 VUs  30s        500.00 iters/s
step_00550 ✓ [ 100% ] 0000/0110 VUs  30s        550.00 iters/s
step_00600   [  33% ] 0002/0120 VUs  10.0s/30s  600.00 iters/s
step_00650 • [   0% ] waiting        0m20.0s   
step_00700 • [   0% ] waiting        0m50.0s   
step_00750 • [   0% ] waiting        1m20.0s   
step_00800 • [   0% ] waiting        1m50.0s   
step_00850 • [   0% ] waiting        2m20.0s   
step_00900 • [   0% ] waiting        2m50.0s   
step_00950 • [   0% ] waiting        3m20.0s   
step_01000 • [   0% ] waiting        3m50.0s   

running (05m40.9s), 0005/0565 VUs, 105364 complete and 0 interrupted iterations
step_00050 ✓ [ 100% ] 000/020 VUs    30s        50.00 iters/s
step_00100 ✓ [ 100% ] 000/020 VUs    30s        100.00 iters/s
step_00150 ✓ [ 100% ] 000/030 VUs    30s        150.00 iters/s
step_00200 ✓ [ 100% ] 000/040 VUs    30s        200.00 iters/s
step_00250 ✓ [ 100% ] 000/106 VUs    30s        250.00 iters/s
step_00300 ✓ [ 100% ] 000/060 VUs    30s        300.00 iters/s
step_00350 ✓ [ 100% ] 0000/0070 VUs  30s        350.00 iters/s
step_00400 ✓ [ 100% ] 0000/0080 VUs  30s        400.00 iters/s
step_00450 ✓ [ 100% ] 0000/0090 VUs  30s        450.00 iters/s
step_00500 ✓ [ 100% ] 0000/0219 VUs  30s        500.00 iters/s
step_00550 ✓ [ 100% ] 0000/0110 VUs  30s        550.00 iters/s
step_00600   [  37% ] 0005/0120 VUs  11.0s/30s  600.00 iters/s
step_00650 • [   0% ] waiting        0m19.0s   
step_00700 • [   0% ] waiting        0m49.0s   
step_00750 • [   0% ] waiting        1m19.0s   
step_00800 • [   0% ] waiting        1m49.0s   
step_00850 • [   0% ] waiting        2m19.0s   
step_00900 • [   0% ] waiting        2m49.0s   
step_00950 • [   0% ] waiting        3m19.0s   
step_01000 • [   0% ] waiting        3m49.0s   

running (05m41.9s), 0049/0565 VUs, 105920 complete and 0 interrupted iterations
step_00050 ✓ [ 100% ] 000/020 VUs    30s        50.00 iters/s
step_00100 ✓ [ 100% ] 000/020 VUs    30s        100.00 iters/s
step_00150 ✓ [ 100% ] 000/030 VUs    30s        150.00 iters/s
step_00200 ✓ [ 100% ] 000/040 VUs    30s        200.00 iters/s
step_00250 ✓ [ 100% ] 000/106 VUs    30s        250.00 iters/s
step_00300 ✓ [ 100% ] 000/060 VUs    30s        300.00 iters/s
step_00350 ✓ [ 100% ] 0000/0070 VUs  30s        350.00 iters/s
step_00400 ✓ [ 100% ] 0000/0080 VUs  30s        400.00 iters/s
step_00450 ✓ [ 100% ] 0000/0090 VUs  30s        450.00 iters/s
step_00500 ✓ [ 100% ] 0000/0219 VUs  30s        500.00 iters/s
step_00550 ✓ [ 100% ] 0000/0110 VUs  30s        550.00 iters/s
step_00600   [  40% ] 0049/0120 VUs  12.0s/30s  600.00 iters/s
step_00650 • [   0% ] waiting        0m18.0s   
step_00700 • [   0% ] waiting        0m48.0s   
step_00750 • [   0% ] waiting        1m18.0s   
step_00800 • [   0% ] waiting        1m48.0s   
step_00850 • [   0% ] waiting        2m18.0s   
step_00900 • [   0% ] waiting        2m48.0s   
step_00950 • [   0% ] waiting        3m18.0s   
step_01000 • [   0% ] waiting        3m48.0s   

running (05m42.9s), 0014/0565 VUs, 106554 complete and 0 interrupted iterations
step_00050 ✓ [ 100% ] 000/020 VUs    30s        50.00 iters/s
step_00100 ✓ [ 100% ] 000/020 VUs    30s        100.00 iters/s
step_00150 ✓ [ 100% ] 000/030 VUs    30s        150.00 iters/s
step_00200 ✓ [ 100% ] 000/040 VUs    30s        200.00 iters/s
step_00250 ✓ [ 100% ] 000/106 VUs    30s        250.00 iters/s
step_00300 ✓ [ 100% ] 000/060 VUs    30s        300.00 iters/s
step_00350 ✓ [ 100% ] 0000/0070 VUs  30s        350.00 iters/s
step_00400 ✓ [ 100% ] 0000/0080 VUs  30s        400.00 iters/s
step_00450 ✓ [ 100% ] 0000/0090 VUs  30s        450.00 iters/s
step_00500 ✓ [ 100% ] 0000/0219 VUs  30s        500.00 iters/s
step_00550 ✓ [ 100% ] 0000/0110 VUs  30s        550.00 iters/s
step_00600   [  43% ] 0014/0120 VUs  13.0s/30s  600.00 iters/s
step_00650 • [   0% ] waiting        0m17.0s   
step_00700 • [   0% ] waiting        0m47.0s   
step_00750 • [   0% ] waiting        1m17.0s   
step_00800 • [   0% ] waiting        1m47.0s   
step_00850 • [   0% ] waiting        2m17.0s   
step_00900 • [   0% ] waiting        2m47.0s   
step_00950 • [   0% ] waiting        3m17.0s   
step_01000 • [   0% ] waiting        3m47.0s   

running (05m43.9s), 0087/0565 VUs, 107082 complete and 0 interrupted iterations
step_00050 ✓ [ 100% ] 000/020 VUs    30s        50.00 iters/s
step_00100 ✓ [ 100% ] 000/020 VUs    30s        100.00 iters/s
step_00150 ✓ [ 100% ] 000/030 VUs    30s        150.00 iters/s
step_00200 ✓ [ 100% ] 000/040 VUs    30s        200.00 iters/s
step_00250 ✓ [ 100% ] 000/106 VUs    30s        250.00 iters/s
step_00300 ✓ [ 100% ] 000/060 VUs    30s        300.00 iters/s
step_00350 ✓ [ 100% ] 0000/0070 VUs  30s        350.00 iters/s
step_00400 ✓ [ 100% ] 0000/0080 VUs  30s        400.00 iters/s
step_00450 ✓ [ 100% ] 0000/0090 VUs  30s        450.00 iters/s
step_00500 ✓ [ 100% ] 0000/0219 VUs  30s        500.00 iters/s
step_00550 ✓ [ 100% ] 0000/0110 VUs  30s        550.00 iters/s
step_00600   [  47% ] 0087/0120 VUs  14.0s/30s  600.00 iters/s
step_00650 • [   0% ] waiting        0m16.0s   
step_00700 • [   0% ] waiting        0m46.0s   
step_00750 • [   0% ] waiting        1m16.0s   
step_00800 • [   0% ] waiting        1m46.0s   
step_00850 • [   0% ] waiting        2m16.0s   
step_00900 • [   0% ] waiting        2m46.0s   
step_00950 • [   0% ] waiting        3m16.0s   
step_01000 • [   0% ] waiting        3m46.0s   

running (05m44.9s), 0121/0625 VUs, 107558 complete and 0 interrupted iterations
step_00050 ✓ [ 100% ] 000/020 VUs    30s        50.00 iters/s
step_00100 ✓ [ 100% ] 000/020 VUs    30s        100.00 iters/s
step_00150 ✓ [ 100% ] 000/030 VUs    30s        150.00 iters/s
step_00200 ✓ [ 100% ] 000/040 VUs    30s        200.00 iters/s
step_00250 ✓ [ 100% ] 000/106 VUs    30s        250.00 iters/s
step_00300 ✓ [ 100% ] 000/060 VUs    30s        300.00 iters/s
step_00350 ✓ [ 100% ] 0000/0070 VUs  30s        350.00 iters/s
step_00400 ✓ [ 100% ] 0000/0080 VUs  30s        400.00 iters/s
step_00450 ✓ [ 100% ] 0000/0090 VUs  30s        450.00 iters/s
step_00500 ✓ [ 100% ] 0000/0219 VUs  30s        500.00 iters/s
step_00550 ✓ [ 100% ] 0000/0110 VUs  30s        550.00 iters/s
step_00600   [  50% ] 0121/0180 VUs  15.0s/30s  600.00 iters/s
step_00650 • [   0% ] waiting        0m15.0s   
step_00700 • [   0% ] waiting        0m45.0s   
step_00750 • [   0% ] waiting        1m15.0s   
step_00800 • [   0% ] waiting        1m45.0s   
step_00850 • [   0% ] waiting        2m15.0s   
step_00900 • [   0% ] waiting        2m45.0s   
step_00950 • [   0% ] waiting        3m15.0s   
step_01000 • [   0% ] waiting        3m45.0s   

running (05m45.9s), 0002/0625 VUs, 108277 complete and 0 interrupted iterations
step_00050 ✓ [ 100% ] 000/020 VUs    30s        50.00 iters/s
step_00100 ✓ [ 100% ] 000/020 VUs    30s        100.00 iters/s
step_00150 ✓ [ 100% ] 000/030 VUs    30s        150.00 iters/s
step_00200 ✓ [ 100% ] 000/040 VUs    30s        200.00 iters/s
step_00250 ✓ [ 100% ] 000/106 VUs    30s        250.00 iters/s
step_00300 ✓ [ 100% ] 000/060 VUs    30s        300.00 iters/s
step_00350 ✓ [ 100% ] 0000/0070 VUs  30s        350.00 iters/s
step_00400 ✓ [ 100% ] 0000/0080 VUs  30s        400.00 iters/s
step_00450 ✓ [ 100% ] 0000/0090 VUs  30s        450.00 iters/s
step_00500 ✓ [ 100% ] 0000/0219 VUs  30s        500.00 iters/s
step_00550 ✓ [ 100% ] 0000/0110 VUs  30s        550.00 iters/s
step_00600   [  53% ] 0002/0180 VUs  16.0s/30s  600.00 iters/s
step_00650 • [   0% ] waiting        0m14.0s   
step_00700 • [   0% ] waiting        0m44.0s   
step_00750 • [   0% ] waiting        1m14.0s   
step_00800 • [   0% ] waiting        1m44.0s   
step_00850 • [   0% ] waiting        2m14.0s   
step_00900 • [   0% ] waiting        2m44.0s   
step_00950 • [   0% ] waiting        3m14.0s   
step_01000 • [   0% ] waiting        3m44.0s   

running (05m46.9s), 0001/0625 VUs, 108878 complete and 0 interrupted iterations
step_00050 ✓ [ 100% ] 000/020 VUs    30s        50.00 iters/s
step_00100 ✓ [ 100% ] 000/020 VUs    30s        100.00 iters/s
step_00150 ✓ [ 100% ] 000/030 VUs    30s        150.00 iters/s
step_00200 ✓ [ 100% ] 000/040 VUs    30s        200.00 iters/s
step_00250 ✓ [ 100% ] 000/106 VUs    30s        250.00 iters/s
step_00300 ✓ [ 100% ] 000/060 VUs    30s        300.00 iters/s
step_00350 ✓ [ 100% ] 0000/0070 VUs  30s        350.00 iters/s
step_00400 ✓ [ 100% ] 0000/0080 VUs  30s        400.00 iters/s
step_00450 ✓ [ 100% ] 0000/0090 VUs  30s        450.00 iters/s
step_00500 ✓ [ 100% ] 0000/0219 VUs  30s        500.00 iters/s
step_00550 ✓ [ 100% ] 0000/0110 VUs  30s        550.00 iters/s
step_00600   [  57% ] 0001/0180 VUs  17.0s/30s  600.00 iters/s
step_00650 • [   0% ] waiting        0m13.0s   
step_00700 • [   0% ] waiting        0m43.0s   
step_00750 • [   0% ] waiting        1m13.0s   
step_00800 • [   0% ] waiting        1m43.0s   
step_00850 • [   0% ] waiting        2m13.0s   
step_00900 • [   0% ] waiting        2m43.0s   
step_00950 • [   0% ] waiting        3m13.0s   
step_01000 • [   0% ] waiting        3m43.0s   

running (05m47.9s), 0007/0625 VUs, 109471 complete and 0 interrupted iterations
step_00050 ✓ [ 100% ] 000/020 VUs    30s        50.00 iters/s
step_00100 ✓ [ 100% ] 000/020 VUs    30s        100.00 iters/s
step_00150 ✓ [ 100% ] 000/030 VUs    30s        150.00 iters/s
step_00200 ✓ [ 100% ] 000/040 VUs    30s        200.00 iters/s
step_00250 ✓ [ 100% ] 000/106 VUs    30s        250.00 iters/s
step_00300 ✓ [ 100% ] 000/060 VUs    30s        300.00 iters/s
step_00350 ✓ [ 100% ] 0000/0070 VUs  30s        350.00 iters/s
step_00400 ✓ [ 100% ] 0000/0080 VUs  30s        400.00 iters/s
step_00450 ✓ [ 100% ] 0000/0090 VUs  30s        450.00 iters/s
step_00500 ✓ [ 100% ] 0000/0219 VUs  30s        500.00 iters/s
step_00550 ✓ [ 100% ] 0000/0110 VUs  30s        550.00 iters/s
step_00600   [  60% ] 0008/0180 VUs  18.0s/30s  600.00 iters/s
step_00650 • [   0% ] waiting        0m12.0s   
step_00700 • [   0% ] waiting        0m42.0s   
step_00750 • [   0% ] waiting        1m12.0s   
step_00800 • [   0% ] waiting        1m42.0s   
step_00850 • [   0% ] waiting        2m12.0s   
step_00900 • [   0% ] waiting        2m42.0s   
step_00950 • [   0% ] waiting        3m12.0s   
step_01000 • [   0% ] waiting        3m42.0s   

running (05m48.9s), 0005/0625 VUs, 110074 complete and 0 interrupted iterations
step_00050 ✓ [ 100% ] 000/020 VUs    30s        50.00 iters/s
step_00100 ✓ [ 100% ] 000/020 VUs    30s        100.00 iters/s
step_00150 ✓ [ 100% ] 000/030 VUs    30s        150.00 iters/s
step_00200 ✓ [ 100% ] 000/040 VUs    30s        200.00 iters/s
step_00250 ✓ [ 100% ] 000/106 VUs    30s        250.00 iters/s
step_00300 ✓ [ 100% ] 000/060 VUs    30s        300.00 iters/s
step_00350 ✓ [ 100% ] 0000/0070 VUs  30s        350.00 iters/s
step_00400 ✓ [ 100% ] 0000/0080 VUs  30s        400.00 iters/s
step_00450 ✓ [ 100% ] 0000/0090 VUs  30s        450.00 iters/s
step_00500 ✓ [ 100% ] 0000/0219 VUs  30s        500.00 iters/s
step_00550 ✓ [ 100% ] 0000/0110 VUs  30s        550.00 iters/s
step_00600   [  63% ] 0005/0180 VUs  19.0s/30s  600.00 iters/s
step_00650 • [   0% ] waiting        0m11.0s   
step_00700 • [   0% ] waiting        0m41.0s   
step_00750 • [   0% ] waiting        1m11.0s   
step_00800 • [   0% ] waiting        1m41.0s   
step_00850 • [   0% ] waiting        2m11.0s   
step_00900 • [   0% ] waiting        2m41.0s   
step_00950 • [   0% ] waiting        3m11.0s   
step_01000 • [   0% ] waiting        3m41.0s   

running (05m49.9s), 0022/0625 VUs, 110656 complete and 0 interrupted iterations
step_00050 ✓ [ 100% ] 000/020 VUs    30s        50.00 iters/s
step_00100 ✓ [ 100% ] 000/020 VUs    30s        100.00 iters/s
step_00150 ✓ [ 100% ] 000/030 VUs    30s        150.00 iters/s
step_00200 ✓ [ 100% ] 000/040 VUs    30s        200.00 iters/s
step_00250 ✓ [ 100% ] 000/106 VUs    30s        250.00 iters/s
step_00300 ✓ [ 100% ] 000/060 VUs    30s        300.00 iters/s
step_00350 ✓ [ 100% ] 0000/0070 VUs  30s        350.00 iters/s
step_00400 ✓ [ 100% ] 0000/0080 VUs  30s        400.00 iters/s
step_00450 ✓ [ 100% ] 0000/0090 VUs  30s        450.00 iters/s
step_00500 ✓ [ 100% ] 0000/0219 VUs  30s        500.00 iters/s
step_00550 ✓ [ 100% ] 0000/0110 VUs  30s        550.00 iters/s
step_00600   [  67% ] 0022/0180 VUs  20.0s/30s  600.00 iters/s
step_00650 • [   0% ] waiting        0m10.0s   
step_00700 • [   0% ] waiting        0m40.0s   
step_00750 • [   0% ] waiting        1m10.0s   
step_00800 • [   0% ] waiting        1m40.0s   
step_00850 • [   0% ] waiting        2m10.0s   
step_00900 • [   0% ] waiting        2m40.0s   
step_00950 • [   0% ] waiting        3m10.0s   
step_01000 • [   0% ] waiting        3m40.0s   

running (05m50.9s), 0112/0625 VUs, 111167 complete and 0 interrupted iterations
step_00050 ✓ [ 100% ] 000/020 VUs    30s        50.00 iters/s
step_00100 ✓ [ 100% ] 000/020 VUs    30s        100.00 iters/s
step_00150 ✓ [ 100% ] 000/030 VUs    30s        150.00 iters/s
step_00200 ✓ [ 100% ] 000/040 VUs    30s        200.00 iters/s
step_00250 ✓ [ 100% ] 000/106 VUs    30s        250.00 iters/s
step_00300 ✓ [ 100% ] 000/060 VUs    30s        300.00 iters/s
step_00350 ✓ [ 100% ] 0000/0070 VUs  30s        350.00 iters/s
step_00400 ✓ [ 100% ] 0000/0080 VUs  30s        400.00 iters/s
step_00450 ✓ [ 100% ] 0000/0090 VUs  30s        450.00 iters/s
step_00500 ✓ [ 100% ] 0000/0219 VUs  30s        500.00 iters/s
step_00550 ✓ [ 100% ] 0000/0110 VUs  30s        550.00 iters/s
step_00600   [  70% ] 0112/0180 VUs  21.0s/30s  600.00 iters/s
step_00650 • [   0% ] waiting        0m09.0s   
step_00700 • [   0% ] waiting        0m39.0s   
step_00750 • [   0% ] waiting        1m09.0s   
step_00800 • [   0% ] waiting        1m39.0s   
step_00850 • [   0% ] waiting        2m09.0s   
step_00900 • [   0% ] waiting        2m39.0s   
step_00950 • [   0% ] waiting        3m09.0s   
step_01000 • [   0% ] waiting        3m39.0s   

running (05m51.9s), 0248/0695 VUs, 111551 complete and 0 interrupted iterations
step_00050 ✓ [ 100% ] 000/020 VUs    30s        50.00 iters/s
step_00100 ✓ [ 100% ] 000/020 VUs    30s        100.00 iters/s
step_00150 ✓ [ 100% ] 000/030 VUs    30s        150.00 iters/s
step_00200 ✓ [ 100% ] 000/040 VUs    30s        200.00 iters/s
step_00250 ✓ [ 100% ] 000/106 VUs    30s        250.00 iters/s
step_00300 ✓ [ 100% ] 000/060 VUs    30s        300.00 iters/s
step_00350 ✓ [ 100% ] 0000/0070 VUs  30s        350.00 iters/s
step_00400 ✓ [ 100% ] 0000/0080 VUs  30s        400.00 iters/s
step_00450 ✓ [ 100% ] 0000/0090 VUs  30s        450.00 iters/s
step_00500 ✓ [ 100% ] 0000/0219 VUs  30s        500.00 iters/s
step_00550 ✓ [ 100% ] 0000/0110 VUs  30s        550.00 iters/s
step_00600   [  73% ] 0248/0250 VUs  22.0s/30s  600.00 iters/s
step_00650 • [   0% ] waiting        0m08.0s   
step_00700 • [   0% ] waiting        0m38.0s   
step_00750 • [   0% ] waiting        1m08.0s   
step_00800 • [   0% ] waiting        1m38.0s   
step_00850 • [   0% ] waiting        2m08.0s   
step_00900 • [   0% ] waiting        2m38.0s   
step_00950 • [   0% ] waiting        3m08.0s   
step_01000 • [   0% ] waiting        3m38.0s   

running (05m52.9s), 0130/0702 VUs, 112262 complete and 0 interrupted iterations
step_00050 ✓ [ 100% ] 000/020 VUs    30s        50.00 iters/s
step_00100 ✓ [ 100% ] 000/020 VUs    30s        100.00 iters/s
step_00150 ✓ [ 100% ] 000/030 VUs    30s        150.00 iters/s
step_00200 ✓ [ 100% ] 000/040 VUs    30s        200.00 iters/s
step_00250 ✓ [ 100% ] 000/106 VUs    30s        250.00 iters/s
step_00300 ✓ [ 100% ] 000/060 VUs    30s        300.00 iters/s
step_00350 ✓ [ 100% ] 0000/0070 VUs  30s        350.00 iters/s
step_00400 ✓ [ 100% ] 0000/0080 VUs  30s        400.00 iters/s
step_00450 ✓ [ 100% ] 0000/0090 VUs  30s        450.00 iters/s
step_00500 ✓ [ 100% ] 0000/0219 VUs  30s        500.00 iters/s
step_00550 ✓ [ 100% ] 0000/0110 VUs  30s        550.00 iters/s
step_00600   [  77% ] 0130/0257 VUs  23.0s/30s  600.00 iters/s
step_00650 • [   0% ] waiting        0m07.0s   
step_00700 • [   0% ] waiting        0m37.0s   
step_00750 • [   0% ] waiting        1m07.0s   
step_00800 • [   0% ] waiting        1m37.0s   
step_00850 • [   0% ] waiting        2m07.0s   
step_00900 • [   0% ] waiting        2m37.0s   
step_00950 • [   0% ] waiting        3m07.0s   
step_01000 • [   0% ] waiting        3m37.0s   

running (05m53.9s), 0024/0702 VUs, 112968 complete and 0 interrupted iterations
step_00050 ✓ [ 100% ] 000/020 VUs    30s        50.00 iters/s
step_00100 ✓ [ 100% ] 000/020 VUs    30s        100.00 iters/s
step_00150 ✓ [ 100% ] 000/030 VUs    30s        150.00 iters/s
step_00200 ✓ [ 100% ] 000/040 VUs    30s        200.00 iters/s
step_00250 ✓ [ 100% ] 000/106 VUs    30s        250.00 iters/s
step_00300 ✓ [ 100% ] 000/060 VUs    30s        300.00 iters/s
step_00350 ✓ [ 100% ] 0000/0070 VUs  30s        350.00 iters/s
step_00400 ✓ [ 100% ] 0000/0080 VUs  30s        400.00 iters/s
step_00450 ✓ [ 100% ] 0000/0090 VUs  30s        450.00 iters/s
step_00500 ✓ [ 100% ] 0000/0219 VUs  30s        500.00 iters/s
step_00550 ✓ [ 100% ] 0000/0110 VUs  30s        550.00 iters/s
step_00600   [  80% ] 0024/0257 VUs  24.0s/30s  600.00 iters/s
step_00650 • [   0% ] waiting        0m06.0s   
step_00700 • [   0% ] waiting        0m36.0s   
step_00750 • [   0% ] waiting        1m06.0s   
step_00800 • [   0% ] waiting        1m36.0s   
step_00850 • [   0% ] waiting        2m06.0s   
step_00900 • [   0% ] waiting        2m36.0s   
step_00950 • [   0% ] waiting        3m06.0s   
step_01000 • [   0% ] waiting        3m36.0s   

running (05m54.9s), 0002/0702 VUs, 113590 complete and 0 interrupted iterations
step_00050 ✓ [ 100% ] 000/020 VUs    30s        50.00 iters/s
step_00100 ✓ [ 100% ] 000/020 VUs    30s        100.00 iters/s
step_00150 ✓ [ 100% ] 000/030 VUs    30s        150.00 iters/s
step_00200 ✓ [ 100% ] 000/040 VUs    30s        200.00 iters/s
step_00250 ✓ [ 100% ] 000/106 VUs    30s        250.00 iters/s
step_00300 ✓ [ 100% ] 000/060 VUs    30s        300.00 iters/s
step_00350 ✓ [ 100% ] 0000/0070 VUs  30s        350.00 iters/s
step_00400 ✓ [ 100% ] 0000/0080 VUs  30s        400.00 iters/s
step_00450 ✓ [ 100% ] 0000/0090 VUs  30s        450.00 iters/s
step_00500 ✓ [ 100% ] 0000/0219 VUs  30s        500.00 iters/s
step_00550 ✓ [ 100% ] 0000/0110 VUs  30s        550.00 iters/s
step_00600   [  83% ] 0002/0257 VUs  25.0s/30s  600.00 iters/s
step_00650 • [   0% ] waiting        0m05.0s   
step_00700 • [   0% ] waiting        0m35.0s   
step_00750 • [   0% ] waiting        1m05.0s   
step_00800 • [   0% ] waiting        1m35.0s   
step_00850 • [   0% ] waiting        2m05.0s   
step_00900 • [   0% ] waiting        2m35.0s   
step_00950 • [   0% ] waiting        3m05.0s   
step_01000 • [   0% ] waiting        3m35.0s   

running (05m55.9s), 0002/0702 VUs, 114190 complete and 0 interrupted iterations
step_00050 ✓ [ 100% ] 000/020 VUs    30s        50.00 iters/s
step_00100 ✓ [ 100% ] 000/020 VUs    30s        100.00 iters/s
step_00150 ✓ [ 100% ] 000/030 VUs    30s        150.00 iters/s
step_00200 ✓ [ 100% ] 000/040 VUs    30s        200.00 iters/s
step_00250 ✓ [ 100% ] 000/106 VUs    30s        250.00 iters/s
step_00300 ✓ [ 100% ] 000/060 VUs    30s        300.00 iters/s
step_00350 ✓ [ 100% ] 0000/0070 VUs  30s        350.00 iters/s
step_00400 ✓ [ 100% ] 0000/0080 VUs  30s        400.00 iters/s
step_00450 ✓ [ 100% ] 0000/0090 VUs  30s        450.00 iters/s
step_00500 ✓ [ 100% ] 0000/0219 VUs  30s        500.00 iters/s
step_00550 ✓ [ 100% ] 0000/0110 VUs  30s        550.00 iters/s
step_00600   [  87% ] 0002/0257 VUs  26.0s/30s  600.00 iters/s
step_00650 • [   0% ] waiting        0m04.0s   
step_00700 • [   0% ] waiting        0m34.0s   
step_00750 • [   0% ] waiting        1m04.0s   
step_00800 • [   0% ] waiting        1m34.0s   
step_00850 • [   0% ] waiting        2m04.0s   
step_00900 • [   0% ] waiting        2m34.0s   
step_00950 • [   0% ] waiting        3m04.0s   
step_01000 • [   0% ] waiting        3m34.0s   

running (05m56.9s), 0001/0702 VUs, 114791 complete and 0 interrupted iterations
step_00050 ✓ [ 100% ] 000/020 VUs    30s        50.00 iters/s
step_00100 ✓ [ 100% ] 000/020 VUs    30s        100.00 iters/s
step_00150 ✓ [ 100% ] 000/030 VUs    30s        150.00 iters/s
step_00200 ✓ [ 100% ] 000/040 VUs    30s        200.00 iters/s
step_00250 ✓ [ 100% ] 000/106 VUs    30s        250.00 iters/s
step_00300 ✓ [ 100% ] 000/060 VUs    30s        300.00 iters/s
step_00350 ✓ [ 100% ] 0000/0070 VUs  30s        350.00 iters/s
step_00400 ✓ [ 100% ] 0000/0080 VUs  30s        400.00 iters/s
step_00450 ✓ [ 100% ] 0000/0090 VUs  30s        450.00 iters/s
step_00500 ✓ [ 100% ] 0000/0219 VUs  30s        500.00 iters/s
step_00550 ✓ [ 100% ] 0000/0110 VUs  30s        550.00 iters/s
step_00600   [  90% ] 0001/0257 VUs  27.0s/30s  600.00 iters/s
step_00650 • [   0% ] waiting        0m03.0s   
step_00700 • [   0% ] waiting        0m33.0s   
step_00750 • [   0% ] waiting        1m03.0s   
step_00800 • [   0% ] waiting        1m33.0s   
step_00850 • [   0% ] waiting        2m03.0s   
step_00900 • [   0% ] waiting        2m33.0s   
step_00950 • [   0% ] waiting        3m03.0s   
step_01000 • [   0% ] waiting        3m33.0s   

running (05m57.9s), 0002/0702 VUs, 115390 complete and 0 interrupted iterations
step_00050 ✓ [ 100% ] 000/020 VUs    30s        50.00 iters/s
step_00100 ✓ [ 100% ] 000/020 VUs    30s        100.00 iters/s
step_00150 ✓ [ 100% ] 000/030 VUs    30s        150.00 iters/s
step_00200 ✓ [ 100% ] 000/040 VUs    30s        200.00 iters/s
step_00250 ✓ [ 100% ] 000/106 VUs    30s        250.00 iters/s
step_00300 ✓ [ 100% ] 000/060 VUs    30s        300.00 iters/s
step_00350 ✓ [ 100% ] 0000/0070 VUs  30s        350.00 iters/s
step_00400 ✓ [ 100% ] 0000/0080 VUs  30s        400.00 iters/s
step_00450 ✓ [ 100% ] 0000/0090 VUs  30s        450.00 iters/s
step_00500 ✓ [ 100% ] 0000/0219 VUs  30s        500.00 iters/s
step_00550 ✓ [ 100% ] 0000/0110 VUs  30s        550.00 iters/s
step_00600   [  93% ] 0002/0257 VUs  28.0s/30s  600.00 iters/s
step_00650 • [   0% ] waiting        0m02.0s   
step_00700 • [   0% ] waiting        0m32.0s   
step_00750 • [   0% ] waiting        1m02.0s   
step_00800 • [   0% ] waiting        1m32.0s   
step_00850 • [   0% ] waiting        2m02.0s   
step_00900 • [   0% ] waiting        2m32.0s   
step_00950 • [   0% ] waiting        3m02.0s   
step_01000 • [   0% ] waiting        3m32.0s   

running (05m58.9s), 0001/0702 VUs, 115991 complete and 0 interrupted iterations
step_00050 ✓ [ 100% ] 000/020 VUs    30s        50.00 iters/s
step_00100 ✓ [ 100% ] 000/020 VUs    30s        100.00 iters/s
step_00150 ✓ [ 100% ] 000/030 VUs    30s        150.00 iters/s
step_00200 ✓ [ 100% ] 000/040 VUs    30s        200.00 iters/s
step_00250 ✓ [ 100% ] 000/106 VUs    30s        250.00 iters/s
step_00300 ✓ [ 100% ] 000/060 VUs    30s        300.00 iters/s
step_00350 ✓ [ 100% ] 0000/0070 VUs  30s        350.00 iters/s
step_00400 ✓ [ 100% ] 0000/0080 VUs  30s        400.00 iters/s
step_00450 ✓ [ 100% ] 0000/0090 VUs  30s        450.00 iters/s
step_00500 ✓ [ 100% ] 0000/0219 VUs  30s        500.00 iters/s
step_00550 ✓ [ 100% ] 0000/0110 VUs  30s        550.00 iters/s
step_00600   [  97% ] 0001/0257 VUs  29.0s/30s  600.00 iters/s
step_00650 • [   0% ] waiting        0m01.0s   
step_00700 • [   0% ] waiting        0m31.0s   
step_00750 • [   0% ] waiting        1m01.0s   
step_00800 • [   0% ] waiting        1m31.0s   
step_00850 • [   0% ] waiting        2m01.0s   
step_00900 • [   0% ] waiting        2m31.0s   
step_00950 • [   0% ] waiting        3m01.0s   
step_01000 • [   0% ] waiting        3m31.0s   

running (05m59.9s), 0001/0702 VUs, 116591 complete and 0 interrupted iterations
step_00050 ✓ [ 100% ] 000/020 VUs    30s        50.00 iters/s
step_00100 ✓ [ 100% ] 000/020 VUs    30s        100.00 iters/s
step_00150 ✓ [ 100% ] 000/030 VUs    30s        150.00 iters/s
step_00200 ✓ [ 100% ] 000/040 VUs    30s        200.00 iters/s
step_00250 ✓ [ 100% ] 000/106 VUs    30s        250.00 iters/s
step_00300 ✓ [ 100% ] 000/060 VUs    30s        300.00 iters/s
step_00350 ✓ [ 100% ] 0000/0070 VUs  30s        350.00 iters/s
step_00400 ✓ [ 100% ] 0000/0080 VUs  30s        400.00 iters/s
step_00450 ✓ [ 100% ] 0000/0090 VUs  30s        450.00 iters/s
step_00500 ✓ [ 100% ] 0000/0219 VUs  30s        500.00 iters/s
step_00550 ✓ [ 100% ] 0000/0110 VUs  30s        550.00 iters/s
step_00600   [ 100% ] 0001/0257 VUs  30.0s/30s  600.00 iters/s
step_00650 • [   0% ] waiting        0m00.0s   
step_00700 • [   0% ] waiting        0m30.0s   
step_00750 • [   0% ] waiting        1m00.0s   
step_00800 • [   0% ] waiting        1m30.0s   
step_00850 • [   0% ] waiting        2m00.0s   
step_00900 • [   0% ] waiting        2m30.0s   
step_00950 • [   0% ] waiting        3m00.0s   
step_01000 • [   0% ] waiting        3m30.0s   

running (06m00.9s), 0039/0702 VUs, 117201 complete and 0 interrupted iterations
step_00050 ✓ [ 100% ] 000/020 VUs    30s        50.00 iters/s
step_00100 ✓ [ 100% ] 000/020 VUs    30s        100.00 iters/s
step_00150 ✓ [ 100% ] 000/030 VUs    30s        150.00 iters/s
step_00200 ✓ [ 100% ] 000/040 VUs    30s        200.00 iters/s
step_00250 ✓ [ 100% ] 000/106 VUs    30s        250.00 iters/s
step_00300 ✓ [ 100% ] 000/060 VUs    30s        300.00 iters/s
step_00350 ✓ [ 100% ] 0000/0070 VUs  30s        350.00 iters/s
step_00400 ✓ [ 100% ] 0000/0080 VUs  30s        400.00 iters/s
step_00450 ✓ [ 100% ] 0000/0090 VUs  30s        450.00 iters/s
step_00500 ✓ [ 100% ] 0000/0219 VUs  30s        500.00 iters/s
step_00550 ✓ [ 100% ] 0000/0110 VUs  30s        550.00 iters/s
step_00600 ✓ [ 100% ] 0000/0257 VUs  30s        600.00 iters/s
step_00650   [   3% ] 0039/0130 VUs  01.0s/30s  650.00 iters/s
step_00700 • [   0% ] waiting        0m29.0s   
step_00750 • [   0% ] waiting        0m59.0s   
step_00800 • [   0% ] waiting        1m29.0s   
step_00850 • [   0% ] waiting        1m59.0s   
step_00900 • [   0% ] waiting        2m29.0s   
step_00950 • [   0% ] waiting        2m59.0s   
step_01000 • [   0% ] waiting        3m29.0s   

running (06m01.9s), 0152/0724 VUs, 117715 complete and 0 interrupted iterations
step_00050 ✓ [ 100% ] 000/020 VUs    30s        50.00 iters/s
step_00100 ✓ [ 100% ] 000/020 VUs    30s        100.00 iters/s
step_00150 ✓ [ 100% ] 000/030 VUs    30s        150.00 iters/s
step_00200 ✓ [ 100% ] 000/040 VUs    30s        200.00 iters/s
step_00250 ✓ [ 100% ] 000/106 VUs    30s        250.00 iters/s
step_00300 ✓ [ 100% ] 000/060 VUs    30s        300.00 iters/s
step_00350 ✓ [ 100% ] 0000/0070 VUs  30s        350.00 iters/s
step_00400 ✓ [ 100% ] 0000/0080 VUs  30s        400.00 iters/s
step_00450 ✓ [ 100% ] 0000/0090 VUs  30s        450.00 iters/s
step_00500 ✓ [ 100% ] 0000/0219 VUs  30s        500.00 iters/s
step_00550 ✓ [ 100% ] 0000/0110 VUs  30s        550.00 iters/s
step_00600 ✓ [ 100% ] 0000/0257 VUs  30s        600.00 iters/s
step_00650   [   7% ] 0152/0152 VUs  02.0s/30s  650.00 iters/s
step_00700 • [   0% ] waiting        0m28.0s   
step_00750 • [   0% ] waiting        0m58.0s   
step_00800 • [   0% ] waiting        1m28.0s   
step_00850 • [   0% ] waiting        1m58.0s   
step_00900 • [   0% ] waiting        2m28.0s   
step_00950 • [   0% ] waiting        2m58.0s   
step_01000 • [   0% ] waiting        3m28.0s   

running (06m02.9s), 0159/0773 VUs, 118309 complete and 0 interrupted iterations
step_00050 ✓ [ 100% ] 000/020 VUs    30s        50.00 iters/s
step_00100 ✓ [ 100% ] 000/020 VUs    30s        100.00 iters/s
step_00150 ✓ [ 100% ] 000/030 VUs    30s        150.00 iters/s
step_00200 ✓ [ 100% ] 000/040 VUs    30s        200.00 iters/s
step_00250 ✓ [ 100% ] 000/106 VUs    30s        250.00 iters/s
step_00300 ✓ [ 100% ] 000/060 VUs    30s        300.00 iters/s
step_00350 ✓ [ 100% ] 0000/0070 VUs  30s        350.00 iters/s
step_00400 ✓ [ 100% ] 0000/0080 VUs  30s        400.00 iters/s
step_00450 ✓ [ 100% ] 0000/0090 VUs  30s        450.00 iters/s
step_00500 ✓ [ 100% ] 0000/0219 VUs  30s        500.00 iters/s
step_00550 ✓ [ 100% ] 0000/0110 VUs  30s        550.00 iters/s
step_00600 ✓ [ 100% ] 0000/0257 VUs  30s        600.00 iters/s
step_00650   [  10% ] 0159/0201 VUs  03.0s/30s  650.00 iters/s
step_00700 • [   0% ] waiting        0m27.0s   
step_00750 • [   0% ] waiting        0m57.0s   
step_00800 • [   0% ] waiting        1m27.0s   
step_00850 • [   0% ] waiting        1m57.0s   
step_00900 • [   0% ] waiting        2m27.0s   
step_00950 • [   0% ] waiting        2m57.0s   
step_01000 • [   0% ] waiting        3m27.0s   

running (06m03.9s), 0166/0773 VUs, 118951 complete and 0 interrupted iterations
step_00050 ✓ [ 100% ] 000/020 VUs    30s        50.00 iters/s
step_00100 ✓ [ 100% ] 000/020 VUs    30s        100.00 iters/s
step_00150 ✓ [ 100% ] 000/030 VUs    30s        150.00 iters/s
step_00200 ✓ [ 100% ] 000/040 VUs    30s        200.00 iters/s
step_00250 ✓ [ 100% ] 000/106 VUs    30s        250.00 iters/s
step_00300 ✓ [ 100% ] 000/060 VUs    30s        300.00 iters/s
step_00350 ✓ [ 100% ] 0000/0070 VUs  30s        350.00 iters/s
step_00400 ✓ [ 100% ] 0000/0080 VUs  30s        400.00 iters/s
step_00450 ✓ [ 100% ] 0000/0090 VUs  30s        450.00 iters/s
step_00500 ✓ [ 100% ] 0000/0219 VUs  30s        500.00 iters/s
step_00550 ✓ [ 100% ] 0000/0110 VUs  30s        550.00 iters/s
step_00600 ✓ [ 100% ] 0000/0257 VUs  30s        600.00 iters/s
step_00650   [  13% ] 0166/0201 VUs  04.0s/30s  650.00 iters/s
step_00700 • [   0% ] waiting        0m26.0s   
step_00750 • [   0% ] waiting        0m56.0s   
step_00800 • [   0% ] waiting        1m26.0s   
step_00850 • [   0% ] waiting        1m56.0s   
step_00900 • [   0% ] waiting        2m26.0s   
step_00950 • [   0% ] waiting        2m56.0s   
step_01000 • [   0% ] waiting        3m26.0s   

running (06m04.9s), 0103/0773 VUs, 119664 complete and 0 interrupted iterations
step_00050 ✓ [ 100% ] 000/020 VUs    30s        50.00 iters/s
step_00100 ✓ [ 100% ] 000/020 VUs    30s        100.00 iters/s
step_00150 ✓ [ 100% ] 000/030 VUs    30s        150.00 iters/s
step_00200 ✓ [ 100% ] 000/040 VUs    30s        200.00 iters/s
step_00250 ✓ [ 100% ] 000/106 VUs    30s        250.00 iters/s
step_00300 ✓ [ 100% ] 000/060 VUs    30s        300.00 iters/s
step_00350 ✓ [ 100% ] 0000/0070 VUs  30s        350.00 iters/s
step_00400 ✓ [ 100% ] 0000/0080 VUs  30s        400.00 iters/s
step_00450 ✓ [ 100% ] 0000/0090 VUs  30s        450.00 iters/s
step_00500 ✓ [ 100% ] 0000/0219 VUs  30s        500.00 iters/s
step_00550 ✓ [ 100% ] 0000/0110 VUs  30s        550.00 iters/s
step_00600 ✓ [ 100% ] 0000/0257 VUs  30s        600.00 iters/s
step_00650   [  17% ] 0104/0201 VUs  05.0s/30s  650.00 iters/s
step_00700 • [   0% ] waiting        0m25.0s   
step_00750 • [   0% ] waiting        0m55.0s   
step_00800 • [   0% ] waiting        1m25.0s   
step_00850 • [   0% ] waiting        1m55.0s   
step_00900 • [   0% ] waiting        2m25.0s   
step_00950 • [   0% ] waiting        2m55.0s   
step_01000 • [   0% ] waiting        3m25.0s   

running (06m05.9s), 0004/0773 VUs, 120414 complete and 0 interrupted iterations
step_00050 ✓ [ 100% ] 000/020 VUs    30s        50.00 iters/s
step_00100 ✓ [ 100% ] 000/020 VUs    30s        100.00 iters/s
step_00150 ✓ [ 100% ] 000/030 VUs    30s        150.00 iters/s
step_00200 ✓ [ 100% ] 000/040 VUs    30s        200.00 iters/s
step_00250 ✓ [ 100% ] 000/106 VUs    30s        250.00 iters/s
step_00300 ✓ [ 100% ] 000/060 VUs    30s        300.00 iters/s
step_00350 ✓ [ 100% ] 0000/0070 VUs  30s        350.00 iters/s
step_00400 ✓ [ 100% ] 0000/0080 VUs  30s        400.00 iters/s
step_00450 ✓ [ 100% ] 0000/0090 VUs  30s        450.00 iters/s
step_00500 ✓ [ 100% ] 0000/0219 VUs  30s        500.00 iters/s
step_00550 ✓ [ 100% ] 0000/0110 VUs  30s        550.00 iters/s
step_00600 ✓ [ 100% ] 0000/0257 VUs  30s        600.00 iters/s
step_00650   [  20% ] 0004/0201 VUs  06.0s/30s  650.00 iters/s
step_00700 • [   0% ] waiting        0m24.0s   
step_00750 • [   0% ] waiting        0m54.0s   
step_00800 • [   0% ] waiting        1m24.0s   
step_00850 • [   0% ] waiting        1m54.0s   
step_00900 • [   0% ] waiting        2m24.0s   
step_00950 • [   0% ] waiting        2m54.0s   
step_01000 • [   0% ] waiting        3m24.0s   

running (06m06.9s), 0002/0773 VUs, 121066 complete and 0 interrupted iterations
step_00050 ✓ [ 100% ] 000/020 VUs    30s        50.00 iters/s
step_00100 ✓ [ 100% ] 000/020 VUs    30s        100.00 iters/s
step_00150 ✓ [ 100% ] 000/030 VUs    30s        150.00 iters/s
step_00200 ✓ [ 100% ] 000/040 VUs    30s        200.00 iters/s
step_00250 ✓ [ 100% ] 000/106 VUs    30s        250.00 iters/s
step_00300 ✓ [ 100% ] 000/060 VUs    30s        300.00 iters/s
step_00350 ✓ [ 100% ] 0000/0070 VUs  30s        350.00 iters/s
step_00400 ✓ [ 100% ] 0000/0080 VUs  30s        400.00 iters/s
step_00450 ✓ [ 100% ] 0000/0090 VUs  30s        450.00 iters/s
step_00500 ✓ [ 100% ] 0000/0219 VUs  30s        500.00 iters/s
step_00550 ✓ [ 100% ] 0000/0110 VUs  30s        550.00 iters/s
step_00600 ✓ [ 100% ] 0000/0257 VUs  30s        600.00 iters/s
step_00650   [  23% ] 0002/0201 VUs  07.0s/30s  650.00 iters/s
step_00700 • [   0% ] waiting        0m23.0s   
step_00750 • [   0% ] waiting        0m53.0s   
step_00800 • [   0% ] waiting        1m23.0s   
step_00850 • [   0% ] waiting        1m53.0s   
step_00900 • [   0% ] waiting        2m23.0s   
step_00950 • [   0% ] waiting        2m53.0s   
step_01000 • [   0% ] waiting        3m23.0s   

running (06m07.9s), 0001/0773 VUs, 121716 complete and 0 interrupted iterations
step_00050 ✓ [ 100% ] 000/020 VUs    30s        50.00 iters/s
step_00100 ✓ [ 100% ] 000/020 VUs    30s        100.00 iters/s
step_00150 ✓ [ 100% ] 000/030 VUs    30s        150.00 iters/s
step_00200 ✓ [ 100% ] 000/040 VUs    30s        200.00 iters/s
step_00250 ✓ [ 100% ] 000/106 VUs    30s        250.00 iters/s
step_00300 ✓ [ 100% ] 000/060 VUs    30s        300.00 iters/s
step_00350 ✓ [ 100% ] 0000/0070 VUs  30s        350.00 iters/s
step_00400 ✓ [ 100% ] 0000/0080 VUs  30s        400.00 iters/s
step_00450 ✓ [ 100% ] 0000/0090 VUs  30s        450.00 iters/s
step_00500 ✓ [ 100% ] 0000/0219 VUs  30s        500.00 iters/s
step_00550 ✓ [ 100% ] 0000/0110 VUs  30s        550.00 iters/s
step_00600 ✓ [ 100% ] 0000/0257 VUs  30s        600.00 iters/s
step_00650   [  27% ] 0001/0201 VUs  08.0s/30s  650.00 iters/s
step_00700 • [   0% ] waiting        0m22.0s   
step_00750 • [   0% ] waiting        0m52.0s   
step_00800 • [   0% ] waiting        1m22.0s   
step_00850 • [   0% ] waiting        1m52.0s   
step_00900 • [   0% ] waiting        2m22.0s   
step_00950 • [   0% ] waiting        2m52.0s   
step_01000 • [   0% ] waiting        3m22.0s   

running (06m08.9s), 0001/0773 VUs, 122366 complete and 0 interrupted iterations
step_00050 ✓ [ 100% ] 000/020 VUs    30s        50.00 iters/s
step_00100 ✓ [ 100% ] 000/020 VUs    30s        100.00 iters/s
step_00150 ✓ [ 100% ] 000/030 VUs    30s        150.00 iters/s
step_00200 ✓ [ 100% ] 000/040 VUs    30s        200.00 iters/s
step_00250 ✓ [ 100% ] 000/106 VUs    30s        250.00 iters/s
step_00300 ✓ [ 100% ] 000/060 VUs    30s        300.00 iters/s
step_00350 ✓ [ 100% ] 0000/0070 VUs  30s        350.00 iters/s
step_00400 ✓ [ 100% ] 0000/0080 VUs  30s        400.00 iters/s
step_00450 ✓ [ 100% ] 0000/0090 VUs  30s        450.00 iters/s
step_00500 ✓ [ 100% ] 0000/0219 VUs  30s        500.00 iters/s
step_00550 ✓ [ 100% ] 0000/0110 VUs  30s        550.00 iters/s
step_00600 ✓ [ 100% ] 0000/0257 VUs  30s        600.00 iters/s
step_00650   [  30% ] 0001/0201 VUs  09.0s/30s  650.00 iters/s
step_00700 • [   0% ] waiting        0m21.0s   
step_00750 • [   0% ] waiting        0m51.0s   
step_00800 • [   0% ] waiting        1m21.0s   
step_00850 • [   0% ] waiting        1m51.0s   
step_00900 • [   0% ] waiting        2m21.0s   
step_00950 • [   0% ] waiting        2m51.0s   
step_01000 • [   0% ] waiting        3m21.0s   

running (06m09.9s), 0005/0773 VUs, 123012 complete and 0 interrupted iterations
step_00050 ✓ [ 100% ] 000/020 VUs    30s        50.00 iters/s
step_00100 ✓ [ 100% ] 000/020 VUs    30s        100.00 iters/s
step_00150 ✓ [ 100% ] 000/030 VUs    30s        150.00 iters/s
step_00200 ✓ [ 100% ] 000/040 VUs    30s        200.00 iters/s
step_00250 ✓ [ 100% ] 000/106 VUs    30s        250.00 iters/s
step_00300 ✓ [ 100% ] 000/060 VUs    30s        300.00 iters/s
step_00350 ✓ [ 100% ] 0000/0070 VUs  30s        350.00 iters/s
step_00400 ✓ [ 100% ] 0000/0080 VUs  30s        400.00 iters/s
step_00450 ✓ [ 100% ] 0000/0090 VUs  30s        450.00 iters/s
step_00500 ✓ [ 100% ] 0000/0219 VUs  30s        500.00 iters/s
step_00550 ✓ [ 100% ] 0000/0110 VUs  30s        550.00 iters/s
step_00600 ✓ [ 100% ] 0000/0257 VUs  30s        600.00 iters/s
step_00650   [  33% ] 0005/0201 VUs  10.0s/30s  650.00 iters/s
step_00700 • [   0% ] waiting        0m20.0s   
step_00750 • [   0% ] waiting        0m50.0s   
step_00800 • [   0% ] waiting        1m20.0s   
step_00850 • [   0% ] waiting        1m50.0s   
step_00900 • [   0% ] waiting        2m20.0s   
step_00950 • [   0% ] waiting        2m50.0s   
step_01000 • [   0% ] waiting        3m20.0s   

running (06m10.9s), 0001/0773 VUs, 123666 complete and 0 interrupted iterations
step_00050 ✓ [ 100% ] 000/020 VUs    30s        50.00 iters/s
step_00100 ✓ [ 100% ] 000/020 VUs    30s        100.00 iters/s
step_00150 ✓ [ 100% ] 000/030 VUs    30s        150.00 iters/s
step_00200 ✓ [ 100% ] 000/040 VUs    30s        200.00 iters/s
step_00250 ✓ [ 100% ] 000/106 VUs    30s        250.00 iters/s
step_00300 ✓ [ 100% ] 000/060 VUs    30s        300.00 iters/s
step_00350 ✓ [ 100% ] 0000/0070 VUs  30s        350.00 iters/s
step_00400 ✓ [ 100% ] 0000/0080 VUs  30s        400.00 iters/s
step_00450 ✓ [ 100% ] 0000/0090 VUs  30s        450.00 iters/s
step_00500 ✓ [ 100% ] 0000/0219 VUs  30s        500.00 iters/s
step_00550 ✓ [ 100% ] 0000/0110 VUs  30s        550.00 iters/s
step_00600 ✓ [ 100% ] 0000/0257 VUs  30s        600.00 iters/s
step_00650   [  37% ] 0001/0201 VUs  11.0s/30s  650.00 iters/s
step_00700 • [   0% ] waiting        0m19.0s   
step_00750 • [   0% ] waiting        0m49.0s   
step_00800 • [   0% ] waiting        1m19.0s   
step_00850 • [   0% ] waiting        1m49.0s   
step_00900 • [   0% ] waiting        2m19.0s   
step_00950 • [   0% ] waiting        2m49.0s   
step_01000 • [   0% ] waiting        3m19.0s   

running (06m11.9s), 0003/0773 VUs, 124315 complete and 0 interrupted iterations
step_00050 ✓ [ 100% ] 000/020 VUs    30s        50.00 iters/s
step_00100 ✓ [ 100% ] 000/020 VUs    30s        100.00 iters/s
step_00150 ✓ [ 100% ] 000/030 VUs    30s        150.00 iters/s
step_00200 ✓ [ 100% ] 000/040 VUs    30s        200.00 iters/s
step_00250 ✓ [ 100% ] 000/106 VUs    30s        250.00 iters/s
step_00300 ✓ [ 100% ] 000/060 VUs    30s        300.00 iters/s
step_00350 ✓ [ 100% ] 0000/0070 VUs  30s        350.00 iters/s
step_00400 ✓ [ 100% ] 0000/0080 VUs  30s        400.00 iters/s
step_00450 ✓ [ 100% ] 0000/0090 VUs  30s        450.00 iters/s
step_00500 ✓ [ 100% ] 0000/0219 VUs  30s        500.00 iters/s
step_00550 ✓ [ 100% ] 0000/0110 VUs  30s        550.00 iters/s
step_00600 ✓ [ 100% ] 0000/0257 VUs  30s        600.00 iters/s
step_00650   [  40% ] 0003/0201 VUs  12.0s/30s  650.00 iters/s
step_00700 • [   0% ] waiting        0m18.0s   
step_00750 • [   0% ] waiting        0m48.0s   
step_00800 • [   0% ] waiting        1m18.0s   
step_00850 • [   0% ] waiting        1m48.0s   
step_00900 • [   0% ] waiting        2m18.0s   
step_00950 • [   0% ] waiting        2m48.0s   
step_01000 • [   0% ] waiting        3m18.0s   

running (06m12.9s), 0038/0773 VUs, 124930 complete and 0 interrupted iterations
step_00050 ✓ [ 100% ] 000/020 VUs    30s        50.00 iters/s
step_00100 ✓ [ 100% ] 000/020 VUs    30s        100.00 iters/s
step_00150 ✓ [ 100% ] 000/030 VUs    30s        150.00 iters/s
step_00200 ✓ [ 100% ] 000/040 VUs    30s        200.00 iters/s
step_00250 ✓ [ 100% ] 000/106 VUs    30s        250.00 iters/s
step_00300 ✓ [ 100% ] 000/060 VUs    30s        300.00 iters/s
step_00350 ✓ [ 100% ] 0000/0070 VUs  30s        350.00 iters/s
step_00400 ✓ [ 100% ] 0000/0080 VUs  30s        400.00 iters/s
step_00450 ✓ [ 100% ] 0000/0090 VUs  30s        450.00 iters/s
step_00500 ✓ [ 100% ] 0000/0219 VUs  30s        500.00 iters/s
step_00550 ✓ [ 100% ] 0000/0110 VUs  30s        550.00 iters/s
step_00600 ✓ [ 100% ] 0000/0257 VUs  30s        600.00 iters/s
step_00650   [  43% ] 0038/0201 VUs  13.0s/30s  650.00 iters/s
step_00700 • [   0% ] waiting        0m17.0s   
step_00750 • [   0% ] waiting        0m47.0s   
step_00800 • [   0% ] waiting        1m17.0s   
step_00850 • [   0% ] waiting        1m47.0s   
step_00900 • [   0% ] waiting        2m17.0s   
step_00950 • [   0% ] waiting        2m47.0s   
step_01000 • [   0% ] waiting        3m17.0s   

running (06m13.9s), 0028/0773 VUs, 125590 complete and 0 interrupted iterations
step_00050 ✓ [ 100% ] 000/020 VUs    30s        50.00 iters/s
step_00100 ✓ [ 100% ] 000/020 VUs    30s        100.00 iters/s
step_00150 ✓ [ 100% ] 000/030 VUs    30s        150.00 iters/s
step_00200 ✓ [ 100% ] 000/040 VUs    30s        200.00 iters/s
step_00250 ✓ [ 100% ] 000/106 VUs    30s        250.00 iters/s
step_00300 ✓ [ 100% ] 000/060 VUs    30s        300.00 iters/s
step_00350 ✓ [ 100% ] 0000/0070 VUs  30s        350.00 iters/s
step_00400 ✓ [ 100% ] 0000/0080 VUs  30s        400.00 iters/s
step_00450 ✓ [ 100% ] 0000/0090 VUs  30s        450.00 iters/s
step_00500 ✓ [ 100% ] 0000/0219 VUs  30s        500.00 iters/s
step_00550 ✓ [ 100% ] 0000/0110 VUs  30s        550.00 iters/s
step_00600 ✓ [ 100% ] 0000/0257 VUs  30s        600.00 iters/s
step_00650   [  47% ] 0028/0201 VUs  14.0s/30s  650.00 iters/s
step_00700 • [   0% ] waiting        0m16.0s   
step_00750 • [   0% ] waiting        0m46.0s   
step_00800 • [   0% ] waiting        1m16.0s   
step_00850 • [   0% ] waiting        1m46.0s   
step_00900 • [   0% ] waiting        2m16.0s   
step_00950 • [   0% ] waiting        2m46.0s   
step_01000 • [   0% ] waiting        3m16.0s   

running (06m14.9s), 0147/0773 VUs, 126120 complete and 0 interrupted iterations
step_00050 ✓ [ 100% ] 000/020 VUs    30s        50.00 iters/s
step_00100 ✓ [ 100% ] 000/020 VUs    30s        100.00 iters/s
step_00150 ✓ [ 100% ] 000/030 VUs    30s        150.00 iters/s
step_00200 ✓ [ 100% ] 000/040 VUs    30s        200.00 iters/s
step_00250 ✓ [ 100% ] 000/106 VUs    30s        250.00 iters/s
step_00300 ✓ [ 100% ] 000/060 VUs    30s        300.00 iters/s
step_00350 ✓ [ 100% ] 0000/0070 VUs  30s        350.00 iters/s
step_00400 ✓ [ 100% ] 0000/0080 VUs  30s        400.00 iters/s
step_00450 ✓ [ 100% ] 0000/0090 VUs  30s        450.00 iters/s
step_00500 ✓ [ 100% ] 0000/0219 VUs  30s        500.00 iters/s
step_00550 ✓ [ 100% ] 0000/0110 VUs  30s        550.00 iters/s
step_00600 ✓ [ 100% ] 0000/0257 VUs  30s        600.00 iters/s
step_00650   [  50% ] 0147/0201 VUs  15.0s/30s  650.00 iters/s
step_00700 • [   0% ] waiting        0m15.0s   
step_00750 • [   0% ] waiting        0m45.0s   
step_00800 • [   0% ] waiting        1m15.0s   
step_00850 • [   0% ] waiting        1m45.0s   
step_00900 • [   0% ] waiting        2m15.0s   
step_00950 • [   0% ] waiting        2m45.0s   
step_01000 • [   0% ] waiting        3m15.0s   

running (06m15.9s), 0111/0773 VUs, 126806 complete and 0 interrupted iterations
step_00050 ✓ [ 100% ] 000/020 VUs    30s        50.00 iters/s
step_00100 ✓ [ 100% ] 000/020 VUs    30s        100.00 iters/s
step_00150 ✓ [ 100% ] 000/030 VUs    30s        150.00 iters/s
step_00200 ✓ [ 100% ] 000/040 VUs    30s        200.00 iters/s
step_00250 ✓ [ 100% ] 000/106 VUs    30s        250.00 iters/s
step_00300 ✓ [ 100% ] 000/060 VUs    30s        300.00 iters/s
step_00350 ✓ [ 100% ] 0000/0070 VUs  30s        350.00 iters/s
step_00400 ✓ [ 100% ] 0000/0080 VUs  30s        400.00 iters/s
step_00450 ✓ [ 100% ] 0000/0090 VUs  30s        450.00 iters/s
step_00500 ✓ [ 100% ] 0000/0219 VUs  30s        500.00 iters/s
step_00550 ✓ [ 100% ] 0000/0110 VUs  30s        550.00 iters/s
step_00600 ✓ [ 100% ] 0000/0257 VUs  30s        600.00 iters/s
step_00650   [  53% ] 0112/0201 VUs  16.0s/30s  650.00 iters/s
step_00700 • [   0% ] waiting        0m14.0s   
step_00750 • [   0% ] waiting        0m44.0s   
step_00800 • [   0% ] waiting        1m14.0s   
step_00850 • [   0% ] waiting        1m44.0s   
step_00900 • [   0% ] waiting        2m14.0s   
step_00950 • [   0% ] waiting        2m44.0s   
step_01000 • [   0% ] waiting        3m14.0s   

running (06m16.9s), 0001/0773 VUs, 127566 complete and 0 interrupted iterations
step_00050 ✓ [ 100% ] 000/020 VUs    30s        50.00 iters/s
step_00100 ✓ [ 100% ] 000/020 VUs    30s        100.00 iters/s
step_00150 ✓ [ 100% ] 000/030 VUs    30s        150.00 iters/s
step_00200 ✓ [ 100% ] 000/040 VUs    30s        200.00 iters/s
step_00250 ✓ [ 100% ] 000/106 VUs    30s        250.00 iters/s
step_00300 ✓ [ 100% ] 000/060 VUs    30s        300.00 iters/s
step_00350 ✓ [ 100% ] 0000/0070 VUs  30s        350.00 iters/s
step_00400 ✓ [ 100% ] 0000/0080 VUs  30s        400.00 iters/s
step_00450 ✓ [ 100% ] 0000/0090 VUs  30s        450.00 iters/s
step_00500 ✓ [ 100% ] 0000/0219 VUs  30s        500.00 iters/s
step_00550 ✓ [ 100% ] 0000/0110 VUs  30s        550.00 iters/s
step_00600 ✓ [ 100% ] 0000/0257 VUs  30s        600.00 iters/s
step_00650   [  57% ] 0001/0201 VUs  17.0s/30s  650.00 iters/s
step_00700 • [   0% ] waiting        0m13.0s   
step_00750 • [   0% ] waiting        0m43.0s   
step_00800 • [   0% ] waiting        1m13.0s   
step_00850 • [   0% ] waiting        1m43.0s   
step_00900 • [   0% ] waiting        2m13.0s   
step_00950 • [   0% ] waiting        2m43.0s   
step_01000 • [   0% ] waiting        3m13.0s   

running (06m17.9s), 0002/0773 VUs, 128216 complete and 0 interrupted iterations
step_00050 ✓ [ 100% ] 000/020 VUs    30s        50.00 iters/s
step_00100 ✓ [ 100% ] 000/020 VUs    30s        100.00 iters/s
step_00150 ✓ [ 100% ] 000/030 VUs    30s        150.00 iters/s
step_00200 ✓ [ 100% ] 000/040 VUs    30s        200.00 iters/s
step_00250 ✓ [ 100% ] 000/106 VUs    30s        250.00 iters/s
step_00300 ✓ [ 100% ] 000/060 VUs    30s        300.00 iters/s
step_00350 ✓ [ 100% ] 0000/0070 VUs  30s        350.00 iters/s
step_00400 ✓ [ 100% ] 0000/0080 VUs  30s        400.00 iters/s
step_00450 ✓ [ 100% ] 0000/0090 VUs  30s        450.00 iters/s
step_00500 ✓ [ 100% ] 0000/0219 VUs  30s        500.00 iters/s
step_00550 ✓ [ 100% ] 0000/0110 VUs  30s        550.00 iters/s
step_00600 ✓ [ 100% ] 0000/0257 VUs  30s        600.00 iters/s
step_00650   [  60% ] 0002/0201 VUs  18.0s/30s  650.00 iters/s
step_00700 • [   0% ] waiting        0m12.0s   
step_00750 • [   0% ] waiting        0m42.0s   
step_00800 • [   0% ] waiting        1m12.0s   
step_00850 • [   0% ] waiting        1m42.0s   
step_00900 • [   0% ] waiting        2m12.0s   
step_00950 • [   0% ] waiting        2m42.0s   
step_01000 • [   0% ] waiting        3m12.0s   

running (06m18.9s), 0001/0773 VUs, 128866 complete and 0 interrupted iterations
step_00050 ✓ [ 100% ] 000/020 VUs    30s        50.00 iters/s
step_00100 ✓ [ 100% ] 000/020 VUs    30s        100.00 iters/s
step_00150 ✓ [ 100% ] 000/030 VUs    30s        150.00 iters/s
step_00200 ✓ [ 100% ] 000/040 VUs    30s        200.00 iters/s
step_00250 ✓ [ 100% ] 000/106 VUs    30s        250.00 iters/s
step_00300 ✓ [ 100% ] 000/060 VUs    30s        300.00 iters/s
step_00350 ✓ [ 100% ] 0000/0070 VUs  30s        350.00 iters/s
step_00400 ✓ [ 100% ] 0000/0080 VUs  30s        400.00 iters/s
step_00450 ✓ [ 100% ] 0000/0090 VUs  30s        450.00 iters/s
step_00500 ✓ [ 100% ] 0000/0219 VUs  30s        500.00 iters/s
step_00550 ✓ [ 100% ] 0000/0110 VUs  30s        550.00 iters/s
step_00600 ✓ [ 100% ] 0000/0257 VUs  30s        600.00 iters/s
step_00650   [  63% ] 0001/0201 VUs  19.0s/30s  650.00 iters/s
step_00700 • [   0% ] waiting        0m11.0s   
step_00750 • [   0% ] waiting        0m41.0s   
step_00800 • [   0% ] waiting        1m11.0s   
step_00850 • [   0% ] waiting        1m41.0s   
step_00900 • [   0% ] waiting        2m11.0s   
step_00950 • [   0% ] waiting        2m41.0s   
step_01000 • [   0% ] waiting        3m11.0s   

running (06m19.9s), 0001/0773 VUs, 129516 complete and 0 interrupted iterations
step_00050 ✓ [ 100% ] 000/020 VUs    30s        50.00 iters/s
step_00100 ✓ [ 100% ] 000/020 VUs    30s        100.00 iters/s
step_00150 ✓ [ 100% ] 000/030 VUs    30s        150.00 iters/s
step_00200 ✓ [ 100% ] 000/040 VUs    30s        200.00 iters/s
step_00250 ✓ [ 100% ] 000/106 VUs    30s        250.00 iters/s
step_00300 ✓ [ 100% ] 000/060 VUs    30s        300.00 iters/s
step_00350 ✓ [ 100% ] 0000/0070 VUs  30s        350.00 iters/s
step_00400 ✓ [ 100% ] 0000/0080 VUs  30s        400.00 iters/s
step_00450 ✓ [ 100% ] 0000/0090 VUs  30s        450.00 iters/s
step_00500 ✓ [ 100% ] 0000/0219 VUs  30s        500.00 iters/s
step_00550 ✓ [ 100% ] 0000/0110 VUs  30s        550.00 iters/s
step_00600 ✓ [ 100% ] 0000/0257 VUs  30s        600.00 iters/s
step_00650   [  67% ] 0001/0201 VUs  20.0s/30s  650.00 iters/s
step_00700 • [   0% ] waiting        0m10.0s   
step_00750 • [   0% ] waiting        0m40.0s   
step_00800 • [   0% ] waiting        1m10.0s   
step_00850 • [   0% ] waiting        1m40.0s   
step_00900 • [   0% ] waiting        2m10.0s   
step_00950 • [   0% ] waiting        2m40.0s   
step_01000 • [   0% ] waiting        3m10.0s   

running (06m20.9s), 0001/0773 VUs, 130166 complete and 0 interrupted iterations
step_00050 ✓ [ 100% ] 000/020 VUs    30s        50.00 iters/s
step_00100 ✓ [ 100% ] 000/020 VUs    30s        100.00 iters/s
step_00150 ✓ [ 100% ] 000/030 VUs    30s        150.00 iters/s
step_00200 ✓ [ 100% ] 000/040 VUs    30s        200.00 iters/s
step_00250 ✓ [ 100% ] 000/106 VUs    30s        250.00 iters/s
step_00300 ✓ [ 100% ] 000/060 VUs    30s        300.00 iters/s
step_00350 ✓ [ 100% ] 0000/0070 VUs  30s        350.00 iters/s
step_00400 ✓ [ 100% ] 0000/0080 VUs  30s        400.00 iters/s
step_00450 ✓ [ 100% ] 0000/0090 VUs  30s        450.00 iters/s
step_00500 ✓ [ 100% ] 0000/0219 VUs  30s        500.00 iters/s
step_00550 ✓ [ 100% ] 0000/0110 VUs  30s        550.00 iters/s
step_00600 ✓ [ 100% ] 0000/0257 VUs  30s        600.00 iters/s
step_00650   [  70% ] 0001/0201 VUs  21.0s/30s  650.00 iters/s
step_00700 • [   0% ] waiting        0m09.0s   
step_00750 • [   0% ] waiting        0m39.0s   
step_00800 • [   0% ] waiting        1m09.0s   
step_00850 • [   0% ] waiting        1m39.0s   
step_00900 • [   0% ] waiting        2m09.0s   
step_00950 • [   0% ] waiting        2m39.0s   
step_01000 • [   0% ] waiting        3m09.0s   

running (06m21.9s), 0033/0773 VUs, 130784 complete and 0 interrupted iterations
step_00050 ✓ [ 100% ] 000/020 VUs    30s        50.00 iters/s
step_00100 ✓ [ 100% ] 000/020 VUs    30s        100.00 iters/s
step_00150 ✓ [ 100% ] 000/030 VUs    30s        150.00 iters/s
step_00200 ✓ [ 100% ] 000/040 VUs    30s        200.00 iters/s
step_00250 ✓ [ 100% ] 000/106 VUs    30s        250.00 iters/s
step_00300 ✓ [ 100% ] 000/060 VUs    30s        300.00 iters/s
step_00350 ✓ [ 100% ] 0000/0070 VUs  30s        350.00 iters/s
step_00400 ✓ [ 100% ] 0000/0080 VUs  30s        400.00 iters/s
step_00450 ✓ [ 100% ] 0000/0090 VUs  30s        450.00 iters/s
step_00500 ✓ [ 100% ] 0000/0219 VUs  30s        500.00 iters/s
step_00550 ✓ [ 100% ] 0000/0110 VUs  30s        550.00 iters/s
step_00600 ✓ [ 100% ] 0000/0257 VUs  30s        600.00 iters/s
step_00650   [  73% ] 0033/0201 VUs  22.0s/30s  650.00 iters/s
step_00700 • [   0% ] waiting        0m08.0s   
step_00750 • [   0% ] waiting        0m38.0s   
step_00800 • [   0% ] waiting        1m08.0s   
step_00850 • [   0% ] waiting        1m38.0s   
step_00900 • [   0% ] waiting        2m08.0s   
step_00950 • [   0% ] waiting        2m38.0s   
step_01000 • [   0% ] waiting        3m08.0s   

running (06m22.9s), 0001/0773 VUs, 131466 complete and 0 interrupted iterations
step_00050 ✓ [ 100% ] 000/020 VUs    30s        50.00 iters/s
step_00100 ✓ [ 100% ] 000/020 VUs    30s        100.00 iters/s
step_00150 ✓ [ 100% ] 000/030 VUs    30s        150.00 iters/s
step_00200 ✓ [ 100% ] 000/040 VUs    30s        200.00 iters/s
step_00250 ✓ [ 100% ] 000/106 VUs    30s        250.00 iters/s
step_00300 ✓ [ 100% ] 000/060 VUs    30s        300.00 iters/s
step_00350 ✓ [ 100% ] 0000/0070 VUs  30s        350.00 iters/s
step_00400 ✓ [ 100% ] 0000/0080 VUs  30s        400.00 iters/s
step_00450 ✓ [ 100% ] 0000/0090 VUs  30s        450.00 iters/s
step_00500 ✓ [ 100% ] 0000/0219 VUs  30s        500.00 iters/s
step_00550 ✓ [ 100% ] 0000/0110 VUs  30s        550.00 iters/s
step_00600 ✓ [ 100% ] 0000/0257 VUs  30s        600.00 iters/s
step_00650   [  77% ] 0001/0201 VUs  23.0s/30s  650.00 iters/s
step_00700 • [   0% ] waiting        0m07.0s   
step_00750 • [   0% ] waiting        0m37.0s   
step_00800 • [   0% ] waiting        1m07.0s   
step_00850 • [   0% ] waiting        1m37.0s   
step_00900 • [   0% ] waiting        2m07.0s   
step_00950 • [   0% ] waiting        2m37.0s   
step_01000 • [   0% ] waiting        3m07.0s   

running (06m23.9s), 0015/0773 VUs, 132102 complete and 0 interrupted iterations
step_00050 ✓ [ 100% ] 000/020 VUs    30s        50.00 iters/s
step_00100 ✓ [ 100% ] 000/020 VUs    30s        100.00 iters/s
step_00150 ✓ [ 100% ] 000/030 VUs    30s        150.00 iters/s
step_00200 ✓ [ 100% ] 000/040 VUs    30s        200.00 iters/s
step_00250 ✓ [ 100% ] 000/106 VUs    30s        250.00 iters/s
step_00300 ✓ [ 100% ] 000/060 VUs    30s        300.00 iters/s
step_00350 ✓ [ 100% ] 0000/0070 VUs  30s        350.00 iters/s
step_00400 ✓ [ 100% ] 0000/0080 VUs  30s        400.00 iters/s
step_00450 ✓ [ 100% ] 0000/0090 VUs  30s        450.00 iters/s
step_00500 ✓ [ 100% ] 0000/0219 VUs  30s        500.00 iters/s
step_00550 ✓ [ 100% ] 0000/0110 VUs  30s        550.00 iters/s
step_00600 ✓ [ 100% ] 0000/0257 VUs  30s        600.00 iters/s
step_00650   [  80% ] 0015/0201 VUs  24.0s/30s  650.00 iters/s
step_00700 • [   0% ] waiting        0m06.0s   
step_00750 • [   0% ] waiting        0m36.0s   
step_00800 • [   0% ] waiting        1m06.0s   
step_00850 • [   0% ] waiting        1m36.0s   
step_00900 • [   0% ] waiting        2m06.0s   
step_00950 • [   0% ] waiting        2m36.0s   
step_01000 • [   0% ] waiting        3m06.0s   

running (06m24.9s), 0133/0773 VUs, 132634 complete and 0 interrupted iterations
step_00050 ✓ [ 100% ] 000/020 VUs    30s        50.00 iters/s
step_00100 ✓ [ 100% ] 000/020 VUs    30s        100.00 iters/s
step_00150 ✓ [ 100% ] 000/030 VUs    30s        150.00 iters/s
step_00200 ✓ [ 100% ] 000/040 VUs    30s        200.00 iters/s
step_00250 ✓ [ 100% ] 000/106 VUs    30s        250.00 iters/s
step_00300 ✓ [ 100% ] 000/060 VUs    30s        300.00 iters/s
step_00350 ✓ [ 100% ] 0000/0070 VUs  30s        350.00 iters/s
step_00400 ✓ [ 100% ] 0000/0080 VUs  30s        400.00 iters/s
step_00450 ✓ [ 100% ] 0000/0090 VUs  30s        450.00 iters/s
step_00500 ✓ [ 100% ] 0000/0219 VUs  30s        500.00 iters/s
step_00550 ✓ [ 100% ] 0000/0110 VUs  30s        550.00 iters/s
step_00600 ✓ [ 100% ] 0000/0257 VUs  30s        600.00 iters/s
step_00650   [  83% ] 0133/0201 VUs  25.0s/30s  650.00 iters/s
step_00700 • [   0% ] waiting        0m05.0s   
step_00750 • [   0% ] waiting        0m35.0s   
step_00800 • [   0% ] waiting        1m05.0s   
step_00850 • [   0% ] waiting        1m35.0s   
step_00900 • [   0% ] waiting        2m05.0s   
step_00950 • [   0% ] waiting        2m35.0s   
step_01000 • [   0% ] waiting        3m05.0s   

running (06m25.9s), 0001/0773 VUs, 133416 complete and 0 interrupted iterations
step_00050 ✓ [ 100% ] 000/020 VUs    30s        50.00 iters/s
step_00100 ✓ [ 100% ] 000/020 VUs    30s        100.00 iters/s
step_00150 ✓ [ 100% ] 000/030 VUs    30s        150.00 iters/s
step_00200 ✓ [ 100% ] 000/040 VUs    30s        200.00 iters/s
step_00250 ✓ [ 100% ] 000/106 VUs    30s        250.00 iters/s
step_00300 ✓ [ 100% ] 000/060 VUs    30s        300.00 iters/s
step_00350 ✓ [ 100% ] 0000/0070 VUs  30s        350.00 iters/s
step_00400 ✓ [ 100% ] 0000/0080 VUs  30s        400.00 iters/s
step_00450 ✓ [ 100% ] 0000/0090 VUs  30s        450.00 iters/s
step_00500 ✓ [ 100% ] 0000/0219 VUs  30s        500.00 iters/s
step_00550 ✓ [ 100% ] 0000/0110 VUs  30s        550.00 iters/s
step_00600 ✓ [ 100% ] 0000/0257 VUs  30s        600.00 iters/s
step_00650   [  87% ] 0001/0201 VUs  26.0s/30s  650.00 iters/s
step_00700 • [   0% ] waiting        0m04.0s   
step_00750 • [   0% ] waiting        0m34.0s   
step_00800 • [   0% ] waiting        1m04.0s   
step_00850 • [   0% ] waiting        1m34.0s   
step_00900 • [   0% ] waiting        2m04.0s   
step_00950 • [   0% ] waiting        2m34.0s   
step_01000 • [   0% ] waiting        3m04.0s   

running (06m26.9s), 0001/0773 VUs, 134066 complete and 0 interrupted iterations
step_00050 ✓ [ 100% ] 000/020 VUs    30s        50.00 iters/s
step_00100 ✓ [ 100% ] 000/020 VUs    30s        100.00 iters/s
step_00150 ✓ [ 100% ] 000/030 VUs    30s        150.00 iters/s
step_00200 ✓ [ 100% ] 000/040 VUs    30s        200.00 iters/s
step_00250 ✓ [ 100% ] 000/106 VUs    30s        250.00 iters/s
step_00300 ✓ [ 100% ] 000/060 VUs    30s        300.00 iters/s
step_00350 ✓ [ 100% ] 0000/0070 VUs  30s        350.00 iters/s
step_00400 ✓ [ 100% ] 0000/0080 VUs  30s        400.00 iters/s
step_00450 ✓ [ 100% ] 0000/0090 VUs  30s        450.00 iters/s
step_00500 ✓ [ 100% ] 0000/0219 VUs  30s        500.00 iters/s
step_00550 ✓ [ 100% ] 0000/0110 VUs  30s        550.00 iters/s
step_00600 ✓ [ 100% ] 0000/0257 VUs  30s        600.00 iters/s
step_00650   [  90% ] 0001/0201 VUs  27.0s/30s  650.00 iters/s
step_00700 • [   0% ] waiting        0m03.0s   
step_00750 • [   0% ] waiting        0m33.0s   
step_00800 • [   0% ] waiting        1m03.0s   
step_00850 • [   0% ] waiting        1m33.0s   
step_00900 • [   0% ] waiting        2m03.0s   
step_00950 • [   0% ] waiting        2m33.0s   
step_01000 • [   0% ] waiting        3m03.0s   

running (06m27.9s), 0001/0773 VUs, 134716 complete and 0 interrupted iterations
step_00050 ✓ [ 100% ] 000/020 VUs    30s        50.00 iters/s
step_00100 ✓ [ 100% ] 000/020 VUs    30s        100.00 iters/s
step_00150 ✓ [ 100% ] 000/030 VUs    30s        150.00 iters/s
step_00200 ✓ [ 100% ] 000/040 VUs    30s        200.00 iters/s
step_00250 ✓ [ 100% ] 000/106 VUs    30s        250.00 iters/s
step_00300 ✓ [ 100% ] 000/060 VUs    30s        300.00 iters/s
step_00350 ✓ [ 100% ] 0000/0070 VUs  30s        350.00 iters/s
step_00400 ✓ [ 100% ] 0000/0080 VUs  30s        400.00 iters/s
step_00450 ✓ [ 100% ] 0000/0090 VUs  30s        450.00 iters/s
step_00500 ✓ [ 100% ] 0000/0219 VUs  30s        500.00 iters/s
step_00550 ✓ [ 100% ] 0000/0110 VUs  30s        550.00 iters/s
step_00600 ✓ [ 100% ] 0000/0257 VUs  30s        600.00 iters/s
step_00650   [  93% ] 0001/0201 VUs  28.0s/30s  650.00 iters/s
step_00700 • [   0% ] waiting        0m02.0s   
step_00750 • [   0% ] waiting        0m32.0s   
step_00800 • [   0% ] waiting        1m02.0s   
step_00850 • [   0% ] waiting        1m32.0s   
step_00900 • [   0% ] waiting        2m02.0s   
step_00950 • [   0% ] waiting        2m32.0s   
step_01000 • [   0% ] waiting        3m02.0s   

running (06m28.9s), 0001/0773 VUs, 135366 complete and 0 interrupted iterations
step_00050 ✓ [ 100% ] 000/020 VUs    30s        50.00 iters/s
step_00100 ✓ [ 100% ] 000/020 VUs    30s        100.00 iters/s
step_00150 ✓ [ 100% ] 000/030 VUs    30s        150.00 iters/s
step_00200 ✓ [ 100% ] 000/040 VUs    30s        200.00 iters/s
step_00250 ✓ [ 100% ] 000/106 VUs    30s        250.00 iters/s
step_00300 ✓ [ 100% ] 000/060 VUs    30s        300.00 iters/s
step_00350 ✓ [ 100% ] 0000/0070 VUs  30s        350.00 iters/s
step_00400 ✓ [ 100% ] 0000/0080 VUs  30s        400.00 iters/s
step_00450 ✓ [ 100% ] 0000/0090 VUs  30s        450.00 iters/s
step_00500 ✓ [ 100% ] 0000/0219 VUs  30s        500.00 iters/s
step_00550 ✓ [ 100% ] 0000/0110 VUs  30s        550.00 iters/s
step_00600 ✓ [ 100% ] 0000/0257 VUs  30s        600.00 iters/s
step_00650   [  97% ] 0001/0201 VUs  29.0s/30s  650.00 iters/s
step_00700 • [   0% ] waiting        0m01.0s   
step_00750 • [   0% ] waiting        0m31.0s   
step_00800 • [   0% ] waiting        1m01.0s   
step_00850 • [   0% ] waiting        1m31.0s   
step_00900 • [   0% ] waiting        2m01.0s   
step_00950 • [   0% ] waiting        2m31.0s   
step_01000 • [   0% ] waiting        3m01.0s   

running (06m29.9s), 0001/0773 VUs, 136016 complete and 0 interrupted iterations
step_00050 ✓ [ 100% ] 000/020 VUs    30s        50.00 iters/s
step_00100 ✓ [ 100% ] 000/020 VUs    30s        100.00 iters/s
step_00150 ✓ [ 100% ] 000/030 VUs    30s        150.00 iters/s
step_00200 ✓ [ 100% ] 000/040 VUs    30s        200.00 iters/s
step_00250 ✓ [ 100% ] 000/106 VUs    30s        250.00 iters/s
step_00300 ✓ [ 100% ] 000/060 VUs    30s        300.00 iters/s
step_00350 ✓ [ 100% ] 0000/0070 VUs  30s        350.00 iters/s
step_00400 ✓ [ 100% ] 0000/0080 VUs  30s        400.00 iters/s
step_00450 ✓ [ 100% ] 0000/0090 VUs  30s        450.00 iters/s
step_00500 ✓ [ 100% ] 0000/0219 VUs  30s        500.00 iters/s
step_00550 ✓ [ 100% ] 0000/0110 VUs  30s        550.00 iters/s
step_00600 ✓ [ 100% ] 0000/0257 VUs  30s        600.00 iters/s
step_00650   [ 100% ] 0001/0201 VUs  30.0s/30s  650.00 iters/s
step_00700 • [   0% ] waiting        0m00.0s   
step_00750 • [   0% ] waiting        0m30.0s   
step_00800 • [   0% ] waiting        1m00.0s   
step_00850 • [   0% ] waiting        1m30.0s   
step_00900 • [   0% ] waiting        2m00.0s   
step_00950 • [   0% ] waiting        2m30.0s   
step_01000 • [   0% ] waiting        3m00.0s   

running (06m30.9s), 0107/0777 VUs, 136603 complete and 0 interrupted iterations
step_00050 ✓ [ 100% ] 000/020 VUs    30s        50.00 iters/s
step_00100 ✓ [ 100% ] 000/020 VUs    30s        100.00 iters/s
step_00150 ✓ [ 100% ] 000/030 VUs    30s        150.00 iters/s
step_00200 ✓ [ 100% ] 000/040 VUs    30s        200.00 iters/s
step_00250 ✓ [ 100% ] 000/106 VUs    30s        250.00 iters/s
step_00300 ✓ [ 100% ] 000/060 VUs    30s        300.00 iters/s
step_00350 ✓ [ 100% ] 0000/0070 VUs  30s        350.00 iters/s
step_00400 ✓ [ 100% ] 0000/0080 VUs  30s        400.00 iters/s
step_00450 ✓ [ 100% ] 0000/0090 VUs  30s        450.00 iters/s
step_00500 ✓ [ 100% ] 0000/0219 VUs  30s        500.00 iters/s
step_00550 ✓ [ 100% ] 0000/0110 VUs  30s        550.00 iters/s
step_00600 ✓ [ 100% ] 0000/0257 VUs  30s        600.00 iters/s
step_00650 ✓ [ 100% ] 0000/0201 VUs  30s        650.00 iters/s
step_00700   [   3% ] 0107/0144 VUs  01.0s/30s  700.00 iters/s
step_00750 • [   0% ] waiting        0m29.0s   
step_00800 • [   0% ] waiting        0m59.0s   
step_00850 • [   0% ] waiting        1m29.0s   
step_00900 • [   0% ] waiting        1m59.0s   
step_00950 • [   0% ] waiting        2m29.0s   
step_01000 • [   0% ] waiting        2m59.0s   

running (06m31.9s), 0172/0805 VUs, 137206 complete and 0 interrupted iterations
step_00050 ✓ [ 100% ] 000/020 VUs    30s        50.00 iters/s
step_00100 ✓ [ 100% ] 000/020 VUs    30s        100.00 iters/s
step_00150 ✓ [ 100% ] 000/030 VUs    30s        150.00 iters/s
step_00200 ✓ [ 100% ] 000/040 VUs    30s        200.00 iters/s
step_00250 ✓ [ 100% ] 000/106 VUs    30s        250.00 iters/s
step_00300 ✓ [ 100% ] 000/060 VUs    30s        300.00 iters/s
step_00350 ✓ [ 100% ] 0000/0070 VUs  30s        350.00 iters/s
step_00400 ✓ [ 100% ] 0000/0080 VUs  30s        400.00 iters/s
step_00450 ✓ [ 100% ] 0000/0090 VUs  30s        450.00 iters/s
step_00500 ✓ [ 100% ] 0000/0219 VUs  30s        500.00 iters/s
step_00550 ✓ [ 100% ] 0000/0110 VUs  30s        550.00 iters/s
step_00600 ✓ [ 100% ] 0000/0257 VUs  30s        600.00 iters/s
step_00650 ✓ [ 100% ] 0000/0201 VUs  30s        650.00 iters/s
step_00700   [   7% ] 0172/0172 VUs  02.0s/30s  700.00 iters/s
step_00750 • [   0% ] waiting        0m28.0s   
step_00800 • [   0% ] waiting        0m58.0s   
step_00850 • [   0% ] waiting        1m28.0s   
step_00900 • [   0% ] waiting        1m58.0s   
step_00950 • [   0% ] waiting        2m28.0s   
step_01000 • [   0% ] waiting        2m58.0s   

running (06m32.9s), 0157/0822 VUs, 137896 complete and 0 interrupted iterations
step_00050 ✓ [ 100% ] 000/020 VUs    30s        50.00 iters/s
step_00100 ✓ [ 100% ] 000/020 VUs    30s        100.00 iters/s
step_00150 ✓ [ 100% ] 000/030 VUs    30s        150.00 iters/s
step_00200 ✓ [ 100% ] 000/040 VUs    30s        200.00 iters/s
step_00250 ✓ [ 100% ] 000/106 VUs    30s        250.00 iters/s
step_00300 ✓ [ 100% ] 000/060 VUs    30s        300.00 iters/s
step_00350 ✓ [ 100% ] 0000/0070 VUs  30s        350.00 iters/s
step_00400 ✓ [ 100% ] 0000/0080 VUs  30s        400.00 iters/s
step_00450 ✓ [ 100% ] 0000/0090 VUs  30s        450.00 iters/s
step_00500 ✓ [ 100% ] 0000/0219 VUs  30s        500.00 iters/s
step_00550 ✓ [ 100% ] 0000/0110 VUs  30s        550.00 iters/s
step_00600 ✓ [ 100% ] 0000/0257 VUs  30s        600.00 iters/s
step_00650 ✓ [ 100% ] 0000/0201 VUs  30s        650.00 iters/s
step_00700   [  10% ] 0157/0189 VUs  03.0s/30s  700.00 iters/s
step_00750 • [   0% ] waiting        0m27.0s   
step_00800 • [   0% ] waiting        0m57.0s   
step_00850 • [   0% ] waiting        1m27.0s   
step_00900 • [   0% ] waiting        1m57.0s   
step_00950 • [   0% ] waiting        2m27.0s   
step_01000 • [   0% ] waiting        2m57.0s   

running (06m33.9s), 0194/0840 VUs, 138539 complete and 0 interrupted iterations
step_00050 ✓ [ 100% ] 000/020 VUs    30s        50.00 iters/s
step_00100 ✓ [ 100% ] 000/020 VUs    30s        100.00 iters/s
step_00150 ✓ [ 100% ] 000/030 VUs    30s        150.00 iters/s
step_00200 ✓ [ 100% ] 000/040 VUs    30s        200.00 iters/s
step_00250 ✓ [ 100% ] 000/106 VUs    30s        250.00 iters/s
step_00300 ✓ [ 100% ] 000/060 VUs    30s        300.00 iters/s
step_00350 ✓ [ 100% ] 0000/0070 VUs  30s        350.00 iters/s
step_00400 ✓ [ 100% ] 0000/0080 VUs  30s        400.00 iters/s
step_00450 ✓ [ 100% ] 0000/0090 VUs  30s        450.00 iters/s
step_00500 ✓ [ 100% ] 0000/0219 VUs  30s        500.00 iters/s
step_00550 ✓ [ 100% ] 0000/0110 VUs  30s        550.00 iters/s
step_00600 ✓ [ 100% ] 0000/0257 VUs  30s        600.00 iters/s
step_00650 ✓ [ 100% ] 0000/0201 VUs  30s        650.00 iters/s
step_00700   [  13% ] 0194/0207 VUs  04.0s/30s  700.00 iters/s
step_00750 • [   0% ] waiting        0m26.0s   
step_00800 • [   0% ] waiting        0m56.0s   
step_00850 • [   0% ] waiting        1m26.0s   
step_00900 • [   0% ] waiting        1m56.0s   
step_00950 • [   0% ] waiting        2m26.0s   
step_01000 • [   0% ] waiting        2m56.0s   

running (06m34.9s), 0209/0846 VUs, 139218 complete and 0 interrupted iterations
step_00050 ✓ [ 100% ] 000/020 VUs    30s        50.00 iters/s
step_00100 ✓ [ 100% ] 000/020 VUs    30s        100.00 iters/s
step_00150 ✓ [ 100% ] 000/030 VUs    30s        150.00 iters/s
step_00200 ✓ [ 100% ] 000/040 VUs    30s        200.00 iters/s
step_00250 ✓ [ 100% ] 000/106 VUs    30s        250.00 iters/s
step_00300 ✓ [ 100% ] 000/060 VUs    30s        300.00 iters/s
step_00350 ✓ [ 100% ] 0000/0070 VUs  30s        350.00 iters/s
step_00400 ✓ [ 100% ] 0000/0080 VUs  30s        400.00 iters/s
step_00450 ✓ [ 100% ] 0000/0090 VUs  30s        450.00 iters/s
step_00500 ✓ [ 100% ] 0000/0219 VUs  30s        500.00 iters/s
step_00550 ✓ [ 100% ] 0000/0110 VUs  30s        550.00 iters/s
step_00600 ✓ [ 100% ] 0000/0257 VUs  30s        600.00 iters/s
step_00650 ✓ [ 100% ] 0000/0201 VUs  30s        650.00 iters/s
step_00700   [  17% ] 0209/0213 VUs  05.0s/30s  700.00 iters/s
step_00750 • [   0% ] waiting        0m25.0s   
step_00800 • [   0% ] waiting        0m55.0s   
step_00850 • [   0% ] waiting        1m25.0s   
step_00900 • [   0% ] waiting        1m55.0s   
step_00950 • [   0% ] waiting        2m25.0s   
step_01000 • [   0% ] waiting        2m55.0s   

running (06m35.9s), 0001/0847 VUs, 140125 complete and 0 interrupted iterations
step_00050 ✓ [ 100% ] 000/020 VUs    30s        50.00 iters/s
step_00100 ✓ [ 100% ] 000/020 VUs    30s        100.00 iters/s
step_00150 ✓ [ 100% ] 000/030 VUs    30s        150.00 iters/s
step_00200 ✓ [ 100% ] 000/040 VUs    30s        200.00 iters/s
step_00250 ✓ [ 100% ] 000/106 VUs    30s        250.00 iters/s
step_00300 ✓ [ 100% ] 000/060 VUs    30s        300.00 iters/s
step_00350 ✓ [ 100% ] 0000/0070 VUs  30s        350.00 iters/s
step_00400 ✓ [ 100% ] 0000/0080 VUs  30s        400.00 iters/s
step_00450 ✓ [ 100% ] 0000/0090 VUs  30s        450.00 iters/s
step_00500 ✓ [ 100% ] 0000/0219 VUs  30s        500.00 iters/s
step_00550 ✓ [ 100% ] 0000/0110 VUs  30s        550.00 iters/s
step_00600 ✓ [ 100% ] 0000/0257 VUs  30s        600.00 iters/s
step_00650 ✓ [ 100% ] 0000/0201 VUs  30s        650.00 iters/s
step_00700   [  20% ] 0001/0214 VUs  06.0s/30s  700.00 iters/s
step_00750 • [   0% ] waiting        0m24.0s   
step_00800 • [   0% ] waiting        0m54.0s   
step_00850 • [   0% ] waiting        1m24.0s   
step_00900 • [   0% ] waiting        1m54.0s   
step_00950 • [   0% ] waiting        2m24.0s   
step_01000 • [   0% ] waiting        2m54.0s   

running (06m36.9s), 0001/0847 VUs, 140825 complete and 0 interrupted iterations
step_00050 ✓ [ 100% ] 000/020 VUs    30s        50.00 iters/s
step_00100 ✓ [ 100% ] 000/020 VUs    30s        100.00 iters/s
step_00150 ✓ [ 100% ] 000/030 VUs    30s        150.00 iters/s
step_00200 ✓ [ 100% ] 000/040 VUs    30s        200.00 iters/s
step_00250 ✓ [ 100% ] 000/106 VUs    30s        250.00 iters/s
step_00300 ✓ [ 100% ] 000/060 VUs    30s        300.00 iters/s
step_00350 ✓ [ 100% ] 0000/0070 VUs  30s        350.00 iters/s
step_00400 ✓ [ 100% ] 0000/0080 VUs  30s        400.00 iters/s
step_00450 ✓ [ 100% ] 0000/0090 VUs  30s        450.00 iters/s
step_00500 ✓ [ 100% ] 0000/0219 VUs  30s        500.00 iters/s
step_00550 ✓ [ 100% ] 0000/0110 VUs  30s        550.00 iters/s
step_00600 ✓ [ 100% ] 0000/0257 VUs  30s        600.00 iters/s
step_00650 ✓ [ 100% ] 0000/0201 VUs  30s        650.00 iters/s
step_00700   [  23% ] 0001/0214 VUs  07.0s/30s  700.00 iters/s
step_00750 • [   0% ] waiting        0m23.0s   
step_00800 • [   0% ] waiting        0m53.0s   
step_00850 • [   0% ] waiting        1m23.0s   
step_00900 • [   0% ] waiting        1m53.0s   
step_00950 • [   0% ] waiting        2m23.0s   
step_01000 • [   0% ] waiting        2m53.0s   

running (06m37.9s), 0002/0847 VUs, 141524 complete and 0 interrupted iterations
step_00050 ✓ [ 100% ] 000/020 VUs    30s        50.00 iters/s
step_00100 ✓ [ 100% ] 000/020 VUs    30s        100.00 iters/s
step_00150 ✓ [ 100% ] 000/030 VUs    30s        150.00 iters/s
step_00200 ✓ [ 100% ] 000/040 VUs    30s        200.00 iters/s
step_00250 ✓ [ 100% ] 000/106 VUs    30s        250.00 iters/s
step_00300 ✓ [ 100% ] 000/060 VUs    30s        300.00 iters/s
step_00350 ✓ [ 100% ] 0000/0070 VUs  30s        350.00 iters/s
step_00400 ✓ [ 100% ] 0000/0080 VUs  30s        400.00 iters/s
step_00450 ✓ [ 100% ] 0000/0090 VUs  30s        450.00 iters/s
step_00500 ✓ [ 100% ] 0000/0219 VUs  30s        500.00 iters/s
step_00550 ✓ [ 100% ] 0000/0110 VUs  30s        550.00 iters/s
step_00600 ✓ [ 100% ] 0000/0257 VUs  30s        600.00 iters/s
step_00650 ✓ [ 100% ] 0000/0201 VUs  30s        650.00 iters/s
step_00700   [  27% ] 0002/0214 VUs  08.0s/30s  700.00 iters/s
step_00750 • [   0% ] waiting        0m22.0s   
step_00800 • [   0% ] waiting        0m52.0s   
step_00850 • [   0% ] waiting        1m22.0s   
step_00900 • [   0% ] waiting        1m52.0s   
step_00950 • [   0% ] waiting        2m22.0s   
step_01000 • [   0% ] waiting        2m52.0s   

running (06m38.9s), 0002/0847 VUs, 142224 complete and 0 interrupted iterations
step_00050 ✓ [ 100% ] 000/020 VUs    30s        50.00 iters/s
step_00100 ✓ [ 100% ] 000/020 VUs    30s        100.00 iters/s
step_00150 ✓ [ 100% ] 000/030 VUs    30s        150.00 iters/s
step_00200 ✓ [ 100% ] 000/040 VUs    30s        200.00 iters/s
step_00250 ✓ [ 100% ] 000/106 VUs    30s        250.00 iters/s
step_00300 ✓ [ 100% ] 000/060 VUs    30s        300.00 iters/s
step_00350 ✓ [ 100% ] 0000/0070 VUs  30s        350.00 iters/s
step_00400 ✓ [ 100% ] 0000/0080 VUs  30s        400.00 iters/s
step_00450 ✓ [ 100% ] 0000/0090 VUs  30s        450.00 iters/s
step_00500 ✓ [ 100% ] 0000/0219 VUs  30s        500.00 iters/s
step_00550 ✓ [ 100% ] 0000/0110 VUs  30s        550.00 iters/s
step_00600 ✓ [ 100% ] 0000/0257 VUs  30s        600.00 iters/s
step_00650 ✓ [ 100% ] 0000/0201 VUs  30s        650.00 iters/s
step_00700   [  30% ] 0001/0214 VUs  09.0s/30s  700.00 iters/s
step_00750 • [   0% ] waiting        0m21.0s   
step_00800 • [   0% ] waiting        0m51.0s   
step_00850 • [   0% ] waiting        1m21.0s   
step_00900 • [   0% ] waiting        1m51.0s   
step_00950 • [   0% ] waiting        2m21.0s   
step_01000 • [   0% ] waiting        2m51.0s   

running (06m39.9s), 0002/0847 VUs, 142924 complete and 0 interrupted iterations
step_00050 ✓ [ 100% ] 000/020 VUs    30s        50.00 iters/s
step_00100 ✓ [ 100% ] 000/020 VUs    30s        100.00 iters/s
step_00150 ✓ [ 100% ] 000/030 VUs    30s        150.00 iters/s
step_00200 ✓ [ 100% ] 000/040 VUs    30s        200.00 iters/s
step_00250 ✓ [ 100% ] 000/106 VUs    30s        250.00 iters/s
step_00300 ✓ [ 100% ] 000/060 VUs    30s        300.00 iters/s
step_00350 ✓ [ 100% ] 0000/0070 VUs  30s        350.00 iters/s
step_00400 ✓ [ 100% ] 0000/0080 VUs  30s        400.00 iters/s
step_00450 ✓ [ 100% ] 0000/0090 VUs  30s        450.00 iters/s
step_00500 ✓ [ 100% ] 0000/0219 VUs  30s        500.00 iters/s
step_00550 ✓ [ 100% ] 0000/0110 VUs  30s        550.00 iters/s
step_00600 ✓ [ 100% ] 0000/0257 VUs  30s        600.00 iters/s
step_00650 ✓ [ 100% ] 0000/0201 VUs  30s        650.00 iters/s
step_00700   [  33% ] 0002/0214 VUs  10.0s/30s  700.00 iters/s
step_00750 • [   0% ] waiting        0m20.0s   
step_00800 • [   0% ] waiting        0m50.0s   
step_00850 • [   0% ] waiting        1m20.0s   
step_00900 • [   0% ] waiting        1m50.0s   
step_00950 • [   0% ] waiting        2m20.0s   
step_01000 • [   0% ] waiting        2m50.0s   

running (06m40.9s), 0002/0847 VUs, 143624 complete and 0 interrupted iterations
step_00050 ✓ [ 100% ] 000/020 VUs    30s        50.00 iters/s
step_00100 ✓ [ 100% ] 000/020 VUs    30s        100.00 iters/s
step_00150 ✓ [ 100% ] 000/030 VUs    30s        150.00 iters/s
step_00200 ✓ [ 100% ] 000/040 VUs    30s        200.00 iters/s
step_00250 ✓ [ 100% ] 000/106 VUs    30s        250.00 iters/s
step_00300 ✓ [ 100% ] 000/060 VUs    30s        300.00 iters/s
step_00350 ✓ [ 100% ] 0000/0070 VUs  30s        350.00 iters/s
step_00400 ✓ [ 100% ] 0000/0080 VUs  30s        400.00 iters/s
step_00450 ✓ [ 100% ] 0000/0090 VUs  30s        450.00 iters/s
step_00500 ✓ [ 100% ] 0000/0219 VUs  30s        500.00 iters/s
step_00550 ✓ [ 100% ] 0000/0110 VUs  30s        550.00 iters/s
step_00600 ✓ [ 100% ] 0000/0257 VUs  30s        600.00 iters/s
step_00650 ✓ [ 100% ] 0000/0201 VUs  30s        650.00 iters/s
step_00700   [  37% ] 0002/0214 VUs  11.0s/30s  700.00 iters/s
step_00750 • [   0% ] waiting        0m19.0s   
step_00800 • [   0% ] waiting        0m49.0s   
step_00850 • [   0% ] waiting        1m19.0s   
step_00900 • [   0% ] waiting        1m49.0s   
step_00950 • [   0% ] waiting        2m19.0s   
step_01000 • [   0% ] waiting        2m49.0s   

running (06m41.9s), 0004/0847 VUs, 144322 complete and 0 interrupted iterations
step_00050 ✓ [ 100% ] 000/020 VUs    30s        50.00 iters/s
step_00100 ✓ [ 100% ] 000/020 VUs    30s        100.00 iters/s
step_00150 ✓ [ 100% ] 000/030 VUs    30s        150.00 iters/s
step_00200 ✓ [ 100% ] 000/040 VUs    30s        200.00 iters/s
step_00250 ✓ [ 100% ] 000/106 VUs    30s        250.00 iters/s
step_00300 ✓ [ 100% ] 000/060 VUs    30s        300.00 iters/s
step_00350 ✓ [ 100% ] 0000/0070 VUs  30s        350.00 iters/s
step_00400 ✓ [ 100% ] 0000/0080 VUs  30s        400.00 iters/s
step_00450 ✓ [ 100% ] 0000/0090 VUs  30s        450.00 iters/s
step_00500 ✓ [ 100% ] 0000/0219 VUs  30s        500.00 iters/s
step_00550 ✓ [ 100% ] 0000/0110 VUs  30s        550.00 iters/s
step_00600 ✓ [ 100% ] 0000/0257 VUs  30s        600.00 iters/s
step_00650 ✓ [ 100% ] 0000/0201 VUs  30s        650.00 iters/s
step_00700   [  40% ] 0004/0214 VUs  12.0s/30s  700.00 iters/s
step_00750 • [   0% ] waiting        0m18.0s   
step_00800 • [   0% ] waiting        0m48.0s   
step_00850 • [   0% ] waiting        1m18.0s   
step_00900 • [   0% ] waiting        1m48.0s   
step_00950 • [   0% ] waiting        2m18.0s   
step_01000 • [   0% ] waiting        2m48.0s   

running (06m42.9s), 0003/0847 VUs, 145023 complete and 0 interrupted iterations
step_00050 ✓ [ 100% ] 000/020 VUs    30s        50.00 iters/s
step_00100 ✓ [ 100% ] 000/020 VUs    30s        100.00 iters/s
step_00150 ✓ [ 100% ] 000/030 VUs    30s        150.00 iters/s
step_00200 ✓ [ 100% ] 000/040 VUs    30s        200.00 iters/s
step_00250 ✓ [ 100% ] 000/106 VUs    30s        250.00 iters/s
step_00300 ✓ [ 100% ] 000/060 VUs    30s        300.00 iters/s
step_00350 ✓ [ 100% ] 0000/0070 VUs  30s        350.00 iters/s
step_00400 ✓ [ 100% ] 0000/0080 VUs  30s        400.00 iters/s
step_00450 ✓ [ 100% ] 0000/0090 VUs  30s        450.00 iters/s
step_00500 ✓ [ 100% ] 0000/0219 VUs  30s        500.00 iters/s
step_00550 ✓ [ 100% ] 0000/0110 VUs  30s        550.00 iters/s
step_00600 ✓ [ 100% ] 0000/0257 VUs  30s        600.00 iters/s
step_00650 ✓ [ 100% ] 0000/0201 VUs  30s        650.00 iters/s
step_00700   [  43% ] 0003/0214 VUs  13.0s/30s  700.00 iters/s
step_00750 • [   0% ] waiting        0m17.0s   
step_00800 • [   0% ] waiting        0m47.0s   
step_00850 • [   0% ] waiting        1m17.0s   
step_00900 • [   0% ] waiting        1m47.0s   
step_00950 • [   0% ] waiting        2m17.0s   
step_01000 • [   0% ] waiting        2m47.0s   

running (06m43.9s), 0123/0847 VUs, 145603 complete and 0 interrupted iterations
step_00050 ✓ [ 100% ] 000/020 VUs    30s        50.00 iters/s
step_00100 ✓ [ 100% ] 000/020 VUs    30s        100.00 iters/s
step_00150 ✓ [ 100% ] 000/030 VUs    30s        150.00 iters/s
step_00200 ✓ [ 100% ] 000/040 VUs    30s        200.00 iters/s
step_00250 ✓ [ 100% ] 000/106 VUs    30s        250.00 iters/s
step_00300 ✓ [ 100% ] 000/060 VUs    30s        300.00 iters/s
step_00350 ✓ [ 100% ] 0000/0070 VUs  30s        350.00 iters/s
step_00400 ✓ [ 100% ] 0000/0080 VUs  30s        400.00 iters/s
step_00450 ✓ [ 100% ] 0000/0090 VUs  30s        450.00 iters/s
step_00500 ✓ [ 100% ] 0000/0219 VUs  30s        500.00 iters/s
step_00550 ✓ [ 100% ] 0000/0110 VUs  30s        550.00 iters/s
step_00600 ✓ [ 100% ] 0000/0257 VUs  30s        600.00 iters/s
step_00650 ✓ [ 100% ] 0000/0201 VUs  30s        650.00 iters/s
step_00700   [  47% ] 0123/0214 VUs  14.0s/30s  700.00 iters/s
step_00750 • [   0% ] waiting        0m16.0s   
step_00800 • [   0% ] waiting        0m46.0s   
step_00850 • [   0% ] waiting        1m16.0s   
step_00900 • [   0% ] waiting        1m46.0s   
step_00950 • [   0% ] waiting        2m16.0s   
step_01000 • [   0% ] waiting        2m46.0s   

running (06m44.9s), 0292/0926 VUs, 146007 complete and 0 interrupted iterations
step_00050 ✓ [ 100% ] 000/020 VUs    30s        50.00 iters/s
step_00100 ✓ [ 100% ] 000/020 VUs    30s        100.00 iters/s
step_00150 ✓ [ 100% ] 000/030 VUs    30s        150.00 iters/s
step_00200 ✓ [ 100% ] 000/040 VUs    30s        200.00 iters/s
step_00250 ✓ [ 100% ] 000/106 VUs    30s        250.00 iters/s
step_00300 ✓ [ 100% ] 000/060 VUs    30s        300.00 iters/s
step_00350 ✓ [ 100% ] 0000/0070 VUs  30s        350.00 iters/s
step_00400 ✓ [ 100% ] 0000/0080 VUs  30s        400.00 iters/s
step_00450 ✓ [ 100% ] 0000/0090 VUs  30s        450.00 iters/s
step_00500 ✓ [ 100% ] 0000/0219 VUs  30s        500.00 iters/s
step_00550 ✓ [ 100% ] 0000/0110 VUs  30s        550.00 iters/s
step_00600 ✓ [ 100% ] 0000/0257 VUs  30s        600.00 iters/s
step_00650 ✓ [ 100% ] 0000/0201 VUs  30s        650.00 iters/s
step_00700   [  50% ] 0292/0293 VUs  15.0s/30s  700.00 iters/s
step_00750 • [   0% ] waiting        0m15.0s   
step_00800 • [   0% ] waiting        0m45.0s   
step_00850 • [   0% ] waiting        1m15.0s   
step_00900 • [   0% ] waiting        1m45.0s   
step_00950 • [   0% ] waiting        2m15.0s   
step_01000 • [   0% ] waiting        2m45.0s   

running (06m45.9s), 0340/0977 VUs, 146562 complete and 0 interrupted iterations
step_00050 ✓ [ 100% ] 000/020 VUs    30s        50.00 iters/s
step_00100 ✓ [ 100% ] 000/020 VUs    30s        100.00 iters/s
step_00150 ✓ [ 100% ] 000/030 VUs    30s        150.00 iters/s
step_00200 ✓ [ 100% ] 000/040 VUs    30s        200.00 iters/s
step_00250 ✓ [ 100% ] 000/106 VUs    30s        250.00 iters/s
step_00300 ✓ [ 100% ] 000/060 VUs    30s        300.00 iters/s
step_00350 ✓ [ 100% ] 0000/0070 VUs  30s        350.00 iters/s
step_00400 ✓ [ 100% ] 0000/0080 VUs  30s        400.00 iters/s
step_00450 ✓ [ 100% ] 0000/0090 VUs  30s        450.00 iters/s
step_00500 ✓ [ 100% ] 0000/0219 VUs  30s        500.00 iters/s
step_00550 ✓ [ 100% ] 0000/0110 VUs  30s        550.00 iters/s
step_00600 ✓ [ 100% ] 0000/0257 VUs  30s        600.00 iters/s
step_00650 ✓ [ 100% ] 0000/0201 VUs  30s        650.00 iters/s
step_00700   [  53% ] 0340/0344 VUs  16.0s/30s  700.00 iters/s
step_00750 • [   0% ] waiting        0m14.0s   
step_00800 • [   0% ] waiting        0m44.0s   
step_00850 • [   0% ] waiting        1m14.0s   
step_00900 • [   0% ] waiting        1m44.0s   
step_00950 • [   0% ] waiting        2m14.0s   
step_01000 • [   0% ] waiting        2m44.0s   

running (06m46.9s), 0227/0989 VUs, 147363 complete and 0 interrupted iterations
step_00050 ✓ [ 100% ] 000/020 VUs    30s        50.00 iters/s
step_00100 ✓ [ 100% ] 000/020 VUs    30s        100.00 iters/s
step_00150 ✓ [ 100% ] 000/030 VUs    30s        150.00 iters/s
step_00200 ✓ [ 100% ] 000/040 VUs    30s        200.00 iters/s
step_00250 ✓ [ 100% ] 000/106 VUs    30s        250.00 iters/s
step_00300 ✓ [ 100% ] 000/060 VUs    30s        300.00 iters/s
step_00350 ✓ [ 100% ] 0000/0070 VUs  30s        350.00 iters/s
step_00400 ✓ [ 100% ] 0000/0080 VUs  30s        400.00 iters/s
step_00450 ✓ [ 100% ] 0000/0090 VUs  30s        450.00 iters/s
step_00500 ✓ [ 100% ] 0000/0219 VUs  30s        500.00 iters/s
step_00550 ✓ [ 100% ] 0000/0110 VUs  30s        550.00 iters/s
step_00600 ✓ [ 100% ] 0000/0257 VUs  30s        600.00 iters/s
step_00650 ✓ [ 100% ] 0000/0201 VUs  30s        650.00 iters/s
step_00700   [  57% ] 0227/0356 VUs  17.0s/30s  700.00 iters/s
step_00750 • [   0% ] waiting        0m13.0s   
step_00800 • [   0% ] waiting        0m43.0s   
step_00850 • [   0% ] waiting        1m13.0s   
step_00900 • [   0% ] waiting        1m43.0s   
step_00950 • [   0% ] waiting        2m13.0s   
step_01000 • [   0% ] waiting        2m43.0s   

running (06m47.9s), 0003/0989 VUs, 148287 complete and 0 interrupted iterations
step_00050 ✓ [ 100% ] 000/020 VUs    30s        50.00 iters/s
step_00100 ✓ [ 100% ] 000/020 VUs    30s        100.00 iters/s
step_00150 ✓ [ 100% ] 000/030 VUs    30s        150.00 iters/s
step_00200 ✓ [ 100% ] 000/040 VUs    30s        200.00 iters/s
step_00250 ✓ [ 100% ] 000/106 VUs    30s        250.00 iters/s
step_00300 ✓ [ 100% ] 000/060 VUs    30s        300.00 iters/s
step_00350 ✓ [ 100% ] 0000/0070 VUs  30s        350.00 iters/s
step_00400 ✓ [ 100% ] 0000/0080 VUs  30s        400.00 iters/s
step_00450 ✓ [ 100% ] 0000/0090 VUs  30s        450.00 iters/s
step_00500 ✓ [ 100% ] 0000/0219 VUs  30s        500.00 iters/s
step_00550 ✓ [ 100% ] 0000/0110 VUs  30s        550.00 iters/s
step_00600 ✓ [ 100% ] 0000/0257 VUs  30s        600.00 iters/s
step_00650 ✓ [ 100% ] 0000/0201 VUs  30s        650.00 iters/s
step_00700   [  60% ] 0003/0356 VUs  18.0s/30s  700.00 iters/s
step_00750 • [   0% ] waiting        0m12.0s   
step_00800 • [   0% ] waiting        0m42.0s   
step_00850 • [   0% ] waiting        1m12.0s   
step_00900 • [   0% ] waiting        1m42.0s   
step_00950 • [   0% ] waiting        2m12.0s   
step_01000 • [   0% ] waiting        2m42.0s   

running (06m48.9s), 0001/0989 VUs, 148989 complete and 0 interrupted iterations
step_00050 ✓ [ 100% ] 000/020 VUs    30s        50.00 iters/s
step_00100 ✓ [ 100% ] 000/020 VUs    30s        100.00 iters/s
step_00150 ✓ [ 100% ] 000/030 VUs    30s        150.00 iters/s
step_00200 ✓ [ 100% ] 000/040 VUs    30s        200.00 iters/s
step_00250 ✓ [ 100% ] 000/106 VUs    30s        250.00 iters/s
step_00300 ✓ [ 100% ] 000/060 VUs    30s        300.00 iters/s
step_00350 ✓ [ 100% ] 0000/0070 VUs  30s        350.00 iters/s
step_00400 ✓ [ 100% ] 0000/0080 VUs  30s        400.00 iters/s
step_00450 ✓ [ 100% ] 0000/0090 VUs  30s        450.00 iters/s
step_00500 ✓ [ 100% ] 0000/0219 VUs  30s        500.00 iters/s
step_00550 ✓ [ 100% ] 0000/0110 VUs  30s        550.00 iters/s
step_00600 ✓ [ 100% ] 0000/0257 VUs  30s        600.00 iters/s
step_00650 ✓ [ 100% ] 0000/0201 VUs  30s        650.00 iters/s
step_00700   [  63% ] 0001/0356 VUs  19.0s/30s  700.00 iters/s
step_00750 • [   0% ] waiting        0m11.0s   
step_00800 • [   0% ] waiting        0m41.0s   
step_00850 • [   0% ] waiting        1m11.0s   
step_00900 • [   0% ] waiting        1m41.0s   
step_00950 • [   0% ] waiting        2m11.0s   
step_01000 • [   0% ] waiting        2m41.0s   

running (06m49.9s), 0021/0989 VUs, 149669 complete and 0 interrupted iterations
step_00050 ✓ [ 100% ] 000/020 VUs    30s        50.00 iters/s
step_00100 ✓ [ 100% ] 000/020 VUs    30s        100.00 iters/s
step_00150 ✓ [ 100% ] 000/030 VUs    30s        150.00 iters/s
step_00200 ✓ [ 100% ] 000/040 VUs    30s        200.00 iters/s
step_00250 ✓ [ 100% ] 000/106 VUs    30s        250.00 iters/s
step_00300 ✓ [ 100% ] 000/060 VUs    30s        300.00 iters/s
step_00350 ✓ [ 100% ] 0000/0070 VUs  30s        350.00 iters/s
step_00400 ✓ [ 100% ] 0000/0080 VUs  30s        400.00 iters/s
step_00450 ✓ [ 100% ] 0000/0090 VUs  30s        450.00 iters/s
step_00500 ✓ [ 100% ] 0000/0219 VUs  30s        500.00 iters/s
step_00550 ✓ [ 100% ] 0000/0110 VUs  30s        550.00 iters/s
step_00600 ✓ [ 100% ] 0000/0257 VUs  30s        600.00 iters/s
step_00650 ✓ [ 100% ] 0000/0201 VUs  30s        650.00 iters/s
step_00700   [  67% ] 0021/0356 VUs  20.0s/30s  700.00 iters/s
step_00750 • [   0% ] waiting        0m10.0s   
step_00800 • [   0% ] waiting        0m40.0s   
step_00850 • [   0% ] waiting        1m10.0s   
step_00900 • [   0% ] waiting        1m40.0s   
step_00950 • [   0% ] waiting        2m10.0s   
step_01000 • [   0% ] waiting        2m40.0s   

running (06m50.9s), 0005/0989 VUs, 150385 complete and 0 interrupted iterations
step_00050 ✓ [ 100% ] 000/020 VUs    30s        50.00 iters/s
step_00100 ✓ [ 100% ] 000/020 VUs    30s        100.00 iters/s
step_00150 ✓ [ 100% ] 000/030 VUs    30s        150.00 iters/s
step_00200 ✓ [ 100% ] 000/040 VUs    30s        200.00 iters/s
step_00250 ✓ [ 100% ] 000/106 VUs    30s        250.00 iters/s
step_00300 ✓ [ 100% ] 000/060 VUs    30s        300.00 iters/s
step_00350 ✓ [ 100% ] 0000/0070 VUs  30s        350.00 iters/s
step_00400 ✓ [ 100% ] 0000/0080 VUs  30s        400.00 iters/s
step_00450 ✓ [ 100% ] 0000/0090 VUs  30s        450.00 iters/s
step_00500 ✓ [ 100% ] 0000/0219 VUs  30s        500.00 iters/s
step_00550 ✓ [ 100% ] 0000/0110 VUs  30s        550.00 iters/s
step_00600 ✓ [ 100% ] 0000/0257 VUs  30s        600.00 iters/s
step_00650 ✓ [ 100% ] 0000/0201 VUs  30s        650.00 iters/s
step_00700   [  70% ] 0005/0356 VUs  21.0s/30s  700.00 iters/s
step_00750 • [   0% ] waiting        0m09.0s   
step_00800 • [   0% ] waiting        0m39.0s   
step_00850 • [   0% ] waiting        1m09.0s   
step_00900 • [   0% ] waiting        1m39.0s   
step_00950 • [   0% ] waiting        2m09.0s   
step_01000 • [   0% ] waiting        2m39.0s   

running (06m51.9s), 0044/0989 VUs, 151046 complete and 0 interrupted iterations
step_00050 ✓ [ 100% ] 000/020 VUs    30s        50.00 iters/s
step_00100 ✓ [ 100% ] 000/020 VUs    30s        100.00 iters/s
step_00150 ✓ [ 100% ] 000/030 VUs    30s        150.00 iters/s
step_00200 ✓ [ 100% ] 000/040 VUs    30s        200.00 iters/s
step_00250 ✓ [ 100% ] 000/106 VUs    30s        250.00 iters/s
step_00300 ✓ [ 100% ] 000/060 VUs    30s        300.00 iters/s
step_00350 ✓ [ 100% ] 0000/0070 VUs  30s        350.00 iters/s
step_00400 ✓ [ 100% ] 0000/0080 VUs  30s        400.00 iters/s
step_00450 ✓ [ 100% ] 0000/0090 VUs  30s        450.00 iters/s
step_00500 ✓ [ 100% ] 0000/0219 VUs  30s        500.00 iters/s
step_00550 ✓ [ 100% ] 0000/0110 VUs  30s        550.00 iters/s
step_00600 ✓ [ 100% ] 0000/0257 VUs  30s        600.00 iters/s
step_00650 ✓ [ 100% ] 0000/0201 VUs  30s        650.00 iters/s
step_00700   [  73% ] 0044/0356 VUs  22.0s/30s  700.00 iters/s
step_00750 • [   0% ] waiting        0m08.0s   
step_00800 • [   0% ] waiting        0m38.0s   
step_00850 • [   0% ] waiting        1m08.0s   
step_00900 • [   0% ] waiting        1m38.0s   
step_00950 • [   0% ] waiting        2m08.0s   
step_01000 • [   0% ] waiting        2m38.0s   

running (06m52.9s), 0042/0989 VUs, 151748 complete and 0 interrupted iterations
step_00050 ✓ [ 100% ] 000/020 VUs    30s        50.00 iters/s
step_00100 ✓ [ 100% ] 000/020 VUs    30s        100.00 iters/s
step_00150 ✓ [ 100% ] 000/030 VUs    30s        150.00 iters/s
step_00200 ✓ [ 100% ] 000/040 VUs    30s        200.00 iters/s
step_00250 ✓ [ 100% ] 000/106 VUs    30s        250.00 iters/s
step_00300 ✓ [ 100% ] 000/060 VUs    30s        300.00 iters/s
step_00350 ✓ [ 100% ] 0000/0070 VUs  30s        350.00 iters/s
step_00400 ✓ [ 100% ] 0000/0080 VUs  30s        400.00 iters/s
step_00450 ✓ [ 100% ] 0000/0090 VUs  30s        450.00 iters/s
step_00500 ✓ [ 100% ] 0000/0219 VUs  30s        500.00 iters/s
step_00550 ✓ [ 100% ] 0000/0110 VUs  30s        550.00 iters/s
step_00600 ✓ [ 100% ] 0000/0257 VUs  30s        600.00 iters/s
step_00650 ✓ [ 100% ] 0000/0201 VUs  30s        650.00 iters/s
step_00700   [  77% ] 0042/0356 VUs  23.0s/30s  700.00 iters/s
step_00750 • [   0% ] waiting        0m07.0s   
step_00800 • [   0% ] waiting        0m37.0s   
step_00850 • [   0% ] waiting        1m07.0s   
step_00900 • [   0% ] waiting        1m37.0s   
step_00950 • [   0% ] waiting        2m07.0s   
step_01000 • [   0% ] waiting        2m37.0s   

running (06m53.9s), 0050/0989 VUs, 152440 complete and 0 interrupted iterations
step_00050 ✓ [ 100% ] 000/020 VUs    30s        50.00 iters/s
step_00100 ✓ [ 100% ] 000/020 VUs    30s        100.00 iters/s
step_00150 ✓ [ 100% ] 000/030 VUs    30s        150.00 iters/s
step_00200 ✓ [ 100% ] 000/040 VUs    30s        200.00 iters/s
step_00250 ✓ [ 100% ] 000/106 VUs    30s        250.00 iters/s
step_00300 ✓ [ 100% ] 000/060 VUs    30s        300.00 iters/s
step_00350 ✓ [ 100% ] 0000/0070 VUs  30s        350.00 iters/s
step_00400 ✓ [ 100% ] 0000/0080 VUs  30s        400.00 iters/s
step_00450 ✓ [ 100% ] 0000/0090 VUs  30s        450.00 iters/s
step_00500 ✓ [ 100% ] 0000/0219 VUs  30s        500.00 iters/s
step_00550 ✓ [ 100% ] 0000/0110 VUs  30s        550.00 iters/s
step_00600 ✓ [ 100% ] 0000/0257 VUs  30s        600.00 iters/s
step_00650 ✓ [ 100% ] 0000/0201 VUs  30s        650.00 iters/s
step_00700   [  80% ] 0050/0356 VUs  24.0s/30s  700.00 iters/s
step_00750 • [   0% ] waiting        0m06.0s   
step_00800 • [   0% ] waiting        0m36.0s   
step_00850 • [   0% ] waiting        1m06.0s   
step_00900 • [   0% ] waiting        1m36.0s   
step_00950 • [   0% ] waiting        2m06.0s   
step_01000 • [   0% ] waiting        2m36.0s   

running (06m54.9s), 0120/0989 VUs, 153070 complete and 0 interrupted iterations
step_00050 ✓ [ 100% ] 000/020 VUs    30s        50.00 iters/s
step_00100 ✓ [ 100% ] 000/020 VUs    30s        100.00 iters/s
step_00150 ✓ [ 100% ] 000/030 VUs    30s        150.00 iters/s
step_00200 ✓ [ 100% ] 000/040 VUs    30s        200.00 iters/s
step_00250 ✓ [ 100% ] 000/106 VUs    30s        250.00 iters/s
step_00300 ✓ [ 100% ] 000/060 VUs    30s        300.00 iters/s
step_00350 ✓ [ 100% ] 0000/0070 VUs  30s        350.00 iters/s
step_00400 ✓ [ 100% ] 0000/0080 VUs  30s        400.00 iters/s
step_00450 ✓ [ 100% ] 0000/0090 VUs  30s        450.00 iters/s
step_00500 ✓ [ 100% ] 0000/0219 VUs  30s        500.00 iters/s
step_00550 ✓ [ 100% ] 0000/0110 VUs  30s        550.00 iters/s
step_00600 ✓ [ 100% ] 0000/0257 VUs  30s        600.00 iters/s
step_00650 ✓ [ 100% ] 0000/0201 VUs  30s        650.00 iters/s
step_00700   [  83% ] 0120/0356 VUs  25.0s/30s  700.00 iters/s
step_00750 • [   0% ] waiting        0m05.0s   
step_00800 • [   0% ] waiting        0m35.0s   
step_00850 • [   0% ] waiting        1m05.0s   
step_00900 • [   0% ] waiting        1m35.0s   
step_00950 • [   0% ] waiting        2m05.0s   
step_01000 • [   0% ] waiting        2m35.0s   

running (06m55.9s), 0002/0989 VUs, 153888 complete and 0 interrupted iterations
step_00050 ✓ [ 100% ] 000/020 VUs    30s        50.00 iters/s
step_00100 ✓ [ 100% ] 000/020 VUs    30s        100.00 iters/s
step_00150 ✓ [ 100% ] 000/030 VUs    30s        150.00 iters/s
step_00200 ✓ [ 100% ] 000/040 VUs    30s        200.00 iters/s
step_00250 ✓ [ 100% ] 000/106 VUs    30s        250.00 iters/s
step_00300 ✓ [ 100% ] 000/060 VUs    30s        300.00 iters/s
step_00350 ✓ [ 100% ] 0000/0070 VUs  30s        350.00 iters/s
step_00400 ✓ [ 100% ] 0000/0080 VUs  30s        400.00 iters/s
step_00450 ✓ [ 100% ] 0000/0090 VUs  30s        450.00 iters/s
step_00500 ✓ [ 100% ] 0000/0219 VUs  30s        500.00 iters/s
step_00550 ✓ [ 100% ] 0000/0110 VUs  30s        550.00 iters/s
step_00600 ✓ [ 100% ] 0000/0257 VUs  30s        600.00 iters/s
step_00650 ✓ [ 100% ] 0000/0201 VUs  30s        650.00 iters/s
step_00700   [  87% ] 0002/0356 VUs  26.0s/30s  700.00 iters/s
step_00750 • [   0% ] waiting        0m04.0s   
step_00800 • [   0% ] waiting        0m34.0s   
step_00850 • [   0% ] waiting        1m04.0s   
step_00900 • [   0% ] waiting        1m34.0s   
step_00950 • [   0% ] waiting        2m04.0s   
step_01000 • [   0% ] waiting        2m34.0s   

running (06m56.9s), 0002/0989 VUs, 154588 complete and 0 interrupted iterations
step_00050 ✓ [ 100% ] 000/020 VUs    30s        50.00 iters/s
step_00100 ✓ [ 100% ] 000/020 VUs    30s        100.00 iters/s
step_00150 ✓ [ 100% ] 000/030 VUs    30s        150.00 iters/s
step_00200 ✓ [ 100% ] 000/040 VUs    30s        200.00 iters/s
step_00250 ✓ [ 100% ] 000/106 VUs    30s        250.00 iters/s
step_00300 ✓ [ 100% ] 000/060 VUs    30s        300.00 iters/s
step_00350 ✓ [ 100% ] 0000/0070 VUs  30s        350.00 iters/s
step_00400 ✓ [ 100% ] 0000/0080 VUs  30s        400.00 iters/s
step_00450 ✓ [ 100% ] 0000/0090 VUs  30s        450.00 iters/s
step_00500 ✓ [ 100% ] 0000/0219 VUs  30s        500.00 iters/s
step_00550 ✓ [ 100% ] 0000/0110 VUs  30s        550.00 iters/s
step_00600 ✓ [ 100% ] 0000/0257 VUs  30s        600.00 iters/s
step_00650 ✓ [ 100% ] 0000/0201 VUs  30s        650.00 iters/s
step_00700   [  90% ] 0002/0356 VUs  27.0s/30s  700.00 iters/s
step_00750 • [   0% ] waiting        0m03.0s   
step_00800 • [   0% ] waiting        0m33.0s   
step_00850 • [   0% ] waiting        1m03.0s   
step_00900 • [   0% ] waiting        1m33.0s   
step_00950 • [   0% ] waiting        2m03.0s   
step_01000 • [   0% ] waiting        2m33.0s   

running (06m57.9s), 0002/0989 VUs, 155288 complete and 0 interrupted iterations
step_00050 ✓ [ 100% ] 000/020 VUs    30s        50.00 iters/s
step_00100 ✓ [ 100% ] 000/020 VUs    30s        100.00 iters/s
step_00150 ✓ [ 100% ] 000/030 VUs    30s        150.00 iters/s
step_00200 ✓ [ 100% ] 000/040 VUs    30s        200.00 iters/s
step_00250 ✓ [ 100% ] 000/106 VUs    30s        250.00 iters/s
step_00300 ✓ [ 100% ] 000/060 VUs    30s        300.00 iters/s
step_00350 ✓ [ 100% ] 0000/0070 VUs  30s        350.00 iters/s
step_00400 ✓ [ 100% ] 0000/0080 VUs  30s        400.00 iters/s
step_00450 ✓ [ 100% ] 0000/0090 VUs  30s        450.00 iters/s
step_00500 ✓ [ 100% ] 0000/0219 VUs  30s        500.00 iters/s
step_00550 ✓ [ 100% ] 0000/0110 VUs  30s        550.00 iters/s
step_00600 ✓ [ 100% ] 0000/0257 VUs  30s        600.00 iters/s
step_00650 ✓ [ 100% ] 0000/0201 VUs  30s        650.00 iters/s
step_00700   [  93% ] 0002/0356 VUs  28.0s/30s  700.00 iters/s
step_00750 • [   0% ] waiting        0m02.0s   
step_00800 • [   0% ] waiting        0m32.0s   
step_00850 • [   0% ] waiting        1m02.0s   
step_00900 • [   0% ] waiting        1m32.0s   
step_00950 • [   0% ] waiting        2m02.0s   
step_01000 • [   0% ] waiting        2m32.0s   

running (06m58.9s), 0010/0989 VUs, 155980 complete and 0 interrupted iterations
step_00050 ✓ [ 100% ] 000/020 VUs    30s        50.00 iters/s
step_00100 ✓ [ 100% ] 000/020 VUs    30s        100.00 iters/s
step_00150 ✓ [ 100% ] 000/030 VUs    30s        150.00 iters/s
step_00200 ✓ [ 100% ] 000/040 VUs    30s        200.00 iters/s
step_00250 ✓ [ 100% ] 000/106 VUs    30s        250.00 iters/s
step_00300 ✓ [ 100% ] 000/060 VUs    30s        300.00 iters/s
step_00350 ✓ [ 100% ] 0000/0070 VUs  30s        350.00 iters/s
step_00400 ✓ [ 100% ] 0000/0080 VUs  30s        400.00 iters/s
step_00450 ✓ [ 100% ] 0000/0090 VUs  30s        450.00 iters/s
step_00500 ✓ [ 100% ] 0000/0219 VUs  30s        500.00 iters/s
step_00550 ✓ [ 100% ] 0000/0110 VUs  30s        550.00 iters/s
step_00600 ✓ [ 100% ] 0000/0257 VUs  30s        600.00 iters/s
step_00650 ✓ [ 100% ] 0000/0201 VUs  30s        650.00 iters/s
step_00700   [  97% ] 0010/0356 VUs  29.0s/30s  700.00 iters/s
step_00750 • [   0% ] waiting        0m01.0s   
step_00800 • [   0% ] waiting        0m31.0s   
step_00850 • [   0% ] waiting        1m01.0s   
step_00900 • [   0% ] waiting        1m31.0s   
step_00950 • [   0% ] waiting        2m01.0s   
step_01000 • [   0% ] waiting        2m31.0s   

running (06m59.9s), 0003/0989 VUs, 156687 complete and 0 interrupted iterations
step_00050 ✓ [ 100% ] 000/020 VUs    30s        50.00 iters/s
step_00100 ✓ [ 100% ] 000/020 VUs    30s        100.00 iters/s
step_00150 ✓ [ 100% ] 000/030 VUs    30s        150.00 iters/s
step_00200 ✓ [ 100% ] 000/040 VUs    30s        200.00 iters/s
step_00250 ✓ [ 100% ] 000/106 VUs    30s        250.00 iters/s
step_00300 ✓ [ 100% ] 000/060 VUs    30s        300.00 iters/s
step_00350 ✓ [ 100% ] 0000/0070 VUs  30s        350.00 iters/s
step_00400 ✓ [ 100% ] 0000/0080 VUs  30s        400.00 iters/s
step_00450 ✓ [ 100% ] 0000/0090 VUs  30s        450.00 iters/s
step_00500 ✓ [ 100% ] 0000/0219 VUs  30s        500.00 iters/s
step_00550 ✓ [ 100% ] 0000/0110 VUs  30s        550.00 iters/s
step_00600 ✓ [ 100% ] 0000/0257 VUs  30s        600.00 iters/s
step_00650 ✓ [ 100% ] 0000/0201 VUs  30s        650.00 iters/s
step_00700   [ 100% ] 0003/0356 VUs  30.0s/30s  700.00 iters/s
step_00750 • [   0% ] waiting        0m00.0s   
step_00800 • [   0% ] waiting        0m30.0s   
step_00850 • [   0% ] waiting        1m00.0s   
step_00900 • [   0% ] waiting        1m30.0s   
step_00950 • [   0% ] waiting        2m00.0s   
step_01000 • [   0% ] waiting        2m30.0s   

running (07m00.9s), 0077/0989 VUs, 157361 complete and 0 interrupted iterations
step_00050 ✓ [ 100% ] 000/020 VUs    30s        50.00 iters/s
step_00100 ✓ [ 100% ] 000/020 VUs    30s        100.00 iters/s
step_00150 ✓ [ 100% ] 000/030 VUs    30s        150.00 iters/s
step_00200 ✓ [ 100% ] 000/040 VUs    30s        200.00 iters/s
step_00250 ✓ [ 100% ] 000/106 VUs    30s        250.00 iters/s
step_00300 ✓ [ 100% ] 000/060 VUs    30s        300.00 iters/s
step_00350 ✓ [ 100% ] 0000/0070 VUs  30s        350.00 iters/s
step_00400 ✓ [ 100% ] 0000/0080 VUs  30s        400.00 iters/s
step_00450 ✓ [ 100% ] 0000/0090 VUs  30s        450.00 iters/s
step_00500 ✓ [ 100% ] 0000/0219 VUs  30s        500.00 iters/s
step_00550 ✓ [ 100% ] 0000/0110 VUs  30s        550.00 iters/s
step_00600 ✓ [ 100% ] 0000/0257 VUs  30s        600.00 iters/s
step_00650 ✓ [ 100% ] 0000/0201 VUs  30s        650.00 iters/s
step_00700 ✓ [ 100% ] 0000/0356 VUs  30s        700.00 iters/s
step_00750   [   3% ] 0077/0150 VUs  01.0s/30s  750.00 iters/s
step_00800 • [   0% ] waiting        0m29.0s   
step_00850 • [   0% ] waiting        0m59.0s   
step_00900 • [   0% ] waiting        1m29.0s   
step_00950 • [   0% ] waiting        1m59.0s   
step_01000 • [   0% ] waiting        2m29.0s   

running (07m01.9s), 0081/0989 VUs, 158106 complete and 0 interrupted iterations
step_00050 ✓ [ 100% ] 000/020 VUs    30s        50.00 iters/s
step_00100 ✓ [ 100% ] 000/020 VUs    30s        100.00 iters/s
step_00150 ✓ [ 100% ] 000/030 VUs    30s        150.00 iters/s
step_00200 ✓ [ 100% ] 000/040 VUs    30s        200.00 iters/s
step_00250 ✓ [ 100% ] 000/106 VUs    30s        250.00 iters/s
step_00300 ✓ [ 100% ] 000/060 VUs    30s        300.00 iters/s
step_00350 ✓ [ 100% ] 0000/0070 VUs  30s        350.00 iters/s
step_00400 ✓ [ 100% ] 0000/0080 VUs  30s        400.00 iters/s
step_00450 ✓ [ 100% ] 0000/0090 VUs  30s        450.00 iters/s
step_00500 ✓ [ 100% ] 0000/0219 VUs  30s        500.00 iters/s
step_00550 ✓ [ 100% ] 0000/0110 VUs  30s        550.00 iters/s
step_00600 ✓ [ 100% ] 0000/0257 VUs  30s        600.00 iters/s
step_00650 ✓ [ 100% ] 0000/0201 VUs  30s        650.00 iters/s
step_00700 ✓ [ 100% ] 0000/0356 VUs  30s        700.00 iters/s
step_00750   [   7% ] 0082/0150 VUs  02.0s/30s  750.00 iters/s
step_00800 • [   0% ] waiting        0m28.0s   
step_00850 • [   0% ] waiting        0m58.0s   
step_00900 • [   0% ] waiting        1m28.0s   
step_00950 • [   0% ] waiting        1m58.0s   
step_01000 • [   0% ] waiting        2m28.0s   

running (07m02.9s), 0007/0989 VUs, 158931 complete and 0 interrupted iterations
step_00050 ✓ [ 100% ] 000/020 VUs    30s        50.00 iters/s
step_00100 ✓ [ 100% ] 000/020 VUs    30s        100.00 iters/s
step_00150 ✓ [ 100% ] 000/030 VUs    30s        150.00 iters/s
step_00200 ✓ [ 100% ] 000/040 VUs    30s        200.00 iters/s
step_00250 ✓ [ 100% ] 000/106 VUs    30s        250.00 iters/s
step_00300 ✓ [ 100% ] 000/060 VUs    30s        300.00 iters/s
step_00350 ✓ [ 100% ] 0000/0070 VUs  30s        350.00 iters/s
step_00400 ✓ [ 100% ] 0000/0080 VUs  30s        400.00 iters/s
step_00450 ✓ [ 100% ] 0000/0090 VUs  30s        450.00 iters/s
step_00500 ✓ [ 100% ] 0000/0219 VUs  30s        500.00 iters/s
step_00550 ✓ [ 100% ] 0000/0110 VUs  30s        550.00 iters/s
step_00600 ✓ [ 100% ] 0000/0257 VUs  30s        600.00 iters/s
step_00650 ✓ [ 100% ] 0000/0201 VUs  30s        650.00 iters/s
step_00700 ✓ [ 100% ] 0000/0356 VUs  30s        700.00 iters/s
step_00750   [  10% ] 0007/0150 VUs  03.0s/30s  750.00 iters/s
step_00800 • [   0% ] waiting        0m27.0s   
step_00850 • [   0% ] waiting        0m57.0s   
step_00900 • [   0% ] waiting        1m27.0s   
step_00950 • [   0% ] waiting        1m57.0s   
step_01000 • [   0% ] waiting        2m27.0s   

running (07m03.9s), 0156/1001 VUs, 159518 complete and 0 interrupted iterations
step_00050 ✓ [ 100% ] 000/020 VUs    30s        50.00 iters/s
step_00100 ✓ [ 100% ] 000/020 VUs    30s        100.00 iters/s
step_00150 ✓ [ 100% ] 000/030 VUs    30s        150.00 iters/s
step_00200 ✓ [ 100% ] 000/040 VUs    30s        200.00 iters/s
step_00250 ✓ [ 100% ] 000/106 VUs    30s        250.00 iters/s
step_00300 ✓ [ 100% ] 000/060 VUs    30s        300.00 iters/s
step_00350 ✓ [ 100% ] 0000/0070 VUs  30s        350.00 iters/s
step_00400 ✓ [ 100% ] 0000/0080 VUs  30s        400.00 iters/s
step_00450 ✓ [ 100% ] 0000/0090 VUs  30s        450.00 iters/s
step_00500 ✓ [ 100% ] 0000/0219 VUs  30s        500.00 iters/s
step_00550 ✓ [ 100% ] 0000/0110 VUs  30s        550.00 iters/s
step_00600 ✓ [ 100% ] 0000/0257 VUs  30s        600.00 iters/s
step_00650 ✓ [ 100% ] 0000/0201 VUs  30s        650.00 iters/s
step_00700 ✓ [ 100% ] 0000/0356 VUs  30s        700.00 iters/s
step_00750   [  13% ] 0156/0162 VUs  04.0s/30s  750.00 iters/s
step_00800 • [   0% ] waiting        0m26.0s   
step_00850 • [   0% ] waiting        0m56.0s   
step_00900 • [   0% ] waiting        1m26.0s   
step_00950 • [   0% ] waiting        1m56.0s   
step_01000 • [   0% ] waiting        2m26.0s   

running (07m04.9s), 0273/1113 VUs, 160000 complete and 0 interrupted iterations
step_00050 ✓ [ 100% ] 000/020 VUs    30s        50.00 iters/s
step_00100 ✓ [ 100% ] 000/020 VUs    30s        100.00 iters/s
step_00150 ✓ [ 100% ] 000/030 VUs    30s        150.00 iters/s
step_00200 ✓ [ 100% ] 000/040 VUs    30s        200.00 iters/s
step_00250 ✓ [ 100% ] 000/106 VUs    30s        250.00 iters/s
step_00300 ✓ [ 100% ] 000/060 VUs    30s        300.00 iters/s
step_00350 ✓ [ 100% ] 0000/0070 VUs  30s        350.00 iters/s
step_00400 ✓ [ 100% ] 0000/0080 VUs  30s        400.00 iters/s
step_00450 ✓ [ 100% ] 0000/0090 VUs  30s        450.00 iters/s
step_00500 ✓ [ 100% ] 0000/0219 VUs  30s        500.00 iters/s
step_00550 ✓ [ 100% ] 0000/0110 VUs  30s        550.00 iters/s
step_00600 ✓ [ 100% ] 0000/0257 VUs  30s        600.00 iters/s
step_00650 ✓ [ 100% ] 0000/0201 VUs  30s        650.00 iters/s
step_00700 ✓ [ 100% ] 0000/0356 VUs  30s        700.00 iters/s
step_00750   [  17% ] 0273/0274 VUs  05.0s/30s  750.00 iters/s
step_00800 • [   0% ] waiting        0m25.0s   
step_00850 • [   0% ] waiting        0m55.0s   
step_00900 • [   0% ] waiting        1m25.0s   
step_00950 • [   0% ] waiting        1m55.0s   
step_01000 • [   0% ] waiting        2m25.0s   

running (07m05.9s), 0398/1237 VUs, 160472 complete and 0 interrupted iterations
step_00050 ✓ [ 100% ] 000/020 VUs    30s        50.00 iters/s
step_00100 ✓ [ 100% ] 000/020 VUs    30s        100.00 iters/s
step_00150 ✓ [ 100% ] 000/030 VUs    30s        150.00 iters/s
step_00200 ✓ [ 100% ] 000/040 VUs    30s        200.00 iters/s
step_00250 ✓ [ 100% ] 000/106 VUs    30s        250.00 iters/s
step_00300 ✓ [ 100% ] 000/060 VUs    30s        300.00 iters/s
step_00350 ✓ [ 100% ] 0000/0070 VUs  30s        350.00 iters/s
step_00400 ✓ [ 100% ] 0000/0080 VUs  30s        400.00 iters/s
step_00450 ✓ [ 100% ] 0000/0090 VUs  30s        450.00 iters/s
step_00500 ✓ [ 100% ] 0000/0219 VUs  30s        500.00 iters/s
step_00550 ✓ [ 100% ] 0000/0110 VUs  30s        550.00 iters/s
step_00600 ✓ [ 100% ] 0000/0257 VUs  30s        600.00 iters/s
step_00650 ✓ [ 100% ] 0000/0201 VUs  30s        650.00 iters/s
step_00700 ✓ [ 100% ] 0000/0356 VUs  30s        700.00 iters/s
step_00750   [  20% ] 0398/0398 VUs  06.0s/30s  750.00 iters/s
step_00800 • [   0% ] waiting        0m24.0s   
step_00850 • [   0% ] waiting        0m54.0s   
step_00900 • [   0% ] waiting        1m24.0s   
step_00950 • [   0% ] waiting        1m54.0s   
step_01000 • [   0% ] waiting        2m24.0s   

running (07m06.9s), 0380/1269 VUs, 161208 complete and 0 interrupted iterations
step_00050 ✓ [ 100% ] 000/020 VUs    30s        50.00 iters/s
step_00100 ✓ [ 100% ] 000/020 VUs    30s        100.00 iters/s
step_00150 ✓ [ 100% ] 000/030 VUs    30s        150.00 iters/s
step_00200 ✓ [ 100% ] 000/040 VUs    30s        200.00 iters/s
step_00250 ✓ [ 100% ] 000/106 VUs    30s        250.00 iters/s
step_00300 ✓ [ 100% ] 000/060 VUs    30s        300.00 iters/s
step_00350 ✓ [ 100% ] 0000/0070 VUs  30s        350.00 iters/s
step_00400 ✓ [ 100% ] 0000/0080 VUs  30s        400.00 iters/s
step_00450 ✓ [ 100% ] 0000/0090 VUs  30s        450.00 iters/s
step_00500 ✓ [ 100% ] 0000/0219 VUs  30s        500.00 iters/s
step_00550 ✓ [ 100% ] 0000/0110 VUs  30s        550.00 iters/s
step_00600 ✓ [ 100% ] 0000/0257 VUs  30s        600.00 iters/s
step_00650 ✓ [ 100% ] 0000/0201 VUs  30s        650.00 iters/s
step_00700 ✓ [ 100% ] 0000/0356 VUs  30s        700.00 iters/s
step_00750   [  23% ] 0380/0430 VUs  07.0s/30s  750.00 iters/s
step_00800 • [   0% ] waiting        0m23.0s   
step_00850 • [   0% ] waiting        0m53.0s   
step_00900 • [   0% ] waiting        1m23.0s   
step_00950 • [   0% ] waiting        1m53.0s   
step_01000 • [   0% ] waiting        2m23.0s   

running (07m07.9s), 0356/1285 VUs, 161964 complete and 0 interrupted iterations
step_00050 ✓ [ 100% ] 000/020 VUs    30s        50.00 iters/s
step_00100 ✓ [ 100% ] 000/020 VUs    30s        100.00 iters/s
step_00150 ✓ [ 100% ] 000/030 VUs    30s        150.00 iters/s
step_00200 ✓ [ 100% ] 000/040 VUs    30s        200.00 iters/s
step_00250 ✓ [ 100% ] 000/106 VUs    30s        250.00 iters/s
step_00300 ✓ [ 100% ] 000/060 VUs    30s        300.00 iters/s
step_00350 ✓ [ 100% ] 0000/0070 VUs  30s        350.00 iters/s
step_00400 ✓ [ 100% ] 0000/0080 VUs  30s        400.00 iters/s
step_00450 ✓ [ 100% ] 0000/0090 VUs  30s        450.00 iters/s
step_00500 ✓ [ 100% ] 0000/0219 VUs  30s        500.00 iters/s
step_00550 ✓ [ 100% ] 0000/0110 VUs  30s        550.00 iters/s
step_00600 ✓ [ 100% ] 0000/0257 VUs  30s        600.00 iters/s
step_00650 ✓ [ 100% ] 0000/0201 VUs  30s        650.00 iters/s
step_00700 ✓ [ 100% ] 0000/0356 VUs  30s        700.00 iters/s
step_00750   [  27% ] 0356/0446 VUs  08.0s/30s  750.00 iters/s
step_00800 • [   0% ] waiting        0m22.0s   
step_00850 • [   0% ] waiting        0m52.0s   
step_00900 • [   0% ] waiting        1m22.0s   
step_00950 • [   0% ] waiting        1m52.0s   
step_01000 • [   0% ] waiting        2m22.0s   

running (07m08.9s), 0220/1285 VUs, 162850 complete and 0 interrupted iterations
step_00050 ✓ [ 100% ] 000/020 VUs    30s        50.00 iters/s
step_00100 ✓ [ 100% ] 000/020 VUs    30s        100.00 iters/s
step_00150 ✓ [ 100% ] 000/030 VUs    30s        150.00 iters/s
step_00200 ✓ [ 100% ] 000/040 VUs    30s        200.00 iters/s
step_00250 ✓ [ 100% ] 000/106 VUs    30s        250.00 iters/s
step_00300 ✓ [ 100% ] 000/060 VUs    30s        300.00 iters/s
step_00350 ✓ [ 100% ] 0000/0070 VUs  30s        350.00 iters/s
step_00400 ✓ [ 100% ] 0000/0080 VUs  30s        400.00 iters/s
step_00450 ✓ [ 100% ] 0000/0090 VUs  30s        450.00 iters/s
step_00500 ✓ [ 100% ] 0000/0219 VUs  30s        500.00 iters/s
step_00550 ✓ [ 100% ] 0000/0110 VUs  30s        550.00 iters/s
step_00600 ✓ [ 100% ] 0000/0257 VUs  30s        600.00 iters/s
step_00650 ✓ [ 100% ] 0000/0201 VUs  30s        650.00 iters/s
step_00700 ✓ [ 100% ] 0000/0356 VUs  30s        700.00 iters/s
step_00750   [  30% ] 0220/0446 VUs  09.0s/30s  750.00 iters/s
step_00800 • [   0% ] waiting        0m21.0s   
step_00850 • [   0% ] waiting        0m51.0s   
step_00900 • [   0% ] waiting        1m21.0s   
step_00950 • [   0% ] waiting        1m51.0s   
step_01000 • [   0% ] waiting        2m21.0s   

running (07m09.9s), 0086/1285 VUs, 163734 complete and 0 interrupted iterations
step_00050 ✓ [ 100% ] 000/020 VUs    30s        50.00 iters/s
step_00100 ✓ [ 100% ] 000/020 VUs    30s        100.00 iters/s
step_00150 ✓ [ 100% ] 000/030 VUs    30s        150.00 iters/s
step_00200 ✓ [ 100% ] 000/040 VUs    30s        200.00 iters/s
step_00250 ✓ [ 100% ] 000/106 VUs    30s        250.00 iters/s
step_00300 ✓ [ 100% ] 000/060 VUs    30s        300.00 iters/s
step_00350 ✓ [ 100% ] 0000/0070 VUs  30s        350.00 iters/s
step_00400 ✓ [ 100% ] 0000/0080 VUs  30s        400.00 iters/s
step_00450 ✓ [ 100% ] 0000/0090 VUs  30s        450.00 iters/s
step_00500 ✓ [ 100% ] 0000/0219 VUs  30s        500.00 iters/s
step_00550 ✓ [ 100% ] 0000/0110 VUs  30s        550.00 iters/s
step_00600 ✓ [ 100% ] 0000/0257 VUs  30s        600.00 iters/s
step_00650 ✓ [ 100% ] 0000/0201 VUs  30s        650.00 iters/s
step_00700 ✓ [ 100% ] 0000/0356 VUs  30s        700.00 iters/s
step_00750   [  33% ] 0086/0446 VUs  10.0s/30s  750.00 iters/s
step_00800 • [   0% ] waiting        0m20.0s   
step_00850 • [   0% ] waiting        0m50.0s   
step_00900 • [   0% ] waiting        1m20.0s   
step_00950 • [   0% ] waiting        1m50.0s   
step_01000 • [   0% ] waiting        2m20.0s   

running (07m10.9s), 0005/1285 VUs, 164565 complete and 0 interrupted iterations
step_00050 ✓ [ 100% ] 000/020 VUs    30s        50.00 iters/s
step_00100 ✓ [ 100% ] 000/020 VUs    30s        100.00 iters/s
step_00150 ✓ [ 100% ] 000/030 VUs    30s        150.00 iters/s
step_00200 ✓ [ 100% ] 000/040 VUs    30s        200.00 iters/s
step_00250 ✓ [ 100% ] 000/106 VUs    30s        250.00 iters/s
step_00300 ✓ [ 100% ] 000/060 VUs    30s        300.00 iters/s
step_00350 ✓ [ 100% ] 0000/0070 VUs  30s        350.00 iters/s
step_00400 ✓ [ 100% ] 0000/0080 VUs  30s        400.00 iters/s
step_00450 ✓ [ 100% ] 0000/0090 VUs  30s        450.00 iters/s
step_00500 ✓ [ 100% ] 0000/0219 VUs  30s        500.00 iters/s
step_00550 ✓ [ 100% ] 0000/0110 VUs  30s        550.00 iters/s
step_00600 ✓ [ 100% ] 0000/0257 VUs  30s        600.00 iters/s
step_00650 ✓ [ 100% ] 0000/0201 VUs  30s        650.00 iters/s
step_00700 ✓ [ 100% ] 0000/0356 VUs  30s        700.00 iters/s
step_00750   [  37% ] 0005/0446 VUs  11.0s/30s  750.00 iters/s
step_00800 • [   0% ] waiting        0m19.0s   
step_00850 • [   0% ] waiting        0m49.0s   
step_00900 • [   0% ] waiting        1m19.0s   
step_00950 • [   0% ] waiting        1m49.0s   
step_01000 • [   0% ] waiting        2m19.0s   

running (07m11.9s), 0003/1285 VUs, 165317 complete and 0 interrupted iterations
step_00050 ✓ [ 100% ] 000/020 VUs    30s        50.00 iters/s
step_00100 ✓ [ 100% ] 000/020 VUs    30s        100.00 iters/s
step_00150 ✓ [ 100% ] 000/030 VUs    30s        150.00 iters/s
step_00200 ✓ [ 100% ] 000/040 VUs    30s        200.00 iters/s
step_00250 ✓ [ 100% ] 000/106 VUs    30s        250.00 iters/s
step_00300 ✓ [ 100% ] 000/060 VUs    30s        300.00 iters/s
step_00350 ✓ [ 100% ] 0000/0070 VUs  30s        350.00 iters/s
step_00400 ✓ [ 100% ] 0000/0080 VUs  30s        400.00 iters/s
step_00450 ✓ [ 100% ] 0000/0090 VUs  30s        450.00 iters/s
step_00500 ✓ [ 100% ] 0000/0219 VUs  30s        500.00 iters/s
step_00550 ✓ [ 100% ] 0000/0110 VUs  30s        550.00 iters/s
step_00600 ✓ [ 100% ] 0000/0257 VUs  30s        600.00 iters/s
step_00650 ✓ [ 100% ] 0000/0201 VUs  30s        650.00 iters/s
step_00700 ✓ [ 100% ] 0000/0356 VUs  30s        700.00 iters/s
step_00750   [  40% ] 0003/0446 VUs  12.0s/30s  750.00 iters/s
step_00800 • [   0% ] waiting        0m18.0s   
step_00850 • [   0% ] waiting        0m48.0s   
step_00900 • [   0% ] waiting        1m18.0s   
step_00950 • [   0% ] waiting        1m48.0s   
step_01000 • [   0% ] waiting        2m18.0s   

running (07m12.9s), 0007/1285 VUs, 166063 complete and 0 interrupted iterations
step_00050 ✓ [ 100% ] 000/020 VUs    30s        50.00 iters/s
step_00100 ✓ [ 100% ] 000/020 VUs    30s        100.00 iters/s
step_00150 ✓ [ 100% ] 000/030 VUs    30s        150.00 iters/s
step_00200 ✓ [ 100% ] 000/040 VUs    30s        200.00 iters/s
step_00250 ✓ [ 100% ] 000/106 VUs    30s        250.00 iters/s
step_00300 ✓ [ 100% ] 000/060 VUs    30s        300.00 iters/s
step_00350 ✓ [ 100% ] 0000/0070 VUs  30s        350.00 iters/s
step_00400 ✓ [ 100% ] 0000/0080 VUs  30s        400.00 iters/s
step_00450 ✓ [ 100% ] 0000/0090 VUs  30s        450.00 iters/s
step_00500 ✓ [ 100% ] 0000/0219 VUs  30s        500.00 iters/s
step_00550 ✓ [ 100% ] 0000/0110 VUs  30s        550.00 iters/s
step_00600 ✓ [ 100% ] 0000/0257 VUs  30s        600.00 iters/s
step_00650 ✓ [ 100% ] 0000/0201 VUs  30s        650.00 iters/s
step_00700 ✓ [ 100% ] 0000/0356 VUs  30s        700.00 iters/s
step_00750   [  43% ] 0007/0446 VUs  13.0s/30s  750.00 iters/s
step_00800 • [   0% ] waiting        0m17.0s   
step_00850 • [   0% ] waiting        0m47.0s   
step_00900 • [   0% ] waiting        1m17.0s   
step_00950 • [   0% ] waiting        1m47.0s   
step_01000 • [   0% ] waiting        2m17.0s   

running (07m13.9s), 0055/1285 VUs, 166765 complete and 0 interrupted iterations
step_00050 ✓ [ 100% ] 000/020 VUs    30s        50.00 iters/s
step_00100 ✓ [ 100% ] 000/020 VUs    30s        100.00 iters/s
step_00150 ✓ [ 100% ] 000/030 VUs    30s        150.00 iters/s
step_00200 ✓ [ 100% ] 000/040 VUs    30s        200.00 iters/s
step_00250 ✓ [ 100% ] 000/106 VUs    30s        250.00 iters/s
step_00300 ✓ [ 100% ] 000/060 VUs    30s        300.00 iters/s
step_00350 ✓ [ 100% ] 0000/0070 VUs  30s        350.00 iters/s
step_00400 ✓ [ 100% ] 0000/0080 VUs  30s        400.00 iters/s
step_00450 ✓ [ 100% ] 0000/0090 VUs  30s        450.00 iters/s
step_00500 ✓ [ 100% ] 0000/0219 VUs  30s        500.00 iters/s
step_00550 ✓ [ 100% ] 0000/0110 VUs  30s        550.00 iters/s
step_00600 ✓ [ 100% ] 0000/0257 VUs  30s        600.00 iters/s
step_00650 ✓ [ 100% ] 0000/0201 VUs  30s        650.00 iters/s
step_00700 ✓ [ 100% ] 0000/0356 VUs  30s        700.00 iters/s
step_00750   [  47% ] 0055/0446 VUs  14.0s/30s  750.00 iters/s
step_00800 • [   0% ] waiting        0m16.0s   
step_00850 • [   0% ] waiting        0m46.0s   
step_00900 • [   0% ] waiting        1m16.0s   
step_00950 • [   0% ] waiting        1m46.0s   
step_01000 • [   0% ] waiting        2m16.0s   

running (07m14.9s), 0318/1285 VUs, 167252 complete and 0 interrupted iterations
step_00050 ✓ [ 100% ] 000/020 VUs    30s        50.00 iters/s
step_00100 ✓ [ 100% ] 000/020 VUs    30s        100.00 iters/s
step_00150 ✓ [ 100% ] 000/030 VUs    30s        150.00 iters/s
step_00200 ✓ [ 100% ] 000/040 VUs    30s        200.00 iters/s
step_00250 ✓ [ 100% ] 000/106 VUs    30s        250.00 iters/s
step_00300 ✓ [ 100% ] 000/060 VUs    30s        300.00 iters/s
step_00350 ✓ [ 100% ] 0000/0070 VUs  30s        350.00 iters/s
step_00400 ✓ [ 100% ] 0000/0080 VUs  30s        400.00 iters/s
step_00450 ✓ [ 100% ] 0000/0090 VUs  30s        450.00 iters/s
step_00500 ✓ [ 100% ] 0000/0219 VUs  30s        500.00 iters/s
step_00550 ✓ [ 100% ] 0000/0110 VUs  30s        550.00 iters/s
step_00600 ✓ [ 100% ] 0000/0257 VUs  30s        600.00 iters/s
step_00650 ✓ [ 100% ] 0000/0201 VUs  30s        650.00 iters/s
step_00700 ✓ [ 100% ] 0000/0356 VUs  30s        700.00 iters/s
step_00750   [  50% ] 0318/0446 VUs  15.0s/30s  750.00 iters/s
step_00800 • [   0% ] waiting        0m15.0s   
step_00850 • [   0% ] waiting        0m45.0s   
step_00900 • [   0% ] waiting        1m15.0s   
step_00950 • [   0% ] waiting        1m45.0s   
step_01000 • [   0% ] waiting        2m15.0s   

running (07m15.9s), 0518/1357 VUs, 167691 complete and 0 interrupted iterations
step_00050 ✓ [ 100% ] 000/020 VUs    30s        50.00 iters/s
step_00100 ✓ [ 100% ] 000/020 VUs    30s        100.00 iters/s
step_00150 ✓ [ 100% ] 000/030 VUs    30s        150.00 iters/s
step_00200 ✓ [ 100% ] 000/040 VUs    30s        200.00 iters/s
step_00250 ✓ [ 100% ] 000/106 VUs    30s        250.00 iters/s
step_00300 ✓ [ 100% ] 000/060 VUs    30s        300.00 iters/s
step_00350 ✓ [ 100% ] 0000/0070 VUs  30s        350.00 iters/s
step_00400 ✓ [ 100% ] 0000/0080 VUs  30s        400.00 iters/s
step_00450 ✓ [ 100% ] 0000/0090 VUs  30s        450.00 iters/s
step_00500 ✓ [ 100% ] 0000/0219 VUs  30s        500.00 iters/s
step_00550 ✓ [ 100% ] 0000/0110 VUs  30s        550.00 iters/s
step_00600 ✓ [ 100% ] 0000/0257 VUs  30s        600.00 iters/s
step_00650 ✓ [ 100% ] 0000/0201 VUs  30s        650.00 iters/s
step_00700 ✓ [ 100% ] 0000/0356 VUs  30s        700.00 iters/s
step_00750   [  53% ] 0518/0518 VUs  16.0s/30s  750.00 iters/s
step_00800 • [   0% ] waiting        0m14.0s   
step_00850 • [   0% ] waiting        0m44.0s   
step_00900 • [   0% ] waiting        1m14.0s   
step_00950 • [   0% ] waiting        1m44.0s   
step_01000 • [   0% ] waiting        2m14.0s   

running (07m16.9s), 0584/1448 VUs, 168222 complete and 0 interrupted iterations
step_00050 ✓ [ 100% ] 000/020 VUs    30s        50.00 iters/s
step_00100 ✓ [ 100% ] 000/020 VUs    30s        100.00 iters/s
step_00150 ✓ [ 100% ] 000/030 VUs    30s        150.00 iters/s
step_00200 ✓ [ 100% ] 000/040 VUs    30s        200.00 iters/s
step_00250 ✓ [ 100% ] 000/106 VUs    30s        250.00 iters/s
step_00300 ✓ [ 100% ] 000/060 VUs    30s        300.00 iters/s
step_00350 ✓ [ 100% ] 0000/0070 VUs  30s        350.00 iters/s
step_00400 ✓ [ 100% ] 0000/0080 VUs  30s        400.00 iters/s
step_00450 ✓ [ 100% ] 0000/0090 VUs  30s        450.00 iters/s
step_00500 ✓ [ 100% ] 0000/0219 VUs  30s        500.00 iters/s
step_00550 ✓ [ 100% ] 0000/0110 VUs  30s        550.00 iters/s
step_00600 ✓ [ 100% ] 0000/0257 VUs  30s        600.00 iters/s
step_00650 ✓ [ 100% ] 0000/0201 VUs  30s        650.00 iters/s
step_00700 ✓ [ 100% ] 0000/0356 VUs  30s        700.00 iters/s
step_00750   [  57% ] 0584/0609 VUs  17.0s/30s  750.00 iters/s
step_00800 • [   0% ] waiting        0m13.0s   
step_00850 • [   0% ] waiting        0m43.0s   
step_00900 • [   0% ] waiting        1m13.0s   
step_00950 • [   0% ] waiting        1m43.0s   
step_01000 • [   0% ] waiting        2m13.0s   

running (07m17.9s), 0690/1544 VUs, 168727 complete and 0 interrupted iterations
step_00050 ✓ [ 100% ] 000/020 VUs    30s        50.00 iters/s
step_00100 ✓ [ 100% ] 000/020 VUs    30s        100.00 iters/s
step_00150 ✓ [ 100% ] 000/030 VUs    30s        150.00 iters/s
step_00200 ✓ [ 100% ] 000/040 VUs    30s        200.00 iters/s
step_00250 ✓ [ 100% ] 000/106 VUs    30s        250.00 iters/s
step_00300 ✓ [ 100% ] 000/060 VUs    30s        300.00 iters/s
step_00350 ✓ [ 100% ] 0000/0070 VUs  30s        350.00 iters/s
step_00400 ✓ [ 100% ] 0000/0080 VUs  30s        400.00 iters/s
step_00450 ✓ [ 100% ] 0000/0090 VUs  30s        450.00 iters/s
step_00500 ✓ [ 100% ] 0000/0219 VUs  30s        500.00 iters/s
step_00550 ✓ [ 100% ] 0000/0110 VUs  30s        550.00 iters/s
step_00600 ✓ [ 100% ] 0000/0257 VUs  30s        600.00 iters/s
step_00650 ✓ [ 100% ] 0000/0201 VUs  30s        650.00 iters/s
step_00700 ✓ [ 100% ] 0000/0356 VUs  30s        700.00 iters/s
step_00750   [  60% ] 0690/0705 VUs  18.0s/30s  750.00 iters/s
step_00800 • [   0% ] waiting        0m12.0s   
step_00850 • [   0% ] waiting        0m42.0s   
step_00900 • [   0% ] waiting        1m12.0s   
step_00950 • [   0% ] waiting        1m42.0s   
step_01000 • [   0% ] waiting        2m12.0s   

running (07m18.9s), 0681/1547 VUs, 169483 complete and 0 interrupted iterations
step_00050 ✓ [ 100% ] 000/020 VUs    30s        50.00 iters/s
step_00100 ✓ [ 100% ] 000/020 VUs    30s        100.00 iters/s
step_00150 ✓ [ 100% ] 000/030 VUs    30s        150.00 iters/s
step_00200 ✓ [ 100% ] 000/040 VUs    30s        200.00 iters/s
step_00250 ✓ [ 100% ] 000/106 VUs    30s        250.00 iters/s
step_00300 ✓ [ 100% ] 000/060 VUs    30s        300.00 iters/s
step_00350 ✓ [ 100% ] 0000/0070 VUs  30s        350.00 iters/s
step_00400 ✓ [ 100% ] 0000/0080 VUs  30s        400.00 iters/s
step_00450 ✓ [ 100% ] 0000/0090 VUs  30s        450.00 iters/s
step_00500 ✓ [ 100% ] 0000/0219 VUs  30s        500.00 iters/s
step_00550 ✓ [ 100% ] 0000/0110 VUs  30s        550.00 iters/s
step_00600 ✓ [ 100% ] 0000/0257 VUs  30s        600.00 iters/s
step_00650 ✓ [ 100% ] 0000/0201 VUs  30s        650.00 iters/s
step_00700 ✓ [ 100% ] 0000/0356 VUs  30s        700.00 iters/s
step_00750   [  63% ] 0681/0708 VUs  19.0s/30s  750.00 iters/s
step_00800 • [   0% ] waiting        0m11.0s   
step_00850 • [   0% ] waiting        0m41.0s   
step_00900 • [   0% ] waiting        1m11.0s   
step_00950 • [   0% ] waiting        1m41.0s   
step_01000 • [   0% ] waiting        2m11.0s   

running (07m19.9s), 0545/1547 VUs, 170369 complete and 0 interrupted iterations
step_00050 ✓ [ 100% ] 000/020 VUs    30s        50.00 iters/s
step_00100 ✓ [ 100% ] 000/020 VUs    30s        100.00 iters/s
step_00150 ✓ [ 100% ] 000/030 VUs    30s        150.00 iters/s
step_00200 ✓ [ 100% ] 000/040 VUs    30s        200.00 iters/s
step_00250 ✓ [ 100% ] 000/106 VUs    30s        250.00 iters/s
step_00300 ✓ [ 100% ] 000/060 VUs    30s        300.00 iters/s
step_00350 ✓ [ 100% ] 0000/0070 VUs  30s        350.00 iters/s
step_00400 ✓ [ 100% ] 0000/0080 VUs  30s        400.00 iters/s
step_00450 ✓ [ 100% ] 0000/0090 VUs  30s        450.00 iters/s
step_00500 ✓ [ 100% ] 0000/0219 VUs  30s        500.00 iters/s
step_00550 ✓ [ 100% ] 0000/0110 VUs  30s        550.00 iters/s
step_00600 ✓ [ 100% ] 0000/0257 VUs  30s        600.00 iters/s
step_00650 ✓ [ 100% ] 0000/0201 VUs  30s        650.00 iters/s
step_00700 ✓ [ 100% ] 0000/0356 VUs  30s        700.00 iters/s
step_00750   [  67% ] 0545/0708 VUs  20.0s/30s  750.00 iters/s
step_00800 • [   0% ] waiting        0m10.0s   
step_00850 • [   0% ] waiting        0m40.0s   
step_00900 • [   0% ] waiting        1m10.0s   
step_00950 • [   0% ] waiting        1m40.0s   
step_01000 • [   0% ] waiting        2m10.0s   

running (07m20.9s), 0681/1557 VUs, 170970 complete and 0 interrupted iterations
step_00050 ✓ [ 100% ] 000/020 VUs    30s        50.00 iters/s
step_00100 ✓ [ 100% ] 000/020 VUs    30s        100.00 iters/s
step_00150 ✓ [ 100% ] 000/030 VUs    30s        150.00 iters/s
step_00200 ✓ [ 100% ] 000/040 VUs    30s        200.00 iters/s
step_00250 ✓ [ 100% ] 000/106 VUs    30s        250.00 iters/s
step_00300 ✓ [ 100% ] 000/060 VUs    30s        300.00 iters/s
step_00350 ✓ [ 100% ] 0000/0070 VUs  30s        350.00 iters/s
step_00400 ✓ [ 100% ] 0000/0080 VUs  30s        400.00 iters/s
step_00450 ✓ [ 100% ] 0000/0090 VUs  30s        450.00 iters/s
step_00500 ✓ [ 100% ] 0000/0219 VUs  30s        500.00 iters/s
step_00550 ✓ [ 100% ] 0000/0110 VUs  30s        550.00 iters/s
step_00600 ✓ [ 100% ] 0000/0257 VUs  30s        600.00 iters/s
step_00650 ✓ [ 100% ] 0000/0201 VUs  30s        650.00 iters/s
step_00700 ✓ [ 100% ] 0000/0356 VUs  30s        700.00 iters/s
step_00750   [  70% ] 0681/0718 VUs  21.0s/30s  750.00 iters/s
step_00800 • [   0% ] waiting        0m09.0s   
step_00850 • [   0% ] waiting        0m39.0s   
step_00900 • [   0% ] waiting        1m09.0s   
step_00950 • [   0% ] waiting        1m39.0s   
step_01000 • [   0% ] waiting        2m09.0s   

running (07m21.9s), 0513/1557 VUs, 171888 complete and 0 interrupted iterations
step_00050 ✓ [ 100% ] 000/020 VUs    30s        50.00 iters/s
step_00100 ✓ [ 100% ] 000/020 VUs    30s        100.00 iters/s
step_00150 ✓ [ 100% ] 000/030 VUs    30s        150.00 iters/s
step_00200 ✓ [ 100% ] 000/040 VUs    30s        200.00 iters/s
step_00250 ✓ [ 100% ] 000/106 VUs    30s        250.00 iters/s
step_00300 ✓ [ 100% ] 000/060 VUs    30s        300.00 iters/s
step_00350 ✓ [ 100% ] 0000/0070 VUs  30s        350.00 iters/s
step_00400 ✓ [ 100% ] 0000/0080 VUs  30s        400.00 iters/s
step_00450 ✓ [ 100% ] 0000/0090 VUs  30s        450.00 iters/s
step_00500 ✓ [ 100% ] 0000/0219 VUs  30s        500.00 iters/s
step_00550 ✓ [ 100% ] 0000/0110 VUs  30s        550.00 iters/s
step_00600 ✓ [ 100% ] 0000/0257 VUs  30s        600.00 iters/s
step_00650 ✓ [ 100% ] 0000/0201 VUs  30s        650.00 iters/s
step_00700 ✓ [ 100% ] 0000/0356 VUs  30s        700.00 iters/s
step_00750   [  73% ] 0513/0718 VUs  22.0s/30s  750.00 iters/s
step_00800 • [   0% ] waiting        0m08.0s   
step_00850 • [   0% ] waiting        0m38.0s   
step_00900 • [   0% ] waiting        1m08.0s   
step_00950 • [   0% ] waiting        1m38.0s   
step_01000 • [   0% ] waiting        2m08.0s   

running (07m22.9s), 0370/1557 VUs, 172781 complete and 0 interrupted iterations
step_00050 ✓ [ 100% ] 000/020 VUs    30s        50.00 iters/s
step_00100 ✓ [ 100% ] 000/020 VUs    30s        100.00 iters/s
step_00150 ✓ [ 100% ] 000/030 VUs    30s        150.00 iters/s
step_00200 ✓ [ 100% ] 000/040 VUs    30s        200.00 iters/s
step_00250 ✓ [ 100% ] 000/106 VUs    30s        250.00 iters/s
step_00300 ✓ [ 100% ] 000/060 VUs    30s        300.00 iters/s
step_00350 ✓ [ 100% ] 0000/0070 VUs  30s        350.00 iters/s
step_00400 ✓ [ 100% ] 0000/0080 VUs  30s        400.00 iters/s
step_00450 ✓ [ 100% ] 0000/0090 VUs  30s        450.00 iters/s
step_00500 ✓ [ 100% ] 0000/0219 VUs  30s        500.00 iters/s
step_00550 ✓ [ 100% ] 0000/0110 VUs  30s        550.00 iters/s
step_00600 ✓ [ 100% ] 0000/0257 VUs  30s        600.00 iters/s
step_00650 ✓ [ 100% ] 0000/0201 VUs  30s        650.00 iters/s
step_00700 ✓ [ 100% ] 0000/0356 VUs  30s        700.00 iters/s
step_00750   [  77% ] 0370/0718 VUs  23.0s/30s  750.00 iters/s
step_00800 • [   0% ] waiting        0m07.0s   
step_00850 • [   0% ] waiting        0m37.0s   
step_00900 • [   0% ] waiting        1m07.0s   
step_00950 • [   0% ] waiting        1m37.0s   
step_01000 • [   0% ] waiting        2m07.0s   

running (07m23.9s), 0383/1557 VUs, 173518 complete and 0 interrupted iterations
step_00050 ✓ [ 100% ] 000/020 VUs    30s        50.00 iters/s
step_00100 ✓ [ 100% ] 000/020 VUs    30s        100.00 iters/s
step_00150 ✓ [ 100% ] 000/030 VUs    30s        150.00 iters/s
step_00200 ✓ [ 100% ] 000/040 VUs    30s        200.00 iters/s
step_00250 ✓ [ 100% ] 000/106 VUs    30s        250.00 iters/s
step_00300 ✓ [ 100% ] 000/060 VUs    30s        300.00 iters/s
step_00350 ✓ [ 100% ] 0000/0070 VUs  30s        350.00 iters/s
step_00400 ✓ [ 100% ] 0000/0080 VUs  30s        400.00 iters/s
step_00450 ✓ [ 100% ] 0000/0090 VUs  30s        450.00 iters/s
step_00500 ✓ [ 100% ] 0000/0219 VUs  30s        500.00 iters/s
step_00550 ✓ [ 100% ] 0000/0110 VUs  30s        550.00 iters/s
step_00600 ✓ [ 100% ] 0000/0257 VUs  30s        600.00 iters/s
step_00650 ✓ [ 100% ] 0000/0201 VUs  30s        650.00 iters/s
step_00700 ✓ [ 100% ] 0000/0356 VUs  30s        700.00 iters/s
step_00750   [  80% ] 0383/0718 VUs  24.0s/30s  750.00 iters/s
step_00800 • [   0% ] waiting        0m06.0s   
step_00850 • [   0% ] waiting        0m36.0s   
step_00900 • [   0% ] waiting        1m06.0s   
step_00950 • [   0% ] waiting        1m36.0s   
step_01000 • [   0% ] waiting        2m06.0s   

running (07m24.9s), 0455/1557 VUs, 174196 complete and 0 interrupted iterations
step_00050 ✓ [ 100% ] 000/020 VUs    30s        50.00 iters/s
step_00100 ✓ [ 100% ] 000/020 VUs    30s        100.00 iters/s
step_00150 ✓ [ 100% ] 000/030 VUs    30s        150.00 iters/s
step_00200 ✓ [ 100% ] 000/040 VUs    30s        200.00 iters/s
step_00250 ✓ [ 100% ] 000/106 VUs    30s        250.00 iters/s
step_00300 ✓ [ 100% ] 000/060 VUs    30s        300.00 iters/s
step_00350 ✓ [ 100% ] 0000/0070 VUs  30s        350.00 iters/s
step_00400 ✓ [ 100% ] 0000/0080 VUs  30s        400.00 iters/s
step_00450 ✓ [ 100% ] 0000/0090 VUs  30s        450.00 iters/s
step_00500 ✓ [ 100% ] 0000/0219 VUs  30s        500.00 iters/s
step_00550 ✓ [ 100% ] 0000/0110 VUs  30s        550.00 iters/s
step_00600 ✓ [ 100% ] 0000/0257 VUs  30s        600.00 iters/s
step_00650 ✓ [ 100% ] 0000/0201 VUs  30s        650.00 iters/s
step_00700 ✓ [ 100% ] 0000/0356 VUs  30s        700.00 iters/s
step_00750   [  83% ] 0455/0718 VUs  25.0s/30s  750.00 iters/s
step_00800 • [   0% ] waiting        0m05.0s   
step_00850 • [   0% ] waiting        0m35.0s   
step_00900 • [   0% ] waiting        1m05.0s   
step_00950 • [   0% ] waiting        1m35.0s   
step_01000 • [   0% ] waiting        2m05.0s   

running (07m25.9s), 0474/1557 VUs, 174926 complete and 0 interrupted iterations
step_00050 ✓ [ 100% ] 000/020 VUs    30s        50.00 iters/s
step_00100 ✓ [ 100% ] 000/020 VUs    30s        100.00 iters/s
step_00150 ✓ [ 100% ] 000/030 VUs    30s        150.00 iters/s
step_00200 ✓ [ 100% ] 000/040 VUs    30s        200.00 iters/s
step_00250 ✓ [ 100% ] 000/106 VUs    30s        250.00 iters/s
step_00300 ✓ [ 100% ] 000/060 VUs    30s        300.00 iters/s
step_00350 ✓ [ 100% ] 0000/0070 VUs  30s        350.00 iters/s
step_00400 ✓ [ 100% ] 0000/0080 VUs  30s        400.00 iters/s
step_00450 ✓ [ 100% ] 0000/0090 VUs  30s        450.00 iters/s
step_00500 ✓ [ 100% ] 0000/0219 VUs  30s        500.00 iters/s
step_00550 ✓ [ 100% ] 0000/0110 VUs  30s        550.00 iters/s
step_00600 ✓ [ 100% ] 0000/0257 VUs  30s        600.00 iters/s
step_00650 ✓ [ 100% ] 0000/0201 VUs  30s        650.00 iters/s
step_00700 ✓ [ 100% ] 0000/0356 VUs  30s        700.00 iters/s
step_00750   [  87% ] 0474/0718 VUs  26.0s/30s  750.00 iters/s
step_00800 • [   0% ] waiting        0m04.0s   
step_00850 • [   0% ] waiting        0m34.0s   
step_00900 • [   0% ] waiting        1m04.0s   
step_00950 • [   0% ] waiting        1m34.0s   
step_01000 • [   0% ] waiting        2m04.0s   

running (07m26.9s), 0210/1557 VUs, 175941 complete and 0 interrupted iterations
step_00050 ✓ [ 100% ] 000/020 VUs    30s        50.00 iters/s
step_00100 ✓ [ 100% ] 000/020 VUs    30s        100.00 iters/s
step_00150 ✓ [ 100% ] 000/030 VUs    30s        150.00 iters/s
step_00200 ✓ [ 100% ] 000/040 VUs    30s        200.00 iters/s
step_00250 ✓ [ 100% ] 000/106 VUs    30s        250.00 iters/s
step_00300 ✓ [ 100% ] 000/060 VUs    30s        300.00 iters/s
step_00350 ✓ [ 100% ] 0000/0070 VUs  30s        350.00 iters/s
step_00400 ✓ [ 100% ] 0000/0080 VUs  30s        400.00 iters/s
step_00450 ✓ [ 100% ] 0000/0090 VUs  30s        450.00 iters/s
step_00500 ✓ [ 100% ] 0000/0219 VUs  30s        500.00 iters/s
step_00550 ✓ [ 100% ] 0000/0110 VUs  30s        550.00 iters/s
step_00600 ✓ [ 100% ] 0000/0257 VUs  30s        600.00 iters/s
step_00650 ✓ [ 100% ] 0000/0201 VUs  30s        650.00 iters/s
step_00700 ✓ [ 100% ] 0000/0356 VUs  30s        700.00 iters/s
step_00750   [  90% ] 0210/0718 VUs  27.0s/30s  750.00 iters/s
step_00800 • [   0% ] waiting        0m03.0s   
step_00850 • [   0% ] waiting        0m33.0s   
step_00900 • [   0% ] waiting        1m03.0s   
step_00950 • [   0% ] waiting        1m33.0s   
step_01000 • [   0% ] waiting        2m03.0s   

running (07m27.9s), 0019/1557 VUs, 176882 complete and 0 interrupted iterations
step_00050 ✓ [ 100% ] 000/020 VUs    30s        50.00 iters/s
step_00100 ✓ [ 100% ] 000/020 VUs    30s        100.00 iters/s
step_00150 ✓ [ 100% ] 000/030 VUs    30s        150.00 iters/s
step_00200 ✓ [ 100% ] 000/040 VUs    30s        200.00 iters/s
step_00250 ✓ [ 100% ] 000/106 VUs    30s        250.00 iters/s
step_00300 ✓ [ 100% ] 000/060 VUs    30s        300.00 iters/s
step_00350 ✓ [ 100% ] 0000/0070 VUs  30s        350.00 iters/s
step_00400 ✓ [ 100% ] 0000/0080 VUs  30s        400.00 iters/s
step_00450 ✓ [ 100% ] 0000/0090 VUs  30s        450.00 iters/s
step_00500 ✓ [ 100% ] 0000/0219 VUs  30s        500.00 iters/s
step_00550 ✓ [ 100% ] 0000/0110 VUs  30s        550.00 iters/s
step_00600 ✓ [ 100% ] 0000/0257 VUs  30s        600.00 iters/s
step_00650 ✓ [ 100% ] 0000/0201 VUs  30s        650.00 iters/s
step_00700 ✓ [ 100% ] 0000/0356 VUs  30s        700.00 iters/s
step_00750   [  93% ] 0019/0718 VUs  28.0s/30s  750.00 iters/s
step_00800 • [   0% ] waiting        0m02.0s   
step_00850 • [   0% ] waiting        0m32.0s   
step_00900 • [   0% ] waiting        1m02.0s   
step_00950 • [   0% ] waiting        1m32.0s   
step_01000 • [   0% ] waiting        2m02.0s   

running (07m28.9s), 0002/1557 VUs, 177649 complete and 0 interrupted iterations
step_00050 ✓ [ 100% ] 000/020 VUs    30s        50.00 iters/s
step_00100 ✓ [ 100% ] 000/020 VUs    30s        100.00 iters/s
step_00150 ✓ [ 100% ] 000/030 VUs    30s        150.00 iters/s
step_00200 ✓ [ 100% ] 000/040 VUs    30s        200.00 iters/s
step_00250 ✓ [ 100% ] 000/106 VUs    30s        250.00 iters/s
step_00300 ✓ [ 100% ] 000/060 VUs    30s        300.00 iters/s
step_00350 ✓ [ 100% ] 0000/0070 VUs  30s        350.00 iters/s
step_00400 ✓ [ 100% ] 0000/0080 VUs  30s        400.00 iters/s
step_00450 ✓ [ 100% ] 0000/0090 VUs  30s        450.00 iters/s
step_00500 ✓ [ 100% ] 0000/0219 VUs  30s        500.00 iters/s
step_00550 ✓ [ 100% ] 0000/0110 VUs  30s        550.00 iters/s
step_00600 ✓ [ 100% ] 0000/0257 VUs  30s        600.00 iters/s
step_00650 ✓ [ 100% ] 0000/0201 VUs  30s        650.00 iters/s
step_00700 ✓ [ 100% ] 0000/0356 VUs  30s        700.00 iters/s
step_00750   [  97% ] 0002/0718 VUs  29.0s/30s  750.00 iters/s
step_00800 • [   0% ] waiting        0m01.0s   
step_00850 • [   0% ] waiting        0m31.0s   
step_00900 • [   0% ] waiting        1m01.0s   
step_00950 • [   0% ] waiting        1m31.0s   
step_01000 • [   0% ] waiting        2m01.0s   

running (07m29.9s), 0051/1557 VUs, 178350 complete and 0 interrupted iterations
step_00050 ✓ [ 100% ] 000/020 VUs    30s        50.00 iters/s
step_00100 ✓ [ 100% ] 000/020 VUs    30s        100.00 iters/s
step_00150 ✓ [ 100% ] 000/030 VUs    30s        150.00 iters/s
step_00200 ✓ [ 100% ] 000/040 VUs    30s        200.00 iters/s
step_00250 ✓ [ 100% ] 000/106 VUs    30s        250.00 iters/s
step_00300 ✓ [ 100% ] 000/060 VUs    30s        300.00 iters/s
step_00350 ✓ [ 100% ] 0000/0070 VUs  30s        350.00 iters/s
step_00400 ✓ [ 100% ] 0000/0080 VUs  30s        400.00 iters/s
step_00450 ✓ [ 100% ] 0000/0090 VUs  30s        450.00 iters/s
step_00500 ✓ [ 100% ] 0000/0219 VUs  30s        500.00 iters/s
step_00550 ✓ [ 100% ] 0000/0110 VUs  30s        550.00 iters/s
step_00600 ✓ [ 100% ] 0000/0257 VUs  30s        600.00 iters/s
step_00650 ✓ [ 100% ] 0000/0201 VUs  30s        650.00 iters/s
step_00700 ✓ [ 100% ] 0000/0356 VUs  30s        700.00 iters/s
step_00750   [ 100% ] 0051/0718 VUs  30.0s/30s  750.00 iters/s
step_00800 • [   0% ] waiting        0m00.0s   
step_00850 • [   0% ] waiting        0m30.0s   
step_00900 • [   0% ] waiting        1m00.0s   
step_00950 • [   0% ] waiting        1m30.0s   
step_01000 • [   0% ] waiting        2m00.0s   

running (07m30.9s), 0155/1568 VUs, 179031 complete and 0 interrupted iterations
step_00050 ✓ [ 100% ] 000/020 VUs    30s        50.00 iters/s
step_00100 ✓ [ 100% ] 000/020 VUs    30s        100.00 iters/s
step_00150 ✓ [ 100% ] 000/030 VUs    30s        150.00 iters/s
step_00200 ✓ [ 100% ] 000/040 VUs    30s        200.00 iters/s
step_00250 ✓ [ 100% ] 000/106 VUs    30s        250.00 iters/s
step_00300 ✓ [ 100% ] 000/060 VUs    30s        300.00 iters/s
step_00350 ✓ [ 100% ] 0000/0070 VUs  30s        350.00 iters/s
step_00400 ✓ [ 100% ] 0000/0080 VUs  30s        400.00 iters/s
step_00450 ✓ [ 100% ] 0000/0090 VUs  30s        450.00 iters/s
step_00500 ✓ [ 100% ] 0000/0219 VUs  30s        500.00 iters/s
step_00550 ✓ [ 100% ] 0000/0110 VUs  30s        550.00 iters/s
step_00600 ✓ [ 100% ] 0000/0257 VUs  30s        600.00 iters/s
step_00650 ✓ [ 100% ] 0000/0201 VUs  30s        650.00 iters/s
step_00700 ✓ [ 100% ] 0000/0356 VUs  30s        700.00 iters/s
step_00750 ✓ [ 100% ] 0000/0718 VUs  30s        750.00 iters/s
step_00800   [   3% ] 0155/0171 VUs  01.0s/30s  800.00 iters/s
step_00850 • [   0% ] waiting        0m29.0s   
step_00900 • [   0% ] waiting        0m59.0s   
step_00950 • [   0% ] waiting        1m29.0s   
step_01000 • [   0% ] waiting        1m59.0s   

running (07m31.9s), 0261/1699 VUs, 179581 complete and 0 interrupted iterations
step_00050 ✓ [ 100% ] 000/020 VUs    30s        50.00 iters/s
step_00100 ✓ [ 100% ] 000/020 VUs    30s        100.00 iters/s
step_00150 ✓ [ 100% ] 000/030 VUs    30s        150.00 iters/s
step_00200 ✓ [ 100% ] 000/040 VUs    30s        200.00 iters/s
step_00250 ✓ [ 100% ] 000/106 VUs    30s        250.00 iters/s
step_00300 ✓ [ 100% ] 000/060 VUs    30s        300.00 iters/s
step_00350 ✓ [ 100% ] 0000/0070 VUs  30s        350.00 iters/s
step_00400 ✓ [ 100% ] 0000/0080 VUs  30s        400.00 iters/s
step_00450 ✓ [ 100% ] 0000/0090 VUs  30s        450.00 iters/s
step_00500 ✓ [ 100% ] 0000/0219 VUs  30s        500.00 iters/s
step_00550 ✓ [ 100% ] 0000/0110 VUs  30s        550.00 iters/s
step_00600 ✓ [ 100% ] 0000/0257 VUs  30s        600.00 iters/s
step_00650 ✓ [ 100% ] 0000/0201 VUs  30s        650.00 iters/s
step_00700 ✓ [ 100% ] 0000/0356 VUs  30s        700.00 iters/s
step_00750 ✓ [ 100% ] 0000/0718 VUs  30s        750.00 iters/s
step_00800   [   7% ] 0261/0302 VUs  02.0s/30s  800.00 iters/s
step_00850 • [   0% ] waiting        0m28.0s   
step_00900 • [   0% ] waiting        0m58.0s   
step_00950 • [   0% ] waiting        1m28.0s   
step_01000 • [   0% ] waiting        1m58.0s   

running (07m32.9s), 0266/1699 VUs, 180376 complete and 0 interrupted iterations
step_00050 ✓ [ 100% ] 000/020 VUs    30s        50.00 iters/s
step_00100 ✓ [ 100% ] 000/020 VUs    30s        100.00 iters/s
step_00150 ✓ [ 100% ] 000/030 VUs    30s        150.00 iters/s
step_00200 ✓ [ 100% ] 000/040 VUs    30s        200.00 iters/s
step_00250 ✓ [ 100% ] 000/106 VUs    30s        250.00 iters/s
step_00300 ✓ [ 100% ] 000/060 VUs    30s        300.00 iters/s
step_00350 ✓ [ 100% ] 0000/0070 VUs  30s        350.00 iters/s
step_00400 ✓ [ 100% ] 0000/0080 VUs  30s        400.00 iters/s
step_00450 ✓ [ 100% ] 0000/0090 VUs  30s        450.00 iters/s
step_00500 ✓ [ 100% ] 0000/0219 VUs  30s        500.00 iters/s
step_00550 ✓ [ 100% ] 0000/0110 VUs  30s        550.00 iters/s
step_00600 ✓ [ 100% ] 0000/0257 VUs  30s        600.00 iters/s
step_00650 ✓ [ 100% ] 0000/0201 VUs  30s        650.00 iters/s
step_00700 ✓ [ 100% ] 0000/0356 VUs  30s        700.00 iters/s
step_00750 ✓ [ 100% ] 0000/0718 VUs  30s        750.00 iters/s
step_00800   [  10% ] 0266/0302 VUs  03.0s/30s  800.00 iters/s
step_00850 • [   0% ] waiting        0m27.0s   
step_00900 • [   0% ] waiting        0m57.0s   
step_00950 • [   0% ] waiting        1m27.0s   
step_01000 • [   0% ] waiting        1m57.0s   

running (07m33.9s), 0324/1750 VUs, 181060 complete and 0 interrupted iterations
step_00050 ✓ [ 100% ] 000/020 VUs    30s        50.00 iters/s
step_00100 ✓ [ 100% ] 000/020 VUs    30s        100.00 iters/s
step_00150 ✓ [ 100% ] 000/030 VUs    30s        150.00 iters/s
step_00200 ✓ [ 100% ] 000/040 VUs    30s        200.00 iters/s
step_00250 ✓ [ 100% ] 000/106 VUs    30s        250.00 iters/s
step_00300 ✓ [ 100% ] 000/060 VUs    30s        300.00 iters/s
step_00350 ✓ [ 100% ] 0000/0070 VUs  30s        350.00 iters/s
step_00400 ✓ [ 100% ] 0000/0080 VUs  30s        400.00 iters/s
step_00450 ✓ [ 100% ] 0000/0090 VUs  30s        450.00 iters/s
step_00500 ✓ [ 100% ] 0000/0219 VUs  30s        500.00 iters/s
step_00550 ✓ [ 100% ] 0000/0110 VUs  30s        550.00 iters/s
step_00600 ✓ [ 100% ] 0000/0257 VUs  30s        600.00 iters/s
step_00650 ✓ [ 100% ] 0000/0201 VUs  30s        650.00 iters/s
step_00700 ✓ [ 100% ] 0000/0356 VUs  30s        700.00 iters/s
step_00750 ✓ [ 100% ] 0000/0718 VUs  30s        750.00 iters/s
step_00800   [  13% ] 0324/0353 VUs  04.0s/30s  800.00 iters/s
step_00850 • [   0% ] waiting        0m26.0s   
step_00900 • [   0% ] waiting        0m56.0s   
step_00950 • [   0% ] waiting        1m26.0s   
step_01000 • [   0% ] waiting        1m56.0s   

running (07m34.9s), 0419/1818 VUs, 181689 complete and 0 interrupted iterations
step_00050 ✓ [ 100% ] 000/020 VUs    30s        50.00 iters/s
step_00100 ✓ [ 100% ] 000/020 VUs    30s        100.00 iters/s
step_00150 ✓ [ 100% ] 000/030 VUs    30s        150.00 iters/s
step_00200 ✓ [ 100% ] 000/040 VUs    30s        200.00 iters/s
step_00250 ✓ [ 100% ] 000/106 VUs    30s        250.00 iters/s
step_00300 ✓ [ 100% ] 000/060 VUs    30s        300.00 iters/s
step_00350 ✓ [ 100% ] 0000/0070 VUs  30s        350.00 iters/s
step_00400 ✓ [ 100% ] 0000/0080 VUs  30s        400.00 iters/s
step_00450 ✓ [ 100% ] 0000/0090 VUs  30s        450.00 iters/s
step_00500 ✓ [ 100% ] 0000/0219 VUs  30s        500.00 iters/s
step_00550 ✓ [ 100% ] 0000/0110 VUs  30s        550.00 iters/s
step_00600 ✓ [ 100% ] 0000/0257 VUs  30s        600.00 iters/s
step_00650 ✓ [ 100% ] 0000/0201 VUs  30s        650.00 iters/s
step_00700 ✓ [ 100% ] 0000/0356 VUs  30s        700.00 iters/s
step_00750 ✓ [ 100% ] 0000/0718 VUs  30s        750.00 iters/s
step_00800   [  17% ] 0419/0421 VUs  05.0s/30s  800.00 iters/s
step_00850 • [   0% ] waiting        0m25.0s   
step_00900 • [   0% ] waiting        0m55.0s   
step_00950 • [   0% ] waiting        1m25.0s   
step_01000 • [   0% ] waiting        1m55.0s   

running (07m35.9s), 0558/1958 VUs, 182168 complete and 0 interrupted iterations
step_00050 ✓ [ 100% ] 000/020 VUs    30s        50.00 iters/s
step_00100 ✓ [ 100% ] 000/020 VUs    30s        100.00 iters/s
step_00150 ✓ [ 100% ] 000/030 VUs    30s        150.00 iters/s
step_00200 ✓ [ 100% ] 000/040 VUs    30s        200.00 iters/s
step_00250 ✓ [ 100% ] 000/106 VUs    30s        250.00 iters/s
step_00300 ✓ [ 100% ] 000/060 VUs    30s        300.00 iters/s
step_00350 ✓ [ 100% ] 0000/0070 VUs  30s        350.00 iters/s
step_00400 ✓ [ 100% ] 0000/0080 VUs  30s        400.00 iters/s
step_00450 ✓ [ 100% ] 0000/0090 VUs  30s        450.00 iters/s
step_00500 ✓ [ 100% ] 0000/0219 VUs  30s        500.00 iters/s
step_00550 ✓ [ 100% ] 0000/0110 VUs  30s        550.00 iters/s
step_00600 ✓ [ 100% ] 0000/0257 VUs  30s        600.00 iters/s
step_00650 ✓ [ 100% ] 0000/0201 VUs  30s        650.00 iters/s
step_00700 ✓ [ 100% ] 0000/0356 VUs  30s        700.00 iters/s
step_00750 ✓ [ 100% ] 0000/0718 VUs  30s        750.00 iters/s
step_00800   [  20% ] 0558/0561 VUs  06.0s/30s  800.00 iters/s
step_00850 • [   0% ] waiting        0m24.0s   
step_00900 • [   0% ] waiting        0m54.0s   
step_00950 • [   0% ] waiting        1m24.0s   
step_01000 • [   0% ] waiting        1m54.0s   

running (07m36.9s), 0682/2085 VUs, 182560 complete and 0 interrupted iterations
step_00050 ✓ [ 100% ] 000/020 VUs    30s        50.00 iters/s
step_00100 ✓ [ 100% ] 000/020 VUs    30s        100.00 iters/s
step_00150 ✓ [ 100% ] 000/030 VUs    30s        150.00 iters/s
step_00200 ✓ [ 100% ] 000/040 VUs    30s        200.00 iters/s
step_00250 ✓ [ 100% ] 000/106 VUs    30s        250.00 iters/s
step_00300 ✓ [ 100% ] 000/060 VUs    30s        300.00 iters/s
step_00350 ✓ [ 100% ] 0000/0070 VUs  30s        350.00 iters/s
step_00400 ✓ [ 100% ] 0000/0080 VUs  30s        400.00 iters/s
step_00450 ✓ [ 100% ] 0000/0090 VUs  30s        450.00 iters/s
step_00500 ✓ [ 100% ] 0000/0219 VUs  30s        500.00 iters/s
step_00550 ✓ [ 100% ] 0000/0110 VUs  30s        550.00 iters/s
step_00600 ✓ [ 100% ] 0000/0257 VUs  30s        600.00 iters/s
step_00650 ✓ [ 100% ] 0000/0201 VUs  30s        650.00 iters/s
step_00700 ✓ [ 100% ] 0000/0356 VUs  30s        700.00 iters/s
step_00750 ✓ [ 100% ] 0000/0718 VUs  30s        750.00 iters/s
step_00800   [  23% ] 0682/0688 VUs  07.0s/30s  800.00 iters/s
step_00850 • [   0% ] waiting        0m23.0s   
step_00900 • [   0% ] waiting        0m53.0s   
step_00950 • [   0% ] waiting        1m23.0s   
step_01000 • [   0% ] waiting        1m53.0s   

running (07m37.9s), 0791/2195 VUs, 183124 complete and 0 interrupted iterations
step_00050 ✓ [ 100% ] 000/020 VUs    30s        50.00 iters/s
step_00100 ✓ [ 100% ] 000/020 VUs    30s        100.00 iters/s
step_00150 ✓ [ 100% ] 000/030 VUs    30s        150.00 iters/s
step_00200 ✓ [ 100% ] 000/040 VUs    30s        200.00 iters/s
step_00250 ✓ [ 100% ] 000/106 VUs    30s        250.00 iters/s
step_00300 ✓ [ 100% ] 000/060 VUs    30s        300.00 iters/s
step_00350 ✓ [ 100% ] 0000/0070 VUs  30s        350.00 iters/s
step_00400 ✓ [ 100% ] 0000/0080 VUs  30s        400.00 iters/s
step_00450 ✓ [ 100% ] 0000/0090 VUs  30s        450.00 iters/s
step_00500 ✓ [ 100% ] 0000/0219 VUs  30s        500.00 iters/s
step_00550 ✓ [ 100% ] 0000/0110 VUs  30s        550.00 iters/s
step_00600 ✓ [ 100% ] 0000/0257 VUs  30s        600.00 iters/s
step_00650 ✓ [ 100% ] 0000/0201 VUs  30s        650.00 iters/s
step_00700 ✓ [ 100% ] 0000/0356 VUs  30s        700.00 iters/s
step_00750 ✓ [ 100% ] 0000/0718 VUs  30s        750.00 iters/s
step_00800   [  27% ] 0791/0798 VUs  08.0s/30s  800.00 iters/s
step_00850 • [   0% ] waiting        0m22.0s   
step_00900 • [   0% ] waiting        0m52.0s   
step_00950 • [   0% ] waiting        1m22.0s   
step_01000 • [   0% ] waiting        1m52.0s   

running (07m38.9s), 0818/2237 VUs, 183850 complete and 0 interrupted iterations
step_00050 ✓ [ 100% ] 000/020 VUs    30s        50.00 iters/s
step_00100 ✓ [ 100% ] 000/020 VUs    30s        100.00 iters/s
step_00150 ✓ [ 100% ] 000/030 VUs    30s        150.00 iters/s
step_00200 ✓ [ 100% ] 000/040 VUs    30s        200.00 iters/s
step_00250 ✓ [ 100% ] 000/106 VUs    30s        250.00 iters/s
step_00300 ✓ [ 100% ] 000/060 VUs    30s        300.00 iters/s
step_00350 ✓ [ 100% ] 0000/0070 VUs  30s        350.00 iters/s
step_00400 ✓ [ 100% ] 0000/0080 VUs  30s        400.00 iters/s
step_00450 ✓ [ 100% ] 0000/0090 VUs  30s        450.00 iters/s
step_00500 ✓ [ 100% ] 0000/0219 VUs  30s        500.00 iters/s
step_00550 ✓ [ 100% ] 0000/0110 VUs  30s        550.00 iters/s
step_00600 ✓ [ 100% ] 0000/0257 VUs  30s        600.00 iters/s
step_00650 ✓ [ 100% ] 0000/0201 VUs  30s        650.00 iters/s
step_00700 ✓ [ 100% ] 0000/0356 VUs  30s        700.00 iters/s
step_00750 ✓ [ 100% ] 0000/0718 VUs  30s        750.00 iters/s
step_00800   [  30% ] 0818/0840 VUs  09.0s/30s  800.00 iters/s
step_00850 • [   0% ] waiting        0m21.0s   
step_00900 • [   0% ] waiting        0m51.0s   
step_00950 • [   0% ] waiting        1m21.0s   
step_01000 • [   0% ] waiting        1m51.0s   

running (07m39.9s), 0890/2346 VUs, 184444 complete and 0 interrupted iterations
step_00050 ✓ [ 100% ] 000/020 VUs    30s        50.00 iters/s
step_00100 ✓ [ 100% ] 000/020 VUs    30s        100.00 iters/s
step_00150 ✓ [ 100% ] 000/030 VUs    30s        150.00 iters/s
step_00200 ✓ [ 100% ] 000/040 VUs    30s        200.00 iters/s
step_00250 ✓ [ 100% ] 000/106 VUs    30s        250.00 iters/s
step_00300 ✓ [ 100% ] 000/060 VUs    30s        300.00 iters/s
step_00350 ✓ [ 100% ] 0000/0070 VUs  30s        350.00 iters/s
step_00400 ✓ [ 100% ] 0000/0080 VUs  30s        400.00 iters/s
step_00450 ✓ [ 100% ] 0000/0090 VUs  30s        450.00 iters/s
step_00500 ✓ [ 100% ] 0000/0219 VUs  30s        500.00 iters/s
step_00550 ✓ [ 100% ] 0000/0110 VUs  30s        550.00 iters/s
step_00600 ✓ [ 100% ] 0000/0257 VUs  30s        600.00 iters/s
step_00650 ✓ [ 100% ] 0000/0201 VUs  30s        650.00 iters/s
step_00700 ✓ [ 100% ] 0000/0356 VUs  30s        700.00 iters/s
step_00750 ✓ [ 100% ] 0000/0718 VUs  30s        750.00 iters/s
step_00800   [  33% ] 0890/0949 VUs  10.0s/30s  800.00 iters/s
step_00850 • [   0% ] waiting        0m20.0s   
step_00900 • [   0% ] waiting        0m50.0s   
step_00950 • [   0% ] waiting        1m20.0s   
step_01000 • [   0% ] waiting        1m50.0s   

running (07m40.9s), 0863/2346 VUs, 185271 complete and 0 interrupted iterations
step_00050 ✓ [ 100% ] 000/020 VUs    30s        50.00 iters/s
step_00100 ✓ [ 100% ] 000/020 VUs    30s        100.00 iters/s
step_00150 ✓ [ 100% ] 000/030 VUs    30s        150.00 iters/s
step_00200 ✓ [ 100% ] 000/040 VUs    30s        200.00 iters/s
step_00250 ✓ [ 100% ] 000/106 VUs    30s        250.00 iters/s
step_00300 ✓ [ 100% ] 000/060 VUs    30s        300.00 iters/s
step_00350 ✓ [ 100% ] 0000/0070 VUs  30s        350.00 iters/s
step_00400 ✓ [ 100% ] 0000/0080 VUs  30s        400.00 iters/s
step_00450 ✓ [ 100% ] 0000/0090 VUs  30s        450.00 iters/s
step_00500 ✓ [ 100% ] 0000/0219 VUs  30s        500.00 iters/s
step_00550 ✓ [ 100% ] 0000/0110 VUs  30s        550.00 iters/s
step_00600 ✓ [ 100% ] 0000/0257 VUs  30s        600.00 iters/s
step_00650 ✓ [ 100% ] 0000/0201 VUs  30s        650.00 iters/s
step_00700 ✓ [ 100% ] 0000/0356 VUs  30s        700.00 iters/s
step_00750 ✓ [ 100% ] 0000/0718 VUs  30s        750.00 iters/s
step_00800   [  37% ] 0863/0949 VUs  11.0s/30s  800.00 iters/s
step_00850 • [   0% ] waiting        0m19.0s   
step_00900 • [   0% ] waiting        0m49.0s   
step_00950 • [   0% ] waiting        1m19.0s   
step_01000 • [   0% ] waiting        1m49.0s   

running (07m41.9s), 0839/2346 VUs, 186095 complete and 0 interrupted iterations
step_00050 ✓ [ 100% ] 000/020 VUs    30s        50.00 iters/s
step_00100 ✓ [ 100% ] 000/020 VUs    30s        100.00 iters/s
step_00150 ✓ [ 100% ] 000/030 VUs    30s        150.00 iters/s
step_00200 ✓ [ 100% ] 000/040 VUs    30s        200.00 iters/s
step_00250 ✓ [ 100% ] 000/106 VUs    30s        250.00 iters/s
step_00300 ✓ [ 100% ] 000/060 VUs    30s        300.00 iters/s
step_00350 ✓ [ 100% ] 0000/0070 VUs  30s        350.00 iters/s
step_00400 ✓ [ 100% ] 0000/0080 VUs  30s        400.00 iters/s
step_00450 ✓ [ 100% ] 0000/0090 VUs  30s        450.00 iters/s
step_00500 ✓ [ 100% ] 0000/0219 VUs  30s        500.00 iters/s
step_00550 ✓ [ 100% ] 0000/0110 VUs  30s        550.00 iters/s
step_00600 ✓ [ 100% ] 0000/0257 VUs  30s        600.00 iters/s
step_00650 ✓ [ 100% ] 0000/0201 VUs  30s        650.00 iters/s
step_00700 ✓ [ 100% ] 0000/0356 VUs  30s        700.00 iters/s
step_00750 ✓ [ 100% ] 0000/0718 VUs  30s        750.00 iters/s
step_00800   [  40% ] 0839/0949 VUs  12.0s/30s  800.00 iters/s
step_00850 • [   0% ] waiting        0m18.0s   
step_00900 • [   0% ] waiting        0m48.0s   
step_00950 • [   0% ] waiting        1m18.0s   
step_01000 • [   0% ] waiting        1m48.0s   

running (07m42.9s), 0834/2346 VUs, 186900 complete and 0 interrupted iterations
step_00050 ✓ [ 100% ] 000/020 VUs    30s        50.00 iters/s
step_00100 ✓ [ 100% ] 000/020 VUs    30s        100.00 iters/s
step_00150 ✓ [ 100% ] 000/030 VUs    30s        150.00 iters/s
step_00200 ✓ [ 100% ] 000/040 VUs    30s        200.00 iters/s
step_00250 ✓ [ 100% ] 000/106 VUs    30s        250.00 iters/s
step_00300 ✓ [ 100% ] 000/060 VUs    30s        300.00 iters/s
step_00350 ✓ [ 100% ] 0000/0070 VUs  30s        350.00 iters/s
step_00400 ✓ [ 100% ] 0000/0080 VUs  30s        400.00 iters/s
step_00450 ✓ [ 100% ] 0000/0090 VUs  30s        450.00 iters/s
step_00500 ✓ [ 100% ] 0000/0219 VUs  30s        500.00 iters/s
step_00550 ✓ [ 100% ] 0000/0110 VUs  30s        550.00 iters/s
step_00600 ✓ [ 100% ] 0000/0257 VUs  30s        600.00 iters/s
step_00650 ✓ [ 100% ] 0000/0201 VUs  30s        650.00 iters/s
step_00700 ✓ [ 100% ] 0000/0356 VUs  30s        700.00 iters/s
step_00750 ✓ [ 100% ] 0000/0718 VUs  30s        750.00 iters/s
step_00800   [  43% ] 0834/0949 VUs  13.0s/30s  800.00 iters/s
step_00850 • [   0% ] waiting        0m17.0s   
step_00900 • [   0% ] waiting        0m47.0s   
step_00950 • [   0% ] waiting        1m17.0s   
step_01000 • [   0% ] waiting        1m47.0s   

running (07m43.9s), 0831/2346 VUs, 187703 complete and 0 interrupted iterations
step_00050 ✓ [ 100% ] 000/020 VUs    30s        50.00 iters/s
step_00100 ✓ [ 100% ] 000/020 VUs    30s        100.00 iters/s
step_00150 ✓ [ 100% ] 000/030 VUs    30s        150.00 iters/s
step_00200 ✓ [ 100% ] 000/040 VUs    30s        200.00 iters/s
step_00250 ✓ [ 100% ] 000/106 VUs    30s        250.00 iters/s
step_00300 ✓ [ 100% ] 000/060 VUs    30s        300.00 iters/s
step_00350 ✓ [ 100% ] 0000/0070 VUs  30s        350.00 iters/s
step_00400 ✓ [ 100% ] 0000/0080 VUs  30s        400.00 iters/s
step_00450 ✓ [ 100% ] 0000/0090 VUs  30s        450.00 iters/s
step_00500 ✓ [ 100% ] 0000/0219 VUs  30s        500.00 iters/s
step_00550 ✓ [ 100% ] 0000/0110 VUs  30s        550.00 iters/s
step_00600 ✓ [ 100% ] 0000/0257 VUs  30s        600.00 iters/s
step_00650 ✓ [ 100% ] 0000/0201 VUs  30s        650.00 iters/s
step_00700 ✓ [ 100% ] 0000/0356 VUs  30s        700.00 iters/s
step_00750 ✓ [ 100% ] 0000/0718 VUs  30s        750.00 iters/s
step_00800   [  47% ] 0831/0949 VUs  14.0s/30s  800.00 iters/s
step_00850 • [   0% ] waiting        0m16.0s   
step_00900 • [   0% ] waiting        0m46.0s   
step_00950 • [   0% ] waiting        1m16.0s   
step_01000 • [   0% ] waiting        1m46.0s   

running (07m44.9s), 1090/2490 VUs, 188033 complete and 0 interrupted iterations
step_00050 ✓ [ 100% ] 000/020 VUs    30s        50.00 iters/s
step_00100 ✓ [ 100% ] 000/020 VUs    30s        100.00 iters/s
step_00150 ✓ [ 100% ] 000/030 VUs    30s        150.00 iters/s
step_00200 ✓ [ 100% ] 000/040 VUs    30s        200.00 iters/s
step_00250 ✓ [ 100% ] 000/106 VUs    30s        250.00 iters/s
step_00300 ✓ [ 100% ] 000/060 VUs    30s        300.00 iters/s
step_00350 ✓ [ 100% ] 0000/0070 VUs  30s        350.00 iters/s
step_00400 ✓ [ 100% ] 0000/0080 VUs  30s        400.00 iters/s
step_00450 ✓ [ 100% ] 0000/0090 VUs  30s        450.00 iters/s
step_00500 ✓ [ 100% ] 0000/0219 VUs  30s        500.00 iters/s
step_00550 ✓ [ 100% ] 0000/0110 VUs  30s        550.00 iters/s
step_00600 ✓ [ 100% ] 0000/0257 VUs  30s        600.00 iters/s
step_00650 ✓ [ 100% ] 0000/0201 VUs  30s        650.00 iters/s
step_00700 ✓ [ 100% ] 0000/0356 VUs  30s        700.00 iters/s
step_00750 ✓ [ 100% ] 0000/0718 VUs  30s        750.00 iters/s
step_00800   [  50% ] 1090/1093 VUs  15.0s/30s  800.00 iters/s
step_00850 • [   0% ] waiting        0m15.0s   
step_00900 • [   0% ] waiting        0m45.0s   
step_00950 • [   0% ] waiting        1m15.0s   
step_01000 • [   0% ] waiting        1m45.0s   

running (07m46.0s), 1256/2653 VUs, 188201 complete and 0 interrupted iterations
step_00050 ✓ [ 100% ] 000/020 VUs    30s        50.00 iters/s
step_00100 ✓ [ 100% ] 000/020 VUs    30s        100.00 iters/s
step_00150 ✓ [ 100% ] 000/030 VUs    30s        150.00 iters/s
step_00200 ✓ [ 100% ] 000/040 VUs    30s        200.00 iters/s
step_00250 ✓ [ 100% ] 000/106 VUs    30s        250.00 iters/s
step_00300 ✓ [ 100% ] 000/060 VUs    30s        300.00 iters/s
step_00350 ✓ [ 100% ] 0000/0070 VUs  30s        350.00 iters/s
step_00400 ✓ [ 100% ] 0000/0080 VUs  30s        400.00 iters/s
step_00450 ✓ [ 100% ] 0000/0090 VUs  30s        450.00 iters/s
step_00500 ✓ [ 100% ] 0000/0219 VUs  30s        500.00 iters/s
step_00550 ✓ [ 100% ] 0000/0110 VUs  30s        550.00 iters/s
step_00600 ✓ [ 100% ] 0000/0257 VUs  30s        600.00 iters/s
step_00650 ✓ [ 100% ] 0000/0201 VUs  30s        650.00 iters/s
step_00700 ✓ [ 100% ] 0000/0356 VUs  30s        700.00 iters/s
step_00750 ✓ [ 100% ] 0000/0718 VUs  30s        750.00 iters/s
step_00800   [  53% ] 1256/1256 VUs  16.0s/30s  800.00 iters/s
step_00850 • [   0% ] waiting        0m14.0s   
step_00900 • [   0% ] waiting        0m44.0s   
step_00950 • [   0% ] waiting        1m14.0s   
step_01000 • [   0% ] waiting        1m44.0s   

running (07m47.0s), 1290/2687 VUs, 188201 complete and 0 interrupted iterations
step_00050 ✓ [ 100% ] 000/020 VUs    30s        50.00 iters/s
step_00100 ✓ [ 100% ] 000/020 VUs    30s        100.00 iters/s
step_00150 ✓ [ 100% ] 000/030 VUs    30s        150.00 iters/s
step_00200 ✓ [ 100% ] 000/040 VUs    30s        200.00 iters/s
step_00250 ✓ [ 100% ] 000/106 VUs    30s        250.00 iters/s
step_00300 ✓ [ 100% ] 000/060 VUs    30s        300.00 iters/s
step_00350 ✓ [ 100% ] 0000/0070 VUs  30s        350.00 iters/s
step_00400 ✓ [ 100% ] 0000/0080 VUs  30s        400.00 iters/s
step_00450 ✓ [ 100% ] 0000/0090 VUs  30s        450.00 iters/s
step_00500 ✓ [ 100% ] 0000/0219 VUs  30s        500.00 iters/s
step_00550 ✓ [ 100% ] 0000/0110 VUs  30s        550.00 iters/s
step_00600 ✓ [ 100% ] 0000/0257 VUs  30s        600.00 iters/s
step_00650 ✓ [ 100% ] 0000/0201 VUs  30s        650.00 iters/s
step_00700 ✓ [ 100% ] 0000/0356 VUs  30s        700.00 iters/s
step_00750 ✓ [ 100% ] 0000/0718 VUs  30s        750.00 iters/s
step_00800   [  57% ] 1290/1290 VUs  17.0s/30s  800.00 iters/s
step_00850 • [   0% ] waiting        0m13.0s   
step_00900 • [   0% ] waiting        0m43.0s   
step_00950 • [   0% ] waiting        1m13.0s   
step_01000 • [   0% ] waiting        1m43.0s   

running (07m48.0s), 1400/2797 VUs, 188204 complete and 0 interrupted iterations
step_00050 ✓ [ 100% ] 000/020 VUs    30s        50.00 iters/s
step_00100 ✓ [ 100% ] 000/020 VUs    30s        100.00 iters/s
step_00150 ✓ [ 100% ] 000/030 VUs    30s        150.00 iters/s
step_00200 ✓ [ 100% ] 000/040 VUs    30s        200.00 iters/s
step_00250 ✓ [ 100% ] 000/106 VUs    30s        250.00 iters/s
step_00300 ✓ [ 100% ] 000/060 VUs    30s        300.00 iters/s
step_00350 ✓ [ 100% ] 0000/0070 VUs  30s        350.00 iters/s
step_00400 ✓ [ 100% ] 0000/0080 VUs  30s        400.00 iters/s
step_00450 ✓ [ 100% ] 0000/0090 VUs  30s        450.00 iters/s
step_00500 ✓ [ 100% ] 0000/0219 VUs  30s        500.00 iters/s
step_00550 ✓ [ 100% ] 0000/0110 VUs  30s        550.00 iters/s
step_00600 ✓ [ 100% ] 0000/0257 VUs  30s        600.00 iters/s
step_00650 ✓ [ 100% ] 0000/0201 VUs  30s        650.00 iters/s
step_00700 ✓ [ 100% ] 0000/0356 VUs  30s        700.00 iters/s
step_00750 ✓ [ 100% ] 0000/0718 VUs  30s        750.00 iters/s
step_00800   [  60% ] 1400/1400 VUs  18.0s/30s  800.00 iters/s
step_00850 • [   0% ] waiting        0m12.0s   
step_00900 • [   0% ] waiting        0m42.0s   
step_00950 • [   0% ] waiting        1m12.0s   
step_01000 • [   0% ] waiting        1m42.0s   

running (07m48.9s), 1524/2922 VUs, 188210 complete and 0 interrupted iterations
step_00050 ✓ [ 100% ] 000/020 VUs    30s        50.00 iters/s
step_00100 ✓ [ 100% ] 000/020 VUs    30s        100.00 iters/s
step_00150 ✓ [ 100% ] 000/030 VUs    30s        150.00 iters/s
step_00200 ✓ [ 100% ] 000/040 VUs    30s        200.00 iters/s
step_00250 ✓ [ 100% ] 000/106 VUs    30s        250.00 iters/s
step_00300 ✓ [ 100% ] 000/060 VUs    30s        300.00 iters/s
step_00350 ✓ [ 100% ] 0000/0070 VUs  30s        350.00 iters/s
step_00400 ✓ [ 100% ] 0000/0080 VUs  30s        400.00 iters/s
step_00450 ✓ [ 100% ] 0000/0090 VUs  30s        450.00 iters/s
step_00500 ✓ [ 100% ] 0000/0219 VUs  30s        500.00 iters/s
step_00550 ✓ [ 100% ] 0000/0110 VUs  30s        550.00 iters/s
step_00600 ✓ [ 100% ] 0000/0257 VUs  30s        600.00 iters/s
step_00650 ✓ [ 100% ] 0000/0201 VUs  30s        650.00 iters/s
step_00700 ✓ [ 100% ] 0000/0356 VUs  30s        700.00 iters/s
step_00750 ✓ [ 100% ] 0000/0718 VUs  30s        750.00 iters/s
step_00800   [  63% ] 1524/1525 VUs  19.0s/30s  800.00 iters/s
step_00850 • [   0% ] waiting        0m11.0s   
step_00900 • [   0% ] waiting        0m41.0s   
step_00950 • [   0% ] waiting        1m11.0s   
step_01000 • [   0% ] waiting        1m41.0s   

running (07m50.0s), 1640/3038 VUs, 188290 complete and 0 interrupted iterations
step_00050 ✓ [ 100% ] 000/020 VUs    30s        50.00 iters/s
step_00100 ✓ [ 100% ] 000/020 VUs    30s        100.00 iters/s
step_00150 ✓ [ 100% ] 000/030 VUs    30s        150.00 iters/s
step_00200 ✓ [ 100% ] 000/040 VUs    30s        200.00 iters/s
step_00250 ✓ [ 100% ] 000/106 VUs    30s        250.00 iters/s
step_00300 ✓ [ 100% ] 000/060 VUs    30s        300.00 iters/s
step_00350 ✓ [ 100% ] 0000/0070 VUs  30s        350.00 iters/s
step_00400 ✓ [ 100% ] 0000/0080 VUs  30s        400.00 iters/s
step_00450 ✓ [ 100% ] 0000/0090 VUs  30s        450.00 iters/s
step_00500 ✓ [ 100% ] 0000/0219 VUs  30s        500.00 iters/s
step_00550 ✓ [ 100% ] 0000/0110 VUs  30s        550.00 iters/s
step_00600 ✓ [ 100% ] 0000/0257 VUs  30s        600.00 iters/s
step_00650 ✓ [ 100% ] 0000/0201 VUs  30s        650.00 iters/s
step_00700 ✓ [ 100% ] 0000/0356 VUs  30s        700.00 iters/s
step_00750 ✓ [ 100% ] 0000/0718 VUs  30s        750.00 iters/s
step_00800   [  67% ] 1640/1641 VUs  20.0s/30s  800.00 iters/s
step_00850 • [   0% ] waiting        0m10.0s   
step_00900 • [   0% ] waiting        0m40.0s   
step_00950 • [   0% ] waiting        1m10.0s   
step_01000 • [   0% ] waiting        1m40.0s   

running (07m50.9s), 1814/3211 VUs, 188336 complete and 0 interrupted iterations
step_00050 ✓ [ 100% ] 000/020 VUs    30s        50.00 iters/s
step_00100 ✓ [ 100% ] 000/020 VUs    30s        100.00 iters/s
step_00150 ✓ [ 100% ] 000/030 VUs    30s        150.00 iters/s
step_00200 ✓ [ 100% ] 000/040 VUs    30s        200.00 iters/s
step_00250 ✓ [ 100% ] 000/106 VUs    30s        250.00 iters/s
step_00300 ✓ [ 100% ] 000/060 VUs    30s        300.00 iters/s
step_00350 ✓ [ 100% ] 0000/0070 VUs  30s        350.00 iters/s
step_00400 ✓ [ 100% ] 0000/0080 VUs  30s        400.00 iters/s
step_00450 ✓ [ 100% ] 0000/0090 VUs  30s        450.00 iters/s
step_00500 ✓ [ 100% ] 0000/0219 VUs  30s        500.00 iters/s
step_00550 ✓ [ 100% ] 0000/0110 VUs  30s        550.00 iters/s
step_00600 ✓ [ 100% ] 0000/0257 VUs  30s        600.00 iters/s
step_00650 ✓ [ 100% ] 0000/0201 VUs  30s        650.00 iters/s
step_00700 ✓ [ 100% ] 0000/0356 VUs  30s        700.00 iters/s
step_00750 ✓ [ 100% ] 0000/0718 VUs  30s        750.00 iters/s
step_00800   [  70% ] 1814/1814 VUs  21.0s/30s  800.00 iters/s
step_00850 • [   0% ] waiting        0m09.0s   
step_00900 • [   0% ] waiting        0m39.0s   
step_00950 • [   0% ] waiting        1m09.0s   
step_01000 • [   0% ] waiting        1m39.0s   

running (07m51.9s), 2025/3422 VUs, 188419 complete and 0 interrupted iterations
step_00050 ✓ [ 100% ] 000/020 VUs    30s        50.00 iters/s
step_00100 ✓ [ 100% ] 000/020 VUs    30s        100.00 iters/s
step_00150 ✓ [ 100% ] 000/030 VUs    30s        150.00 iters/s
step_00200 ✓ [ 100% ] 000/040 VUs    30s        200.00 iters/s
step_00250 ✓ [ 100% ] 000/106 VUs    30s        250.00 iters/s
step_00300 ✓ [ 100% ] 000/060 VUs    30s        300.00 iters/s
step_00350 ✓ [ 100% ] 0000/0070 VUs  30s        350.00 iters/s
step_00400 ✓ [ 100% ] 0000/0080 VUs  30s        400.00 iters/s
step_00450 ✓ [ 100% ] 0000/0090 VUs  30s        450.00 iters/s
step_00500 ✓ [ 100% ] 0000/0219 VUs  30s        500.00 iters/s
step_00550 ✓ [ 100% ] 0000/0110 VUs  30s        550.00 iters/s
step_00600 ✓ [ 100% ] 0000/0257 VUs  30s        600.00 iters/s
step_00650 ✓ [ 100% ] 0000/0201 VUs  30s        650.00 iters/s
step_00700 ✓ [ 100% ] 0000/0356 VUs  30s        700.00 iters/s
step_00750 ✓ [ 100% ] 0000/0718 VUs  30s        750.00 iters/s
step_00800   [  73% ] 2025/2025 VUs  22.0s/30s  800.00 iters/s
step_00850 • [   0% ] waiting        0m08.0s   
step_00900 • [   0% ] waiting        0m38.0s   
step_00950 • [   0% ] waiting        1m08.0s   
step_01000 • [   0% ] waiting        1m38.0s   

running (07m52.9s), 2266/3664 VUs, 188510 complete and 0 interrupted iterations
step_00050 ✓ [ 100% ] 000/020 VUs    30s        50.00 iters/s
step_00100 ✓ [ 100% ] 000/020 VUs    30s        100.00 iters/s
step_00150 ✓ [ 100% ] 000/030 VUs    30s        150.00 iters/s
step_00200 ✓ [ 100% ] 000/040 VUs    30s        200.00 iters/s
step_00250 ✓ [ 100% ] 000/106 VUs    30s        250.00 iters/s
step_00300 ✓ [ 100% ] 000/060 VUs    30s        300.00 iters/s
step_00350 ✓ [ 100% ] 0000/0070 VUs  30s        350.00 iters/s
step_00400 ✓ [ 100% ] 0000/0080 VUs  30s        400.00 iters/s
step_00450 ✓ [ 100% ] 0000/0090 VUs  30s        450.00 iters/s
step_00500 ✓ [ 100% ] 0000/0219 VUs  30s        500.00 iters/s
step_00550 ✓ [ 100% ] 0000/0110 VUs  30s        550.00 iters/s
step_00600 ✓ [ 100% ] 0000/0257 VUs  30s        600.00 iters/s
step_00650 ✓ [ 100% ] 0000/0201 VUs  30s        650.00 iters/s
step_00700 ✓ [ 100% ] 0000/0356 VUs  30s        700.00 iters/s
step_00750 ✓ [ 100% ] 0000/0718 VUs  30s        750.00 iters/s
step_00800   [  77% ] 2266/2267 VUs  23.0s/30s  800.00 iters/s
step_00850 • [   0% ] waiting        0m07.0s   
step_00900 • [   0% ] waiting        0m37.0s   
step_00950 • [   0% ] waiting        1m07.0s   
step_01000 • [   0% ] waiting        1m37.0s   
time="2026-09-13T19:09:02+06:00" level=warning msg="Insufficient VUs, reached 2400 active VUs and cannot initialize more" executor=constant-arrival-rate scenario=step_00800

running (07m53.9s), 2400/3797 VUs, 188698 complete and 0 interrupted iterations
step_00050 ✓ [ 100% ] 000/020 VUs    30s        50.00 iters/s
step_00100 ✓ [ 100% ] 000/020 VUs    30s        100.00 iters/s
step_00150 ✓ [ 100% ] 000/030 VUs    30s        150.00 iters/s
step_00200 ✓ [ 100% ] 000/040 VUs    30s        200.00 iters/s
step_00250 ✓ [ 100% ] 000/106 VUs    30s        250.00 iters/s
step_00300 ✓ [ 100% ] 000/060 VUs    30s        300.00 iters/s
step_00350 ✓ [ 100% ] 0000/0070 VUs  30s        350.00 iters/s
step_00400 ✓ [ 100% ] 0000/0080 VUs  30s        400.00 iters/s
step_00450 ✓ [ 100% ] 0000/0090 VUs  30s        450.00 iters/s
step_00500 ✓ [ 100% ] 0000/0219 VUs  30s        500.00 iters/s
step_00550 ✓ [ 100% ] 0000/0110 VUs  30s        550.00 iters/s
step_00600 ✓ [ 100% ] 0000/0257 VUs  30s        600.00 iters/s
step_00650 ✓ [ 100% ] 0000/0201 VUs  30s        650.00 iters/s
step_00700 ✓ [ 100% ] 0000/0356 VUs  30s        700.00 iters/s
step_00750 ✓ [ 100% ] 0000/0718 VUs  30s        750.00 iters/s
step_00800   [  80% ] 2400/2400 VUs  24.0s/30s  800.00 iters/s
step_00850 • [   0% ] waiting        0m06.0s   
step_00900 • [   0% ] waiting        0m36.0s   
step_00950 • [   0% ] waiting        1m06.0s   
step_01000 • [   0% ] waiting        1m36.0s   

running (07m54.9s), 2400/3797 VUs, 188968 complete and 0 interrupted iterations
step_00050 ✓ [ 100% ] 000/020 VUs    30s        50.00 iters/s
step_00100 ✓ [ 100% ] 000/020 VUs    30s        100.00 iters/s
step_00150 ✓ [ 100% ] 000/030 VUs    30s        150.00 iters/s
step_00200 ✓ [ 100% ] 000/040 VUs    30s        200.00 iters/s
step_00250 ✓ [ 100% ] 000/106 VUs    30s        250.00 iters/s
step_00300 ✓ [ 100% ] 000/060 VUs    30s        300.00 iters/s
step_00350 ✓ [ 100% ] 0000/0070 VUs  30s        350.00 iters/s
step_00400 ✓ [ 100% ] 0000/0080 VUs  30s        400.00 iters/s
step_00450 ✓ [ 100% ] 0000/0090 VUs  30s        450.00 iters/s
step_00500 ✓ [ 100% ] 0000/0219 VUs  30s        500.00 iters/s
step_00550 ✓ [ 100% ] 0000/0110 VUs  30s        550.00 iters/s
step_00600 ✓ [ 100% ] 0000/0257 VUs  30s        600.00 iters/s
step_00650 ✓ [ 100% ] 0000/0201 VUs  30s        650.00 iters/s
step_00700 ✓ [ 100% ] 0000/0356 VUs  30s        700.00 iters/s
step_00750 ✓ [ 100% ] 0000/0718 VUs  30s        750.00 iters/s
step_00800   [  83% ] 2400/2400 VUs  25.0s/30s  800.00 iters/s
step_00850 • [   0% ] waiting        0m05.0s   
step_00900 • [   0% ] waiting        0m35.0s   
step_00950 • [   0% ] waiting        1m05.0s   
step_01000 • [   0% ] waiting        1m35.0s   

running (07m55.9s), 2396/3797 VUs, 189103 complete and 0 interrupted iterations
step_00050 ✓ [ 100% ] 000/020 VUs    30s        50.00 iters/s
step_00100 ✓ [ 100% ] 000/020 VUs    30s        100.00 iters/s
step_00150 ✓ [ 100% ] 000/030 VUs    30s        150.00 iters/s
step_00200 ✓ [ 100% ] 000/040 VUs    30s        200.00 iters/s
step_00250 ✓ [ 100% ] 000/106 VUs    30s        250.00 iters/s
step_00300 ✓ [ 100% ] 000/060 VUs    30s        300.00 iters/s
step_00350 ✓ [ 100% ] 0000/0070 VUs  30s        350.00 iters/s
step_00400 ✓ [ 100% ] 0000/0080 VUs  30s        400.00 iters/s
step_00450 ✓ [ 100% ] 0000/0090 VUs  30s        450.00 iters/s
step_00500 ✓ [ 100% ] 0000/0219 VUs  30s        500.00 iters/s
step_00550 ✓ [ 100% ] 0000/0110 VUs  30s        550.00 iters/s
step_00600 ✓ [ 100% ] 0000/0257 VUs  30s        600.00 iters/s
step_00650 ✓ [ 100% ] 0000/0201 VUs  30s        650.00 iters/s
step_00700 ✓ [ 100% ] 0000/0356 VUs  30s        700.00 iters/s
step_00750 ✓ [ 100% ] 0000/0718 VUs  30s        750.00 iters/s
step_00800   [  87% ] 2396/2400 VUs  26.0s/30s  800.00 iters/s
step_00850 • [   0% ] waiting        0m04.0s   
step_00900 • [   0% ] waiting        0m34.0s   
step_00950 • [   0% ] waiting        1m04.0s   
step_01000 • [   0% ] waiting        1m34.0s   

running (07m57.0s), 2400/3797 VUs, 189368 complete and 0 interrupted iterations
step_00050 ✓ [ 100% ] 000/020 VUs    30s        50.00 iters/s
step_00100 ✓ [ 100% ] 000/020 VUs    30s        100.00 iters/s
step_00150 ✓ [ 100% ] 000/030 VUs    30s        150.00 iters/s
step_00200 ✓ [ 100% ] 000/040 VUs    30s        200.00 iters/s
step_00250 ✓ [ 100% ] 000/106 VUs    30s        250.00 iters/s
step_00300 ✓ [ 100% ] 000/060 VUs    30s        300.00 iters/s
step_00350 ✓ [ 100% ] 0000/0070 VUs  30s        350.00 iters/s
step_00400 ✓ [ 100% ] 0000/0080 VUs  30s        400.00 iters/s
step_00450 ✓ [ 100% ] 0000/0090 VUs  30s        450.00 iters/s
step_00500 ✓ [ 100% ] 0000/0219 VUs  30s        500.00 iters/s
step_00550 ✓ [ 100% ] 0000/0110 VUs  30s        550.00 iters/s
step_00600 ✓ [ 100% ] 0000/0257 VUs  30s        600.00 iters/s
step_00650 ✓ [ 100% ] 0000/0201 VUs  30s        650.00 iters/s
step_00700 ✓ [ 100% ] 0000/0356 VUs  30s        700.00 iters/s
step_00750 ✓ [ 100% ] 0000/0718 VUs  30s        750.00 iters/s
step_00800   [  90% ] 2400/2400 VUs  27.0s/30s  800.00 iters/s
step_00850 • [   0% ] waiting        0m03.0s   
step_00900 • [   0% ] waiting        0m33.0s   
step_00950 • [   0% ] waiting        1m03.0s   
step_01000 • [   0% ] waiting        1m33.0s   

running (07m57.9s), 2400/3797 VUs, 189546 complete and 0 interrupted iterations
step_00050 ✓ [ 100% ] 000/020 VUs    30s        50.00 iters/s
step_00100 ✓ [ 100% ] 000/020 VUs    30s        100.00 iters/s
step_00150 ✓ [ 100% ] 000/030 VUs    30s        150.00 iters/s
step_00200 ✓ [ 100% ] 000/040 VUs    30s        200.00 iters/s
step_00250 ✓ [ 100% ] 000/106 VUs    30s        250.00 iters/s
step_00300 ✓ [ 100% ] 000/060 VUs    30s        300.00 iters/s
step_00350 ✓ [ 100% ] 0000/0070 VUs  30s        350.00 iters/s
step_00400 ✓ [ 100% ] 0000/0080 VUs  30s        400.00 iters/s
step_00450 ✓ [ 100% ] 0000/0090 VUs  30s        450.00 iters/s
step_00500 ✓ [ 100% ] 0000/0219 VUs  30s        500.00 iters/s
step_00550 ✓ [ 100% ] 0000/0110 VUs  30s        550.00 iters/s
step_00600 ✓ [ 100% ] 0000/0257 VUs  30s        600.00 iters/s
step_00650 ✓ [ 100% ] 0000/0201 VUs  30s        650.00 iters/s
step_00700 ✓ [ 100% ] 0000/0356 VUs  30s        700.00 iters/s
step_00750 ✓ [ 100% ] 0000/0718 VUs  30s        750.00 iters/s
step_00800   [  93% ] 2400/2400 VUs  28.0s/30s  800.00 iters/s
step_00850 • [   0% ] waiting        0m02.0s   
step_00900 • [   0% ] waiting        0m32.0s   
step_00950 • [   0% ] waiting        1m02.0s   
step_01000 • [   0% ] waiting        1m32.0s   

running (07m58.9s), 2400/3797 VUs, 189724 complete and 0 interrupted iterations
step_00050 ✓ [ 100% ] 000/020 VUs    30s        50.00 iters/s
step_00100 ✓ [ 100% ] 000/020 VUs    30s        100.00 iters/s
step_00150 ✓ [ 100% ] 000/030 VUs    30s        150.00 iters/s
step_00200 ✓ [ 100% ] 000/040 VUs    30s        200.00 iters/s
step_00250 ✓ [ 100% ] 000/106 VUs    30s        250.00 iters/s
step_00300 ✓ [ 100% ] 000/060 VUs    30s        300.00 iters/s
step_00350 ✓ [ 100% ] 0000/0070 VUs  30s        350.00 iters/s
step_00400 ✓ [ 100% ] 0000/0080 VUs  30s        400.00 iters/s
step_00450 ✓ [ 100% ] 0000/0090 VUs  30s        450.00 iters/s
step_00500 ✓ [ 100% ] 0000/0219 VUs  30s        500.00 iters/s
step_00550 ✓ [ 100% ] 0000/0110 VUs  30s        550.00 iters/s
step_00600 ✓ [ 100% ] 0000/0257 VUs  30s        600.00 iters/s
step_00650 ✓ [ 100% ] 0000/0201 VUs  30s        650.00 iters/s
step_00700 ✓ [ 100% ] 0000/0356 VUs  30s        700.00 iters/s
step_00750 ✓ [ 100% ] 0000/0718 VUs  30s        750.00 iters/s
step_00800   [  97% ] 2400/2400 VUs  29.0s/30s  800.00 iters/s
step_00850 • [   0% ] waiting        0m01.0s   
step_00900 • [   0% ] waiting        0m31.0s   
step_00950 • [   0% ] waiting        1m01.0s   
step_01000 • [   0% ] waiting        1m31.0s   

running (07m59.9s), 2400/3797 VUs, 189728 complete and 0 interrupted iterations
step_00050 ✓ [ 100% ] 000/020 VUs    30s        50.00 iters/s
step_00100 ✓ [ 100% ] 000/020 VUs    30s        100.00 iters/s
step_00150 ✓ [ 100% ] 000/030 VUs    30s        150.00 iters/s
step_00200 ✓ [ 100% ] 000/040 VUs    30s        200.00 iters/s
step_00250 ✓ [ 100% ] 000/106 VUs    30s        250.00 iters/s
step_00300 ✓ [ 100% ] 000/060 VUs    30s        300.00 iters/s
step_00350 ✓ [ 100% ] 0000/0070 VUs  30s        350.00 iters/s
step_00400 ✓ [ 100% ] 0000/0080 VUs  30s        400.00 iters/s
step_00450 ✓ [ 100% ] 0000/0090 VUs  30s        450.00 iters/s
step_00500 ✓ [ 100% ] 0000/0219 VUs  30s        500.00 iters/s
step_00550 ✓ [ 100% ] 0000/0110 VUs  30s        550.00 iters/s
step_00600 ✓ [ 100% ] 0000/0257 VUs  30s        600.00 iters/s
step_00650 ✓ [ 100% ] 0000/0201 VUs  30s        650.00 iters/s
step_00700 ✓ [ 100% ] 0000/0356 VUs  30s        700.00 iters/s
step_00750 ✓ [ 100% ] 0000/0718 VUs  30s        750.00 iters/s
step_00800   [ 100% ] 2400/2400 VUs  30.0s/30s  800.00 iters/s
step_00850 • [   0% ] waiting        0m00.0s   
step_00900 • [   0% ] waiting        0m30.0s   
step_00950 • [   0% ] waiting        1m00.0s   
step_01000 • [   0% ] waiting        1m30.0s   

running (08m00.9s), 2744/3976 VUs, 189733 complete and 0 interrupted iterations
step_00050 ✓ [ 100% ] 000/020 VUs    30s        50.00 iters/s
step_00100 ✓ [ 100% ] 000/020 VUs    30s        100.00 iters/s
step_00150 ✓ [ 100% ] 000/030 VUs    30s        150.00 iters/s
step_00200 ✓ [ 100% ] 000/040 VUs    30s        200.00 iters/s
step_00250 ✓ [ 100% ] 000/106 VUs    30s        250.00 iters/s
step_00300 ✓ [ 100% ] 000/060 VUs    30s        300.00 iters/s
step_00350 ✓ [ 100% ] 0000/0070 VUs  30s        350.00 iters/s
step_00400 ✓ [ 100% ] 0000/0080 VUs  30s        400.00 iters/s
step_00450 ✓ [ 100% ] 0000/0090 VUs  30s        450.00 iters/s
step_00500 ✓ [ 100% ] 0000/0219 VUs  30s        500.00 iters/s
step_00550 ✓ [ 100% ] 0000/0110 VUs  30s        550.00 iters/s
step_00600 ✓ [ 100% ] 0000/0257 VUs  30s        600.00 iters/s
step_00650 ✓ [ 100% ] 0000/0201 VUs  30s        650.00 iters/s
step_00700 ✓ [ 100% ] 0000/0356 VUs  30s        700.00 iters/s
step_00750 ✓ [ 100% ] 0000/0718 VUs  30s        750.00 iters/s
step_00800 ↓ [ 100% ] 2400/2400 VUs  30s        800.00 iters/s
step_00850   [   3% ] 0349/0349 VUs  01.0s/30s  850.00 iters/s
step_00900 • [   0% ] waiting        0m29.0s   
step_00950 • [   0% ] waiting        0m59.0s   
step_01000 • [   0% ] waiting        1m29.0s   

running (08m02.0s), 2821/4074 VUs, 189753 complete and 0 interrupted iterations
step_00050 ✓ [ 100% ] 000/020 VUs    30s        50.00 iters/s
step_00100 ✓ [ 100% ] 000/020 VUs    30s        100.00 iters/s
step_00150 ✓ [ 100% ] 000/030 VUs    30s        150.00 iters/s
step_00200 ✓ [ 100% ] 000/040 VUs    30s        200.00 iters/s
step_00250 ✓ [ 100% ] 000/106 VUs    30s        250.00 iters/s
step_00300 ✓ [ 100% ] 000/060 VUs    30s        300.00 iters/s
step_00350 ✓ [ 100% ] 0000/0070 VUs  30s        350.00 iters/s
step_00400 ✓ [ 100% ] 0000/0080 VUs  30s        400.00 iters/s
step_00450 ✓ [ 100% ] 0000/0090 VUs  30s        450.00 iters/s
step_00500 ✓ [ 100% ] 0000/0219 VUs  30s        500.00 iters/s
step_00550 ✓ [ 100% ] 0000/0110 VUs  30s        550.00 iters/s
step_00600 ✓ [ 100% ] 0000/0257 VUs  30s        600.00 iters/s
step_00650 ✓ [ 100% ] 0000/0201 VUs  30s        650.00 iters/s
step_00700 ✓ [ 100% ] 0000/0356 VUs  30s        700.00 iters/s
step_00750 ✓ [ 100% ] 0000/0718 VUs  30s        750.00 iters/s
step_00800 ↓ [ 100% ] 2400/2400 VUs  30s        800.00 iters/s
step_00850   [   7% ] 0446/0447 VUs  02.0s/30s  850.00 iters/s
step_00900 • [   0% ] waiting        0m28.0s   
step_00950 • [   0% ] waiting        0m58.0s   
step_01000 • [   0% ] waiting        1m28.0s   

running (08m03.0s), 2840/4121 VUs, 189781 complete and 0 interrupted iterations
step_00050 ✓ [ 100% ] 000/020 VUs    30s        50.00 iters/s
step_00100 ✓ [ 100% ] 000/020 VUs    30s        100.00 iters/s
step_00150 ✓ [ 100% ] 000/030 VUs    30s        150.00 iters/s
step_00200 ✓ [ 100% ] 000/040 VUs    30s        200.00 iters/s
step_00250 ✓ [ 100% ] 000/106 VUs    30s        250.00 iters/s
step_00300 ✓ [ 100% ] 000/060 VUs    30s        300.00 iters/s
step_00350 ✓ [ 100% ] 0000/0070 VUs  30s        350.00 iters/s
step_00400 ✓ [ 100% ] 0000/0080 VUs  30s        400.00 iters/s
step_00450 ✓ [ 100% ] 0000/0090 VUs  30s        450.00 iters/s
step_00500 ✓ [ 100% ] 0000/0219 VUs  30s        500.00 iters/s
step_00550 ✓ [ 100% ] 0000/0110 VUs  30s        550.00 iters/s
step_00600 ✓ [ 100% ] 0000/0257 VUs  30s        600.00 iters/s
step_00650 ✓ [ 100% ] 0000/0201 VUs  30s        650.00 iters/s
step_00700 ✓ [ 100% ] 0000/0356 VUs  30s        700.00 iters/s
step_00750 ✓ [ 100% ] 0000/0718 VUs  30s        750.00 iters/s
step_00800 ↓ [ 100% ] 2400/2400 VUs  30s        800.00 iters/s
step_00850   [  10% ] 0493/0494 VUs  03.0s/30s  850.00 iters/s
step_00900 • [   0% ] waiting        0m27.0s   
step_00950 • [   0% ] waiting        0m57.0s   
step_01000 • [   0% ] waiting        1m27.0s   

running (08m04.0s), 2849/4150 VUs, 189801 complete and 0 interrupted iterations
step_00050 ✓ [ 100% ] 000/020 VUs    30s        50.00 iters/s
step_00100 ✓ [ 100% ] 000/020 VUs    30s        100.00 iters/s
step_00150 ✓ [ 100% ] 000/030 VUs    30s        150.00 iters/s
step_00200 ✓ [ 100% ] 000/040 VUs    30s        200.00 iters/s
step_00250 ✓ [ 100% ] 000/106 VUs    30s        250.00 iters/s
step_00300 ✓ [ 100% ] 000/060 VUs    30s        300.00 iters/s
step_00350 ✓ [ 100% ] 0000/0070 VUs  30s        350.00 iters/s
step_00400 ✓ [ 100% ] 0000/0080 VUs  30s        400.00 iters/s
step_00450 ✓ [ 100% ] 0000/0090 VUs  30s        450.00 iters/s
step_00500 ✓ [ 100% ] 0000/0219 VUs  30s        500.00 iters/s
step_00550 ✓ [ 100% ] 0000/0110 VUs  30s        550.00 iters/s
step_00600 ✓ [ 100% ] 0000/0257 VUs  30s        600.00 iters/s
step_00650 ✓ [ 100% ] 0000/0201 VUs  30s        650.00 iters/s
step_00700 ✓ [ 100% ] 0000/0356 VUs  30s        700.00 iters/s
step_00750 ✓ [ 100% ] 0000/0718 VUs  30s        750.00 iters/s
step_00800 ↓ [ 100% ] 2400/2400 VUs  30s        800.00 iters/s
step_00850   [  13% ] 0522/0523 VUs  04.0s/30s  850.00 iters/s
step_00900 • [   0% ] waiting        0m26.0s   
step_00950 • [   0% ] waiting        0m56.0s   
step_01000 • [   0% ] waiting        1m26.0s   

running (08m04.9s), 2904/4212 VUs, 189809 complete and 0 interrupted iterations
step_00050 ✓ [ 100% ] 000/020 VUs    30s        50.00 iters/s
step_00100 ✓ [ 100% ] 000/020 VUs    30s        100.00 iters/s
step_00150 ✓ [ 100% ] 000/030 VUs    30s        150.00 iters/s
step_00200 ✓ [ 100% ] 000/040 VUs    30s        200.00 iters/s
step_00250 ✓ [ 100% ] 000/106 VUs    30s        250.00 iters/s
step_00300 ✓ [ 100% ] 000/060 VUs    30s        300.00 iters/s
step_00350 ✓ [ 100% ] 0000/0070 VUs  30s        350.00 iters/s
step_00400 ✓ [ 100% ] 0000/0080 VUs  30s        400.00 iters/s
step_00450 ✓ [ 100% ] 0000/0090 VUs  30s        450.00 iters/s
step_00500 ✓ [ 100% ] 0000/0219 VUs  30s        500.00 iters/s
step_00550 ✓ [ 100% ] 0000/0110 VUs  30s        550.00 iters/s
step_00600 ✓ [ 100% ] 0000/0257 VUs  30s        600.00 iters/s
step_00650 ✓ [ 100% ] 0000/0201 VUs  30s        650.00 iters/s
step_00700 ✓ [ 100% ] 0000/0356 VUs  30s        700.00 iters/s
step_00750 ✓ [ 100% ] 0000/0718 VUs  30s        750.00 iters/s
step_00800 ↓ [ 100% ] 2400/2400 VUs  30s        800.00 iters/s
step_00850   [  17% ] 0585/0585 VUs  05.0s/30s  850.00 iters/s
step_00900 • [   0% ] waiting        0m25.0s   
step_00950 • [   0% ] waiting        0m55.0s   
step_01000 • [   0% ] waiting        1m25.0s   

running (08m05.9s), 2904/4433 VUs, 190030 complete and 0 interrupted iterations
step_00050 ✓ [ 100% ] 000/020 VUs    30s        50.00 iters/s
step_00100 ✓ [ 100% ] 000/020 VUs    30s        100.00 iters/s
step_00150 ✓ [ 100% ] 000/030 VUs    30s        150.00 iters/s
step_00200 ✓ [ 100% ] 000/040 VUs    30s        200.00 iters/s
step_00250 ✓ [ 100% ] 000/106 VUs    30s        250.00 iters/s
step_00300 ✓ [ 100% ] 000/060 VUs    30s        300.00 iters/s
step_00350 ✓ [ 100% ] 0000/0070 VUs  30s        350.00 iters/s
step_00400 ✓ [ 100% ] 0000/0080 VUs  30s        400.00 iters/s
step_00450 ✓ [ 100% ] 0000/0090 VUs  30s        450.00 iters/s
step_00500 ✓ [ 100% ] 0000/0219 VUs  30s        500.00 iters/s
step_00550 ✓ [ 100% ] 0000/0110 VUs  30s        550.00 iters/s
step_00600 ✓ [ 100% ] 0000/0257 VUs  30s        600.00 iters/s
step_00650 ✓ [ 100% ] 0000/0201 VUs  30s        650.00 iters/s
step_00700 ✓ [ 100% ] 0000/0356 VUs  30s        700.00 iters/s
step_00750 ✓ [ 100% ] 0000/0718 VUs  30s        750.00 iters/s
step_00800 ↓ [ 100% ] 2400/2400 VUs  30s        800.00 iters/s
step_00850   [  20% ] 0806/0806 VUs  06.0s/30s  850.00 iters/s
step_00900 • [   0% ] waiting        0m24.0s   
step_00950 • [   0% ] waiting        0m54.0s   
step_01000 • [   0% ] waiting        1m24.0s   

running (08m06.9s), 2949/4676 VUs, 190228 complete and 0 interrupted iterations
step_00050 ✓ [ 100% ] 000/020 VUs    30s        50.00 iters/s
step_00100 ✓ [ 100% ] 000/020 VUs    30s        100.00 iters/s
step_00150 ✓ [ 100% ] 000/030 VUs    30s        150.00 iters/s
step_00200 ✓ [ 100% ] 000/040 VUs    30s        200.00 iters/s
step_00250 ✓ [ 100% ] 000/106 VUs    30s        250.00 iters/s
step_00300 ✓ [ 100% ] 000/060 VUs    30s        300.00 iters/s
step_00350 ✓ [ 100% ] 0000/0070 VUs  30s        350.00 iters/s
step_00400 ✓ [ 100% ] 0000/0080 VUs  30s        400.00 iters/s
step_00450 ✓ [ 100% ] 0000/0090 VUs  30s        450.00 iters/s
step_00500 ✓ [ 100% ] 0000/0219 VUs  30s        500.00 iters/s
step_00550 ✓ [ 100% ] 0000/0110 VUs  30s        550.00 iters/s
step_00600 ✓ [ 100% ] 0000/0257 VUs  30s        600.00 iters/s
step_00650 ✓ [ 100% ] 0000/0201 VUs  30s        650.00 iters/s
step_00700 ✓ [ 100% ] 0000/0356 VUs  30s        700.00 iters/s
step_00750 ✓ [ 100% ] 0000/0718 VUs  30s        750.00 iters/s
step_00800 ↓ [ 100% ] 2400/2400 VUs  30s        800.00 iters/s
step_00850   [  23% ] 1049/1049 VUs  07.0s/30s  850.00 iters/s
step_00900 • [   0% ] waiting        0m23.0s   
step_00950 • [   0% ] waiting        0m53.0s   
step_01000 • [   0% ] waiting        1m23.0s   

running (08m07.9s), 3166/4942 VUs, 190276 complete and 0 interrupted iterations
step_00050 ✓ [ 100% ] 000/020 VUs    30s        50.00 iters/s
step_00100 ✓ [ 100% ] 000/020 VUs    30s        100.00 iters/s
step_00150 ✓ [ 100% ] 000/030 VUs    30s        150.00 iters/s
step_00200 ✓ [ 100% ] 000/040 VUs    30s        200.00 iters/s
step_00250 ✓ [ 100% ] 000/106 VUs    30s        250.00 iters/s
step_00300 ✓ [ 100% ] 000/060 VUs    30s        300.00 iters/s
step_00350 ✓ [ 100% ] 0000/0070 VUs  30s        350.00 iters/s
step_00400 ✓ [ 100% ] 0000/0080 VUs  30s        400.00 iters/s
step_00450 ✓ [ 100% ] 0000/0090 VUs  30s        450.00 iters/s
step_00500 ✓ [ 100% ] 0000/0219 VUs  30s        500.00 iters/s
step_00550 ✓ [ 100% ] 0000/0110 VUs  30s        550.00 iters/s
step_00600 ✓ [ 100% ] 0000/0257 VUs  30s        600.00 iters/s
step_00650 ✓ [ 100% ] 0000/0201 VUs  30s        650.00 iters/s
step_00700 ✓ [ 100% ] 0000/0356 VUs  30s        700.00 iters/s
step_00750 ✓ [ 100% ] 0000/0718 VUs  30s        750.00 iters/s
step_00800 ↓ [ 100% ] 2400/2400 VUs  30s        800.00 iters/s
step_00850   [  27% ] 1314/1315 VUs  08.0s/30s  850.00 iters/s
step_00900 • [   0% ] waiting        0m22.0s   
step_00950 • [   0% ] waiting        0m52.0s   
step_01000 • [   0% ] waiting        1m22.0s   

running (08m08.9s), 3448/5223 VUs, 190276 complete and 0 interrupted iterations
step_00050 ✓ [ 100% ] 000/020 VUs    30s        50.00 iters/s
step_00100 ✓ [ 100% ] 000/020 VUs    30s        100.00 iters/s
step_00150 ✓ [ 100% ] 000/030 VUs    30s        150.00 iters/s
step_00200 ✓ [ 100% ] 000/040 VUs    30s        200.00 iters/s
step_00250 ✓ [ 100% ] 000/106 VUs    30s        250.00 iters/s
step_00300 ✓ [ 100% ] 000/060 VUs    30s        300.00 iters/s
step_00350 ✓ [ 100% ] 0000/0070 VUs  30s        350.00 iters/s
step_00400 ✓ [ 100% ] 0000/0080 VUs  30s        400.00 iters/s
step_00450 ✓ [ 100% ] 0000/0090 VUs  30s        450.00 iters/s
step_00500 ✓ [ 100% ] 0000/0219 VUs  30s        500.00 iters/s
step_00550 ✓ [ 100% ] 0000/0110 VUs  30s        550.00 iters/s
step_00600 ✓ [ 100% ] 0000/0257 VUs  30s        600.00 iters/s
step_00650 ✓ [ 100% ] 0000/0201 VUs  30s        650.00 iters/s
step_00700 ✓ [ 100% ] 0000/0356 VUs  30s        700.00 iters/s
step_00750 ✓ [ 100% ] 0000/0718 VUs  30s        750.00 iters/s
step_00800 ↓ [ 100% ] 2400/2400 VUs  30s        800.00 iters/s
step_00850   [  30% ] 1596/1596 VUs  09.0s/30s  850.00 iters/s
step_00900 • [   0% ] waiting        0m21.0s   
step_00950 • [   0% ] waiting        0m51.0s   
step_01000 • [   0% ] waiting        1m21.0s   

running (08m10.0s), 3640/5420 VUs, 190281 complete and 0 interrupted iterations
step_00050 ✓ [ 100% ] 000/020 VUs    30s        50.00 iters/s
step_00100 ✓ [ 100% ] 000/020 VUs    30s        100.00 iters/s
step_00150 ✓ [ 100% ] 000/030 VUs    30s        150.00 iters/s
step_00200 ✓ [ 100% ] 000/040 VUs    30s        200.00 iters/s
step_00250 ✓ [ 100% ] 000/106 VUs    30s        250.00 iters/s
step_00300 ✓ [ 100% ] 000/060 VUs    30s        300.00 iters/s
step_00350 ✓ [ 100% ] 0000/0070 VUs  30s        350.00 iters/s
step_00400 ✓ [ 100% ] 0000/0080 VUs  30s        400.00 iters/s
step_00450 ✓ [ 100% ] 0000/0090 VUs  30s        450.00 iters/s
step_00500 ✓ [ 100% ] 0000/0219 VUs  30s        500.00 iters/s
step_00550 ✓ [ 100% ] 0000/0110 VUs  30s        550.00 iters/s
step_00600 ✓ [ 100% ] 0000/0257 VUs  30s        600.00 iters/s
step_00650 ✓ [ 100% ] 0000/0201 VUs  30s        650.00 iters/s
step_00700 ✓ [ 100% ] 0000/0356 VUs  30s        700.00 iters/s
step_00750 ✓ [ 100% ] 0000/0718 VUs  30s        750.00 iters/s
step_00800 ↓ [ 100% ] 2400/2400 VUs  30s        800.00 iters/s
step_00850   [  33% ] 1793/1793 VUs  10.0s/30s  850.00 iters/s
step_00900 • [   0% ] waiting        0m20.0s   
step_00950 • [   0% ] waiting        0m50.0s   
step_01000 • [   0% ] waiting        1m20.0s   

running (08m11.0s), 1878/5506 VUs, 190281 complete and 1847 interrupted iterations
step_00050 ✓ [ 100% ] 000/020 VUs    30s        50.00 iters/s
step_00100 ✓ [ 100% ] 000/020 VUs    30s        100.00 iters/s
step_00150 ✓ [ 100% ] 000/030 VUs    30s        150.00 iters/s
step_00200 ✓ [ 100% ] 000/040 VUs    30s        200.00 iters/s
step_00250 ✓ [ 100% ] 000/106 VUs    30s        250.00 iters/s
step_00300 ✓ [ 100% ] 000/060 VUs    30s        300.00 iters/s
step_00350 ✓ [ 100% ] 0000/0070 VUs  30s        350.00 iters/s
step_00400 ✓ [ 100% ] 0000/0080 VUs  30s        400.00 iters/s
step_00450 ✓ [ 100% ] 0000/0090 VUs  30s        450.00 iters/s
step_00500 ✓ [ 100% ] 0000/0219 VUs  30s        500.00 iters/s
step_00550 ✓ [ 100% ] 0000/0110 VUs  30s        550.00 iters/s
step_00600 ✓ [ 100% ] 0000/0257 VUs  30s        600.00 iters/s
step_00650 ✓ [ 100% ] 0000/0201 VUs  30s        650.00 iters/s
step_00700 ✓ [ 100% ] 0000/0356 VUs  30s        700.00 iters/s
step_00750 ✓ [ 100% ] 0000/0718 VUs  30s        750.00 iters/s
step_00800 ✓ [ 100% ] 1847/2400 VUs  30s        800.00 iters/s
step_00850   [  37% ] 1878/1879 VUs  11.0s/30s  850.00 iters/s
step_00900 • [   0% ] waiting        0m19.0s   
step_00950 • [   0% ] waiting        0m49.0s   
step_01000 • [   0% ] waiting        1m19.0s   

running (08m11.9s), 2102/5730 VUs, 190281 complete and 1847 interrupted iterations
step_00050 ✓ [ 100% ] 000/020 VUs    30s        50.00 iters/s
step_00100 ✓ [ 100% ] 000/020 VUs    30s        100.00 iters/s
step_00150 ✓ [ 100% ] 000/030 VUs    30s        150.00 iters/s
step_00200 ✓ [ 100% ] 000/040 VUs    30s        200.00 iters/s
step_00250 ✓ [ 100% ] 000/106 VUs    30s        250.00 iters/s
step_00300 ✓ [ 100% ] 000/060 VUs    30s        300.00 iters/s
step_00350 ✓ [ 100% ] 0000/0070 VUs  30s        350.00 iters/s
step_00400 ✓ [ 100% ] 0000/0080 VUs  30s        400.00 iters/s
step_00450 ✓ [ 100% ] 0000/0090 VUs  30s        450.00 iters/s
step_00500 ✓ [ 100% ] 0000/0219 VUs  30s        500.00 iters/s
step_00550 ✓ [ 100% ] 0000/0110 VUs  30s        550.00 iters/s
step_00600 ✓ [ 100% ] 0000/0257 VUs  30s        600.00 iters/s
step_00650 ✓ [ 100% ] 0000/0201 VUs  30s        650.00 iters/s
step_00700 ✓ [ 100% ] 0000/0356 VUs  30s        700.00 iters/s
step_00750 ✓ [ 100% ] 0000/0718 VUs  30s        750.00 iters/s
step_00800 ✓ [ 100% ] 1847/2400 VUs  30s        800.00 iters/s
step_00850   [  40% ] 2102/2103 VUs  12.0s/30s  850.00 iters/s
step_00900 • [   0% ] waiting        0m18.0s   
step_00950 • [   0% ] waiting        0m48.0s   
step_01000 • [   0% ] waiting        1m18.0s   

running (08m12.9s), 2510/5850 VUs, 190281 complete and 1847 interrupted iterations
step_00050 ✓ [ 100% ] 000/020 VUs    30s        50.00 iters/s
step_00100 ✓ [ 100% ] 000/020 VUs    30s        100.00 iters/s
step_00150 ✓ [ 100% ] 000/030 VUs    30s        150.00 iters/s
step_00200 ✓ [ 100% ] 000/040 VUs    30s        200.00 iters/s
step_00250 ✓ [ 100% ] 000/106 VUs    30s        250.00 iters/s
step_00300 ✓ [ 100% ] 000/060 VUs    30s        300.00 iters/s
step_00350 ✓ [ 100% ] 0000/0070 VUs  30s        350.00 iters/s
step_00400 ✓ [ 100% ] 0000/0080 VUs  30s        400.00 iters/s
step_00450 ✓ [ 100% ] 0000/0090 VUs  30s        450.00 iters/s
step_00500 ✓ [ 100% ] 0000/0219 VUs  30s        500.00 iters/s
step_00550 ✓ [ 100% ] 0000/0110 VUs  30s        550.00 iters/s
step_00600 ✓ [ 100% ] 0000/0257 VUs  30s        600.00 iters/s
step_00650 ✓ [ 100% ] 0000/0201 VUs  30s        650.00 iters/s
step_00700 ✓ [ 100% ] 0000/0356 VUs  30s        700.00 iters/s
step_00750 ✓ [ 100% ] 0000/0718 VUs  30s        750.00 iters/s
step_00800 ✓ [ 100% ] 1847/2400 VUs  30s        800.00 iters/s
step_00850   [  43% ] 2510/2511 VUs  13.0s/30s  850.00 iters/s
step_00900 • [   0% ] waiting        0m17.0s   
step_00950 • [   0% ] waiting        0m47.0s   
step_01000 • [   0% ] waiting        1m17.0s   
time="2026-09-13T19:09:21+06:00" level=warning msg="Insufficient VUs, reached 2550 active VUs and cannot initialize more" executor=constant-arrival-rate scenario=step_00850

running (08m13.9s), 2550/5850 VUs, 190281 complete and 1847 interrupted iterations
step_00050 ✓ [ 100% ] 000/020 VUs    30s        50.00 iters/s
step_00100 ✓ [ 100% ] 000/020 VUs    30s        100.00 iters/s
step_00150 ✓ [ 100% ] 000/030 VUs    30s        150.00 iters/s
step_00200 ✓ [ 100% ] 000/040 VUs    30s        200.00 iters/s
step_00250 ✓ [ 100% ] 000/106 VUs    30s        250.00 iters/s
step_00300 ✓ [ 100% ] 000/060 VUs    30s        300.00 iters/s
step_00350 ✓ [ 100% ] 0000/0070 VUs  30s        350.00 iters/s
step_00400 ✓ [ 100% ] 0000/0080 VUs  30s        400.00 iters/s
step_00450 ✓ [ 100% ] 0000/0090 VUs  30s        450.00 iters/s
step_00500 ✓ [ 100% ] 0000/0219 VUs  30s        500.00 iters/s
step_00550 ✓ [ 100% ] 0000/0110 VUs  30s        550.00 iters/s
step_00600 ✓ [ 100% ] 0000/0257 VUs  30s        600.00 iters/s
step_00650 ✓ [ 100% ] 0000/0201 VUs  30s        650.00 iters/s
step_00700 ✓ [ 100% ] 0000/0356 VUs  30s        700.00 iters/s
step_00750 ✓ [ 100% ] 0000/0718 VUs  30s        750.00 iters/s
step_00800 ✓ [ 100% ] 1847/2400 VUs  30s        800.00 iters/s
step_00850   [  47% ] 2550/2550 VUs  14.0s/30s  850.00 iters/s
step_00900 • [   0% ] waiting        0m16.0s   
step_00950 • [   0% ] waiting        0m46.0s   
step_01000 • [   0% ] waiting        1m16.0s   

running (08m15.0s), 2550/5850 VUs, 190281 complete and 1847 interrupted iterations
step_00050 ✓ [ 100% ] 000/020 VUs    30s        50.00 iters/s
step_00100 ✓ [ 100% ] 000/020 VUs    30s        100.00 iters/s
step_00150 ✓ [ 100% ] 000/030 VUs    30s        150.00 iters/s
step_00200 ✓ [ 100% ] 000/040 VUs    30s        200.00 iters/s
step_00250 ✓ [ 100% ] 000/106 VUs    30s        250.00 iters/s
step_00300 ✓ [ 100% ] 000/060 VUs    30s        300.00 iters/s
step_00350 ✓ [ 100% ] 0000/0070 VUs  30s        350.00 iters/s
step_00400 ✓ [ 100% ] 0000/0080 VUs  30s        400.00 iters/s
step_00450 ✓ [ 100% ] 0000/0090 VUs  30s        450.00 iters/s
step_00500 ✓ [ 100% ] 0000/0219 VUs  30s        500.00 iters/s
step_00550 ✓ [ 100% ] 0000/0110 VUs  30s        550.00 iters/s
step_00600 ✓ [ 100% ] 0000/0257 VUs  30s        600.00 iters/s
step_00650 ✓ [ 100% ] 0000/0201 VUs  30s        650.00 iters/s
step_00700 ✓ [ 100% ] 0000/0356 VUs  30s        700.00 iters/s
step_00750 ✓ [ 100% ] 0000/0718 VUs  30s        750.00 iters/s
step_00800 ✓ [ 100% ] 1847/2400 VUs  30s        800.00 iters/s
step_00850   [  50% ] 2550/2550 VUs  15.0s/30s  850.00 iters/s
step_00900 • [   0% ] waiting        0m15.0s   
step_00950 • [   0% ] waiting        0m45.0s   
step_01000 • [   0% ] waiting        1m15.0s   

running (08m16.0s), 2550/5850 VUs, 190281 complete and 1847 interrupted iterations
step_00050 ✓ [ 100% ] 000/020 VUs    30s        50.00 iters/s
step_00100 ✓ [ 100% ] 000/020 VUs    30s        100.00 iters/s
step_00150 ✓ [ 100% ] 000/030 VUs    30s        150.00 iters/s
step_00200 ✓ [ 100% ] 000/040 VUs    30s        200.00 iters/s
step_00250 ✓ [ 100% ] 000/106 VUs    30s        250.00 iters/s
step_00300 ✓ [ 100% ] 000/060 VUs    30s        300.00 iters/s
step_00350 ✓ [ 100% ] 0000/0070 VUs  30s        350.00 iters/s
step_00400 ✓ [ 100% ] 0000/0080 VUs  30s        400.00 iters/s
step_00450 ✓ [ 100% ] 0000/0090 VUs  30s        450.00 iters/s
step_00500 ✓ [ 100% ] 0000/0219 VUs  30s        500.00 iters/s
step_00550 ✓ [ 100% ] 0000/0110 VUs  30s        550.00 iters/s
step_00600 ✓ [ 100% ] 0000/0257 VUs  30s        600.00 iters/s
step_00650 ✓ [ 100% ] 0000/0201 VUs  30s        650.00 iters/s
step_00700 ✓ [ 100% ] 0000/0356 VUs  30s        700.00 iters/s
step_00750 ✓ [ 100% ] 0000/0718 VUs  30s        750.00 iters/s
step_00800 ✓ [ 100% ] 1847/2400 VUs  30s        800.00 iters/s
step_00850   [  53% ] 2550/2550 VUs  16.0s/30s  850.00 iters/s
step_00900 • [   0% ] waiting        0m14.0s   
step_00950 • [   0% ] waiting        0m44.0s   
step_01000 • [   0% ] waiting        1m14.0s   

running (08m16.9s), 2550/5850 VUs, 190281 complete and 1847 interrupted iterations
step_00050 ✓ [ 100% ] 000/020 VUs    30s        50.00 iters/s
step_00100 ✓ [ 100% ] 000/020 VUs    30s        100.00 iters/s
step_00150 ✓ [ 100% ] 000/030 VUs    30s        150.00 iters/s
step_00200 ✓ [ 100% ] 000/040 VUs    30s        200.00 iters/s
step_00250 ✓ [ 100% ] 000/106 VUs    30s        250.00 iters/s
step_00300 ✓ [ 100% ] 000/060 VUs    30s        300.00 iters/s
step_00350 ✓ [ 100% ] 0000/0070 VUs  30s        350.00 iters/s
step_00400 ✓ [ 100% ] 0000/0080 VUs  30s        400.00 iters/s
step_00450 ✓ [ 100% ] 0000/0090 VUs  30s        450.00 iters/s
step_00500 ✓ [ 100% ] 0000/0219 VUs  30s        500.00 iters/s
step_00550 ✓ [ 100% ] 0000/0110 VUs  30s        550.00 iters/s
step_00600 ✓ [ 100% ] 0000/0257 VUs  30s        600.00 iters/s
step_00650 ✓ [ 100% ] 0000/0201 VUs  30s        650.00 iters/s
step_00700 ✓ [ 100% ] 0000/0356 VUs  30s        700.00 iters/s
step_00750 ✓ [ 100% ] 0000/0718 VUs  30s        750.00 iters/s
step_00800 ✓ [ 100% ] 1847/2400 VUs  30s        800.00 iters/s
step_00850   [  57% ] 2550/2550 VUs  17.0s/30s  850.00 iters/s
step_00900 • [   0% ] waiting        0m13.0s   
step_00950 • [   0% ] waiting        0m43.0s   
step_01000 • [   0% ] waiting        1m13.0s   

running (08m17.9s), 2550/5850 VUs, 190281 complete and 1847 interrupted iterations
step_00050 ✓ [ 100% ] 000/020 VUs    30s        50.00 iters/s
step_00100 ✓ [ 100% ] 000/020 VUs    30s        100.00 iters/s
step_00150 ✓ [ 100% ] 000/030 VUs    30s        150.00 iters/s
step_00200 ✓ [ 100% ] 000/040 VUs    30s        200.00 iters/s
step_00250 ✓ [ 100% ] 000/106 VUs    30s        250.00 iters/s
step_00300 ✓ [ 100% ] 000/060 VUs    30s        300.00 iters/s
step_00350 ✓ [ 100% ] 0000/0070 VUs  30s        350.00 iters/s
step_00400 ✓ [ 100% ] 0000/0080 VUs  30s        400.00 iters/s
step_00450 ✓ [ 100% ] 0000/0090 VUs  30s        450.00 iters/s
step_00500 ✓ [ 100% ] 0000/0219 VUs  30s        500.00 iters/s
step_00550 ✓ [ 100% ] 0000/0110 VUs  30s        550.00 iters/s
step_00600 ✓ [ 100% ] 0000/0257 VUs  30s        600.00 iters/s
step_00650 ✓ [ 100% ] 0000/0201 VUs  30s        650.00 iters/s
step_00700 ✓ [ 100% ] 0000/0356 VUs  30s        700.00 iters/s
step_00750 ✓ [ 100% ] 0000/0718 VUs  30s        750.00 iters/s
step_00800 ✓ [ 100% ] 1847/2400 VUs  30s        800.00 iters/s
step_00850   [  60% ] 2550/2550 VUs  18.0s/30s  850.00 iters/s
step_00900 • [   0% ] waiting        0m12.0s   
step_00950 • [   0% ] waiting        0m42.0s   
step_01000 • [   0% ] waiting        1m12.0s   

running (08m18.9s), 2550/5850 VUs, 190281 complete and 1847 interrupted iterations
step_00050 ✓ [ 100% ] 000/020 VUs    30s        50.00 iters/s
step_00100 ✓ [ 100% ] 000/020 VUs    30s        100.00 iters/s
step_00150 ✓ [ 100% ] 000/030 VUs    30s        150.00 iters/s
step_00200 ✓ [ 100% ] 000/040 VUs    30s        200.00 iters/s
step_00250 ✓ [ 100% ] 000/106 VUs    30s        250.00 iters/s
step_00300 ✓ [ 100% ] 000/060 VUs    30s        300.00 iters/s
step_00350 ✓ [ 100% ] 0000/0070 VUs  30s        350.00 iters/s
step_00400 ✓ [ 100% ] 0000/0080 VUs  30s        400.00 iters/s
step_00450 ✓ [ 100% ] 0000/0090 VUs  30s        450.00 iters/s
step_00500 ✓ [ 100% ] 0000/0219 VUs  30s        500.00 iters/s
step_00550 ✓ [ 100% ] 0000/0110 VUs  30s        550.00 iters/s
step_00600 ✓ [ 100% ] 0000/0257 VUs  30s        600.00 iters/s
step_00650 ✓ [ 100% ] 0000/0201 VUs  30s        650.00 iters/s
step_00700 ✓ [ 100% ] 0000/0356 VUs  30s        700.00 iters/s
step_00750 ✓ [ 100% ] 0000/0718 VUs  30s        750.00 iters/s
step_00800 ✓ [ 100% ] 1847/2400 VUs  30s        800.00 iters/s
step_00850   [  63% ] 2550/2550 VUs  19.0s/30s  850.00 iters/s
step_00900 • [   0% ] waiting        0m11.0s   
step_00950 • [   0% ] waiting        0m41.0s   
step_01000 • [   0% ] waiting        1m11.0s   

running (08m19.9s), 2550/5850 VUs, 190291 complete and 1847 interrupted iterations
step_00050 ✓ [ 100% ] 000/020 VUs    30s        50.00 iters/s
step_00100 ✓ [ 100% ] 000/020 VUs    30s        100.00 iters/s
step_00150 ✓ [ 100% ] 000/030 VUs    30s        150.00 iters/s
step_00200 ✓ [ 100% ] 000/040 VUs    30s        200.00 iters/s
step_00250 ✓ [ 100% ] 000/106 VUs    30s        250.00 iters/s
step_00300 ✓ [ 100% ] 000/060 VUs    30s        300.00 iters/s
step_00350 ✓ [ 100% ] 0000/0070 VUs  30s        350.00 iters/s
step_00400 ✓ [ 100% ] 0000/0080 VUs  30s        400.00 iters/s
step_00450 ✓ [ 100% ] 0000/0090 VUs  30s        450.00 iters/s
step_00500 ✓ [ 100% ] 0000/0219 VUs  30s        500.00 iters/s
step_00550 ✓ [ 100% ] 0000/0110 VUs  30s        550.00 iters/s
step_00600 ✓ [ 100% ] 0000/0257 VUs  30s        600.00 iters/s
step_00650 ✓ [ 100% ] 0000/0201 VUs  30s        650.00 iters/s
step_00700 ✓ [ 100% ] 0000/0356 VUs  30s        700.00 iters/s
step_00750 ✓ [ 100% ] 0000/0718 VUs  30s        750.00 iters/s
step_00800 ✓ [ 100% ] 1847/2400 VUs  30s        800.00 iters/s
step_00850   [  67% ] 2550/2550 VUs  20.0s/30s  850.00 iters/s
step_00900 • [   0% ] waiting        0m10.0s   
step_00950 • [   0% ] waiting        0m40.0s   
step_01000 • [   0% ] waiting        1m10.0s   

running (08m20.9s), 2550/5850 VUs, 190295 complete and 1847 interrupted iterations
step_00050 ✓ [ 100% ] 000/020 VUs    30s        50.00 iters/s
step_00100 ✓ [ 100% ] 000/020 VUs    30s        100.00 iters/s
step_00150 ✓ [ 100% ] 000/030 VUs    30s        150.00 iters/s
step_00200 ✓ [ 100% ] 000/040 VUs    30s        200.00 iters/s
step_00250 ✓ [ 100% ] 000/106 VUs    30s        250.00 iters/s
step_00300 ✓ [ 100% ] 000/060 VUs    30s        300.00 iters/s
step_00350 ✓ [ 100% ] 0000/0070 VUs  30s        350.00 iters/s
step_00400 ✓ [ 100% ] 0000/0080 VUs  30s        400.00 iters/s
step_00450 ✓ [ 100% ] 0000/0090 VUs  30s        450.00 iters/s
step_00500 ✓ [ 100% ] 0000/0219 VUs  30s        500.00 iters/s
step_00550 ✓ [ 100% ] 0000/0110 VUs  30s        550.00 iters/s
step_00600 ✓ [ 100% ] 0000/0257 VUs  30s        600.00 iters/s
step_00650 ✓ [ 100% ] 0000/0201 VUs  30s        650.00 iters/s
step_00700 ✓ [ 100% ] 0000/0356 VUs  30s        700.00 iters/s
step_00750 ✓ [ 100% ] 0000/0718 VUs  30s        750.00 iters/s
step_00800 ✓ [ 100% ] 1847/2400 VUs  30s        800.00 iters/s
step_00850   [  70% ] 2550/2550 VUs  21.0s/30s  850.00 iters/s
step_00900 • [   0% ] waiting        0m09.0s   
step_00950 • [   0% ] waiting        0m39.0s   
step_01000 • [   0% ] waiting        1m09.0s   

running (08m21.9s), 2550/5850 VUs, 190309 complete and 1847 interrupted iterations
step_00050 ✓ [ 100% ] 000/020 VUs    30s        50.00 iters/s
step_00100 ✓ [ 100% ] 000/020 VUs    30s        100.00 iters/s
step_00150 ✓ [ 100% ] 000/030 VUs    30s        150.00 iters/s
step_00200 ✓ [ 100% ] 000/040 VUs    30s        200.00 iters/s
step_00250 ✓ [ 100% ] 000/106 VUs    30s        250.00 iters/s
step_00300 ✓ [ 100% ] 000/060 VUs    30s        300.00 iters/s
step_00350 ✓ [ 100% ] 0000/0070 VUs  30s        350.00 iters/s
step_00400 ✓ [ 100% ] 0000/0080 VUs  30s        400.00 iters/s
step_00450 ✓ [ 100% ] 0000/0090 VUs  30s        450.00 iters/s
step_00500 ✓ [ 100% ] 0000/0219 VUs  30s        500.00 iters/s
step_00550 ✓ [ 100% ] 0000/0110 VUs  30s        550.00 iters/s
step_00600 ✓ [ 100% ] 0000/0257 VUs  30s        600.00 iters/s
step_00650 ✓ [ 100% ] 0000/0201 VUs  30s        650.00 iters/s
step_00700 ✓ [ 100% ] 0000/0356 VUs  30s        700.00 iters/s
step_00750 ✓ [ 100% ] 0000/0718 VUs  30s        750.00 iters/s
step_00800 ✓ [ 100% ] 1847/2400 VUs  30s        800.00 iters/s
step_00850   [  73% ] 2550/2550 VUs  22.0s/30s  850.00 iters/s
step_00900 • [   0% ] waiting        0m08.0s   
step_00950 • [   0% ] waiting        0m38.0s   
step_01000 • [   0% ] waiting        1m08.0s   

running (08m22.9s), 2550/5850 VUs, 190344 complete and 1847 interrupted iterations
step_00050 ✓ [ 100% ] 000/020 VUs    30s        50.00 iters/s
step_00100 ✓ [ 100% ] 000/020 VUs    30s        100.00 iters/s
step_00150 ✓ [ 100% ] 000/030 VUs    30s        150.00 iters/s
step_00200 ✓ [ 100% ] 000/040 VUs    30s        200.00 iters/s
step_00250 ✓ [ 100% ] 000/106 VUs    30s        250.00 iters/s
step_00300 ✓ [ 100% ] 000/060 VUs    30s        300.00 iters/s
step_00350 ✓ [ 100% ] 0000/0070 VUs  30s        350.00 iters/s
step_00400 ✓ [ 100% ] 0000/0080 VUs  30s        400.00 iters/s
step_00450 ✓ [ 100% ] 0000/0090 VUs  30s        450.00 iters/s
step_00500 ✓ [ 100% ] 0000/0219 VUs  30s        500.00 iters/s
step_00550 ✓ [ 100% ] 0000/0110 VUs  30s        550.00 iters/s
step_00600 ✓ [ 100% ] 0000/0257 VUs  30s        600.00 iters/s
step_00650 ✓ [ 100% ] 0000/0201 VUs  30s        650.00 iters/s
step_00700 ✓ [ 100% ] 0000/0356 VUs  30s        700.00 iters/s
step_00750 ✓ [ 100% ] 0000/0718 VUs  30s        750.00 iters/s
step_00800 ✓ [ 100% ] 1847/2400 VUs  30s        800.00 iters/s
step_00850   [  77% ] 2550/2550 VUs  23.0s/30s  850.00 iters/s
step_00900 • [   0% ] waiting        0m07.0s   
step_00950 • [   0% ] waiting        0m37.0s   
step_01000 • [   0% ] waiting        1m07.0s   

running (08m23.9s), 2549/5850 VUs, 190392 complete and 1847 interrupted iterations
step_00050 ✓ [ 100% ] 000/020 VUs    30s        50.00 iters/s
step_00100 ✓ [ 100% ] 000/020 VUs    30s        100.00 iters/s
step_00150 ✓ [ 100% ] 000/030 VUs    30s        150.00 iters/s
step_00200 ✓ [ 100% ] 000/040 VUs    30s        200.00 iters/s
step_00250 ✓ [ 100% ] 000/106 VUs    30s        250.00 iters/s
step_00300 ✓ [ 100% ] 000/060 VUs    30s        300.00 iters/s
step_00350 ✓ [ 100% ] 0000/0070 VUs  30s        350.00 iters/s
step_00400 ✓ [ 100% ] 0000/0080 VUs  30s        400.00 iters/s
step_00450 ✓ [ 100% ] 0000/0090 VUs  30s        450.00 iters/s
step_00500 ✓ [ 100% ] 0000/0219 VUs  30s        500.00 iters/s
step_00550 ✓ [ 100% ] 0000/0110 VUs  30s        550.00 iters/s
step_00600 ✓ [ 100% ] 0000/0257 VUs  30s        600.00 iters/s
step_00650 ✓ [ 100% ] 0000/0201 VUs  30s        650.00 iters/s
step_00700 ✓ [ 100% ] 0000/0356 VUs  30s        700.00 iters/s
step_00750 ✓ [ 100% ] 0000/0718 VUs  30s        750.00 iters/s
step_00800 ✓ [ 100% ] 1847/2400 VUs  30s        800.00 iters/s
step_00850   [  80% ] 2549/2550 VUs  24.0s/30s  850.00 iters/s
step_00900 • [   0% ] waiting        0m06.0s   
step_00950 • [   0% ] waiting        0m36.0s   
step_01000 • [   0% ] waiting        1m06.0s   

running (08m24.9s), 2550/5850 VUs, 190396 complete and 1847 interrupted iterations
step_00050 ✓ [ 100% ] 000/020 VUs    30s        50.00 iters/s
step_00100 ✓ [ 100% ] 000/020 VUs    30s        100.00 iters/s
step_00150 ✓ [ 100% ] 000/030 VUs    30s        150.00 iters/s
step_00200 ✓ [ 100% ] 000/040 VUs    30s        200.00 iters/s
step_00250 ✓ [ 100% ] 000/106 VUs    30s        250.00 iters/s
step_00300 ✓ [ 100% ] 000/060 VUs    30s        300.00 iters/s
step_00350 ✓ [ 100% ] 0000/0070 VUs  30s        350.00 iters/s
step_00400 ✓ [ 100% ] 0000/0080 VUs  30s        400.00 iters/s
step_00450 ✓ [ 100% ] 0000/0090 VUs  30s        450.00 iters/s
step_00500 ✓ [ 100% ] 0000/0219 VUs  30s        500.00 iters/s
step_00550 ✓ [ 100% ] 0000/0110 VUs  30s        550.00 iters/s
step_00600 ✓ [ 100% ] 0000/0257 VUs  30s        600.00 iters/s
step_00650 ✓ [ 100% ] 0000/0201 VUs  30s        650.00 iters/s
step_00700 ✓ [ 100% ] 0000/0356 VUs  30s        700.00 iters/s
step_00750 ✓ [ 100% ] 0000/0718 VUs  30s        750.00 iters/s
step_00800 ✓ [ 100% ] 1847/2400 VUs  30s        800.00 iters/s
step_00850   [  83% ] 2550/2550 VUs  25.0s/30s  850.00 iters/s
step_00900 • [   0% ] waiting        0m05.0s   
step_00950 • [   0% ] waiting        0m35.0s   
step_01000 • [   0% ] waiting        1m05.0s   

running (08m25.9s), 2550/5850 VUs, 190425 complete and 1847 interrupted iterations
step_00050 ✓ [ 100% ] 000/020 VUs    30s        50.00 iters/s
step_00100 ✓ [ 100% ] 000/020 VUs    30s        100.00 iters/s
step_00150 ✓ [ 100% ] 000/030 VUs    30s        150.00 iters/s
step_00200 ✓ [ 100% ] 000/040 VUs    30s        200.00 iters/s
step_00250 ✓ [ 100% ] 000/106 VUs    30s        250.00 iters/s
step_00300 ✓ [ 100% ] 000/060 VUs    30s        300.00 iters/s
step_00350 ✓ [ 100% ] 0000/0070 VUs  30s        350.00 iters/s
step_00400 ✓ [ 100% ] 0000/0080 VUs  30s        400.00 iters/s
step_00450 ✓ [ 100% ] 0000/0090 VUs  30s        450.00 iters/s
step_00500 ✓ [ 100% ] 0000/0219 VUs  30s        500.00 iters/s
step_00550 ✓ [ 100% ] 0000/0110 VUs  30s        550.00 iters/s
step_00600 ✓ [ 100% ] 0000/0257 VUs  30s        600.00 iters/s
step_00650 ✓ [ 100% ] 0000/0201 VUs  30s        650.00 iters/s
step_00700 ✓ [ 100% ] 0000/0356 VUs  30s        700.00 iters/s
step_00750 ✓ [ 100% ] 0000/0718 VUs  30s        750.00 iters/s
step_00800 ✓ [ 100% ] 1847/2400 VUs  30s        800.00 iters/s
step_00850   [  87% ] 2550/2550 VUs  26.0s/30s  850.00 iters/s
step_00900 • [   0% ] waiting        0m04.0s   
step_00950 • [   0% ] waiting        0m34.0s   
step_01000 • [   0% ] waiting        1m04.0s   

running (08m26.9s), 2550/5850 VUs, 190485 complete and 1847 interrupted iterations
step_00050 ✓ [ 100% ] 000/020 VUs    30s        50.00 iters/s
step_00100 ✓ [ 100% ] 000/020 VUs    30s        100.00 iters/s
step_00150 ✓ [ 100% ] 000/030 VUs    30s        150.00 iters/s
step_00200 ✓ [ 100% ] 000/040 VUs    30s        200.00 iters/s
step_00250 ✓ [ 100% ] 000/106 VUs    30s        250.00 iters/s
step_00300 ✓ [ 100% ] 000/060 VUs    30s        300.00 iters/s
step_00350 ✓ [ 100% ] 0000/0070 VUs  30s        350.00 iters/s
step_00400 ✓ [ 100% ] 0000/0080 VUs  30s        400.00 iters/s
step_00450 ✓ [ 100% ] 0000/0090 VUs  30s        450.00 iters/s
step_00500 ✓ [ 100% ] 0000/0219 VUs  30s        500.00 iters/s
step_00550 ✓ [ 100% ] 0000/0110 VUs  30s        550.00 iters/s
step_00600 ✓ [ 100% ] 0000/0257 VUs  30s        600.00 iters/s
step_00650 ✓ [ 100% ] 0000/0201 VUs  30s        650.00 iters/s
step_00700 ✓ [ 100% ] 0000/0356 VUs  30s        700.00 iters/s
step_00750 ✓ [ 100% ] 0000/0718 VUs  30s        750.00 iters/s
step_00800 ✓ [ 100% ] 1847/2400 VUs  30s        800.00 iters/s
step_00850   [  90% ] 2550/2550 VUs  27.0s/30s  850.00 iters/s
step_00900 • [   0% ] waiting        0m03.0s   
step_00950 • [   0% ] waiting        0m33.0s   
step_01000 • [   0% ] waiting        1m03.0s   

running (08m27.9s), 2550/5850 VUs, 190516 complete and 1847 interrupted iterations
step_00050 ✓ [ 100% ] 000/020 VUs    30s        50.00 iters/s
step_00100 ✓ [ 100% ] 000/020 VUs    30s        100.00 iters/s
step_00150 ✓ [ 100% ] 000/030 VUs    30s        150.00 iters/s
step_00200 ✓ [ 100% ] 000/040 VUs    30s        200.00 iters/s
step_00250 ✓ [ 100% ] 000/106 VUs    30s        250.00 iters/s
step_00300 ✓ [ 100% ] 000/060 VUs    30s        300.00 iters/s
step_00350 ✓ [ 100% ] 0000/0070 VUs  30s        350.00 iters/s
step_00400 ✓ [ 100% ] 0000/0080 VUs  30s        400.00 iters/s
step_00450 ✓ [ 100% ] 0000/0090 VUs  30s        450.00 iters/s
step_00500 ✓ [ 100% ] 0000/0219 VUs  30s        500.00 iters/s
step_00550 ✓ [ 100% ] 0000/0110 VUs  30s        550.00 iters/s
step_00600 ✓ [ 100% ] 0000/0257 VUs  30s        600.00 iters/s
step_00650 ✓ [ 100% ] 0000/0201 VUs  30s        650.00 iters/s
step_00700 ✓ [ 100% ] 0000/0356 VUs  30s        700.00 iters/s
step_00750 ✓ [ 100% ] 0000/0718 VUs  30s        750.00 iters/s
step_00800 ✓ [ 100% ] 1847/2400 VUs  30s        800.00 iters/s
step_00850   [  93% ] 2550/2550 VUs  28.0s/30s  850.00 iters/s
step_00900 • [   0% ] waiting        0m02.0s   
step_00950 • [   0% ] waiting        0m32.0s   
step_01000 • [   0% ] waiting        1m02.0s   

running (08m28.9s), 2550/5850 VUs, 190631 complete and 1847 interrupted iterations
step_00050 ✓ [ 100% ] 000/020 VUs    30s        50.00 iters/s
step_00100 ✓ [ 100% ] 000/020 VUs    30s        100.00 iters/s
step_00150 ✓ [ 100% ] 000/030 VUs    30s        150.00 iters/s
step_00200 ✓ [ 100% ] 000/040 VUs    30s        200.00 iters/s
step_00250 ✓ [ 100% ] 000/106 VUs    30s        250.00 iters/s
step_00300 ✓ [ 100% ] 000/060 VUs    30s        300.00 iters/s
step_00350 ✓ [ 100% ] 0000/0070 VUs  30s        350.00 iters/s
step_00400 ✓ [ 100% ] 0000/0080 VUs  30s        400.00 iters/s
step_00450 ✓ [ 100% ] 0000/0090 VUs  30s        450.00 iters/s
step_00500 ✓ [ 100% ] 0000/0219 VUs  30s        500.00 iters/s
step_00550 ✓ [ 100% ] 0000/0110 VUs  30s        550.00 iters/s
step_00600 ✓ [ 100% ] 0000/0257 VUs  30s        600.00 iters/s
step_00650 ✓ [ 100% ] 0000/0201 VUs  30s        650.00 iters/s
step_00700 ✓ [ 100% ] 0000/0356 VUs  30s        700.00 iters/s
step_00750 ✓ [ 100% ] 0000/0718 VUs  30s        750.00 iters/s
step_00800 ✓ [ 100% ] 1847/2400 VUs  30s        800.00 iters/s
step_00850   [  97% ] 2550/2550 VUs  29.0s/30s  850.00 iters/s
step_00900 • [   0% ] waiting        0m01.0s   
step_00950 • [   0% ] waiting        0m31.0s   
step_01000 • [   0% ] waiting        1m01.0s   

running (08m29.9s), 2550/5850 VUs, 190677 complete and 1847 interrupted iterations
step_00050 ✓ [ 100% ] 000/020 VUs    30s        50.00 iters/s
step_00100 ✓ [ 100% ] 000/020 VUs    30s        100.00 iters/s
step_00150 ✓ [ 100% ] 000/030 VUs    30s        150.00 iters/s
step_00200 ✓ [ 100% ] 000/040 VUs    30s        200.00 iters/s
step_00250 ✓ [ 100% ] 000/106 VUs    30s        250.00 iters/s
step_00300 ✓ [ 100% ] 000/060 VUs    30s        300.00 iters/s
step_00350 ✓ [ 100% ] 0000/0070 VUs  30s        350.00 iters/s
step_00400 ✓ [ 100% ] 0000/0080 VUs  30s        400.00 iters/s
step_00450 ✓ [ 100% ] 0000/0090 VUs  30s        450.00 iters/s
step_00500 ✓ [ 100% ] 0000/0219 VUs  30s        500.00 iters/s
step_00550 ✓ [ 100% ] 0000/0110 VUs  30s        550.00 iters/s
step_00600 ✓ [ 100% ] 0000/0257 VUs  30s        600.00 iters/s
step_00650 ✓ [ 100% ] 0000/0201 VUs  30s        650.00 iters/s
step_00700 ✓ [ 100% ] 0000/0356 VUs  30s        700.00 iters/s
step_00750 ✓ [ 100% ] 0000/0718 VUs  30s        750.00 iters/s
step_00800 ✓ [ 100% ] 1847/2400 VUs  30s        800.00 iters/s
step_00850   [ 100% ] 2550/2550 VUs  30.0s/30s  850.00 iters/s
step_00900 • [   0% ] waiting        0m00.0s   
step_00950 • [   0% ] waiting        0m30.0s   
step_01000 • [   0% ] waiting        1m00.0s   

running (08m30.9s), 2930/5850 VUs, 190685 complete and 1847 interrupted iterations
step_00050 ✓ [ 100% ] 000/020 VUs    30s        50.00 iters/s
step_00100 ✓ [ 100% ] 000/020 VUs    30s        100.00 iters/s
step_00150 ✓ [ 100% ] 000/030 VUs    30s        150.00 iters/s
step_00200 ✓ [ 100% ] 000/040 VUs    30s        200.00 iters/s
step_00250 ✓ [ 100% ] 000/106 VUs    30s        250.00 iters/s
step_00300 ✓ [ 100% ] 000/060 VUs    30s        300.00 iters/s
step_00350 ✓ [ 100% ] 0000/0070 VUs  30s        350.00 iters/s
step_00400 ✓ [ 100% ] 0000/0080 VUs  30s        400.00 iters/s
step_00450 ✓ [ 100% ] 0000/0090 VUs  30s        450.00 iters/s
step_00500 ✓ [ 100% ] 0000/0219 VUs  30s        500.00 iters/s
step_00550 ✓ [ 100% ] 0000/0110 VUs  30s        550.00 iters/s
step_00600 ✓ [ 100% ] 0000/0257 VUs  30s        600.00 iters/s
step_00650 ✓ [ 100% ] 0000/0201 VUs  30s        650.00 iters/s
step_00700 ✓ [ 100% ] 0000/0356 VUs  30s        700.00 iters/s
step_00750 ✓ [ 100% ] 0000/0718 VUs  30s        750.00 iters/s
step_00800 ✓ [ 100% ] 1847/2400 VUs  30s        800.00 iters/s
step_00850 ↓ [ 100% ] 2550/2550 VUs  30s        850.00 iters/s
step_00900   [   3% ] 0388/0389 VUs  01.0s/30s  900.00 iters/s
step_00950 • [   0% ] waiting        0m29.0s   
step_01000 • [   0% ] waiting        0m59.0s   

running (08m31.9s), 3338/5850 VUs, 190691 complete and 1847 interrupted iterations
step_00050 ✓ [ 100% ] 000/020 VUs    30s        50.00 iters/s
step_00100 ✓ [ 100% ] 000/020 VUs    30s        100.00 iters/s
step_00150 ✓ [ 100% ] 000/030 VUs    30s        150.00 iters/s
step_00200 ✓ [ 100% ] 000/040 VUs    30s        200.00 iters/s
step_00250 ✓ [ 100% ] 000/106 VUs    30s        250.00 iters/s
step_00300 ✓ [ 100% ] 000/060 VUs    30s        300.00 iters/s
step_00350 ✓ [ 100% ] 0000/0070 VUs  30s        350.00 iters/s
step_00400 ✓ [ 100% ] 0000/0080 VUs  30s        400.00 iters/s
step_00450 ✓ [ 100% ] 0000/0090 VUs  30s        450.00 iters/s
step_00500 ✓ [ 100% ] 0000/0219 VUs  30s        500.00 iters/s
step_00550 ✓ [ 100% ] 0000/0110 VUs  30s        550.00 iters/s
step_00600 ✓ [ 100% ] 0000/0257 VUs  30s        600.00 iters/s
step_00650 ✓ [ 100% ] 0000/0201 VUs  30s        650.00 iters/s
step_00700 ✓ [ 100% ] 0000/0356 VUs  30s        700.00 iters/s
step_00750 ✓ [ 100% ] 0000/0718 VUs  30s        750.00 iters/s
step_00800 ✓ [ 100% ] 1847/2400 VUs  30s        800.00 iters/s
step_00850 ↓ [ 100% ] 2550/2550 VUs  30s        850.00 iters/s
step_00900   [   7% ] 0802/0802 VUs  02.0s/30s  900.00 iters/s
step_00950 • [   0% ] waiting        0m28.0s   
step_01000 • [   0% ] waiting        0m58.0s   

running (08m32.9s), 3706/5850 VUs, 190709 complete and 1847 interrupted iterations
step_00050 ✓ [ 100% ] 000/020 VUs    30s        50.00 iters/s
step_00100 ✓ [ 100% ] 000/020 VUs    30s        100.00 iters/s
step_00150 ✓ [ 100% ] 000/030 VUs    30s        150.00 iters/s
step_00200 ✓ [ 100% ] 000/040 VUs    30s        200.00 iters/s
step_00250 ✓ [ 100% ] 000/106 VUs    30s        250.00 iters/s
step_00300 ✓ [ 100% ] 000/060 VUs    30s        300.00 iters/s
step_00350 ✓ [ 100% ] 0000/0070 VUs  30s        350.00 iters/s
step_00400 ✓ [ 100% ] 0000/0080 VUs  30s        400.00 iters/s
step_00450 ✓ [ 100% ] 0000/0090 VUs  30s        450.00 iters/s
step_00500 ✓ [ 100% ] 0000/0219 VUs  30s        500.00 iters/s
step_00550 ✓ [ 100% ] 0000/0110 VUs  30s        550.00 iters/s
step_00600 ✓ [ 100% ] 0000/0257 VUs  30s        600.00 iters/s
step_00650 ✓ [ 100% ] 0000/0201 VUs  30s        650.00 iters/s
step_00700 ✓ [ 100% ] 0000/0356 VUs  30s        700.00 iters/s
step_00750 ✓ [ 100% ] 0000/0718 VUs  30s        750.00 iters/s
step_00800 ✓ [ 100% ] 1847/2400 VUs  30s        800.00 iters/s
step_00850 ↓ [ 100% ] 2550/2550 VUs  30s        850.00 iters/s
step_00900   [  10% ] 1188/1189 VUs  03.0s/30s  900.00 iters/s
step_00950 • [   0% ] waiting        0m27.0s   
step_01000 • [   0% ] waiting        0m57.0s   

running (08m34.0s), 3816/5850 VUs, 190711 complete and 1847 interrupted iterations
step_00050 ✓ [ 100% ] 000/020 VUs    30s        50.00 iters/s
step_00100 ✓ [ 100% ] 000/020 VUs    30s        100.00 iters/s
step_00150 ✓ [ 100% ] 000/030 VUs    30s        150.00 iters/s
step_00200 ✓ [ 100% ] 000/040 VUs    30s        200.00 iters/s
step_00250 ✓ [ 100% ] 000/106 VUs    30s        250.00 iters/s
step_00300 ✓ [ 100% ] 000/060 VUs    30s        300.00 iters/s
step_00350 ✓ [ 100% ] 0000/0070 VUs  30s        350.00 iters/s
step_00400 ✓ [ 100% ] 0000/0080 VUs  30s        400.00 iters/s
step_00450 ✓ [ 100% ] 0000/0090 VUs  30s        450.00 iters/s
step_00500 ✓ [ 100% ] 0000/0219 VUs  30s        500.00 iters/s
step_00550 ✓ [ 100% ] 0000/0110 VUs  30s        550.00 iters/s
step_00600 ✓ [ 100% ] 0000/0257 VUs  30s        600.00 iters/s
step_00650 ✓ [ 100% ] 0000/0201 VUs  30s        650.00 iters/s
step_00700 ✓ [ 100% ] 0000/0356 VUs  30s        700.00 iters/s
step_00750 ✓ [ 100% ] 0000/0718 VUs  30s        750.00 iters/s
step_00800 ✓ [ 100% ] 1847/2400 VUs  30s        800.00 iters/s
step_00850 ↓ [ 100% ] 2550/2550 VUs  30s        850.00 iters/s
step_00900   [  13% ] 1300/1300 VUs  04.0s/30s  900.00 iters/s
step_00950 • [   0% ] waiting        0m26.0s   
step_01000 • [   0% ] waiting        0m56.0s   

running (08m35.0s), 3906/5850 VUs, 190724 complete and 1847 interrupted iterations
step_00050 ✓ [ 100% ] 000/020 VUs    30s        50.00 iters/s
step_00100 ✓ [ 100% ] 000/020 VUs    30s        100.00 iters/s
step_00150 ✓ [ 100% ] 000/030 VUs    30s        150.00 iters/s
step_00200 ✓ [ 100% ] 000/040 VUs    30s        200.00 iters/s
step_00250 ✓ [ 100% ] 000/106 VUs    30s        250.00 iters/s
step_00300 ✓ [ 100% ] 000/060 VUs    30s        300.00 iters/s
step_00350 ✓ [ 100% ] 0000/0070 VUs  30s        350.00 iters/s
step_00400 ✓ [ 100% ] 0000/0080 VUs  30s        400.00 iters/s
step_00450 ✓ [ 100% ] 0000/0090 VUs  30s        450.00 iters/s
step_00500 ✓ [ 100% ] 0000/0219 VUs  30s        500.00 iters/s
step_00550 ✓ [ 100% ] 0000/0110 VUs  30s        550.00 iters/s
step_00600 ✓ [ 100% ] 0000/0257 VUs  30s        600.00 iters/s
step_00650 ✓ [ 100% ] 0000/0201 VUs  30s        650.00 iters/s
step_00700 ✓ [ 100% ] 0000/0356 VUs  30s        700.00 iters/s
step_00750 ✓ [ 100% ] 0000/0718 VUs  30s        750.00 iters/s
step_00800 ✓ [ 100% ] 1847/2400 VUs  30s        800.00 iters/s
step_00850 ↓ [ 100% ] 2550/2550 VUs  30s        850.00 iters/s
step_00900   [  17% ] 1403/1404 VUs  05.0s/30s  900.00 iters/s
step_00950 • [   0% ] waiting        0m25.0s   
step_01000 • [   0% ] waiting        0m55.0s   

running (08m36.0s), 3996/5850 VUs, 190730 complete and 1847 interrupted iterations
step_00050 ✓ [ 100% ] 000/020 VUs    30s        50.00 iters/s
step_00100 ✓ [ 100% ] 000/020 VUs    30s        100.00 iters/s
step_00150 ✓ [ 100% ] 000/030 VUs    30s        150.00 iters/s
step_00200 ✓ [ 100% ] 000/040 VUs    30s        200.00 iters/s
step_00250 ✓ [ 100% ] 000/106 VUs    30s        250.00 iters/s
step_00300 ✓ [ 100% ] 000/060 VUs    30s        300.00 iters/s
step_00350 ✓ [ 100% ] 0000/0070 VUs  30s        350.00 iters/s
step_00400 ✓ [ 100% ] 0000/0080 VUs  30s        400.00 iters/s
step_00450 ✓ [ 100% ] 0000/0090 VUs  30s        450.00 iters/s
step_00500 ✓ [ 100% ] 0000/0219 VUs  30s        500.00 iters/s
step_00550 ✓ [ 100% ] 0000/0110 VUs  30s        550.00 iters/s
step_00600 ✓ [ 100% ] 0000/0257 VUs  30s        600.00 iters/s
step_00650 ✓ [ 100% ] 0000/0201 VUs  30s        650.00 iters/s
step_00700 ✓ [ 100% ] 0000/0356 VUs  30s        700.00 iters/s
step_00750 ✓ [ 100% ] 0000/0718 VUs  30s        750.00 iters/s
step_00800 ✓ [ 100% ] 1847/2400 VUs  30s        800.00 iters/s
step_00850 ↓ [ 100% ] 2550/2550 VUs  30s        850.00 iters/s
step_00900   [  20% ] 1499/1500 VUs  06.0s/30s  900.00 iters/s
step_00950 • [   0% ] waiting        0m24.0s   
step_01000 • [   0% ] waiting        0m54.0s   

running (08m36.9s), 4193/5850 VUs, 190741 complete and 1847 interrupted iterations
step_00050 ✓ [ 100% ] 000/020 VUs    30s        50.00 iters/s
step_00100 ✓ [ 100% ] 000/020 VUs    30s        100.00 iters/s
step_00150 ✓ [ 100% ] 000/030 VUs    30s        150.00 iters/s
step_00200 ✓ [ 100% ] 000/040 VUs    30s        200.00 iters/s
step_00250 ✓ [ 100% ] 000/106 VUs    30s        250.00 iters/s
step_00300 ✓ [ 100% ] 000/060 VUs    30s        300.00 iters/s
step_00350 ✓ [ 100% ] 0000/0070 VUs  30s        350.00 iters/s
step_00400 ✓ [ 100% ] 0000/0080 VUs  30s        400.00 iters/s
step_00450 ✓ [ 100% ] 0000/0090 VUs  30s        450.00 iters/s
step_00500 ✓ [ 100% ] 0000/0219 VUs  30s        500.00 iters/s
step_00550 ✓ [ 100% ] 0000/0110 VUs  30s        550.00 iters/s
step_00600 ✓ [ 100% ] 0000/0257 VUs  30s        600.00 iters/s
step_00650 ✓ [ 100% ] 0000/0201 VUs  30s        650.00 iters/s
step_00700 ✓ [ 100% ] 0000/0356 VUs  30s        700.00 iters/s
step_00750 ✓ [ 100% ] 0000/0718 VUs  30s        750.00 iters/s
step_00800 ✓ [ 100% ] 1847/2400 VUs  30s        800.00 iters/s
step_00850 ↓ [ 100% ] 2550/2550 VUs  30s        850.00 iters/s
step_00900   [  23% ] 1707/1707 VUs  07.0s/30s  900.00 iters/s
step_00950 • [   0% ] waiting        0m23.0s   
step_01000 • [   0% ] waiting        0m53.0s   

running (08m38.0s), 4554/5850 VUs, 190762 complete and 1847 interrupted iterations
step_00050 ✓ [ 100% ] 000/020 VUs    30s        50.00 iters/s
step_00100 ✓ [ 100% ] 000/020 VUs    30s        100.00 iters/s
step_00150 ✓ [ 100% ] 000/030 VUs    30s        150.00 iters/s
step_00200 ✓ [ 100% ] 000/040 VUs    30s        200.00 iters/s
step_00250 ✓ [ 100% ] 000/106 VUs    30s        250.00 iters/s
step_00300 ✓ [ 100% ] 000/060 VUs    30s        300.00 iters/s
step_00350 ✓ [ 100% ] 0000/0070 VUs  30s        350.00 iters/s
step_00400 ✓ [ 100% ] 0000/0080 VUs  30s        400.00 iters/s
step_00450 ✓ [ 100% ] 0000/0090 VUs  30s        450.00 iters/s
step_00500 ✓ [ 100% ] 0000/0219 VUs  30s        500.00 iters/s
step_00550 ✓ [ 100% ] 0000/0110 VUs  30s        550.00 iters/s
step_00600 ✓ [ 100% ] 0000/0257 VUs  30s        600.00 iters/s
step_00650 ✓ [ 100% ] 0000/0201 VUs  30s        650.00 iters/s
step_00700 ✓ [ 100% ] 0000/0356 VUs  30s        700.00 iters/s
step_00750 ✓ [ 100% ] 0000/0718 VUs  30s        750.00 iters/s
step_00800 ✓ [ 100% ] 1847/2400 VUs  30s        800.00 iters/s
step_00850 ↓ [ 100% ] 2550/2550 VUs  30s        850.00 iters/s
step_00900   [  27% ] 2089/2090 VUs  08.0s/30s  900.00 iters/s
step_00950 • [   0% ] waiting        0m22.0s   
step_01000 • [   0% ] waiting        0m52.0s   

running (08m38.9s), 4964/5850 VUs, 190768 complete and 1847 interrupted iterations
step_00050 ✓ [ 100% ] 000/020 VUs    30s        50.00 iters/s
step_00100 ✓ [ 100% ] 000/020 VUs    30s        100.00 iters/s
step_00150 ✓ [ 100% ] 000/030 VUs    30s        150.00 iters/s
step_00200 ✓ [ 100% ] 000/040 VUs    30s        200.00 iters/s
step_00250 ✓ [ 100% ] 000/106 VUs    30s        250.00 iters/s
step_00300 ✓ [ 100% ] 000/060 VUs    30s        300.00 iters/s
step_00350 ✓ [ 100% ] 0000/0070 VUs  30s        350.00 iters/s
step_00400 ✓ [ 100% ] 0000/0080 VUs  30s        400.00 iters/s
step_00450 ✓ [ 100% ] 0000/0090 VUs  30s        450.00 iters/s
step_00500 ✓ [ 100% ] 0000/0219 VUs  30s        500.00 iters/s
step_00550 ✓ [ 100% ] 0000/0110 VUs  30s        550.00 iters/s
step_00600 ✓ [ 100% ] 0000/0257 VUs  30s        600.00 iters/s
step_00650 ✓ [ 100% ] 0000/0201 VUs  30s        650.00 iters/s
step_00700 ✓ [ 100% ] 0000/0356 VUs  30s        700.00 iters/s
step_00750 ✓ [ 100% ] 0000/0718 VUs  30s        750.00 iters/s
step_00800 ✓ [ 100% ] 1847/2400 VUs  30s        800.00 iters/s
step_00850 ↓ [ 100% ] 2550/2550 VUs  30s        850.00 iters/s
step_00900   [  30% ] 2504/2504 VUs  09.0s/30s  900.00 iters/s
step_00950 • [   0% ] waiting        0m21.0s   
step_01000 • [   0% ] waiting        0m51.0s   
time="2026-09-13T19:09:48+06:00" level=warning msg="Insufficient VUs, reached 2700 active VUs and cannot initialize more" executor=constant-arrival-rate scenario=step_00900

running (08m39.9s), 5125/5850 VUs, 190804 complete and 1847 interrupted iterations
step_00050 ✓ [ 100% ] 000/020 VUs    30s        50.00 iters/s
step_00100 ✓ [ 100% ] 000/020 VUs    30s        100.00 iters/s
step_00150 ✓ [ 100% ] 000/030 VUs    30s        150.00 iters/s
step_00200 ✓ [ 100% ] 000/040 VUs    30s        200.00 iters/s
step_00250 ✓ [ 100% ] 000/106 VUs    30s        250.00 iters/s
step_00300 ✓ [ 100% ] 000/060 VUs    30s        300.00 iters/s
step_00350 ✓ [ 100% ] 0000/0070 VUs  30s        350.00 iters/s
step_00400 ✓ [ 100% ] 0000/0080 VUs  30s        400.00 iters/s
step_00450 ✓ [ 100% ] 0000/0090 VUs  30s        450.00 iters/s
step_00500 ✓ [ 100% ] 0000/0219 VUs  30s        500.00 iters/s
step_00550 ✓ [ 100% ] 0000/0110 VUs  30s        550.00 iters/s
step_00600 ✓ [ 100% ] 0000/0257 VUs  30s        600.00 iters/s
step_00650 ✓ [ 100% ] 0000/0201 VUs  30s        650.00 iters/s
step_00700 ✓ [ 100% ] 0000/0356 VUs  30s        700.00 iters/s
step_00750 ✓ [ 100% ] 0000/0718 VUs  30s        750.00 iters/s
step_00800 ✓ [ 100% ] 1847/2400 VUs  30s        800.00 iters/s
step_00850 ↓ [ 100% ] 2550/2550 VUs  30s        850.00 iters/s
step_00900   [  33% ] 2700/2700 VUs  10.0s/30s  900.00 iters/s
step_00950 • [   0% ] waiting        0m20.0s   
step_01000 • [   0% ] waiting        0m50.0s   

running (08m40.9s), 2700/5850 VUs, 190804 complete and 4272 interrupted iterations
step_00050 ✓ [ 100% ] 000/020 VUs    30s        50.00 iters/s
step_00100 ✓ [ 100% ] 000/020 VUs    30s        100.00 iters/s
step_00150 ✓ [ 100% ] 000/030 VUs    30s        150.00 iters/s
step_00200 ✓ [ 100% ] 000/040 VUs    30s        200.00 iters/s
step_00250 ✓ [ 100% ] 000/106 VUs    30s        250.00 iters/s
step_00300 ✓ [ 100% ] 000/060 VUs    30s        300.00 iters/s
step_00350 ✓ [ 100% ] 0000/0070 VUs  30s        350.00 iters/s
step_00400 ✓ [ 100% ] 0000/0080 VUs  30s        400.00 iters/s
step_00450 ✓ [ 100% ] 0000/0090 VUs  30s        450.00 iters/s
step_00500 ✓ [ 100% ] 0000/0219 VUs  30s        500.00 iters/s
step_00550 ✓ [ 100% ] 0000/0110 VUs  30s        550.00 iters/s
step_00600 ✓ [ 100% ] 0000/0257 VUs  30s        600.00 iters/s
step_00650 ✓ [ 100% ] 0000/0201 VUs  30s        650.00 iters/s
step_00700 ✓ [ 100% ] 0000/0356 VUs  30s        700.00 iters/s
step_00750 ✓ [ 100% ] 0000/0718 VUs  30s        750.00 iters/s
step_00800 ✓ [ 100% ] 1847/2400 VUs  30s        800.00 iters/s
step_00850 ✓ [ 100% ] 2425/2550 VUs  30s        850.00 iters/s
step_00900   [  37% ] 2700/2700 VUs  11.0s/30s  900.00 iters/s
step_00950 • [   0% ] waiting        0m19.0s   
step_01000 • [   0% ] waiting        0m49.0s   

running (08m41.9s), 2700/5850 VUs, 190805 complete and 4272 interrupted iterations
step_00050 ✓ [ 100% ] 000/020 VUs    30s        50.00 iters/s
step_00100 ✓ [ 100% ] 000/020 VUs    30s        100.00 iters/s
step_00150 ✓ [ 100% ] 000/030 VUs    30s        150.00 iters/s
step_00200 ✓ [ 100% ] 000/040 VUs    30s        200.00 iters/s
step_00250 ✓ [ 100% ] 000/106 VUs    30s        250.00 iters/s
step_00300 ✓ [ 100% ] 000/060 VUs    30s        300.00 iters/s
step_00350 ✓ [ 100% ] 0000/0070 VUs  30s        350.00 iters/s
step_00400 ✓ [ 100% ] 0000/0080 VUs  30s        400.00 iters/s
step_00450 ✓ [ 100% ] 0000/0090 VUs  30s        450.00 iters/s
step_00500 ✓ [ 100% ] 0000/0219 VUs  30s        500.00 iters/s
step_00550 ✓ [ 100% ] 0000/0110 VUs  30s        550.00 iters/s
step_00600 ✓ [ 100% ] 0000/0257 VUs  30s        600.00 iters/s
step_00650 ✓ [ 100% ] 0000/0201 VUs  30s        650.00 iters/s
step_00700 ✓ [ 100% ] 0000/0356 VUs  30s        700.00 iters/s
step_00750 ✓ [ 100% ] 0000/0718 VUs  30s        750.00 iters/s
step_00800 ✓ [ 100% ] 1847/2400 VUs  30s        800.00 iters/s
step_00850 ✓ [ 100% ] 2425/2550 VUs  30s        850.00 iters/s
step_00900   [  40% ] 2700/2700 VUs  12.0s/30s  900.00 iters/s
step_00950 • [   0% ] waiting        0m18.0s   
step_01000 • [   0% ] waiting        0m48.0s   

running (08m42.9s), 2700/5850 VUs, 190808 complete and 4272 interrupted iterations
step_00050 ✓ [ 100% ] 000/020 VUs    30s        50.00 iters/s
step_00100 ✓ [ 100% ] 000/020 VUs    30s        100.00 iters/s
step_00150 ✓ [ 100% ] 000/030 VUs    30s        150.00 iters/s
step_00200 ✓ [ 100% ] 000/040 VUs    30s        200.00 iters/s
step_00250 ✓ [ 100% ] 000/106 VUs    30s        250.00 iters/s
step_00300 ✓ [ 100% ] 000/060 VUs    30s        300.00 iters/s
step_00350 ✓ [ 100% ] 0000/0070 VUs  30s        350.00 iters/s
step_00400 ✓ [ 100% ] 0000/0080 VUs  30s        400.00 iters/s
step_00450 ✓ [ 100% ] 0000/0090 VUs  30s        450.00 iters/s
step_00500 ✓ [ 100% ] 0000/0219 VUs  30s        500.00 iters/s
step_00550 ✓ [ 100% ] 0000/0110 VUs  30s        550.00 iters/s
step_00600 ✓ [ 100% ] 0000/0257 VUs  30s        600.00 iters/s
step_00650 ✓ [ 100% ] 0000/0201 VUs  30s        650.00 iters/s
step_00700 ✓ [ 100% ] 0000/0356 VUs  30s        700.00 iters/s
step_00750 ✓ [ 100% ] 0000/0718 VUs  30s        750.00 iters/s
step_00800 ✓ [ 100% ] 1847/2400 VUs  30s        800.00 iters/s
step_00850 ✓ [ 100% ] 2425/2550 VUs  30s        850.00 iters/s
step_00900   [  43% ] 2700/2700 VUs  13.0s/30s  900.00 iters/s
step_00950 • [   0% ] waiting        0m17.0s   
step_01000 • [   0% ] waiting        0m47.0s   

running (08m43.9s), 2700/5850 VUs, 190810 complete and 4272 interrupted iterations
step_00050 ✓ [ 100% ] 000/020 VUs    30s        50.00 iters/s
step_00100 ✓ [ 100% ] 000/020 VUs    30s        100.00 iters/s
step_00150 ✓ [ 100% ] 000/030 VUs    30s        150.00 iters/s
step_00200 ✓ [ 100% ] 000/040 VUs    30s        200.00 iters/s
step_00250 ✓ [ 100% ] 000/106 VUs    30s        250.00 iters/s
step_00300 ✓ [ 100% ] 000/060 VUs    30s        300.00 iters/s
step_00350 ✓ [ 100% ] 0000/0070 VUs  30s        350.00 iters/s
step_00400 ✓ [ 100% ] 0000/0080 VUs  30s        400.00 iters/s
step_00450 ✓ [ 100% ] 0000/0090 VUs  30s        450.00 iters/s
step_00500 ✓ [ 100% ] 0000/0219 VUs  30s        500.00 iters/s
step_00550 ✓ [ 100% ] 0000/0110 VUs  30s        550.00 iters/s
step_00600 ✓ [ 100% ] 0000/0257 VUs  30s        600.00 iters/s
step_00650 ✓ [ 100% ] 0000/0201 VUs  30s        650.00 iters/s
step_00700 ✓ [ 100% ] 0000/0356 VUs  30s        700.00 iters/s
step_00750 ✓ [ 100% ] 0000/0718 VUs  30s        750.00 iters/s
step_00800 ✓ [ 100% ] 1847/2400 VUs  30s        800.00 iters/s
step_00850 ✓ [ 100% ] 2425/2550 VUs  30s        850.00 iters/s
step_00900   [  47% ] 2700/2700 VUs  14.0s/30s  900.00 iters/s
step_00950 • [   0% ] waiting        0m16.0s   
step_01000 • [   0% ] waiting        0m46.0s   

running (08m44.9s), 2700/5850 VUs, 190847 complete and 4272 interrupted iterations
step_00050 ✓ [ 100% ] 000/020 VUs    30s        50.00 iters/s
step_00100 ✓ [ 100% ] 000/020 VUs    30s        100.00 iters/s
step_00150 ✓ [ 100% ] 000/030 VUs    30s        150.00 iters/s
step_00200 ✓ [ 100% ] 000/040 VUs    30s        200.00 iters/s
step_00250 ✓ [ 100% ] 000/106 VUs    30s        250.00 iters/s
step_00300 ✓ [ 100% ] 000/060 VUs    30s        300.00 iters/s
step_00350 ✓ [ 100% ] 0000/0070 VUs  30s        350.00 iters/s
step_00400 ✓ [ 100% ] 0000/0080 VUs  30s        400.00 iters/s
step_00450 ✓ [ 100% ] 0000/0090 VUs  30s        450.00 iters/s
step_00500 ✓ [ 100% ] 0000/0219 VUs  30s        500.00 iters/s
step_00550 ✓ [ 100% ] 0000/0110 VUs  30s        550.00 iters/s
step_00600 ✓ [ 100% ] 0000/0257 VUs  30s        600.00 iters/s
step_00650 ✓ [ 100% ] 0000/0201 VUs  30s        650.00 iters/s
step_00700 ✓ [ 100% ] 0000/0356 VUs  30s        700.00 iters/s
step_00750 ✓ [ 100% ] 0000/0718 VUs  30s        750.00 iters/s
step_00800 ✓ [ 100% ] 1847/2400 VUs  30s        800.00 iters/s
step_00850 ✓ [ 100% ] 2425/2550 VUs  30s        850.00 iters/s
step_00900   [  50% ] 2700/2700 VUs  15.0s/30s  900.00 iters/s
step_00950 • [   0% ] waiting        0m15.0s   
step_01000 • [   0% ] waiting        0m45.0s   

running (08m45.9s), 2700/5850 VUs, 190926 complete and 4272 interrupted iterations
step_00050 ✓ [ 100% ] 000/020 VUs    30s        50.00 iters/s
step_00100 ✓ [ 100% ] 000/020 VUs    30s        100.00 iters/s
step_00150 ✓ [ 100% ] 000/030 VUs    30s        150.00 iters/s
step_00200 ✓ [ 100% ] 000/040 VUs    30s        200.00 iters/s
step_00250 ✓ [ 100% ] 000/106 VUs    30s        250.00 iters/s
step_00300 ✓ [ 100% ] 000/060 VUs    30s        300.00 iters/s
step_00350 ✓ [ 100% ] 0000/0070 VUs  30s        350.00 iters/s
step_00400 ✓ [ 100% ] 0000/0080 VUs  30s        400.00 iters/s
step_00450 ✓ [ 100% ] 0000/0090 VUs  30s        450.00 iters/s
step_00500 ✓ [ 100% ] 0000/0219 VUs  30s        500.00 iters/s
step_00550 ✓ [ 100% ] 0000/0110 VUs  30s        550.00 iters/s
step_00600 ✓ [ 100% ] 0000/0257 VUs  30s        600.00 iters/s
step_00650 ✓ [ 100% ] 0000/0201 VUs  30s        650.00 iters/s
step_00700 ✓ [ 100% ] 0000/0356 VUs  30s        700.00 iters/s
step_00750 ✓ [ 100% ] 0000/0718 VUs  30s        750.00 iters/s
step_00800 ✓ [ 100% ] 1847/2400 VUs  30s        800.00 iters/s
step_00850 ✓ [ 100% ] 2425/2550 VUs  30s        850.00 iters/s
step_00900   [  53% ] 2700/2700 VUs  16.0s/30s  900.00 iters/s
step_00950 • [   0% ] waiting        0m14.0s   
step_01000 • [   0% ] waiting        0m44.0s   

running (08m46.9s), 2700/5850 VUs, 190959 complete and 4272 interrupted iterations
step_00050 ✓ [ 100% ] 000/020 VUs    30s        50.00 iters/s
step_00100 ✓ [ 100% ] 000/020 VUs    30s        100.00 iters/s
step_00150 ✓ [ 100% ] 000/030 VUs    30s        150.00 iters/s
step_00200 ✓ [ 100% ] 000/040 VUs    30s        200.00 iters/s
step_00250 ✓ [ 100% ] 000/106 VUs    30s        250.00 iters/s
step_00300 ✓ [ 100% ] 000/060 VUs    30s        300.00 iters/s
step_00350 ✓ [ 100% ] 0000/0070 VUs  30s        350.00 iters/s
step_00400 ✓ [ 100% ] 0000/0080 VUs  30s        400.00 iters/s
step_00450 ✓ [ 100% ] 0000/0090 VUs  30s        450.00 iters/s
step_00500 ✓ [ 100% ] 0000/0219 VUs  30s        500.00 iters/s
step_00550 ✓ [ 100% ] 0000/0110 VUs  30s        550.00 iters/s
step_00600 ✓ [ 100% ] 0000/0257 VUs  30s        600.00 iters/s
step_00650 ✓ [ 100% ] 0000/0201 VUs  30s        650.00 iters/s
step_00700 ✓ [ 100% ] 0000/0356 VUs  30s        700.00 iters/s
step_00750 ✓ [ 100% ] 0000/0718 VUs  30s        750.00 iters/s
step_00800 ✓ [ 100% ] 1847/2400 VUs  30s        800.00 iters/s
step_00850 ✓ [ 100% ] 2425/2550 VUs  30s        850.00 iters/s
step_00900   [  57% ] 2700/2700 VUs  17.0s/30s  900.00 iters/s
step_00950 • [   0% ] waiting        0m13.0s   
step_01000 • [   0% ] waiting        0m43.0s   

running (08m48.0s), 2700/5850 VUs, 191062 complete and 4272 interrupted iterations
step_00050 ✓ [ 100% ] 000/020 VUs    30s        50.00 iters/s
step_00100 ✓ [ 100% ] 000/020 VUs    30s        100.00 iters/s
step_00150 ✓ [ 100% ] 000/030 VUs    30s        150.00 iters/s
step_00200 ✓ [ 100% ] 000/040 VUs    30s        200.00 iters/s
step_00250 ✓ [ 100% ] 000/106 VUs    30s        250.00 iters/s
step_00300 ✓ [ 100% ] 000/060 VUs    30s        300.00 iters/s
step_00350 ✓ [ 100% ] 0000/0070 VUs  30s        350.00 iters/s
step_00400 ✓ [ 100% ] 0000/0080 VUs  30s        400.00 iters/s
step_00450 ✓ [ 100% ] 0000/0090 VUs  30s        450.00 iters/s
step_00500 ✓ [ 100% ] 0000/0219 VUs  30s        500.00 iters/s
step_00550 ✓ [ 100% ] 0000/0110 VUs  30s        550.00 iters/s
step_00600 ✓ [ 100% ] 0000/0257 VUs  30s        600.00 iters/s
step_00650 ✓ [ 100% ] 0000/0201 VUs  30s        650.00 iters/s
step_00700 ✓ [ 100% ] 0000/0356 VUs  30s        700.00 iters/s
step_00750 ✓ [ 100% ] 0000/0718 VUs  30s        750.00 iters/s
step_00800 ✓ [ 100% ] 1847/2400 VUs  30s        800.00 iters/s
step_00850 ✓ [ 100% ] 2425/2550 VUs  30s        850.00 iters/s
step_00900   [  60% ] 2700/2700 VUs  18.0s/30s  900.00 iters/s
step_00950 • [   0% ] waiting        0m12.0s   
step_01000 • [   0% ] waiting        0m42.0s   

running (08m48.9s), 2700/5850 VUs, 191136 complete and 4272 interrupted iterations
step_00050 ✓ [ 100% ] 000/020 VUs    30s        50.00 iters/s
step_00100 ✓ [ 100% ] 000/020 VUs    30s        100.00 iters/s
step_00150 ✓ [ 100% ] 000/030 VUs    30s        150.00 iters/s
step_00200 ✓ [ 100% ] 000/040 VUs    30s        200.00 iters/s
step_00250 ✓ [ 100% ] 000/106 VUs    30s        250.00 iters/s
step_00300 ✓ [ 100% ] 000/060 VUs    30s        300.00 iters/s
step_00350 ✓ [ 100% ] 0000/0070 VUs  30s        350.00 iters/s
step_00400 ✓ [ 100% ] 0000/0080 VUs  30s        400.00 iters/s
step_00450 ✓ [ 100% ] 0000/0090 VUs  30s        450.00 iters/s
step_00500 ✓ [ 100% ] 0000/0219 VUs  30s        500.00 iters/s
step_00550 ✓ [ 100% ] 0000/0110 VUs  30s        550.00 iters/s
step_00600 ✓ [ 100% ] 0000/0257 VUs  30s        600.00 iters/s
step_00650 ✓ [ 100% ] 0000/0201 VUs  30s        650.00 iters/s
step_00700 ✓ [ 100% ] 0000/0356 VUs  30s        700.00 iters/s
step_00750 ✓ [ 100% ] 0000/0718 VUs  30s        750.00 iters/s
step_00800 ✓ [ 100% ] 1847/2400 VUs  30s        800.00 iters/s
step_00850 ✓ [ 100% ] 2425/2550 VUs  30s        850.00 iters/s
step_00900   [  63% ] 2700/2700 VUs  19.0s/30s  900.00 iters/s
step_00950 • [   0% ] waiting        0m11.0s   
step_01000 • [   0% ] waiting        0m41.0s   

running (08m49.9s), 2700/5850 VUs, 191234 complete and 4272 interrupted iterations
step_00050 ✓ [ 100% ] 000/020 VUs    30s        50.00 iters/s
step_00100 ✓ [ 100% ] 000/020 VUs    30s        100.00 iters/s
step_00150 ✓ [ 100% ] 000/030 VUs    30s        150.00 iters/s
step_00200 ✓ [ 100% ] 000/040 VUs    30s        200.00 iters/s
step_00250 ✓ [ 100% ] 000/106 VUs    30s        250.00 iters/s
step_00300 ✓ [ 100% ] 000/060 VUs    30s        300.00 iters/s
step_00350 ✓ [ 100% ] 0000/0070 VUs  30s        350.00 iters/s
step_00400 ✓ [ 100% ] 0000/0080 VUs  30s        400.00 iters/s
step_00450 ✓ [ 100% ] 0000/0090 VUs  30s        450.00 iters/s
step_00500 ✓ [ 100% ] 0000/0219 VUs  30s        500.00 iters/s
step_00550 ✓ [ 100% ] 0000/0110 VUs  30s        550.00 iters/s
step_00600 ✓ [ 100% ] 0000/0257 VUs  30s        600.00 iters/s
step_00650 ✓ [ 100% ] 0000/0201 VUs  30s        650.00 iters/s
step_00700 ✓ [ 100% ] 0000/0356 VUs  30s        700.00 iters/s
step_00750 ✓ [ 100% ] 0000/0718 VUs  30s        750.00 iters/s
step_00800 ✓ [ 100% ] 1847/2400 VUs  30s        800.00 iters/s
step_00850 ✓ [ 100% ] 2425/2550 VUs  30s        850.00 iters/s
step_00900   [  67% ] 2700/2700 VUs  20.0s/30s  900.00 iters/s
step_00950 • [   0% ] waiting        0m10.0s   
step_01000 • [   0% ] waiting        0m40.0s   

running (08m50.9s), 2700/5850 VUs, 191349 complete and 4272 interrupted iterations
step_00050 ✓ [ 100% ] 000/020 VUs    30s        50.00 iters/s
step_00100 ✓ [ 100% ] 000/020 VUs    30s        100.00 iters/s
step_00150 ✓ [ 100% ] 000/030 VUs    30s        150.00 iters/s
step_00200 ✓ [ 100% ] 000/040 VUs    30s        200.00 iters/s
step_00250 ✓ [ 100% ] 000/106 VUs    30s        250.00 iters/s
step_00300 ✓ [ 100% ] 000/060 VUs    30s        300.00 iters/s
step_00350 ✓ [ 100% ] 0000/0070 VUs  30s        350.00 iters/s
step_00400 ✓ [ 100% ] 0000/0080 VUs  30s        400.00 iters/s
step_00450 ✓ [ 100% ] 0000/0090 VUs  30s        450.00 iters/s
step_00500 ✓ [ 100% ] 0000/0219 VUs  30s        500.00 iters/s
step_00550 ✓ [ 100% ] 0000/0110 VUs  30s        550.00 iters/s
step_00600 ✓ [ 100% ] 0000/0257 VUs  30s        600.00 iters/s
step_00650 ✓ [ 100% ] 0000/0201 VUs  30s        650.00 iters/s
step_00700 ✓ [ 100% ] 0000/0356 VUs  30s        700.00 iters/s
step_00750 ✓ [ 100% ] 0000/0718 VUs  30s        750.00 iters/s
step_00800 ✓ [ 100% ] 1847/2400 VUs  30s        800.00 iters/s
step_00850 ✓ [ 100% ] 2425/2550 VUs  30s        850.00 iters/s
step_00900   [  70% ] 2700/2700 VUs  21.0s/30s  900.00 iters/s
step_00950 • [   0% ] waiting        0m09.0s   
step_01000 • [   0% ] waiting        0m39.0s   

running (08m51.9s), 2700/5850 VUs, 191419 complete and 4272 interrupted iterations
step_00050 ✓ [ 100% ] 000/020 VUs    30s        50.00 iters/s
step_00100 ✓ [ 100% ] 000/020 VUs    30s        100.00 iters/s
step_00150 ✓ [ 100% ] 000/030 VUs    30s        150.00 iters/s
step_00200 ✓ [ 100% ] 000/040 VUs    30s        200.00 iters/s
step_00250 ✓ [ 100% ] 000/106 VUs    30s        250.00 iters/s
step_00300 ✓ [ 100% ] 000/060 VUs    30s        300.00 iters/s
step_00350 ✓ [ 100% ] 0000/0070 VUs  30s        350.00 iters/s
step_00400 ✓ [ 100% ] 0000/0080 VUs  30s        400.00 iters/s
step_00450 ✓ [ 100% ] 0000/0090 VUs  30s        450.00 iters/s
step_00500 ✓ [ 100% ] 0000/0219 VUs  30s        500.00 iters/s
step_00550 ✓ [ 100% ] 0000/0110 VUs  30s        550.00 iters/s
step_00600 ✓ [ 100% ] 0000/0257 VUs  30s        600.00 iters/s
step_00650 ✓ [ 100% ] 0000/0201 VUs  30s        650.00 iters/s
step_00700 ✓ [ 100% ] 0000/0356 VUs  30s        700.00 iters/s
step_00750 ✓ [ 100% ] 0000/0718 VUs  30s        750.00 iters/s
step_00800 ✓ [ 100% ] 1847/2400 VUs  30s        800.00 iters/s
step_00850 ✓ [ 100% ] 2425/2550 VUs  30s        850.00 iters/s
step_00900   [  73% ] 2700/2700 VUs  22.0s/30s  900.00 iters/s
step_00950 • [   0% ] waiting        0m08.0s   
step_01000 • [   0% ] waiting        0m38.0s   

running (08m52.9s), 2700/5850 VUs, 191534 complete and 4272 interrupted iterations
step_00050 ✓ [ 100% ] 000/020 VUs    30s        50.00 iters/s
step_00100 ✓ [ 100% ] 000/020 VUs    30s        100.00 iters/s
step_00150 ✓ [ 100% ] 000/030 VUs    30s        150.00 iters/s
step_00200 ✓ [ 100% ] 000/040 VUs    30s        200.00 iters/s
step_00250 ✓ [ 100% ] 000/106 VUs    30s        250.00 iters/s
step_00300 ✓ [ 100% ] 000/060 VUs    30s        300.00 iters/s
step_00350 ✓ [ 100% ] 0000/0070 VUs  30s        350.00 iters/s
step_00400 ✓ [ 100% ] 0000/0080 VUs  30s        400.00 iters/s
step_00450 ✓ [ 100% ] 0000/0090 VUs  30s        450.00 iters/s
step_00500 ✓ [ 100% ] 0000/0219 VUs  30s        500.00 iters/s
step_00550 ✓ [ 100% ] 0000/0110 VUs  30s        550.00 iters/s
step_00600 ✓ [ 100% ] 0000/0257 VUs  30s        600.00 iters/s
step_00650 ✓ [ 100% ] 0000/0201 VUs  30s        650.00 iters/s
step_00700 ✓ [ 100% ] 0000/0356 VUs  30s        700.00 iters/s
step_00750 ✓ [ 100% ] 0000/0718 VUs  30s        750.00 iters/s
step_00800 ✓ [ 100% ] 1847/2400 VUs  30s        800.00 iters/s
step_00850 ✓ [ 100% ] 2425/2550 VUs  30s        850.00 iters/s
step_00900   [  77% ] 2700/2700 VUs  23.0s/30s  900.00 iters/s
step_00950 • [   0% ] waiting        0m07.0s   
step_01000 • [   0% ] waiting        0m37.0s   

running (08m53.9s), 2700/5850 VUs, 191674 complete and 4272 interrupted iterations
step_00050 ✓ [ 100% ] 000/020 VUs    30s        50.00 iters/s
step_00100 ✓ [ 100% ] 000/020 VUs    30s        100.00 iters/s
step_00150 ✓ [ 100% ] 000/030 VUs    30s        150.00 iters/s
step_00200 ✓ [ 100% ] 000/040 VUs    30s        200.00 iters/s
step_00250 ✓ [ 100% ] 000/106 VUs    30s        250.00 iters/s
step_00300 ✓ [ 100% ] 000/060 VUs    30s        300.00 iters/s
step_00350 ✓ [ 100% ] 0000/0070 VUs  30s        350.00 iters/s
step_00400 ✓ [ 100% ] 0000/0080 VUs  30s        400.00 iters/s
step_00450 ✓ [ 100% ] 0000/0090 VUs  30s        450.00 iters/s
step_00500 ✓ [ 100% ] 0000/0219 VUs  30s        500.00 iters/s
step_00550 ✓ [ 100% ] 0000/0110 VUs  30s        550.00 iters/s
step_00600 ✓ [ 100% ] 0000/0257 VUs  30s        600.00 iters/s
step_00650 ✓ [ 100% ] 0000/0201 VUs  30s        650.00 iters/s
step_00700 ✓ [ 100% ] 0000/0356 VUs  30s        700.00 iters/s
step_00750 ✓ [ 100% ] 0000/0718 VUs  30s        750.00 iters/s
step_00800 ✓ [ 100% ] 1847/2400 VUs  30s        800.00 iters/s
step_00850 ✓ [ 100% ] 2425/2550 VUs  30s        850.00 iters/s
step_00900   [  80% ] 2700/2700 VUs  24.0s/30s  900.00 iters/s
step_00950 • [   0% ] waiting        0m06.0s   
step_01000 • [   0% ] waiting        0m36.0s   

running (08m54.9s), 2700/5850 VUs, 191782 complete and 4272 interrupted iterations
step_00050 ✓ [ 100% ] 000/020 VUs    30s        50.00 iters/s
step_00100 ✓ [ 100% ] 000/020 VUs    30s        100.00 iters/s
step_00150 ✓ [ 100% ] 000/030 VUs    30s        150.00 iters/s
step_00200 ✓ [ 100% ] 000/040 VUs    30s        200.00 iters/s
step_00250 ✓ [ 100% ] 000/106 VUs    30s        250.00 iters/s
step_00300 ✓ [ 100% ] 000/060 VUs    30s        300.00 iters/s
step_00350 ✓ [ 100% ] 0000/0070 VUs  30s        350.00 iters/s
step_00400 ✓ [ 100% ] 0000/0080 VUs  30s        400.00 iters/s
step_00450 ✓ [ 100% ] 0000/0090 VUs  30s        450.00 iters/s
step_00500 ✓ [ 100% ] 0000/0219 VUs  30s        500.00 iters/s
step_00550 ✓ [ 100% ] 0000/0110 VUs  30s        550.00 iters/s
step_00600 ✓ [ 100% ] 0000/0257 VUs  30s        600.00 iters/s
step_00650 ✓ [ 100% ] 0000/0201 VUs  30s        650.00 iters/s
step_00700 ✓ [ 100% ] 0000/0356 VUs  30s        700.00 iters/s
step_00750 ✓ [ 100% ] 0000/0718 VUs  30s        750.00 iters/s
step_00800 ✓ [ 100% ] 1847/2400 VUs  30s        800.00 iters/s
step_00850 ✓ [ 100% ] 2425/2550 VUs  30s        850.00 iters/s
step_00900   [  83% ] 2700/2700 VUs  25.0s/30s  900.00 iters/s
step_00950 • [   0% ] waiting        0m05.0s   
step_01000 • [   0% ] waiting        0m35.0s   

running (08m55.9s), 2699/5850 VUs, 191818 complete and 4272 interrupted iterations
step_00050 ✓ [ 100% ] 000/020 VUs    30s        50.00 iters/s
step_00100 ✓ [ 100% ] 000/020 VUs    30s        100.00 iters/s
step_00150 ✓ [ 100% ] 000/030 VUs    30s        150.00 iters/s
step_00200 ✓ [ 100% ] 000/040 VUs    30s        200.00 iters/s
step_00250 ✓ [ 100% ] 000/106 VUs    30s        250.00 iters/s
step_00300 ✓ [ 100% ] 000/060 VUs    30s        300.00 iters/s
step_00350 ✓ [ 100% ] 0000/0070 VUs  30s        350.00 iters/s
step_00400 ✓ [ 100% ] 0000/0080 VUs  30s        400.00 iters/s
step_00450 ✓ [ 100% ] 0000/0090 VUs  30s        450.00 iters/s
step_00500 ✓ [ 100% ] 0000/0219 VUs  30s        500.00 iters/s
step_00550 ✓ [ 100% ] 0000/0110 VUs  30s        550.00 iters/s
step_00600 ✓ [ 100% ] 0000/0257 VUs  30s        600.00 iters/s
step_00650 ✓ [ 100% ] 0000/0201 VUs  30s        650.00 iters/s
step_00700 ✓ [ 100% ] 0000/0356 VUs  30s        700.00 iters/s
step_00750 ✓ [ 100% ] 0000/0718 VUs  30s        750.00 iters/s
step_00800 ✓ [ 100% ] 1847/2400 VUs  30s        800.00 iters/s
step_00850 ✓ [ 100% ] 2425/2550 VUs  30s        850.00 iters/s
step_00900   [  87% ] 2699/2700 VUs  26.0s/30s  900.00 iters/s
step_00950 • [   0% ] waiting        0m04.0s   
step_01000 • [   0% ] waiting        0m34.0s   

running (08m56.9s), 2700/5850 VUs, 192031 complete and 4272 interrupted iterations
step_00050 ✓ [ 100% ] 000/020 VUs    30s        50.00 iters/s
step_00100 ✓ [ 100% ] 000/020 VUs    30s        100.00 iters/s
step_00150 ✓ [ 100% ] 000/030 VUs    30s        150.00 iters/s
step_00200 ✓ [ 100% ] 000/040 VUs    30s        200.00 iters/s
step_00250 ✓ [ 100% ] 000/106 VUs    30s        250.00 iters/s
step_00300 ✓ [ 100% ] 000/060 VUs    30s        300.00 iters/s
step_00350 ✓ [ 100% ] 0000/0070 VUs  30s        350.00 iters/s
step_00400 ✓ [ 100% ] 0000/0080 VUs  30s        400.00 iters/s
step_00450 ✓ [ 100% ] 0000/0090 VUs  30s        450.00 iters/s
step_00500 ✓ [ 100% ] 0000/0219 VUs  30s        500.00 iters/s
step_00550 ✓ [ 100% ] 0000/0110 VUs  30s        550.00 iters/s
step_00600 ✓ [ 100% ] 0000/0257 VUs  30s        600.00 iters/s
step_00650 ✓ [ 100% ] 0000/0201 VUs  30s        650.00 iters/s
step_00700 ✓ [ 100% ] 0000/0356 VUs  30s        700.00 iters/s
step_00750 ✓ [ 100% ] 0000/0718 VUs  30s        750.00 iters/s
step_00800 ✓ [ 100% ] 1847/2400 VUs  30s        800.00 iters/s
step_00850 ✓ [ 100% ] 2425/2550 VUs  30s        850.00 iters/s
step_00900   [  90% ] 2700/2700 VUs  27.0s/30s  900.00 iters/s
step_00950 • [   0% ] waiting        0m03.0s   
step_01000 • [   0% ] waiting        0m33.0s   

running (08m57.9s), 2700/5850 VUs, 192103 complete and 4272 interrupted iterations
step_00050 ✓ [ 100% ] 000/020 VUs    30s        50.00 iters/s
step_00100 ✓ [ 100% ] 000/020 VUs    30s        100.00 iters/s
step_00150 ✓ [ 100% ] 000/030 VUs    30s        150.00 iters/s
step_00200 ✓ [ 100% ] 000/040 VUs    30s        200.00 iters/s
step_00250 ✓ [ 100% ] 000/106 VUs    30s        250.00 iters/s
step_00300 ✓ [ 100% ] 000/060 VUs    30s        300.00 iters/s
step_00350 ✓ [ 100% ] 0000/0070 VUs  30s        350.00 iters/s
step_00400 ✓ [ 100% ] 0000/0080 VUs  30s        400.00 iters/s
step_00450 ✓ [ 100% ] 0000/0090 VUs  30s        450.00 iters/s
step_00500 ✓ [ 100% ] 0000/0219 VUs  30s        500.00 iters/s
step_00550 ✓ [ 100% ] 0000/0110 VUs  30s        550.00 iters/s
step_00600 ✓ [ 100% ] 0000/0257 VUs  30s        600.00 iters/s
step_00650 ✓ [ 100% ] 0000/0201 VUs  30s        650.00 iters/s
step_00700 ✓ [ 100% ] 0000/0356 VUs  30s        700.00 iters/s
step_00750 ✓ [ 100% ] 0000/0718 VUs  30s        750.00 iters/s
step_00800 ✓ [ 100% ] 1847/2400 VUs  30s        800.00 iters/s
step_00850 ✓ [ 100% ] 2425/2550 VUs  30s        850.00 iters/s
step_00900   [  93% ] 2700/2700 VUs  28.0s/30s  900.00 iters/s
step_00950 • [   0% ] waiting        0m02.0s   
step_01000 • [   0% ] waiting        0m32.0s   

running (08m58.9s), 2700/5850 VUs, 192338 complete and 4272 interrupted iterations
step_00050 ✓ [ 100% ] 000/020 VUs    30s        50.00 iters/s
step_00100 ✓ [ 100% ] 000/020 VUs    30s        100.00 iters/s
step_00150 ✓ [ 100% ] 000/030 VUs    30s        150.00 iters/s
step_00200 ✓ [ 100% ] 000/040 VUs    30s        200.00 iters/s
step_00250 ✓ [ 100% ] 000/106 VUs    30s        250.00 iters/s
step_00300 ✓ [ 100% ] 000/060 VUs    30s        300.00 iters/s
step_00350 ✓ [ 100% ] 0000/0070 VUs  30s        350.00 iters/s
step_00400 ✓ [ 100% ] 0000/0080 VUs  30s        400.00 iters/s
step_00450 ✓ [ 100% ] 0000/0090 VUs  30s        450.00 iters/s
step_00500 ✓ [ 100% ] 0000/0219 VUs  30s        500.00 iters/s
step_00550 ✓ [ 100% ] 0000/0110 VUs  30s        550.00 iters/s
step_00600 ✓ [ 100% ] 0000/0257 VUs  30s        600.00 iters/s
step_00650 ✓ [ 100% ] 0000/0201 VUs  30s        650.00 iters/s
step_00700 ✓ [ 100% ] 0000/0356 VUs  30s        700.00 iters/s
step_00750 ✓ [ 100% ] 0000/0718 VUs  30s        750.00 iters/s
step_00800 ✓ [ 100% ] 1847/2400 VUs  30s        800.00 iters/s
step_00850 ✓ [ 100% ] 2425/2550 VUs  30s        850.00 iters/s
step_00900   [  97% ] 2700/2700 VUs  29.0s/30s  900.00 iters/s
step_00950 • [   0% ] waiting        0m01.0s   
step_01000 • [   0% ] waiting        0m31.0s   

running (08m59.9s), 2700/5850 VUs, 192464 complete and 4272 interrupted iterations
step_00050 ✓ [ 100% ] 000/020 VUs    30s        50.00 iters/s
step_00100 ✓ [ 100% ] 000/020 VUs    30s        100.00 iters/s
step_00150 ✓ [ 100% ] 000/030 VUs    30s        150.00 iters/s
step_00200 ✓ [ 100% ] 000/040 VUs    30s        200.00 iters/s
step_00250 ✓ [ 100% ] 000/106 VUs    30s        250.00 iters/s
step_00300 ✓ [ 100% ] 000/060 VUs    30s        300.00 iters/s
step_00350 ✓ [ 100% ] 0000/0070 VUs  30s        350.00 iters/s
step_00400 ✓ [ 100% ] 0000/0080 VUs  30s        400.00 iters/s
step_00450 ✓ [ 100% ] 0000/0090 VUs  30s        450.00 iters/s
step_00500 ✓ [ 100% ] 0000/0219 VUs  30s        500.00 iters/s
step_00550 ✓ [ 100% ] 0000/0110 VUs  30s        550.00 iters/s
step_00600 ✓ [ 100% ] 0000/0257 VUs  30s        600.00 iters/s
step_00650 ✓ [ 100% ] 0000/0201 VUs  30s        650.00 iters/s
step_00700 ✓ [ 100% ] 0000/0356 VUs  30s        700.00 iters/s
step_00750 ✓ [ 100% ] 0000/0718 VUs  30s        750.00 iters/s
step_00800 ✓ [ 100% ] 1847/2400 VUs  30s        800.00 iters/s
step_00850 ✓ [ 100% ] 2425/2550 VUs  30s        850.00 iters/s
step_00900   [ 100% ] 2700/2700 VUs  30.0s/30s  900.00 iters/s
step_00950 • [   0% ] waiting        0m00.0s   
step_01000 • [   0% ] waiting        0m30.0s   

running (09m00.9s), 2984/5850 VUs, 192632 complete and 4272 interrupted iterations
step_00050 ✓ [ 100% ] 000/020 VUs    30s        50.00 iters/s
step_00100 ✓ [ 100% ] 000/020 VUs    30s        100.00 iters/s
step_00150 ✓ [ 100% ] 000/030 VUs    30s        150.00 iters/s
step_00200 ✓ [ 100% ] 000/040 VUs    30s        200.00 iters/s
step_00250 ✓ [ 100% ] 000/106 VUs    30s        250.00 iters/s
step_00300 ✓ [ 100% ] 000/060 VUs    30s        300.00 iters/s
step_00350 ✓ [ 100% ] 0000/0070 VUs  30s        350.00 iters/s
step_00400 ✓ [ 100% ] 0000/0080 VUs  30s        400.00 iters/s
step_00450 ✓ [ 100% ] 0000/0090 VUs  30s        450.00 iters/s
step_00500 ✓ [ 100% ] 0000/0219 VUs  30s        500.00 iters/s
step_00550 ✓ [ 100% ] 0000/0110 VUs  30s        550.00 iters/s
step_00600 ✓ [ 100% ] 0000/0257 VUs  30s        600.00 iters/s
step_00650 ✓ [ 100% ] 0000/0201 VUs  30s        650.00 iters/s
step_00700 ✓ [ 100% ] 0000/0356 VUs  30s        700.00 iters/s
step_00750 ✓ [ 100% ] 0000/0718 VUs  30s        750.00 iters/s
step_00800 ✓ [ 100% ] 1847/2400 VUs  30s        800.00 iters/s
step_00850 ✓ [ 100% ] 2425/2550 VUs  30s        850.00 iters/s
step_00900 ↓ [ 100% ] 2697/2700 VUs  30s        900.00 iters/s
step_00950   [   3% ] 0436/0436 VUs  01.0s/30s  950.00 iters/s
step_01000 • [   0% ] waiting        0m29.0s   

running (09m01.9s), 3299/5850 VUs, 192739 complete and 4272 interrupted iterations
step_00050 ✓ [ 100% ] 000/020 VUs    30s        50.00 iters/s
step_00100 ✓ [ 100% ] 000/020 VUs    30s        100.00 iters/s
step_00150 ✓ [ 100% ] 000/030 VUs    30s        150.00 iters/s
step_00200 ✓ [ 100% ] 000/040 VUs    30s        200.00 iters/s
step_00250 ✓ [ 100% ] 000/106 VUs    30s        250.00 iters/s
step_00300 ✓ [ 100% ] 000/060 VUs    30s        300.00 iters/s
step_00350 ✓ [ 100% ] 0000/0070 VUs  30s        350.00 iters/s
step_00400 ✓ [ 100% ] 0000/0080 VUs  30s        400.00 iters/s
step_00450 ✓ [ 100% ] 0000/0090 VUs  30s        450.00 iters/s
step_00500 ✓ [ 100% ] 0000/0219 VUs  30s        500.00 iters/s
step_00550 ✓ [ 100% ] 0000/0110 VUs  30s        550.00 iters/s
step_00600 ✓ [ 100% ] 0000/0257 VUs  30s        600.00 iters/s
step_00650 ✓ [ 100% ] 0000/0201 VUs  30s        650.00 iters/s
step_00700 ✓ [ 100% ] 0000/0356 VUs  30s        700.00 iters/s
step_00750 ✓ [ 100% ] 0000/0718 VUs  30s        750.00 iters/s
step_00800 ✓ [ 100% ] 1847/2400 VUs  30s        800.00 iters/s
step_00850 ✓ [ 100% ] 2425/2550 VUs  30s        850.00 iters/s
step_00900 ↓ [ 100% ] 2697/2700 VUs  30s        900.00 iters/s
step_00950   [   7% ] 0777/0777 VUs  02.0s/30s  950.00 iters/s
step_01000 • [   0% ] waiting        0m28.0s   

running (09m02.9s), 3702/5850 VUs, 192739 complete and 4272 interrupted iterations
step_00050 ✓ [ 100% ] 000/020 VUs    30s        50.00 iters/s
step_00100 ✓ [ 100% ] 000/020 VUs    30s        100.00 iters/s
step_00150 ✓ [ 100% ] 000/030 VUs    30s        150.00 iters/s
step_00200 ✓ [ 100% ] 000/040 VUs    30s        200.00 iters/s
step_00250 ✓ [ 100% ] 000/106 VUs    30s        250.00 iters/s
step_00300 ✓ [ 100% ] 000/060 VUs    30s        300.00 iters/s
step_00350 ✓ [ 100% ] 0000/0070 VUs  30s        350.00 iters/s
step_00400 ✓ [ 100% ] 0000/0080 VUs  30s        400.00 iters/s
step_00450 ✓ [ 100% ] 0000/0090 VUs  30s        450.00 iters/s
step_00500 ✓ [ 100% ] 0000/0219 VUs  30s        500.00 iters/s
step_00550 ✓ [ 100% ] 0000/0110 VUs  30s        550.00 iters/s
step_00600 ✓ [ 100% ] 0000/0257 VUs  30s        600.00 iters/s
step_00650 ✓ [ 100% ] 0000/0201 VUs  30s        650.00 iters/s
step_00700 ✓ [ 100% ] 0000/0356 VUs  30s        700.00 iters/s
step_00750 ✓ [ 100% ] 0000/0718 VUs  30s        750.00 iters/s
step_00800 ✓ [ 100% ] 1847/2400 VUs  30s        800.00 iters/s
step_00850 ✓ [ 100% ] 2425/2550 VUs  30s        850.00 iters/s
step_00900 ↓ [ 100% ] 2697/2700 VUs  30s        900.00 iters/s
step_00950   [  10% ] 1180/1180 VUs  03.0s/30s  950.00 iters/s
step_01000 • [   0% ] waiting        0m27.0s   

running (09m03.9s), 4101/5850 VUs, 192753 complete and 4272 interrupted iterations
step_00050 ✓ [ 100% ] 000/020 VUs    30s        50.00 iters/s
step_00100 ✓ [ 100% ] 000/020 VUs    30s        100.00 iters/s
step_00150 ✓ [ 100% ] 000/030 VUs    30s        150.00 iters/s
step_00200 ✓ [ 100% ] 000/040 VUs    30s        200.00 iters/s
step_00250 ✓ [ 100% ] 000/106 VUs    30s        250.00 iters/s
step_00300 ✓ [ 100% ] 000/060 VUs    30s        300.00 iters/s
step_00350 ✓ [ 100% ] 0000/0070 VUs  30s        350.00 iters/s
step_00400 ✓ [ 100% ] 0000/0080 VUs  30s        400.00 iters/s
step_00450 ✓ [ 100% ] 0000/0090 VUs  30s        450.00 iters/s
step_00500 ✓ [ 100% ] 0000/0219 VUs  30s        500.00 iters/s
step_00550 ✓ [ 100% ] 0000/0110 VUs  30s        550.00 iters/s
step_00600 ✓ [ 100% ] 0000/0257 VUs  30s        600.00 iters/s
step_00650 ✓ [ 100% ] 0000/0201 VUs  30s        650.00 iters/s
step_00700 ✓ [ 100% ] 0000/0356 VUs  30s        700.00 iters/s
step_00750 ✓ [ 100% ] 0000/0718 VUs  30s        750.00 iters/s
step_00800 ✓ [ 100% ] 1847/2400 VUs  30s        800.00 iters/s
step_00850 ✓ [ 100% ] 2425/2550 VUs  30s        850.00 iters/s
step_00900 ↓ [ 100% ] 2697/2700 VUs  30s        900.00 iters/s
step_00950   [  13% ] 1580/1588 VUs  04.0s/30s  950.00 iters/s
step_01000 • [   0% ] waiting        0m26.0s   

running (09m04.9s), 4542/5850 VUs, 192764 complete and 4272 interrupted iterations
step_00050 ✓ [ 100% ] 000/020 VUs    30s        50.00 iters/s
step_00100 ✓ [ 100% ] 000/020 VUs    30s        100.00 iters/s
step_00150 ✓ [ 100% ] 000/030 VUs    30s        150.00 iters/s
step_00200 ✓ [ 100% ] 000/040 VUs    30s        200.00 iters/s
step_00250 ✓ [ 100% ] 000/106 VUs    30s        250.00 iters/s
step_00300 ✓ [ 100% ] 000/060 VUs    30s        300.00 iters/s
step_00350 ✓ [ 100% ] 0000/0070 VUs  30s        350.00 iters/s
step_00400 ✓ [ 100% ] 0000/0080 VUs  30s        400.00 iters/s
step_00450 ✓ [ 100% ] 0000/0090 VUs  30s        450.00 iters/s
step_00500 ✓ [ 100% ] 0000/0219 VUs  30s        500.00 iters/s
step_00550 ✓ [ 100% ] 0000/0110 VUs  30s        550.00 iters/s
step_00600 ✓ [ 100% ] 0000/0257 VUs  30s        600.00 iters/s
step_00650 ✓ [ 100% ] 0000/0201 VUs  30s        650.00 iters/s
step_00700 ✓ [ 100% ] 0000/0356 VUs  30s        700.00 iters/s
step_00750 ✓ [ 100% ] 0000/0718 VUs  30s        750.00 iters/s
step_00800 ✓ [ 100% ] 1847/2400 VUs  30s        800.00 iters/s
step_00850 ✓ [ 100% ] 2425/2550 VUs  30s        850.00 iters/s
step_00900 ↓ [ 100% ] 2697/2700 VUs  30s        900.00 iters/s
step_00950   [  17% ] 2022/2022 VUs  05.0s/30s  950.00 iters/s
step_01000 • [   0% ] waiting        0m25.0s   

running (09m05.9s), 4948/5850 VUs, 192818 complete and 4272 interrupted iterations
step_00050 ✓ [ 100% ] 000/020 VUs    30s        50.00 iters/s
step_00100 ✓ [ 100% ] 000/020 VUs    30s        100.00 iters/s
step_00150 ✓ [ 100% ] 000/030 VUs    30s        150.00 iters/s
step_00200 ✓ [ 100% ] 000/040 VUs    30s        200.00 iters/s
step_00250 ✓ [ 100% ] 000/106 VUs    30s        250.00 iters/s
step_00300 ✓ [ 100% ] 000/060 VUs    30s        300.00 iters/s
step_00350 ✓ [ 100% ] 0000/0070 VUs  30s        350.00 iters/s
step_00400 ✓ [ 100% ] 0000/0080 VUs  30s        400.00 iters/s
step_00450 ✓ [ 100% ] 0000/0090 VUs  30s        450.00 iters/s
step_00500 ✓ [ 100% ] 0000/0219 VUs  30s        500.00 iters/s
step_00550 ✓ [ 100% ] 0000/0110 VUs  30s        550.00 iters/s
step_00600 ✓ [ 100% ] 0000/0257 VUs  30s        600.00 iters/s
step_00650 ✓ [ 100% ] 0000/0201 VUs  30s        650.00 iters/s
step_00700 ✓ [ 100% ] 0000/0356 VUs  30s        700.00 iters/s
step_00750 ✓ [ 100% ] 0000/0718 VUs  30s        750.00 iters/s
step_00800 ✓ [ 100% ] 1847/2400 VUs  30s        800.00 iters/s
step_00850 ✓ [ 100% ] 2425/2550 VUs  30s        850.00 iters/s
step_00900 ↓ [ 100% ] 2697/2700 VUs  30s        900.00 iters/s
step_00950   [  20% ] 2447/2448 VUs  06.0s/30s  950.00 iters/s
step_01000 • [   0% ] waiting        0m24.0s   
time="2026-09-13T19:10:15+06:00" level=warning msg="Insufficient VUs, reached 2850 active VUs and cannot initialize more" executor=constant-arrival-rate scenario=step_00950

running (09m06.9s), 5308/5850 VUs, 192888 complete and 4272 interrupted iterations
step_00050 ✓ [ 100% ] 000/020 VUs    30s        50.00 iters/s
step_00100 ✓ [ 100% ] 000/020 VUs    30s        100.00 iters/s
step_00150 ✓ [ 100% ] 000/030 VUs    30s        150.00 iters/s
step_00200 ✓ [ 100% ] 000/040 VUs    30s        200.00 iters/s
step_00250 ✓ [ 100% ] 000/106 VUs    30s        250.00 iters/s
step_00300 ✓ [ 100% ] 000/060 VUs    30s        300.00 iters/s
step_00350 ✓ [ 100% ] 0000/0070 VUs  30s        350.00 iters/s
step_00400 ✓ [ 100% ] 0000/0080 VUs  30s        400.00 iters/s
step_00450 ✓ [ 100% ] 0000/0090 VUs  30s        450.00 iters/s
step_00500 ✓ [ 100% ] 0000/0219 VUs  30s        500.00 iters/s
step_00550 ✓ [ 100% ] 0000/0110 VUs  30s        550.00 iters/s
step_00600 ✓ [ 100% ] 0000/0257 VUs  30s        600.00 iters/s
step_00650 ✓ [ 100% ] 0000/0201 VUs  30s        650.00 iters/s
step_00700 ✓ [ 100% ] 0000/0356 VUs  30s        700.00 iters/s
step_00750 ✓ [ 100% ] 0000/0718 VUs  30s        750.00 iters/s
step_00800 ✓ [ 100% ] 1847/2400 VUs  30s        800.00 iters/s
step_00850 ✓ [ 100% ] 2425/2550 VUs  30s        850.00 iters/s
step_00900 ↓ [ 100% ] 2697/2700 VUs  30s        900.00 iters/s
step_00950   [  23% ] 2850/2850 VUs  07.0s/30s  950.00 iters/s
step_01000 • [   0% ] waiting        0m23.0s   

running (09m07.9s), 5246/5850 VUs, 192985 complete and 4272 interrupted iterations
step_00050 ✓ [ 100% ] 000/020 VUs    30s        50.00 iters/s
step_00100 ✓ [ 100% ] 000/020 VUs    30s        100.00 iters/s
step_00150 ✓ [ 100% ] 000/030 VUs    30s        150.00 iters/s
step_00200 ✓ [ 100% ] 000/040 VUs    30s        200.00 iters/s
step_00250 ✓ [ 100% ] 000/106 VUs    30s        250.00 iters/s
step_00300 ✓ [ 100% ] 000/060 VUs    30s        300.00 iters/s
step_00350 ✓ [ 100% ] 0000/0070 VUs  30s        350.00 iters/s
step_00400 ✓ [ 100% ] 0000/0080 VUs  30s        400.00 iters/s
step_00450 ✓ [ 100% ] 0000/0090 VUs  30s        450.00 iters/s
step_00500 ✓ [ 100% ] 0000/0219 VUs  30s        500.00 iters/s
step_00550 ✓ [ 100% ] 0000/0110 VUs  30s        550.00 iters/s
step_00600 ✓ [ 100% ] 0000/0257 VUs  30s        600.00 iters/s
step_00650 ✓ [ 100% ] 0000/0201 VUs  30s        650.00 iters/s
step_00700 ✓ [ 100% ] 0000/0356 VUs  30s        700.00 iters/s
step_00750 ✓ [ 100% ] 0000/0718 VUs  30s        750.00 iters/s
step_00800 ✓ [ 100% ] 1847/2400 VUs  30s        800.00 iters/s
step_00850 ✓ [ 100% ] 2425/2550 VUs  30s        850.00 iters/s
step_00900 ↓ [ 100% ] 2697/2700 VUs  30s        900.00 iters/s
step_00950   [  27% ] 2850/2850 VUs  08.0s/30s  950.00 iters/s
step_01000 • [   0% ] waiting        0m22.0s   

running (09m08.9s), 5158/5850 VUs, 193267 complete and 4272 interrupted iterations
step_00050 ✓ [ 100% ] 000/020 VUs    30s        50.00 iters/s
step_00100 ✓ [ 100% ] 000/020 VUs    30s        100.00 iters/s
step_00150 ✓ [ 100% ] 000/030 VUs    30s        150.00 iters/s
step_00200 ✓ [ 100% ] 000/040 VUs    30s        200.00 iters/s
step_00250 ✓ [ 100% ] 000/106 VUs    30s        250.00 iters/s
step_00300 ✓ [ 100% ] 000/060 VUs    30s        300.00 iters/s
step_00350 ✓ [ 100% ] 0000/0070 VUs  30s        350.00 iters/s
step_00400 ✓ [ 100% ] 0000/0080 VUs  30s        400.00 iters/s
step_00450 ✓ [ 100% ] 0000/0090 VUs  30s        450.00 iters/s
step_00500 ✓ [ 100% ] 0000/0219 VUs  30s        500.00 iters/s
step_00550 ✓ [ 100% ] 0000/0110 VUs  30s        550.00 iters/s
step_00600 ✓ [ 100% ] 0000/0257 VUs  30s        600.00 iters/s
step_00650 ✓ [ 100% ] 0000/0201 VUs  30s        650.00 iters/s
step_00700 ✓ [ 100% ] 0000/0356 VUs  30s        700.00 iters/s
step_00750 ✓ [ 100% ] 0000/0718 VUs  30s        750.00 iters/s
step_00800 ✓ [ 100% ] 1847/2400 VUs  30s        800.00 iters/s
step_00850 ✓ [ 100% ] 2425/2550 VUs  30s        850.00 iters/s
step_00900 ↓ [ 100% ] 2697/2700 VUs  30s        900.00 iters/s
step_00950   [  30% ] 2850/2850 VUs  09.0s/30s  950.00 iters/s
step_01000 • [   0% ] waiting        0m21.0s   

running (09m09.9s), 5145/5850 VUs, 193428 complete and 4272 interrupted iterations
step_00050 ✓ [ 100% ] 000/020 VUs    30s        50.00 iters/s
step_00100 ✓ [ 100% ] 000/020 VUs    30s        100.00 iters/s
step_00150 ✓ [ 100% ] 000/030 VUs    30s        150.00 iters/s
step_00200 ✓ [ 100% ] 000/040 VUs    30s        200.00 iters/s
step_00250 ✓ [ 100% ] 000/106 VUs    30s        250.00 iters/s
step_00300 ✓ [ 100% ] 000/060 VUs    30s        300.00 iters/s
step_00350 ✓ [ 100% ] 0000/0070 VUs  30s        350.00 iters/s
step_00400 ✓ [ 100% ] 0000/0080 VUs  30s        400.00 iters/s
step_00450 ✓ [ 100% ] 0000/0090 VUs  30s        450.00 iters/s
step_00500 ✓ [ 100% ] 0000/0219 VUs  30s        500.00 iters/s
step_00550 ✓ [ 100% ] 0000/0110 VUs  30s        550.00 iters/s
step_00600 ✓ [ 100% ] 0000/0257 VUs  30s        600.00 iters/s
step_00650 ✓ [ 100% ] 0000/0201 VUs  30s        650.00 iters/s
step_00700 ✓ [ 100% ] 0000/0356 VUs  30s        700.00 iters/s
step_00750 ✓ [ 100% ] 0000/0718 VUs  30s        750.00 iters/s
step_00800 ✓ [ 100% ] 1847/2400 VUs  30s        800.00 iters/s
step_00850 ✓ [ 100% ] 2425/2550 VUs  30s        850.00 iters/s
step_00900 ↓ [ 100% ] 2697/2700 VUs  30s        900.00 iters/s
step_00950   [  33% ] 2850/2850 VUs  10.0s/30s  950.00 iters/s
step_01000 • [   0% ] waiting        0m20.0s   

running (09m11.0s), 2850/5850 VUs, 193431 complete and 6567 interrupted iterations
step_00050 ✓ [ 100% ] 000/020 VUs    30s        50.00 iters/s
step_00100 ✓ [ 100% ] 000/020 VUs    30s        100.00 iters/s
step_00150 ✓ [ 100% ] 000/030 VUs    30s        150.00 iters/s
step_00200 ✓ [ 100% ] 000/040 VUs    30s        200.00 iters/s
step_00250 ✓ [ 100% ] 000/106 VUs    30s        250.00 iters/s
step_00300 ✓ [ 100% ] 000/060 VUs    30s        300.00 iters/s
step_00350 ✓ [ 100% ] 0000/0070 VUs  30s        350.00 iters/s
step_00400 ✓ [ 100% ] 0000/0080 VUs  30s        400.00 iters/s
step_00450 ✓ [ 100% ] 0000/0090 VUs  30s        450.00 iters/s
step_00500 ✓ [ 100% ] 0000/0219 VUs  30s        500.00 iters/s
step_00550 ✓ [ 100% ] 0000/0110 VUs  30s        550.00 iters/s
step_00600 ✓ [ 100% ] 0000/0257 VUs  30s        600.00 iters/s
step_00650 ✓ [ 100% ] 0000/0201 VUs  30s        650.00 iters/s
step_00700 ✓ [ 100% ] 0000/0356 VUs  30s        700.00 iters/s
step_00750 ✓ [ 100% ] 0000/0718 VUs  30s        750.00 iters/s
step_00800 ✓ [ 100% ] 1847/2400 VUs  30s        800.00 iters/s
step_00850 ✓ [ 100% ] 2425/2550 VUs  30s        850.00 iters/s
step_00900 ✓ [ 100% ] 2295/2700 VUs  30s        900.00 iters/s
step_00950   [  37% ] 2850/2850 VUs  11.0s/30s  950.00 iters/s
step_01000 • [   0% ] waiting        0m19.0s   

running (09m12.0s), 2850/5850 VUs, 193443 complete and 6567 interrupted iterations
step_00050 ✓ [ 100% ] 000/020 VUs    30s        50.00 iters/s
step_00100 ✓ [ 100% ] 000/020 VUs    30s        100.00 iters/s
step_00150 ✓ [ 100% ] 000/030 VUs    30s        150.00 iters/s
step_00200 ✓ [ 100% ] 000/040 VUs    30s        200.00 iters/s
step_00250 ✓ [ 100% ] 000/106 VUs    30s        250.00 iters/s
step_00300 ✓ [ 100% ] 000/060 VUs    30s        300.00 iters/s
step_00350 ✓ [ 100% ] 0000/0070 VUs  30s        350.00 iters/s
step_00400 ✓ [ 100% ] 0000/0080 VUs  30s        400.00 iters/s
step_00450 ✓ [ 100% ] 0000/0090 VUs  30s        450.00 iters/s
step_00500 ✓ [ 100% ] 0000/0219 VUs  30s        500.00 iters/s
step_00550 ✓ [ 100% ] 0000/0110 VUs  30s        550.00 iters/s
step_00600 ✓ [ 100% ] 0000/0257 VUs  30s        600.00 iters/s
step_00650 ✓ [ 100% ] 0000/0201 VUs  30s        650.00 iters/s
step_00700 ✓ [ 100% ] 0000/0356 VUs  30s        700.00 iters/s
step_00750 ✓ [ 100% ] 0000/0718 VUs  30s        750.00 iters/s
step_00800 ✓ [ 100% ] 1847/2400 VUs  30s        800.00 iters/s
step_00850 ✓ [ 100% ] 2425/2550 VUs  30s        850.00 iters/s
step_00900 ✓ [ 100% ] 2295/2700 VUs  30s        900.00 iters/s
step_00950   [  40% ] 2850/2850 VUs  12.0s/30s  950.00 iters/s
step_01000 • [   0% ] waiting        0m18.0s   

running (09m12.9s), 2849/5850 VUs, 193488 complete and 6567 interrupted iterations
step_00050 ✓ [ 100% ] 000/020 VUs    30s        50.00 iters/s
step_00100 ✓ [ 100% ] 000/020 VUs    30s        100.00 iters/s
step_00150 ✓ [ 100% ] 000/030 VUs    30s        150.00 iters/s
step_00200 ✓ [ 100% ] 000/040 VUs    30s        200.00 iters/s
step_00250 ✓ [ 100% ] 000/106 VUs    30s        250.00 iters/s
step_00300 ✓ [ 100% ] 000/060 VUs    30s        300.00 iters/s
step_00350 ✓ [ 100% ] 0000/0070 VUs  30s        350.00 iters/s
step_00400 ✓ [ 100% ] 0000/0080 VUs  30s        400.00 iters/s
step_00450 ✓ [ 100% ] 0000/0090 VUs  30s        450.00 iters/s
step_00500 ✓ [ 100% ] 0000/0219 VUs  30s        500.00 iters/s
step_00550 ✓ [ 100% ] 0000/0110 VUs  30s        550.00 iters/s
step_00600 ✓ [ 100% ] 0000/0257 VUs  30s        600.00 iters/s
step_00650 ✓ [ 100% ] 0000/0201 VUs  30s        650.00 iters/s
step_00700 ✓ [ 100% ] 0000/0356 VUs  30s        700.00 iters/s
step_00750 ✓ [ 100% ] 0000/0718 VUs  30s        750.00 iters/s
step_00800 ✓ [ 100% ] 1847/2400 VUs  30s        800.00 iters/s
step_00850 ✓ [ 100% ] 2425/2550 VUs  30s        850.00 iters/s
step_00900 ✓ [ 100% ] 2295/2700 VUs  30s        900.00 iters/s
step_00950   [  43% ] 2849/2850 VUs  13.0s/30s  950.00 iters/s
step_01000 • [   0% ] waiting        0m17.0s   

running (09m13.9s), 2850/5850 VUs, 193521 complete and 6567 interrupted iterations
step_00050 ✓ [ 100% ] 000/020 VUs    30s        50.00 iters/s
step_00100 ✓ [ 100% ] 000/020 VUs    30s        100.00 iters/s
step_00150 ✓ [ 100% ] 000/030 VUs    30s        150.00 iters/s
step_00200 ✓ [ 100% ] 000/040 VUs    30s        200.00 iters/s
step_00250 ✓ [ 100% ] 000/106 VUs    30s        250.00 iters/s
step_00300 ✓ [ 100% ] 000/060 VUs    30s        300.00 iters/s
step_00350 ✓ [ 100% ] 0000/0070 VUs  30s        350.00 iters/s
step_00400 ✓ [ 100% ] 0000/0080 VUs  30s        400.00 iters/s
step_00450 ✓ [ 100% ] 0000/0090 VUs  30s        450.00 iters/s
step_00500 ✓ [ 100% ] 0000/0219 VUs  30s        500.00 iters/s
step_00550 ✓ [ 100% ] 0000/0110 VUs  30s        550.00 iters/s
step_00600 ✓ [ 100% ] 0000/0257 VUs  30s        600.00 iters/s
step_00650 ✓ [ 100% ] 0000/0201 VUs  30s        650.00 iters/s
step_00700 ✓ [ 100% ] 0000/0356 VUs  30s        700.00 iters/s
step_00750 ✓ [ 100% ] 0000/0718 VUs  30s        750.00 iters/s
step_00800 ✓ [ 100% ] 1847/2400 VUs  30s        800.00 iters/s
step_00850 ✓ [ 100% ] 2425/2550 VUs  30s        850.00 iters/s
step_00900 ✓ [ 100% ] 2295/2700 VUs  30s        900.00 iters/s
step_00950   [  47% ] 2850/2850 VUs  14.0s/30s  950.00 iters/s
step_01000 • [   0% ] waiting        0m16.0s   

running (09m14.9s), 2846/5850 VUs, 193697 complete and 6567 interrupted iterations
step_00050 ✓ [ 100% ] 000/020 VUs    30s        50.00 iters/s
step_00100 ✓ [ 100% ] 000/020 VUs    30s        100.00 iters/s
step_00150 ✓ [ 100% ] 000/030 VUs    30s        150.00 iters/s
step_00200 ✓ [ 100% ] 000/040 VUs    30s        200.00 iters/s
step_00250 ✓ [ 100% ] 000/106 VUs    30s        250.00 iters/s
step_00300 ✓ [ 100% ] 000/060 VUs    30s        300.00 iters/s
step_00350 ✓ [ 100% ] 0000/0070 VUs  30s        350.00 iters/s
step_00400 ✓ [ 100% ] 0000/0080 VUs  30s        400.00 iters/s
step_00450 ✓ [ 100% ] 0000/0090 VUs  30s        450.00 iters/s
step_00500 ✓ [ 100% ] 0000/0219 VUs  30s        500.00 iters/s
step_00550 ✓ [ 100% ] 0000/0110 VUs  30s        550.00 iters/s
step_00600 ✓ [ 100% ] 0000/0257 VUs  30s        600.00 iters/s
step_00650 ✓ [ 100% ] 0000/0201 VUs  30s        650.00 iters/s
step_00700 ✓ [ 100% ] 0000/0356 VUs  30s        700.00 iters/s
step_00750 ✓ [ 100% ] 0000/0718 VUs  30s        750.00 iters/s
step_00800 ✓ [ 100% ] 1847/2400 VUs  30s        800.00 iters/s
step_00850 ✓ [ 100% ] 2425/2550 VUs  30s        850.00 iters/s
step_00900 ✓ [ 100% ] 2295/2700 VUs  30s        900.00 iters/s
step_00950   [  50% ] 2846/2850 VUs  15.0s/30s  950.00 iters/s
step_01000 • [   0% ] waiting        0m15.0s   

running (09m15.9s), 2850/5850 VUs, 193841 complete and 6567 interrupted iterations
step_00050 ✓ [ 100% ] 000/020 VUs    30s        50.00 iters/s
step_00100 ✓ [ 100% ] 000/020 VUs    30s        100.00 iters/s
step_00150 ✓ [ 100% ] 000/030 VUs    30s        150.00 iters/s
step_00200 ✓ [ 100% ] 000/040 VUs    30s        200.00 iters/s
step_00250 ✓ [ 100% ] 000/106 VUs    30s        250.00 iters/s
step_00300 ✓ [ 100% ] 000/060 VUs    30s        300.00 iters/s
step_00350 ✓ [ 100% ] 0000/0070 VUs  30s        350.00 iters/s
step_00400 ✓ [ 100% ] 0000/0080 VUs  30s        400.00 iters/s
step_00450 ✓ [ 100% ] 0000/0090 VUs  30s        450.00 iters/s
step_00500 ✓ [ 100% ] 0000/0219 VUs  30s        500.00 iters/s
step_00550 ✓ [ 100% ] 0000/0110 VUs  30s        550.00 iters/s
step_00600 ✓ [ 100% ] 0000/0257 VUs  30s        600.00 iters/s
step_00650 ✓ [ 100% ] 0000/0201 VUs  30s        650.00 iters/s
step_00700 ✓ [ 100% ] 0000/0356 VUs  30s        700.00 iters/s
step_00750 ✓ [ 100% ] 0000/0718 VUs  30s        750.00 iters/s
step_00800 ✓ [ 100% ] 1847/2400 VUs  30s        800.00 iters/s
step_00850 ✓ [ 100% ] 2425/2550 VUs  30s        850.00 iters/s
step_00900 ✓ [ 100% ] 2295/2700 VUs  30s        900.00 iters/s
step_00950   [  53% ] 2850/2850 VUs  16.0s/30s  950.00 iters/s
step_01000 • [   0% ] waiting        0m14.0s   

running (09m16.9s), 2850/5850 VUs, 193960 complete and 6567 interrupted iterations
step_00050 ✓ [ 100% ] 000/020 VUs    30s        50.00 iters/s
step_00100 ✓ [ 100% ] 000/020 VUs    30s        100.00 iters/s
step_00150 ✓ [ 100% ] 000/030 VUs    30s        150.00 iters/s
step_00200 ✓ [ 100% ] 000/040 VUs    30s        200.00 iters/s
step_00250 ✓ [ 100% ] 000/106 VUs    30s        250.00 iters/s
step_00300 ✓ [ 100% ] 000/060 VUs    30s        300.00 iters/s
step_00350 ✓ [ 100% ] 0000/0070 VUs  30s        350.00 iters/s
step_00400 ✓ [ 100% ] 0000/0080 VUs  30s        400.00 iters/s
step_00450 ✓ [ 100% ] 0000/0090 VUs  30s        450.00 iters/s
step_00500 ✓ [ 100% ] 0000/0219 VUs  30s        500.00 iters/s
step_00550 ✓ [ 100% ] 0000/0110 VUs  30s        550.00 iters/s
step_00600 ✓ [ 100% ] 0000/0257 VUs  30s        600.00 iters/s
step_00650 ✓ [ 100% ] 0000/0201 VUs  30s        650.00 iters/s
step_00700 ✓ [ 100% ] 0000/0356 VUs  30s        700.00 iters/s
step_00750 ✓ [ 100% ] 0000/0718 VUs  30s        750.00 iters/s
step_00800 ✓ [ 100% ] 1847/2400 VUs  30s        800.00 iters/s
step_00850 ✓ [ 100% ] 2425/2550 VUs  30s        850.00 iters/s
step_00900 ✓ [ 100% ] 2295/2700 VUs  30s        900.00 iters/s
step_00950   [  57% ] 2850/2850 VUs  17.0s/30s  950.00 iters/s
step_01000 • [   0% ] waiting        0m13.0s   

running (09m17.9s), 2850/5850 VUs, 194036 complete and 6567 interrupted iterations
step_00050 ✓ [ 100% ] 000/020 VUs    30s        50.00 iters/s
step_00100 ✓ [ 100% ] 000/020 VUs    30s        100.00 iters/s
step_00150 ✓ [ 100% ] 000/030 VUs    30s        150.00 iters/s
step_00200 ✓ [ 100% ] 000/040 VUs    30s        200.00 iters/s
step_00250 ✓ [ 100% ] 000/106 VUs    30s        250.00 iters/s
step_00300 ✓ [ 100% ] 000/060 VUs    30s        300.00 iters/s
step_00350 ✓ [ 100% ] 0000/0070 VUs  30s        350.00 iters/s
step_00400 ✓ [ 100% ] 0000/0080 VUs  30s        400.00 iters/s
step_00450 ✓ [ 100% ] 0000/0090 VUs  30s        450.00 iters/s
step_00500 ✓ [ 100% ] 0000/0219 VUs  30s        500.00 iters/s
step_00550 ✓ [ 100% ] 0000/0110 VUs  30s        550.00 iters/s
step_00600 ✓ [ 100% ] 0000/0257 VUs  30s        600.00 iters/s
step_00650 ✓ [ 100% ] 0000/0201 VUs  30s        650.00 iters/s
step_00700 ✓ [ 100% ] 0000/0356 VUs  30s        700.00 iters/s
step_00750 ✓ [ 100% ] 0000/0718 VUs  30s        750.00 iters/s
step_00800 ✓ [ 100% ] 1847/2400 VUs  30s        800.00 iters/s
step_00850 ✓ [ 100% ] 2425/2550 VUs  30s        850.00 iters/s
step_00900 ✓ [ 100% ] 2295/2700 VUs  30s        900.00 iters/s
step_00950   [  60% ] 2850/2850 VUs  18.0s/30s  950.00 iters/s
step_01000 • [   0% ] waiting        0m12.0s   

running (09m18.9s), 2848/5850 VUs, 194122 complete and 6567 interrupted iterations
step_00050 ✓ [ 100% ] 000/020 VUs    30s        50.00 iters/s
step_00100 ✓ [ 100% ] 000/020 VUs    30s        100.00 iters/s
step_00150 ✓ [ 100% ] 000/030 VUs    30s        150.00 iters/s
step_00200 ✓ [ 100% ] 000/040 VUs    30s        200.00 iters/s
step_00250 ✓ [ 100% ] 000/106 VUs    30s        250.00 iters/s
step_00300 ✓ [ 100% ] 000/060 VUs    30s        300.00 iters/s
step_00350 ✓ [ 100% ] 0000/0070 VUs  30s        350.00 iters/s
step_00400 ✓ [ 100% ] 0000/0080 VUs  30s        400.00 iters/s
step_00450 ✓ [ 100% ] 0000/0090 VUs  30s        450.00 iters/s
step_00500 ✓ [ 100% ] 0000/0219 VUs  30s        500.00 iters/s
step_00550 ✓ [ 100% ] 0000/0110 VUs  30s        550.00 iters/s
step_00600 ✓ [ 100% ] 0000/0257 VUs  30s        600.00 iters/s
step_00650 ✓ [ 100% ] 0000/0201 VUs  30s        650.00 iters/s
step_00700 ✓ [ 100% ] 0000/0356 VUs  30s        700.00 iters/s
step_00750 ✓ [ 100% ] 0000/0718 VUs  30s        750.00 iters/s
step_00800 ✓ [ 100% ] 1847/2400 VUs  30s        800.00 iters/s
step_00850 ✓ [ 100% ] 2425/2550 VUs  30s        850.00 iters/s
step_00900 ✓ [ 100% ] 2295/2700 VUs  30s        900.00 iters/s
step_00950   [  63% ] 2848/2850 VUs  19.0s/30s  950.00 iters/s
step_01000 • [   0% ] waiting        0m11.0s   

running (09m19.9s), 2847/5850 VUs, 194266 complete and 6567 interrupted iterations
step_00050 ✓ [ 100% ] 000/020 VUs    30s        50.00 iters/s
step_00100 ✓ [ 100% ] 000/020 VUs    30s        100.00 iters/s
step_00150 ✓ [ 100% ] 000/030 VUs    30s        150.00 iters/s
step_00200 ✓ [ 100% ] 000/040 VUs    30s        200.00 iters/s
step_00250 ✓ [ 100% ] 000/106 VUs    30s        250.00 iters/s
step_00300 ✓ [ 100% ] 000/060 VUs    30s        300.00 iters/s
step_00350 ✓ [ 100% ] 0000/0070 VUs  30s        350.00 iters/s
step_00400 ✓ [ 100% ] 0000/0080 VUs  30s        400.00 iters/s
step_00450 ✓ [ 100% ] 0000/0090 VUs  30s        450.00 iters/s
step_00500 ✓ [ 100% ] 0000/0219 VUs  30s        500.00 iters/s
step_00550 ✓ [ 100% ] 0000/0110 VUs  30s        550.00 iters/s
step_00600 ✓ [ 100% ] 0000/0257 VUs  30s        600.00 iters/s
step_00650 ✓ [ 100% ] 0000/0201 VUs  30s        650.00 iters/s
step_00700 ✓ [ 100% ] 0000/0356 VUs  30s        700.00 iters/s
step_00750 ✓ [ 100% ] 0000/0718 VUs  30s        750.00 iters/s
step_00800 ✓ [ 100% ] 1847/2400 VUs  30s        800.00 iters/s
step_00850 ✓ [ 100% ] 2425/2550 VUs  30s        850.00 iters/s
step_00900 ✓ [ 100% ] 2295/2700 VUs  30s        900.00 iters/s
step_00950   [  67% ] 2847/2850 VUs  20.0s/30s  950.00 iters/s
step_01000 • [   0% ] waiting        0m10.0s   

running (09m20.9s), 2842/5850 VUs, 194433 complete and 6567 interrupted iterations
step_00050 ✓ [ 100% ] 000/020 VUs    30s        50.00 iters/s
step_00100 ✓ [ 100% ] 000/020 VUs    30s        100.00 iters/s
step_00150 ✓ [ 100% ] 000/030 VUs    30s        150.00 iters/s
step_00200 ✓ [ 100% ] 000/040 VUs    30s        200.00 iters/s
step_00250 ✓ [ 100% ] 000/106 VUs    30s        250.00 iters/s
step_00300 ✓ [ 100% ] 000/060 VUs    30s        300.00 iters/s
step_00350 ✓ [ 100% ] 0000/0070 VUs  30s        350.00 iters/s
step_00400 ✓ [ 100% ] 0000/0080 VUs  30s        400.00 iters/s
step_00450 ✓ [ 100% ] 0000/0090 VUs  30s        450.00 iters/s
step_00500 ✓ [ 100% ] 0000/0219 VUs  30s        500.00 iters/s
step_00550 ✓ [ 100% ] 0000/0110 VUs  30s        550.00 iters/s
step_00600 ✓ [ 100% ] 0000/0257 VUs  30s        600.00 iters/s
step_00650 ✓ [ 100% ] 0000/0201 VUs  30s        650.00 iters/s
step_00700 ✓ [ 100% ] 0000/0356 VUs  30s        700.00 iters/s
step_00750 ✓ [ 100% ] 0000/0718 VUs  30s        750.00 iters/s
step_00800 ✓ [ 100% ] 1847/2400 VUs  30s        800.00 iters/s
step_00850 ✓ [ 100% ] 2425/2550 VUs  30s        850.00 iters/s
step_00900 ✓ [ 100% ] 2295/2700 VUs  30s        900.00 iters/s
step_00950   [  70% ] 2842/2850 VUs  21.0s/30s  950.00 iters/s
step_01000 • [   0% ] waiting        0m09.0s   

running (09m21.9s), 2850/5850 VUs, 194566 complete and 6567 interrupted iterations
step_00050 ✓ [ 100% ] 000/020 VUs    30s        50.00 iters/s
step_00100 ✓ [ 100% ] 000/020 VUs    30s        100.00 iters/s
step_00150 ✓ [ 100% ] 000/030 VUs    30s        150.00 iters/s
step_00200 ✓ [ 100% ] 000/040 VUs    30s        200.00 iters/s
step_00250 ✓ [ 100% ] 000/106 VUs    30s        250.00 iters/s
step_00300 ✓ [ 100% ] 000/060 VUs    30s        300.00 iters/s
step_00350 ✓ [ 100% ] 0000/0070 VUs  30s        350.00 iters/s
step_00400 ✓ [ 100% ] 0000/0080 VUs  30s        400.00 iters/s
step_00450 ✓ [ 100% ] 0000/0090 VUs  30s        450.00 iters/s
step_00500 ✓ [ 100% ] 0000/0219 VUs  30s        500.00 iters/s
step_00550 ✓ [ 100% ] 0000/0110 VUs  30s        550.00 iters/s
step_00600 ✓ [ 100% ] 0000/0257 VUs  30s        600.00 iters/s
step_00650 ✓ [ 100% ] 0000/0201 VUs  30s        650.00 iters/s
step_00700 ✓ [ 100% ] 0000/0356 VUs  30s        700.00 iters/s
step_00750 ✓ [ 100% ] 0000/0718 VUs  30s        750.00 iters/s
step_00800 ✓ [ 100% ] 1847/2400 VUs  30s        800.00 iters/s
step_00850 ✓ [ 100% ] 2425/2550 VUs  30s        850.00 iters/s
step_00900 ✓ [ 100% ] 2295/2700 VUs  30s        900.00 iters/s
step_00950   [  73% ] 2850/2850 VUs  22.0s/30s  950.00 iters/s
step_01000 • [   0% ] waiting        0m08.0s   

running (09m22.9s), 2850/5850 VUs, 194670 complete and 6567 interrupted iterations
step_00050 ✓ [ 100% ] 000/020 VUs    30s        50.00 iters/s
step_00100 ✓ [ 100% ] 000/020 VUs    30s        100.00 iters/s
step_00150 ✓ [ 100% ] 000/030 VUs    30s        150.00 iters/s
step_00200 ✓ [ 100% ] 000/040 VUs    30s        200.00 iters/s
step_00250 ✓ [ 100% ] 000/106 VUs    30s        250.00 iters/s
step_00300 ✓ [ 100% ] 000/060 VUs    30s        300.00 iters/s
step_00350 ✓ [ 100% ] 0000/0070 VUs  30s        350.00 iters/s
step_00400 ✓ [ 100% ] 0000/0080 VUs  30s        400.00 iters/s
step_00450 ✓ [ 100% ] 0000/0090 VUs  30s        450.00 iters/s
step_00500 ✓ [ 100% ] 0000/0219 VUs  30s        500.00 iters/s
step_00550 ✓ [ 100% ] 0000/0110 VUs  30s        550.00 iters/s
step_00600 ✓ [ 100% ] 0000/0257 VUs  30s        600.00 iters/s
step_00650 ✓ [ 100% ] 0000/0201 VUs  30s        650.00 iters/s
step_00700 ✓ [ 100% ] 0000/0356 VUs  30s        700.00 iters/s
step_00750 ✓ [ 100% ] 0000/0718 VUs  30s        750.00 iters/s
step_00800 ✓ [ 100% ] 1847/2400 VUs  30s        800.00 iters/s
step_00850 ✓ [ 100% ] 2425/2550 VUs  30s        850.00 iters/s
step_00900 ✓ [ 100% ] 2295/2700 VUs  30s        900.00 iters/s
step_00950   [  77% ] 2850/2850 VUs  23.0s/30s  950.00 iters/s
step_01000 • [   0% ] waiting        0m07.0s   

running (09m23.9s), 2850/5850 VUs, 194769 complete and 6567 interrupted iterations
step_00050 ✓ [ 100% ] 000/020 VUs    30s        50.00 iters/s
step_00100 ✓ [ 100% ] 000/020 VUs    30s        100.00 iters/s
step_00150 ✓ [ 100% ] 000/030 VUs    30s        150.00 iters/s
step_00200 ✓ [ 100% ] 000/040 VUs    30s        200.00 iters/s
step_00250 ✓ [ 100% ] 000/106 VUs    30s        250.00 iters/s
step_00300 ✓ [ 100% ] 000/060 VUs    30s        300.00 iters/s
step_00350 ✓ [ 100% ] 0000/0070 VUs  30s        350.00 iters/s
step_00400 ✓ [ 100% ] 0000/0080 VUs  30s        400.00 iters/s
step_00450 ✓ [ 100% ] 0000/0090 VUs  30s        450.00 iters/s
step_00500 ✓ [ 100% ] 0000/0219 VUs  30s        500.00 iters/s
step_00550 ✓ [ 100% ] 0000/0110 VUs  30s        550.00 iters/s
step_00600 ✓ [ 100% ] 0000/0257 VUs  30s        600.00 iters/s
step_00650 ✓ [ 100% ] 0000/0201 VUs  30s        650.00 iters/s
step_00700 ✓ [ 100% ] 0000/0356 VUs  30s        700.00 iters/s
step_00750 ✓ [ 100% ] 0000/0718 VUs  30s        750.00 iters/s
step_00800 ✓ [ 100% ] 1847/2400 VUs  30s        800.00 iters/s
step_00850 ✓ [ 100% ] 2425/2550 VUs  30s        850.00 iters/s
step_00900 ✓ [ 100% ] 2295/2700 VUs  30s        900.00 iters/s
step_00950   [  80% ] 2850/2850 VUs  24.0s/30s  950.00 iters/s
step_01000 • [   0% ] waiting        0m06.0s   

running (09m24.9s), 2850/5850 VUs, 194909 complete and 6567 interrupted iterations
step_00050 ✓ [ 100% ] 000/020 VUs    30s        50.00 iters/s
step_00100 ✓ [ 100% ] 000/020 VUs    30s        100.00 iters/s
step_00150 ✓ [ 100% ] 000/030 VUs    30s        150.00 iters/s
step_00200 ✓ [ 100% ] 000/040 VUs    30s        200.00 iters/s
step_00250 ✓ [ 100% ] 000/106 VUs    30s        250.00 iters/s
step_00300 ✓ [ 100% ] 000/060 VUs    30s        300.00 iters/s
step_00350 ✓ [ 100% ] 0000/0070 VUs  30s        350.00 iters/s
step_00400 ✓ [ 100% ] 0000/0080 VUs  30s        400.00 iters/s
step_00450 ✓ [ 100% ] 0000/0090 VUs  30s        450.00 iters/s
step_00500 ✓ [ 100% ] 0000/0219 VUs  30s        500.00 iters/s
step_00550 ✓ [ 100% ] 0000/0110 VUs  30s        550.00 iters/s
step_00600 ✓ [ 100% ] 0000/0257 VUs  30s        600.00 iters/s
step_00650 ✓ [ 100% ] 0000/0201 VUs  30s        650.00 iters/s
step_00700 ✓ [ 100% ] 0000/0356 VUs  30s        700.00 iters/s
step_00750 ✓ [ 100% ] 0000/0718 VUs  30s        750.00 iters/s
step_00800 ✓ [ 100% ] 1847/2400 VUs  30s        800.00 iters/s
step_00850 ✓ [ 100% ] 2425/2550 VUs  30s        850.00 iters/s
step_00900 ✓ [ 100% ] 2295/2700 VUs  30s        900.00 iters/s
step_00950   [  83% ] 2850/2850 VUs  25.0s/30s  950.00 iters/s
step_01000 • [   0% ] waiting        0m05.0s   

running (09m25.9s), 2846/5850 VUs, 195039 complete and 6567 interrupted iterations
step_00050 ✓ [ 100% ] 000/020 VUs    30s        50.00 iters/s
step_00100 ✓ [ 100% ] 000/020 VUs    30s        100.00 iters/s
step_00150 ✓ [ 100% ] 000/030 VUs    30s        150.00 iters/s
step_00200 ✓ [ 100% ] 000/040 VUs    30s        200.00 iters/s
step_00250 ✓ [ 100% ] 000/106 VUs    30s        250.00 iters/s
step_00300 ✓ [ 100% ] 000/060 VUs    30s        300.00 iters/s
step_00350 ✓ [ 100% ] 0000/0070 VUs  30s        350.00 iters/s
step_00400 ✓ [ 100% ] 0000/0080 VUs  30s        400.00 iters/s
step_00450 ✓ [ 100% ] 0000/0090 VUs  30s        450.00 iters/s
step_00500 ✓ [ 100% ] 0000/0219 VUs  30s        500.00 iters/s
step_00550 ✓ [ 100% ] 0000/0110 VUs  30s        550.00 iters/s
step_00600 ✓ [ 100% ] 0000/0257 VUs  30s        600.00 iters/s
step_00650 ✓ [ 100% ] 0000/0201 VUs  30s        650.00 iters/s
step_00700 ✓ [ 100% ] 0000/0356 VUs  30s        700.00 iters/s
step_00750 ✓ [ 100% ] 0000/0718 VUs  30s        750.00 iters/s
step_00800 ✓ [ 100% ] 1847/2400 VUs  30s        800.00 iters/s
step_00850 ✓ [ 100% ] 2425/2550 VUs  30s        850.00 iters/s
step_00900 ✓ [ 100% ] 2295/2700 VUs  30s        900.00 iters/s
step_00950   [  87% ] 2846/2850 VUs  26.0s/30s  950.00 iters/s
step_01000 • [   0% ] waiting        0m04.0s   

running (09m26.9s), 2850/5850 VUs, 195189 complete and 6567 interrupted iterations
step_00050 ✓ [ 100% ] 000/020 VUs    30s        50.00 iters/s
step_00100 ✓ [ 100% ] 000/020 VUs    30s        100.00 iters/s
step_00150 ✓ [ 100% ] 000/030 VUs    30s        150.00 iters/s
step_00200 ✓ [ 100% ] 000/040 VUs    30s        200.00 iters/s
step_00250 ✓ [ 100% ] 000/106 VUs    30s        250.00 iters/s
step_00300 ✓ [ 100% ] 000/060 VUs    30s        300.00 iters/s
step_00350 ✓ [ 100% ] 0000/0070 VUs  30s        350.00 iters/s
step_00400 ✓ [ 100% ] 0000/0080 VUs  30s        400.00 iters/s
step_00450 ✓ [ 100% ] 0000/0090 VUs  30s        450.00 iters/s
step_00500 ✓ [ 100% ] 0000/0219 VUs  30s        500.00 iters/s
step_00550 ✓ [ 100% ] 0000/0110 VUs  30s        550.00 iters/s
step_00600 ✓ [ 100% ] 0000/0257 VUs  30s        600.00 iters/s
step_00650 ✓ [ 100% ] 0000/0201 VUs  30s        650.00 iters/s
step_00700 ✓ [ 100% ] 0000/0356 VUs  30s        700.00 iters/s
step_00750 ✓ [ 100% ] 0000/0718 VUs  30s        750.00 iters/s
step_00800 ✓ [ 100% ] 1847/2400 VUs  30s        800.00 iters/s
step_00850 ✓ [ 100% ] 2425/2550 VUs  30s        850.00 iters/s
step_00900 ✓ [ 100% ] 2295/2700 VUs  30s        900.00 iters/s
step_00950   [  90% ] 2850/2850 VUs  27.0s/30s  950.00 iters/s
step_01000 • [   0% ] waiting        0m03.0s   

running (09m27.9s), 2850/5850 VUs, 195368 complete and 6567 interrupted iterations
step_00050 ✓ [ 100% ] 000/020 VUs    30s        50.00 iters/s
step_00100 ✓ [ 100% ] 000/020 VUs    30s        100.00 iters/s
step_00150 ✓ [ 100% ] 000/030 VUs    30s        150.00 iters/s
step_00200 ✓ [ 100% ] 000/040 VUs    30s        200.00 iters/s
step_00250 ✓ [ 100% ] 000/106 VUs    30s        250.00 iters/s
step_00300 ✓ [ 100% ] 000/060 VUs    30s        300.00 iters/s
step_00350 ✓ [ 100% ] 0000/0070 VUs  30s        350.00 iters/s
step_00400 ✓ [ 100% ] 0000/0080 VUs  30s        400.00 iters/s
step_00450 ✓ [ 100% ] 0000/0090 VUs  30s        450.00 iters/s
step_00500 ✓ [ 100% ] 0000/0219 VUs  30s        500.00 iters/s
step_00550 ✓ [ 100% ] 0000/0110 VUs  30s        550.00 iters/s
step_00600 ✓ [ 100% ] 0000/0257 VUs  30s        600.00 iters/s
step_00650 ✓ [ 100% ] 0000/0201 VUs  30s        650.00 iters/s
step_00700 ✓ [ 100% ] 0000/0356 VUs  30s        700.00 iters/s
step_00750 ✓ [ 100% ] 0000/0718 VUs  30s        750.00 iters/s
step_00800 ✓ [ 100% ] 1847/2400 VUs  30s        800.00 iters/s
step_00850 ✓ [ 100% ] 2425/2550 VUs  30s        850.00 iters/s
step_00900 ✓ [ 100% ] 2295/2700 VUs  30s        900.00 iters/s
step_00950   [  93% ] 2850/2850 VUs  28.0s/30s  950.00 iters/s
step_01000 • [   0% ] waiting        0m02.0s   

running (09m28.9s), 2850/5850 VUs, 195553 complete and 6567 interrupted iterations
step_00050 ✓ [ 100% ] 000/020 VUs    30s        50.00 iters/s
step_00100 ✓ [ 100% ] 000/020 VUs    30s        100.00 iters/s
step_00150 ✓ [ 100% ] 000/030 VUs    30s        150.00 iters/s
step_00200 ✓ [ 100% ] 000/040 VUs    30s        200.00 iters/s
step_00250 ✓ [ 100% ] 000/106 VUs    30s        250.00 iters/s
step_00300 ✓ [ 100% ] 000/060 VUs    30s        300.00 iters/s
step_00350 ✓ [ 100% ] 0000/0070 VUs  30s        350.00 iters/s
step_00400 ✓ [ 100% ] 0000/0080 VUs  30s        400.00 iters/s
step_00450 ✓ [ 100% ] 0000/0090 VUs  30s        450.00 iters/s
step_00500 ✓ [ 100% ] 0000/0219 VUs  30s        500.00 iters/s
step_00550 ✓ [ 100% ] 0000/0110 VUs  30s        550.00 iters/s
step_00600 ✓ [ 100% ] 0000/0257 VUs  30s        600.00 iters/s
step_00650 ✓ [ 100% ] 0000/0201 VUs  30s        650.00 iters/s
step_00700 ✓ [ 100% ] 0000/0356 VUs  30s        700.00 iters/s
step_00750 ✓ [ 100% ] 0000/0718 VUs  30s        750.00 iters/s
step_00800 ✓ [ 100% ] 1847/2400 VUs  30s        800.00 iters/s
step_00850 ✓ [ 100% ] 2425/2550 VUs  30s        850.00 iters/s
step_00900 ✓ [ 100% ] 2295/2700 VUs  30s        900.00 iters/s
step_00950   [  97% ] 2850/2850 VUs  29.0s/30s  950.00 iters/s
step_01000 • [   0% ] waiting        0m01.0s   

running (09m29.9s), 2850/5850 VUs, 195730 complete and 6567 interrupted iterations
step_00050 ✓ [ 100% ] 000/020 VUs    30s        50.00 iters/s
step_00100 ✓ [ 100% ] 000/020 VUs    30s        100.00 iters/s
step_00150 ✓ [ 100% ] 000/030 VUs    30s        150.00 iters/s
step_00200 ✓ [ 100% ] 000/040 VUs    30s        200.00 iters/s
step_00250 ✓ [ 100% ] 000/106 VUs    30s        250.00 iters/s
step_00300 ✓ [ 100% ] 000/060 VUs    30s        300.00 iters/s
step_00350 ✓ [ 100% ] 0000/0070 VUs  30s        350.00 iters/s
step_00400 ✓ [ 100% ] 0000/0080 VUs  30s        400.00 iters/s
step_00450 ✓ [ 100% ] 0000/0090 VUs  30s        450.00 iters/s
step_00500 ✓ [ 100% ] 0000/0219 VUs  30s        500.00 iters/s
step_00550 ✓ [ 100% ] 0000/0110 VUs  30s        550.00 iters/s
step_00600 ✓ [ 100% ] 0000/0257 VUs  30s        600.00 iters/s
step_00650 ✓ [ 100% ] 0000/0201 VUs  30s        650.00 iters/s
step_00700 ✓ [ 100% ] 0000/0356 VUs  30s        700.00 iters/s
step_00750 ✓ [ 100% ] 0000/0718 VUs  30s        750.00 iters/s
step_00800 ✓ [ 100% ] 1847/2400 VUs  30s        800.00 iters/s
step_00850 ✓ [ 100% ] 2425/2550 VUs  30s        850.00 iters/s
step_00900 ✓ [ 100% ] 2295/2700 VUs  30s        900.00 iters/s
step_00950   [ 100% ] 2850/2850 VUs  30.0s/30s  950.00 iters/s
step_01000 • [   0% ] waiting        0m00.0s   

running (09m30.9s), 3364/5850 VUs, 195772 complete and 6567 interrupted iterations
step_00050 ✓ [ 100% ] 000/020 VUs    30s        50.00 iters/s
step_00100 ✓ [ 100% ] 000/020 VUs    30s        100.00 iters/s
step_00150 ✓ [ 100% ] 000/030 VUs    30s        150.00 iters/s
step_00200 ✓ [ 100% ] 000/040 VUs    30s        200.00 iters/s
step_00250 ✓ [ 100% ] 000/106 VUs    30s        250.00 iters/s
step_00300 ✓ [ 100% ] 000/060 VUs    30s        300.00 iters/s
step_00350 ✓ [ 100% ] 0000/0070 VUs  30s        350.00 iters/s
step_00400 ✓ [ 100% ] 0000/0080 VUs  30s        400.00 iters/s
step_00450 ✓ [ 100% ] 0000/0090 VUs  30s        450.00 iters/s
step_00500 ✓ [ 100% ] 0000/0219 VUs  30s        500.00 iters/s
step_00550 ✓ [ 100% ] 0000/0110 VUs  30s        550.00 iters/s
step_00600 ✓ [ 100% ] 0000/0257 VUs  30s        600.00 iters/s
step_00650 ✓ [ 100% ] 0000/0201 VUs  30s        650.00 iters/s
step_00700 ✓ [ 100% ] 0000/0356 VUs  30s        700.00 iters/s
step_00750 ✓ [ 100% ] 0000/0718 VUs  30s        750.00 iters/s
step_00800 ✓ [ 100% ] 1847/2400 VUs  30s        800.00 iters/s
step_00850 ✓ [ 100% ] 2425/2550 VUs  30s        850.00 iters/s
step_00900 ✓ [ 100% ] 2295/2700 VUs  30s        900.00 iters/s
step_00950 ↓ [ 100% ] 2850/2850 VUs  30s        950.00 iters/s
step_01000   [   3% ] 0548/0548 VUs  01.0s/30s  1000.00 iters/s

running (09m31.9s), 3711/5850 VUs, 195827 complete and 6567 interrupted iterations
step_00050 ✓ [ 100% ] 000/020 VUs    30s        50.00 iters/s
step_00100 ✓ [ 100% ] 000/020 VUs    30s        100.00 iters/s
step_00150 ✓ [ 100% ] 000/030 VUs    30s        150.00 iters/s
step_00200 ✓ [ 100% ] 000/040 VUs    30s        200.00 iters/s
step_00250 ✓ [ 100% ] 000/106 VUs    30s        250.00 iters/s
step_00300 ✓ [ 100% ] 000/060 VUs    30s        300.00 iters/s
step_00350 ✓ [ 100% ] 0000/0070 VUs  30s        350.00 iters/s
step_00400 ✓ [ 100% ] 0000/0080 VUs  30s        400.00 iters/s
step_00450 ✓ [ 100% ] 0000/0090 VUs  30s        450.00 iters/s
step_00500 ✓ [ 100% ] 0000/0219 VUs  30s        500.00 iters/s
step_00550 ✓ [ 100% ] 0000/0110 VUs  30s        550.00 iters/s
step_00600 ✓ [ 100% ] 0000/0257 VUs  30s        600.00 iters/s
step_00650 ✓ [ 100% ] 0000/0201 VUs  30s        650.00 iters/s
step_00700 ✓ [ 100% ] 0000/0356 VUs  30s        700.00 iters/s
step_00750 ✓ [ 100% ] 0000/0718 VUs  30s        750.00 iters/s
step_00800 ✓ [ 100% ] 1847/2400 VUs  30s        800.00 iters/s
step_00850 ✓ [ 100% ] 2425/2550 VUs  30s        850.00 iters/s
step_00900 ✓ [ 100% ] 2295/2700 VUs  30s        900.00 iters/s
step_00950 ↓ [ 100% ] 2850/2850 VUs  30s        950.00 iters/s
step_01000   [   7% ] 0950/0950 VUs  02.0s/30s  1000.00 iters/s

running (09m32.9s), 4026/5850 VUs, 195982 complete and 6567 interrupted iterations
step_00050 ✓ [ 100% ] 000/020 VUs    30s        50.00 iters/s
step_00100 ✓ [ 100% ] 000/020 VUs    30s        100.00 iters/s
step_00150 ✓ [ 100% ] 000/030 VUs    30s        150.00 iters/s
step_00200 ✓ [ 100% ] 000/040 VUs    30s        200.00 iters/s
step_00250 ✓ [ 100% ] 000/106 VUs    30s        250.00 iters/s
step_00300 ✓ [ 100% ] 000/060 VUs    30s        300.00 iters/s
step_00350 ✓ [ 100% ] 0000/0070 VUs  30s        350.00 iters/s
step_00400 ✓ [ 100% ] 0000/0080 VUs  30s        400.00 iters/s
step_00450 ✓ [ 100% ] 0000/0090 VUs  30s        450.00 iters/s
step_00500 ✓ [ 100% ] 0000/0219 VUs  30s        500.00 iters/s
step_00550 ✓ [ 100% ] 0000/0110 VUs  30s        550.00 iters/s
step_00600 ✓ [ 100% ] 0000/0257 VUs  30s        600.00 iters/s
step_00650 ✓ [ 100% ] 0000/0201 VUs  30s        650.00 iters/s
step_00700 ✓ [ 100% ] 0000/0356 VUs  30s        700.00 iters/s
step_00750 ✓ [ 100% ] 0000/0718 VUs  30s        750.00 iters/s
step_00800 ✓ [ 100% ] 1847/2400 VUs  30s        800.00 iters/s
step_00850 ✓ [ 100% ] 2425/2550 VUs  30s        850.00 iters/s
step_00900 ✓ [ 100% ] 2295/2700 VUs  30s        900.00 iters/s
step_00950 ↓ [ 100% ] 2850/2850 VUs  30s        950.00 iters/s
step_01000   [  10% ] 1371/1372 VUs  03.0s/30s  1000.00 iters/s

running (09m33.9s), 4372/5850 VUs, 196000 complete and 6567 interrupted iterations
step_00050 ✓ [ 100% ] 000/020 VUs    30s        50.00 iters/s
step_00100 ✓ [ 100% ] 000/020 VUs    30s        100.00 iters/s
step_00150 ✓ [ 100% ] 000/030 VUs    30s        150.00 iters/s
step_00200 ✓ [ 100% ] 000/040 VUs    30s        200.00 iters/s
step_00250 ✓ [ 100% ] 000/106 VUs    30s        250.00 iters/s
step_00300 ✓ [ 100% ] 000/060 VUs    30s        300.00 iters/s
step_00350 ✓ [ 100% ] 0000/0070 VUs  30s        350.00 iters/s
step_00400 ✓ [ 100% ] 0000/0080 VUs  30s        400.00 iters/s
step_00450 ✓ [ 100% ] 0000/0090 VUs  30s        450.00 iters/s
step_00500 ✓ [ 100% ] 0000/0219 VUs  30s        500.00 iters/s
step_00550 ✓ [ 100% ] 0000/0110 VUs  30s        550.00 iters/s
step_00600 ✓ [ 100% ] 0000/0257 VUs  30s        600.00 iters/s
step_00650 ✓ [ 100% ] 0000/0201 VUs  30s        650.00 iters/s
step_00700 ✓ [ 100% ] 0000/0356 VUs  30s        700.00 iters/s
step_00750 ✓ [ 100% ] 0000/0718 VUs  30s        750.00 iters/s
step_00800 ✓ [ 100% ] 1847/2400 VUs  30s        800.00 iters/s
step_00850 ✓ [ 100% ] 2425/2550 VUs  30s        850.00 iters/s
step_00900 ✓ [ 100% ] 2295/2700 VUs  30s        900.00 iters/s
step_00950 ↓ [ 100% ] 2850/2850 VUs  30s        950.00 iters/s
step_01000   [  13% ] 1734/1734 VUs  04.0s/30s  1000.00 iters/s

running (09m34.9s), 4804/5850 VUs, 196035 complete and 6567 interrupted iterations
step_00050 ✓ [ 100% ] 000/020 VUs    30s        50.00 iters/s
step_00100 ✓ [ 100% ] 000/020 VUs    30s        100.00 iters/s
step_00150 ✓ [ 100% ] 000/030 VUs    30s        150.00 iters/s
step_00200 ✓ [ 100% ] 000/040 VUs    30s        200.00 iters/s
step_00250 ✓ [ 100% ] 000/106 VUs    30s        250.00 iters/s
step_00300 ✓ [ 100% ] 000/060 VUs    30s        300.00 iters/s
step_00350 ✓ [ 100% ] 0000/0070 VUs  30s        350.00 iters/s
step_00400 ✓ [ 100% ] 0000/0080 VUs  30s        400.00 iters/s
step_00450 ✓ [ 100% ] 0000/0090 VUs  30s        450.00 iters/s
step_00500 ✓ [ 100% ] 0000/0219 VUs  30s        500.00 iters/s
step_00550 ✓ [ 100% ] 0000/0110 VUs  30s        550.00 iters/s
step_00600 ✓ [ 100% ] 0000/0257 VUs  30s        600.00 iters/s
step_00650 ✓ [ 100% ] 0000/0201 VUs  30s        650.00 iters/s
step_00700 ✓ [ 100% ] 0000/0356 VUs  30s        700.00 iters/s
step_00750 ✓ [ 100% ] 0000/0718 VUs  30s        750.00 iters/s
step_00800 ✓ [ 100% ] 1847/2400 VUs  30s        800.00 iters/s
step_00850 ✓ [ 100% ] 2425/2550 VUs  30s        850.00 iters/s
step_00900 ✓ [ 100% ] 2295/2700 VUs  30s        900.00 iters/s
step_00950 ↓ [ 100% ] 2850/2850 VUs  30s        950.00 iters/s
step_01000   [  17% ] 2172/2172 VUs  05.0s/30s  1000.00 iters/s

running (09m35.9s), 5236/5850 VUs, 196055 complete and 6567 interrupted iterations
step_00050 ✓ [ 100% ] 000/020 VUs    30s        50.00 iters/s
step_00100 ✓ [ 100% ] 000/020 VUs    30s        100.00 iters/s
step_00150 ✓ [ 100% ] 000/030 VUs    30s        150.00 iters/s
step_00200 ✓ [ 100% ] 000/040 VUs    30s        200.00 iters/s
step_00250 ✓ [ 100% ] 000/106 VUs    30s        250.00 iters/s
step_00300 ✓ [ 100% ] 000/060 VUs    30s        300.00 iters/s
step_00350 ✓ [ 100% ] 0000/0070 VUs  30s        350.00 iters/s
step_00400 ✓ [ 100% ] 0000/0080 VUs  30s        400.00 iters/s
step_00450 ✓ [ 100% ] 0000/0090 VUs  30s        450.00 iters/s
step_00500 ✓ [ 100% ] 0000/0219 VUs  30s        500.00 iters/s
step_00550 ✓ [ 100% ] 0000/0110 VUs  30s        550.00 iters/s
step_00600 ✓ [ 100% ] 0000/0257 VUs  30s        600.00 iters/s
step_00650 ✓ [ 100% ] 0000/0201 VUs  30s        650.00 iters/s
step_00700 ✓ [ 100% ] 0000/0356 VUs  30s        700.00 iters/s
step_00750 ✓ [ 100% ] 0000/0718 VUs  30s        750.00 iters/s
step_00800 ✓ [ 100% ] 1847/2400 VUs  30s        800.00 iters/s
step_00850 ✓ [ 100% ] 2425/2550 VUs  30s        850.00 iters/s
step_00900 ✓ [ 100% ] 2295/2700 VUs  30s        900.00 iters/s
step_00950 ↓ [ 100% ] 2850/2850 VUs  30s        950.00 iters/s
step_01000   [  20% ] 2606/2606 VUs  06.0s/30s  1000.00 iters/s
time="2026-09-13T19:10:45+06:00" level=warning msg="Insufficient VUs, reached 3000 active VUs and cannot initialize more" executor=constant-arrival-rate scenario=step_01000

running (09m36.9s), 5600/5850 VUs, 196195 complete and 6567 interrupted iterations
step_00050 ✓ [ 100% ] 000/020 VUs    30s        50.00 iters/s
step_00100 ✓ [ 100% ] 000/020 VUs    30s        100.00 iters/s
step_00150 ✓ [ 100% ] 000/030 VUs    30s        150.00 iters/s
step_00200 ✓ [ 100% ] 000/040 VUs    30s        200.00 iters/s
step_00250 ✓ [ 100% ] 000/106 VUs    30s        250.00 iters/s
step_00300 ✓ [ 100% ] 000/060 VUs    30s        300.00 iters/s
step_00350 ✓ [ 100% ] 0000/0070 VUs  30s        350.00 iters/s
step_00400 ✓ [ 100% ] 0000/0080 VUs  30s        400.00 iters/s
step_00450 ✓ [ 100% ] 0000/0090 VUs  30s        450.00 iters/s
step_00500 ✓ [ 100% ] 0000/0219 VUs  30s        500.00 iters/s
step_00550 ✓ [ 100% ] 0000/0110 VUs  30s        550.00 iters/s
step_00600 ✓ [ 100% ] 0000/0257 VUs  30s        600.00 iters/s
step_00650 ✓ [ 100% ] 0000/0201 VUs  30s        650.00 iters/s
step_00700 ✓ [ 100% ] 0000/0356 VUs  30s        700.00 iters/s
step_00750 ✓ [ 100% ] 0000/0718 VUs  30s        750.00 iters/s
step_00800 ✓ [ 100% ] 1847/2400 VUs  30s        800.00 iters/s
step_00850 ✓ [ 100% ] 2425/2550 VUs  30s        850.00 iters/s
step_00900 ✓ [ 100% ] 2295/2700 VUs  30s        900.00 iters/s
step_00950 ↓ [ 100% ] 2850/2850 VUs  30s        950.00 iters/s
step_01000   [  23% ] 3000/3000 VUs  07.0s/30s  1000.00 iters/s

running (09m37.9s), 5579/5850 VUs, 196376 complete and 6567 interrupted iterations
step_00050 ✓ [ 100% ] 000/020 VUs    30s        50.00 iters/s
step_00100 ✓ [ 100% ] 000/020 VUs    30s        100.00 iters/s
step_00150 ✓ [ 100% ] 000/030 VUs    30s        150.00 iters/s
step_00200 ✓ [ 100% ] 000/040 VUs    30s        200.00 iters/s
step_00250 ✓ [ 100% ] 000/106 VUs    30s        250.00 iters/s
step_00300 ✓ [ 100% ] 000/060 VUs    30s        300.00 iters/s
step_00350 ✓ [ 100% ] 0000/0070 VUs  30s        350.00 iters/s
step_00400 ✓ [ 100% ] 0000/0080 VUs  30s        400.00 iters/s
step_00450 ✓ [ 100% ] 0000/0090 VUs  30s        450.00 iters/s
step_00500 ✓ [ 100% ] 0000/0219 VUs  30s        500.00 iters/s
step_00550 ✓ [ 100% ] 0000/0110 VUs  30s        550.00 iters/s
step_00600 ✓ [ 100% ] 0000/0257 VUs  30s        600.00 iters/s
step_00650 ✓ [ 100% ] 0000/0201 VUs  30s        650.00 iters/s
step_00700 ✓ [ 100% ] 0000/0356 VUs  30s        700.00 iters/s
step_00750 ✓ [ 100% ] 0000/0718 VUs  30s        750.00 iters/s
step_00800 ✓ [ 100% ] 1847/2400 VUs  30s        800.00 iters/s
step_00850 ✓ [ 100% ] 2425/2550 VUs  30s        850.00 iters/s
step_00900 ✓ [ 100% ] 2295/2700 VUs  30s        900.00 iters/s
step_00950 ↓ [ 100% ] 2850/2850 VUs  30s        950.00 iters/s
step_01000   [  27% ] 3000/3000 VUs  08.0s/30s  1000.00 iters/s

running (09m38.9s), 5550/5850 VUs, 196577 complete and 6567 interrupted iterations
step_00050 ✓ [ 100% ] 000/020 VUs    30s        50.00 iters/s
step_00100 ✓ [ 100% ] 000/020 VUs    30s        100.00 iters/s
step_00150 ✓ [ 100% ] 000/030 VUs    30s        150.00 iters/s
step_00200 ✓ [ 100% ] 000/040 VUs    30s        200.00 iters/s
step_00250 ✓ [ 100% ] 000/106 VUs    30s        250.00 iters/s
step_00300 ✓ [ 100% ] 000/060 VUs    30s        300.00 iters/s
step_00350 ✓ [ 100% ] 0000/0070 VUs  30s        350.00 iters/s
step_00400 ✓ [ 100% ] 0000/0080 VUs  30s        400.00 iters/s
step_00450 ✓ [ 100% ] 0000/0090 VUs  30s        450.00 iters/s
step_00500 ✓ [ 100% ] 0000/0219 VUs  30s        500.00 iters/s
step_00550 ✓ [ 100% ] 0000/0110 VUs  30s        550.00 iters/s
step_00600 ✓ [ 100% ] 0000/0257 VUs  30s        600.00 iters/s
step_00650 ✓ [ 100% ] 0000/0201 VUs  30s        650.00 iters/s
step_00700 ✓ [ 100% ] 0000/0356 VUs  30s        700.00 iters/s
step_00750 ✓ [ 100% ] 0000/0718 VUs  30s        750.00 iters/s
step_00800 ✓ [ 100% ] 1847/2400 VUs  30s        800.00 iters/s
step_00850 ✓ [ 100% ] 2425/2550 VUs  30s        850.00 iters/s
step_00900 ✓ [ 100% ] 2295/2700 VUs  30s        900.00 iters/s
step_00950 ↓ [ 100% ] 2850/2850 VUs  30s        950.00 iters/s
step_01000   [  30% ] 3000/3000 VUs  09.0s/30s  1000.00 iters/s

running (09m39.9s), 5514/5850 VUs, 196704 complete and 6567 interrupted iterations
step_00050 ✓ [ 100% ] 000/020 VUs    30s        50.00 iters/s
step_00100 ✓ [ 100% ] 000/020 VUs    30s        100.00 iters/s
step_00150 ✓ [ 100% ] 000/030 VUs    30s        150.00 iters/s
step_00200 ✓ [ 100% ] 000/040 VUs    30s        200.00 iters/s
step_00250 ✓ [ 100% ] 000/106 VUs    30s        250.00 iters/s
step_00300 ✓ [ 100% ] 000/060 VUs    30s        300.00 iters/s
step_00350 ✓ [ 100% ] 0000/0070 VUs  30s        350.00 iters/s
step_00400 ✓ [ 100% ] 0000/0080 VUs  30s        400.00 iters/s
step_00450 ✓ [ 100% ] 0000/0090 VUs  30s        450.00 iters/s
step_00500 ✓ [ 100% ] 0000/0219 VUs  30s        500.00 iters/s
step_00550 ✓ [ 100% ] 0000/0110 VUs  30s        550.00 iters/s
step_00600 ✓ [ 100% ] 0000/0257 VUs  30s        600.00 iters/s
step_00650 ✓ [ 100% ] 0000/0201 VUs  30s        650.00 iters/s
step_00700 ✓ [ 100% ] 0000/0356 VUs  30s        700.00 iters/s
step_00750 ✓ [ 100% ] 0000/0718 VUs  30s        750.00 iters/s
step_00800 ✓ [ 100% ] 1847/2400 VUs  30s        800.00 iters/s
step_00850 ✓ [ 100% ] 2425/2550 VUs  30s        850.00 iters/s
step_00900 ✓ [ 100% ] 2295/2700 VUs  30s        900.00 iters/s
step_00950 ↓ [ 100% ] 2850/2850 VUs  30s        950.00 iters/s
step_01000   [  33% ] 3000/3000 VUs  10.0s/30s  1000.00 iters/s

running (09m41.0s), 5514/5850 VUs, 196706 complete and 6567 interrupted iterations
step_00050 ✓ [ 100% ] 000/020 VUs    30s        50.00 iters/s
step_00100 ✓ [ 100% ] 000/020 VUs    30s        100.00 iters/s
step_00150 ✓ [ 100% ] 000/030 VUs    30s        150.00 iters/s
step_00200 ✓ [ 100% ] 000/040 VUs    30s        200.00 iters/s
step_00250 ✓ [ 100% ] 000/106 VUs    30s        250.00 iters/s
step_00300 ✓ [ 100% ] 000/060 VUs    30s        300.00 iters/s
step_00350 ✓ [ 100% ] 0000/0070 VUs  30s        350.00 iters/s
step_00400 ✓ [ 100% ] 0000/0080 VUs  30s        400.00 iters/s
step_00450 ✓ [ 100% ] 0000/0090 VUs  30s        450.00 iters/s
step_00500 ✓ [ 100% ] 0000/0219 VUs  30s        500.00 iters/s
step_00550 ✓ [ 100% ] 0000/0110 VUs  30s        550.00 iters/s
step_00600 ✓ [ 100% ] 0000/0257 VUs  30s        600.00 iters/s
step_00650 ✓ [ 100% ] 0000/0201 VUs  30s        650.00 iters/s
step_00700 ✓ [ 100% ] 0000/0356 VUs  30s        700.00 iters/s
step_00750 ✓ [ 100% ] 0000/0718 VUs  30s        750.00 iters/s
step_00800 ✓ [ 100% ] 1847/2400 VUs  30s        800.00 iters/s
step_00850 ✓ [ 100% ] 2425/2550 VUs  30s        850.00 iters/s
step_00900 ✓ [ 100% ] 2295/2700 VUs  30s        900.00 iters/s
step_00950 ✓ [ 100% ] 2514/2850 VUs  30s        950.00 iters/s
step_01000   [  37% ] 3000/3000 VUs  11.0s/30s  1000.00 iters/s

running (09m41.9s), 3000/5850 VUs, 196714 complete and 9081 interrupted iterations
step_00050 ✓ [ 100% ] 000/020 VUs    30s        50.00 iters/s
step_00100 ✓ [ 100% ] 000/020 VUs    30s        100.00 iters/s
step_00150 ✓ [ 100% ] 000/030 VUs    30s        150.00 iters/s
step_00200 ✓ [ 100% ] 000/040 VUs    30s        200.00 iters/s
step_00250 ✓ [ 100% ] 000/106 VUs    30s        250.00 iters/s
step_00300 ✓ [ 100% ] 000/060 VUs    30s        300.00 iters/s
step_00350 ✓ [ 100% ] 0000/0070 VUs  30s        350.00 iters/s
step_00400 ✓ [ 100% ] 0000/0080 VUs  30s        400.00 iters/s
step_00450 ✓ [ 100% ] 0000/0090 VUs  30s        450.00 iters/s
step_00500 ✓ [ 100% ] 0000/0219 VUs  30s        500.00 iters/s
step_00550 ✓ [ 100% ] 0000/0110 VUs  30s        550.00 iters/s
step_00600 ✓ [ 100% ] 0000/0257 VUs  30s        600.00 iters/s
step_00650 ✓ [ 100% ] 0000/0201 VUs  30s        650.00 iters/s
step_00700 ✓ [ 100% ] 0000/0356 VUs  30s        700.00 iters/s
step_00750 ✓ [ 100% ] 0000/0718 VUs  30s        750.00 iters/s
step_00800 ✓ [ 100% ] 1847/2400 VUs  30s        800.00 iters/s
step_00850 ✓ [ 100% ] 2425/2550 VUs  30s        850.00 iters/s
step_00900 ✓ [ 100% ] 2295/2700 VUs  30s        900.00 iters/s
step_00950 ✓ [ 100% ] 2514/2850 VUs  30s        950.00 iters/s
step_01000   [  40% ] 3000/3000 VUs  12.0s/30s  1000.00 iters/s

running (09m42.9s), 3000/5850 VUs, 196720 complete and 9081 interrupted iterations
step_00050 ✓ [ 100% ] 000/020 VUs    30s        50.00 iters/s
step_00100 ✓ [ 100% ] 000/020 VUs    30s        100.00 iters/s
step_00150 ✓ [ 100% ] 000/030 VUs    30s        150.00 iters/s
step_00200 ✓ [ 100% ] 000/040 VUs    30s        200.00 iters/s
step_00250 ✓ [ 100% ] 000/106 VUs    30s        250.00 iters/s
step_00300 ✓ [ 100% ] 000/060 VUs    30s        300.00 iters/s
step_00350 ✓ [ 100% ] 0000/0070 VUs  30s        350.00 iters/s
step_00400 ✓ [ 100% ] 0000/0080 VUs  30s        400.00 iters/s
step_00450 ✓ [ 100% ] 0000/0090 VUs  30s        450.00 iters/s
step_00500 ✓ [ 100% ] 0000/0219 VUs  30s        500.00 iters/s
step_00550 ✓ [ 100% ] 0000/0110 VUs  30s        550.00 iters/s
step_00600 ✓ [ 100% ] 0000/0257 VUs  30s        600.00 iters/s
step_00650 ✓ [ 100% ] 0000/0201 VUs  30s        650.00 iters/s
step_00700 ✓ [ 100% ] 0000/0356 VUs  30s        700.00 iters/s
step_00750 ✓ [ 100% ] 0000/0718 VUs  30s        750.00 iters/s
step_00800 ✓ [ 100% ] 1847/2400 VUs  30s        800.00 iters/s
step_00850 ✓ [ 100% ] 2425/2550 VUs  30s        850.00 iters/s
step_00900 ✓ [ 100% ] 2295/2700 VUs  30s        900.00 iters/s
step_00950 ✓ [ 100% ] 2514/2850 VUs  30s        950.00 iters/s
step_01000   [  43% ] 3000/3000 VUs  13.0s/30s  1000.00 iters/s

running (09m43.9s), 3000/5850 VUs, 196721 complete and 9081 interrupted iterations
step_00050 ✓ [ 100% ] 000/020 VUs    30s        50.00 iters/s
step_00100 ✓ [ 100% ] 000/020 VUs    30s        100.00 iters/s
step_00150 ✓ [ 100% ] 000/030 VUs    30s        150.00 iters/s
step_00200 ✓ [ 100% ] 000/040 VUs    30s        200.00 iters/s
step_00250 ✓ [ 100% ] 000/106 VUs    30s        250.00 iters/s
step_00300 ✓ [ 100% ] 000/060 VUs    30s        300.00 iters/s
step_00350 ✓ [ 100% ] 0000/0070 VUs  30s        350.00 iters/s
step_00400 ✓ [ 100% ] 0000/0080 VUs  30s        400.00 iters/s
step_00450 ✓ [ 100% ] 0000/0090 VUs  30s        450.00 iters/s
step_00500 ✓ [ 100% ] 0000/0219 VUs  30s        500.00 iters/s
step_00550 ✓ [ 100% ] 0000/0110 VUs  30s        550.00 iters/s
step_00600 ✓ [ 100% ] 0000/0257 VUs  30s        600.00 iters/s
step_00650 ✓ [ 100% ] 0000/0201 VUs  30s        650.00 iters/s
step_00700 ✓ [ 100% ] 0000/0356 VUs  30s        700.00 iters/s
step_00750 ✓ [ 100% ] 0000/0718 VUs  30s        750.00 iters/s
step_00800 ✓ [ 100% ] 1847/2400 VUs  30s        800.00 iters/s
step_00850 ✓ [ 100% ] 2425/2550 VUs  30s        850.00 iters/s
step_00900 ✓ [ 100% ] 2295/2700 VUs  30s        900.00 iters/s
step_00950 ✓ [ 100% ] 2514/2850 VUs  30s        950.00 iters/s
step_01000   [  47% ] 3000/3000 VUs  14.0s/30s  1000.00 iters/s

running (09m44.9s), 3000/5850 VUs, 196725 complete and 9081 interrupted iterations
step_00050 ✓ [ 100% ] 000/020 VUs    30s        50.00 iters/s
step_00100 ✓ [ 100% ] 000/020 VUs    30s        100.00 iters/s
step_00150 ✓ [ 100% ] 000/030 VUs    30s        150.00 iters/s
step_00200 ✓ [ 100% ] 000/040 VUs    30s        200.00 iters/s
step_00250 ✓ [ 100% ] 000/106 VUs    30s        250.00 iters/s
step_00300 ✓ [ 100% ] 000/060 VUs    30s        300.00 iters/s
step_00350 ✓ [ 100% ] 0000/0070 VUs  30s        350.00 iters/s
step_00400 ✓ [ 100% ] 0000/0080 VUs  30s        400.00 iters/s
step_00450 ✓ [ 100% ] 0000/0090 VUs  30s        450.00 iters/s
step_00500 ✓ [ 100% ] 0000/0219 VUs  30s        500.00 iters/s
step_00550 ✓ [ 100% ] 0000/0110 VUs  30s        550.00 iters/s
step_00600 ✓ [ 100% ] 0000/0257 VUs  30s        600.00 iters/s
step_00650 ✓ [ 100% ] 0000/0201 VUs  30s        650.00 iters/s
step_00700 ✓ [ 100% ] 0000/0356 VUs  30s        700.00 iters/s
step_00750 ✓ [ 100% ] 0000/0718 VUs  30s        750.00 iters/s
step_00800 ✓ [ 100% ] 1847/2400 VUs  30s        800.00 iters/s
step_00850 ✓ [ 100% ] 2425/2550 VUs  30s        850.00 iters/s
step_00900 ✓ [ 100% ] 2295/2700 VUs  30s        900.00 iters/s
step_00950 ✓ [ 100% ] 2514/2850 VUs  30s        950.00 iters/s
step_01000   [  50% ] 3000/3000 VUs  15.0s/30s  1000.00 iters/s

running (09m45.9s), 3000/5850 VUs, 196729 complete and 9081 interrupted iterations
step_00050 ✓ [ 100% ] 000/020 VUs    30s        50.00 iters/s
step_00100 ✓ [ 100% ] 000/020 VUs    30s        100.00 iters/s
step_00150 ✓ [ 100% ] 000/030 VUs    30s        150.00 iters/s
step_00200 ✓ [ 100% ] 000/040 VUs    30s        200.00 iters/s
step_00250 ✓ [ 100% ] 000/106 VUs    30s        250.00 iters/s
step_00300 ✓ [ 100% ] 000/060 VUs    30s        300.00 iters/s
step_00350 ✓ [ 100% ] 0000/0070 VUs  30s        350.00 iters/s
step_00400 ✓ [ 100% ] 0000/0080 VUs  30s        400.00 iters/s
step_00450 ✓ [ 100% ] 0000/0090 VUs  30s        450.00 iters/s
step_00500 ✓ [ 100% ] 0000/0219 VUs  30s        500.00 iters/s
step_00550 ✓ [ 100% ] 0000/0110 VUs  30s        550.00 iters/s
step_00600 ✓ [ 100% ] 0000/0257 VUs  30s        600.00 iters/s
step_00650 ✓ [ 100% ] 0000/0201 VUs  30s        650.00 iters/s
step_00700 ✓ [ 100% ] 0000/0356 VUs  30s        700.00 iters/s
step_00750 ✓ [ 100% ] 0000/0718 VUs  30s        750.00 iters/s
step_00800 ✓ [ 100% ] 1847/2400 VUs  30s        800.00 iters/s
step_00850 ✓ [ 100% ] 2425/2550 VUs  30s        850.00 iters/s
step_00900 ✓ [ 100% ] 2295/2700 VUs  30s        900.00 iters/s
step_00950 ✓ [ 100% ] 2514/2850 VUs  30s        950.00 iters/s
step_01000   [  53% ] 3000/3000 VUs  16.0s/30s  1000.00 iters/s

running (09m46.9s), 3000/5850 VUs, 196919 complete and 9081 interrupted iterations
step_00050 ✓ [ 100% ] 000/020 VUs    30s        50.00 iters/s
step_00100 ✓ [ 100% ] 000/020 VUs    30s        100.00 iters/s
step_00150 ✓ [ 100% ] 000/030 VUs    30s        150.00 iters/s
step_00200 ✓ [ 100% ] 000/040 VUs    30s        200.00 iters/s
step_00250 ✓ [ 100% ] 000/106 VUs    30s        250.00 iters/s
step_00300 ✓ [ 100% ] 000/060 VUs    30s        300.00 iters/s
step_00350 ✓ [ 100% ] 0000/0070 VUs  30s        350.00 iters/s
step_00400 ✓ [ 100% ] 0000/0080 VUs  30s        400.00 iters/s
step_00450 ✓ [ 100% ] 0000/0090 VUs  30s        450.00 iters/s
step_00500 ✓ [ 100% ] 0000/0219 VUs  30s        500.00 iters/s
step_00550 ✓ [ 100% ] 0000/0110 VUs  30s        550.00 iters/s
step_00600 ✓ [ 100% ] 0000/0257 VUs  30s        600.00 iters/s
step_00650 ✓ [ 100% ] 0000/0201 VUs  30s        650.00 iters/s
step_00700 ✓ [ 100% ] 0000/0356 VUs  30s        700.00 iters/s
step_00750 ✓ [ 100% ] 0000/0718 VUs  30s        750.00 iters/s
step_00800 ✓ [ 100% ] 1847/2400 VUs  30s        800.00 iters/s
step_00850 ✓ [ 100% ] 2425/2550 VUs  30s        850.00 iters/s
step_00900 ✓ [ 100% ] 2295/2700 VUs  30s        900.00 iters/s
step_00950 ✓ [ 100% ] 2514/2850 VUs  30s        950.00 iters/s
step_01000   [  57% ] 3000/3000 VUs  17.0s/30s  1000.00 iters/s

running (09m47.9s), 3000/5850 VUs, 197114 complete and 9081 interrupted iterations
step_00050 ✓ [ 100% ] 000/020 VUs    30s        50.00 iters/s
step_00100 ✓ [ 100% ] 000/020 VUs    30s        100.00 iters/s
step_00150 ✓ [ 100% ] 000/030 VUs    30s        150.00 iters/s
step_00200 ✓ [ 100% ] 000/040 VUs    30s        200.00 iters/s
step_00250 ✓ [ 100% ] 000/106 VUs    30s        250.00 iters/s
step_00300 ✓ [ 100% ] 000/060 VUs    30s        300.00 iters/s
step_00350 ✓ [ 100% ] 0000/0070 VUs  30s        350.00 iters/s
step_00400 ✓ [ 100% ] 0000/0080 VUs  30s        400.00 iters/s
step_00450 ✓ [ 100% ] 0000/0090 VUs  30s        450.00 iters/s
step_00500 ✓ [ 100% ] 0000/0219 VUs  30s        500.00 iters/s
step_00550 ✓ [ 100% ] 0000/0110 VUs  30s        550.00 iters/s
step_00600 ✓ [ 100% ] 0000/0257 VUs  30s        600.00 iters/s
step_00650 ✓ [ 100% ] 0000/0201 VUs  30s        650.00 iters/s
step_00700 ✓ [ 100% ] 0000/0356 VUs  30s        700.00 iters/s
step_00750 ✓ [ 100% ] 0000/0718 VUs  30s        750.00 iters/s
step_00800 ✓ [ 100% ] 1847/2400 VUs  30s        800.00 iters/s
step_00850 ✓ [ 100% ] 2425/2550 VUs  30s        850.00 iters/s
step_00900 ✓ [ 100% ] 2295/2700 VUs  30s        900.00 iters/s
step_00950 ✓ [ 100% ] 2514/2850 VUs  30s        950.00 iters/s
step_01000   [  60% ] 3000/3000 VUs  18.0s/30s  1000.00 iters/s

running (09m48.9s), 3000/5850 VUs, 197218 complete and 9081 interrupted iterations
step_00050 ✓ [ 100% ] 000/020 VUs    30s        50.00 iters/s
step_00100 ✓ [ 100% ] 000/020 VUs    30s        100.00 iters/s
step_00150 ✓ [ 100% ] 000/030 VUs    30s        150.00 iters/s
step_00200 ✓ [ 100% ] 000/040 VUs    30s        200.00 iters/s
step_00250 ✓ [ 100% ] 000/106 VUs    30s        250.00 iters/s
step_00300 ✓ [ 100% ] 000/060 VUs    30s        300.00 iters/s
step_00350 ✓ [ 100% ] 0000/0070 VUs  30s        350.00 iters/s
step_00400 ✓ [ 100% ] 0000/0080 VUs  30s        400.00 iters/s
step_00450 ✓ [ 100% ] 0000/0090 VUs  30s        450.00 iters/s
step_00500 ✓ [ 100% ] 0000/0219 VUs  30s        500.00 iters/s
step_00550 ✓ [ 100% ] 0000/0110 VUs  30s        550.00 iters/s
step_00600 ✓ [ 100% ] 0000/0257 VUs  30s        600.00 iters/s
step_00650 ✓ [ 100% ] 0000/0201 VUs  30s        650.00 iters/s
step_00700 ✓ [ 100% ] 0000/0356 VUs  30s        700.00 iters/s
step_00750 ✓ [ 100% ] 0000/0718 VUs  30s        750.00 iters/s
step_00800 ✓ [ 100% ] 1847/2400 VUs  30s        800.00 iters/s
step_00850 ✓ [ 100% ] 2425/2550 VUs  30s        850.00 iters/s
step_00900 ✓ [ 100% ] 2295/2700 VUs  30s        900.00 iters/s
step_00950 ✓ [ 100% ] 2514/2850 VUs  30s        950.00 iters/s
step_01000   [  63% ] 3000/3000 VUs  19.0s/30s  1000.00 iters/s

running (09m49.9s), 2999/5850 VUs, 197379 complete and 9081 interrupted iterations
step_00050 ✓ [ 100% ] 000/020 VUs    30s        50.00 iters/s
step_00100 ✓ [ 100% ] 000/020 VUs    30s        100.00 iters/s
step_00150 ✓ [ 100% ] 000/030 VUs    30s        150.00 iters/s
step_00200 ✓ [ 100% ] 000/040 VUs    30s        200.00 iters/s
step_00250 ✓ [ 100% ] 000/106 VUs    30s        250.00 iters/s
step_00300 ✓ [ 100% ] 000/060 VUs    30s        300.00 iters/s
step_00350 ✓ [ 100% ] 0000/0070 VUs  30s        350.00 iters/s
step_00400 ✓ [ 100% ] 0000/0080 VUs  30s        400.00 iters/s
step_00450 ✓ [ 100% ] 0000/0090 VUs  30s        450.00 iters/s
step_00500 ✓ [ 100% ] 0000/0219 VUs  30s        500.00 iters/s
step_00550 ✓ [ 100% ] 0000/0110 VUs  30s        550.00 iters/s
step_00600 ✓ [ 100% ] 0000/0257 VUs  30s        600.00 iters/s
step_00650 ✓ [ 100% ] 0000/0201 VUs  30s        650.00 iters/s
step_00700 ✓ [ 100% ] 0000/0356 VUs  30s        700.00 iters/s
step_00750 ✓ [ 100% ] 0000/0718 VUs  30s        750.00 iters/s
step_00800 ✓ [ 100% ] 1847/2400 VUs  30s        800.00 iters/s
step_00850 ✓ [ 100% ] 2425/2550 VUs  30s        850.00 iters/s
step_00900 ✓ [ 100% ] 2295/2700 VUs  30s        900.00 iters/s
step_00950 ✓ [ 100% ] 2514/2850 VUs  30s        950.00 iters/s
step_01000   [  67% ] 2999/3000 VUs  20.0s/30s  1000.00 iters/s

running (09m50.9s), 3000/5850 VUs, 197522 complete and 9081 interrupted iterations
step_00050 ✓ [ 100% ] 000/020 VUs    30s        50.00 iters/s
step_00100 ✓ [ 100% ] 000/020 VUs    30s        100.00 iters/s
step_00150 ✓ [ 100% ] 000/030 VUs    30s        150.00 iters/s
step_00200 ✓ [ 100% ] 000/040 VUs    30s        200.00 iters/s
step_00250 ✓ [ 100% ] 000/106 VUs    30s        250.00 iters/s
step_00300 ✓ [ 100% ] 000/060 VUs    30s        300.00 iters/s
step_00350 ✓ [ 100% ] 0000/0070 VUs  30s        350.00 iters/s
step_00400 ✓ [ 100% ] 0000/0080 VUs  30s        400.00 iters/s
step_00450 ✓ [ 100% ] 0000/0090 VUs  30s        450.00 iters/s
step_00500 ✓ [ 100% ] 0000/0219 VUs  30s        500.00 iters/s
step_00550 ✓ [ 100% ] 0000/0110 VUs  30s        550.00 iters/s
step_00600 ✓ [ 100% ] 0000/0257 VUs  30s        600.00 iters/s
step_00650 ✓ [ 100% ] 0000/0201 VUs  30s        650.00 iters/s
step_00700 ✓ [ 100% ] 0000/0356 VUs  30s        700.00 iters/s
step_00750 ✓ [ 100% ] 0000/0718 VUs  30s        750.00 iters/s
step_00800 ✓ [ 100% ] 1847/2400 VUs  30s        800.00 iters/s
step_00850 ✓ [ 100% ] 2425/2550 VUs  30s        850.00 iters/s
step_00900 ✓ [ 100% ] 2295/2700 VUs  30s        900.00 iters/s
step_00950 ✓ [ 100% ] 2514/2850 VUs  30s        950.00 iters/s
step_01000   [  70% ] 3000/3000 VUs  21.0s/30s  1000.00 iters/s

running (09m51.9s), 3000/5850 VUs, 197621 complete and 9081 interrupted iterations
step_00050 ✓ [ 100% ] 000/020 VUs    30s        50.00 iters/s
step_00100 ✓ [ 100% ] 000/020 VUs    30s        100.00 iters/s
step_00150 ✓ [ 100% ] 000/030 VUs    30s        150.00 iters/s
step_00200 ✓ [ 100% ] 000/040 VUs    30s        200.00 iters/s
step_00250 ✓ [ 100% ] 000/106 VUs    30s        250.00 iters/s
step_00300 ✓ [ 100% ] 000/060 VUs    30s        300.00 iters/s
step_00350 ✓ [ 100% ] 0000/0070 VUs  30s        350.00 iters/s
step_00400 ✓ [ 100% ] 0000/0080 VUs  30s        400.00 iters/s
step_00450 ✓ [ 100% ] 0000/0090 VUs  30s        450.00 iters/s
step_00500 ✓ [ 100% ] 0000/0219 VUs  30s        500.00 iters/s
step_00550 ✓ [ 100% ] 0000/0110 VUs  30s        550.00 iters/s
step_00600 ✓ [ 100% ] 0000/0257 VUs  30s        600.00 iters/s
step_00650 ✓ [ 100% ] 0000/0201 VUs  30s        650.00 iters/s
step_00700 ✓ [ 100% ] 0000/0356 VUs  30s        700.00 iters/s
step_00750 ✓ [ 100% ] 0000/0718 VUs  30s        750.00 iters/s
step_00800 ✓ [ 100% ] 1847/2400 VUs  30s        800.00 iters/s
step_00850 ✓ [ 100% ] 2425/2550 VUs  30s        850.00 iters/s
step_00900 ✓ [ 100% ] 2295/2700 VUs  30s        900.00 iters/s
step_00950 ✓ [ 100% ] 2514/2850 VUs  30s        950.00 iters/s
step_01000   [  73% ] 3000/3000 VUs  22.0s/30s  1000.00 iters/s

running (09m52.9s), 3000/5850 VUs, 197769 complete and 9081 interrupted iterations
step_00050 ✓ [ 100% ] 000/020 VUs    30s        50.00 iters/s
step_00100 ✓ [ 100% ] 000/020 VUs    30s        100.00 iters/s
step_00150 ✓ [ 100% ] 000/030 VUs    30s        150.00 iters/s
step_00200 ✓ [ 100% ] 000/040 VUs    30s        200.00 iters/s
step_00250 ✓ [ 100% ] 000/106 VUs    30s        250.00 iters/s
step_00300 ✓ [ 100% ] 000/060 VUs    30s        300.00 iters/s
step_00350 ✓ [ 100% ] 0000/0070 VUs  30s        350.00 iters/s
step_00400 ✓ [ 100% ] 0000/0080 VUs  30s        400.00 iters/s
step_00450 ✓ [ 100% ] 0000/0090 VUs  30s        450.00 iters/s
step_00500 ✓ [ 100% ] 0000/0219 VUs  30s        500.00 iters/s
step_00550 ✓ [ 100% ] 0000/0110 VUs  30s        550.00 iters/s
step_00600 ✓ [ 100% ] 0000/0257 VUs  30s        600.00 iters/s
step_00650 ✓ [ 100% ] 0000/0201 VUs  30s        650.00 iters/s
step_00700 ✓ [ 100% ] 0000/0356 VUs  30s        700.00 iters/s
step_00750 ✓ [ 100% ] 0000/0718 VUs  30s        750.00 iters/s
step_00800 ✓ [ 100% ] 1847/2400 VUs  30s        800.00 iters/s
step_00850 ✓ [ 100% ] 2425/2550 VUs  30s        850.00 iters/s
step_00900 ✓ [ 100% ] 2295/2700 VUs  30s        900.00 iters/s
step_00950 ✓ [ 100% ] 2514/2850 VUs  30s        950.00 iters/s
step_01000   [  77% ] 3000/3000 VUs  23.0s/30s  1000.00 iters/s

running (09m53.9s), 3000/5850 VUs, 197890 complete and 9081 interrupted iterations
step_00050 ✓ [ 100% ] 000/020 VUs    30s        50.00 iters/s
step_00100 ✓ [ 100% ] 000/020 VUs    30s        100.00 iters/s
step_00150 ✓ [ 100% ] 000/030 VUs    30s        150.00 iters/s
step_00200 ✓ [ 100% ] 000/040 VUs    30s        200.00 iters/s
step_00250 ✓ [ 100% ] 000/106 VUs    30s        250.00 iters/s
step_00300 ✓ [ 100% ] 000/060 VUs    30s        300.00 iters/s
step_00350 ✓ [ 100% ] 0000/0070 VUs  30s        350.00 iters/s
step_00400 ✓ [ 100% ] 0000/0080 VUs  30s        400.00 iters/s
step_00450 ✓ [ 100% ] 0000/0090 VUs  30s        450.00 iters/s
step_00500 ✓ [ 100% ] 0000/0219 VUs  30s        500.00 iters/s
step_00550 ✓ [ 100% ] 0000/0110 VUs  30s        550.00 iters/s
step_00600 ✓ [ 100% ] 0000/0257 VUs  30s        600.00 iters/s
step_00650 ✓ [ 100% ] 0000/0201 VUs  30s        650.00 iters/s
step_00700 ✓ [ 100% ] 0000/0356 VUs  30s        700.00 iters/s
step_00750 ✓ [ 100% ] 0000/0718 VUs  30s        750.00 iters/s
step_00800 ✓ [ 100% ] 1847/2400 VUs  30s        800.00 iters/s
step_00850 ✓ [ 100% ] 2425/2550 VUs  30s        850.00 iters/s
step_00900 ✓ [ 100% ] 2295/2700 VUs  30s        900.00 iters/s
step_00950 ✓ [ 100% ] 2514/2850 VUs  30s        950.00 iters/s
step_01000   [  80% ] 3000/3000 VUs  24.0s/30s  1000.00 iters/s

running (09m54.9s), 3000/5850 VUs, 198085 complete and 9081 interrupted iterations
step_00050 ✓ [ 100% ] 000/020 VUs    30s        50.00 iters/s
step_00100 ✓ [ 100% ] 000/020 VUs    30s        100.00 iters/s
step_00150 ✓ [ 100% ] 000/030 VUs    30s        150.00 iters/s
step_00200 ✓ [ 100% ] 000/040 VUs    30s        200.00 iters/s
step_00250 ✓ [ 100% ] 000/106 VUs    30s        250.00 iters/s
step_00300 ✓ [ 100% ] 000/060 VUs    30s        300.00 iters/s
step_00350 ✓ [ 100% ] 0000/0070 VUs  30s        350.00 iters/s
step_00400 ✓ [ 100% ] 0000/0080 VUs  30s        400.00 iters/s
step_00450 ✓ [ 100% ] 0000/0090 VUs  30s        450.00 iters/s
step_00500 ✓ [ 100% ] 0000/0219 VUs  30s        500.00 iters/s
step_00550 ✓ [ 100% ] 0000/0110 VUs  30s        550.00 iters/s
step_00600 ✓ [ 100% ] 0000/0257 VUs  30s        600.00 iters/s
step_00650 ✓ [ 100% ] 0000/0201 VUs  30s        650.00 iters/s
step_00700 ✓ [ 100% ] 0000/0356 VUs  30s        700.00 iters/s
step_00750 ✓ [ 100% ] 0000/0718 VUs  30s        750.00 iters/s
step_00800 ✓ [ 100% ] 1847/2400 VUs  30s        800.00 iters/s
step_00850 ✓ [ 100% ] 2425/2550 VUs  30s        850.00 iters/s
step_00900 ✓ [ 100% ] 2295/2700 VUs  30s        900.00 iters/s
step_00950 ✓ [ 100% ] 2514/2850 VUs  30s        950.00 iters/s
step_01000   [  83% ] 3000/3000 VUs  25.0s/30s  1000.00 iters/s

running (09m55.9s), 3000/5850 VUs, 198257 complete and 9081 interrupted iterations
step_00050 ✓ [ 100% ] 000/020 VUs    30s        50.00 iters/s
step_00100 ✓ [ 100% ] 000/020 VUs    30s        100.00 iters/s
step_00150 ✓ [ 100% ] 000/030 VUs    30s        150.00 iters/s
step_00200 ✓ [ 100% ] 000/040 VUs    30s        200.00 iters/s
step_00250 ✓ [ 100% ] 000/106 VUs    30s        250.00 iters/s
step_00300 ✓ [ 100% ] 000/060 VUs    30s        300.00 iters/s
step_00350 ✓ [ 100% ] 0000/0070 VUs  30s        350.00 iters/s
step_00400 ✓ [ 100% ] 0000/0080 VUs  30s        400.00 iters/s
step_00450 ✓ [ 100% ] 0000/0090 VUs  30s        450.00 iters/s
step_00500 ✓ [ 100% ] 0000/0219 VUs  30s        500.00 iters/s
step_00550 ✓ [ 100% ] 0000/0110 VUs  30s        550.00 iters/s
step_00600 ✓ [ 100% ] 0000/0257 VUs  30s        600.00 iters/s
step_00650 ✓ [ 100% ] 0000/0201 VUs  30s        650.00 iters/s
step_00700 ✓ [ 100% ] 0000/0356 VUs  30s        700.00 iters/s
step_00750 ✓ [ 100% ] 0000/0718 VUs  30s        750.00 iters/s
step_00800 ✓ [ 100% ] 1847/2400 VUs  30s        800.00 iters/s
step_00850 ✓ [ 100% ] 2425/2550 VUs  30s        850.00 iters/s
step_00900 ✓ [ 100% ] 2295/2700 VUs  30s        900.00 iters/s
step_00950 ✓ [ 100% ] 2514/2850 VUs  30s        950.00 iters/s
step_01000   [  87% ] 3000/3000 VUs  26.0s/30s  1000.00 iters/s

running (09m56.9s), 2999/5850 VUs, 198407 complete and 9081 interrupted iterations
step_00050 ✓ [ 100% ] 000/020 VUs    30s        50.00 iters/s
step_00100 ✓ [ 100% ] 000/020 VUs    30s        100.00 iters/s
step_00150 ✓ [ 100% ] 000/030 VUs    30s        150.00 iters/s
step_00200 ✓ [ 100% ] 000/040 VUs    30s        200.00 iters/s
step_00250 ✓ [ 100% ] 000/106 VUs    30s        250.00 iters/s
step_00300 ✓ [ 100% ] 000/060 VUs    30s        300.00 iters/s
step_00350 ✓ [ 100% ] 0000/0070 VUs  30s        350.00 iters/s
step_00400 ✓ [ 100% ] 0000/0080 VUs  30s        400.00 iters/s
step_00450 ✓ [ 100% ] 0000/0090 VUs  30s        450.00 iters/s
step_00500 ✓ [ 100% ] 0000/0219 VUs  30s        500.00 iters/s
step_00550 ✓ [ 100% ] 0000/0110 VUs  30s        550.00 iters/s
step_00600 ✓ [ 100% ] 0000/0257 VUs  30s        600.00 iters/s
step_00650 ✓ [ 100% ] 0000/0201 VUs  30s        650.00 iters/s
step_00700 ✓ [ 100% ] 0000/0356 VUs  30s        700.00 iters/s
step_00750 ✓ [ 100% ] 0000/0718 VUs  30s        750.00 iters/s
step_00800 ✓ [ 100% ] 1847/2400 VUs  30s        800.00 iters/s
step_00850 ✓ [ 100% ] 2425/2550 VUs  30s        850.00 iters/s
step_00900 ✓ [ 100% ] 2295/2700 VUs  30s        900.00 iters/s
step_00950 ✓ [ 100% ] 2514/2850 VUs  30s        950.00 iters/s
step_01000   [  90% ] 2999/3000 VUs  27.0s/30s  1000.00 iters/s

running (09m57.9s), 3000/5850 VUs, 198599 complete and 9081 interrupted iterations
step_00050 ✓ [ 100% ] 000/020 VUs    30s        50.00 iters/s
step_00100 ✓ [ 100% ] 000/020 VUs    30s        100.00 iters/s
step_00150 ✓ [ 100% ] 000/030 VUs    30s        150.00 iters/s
step_00200 ✓ [ 100% ] 000/040 VUs    30s        200.00 iters/s
step_00250 ✓ [ 100% ] 000/106 VUs    30s        250.00 iters/s
step_00300 ✓ [ 100% ] 000/060 VUs    30s        300.00 iters/s
step_00350 ✓ [ 100% ] 0000/0070 VUs  30s        350.00 iters/s
step_00400 ✓ [ 100% ] 0000/0080 VUs  30s        400.00 iters/s
step_00450 ✓ [ 100% ] 0000/0090 VUs  30s        450.00 iters/s
step_00500 ✓ [ 100% ] 0000/0219 VUs  30s        500.00 iters/s
step_00550 ✓ [ 100% ] 0000/0110 VUs  30s        550.00 iters/s
step_00600 ✓ [ 100% ] 0000/0257 VUs  30s        600.00 iters/s
step_00650 ✓ [ 100% ] 0000/0201 VUs  30s        650.00 iters/s
step_00700 ✓ [ 100% ] 0000/0356 VUs  30s        700.00 iters/s
step_00750 ✓ [ 100% ] 0000/0718 VUs  30s        750.00 iters/s
step_00800 ✓ [ 100% ] 1847/2400 VUs  30s        800.00 iters/s
step_00850 ✓ [ 100% ] 2425/2550 VUs  30s        850.00 iters/s
step_00900 ✓ [ 100% ] 2295/2700 VUs  30s        900.00 iters/s
step_00950 ✓ [ 100% ] 2514/2850 VUs  30s        950.00 iters/s
step_01000   [  93% ] 3000/3000 VUs  28.0s/30s  1000.00 iters/s

running (09m58.9s), 3000/5850 VUs, 198793 complete and 9081 interrupted iterations
step_00050 ✓ [ 100% ] 000/020 VUs    30s        50.00 iters/s
step_00100 ✓ [ 100% ] 000/020 VUs    30s        100.00 iters/s
step_00150 ✓ [ 100% ] 000/030 VUs    30s        150.00 iters/s
step_00200 ✓ [ 100% ] 000/040 VUs    30s        200.00 iters/s
step_00250 ✓ [ 100% ] 000/106 VUs    30s        250.00 iters/s
step_00300 ✓ [ 100% ] 000/060 VUs    30s        300.00 iters/s
step_00350 ✓ [ 100% ] 0000/0070 VUs  30s        350.00 iters/s
step_00400 ✓ [ 100% ] 0000/0080 VUs  30s        400.00 iters/s
step_00450 ✓ [ 100% ] 0000/0090 VUs  30s        450.00 iters/s
step_00500 ✓ [ 100% ] 0000/0219 VUs  30s        500.00 iters/s
step_00550 ✓ [ 100% ] 0000/0110 VUs  30s        550.00 iters/s
step_00600 ✓ [ 100% ] 0000/0257 VUs  30s        600.00 iters/s
step_00650 ✓ [ 100% ] 0000/0201 VUs  30s        650.00 iters/s
step_00700 ✓ [ 100% ] 0000/0356 VUs  30s        700.00 iters/s
step_00750 ✓ [ 100% ] 0000/0718 VUs  30s        750.00 iters/s
step_00800 ✓ [ 100% ] 1847/2400 VUs  30s        800.00 iters/s
step_00850 ✓ [ 100% ] 2425/2550 VUs  30s        850.00 iters/s
step_00900 ✓ [ 100% ] 2295/2700 VUs  30s        900.00 iters/s
step_00950 ✓ [ 100% ] 2514/2850 VUs  30s        950.00 iters/s
step_01000   [  97% ] 3000/3000 VUs  29.0s/30s  1000.00 iters/s

running (09m59.9s), 3000/5850 VUs, 198900 complete and 9081 interrupted iterations
step_00050 ✓ [ 100% ] 000/020 VUs    30s        50.00 iters/s
step_00100 ✓ [ 100% ] 000/020 VUs    30s        100.00 iters/s
step_00150 ✓ [ 100% ] 000/030 VUs    30s        150.00 iters/s
step_00200 ✓ [ 100% ] 000/040 VUs    30s        200.00 iters/s
step_00250 ✓ [ 100% ] 000/106 VUs    30s        250.00 iters/s
step_00300 ✓ [ 100% ] 000/060 VUs    30s        300.00 iters/s
step_00350 ✓ [ 100% ] 0000/0070 VUs  30s        350.00 iters/s
step_00400 ✓ [ 100% ] 0000/0080 VUs  30s        400.00 iters/s
step_00450 ✓ [ 100% ] 0000/0090 VUs  30s        450.00 iters/s
step_00500 ✓ [ 100% ] 0000/0219 VUs  30s        500.00 iters/s
step_00550 ✓ [ 100% ] 0000/0110 VUs  30s        550.00 iters/s
step_00600 ✓ [ 100% ] 0000/0257 VUs  30s        600.00 iters/s
step_00650 ✓ [ 100% ] 0000/0201 VUs  30s        650.00 iters/s
step_00700 ✓ [ 100% ] 0000/0356 VUs  30s        700.00 iters/s
step_00750 ✓ [ 100% ] 0000/0718 VUs  30s        750.00 iters/s
step_00800 ✓ [ 100% ] 1847/2400 VUs  30s        800.00 iters/s
step_00850 ✓ [ 100% ] 2425/2550 VUs  30s        850.00 iters/s
step_00900 ✓ [ 100% ] 2295/2700 VUs  30s        900.00 iters/s
step_00950 ✓ [ 100% ] 2514/2850 VUs  30s        950.00 iters/s
step_01000   [ 100% ] 3000/3000 VUs  30.0s/30s  1000.00 iters/s

running (10m00.9s), 2822/5850 VUs, 199086 complete and 9081 interrupted iterations
step_00050 ✓ [ 100% ] 000/020 VUs    30s  50.00 iters/s
step_00100 ✓ [ 100% ] 000/020 VUs    30s  100.00 iters/s
step_00150 ✓ [ 100% ] 000/030 VUs    30s  150.00 iters/s
step_00200 ✓ [ 100% ] 000/040 VUs    30s  200.00 iters/s
step_00250 ✓ [ 100% ] 000/106 VUs    30s  250.00 iters/s
step_00300 ✓ [ 100% ] 000/060 VUs    30s  300.00 iters/s
step_00350 ✓ [ 100% ] 0000/0070 VUs  30s  350.00 iters/s
step_00400 ✓ [ 100% ] 0000/0080 VUs  30s  400.00 iters/s
step_00450 ✓ [ 100% ] 0000/0090 VUs  30s  450.00 iters/s
step_00500 ✓ [ 100% ] 0000/0219 VUs  30s  500.00 iters/s
step_00550 ✓ [ 100% ] 0000/0110 VUs  30s  550.00 iters/s
step_00600 ✓ [ 100% ] 0000/0257 VUs  30s  600.00 iters/s
step_00650 ✓ [ 100% ] 0000/0201 VUs  30s  650.00 iters/s
step_00700 ✓ [ 100% ] 0000/0356 VUs  30s  700.00 iters/s
step_00750 ✓ [ 100% ] 0000/0718 VUs  30s  750.00 iters/s
step_00800 ✓ [ 100% ] 1847/2400 VUs  30s  800.00 iters/s
step_00850 ✓ [ 100% ] 2425/2550 VUs  30s  850.00 iters/s
step_00900 ✓ [ 100% ] 2295/2700 VUs  30s  900.00 iters/s
step_00950 ✓ [ 100% ] 2514/2850 VUs  30s  950.00 iters/s
step_01000 ↓ [ 100% ] 3000/3000 VUs  30s  1000.00 iters/s

running (10m01.9s), 2584/5850 VUs, 199324 complete and 9081 interrupted iterations
step_00050 ✓ [ 100% ] 000/020 VUs    30s  50.00 iters/s
step_00100 ✓ [ 100% ] 000/020 VUs    30s  100.00 iters/s
step_00150 ✓ [ 100% ] 000/030 VUs    30s  150.00 iters/s
step_00200 ✓ [ 100% ] 000/040 VUs    30s  200.00 iters/s
step_00250 ✓ [ 100% ] 000/106 VUs    30s  250.00 iters/s
step_00300 ✓ [ 100% ] 000/060 VUs    30s  300.00 iters/s
step_00350 ✓ [ 100% ] 0000/0070 VUs  30s  350.00 iters/s
step_00400 ✓ [ 100% ] 0000/0080 VUs  30s  400.00 iters/s
step_00450 ✓ [ 100% ] 0000/0090 VUs  30s  450.00 iters/s
step_00500 ✓ [ 100% ] 0000/0219 VUs  30s  500.00 iters/s
step_00550 ✓ [ 100% ] 0000/0110 VUs  30s  550.00 iters/s
step_00600 ✓ [ 100% ] 0000/0257 VUs  30s  600.00 iters/s
step_00650 ✓ [ 100% ] 0000/0201 VUs  30s  650.00 iters/s
step_00700 ✓ [ 100% ] 0000/0356 VUs  30s  700.00 iters/s
step_00750 ✓ [ 100% ] 0000/0718 VUs  30s  750.00 iters/s
step_00800 ✓ [ 100% ] 1847/2400 VUs  30s  800.00 iters/s
step_00850 ✓ [ 100% ] 2425/2550 VUs  30s  850.00 iters/s
step_00900 ✓ [ 100% ] 2295/2700 VUs  30s  900.00 iters/s
step_00950 ✓ [ 100% ] 2514/2850 VUs  30s  950.00 iters/s
step_01000 ↓ [ 100% ] 3000/3000 VUs  30s  1000.00 iters/s

running (10m02.9s), 2355/5850 VUs, 199553 complete and 9081 interrupted iterations
step_00050 ✓ [ 100% ] 000/020 VUs    30s  50.00 iters/s
step_00100 ✓ [ 100% ] 000/020 VUs    30s  100.00 iters/s
step_00150 ✓ [ 100% ] 000/030 VUs    30s  150.00 iters/s
step_00200 ✓ [ 100% ] 000/040 VUs    30s  200.00 iters/s
step_00250 ✓ [ 100% ] 000/106 VUs    30s  250.00 iters/s
step_00300 ✓ [ 100% ] 000/060 VUs    30s  300.00 iters/s
step_00350 ✓ [ 100% ] 0000/0070 VUs  30s  350.00 iters/s
step_00400 ✓ [ 100% ] 0000/0080 VUs  30s  400.00 iters/s
step_00450 ✓ [ 100% ] 0000/0090 VUs  30s  450.00 iters/s
step_00500 ✓ [ 100% ] 0000/0219 VUs  30s  500.00 iters/s
step_00550 ✓ [ 100% ] 0000/0110 VUs  30s  550.00 iters/s
step_00600 ✓ [ 100% ] 0000/0257 VUs  30s  600.00 iters/s
step_00650 ✓ [ 100% ] 0000/0201 VUs  30s  650.00 iters/s
step_00700 ✓ [ 100% ] 0000/0356 VUs  30s  700.00 iters/s
step_00750 ✓ [ 100% ] 0000/0718 VUs  30s  750.00 iters/s
step_00800 ✓ [ 100% ] 1847/2400 VUs  30s  800.00 iters/s
step_00850 ✓ [ 100% ] 2425/2550 VUs  30s  850.00 iters/s
step_00900 ✓ [ 100% ] 2295/2700 VUs  30s  900.00 iters/s
step_00950 ✓ [ 100% ] 2514/2850 VUs  30s  950.00 iters/s
step_01000 ↓ [ 100% ] 3000/3000 VUs  30s  1000.00 iters/s

running (10m03.9s), 2243/5850 VUs, 199665 complete and 9081 interrupted iterations
step_00050 ✓ [ 100% ] 000/020 VUs    30s  50.00 iters/s
step_00100 ✓ [ 100% ] 000/020 VUs    30s  100.00 iters/s
step_00150 ✓ [ 100% ] 000/030 VUs    30s  150.00 iters/s
step_00200 ✓ [ 100% ] 000/040 VUs    30s  200.00 iters/s
step_00250 ✓ [ 100% ] 000/106 VUs    30s  250.00 iters/s
step_00300 ✓ [ 100% ] 000/060 VUs    30s  300.00 iters/s
step_00350 ✓ [ 100% ] 0000/0070 VUs  30s  350.00 iters/s
step_00400 ✓ [ 100% ] 0000/0080 VUs  30s  400.00 iters/s
step_00450 ✓ [ 100% ] 0000/0090 VUs  30s  450.00 iters/s
step_00500 ✓ [ 100% ] 0000/0219 VUs  30s  500.00 iters/s
step_00550 ✓ [ 100% ] 0000/0110 VUs  30s  550.00 iters/s
step_00600 ✓ [ 100% ] 0000/0257 VUs  30s  600.00 iters/s
step_00650 ✓ [ 100% ] 0000/0201 VUs  30s  650.00 iters/s
step_00700 ✓ [ 100% ] 0000/0356 VUs  30s  700.00 iters/s
step_00750 ✓ [ 100% ] 0000/0718 VUs  30s  750.00 iters/s
step_00800 ✓ [ 100% ] 1847/2400 VUs  30s  800.00 iters/s
step_00850 ✓ [ 100% ] 2425/2550 VUs  30s  850.00 iters/s
step_00900 ✓ [ 100% ] 2295/2700 VUs  30s  900.00 iters/s
step_00950 ✓ [ 100% ] 2514/2850 VUs  30s  950.00 iters/s
step_01000 ↓ [ 100% ] 3000/3000 VUs  30s  1000.00 iters/s

running (10m04.9s), 2243/5850 VUs, 199665 complete and 9081 interrupted iterations
step_00050 ✓ [ 100% ] 000/020 VUs    30s  50.00 iters/s
step_00100 ✓ [ 100% ] 000/020 VUs    30s  100.00 iters/s
step_00150 ✓ [ 100% ] 000/030 VUs    30s  150.00 iters/s
step_00200 ✓ [ 100% ] 000/040 VUs    30s  200.00 iters/s
step_00250 ✓ [ 100% ] 000/106 VUs    30s  250.00 iters/s
step_00300 ✓ [ 100% ] 000/060 VUs    30s  300.00 iters/s
step_00350 ✓ [ 100% ] 0000/0070 VUs  30s  350.00 iters/s
step_00400 ✓ [ 100% ] 0000/0080 VUs  30s  400.00 iters/s
step_00450 ✓ [ 100% ] 0000/0090 VUs  30s  450.00 iters/s
step_00500 ✓ [ 100% ] 0000/0219 VUs  30s  500.00 iters/s
step_00550 ✓ [ 100% ] 0000/0110 VUs  30s  550.00 iters/s
step_00600 ✓ [ 100% ] 0000/0257 VUs  30s  600.00 iters/s
step_00650 ✓ [ 100% ] 0000/0201 VUs  30s  650.00 iters/s
step_00700 ✓ [ 100% ] 0000/0356 VUs  30s  700.00 iters/s
step_00750 ✓ [ 100% ] 0000/0718 VUs  30s  750.00 iters/s
step_00800 ✓ [ 100% ] 1847/2400 VUs  30s  800.00 iters/s
step_00850 ✓ [ 100% ] 2425/2550 VUs  30s  850.00 iters/s
step_00900 ✓ [ 100% ] 2295/2700 VUs  30s  900.00 iters/s
step_00950 ✓ [ 100% ] 2514/2850 VUs  30s  950.00 iters/s
step_01000 ↓ [ 100% ] 3000/3000 VUs  30s  1000.00 iters/s

running (10m05.9s), 2243/5850 VUs, 199665 complete and 9081 interrupted iterations
step_00050 ✓ [ 100% ] 000/020 VUs    30s  50.00 iters/s
step_00100 ✓ [ 100% ] 000/020 VUs    30s  100.00 iters/s
step_00150 ✓ [ 100% ] 000/030 VUs    30s  150.00 iters/s
step_00200 ✓ [ 100% ] 000/040 VUs    30s  200.00 iters/s
step_00250 ✓ [ 100% ] 000/106 VUs    30s  250.00 iters/s
step_00300 ✓ [ 100% ] 000/060 VUs    30s  300.00 iters/s
step_00350 ✓ [ 100% ] 0000/0070 VUs  30s  350.00 iters/s
step_00400 ✓ [ 100% ] 0000/0080 VUs  30s  400.00 iters/s
step_00450 ✓ [ 100% ] 0000/0090 VUs  30s  450.00 iters/s
step_00500 ✓ [ 100% ] 0000/0219 VUs  30s  500.00 iters/s
step_00550 ✓ [ 100% ] 0000/0110 VUs  30s  550.00 iters/s
step_00600 ✓ [ 100% ] 0000/0257 VUs  30s  600.00 iters/s
step_00650 ✓ [ 100% ] 0000/0201 VUs  30s  650.00 iters/s
step_00700 ✓ [ 100% ] 0000/0356 VUs  30s  700.00 iters/s
step_00750 ✓ [ 100% ] 0000/0718 VUs  30s  750.00 iters/s
step_00800 ✓ [ 100% ] 1847/2400 VUs  30s  800.00 iters/s
step_00850 ✓ [ 100% ] 2425/2550 VUs  30s  850.00 iters/s
step_00900 ✓ [ 100% ] 2295/2700 VUs  30s  900.00 iters/s
step_00950 ✓ [ 100% ] 2514/2850 VUs  30s  950.00 iters/s
step_01000 ↓ [ 100% ] 3000/3000 VUs  30s  1000.00 iters/s

running (10m06.9s), 2077/5850 VUs, 199831 complete and 9081 interrupted iterations
step_00050 ✓ [ 100% ] 000/020 VUs    30s  50.00 iters/s
step_00100 ✓ [ 100% ] 000/020 VUs    30s  100.00 iters/s
step_00150 ✓ [ 100% ] 000/030 VUs    30s  150.00 iters/s
step_00200 ✓ [ 100% ] 000/040 VUs    30s  200.00 iters/s
step_00250 ✓ [ 100% ] 000/106 VUs    30s  250.00 iters/s
step_00300 ✓ [ 100% ] 000/060 VUs    30s  300.00 iters/s
step_00350 ✓ [ 100% ] 0000/0070 VUs  30s  350.00 iters/s
step_00400 ✓ [ 100% ] 0000/0080 VUs  30s  400.00 iters/s
step_00450 ✓ [ 100% ] 0000/0090 VUs  30s  450.00 iters/s
step_00500 ✓ [ 100% ] 0000/0219 VUs  30s  500.00 iters/s
step_00550 ✓ [ 100% ] 0000/0110 VUs  30s  550.00 iters/s
step_00600 ✓ [ 100% ] 0000/0257 VUs  30s  600.00 iters/s
step_00650 ✓ [ 100% ] 0000/0201 VUs  30s  650.00 iters/s
step_00700 ✓ [ 100% ] 0000/0356 VUs  30s  700.00 iters/s
step_00750 ✓ [ 100% ] 0000/0718 VUs  30s  750.00 iters/s
step_00800 ✓ [ 100% ] 1847/2400 VUs  30s  800.00 iters/s
step_00850 ✓ [ 100% ] 2425/2550 VUs  30s  850.00 iters/s
step_00900 ✓ [ 100% ] 2295/2700 VUs  30s  900.00 iters/s
step_00950 ✓ [ 100% ] 2514/2850 VUs  30s  950.00 iters/s
step_01000 ↓ [ 100% ] 3000/3000 VUs  30s  1000.00 iters/s

running (10m07.9s), 1975/5850 VUs, 199933 complete and 9081 interrupted iterations
step_00050 ✓ [ 100% ] 000/020 VUs    30s  50.00 iters/s
step_00100 ✓ [ 100% ] 000/020 VUs    30s  100.00 iters/s
step_00150 ✓ [ 100% ] 000/030 VUs    30s  150.00 iters/s
step_00200 ✓ [ 100% ] 000/040 VUs    30s  200.00 iters/s
step_00250 ✓ [ 100% ] 000/106 VUs    30s  250.00 iters/s
step_00300 ✓ [ 100% ] 000/060 VUs    30s  300.00 iters/s
step_00350 ✓ [ 100% ] 0000/0070 VUs  30s  350.00 iters/s
step_00400 ✓ [ 100% ] 0000/0080 VUs  30s  400.00 iters/s
step_00450 ✓ [ 100% ] 0000/0090 VUs  30s  450.00 iters/s
step_00500 ✓ [ 100% ] 0000/0219 VUs  30s  500.00 iters/s
step_00550 ✓ [ 100% ] 0000/0110 VUs  30s  550.00 iters/s
step_00600 ✓ [ 100% ] 0000/0257 VUs  30s  600.00 iters/s
step_00650 ✓ [ 100% ] 0000/0201 VUs  30s  650.00 iters/s
step_00700 ✓ [ 100% ] 0000/0356 VUs  30s  700.00 iters/s
step_00750 ✓ [ 100% ] 0000/0718 VUs  30s  750.00 iters/s
step_00800 ✓ [ 100% ] 1847/2400 VUs  30s  800.00 iters/s
step_00850 ✓ [ 100% ] 2425/2550 VUs  30s  850.00 iters/s
step_00900 ✓ [ 100% ] 2295/2700 VUs  30s  900.00 iters/s
step_00950 ✓ [ 100% ] 2514/2850 VUs  30s  950.00 iters/s
step_01000 ↓ [ 100% ] 3000/3000 VUs  30s  1000.00 iters/s

running (10m08.9s), 1791/5850 VUs, 200117 complete and 9081 interrupted iterations
step_00050 ✓ [ 100% ] 000/020 VUs    30s  50.00 iters/s
step_00100 ✓ [ 100% ] 000/020 VUs    30s  100.00 iters/s
step_00150 ✓ [ 100% ] 000/030 VUs    30s  150.00 iters/s
step_00200 ✓ [ 100% ] 000/040 VUs    30s  200.00 iters/s
step_00250 ✓ [ 100% ] 000/106 VUs    30s  250.00 iters/s
step_00300 ✓ [ 100% ] 000/060 VUs    30s  300.00 iters/s
step_00350 ✓ [ 100% ] 0000/0070 VUs  30s  350.00 iters/s
step_00400 ✓ [ 100% ] 0000/0080 VUs  30s  400.00 iters/s
step_00450 ✓ [ 100% ] 0000/0090 VUs  30s  450.00 iters/s
step_00500 ✓ [ 100% ] 0000/0219 VUs  30s  500.00 iters/s
step_00550 ✓ [ 100% ] 0000/0110 VUs  30s  550.00 iters/s
step_00600 ✓ [ 100% ] 0000/0257 VUs  30s  600.00 iters/s
step_00650 ✓ [ 100% ] 0000/0201 VUs  30s  650.00 iters/s
step_00700 ✓ [ 100% ] 0000/0356 VUs  30s  700.00 iters/s
step_00750 ✓ [ 100% ] 0000/0718 VUs  30s  750.00 iters/s
step_00800 ✓ [ 100% ] 1847/2400 VUs  30s  800.00 iters/s
step_00850 ✓ [ 100% ] 2425/2550 VUs  30s  850.00 iters/s
step_00900 ✓ [ 100% ] 2295/2700 VUs  30s  900.00 iters/s
step_00950 ✓ [ 100% ] 2514/2850 VUs  30s  950.00 iters/s
step_01000 ↓ [ 100% ] 3000/3000 VUs  30s  1000.00 iters/s

running (10m09.9s), 1629/5850 VUs, 200279 complete and 9081 interrupted iterations
step_00050 ✓ [ 100% ] 000/020 VUs    30s  50.00 iters/s
step_00100 ✓ [ 100% ] 000/020 VUs    30s  100.00 iters/s
step_00150 ✓ [ 100% ] 000/030 VUs    30s  150.00 iters/s
step_00200 ✓ [ 100% ] 000/040 VUs    30s  200.00 iters/s
step_00250 ✓ [ 100% ] 000/106 VUs    30s  250.00 iters/s
step_00300 ✓ [ 100% ] 000/060 VUs    30s  300.00 iters/s
step_00350 ✓ [ 100% ] 0000/0070 VUs  30s  350.00 iters/s
step_00400 ✓ [ 100% ] 0000/0080 VUs  30s  400.00 iters/s
step_00450 ✓ [ 100% ] 0000/0090 VUs  30s  450.00 iters/s
step_00500 ✓ [ 100% ] 0000/0219 VUs  30s  500.00 iters/s
step_00550 ✓ [ 100% ] 0000/0110 VUs  30s  550.00 iters/s
step_00600 ✓ [ 100% ] 0000/0257 VUs  30s  600.00 iters/s
step_00650 ✓ [ 100% ] 0000/0201 VUs  30s  650.00 iters/s
step_00700 ✓ [ 100% ] 0000/0356 VUs  30s  700.00 iters/s
step_00750 ✓ [ 100% ] 0000/0718 VUs  30s  750.00 iters/s
step_00800 ✓ [ 100% ] 1847/2400 VUs  30s  800.00 iters/s
step_00850 ✓ [ 100% ] 2425/2550 VUs  30s  850.00 iters/s
step_00900 ✓ [ 100% ] 2295/2700 VUs  30s  900.00 iters/s
step_00950 ✓ [ 100% ] 2514/2850 VUs  30s  950.00 iters/s
step_01000 ↓ [ 100% ] 3000/3000 VUs  30s  1000.00 iters/s

open-loop ramp: 20 steps, 50..1000 rps in 50 rps steps of 30s
dropped_iterations = 104026  <-- offered load fell short of target on at least one step
wrote /Users/katha/Desktop/EliteLabIndividual_Research/testbedForFinApiZTA/psao-artifact/data/runs/2026-09-13T13-01-05Z-ramp-S9/k6_steps.csv

running (10m10.5s), 0000/5850 VUs, 200279 complete and 10710 interrupted iterations
step_00050 ✓ [ 100% ] 000/020 VUs    30s  50.00 iters/s
step_00100 ✓ [ 100% ] 000/020 VUs    30s  100.00 iters/s
step_00150 ✓ [ 100% ] 000/030 VUs    30s  150.00 iters/s
step_00200 ✓ [ 100% ] 000/040 VUs    30s  200.00 iters/s
step_00250 ✓ [ 100% ] 000/106 VUs    30s  250.00 iters/s
step_00300 ✓ [ 100% ] 000/060 VUs    30s  300.00 iters/s
step_00350 ✓ [ 100% ] 0000/0070 VUs  30s  350.00 iters/s
step_00400 ✓ [ 100% ] 0000/0080 VUs  30s  400.00 iters/s
step_00450 ✓ [ 100% ] 0000/0090 VUs  30s  450.00 iters/s
step_00500 ✓ [ 100% ] 0000/0219 VUs  30s  500.00 iters/s
step_00550 ✓ [ 100% ] 0000/0110 VUs  30s  550.00 iters/s
step_00600 ✓ [ 100% ] 0000/0257 VUs  30s  600.00 iters/s
step_00650 ✓ [ 100% ] 0000/0201 VUs  30s  650.00 iters/s
step_00700 ✓ [ 100% ] 0000/0356 VUs  30s  700.00 iters/s
step_00750 ✓ [ 100% ] 0000/0718 VUs  30s  750.00 iters/s
step_00800 ✓ [ 100% ] 1847/2400 VUs  30s  800.00 iters/s
step_00850 ✓ [ 100% ] 2425/2550 VUs  30s  850.00 iters/s
step_00900 ✓ [ 100% ] 2295/2700 VUs  30s  900.00 iters/s
step_00950 ✓ [ 100% ] 2514/2850 VUs  30s  950.00 iters/s
step_01000 ✓ [ 100% ] 1629/3000 VUs  30s  1000.00 iters/s
