
         /\      Grafana   /‾‾/  
    /\  /  \     |\  __   /  /   
   /  \/    \    | |/ /  /   ‾‾\ 
  /          \   |   (  |  (‾)  |
 / __________ \  |_|\_\  \_____/ 


     execution: local
        script: /Users/katha/Desktop/EliteLabIndividual_Research/testbedForFinApiZTA/microservices-api/psao-artifact/experiments/k6/openloop-ramp.js
        output: csv (/Users/katha/Desktop/EliteLabIndividual_Research/testbedForFinApiZTA/microservices-api/psao-artifact/data/runs/2026-09-13T18-06-33Z-controller/k6_raw.csv)

     scenarios: (100.00%) 16 scenarios, 4650 max VUs, 8m10s max duration (incl. graceful stop):
              * step_00050: 50.00 iterations/s for 30s (maxVUs: 20-150, gracefulStop: 10s)
              * step_00100: 100.00 iterations/s for 30s (maxVUs: 20-300, startTime: 30s, gracefulStop: 10s)
              * step_00150: 150.00 iterations/s for 30s (maxVUs: 30-450, startTime: 1m0s, gracefulStop: 10s)
              * step_00200: 200.00 iterations/s for 30s (maxVUs: 40-600, startTime: 1m30s, gracefulStop: 10s)
              * step_00250: 250.00 iterations/s for 30s (maxVUs: 50-750, startTime: 2m0s, gracefulStop: 10s)
              * step_00300: 300.00 iterations/s for 30s (maxVUs: 60-900, startTime: 2m30s, gracefulStop: 10s)
              * step_00350: 350.00 iterations/s for 30s (maxVUs: 70-1050, startTime: 3m0s, gracefulStop: 10s)
              * step_00400: 400.00 iterations/s for 30s (maxVUs: 80-1200, startTime: 3m30s, gracefulStop: 10s)
              * step_00450: 450.00 iterations/s for 30s (maxVUs: 90-1350, startTime: 4m0s, gracefulStop: 10s)
              * step_00500: 500.00 iterations/s for 30s (maxVUs: 100-1500, startTime: 4m30s, gracefulStop: 10s)
              * step_00550: 550.00 iterations/s for 30s (maxVUs: 110-1650, startTime: 5m0s, gracefulStop: 10s)
              * step_00600: 600.00 iterations/s for 30s (maxVUs: 120-1800, startTime: 5m30s, gracefulStop: 10s)
              * step_00650: 650.00 iterations/s for 30s (maxVUs: 130-1950, startTime: 6m0s, gracefulStop: 10s)
              * step_00700: 700.00 iterations/s for 30s (maxVUs: 140-2100, startTime: 6m30s, gracefulStop: 10s)
              * step_00750: 750.00 iterations/s for 30s (maxVUs: 150-2250, startTime: 7m0s, gracefulStop: 10s)
              * step_00800: 800.00 iterations/s for 30s (maxVUs: 160-2400, startTime: 7m30s, gracefulStop: 10s)


running (0m01.0s), 0000/0310 VUs, 49 complete and 0 interrupted iterations
step_00050   [   3% ] 000/020 VUs  01.0s/30s  50.00 iters/s
step_00100 • [   0% ] waiting      29.0s     
step_00150 • [   0% ] waiting      0m59.0s   
step_00200 • [   0% ] waiting      1m29.0s   
step_00250 • [   0% ] waiting      1m59.0s   
step_00300 • [   0% ] waiting      2m29.0s   
step_00350 • [   0% ] waiting      2m59.0s   
step_00400 • [   0% ] waiting      3m29.0s   
step_00450 • [   0% ] waiting      3m59.0s   
step_00500 • [   0% ] waiting      4m29.0s   
step_00550 • [   0% ] waiting      4m59.0s   
step_00600 • [   0% ] waiting      5m29.0s   
step_00650 • [   0% ] waiting      5m59.0s   
step_00700 • [   0% ] waiting      6m29.0s   
step_00750 • [   0% ] waiting      6m59.0s   
step_00800 • [   0% ] waiting      7m29.0s   

running (0m02.0s), 0000/0310 VUs, 99 complete and 0 interrupted iterations
step_00050   [   7% ] 000/020 VUs  02.0s/30s  50.00 iters/s
step_00100 • [   0% ] waiting      28.0s     
step_00150 • [   0% ] waiting      0m58.0s   
step_00200 • [   0% ] waiting      1m28.0s   
step_00250 • [   0% ] waiting      1m58.0s   
step_00300 • [   0% ] waiting      2m28.0s   
step_00350 • [   0% ] waiting      2m58.0s   
step_00400 • [   0% ] waiting      3m28.0s   
step_00450 • [   0% ] waiting      3m58.0s   
step_00500 • [   0% ] waiting      4m28.0s   
step_00550 • [   0% ] waiting      4m58.0s   
step_00600 • [   0% ] waiting      5m28.0s   
step_00650 • [   0% ] waiting      5m58.0s   
step_00700 • [   0% ] waiting      6m28.0s   
step_00750 • [   0% ] waiting      6m58.0s   
step_00800 • [   0% ] waiting      7m28.0s   

running (0m03.0s), 0000/0310 VUs, 149 complete and 0 interrupted iterations
step_00050   [  10% ] 000/020 VUs  03.0s/30s  50.00 iters/s
step_00100 • [   0% ] waiting      27.0s     
step_00150 • [   0% ] waiting      0m57.0s   
step_00200 • [   0% ] waiting      1m27.0s   
step_00250 • [   0% ] waiting      1m57.0s   
step_00300 • [   0% ] waiting      2m27.0s   
step_00350 • [   0% ] waiting      2m57.0s   
step_00400 • [   0% ] waiting      3m27.0s   
step_00450 • [   0% ] waiting      3m57.0s   
step_00500 • [   0% ] waiting      4m27.0s   
step_00550 • [   0% ] waiting      4m57.0s   
step_00600 • [   0% ] waiting      5m27.0s   
step_00650 • [   0% ] waiting      5m57.0s   
step_00700 • [   0% ] waiting      6m27.0s   
step_00750 • [   0% ] waiting      6m57.0s   
step_00800 • [   0% ] waiting      7m27.0s   

running (0m04.0s), 0000/0310 VUs, 199 complete and 0 interrupted iterations
step_00050   [  13% ] 000/020 VUs  04.0s/30s  50.00 iters/s
step_00100 • [   0% ] waiting      26.0s     
step_00150 • [   0% ] waiting      0m56.0s   
step_00200 • [   0% ] waiting      1m26.0s   
step_00250 • [   0% ] waiting      1m56.0s   
step_00300 • [   0% ] waiting      2m26.0s   
step_00350 • [   0% ] waiting      2m56.0s   
step_00400 • [   0% ] waiting      3m26.0s   
step_00450 • [   0% ] waiting      3m56.0s   
step_00500 • [   0% ] waiting      4m26.0s   
step_00550 • [   0% ] waiting      4m56.0s   
step_00600 • [   0% ] waiting      5m26.0s   
step_00650 • [   0% ] waiting      5m56.0s   
step_00700 • [   0% ] waiting      6m26.0s   
step_00750 • [   0% ] waiting      6m56.0s   
step_00800 • [   0% ] waiting      7m26.0s   

running (0m05.0s), 0000/0310 VUs, 249 complete and 0 interrupted iterations
step_00050   [  17% ] 000/020 VUs  05.0s/30s  50.00 iters/s
step_00100 • [   0% ] waiting      25.0s     
step_00150 • [   0% ] waiting      0m55.0s   
step_00200 • [   0% ] waiting      1m25.0s   
step_00250 • [   0% ] waiting      1m55.0s   
step_00300 • [   0% ] waiting      2m25.0s   
step_00350 • [   0% ] waiting      2m55.0s   
step_00400 • [   0% ] waiting      3m25.0s   
step_00450 • [   0% ] waiting      3m55.0s   
step_00500 • [   0% ] waiting      4m25.0s   
step_00550 • [   0% ] waiting      4m55.0s   
step_00600 • [   0% ] waiting      5m25.0s   
step_00650 • [   0% ] waiting      5m55.0s   
step_00700 • [   0% ] waiting      6m25.0s   
step_00750 • [   0% ] waiting      6m55.0s   
step_00800 • [   0% ] waiting      7m25.0s   

running (0m06.0s), 0000/0310 VUs, 299 complete and 0 interrupted iterations
step_00050   [  20% ] 000/020 VUs  06.0s/30s  50.00 iters/s
step_00100 • [   0% ] waiting      24.0s     
step_00150 • [   0% ] waiting      0m54.0s   
step_00200 • [   0% ] waiting      1m24.0s   
step_00250 • [   0% ] waiting      1m54.0s   
step_00300 • [   0% ] waiting      2m24.0s   
step_00350 • [   0% ] waiting      2m54.0s   
step_00400 • [   0% ] waiting      3m24.0s   
step_00450 • [   0% ] waiting      3m54.0s   
step_00500 • [   0% ] waiting      4m24.0s   
step_00550 • [   0% ] waiting      4m54.0s   
step_00600 • [   0% ] waiting      5m24.0s   
step_00650 • [   0% ] waiting      5m54.0s   
step_00700 • [   0% ] waiting      6m24.0s   
step_00750 • [   0% ] waiting      6m54.0s   
step_00800 • [   0% ] waiting      7m24.0s   

running (0m07.0s), 0000/0310 VUs, 349 complete and 0 interrupted iterations
step_00050   [  23% ] 000/020 VUs  07.0s/30s  50.00 iters/s
step_00100 • [   0% ] waiting      23.0s     
step_00150 • [   0% ] waiting      0m53.0s   
step_00200 • [   0% ] waiting      1m23.0s   
step_00250 • [   0% ] waiting      1m53.0s   
step_00300 • [   0% ] waiting      2m23.0s   
step_00350 • [   0% ] waiting      2m53.0s   
step_00400 • [   0% ] waiting      3m23.0s   
step_00450 • [   0% ] waiting      3m53.0s   
step_00500 • [   0% ] waiting      4m23.0s   
step_00550 • [   0% ] waiting      4m53.0s   
step_00600 • [   0% ] waiting      5m23.0s   
step_00650 • [   0% ] waiting      5m53.0s   
step_00700 • [   0% ] waiting      6m23.0s   
step_00750 • [   0% ] waiting      6m53.0s   
step_00800 • [   0% ] waiting      7m23.0s   

running (0m08.0s), 0000/0310 VUs, 399 complete and 0 interrupted iterations
step_00050   [  27% ] 000/020 VUs  08.0s/30s  50.00 iters/s
step_00100 • [   0% ] waiting      22.0s     
step_00150 • [   0% ] waiting      0m52.0s   
step_00200 • [   0% ] waiting      1m22.0s   
step_00250 • [   0% ] waiting      1m52.0s   
step_00300 • [   0% ] waiting      2m22.0s   
step_00350 • [   0% ] waiting      2m52.0s   
step_00400 • [   0% ] waiting      3m22.0s   
step_00450 • [   0% ] waiting      3m52.0s   
step_00500 • [   0% ] waiting      4m22.0s   
step_00550 • [   0% ] waiting      4m52.0s   
step_00600 • [   0% ] waiting      5m22.0s   
step_00650 • [   0% ] waiting      5m52.0s   
step_00700 • [   0% ] waiting      6m22.0s   
step_00750 • [   0% ] waiting      6m52.0s   
step_00800 • [   0% ] waiting      7m22.0s   

running (0m09.0s), 0000/0310 VUs, 449 complete and 0 interrupted iterations
step_00050   [  30% ] 000/020 VUs  09.0s/30s  50.00 iters/s
step_00100 • [   0% ] waiting      21.0s     
step_00150 • [   0% ] waiting      0m51.0s   
step_00200 • [   0% ] waiting      1m21.0s   
step_00250 • [   0% ] waiting      1m51.0s   
step_00300 • [   0% ] waiting      2m21.0s   
step_00350 • [   0% ] waiting      2m51.0s   
step_00400 • [   0% ] waiting      3m21.0s   
step_00450 • [   0% ] waiting      3m51.0s   
step_00500 • [   0% ] waiting      4m21.0s   
step_00550 • [   0% ] waiting      4m51.0s   
step_00600 • [   0% ] waiting      5m21.0s   
step_00650 • [   0% ] waiting      5m51.0s   
step_00700 • [   0% ] waiting      6m21.0s   
step_00750 • [   0% ] waiting      6m51.0s   
step_00800 • [   0% ] waiting      7m21.0s   

running (0m10.0s), 0000/0310 VUs, 499 complete and 0 interrupted iterations
step_00050   [  33% ] 000/020 VUs  10.0s/30s  50.00 iters/s
step_00100 • [   0% ] waiting      20.0s     
step_00150 • [   0% ] waiting      0m50.0s   
step_00200 • [   0% ] waiting      1m20.0s   
step_00250 • [   0% ] waiting      1m50.0s   
step_00300 • [   0% ] waiting      2m20.0s   
step_00350 • [   0% ] waiting      2m50.0s   
step_00400 • [   0% ] waiting      3m20.0s   
step_00450 • [   0% ] waiting      3m50.0s   
step_00500 • [   0% ] waiting      4m20.0s   
step_00550 • [   0% ] waiting      4m50.0s   
step_00600 • [   0% ] waiting      5m20.0s   
step_00650 • [   0% ] waiting      5m50.0s   
step_00700 • [   0% ] waiting      6m20.0s   
step_00750 • [   0% ] waiting      6m50.0s   
step_00800 • [   0% ] waiting      7m20.0s   

running (0m11.0s), 0000/0310 VUs, 549 complete and 0 interrupted iterations
step_00050   [  37% ] 000/020 VUs  11.0s/30s  50.00 iters/s
step_00100 • [   0% ] waiting      19.0s     
step_00150 • [   0% ] waiting      0m49.0s   
step_00200 • [   0% ] waiting      1m19.0s   
step_00250 • [   0% ] waiting      1m49.0s   
step_00300 • [   0% ] waiting      2m19.0s   
step_00350 • [   0% ] waiting      2m49.0s   
step_00400 • [   0% ] waiting      3m19.0s   
step_00450 • [   0% ] waiting      3m49.0s   
step_00500 • [   0% ] waiting      4m19.0s   
step_00550 • [   0% ] waiting      4m49.0s   
step_00600 • [   0% ] waiting      5m19.0s   
step_00650 • [   0% ] waiting      5m49.0s   
step_00700 • [   0% ] waiting      6m19.0s   
step_00750 • [   0% ] waiting      6m49.0s   
step_00800 • [   0% ] waiting      7m19.0s   

running (0m12.0s), 0000/0310 VUs, 599 complete and 0 interrupted iterations
step_00050   [  40% ] 000/020 VUs  12.0s/30s  50.00 iters/s
step_00100 • [   0% ] waiting      18.0s     
step_00150 • [   0% ] waiting      0m48.0s   
step_00200 • [   0% ] waiting      1m18.0s   
step_00250 • [   0% ] waiting      1m48.0s   
step_00300 • [   0% ] waiting      2m18.0s   
step_00350 • [   0% ] waiting      2m48.0s   
step_00400 • [   0% ] waiting      3m18.0s   
step_00450 • [   0% ] waiting      3m48.0s   
step_00500 • [   0% ] waiting      4m18.0s   
step_00550 • [   0% ] waiting      4m48.0s   
step_00600 • [   0% ] waiting      5m18.0s   
step_00650 • [   0% ] waiting      5m48.0s   
step_00700 • [   0% ] waiting      6m18.0s   
step_00750 • [   0% ] waiting      6m48.0s   
step_00800 • [   0% ] waiting      7m18.0s   

running (0m13.0s), 0000/0310 VUs, 649 complete and 0 interrupted iterations
step_00050   [  43% ] 000/020 VUs  13.0s/30s  50.00 iters/s
step_00100 • [   0% ] waiting      17.0s     
step_00150 • [   0% ] waiting      0m47.0s   
step_00200 • [   0% ] waiting      1m17.0s   
step_00250 • [   0% ] waiting      1m47.0s   
step_00300 • [   0% ] waiting      2m17.0s   
step_00350 • [   0% ] waiting      2m47.0s   
step_00400 • [   0% ] waiting      3m17.0s   
step_00450 • [   0% ] waiting      3m47.0s   
step_00500 • [   0% ] waiting      4m17.0s   
step_00550 • [   0% ] waiting      4m47.0s   
step_00600 • [   0% ] waiting      5m17.0s   
step_00650 • [   0% ] waiting      5m47.0s   
step_00700 • [   0% ] waiting      6m17.0s   
step_00750 • [   0% ] waiting      6m47.0s   
step_00800 • [   0% ] waiting      7m17.0s   

running (0m14.0s), 0000/0310 VUs, 699 complete and 0 interrupted iterations
step_00050   [  47% ] 000/020 VUs  14.0s/30s  50.00 iters/s
step_00100 • [   0% ] waiting      16.0s     
step_00150 • [   0% ] waiting      0m46.0s   
step_00200 • [   0% ] waiting      1m16.0s   
step_00250 • [   0% ] waiting      1m46.0s   
step_00300 • [   0% ] waiting      2m16.0s   
step_00350 • [   0% ] waiting      2m46.0s   
step_00400 • [   0% ] waiting      3m16.0s   
step_00450 • [   0% ] waiting      3m46.0s   
step_00500 • [   0% ] waiting      4m16.0s   
step_00550 • [   0% ] waiting      4m46.0s   
step_00600 • [   0% ] waiting      5m16.0s   
step_00650 • [   0% ] waiting      5m46.0s   
step_00700 • [   0% ] waiting      6m16.0s   
step_00750 • [   0% ] waiting      6m46.0s   
step_00800 • [   0% ] waiting      7m16.0s   

running (0m15.0s), 0000/0310 VUs, 749 complete and 0 interrupted iterations
step_00050   [  50% ] 000/020 VUs  15.0s/30s  50.00 iters/s
step_00100 • [   0% ] waiting      15.0s     
step_00150 • [   0% ] waiting      0m45.0s   
step_00200 • [   0% ] waiting      1m15.0s   
step_00250 • [   0% ] waiting      1m45.0s   
step_00300 • [   0% ] waiting      2m15.0s   
step_00350 • [   0% ] waiting      2m45.0s   
step_00400 • [   0% ] waiting      3m15.0s   
step_00450 • [   0% ] waiting      3m45.0s   
step_00500 • [   0% ] waiting      4m15.0s   
step_00550 • [   0% ] waiting      4m45.0s   
step_00600 • [   0% ] waiting      5m15.0s   
step_00650 • [   0% ] waiting      5m45.0s   
step_00700 • [   0% ] waiting      6m15.0s   
step_00750 • [   0% ] waiting      6m45.0s   
step_00800 • [   0% ] waiting      7m15.0s   

running (0m16.0s), 0000/0310 VUs, 799 complete and 0 interrupted iterations
step_00050   [  53% ] 000/020 VUs  16.0s/30s  50.00 iters/s
step_00100 • [   0% ] waiting      14.0s     
step_00150 • [   0% ] waiting      0m44.0s   
step_00200 • [   0% ] waiting      1m14.0s   
step_00250 • [   0% ] waiting      1m44.0s   
step_00300 • [   0% ] waiting      2m14.0s   
step_00350 • [   0% ] waiting      2m44.0s   
step_00400 • [   0% ] waiting      3m14.0s   
step_00450 • [   0% ] waiting      3m44.0s   
step_00500 • [   0% ] waiting      4m14.0s   
step_00550 • [   0% ] waiting      4m44.0s   
step_00600 • [   0% ] waiting      5m14.0s   
step_00650 • [   0% ] waiting      5m44.0s   
step_00700 • [   0% ] waiting      6m14.0s   
step_00750 • [   0% ] waiting      6m44.0s   
step_00800 • [   0% ] waiting      7m14.0s   

running (0m17.0s), 0001/0310 VUs, 848 complete and 0 interrupted iterations
step_00050   [  57% ] 001/020 VUs  17.0s/30s  50.00 iters/s
step_00100 • [   0% ] waiting      13.0s     
step_00150 • [   0% ] waiting      0m43.0s   
step_00200 • [   0% ] waiting      1m13.0s   
step_00250 • [   0% ] waiting      1m43.0s   
step_00300 • [   0% ] waiting      2m13.0s   
step_00350 • [   0% ] waiting      2m43.0s   
step_00400 • [   0% ] waiting      3m13.0s   
step_00450 • [   0% ] waiting      3m43.0s   
step_00500 • [   0% ] waiting      4m13.0s   
step_00550 • [   0% ] waiting      4m43.0s   
step_00600 • [   0% ] waiting      5m13.0s   
step_00650 • [   0% ] waiting      5m43.0s   
step_00700 • [   0% ] waiting      6m13.0s   
step_00750 • [   0% ] waiting      6m43.0s   
step_00800 • [   0% ] waiting      7m13.0s   

running (0m18.0s), 0000/0310 VUs, 899 complete and 0 interrupted iterations
step_00050   [  60% ] 000/020 VUs  18.0s/30s  50.00 iters/s
step_00100 • [   0% ] waiting      12.0s     
step_00150 • [   0% ] waiting      0m42.0s   
step_00200 • [   0% ] waiting      1m12.0s   
step_00250 • [   0% ] waiting      1m42.0s   
step_00300 • [   0% ] waiting      2m12.0s   
step_00350 • [   0% ] waiting      2m42.0s   
step_00400 • [   0% ] waiting      3m12.0s   
step_00450 • [   0% ] waiting      3m42.0s   
step_00500 • [   0% ] waiting      4m12.0s   
step_00550 • [   0% ] waiting      4m42.0s   
step_00600 • [   0% ] waiting      5m12.0s   
step_00650 • [   0% ] waiting      5m42.0s   
step_00700 • [   0% ] waiting      6m12.0s   
step_00750 • [   0% ] waiting      6m42.0s   
step_00800 • [   0% ] waiting      7m12.0s   

running (0m19.0s), 0000/0310 VUs, 949 complete and 0 interrupted iterations
step_00050   [  63% ] 000/020 VUs  19.0s/30s  50.00 iters/s
step_00100 • [   0% ] waiting      11.0s     
step_00150 • [   0% ] waiting      0m41.0s   
step_00200 • [   0% ] waiting      1m11.0s   
step_00250 • [   0% ] waiting      1m41.0s   
step_00300 • [   0% ] waiting      2m11.0s   
step_00350 • [   0% ] waiting      2m41.0s   
step_00400 • [   0% ] waiting      3m11.0s   
step_00450 • [   0% ] waiting      3m41.0s   
step_00500 • [   0% ] waiting      4m11.0s   
step_00550 • [   0% ] waiting      4m41.0s   
step_00600 • [   0% ] waiting      5m11.0s   
step_00650 • [   0% ] waiting      5m41.0s   
step_00700 • [   0% ] waiting      6m11.0s   
step_00750 • [   0% ] waiting      6m41.0s   
step_00800 • [   0% ] waiting      7m11.0s   

running (0m20.0s), 0000/0310 VUs, 999 complete and 0 interrupted iterations
step_00050   [  67% ] 000/020 VUs  20.0s/30s  50.00 iters/s
step_00100 • [   0% ] waiting      10.0s     
step_00150 • [   0% ] waiting      0m40.0s   
step_00200 • [   0% ] waiting      1m10.0s   
step_00250 • [   0% ] waiting      1m40.0s   
step_00300 • [   0% ] waiting      2m10.0s   
step_00350 • [   0% ] waiting      2m40.0s   
step_00400 • [   0% ] waiting      3m10.0s   
step_00450 • [   0% ] waiting      3m40.0s   
step_00500 • [   0% ] waiting      4m10.0s   
step_00550 • [   0% ] waiting      4m40.0s   
step_00600 • [   0% ] waiting      5m10.0s   
step_00650 • [   0% ] waiting      5m40.0s   
step_00700 • [   0% ] waiting      6m10.0s   
step_00750 • [   0% ] waiting      6m40.0s   
step_00800 • [   0% ] waiting      7m10.0s   

running (0m21.0s), 0000/0310 VUs, 1049 complete and 0 interrupted iterations
step_00050   [  70% ] 000/020 VUs  21.0s/30s  50.00 iters/s
step_00100 • [   0% ] waiting      09.0s     
step_00150 • [   0% ] waiting      0m39.0s   
step_00200 • [   0% ] waiting      1m09.0s   
step_00250 • [   0% ] waiting      1m39.0s   
step_00300 • [   0% ] waiting      2m09.0s   
step_00350 • [   0% ] waiting      2m39.0s   
step_00400 • [   0% ] waiting      3m09.0s   
step_00450 • [   0% ] waiting      3m39.0s   
step_00500 • [   0% ] waiting      4m09.0s   
step_00550 • [   0% ] waiting      4m39.0s   
step_00600 • [   0% ] waiting      5m09.0s   
step_00650 • [   0% ] waiting      5m39.0s   
step_00700 • [   0% ] waiting      6m09.0s   
step_00750 • [   0% ] waiting      6m39.0s   
step_00800 • [   0% ] waiting      7m09.0s   

running (0m22.0s), 0000/0310 VUs, 1099 complete and 0 interrupted iterations
step_00050   [  73% ] 000/020 VUs  22.0s/30s  50.00 iters/s
step_00100 • [   0% ] waiting      08.0s     
step_00150 • [   0% ] waiting      0m38.0s   
step_00200 • [   0% ] waiting      1m08.0s   
step_00250 • [   0% ] waiting      1m38.0s   
step_00300 • [   0% ] waiting      2m08.0s   
step_00350 • [   0% ] waiting      2m38.0s   
step_00400 • [   0% ] waiting      3m08.0s   
step_00450 • [   0% ] waiting      3m38.0s   
step_00500 • [   0% ] waiting      4m08.0s   
step_00550 • [   0% ] waiting      4m38.0s   
step_00600 • [   0% ] waiting      5m08.0s   
step_00650 • [   0% ] waiting      5m38.0s   
step_00700 • [   0% ] waiting      6m08.0s   
step_00750 • [   0% ] waiting      6m38.0s   
step_00800 • [   0% ] waiting      7m08.0s   

running (0m23.0s), 0000/0310 VUs, 1149 complete and 0 interrupted iterations
step_00050   [  77% ] 000/020 VUs  23.0s/30s  50.00 iters/s
step_00100 • [   0% ] waiting      07.0s     
step_00150 • [   0% ] waiting      0m37.0s   
step_00200 • [   0% ] waiting      1m07.0s   
step_00250 • [   0% ] waiting      1m37.0s   
step_00300 • [   0% ] waiting      2m07.0s   
step_00350 • [   0% ] waiting      2m37.0s   
step_00400 • [   0% ] waiting      3m07.0s   
step_00450 • [   0% ] waiting      3m37.0s   
step_00500 • [   0% ] waiting      4m07.0s   
step_00550 • [   0% ] waiting      4m37.0s   
step_00600 • [   0% ] waiting      5m07.0s   
step_00650 • [   0% ] waiting      5m37.0s   
step_00700 • [   0% ] waiting      6m07.0s   
step_00750 • [   0% ] waiting      6m37.0s   
step_00800 • [   0% ] waiting      7m07.0s   

running (0m24.0s), 0000/0310 VUs, 1199 complete and 0 interrupted iterations
step_00050   [  80% ] 000/020 VUs  24.0s/30s  50.00 iters/s
step_00100 • [   0% ] waiting      06.0s     
step_00150 • [   0% ] waiting      0m36.0s   
step_00200 • [   0% ] waiting      1m06.0s   
step_00250 • [   0% ] waiting      1m36.0s   
step_00300 • [   0% ] waiting      2m06.0s   
step_00350 • [   0% ] waiting      2m36.0s   
step_00400 • [   0% ] waiting      3m06.0s   
step_00450 • [   0% ] waiting      3m36.0s   
step_00500 • [   0% ] waiting      4m06.0s   
step_00550 • [   0% ] waiting      4m36.0s   
step_00600 • [   0% ] waiting      5m06.0s   
step_00650 • [   0% ] waiting      5m36.0s   
step_00700 • [   0% ] waiting      6m06.0s   
step_00750 • [   0% ] waiting      6m36.0s   
step_00800 • [   0% ] waiting      7m06.0s   

running (0m25.0s), 0000/0310 VUs, 1249 complete and 0 interrupted iterations
step_00050   [  83% ] 000/020 VUs  25.0s/30s  50.00 iters/s
step_00100 • [   0% ] waiting      05.0s     
step_00150 • [   0% ] waiting      0m35.0s   
step_00200 • [   0% ] waiting      1m05.0s   
step_00250 • [   0% ] waiting      1m35.0s   
step_00300 • [   0% ] waiting      2m05.0s   
step_00350 • [   0% ] waiting      2m35.0s   
step_00400 • [   0% ] waiting      3m05.0s   
step_00450 • [   0% ] waiting      3m35.0s   
step_00500 • [   0% ] waiting      4m05.0s   
step_00550 • [   0% ] waiting      4m35.0s   
step_00600 • [   0% ] waiting      5m05.0s   
step_00650 • [   0% ] waiting      5m35.0s   
step_00700 • [   0% ] waiting      6m05.0s   
step_00750 • [   0% ] waiting      6m35.0s   
step_00800 • [   0% ] waiting      7m05.0s   

running (0m26.0s), 0000/0310 VUs, 1299 complete and 0 interrupted iterations
step_00050   [  87% ] 000/020 VUs  26.0s/30s  50.00 iters/s
step_00100 • [   0% ] waiting      04.0s     
step_00150 • [   0% ] waiting      0m34.0s   
step_00200 • [   0% ] waiting      1m04.0s   
step_00250 • [   0% ] waiting      1m34.0s   
step_00300 • [   0% ] waiting      2m04.0s   
step_00350 • [   0% ] waiting      2m34.0s   
step_00400 • [   0% ] waiting      3m04.0s   
step_00450 • [   0% ] waiting      3m34.0s   
step_00500 • [   0% ] waiting      4m04.0s   
step_00550 • [   0% ] waiting      4m34.0s   
step_00600 • [   0% ] waiting      5m04.0s   
step_00650 • [   0% ] waiting      5m34.0s   
step_00700 • [   0% ] waiting      6m04.0s   
step_00750 • [   0% ] waiting      6m34.0s   
step_00800 • [   0% ] waiting      7m04.0s   

running (0m27.0s), 0000/0310 VUs, 1349 complete and 0 interrupted iterations
step_00050   [  90% ] 000/020 VUs  27.0s/30s  50.00 iters/s
step_00100 • [   0% ] waiting      03.0s     
step_00150 • [   0% ] waiting      0m33.0s   
step_00200 • [   0% ] waiting      1m03.0s   
step_00250 • [   0% ] waiting      1m33.0s   
step_00300 • [   0% ] waiting      2m03.0s   
step_00350 • [   0% ] waiting      2m33.0s   
step_00400 • [   0% ] waiting      3m03.0s   
step_00450 • [   0% ] waiting      3m33.0s   
step_00500 • [   0% ] waiting      4m03.0s   
step_00550 • [   0% ] waiting      4m33.0s   
step_00600 • [   0% ] waiting      5m03.0s   
step_00650 • [   0% ] waiting      5m33.0s   
step_00700 • [   0% ] waiting      6m03.0s   
step_00750 • [   0% ] waiting      6m33.0s   
step_00800 • [   0% ] waiting      7m03.0s   

running (0m28.0s), 0000/0310 VUs, 1399 complete and 0 interrupted iterations
step_00050   [  93% ] 000/020 VUs  28.0s/30s  50.00 iters/s
step_00100 • [   0% ] waiting      02.0s     
step_00150 • [   0% ] waiting      0m32.0s   
step_00200 • [   0% ] waiting      1m02.0s   
step_00250 • [   0% ] waiting      1m32.0s   
step_00300 • [   0% ] waiting      2m02.0s   
step_00350 • [   0% ] waiting      2m32.0s   
step_00400 • [   0% ] waiting      3m02.0s   
step_00450 • [   0% ] waiting      3m32.0s   
step_00500 • [   0% ] waiting      4m02.0s   
step_00550 • [   0% ] waiting      4m32.0s   
step_00600 • [   0% ] waiting      5m02.0s   
step_00650 • [   0% ] waiting      5m32.0s   
step_00700 • [   0% ] waiting      6m02.0s   
step_00750 • [   0% ] waiting      6m32.0s   
step_00800 • [   0% ] waiting      7m02.0s   

running (0m29.0s), 0000/0310 VUs, 1449 complete and 0 interrupted iterations
step_00050   [  97% ] 000/020 VUs  29.0s/30s  50.00 iters/s
step_00100 • [   0% ] waiting      01.0s     
step_00150 • [   0% ] waiting      0m31.0s   
step_00200 • [   0% ] waiting      1m01.0s   
step_00250 • [   0% ] waiting      1m31.0s   
step_00300 • [   0% ] waiting      2m01.0s   
step_00350 • [   0% ] waiting      2m31.0s   
step_00400 • [   0% ] waiting      3m01.0s   
step_00450 • [   0% ] waiting      3m31.0s   
step_00500 • [   0% ] waiting      4m01.0s   
step_00550 • [   0% ] waiting      4m31.0s   
step_00600 • [   0% ] waiting      5m01.0s   
step_00650 • [   0% ] waiting      5m31.0s   
step_00700 • [   0% ] waiting      6m01.0s   
step_00750 • [   0% ] waiting      6m31.0s   
step_00800 • [   0% ] waiting      7m01.0s   

running (0m30.0s), 0000/0310 VUs, 1499 complete and 0 interrupted iterations
step_00050   [ 100% ] 000/020 VUs  30.0s/30s  50.00 iters/s
step_00100 • [   0% ] waiting      00.0s     
step_00150 • [   0% ] waiting      0m30.0s   
step_00200 • [   0% ] waiting      1m00.0s   
step_00250 • [   0% ] waiting      1m30.0s   
step_00300 • [   0% ] waiting      2m00.0s   
step_00350 • [   0% ] waiting      2m30.0s   
step_00400 • [   0% ] waiting      3m00.0s   
step_00450 • [   0% ] waiting      3m30.0s   
step_00500 • [   0% ] waiting      4m00.0s   
step_00550 • [   0% ] waiting      4m30.0s   
step_00600 • [   0% ] waiting      5m00.0s   
step_00650 • [   0% ] waiting      5m30.0s   
step_00700 • [   0% ] waiting      6m00.0s   
step_00750 • [   0% ] waiting      6m30.0s   
step_00800 • [   0% ] waiting      7m00.0s   

running (0m31.0s), 0000/0310 VUs, 1598 complete and 0 interrupted iterations
step_00050 ✓ [ 100% ] 000/020 VUs  30s        50.00 iters/s
step_00100   [   3% ] 000/020 VUs  01.0s/30s  100.00 iters/s
step_00150 • [   0% ] waiting      0m29.0s   
step_00200 • [   0% ] waiting      0m59.0s   
step_00250 • [   0% ] waiting      1m29.0s   
step_00300 • [   0% ] waiting      1m59.0s   
step_00350 • [   0% ] waiting      2m29.0s   
step_00400 • [   0% ] waiting      2m59.0s   
step_00450 • [   0% ] waiting      3m29.0s   
step_00500 • [   0% ] waiting      3m59.0s   
step_00550 • [   0% ] waiting      4m29.0s   
step_00600 • [   0% ] waiting      4m59.0s   
step_00650 • [   0% ] waiting      5m29.0s   
step_00700 • [   0% ] waiting      5m59.0s   
step_00750 • [   0% ] waiting      6m29.0s   
step_00800 • [   0% ] waiting      6m59.0s   

running (0m32.0s), 0000/0310 VUs, 1698 complete and 0 interrupted iterations
step_00050 ✓ [ 100% ] 000/020 VUs  30s        50.00 iters/s
step_00100   [   7% ] 000/020 VUs  02.0s/30s  100.00 iters/s
step_00150 • [   0% ] waiting      0m28.0s   
step_00200 • [   0% ] waiting      0m58.0s   
step_00250 • [   0% ] waiting      1m28.0s   
step_00300 • [   0% ] waiting      1m58.0s   
step_00350 • [   0% ] waiting      2m28.0s   
step_00400 • [   0% ] waiting      2m58.0s   
step_00450 • [   0% ] waiting      3m28.0s   
step_00500 • [   0% ] waiting      3m58.0s   
step_00550 • [   0% ] waiting      4m28.0s   
step_00600 • [   0% ] waiting      4m58.0s   
step_00650 • [   0% ] waiting      5m28.0s   
step_00700 • [   0% ] waiting      5m58.0s   
step_00750 • [   0% ] waiting      6m28.0s   
step_00800 • [   0% ] waiting      6m58.0s   

running (0m33.0s), 0000/0310 VUs, 1798 complete and 0 interrupted iterations
step_00050 ✓ [ 100% ] 000/020 VUs  30s        50.00 iters/s
step_00100   [  10% ] 000/020 VUs  03.0s/30s  100.00 iters/s
step_00150 • [   0% ] waiting      0m27.0s   
step_00200 • [   0% ] waiting      0m57.0s   
step_00250 • [   0% ] waiting      1m27.0s   
step_00300 • [   0% ] waiting      1m57.0s   
step_00350 • [   0% ] waiting      2m27.0s   
step_00400 • [   0% ] waiting      2m57.0s   
step_00450 • [   0% ] waiting      3m27.0s   
step_00500 • [   0% ] waiting      3m57.0s   
step_00550 • [   0% ] waiting      4m27.0s   
step_00600 • [   0% ] waiting      4m57.0s   
step_00650 • [   0% ] waiting      5m27.0s   
step_00700 • [   0% ] waiting      5m57.0s   
step_00750 • [   0% ] waiting      6m27.0s   
step_00800 • [   0% ] waiting      6m57.0s   

running (0m34.0s), 0000/0310 VUs, 1898 complete and 0 interrupted iterations
step_00050 ✓ [ 100% ] 000/020 VUs  30s        50.00 iters/s
step_00100   [  13% ] 000/020 VUs  04.0s/30s  100.00 iters/s
step_00150 • [   0% ] waiting      0m26.0s   
step_00200 • [   0% ] waiting      0m56.0s   
step_00250 • [   0% ] waiting      1m26.0s   
step_00300 • [   0% ] waiting      1m56.0s   
step_00350 • [   0% ] waiting      2m26.0s   
step_00400 • [   0% ] waiting      2m56.0s   
step_00450 • [   0% ] waiting      3m26.0s   
step_00500 • [   0% ] waiting      3m56.0s   
step_00550 • [   0% ] waiting      4m26.0s   
step_00600 • [   0% ] waiting      4m56.0s   
step_00650 • [   0% ] waiting      5m26.0s   
step_00700 • [   0% ] waiting      5m56.0s   
step_00750 • [   0% ] waiting      6m26.0s   
step_00800 • [   0% ] waiting      6m56.0s   

running (0m35.0s), 0000/0310 VUs, 1998 complete and 0 interrupted iterations
step_00050 ✓ [ 100% ] 000/020 VUs  30s        50.00 iters/s
step_00100   [  17% ] 000/020 VUs  05.0s/30s  100.00 iters/s
step_00150 • [   0% ] waiting      0m25.0s   
step_00200 • [   0% ] waiting      0m55.0s   
step_00250 • [   0% ] waiting      1m25.0s   
step_00300 • [   0% ] waiting      1m55.0s   
step_00350 • [   0% ] waiting      2m25.0s   
step_00400 • [   0% ] waiting      2m55.0s   
step_00450 • [   0% ] waiting      3m25.0s   
step_00500 • [   0% ] waiting      3m55.0s   
step_00550 • [   0% ] waiting      4m25.0s   
step_00600 • [   0% ] waiting      4m55.0s   
step_00650 • [   0% ] waiting      5m25.0s   
step_00700 • [   0% ] waiting      5m55.0s   
step_00750 • [   0% ] waiting      6m25.0s   
step_00800 • [   0% ] waiting      6m55.0s   

running (0m36.0s), 0000/0310 VUs, 2098 complete and 0 interrupted iterations
step_00050 ✓ [ 100% ] 000/020 VUs  30s        50.00 iters/s
step_00100   [  20% ] 000/020 VUs  06.0s/30s  100.00 iters/s
step_00150 • [   0% ] waiting      0m24.0s   
step_00200 • [   0% ] waiting      0m54.0s   
step_00250 • [   0% ] waiting      1m24.0s   
step_00300 • [   0% ] waiting      1m54.0s   
step_00350 • [   0% ] waiting      2m24.0s   
step_00400 • [   0% ] waiting      2m54.0s   
step_00450 • [   0% ] waiting      3m24.0s   
step_00500 • [   0% ] waiting      3m54.0s   
step_00550 • [   0% ] waiting      4m24.0s   
step_00600 • [   0% ] waiting      4m54.0s   
step_00650 • [   0% ] waiting      5m24.0s   
step_00700 • [   0% ] waiting      5m54.0s   
step_00750 • [   0% ] waiting      6m24.0s   
step_00800 • [   0% ] waiting      6m54.0s   

running (0m37.0s), 0000/0310 VUs, 2198 complete and 0 interrupted iterations
step_00050 ✓ [ 100% ] 000/020 VUs  30s        50.00 iters/s
step_00100   [  23% ] 000/020 VUs  07.0s/30s  100.00 iters/s
step_00150 • [   0% ] waiting      0m23.0s   
step_00200 • [   0% ] waiting      0m53.0s   
step_00250 • [   0% ] waiting      1m23.0s   
step_00300 • [   0% ] waiting      1m53.0s   
step_00350 • [   0% ] waiting      2m23.0s   
step_00400 • [   0% ] waiting      2m53.0s   
step_00450 • [   0% ] waiting      3m23.0s   
step_00500 • [   0% ] waiting      3m53.0s   
step_00550 • [   0% ] waiting      4m23.0s   
step_00600 • [   0% ] waiting      4m53.0s   
step_00650 • [   0% ] waiting      5m23.0s   
step_00700 • [   0% ] waiting      5m53.0s   
step_00750 • [   0% ] waiting      6m23.0s   
step_00800 • [   0% ] waiting      6m53.0s   

running (0m38.0s), 0001/0310 VUs, 2298 complete and 0 interrupted iterations
step_00050 ✓ [ 100% ] 000/020 VUs  30s        50.00 iters/s
step_00100   [  27% ] 001/020 VUs  08.0s/30s  100.00 iters/s
step_00150 • [   0% ] waiting      0m22.0s   
step_00200 • [   0% ] waiting      0m52.0s   
step_00250 • [   0% ] waiting      1m22.0s   
step_00300 • [   0% ] waiting      1m52.0s   
step_00350 • [   0% ] waiting      2m22.0s   
step_00400 • [   0% ] waiting      2m52.0s   
step_00450 • [   0% ] waiting      3m22.0s   
step_00500 • [   0% ] waiting      3m52.0s   
step_00550 • [   0% ] waiting      4m22.0s   
step_00600 • [   0% ] waiting      4m52.0s   
step_00650 • [   0% ] waiting      5m22.0s   
step_00700 • [   0% ] waiting      5m52.0s   
step_00750 • [   0% ] waiting      6m22.0s   
step_00800 • [   0% ] waiting      6m52.0s   

running (0m39.0s), 0000/0310 VUs, 2398 complete and 0 interrupted iterations
step_00050 ✓ [ 100% ] 000/020 VUs  30s        50.00 iters/s
step_00100   [  30% ] 000/020 VUs  09.0s/30s  100.00 iters/s
step_00150 • [   0% ] waiting      0m21.0s   
step_00200 • [   0% ] waiting      0m51.0s   
step_00250 • [   0% ] waiting      1m21.0s   
step_00300 • [   0% ] waiting      1m51.0s   
step_00350 • [   0% ] waiting      2m21.0s   
step_00400 • [   0% ] waiting      2m51.0s   
step_00450 • [   0% ] waiting      3m21.0s   
step_00500 • [   0% ] waiting      3m51.0s   
step_00550 • [   0% ] waiting      4m21.0s   
step_00600 • [   0% ] waiting      4m51.0s   
step_00650 • [   0% ] waiting      5m21.0s   
step_00700 • [   0% ] waiting      5m51.0s   
step_00750 • [   0% ] waiting      6m21.0s   
step_00800 • [   0% ] waiting      6m51.0s   

running (0m40.0s), 0000/0310 VUs, 2498 complete and 0 interrupted iterations
step_00050 ✓ [ 100% ] 000/020 VUs  30s        50.00 iters/s
step_00100   [  33% ] 000/020 VUs  10.0s/30s  100.00 iters/s
step_00150 • [   0% ] waiting      0m20.0s   
step_00200 • [   0% ] waiting      0m50.0s   
step_00250 • [   0% ] waiting      1m20.0s   
step_00300 • [   0% ] waiting      1m50.0s   
step_00350 • [   0% ] waiting      2m20.0s   
step_00400 • [   0% ] waiting      2m50.0s   
step_00450 • [   0% ] waiting      3m20.0s   
step_00500 • [   0% ] waiting      3m50.0s   
step_00550 • [   0% ] waiting      4m20.0s   
step_00600 • [   0% ] waiting      4m50.0s   
step_00650 • [   0% ] waiting      5m20.0s   
step_00700 • [   0% ] waiting      5m50.0s   
step_00750 • [   0% ] waiting      6m20.0s   
step_00800 • [   0% ] waiting      6m50.0s   

running (0m41.0s), 0000/0310 VUs, 2598 complete and 0 interrupted iterations
step_00050 ✓ [ 100% ] 000/020 VUs  30s        50.00 iters/s
step_00100   [  37% ] 000/020 VUs  11.0s/30s  100.00 iters/s
step_00150 • [   0% ] waiting      0m19.0s   
step_00200 • [   0% ] waiting      0m49.0s   
step_00250 • [   0% ] waiting      1m19.0s   
step_00300 • [   0% ] waiting      1m49.0s   
step_00350 • [   0% ] waiting      2m19.0s   
step_00400 • [   0% ] waiting      2m49.0s   
step_00450 • [   0% ] waiting      3m19.0s   
step_00500 • [   0% ] waiting      3m49.0s   
step_00550 • [   0% ] waiting      4m19.0s   
step_00600 • [   0% ] waiting      4m49.0s   
step_00650 • [   0% ] waiting      5m19.0s   
step_00700 • [   0% ] waiting      5m49.0s   
step_00750 • [   0% ] waiting      6m19.0s   
step_00800 • [   0% ] waiting      6m49.0s   

running (0m42.0s), 0000/0310 VUs, 2698 complete and 0 interrupted iterations
step_00050 ✓ [ 100% ] 000/020 VUs  30s        50.00 iters/s
step_00100   [  40% ] 000/020 VUs  12.0s/30s  100.00 iters/s
step_00150 • [   0% ] waiting      0m18.0s   
step_00200 • [   0% ] waiting      0m48.0s   
step_00250 • [   0% ] waiting      1m18.0s   
step_00300 • [   0% ] waiting      1m48.0s   
step_00350 • [   0% ] waiting      2m18.0s   
step_00400 • [   0% ] waiting      2m48.0s   
step_00450 • [   0% ] waiting      3m18.0s   
step_00500 • [   0% ] waiting      3m48.0s   
step_00550 • [   0% ] waiting      4m18.0s   
step_00600 • [   0% ] waiting      4m48.0s   
step_00650 • [   0% ] waiting      5m18.0s   
step_00700 • [   0% ] waiting      5m48.0s   
step_00750 • [   0% ] waiting      6m18.0s   
step_00800 • [   0% ] waiting      6m48.0s   

running (0m43.0s), 0000/0310 VUs, 2798 complete and 0 interrupted iterations
step_00050 ✓ [ 100% ] 000/020 VUs  30s        50.00 iters/s
step_00100   [  43% ] 000/020 VUs  13.0s/30s  100.00 iters/s
step_00150 • [   0% ] waiting      0m17.0s   
step_00200 • [   0% ] waiting      0m47.0s   
step_00250 • [   0% ] waiting      1m17.0s   
step_00300 • [   0% ] waiting      1m47.0s   
step_00350 • [   0% ] waiting      2m17.0s   
step_00400 • [   0% ] waiting      2m47.0s   
step_00450 • [   0% ] waiting      3m17.0s   
step_00500 • [   0% ] waiting      3m47.0s   
step_00550 • [   0% ] waiting      4m17.0s   
step_00600 • [   0% ] waiting      4m47.0s   
step_00650 • [   0% ] waiting      5m17.0s   
step_00700 • [   0% ] waiting      5m47.0s   
step_00750 • [   0% ] waiting      6m17.0s   
step_00800 • [   0% ] waiting      6m47.0s   

running (0m44.0s), 0000/0310 VUs, 2898 complete and 0 interrupted iterations
step_00050 ✓ [ 100% ] 000/020 VUs  30s        50.00 iters/s
step_00100   [  47% ] 000/020 VUs  14.0s/30s  100.00 iters/s
step_00150 • [   0% ] waiting      0m16.0s   
step_00200 • [   0% ] waiting      0m46.0s   
step_00250 • [   0% ] waiting      1m16.0s   
step_00300 • [   0% ] waiting      1m46.0s   
step_00350 • [   0% ] waiting      2m16.0s   
step_00400 • [   0% ] waiting      2m46.0s   
step_00450 • [   0% ] waiting      3m16.0s   
step_00500 • [   0% ] waiting      3m46.0s   
step_00550 • [   0% ] waiting      4m16.0s   
step_00600 • [   0% ] waiting      4m46.0s   
step_00650 • [   0% ] waiting      5m16.0s   
step_00700 • [   0% ] waiting      5m46.0s   
step_00750 • [   0% ] waiting      6m16.0s   
step_00800 • [   0% ] waiting      6m46.0s   

running (0m45.0s), 0000/0310 VUs, 2998 complete and 0 interrupted iterations
step_00050 ✓ [ 100% ] 000/020 VUs  30s        50.00 iters/s
step_00100   [  50% ] 000/020 VUs  15.0s/30s  100.00 iters/s
step_00150 • [   0% ] waiting      0m15.0s   
step_00200 • [   0% ] waiting      0m45.0s   
step_00250 • [   0% ] waiting      1m15.0s   
step_00300 • [   0% ] waiting      1m45.0s   
step_00350 • [   0% ] waiting      2m15.0s   
step_00400 • [   0% ] waiting      2m45.0s   
step_00450 • [   0% ] waiting      3m15.0s   
step_00500 • [   0% ] waiting      3m45.0s   
step_00550 • [   0% ] waiting      4m15.0s   
step_00600 • [   0% ] waiting      4m45.0s   
step_00650 • [   0% ] waiting      5m15.0s   
step_00700 • [   0% ] waiting      5m45.0s   
step_00750 • [   0% ] waiting      6m15.0s   
step_00800 • [   0% ] waiting      6m45.0s   

running (0m46.0s), 0000/0310 VUs, 3098 complete and 0 interrupted iterations
step_00050 ✓ [ 100% ] 000/020 VUs  30s        50.00 iters/s
step_00100   [  53% ] 000/020 VUs  16.0s/30s  100.00 iters/s
step_00150 • [   0% ] waiting      0m14.0s   
step_00200 • [   0% ] waiting      0m44.0s   
step_00250 • [   0% ] waiting      1m14.0s   
step_00300 • [   0% ] waiting      1m44.0s   
step_00350 • [   0% ] waiting      2m14.0s   
step_00400 • [   0% ] waiting      2m44.0s   
step_00450 • [   0% ] waiting      3m14.0s   
step_00500 • [   0% ] waiting      3m44.0s   
step_00550 • [   0% ] waiting      4m14.0s   
step_00600 • [   0% ] waiting      4m44.0s   
step_00650 • [   0% ] waiting      5m14.0s   
step_00700 • [   0% ] waiting      5m44.0s   
step_00750 • [   0% ] waiting      6m14.0s   
step_00800 • [   0% ] waiting      6m44.0s   

running (0m47.0s), 0000/0310 VUs, 3198 complete and 0 interrupted iterations
step_00050 ✓ [ 100% ] 000/020 VUs  30s        50.00 iters/s
step_00100   [  57% ] 000/020 VUs  17.0s/30s  100.00 iters/s
step_00150 • [   0% ] waiting      0m13.0s   
step_00200 • [   0% ] waiting      0m43.0s   
step_00250 • [   0% ] waiting      1m13.0s   
step_00300 • [   0% ] waiting      1m43.0s   
step_00350 • [   0% ] waiting      2m13.0s   
step_00400 • [   0% ] waiting      2m43.0s   
step_00450 • [   0% ] waiting      3m13.0s   
step_00500 • [   0% ] waiting      3m43.0s   
step_00550 • [   0% ] waiting      4m13.0s   
step_00600 • [   0% ] waiting      4m43.0s   
step_00650 • [   0% ] waiting      5m13.0s   
step_00700 • [   0% ] waiting      5m43.0s   
step_00750 • [   0% ] waiting      6m13.0s   
step_00800 • [   0% ] waiting      6m43.0s   

running (0m48.0s), 0000/0310 VUs, 3298 complete and 0 interrupted iterations
step_00050 ✓ [ 100% ] 000/020 VUs  30s        50.00 iters/s
step_00100   [  60% ] 000/020 VUs  18.0s/30s  100.00 iters/s
step_00150 • [   0% ] waiting      0m12.0s   
step_00200 • [   0% ] waiting      0m42.0s   
step_00250 • [   0% ] waiting      1m12.0s   
step_00300 • [   0% ] waiting      1m42.0s   
step_00350 • [   0% ] waiting      2m12.0s   
step_00400 • [   0% ] waiting      2m42.0s   
step_00450 • [   0% ] waiting      3m12.0s   
step_00500 • [   0% ] waiting      3m42.0s   
step_00550 • [   0% ] waiting      4m12.0s   
step_00600 • [   0% ] waiting      4m42.0s   
step_00650 • [   0% ] waiting      5m12.0s   
step_00700 • [   0% ] waiting      5m42.0s   
step_00750 • [   0% ] waiting      6m12.0s   
step_00800 • [   0% ] waiting      6m42.0s   

running (0m49.0s), 0000/0310 VUs, 3398 complete and 0 interrupted iterations
step_00050 ✓ [ 100% ] 000/020 VUs  30s        50.00 iters/s
step_00100   [  63% ] 000/020 VUs  19.0s/30s  100.00 iters/s
step_00150 • [   0% ] waiting      0m11.0s   
step_00200 • [   0% ] waiting      0m41.0s   
step_00250 • [   0% ] waiting      1m11.0s   
step_00300 • [   0% ] waiting      1m41.0s   
step_00350 • [   0% ] waiting      2m11.0s   
step_00400 • [   0% ] waiting      2m41.0s   
step_00450 • [   0% ] waiting      3m11.0s   
step_00500 • [   0% ] waiting      3m41.0s   
step_00550 • [   0% ] waiting      4m11.0s   
step_00600 • [   0% ] waiting      4m41.0s   
step_00650 • [   0% ] waiting      5m11.0s   
step_00700 • [   0% ] waiting      5m41.0s   
step_00750 • [   0% ] waiting      6m11.0s   
step_00800 • [   0% ] waiting      6m41.0s   

running (0m50.0s), 0000/0310 VUs, 3498 complete and 0 interrupted iterations
step_00050 ✓ [ 100% ] 000/020 VUs  30s        50.00 iters/s
step_00100   [  67% ] 000/020 VUs  20.0s/30s  100.00 iters/s
step_00150 • [   0% ] waiting      0m10.0s   
step_00200 • [   0% ] waiting      0m40.0s   
step_00250 • [   0% ] waiting      1m10.0s   
step_00300 • [   0% ] waiting      1m40.0s   
step_00350 • [   0% ] waiting      2m10.0s   
step_00400 • [   0% ] waiting      2m40.0s   
step_00450 • [   0% ] waiting      3m10.0s   
step_00500 • [   0% ] waiting      3m40.0s   
step_00550 • [   0% ] waiting      4m10.0s   
step_00600 • [   0% ] waiting      4m40.0s   
step_00650 • [   0% ] waiting      5m10.0s   
step_00700 • [   0% ] waiting      5m40.0s   
step_00750 • [   0% ] waiting      6m10.0s   
step_00800 • [   0% ] waiting      6m40.0s   

running (0m51.0s), 0000/0310 VUs, 3598 complete and 0 interrupted iterations
step_00050 ✓ [ 100% ] 000/020 VUs  30s        50.00 iters/s
step_00100   [  70% ] 000/020 VUs  21.0s/30s  100.00 iters/s
step_00150 • [   0% ] waiting      0m09.0s   
step_00200 • [   0% ] waiting      0m39.0s   
step_00250 • [   0% ] waiting      1m09.0s   
step_00300 • [   0% ] waiting      1m39.0s   
step_00350 • [   0% ] waiting      2m09.0s   
step_00400 • [   0% ] waiting      2m39.0s   
step_00450 • [   0% ] waiting      3m09.0s   
step_00500 • [   0% ] waiting      3m39.0s   
step_00550 • [   0% ] waiting      4m09.0s   
step_00600 • [   0% ] waiting      4m39.0s   
step_00650 • [   0% ] waiting      5m09.0s   
step_00700 • [   0% ] waiting      5m39.0s   
step_00750 • [   0% ] waiting      6m09.0s   
step_00800 • [   0% ] waiting      6m39.0s   

running (0m52.0s), 0000/0310 VUs, 3698 complete and 0 interrupted iterations
step_00050 ✓ [ 100% ] 000/020 VUs  30s        50.00 iters/s
step_00100   [  73% ] 000/020 VUs  22.0s/30s  100.00 iters/s
step_00150 • [   0% ] waiting      0m08.0s   
step_00200 • [   0% ] waiting      0m38.0s   
step_00250 • [   0% ] waiting      1m08.0s   
step_00300 • [   0% ] waiting      1m38.0s   
step_00350 • [   0% ] waiting      2m08.0s   
step_00400 • [   0% ] waiting      2m38.0s   
step_00450 • [   0% ] waiting      3m08.0s   
step_00500 • [   0% ] waiting      3m38.0s   
step_00550 • [   0% ] waiting      4m08.0s   
step_00600 • [   0% ] waiting      4m38.0s   
step_00650 • [   0% ] waiting      5m08.0s   
step_00700 • [   0% ] waiting      5m38.0s   
step_00750 • [   0% ] waiting      6m08.0s   
step_00800 • [   0% ] waiting      6m38.0s   

running (0m53.0s), 0000/0310 VUs, 3798 complete and 0 interrupted iterations
step_00050 ✓ [ 100% ] 000/020 VUs  30s        50.00 iters/s
step_00100   [  77% ] 000/020 VUs  23.0s/30s  100.00 iters/s
step_00150 • [   0% ] waiting      0m07.0s   
step_00200 • [   0% ] waiting      0m37.0s   
step_00250 • [   0% ] waiting      1m07.0s   
step_00300 • [   0% ] waiting      1m37.0s   
step_00350 • [   0% ] waiting      2m07.0s   
step_00400 • [   0% ] waiting      2m37.0s   
step_00450 • [   0% ] waiting      3m07.0s   
step_00500 • [   0% ] waiting      3m37.0s   
step_00550 • [   0% ] waiting      4m07.0s   
step_00600 • [   0% ] waiting      4m37.0s   
step_00650 • [   0% ] waiting      5m07.0s   
step_00700 • [   0% ] waiting      5m37.0s   
step_00750 • [   0% ] waiting      6m07.0s   
step_00800 • [   0% ] waiting      6m37.0s   

running (0m54.0s), 0000/0310 VUs, 3898 complete and 0 interrupted iterations
step_00050 ✓ [ 100% ] 000/020 VUs  30s        50.00 iters/s
step_00100   [  80% ] 000/020 VUs  24.0s/30s  100.00 iters/s
step_00150 • [   0% ] waiting      0m06.0s   
step_00200 • [   0% ] waiting      0m36.0s   
step_00250 • [   0% ] waiting      1m06.0s   
step_00300 • [   0% ] waiting      1m36.0s   
step_00350 • [   0% ] waiting      2m06.0s   
step_00400 • [   0% ] waiting      2m36.0s   
step_00450 • [   0% ] waiting      3m06.0s   
step_00500 • [   0% ] waiting      3m36.0s   
step_00550 • [   0% ] waiting      4m06.0s   
step_00600 • [   0% ] waiting      4m36.0s   
step_00650 • [   0% ] waiting      5m06.0s   
step_00700 • [   0% ] waiting      5m36.0s   
step_00750 • [   0% ] waiting      6m06.0s   
step_00800 • [   0% ] waiting      6m36.0s   

running (0m55.0s), 0000/0310 VUs, 3998 complete and 0 interrupted iterations
step_00050 ✓ [ 100% ] 000/020 VUs  30s        50.00 iters/s
step_00100   [  83% ] 000/020 VUs  25.0s/30s  100.00 iters/s
step_00150 • [   0% ] waiting      0m05.0s   
step_00200 • [   0% ] waiting      0m35.0s   
step_00250 • [   0% ] waiting      1m05.0s   
step_00300 • [   0% ] waiting      1m35.0s   
step_00350 • [   0% ] waiting      2m05.0s   
step_00400 • [   0% ] waiting      2m35.0s   
step_00450 • [   0% ] waiting      3m05.0s   
step_00500 • [   0% ] waiting      3m35.0s   
step_00550 • [   0% ] waiting      4m05.0s   
step_00600 • [   0% ] waiting      4m35.0s   
step_00650 • [   0% ] waiting      5m05.0s   
step_00700 • [   0% ] waiting      5m35.0s   
step_00750 • [   0% ] waiting      6m05.0s   
step_00800 • [   0% ] waiting      6m35.0s   

running (0m56.0s), 0000/0310 VUs, 4098 complete and 0 interrupted iterations
step_00050 ✓ [ 100% ] 000/020 VUs  30s        50.00 iters/s
step_00100   [  87% ] 000/020 VUs  26.0s/30s  100.00 iters/s
step_00150 • [   0% ] waiting      0m04.0s   
step_00200 • [   0% ] waiting      0m34.0s   
step_00250 • [   0% ] waiting      1m04.0s   
step_00300 • [   0% ] waiting      1m34.0s   
step_00350 • [   0% ] waiting      2m04.0s   
step_00400 • [   0% ] waiting      2m34.0s   
step_00450 • [   0% ] waiting      3m04.0s   
step_00500 • [   0% ] waiting      3m34.0s   
step_00550 • [   0% ] waiting      4m04.0s   
step_00600 • [   0% ] waiting      4m34.0s   
step_00650 • [   0% ] waiting      5m04.0s   
step_00700 • [   0% ] waiting      5m34.0s   
step_00750 • [   0% ] waiting      6m04.0s   
step_00800 • [   0% ] waiting      6m34.0s   

running (0m57.0s), 0000/0310 VUs, 4198 complete and 0 interrupted iterations
step_00050 ✓ [ 100% ] 000/020 VUs  30s        50.00 iters/s
step_00100   [  90% ] 000/020 VUs  27.0s/30s  100.00 iters/s
step_00150 • [   0% ] waiting      0m03.0s   
step_00200 • [   0% ] waiting      0m33.0s   
step_00250 • [   0% ] waiting      1m03.0s   
step_00300 • [   0% ] waiting      1m33.0s   
step_00350 • [   0% ] waiting      2m03.0s   
step_00400 • [   0% ] waiting      2m33.0s   
step_00450 • [   0% ] waiting      3m03.0s   
step_00500 • [   0% ] waiting      3m33.0s   
step_00550 • [   0% ] waiting      4m03.0s   
step_00600 • [   0% ] waiting      4m33.0s   
step_00650 • [   0% ] waiting      5m03.0s   
step_00700 • [   0% ] waiting      5m33.0s   
step_00750 • [   0% ] waiting      6m03.0s   
step_00800 • [   0% ] waiting      6m33.0s   

running (0m58.0s), 0000/0310 VUs, 4298 complete and 0 interrupted iterations
step_00050 ✓ [ 100% ] 000/020 VUs  30s        50.00 iters/s
step_00100   [  93% ] 000/020 VUs  28.0s/30s  100.00 iters/s
step_00150 • [   0% ] waiting      0m02.0s   
step_00200 • [   0% ] waiting      0m32.0s   
step_00250 • [   0% ] waiting      1m02.0s   
step_00300 • [   0% ] waiting      1m32.0s   
step_00350 • [   0% ] waiting      2m02.0s   
step_00400 • [   0% ] waiting      2m32.0s   
step_00450 • [   0% ] waiting      3m02.0s   
step_00500 • [   0% ] waiting      3m32.0s   
step_00550 • [   0% ] waiting      4m02.0s   
step_00600 • [   0% ] waiting      4m32.0s   
step_00650 • [   0% ] waiting      5m02.0s   
step_00700 • [   0% ] waiting      5m32.0s   
step_00750 • [   0% ] waiting      6m02.0s   
step_00800 • [   0% ] waiting      6m32.0s   

running (0m59.0s), 0000/0310 VUs, 4398 complete and 0 interrupted iterations
step_00050 ✓ [ 100% ] 000/020 VUs  30s        50.00 iters/s
step_00100   [  97% ] 000/020 VUs  29.0s/30s  100.00 iters/s
step_00150 • [   0% ] waiting      0m01.0s   
step_00200 • [   0% ] waiting      0m31.0s   
step_00250 • [   0% ] waiting      1m01.0s   
step_00300 • [   0% ] waiting      1m31.0s   
step_00350 • [   0% ] waiting      2m01.0s   
step_00400 • [   0% ] waiting      2m31.0s   
step_00450 • [   0% ] waiting      3m01.0s   
step_00500 • [   0% ] waiting      3m31.0s   
step_00550 • [   0% ] waiting      4m01.0s   
step_00600 • [   0% ] waiting      4m31.0s   
step_00650 • [   0% ] waiting      5m01.0s   
step_00700 • [   0% ] waiting      5m31.0s   
step_00750 • [   0% ] waiting      6m01.0s   
step_00800 • [   0% ] waiting      6m31.0s   

running (1m00.0s), 0000/0310 VUs, 4498 complete and 0 interrupted iterations
step_00050 ✓ [ 100% ] 000/020 VUs  30s        50.00 iters/s
step_00100   [ 100% ] 000/020 VUs  30.0s/30s  100.00 iters/s
step_00150 • [   0% ] waiting      0m00.0s   
step_00200 • [   0% ] waiting      0m30.0s   
step_00250 • [   0% ] waiting      1m00.0s   
step_00300 • [   0% ] waiting      1m30.0s   
step_00350 • [   0% ] waiting      2m00.0s   
step_00400 • [   0% ] waiting      2m30.0s   
step_00450 • [   0% ] waiting      3m00.0s   
step_00500 • [   0% ] waiting      3m30.0s   
step_00550 • [   0% ] waiting      4m00.0s   
step_00600 • [   0% ] waiting      4m30.0s   
step_00650 • [   0% ] waiting      5m00.0s   
step_00700 • [   0% ] waiting      5m30.0s   
step_00750 • [   0% ] waiting      6m00.0s   
step_00800 • [   0% ] waiting      6m30.0s   

running (1m01.0s), 0000/0310 VUs, 4646 complete and 0 interrupted iterations
step_00050 ✓ [ 100% ] 000/020 VUs  30s        50.00 iters/s
step_00100 ✓ [ 100% ] 000/020 VUs  30s        100.00 iters/s
step_00150   [   3% ] 001/030 VUs  01.0s/30s  150.00 iters/s
step_00200 • [   0% ] waiting      0m29.0s   
step_00250 • [   0% ] waiting      0m59.0s   
step_00300 • [   0% ] waiting      1m29.0s   
step_00350 • [   0% ] waiting      1m59.0s   
step_00400 • [   0% ] waiting      2m29.0s   
step_00450 • [   0% ] waiting      2m59.0s   
step_00500 • [   0% ] waiting      3m29.0s   
step_00550 • [   0% ] waiting      3m59.0s   
step_00600 • [   0% ] waiting      4m29.0s   
step_00650 • [   0% ] waiting      4m59.0s   
step_00700 • [   0% ] waiting      5m29.0s   
step_00750 • [   0% ] waiting      5m59.0s   
step_00800 • [   0% ] waiting      6m29.0s   

running (1m02.0s), 0001/0310 VUs, 4796 complete and 0 interrupted iterations
step_00050 ✓ [ 100% ] 000/020 VUs  30s        50.00 iters/s
step_00100 ✓ [ 100% ] 000/020 VUs  30s        100.00 iters/s
step_00150   [   7% ] 001/030 VUs  02.0s/30s  150.00 iters/s
step_00200 • [   0% ] waiting      0m28.0s   
step_00250 • [   0% ] waiting      0m58.0s   
step_00300 • [   0% ] waiting      1m28.0s   
step_00350 • [   0% ] waiting      1m58.0s   
step_00400 • [   0% ] waiting      2m28.0s   
step_00450 • [   0% ] waiting      2m58.0s   
step_00500 • [   0% ] waiting      3m28.0s   
step_00550 • [   0% ] waiting      3m58.0s   
step_00600 • [   0% ] waiting      4m28.0s   
step_00650 • [   0% ] waiting      4m58.0s   
step_00700 • [   0% ] waiting      5m28.0s   
step_00750 • [   0% ] waiting      5m58.0s   
step_00800 • [   0% ] waiting      6m28.0s   

running (1m03.0s), 0001/0310 VUs, 4946 complete and 0 interrupted iterations
step_00050 ✓ [ 100% ] 000/020 VUs  30s        50.00 iters/s
step_00100 ✓ [ 100% ] 000/020 VUs  30s        100.00 iters/s
step_00150   [  10% ] 001/030 VUs  03.0s/30s  150.00 iters/s
step_00200 • [   0% ] waiting      0m27.0s   
step_00250 • [   0% ] waiting      0m57.0s   
step_00300 • [   0% ] waiting      1m27.0s   
step_00350 • [   0% ] waiting      1m57.0s   
step_00400 • [   0% ] waiting      2m27.0s   
step_00450 • [   0% ] waiting      2m57.0s   
step_00500 • [   0% ] waiting      3m27.0s   
step_00550 • [   0% ] waiting      3m57.0s   
step_00600 • [   0% ] waiting      4m27.0s   
step_00650 • [   0% ] waiting      4m57.0s   
step_00700 • [   0% ] waiting      5m27.0s   
step_00750 • [   0% ] waiting      5m57.0s   
step_00800 • [   0% ] waiting      6m27.0s   

running (1m04.0s), 0001/0310 VUs, 5096 complete and 0 interrupted iterations
step_00050 ✓ [ 100% ] 000/020 VUs  30s        50.00 iters/s
step_00100 ✓ [ 100% ] 000/020 VUs  30s        100.00 iters/s
step_00150   [  13% ] 001/030 VUs  04.0s/30s  150.00 iters/s
step_00200 • [   0% ] waiting      0m26.0s   
step_00250 • [   0% ] waiting      0m56.0s   
step_00300 • [   0% ] waiting      1m26.0s   
step_00350 • [   0% ] waiting      1m56.0s   
step_00400 • [   0% ] waiting      2m26.0s   
step_00450 • [   0% ] waiting      2m56.0s   
step_00500 • [   0% ] waiting      3m26.0s   
step_00550 • [   0% ] waiting      3m56.0s   
step_00600 • [   0% ] waiting      4m26.0s   
step_00650 • [   0% ] waiting      4m56.0s   
step_00700 • [   0% ] waiting      5m26.0s   
step_00750 • [   0% ] waiting      5m56.0s   
step_00800 • [   0% ] waiting      6m26.0s   

running (1m05.0s), 0001/0310 VUs, 5246 complete and 0 interrupted iterations
step_00050 ✓ [ 100% ] 000/020 VUs  30s        50.00 iters/s
step_00100 ✓ [ 100% ] 000/020 VUs  30s        100.00 iters/s
step_00150   [  17% ] 001/030 VUs  05.0s/30s  150.00 iters/s
step_00200 • [   0% ] waiting      0m25.0s   
step_00250 • [   0% ] waiting      0m55.0s   
step_00300 • [   0% ] waiting      1m25.0s   
step_00350 • [   0% ] waiting      1m55.0s   
step_00400 • [   0% ] waiting      2m25.0s   
step_00450 • [   0% ] waiting      2m55.0s   
step_00500 • [   0% ] waiting      3m25.0s   
step_00550 • [   0% ] waiting      3m55.0s   
step_00600 • [   0% ] waiting      4m25.0s   
step_00650 • [   0% ] waiting      4m55.0s   
step_00700 • [   0% ] waiting      5m25.0s   
step_00750 • [   0% ] waiting      5m55.0s   
step_00800 • [   0% ] waiting      6m25.0s   

running (1m06.0s), 0001/0310 VUs, 5396 complete and 0 interrupted iterations
step_00050 ✓ [ 100% ] 000/020 VUs  30s        50.00 iters/s
step_00100 ✓ [ 100% ] 000/020 VUs  30s        100.00 iters/s
step_00150   [  20% ] 001/030 VUs  06.0s/30s  150.00 iters/s
step_00200 • [   0% ] waiting      0m24.0s   
step_00250 • [   0% ] waiting      0m54.0s   
step_00300 • [   0% ] waiting      1m24.0s   
step_00350 • [   0% ] waiting      1m54.0s   
step_00400 • [   0% ] waiting      2m24.0s   
step_00450 • [   0% ] waiting      2m54.0s   
step_00500 • [   0% ] waiting      3m24.0s   
step_00550 • [   0% ] waiting      3m54.0s   
step_00600 • [   0% ] waiting      4m24.0s   
step_00650 • [   0% ] waiting      4m54.0s   
step_00700 • [   0% ] waiting      5m24.0s   
step_00750 • [   0% ] waiting      5m54.0s   
step_00800 • [   0% ] waiting      6m24.0s   

running (1m07.0s), 0001/0310 VUs, 5546 complete and 0 interrupted iterations
step_00050 ✓ [ 100% ] 000/020 VUs  30s        50.00 iters/s
step_00100 ✓ [ 100% ] 000/020 VUs  30s        100.00 iters/s
step_00150   [  23% ] 001/030 VUs  07.0s/30s  150.00 iters/s
step_00200 • [   0% ] waiting      0m23.0s   
step_00250 • [   0% ] waiting      0m53.0s   
step_00300 • [   0% ] waiting      1m23.0s   
step_00350 • [   0% ] waiting      1m53.0s   
step_00400 • [   0% ] waiting      2m23.0s   
step_00450 • [   0% ] waiting      2m53.0s   
step_00500 • [   0% ] waiting      3m23.0s   
step_00550 • [   0% ] waiting      3m53.0s   
step_00600 • [   0% ] waiting      4m23.0s   
step_00650 • [   0% ] waiting      4m53.0s   
step_00700 • [   0% ] waiting      5m23.0s   
step_00750 • [   0% ] waiting      5m53.0s   
step_00800 • [   0% ] waiting      6m23.0s   

running (1m08.0s), 0001/0310 VUs, 5696 complete and 0 interrupted iterations
step_00050 ✓ [ 100% ] 000/020 VUs  30s        50.00 iters/s
step_00100 ✓ [ 100% ] 000/020 VUs  30s        100.00 iters/s
step_00150   [  27% ] 001/030 VUs  08.0s/30s  150.00 iters/s
step_00200 • [   0% ] waiting      0m22.0s   
step_00250 • [   0% ] waiting      0m52.0s   
step_00300 • [   0% ] waiting      1m22.0s   
step_00350 • [   0% ] waiting      1m52.0s   
step_00400 • [   0% ] waiting      2m22.0s   
step_00450 • [   0% ] waiting      2m52.0s   
step_00500 • [   0% ] waiting      3m22.0s   
step_00550 • [   0% ] waiting      3m52.0s   
step_00600 • [   0% ] waiting      4m22.0s   
step_00650 • [   0% ] waiting      4m52.0s   
step_00700 • [   0% ] waiting      5m22.0s   
step_00750 • [   0% ] waiting      5m52.0s   
step_00800 • [   0% ] waiting      6m22.0s   

running (1m09.0s), 0001/0310 VUs, 5846 complete and 0 interrupted iterations
step_00050 ✓ [ 100% ] 000/020 VUs  30s        50.00 iters/s
step_00100 ✓ [ 100% ] 000/020 VUs  30s        100.00 iters/s
step_00150   [  30% ] 001/030 VUs  09.0s/30s  150.00 iters/s
step_00200 • [   0% ] waiting      0m21.0s   
step_00250 • [   0% ] waiting      0m51.0s   
step_00300 • [   0% ] waiting      1m21.0s   
step_00350 • [   0% ] waiting      1m51.0s   
step_00400 • [   0% ] waiting      2m21.0s   
step_00450 • [   0% ] waiting      2m51.0s   
step_00500 • [   0% ] waiting      3m21.0s   
step_00550 • [   0% ] waiting      3m51.0s   
step_00600 • [   0% ] waiting      4m21.0s   
step_00650 • [   0% ] waiting      4m51.0s   
step_00700 • [   0% ] waiting      5m21.0s   
step_00750 • [   0% ] waiting      5m51.0s   
step_00800 • [   0% ] waiting      6m21.0s   

running (1m10.0s), 0001/0310 VUs, 5996 complete and 0 interrupted iterations
step_00050 ✓ [ 100% ] 000/020 VUs  30s        50.00 iters/s
step_00100 ✓ [ 100% ] 000/020 VUs  30s        100.00 iters/s
step_00150   [  33% ] 001/030 VUs  10.0s/30s  150.00 iters/s
step_00200 • [   0% ] waiting      0m20.0s   
step_00250 • [   0% ] waiting      0m50.0s   
step_00300 • [   0% ] waiting      1m20.0s   
step_00350 • [   0% ] waiting      1m50.0s   
step_00400 • [   0% ] waiting      2m20.0s   
step_00450 • [   0% ] waiting      2m50.0s   
step_00500 • [   0% ] waiting      3m20.0s   
step_00550 • [   0% ] waiting      3m50.0s   
step_00600 • [   0% ] waiting      4m20.0s   
step_00650 • [   0% ] waiting      4m50.0s   
step_00700 • [   0% ] waiting      5m20.0s   
step_00750 • [   0% ] waiting      5m50.0s   
step_00800 • [   0% ] waiting      6m20.0s   

running (1m11.0s), 0001/0310 VUs, 6146 complete and 0 interrupted iterations
step_00050 ✓ [ 100% ] 000/020 VUs  30s        50.00 iters/s
step_00100 ✓ [ 100% ] 000/020 VUs  30s        100.00 iters/s
step_00150   [  37% ] 001/030 VUs  11.0s/30s  150.00 iters/s
step_00200 • [   0% ] waiting      0m19.0s   
step_00250 • [   0% ] waiting      0m49.0s   
step_00300 • [   0% ] waiting      1m19.0s   
step_00350 • [   0% ] waiting      1m49.0s   
step_00400 • [   0% ] waiting      2m19.0s   
step_00450 • [   0% ] waiting      2m49.0s   
step_00500 • [   0% ] waiting      3m19.0s   
step_00550 • [   0% ] waiting      3m49.0s   
step_00600 • [   0% ] waiting      4m19.0s   
step_00650 • [   0% ] waiting      4m49.0s   
step_00700 • [   0% ] waiting      5m19.0s   
step_00750 • [   0% ] waiting      5m49.0s   
step_00800 • [   0% ] waiting      6m19.0s   

running (1m12.0s), 0001/0310 VUs, 6296 complete and 0 interrupted iterations
step_00050 ✓ [ 100% ] 000/020 VUs  30s        50.00 iters/s
step_00100 ✓ [ 100% ] 000/020 VUs  30s        100.00 iters/s
step_00150   [  40% ] 001/030 VUs  12.0s/30s  150.00 iters/s
step_00200 • [   0% ] waiting      0m18.0s   
step_00250 • [   0% ] waiting      0m48.0s   
step_00300 • [   0% ] waiting      1m18.0s   
step_00350 • [   0% ] waiting      1m48.0s   
step_00400 • [   0% ] waiting      2m18.0s   
step_00450 • [   0% ] waiting      2m48.0s   
step_00500 • [   0% ] waiting      3m18.0s   
step_00550 • [   0% ] waiting      3m48.0s   
step_00600 • [   0% ] waiting      4m18.0s   
step_00650 • [   0% ] waiting      4m48.0s   
step_00700 • [   0% ] waiting      5m18.0s   
step_00750 • [   0% ] waiting      5m48.0s   
step_00800 • [   0% ] waiting      6m18.0s   

running (1m13.0s), 0000/0310 VUs, 6446 complete and 0 interrupted iterations
step_00050 ✓ [ 100% ] 000/020 VUs  30s        50.00 iters/s
step_00100 ✓ [ 100% ] 000/020 VUs  30s        100.00 iters/s
step_00150   [  43% ] 000/030 VUs  13.0s/30s  150.00 iters/s
step_00200 • [   0% ] waiting      0m17.0s   
step_00250 • [   0% ] waiting      0m47.0s   
step_00300 • [   0% ] waiting      1m17.0s   
step_00350 • [   0% ] waiting      1m47.0s   
step_00400 • [   0% ] waiting      2m17.0s   
step_00450 • [   0% ] waiting      2m47.0s   
step_00500 • [   0% ] waiting      3m17.0s   
step_00550 • [   0% ] waiting      3m47.0s   
step_00600 • [   0% ] waiting      4m17.0s   
step_00650 • [   0% ] waiting      4m47.0s   
step_00700 • [   0% ] waiting      5m17.0s   
step_00750 • [   0% ] waiting      5m47.0s   
step_00800 • [   0% ] waiting      6m17.0s   

running (1m14.0s), 0001/0310 VUs, 6596 complete and 0 interrupted iterations
step_00050 ✓ [ 100% ] 000/020 VUs  30s        50.00 iters/s
step_00100 ✓ [ 100% ] 000/020 VUs  30s        100.00 iters/s
step_00150   [  47% ] 001/030 VUs  14.0s/30s  150.00 iters/s
step_00200 • [   0% ] waiting      0m16.0s   
step_00250 • [   0% ] waiting      0m46.0s   
step_00300 • [   0% ] waiting      1m16.0s   
step_00350 • [   0% ] waiting      1m46.0s   
step_00400 • [   0% ] waiting      2m16.0s   
step_00450 • [   0% ] waiting      2m46.0s   
step_00500 • [   0% ] waiting      3m16.0s   
step_00550 • [   0% ] waiting      3m46.0s   
step_00600 • [   0% ] waiting      4m16.0s   
step_00650 • [   0% ] waiting      4m46.0s   
step_00700 • [   0% ] waiting      5m16.0s   
step_00750 • [   0% ] waiting      5m46.0s   
step_00800 • [   0% ] waiting      6m16.0s   

running (1m15.0s), 0001/0310 VUs, 6746 complete and 0 interrupted iterations
step_00050 ✓ [ 100% ] 000/020 VUs  30s        50.00 iters/s
step_00100 ✓ [ 100% ] 000/020 VUs  30s        100.00 iters/s
step_00150   [  50% ] 001/030 VUs  15.0s/30s  150.00 iters/s
step_00200 • [   0% ] waiting      0m15.0s   
step_00250 • [   0% ] waiting      0m45.0s   
step_00300 • [   0% ] waiting      1m15.0s   
step_00350 • [   0% ] waiting      1m45.0s   
step_00400 • [   0% ] waiting      2m15.0s   
step_00450 • [   0% ] waiting      2m45.0s   
step_00500 • [   0% ] waiting      3m15.0s   
step_00550 • [   0% ] waiting      3m45.0s   
step_00600 • [   0% ] waiting      4m15.0s   
step_00650 • [   0% ] waiting      4m45.0s   
step_00700 • [   0% ] waiting      5m15.0s   
step_00750 • [   0% ] waiting      5m45.0s   
step_00800 • [   0% ] waiting      6m15.0s   

running (1m16.0s), 0001/0310 VUs, 6896 complete and 0 interrupted iterations
step_00050 ✓ [ 100% ] 000/020 VUs  30s        50.00 iters/s
step_00100 ✓ [ 100% ] 000/020 VUs  30s        100.00 iters/s
step_00150   [  53% ] 001/030 VUs  16.0s/30s  150.00 iters/s
step_00200 • [   0% ] waiting      0m14.0s   
step_00250 • [   0% ] waiting      0m44.0s   
step_00300 • [   0% ] waiting      1m14.0s   
step_00350 • [   0% ] waiting      1m44.0s   
step_00400 • [   0% ] waiting      2m14.0s   
step_00450 • [   0% ] waiting      2m44.0s   
step_00500 • [   0% ] waiting      3m14.0s   
step_00550 • [   0% ] waiting      3m44.0s   
step_00600 • [   0% ] waiting      4m14.0s   
step_00650 • [   0% ] waiting      4m44.0s   
step_00700 • [   0% ] waiting      5m14.0s   
step_00750 • [   0% ] waiting      5m44.0s   
step_00800 • [   0% ] waiting      6m14.0s   

running (1m17.0s), 0001/0310 VUs, 7046 complete and 0 interrupted iterations
step_00050 ✓ [ 100% ] 000/020 VUs  30s        50.00 iters/s
step_00100 ✓ [ 100% ] 000/020 VUs  30s        100.00 iters/s
step_00150   [  57% ] 001/030 VUs  17.0s/30s  150.00 iters/s
step_00200 • [   0% ] waiting      0m13.0s   
step_00250 • [   0% ] waiting      0m43.0s   
step_00300 • [   0% ] waiting      1m13.0s   
step_00350 • [   0% ] waiting      1m43.0s   
step_00400 • [   0% ] waiting      2m13.0s   
step_00450 • [   0% ] waiting      2m43.0s   
step_00500 • [   0% ] waiting      3m13.0s   
step_00550 • [   0% ] waiting      3m43.0s   
step_00600 • [   0% ] waiting      4m13.0s   
step_00650 • [   0% ] waiting      4m43.0s   
step_00700 • [   0% ] waiting      5m13.0s   
step_00750 • [   0% ] waiting      5m43.0s   
step_00800 • [   0% ] waiting      6m13.0s   

running (1m18.0s), 0001/0310 VUs, 7196 complete and 0 interrupted iterations
step_00050 ✓ [ 100% ] 000/020 VUs  30s        50.00 iters/s
step_00100 ✓ [ 100% ] 000/020 VUs  30s        100.00 iters/s
step_00150   [  60% ] 001/030 VUs  18.0s/30s  150.00 iters/s
step_00200 • [   0% ] waiting      0m12.0s   
step_00250 • [   0% ] waiting      0m42.0s   
step_00300 • [   0% ] waiting      1m12.0s   
step_00350 • [   0% ] waiting      1m42.0s   
step_00400 • [   0% ] waiting      2m12.0s   
step_00450 • [   0% ] waiting      2m42.0s   
step_00500 • [   0% ] waiting      3m12.0s   
step_00550 • [   0% ] waiting      3m42.0s   
step_00600 • [   0% ] waiting      4m12.0s   
step_00650 • [   0% ] waiting      4m42.0s   
step_00700 • [   0% ] waiting      5m12.0s   
step_00750 • [   0% ] waiting      5m42.0s   
step_00800 • [   0% ] waiting      6m12.0s   

running (1m19.0s), 0001/0310 VUs, 7346 complete and 0 interrupted iterations
step_00050 ✓ [ 100% ] 000/020 VUs  30s        50.00 iters/s
step_00100 ✓ [ 100% ] 000/020 VUs  30s        100.00 iters/s
step_00150   [  63% ] 001/030 VUs  19.0s/30s  150.00 iters/s
step_00200 • [   0% ] waiting      0m11.0s   
step_00250 • [   0% ] waiting      0m41.0s   
step_00300 • [   0% ] waiting      1m11.0s   
step_00350 • [   0% ] waiting      1m41.0s   
step_00400 • [   0% ] waiting      2m11.0s   
step_00450 • [   0% ] waiting      2m41.0s   
step_00500 • [   0% ] waiting      3m11.0s   
step_00550 • [   0% ] waiting      3m41.0s   
step_00600 • [   0% ] waiting      4m11.0s   
step_00650 • [   0% ] waiting      4m41.0s   
step_00700 • [   0% ] waiting      5m11.0s   
step_00750 • [   0% ] waiting      5m41.0s   
step_00800 • [   0% ] waiting      6m11.0s   

running (1m20.0s), 0001/0310 VUs, 7496 complete and 0 interrupted iterations
step_00050 ✓ [ 100% ] 000/020 VUs  30s        50.00 iters/s
step_00100 ✓ [ 100% ] 000/020 VUs  30s        100.00 iters/s
step_00150   [  67% ] 001/030 VUs  20.0s/30s  150.00 iters/s
step_00200 • [   0% ] waiting      0m10.0s   
step_00250 • [   0% ] waiting      0m40.0s   
step_00300 • [   0% ] waiting      1m10.0s   
step_00350 • [   0% ] waiting      1m40.0s   
step_00400 • [   0% ] waiting      2m10.0s   
step_00450 • [   0% ] waiting      2m40.0s   
step_00500 • [   0% ] waiting      3m10.0s   
step_00550 • [   0% ] waiting      3m40.0s   
step_00600 • [   0% ] waiting      4m10.0s   
step_00650 • [   0% ] waiting      4m40.0s   
step_00700 • [   0% ] waiting      5m10.0s   
step_00750 • [   0% ] waiting      5m40.0s   
step_00800 • [   0% ] waiting      6m10.0s   

running (1m21.0s), 0001/0310 VUs, 7646 complete and 0 interrupted iterations
step_00050 ✓ [ 100% ] 000/020 VUs  30s        50.00 iters/s
step_00100 ✓ [ 100% ] 000/020 VUs  30s        100.00 iters/s
step_00150   [  70% ] 001/030 VUs  21.0s/30s  150.00 iters/s
step_00200 • [   0% ] waiting      0m09.0s   
step_00250 • [   0% ] waiting      0m39.0s   
step_00300 • [   0% ] waiting      1m09.0s   
step_00350 • [   0% ] waiting      1m39.0s   
step_00400 • [   0% ] waiting      2m09.0s   
step_00450 • [   0% ] waiting      2m39.0s   
step_00500 • [   0% ] waiting      3m09.0s   
step_00550 • [   0% ] waiting      3m39.0s   
step_00600 • [   0% ] waiting      4m09.0s   
step_00650 • [   0% ] waiting      4m39.0s   
step_00700 • [   0% ] waiting      5m09.0s   
step_00750 • [   0% ] waiting      5m39.0s   
step_00800 • [   0% ] waiting      6m09.0s   

running (1m22.0s), 0001/0310 VUs, 7796 complete and 0 interrupted iterations
step_00050 ✓ [ 100% ] 000/020 VUs  30s        50.00 iters/s
step_00100 ✓ [ 100% ] 000/020 VUs  30s        100.00 iters/s
step_00150   [  73% ] 001/030 VUs  22.0s/30s  150.00 iters/s
step_00200 • [   0% ] waiting      0m08.0s   
step_00250 • [   0% ] waiting      0m38.0s   
step_00300 • [   0% ] waiting      1m08.0s   
step_00350 • [   0% ] waiting      1m38.0s   
step_00400 • [   0% ] waiting      2m08.0s   
step_00450 • [   0% ] waiting      2m38.0s   
step_00500 • [   0% ] waiting      3m08.0s   
step_00550 • [   0% ] waiting      3m38.0s   
step_00600 • [   0% ] waiting      4m08.0s   
step_00650 • [   0% ] waiting      4m38.0s   
step_00700 • [   0% ] waiting      5m08.0s   
step_00750 • [   0% ] waiting      5m38.0s   
step_00800 • [   0% ] waiting      6m08.0s   

running (1m23.0s), 0001/0310 VUs, 7946 complete and 0 interrupted iterations
step_00050 ✓ [ 100% ] 000/020 VUs  30s        50.00 iters/s
step_00100 ✓ [ 100% ] 000/020 VUs  30s        100.00 iters/s
step_00150   [  77% ] 001/030 VUs  23.0s/30s  150.00 iters/s
step_00200 • [   0% ] waiting      0m07.0s   
step_00250 • [   0% ] waiting      0m37.0s   
step_00300 • [   0% ] waiting      1m07.0s   
step_00350 • [   0% ] waiting      1m37.0s   
step_00400 • [   0% ] waiting      2m07.0s   
step_00450 • [   0% ] waiting      2m37.0s   
step_00500 • [   0% ] waiting      3m07.0s   
step_00550 • [   0% ] waiting      3m37.0s   
step_00600 • [   0% ] waiting      4m07.0s   
step_00650 • [   0% ] waiting      4m37.0s   
step_00700 • [   0% ] waiting      5m07.0s   
step_00750 • [   0% ] waiting      5m37.0s   
step_00800 • [   0% ] waiting      6m07.0s   

running (1m24.0s), 0001/0310 VUs, 8096 complete and 0 interrupted iterations
step_00050 ✓ [ 100% ] 000/020 VUs  30s        50.00 iters/s
step_00100 ✓ [ 100% ] 000/020 VUs  30s        100.00 iters/s
step_00150   [  80% ] 001/030 VUs  24.0s/30s  150.00 iters/s
step_00200 • [   0% ] waiting      0m06.0s   
step_00250 • [   0% ] waiting      0m36.0s   
step_00300 • [   0% ] waiting      1m06.0s   
step_00350 • [   0% ] waiting      1m36.0s   
step_00400 • [   0% ] waiting      2m06.0s   
step_00450 • [   0% ] waiting      2m36.0s   
step_00500 • [   0% ] waiting      3m06.0s   
step_00550 • [   0% ] waiting      3m36.0s   
step_00600 • [   0% ] waiting      4m06.0s   
step_00650 • [   0% ] waiting      4m36.0s   
step_00700 • [   0% ] waiting      5m06.0s   
step_00750 • [   0% ] waiting      5m36.0s   
step_00800 • [   0% ] waiting      6m06.0s   

running (1m25.0s), 0001/0310 VUs, 8246 complete and 0 interrupted iterations
step_00050 ✓ [ 100% ] 000/020 VUs  30s        50.00 iters/s
step_00100 ✓ [ 100% ] 000/020 VUs  30s        100.00 iters/s
step_00150   [  83% ] 001/030 VUs  25.0s/30s  150.00 iters/s
step_00200 • [   0% ] waiting      0m05.0s   
step_00250 • [   0% ] waiting      0m35.0s   
step_00300 • [   0% ] waiting      1m05.0s   
step_00350 • [   0% ] waiting      1m35.0s   
step_00400 • [   0% ] waiting      2m05.0s   
step_00450 • [   0% ] waiting      2m35.0s   
step_00500 • [   0% ] waiting      3m05.0s   
step_00550 • [   0% ] waiting      3m35.0s   
step_00600 • [   0% ] waiting      4m05.0s   
step_00650 • [   0% ] waiting      4m35.0s   
step_00700 • [   0% ] waiting      5m05.0s   
step_00750 • [   0% ] waiting      5m35.0s   
step_00800 • [   0% ] waiting      6m05.0s   

running (1m26.0s), 0001/0310 VUs, 8396 complete and 0 interrupted iterations
step_00050 ✓ [ 100% ] 000/020 VUs  30s        50.00 iters/s
step_00100 ✓ [ 100% ] 000/020 VUs  30s        100.00 iters/s
step_00150   [  87% ] 001/030 VUs  26.0s/30s  150.00 iters/s
step_00200 • [   0% ] waiting      0m04.0s   
step_00250 • [   0% ] waiting      0m34.0s   
step_00300 • [   0% ] waiting      1m04.0s   
step_00350 • [   0% ] waiting      1m34.0s   
step_00400 • [   0% ] waiting      2m04.0s   
step_00450 • [   0% ] waiting      2m34.0s   
step_00500 • [   0% ] waiting      3m04.0s   
step_00550 • [   0% ] waiting      3m34.0s   
step_00600 • [   0% ] waiting      4m04.0s   
step_00650 • [   0% ] waiting      4m34.0s   
step_00700 • [   0% ] waiting      5m04.0s   
step_00750 • [   0% ] waiting      5m34.0s   
step_00800 • [   0% ] waiting      6m04.0s   

running (1m27.0s), 0000/0310 VUs, 8546 complete and 0 interrupted iterations
step_00050 ✓ [ 100% ] 000/020 VUs  30s        50.00 iters/s
step_00100 ✓ [ 100% ] 000/020 VUs  30s        100.00 iters/s
step_00150   [  90% ] 000/030 VUs  27.0s/30s  150.00 iters/s
step_00200 • [   0% ] waiting      0m03.0s   
step_00250 • [   0% ] waiting      0m33.0s   
step_00300 • [   0% ] waiting      1m03.0s   
step_00350 • [   0% ] waiting      1m33.0s   
step_00400 • [   0% ] waiting      2m03.0s   
step_00450 • [   0% ] waiting      2m33.0s   
step_00500 • [   0% ] waiting      3m03.0s   
step_00550 • [   0% ] waiting      3m33.0s   
step_00600 • [   0% ] waiting      4m03.0s   
step_00650 • [   0% ] waiting      4m33.0s   
step_00700 • [   0% ] waiting      5m03.0s   
step_00750 • [   0% ] waiting      5m33.0s   
step_00800 • [   0% ] waiting      6m03.0s   

running (1m28.0s), 0001/0310 VUs, 8696 complete and 0 interrupted iterations
step_00050 ✓ [ 100% ] 000/020 VUs  30s        50.00 iters/s
step_00100 ✓ [ 100% ] 000/020 VUs  30s        100.00 iters/s
step_00150   [  93% ] 001/030 VUs  28.0s/30s  150.00 iters/s
step_00200 • [   0% ] waiting      0m02.0s   
step_00250 • [   0% ] waiting      0m32.0s   
step_00300 • [   0% ] waiting      1m02.0s   
step_00350 • [   0% ] waiting      1m32.0s   
step_00400 • [   0% ] waiting      2m02.0s   
step_00450 • [   0% ] waiting      2m32.0s   
step_00500 • [   0% ] waiting      3m02.0s   
step_00550 • [   0% ] waiting      3m32.0s   
step_00600 • [   0% ] waiting      4m02.0s   
step_00650 • [   0% ] waiting      4m32.0s   
step_00700 • [   0% ] waiting      5m02.0s   
step_00750 • [   0% ] waiting      5m32.0s   
step_00800 • [   0% ] waiting      6m02.0s   

running (1m29.0s), 0001/0310 VUs, 8846 complete and 0 interrupted iterations
step_00050 ✓ [ 100% ] 000/020 VUs  30s        50.00 iters/s
step_00100 ✓ [ 100% ] 000/020 VUs  30s        100.00 iters/s
step_00150   [  97% ] 001/030 VUs  29.0s/30s  150.00 iters/s
step_00200 • [   0% ] waiting      0m01.0s   
step_00250 • [   0% ] waiting      0m31.0s   
step_00300 • [   0% ] waiting      1m01.0s   
step_00350 • [   0% ] waiting      1m31.0s   
step_00400 • [   0% ] waiting      2m01.0s   
step_00450 • [   0% ] waiting      2m31.0s   
step_00500 • [   0% ] waiting      3m01.0s   
step_00550 • [   0% ] waiting      3m31.0s   
step_00600 • [   0% ] waiting      4m01.0s   
step_00650 • [   0% ] waiting      4m31.0s   
step_00700 • [   0% ] waiting      5m01.0s   
step_00750 • [   0% ] waiting      5m31.0s   
step_00800 • [   0% ] waiting      6m01.0s   

running (1m30.0s), 0001/0310 VUs, 8996 complete and 0 interrupted iterations
step_00050 ✓ [ 100% ] 000/020 VUs  30s        50.00 iters/s
step_00100 ✓ [ 100% ] 000/020 VUs  30s        100.00 iters/s
step_00150   [ 100% ] 001/030 VUs  30.0s/30s  150.00 iters/s
step_00200 • [   0% ] waiting      0m00.0s   
step_00250 • [   0% ] waiting      0m30.0s   
step_00300 • [   0% ] waiting      1m00.0s   
step_00350 • [   0% ] waiting      1m30.0s   
step_00400 • [   0% ] waiting      2m00.0s   
step_00450 • [   0% ] waiting      2m30.0s   
step_00500 • [   0% ] waiting      3m00.0s   
step_00550 • [   0% ] waiting      3m30.0s   
step_00600 • [   0% ] waiting      4m00.0s   
step_00650 • [   0% ] waiting      4m30.0s   
step_00700 • [   0% ] waiting      5m00.0s   
step_00750 • [   0% ] waiting      5m30.0s   
step_00800 • [   0% ] waiting      6m00.0s   

running (1m31.0s), 0000/0310 VUs, 9196 complete and 0 interrupted iterations
step_00050 ✓ [ 100% ] 000/020 VUs  30s        50.00 iters/s
step_00100 ✓ [ 100% ] 000/020 VUs  30s        100.00 iters/s
step_00150 ✓ [ 100% ] 000/030 VUs  30s        150.00 iters/s
step_00200   [   3% ] 000/040 VUs  01.0s/30s  200.00 iters/s
step_00250 • [   0% ] waiting      0m29.0s   
step_00300 • [   0% ] waiting      0m59.0s   
step_00350 • [   0% ] waiting      1m29.0s   
step_00400 • [   0% ] waiting      1m59.0s   
step_00450 • [   0% ] waiting      2m29.0s   
step_00500 • [   0% ] waiting      2m59.0s   
step_00550 • [   0% ] waiting      3m29.0s   
step_00600 • [   0% ] waiting      3m59.0s   
step_00650 • [   0% ] waiting      4m29.0s   
step_00700 • [   0% ] waiting      4m59.0s   
step_00750 • [   0% ] waiting      5m29.0s   
step_00800 • [   0% ] waiting      5m59.0s   

running (1m32.0s), 0000/0310 VUs, 9396 complete and 0 interrupted iterations
step_00050 ✓ [ 100% ] 000/020 VUs  30s        50.00 iters/s
step_00100 ✓ [ 100% ] 000/020 VUs  30s        100.00 iters/s
step_00150 ✓ [ 100% ] 000/030 VUs  30s        150.00 iters/s
step_00200   [   7% ] 000/040 VUs  02.0s/30s  200.00 iters/s
step_00250 • [   0% ] waiting      0m28.0s   
step_00300 • [   0% ] waiting      0m58.0s   
step_00350 • [   0% ] waiting      1m28.0s   
step_00400 • [   0% ] waiting      1m58.0s   
step_00450 • [   0% ] waiting      2m28.0s   
step_00500 • [   0% ] waiting      2m58.0s   
step_00550 • [   0% ] waiting      3m28.0s   
step_00600 • [   0% ] waiting      3m58.0s   
step_00650 • [   0% ] waiting      4m28.0s   
step_00700 • [   0% ] waiting      4m58.0s   
step_00750 • [   0% ] waiting      5m28.0s   
step_00800 • [   0% ] waiting      5m58.0s   

running (1m33.0s), 0000/0310 VUs, 9596 complete and 0 interrupted iterations
step_00050 ✓ [ 100% ] 000/020 VUs  30s        50.00 iters/s
step_00100 ✓ [ 100% ] 000/020 VUs  30s        100.00 iters/s
step_00150 ✓ [ 100% ] 000/030 VUs  30s        150.00 iters/s
step_00200   [  10% ] 000/040 VUs  03.0s/30s  200.00 iters/s
step_00250 • [   0% ] waiting      0m27.0s   
step_00300 • [   0% ] waiting      0m57.0s   
step_00350 • [   0% ] waiting      1m27.0s   
step_00400 • [   0% ] waiting      1m57.0s   
step_00450 • [   0% ] waiting      2m27.0s   
step_00500 • [   0% ] waiting      2m57.0s   
step_00550 • [   0% ] waiting      3m27.0s   
step_00600 • [   0% ] waiting      3m57.0s   
step_00650 • [   0% ] waiting      4m27.0s   
step_00700 • [   0% ] waiting      4m57.0s   
step_00750 • [   0% ] waiting      5m27.0s   
step_00800 • [   0% ] waiting      5m57.0s   

running (1m34.0s), 0000/0310 VUs, 9796 complete and 0 interrupted iterations
step_00050 ✓ [ 100% ] 000/020 VUs  30s        50.00 iters/s
step_00100 ✓ [ 100% ] 000/020 VUs  30s        100.00 iters/s
step_00150 ✓ [ 100% ] 000/030 VUs  30s        150.00 iters/s
step_00200   [  13% ] 000/040 VUs  04.0s/30s  200.00 iters/s
step_00250 • [   0% ] waiting      0m26.0s   
step_00300 • [   0% ] waiting      0m56.0s   
step_00350 • [   0% ] waiting      1m26.0s   
step_00400 • [   0% ] waiting      1m56.0s   
step_00450 • [   0% ] waiting      2m26.0s   
step_00500 • [   0% ] waiting      2m56.0s   
step_00550 • [   0% ] waiting      3m26.0s   
step_00600 • [   0% ] waiting      3m56.0s   
step_00650 • [   0% ] waiting      4m26.0s   
step_00700 • [   0% ] waiting      4m56.0s   
step_00750 • [   0% ] waiting      5m26.0s   
step_00800 • [   0% ] waiting      5m56.0s   

running (1m35.0s), 0000/0310 VUs, 9996 complete and 0 interrupted iterations
step_00050 ✓ [ 100% ] 000/020 VUs  30s        50.00 iters/s
step_00100 ✓ [ 100% ] 000/020 VUs  30s        100.00 iters/s
step_00150 ✓ [ 100% ] 000/030 VUs  30s        150.00 iters/s
step_00200   [  17% ] 000/040 VUs  05.0s/30s  200.00 iters/s
step_00250 • [   0% ] waiting      0m25.0s   
step_00300 • [   0% ] waiting      0m55.0s   
step_00350 • [   0% ] waiting      1m25.0s   
step_00400 • [   0% ] waiting      1m55.0s   
step_00450 • [   0% ] waiting      2m25.0s   
step_00500 • [   0% ] waiting      2m55.0s   
step_00550 • [   0% ] waiting      3m25.0s   
step_00600 • [   0% ] waiting      3m55.0s   
step_00650 • [   0% ] waiting      4m25.0s   
step_00700 • [   0% ] waiting      4m55.0s   
step_00750 • [   0% ] waiting      5m25.0s   
step_00800 • [   0% ] waiting      5m55.0s   

running (1m36.0s), 0000/0310 VUs, 10196 complete and 0 interrupted iterations
step_00050 ✓ [ 100% ] 000/020 VUs  30s        50.00 iters/s
step_00100 ✓ [ 100% ] 000/020 VUs  30s        100.00 iters/s
step_00150 ✓ [ 100% ] 000/030 VUs  30s        150.00 iters/s
step_00200   [  20% ] 000/040 VUs  06.0s/30s  200.00 iters/s
step_00250 • [   0% ] waiting      0m24.0s   
step_00300 • [   0% ] waiting      0m54.0s   
step_00350 • [   0% ] waiting      1m24.0s   
step_00400 • [   0% ] waiting      1m54.0s   
step_00450 • [   0% ] waiting      2m24.0s   
step_00500 • [   0% ] waiting      2m54.0s   
step_00550 • [   0% ] waiting      3m24.0s   
step_00600 • [   0% ] waiting      3m54.0s   
step_00650 • [   0% ] waiting      4m24.0s   
step_00700 • [   0% ] waiting      4m54.0s   
step_00750 • [   0% ] waiting      5m24.0s   
step_00800 • [   0% ] waiting      5m54.0s   

running (1m37.0s), 0000/0310 VUs, 10396 complete and 0 interrupted iterations
step_00050 ✓ [ 100% ] 000/020 VUs  30s        50.00 iters/s
step_00100 ✓ [ 100% ] 000/020 VUs  30s        100.00 iters/s
step_00150 ✓ [ 100% ] 000/030 VUs  30s        150.00 iters/s
step_00200   [  23% ] 000/040 VUs  07.0s/30s  200.00 iters/s
step_00250 • [   0% ] waiting      0m23.0s   
step_00300 • [   0% ] waiting      0m53.0s   
step_00350 • [   0% ] waiting      1m23.0s   
step_00400 • [   0% ] waiting      1m53.0s   
step_00450 • [   0% ] waiting      2m23.0s   
step_00500 • [   0% ] waiting      2m53.0s   
step_00550 • [   0% ] waiting      3m23.0s   
step_00600 • [   0% ] waiting      3m53.0s   
step_00650 • [   0% ] waiting      4m23.0s   
step_00700 • [   0% ] waiting      4m53.0s   
step_00750 • [   0% ] waiting      5m23.0s   
step_00800 • [   0% ] waiting      5m53.0s   

running (1m38.0s), 0000/0310 VUs, 10596 complete and 0 interrupted iterations
step_00050 ✓ [ 100% ] 000/020 VUs  30s        50.00 iters/s
step_00100 ✓ [ 100% ] 000/020 VUs  30s        100.00 iters/s
step_00150 ✓ [ 100% ] 000/030 VUs  30s        150.00 iters/s
step_00200   [  27% ] 000/040 VUs  08.0s/30s  200.00 iters/s
step_00250 • [   0% ] waiting      0m22.0s   
step_00300 • [   0% ] waiting      0m52.0s   
step_00350 • [   0% ] waiting      1m22.0s   
step_00400 • [   0% ] waiting      1m52.0s   
step_00450 • [   0% ] waiting      2m22.0s   
step_00500 • [   0% ] waiting      2m52.0s   
step_00550 • [   0% ] waiting      3m22.0s   
step_00600 • [   0% ] waiting      3m52.0s   
step_00650 • [   0% ] waiting      4m22.0s   
step_00700 • [   0% ] waiting      4m52.0s   
step_00750 • [   0% ] waiting      5m22.0s   
step_00800 • [   0% ] waiting      5m52.0s   

running (1m39.0s), 0000/0310 VUs, 10796 complete and 0 interrupted iterations
step_00050 ✓ [ 100% ] 000/020 VUs  30s        50.00 iters/s
step_00100 ✓ [ 100% ] 000/020 VUs  30s        100.00 iters/s
step_00150 ✓ [ 100% ] 000/030 VUs  30s        150.00 iters/s
step_00200   [  30% ] 000/040 VUs  09.0s/30s  200.00 iters/s
step_00250 • [   0% ] waiting      0m21.0s   
step_00300 • [   0% ] waiting      0m51.0s   
step_00350 • [   0% ] waiting      1m21.0s   
step_00400 • [   0% ] waiting      1m51.0s   
step_00450 • [   0% ] waiting      2m21.0s   
step_00500 • [   0% ] waiting      2m51.0s   
step_00550 • [   0% ] waiting      3m21.0s   
step_00600 • [   0% ] waiting      3m51.0s   
step_00650 • [   0% ] waiting      4m21.0s   
step_00700 • [   0% ] waiting      4m51.0s   
step_00750 • [   0% ] waiting      5m21.0s   
step_00800 • [   0% ] waiting      5m51.0s   

running (1m40.0s), 0000/0310 VUs, 10996 complete and 0 interrupted iterations
step_00050 ✓ [ 100% ] 000/020 VUs  30s        50.00 iters/s
step_00100 ✓ [ 100% ] 000/020 VUs  30s        100.00 iters/s
step_00150 ✓ [ 100% ] 000/030 VUs  30s        150.00 iters/s
step_00200   [  33% ] 000/040 VUs  10.0s/30s  200.00 iters/s
step_00250 • [   0% ] waiting      0m20.0s   
step_00300 • [   0% ] waiting      0m50.0s   
step_00350 • [   0% ] waiting      1m20.0s   
step_00400 • [   0% ] waiting      1m50.0s   
step_00450 • [   0% ] waiting      2m20.0s   
step_00500 • [   0% ] waiting      2m50.0s   
step_00550 • [   0% ] waiting      3m20.0s   
step_00600 • [   0% ] waiting      3m50.0s   
step_00650 • [   0% ] waiting      4m20.0s   
step_00700 • [   0% ] waiting      4m50.0s   
step_00750 • [   0% ] waiting      5m20.0s   
step_00800 • [   0% ] waiting      5m50.0s   

running (1m41.0s), 0000/0310 VUs, 11196 complete and 0 interrupted iterations
step_00050 ✓ [ 100% ] 000/020 VUs  30s        50.00 iters/s
step_00100 ✓ [ 100% ] 000/020 VUs  30s        100.00 iters/s
step_00150 ✓ [ 100% ] 000/030 VUs  30s        150.00 iters/s
step_00200   [  37% ] 000/040 VUs  11.0s/30s  200.00 iters/s
step_00250 • [   0% ] waiting      0m19.0s   
step_00300 • [   0% ] waiting      0m49.0s   
step_00350 • [   0% ] waiting      1m19.0s   
step_00400 • [   0% ] waiting      1m49.0s   
step_00450 • [   0% ] waiting      2m19.0s   
step_00500 • [   0% ] waiting      2m49.0s   
step_00550 • [   0% ] waiting      3m19.0s   
step_00600 • [   0% ] waiting      3m49.0s   
step_00650 • [   0% ] waiting      4m19.0s   
step_00700 • [   0% ] waiting      4m49.0s   
step_00750 • [   0% ] waiting      5m19.0s   
step_00800 • [   0% ] waiting      5m49.0s   

running (1m42.0s), 0000/0310 VUs, 11396 complete and 0 interrupted iterations
step_00050 ✓ [ 100% ] 000/020 VUs  30s        50.00 iters/s
step_00100 ✓ [ 100% ] 000/020 VUs  30s        100.00 iters/s
step_00150 ✓ [ 100% ] 000/030 VUs  30s        150.00 iters/s
step_00200   [  40% ] 000/040 VUs  12.0s/30s  200.00 iters/s
step_00250 • [   0% ] waiting      0m18.0s   
step_00300 • [   0% ] waiting      0m48.0s   
step_00350 • [   0% ] waiting      1m18.0s   
step_00400 • [   0% ] waiting      1m48.0s   
step_00450 • [   0% ] waiting      2m18.0s   
step_00500 • [   0% ] waiting      2m48.0s   
step_00550 • [   0% ] waiting      3m18.0s   
step_00600 • [   0% ] waiting      3m48.0s   
step_00650 • [   0% ] waiting      4m18.0s   
step_00700 • [   0% ] waiting      4m48.0s   
step_00750 • [   0% ] waiting      5m18.0s   
step_00800 • [   0% ] waiting      5m48.0s   

running (1m43.0s), 0000/0310 VUs, 11596 complete and 0 interrupted iterations
step_00050 ✓ [ 100% ] 000/020 VUs  30s        50.00 iters/s
step_00100 ✓ [ 100% ] 000/020 VUs  30s        100.00 iters/s
step_00150 ✓ [ 100% ] 000/030 VUs  30s        150.00 iters/s
step_00200   [  43% ] 000/040 VUs  13.0s/30s  200.00 iters/s
step_00250 • [   0% ] waiting      0m17.0s   
step_00300 • [   0% ] waiting      0m47.0s   
step_00350 • [   0% ] waiting      1m17.0s   
step_00400 • [   0% ] waiting      1m47.0s   
step_00450 • [   0% ] waiting      2m17.0s   
step_00500 • [   0% ] waiting      2m47.0s   
step_00550 • [   0% ] waiting      3m17.0s   
step_00600 • [   0% ] waiting      3m47.0s   
step_00650 • [   0% ] waiting      4m17.0s   
step_00700 • [   0% ] waiting      4m47.0s   
step_00750 • [   0% ] waiting      5m17.0s   
step_00800 • [   0% ] waiting      5m47.0s   

running (1m44.0s), 0000/0310 VUs, 11796 complete and 0 interrupted iterations
step_00050 ✓ [ 100% ] 000/020 VUs  30s        50.00 iters/s
step_00100 ✓ [ 100% ] 000/020 VUs  30s        100.00 iters/s
step_00150 ✓ [ 100% ] 000/030 VUs  30s        150.00 iters/s
step_00200   [  47% ] 000/040 VUs  14.0s/30s  200.00 iters/s
step_00250 • [   0% ] waiting      0m16.0s   
step_00300 • [   0% ] waiting      0m46.0s   
step_00350 • [   0% ] waiting      1m16.0s   
step_00400 • [   0% ] waiting      1m46.0s   
step_00450 • [   0% ] waiting      2m16.0s   
step_00500 • [   0% ] waiting      2m46.0s   
step_00550 • [   0% ] waiting      3m16.0s   
step_00600 • [   0% ] waiting      3m46.0s   
step_00650 • [   0% ] waiting      4m16.0s   
step_00700 • [   0% ] waiting      4m46.0s   
step_00750 • [   0% ] waiting      5m16.0s   
step_00800 • [   0% ] waiting      5m46.0s   

running (1m45.0s), 0000/0310 VUs, 11996 complete and 0 interrupted iterations
step_00050 ✓ [ 100% ] 000/020 VUs  30s        50.00 iters/s
step_00100 ✓ [ 100% ] 000/020 VUs  30s        100.00 iters/s
step_00150 ✓ [ 100% ] 000/030 VUs  30s        150.00 iters/s
step_00200   [  50% ] 000/040 VUs  15.0s/30s  200.00 iters/s
step_00250 • [   0% ] waiting      0m15.0s   
step_00300 • [   0% ] waiting      0m45.0s   
step_00350 • [   0% ] waiting      1m15.0s   
step_00400 • [   0% ] waiting      1m45.0s   
step_00450 • [   0% ] waiting      2m15.0s   
step_00500 • [   0% ] waiting      2m45.0s   
step_00550 • [   0% ] waiting      3m15.0s   
step_00600 • [   0% ] waiting      3m45.0s   
step_00650 • [   0% ] waiting      4m15.0s   
step_00700 • [   0% ] waiting      4m45.0s   
step_00750 • [   0% ] waiting      5m15.0s   
step_00800 • [   0% ] waiting      5m45.0s   

running (1m46.0s), 0000/0310 VUs, 12196 complete and 0 interrupted iterations
step_00050 ✓ [ 100% ] 000/020 VUs  30s        50.00 iters/s
step_00100 ✓ [ 100% ] 000/020 VUs  30s        100.00 iters/s
step_00150 ✓ [ 100% ] 000/030 VUs  30s        150.00 iters/s
step_00200   [  53% ] 000/040 VUs  16.0s/30s  200.00 iters/s
step_00250 • [   0% ] waiting      0m14.0s   
step_00300 • [   0% ] waiting      0m44.0s   
step_00350 • [   0% ] waiting      1m14.0s   
step_00400 • [   0% ] waiting      1m44.0s   
step_00450 • [   0% ] waiting      2m14.0s   
step_00500 • [   0% ] waiting      2m44.0s   
step_00550 • [   0% ] waiting      3m14.0s   
step_00600 • [   0% ] waiting      3m44.0s   
step_00650 • [   0% ] waiting      4m14.0s   
step_00700 • [   0% ] waiting      4m44.0s   
step_00750 • [   0% ] waiting      5m14.0s   
step_00800 • [   0% ] waiting      5m44.0s   

running (1m47.0s), 0000/0310 VUs, 12396 complete and 0 interrupted iterations
step_00050 ✓ [ 100% ] 000/020 VUs  30s        50.00 iters/s
step_00100 ✓ [ 100% ] 000/020 VUs  30s        100.00 iters/s
step_00150 ✓ [ 100% ] 000/030 VUs  30s        150.00 iters/s
step_00200   [  57% ] 000/040 VUs  17.0s/30s  200.00 iters/s
step_00250 • [   0% ] waiting      0m13.0s   
step_00300 • [   0% ] waiting      0m43.0s   
step_00350 • [   0% ] waiting      1m13.0s   
step_00400 • [   0% ] waiting      1m43.0s   
step_00450 • [   0% ] waiting      2m13.0s   
step_00500 • [   0% ] waiting      2m43.0s   
step_00550 • [   0% ] waiting      3m13.0s   
step_00600 • [   0% ] waiting      3m43.0s   
step_00650 • [   0% ] waiting      4m13.0s   
step_00700 • [   0% ] waiting      4m43.0s   
step_00750 • [   0% ] waiting      5m13.0s   
step_00800 • [   0% ] waiting      5m43.0s   

running (1m48.0s), 0000/0310 VUs, 12596 complete and 0 interrupted iterations
step_00050 ✓ [ 100% ] 000/020 VUs  30s        50.00 iters/s
step_00100 ✓ [ 100% ] 000/020 VUs  30s        100.00 iters/s
step_00150 ✓ [ 100% ] 000/030 VUs  30s        150.00 iters/s
step_00200   [  60% ] 000/040 VUs  18.0s/30s  200.00 iters/s
step_00250 • [   0% ] waiting      0m12.0s   
step_00300 • [   0% ] waiting      0m42.0s   
step_00350 • [   0% ] waiting      1m12.0s   
step_00400 • [   0% ] waiting      1m42.0s   
step_00450 • [   0% ] waiting      2m12.0s   
step_00500 • [   0% ] waiting      2m42.0s   
step_00550 • [   0% ] waiting      3m12.0s   
step_00600 • [   0% ] waiting      3m42.0s   
step_00650 • [   0% ] waiting      4m12.0s   
step_00700 • [   0% ] waiting      4m42.0s   
step_00750 • [   0% ] waiting      5m12.0s   
step_00800 • [   0% ] waiting      5m42.0s   

running (1m49.0s), 0000/0310 VUs, 12796 complete and 0 interrupted iterations
step_00050 ✓ [ 100% ] 000/020 VUs  30s        50.00 iters/s
step_00100 ✓ [ 100% ] 000/020 VUs  30s        100.00 iters/s
step_00150 ✓ [ 100% ] 000/030 VUs  30s        150.00 iters/s
step_00200   [  63% ] 000/040 VUs  19.0s/30s  200.00 iters/s
step_00250 • [   0% ] waiting      0m11.0s   
step_00300 • [   0% ] waiting      0m41.0s   
step_00350 • [   0% ] waiting      1m11.0s   
step_00400 • [   0% ] waiting      1m41.0s   
step_00450 • [   0% ] waiting      2m11.0s   
step_00500 • [   0% ] waiting      2m41.0s   
step_00550 • [   0% ] waiting      3m11.0s   
step_00600 • [   0% ] waiting      3m41.0s   
step_00650 • [   0% ] waiting      4m11.0s   
step_00700 • [   0% ] waiting      4m41.0s   
step_00750 • [   0% ] waiting      5m11.0s   
step_00800 • [   0% ] waiting      5m41.0s   

running (1m50.0s), 0000/0310 VUs, 12996 complete and 0 interrupted iterations
step_00050 ✓ [ 100% ] 000/020 VUs  30s        50.00 iters/s
step_00100 ✓ [ 100% ] 000/020 VUs  30s        100.00 iters/s
step_00150 ✓ [ 100% ] 000/030 VUs  30s        150.00 iters/s
step_00200   [  67% ] 000/040 VUs  20.0s/30s  200.00 iters/s
step_00250 • [   0% ] waiting      0m10.0s   
step_00300 • [   0% ] waiting      0m40.0s   
step_00350 • [   0% ] waiting      1m10.0s   
step_00400 • [   0% ] waiting      1m40.0s   
step_00450 • [   0% ] waiting      2m10.0s   
step_00500 • [   0% ] waiting      2m40.0s   
step_00550 • [   0% ] waiting      3m10.0s   
step_00600 • [   0% ] waiting      3m40.0s   
step_00650 • [   0% ] waiting      4m10.0s   
step_00700 • [   0% ] waiting      4m40.0s   
step_00750 • [   0% ] waiting      5m10.0s   
step_00800 • [   0% ] waiting      5m40.0s   

running (1m51.0s), 0000/0310 VUs, 13196 complete and 0 interrupted iterations
step_00050 ✓ [ 100% ] 000/020 VUs  30s        50.00 iters/s
step_00100 ✓ [ 100% ] 000/020 VUs  30s        100.00 iters/s
step_00150 ✓ [ 100% ] 000/030 VUs  30s        150.00 iters/s
step_00200   [  70% ] 000/040 VUs  21.0s/30s  200.00 iters/s
step_00250 • [   0% ] waiting      0m09.0s   
step_00300 • [   0% ] waiting      0m39.0s   
step_00350 • [   0% ] waiting      1m09.0s   
step_00400 • [   0% ] waiting      1m39.0s   
step_00450 • [   0% ] waiting      2m09.0s   
step_00500 • [   0% ] waiting      2m39.0s   
step_00550 • [   0% ] waiting      3m09.0s   
step_00600 • [   0% ] waiting      3m39.0s   
step_00650 • [   0% ] waiting      4m09.0s   
step_00700 • [   0% ] waiting      4m39.0s   
step_00750 • [   0% ] waiting      5m09.0s   
step_00800 • [   0% ] waiting      5m39.0s   

running (1m52.0s), 0000/0310 VUs, 13396 complete and 0 interrupted iterations
step_00050 ✓ [ 100% ] 000/020 VUs  30s        50.00 iters/s
step_00100 ✓ [ 100% ] 000/020 VUs  30s        100.00 iters/s
step_00150 ✓ [ 100% ] 000/030 VUs  30s        150.00 iters/s
step_00200   [  73% ] 000/040 VUs  22.0s/30s  200.00 iters/s
step_00250 • [   0% ] waiting      0m08.0s   
step_00300 • [   0% ] waiting      0m38.0s   
step_00350 • [   0% ] waiting      1m08.0s   
step_00400 • [   0% ] waiting      1m38.0s   
step_00450 • [   0% ] waiting      2m08.0s   
step_00500 • [   0% ] waiting      2m38.0s   
step_00550 • [   0% ] waiting      3m08.0s   
step_00600 • [   0% ] waiting      3m38.0s   
step_00650 • [   0% ] waiting      4m08.0s   
step_00700 • [   0% ] waiting      4m38.0s   
step_00750 • [   0% ] waiting      5m08.0s   
step_00800 • [   0% ] waiting      5m38.0s   

running (1m53.0s), 0000/0310 VUs, 13596 complete and 0 interrupted iterations
step_00050 ✓ [ 100% ] 000/020 VUs  30s        50.00 iters/s
step_00100 ✓ [ 100% ] 000/020 VUs  30s        100.00 iters/s
step_00150 ✓ [ 100% ] 000/030 VUs  30s        150.00 iters/s
step_00200   [  77% ] 000/040 VUs  23.0s/30s  200.00 iters/s
step_00250 • [   0% ] waiting      0m07.0s   
step_00300 • [   0% ] waiting      0m37.0s   
step_00350 • [   0% ] waiting      1m07.0s   
step_00400 • [   0% ] waiting      1m37.0s   
step_00450 • [   0% ] waiting      2m07.0s   
step_00500 • [   0% ] waiting      2m37.0s   
step_00550 • [   0% ] waiting      3m07.0s   
step_00600 • [   0% ] waiting      3m37.0s   
step_00650 • [   0% ] waiting      4m07.0s   
step_00700 • [   0% ] waiting      4m37.0s   
step_00750 • [   0% ] waiting      5m07.0s   
step_00800 • [   0% ] waiting      5m37.0s   

running (1m54.0s), 0000/0310 VUs, 13796 complete and 0 interrupted iterations
step_00050 ✓ [ 100% ] 000/020 VUs  30s        50.00 iters/s
step_00100 ✓ [ 100% ] 000/020 VUs  30s        100.00 iters/s
step_00150 ✓ [ 100% ] 000/030 VUs  30s        150.00 iters/s
step_00200   [  80% ] 000/040 VUs  24.0s/30s  200.00 iters/s
step_00250 • [   0% ] waiting      0m06.0s   
step_00300 • [   0% ] waiting      0m36.0s   
step_00350 • [   0% ] waiting      1m06.0s   
step_00400 • [   0% ] waiting      1m36.0s   
step_00450 • [   0% ] waiting      2m06.0s   
step_00500 • [   0% ] waiting      2m36.0s   
step_00550 • [   0% ] waiting      3m06.0s   
step_00600 • [   0% ] waiting      3m36.0s   
step_00650 • [   0% ] waiting      4m06.0s   
step_00700 • [   0% ] waiting      4m36.0s   
step_00750 • [   0% ] waiting      5m06.0s   
step_00800 • [   0% ] waiting      5m36.0s   

running (1m55.0s), 0000/0310 VUs, 13996 complete and 0 interrupted iterations
step_00050 ✓ [ 100% ] 000/020 VUs  30s        50.00 iters/s
step_00100 ✓ [ 100% ] 000/020 VUs  30s        100.00 iters/s
step_00150 ✓ [ 100% ] 000/030 VUs  30s        150.00 iters/s
step_00200   [  83% ] 000/040 VUs  25.0s/30s  200.00 iters/s
step_00250 • [   0% ] waiting      0m05.0s   
step_00300 • [   0% ] waiting      0m35.0s   
step_00350 • [   0% ] waiting      1m05.0s   
step_00400 • [   0% ] waiting      1m35.0s   
step_00450 • [   0% ] waiting      2m05.0s   
step_00500 • [   0% ] waiting      2m35.0s   
step_00550 • [   0% ] waiting      3m05.0s   
step_00600 • [   0% ] waiting      3m35.0s   
step_00650 • [   0% ] waiting      4m05.0s   
step_00700 • [   0% ] waiting      4m35.0s   
step_00750 • [   0% ] waiting      5m05.0s   
step_00800 • [   0% ] waiting      5m35.0s   

running (1m56.0s), 0000/0310 VUs, 14196 complete and 0 interrupted iterations
step_00050 ✓ [ 100% ] 000/020 VUs  30s        50.00 iters/s
step_00100 ✓ [ 100% ] 000/020 VUs  30s        100.00 iters/s
step_00150 ✓ [ 100% ] 000/030 VUs  30s        150.00 iters/s
step_00200   [  87% ] 000/040 VUs  26.0s/30s  200.00 iters/s
step_00250 • [   0% ] waiting      0m04.0s   
step_00300 • [   0% ] waiting      0m34.0s   
step_00350 • [   0% ] waiting      1m04.0s   
step_00400 • [   0% ] waiting      1m34.0s   
step_00450 • [   0% ] waiting      2m04.0s   
step_00500 • [   0% ] waiting      2m34.0s   
step_00550 • [   0% ] waiting      3m04.0s   
step_00600 • [   0% ] waiting      3m34.0s   
step_00650 • [   0% ] waiting      4m04.0s   
step_00700 • [   0% ] waiting      4m34.0s   
step_00750 • [   0% ] waiting      5m04.0s   
step_00800 • [   0% ] waiting      5m34.0s   

running (1m57.0s), 0000/0310 VUs, 14396 complete and 0 interrupted iterations
step_00050 ✓ [ 100% ] 000/020 VUs  30s        50.00 iters/s
step_00100 ✓ [ 100% ] 000/020 VUs  30s        100.00 iters/s
step_00150 ✓ [ 100% ] 000/030 VUs  30s        150.00 iters/s
step_00200   [  90% ] 000/040 VUs  27.0s/30s  200.00 iters/s
step_00250 • [   0% ] waiting      0m03.0s   
step_00300 • [   0% ] waiting      0m33.0s   
step_00350 • [   0% ] waiting      1m03.0s   
step_00400 • [   0% ] waiting      1m33.0s   
step_00450 • [   0% ] waiting      2m03.0s   
step_00500 • [   0% ] waiting      2m33.0s   
step_00550 • [   0% ] waiting      3m03.0s   
step_00600 • [   0% ] waiting      3m33.0s   
step_00650 • [   0% ] waiting      4m03.0s   
step_00700 • [   0% ] waiting      4m33.0s   
step_00750 • [   0% ] waiting      5m03.0s   
step_00800 • [   0% ] waiting      5m33.0s   

running (1m58.0s), 0001/0310 VUs, 14595 complete and 0 interrupted iterations
step_00050 ✓ [ 100% ] 000/020 VUs  30s        50.00 iters/s
step_00100 ✓ [ 100% ] 000/020 VUs  30s        100.00 iters/s
step_00150 ✓ [ 100% ] 000/030 VUs  30s        150.00 iters/s
step_00200   [  93% ] 001/040 VUs  28.0s/30s  200.00 iters/s
step_00250 • [   0% ] waiting      0m02.0s   
step_00300 • [   0% ] waiting      0m32.0s   
step_00350 • [   0% ] waiting      1m02.0s   
step_00400 • [   0% ] waiting      1m32.0s   
step_00450 • [   0% ] waiting      2m02.0s   
step_00500 • [   0% ] waiting      2m32.0s   
step_00550 • [   0% ] waiting      3m02.0s   
step_00600 • [   0% ] waiting      3m32.0s   
step_00650 • [   0% ] waiting      4m02.0s   
step_00700 • [   0% ] waiting      4m32.0s   
step_00750 • [   0% ] waiting      5m02.0s   
step_00800 • [   0% ] waiting      5m32.0s   

running (1m59.0s), 0000/0310 VUs, 14796 complete and 0 interrupted iterations
step_00050 ✓ [ 100% ] 000/020 VUs  30s        50.00 iters/s
step_00100 ✓ [ 100% ] 000/020 VUs  30s        100.00 iters/s
step_00150 ✓ [ 100% ] 000/030 VUs  30s        150.00 iters/s
step_00200   [  97% ] 000/040 VUs  29.0s/30s  200.00 iters/s
step_00250 • [   0% ] waiting      0m01.0s   
step_00300 • [   0% ] waiting      0m31.0s   
step_00350 • [   0% ] waiting      1m01.0s   
step_00400 • [   0% ] waiting      1m31.0s   
step_00450 • [   0% ] waiting      2m01.0s   
step_00500 • [   0% ] waiting      2m31.0s   
step_00550 • [   0% ] waiting      3m01.0s   
step_00600 • [   0% ] waiting      3m31.0s   
step_00650 • [   0% ] waiting      4m01.0s   
step_00700 • [   0% ] waiting      4m31.0s   
step_00750 • [   0% ] waiting      5m01.0s   
step_00800 • [   0% ] waiting      5m31.0s   

running (2m00.0s), 0000/0310 VUs, 14996 complete and 0 interrupted iterations
step_00050 ✓ [ 100% ] 000/020 VUs  30s        50.00 iters/s
step_00100 ✓ [ 100% ] 000/020 VUs  30s        100.00 iters/s
step_00150 ✓ [ 100% ] 000/030 VUs  30s        150.00 iters/s
step_00200   [ 100% ] 000/040 VUs  30.0s/30s  200.00 iters/s
step_00250 • [   0% ] waiting      0m00.0s   
step_00300 • [   0% ] waiting      0m30.0s   
step_00350 • [   0% ] waiting      1m00.0s   
step_00400 • [   0% ] waiting      1m30.0s   
step_00450 • [   0% ] waiting      2m00.0s   
step_00500 • [   0% ] waiting      2m30.0s   
step_00550 • [   0% ] waiting      3m00.0s   
step_00600 • [   0% ] waiting      3m30.0s   
step_00650 • [   0% ] waiting      4m00.0s   
step_00700 • [   0% ] waiting      4m30.0s   
step_00750 • [   0% ] waiting      5m00.0s   
step_00800 • [   0% ] waiting      5m30.0s   

running (2m01.0s), 0001/0310 VUs, 15244 complete and 0 interrupted iterations
step_00050 ✓ [ 100% ] 000/020 VUs  30s        50.00 iters/s
step_00100 ✓ [ 100% ] 000/020 VUs  30s        100.00 iters/s
step_00150 ✓ [ 100% ] 000/030 VUs  30s        150.00 iters/s
step_00200 ✓ [ 100% ] 000/040 VUs  30s        200.00 iters/s
step_00250   [   3% ] 001/050 VUs  01.0s/30s  250.00 iters/s
step_00300 • [   0% ] waiting      0m29.0s   
step_00350 • [   0% ] waiting      0m59.0s   
step_00400 • [   0% ] waiting      1m29.0s   
step_00450 • [   0% ] waiting      1m59.0s   
step_00500 • [   0% ] waiting      2m29.0s   
step_00550 • [   0% ] waiting      2m59.0s   
step_00600 • [   0% ] waiting      3m29.0s   
step_00650 • [   0% ] waiting      3m59.0s   
step_00700 • [   0% ] waiting      4m29.0s   
step_00750 • [   0% ] waiting      4m59.0s   
step_00800 • [   0% ] waiting      5m29.0s   

running (2m02.0s), 0001/0310 VUs, 15494 complete and 0 interrupted iterations
step_00050 ✓ [ 100% ] 000/020 VUs  30s        50.00 iters/s
step_00100 ✓ [ 100% ] 000/020 VUs  30s        100.00 iters/s
step_00150 ✓ [ 100% ] 000/030 VUs  30s        150.00 iters/s
step_00200 ✓ [ 100% ] 000/040 VUs  30s        200.00 iters/s
step_00250   [   7% ] 001/050 VUs  02.0s/30s  250.00 iters/s
step_00300 • [   0% ] waiting      0m28.0s   
step_00350 • [   0% ] waiting      0m58.0s   
step_00400 • [   0% ] waiting      1m28.0s   
step_00450 • [   0% ] waiting      1m58.0s   
step_00500 • [   0% ] waiting      2m28.0s   
step_00550 • [   0% ] waiting      2m58.0s   
step_00600 • [   0% ] waiting      3m28.0s   
step_00650 • [   0% ] waiting      3m58.0s   
step_00700 • [   0% ] waiting      4m28.0s   
step_00750 • [   0% ] waiting      4m58.0s   
step_00800 • [   0% ] waiting      5m28.0s   

running (2m03.0s), 0001/0310 VUs, 15744 complete and 0 interrupted iterations
step_00050 ✓ [ 100% ] 000/020 VUs  30s        50.00 iters/s
step_00100 ✓ [ 100% ] 000/020 VUs  30s        100.00 iters/s
step_00150 ✓ [ 100% ] 000/030 VUs  30s        150.00 iters/s
step_00200 ✓ [ 100% ] 000/040 VUs  30s        200.00 iters/s
step_00250   [  10% ] 001/050 VUs  03.0s/30s  250.00 iters/s
step_00300 • [   0% ] waiting      0m27.0s   
step_00350 • [   0% ] waiting      0m57.0s   
step_00400 • [   0% ] waiting      1m27.0s   
step_00450 • [   0% ] waiting      1m57.0s   
step_00500 • [   0% ] waiting      2m27.0s   
step_00550 • [   0% ] waiting      2m57.0s   
step_00600 • [   0% ] waiting      3m27.0s   
step_00650 • [   0% ] waiting      3m57.0s   
step_00700 • [   0% ] waiting      4m27.0s   
step_00750 • [   0% ] waiting      4m57.0s   
step_00800 • [   0% ] waiting      5m27.0s   

running (2m04.0s), 0001/0310 VUs, 15994 complete and 0 interrupted iterations
step_00050 ✓ [ 100% ] 000/020 VUs  30s        50.00 iters/s
step_00100 ✓ [ 100% ] 000/020 VUs  30s        100.00 iters/s
step_00150 ✓ [ 100% ] 000/030 VUs  30s        150.00 iters/s
step_00200 ✓ [ 100% ] 000/040 VUs  30s        200.00 iters/s
step_00250   [  13% ] 001/050 VUs  04.0s/30s  250.00 iters/s
step_00300 • [   0% ] waiting      0m26.0s   
step_00350 • [   0% ] waiting      0m56.0s   
step_00400 • [   0% ] waiting      1m26.0s   
step_00450 • [   0% ] waiting      1m56.0s   
step_00500 • [   0% ] waiting      2m26.0s   
step_00550 • [   0% ] waiting      2m56.0s   
step_00600 • [   0% ] waiting      3m26.0s   
step_00650 • [   0% ] waiting      3m56.0s   
step_00700 • [   0% ] waiting      4m26.0s   
step_00750 • [   0% ] waiting      4m56.0s   
step_00800 • [   0% ] waiting      5m26.0s   

running (2m05.0s), 0000/0310 VUs, 16244 complete and 0 interrupted iterations
step_00050 ✓ [ 100% ] 000/020 VUs  30s        50.00 iters/s
step_00100 ✓ [ 100% ] 000/020 VUs  30s        100.00 iters/s
step_00150 ✓ [ 100% ] 000/030 VUs  30s        150.00 iters/s
step_00200 ✓ [ 100% ] 000/040 VUs  30s        200.00 iters/s
step_00250   [  17% ] 000/050 VUs  05.0s/30s  250.00 iters/s
step_00300 • [   0% ] waiting      0m25.0s   
step_00350 • [   0% ] waiting      0m55.0s   
step_00400 • [   0% ] waiting      1m25.0s   
step_00450 • [   0% ] waiting      1m55.0s   
step_00500 • [   0% ] waiting      2m25.0s   
step_00550 • [   0% ] waiting      2m55.0s   
step_00600 • [   0% ] waiting      3m25.0s   
step_00650 • [   0% ] waiting      3m55.0s   
step_00700 • [   0% ] waiting      4m25.0s   
step_00750 • [   0% ] waiting      4m55.0s   
step_00800 • [   0% ] waiting      5m25.0s   

running (2m06.0s), 0000/0310 VUs, 16494 complete and 0 interrupted iterations
step_00050 ✓ [ 100% ] 000/020 VUs  30s        50.00 iters/s
step_00100 ✓ [ 100% ] 000/020 VUs  30s        100.00 iters/s
step_00150 ✓ [ 100% ] 000/030 VUs  30s        150.00 iters/s
step_00200 ✓ [ 100% ] 000/040 VUs  30s        200.00 iters/s
step_00250   [  20% ] 001/050 VUs  06.0s/30s  250.00 iters/s
step_00300 • [   0% ] waiting      0m24.0s   
step_00350 • [   0% ] waiting      0m54.0s   
step_00400 • [   0% ] waiting      1m24.0s   
step_00450 • [   0% ] waiting      1m54.0s   
step_00500 • [   0% ] waiting      2m24.0s   
step_00550 • [   0% ] waiting      2m54.0s   
step_00600 • [   0% ] waiting      3m24.0s   
step_00650 • [   0% ] waiting      3m54.0s   
step_00700 • [   0% ] waiting      4m24.0s   
step_00750 • [   0% ] waiting      4m54.0s   
step_00800 • [   0% ] waiting      5m24.0s   

running (2m07.0s), 0001/0310 VUs, 16744 complete and 0 interrupted iterations
step_00050 ✓ [ 100% ] 000/020 VUs  30s        50.00 iters/s
step_00100 ✓ [ 100% ] 000/020 VUs  30s        100.00 iters/s
step_00150 ✓ [ 100% ] 000/030 VUs  30s        150.00 iters/s
step_00200 ✓ [ 100% ] 000/040 VUs  30s        200.00 iters/s
step_00250   [  23% ] 001/050 VUs  07.0s/30s  250.00 iters/s
step_00300 • [   0% ] waiting      0m23.0s   
step_00350 • [   0% ] waiting      0m53.0s   
step_00400 • [   0% ] waiting      1m23.0s   
step_00450 • [   0% ] waiting      1m53.0s   
step_00500 • [   0% ] waiting      2m23.0s   
step_00550 • [   0% ] waiting      2m53.0s   
step_00600 • [   0% ] waiting      3m23.0s   
step_00650 • [   0% ] waiting      3m53.0s   
step_00700 • [   0% ] waiting      4m23.0s   
step_00750 • [   0% ] waiting      4m53.0s   
step_00800 • [   0% ] waiting      5m23.0s   

running (2m08.0s), 0001/0310 VUs, 16994 complete and 0 interrupted iterations
step_00050 ✓ [ 100% ] 000/020 VUs  30s        50.00 iters/s
step_00100 ✓ [ 100% ] 000/020 VUs  30s        100.00 iters/s
step_00150 ✓ [ 100% ] 000/030 VUs  30s        150.00 iters/s
step_00200 ✓ [ 100% ] 000/040 VUs  30s        200.00 iters/s
step_00250   [  27% ] 001/050 VUs  08.0s/30s  250.00 iters/s
step_00300 • [   0% ] waiting      0m22.0s   
step_00350 • [   0% ] waiting      0m52.0s   
step_00400 • [   0% ] waiting      1m22.0s   
step_00450 • [   0% ] waiting      1m52.0s   
step_00500 • [   0% ] waiting      2m22.0s   
step_00550 • [   0% ] waiting      2m52.0s   
step_00600 • [   0% ] waiting      3m22.0s   
step_00650 • [   0% ] waiting      3m52.0s   
step_00700 • [   0% ] waiting      4m22.0s   
step_00750 • [   0% ] waiting      4m52.0s   
step_00800 • [   0% ] waiting      5m22.0s   

running (2m09.0s), 0000/0310 VUs, 17244 complete and 0 interrupted iterations
step_00050 ✓ [ 100% ] 000/020 VUs  30s        50.00 iters/s
step_00100 ✓ [ 100% ] 000/020 VUs  30s        100.00 iters/s
step_00150 ✓ [ 100% ] 000/030 VUs  30s        150.00 iters/s
step_00200 ✓ [ 100% ] 000/040 VUs  30s        200.00 iters/s
step_00250   [  30% ] 001/050 VUs  09.0s/30s  250.00 iters/s
step_00300 • [   0% ] waiting      0m21.0s   
step_00350 • [   0% ] waiting      0m51.0s   
step_00400 • [   0% ] waiting      1m21.0s   
step_00450 • [   0% ] waiting      1m51.0s   
step_00500 • [   0% ] waiting      2m21.0s   
step_00550 • [   0% ] waiting      2m51.0s   
step_00600 • [   0% ] waiting      3m21.0s   
step_00650 • [   0% ] waiting      3m51.0s   
step_00700 • [   0% ] waiting      4m21.0s   
step_00750 • [   0% ] waiting      4m51.0s   
step_00800 • [   0% ] waiting      5m21.0s   

running (2m10.0s), 0001/0310 VUs, 17494 complete and 0 interrupted iterations
step_00050 ✓ [ 100% ] 000/020 VUs  30s        50.00 iters/s
step_00100 ✓ [ 100% ] 000/020 VUs  30s        100.00 iters/s
step_00150 ✓ [ 100% ] 000/030 VUs  30s        150.00 iters/s
step_00200 ✓ [ 100% ] 000/040 VUs  30s        200.00 iters/s
step_00250   [  33% ] 001/050 VUs  10.0s/30s  250.00 iters/s
step_00300 • [   0% ] waiting      0m20.0s   
step_00350 • [   0% ] waiting      0m50.0s   
step_00400 • [   0% ] waiting      1m20.0s   
step_00450 • [   0% ] waiting      1m50.0s   
step_00500 • [   0% ] waiting      2m20.0s   
step_00550 • [   0% ] waiting      2m50.0s   
step_00600 • [   0% ] waiting      3m20.0s   
step_00650 • [   0% ] waiting      3m50.0s   
step_00700 • [   0% ] waiting      4m20.0s   
step_00750 • [   0% ] waiting      4m50.0s   
step_00800 • [   0% ] waiting      5m20.0s   

running (2m11.0s), 0000/0310 VUs, 17744 complete and 0 interrupted iterations
step_00050 ✓ [ 100% ] 000/020 VUs  30s        50.00 iters/s
step_00100 ✓ [ 100% ] 000/020 VUs  30s        100.00 iters/s
step_00150 ✓ [ 100% ] 000/030 VUs  30s        150.00 iters/s
step_00200 ✓ [ 100% ] 000/040 VUs  30s        200.00 iters/s
step_00250   [  37% ] 000/050 VUs  11.0s/30s  250.00 iters/s
step_00300 • [   0% ] waiting      0m19.0s   
step_00350 • [   0% ] waiting      0m49.0s   
step_00400 • [   0% ] waiting      1m19.0s   
step_00450 • [   0% ] waiting      1m49.0s   
step_00500 • [   0% ] waiting      2m19.0s   
step_00550 • [   0% ] waiting      2m49.0s   
step_00600 • [   0% ] waiting      3m19.0s   
step_00650 • [   0% ] waiting      3m49.0s   
step_00700 • [   0% ] waiting      4m19.0s   
step_00750 • [   0% ] waiting      4m49.0s   
step_00800 • [   0% ] waiting      5m19.0s   

running (2m12.0s), 0000/0310 VUs, 17994 complete and 0 interrupted iterations
step_00050 ✓ [ 100% ] 000/020 VUs  30s        50.00 iters/s
step_00100 ✓ [ 100% ] 000/020 VUs  30s        100.00 iters/s
step_00150 ✓ [ 100% ] 000/030 VUs  30s        150.00 iters/s
step_00200 ✓ [ 100% ] 000/040 VUs  30s        200.00 iters/s
step_00250   [  40% ] 000/050 VUs  12.0s/30s  250.00 iters/s
step_00300 • [   0% ] waiting      0m18.0s   
step_00350 • [   0% ] waiting      0m48.0s   
step_00400 • [   0% ] waiting      1m18.0s   
step_00450 • [   0% ] waiting      1m48.0s   
step_00500 • [   0% ] waiting      2m18.0s   
step_00550 • [   0% ] waiting      2m48.0s   
step_00600 • [   0% ] waiting      3m18.0s   
step_00650 • [   0% ] waiting      3m48.0s   
step_00700 • [   0% ] waiting      4m18.0s   
step_00750 • [   0% ] waiting      4m48.0s   
step_00800 • [   0% ] waiting      5m18.0s   

running (2m13.0s), 0001/0310 VUs, 18244 complete and 0 interrupted iterations
step_00050 ✓ [ 100% ] 000/020 VUs  30s        50.00 iters/s
step_00100 ✓ [ 100% ] 000/020 VUs  30s        100.00 iters/s
step_00150 ✓ [ 100% ] 000/030 VUs  30s        150.00 iters/s
step_00200 ✓ [ 100% ] 000/040 VUs  30s        200.00 iters/s
step_00250   [  43% ] 001/050 VUs  13.0s/30s  250.00 iters/s
step_00300 • [   0% ] waiting      0m17.0s   
step_00350 • [   0% ] waiting      0m47.0s   
step_00400 • [   0% ] waiting      1m17.0s   
step_00450 • [   0% ] waiting      1m47.0s   
step_00500 • [   0% ] waiting      2m17.0s   
step_00550 • [   0% ] waiting      2m47.0s   
step_00600 • [   0% ] waiting      3m17.0s   
step_00650 • [   0% ] waiting      3m47.0s   
step_00700 • [   0% ] waiting      4m17.0s   
step_00750 • [   0% ] waiting      4m47.0s   
step_00800 • [   0% ] waiting      5m17.0s   

running (2m14.0s), 0003/0310 VUs, 18492 complete and 0 interrupted iterations
step_00050 ✓ [ 100% ] 000/020 VUs  30s        50.00 iters/s
step_00100 ✓ [ 100% ] 000/020 VUs  30s        100.00 iters/s
step_00150 ✓ [ 100% ] 000/030 VUs  30s        150.00 iters/s
step_00200 ✓ [ 100% ] 000/040 VUs  30s        200.00 iters/s
step_00250   [  47% ] 003/050 VUs  14.0s/30s  250.00 iters/s
step_00300 • [   0% ] waiting      0m16.0s   
step_00350 • [   0% ] waiting      0m46.0s   
step_00400 • [   0% ] waiting      1m16.0s   
step_00450 • [   0% ] waiting      1m46.0s   
step_00500 • [   0% ] waiting      2m16.0s   
step_00550 • [   0% ] waiting      2m46.0s   
step_00600 • [   0% ] waiting      3m16.0s   
step_00650 • [   0% ] waiting      3m46.0s   
step_00700 • [   0% ] waiting      4m16.0s   
step_00750 • [   0% ] waiting      4m46.0s   
step_00800 • [   0% ] waiting      5m16.0s   

running (2m15.0s), 0000/0310 VUs, 18744 complete and 0 interrupted iterations
step_00050 ✓ [ 100% ] 000/020 VUs  30s        50.00 iters/s
step_00100 ✓ [ 100% ] 000/020 VUs  30s        100.00 iters/s
step_00150 ✓ [ 100% ] 000/030 VUs  30s        150.00 iters/s
step_00200 ✓ [ 100% ] 000/040 VUs  30s        200.00 iters/s
step_00250   [  50% ] 001/050 VUs  15.0s/30s  250.00 iters/s
step_00300 • [   0% ] waiting      0m15.0s   
step_00350 • [   0% ] waiting      0m45.0s   
step_00400 • [   0% ] waiting      1m15.0s   
step_00450 • [   0% ] waiting      1m45.0s   
step_00500 • [   0% ] waiting      2m15.0s   
step_00550 • [   0% ] waiting      2m45.0s   
step_00600 • [   0% ] waiting      3m15.0s   
step_00650 • [   0% ] waiting      3m45.0s   
step_00700 • [   0% ] waiting      4m15.0s   
step_00750 • [   0% ] waiting      4m45.0s   
step_00800 • [   0% ] waiting      5m15.0s   

running (2m16.0s), 0000/0310 VUs, 18994 complete and 0 interrupted iterations
step_00050 ✓ [ 100% ] 000/020 VUs  30s        50.00 iters/s
step_00100 ✓ [ 100% ] 000/020 VUs  30s        100.00 iters/s
step_00150 ✓ [ 100% ] 000/030 VUs  30s        150.00 iters/s
step_00200 ✓ [ 100% ] 000/040 VUs  30s        200.00 iters/s
step_00250   [  53% ] 001/050 VUs  16.0s/30s  250.00 iters/s
step_00300 • [   0% ] waiting      0m14.0s   
step_00350 • [   0% ] waiting      0m44.0s   
step_00400 • [   0% ] waiting      1m14.0s   
step_00450 • [   0% ] waiting      1m44.0s   
step_00500 • [   0% ] waiting      2m14.0s   
step_00550 • [   0% ] waiting      2m44.0s   
step_00600 • [   0% ] waiting      3m14.0s   
step_00650 • [   0% ] waiting      3m44.0s   
step_00700 • [   0% ] waiting      4m14.0s   
step_00750 • [   0% ] waiting      4m44.0s   
step_00800 • [   0% ] waiting      5m14.0s   

running (2m17.0s), 0000/0310 VUs, 19244 complete and 0 interrupted iterations
step_00050 ✓ [ 100% ] 000/020 VUs  30s        50.00 iters/s
step_00100 ✓ [ 100% ] 000/020 VUs  30s        100.00 iters/s
step_00150 ✓ [ 100% ] 000/030 VUs  30s        150.00 iters/s
step_00200 ✓ [ 100% ] 000/040 VUs  30s        200.00 iters/s
step_00250   [  57% ] 000/050 VUs  17.0s/30s  250.00 iters/s
step_00300 • [   0% ] waiting      0m13.0s   
step_00350 • [   0% ] waiting      0m43.0s   
step_00400 • [   0% ] waiting      1m13.0s   
step_00450 • [   0% ] waiting      1m43.0s   
step_00500 • [   0% ] waiting      2m13.0s   
step_00550 • [   0% ] waiting      2m43.0s   
step_00600 • [   0% ] waiting      3m13.0s   
step_00650 • [   0% ] waiting      3m43.0s   
step_00700 • [   0% ] waiting      4m13.0s   
step_00750 • [   0% ] waiting      4m43.0s   
step_00800 • [   0% ] waiting      5m13.0s   

running (2m18.0s), 0001/0310 VUs, 19494 complete and 0 interrupted iterations
step_00050 ✓ [ 100% ] 000/020 VUs  30s        50.00 iters/s
step_00100 ✓ [ 100% ] 000/020 VUs  30s        100.00 iters/s
step_00150 ✓ [ 100% ] 000/030 VUs  30s        150.00 iters/s
step_00200 ✓ [ 100% ] 000/040 VUs  30s        200.00 iters/s
step_00250   [  60% ] 001/050 VUs  18.0s/30s  250.00 iters/s
step_00300 • [   0% ] waiting      0m12.0s   
step_00350 • [   0% ] waiting      0m42.0s   
step_00400 • [   0% ] waiting      1m12.0s   
step_00450 • [   0% ] waiting      1m42.0s   
step_00500 • [   0% ] waiting      2m12.0s   
step_00550 • [   0% ] waiting      2m42.0s   
step_00600 • [   0% ] waiting      3m12.0s   
step_00650 • [   0% ] waiting      3m42.0s   
step_00700 • [   0% ] waiting      4m12.0s   
step_00750 • [   0% ] waiting      4m42.0s   
step_00800 • [   0% ] waiting      5m12.0s   

running (2m19.0s), 0001/0310 VUs, 19744 complete and 0 interrupted iterations
step_00050 ✓ [ 100% ] 000/020 VUs  30s        50.00 iters/s
step_00100 ✓ [ 100% ] 000/020 VUs  30s        100.00 iters/s
step_00150 ✓ [ 100% ] 000/030 VUs  30s        150.00 iters/s
step_00200 ✓ [ 100% ] 000/040 VUs  30s        200.00 iters/s
step_00250   [  63% ] 001/050 VUs  19.0s/30s  250.00 iters/s
step_00300 • [   0% ] waiting      0m11.0s   
step_00350 • [   0% ] waiting      0m41.0s   
step_00400 • [   0% ] waiting      1m11.0s   
step_00450 • [   0% ] waiting      1m41.0s   
step_00500 • [   0% ] waiting      2m11.0s   
step_00550 • [   0% ] waiting      2m41.0s   
step_00600 • [   0% ] waiting      3m11.0s   
step_00650 • [   0% ] waiting      3m41.0s   
step_00700 • [   0% ] waiting      4m11.0s   
step_00750 • [   0% ] waiting      4m41.0s   
step_00800 • [   0% ] waiting      5m11.0s   

running (2m20.0s), 0000/0310 VUs, 19994 complete and 0 interrupted iterations
step_00050 ✓ [ 100% ] 000/020 VUs  30s        50.00 iters/s
step_00100 ✓ [ 100% ] 000/020 VUs  30s        100.00 iters/s
step_00150 ✓ [ 100% ] 000/030 VUs  30s        150.00 iters/s
step_00200 ✓ [ 100% ] 000/040 VUs  30s        200.00 iters/s
step_00250   [  67% ] 001/050 VUs  20.0s/30s  250.00 iters/s
step_00300 • [   0% ] waiting      0m10.0s   
step_00350 • [   0% ] waiting      0m40.0s   
step_00400 • [   0% ] waiting      1m10.0s   
step_00450 • [   0% ] waiting      1m40.0s   
step_00500 • [   0% ] waiting      2m10.0s   
step_00550 • [   0% ] waiting      2m40.0s   
step_00600 • [   0% ] waiting      3m10.0s   
step_00650 • [   0% ] waiting      3m40.0s   
step_00700 • [   0% ] waiting      4m10.0s   
step_00750 • [   0% ] waiting      4m40.0s   
step_00800 • [   0% ] waiting      5m10.0s   

running (2m21.0s), 0002/0310 VUs, 20243 complete and 0 interrupted iterations
step_00050 ✓ [ 100% ] 000/020 VUs  30s        50.00 iters/s
step_00100 ✓ [ 100% ] 000/020 VUs  30s        100.00 iters/s
step_00150 ✓ [ 100% ] 000/030 VUs  30s        150.00 iters/s
step_00200 ✓ [ 100% ] 000/040 VUs  30s        200.00 iters/s
step_00250   [  70% ] 002/050 VUs  21.0s/30s  250.00 iters/s
step_00300 • [   0% ] waiting      0m09.0s   
step_00350 • [   0% ] waiting      0m39.0s   
step_00400 • [   0% ] waiting      1m09.0s   
step_00450 • [   0% ] waiting      1m39.0s   
step_00500 • [   0% ] waiting      2m09.0s   
step_00550 • [   0% ] waiting      2m39.0s   
step_00600 • [   0% ] waiting      3m09.0s   
step_00650 • [   0% ] waiting      3m39.0s   
step_00700 • [   0% ] waiting      4m09.0s   
step_00750 • [   0% ] waiting      4m39.0s   
step_00800 • [   0% ] waiting      5m09.0s   

running (2m22.0s), 0000/0310 VUs, 20494 complete and 0 interrupted iterations
step_00050 ✓ [ 100% ] 000/020 VUs  30s        50.00 iters/s
step_00100 ✓ [ 100% ] 000/020 VUs  30s        100.00 iters/s
step_00150 ✓ [ 100% ] 000/030 VUs  30s        150.00 iters/s
step_00200 ✓ [ 100% ] 000/040 VUs  30s        200.00 iters/s
step_00250   [  73% ] 000/050 VUs  22.0s/30s  250.00 iters/s
step_00300 • [   0% ] waiting      0m08.0s   
step_00350 • [   0% ] waiting      0m38.0s   
step_00400 • [   0% ] waiting      1m08.0s   
step_00450 • [   0% ] waiting      1m38.0s   
step_00500 • [   0% ] waiting      2m08.0s   
step_00550 • [   0% ] waiting      2m38.0s   
step_00600 • [   0% ] waiting      3m08.0s   
step_00650 • [   0% ] waiting      3m38.0s   
step_00700 • [   0% ] waiting      4m08.0s   
step_00750 • [   0% ] waiting      4m38.0s   
step_00800 • [   0% ] waiting      5m08.0s   

running (2m23.0s), 0001/0310 VUs, 20744 complete and 0 interrupted iterations
step_00050 ✓ [ 100% ] 000/020 VUs  30s        50.00 iters/s
step_00100 ✓ [ 100% ] 000/020 VUs  30s        100.00 iters/s
step_00150 ✓ [ 100% ] 000/030 VUs  30s        150.00 iters/s
step_00200 ✓ [ 100% ] 000/040 VUs  30s        200.00 iters/s
step_00250   [  77% ] 001/050 VUs  23.0s/30s  250.00 iters/s
step_00300 • [   0% ] waiting      0m07.0s   
step_00350 • [   0% ] waiting      0m37.0s   
step_00400 • [   0% ] waiting      1m07.0s   
step_00450 • [   0% ] waiting      1m37.0s   
step_00500 • [   0% ] waiting      2m07.0s   
step_00550 • [   0% ] waiting      2m37.0s   
step_00600 • [   0% ] waiting      3m07.0s   
step_00650 • [   0% ] waiting      3m37.0s   
step_00700 • [   0% ] waiting      4m07.0s   
step_00750 • [   0% ] waiting      4m37.0s   
step_00800 • [   0% ] waiting      5m07.0s   

running (2m24.0s), 0001/0310 VUs, 20994 complete and 0 interrupted iterations
step_00050 ✓ [ 100% ] 000/020 VUs  30s        50.00 iters/s
step_00100 ✓ [ 100% ] 000/020 VUs  30s        100.00 iters/s
step_00150 ✓ [ 100% ] 000/030 VUs  30s        150.00 iters/s
step_00200 ✓ [ 100% ] 000/040 VUs  30s        200.00 iters/s
step_00250   [  80% ] 001/050 VUs  24.0s/30s  250.00 iters/s
step_00300 • [   0% ] waiting      0m06.0s   
step_00350 • [   0% ] waiting      0m36.0s   
step_00400 • [   0% ] waiting      1m06.0s   
step_00450 • [   0% ] waiting      1m36.0s   
step_00500 • [   0% ] waiting      2m06.0s   
step_00550 • [   0% ] waiting      2m36.0s   
step_00600 • [   0% ] waiting      3m06.0s   
step_00650 • [   0% ] waiting      3m36.0s   
step_00700 • [   0% ] waiting      4m06.0s   
step_00750 • [   0% ] waiting      4m36.0s   
step_00800 • [   0% ] waiting      5m06.0s   

running (2m25.0s), 0000/0310 VUs, 21244 complete and 0 interrupted iterations
step_00050 ✓ [ 100% ] 000/020 VUs  30s        50.00 iters/s
step_00100 ✓ [ 100% ] 000/020 VUs  30s        100.00 iters/s
step_00150 ✓ [ 100% ] 000/030 VUs  30s        150.00 iters/s
step_00200 ✓ [ 100% ] 000/040 VUs  30s        200.00 iters/s
step_00250   [  83% ] 001/050 VUs  25.0s/30s  250.00 iters/s
step_00300 • [   0% ] waiting      0m05.0s   
step_00350 • [   0% ] waiting      0m35.0s   
step_00400 • [   0% ] waiting      1m05.0s   
step_00450 • [   0% ] waiting      1m35.0s   
step_00500 • [   0% ] waiting      2m05.0s   
step_00550 • [   0% ] waiting      2m35.0s   
step_00600 • [   0% ] waiting      3m05.0s   
step_00650 • [   0% ] waiting      3m35.0s   
step_00700 • [   0% ] waiting      4m05.0s   
step_00750 • [   0% ] waiting      4m35.0s   
step_00800 • [   0% ] waiting      5m05.0s   

running (2m26.0s), 0001/0310 VUs, 21494 complete and 0 interrupted iterations
step_00050 ✓ [ 100% ] 000/020 VUs  30s        50.00 iters/s
step_00100 ✓ [ 100% ] 000/020 VUs  30s        100.00 iters/s
step_00150 ✓ [ 100% ] 000/030 VUs  30s        150.00 iters/s
step_00200 ✓ [ 100% ] 000/040 VUs  30s        200.00 iters/s
step_00250   [  87% ] 001/050 VUs  26.0s/30s  250.00 iters/s
step_00300 • [   0% ] waiting      0m04.0s   
step_00350 • [   0% ] waiting      0m34.0s   
step_00400 • [   0% ] waiting      1m04.0s   
step_00450 • [   0% ] waiting      1m34.0s   
step_00500 • [   0% ] waiting      2m04.0s   
step_00550 • [   0% ] waiting      2m34.0s   
step_00600 • [   0% ] waiting      3m04.0s   
step_00650 • [   0% ] waiting      3m34.0s   
step_00700 • [   0% ] waiting      4m04.0s   
step_00750 • [   0% ] waiting      4m34.0s   
step_00800 • [   0% ] waiting      5m04.0s   

running (2m27.0s), 0001/0310 VUs, 21744 complete and 0 interrupted iterations
step_00050 ✓ [ 100% ] 000/020 VUs  30s        50.00 iters/s
step_00100 ✓ [ 100% ] 000/020 VUs  30s        100.00 iters/s
step_00150 ✓ [ 100% ] 000/030 VUs  30s        150.00 iters/s
step_00200 ✓ [ 100% ] 000/040 VUs  30s        200.00 iters/s
step_00250   [  90% ] 001/050 VUs  27.0s/30s  250.00 iters/s
step_00300 • [   0% ] waiting      0m03.0s   
step_00350 • [   0% ] waiting      0m33.0s   
step_00400 • [   0% ] waiting      1m03.0s   
step_00450 • [   0% ] waiting      1m33.0s   
step_00500 • [   0% ] waiting      2m03.0s   
step_00550 • [   0% ] waiting      2m33.0s   
step_00600 • [   0% ] waiting      3m03.0s   
step_00650 • [   0% ] waiting      3m33.0s   
step_00700 • [   0% ] waiting      4m03.0s   
step_00750 • [   0% ] waiting      4m33.0s   
step_00800 • [   0% ] waiting      5m03.0s   

running (2m28.0s), 0001/0310 VUs, 21994 complete and 0 interrupted iterations
step_00050 ✓ [ 100% ] 000/020 VUs  30s        50.00 iters/s
step_00100 ✓ [ 100% ] 000/020 VUs  30s        100.00 iters/s
step_00150 ✓ [ 100% ] 000/030 VUs  30s        150.00 iters/s
step_00200 ✓ [ 100% ] 000/040 VUs  30s        200.00 iters/s
step_00250   [  93% ] 001/050 VUs  28.0s/30s  250.00 iters/s
step_00300 • [   0% ] waiting      0m02.0s   
step_00350 • [   0% ] waiting      0m32.0s   
step_00400 • [   0% ] waiting      1m02.0s   
step_00450 • [   0% ] waiting      1m32.0s   
step_00500 • [   0% ] waiting      2m02.0s   
step_00550 • [   0% ] waiting      2m32.0s   
step_00600 • [   0% ] waiting      3m02.0s   
step_00650 • [   0% ] waiting      3m32.0s   
step_00700 • [   0% ] waiting      4m02.0s   
step_00750 • [   0% ] waiting      4m32.0s   
step_00800 • [   0% ] waiting      5m02.0s   

running (2m29.0s), 0000/0310 VUs, 22244 complete and 0 interrupted iterations
step_00050 ✓ [ 100% ] 000/020 VUs  30s        50.00 iters/s
step_00100 ✓ [ 100% ] 000/020 VUs  30s        100.00 iters/s
step_00150 ✓ [ 100% ] 000/030 VUs  30s        150.00 iters/s
step_00200 ✓ [ 100% ] 000/040 VUs  30s        200.00 iters/s
step_00250   [  97% ] 000/050 VUs  29.0s/30s  250.00 iters/s
step_00300 • [   0% ] waiting      0m01.0s   
step_00350 • [   0% ] waiting      0m31.0s   
step_00400 • [   0% ] waiting      1m01.0s   
step_00450 • [   0% ] waiting      1m31.0s   
step_00500 • [   0% ] waiting      2m01.0s   
step_00550 • [   0% ] waiting      2m31.0s   
step_00600 • [   0% ] waiting      3m01.0s   
step_00650 • [   0% ] waiting      3m31.0s   
step_00700 • [   0% ] waiting      4m01.0s   
step_00750 • [   0% ] waiting      4m31.0s   
step_00800 • [   0% ] waiting      5m01.0s   

running (2m30.0s), 0000/0310 VUs, 22494 complete and 0 interrupted iterations
step_00050 ✓ [ 100% ] 000/020 VUs  30s        50.00 iters/s
step_00100 ✓ [ 100% ] 000/020 VUs  30s        100.00 iters/s
step_00150 ✓ [ 100% ] 000/030 VUs  30s        150.00 iters/s
step_00200 ✓ [ 100% ] 000/040 VUs  30s        200.00 iters/s
step_00250   [ 100% ] 000/050 VUs  30.0s/30s  250.00 iters/s
step_00300 • [   0% ] waiting      0m00.0s   
step_00350 • [   0% ] waiting      0m30.0s   
step_00400 • [   0% ] waiting      1m00.0s   
step_00450 • [   0% ] waiting      1m30.0s   
step_00500 • [   0% ] waiting      2m00.0s   
step_00550 • [   0% ] waiting      2m30.0s   
step_00600 • [   0% ] waiting      3m00.0s   
step_00650 • [   0% ] waiting      3m30.0s   
step_00700 • [   0% ] waiting      4m00.0s   
step_00750 • [   0% ] waiting      4m30.0s   
step_00800 • [   0% ] waiting      5m00.0s   

running (2m31.0s), 0000/0310 VUs, 22794 complete and 0 interrupted iterations
step_00050 ✓ [ 100% ] 000/020 VUs  30s        50.00 iters/s
step_00100 ✓ [ 100% ] 000/020 VUs  30s        100.00 iters/s
step_00150 ✓ [ 100% ] 000/030 VUs  30s        150.00 iters/s
step_00200 ✓ [ 100% ] 000/040 VUs  30s        200.00 iters/s
step_00250 ✓ [ 100% ] 000/050 VUs  30s        250.00 iters/s
step_00300   [   3% ] 000/060 VUs  01.0s/30s  300.00 iters/s
step_00350 • [   0% ] waiting      0m29.0s   
step_00400 • [   0% ] waiting      0m59.0s   
step_00450 • [   0% ] waiting      1m29.0s   
step_00500 • [   0% ] waiting      1m59.0s   
step_00550 • [   0% ] waiting      2m29.0s   
step_00600 • [   0% ] waiting      2m59.0s   
step_00650 • [   0% ] waiting      3m29.0s   
step_00700 • [   0% ] waiting      3m59.0s   
step_00750 • [   0% ] waiting      4m29.0s   
step_00800 • [   0% ] waiting      4m59.0s   

running (2m32.0s), 0000/0310 VUs, 23094 complete and 0 interrupted iterations
step_00050 ✓ [ 100% ] 000/020 VUs  30s        50.00 iters/s
step_00100 ✓ [ 100% ] 000/020 VUs  30s        100.00 iters/s
step_00150 ✓ [ 100% ] 000/030 VUs  30s        150.00 iters/s
step_00200 ✓ [ 100% ] 000/040 VUs  30s        200.00 iters/s
step_00250 ✓ [ 100% ] 000/050 VUs  30s        250.00 iters/s
step_00300   [   7% ] 000/060 VUs  02.0s/30s  300.00 iters/s
step_00350 • [   0% ] waiting      0m28.0s   
step_00400 • [   0% ] waiting      0m58.0s   
step_00450 • [   0% ] waiting      1m28.0s   
step_00500 • [   0% ] waiting      1m58.0s   
step_00550 • [   0% ] waiting      2m28.0s   
step_00600 • [   0% ] waiting      2m58.0s   
step_00650 • [   0% ] waiting      3m28.0s   
step_00700 • [   0% ] waiting      3m58.0s   
step_00750 • [   0% ] waiting      4m28.0s   
step_00800 • [   0% ] waiting      4m58.0s   

running (2m33.0s), 0000/0310 VUs, 23394 complete and 0 interrupted iterations
step_00050 ✓ [ 100% ] 000/020 VUs  30s        50.00 iters/s
step_00100 ✓ [ 100% ] 000/020 VUs  30s        100.00 iters/s
step_00150 ✓ [ 100% ] 000/030 VUs  30s        150.00 iters/s
step_00200 ✓ [ 100% ] 000/040 VUs  30s        200.00 iters/s
step_00250 ✓ [ 100% ] 000/050 VUs  30s        250.00 iters/s
step_00300   [  10% ] 000/060 VUs  03.0s/30s  300.00 iters/s
step_00350 • [   0% ] waiting      0m27.0s   
step_00400 • [   0% ] waiting      0m57.0s   
step_00450 • [   0% ] waiting      1m27.0s   
step_00500 • [   0% ] waiting      1m57.0s   
step_00550 • [   0% ] waiting      2m27.0s   
step_00600 • [   0% ] waiting      2m57.0s   
step_00650 • [   0% ] waiting      3m27.0s   
step_00700 • [   0% ] waiting      3m57.0s   
step_00750 • [   0% ] waiting      4m27.0s   
step_00800 • [   0% ] waiting      4m57.0s   

running (2m34.0s), 0001/0310 VUs, 23693 complete and 0 interrupted iterations
step_00050 ✓ [ 100% ] 000/020 VUs  30s        50.00 iters/s
step_00100 ✓ [ 100% ] 000/020 VUs  30s        100.00 iters/s
step_00150 ✓ [ 100% ] 000/030 VUs  30s        150.00 iters/s
step_00200 ✓ [ 100% ] 000/040 VUs  30s        200.00 iters/s
step_00250 ✓ [ 100% ] 000/050 VUs  30s        250.00 iters/s
step_00300   [  13% ] 001/060 VUs  04.0s/30s  300.00 iters/s
step_00350 • [   0% ] waiting      0m26.0s   
step_00400 • [   0% ] waiting      0m56.0s   
step_00450 • [   0% ] waiting      1m26.0s   
step_00500 • [   0% ] waiting      1m56.0s   
step_00550 • [   0% ] waiting      2m26.0s   
step_00600 • [   0% ] waiting      2m56.0s   
step_00650 • [   0% ] waiting      3m26.0s   
step_00700 • [   0% ] waiting      3m56.0s   
step_00750 • [   0% ] waiting      4m26.0s   
step_00800 • [   0% ] waiting      4m56.0s   

running (2m35.0s), 0000/0310 VUs, 23994 complete and 0 interrupted iterations
step_00050 ✓ [ 100% ] 000/020 VUs  30s        50.00 iters/s
step_00100 ✓ [ 100% ] 000/020 VUs  30s        100.00 iters/s
step_00150 ✓ [ 100% ] 000/030 VUs  30s        150.00 iters/s
step_00200 ✓ [ 100% ] 000/040 VUs  30s        200.00 iters/s
step_00250 ✓ [ 100% ] 000/050 VUs  30s        250.00 iters/s
step_00300   [  17% ] 000/060 VUs  05.0s/30s  300.00 iters/s
step_00350 • [   0% ] waiting      0m25.0s   
step_00400 • [   0% ] waiting      0m55.0s   
step_00450 • [   0% ] waiting      1m25.0s   
step_00500 • [   0% ] waiting      1m55.0s   
step_00550 • [   0% ] waiting      2m25.0s   
step_00600 • [   0% ] waiting      2m55.0s   
step_00650 • [   0% ] waiting      3m25.0s   
step_00700 • [   0% ] waiting      3m55.0s   
step_00750 • [   0% ] waiting      4m25.0s   
step_00800 • [   0% ] waiting      4m55.0s   

running (2m36.0s), 0000/0310 VUs, 24294 complete and 0 interrupted iterations
step_00050 ✓ [ 100% ] 000/020 VUs  30s        50.00 iters/s
step_00100 ✓ [ 100% ] 000/020 VUs  30s        100.00 iters/s
step_00150 ✓ [ 100% ] 000/030 VUs  30s        150.00 iters/s
step_00200 ✓ [ 100% ] 000/040 VUs  30s        200.00 iters/s
step_00250 ✓ [ 100% ] 000/050 VUs  30s        250.00 iters/s
step_00300   [  20% ] 000/060 VUs  06.0s/30s  300.00 iters/s
step_00350 • [   0% ] waiting      0m24.0s   
step_00400 • [   0% ] waiting      0m54.0s   
step_00450 • [   0% ] waiting      1m24.0s   
step_00500 • [   0% ] waiting      1m54.0s   
step_00550 • [   0% ] waiting      2m24.0s   
step_00600 • [   0% ] waiting      2m54.0s   
step_00650 • [   0% ] waiting      3m24.0s   
step_00700 • [   0% ] waiting      3m54.0s   
step_00750 • [   0% ] waiting      4m24.0s   
step_00800 • [   0% ] waiting      4m54.0s   

running (2m37.0s), 0000/0310 VUs, 24594 complete and 0 interrupted iterations
step_00050 ✓ [ 100% ] 000/020 VUs  30s        50.00 iters/s
step_00100 ✓ [ 100% ] 000/020 VUs  30s        100.00 iters/s
step_00150 ✓ [ 100% ] 000/030 VUs  30s        150.00 iters/s
step_00200 ✓ [ 100% ] 000/040 VUs  30s        200.00 iters/s
step_00250 ✓ [ 100% ] 000/050 VUs  30s        250.00 iters/s
step_00300   [  23% ] 000/060 VUs  07.0s/30s  300.00 iters/s
step_00350 • [   0% ] waiting      0m23.0s   
step_00400 • [   0% ] waiting      0m53.0s   
step_00450 • [   0% ] waiting      1m23.0s   
step_00500 • [   0% ] waiting      1m53.0s   
step_00550 • [   0% ] waiting      2m23.0s   
step_00600 • [   0% ] waiting      2m53.0s   
step_00650 • [   0% ] waiting      3m23.0s   
step_00700 • [   0% ] waiting      3m53.0s   
step_00750 • [   0% ] waiting      4m23.0s   
step_00800 • [   0% ] waiting      4m53.0s   

running (2m38.0s), 0000/0310 VUs, 24894 complete and 0 interrupted iterations
step_00050 ✓ [ 100% ] 000/020 VUs  30s        50.00 iters/s
step_00100 ✓ [ 100% ] 000/020 VUs  30s        100.00 iters/s
step_00150 ✓ [ 100% ] 000/030 VUs  30s        150.00 iters/s
step_00200 ✓ [ 100% ] 000/040 VUs  30s        200.00 iters/s
step_00250 ✓ [ 100% ] 000/050 VUs  30s        250.00 iters/s
step_00300   [  27% ] 000/060 VUs  08.0s/30s  300.00 iters/s
step_00350 • [   0% ] waiting      0m22.0s   
step_00400 • [   0% ] waiting      0m52.0s   
step_00450 • [   0% ] waiting      1m22.0s   
step_00500 • [   0% ] waiting      1m52.0s   
step_00550 • [   0% ] waiting      2m22.0s   
step_00600 • [   0% ] waiting      2m52.0s   
step_00650 • [   0% ] waiting      3m22.0s   
step_00700 • [   0% ] waiting      3m52.0s   
step_00750 • [   0% ] waiting      4m22.0s   
step_00800 • [   0% ] waiting      4m52.0s   

running (2m39.0s), 0000/0310 VUs, 25194 complete and 0 interrupted iterations
step_00050 ✓ [ 100% ] 000/020 VUs  30s        50.00 iters/s
step_00100 ✓ [ 100% ] 000/020 VUs  30s        100.00 iters/s
step_00150 ✓ [ 100% ] 000/030 VUs  30s        150.00 iters/s
step_00200 ✓ [ 100% ] 000/040 VUs  30s        200.00 iters/s
step_00250 ✓ [ 100% ] 000/050 VUs  30s        250.00 iters/s
step_00300   [  30% ] 000/060 VUs  09.0s/30s  300.00 iters/s
step_00350 • [   0% ] waiting      0m21.0s   
step_00400 • [   0% ] waiting      0m51.0s   
step_00450 • [   0% ] waiting      1m21.0s   
step_00500 • [   0% ] waiting      1m51.0s   
step_00550 • [   0% ] waiting      2m21.0s   
step_00600 • [   0% ] waiting      2m51.0s   
step_00650 • [   0% ] waiting      3m21.0s   
step_00700 • [   0% ] waiting      3m51.0s   
step_00750 • [   0% ] waiting      4m21.0s   
step_00800 • [   0% ] waiting      4m51.0s   

running (2m40.0s), 0000/0310 VUs, 25494 complete and 0 interrupted iterations
step_00050 ✓ [ 100% ] 000/020 VUs  30s        50.00 iters/s
step_00100 ✓ [ 100% ] 000/020 VUs  30s        100.00 iters/s
step_00150 ✓ [ 100% ] 000/030 VUs  30s        150.00 iters/s
step_00200 ✓ [ 100% ] 000/040 VUs  30s        200.00 iters/s
step_00250 ✓ [ 100% ] 000/050 VUs  30s        250.00 iters/s
step_00300   [  33% ] 000/060 VUs  10.0s/30s  300.00 iters/s
step_00350 • [   0% ] waiting      0m20.0s   
step_00400 • [   0% ] waiting      0m50.0s   
step_00450 • [   0% ] waiting      1m20.0s   
step_00500 • [   0% ] waiting      1m50.0s   
step_00550 • [   0% ] waiting      2m20.0s   
step_00600 • [   0% ] waiting      2m50.0s   
step_00650 • [   0% ] waiting      3m20.0s   
step_00700 • [   0% ] waiting      3m50.0s   
step_00750 • [   0% ] waiting      4m20.0s   
step_00800 • [   0% ] waiting      4m50.0s   

running (2m41.0s), 0000/0310 VUs, 25794 complete and 0 interrupted iterations
step_00050 ✓ [ 100% ] 000/020 VUs  30s        50.00 iters/s
step_00100 ✓ [ 100% ] 000/020 VUs  30s        100.00 iters/s
step_00150 ✓ [ 100% ] 000/030 VUs  30s        150.00 iters/s
step_00200 ✓ [ 100% ] 000/040 VUs  30s        200.00 iters/s
step_00250 ✓ [ 100% ] 000/050 VUs  30s        250.00 iters/s
step_00300   [  37% ] 000/060 VUs  11.0s/30s  300.00 iters/s
step_00350 • [   0% ] waiting      0m19.0s   
step_00400 • [   0% ] waiting      0m49.0s   
step_00450 • [   0% ] waiting      1m19.0s   
step_00500 • [   0% ] waiting      1m49.0s   
step_00550 • [   0% ] waiting      2m19.0s   
step_00600 • [   0% ] waiting      2m49.0s   
step_00650 • [   0% ] waiting      3m19.0s   
step_00700 • [   0% ] waiting      3m49.0s   
step_00750 • [   0% ] waiting      4m19.0s   
step_00800 • [   0% ] waiting      4m49.0s   

running (2m42.0s), 0000/0310 VUs, 26094 complete and 0 interrupted iterations
step_00050 ✓ [ 100% ] 000/020 VUs  30s        50.00 iters/s
step_00100 ✓ [ 100% ] 000/020 VUs  30s        100.00 iters/s
step_00150 ✓ [ 100% ] 000/030 VUs  30s        150.00 iters/s
step_00200 ✓ [ 100% ] 000/040 VUs  30s        200.00 iters/s
step_00250 ✓ [ 100% ] 000/050 VUs  30s        250.00 iters/s
step_00300   [  40% ] 000/060 VUs  12.0s/30s  300.00 iters/s
step_00350 • [   0% ] waiting      0m18.0s   
step_00400 • [   0% ] waiting      0m48.0s   
step_00450 • [   0% ] waiting      1m18.0s   
step_00500 • [   0% ] waiting      1m48.0s   
step_00550 • [   0% ] waiting      2m18.0s   
step_00600 • [   0% ] waiting      2m48.0s   
step_00650 • [   0% ] waiting      3m18.0s   
step_00700 • [   0% ] waiting      3m48.0s   
step_00750 • [   0% ] waiting      4m18.0s   
step_00800 • [   0% ] waiting      4m48.0s   

running (2m43.0s), 0000/0310 VUs, 26394 complete and 0 interrupted iterations
step_00050 ✓ [ 100% ] 000/020 VUs  30s        50.00 iters/s
step_00100 ✓ [ 100% ] 000/020 VUs  30s        100.00 iters/s
step_00150 ✓ [ 100% ] 000/030 VUs  30s        150.00 iters/s
step_00200 ✓ [ 100% ] 000/040 VUs  30s        200.00 iters/s
step_00250 ✓ [ 100% ] 000/050 VUs  30s        250.00 iters/s
step_00300   [  43% ] 000/060 VUs  13.0s/30s  300.00 iters/s
step_00350 • [   0% ] waiting      0m17.0s   
step_00400 • [   0% ] waiting      0m47.0s   
step_00450 • [   0% ] waiting      1m17.0s   
step_00500 • [   0% ] waiting      1m47.0s   
step_00550 • [   0% ] waiting      2m17.0s   
step_00600 • [   0% ] waiting      2m47.0s   
step_00650 • [   0% ] waiting      3m17.0s   
step_00700 • [   0% ] waiting      3m47.0s   
step_00750 • [   0% ] waiting      4m17.0s   
step_00800 • [   0% ] waiting      4m47.0s   

running (2m44.0s), 0001/0310 VUs, 26693 complete and 0 interrupted iterations
step_00050 ✓ [ 100% ] 000/020 VUs  30s        50.00 iters/s
step_00100 ✓ [ 100% ] 000/020 VUs  30s        100.00 iters/s
step_00150 ✓ [ 100% ] 000/030 VUs  30s        150.00 iters/s
step_00200 ✓ [ 100% ] 000/040 VUs  30s        200.00 iters/s
step_00250 ✓ [ 100% ] 000/050 VUs  30s        250.00 iters/s
step_00300   [  47% ] 001/060 VUs  14.0s/30s  300.00 iters/s
step_00350 • [   0% ] waiting      0m16.0s   
step_00400 • [   0% ] waiting      0m46.0s   
step_00450 • [   0% ] waiting      1m16.0s   
step_00500 • [   0% ] waiting      1m46.0s   
step_00550 • [   0% ] waiting      2m16.0s   
step_00600 • [   0% ] waiting      2m46.0s   
step_00650 • [   0% ] waiting      3m16.0s   
step_00700 • [   0% ] waiting      3m46.0s   
step_00750 • [   0% ] waiting      4m16.0s   
step_00800 • [   0% ] waiting      4m46.0s   

running (2m45.0s), 0000/0310 VUs, 26994 complete and 0 interrupted iterations
step_00050 ✓ [ 100% ] 000/020 VUs  30s        50.00 iters/s
step_00100 ✓ [ 100% ] 000/020 VUs  30s        100.00 iters/s
step_00150 ✓ [ 100% ] 000/030 VUs  30s        150.00 iters/s
step_00200 ✓ [ 100% ] 000/040 VUs  30s        200.00 iters/s
step_00250 ✓ [ 100% ] 000/050 VUs  30s        250.00 iters/s
step_00300   [  50% ] 000/060 VUs  15.0s/30s  300.00 iters/s
step_00350 • [   0% ] waiting      0m15.0s   
step_00400 • [   0% ] waiting      0m45.0s   
step_00450 • [   0% ] waiting      1m15.0s   
step_00500 • [   0% ] waiting      1m45.0s   
step_00550 • [   0% ] waiting      2m15.0s   
step_00600 • [   0% ] waiting      2m45.0s   
step_00650 • [   0% ] waiting      3m15.0s   
step_00700 • [   0% ] waiting      3m45.0s   
step_00750 • [   0% ] waiting      4m15.0s   
step_00800 • [   0% ] waiting      4m45.0s   

running (2m46.0s), 0000/0310 VUs, 27294 complete and 0 interrupted iterations
step_00050 ✓ [ 100% ] 000/020 VUs  30s        50.00 iters/s
step_00100 ✓ [ 100% ] 000/020 VUs  30s        100.00 iters/s
step_00150 ✓ [ 100% ] 000/030 VUs  30s        150.00 iters/s
step_00200 ✓ [ 100% ] 000/040 VUs  30s        200.00 iters/s
step_00250 ✓ [ 100% ] 000/050 VUs  30s        250.00 iters/s
step_00300   [  53% ] 000/060 VUs  16.0s/30s  300.00 iters/s
step_00350 • [   0% ] waiting      0m14.0s   
step_00400 • [   0% ] waiting      0m44.0s   
step_00450 • [   0% ] waiting      1m14.0s   
step_00500 • [   0% ] waiting      1m44.0s   
step_00550 • [   0% ] waiting      2m14.0s   
step_00600 • [   0% ] waiting      2m44.0s   
step_00650 • [   0% ] waiting      3m14.0s   
step_00700 • [   0% ] waiting      3m44.0s   
step_00750 • [   0% ] waiting      4m14.0s   
step_00800 • [   0% ] waiting      4m44.0s   

running (2m47.0s), 0000/0310 VUs, 27594 complete and 0 interrupted iterations
step_00050 ✓ [ 100% ] 000/020 VUs  30s        50.00 iters/s
step_00100 ✓ [ 100% ] 000/020 VUs  30s        100.00 iters/s
step_00150 ✓ [ 100% ] 000/030 VUs  30s        150.00 iters/s
step_00200 ✓ [ 100% ] 000/040 VUs  30s        200.00 iters/s
step_00250 ✓ [ 100% ] 000/050 VUs  30s        250.00 iters/s
step_00300   [  57% ] 000/060 VUs  17.0s/30s  300.00 iters/s
step_00350 • [   0% ] waiting      0m13.0s   
step_00400 • [   0% ] waiting      0m43.0s   
step_00450 • [   0% ] waiting      1m13.0s   
step_00500 • [   0% ] waiting      1m43.0s   
step_00550 • [   0% ] waiting      2m13.0s   
step_00600 • [   0% ] waiting      2m43.0s   
step_00650 • [   0% ] waiting      3m13.0s   
step_00700 • [   0% ] waiting      3m43.0s   
step_00750 • [   0% ] waiting      4m13.0s   
step_00800 • [   0% ] waiting      4m43.0s   

running (2m48.0s), 0000/0310 VUs, 27894 complete and 0 interrupted iterations
step_00050 ✓ [ 100% ] 000/020 VUs  30s        50.00 iters/s
step_00100 ✓ [ 100% ] 000/020 VUs  30s        100.00 iters/s
step_00150 ✓ [ 100% ] 000/030 VUs  30s        150.00 iters/s
step_00200 ✓ [ 100% ] 000/040 VUs  30s        200.00 iters/s
step_00250 ✓ [ 100% ] 000/050 VUs  30s        250.00 iters/s
step_00300   [  60% ] 000/060 VUs  18.0s/30s  300.00 iters/s
step_00350 • [   0% ] waiting      0m12.0s   
step_00400 • [   0% ] waiting      0m42.0s   
step_00450 • [   0% ] waiting      1m12.0s   
step_00500 • [   0% ] waiting      1m42.0s   
step_00550 • [   0% ] waiting      2m12.0s   
step_00600 • [   0% ] waiting      2m42.0s   
step_00650 • [   0% ] waiting      3m12.0s   
step_00700 • [   0% ] waiting      3m42.0s   
step_00750 • [   0% ] waiting      4m12.0s   
step_00800 • [   0% ] waiting      4m42.0s   

running (2m49.0s), 0000/0310 VUs, 28194 complete and 0 interrupted iterations
step_00050 ✓ [ 100% ] 000/020 VUs  30s        50.00 iters/s
step_00100 ✓ [ 100% ] 000/020 VUs  30s        100.00 iters/s
step_00150 ✓ [ 100% ] 000/030 VUs  30s        150.00 iters/s
step_00200 ✓ [ 100% ] 000/040 VUs  30s        200.00 iters/s
step_00250 ✓ [ 100% ] 000/050 VUs  30s        250.00 iters/s
step_00300   [  63% ] 000/060 VUs  19.0s/30s  300.00 iters/s
step_00350 • [   0% ] waiting      0m11.0s   
step_00400 • [   0% ] waiting      0m41.0s   
step_00450 • [   0% ] waiting      1m11.0s   
step_00500 • [   0% ] waiting      1m41.0s   
step_00550 • [   0% ] waiting      2m11.0s   
step_00600 • [   0% ] waiting      2m41.0s   
step_00650 • [   0% ] waiting      3m11.0s   
step_00700 • [   0% ] waiting      3m41.0s   
step_00750 • [   0% ] waiting      4m11.0s   
step_00800 • [   0% ] waiting      4m41.0s   

running (2m50.0s), 0000/0310 VUs, 28494 complete and 0 interrupted iterations
step_00050 ✓ [ 100% ] 000/020 VUs  30s        50.00 iters/s
step_00100 ✓ [ 100% ] 000/020 VUs  30s        100.00 iters/s
step_00150 ✓ [ 100% ] 000/030 VUs  30s        150.00 iters/s
step_00200 ✓ [ 100% ] 000/040 VUs  30s        200.00 iters/s
step_00250 ✓ [ 100% ] 000/050 VUs  30s        250.00 iters/s
step_00300   [  67% ] 000/060 VUs  20.0s/30s  300.00 iters/s
step_00350 • [   0% ] waiting      0m10.0s   
step_00400 • [   0% ] waiting      0m40.0s   
step_00450 • [   0% ] waiting      1m10.0s   
step_00500 • [   0% ] waiting      1m40.0s   
step_00550 • [   0% ] waiting      2m10.0s   
step_00600 • [   0% ] waiting      2m40.0s   
step_00650 • [   0% ] waiting      3m10.0s   
step_00700 • [   0% ] waiting      3m40.0s   
step_00750 • [   0% ] waiting      4m10.0s   
step_00800 • [   0% ] waiting      4m40.0s   

running (2m51.0s), 0000/0310 VUs, 28794 complete and 0 interrupted iterations
step_00050 ✓ [ 100% ] 000/020 VUs  30s        50.00 iters/s
step_00100 ✓ [ 100% ] 000/020 VUs  30s        100.00 iters/s
step_00150 ✓ [ 100% ] 000/030 VUs  30s        150.00 iters/s
step_00200 ✓ [ 100% ] 000/040 VUs  30s        200.00 iters/s
step_00250 ✓ [ 100% ] 000/050 VUs  30s        250.00 iters/s
step_00300   [  70% ] 000/060 VUs  21.0s/30s  300.00 iters/s
step_00350 • [   0% ] waiting      0m09.0s   
step_00400 • [   0% ] waiting      0m39.0s   
step_00450 • [   0% ] waiting      1m09.0s   
step_00500 • [   0% ] waiting      1m39.0s   
step_00550 • [   0% ] waiting      2m09.0s   
step_00600 • [   0% ] waiting      2m39.0s   
step_00650 • [   0% ] waiting      3m09.0s   
step_00700 • [   0% ] waiting      3m39.0s   
step_00750 • [   0% ] waiting      4m09.0s   
step_00800 • [   0% ] waiting      4m39.0s   

running (2m52.0s), 0000/0310 VUs, 29094 complete and 0 interrupted iterations
step_00050 ✓ [ 100% ] 000/020 VUs  30s        50.00 iters/s
step_00100 ✓ [ 100% ] 000/020 VUs  30s        100.00 iters/s
step_00150 ✓ [ 100% ] 000/030 VUs  30s        150.00 iters/s
step_00200 ✓ [ 100% ] 000/040 VUs  30s        200.00 iters/s
step_00250 ✓ [ 100% ] 000/050 VUs  30s        250.00 iters/s
step_00300   [  73% ] 000/060 VUs  22.0s/30s  300.00 iters/s
step_00350 • [   0% ] waiting      0m08.0s   
step_00400 • [   0% ] waiting      0m38.0s   
step_00450 • [   0% ] waiting      1m08.0s   
step_00500 • [   0% ] waiting      1m38.0s   
step_00550 • [   0% ] waiting      2m08.0s   
step_00600 • [   0% ] waiting      2m38.0s   
step_00650 • [   0% ] waiting      3m08.0s   
step_00700 • [   0% ] waiting      3m38.0s   
step_00750 • [   0% ] waiting      4m08.0s   
step_00800 • [   0% ] waiting      4m38.0s   

running (2m53.0s), 0000/0310 VUs, 29394 complete and 0 interrupted iterations
step_00050 ✓ [ 100% ] 000/020 VUs  30s        50.00 iters/s
step_00100 ✓ [ 100% ] 000/020 VUs  30s        100.00 iters/s
step_00150 ✓ [ 100% ] 000/030 VUs  30s        150.00 iters/s
step_00200 ✓ [ 100% ] 000/040 VUs  30s        200.00 iters/s
step_00250 ✓ [ 100% ] 000/050 VUs  30s        250.00 iters/s
step_00300   [  77% ] 000/060 VUs  23.0s/30s  300.00 iters/s
step_00350 • [   0% ] waiting      0m07.0s   
step_00400 • [   0% ] waiting      0m37.0s   
step_00450 • [   0% ] waiting      1m07.0s   
step_00500 • [   0% ] waiting      1m37.0s   
step_00550 • [   0% ] waiting      2m07.0s   
step_00600 • [   0% ] waiting      2m37.0s   
step_00650 • [   0% ] waiting      3m07.0s   
step_00700 • [   0% ] waiting      3m37.0s   
step_00750 • [   0% ] waiting      4m07.0s   
step_00800 • [   0% ] waiting      4m37.0s   

running (2m54.0s), 0000/0310 VUs, 29694 complete and 0 interrupted iterations
step_00050 ✓ [ 100% ] 000/020 VUs  30s        50.00 iters/s
step_00100 ✓ [ 100% ] 000/020 VUs  30s        100.00 iters/s
step_00150 ✓ [ 100% ] 000/030 VUs  30s        150.00 iters/s
step_00200 ✓ [ 100% ] 000/040 VUs  30s        200.00 iters/s
step_00250 ✓ [ 100% ] 000/050 VUs  30s        250.00 iters/s
step_00300   [  80% ] 000/060 VUs  24.0s/30s  300.00 iters/s
step_00350 • [   0% ] waiting      0m06.0s   
step_00400 • [   0% ] waiting      0m36.0s   
step_00450 • [   0% ] waiting      1m06.0s   
step_00500 • [   0% ] waiting      1m36.0s   
step_00550 • [   0% ] waiting      2m06.0s   
step_00600 • [   0% ] waiting      2m36.0s   
step_00650 • [   0% ] waiting      3m06.0s   
step_00700 • [   0% ] waiting      3m36.0s   
step_00750 • [   0% ] waiting      4m06.0s   
step_00800 • [   0% ] waiting      4m36.0s   

running (2m55.0s), 0000/0310 VUs, 29994 complete and 0 interrupted iterations
step_00050 ✓ [ 100% ] 000/020 VUs  30s        50.00 iters/s
step_00100 ✓ [ 100% ] 000/020 VUs  30s        100.00 iters/s
step_00150 ✓ [ 100% ] 000/030 VUs  30s        150.00 iters/s
step_00200 ✓ [ 100% ] 000/040 VUs  30s        200.00 iters/s
step_00250 ✓ [ 100% ] 000/050 VUs  30s        250.00 iters/s
step_00300   [  83% ] 000/060 VUs  25.0s/30s  300.00 iters/s
step_00350 • [   0% ] waiting      0m05.0s   
step_00400 • [   0% ] waiting      0m35.0s   
step_00450 • [   0% ] waiting      1m05.0s   
step_00500 • [   0% ] waiting      1m35.0s   
step_00550 • [   0% ] waiting      2m05.0s   
step_00600 • [   0% ] waiting      2m35.0s   
step_00650 • [   0% ] waiting      3m05.0s   
step_00700 • [   0% ] waiting      3m35.0s   
step_00750 • [   0% ] waiting      4m05.0s   
step_00800 • [   0% ] waiting      4m35.0s   

running (2m56.0s), 0002/0310 VUs, 30292 complete and 0 interrupted iterations
step_00050 ✓ [ 100% ] 000/020 VUs  30s        50.00 iters/s
step_00100 ✓ [ 100% ] 000/020 VUs  30s        100.00 iters/s
step_00150 ✓ [ 100% ] 000/030 VUs  30s        150.00 iters/s
step_00200 ✓ [ 100% ] 000/040 VUs  30s        200.00 iters/s
step_00250 ✓ [ 100% ] 000/050 VUs  30s        250.00 iters/s
step_00300   [  87% ] 002/060 VUs  26.0s/30s  300.00 iters/s
step_00350 • [   0% ] waiting      0m04.0s   
step_00400 • [   0% ] waiting      0m34.0s   
step_00450 • [   0% ] waiting      1m04.0s   
step_00500 • [   0% ] waiting      1m34.0s   
step_00550 • [   0% ] waiting      2m04.0s   
step_00600 • [   0% ] waiting      2m34.0s   
step_00650 • [   0% ] waiting      3m04.0s   
step_00700 • [   0% ] waiting      3m34.0s   
step_00750 • [   0% ] waiting      4m04.0s   
step_00800 • [   0% ] waiting      4m34.0s   

running (2m57.0s), 0001/0310 VUs, 30593 complete and 0 interrupted iterations
step_00050 ✓ [ 100% ] 000/020 VUs  30s        50.00 iters/s
step_00100 ✓ [ 100% ] 000/020 VUs  30s        100.00 iters/s
step_00150 ✓ [ 100% ] 000/030 VUs  30s        150.00 iters/s
step_00200 ✓ [ 100% ] 000/040 VUs  30s        200.00 iters/s
step_00250 ✓ [ 100% ] 000/050 VUs  30s        250.00 iters/s
step_00300   [  90% ] 001/060 VUs  27.0s/30s  300.00 iters/s
step_00350 • [   0% ] waiting      0m03.0s   
step_00400 • [   0% ] waiting      0m33.0s   
step_00450 • [   0% ] waiting      1m03.0s   
step_00500 • [   0% ] waiting      1m33.0s   
step_00550 • [   0% ] waiting      2m03.0s   
step_00600 • [   0% ] waiting      2m33.0s   
step_00650 • [   0% ] waiting      3m03.0s   
step_00700 • [   0% ] waiting      3m33.0s   
step_00750 • [   0% ] waiting      4m03.0s   
step_00800 • [   0% ] waiting      4m33.0s   

running (2m58.0s), 0000/0310 VUs, 30894 complete and 0 interrupted iterations
step_00050 ✓ [ 100% ] 000/020 VUs  30s        50.00 iters/s
step_00100 ✓ [ 100% ] 000/020 VUs  30s        100.00 iters/s
step_00150 ✓ [ 100% ] 000/030 VUs  30s        150.00 iters/s
step_00200 ✓ [ 100% ] 000/040 VUs  30s        200.00 iters/s
step_00250 ✓ [ 100% ] 000/050 VUs  30s        250.00 iters/s
step_00300   [  93% ] 000/060 VUs  28.0s/30s  300.00 iters/s
step_00350 • [   0% ] waiting      0m02.0s   
step_00400 • [   0% ] waiting      0m32.0s   
step_00450 • [   0% ] waiting      1m02.0s   
step_00500 • [   0% ] waiting      1m32.0s   
step_00550 • [   0% ] waiting      2m02.0s   
step_00600 • [   0% ] waiting      2m32.0s   
step_00650 • [   0% ] waiting      3m02.0s   
step_00700 • [   0% ] waiting      3m32.0s   
step_00750 • [   0% ] waiting      4m02.0s   
step_00800 • [   0% ] waiting      4m32.0s   

running (2m59.0s), 0000/0310 VUs, 31194 complete and 0 interrupted iterations
step_00050 ✓ [ 100% ] 000/020 VUs  30s        50.00 iters/s
step_00100 ✓ [ 100% ] 000/020 VUs  30s        100.00 iters/s
step_00150 ✓ [ 100% ] 000/030 VUs  30s        150.00 iters/s
step_00200 ✓ [ 100% ] 000/040 VUs  30s        200.00 iters/s
step_00250 ✓ [ 100% ] 000/050 VUs  30s        250.00 iters/s
step_00300   [  97% ] 000/060 VUs  29.0s/30s  300.00 iters/s
step_00350 • [   0% ] waiting      0m01.0s   
step_00400 • [   0% ] waiting      0m31.0s   
step_00450 • [   0% ] waiting      1m01.0s   
step_00500 • [   0% ] waiting      1m31.0s   
step_00550 • [   0% ] waiting      2m01.0s   
step_00600 • [   0% ] waiting      2m31.0s   
step_00650 • [   0% ] waiting      3m01.0s   
step_00700 • [   0% ] waiting      3m31.0s   
step_00750 • [   0% ] waiting      4m01.0s   
step_00800 • [   0% ] waiting      4m31.0s   

running (3m00.0s), 0000/0310 VUs, 31494 complete and 0 interrupted iterations
step_00050 ✓ [ 100% ] 000/020 VUs  30s        50.00 iters/s
step_00100 ✓ [ 100% ] 000/020 VUs  30s        100.00 iters/s
step_00150 ✓ [ 100% ] 000/030 VUs  30s        150.00 iters/s
step_00200 ✓ [ 100% ] 000/040 VUs  30s        200.00 iters/s
step_00250 ✓ [ 100% ] 000/050 VUs  30s        250.00 iters/s
step_00300   [ 100% ] 000/060 VUs  30.0s/30s  300.00 iters/s
step_00350 • [   0% ] waiting      0m00.0s   
step_00400 • [   0% ] waiting      0m30.0s   
step_00450 • [   0% ] waiting      1m00.0s   
step_00500 • [   0% ] waiting      1m30.0s   
step_00550 • [   0% ] waiting      2m00.0s   
step_00600 • [   0% ] waiting      2m30.0s   
step_00650 • [   0% ] waiting      3m00.0s   
step_00700 • [   0% ] waiting      3m30.0s   
step_00750 • [   0% ] waiting      4m00.0s   
step_00800 • [   0% ] waiting      4m30.0s   

running (3m01.0s), 0001/0310 VUs, 31843 complete and 0 interrupted iterations
step_00050 ✓ [ 100% ] 000/020 VUs    30s        50.00 iters/s
step_00100 ✓ [ 100% ] 000/020 VUs    30s        100.00 iters/s
step_00150 ✓ [ 100% ] 000/030 VUs    30s        150.00 iters/s
step_00200 ✓ [ 100% ] 000/040 VUs    30s        200.00 iters/s
step_00250 ✓ [ 100% ] 000/050 VUs    30s        250.00 iters/s
step_00300 ✓ [ 100% ] 000/060 VUs    30s        300.00 iters/s
step_00350   [   3% ] 0001/0070 VUs  01.0s/30s  350.00 iters/s
step_00400 • [   0% ] waiting        0m29.0s   
step_00450 • [   0% ] waiting        0m59.0s   
step_00500 • [   0% ] waiting        1m29.0s   
step_00550 • [   0% ] waiting        1m59.0s   
step_00600 • [   0% ] waiting        2m29.0s   
step_00650 • [   0% ] waiting        2m59.0s   
step_00700 • [   0% ] waiting        3m29.0s   
step_00750 • [   0% ] waiting        3m59.0s   
step_00800 • [   0% ] waiting        4m29.0s   

running (3m02.0s), 0001/0310 VUs, 32193 complete and 0 interrupted iterations
step_00050 ✓ [ 100% ] 000/020 VUs    30s        50.00 iters/s
step_00100 ✓ [ 100% ] 000/020 VUs    30s        100.00 iters/s
step_00150 ✓ [ 100% ] 000/030 VUs    30s        150.00 iters/s
step_00200 ✓ [ 100% ] 000/040 VUs    30s        200.00 iters/s
step_00250 ✓ [ 100% ] 000/050 VUs    30s        250.00 iters/s
step_00300 ✓ [ 100% ] 000/060 VUs    30s        300.00 iters/s
step_00350   [   7% ] 0001/0070 VUs  02.0s/30s  350.00 iters/s
step_00400 • [   0% ] waiting        0m28.0s   
step_00450 • [   0% ] waiting        0m58.0s   
step_00500 • [   0% ] waiting        1m28.0s   
step_00550 • [   0% ] waiting        1m58.0s   
step_00600 • [   0% ] waiting        2m28.0s   
step_00650 • [   0% ] waiting        2m58.0s   
step_00700 • [   0% ] waiting        3m28.0s   
step_00750 • [   0% ] waiting        3m58.0s   
step_00800 • [   0% ] waiting        4m28.0s   

running (3m03.0s), 0001/0310 VUs, 32543 complete and 0 interrupted iterations
step_00050 ✓ [ 100% ] 000/020 VUs    30s        50.00 iters/s
step_00100 ✓ [ 100% ] 000/020 VUs    30s        100.00 iters/s
step_00150 ✓ [ 100% ] 000/030 VUs    30s        150.00 iters/s
step_00200 ✓ [ 100% ] 000/040 VUs    30s        200.00 iters/s
step_00250 ✓ [ 100% ] 000/050 VUs    30s        250.00 iters/s
step_00300 ✓ [ 100% ] 000/060 VUs    30s        300.00 iters/s
step_00350   [  10% ] 0001/0070 VUs  03.0s/30s  350.00 iters/s
step_00400 • [   0% ] waiting        0m27.0s   
step_00450 • [   0% ] waiting        0m57.0s   
step_00500 • [   0% ] waiting        1m27.0s   
step_00550 • [   0% ] waiting        1m57.0s   
step_00600 • [   0% ] waiting        2m27.0s   
step_00650 • [   0% ] waiting        2m57.0s   
step_00700 • [   0% ] waiting        3m27.0s   
step_00750 • [   0% ] waiting        3m57.0s   
step_00800 • [   0% ] waiting        4m27.0s   

running (3m04.0s), 0001/0310 VUs, 32893 complete and 0 interrupted iterations
step_00050 ✓ [ 100% ] 000/020 VUs    30s        50.00 iters/s
step_00100 ✓ [ 100% ] 000/020 VUs    30s        100.00 iters/s
step_00150 ✓ [ 100% ] 000/030 VUs    30s        150.00 iters/s
step_00200 ✓ [ 100% ] 000/040 VUs    30s        200.00 iters/s
step_00250 ✓ [ 100% ] 000/050 VUs    30s        250.00 iters/s
step_00300 ✓ [ 100% ] 000/060 VUs    30s        300.00 iters/s
step_00350   [  13% ] 0001/0070 VUs  04.0s/30s  350.00 iters/s
step_00400 • [   0% ] waiting        0m26.0s   
step_00450 • [   0% ] waiting        0m56.0s   
step_00500 • [   0% ] waiting        1m26.0s   
step_00550 • [   0% ] waiting        1m56.0s   
step_00600 • [   0% ] waiting        2m26.0s   
step_00650 • [   0% ] waiting        2m56.0s   
step_00700 • [   0% ] waiting        3m26.0s   
step_00750 • [   0% ] waiting        3m56.0s   
step_00800 • [   0% ] waiting        4m26.0s   

running (3m05.0s), 0001/0310 VUs, 33243 complete and 0 interrupted iterations
step_00050 ✓ [ 100% ] 000/020 VUs    30s        50.00 iters/s
step_00100 ✓ [ 100% ] 000/020 VUs    30s        100.00 iters/s
step_00150 ✓ [ 100% ] 000/030 VUs    30s        150.00 iters/s
step_00200 ✓ [ 100% ] 000/040 VUs    30s        200.00 iters/s
step_00250 ✓ [ 100% ] 000/050 VUs    30s        250.00 iters/s
step_00300 ✓ [ 100% ] 000/060 VUs    30s        300.00 iters/s
step_00350   [  17% ] 0001/0070 VUs  05.0s/30s  350.00 iters/s
step_00400 • [   0% ] waiting        0m25.0s   
step_00450 • [   0% ] waiting        0m55.0s   
step_00500 • [   0% ] waiting        1m25.0s   
step_00550 • [   0% ] waiting        1m55.0s   
step_00600 • [   0% ] waiting        2m25.0s   
step_00650 • [   0% ] waiting        2m55.0s   
step_00700 • [   0% ] waiting        3m25.0s   
step_00750 • [   0% ] waiting        3m55.0s   
step_00800 • [   0% ] waiting        4m25.0s   

running (3m06.0s), 0001/0310 VUs, 33593 complete and 0 interrupted iterations
step_00050 ✓ [ 100% ] 000/020 VUs    30s        50.00 iters/s
step_00100 ✓ [ 100% ] 000/020 VUs    30s        100.00 iters/s
step_00150 ✓ [ 100% ] 000/030 VUs    30s        150.00 iters/s
step_00200 ✓ [ 100% ] 000/040 VUs    30s        200.00 iters/s
step_00250 ✓ [ 100% ] 000/050 VUs    30s        250.00 iters/s
step_00300 ✓ [ 100% ] 000/060 VUs    30s        300.00 iters/s
step_00350   [  20% ] 0001/0070 VUs  06.0s/30s  350.00 iters/s
step_00400 • [   0% ] waiting        0m24.0s   
step_00450 • [   0% ] waiting        0m54.0s   
step_00500 • [   0% ] waiting        1m24.0s   
step_00550 • [   0% ] waiting        1m54.0s   
step_00600 • [   0% ] waiting        2m24.0s   
step_00650 • [   0% ] waiting        2m54.0s   
step_00700 • [   0% ] waiting        3m24.0s   
step_00750 • [   0% ] waiting        3m54.0s   
step_00800 • [   0% ] waiting        4m24.0s   

running (3m07.0s), 0000/0310 VUs, 33943 complete and 0 interrupted iterations
step_00050 ✓ [ 100% ] 000/020 VUs    30s        50.00 iters/s
step_00100 ✓ [ 100% ] 000/020 VUs    30s        100.00 iters/s
step_00150 ✓ [ 100% ] 000/030 VUs    30s        150.00 iters/s
step_00200 ✓ [ 100% ] 000/040 VUs    30s        200.00 iters/s
step_00250 ✓ [ 100% ] 000/050 VUs    30s        250.00 iters/s
step_00300 ✓ [ 100% ] 000/060 VUs    30s        300.00 iters/s
step_00350   [  23% ] 0001/0070 VUs  07.0s/30s  350.00 iters/s
step_00400 • [   0% ] waiting        0m23.0s   
step_00450 • [   0% ] waiting        0m53.0s   
step_00500 • [   0% ] waiting        1m23.0s   
step_00550 • [   0% ] waiting        1m53.0s   
step_00600 • [   0% ] waiting        2m23.0s   
step_00650 • [   0% ] waiting        2m53.0s   
step_00700 • [   0% ] waiting        3m23.0s   
step_00750 • [   0% ] waiting        3m53.0s   
step_00800 • [   0% ] waiting        4m23.0s   

running (3m08.0s), 0001/0310 VUs, 34293 complete and 0 interrupted iterations
step_00050 ✓ [ 100% ] 000/020 VUs    30s        50.00 iters/s
step_00100 ✓ [ 100% ] 000/020 VUs    30s        100.00 iters/s
step_00150 ✓ [ 100% ] 000/030 VUs    30s        150.00 iters/s
step_00200 ✓ [ 100% ] 000/040 VUs    30s        200.00 iters/s
step_00250 ✓ [ 100% ] 000/050 VUs    30s        250.00 iters/s
step_00300 ✓ [ 100% ] 000/060 VUs    30s        300.00 iters/s
step_00350   [  27% ] 0001/0070 VUs  08.0s/30s  350.00 iters/s
step_00400 • [   0% ] waiting        0m22.0s   
step_00450 • [   0% ] waiting        0m52.0s   
step_00500 • [   0% ] waiting        1m22.0s   
step_00550 • [   0% ] waiting        1m52.0s   
step_00600 • [   0% ] waiting        2m22.0s   
step_00650 • [   0% ] waiting        2m52.0s   
step_00700 • [   0% ] waiting        3m22.0s   
step_00750 • [   0% ] waiting        3m52.0s   
step_00800 • [   0% ] waiting        4m22.0s   

running (3m09.0s), 0001/0310 VUs, 34643 complete and 0 interrupted iterations
step_00050 ✓ [ 100% ] 000/020 VUs    30s        50.00 iters/s
step_00100 ✓ [ 100% ] 000/020 VUs    30s        100.00 iters/s
step_00150 ✓ [ 100% ] 000/030 VUs    30s        150.00 iters/s
step_00200 ✓ [ 100% ] 000/040 VUs    30s        200.00 iters/s
step_00250 ✓ [ 100% ] 000/050 VUs    30s        250.00 iters/s
step_00300 ✓ [ 100% ] 000/060 VUs    30s        300.00 iters/s
step_00350   [  30% ] 0001/0070 VUs  09.0s/30s  350.00 iters/s
step_00400 • [   0% ] waiting        0m21.0s   
step_00450 • [   0% ] waiting        0m51.0s   
step_00500 • [   0% ] waiting        1m21.0s   
step_00550 • [   0% ] waiting        1m51.0s   
step_00600 • [   0% ] waiting        2m21.0s   
step_00650 • [   0% ] waiting        2m51.0s   
step_00700 • [   0% ] waiting        3m21.0s   
step_00750 • [   0% ] waiting        3m51.0s   
step_00800 • [   0% ] waiting        4m21.0s   

running (3m10.0s), 0001/0310 VUs, 34993 complete and 0 interrupted iterations
step_00050 ✓ [ 100% ] 000/020 VUs    30s        50.00 iters/s
step_00100 ✓ [ 100% ] 000/020 VUs    30s        100.00 iters/s
step_00150 ✓ [ 100% ] 000/030 VUs    30s        150.00 iters/s
step_00200 ✓ [ 100% ] 000/040 VUs    30s        200.00 iters/s
step_00250 ✓ [ 100% ] 000/050 VUs    30s        250.00 iters/s
step_00300 ✓ [ 100% ] 000/060 VUs    30s        300.00 iters/s
step_00350   [  33% ] 0001/0070 VUs  10.0s/30s  350.00 iters/s
step_00400 • [   0% ] waiting        0m20.0s   
step_00450 • [   0% ] waiting        0m50.0s   
step_00500 • [   0% ] waiting        1m20.0s   
step_00550 • [   0% ] waiting        1m50.0s   
step_00600 • [   0% ] waiting        2m20.0s   
step_00650 • [   0% ] waiting        2m50.0s   
step_00700 • [   0% ] waiting        3m20.0s   
step_00750 • [   0% ] waiting        3m50.0s   
step_00800 • [   0% ] waiting        4m20.0s   

running (3m11.0s), 0001/0310 VUs, 35343 complete and 0 interrupted iterations
step_00050 ✓ [ 100% ] 000/020 VUs    30s        50.00 iters/s
step_00100 ✓ [ 100% ] 000/020 VUs    30s        100.00 iters/s
step_00150 ✓ [ 100% ] 000/030 VUs    30s        150.00 iters/s
step_00200 ✓ [ 100% ] 000/040 VUs    30s        200.00 iters/s
step_00250 ✓ [ 100% ] 000/050 VUs    30s        250.00 iters/s
step_00300 ✓ [ 100% ] 000/060 VUs    30s        300.00 iters/s
step_00350   [  37% ] 0001/0070 VUs  11.0s/30s  350.00 iters/s
step_00400 • [   0% ] waiting        0m19.0s   
step_00450 • [   0% ] waiting        0m49.0s   
step_00500 • [   0% ] waiting        1m19.0s   
step_00550 • [   0% ] waiting        1m49.0s   
step_00600 • [   0% ] waiting        2m19.0s   
step_00650 • [   0% ] waiting        2m49.0s   
step_00700 • [   0% ] waiting        3m19.0s   
step_00750 • [   0% ] waiting        3m49.0s   
step_00800 • [   0% ] waiting        4m19.0s   

running (3m12.0s), 0001/0310 VUs, 35693 complete and 0 interrupted iterations
step_00050 ✓ [ 100% ] 000/020 VUs    30s        50.00 iters/s
step_00100 ✓ [ 100% ] 000/020 VUs    30s        100.00 iters/s
step_00150 ✓ [ 100% ] 000/030 VUs    30s        150.00 iters/s
step_00200 ✓ [ 100% ] 000/040 VUs    30s        200.00 iters/s
step_00250 ✓ [ 100% ] 000/050 VUs    30s        250.00 iters/s
step_00300 ✓ [ 100% ] 000/060 VUs    30s        300.00 iters/s
step_00350   [  40% ] 0001/0070 VUs  12.0s/30s  350.00 iters/s
step_00400 • [   0% ] waiting        0m18.0s   
step_00450 • [   0% ] waiting        0m48.0s   
step_00500 • [   0% ] waiting        1m18.0s   
step_00550 • [   0% ] waiting        1m48.0s   
step_00600 • [   0% ] waiting        2m18.0s   
step_00650 • [   0% ] waiting        2m48.0s   
step_00700 • [   0% ] waiting        3m18.0s   
step_00750 • [   0% ] waiting        3m48.0s   
step_00800 • [   0% ] waiting        4m18.0s   

running (3m13.0s), 0001/0310 VUs, 36043 complete and 0 interrupted iterations
step_00050 ✓ [ 100% ] 000/020 VUs    30s        50.00 iters/s
step_00100 ✓ [ 100% ] 000/020 VUs    30s        100.00 iters/s
step_00150 ✓ [ 100% ] 000/030 VUs    30s        150.00 iters/s
step_00200 ✓ [ 100% ] 000/040 VUs    30s        200.00 iters/s
step_00250 ✓ [ 100% ] 000/050 VUs    30s        250.00 iters/s
step_00300 ✓ [ 100% ] 000/060 VUs    30s        300.00 iters/s
step_00350   [  43% ] 0001/0070 VUs  13.0s/30s  350.00 iters/s
step_00400 • [   0% ] waiting        0m17.0s   
step_00450 • [   0% ] waiting        0m47.0s   
step_00500 • [   0% ] waiting        1m17.0s   
step_00550 • [   0% ] waiting        1m47.0s   
step_00600 • [   0% ] waiting        2m17.0s   
step_00650 • [   0% ] waiting        2m47.0s   
step_00700 • [   0% ] waiting        3m17.0s   
step_00750 • [   0% ] waiting        3m47.0s   
step_00800 • [   0% ] waiting        4m17.0s   

running (3m14.0s), 0001/0310 VUs, 36393 complete and 0 interrupted iterations
step_00050 ✓ [ 100% ] 000/020 VUs    30s        50.00 iters/s
step_00100 ✓ [ 100% ] 000/020 VUs    30s        100.00 iters/s
step_00150 ✓ [ 100% ] 000/030 VUs    30s        150.00 iters/s
step_00200 ✓ [ 100% ] 000/040 VUs    30s        200.00 iters/s
step_00250 ✓ [ 100% ] 000/050 VUs    30s        250.00 iters/s
step_00300 ✓ [ 100% ] 000/060 VUs    30s        300.00 iters/s
step_00350   [  47% ] 0001/0070 VUs  14.0s/30s  350.00 iters/s
step_00400 • [   0% ] waiting        0m16.0s   
step_00450 • [   0% ] waiting        0m46.0s   
step_00500 • [   0% ] waiting        1m16.0s   
step_00550 • [   0% ] waiting        1m46.0s   
step_00600 • [   0% ] waiting        2m16.0s   
step_00650 • [   0% ] waiting        2m46.0s   
step_00700 • [   0% ] waiting        3m16.0s   
step_00750 • [   0% ] waiting        3m46.0s   
step_00800 • [   0% ] waiting        4m16.0s   

running (3m15.0s), 0001/0310 VUs, 36743 complete and 0 interrupted iterations
step_00050 ✓ [ 100% ] 000/020 VUs    30s        50.00 iters/s
step_00100 ✓ [ 100% ] 000/020 VUs    30s        100.00 iters/s
step_00150 ✓ [ 100% ] 000/030 VUs    30s        150.00 iters/s
step_00200 ✓ [ 100% ] 000/040 VUs    30s        200.00 iters/s
step_00250 ✓ [ 100% ] 000/050 VUs    30s        250.00 iters/s
step_00300 ✓ [ 100% ] 000/060 VUs    30s        300.00 iters/s
step_00350   [  50% ] 0001/0070 VUs  15.0s/30s  350.00 iters/s
step_00400 • [   0% ] waiting        0m15.0s   
step_00450 • [   0% ] waiting        0m45.0s   
step_00500 • [   0% ] waiting        1m15.0s   
step_00550 • [   0% ] waiting        1m45.0s   
step_00600 • [   0% ] waiting        2m15.0s   
step_00650 • [   0% ] waiting        2m45.0s   
step_00700 • [   0% ] waiting        3m15.0s   
step_00750 • [   0% ] waiting        3m45.0s   
step_00800 • [   0% ] waiting        4m15.0s   

running (3m16.0s), 0001/0310 VUs, 37093 complete and 0 interrupted iterations
step_00050 ✓ [ 100% ] 000/020 VUs    30s        50.00 iters/s
step_00100 ✓ [ 100% ] 000/020 VUs    30s        100.00 iters/s
step_00150 ✓ [ 100% ] 000/030 VUs    30s        150.00 iters/s
step_00200 ✓ [ 100% ] 000/040 VUs    30s        200.00 iters/s
step_00250 ✓ [ 100% ] 000/050 VUs    30s        250.00 iters/s
step_00300 ✓ [ 100% ] 000/060 VUs    30s        300.00 iters/s
step_00350   [  53% ] 0001/0070 VUs  16.0s/30s  350.00 iters/s
step_00400 • [   0% ] waiting        0m14.0s   
step_00450 • [   0% ] waiting        0m44.0s   
step_00500 • [   0% ] waiting        1m14.0s   
step_00550 • [   0% ] waiting        1m44.0s   
step_00600 • [   0% ] waiting        2m14.0s   
step_00650 • [   0% ] waiting        2m44.0s   
step_00700 • [   0% ] waiting        3m14.0s   
step_00750 • [   0% ] waiting        3m44.0s   
step_00800 • [   0% ] waiting        4m14.0s   

running (3m17.0s), 0001/0310 VUs, 37443 complete and 0 interrupted iterations
step_00050 ✓ [ 100% ] 000/020 VUs    30s        50.00 iters/s
step_00100 ✓ [ 100% ] 000/020 VUs    30s        100.00 iters/s
step_00150 ✓ [ 100% ] 000/030 VUs    30s        150.00 iters/s
step_00200 ✓ [ 100% ] 000/040 VUs    30s        200.00 iters/s
step_00250 ✓ [ 100% ] 000/050 VUs    30s        250.00 iters/s
step_00300 ✓ [ 100% ] 000/060 VUs    30s        300.00 iters/s
step_00350   [  57% ] 0001/0070 VUs  17.0s/30s  350.00 iters/s
step_00400 • [   0% ] waiting        0m13.0s   
step_00450 • [   0% ] waiting        0m43.0s   
step_00500 • [   0% ] waiting        1m13.0s   
step_00550 • [   0% ] waiting        1m43.0s   
step_00600 • [   0% ] waiting        2m13.0s   
step_00650 • [   0% ] waiting        2m43.0s   
step_00700 • [   0% ] waiting        3m13.0s   
step_00750 • [   0% ] waiting        3m43.0s   
step_00800 • [   0% ] waiting        4m13.0s   

running (3m18.0s), 0001/0310 VUs, 37793 complete and 0 interrupted iterations
step_00050 ✓ [ 100% ] 000/020 VUs    30s        50.00 iters/s
step_00100 ✓ [ 100% ] 000/020 VUs    30s        100.00 iters/s
step_00150 ✓ [ 100% ] 000/030 VUs    30s        150.00 iters/s
step_00200 ✓ [ 100% ] 000/040 VUs    30s        200.00 iters/s
step_00250 ✓ [ 100% ] 000/050 VUs    30s        250.00 iters/s
step_00300 ✓ [ 100% ] 000/060 VUs    30s        300.00 iters/s
step_00350   [  60% ] 0001/0070 VUs  18.0s/30s  350.00 iters/s
step_00400 • [   0% ] waiting        0m12.0s   
step_00450 • [   0% ] waiting        0m42.0s   
step_00500 • [   0% ] waiting        1m12.0s   
step_00550 • [   0% ] waiting        1m42.0s   
step_00600 • [   0% ] waiting        2m12.0s   
step_00650 • [   0% ] waiting        2m42.0s   
step_00700 • [   0% ] waiting        3m12.0s   
step_00750 • [   0% ] waiting        3m42.0s   
step_00800 • [   0% ] waiting        4m12.0s   

running (3m19.0s), 0001/0310 VUs, 38143 complete and 0 interrupted iterations
step_00050 ✓ [ 100% ] 000/020 VUs    30s        50.00 iters/s
step_00100 ✓ [ 100% ] 000/020 VUs    30s        100.00 iters/s
step_00150 ✓ [ 100% ] 000/030 VUs    30s        150.00 iters/s
step_00200 ✓ [ 100% ] 000/040 VUs    30s        200.00 iters/s
step_00250 ✓ [ 100% ] 000/050 VUs    30s        250.00 iters/s
step_00300 ✓ [ 100% ] 000/060 VUs    30s        300.00 iters/s
step_00350   [  63% ] 0001/0070 VUs  19.0s/30s  350.00 iters/s
step_00400 • [   0% ] waiting        0m11.0s   
step_00450 • [   0% ] waiting        0m41.0s   
step_00500 • [   0% ] waiting        1m11.0s   
step_00550 • [   0% ] waiting        1m41.0s   
step_00600 • [   0% ] waiting        2m11.0s   
step_00650 • [   0% ] waiting        2m41.0s   
step_00700 • [   0% ] waiting        3m11.0s   
step_00750 • [   0% ] waiting        3m41.0s   
step_00800 • [   0% ] waiting        4m11.0s   

running (3m20.0s), 0003/0310 VUs, 38491 complete and 0 interrupted iterations
step_00050 ✓ [ 100% ] 000/020 VUs    30s        50.00 iters/s
step_00100 ✓ [ 100% ] 000/020 VUs    30s        100.00 iters/s
step_00150 ✓ [ 100% ] 000/030 VUs    30s        150.00 iters/s
step_00200 ✓ [ 100% ] 000/040 VUs    30s        200.00 iters/s
step_00250 ✓ [ 100% ] 000/050 VUs    30s        250.00 iters/s
step_00300 ✓ [ 100% ] 000/060 VUs    30s        300.00 iters/s
step_00350   [  67% ] 0003/0070 VUs  20.0s/30s  350.00 iters/s
step_00400 • [   0% ] waiting        0m10.0s   
step_00450 • [   0% ] waiting        0m40.0s   
step_00500 • [   0% ] waiting        1m10.0s   
step_00550 • [   0% ] waiting        1m40.0s   
step_00600 • [   0% ] waiting        2m10.0s   
step_00650 • [   0% ] waiting        2m40.0s   
step_00700 • [   0% ] waiting        3m10.0s   
step_00750 • [   0% ] waiting        3m40.0s   
step_00800 • [   0% ] waiting        4m10.0s   

running (3m21.0s), 0001/0310 VUs, 38843 complete and 0 interrupted iterations
step_00050 ✓ [ 100% ] 000/020 VUs    30s        50.00 iters/s
step_00100 ✓ [ 100% ] 000/020 VUs    30s        100.00 iters/s
step_00150 ✓ [ 100% ] 000/030 VUs    30s        150.00 iters/s
step_00200 ✓ [ 100% ] 000/040 VUs    30s        200.00 iters/s
step_00250 ✓ [ 100% ] 000/050 VUs    30s        250.00 iters/s
step_00300 ✓ [ 100% ] 000/060 VUs    30s        300.00 iters/s
step_00350   [  70% ] 0001/0070 VUs  21.0s/30s  350.00 iters/s
step_00400 • [   0% ] waiting        0m09.0s   
step_00450 • [   0% ] waiting        0m39.0s   
step_00500 • [   0% ] waiting        1m09.0s   
step_00550 • [   0% ] waiting        1m39.0s   
step_00600 • [   0% ] waiting        2m09.0s   
step_00650 • [   0% ] waiting        2m39.0s   
step_00700 • [   0% ] waiting        3m09.0s   
step_00750 • [   0% ] waiting        3m39.0s   
step_00800 • [   0% ] waiting        4m09.0s   

running (3m22.0s), 0001/0310 VUs, 39193 complete and 0 interrupted iterations
step_00050 ✓ [ 100% ] 000/020 VUs    30s        50.00 iters/s
step_00100 ✓ [ 100% ] 000/020 VUs    30s        100.00 iters/s
step_00150 ✓ [ 100% ] 000/030 VUs    30s        150.00 iters/s
step_00200 ✓ [ 100% ] 000/040 VUs    30s        200.00 iters/s
step_00250 ✓ [ 100% ] 000/050 VUs    30s        250.00 iters/s
step_00300 ✓ [ 100% ] 000/060 VUs    30s        300.00 iters/s
step_00350   [  73% ] 0001/0070 VUs  22.0s/30s  350.00 iters/s
step_00400 • [   0% ] waiting        0m08.0s   
step_00450 • [   0% ] waiting        0m38.0s   
step_00500 • [   0% ] waiting        1m08.0s   
step_00550 • [   0% ] waiting        1m38.0s   
step_00600 • [   0% ] waiting        2m08.0s   
step_00650 • [   0% ] waiting        2m38.0s   
step_00700 • [   0% ] waiting        3m08.0s   
step_00750 • [   0% ] waiting        3m38.0s   
step_00800 • [   0% ] waiting        4m08.0s   

running (3m23.0s), 0002/0310 VUs, 39542 complete and 0 interrupted iterations
step_00050 ✓ [ 100% ] 000/020 VUs    30s        50.00 iters/s
step_00100 ✓ [ 100% ] 000/020 VUs    30s        100.00 iters/s
step_00150 ✓ [ 100% ] 000/030 VUs    30s        150.00 iters/s
step_00200 ✓ [ 100% ] 000/040 VUs    30s        200.00 iters/s
step_00250 ✓ [ 100% ] 000/050 VUs    30s        250.00 iters/s
step_00300 ✓ [ 100% ] 000/060 VUs    30s        300.00 iters/s
step_00350   [  77% ] 0002/0070 VUs  23.0s/30s  350.00 iters/s
step_00400 • [   0% ] waiting        0m07.0s   
step_00450 • [   0% ] waiting        0m37.0s   
step_00500 • [   0% ] waiting        1m07.0s   
step_00550 • [   0% ] waiting        1m37.0s   
step_00600 • [   0% ] waiting        2m07.0s   
step_00650 • [   0% ] waiting        2m37.0s   
step_00700 • [   0% ] waiting        3m07.0s   
step_00750 • [   0% ] waiting        3m37.0s   
step_00800 • [   0% ] waiting        4m07.0s   

running (3m24.0s), 0001/0310 VUs, 39893 complete and 0 interrupted iterations
step_00050 ✓ [ 100% ] 000/020 VUs    30s        50.00 iters/s
step_00100 ✓ [ 100% ] 000/020 VUs    30s        100.00 iters/s
step_00150 ✓ [ 100% ] 000/030 VUs    30s        150.00 iters/s
step_00200 ✓ [ 100% ] 000/040 VUs    30s        200.00 iters/s
step_00250 ✓ [ 100% ] 000/050 VUs    30s        250.00 iters/s
step_00300 ✓ [ 100% ] 000/060 VUs    30s        300.00 iters/s
step_00350   [  80% ] 0001/0070 VUs  24.0s/30s  350.00 iters/s
step_00400 • [   0% ] waiting        0m06.0s   
step_00450 • [   0% ] waiting        0m36.0s   
step_00500 • [   0% ] waiting        1m06.0s   
step_00550 • [   0% ] waiting        1m36.0s   
step_00600 • [   0% ] waiting        2m06.0s   
step_00650 • [   0% ] waiting        2m36.0s   
step_00700 • [   0% ] waiting        3m06.0s   
step_00750 • [   0% ] waiting        3m36.0s   
step_00800 • [   0% ] waiting        4m06.0s   

running (3m25.0s), 0001/0310 VUs, 40243 complete and 0 interrupted iterations
step_00050 ✓ [ 100% ] 000/020 VUs    30s        50.00 iters/s
step_00100 ✓ [ 100% ] 000/020 VUs    30s        100.00 iters/s
step_00150 ✓ [ 100% ] 000/030 VUs    30s        150.00 iters/s
step_00200 ✓ [ 100% ] 000/040 VUs    30s        200.00 iters/s
step_00250 ✓ [ 100% ] 000/050 VUs    30s        250.00 iters/s
step_00300 ✓ [ 100% ] 000/060 VUs    30s        300.00 iters/s
step_00350   [  83% ] 0001/0070 VUs  25.0s/30s  350.00 iters/s
step_00400 • [   0% ] waiting        0m05.0s   
step_00450 • [   0% ] waiting        0m35.0s   
step_00500 • [   0% ] waiting        1m05.0s   
step_00550 • [   0% ] waiting        1m35.0s   
step_00600 • [   0% ] waiting        2m05.0s   
step_00650 • [   0% ] waiting        2m35.0s   
step_00700 • [   0% ] waiting        3m05.0s   
step_00750 • [   0% ] waiting        3m35.0s   
step_00800 • [   0% ] waiting        4m05.0s   

running (3m26.0s), 0001/0310 VUs, 40593 complete and 0 interrupted iterations
step_00050 ✓ [ 100% ] 000/020 VUs    30s        50.00 iters/s
step_00100 ✓ [ 100% ] 000/020 VUs    30s        100.00 iters/s
step_00150 ✓ [ 100% ] 000/030 VUs    30s        150.00 iters/s
step_00200 ✓ [ 100% ] 000/040 VUs    30s        200.00 iters/s
step_00250 ✓ [ 100% ] 000/050 VUs    30s        250.00 iters/s
step_00300 ✓ [ 100% ] 000/060 VUs    30s        300.00 iters/s
step_00350   [  87% ] 0001/0070 VUs  26.0s/30s  350.00 iters/s
step_00400 • [   0% ] waiting        0m04.0s   
step_00450 • [   0% ] waiting        0m34.0s   
step_00500 • [   0% ] waiting        1m04.0s   
step_00550 • [   0% ] waiting        1m34.0s   
step_00600 • [   0% ] waiting        2m04.0s   
step_00650 • [   0% ] waiting        2m34.0s   
step_00700 • [   0% ] waiting        3m04.0s   
step_00750 • [   0% ] waiting        3m34.0s   
step_00800 • [   0% ] waiting        4m04.0s   

running (3m27.0s), 0001/0310 VUs, 40943 complete and 0 interrupted iterations
step_00050 ✓ [ 100% ] 000/020 VUs    30s        50.00 iters/s
step_00100 ✓ [ 100% ] 000/020 VUs    30s        100.00 iters/s
step_00150 ✓ [ 100% ] 000/030 VUs    30s        150.00 iters/s
step_00200 ✓ [ 100% ] 000/040 VUs    30s        200.00 iters/s
step_00250 ✓ [ 100% ] 000/050 VUs    30s        250.00 iters/s
step_00300 ✓ [ 100% ] 000/060 VUs    30s        300.00 iters/s
step_00350   [  90% ] 0001/0070 VUs  27.0s/30s  350.00 iters/s
step_00400 • [   0% ] waiting        0m03.0s   
step_00450 • [   0% ] waiting        0m33.0s   
step_00500 • [   0% ] waiting        1m03.0s   
step_00550 • [   0% ] waiting        1m33.0s   
step_00600 • [   0% ] waiting        2m03.0s   
step_00650 • [   0% ] waiting        2m33.0s   
step_00700 • [   0% ] waiting        3m03.0s   
step_00750 • [   0% ] waiting        3m33.0s   
step_00800 • [   0% ] waiting        4m03.0s   

running (3m28.0s), 0001/0310 VUs, 41293 complete and 0 interrupted iterations
step_00050 ✓ [ 100% ] 000/020 VUs    30s        50.00 iters/s
step_00100 ✓ [ 100% ] 000/020 VUs    30s        100.00 iters/s
step_00150 ✓ [ 100% ] 000/030 VUs    30s        150.00 iters/s
step_00200 ✓ [ 100% ] 000/040 VUs    30s        200.00 iters/s
step_00250 ✓ [ 100% ] 000/050 VUs    30s        250.00 iters/s
step_00300 ✓ [ 100% ] 000/060 VUs    30s        300.00 iters/s
step_00350   [  93% ] 0001/0070 VUs  28.0s/30s  350.00 iters/s
step_00400 • [   0% ] waiting        0m02.0s   
step_00450 • [   0% ] waiting        0m32.0s   
step_00500 • [   0% ] waiting        1m02.0s   
step_00550 • [   0% ] waiting        1m32.0s   
step_00600 • [   0% ] waiting        2m02.0s   
step_00650 • [   0% ] waiting        2m32.0s   
step_00700 • [   0% ] waiting        3m02.0s   
step_00750 • [   0% ] waiting        3m32.0s   
step_00800 • [   0% ] waiting        4m02.0s   

running (3m29.0s), 0001/0310 VUs, 41643 complete and 0 interrupted iterations
step_00050 ✓ [ 100% ] 000/020 VUs    30s        50.00 iters/s
step_00100 ✓ [ 100% ] 000/020 VUs    30s        100.00 iters/s
step_00150 ✓ [ 100% ] 000/030 VUs    30s        150.00 iters/s
step_00200 ✓ [ 100% ] 000/040 VUs    30s        200.00 iters/s
step_00250 ✓ [ 100% ] 000/050 VUs    30s        250.00 iters/s
step_00300 ✓ [ 100% ] 000/060 VUs    30s        300.00 iters/s
step_00350   [  97% ] 0001/0070 VUs  29.0s/30s  350.00 iters/s
step_00400 • [   0% ] waiting        0m01.0s   
step_00450 • [   0% ] waiting        0m31.0s   
step_00500 • [   0% ] waiting        1m01.0s   
step_00550 • [   0% ] waiting        1m31.0s   
step_00600 • [   0% ] waiting        2m01.0s   
step_00650 • [   0% ] waiting        2m31.0s   
step_00700 • [   0% ] waiting        3m01.0s   
step_00750 • [   0% ] waiting        3m31.0s   
step_00800 • [   0% ] waiting        4m01.0s   

running (3m30.0s), 0001/0310 VUs, 41993 complete and 0 interrupted iterations
step_00050 ✓ [ 100% ] 000/020 VUs    30s        50.00 iters/s
step_00100 ✓ [ 100% ] 000/020 VUs    30s        100.00 iters/s
step_00150 ✓ [ 100% ] 000/030 VUs    30s        150.00 iters/s
step_00200 ✓ [ 100% ] 000/040 VUs    30s        200.00 iters/s
step_00250 ✓ [ 100% ] 000/050 VUs    30s        250.00 iters/s
step_00300 ✓ [ 100% ] 000/060 VUs    30s        300.00 iters/s
step_00350   [ 100% ] 0001/0070 VUs  30.0s/30s  350.00 iters/s
step_00400 • [   0% ] waiting        0m00.0s   
step_00450 • [   0% ] waiting        0m30.0s   
step_00500 • [   0% ] waiting        1m00.0s   
step_00550 • [   0% ] waiting        1m30.0s   
step_00600 • [   0% ] waiting        2m00.0s   
step_00650 • [   0% ] waiting        2m30.0s   
step_00700 • [   0% ] waiting        3m00.0s   
step_00750 • [   0% ] waiting        3m30.0s   
step_00800 • [   0% ] waiting        4m00.0s   

running (3m31.0s), 0001/0310 VUs, 42392 complete and 0 interrupted iterations
step_00050 ✓ [ 100% ] 000/020 VUs    30s        50.00 iters/s
step_00100 ✓ [ 100% ] 000/020 VUs    30s        100.00 iters/s
step_00150 ✓ [ 100% ] 000/030 VUs    30s        150.00 iters/s
step_00200 ✓ [ 100% ] 000/040 VUs    30s        200.00 iters/s
step_00250 ✓ [ 100% ] 000/050 VUs    30s        250.00 iters/s
step_00300 ✓ [ 100% ] 000/060 VUs    30s        300.00 iters/s
step_00350 ✓ [ 100% ] 0000/0070 VUs  30s        350.00 iters/s
step_00400   [   3% ] 0001/0080 VUs  01.0s/30s  400.00 iters/s
step_00450 • [   0% ] waiting        0m29.0s   
step_00500 • [   0% ] waiting        0m59.0s   
step_00550 • [   0% ] waiting        1m29.0s   
step_00600 • [   0% ] waiting        1m59.0s   
step_00650 • [   0% ] waiting        2m29.0s   
step_00700 • [   0% ] waiting        2m59.0s   
step_00750 • [   0% ] waiting        3m29.0s   
step_00800 • [   0% ] waiting        3m59.0s   

running (3m32.0s), 0001/0310 VUs, 42792 complete and 0 interrupted iterations
step_00050 ✓ [ 100% ] 000/020 VUs    30s        50.00 iters/s
step_00100 ✓ [ 100% ] 000/020 VUs    30s        100.00 iters/s
step_00150 ✓ [ 100% ] 000/030 VUs    30s        150.00 iters/s
step_00200 ✓ [ 100% ] 000/040 VUs    30s        200.00 iters/s
step_00250 ✓ [ 100% ] 000/050 VUs    30s        250.00 iters/s
step_00300 ✓ [ 100% ] 000/060 VUs    30s        300.00 iters/s
step_00350 ✓ [ 100% ] 0000/0070 VUs  30s        350.00 iters/s
step_00400   [   7% ] 0001/0080 VUs  02.0s/30s  400.00 iters/s
step_00450 • [   0% ] waiting        0m28.0s   
step_00500 • [   0% ] waiting        0m58.0s   
step_00550 • [   0% ] waiting        1m28.0s   
step_00600 • [   0% ] waiting        1m58.0s   
step_00650 • [   0% ] waiting        2m28.0s   
step_00700 • [   0% ] waiting        2m58.0s   
step_00750 • [   0% ] waiting        3m28.0s   
step_00800 • [   0% ] waiting        3m58.0s   

running (3m33.0s), 0001/0310 VUs, 43192 complete and 0 interrupted iterations
step_00050 ✓ [ 100% ] 000/020 VUs    30s        50.00 iters/s
step_00100 ✓ [ 100% ] 000/020 VUs    30s        100.00 iters/s
step_00150 ✓ [ 100% ] 000/030 VUs    30s        150.00 iters/s
step_00200 ✓ [ 100% ] 000/040 VUs    30s        200.00 iters/s
step_00250 ✓ [ 100% ] 000/050 VUs    30s        250.00 iters/s
step_00300 ✓ [ 100% ] 000/060 VUs    30s        300.00 iters/s
step_00350 ✓ [ 100% ] 0000/0070 VUs  30s        350.00 iters/s
step_00400   [  10% ] 0001/0080 VUs  03.0s/30s  400.00 iters/s
step_00450 • [   0% ] waiting        0m27.0s   
step_00500 • [   0% ] waiting        0m57.0s   
step_00550 • [   0% ] waiting        1m27.0s   
step_00600 • [   0% ] waiting        1m57.0s   
step_00650 • [   0% ] waiting        2m27.0s   
step_00700 • [   0% ] waiting        2m57.0s   
step_00750 • [   0% ] waiting        3m27.0s   
step_00800 • [   0% ] waiting        3m57.0s   

running (3m34.0s), 0001/0310 VUs, 43592 complete and 0 interrupted iterations
step_00050 ✓ [ 100% ] 000/020 VUs    30s        50.00 iters/s
step_00100 ✓ [ 100% ] 000/020 VUs    30s        100.00 iters/s
step_00150 ✓ [ 100% ] 000/030 VUs    30s        150.00 iters/s
step_00200 ✓ [ 100% ] 000/040 VUs    30s        200.00 iters/s
step_00250 ✓ [ 100% ] 000/050 VUs    30s        250.00 iters/s
step_00300 ✓ [ 100% ] 000/060 VUs    30s        300.00 iters/s
step_00350 ✓ [ 100% ] 0000/0070 VUs  30s        350.00 iters/s
step_00400   [  13% ] 0001/0080 VUs  04.0s/30s  400.00 iters/s
step_00450 • [   0% ] waiting        0m26.0s   
step_00500 • [   0% ] waiting        0m56.0s   
step_00550 • [   0% ] waiting        1m26.0s   
step_00600 • [   0% ] waiting        1m56.0s   
step_00650 • [   0% ] waiting        2m26.0s   
step_00700 • [   0% ] waiting        2m56.0s   
step_00750 • [   0% ] waiting        3m26.0s   
step_00800 • [   0% ] waiting        3m56.0s   

running (3m35.0s), 0001/0310 VUs, 43992 complete and 0 interrupted iterations
step_00050 ✓ [ 100% ] 000/020 VUs    30s        50.00 iters/s
step_00100 ✓ [ 100% ] 000/020 VUs    30s        100.00 iters/s
step_00150 ✓ [ 100% ] 000/030 VUs    30s        150.00 iters/s
step_00200 ✓ [ 100% ] 000/040 VUs    30s        200.00 iters/s
step_00250 ✓ [ 100% ] 000/050 VUs    30s        250.00 iters/s
step_00300 ✓ [ 100% ] 000/060 VUs    30s        300.00 iters/s
step_00350 ✓ [ 100% ] 0000/0070 VUs  30s        350.00 iters/s
step_00400   [  17% ] 0001/0080 VUs  05.0s/30s  400.00 iters/s
step_00450 • [   0% ] waiting        0m25.0s   
step_00500 • [   0% ] waiting        0m55.0s   
step_00550 • [   0% ] waiting        1m25.0s   
step_00600 • [   0% ] waiting        1m55.0s   
step_00650 • [   0% ] waiting        2m25.0s   
step_00700 • [   0% ] waiting        2m55.0s   
step_00750 • [   0% ] waiting        3m25.0s   
step_00800 • [   0% ] waiting        3m55.0s   

running (3m36.0s), 0001/0310 VUs, 44392 complete and 0 interrupted iterations
step_00050 ✓ [ 100% ] 000/020 VUs    30s        50.00 iters/s
step_00100 ✓ [ 100% ] 000/020 VUs    30s        100.00 iters/s
step_00150 ✓ [ 100% ] 000/030 VUs    30s        150.00 iters/s
step_00200 ✓ [ 100% ] 000/040 VUs    30s        200.00 iters/s
step_00250 ✓ [ 100% ] 000/050 VUs    30s        250.00 iters/s
step_00300 ✓ [ 100% ] 000/060 VUs    30s        300.00 iters/s
step_00350 ✓ [ 100% ] 0000/0070 VUs  30s        350.00 iters/s
step_00400   [  20% ] 0001/0080 VUs  06.0s/30s  400.00 iters/s
step_00450 • [   0% ] waiting        0m24.0s   
step_00500 • [   0% ] waiting        0m54.0s   
step_00550 • [   0% ] waiting        1m24.0s   
step_00600 • [   0% ] waiting        1m54.0s   
step_00650 • [   0% ] waiting        2m24.0s   
step_00700 • [   0% ] waiting        2m54.0s   
step_00750 • [   0% ] waiting        3m24.0s   
step_00800 • [   0% ] waiting        3m54.0s   

running (3m37.0s), 0000/0310 VUs, 44793 complete and 0 interrupted iterations
step_00050 ✓ [ 100% ] 000/020 VUs    30s        50.00 iters/s
step_00100 ✓ [ 100% ] 000/020 VUs    30s        100.00 iters/s
step_00150 ✓ [ 100% ] 000/030 VUs    30s        150.00 iters/s
step_00200 ✓ [ 100% ] 000/040 VUs    30s        200.00 iters/s
step_00250 ✓ [ 100% ] 000/050 VUs    30s        250.00 iters/s
step_00300 ✓ [ 100% ] 000/060 VUs    30s        300.00 iters/s
step_00350 ✓ [ 100% ] 0000/0070 VUs  30s        350.00 iters/s
step_00400   [  23% ] 0000/0080 VUs  07.0s/30s  400.00 iters/s
step_00450 • [   0% ] waiting        0m23.0s   
step_00500 • [   0% ] waiting        0m53.0s   
step_00550 • [   0% ] waiting        1m23.0s   
step_00600 • [   0% ] waiting        1m53.0s   
step_00650 • [   0% ] waiting        2m23.0s   
step_00700 • [   0% ] waiting        2m53.0s   
step_00750 • [   0% ] waiting        3m23.0s   
step_00800 • [   0% ] waiting        3m53.0s   

running (3m38.0s), 0001/0310 VUs, 45192 complete and 0 interrupted iterations
step_00050 ✓ [ 100% ] 000/020 VUs    30s        50.00 iters/s
step_00100 ✓ [ 100% ] 000/020 VUs    30s        100.00 iters/s
step_00150 ✓ [ 100% ] 000/030 VUs    30s        150.00 iters/s
step_00200 ✓ [ 100% ] 000/040 VUs    30s        200.00 iters/s
step_00250 ✓ [ 100% ] 000/050 VUs    30s        250.00 iters/s
step_00300 ✓ [ 100% ] 000/060 VUs    30s        300.00 iters/s
step_00350 ✓ [ 100% ] 0000/0070 VUs  30s        350.00 iters/s
step_00400   [  27% ] 0001/0080 VUs  08.0s/30s  400.00 iters/s
step_00450 • [   0% ] waiting        0m22.0s   
step_00500 • [   0% ] waiting        0m52.0s   
step_00550 • [   0% ] waiting        1m22.0s   
step_00600 • [   0% ] waiting        1m52.0s   
step_00650 • [   0% ] waiting        2m22.0s   
step_00700 • [   0% ] waiting        2m52.0s   
step_00750 • [   0% ] waiting        3m22.0s   
step_00800 • [   0% ] waiting        3m52.0s   

running (3m39.0s), 0001/0310 VUs, 45592 complete and 0 interrupted iterations
step_00050 ✓ [ 100% ] 000/020 VUs    30s        50.00 iters/s
step_00100 ✓ [ 100% ] 000/020 VUs    30s        100.00 iters/s
step_00150 ✓ [ 100% ] 000/030 VUs    30s        150.00 iters/s
step_00200 ✓ [ 100% ] 000/040 VUs    30s        200.00 iters/s
step_00250 ✓ [ 100% ] 000/050 VUs    30s        250.00 iters/s
step_00300 ✓ [ 100% ] 000/060 VUs    30s        300.00 iters/s
step_00350 ✓ [ 100% ] 0000/0070 VUs  30s        350.00 iters/s
step_00400   [  30% ] 0001/0080 VUs  09.0s/30s  400.00 iters/s
step_00450 • [   0% ] waiting        0m21.0s   
step_00500 • [   0% ] waiting        0m51.0s   
step_00550 • [   0% ] waiting        1m21.0s   
step_00600 • [   0% ] waiting        1m51.0s   
step_00650 • [   0% ] waiting        2m21.0s   
step_00700 • [   0% ] waiting        2m51.0s   
step_00750 • [   0% ] waiting        3m21.0s   
step_00800 • [   0% ] waiting        3m51.0s   

running (3m40.0s), 0000/0310 VUs, 45993 complete and 0 interrupted iterations
step_00050 ✓ [ 100% ] 000/020 VUs    30s        50.00 iters/s
step_00100 ✓ [ 100% ] 000/020 VUs    30s        100.00 iters/s
step_00150 ✓ [ 100% ] 000/030 VUs    30s        150.00 iters/s
step_00200 ✓ [ 100% ] 000/040 VUs    30s        200.00 iters/s
step_00250 ✓ [ 100% ] 000/050 VUs    30s        250.00 iters/s
step_00300 ✓ [ 100% ] 000/060 VUs    30s        300.00 iters/s
step_00350 ✓ [ 100% ] 0000/0070 VUs  30s        350.00 iters/s
step_00400   [  33% ] 0000/0080 VUs  10.0s/30s  400.00 iters/s
step_00450 • [   0% ] waiting        0m20.0s   
step_00500 • [   0% ] waiting        0m50.0s   
step_00550 • [   0% ] waiting        1m20.0s   
step_00600 • [   0% ] waiting        1m50.0s   
step_00650 • [   0% ] waiting        2m20.0s   
step_00700 • [   0% ] waiting        2m50.0s   
step_00750 • [   0% ] waiting        3m20.0s   
step_00800 • [   0% ] waiting        3m50.0s   

running (3m41.0s), 0001/0310 VUs, 46392 complete and 0 interrupted iterations
step_00050 ✓ [ 100% ] 000/020 VUs    30s        50.00 iters/s
step_00100 ✓ [ 100% ] 000/020 VUs    30s        100.00 iters/s
step_00150 ✓ [ 100% ] 000/030 VUs    30s        150.00 iters/s
step_00200 ✓ [ 100% ] 000/040 VUs    30s        200.00 iters/s
step_00250 ✓ [ 100% ] 000/050 VUs    30s        250.00 iters/s
step_00300 ✓ [ 100% ] 000/060 VUs    30s        300.00 iters/s
step_00350 ✓ [ 100% ] 0000/0070 VUs  30s        350.00 iters/s
step_00400   [  37% ] 0001/0080 VUs  11.0s/30s  400.00 iters/s
step_00450 • [   0% ] waiting        0m19.0s   
step_00500 • [   0% ] waiting        0m49.0s   
step_00550 • [   0% ] waiting        1m19.0s   
step_00600 • [   0% ] waiting        1m49.0s   
step_00650 • [   0% ] waiting        2m19.0s   
step_00700 • [   0% ] waiting        2m49.0s   
step_00750 • [   0% ] waiting        3m19.0s   
step_00800 • [   0% ] waiting        3m49.0s   

running (3m42.0s), 0001/0310 VUs, 46792 complete and 0 interrupted iterations
step_00050 ✓ [ 100% ] 000/020 VUs    30s        50.00 iters/s
step_00100 ✓ [ 100% ] 000/020 VUs    30s        100.00 iters/s
step_00150 ✓ [ 100% ] 000/030 VUs    30s        150.00 iters/s
step_00200 ✓ [ 100% ] 000/040 VUs    30s        200.00 iters/s
step_00250 ✓ [ 100% ] 000/050 VUs    30s        250.00 iters/s
step_00300 ✓ [ 100% ] 000/060 VUs    30s        300.00 iters/s
step_00350 ✓ [ 100% ] 0000/0070 VUs  30s        350.00 iters/s
step_00400   [  40% ] 0001/0080 VUs  12.0s/30s  400.00 iters/s
step_00450 • [   0% ] waiting        0m18.0s   
step_00500 • [   0% ] waiting        0m48.0s   
step_00550 • [   0% ] waiting        1m18.0s   
step_00600 • [   0% ] waiting        1m48.0s   
step_00650 • [   0% ] waiting        2m18.0s   
step_00700 • [   0% ] waiting        2m48.0s   
step_00750 • [   0% ] waiting        3m18.0s   
step_00800 • [   0% ] waiting        3m48.0s   

running (3m43.0s), 0001/0310 VUs, 47192 complete and 0 interrupted iterations
step_00050 ✓ [ 100% ] 000/020 VUs    30s        50.00 iters/s
step_00100 ✓ [ 100% ] 000/020 VUs    30s        100.00 iters/s
step_00150 ✓ [ 100% ] 000/030 VUs    30s        150.00 iters/s
step_00200 ✓ [ 100% ] 000/040 VUs    30s        200.00 iters/s
step_00250 ✓ [ 100% ] 000/050 VUs    30s        250.00 iters/s
step_00300 ✓ [ 100% ] 000/060 VUs    30s        300.00 iters/s
step_00350 ✓ [ 100% ] 0000/0070 VUs  30s        350.00 iters/s
step_00400   [  43% ] 0001/0080 VUs  13.0s/30s  400.00 iters/s
step_00450 • [   0% ] waiting        0m17.0s   
step_00500 • [   0% ] waiting        0m47.0s   
step_00550 • [   0% ] waiting        1m17.0s   
step_00600 • [   0% ] waiting        1m47.0s   
step_00650 • [   0% ] waiting        2m17.0s   
step_00700 • [   0% ] waiting        2m47.0s   
step_00750 • [   0% ] waiting        3m17.0s   
step_00800 • [   0% ] waiting        3m47.0s   

running (3m44.0s), 0001/0310 VUs, 47592 complete and 0 interrupted iterations
step_00050 ✓ [ 100% ] 000/020 VUs    30s        50.00 iters/s
step_00100 ✓ [ 100% ] 000/020 VUs    30s        100.00 iters/s
step_00150 ✓ [ 100% ] 000/030 VUs    30s        150.00 iters/s
step_00200 ✓ [ 100% ] 000/040 VUs    30s        200.00 iters/s
step_00250 ✓ [ 100% ] 000/050 VUs    30s        250.00 iters/s
step_00300 ✓ [ 100% ] 000/060 VUs    30s        300.00 iters/s
step_00350 ✓ [ 100% ] 0000/0070 VUs  30s        350.00 iters/s
step_00400   [  47% ] 0001/0080 VUs  14.0s/30s  400.00 iters/s
step_00450 • [   0% ] waiting        0m16.0s   
step_00500 • [   0% ] waiting        0m46.0s   
step_00550 • [   0% ] waiting        1m16.0s   
step_00600 • [   0% ] waiting        1m46.0s   
step_00650 • [   0% ] waiting        2m16.0s   
step_00700 • [   0% ] waiting        2m46.0s   
step_00750 • [   0% ] waiting        3m16.0s   
step_00800 • [   0% ] waiting        3m46.0s   

running (3m45.0s), 0001/0310 VUs, 47992 complete and 0 interrupted iterations
step_00050 ✓ [ 100% ] 000/020 VUs    30s        50.00 iters/s
step_00100 ✓ [ 100% ] 000/020 VUs    30s        100.00 iters/s
step_00150 ✓ [ 100% ] 000/030 VUs    30s        150.00 iters/s
step_00200 ✓ [ 100% ] 000/040 VUs    30s        200.00 iters/s
step_00250 ✓ [ 100% ] 000/050 VUs    30s        250.00 iters/s
step_00300 ✓ [ 100% ] 000/060 VUs    30s        300.00 iters/s
step_00350 ✓ [ 100% ] 0000/0070 VUs  30s        350.00 iters/s
step_00400   [  50% ] 0001/0080 VUs  15.0s/30s  400.00 iters/s
step_00450 • [   0% ] waiting        0m15.0s   
step_00500 • [   0% ] waiting        0m45.0s   
step_00550 • [   0% ] waiting        1m15.0s   
step_00600 • [   0% ] waiting        1m45.0s   
step_00650 • [   0% ] waiting        2m15.0s   
step_00700 • [   0% ] waiting        2m45.0s   
step_00750 • [   0% ] waiting        3m15.0s   
step_00800 • [   0% ] waiting        3m45.0s   

running (3m46.0s), 0001/0310 VUs, 48392 complete and 0 interrupted iterations
step_00050 ✓ [ 100% ] 000/020 VUs    30s        50.00 iters/s
step_00100 ✓ [ 100% ] 000/020 VUs    30s        100.00 iters/s
step_00150 ✓ [ 100% ] 000/030 VUs    30s        150.00 iters/s
step_00200 ✓ [ 100% ] 000/040 VUs    30s        200.00 iters/s
step_00250 ✓ [ 100% ] 000/050 VUs    30s        250.00 iters/s
step_00300 ✓ [ 100% ] 000/060 VUs    30s        300.00 iters/s
step_00350 ✓ [ 100% ] 0000/0070 VUs  30s        350.00 iters/s
step_00400   [  53% ] 0001/0080 VUs  16.0s/30s  400.00 iters/s
step_00450 • [   0% ] waiting        0m14.0s   
step_00500 • [   0% ] waiting        0m44.0s   
step_00550 • [   0% ] waiting        1m14.0s   
step_00600 • [   0% ] waiting        1m44.0s   
step_00650 • [   0% ] waiting        2m14.0s   
step_00700 • [   0% ] waiting        2m44.0s   
step_00750 • [   0% ] waiting        3m14.0s   
step_00800 • [   0% ] waiting        3m44.0s   

running (3m47.0s), 0000/0310 VUs, 48793 complete and 0 interrupted iterations
step_00050 ✓ [ 100% ] 000/020 VUs    30s        50.00 iters/s
step_00100 ✓ [ 100% ] 000/020 VUs    30s        100.00 iters/s
step_00150 ✓ [ 100% ] 000/030 VUs    30s        150.00 iters/s
step_00200 ✓ [ 100% ] 000/040 VUs    30s        200.00 iters/s
step_00250 ✓ [ 100% ] 000/050 VUs    30s        250.00 iters/s
step_00300 ✓ [ 100% ] 000/060 VUs    30s        300.00 iters/s
step_00350 ✓ [ 100% ] 0000/0070 VUs  30s        350.00 iters/s
step_00400   [  57% ] 0000/0080 VUs  17.0s/30s  400.00 iters/s
step_00450 • [   0% ] waiting        0m13.0s   
step_00500 • [   0% ] waiting        0m43.0s   
step_00550 • [   0% ] waiting        1m13.0s   
step_00600 • [   0% ] waiting        1m43.0s   
step_00650 • [   0% ] waiting        2m13.0s   
step_00700 • [   0% ] waiting        2m43.0s   
step_00750 • [   0% ] waiting        3m13.0s   
step_00800 • [   0% ] waiting        3m43.0s   

running (3m48.0s), 0001/0310 VUs, 49192 complete and 0 interrupted iterations
step_00050 ✓ [ 100% ] 000/020 VUs    30s        50.00 iters/s
step_00100 ✓ [ 100% ] 000/020 VUs    30s        100.00 iters/s
step_00150 ✓ [ 100% ] 000/030 VUs    30s        150.00 iters/s
step_00200 ✓ [ 100% ] 000/040 VUs    30s        200.00 iters/s
step_00250 ✓ [ 100% ] 000/050 VUs    30s        250.00 iters/s
step_00300 ✓ [ 100% ] 000/060 VUs    30s        300.00 iters/s
step_00350 ✓ [ 100% ] 0000/0070 VUs  30s        350.00 iters/s
step_00400   [  60% ] 0001/0080 VUs  18.0s/30s  400.00 iters/s
step_00450 • [   0% ] waiting        0m12.0s   
step_00500 • [   0% ] waiting        0m42.0s   
step_00550 • [   0% ] waiting        1m12.0s   
step_00600 • [   0% ] waiting        1m42.0s   
step_00650 • [   0% ] waiting        2m12.0s   
step_00700 • [   0% ] waiting        2m42.0s   
step_00750 • [   0% ] waiting        3m12.0s   
step_00800 • [   0% ] waiting        3m42.0s   

running (3m49.0s), 0001/0310 VUs, 49592 complete and 0 interrupted iterations
step_00050 ✓ [ 100% ] 000/020 VUs    30s        50.00 iters/s
step_00100 ✓ [ 100% ] 000/020 VUs    30s        100.00 iters/s
step_00150 ✓ [ 100% ] 000/030 VUs    30s        150.00 iters/s
step_00200 ✓ [ 100% ] 000/040 VUs    30s        200.00 iters/s
step_00250 ✓ [ 100% ] 000/050 VUs    30s        250.00 iters/s
step_00300 ✓ [ 100% ] 000/060 VUs    30s        300.00 iters/s
step_00350 ✓ [ 100% ] 0000/0070 VUs  30s        350.00 iters/s
step_00400   [  63% ] 0001/0080 VUs  19.0s/30s  400.00 iters/s
step_00450 • [   0% ] waiting        0m11.0s   
step_00500 • [   0% ] waiting        0m41.0s   
step_00550 • [   0% ] waiting        1m11.0s   
step_00600 • [   0% ] waiting        1m41.0s   
step_00650 • [   0% ] waiting        2m11.0s   
step_00700 • [   0% ] waiting        2m41.0s   
step_00750 • [   0% ] waiting        3m11.0s   
step_00800 • [   0% ] waiting        3m41.0s   

running (3m50.0s), 0001/0310 VUs, 49992 complete and 0 interrupted iterations
step_00050 ✓ [ 100% ] 000/020 VUs    30s        50.00 iters/s
step_00100 ✓ [ 100% ] 000/020 VUs    30s        100.00 iters/s
step_00150 ✓ [ 100% ] 000/030 VUs    30s        150.00 iters/s
step_00200 ✓ [ 100% ] 000/040 VUs    30s        200.00 iters/s
step_00250 ✓ [ 100% ] 000/050 VUs    30s        250.00 iters/s
step_00300 ✓ [ 100% ] 000/060 VUs    30s        300.00 iters/s
step_00350 ✓ [ 100% ] 0000/0070 VUs  30s        350.00 iters/s
step_00400   [  67% ] 0001/0080 VUs  20.0s/30s  400.00 iters/s
step_00450 • [   0% ] waiting        0m10.0s   
step_00500 • [   0% ] waiting        0m40.0s   
step_00550 • [   0% ] waiting        1m10.0s   
step_00600 • [   0% ] waiting        1m40.0s   
step_00650 • [   0% ] waiting        2m10.0s   
step_00700 • [   0% ] waiting        2m40.0s   
step_00750 • [   0% ] waiting        3m10.0s   
step_00800 • [   0% ] waiting        3m40.0s   

running (3m51.0s), 0001/0310 VUs, 50392 complete and 0 interrupted iterations
step_00050 ✓ [ 100% ] 000/020 VUs    30s        50.00 iters/s
step_00100 ✓ [ 100% ] 000/020 VUs    30s        100.00 iters/s
step_00150 ✓ [ 100% ] 000/030 VUs    30s        150.00 iters/s
step_00200 ✓ [ 100% ] 000/040 VUs    30s        200.00 iters/s
step_00250 ✓ [ 100% ] 000/050 VUs    30s        250.00 iters/s
step_00300 ✓ [ 100% ] 000/060 VUs    30s        300.00 iters/s
step_00350 ✓ [ 100% ] 0000/0070 VUs  30s        350.00 iters/s
step_00400   [  70% ] 0001/0080 VUs  21.0s/30s  400.00 iters/s
step_00450 • [   0% ] waiting        0m09.0s   
step_00500 • [   0% ] waiting        0m39.0s   
step_00550 • [   0% ] waiting        1m09.0s   
step_00600 • [   0% ] waiting        1m39.0s   
step_00650 • [   0% ] waiting        2m09.0s   
step_00700 • [   0% ] waiting        2m39.0s   
step_00750 • [   0% ] waiting        3m09.0s   
step_00800 • [   0% ] waiting        3m39.0s   

running (3m52.0s), 0001/0310 VUs, 50792 complete and 0 interrupted iterations
step_00050 ✓ [ 100% ] 000/020 VUs    30s        50.00 iters/s
step_00100 ✓ [ 100% ] 000/020 VUs    30s        100.00 iters/s
step_00150 ✓ [ 100% ] 000/030 VUs    30s        150.00 iters/s
step_00200 ✓ [ 100% ] 000/040 VUs    30s        200.00 iters/s
step_00250 ✓ [ 100% ] 000/050 VUs    30s        250.00 iters/s
step_00300 ✓ [ 100% ] 000/060 VUs    30s        300.00 iters/s
step_00350 ✓ [ 100% ] 0000/0070 VUs  30s        350.00 iters/s
step_00400   [  73% ] 0001/0080 VUs  22.0s/30s  400.00 iters/s
step_00450 • [   0% ] waiting        0m08.0s   
step_00500 • [   0% ] waiting        0m38.0s   
step_00550 • [   0% ] waiting        1m08.0s   
step_00600 • [   0% ] waiting        1m38.0s   
step_00650 • [   0% ] waiting        2m08.0s   
step_00700 • [   0% ] waiting        2m38.0s   
step_00750 • [   0% ] waiting        3m08.0s   
step_00800 • [   0% ] waiting        3m38.0s   

running (3m53.0s), 0001/0310 VUs, 51192 complete and 0 interrupted iterations
step_00050 ✓ [ 100% ] 000/020 VUs    30s        50.00 iters/s
step_00100 ✓ [ 100% ] 000/020 VUs    30s        100.00 iters/s
step_00150 ✓ [ 100% ] 000/030 VUs    30s        150.00 iters/s
step_00200 ✓ [ 100% ] 000/040 VUs    30s        200.00 iters/s
step_00250 ✓ [ 100% ] 000/050 VUs    30s        250.00 iters/s
step_00300 ✓ [ 100% ] 000/060 VUs    30s        300.00 iters/s
step_00350 ✓ [ 100% ] 0000/0070 VUs  30s        350.00 iters/s
step_00400   [  77% ] 0001/0080 VUs  23.0s/30s  400.00 iters/s
step_00450 • [   0% ] waiting        0m07.0s   
step_00500 • [   0% ] waiting        0m37.0s   
step_00550 • [   0% ] waiting        1m07.0s   
step_00600 • [   0% ] waiting        1m37.0s   
step_00650 • [   0% ] waiting        2m07.0s   
step_00700 • [   0% ] waiting        2m37.0s   
step_00750 • [   0% ] waiting        3m07.0s   
step_00800 • [   0% ] waiting        3m37.0s   

running (3m54.0s), 0001/0310 VUs, 51592 complete and 0 interrupted iterations
step_00050 ✓ [ 100% ] 000/020 VUs    30s        50.00 iters/s
step_00100 ✓ [ 100% ] 000/020 VUs    30s        100.00 iters/s
step_00150 ✓ [ 100% ] 000/030 VUs    30s        150.00 iters/s
step_00200 ✓ [ 100% ] 000/040 VUs    30s        200.00 iters/s
step_00250 ✓ [ 100% ] 000/050 VUs    30s        250.00 iters/s
step_00300 ✓ [ 100% ] 000/060 VUs    30s        300.00 iters/s
step_00350 ✓ [ 100% ] 0000/0070 VUs  30s        350.00 iters/s
step_00400   [  80% ] 0001/0080 VUs  24.0s/30s  400.00 iters/s
step_00450 • [   0% ] waiting        0m06.0s   
step_00500 • [   0% ] waiting        0m36.0s   
step_00550 • [   0% ] waiting        1m06.0s   
step_00600 • [   0% ] waiting        1m36.0s   
step_00650 • [   0% ] waiting        2m06.0s   
step_00700 • [   0% ] waiting        2m36.0s   
step_00750 • [   0% ] waiting        3m06.0s   
step_00800 • [   0% ] waiting        3m36.0s   

running (3m55.0s), 0002/0310 VUs, 51991 complete and 0 interrupted iterations
step_00050 ✓ [ 100% ] 000/020 VUs    30s        50.00 iters/s
step_00100 ✓ [ 100% ] 000/020 VUs    30s        100.00 iters/s
step_00150 ✓ [ 100% ] 000/030 VUs    30s        150.00 iters/s
step_00200 ✓ [ 100% ] 000/040 VUs    30s        200.00 iters/s
step_00250 ✓ [ 100% ] 000/050 VUs    30s        250.00 iters/s
step_00300 ✓ [ 100% ] 000/060 VUs    30s        300.00 iters/s
step_00350 ✓ [ 100% ] 0000/0070 VUs  30s        350.00 iters/s
step_00400   [  83% ] 0002/0080 VUs  25.0s/30s  400.00 iters/s
step_00450 • [   0% ] waiting        0m05.0s   
step_00500 • [   0% ] waiting        0m35.0s   
step_00550 • [   0% ] waiting        1m05.0s   
step_00600 • [   0% ] waiting        1m35.0s   
step_00650 • [   0% ] waiting        2m05.0s   
step_00700 • [   0% ] waiting        2m35.0s   
step_00750 • [   0% ] waiting        3m05.0s   
step_00800 • [   0% ] waiting        3m35.0s   

running (3m56.0s), 0001/0310 VUs, 52392 complete and 0 interrupted iterations
step_00050 ✓ [ 100% ] 000/020 VUs    30s        50.00 iters/s
step_00100 ✓ [ 100% ] 000/020 VUs    30s        100.00 iters/s
step_00150 ✓ [ 100% ] 000/030 VUs    30s        150.00 iters/s
step_00200 ✓ [ 100% ] 000/040 VUs    30s        200.00 iters/s
step_00250 ✓ [ 100% ] 000/050 VUs    30s        250.00 iters/s
step_00300 ✓ [ 100% ] 000/060 VUs    30s        300.00 iters/s
step_00350 ✓ [ 100% ] 0000/0070 VUs  30s        350.00 iters/s
step_00400   [  87% ] 0001/0080 VUs  26.0s/30s  400.00 iters/s
step_00450 • [   0% ] waiting        0m04.0s   
step_00500 • [   0% ] waiting        0m34.0s   
step_00550 • [   0% ] waiting        1m04.0s   
step_00600 • [   0% ] waiting        1m34.0s   
step_00650 • [   0% ] waiting        2m04.0s   
step_00700 • [   0% ] waiting        2m34.0s   
step_00750 • [   0% ] waiting        3m04.0s   
step_00800 • [   0% ] waiting        3m34.0s   

running (3m57.0s), 0000/0310 VUs, 52793 complete and 0 interrupted iterations
step_00050 ✓ [ 100% ] 000/020 VUs    30s        50.00 iters/s
step_00100 ✓ [ 100% ] 000/020 VUs    30s        100.00 iters/s
step_00150 ✓ [ 100% ] 000/030 VUs    30s        150.00 iters/s
step_00200 ✓ [ 100% ] 000/040 VUs    30s        200.00 iters/s
step_00250 ✓ [ 100% ] 000/050 VUs    30s        250.00 iters/s
step_00300 ✓ [ 100% ] 000/060 VUs    30s        300.00 iters/s
step_00350 ✓ [ 100% ] 0000/0070 VUs  30s        350.00 iters/s
step_00400   [  90% ] 0000/0080 VUs  27.0s/30s  400.00 iters/s
step_00450 • [   0% ] waiting        0m03.0s   
step_00500 • [   0% ] waiting        0m33.0s   
step_00550 • [   0% ] waiting        1m03.0s   
step_00600 • [   0% ] waiting        1m33.0s   
step_00650 • [   0% ] waiting        2m03.0s   
step_00700 • [   0% ] waiting        2m33.0s   
step_00750 • [   0% ] waiting        3m03.0s   
step_00800 • [   0% ] waiting        3m33.0s   

running (3m58.0s), 0001/0310 VUs, 53192 complete and 0 interrupted iterations
step_00050 ✓ [ 100% ] 000/020 VUs    30s        50.00 iters/s
step_00100 ✓ [ 100% ] 000/020 VUs    30s        100.00 iters/s
step_00150 ✓ [ 100% ] 000/030 VUs    30s        150.00 iters/s
step_00200 ✓ [ 100% ] 000/040 VUs    30s        200.00 iters/s
step_00250 ✓ [ 100% ] 000/050 VUs    30s        250.00 iters/s
step_00300 ✓ [ 100% ] 000/060 VUs    30s        300.00 iters/s
step_00350 ✓ [ 100% ] 0000/0070 VUs  30s        350.00 iters/s
step_00400   [  93% ] 0001/0080 VUs  28.0s/30s  400.00 iters/s
step_00450 • [   0% ] waiting        0m02.0s   
step_00500 • [   0% ] waiting        0m32.0s   
step_00550 • [   0% ] waiting        1m02.0s   
step_00600 • [   0% ] waiting        1m32.0s   
step_00650 • [   0% ] waiting        2m02.0s   
step_00700 • [   0% ] waiting        2m32.0s   
step_00750 • [   0% ] waiting        3m02.0s   
step_00800 • [   0% ] waiting        3m32.0s   

running (3m59.0s), 0001/0310 VUs, 53592 complete and 0 interrupted iterations
step_00050 ✓ [ 100% ] 000/020 VUs    30s        50.00 iters/s
step_00100 ✓ [ 100% ] 000/020 VUs    30s        100.00 iters/s
step_00150 ✓ [ 100% ] 000/030 VUs    30s        150.00 iters/s
step_00200 ✓ [ 100% ] 000/040 VUs    30s        200.00 iters/s
step_00250 ✓ [ 100% ] 000/050 VUs    30s        250.00 iters/s
step_00300 ✓ [ 100% ] 000/060 VUs    30s        300.00 iters/s
step_00350 ✓ [ 100% ] 0000/0070 VUs  30s        350.00 iters/s
step_00400   [  97% ] 0001/0080 VUs  29.0s/30s  400.00 iters/s
step_00450 • [   0% ] waiting        0m01.0s   
step_00500 • [   0% ] waiting        0m31.0s   
step_00550 • [   0% ] waiting        1m01.0s   
step_00600 • [   0% ] waiting        1m31.0s   
step_00650 • [   0% ] waiting        2m01.0s   
step_00700 • [   0% ] waiting        2m31.0s   
step_00750 • [   0% ] waiting        3m01.0s   
step_00800 • [   0% ] waiting        3m31.0s   

running (4m00.0s), 0001/0310 VUs, 53992 complete and 0 interrupted iterations
step_00050 ✓ [ 100% ] 000/020 VUs    30s        50.00 iters/s
step_00100 ✓ [ 100% ] 000/020 VUs    30s        100.00 iters/s
step_00150 ✓ [ 100% ] 000/030 VUs    30s        150.00 iters/s
step_00200 ✓ [ 100% ] 000/040 VUs    30s        200.00 iters/s
step_00250 ✓ [ 100% ] 000/050 VUs    30s        250.00 iters/s
step_00300 ✓ [ 100% ] 000/060 VUs    30s        300.00 iters/s
step_00350 ✓ [ 100% ] 0000/0070 VUs  30s        350.00 iters/s
step_00400   [ 100% ] 0001/0080 VUs  30.0s/30s  400.00 iters/s
step_00450 • [   0% ] waiting        0m00.0s   
step_00500 • [   0% ] waiting        0m30.0s   
step_00550 • [   0% ] waiting        1m00.0s   
step_00600 • [   0% ] waiting        1m30.0s   
step_00650 • [   0% ] waiting        2m00.0s   
step_00700 • [   0% ] waiting        2m30.0s   
step_00750 • [   0% ] waiting        3m00.0s   
step_00800 • [   0% ] waiting        3m30.0s   

running (4m01.0s), 0001/0310 VUs, 54442 complete and 0 interrupted iterations
step_00050 ✓ [ 100% ] 000/020 VUs    30s        50.00 iters/s
step_00100 ✓ [ 100% ] 000/020 VUs    30s        100.00 iters/s
step_00150 ✓ [ 100% ] 000/030 VUs    30s        150.00 iters/s
step_00200 ✓ [ 100% ] 000/040 VUs    30s        200.00 iters/s
step_00250 ✓ [ 100% ] 000/050 VUs    30s        250.00 iters/s
step_00300 ✓ [ 100% ] 000/060 VUs    30s        300.00 iters/s
step_00350 ✓ [ 100% ] 0000/0070 VUs  30s        350.00 iters/s
step_00400 ✓ [ 100% ] 0000/0080 VUs  30s        400.00 iters/s
step_00450   [   3% ] 0001/0090 VUs  01.0s/30s  450.00 iters/s
step_00500 • [   0% ] waiting        0m29.0s   
step_00550 • [   0% ] waiting        0m59.0s   
step_00600 • [   0% ] waiting        1m29.0s   
step_00650 • [   0% ] waiting        1m59.0s   
step_00700 • [   0% ] waiting        2m29.0s   
step_00750 • [   0% ] waiting        2m59.0s   
step_00800 • [   0% ] waiting        3m29.0s   

running (4m02.0s), 0000/0310 VUs, 54892 complete and 0 interrupted iterations
step_00050 ✓ [ 100% ] 000/020 VUs    30s        50.00 iters/s
step_00100 ✓ [ 100% ] 000/020 VUs    30s        100.00 iters/s
step_00150 ✓ [ 100% ] 000/030 VUs    30s        150.00 iters/s
step_00200 ✓ [ 100% ] 000/040 VUs    30s        200.00 iters/s
step_00250 ✓ [ 100% ] 000/050 VUs    30s        250.00 iters/s
step_00300 ✓ [ 100% ] 000/060 VUs    30s        300.00 iters/s
step_00350 ✓ [ 100% ] 0000/0070 VUs  30s        350.00 iters/s
step_00400 ✓ [ 100% ] 0000/0080 VUs  30s        400.00 iters/s
step_00450   [   7% ] 0000/0090 VUs  02.0s/30s  450.00 iters/s
step_00500 • [   0% ] waiting        0m28.0s   
step_00550 • [   0% ] waiting        0m58.0s   
step_00600 • [   0% ] waiting        1m28.0s   
step_00650 • [   0% ] waiting        1m58.0s   
step_00700 • [   0% ] waiting        2m28.0s   
step_00750 • [   0% ] waiting        2m58.0s   
step_00800 • [   0% ] waiting        3m28.0s   

running (4m03.0s), 0001/0310 VUs, 55342 complete and 0 interrupted iterations
step_00050 ✓ [ 100% ] 000/020 VUs    30s        50.00 iters/s
step_00100 ✓ [ 100% ] 000/020 VUs    30s        100.00 iters/s
step_00150 ✓ [ 100% ] 000/030 VUs    30s        150.00 iters/s
step_00200 ✓ [ 100% ] 000/040 VUs    30s        200.00 iters/s
step_00250 ✓ [ 100% ] 000/050 VUs    30s        250.00 iters/s
step_00300 ✓ [ 100% ] 000/060 VUs    30s        300.00 iters/s
step_00350 ✓ [ 100% ] 0000/0070 VUs  30s        350.00 iters/s
step_00400 ✓ [ 100% ] 0000/0080 VUs  30s        400.00 iters/s
step_00450   [  10% ] 0001/0090 VUs  03.0s/30s  450.00 iters/s
step_00500 • [   0% ] waiting        0m27.0s   
step_00550 • [   0% ] waiting        0m57.0s   
step_00600 • [   0% ] waiting        1m27.0s   
step_00650 • [   0% ] waiting        1m57.0s   
step_00700 • [   0% ] waiting        2m27.0s   
step_00750 • [   0% ] waiting        2m57.0s   
step_00800 • [   0% ] waiting        3m27.0s   

running (4m04.0s), 0000/0310 VUs, 55792 complete and 0 interrupted iterations
step_00050 ✓ [ 100% ] 000/020 VUs    30s        50.00 iters/s
step_00100 ✓ [ 100% ] 000/020 VUs    30s        100.00 iters/s
step_00150 ✓ [ 100% ] 000/030 VUs    30s        150.00 iters/s
step_00200 ✓ [ 100% ] 000/040 VUs    30s        200.00 iters/s
step_00250 ✓ [ 100% ] 000/050 VUs    30s        250.00 iters/s
step_00300 ✓ [ 100% ] 000/060 VUs    30s        300.00 iters/s
step_00350 ✓ [ 100% ] 0000/0070 VUs  30s        350.00 iters/s
step_00400 ✓ [ 100% ] 0000/0080 VUs  30s        400.00 iters/s
step_00450   [  13% ] 0000/0090 VUs  04.0s/30s  450.00 iters/s
step_00500 • [   0% ] waiting        0m26.0s   
step_00550 • [   0% ] waiting        0m56.0s   
step_00600 • [   0% ] waiting        1m26.0s   
step_00650 • [   0% ] waiting        1m56.0s   
step_00700 • [   0% ] waiting        2m26.0s   
step_00750 • [   0% ] waiting        2m56.0s   
step_00800 • [   0% ] waiting        3m26.0s   

running (4m05.0s), 0001/0310 VUs, 56242 complete and 0 interrupted iterations
step_00050 ✓ [ 100% ] 000/020 VUs    30s        50.00 iters/s
step_00100 ✓ [ 100% ] 000/020 VUs    30s        100.00 iters/s
step_00150 ✓ [ 100% ] 000/030 VUs    30s        150.00 iters/s
step_00200 ✓ [ 100% ] 000/040 VUs    30s        200.00 iters/s
step_00250 ✓ [ 100% ] 000/050 VUs    30s        250.00 iters/s
step_00300 ✓ [ 100% ] 000/060 VUs    30s        300.00 iters/s
step_00350 ✓ [ 100% ] 0000/0070 VUs  30s        350.00 iters/s
step_00400 ✓ [ 100% ] 0000/0080 VUs  30s        400.00 iters/s
step_00450   [  17% ] 0001/0090 VUs  05.0s/30s  450.00 iters/s
step_00500 • [   0% ] waiting        0m25.0s   
step_00550 • [   0% ] waiting        0m55.0s   
step_00600 • [   0% ] waiting        1m25.0s   
step_00650 • [   0% ] waiting        1m55.0s   
step_00700 • [   0% ] waiting        2m25.0s   
step_00750 • [   0% ] waiting        2m55.0s   
step_00800 • [   0% ] waiting        3m25.0s   

running (4m06.0s), 0001/0310 VUs, 56692 complete and 0 interrupted iterations
step_00050 ✓ [ 100% ] 000/020 VUs    30s        50.00 iters/s
step_00100 ✓ [ 100% ] 000/020 VUs    30s        100.00 iters/s
step_00150 ✓ [ 100% ] 000/030 VUs    30s        150.00 iters/s
step_00200 ✓ [ 100% ] 000/040 VUs    30s        200.00 iters/s
step_00250 ✓ [ 100% ] 000/050 VUs    30s        250.00 iters/s
step_00300 ✓ [ 100% ] 000/060 VUs    30s        300.00 iters/s
step_00350 ✓ [ 100% ] 0000/0070 VUs  30s        350.00 iters/s
step_00400 ✓ [ 100% ] 0000/0080 VUs  30s        400.00 iters/s
step_00450   [  20% ] 0001/0090 VUs  06.0s/30s  450.00 iters/s
step_00500 • [   0% ] waiting        0m24.0s   
step_00550 • [   0% ] waiting        0m54.0s   
step_00600 • [   0% ] waiting        1m24.0s   
step_00650 • [   0% ] waiting        1m54.0s   
step_00700 • [   0% ] waiting        2m24.0s   
step_00750 • [   0% ] waiting        2m54.0s   
step_00800 • [   0% ] waiting        3m24.0s   

running (4m07.0s), 0000/0310 VUs, 57142 complete and 0 interrupted iterations
step_00050 ✓ [ 100% ] 000/020 VUs    30s        50.00 iters/s
step_00100 ✓ [ 100% ] 000/020 VUs    30s        100.00 iters/s
step_00150 ✓ [ 100% ] 000/030 VUs    30s        150.00 iters/s
step_00200 ✓ [ 100% ] 000/040 VUs    30s        200.00 iters/s
step_00250 ✓ [ 100% ] 000/050 VUs    30s        250.00 iters/s
step_00300 ✓ [ 100% ] 000/060 VUs    30s        300.00 iters/s
step_00350 ✓ [ 100% ] 0000/0070 VUs  30s        350.00 iters/s
step_00400 ✓ [ 100% ] 0000/0080 VUs  30s        400.00 iters/s
step_00450   [  23% ] 0000/0090 VUs  07.0s/30s  450.00 iters/s
step_00500 • [   0% ] waiting        0m23.0s   
step_00550 • [   0% ] waiting        0m53.0s   
step_00600 • [   0% ] waiting        1m23.0s   
step_00650 • [   0% ] waiting        1m53.0s   
step_00700 • [   0% ] waiting        2m23.0s   
step_00750 • [   0% ] waiting        2m53.0s   
step_00800 • [   0% ] waiting        3m23.0s   

running (4m08.0s), 0001/0310 VUs, 57592 complete and 0 interrupted iterations
step_00050 ✓ [ 100% ] 000/020 VUs    30s        50.00 iters/s
step_00100 ✓ [ 100% ] 000/020 VUs    30s        100.00 iters/s
step_00150 ✓ [ 100% ] 000/030 VUs    30s        150.00 iters/s
step_00200 ✓ [ 100% ] 000/040 VUs    30s        200.00 iters/s
step_00250 ✓ [ 100% ] 000/050 VUs    30s        250.00 iters/s
step_00300 ✓ [ 100% ] 000/060 VUs    30s        300.00 iters/s
step_00350 ✓ [ 100% ] 0000/0070 VUs  30s        350.00 iters/s
step_00400 ✓ [ 100% ] 0000/0080 VUs  30s        400.00 iters/s
step_00450   [  27% ] 0001/0090 VUs  08.0s/30s  450.00 iters/s
step_00500 • [   0% ] waiting        0m22.0s   
step_00550 • [   0% ] waiting        0m52.0s   
step_00600 • [   0% ] waiting        1m22.0s   
step_00650 • [   0% ] waiting        1m52.0s   
step_00700 • [   0% ] waiting        2m22.0s   
step_00750 • [   0% ] waiting        2m52.0s   
step_00800 • [   0% ] waiting        3m22.0s   

running (4m09.0s), 0000/0310 VUs, 58042 complete and 0 interrupted iterations
step_00050 ✓ [ 100% ] 000/020 VUs    30s        50.00 iters/s
step_00100 ✓ [ 100% ] 000/020 VUs    30s        100.00 iters/s
step_00150 ✓ [ 100% ] 000/030 VUs    30s        150.00 iters/s
step_00200 ✓ [ 100% ] 000/040 VUs    30s        200.00 iters/s
step_00250 ✓ [ 100% ] 000/050 VUs    30s        250.00 iters/s
step_00300 ✓ [ 100% ] 000/060 VUs    30s        300.00 iters/s
step_00350 ✓ [ 100% ] 0000/0070 VUs  30s        350.00 iters/s
step_00400 ✓ [ 100% ] 0000/0080 VUs  30s        400.00 iters/s
step_00450   [  30% ] 0001/0090 VUs  09.0s/30s  450.00 iters/s
step_00500 • [   0% ] waiting        0m21.0s   
step_00550 • [   0% ] waiting        0m51.0s   
step_00600 • [   0% ] waiting        1m21.0s   
step_00650 • [   0% ] waiting        1m51.0s   
step_00700 • [   0% ] waiting        2m21.0s   
step_00750 • [   0% ] waiting        2m51.0s   
step_00800 • [   0% ] waiting        3m21.0s   

running (4m10.0s), 0001/0310 VUs, 58492 complete and 0 interrupted iterations
step_00050 ✓ [ 100% ] 000/020 VUs    30s        50.00 iters/s
step_00100 ✓ [ 100% ] 000/020 VUs    30s        100.00 iters/s
step_00150 ✓ [ 100% ] 000/030 VUs    30s        150.00 iters/s
step_00200 ✓ [ 100% ] 000/040 VUs    30s        200.00 iters/s
step_00250 ✓ [ 100% ] 000/050 VUs    30s        250.00 iters/s
step_00300 ✓ [ 100% ] 000/060 VUs    30s        300.00 iters/s
step_00350 ✓ [ 100% ] 0000/0070 VUs  30s        350.00 iters/s
step_00400 ✓ [ 100% ] 0000/0080 VUs  30s        400.00 iters/s
step_00450   [  33% ] 0001/0090 VUs  10.0s/30s  450.00 iters/s
step_00500 • [   0% ] waiting        0m20.0s   
step_00550 • [   0% ] waiting        0m50.0s   
step_00600 • [   0% ] waiting        1m20.0s   
step_00650 • [   0% ] waiting        1m50.0s   
step_00700 • [   0% ] waiting        2m20.0s   
step_00750 • [   0% ] waiting        2m50.0s   
step_00800 • [   0% ] waiting        3m20.0s   

running (4m11.0s), 0001/0310 VUs, 58942 complete and 0 interrupted iterations
step_00050 ✓ [ 100% ] 000/020 VUs    30s        50.00 iters/s
step_00100 ✓ [ 100% ] 000/020 VUs    30s        100.00 iters/s
step_00150 ✓ [ 100% ] 000/030 VUs    30s        150.00 iters/s
step_00200 ✓ [ 100% ] 000/040 VUs    30s        200.00 iters/s
step_00250 ✓ [ 100% ] 000/050 VUs    30s        250.00 iters/s
step_00300 ✓ [ 100% ] 000/060 VUs    30s        300.00 iters/s
step_00350 ✓ [ 100% ] 0000/0070 VUs  30s        350.00 iters/s
step_00400 ✓ [ 100% ] 0000/0080 VUs  30s        400.00 iters/s
step_00450   [  37% ] 0001/0090 VUs  11.0s/30s  450.00 iters/s
step_00500 • [   0% ] waiting        0m19.0s   
step_00550 • [   0% ] waiting        0m49.0s   
step_00600 • [   0% ] waiting        1m19.0s   
step_00650 • [   0% ] waiting        1m49.0s   
step_00700 • [   0% ] waiting        2m19.0s   
step_00750 • [   0% ] waiting        2m49.0s   
step_00800 • [   0% ] waiting        3m19.0s   

running (4m12.0s), 0000/0310 VUs, 59392 complete and 0 interrupted iterations
step_00050 ✓ [ 100% ] 000/020 VUs    30s        50.00 iters/s
step_00100 ✓ [ 100% ] 000/020 VUs    30s        100.00 iters/s
step_00150 ✓ [ 100% ] 000/030 VUs    30s        150.00 iters/s
step_00200 ✓ [ 100% ] 000/040 VUs    30s        200.00 iters/s
step_00250 ✓ [ 100% ] 000/050 VUs    30s        250.00 iters/s
step_00300 ✓ [ 100% ] 000/060 VUs    30s        300.00 iters/s
step_00350 ✓ [ 100% ] 0000/0070 VUs  30s        350.00 iters/s
step_00400 ✓ [ 100% ] 0000/0080 VUs  30s        400.00 iters/s
step_00450   [  40% ] 0000/0090 VUs  12.0s/30s  450.00 iters/s
step_00500 • [   0% ] waiting        0m18.0s   
step_00550 • [   0% ] waiting        0m48.0s   
step_00600 • [   0% ] waiting        1m18.0s   
step_00650 • [   0% ] waiting        1m48.0s   
step_00700 • [   0% ] waiting        2m18.0s   
step_00750 • [   0% ] waiting        2m48.0s   
step_00800 • [   0% ] waiting        3m18.0s   

running (4m13.0s), 0001/0310 VUs, 59842 complete and 0 interrupted iterations
step_00050 ✓ [ 100% ] 000/020 VUs    30s        50.00 iters/s
step_00100 ✓ [ 100% ] 000/020 VUs    30s        100.00 iters/s
step_00150 ✓ [ 100% ] 000/030 VUs    30s        150.00 iters/s
step_00200 ✓ [ 100% ] 000/040 VUs    30s        200.00 iters/s
step_00250 ✓ [ 100% ] 000/050 VUs    30s        250.00 iters/s
step_00300 ✓ [ 100% ] 000/060 VUs    30s        300.00 iters/s
step_00350 ✓ [ 100% ] 0000/0070 VUs  30s        350.00 iters/s
step_00400 ✓ [ 100% ] 0000/0080 VUs  30s        400.00 iters/s
step_00450   [  43% ] 0001/0090 VUs  13.0s/30s  450.00 iters/s
step_00500 • [   0% ] waiting        0m17.0s   
step_00550 • [   0% ] waiting        0m47.0s   
step_00600 • [   0% ] waiting        1m17.0s   
step_00650 • [   0% ] waiting        1m47.0s   
step_00700 • [   0% ] waiting        2m17.0s   
step_00750 • [   0% ] waiting        2m47.0s   
step_00800 • [   0% ] waiting        3m17.0s   

running (4m14.0s), 0000/0310 VUs, 60292 complete and 0 interrupted iterations
step_00050 ✓ [ 100% ] 000/020 VUs    30s        50.00 iters/s
step_00100 ✓ [ 100% ] 000/020 VUs    30s        100.00 iters/s
step_00150 ✓ [ 100% ] 000/030 VUs    30s        150.00 iters/s
step_00200 ✓ [ 100% ] 000/040 VUs    30s        200.00 iters/s
step_00250 ✓ [ 100% ] 000/050 VUs    30s        250.00 iters/s
step_00300 ✓ [ 100% ] 000/060 VUs    30s        300.00 iters/s
step_00350 ✓ [ 100% ] 0000/0070 VUs  30s        350.00 iters/s
step_00400 ✓ [ 100% ] 0000/0080 VUs  30s        400.00 iters/s
step_00450   [  47% ] 0001/0090 VUs  14.0s/30s  450.00 iters/s
step_00500 • [   0% ] waiting        0m16.0s   
step_00550 • [   0% ] waiting        0m46.0s   
step_00600 • [   0% ] waiting        1m16.0s   
step_00650 • [   0% ] waiting        1m46.0s   
step_00700 • [   0% ] waiting        2m16.0s   
step_00750 • [   0% ] waiting        2m46.0s   
step_00800 • [   0% ] waiting        3m16.0s   

running (4m15.0s), 0000/0310 VUs, 60742 complete and 0 interrupted iterations
step_00050 ✓ [ 100% ] 000/020 VUs    30s        50.00 iters/s
step_00100 ✓ [ 100% ] 000/020 VUs    30s        100.00 iters/s
step_00150 ✓ [ 100% ] 000/030 VUs    30s        150.00 iters/s
step_00200 ✓ [ 100% ] 000/040 VUs    30s        200.00 iters/s
step_00250 ✓ [ 100% ] 000/050 VUs    30s        250.00 iters/s
step_00300 ✓ [ 100% ] 000/060 VUs    30s        300.00 iters/s
step_00350 ✓ [ 100% ] 0000/0070 VUs  30s        350.00 iters/s
step_00400 ✓ [ 100% ] 0000/0080 VUs  30s        400.00 iters/s
step_00450   [  50% ] 0001/0090 VUs  15.0s/30s  450.00 iters/s
step_00500 • [   0% ] waiting        0m15.0s   
step_00550 • [   0% ] waiting        0m45.0s   
step_00600 • [   0% ] waiting        1m15.0s   
step_00650 • [   0% ] waiting        1m45.0s   
step_00700 • [   0% ] waiting        2m15.0s   
step_00750 • [   0% ] waiting        2m45.0s   
step_00800 • [   0% ] waiting        3m15.0s   

running (4m16.0s), 0001/0310 VUs, 61192 complete and 0 interrupted iterations
step_00050 ✓ [ 100% ] 000/020 VUs    30s        50.00 iters/s
step_00100 ✓ [ 100% ] 000/020 VUs    30s        100.00 iters/s
step_00150 ✓ [ 100% ] 000/030 VUs    30s        150.00 iters/s
step_00200 ✓ [ 100% ] 000/040 VUs    30s        200.00 iters/s
step_00250 ✓ [ 100% ] 000/050 VUs    30s        250.00 iters/s
step_00300 ✓ [ 100% ] 000/060 VUs    30s        300.00 iters/s
step_00350 ✓ [ 100% ] 0000/0070 VUs  30s        350.00 iters/s
step_00400 ✓ [ 100% ] 0000/0080 VUs  30s        400.00 iters/s
step_00450   [  53% ] 0001/0090 VUs  16.0s/30s  450.00 iters/s
step_00500 • [   0% ] waiting        0m14.0s   
step_00550 • [   0% ] waiting        0m44.0s   
step_00600 • [   0% ] waiting        1m14.0s   
step_00650 • [   0% ] waiting        1m44.0s   
step_00700 • [   0% ] waiting        2m14.0s   
step_00750 • [   0% ] waiting        2m44.0s   
step_00800 • [   0% ] waiting        3m14.0s   

running (4m17.0s), 0001/0310 VUs, 61642 complete and 0 interrupted iterations
step_00050 ✓ [ 100% ] 000/020 VUs    30s        50.00 iters/s
step_00100 ✓ [ 100% ] 000/020 VUs    30s        100.00 iters/s
step_00150 ✓ [ 100% ] 000/030 VUs    30s        150.00 iters/s
step_00200 ✓ [ 100% ] 000/040 VUs    30s        200.00 iters/s
step_00250 ✓ [ 100% ] 000/050 VUs    30s        250.00 iters/s
step_00300 ✓ [ 100% ] 000/060 VUs    30s        300.00 iters/s
step_00350 ✓ [ 100% ] 0000/0070 VUs  30s        350.00 iters/s
step_00400 ✓ [ 100% ] 0000/0080 VUs  30s        400.00 iters/s
step_00450   [  57% ] 0001/0090 VUs  17.0s/30s  450.00 iters/s
step_00500 • [   0% ] waiting        0m13.0s   
step_00550 • [   0% ] waiting        0m43.0s   
step_00600 • [   0% ] waiting        1m13.0s   
step_00650 • [   0% ] waiting        1m43.0s   
step_00700 • [   0% ] waiting        2m13.0s   
step_00750 • [   0% ] waiting        2m43.0s   
step_00800 • [   0% ] waiting        3m13.0s   

running (4m18.0s), 0001/0310 VUs, 62092 complete and 0 interrupted iterations
step_00050 ✓ [ 100% ] 000/020 VUs    30s        50.00 iters/s
step_00100 ✓ [ 100% ] 000/020 VUs    30s        100.00 iters/s
step_00150 ✓ [ 100% ] 000/030 VUs    30s        150.00 iters/s
step_00200 ✓ [ 100% ] 000/040 VUs    30s        200.00 iters/s
step_00250 ✓ [ 100% ] 000/050 VUs    30s        250.00 iters/s
step_00300 ✓ [ 100% ] 000/060 VUs    30s        300.00 iters/s
step_00350 ✓ [ 100% ] 0000/0070 VUs  30s        350.00 iters/s
step_00400 ✓ [ 100% ] 0000/0080 VUs  30s        400.00 iters/s
step_00450   [  60% ] 0001/0090 VUs  18.0s/30s  450.00 iters/s
step_00500 • [   0% ] waiting        0m12.0s   
step_00550 • [   0% ] waiting        0m42.0s   
step_00600 • [   0% ] waiting        1m12.0s   
step_00650 • [   0% ] waiting        1m42.0s   
step_00700 • [   0% ] waiting        2m12.0s   
step_00750 • [   0% ] waiting        2m42.0s   
step_00800 • [   0% ] waiting        3m12.0s   

running (4m19.0s), 0001/0310 VUs, 62542 complete and 0 interrupted iterations
step_00050 ✓ [ 100% ] 000/020 VUs    30s        50.00 iters/s
step_00100 ✓ [ 100% ] 000/020 VUs    30s        100.00 iters/s
step_00150 ✓ [ 100% ] 000/030 VUs    30s        150.00 iters/s
step_00200 ✓ [ 100% ] 000/040 VUs    30s        200.00 iters/s
step_00250 ✓ [ 100% ] 000/050 VUs    30s        250.00 iters/s
step_00300 ✓ [ 100% ] 000/060 VUs    30s        300.00 iters/s
step_00350 ✓ [ 100% ] 0000/0070 VUs  30s        350.00 iters/s
step_00400 ✓ [ 100% ] 0000/0080 VUs  30s        400.00 iters/s
step_00450   [  63% ] 0001/0090 VUs  19.0s/30s  450.00 iters/s
step_00500 • [   0% ] waiting        0m11.0s   
step_00550 • [   0% ] waiting        0m41.0s   
step_00600 • [   0% ] waiting        1m11.0s   
step_00650 • [   0% ] waiting        1m41.0s   
step_00700 • [   0% ] waiting        2m11.0s   
step_00750 • [   0% ] waiting        2m41.0s   
step_00800 • [   0% ] waiting        3m11.0s   

running (4m20.0s), 0001/0310 VUs, 62992 complete and 0 interrupted iterations
step_00050 ✓ [ 100% ] 000/020 VUs    30s        50.00 iters/s
step_00100 ✓ [ 100% ] 000/020 VUs    30s        100.00 iters/s
step_00150 ✓ [ 100% ] 000/030 VUs    30s        150.00 iters/s
step_00200 ✓ [ 100% ] 000/040 VUs    30s        200.00 iters/s
step_00250 ✓ [ 100% ] 000/050 VUs    30s        250.00 iters/s
step_00300 ✓ [ 100% ] 000/060 VUs    30s        300.00 iters/s
step_00350 ✓ [ 100% ] 0000/0070 VUs  30s        350.00 iters/s
step_00400 ✓ [ 100% ] 0000/0080 VUs  30s        400.00 iters/s
step_00450   [  67% ] 0001/0090 VUs  20.0s/30s  450.00 iters/s
step_00500 • [   0% ] waiting        0m10.0s   
step_00550 • [   0% ] waiting        0m40.0s   
step_00600 • [   0% ] waiting        1m10.0s   
step_00650 • [   0% ] waiting        1m40.0s   
step_00700 • [   0% ] waiting        2m10.0s   
step_00750 • [   0% ] waiting        2m40.0s   
step_00800 • [   0% ] waiting        3m10.0s   

running (4m21.0s), 0001/0310 VUs, 63442 complete and 0 interrupted iterations
step_00050 ✓ [ 100% ] 000/020 VUs    30s        50.00 iters/s
step_00100 ✓ [ 100% ] 000/020 VUs    30s        100.00 iters/s
step_00150 ✓ [ 100% ] 000/030 VUs    30s        150.00 iters/s
step_00200 ✓ [ 100% ] 000/040 VUs    30s        200.00 iters/s
step_00250 ✓ [ 100% ] 000/050 VUs    30s        250.00 iters/s
step_00300 ✓ [ 100% ] 000/060 VUs    30s        300.00 iters/s
step_00350 ✓ [ 100% ] 0000/0070 VUs  30s        350.00 iters/s
step_00400 ✓ [ 100% ] 0000/0080 VUs  30s        400.00 iters/s
step_00450   [  70% ] 0001/0090 VUs  21.0s/30s  450.00 iters/s
step_00500 • [   0% ] waiting        0m09.0s   
step_00550 • [   0% ] waiting        0m39.0s   
step_00600 • [   0% ] waiting        1m09.0s   
step_00650 • [   0% ] waiting        1m39.0s   
step_00700 • [   0% ] waiting        2m09.0s   
step_00750 • [   0% ] waiting        2m39.0s   
step_00800 • [   0% ] waiting        3m09.0s   

running (4m22.0s), 0001/0310 VUs, 63892 complete and 0 interrupted iterations
step_00050 ✓ [ 100% ] 000/020 VUs    30s        50.00 iters/s
step_00100 ✓ [ 100% ] 000/020 VUs    30s        100.00 iters/s
step_00150 ✓ [ 100% ] 000/030 VUs    30s        150.00 iters/s
step_00200 ✓ [ 100% ] 000/040 VUs    30s        200.00 iters/s
step_00250 ✓ [ 100% ] 000/050 VUs    30s        250.00 iters/s
step_00300 ✓ [ 100% ] 000/060 VUs    30s        300.00 iters/s
step_00350 ✓ [ 100% ] 0000/0070 VUs  30s        350.00 iters/s
step_00400 ✓ [ 100% ] 0000/0080 VUs  30s        400.00 iters/s
step_00450   [  73% ] 0001/0090 VUs  22.0s/30s  450.00 iters/s
step_00500 • [   0% ] waiting        0m08.0s   
step_00550 • [   0% ] waiting        0m38.0s   
step_00600 • [   0% ] waiting        1m08.0s   
step_00650 • [   0% ] waiting        1m38.0s   
step_00700 • [   0% ] waiting        2m08.0s   
step_00750 • [   0% ] waiting        2m38.0s   
step_00800 • [   0% ] waiting        3m08.0s   

running (4m23.0s), 0000/0310 VUs, 64342 complete and 0 interrupted iterations
step_00050 ✓ [ 100% ] 000/020 VUs    30s        50.00 iters/s
step_00100 ✓ [ 100% ] 000/020 VUs    30s        100.00 iters/s
step_00150 ✓ [ 100% ] 000/030 VUs    30s        150.00 iters/s
step_00200 ✓ [ 100% ] 000/040 VUs    30s        200.00 iters/s
step_00250 ✓ [ 100% ] 000/050 VUs    30s        250.00 iters/s
step_00300 ✓ [ 100% ] 000/060 VUs    30s        300.00 iters/s
step_00350 ✓ [ 100% ] 0000/0070 VUs  30s        350.00 iters/s
step_00400 ✓ [ 100% ] 0000/0080 VUs  30s        400.00 iters/s
step_00450   [  77% ] 0001/0090 VUs  23.0s/30s  450.00 iters/s
step_00500 • [   0% ] waiting        0m07.0s   
step_00550 • [   0% ] waiting        0m37.0s   
step_00600 • [   0% ] waiting        1m07.0s   
step_00650 • [   0% ] waiting        1m37.0s   
step_00700 • [   0% ] waiting        2m07.0s   
step_00750 • [   0% ] waiting        2m37.0s   
step_00800 • [   0% ] waiting        3m07.0s   

running (4m24.0s), 0001/0310 VUs, 64792 complete and 0 interrupted iterations
step_00050 ✓ [ 100% ] 000/020 VUs    30s        50.00 iters/s
step_00100 ✓ [ 100% ] 000/020 VUs    30s        100.00 iters/s
step_00150 ✓ [ 100% ] 000/030 VUs    30s        150.00 iters/s
step_00200 ✓ [ 100% ] 000/040 VUs    30s        200.00 iters/s
step_00250 ✓ [ 100% ] 000/050 VUs    30s        250.00 iters/s
step_00300 ✓ [ 100% ] 000/060 VUs    30s        300.00 iters/s
step_00350 ✓ [ 100% ] 0000/0070 VUs  30s        350.00 iters/s
step_00400 ✓ [ 100% ] 0000/0080 VUs  30s        400.00 iters/s
step_00450   [  80% ] 0001/0090 VUs  24.0s/30s  450.00 iters/s
step_00500 • [   0% ] waiting        0m06.0s   
step_00550 • [   0% ] waiting        0m36.0s   
step_00600 • [   0% ] waiting        1m06.0s   
step_00650 • [   0% ] waiting        1m36.0s   
step_00700 • [   0% ] waiting        2m06.0s   
step_00750 • [   0% ] waiting        2m36.0s   
step_00800 • [   0% ] waiting        3m06.0s   

running (4m25.0s), 0001/0310 VUs, 65242 complete and 0 interrupted iterations
step_00050 ✓ [ 100% ] 000/020 VUs    30s        50.00 iters/s
step_00100 ✓ [ 100% ] 000/020 VUs    30s        100.00 iters/s
step_00150 ✓ [ 100% ] 000/030 VUs    30s        150.00 iters/s
step_00200 ✓ [ 100% ] 000/040 VUs    30s        200.00 iters/s
step_00250 ✓ [ 100% ] 000/050 VUs    30s        250.00 iters/s
step_00300 ✓ [ 100% ] 000/060 VUs    30s        300.00 iters/s
step_00350 ✓ [ 100% ] 0000/0070 VUs  30s        350.00 iters/s
step_00400 ✓ [ 100% ] 0000/0080 VUs  30s        400.00 iters/s
step_00450   [  83% ] 0001/0090 VUs  25.0s/30s  450.00 iters/s
step_00500 • [   0% ] waiting        0m05.0s   
step_00550 • [   0% ] waiting        0m35.0s   
step_00600 • [   0% ] waiting        1m05.0s   
step_00650 • [   0% ] waiting        1m35.0s   
step_00700 • [   0% ] waiting        2m05.0s   
step_00750 • [   0% ] waiting        2m35.0s   
step_00800 • [   0% ] waiting        3m05.0s   

running (4m26.0s), 0000/0310 VUs, 65692 complete and 0 interrupted iterations
step_00050 ✓ [ 100% ] 000/020 VUs    30s        50.00 iters/s
step_00100 ✓ [ 100% ] 000/020 VUs    30s        100.00 iters/s
step_00150 ✓ [ 100% ] 000/030 VUs    30s        150.00 iters/s
step_00200 ✓ [ 100% ] 000/040 VUs    30s        200.00 iters/s
step_00250 ✓ [ 100% ] 000/050 VUs    30s        250.00 iters/s
step_00300 ✓ [ 100% ] 000/060 VUs    30s        300.00 iters/s
step_00350 ✓ [ 100% ] 0000/0070 VUs  30s        350.00 iters/s
step_00400 ✓ [ 100% ] 0000/0080 VUs  30s        400.00 iters/s
step_00450   [  87% ] 0001/0090 VUs  26.0s/30s  450.00 iters/s
step_00500 • [   0% ] waiting        0m04.0s   
step_00550 • [   0% ] waiting        0m34.0s   
step_00600 • [   0% ] waiting        1m04.0s   
step_00650 • [   0% ] waiting        1m34.0s   
step_00700 • [   0% ] waiting        2m04.0s   
step_00750 • [   0% ] waiting        2m34.0s   
step_00800 • [   0% ] waiting        3m04.0s   

running (4m27.0s), 0001/0310 VUs, 66142 complete and 0 interrupted iterations
step_00050 ✓ [ 100% ] 000/020 VUs    30s        50.00 iters/s
step_00100 ✓ [ 100% ] 000/020 VUs    30s        100.00 iters/s
step_00150 ✓ [ 100% ] 000/030 VUs    30s        150.00 iters/s
step_00200 ✓ [ 100% ] 000/040 VUs    30s        200.00 iters/s
step_00250 ✓ [ 100% ] 000/050 VUs    30s        250.00 iters/s
step_00300 ✓ [ 100% ] 000/060 VUs    30s        300.00 iters/s
step_00350 ✓ [ 100% ] 0000/0070 VUs  30s        350.00 iters/s
step_00400 ✓ [ 100% ] 0000/0080 VUs  30s        400.00 iters/s
step_00450   [  90% ] 0001/0090 VUs  27.0s/30s  450.00 iters/s
step_00500 • [   0% ] waiting        0m03.0s   
step_00550 • [   0% ] waiting        0m33.0s   
step_00600 • [   0% ] waiting        1m03.0s   
step_00650 • [   0% ] waiting        1m33.0s   
step_00700 • [   0% ] waiting        2m03.0s   
step_00750 • [   0% ] waiting        2m33.0s   
step_00800 • [   0% ] waiting        3m03.0s   

running (4m28.0s), 0001/0310 VUs, 66592 complete and 0 interrupted iterations
step_00050 ✓ [ 100% ] 000/020 VUs    30s        50.00 iters/s
step_00100 ✓ [ 100% ] 000/020 VUs    30s        100.00 iters/s
step_00150 ✓ [ 100% ] 000/030 VUs    30s        150.00 iters/s
step_00200 ✓ [ 100% ] 000/040 VUs    30s        200.00 iters/s
step_00250 ✓ [ 100% ] 000/050 VUs    30s        250.00 iters/s
step_00300 ✓ [ 100% ] 000/060 VUs    30s        300.00 iters/s
step_00350 ✓ [ 100% ] 0000/0070 VUs  30s        350.00 iters/s
step_00400 ✓ [ 100% ] 0000/0080 VUs  30s        400.00 iters/s
step_00450   [  93% ] 0001/0090 VUs  28.0s/30s  450.00 iters/s
step_00500 • [   0% ] waiting        0m02.0s   
step_00550 • [   0% ] waiting        0m32.0s   
step_00600 • [   0% ] waiting        1m02.0s   
step_00650 • [   0% ] waiting        1m32.0s   
step_00700 • [   0% ] waiting        2m02.0s   
step_00750 • [   0% ] waiting        2m32.0s   
step_00800 • [   0% ] waiting        3m02.0s   

running (4m29.0s), 0000/0310 VUs, 67042 complete and 0 interrupted iterations
step_00050 ✓ [ 100% ] 000/020 VUs    30s        50.00 iters/s
step_00100 ✓ [ 100% ] 000/020 VUs    30s        100.00 iters/s
step_00150 ✓ [ 100% ] 000/030 VUs    30s        150.00 iters/s
step_00200 ✓ [ 100% ] 000/040 VUs    30s        200.00 iters/s
step_00250 ✓ [ 100% ] 000/050 VUs    30s        250.00 iters/s
step_00300 ✓ [ 100% ] 000/060 VUs    30s        300.00 iters/s
step_00350 ✓ [ 100% ] 0000/0070 VUs  30s        350.00 iters/s
step_00400 ✓ [ 100% ] 0000/0080 VUs  30s        400.00 iters/s
step_00450   [  97% ] 0000/0090 VUs  29.0s/30s  450.00 iters/s
step_00500 • [   0% ] waiting        0m01.0s   
step_00550 • [   0% ] waiting        0m31.0s   
step_00600 • [   0% ] waiting        1m01.0s   
step_00650 • [   0% ] waiting        1m31.0s   
step_00700 • [   0% ] waiting        2m01.0s   
step_00750 • [   0% ] waiting        2m31.0s   
step_00800 • [   0% ] waiting        3m01.0s   

running (4m30.0s), 0001/0310 VUs, 67492 complete and 0 interrupted iterations
step_00050 ✓ [ 100% ] 000/020 VUs    30s        50.00 iters/s
step_00100 ✓ [ 100% ] 000/020 VUs    30s        100.00 iters/s
step_00150 ✓ [ 100% ] 000/030 VUs    30s        150.00 iters/s
step_00200 ✓ [ 100% ] 000/040 VUs    30s        200.00 iters/s
step_00250 ✓ [ 100% ] 000/050 VUs    30s        250.00 iters/s
step_00300 ✓ [ 100% ] 000/060 VUs    30s        300.00 iters/s
step_00350 ✓ [ 100% ] 0000/0070 VUs  30s        350.00 iters/s
step_00400 ✓ [ 100% ] 0000/0080 VUs  30s        400.00 iters/s
step_00450   [ 100% ] 0001/0090 VUs  30.0s/30s  450.00 iters/s
step_00500 • [   0% ] waiting        0m00.0s   
step_00550 • [   0% ] waiting        0m30.0s   
step_00600 • [   0% ] waiting        1m00.0s   
step_00650 • [   0% ] waiting        1m30.0s   
step_00700 • [   0% ] waiting        2m00.0s   
step_00750 • [   0% ] waiting        2m30.0s   
step_00800 • [   0% ] waiting        3m00.0s   

running (4m31.0s), 0001/0310 VUs, 67991 complete and 0 interrupted iterations
step_00050 ✓ [ 100% ] 000/020 VUs    30s        50.00 iters/s
step_00100 ✓ [ 100% ] 000/020 VUs    30s        100.00 iters/s
step_00150 ✓ [ 100% ] 000/030 VUs    30s        150.00 iters/s
step_00200 ✓ [ 100% ] 000/040 VUs    30s        200.00 iters/s
step_00250 ✓ [ 100% ] 000/050 VUs    30s        250.00 iters/s
step_00300 ✓ [ 100% ] 000/060 VUs    30s        300.00 iters/s
step_00350 ✓ [ 100% ] 0000/0070 VUs  30s        350.00 iters/s
step_00400 ✓ [ 100% ] 0000/0080 VUs  30s        400.00 iters/s
step_00450 ✓ [ 100% ] 0000/0090 VUs  30s        450.00 iters/s
step_00500   [   3% ] 0001/0100 VUs  01.0s/30s  500.00 iters/s
step_00550 • [   0% ] waiting        0m29.0s   
step_00600 • [   0% ] waiting        0m59.0s   
step_00650 • [   0% ] waiting        1m29.0s   
step_00700 • [   0% ] waiting        1m59.0s   
step_00750 • [   0% ] waiting        2m29.0s   
step_00800 • [   0% ] waiting        2m59.0s   

running (4m32.0s), 0001/0310 VUs, 68491 complete and 0 interrupted iterations
step_00050 ✓ [ 100% ] 000/020 VUs    30s        50.00 iters/s
step_00100 ✓ [ 100% ] 000/020 VUs    30s        100.00 iters/s
step_00150 ✓ [ 100% ] 000/030 VUs    30s        150.00 iters/s
step_00200 ✓ [ 100% ] 000/040 VUs    30s        200.00 iters/s
step_00250 ✓ [ 100% ] 000/050 VUs    30s        250.00 iters/s
step_00300 ✓ [ 100% ] 000/060 VUs    30s        300.00 iters/s
step_00350 ✓ [ 100% ] 0000/0070 VUs  30s        350.00 iters/s
step_00400 ✓ [ 100% ] 0000/0080 VUs  30s        400.00 iters/s
step_00450 ✓ [ 100% ] 0000/0090 VUs  30s        450.00 iters/s
step_00500   [   7% ] 0001/0100 VUs  02.0s/30s  500.00 iters/s
step_00550 • [   0% ] waiting        0m28.0s   
step_00600 • [   0% ] waiting        0m58.0s   
step_00650 • [   0% ] waiting        1m28.0s   
step_00700 • [   0% ] waiting        1m58.0s   
step_00750 • [   0% ] waiting        2m28.0s   
step_00800 • [   0% ] waiting        2m58.0s   

running (4m33.0s), 0001/0310 VUs, 68991 complete and 0 interrupted iterations
step_00050 ✓ [ 100% ] 000/020 VUs    30s        50.00 iters/s
step_00100 ✓ [ 100% ] 000/020 VUs    30s        100.00 iters/s
step_00150 ✓ [ 100% ] 000/030 VUs    30s        150.00 iters/s
step_00200 ✓ [ 100% ] 000/040 VUs    30s        200.00 iters/s
step_00250 ✓ [ 100% ] 000/050 VUs    30s        250.00 iters/s
step_00300 ✓ [ 100% ] 000/060 VUs    30s        300.00 iters/s
step_00350 ✓ [ 100% ] 0000/0070 VUs  30s        350.00 iters/s
step_00400 ✓ [ 100% ] 0000/0080 VUs  30s        400.00 iters/s
step_00450 ✓ [ 100% ] 0000/0090 VUs  30s        450.00 iters/s
step_00500   [  10% ] 0001/0100 VUs  03.0s/30s  500.00 iters/s
step_00550 • [   0% ] waiting        0m27.0s   
step_00600 • [   0% ] waiting        0m57.0s   
step_00650 • [   0% ] waiting        1m27.0s   
step_00700 • [   0% ] waiting        1m57.0s   
step_00750 • [   0% ] waiting        2m27.0s   
step_00800 • [   0% ] waiting        2m57.0s   

running (4m34.0s), 0001/0310 VUs, 69491 complete and 0 interrupted iterations
step_00050 ✓ [ 100% ] 000/020 VUs    30s        50.00 iters/s
step_00100 ✓ [ 100% ] 000/020 VUs    30s        100.00 iters/s
step_00150 ✓ [ 100% ] 000/030 VUs    30s        150.00 iters/s
step_00200 ✓ [ 100% ] 000/040 VUs    30s        200.00 iters/s
step_00250 ✓ [ 100% ] 000/050 VUs    30s        250.00 iters/s
step_00300 ✓ [ 100% ] 000/060 VUs    30s        300.00 iters/s
step_00350 ✓ [ 100% ] 0000/0070 VUs  30s        350.00 iters/s
step_00400 ✓ [ 100% ] 0000/0080 VUs  30s        400.00 iters/s
step_00450 ✓ [ 100% ] 0000/0090 VUs  30s        450.00 iters/s
step_00500   [  13% ] 0001/0100 VUs  04.0s/30s  500.00 iters/s
step_00550 • [   0% ] waiting        0m26.0s   
step_00600 • [   0% ] waiting        0m56.0s   
step_00650 • [   0% ] waiting        1m26.0s   
step_00700 • [   0% ] waiting        1m56.0s   
step_00750 • [   0% ] waiting        2m26.0s   
step_00800 • [   0% ] waiting        2m56.0s   

running (4m35.0s), 0001/0310 VUs, 69991 complete and 0 interrupted iterations
step_00050 ✓ [ 100% ] 000/020 VUs    30s        50.00 iters/s
step_00100 ✓ [ 100% ] 000/020 VUs    30s        100.00 iters/s
step_00150 ✓ [ 100% ] 000/030 VUs    30s        150.00 iters/s
step_00200 ✓ [ 100% ] 000/040 VUs    30s        200.00 iters/s
step_00250 ✓ [ 100% ] 000/050 VUs    30s        250.00 iters/s
step_00300 ✓ [ 100% ] 000/060 VUs    30s        300.00 iters/s
step_00350 ✓ [ 100% ] 0000/0070 VUs  30s        350.00 iters/s
step_00400 ✓ [ 100% ] 0000/0080 VUs  30s        400.00 iters/s
step_00450 ✓ [ 100% ] 0000/0090 VUs  30s        450.00 iters/s
step_00500   [  17% ] 0001/0100 VUs  05.0s/30s  500.00 iters/s
step_00550 • [   0% ] waiting        0m25.0s   
step_00600 • [   0% ] waiting        0m55.0s   
step_00650 • [   0% ] waiting        1m25.0s   
step_00700 • [   0% ] waiting        1m55.0s   
step_00750 • [   0% ] waiting        2m25.0s   
step_00800 • [   0% ] waiting        2m55.0s   

running (4m36.0s), 0001/0310 VUs, 70491 complete and 0 interrupted iterations
step_00050 ✓ [ 100% ] 000/020 VUs    30s        50.00 iters/s
step_00100 ✓ [ 100% ] 000/020 VUs    30s        100.00 iters/s
step_00150 ✓ [ 100% ] 000/030 VUs    30s        150.00 iters/s
step_00200 ✓ [ 100% ] 000/040 VUs    30s        200.00 iters/s
step_00250 ✓ [ 100% ] 000/050 VUs    30s        250.00 iters/s
step_00300 ✓ [ 100% ] 000/060 VUs    30s        300.00 iters/s
step_00350 ✓ [ 100% ] 0000/0070 VUs  30s        350.00 iters/s
step_00400 ✓ [ 100% ] 0000/0080 VUs  30s        400.00 iters/s
step_00450 ✓ [ 100% ] 0000/0090 VUs  30s        450.00 iters/s
step_00500   [  20% ] 0001/0100 VUs  06.0s/30s  500.00 iters/s
step_00550 • [   0% ] waiting        0m24.0s   
step_00600 • [   0% ] waiting        0m54.0s   
step_00650 • [   0% ] waiting        1m24.0s   
step_00700 • [   0% ] waiting        1m54.0s   
step_00750 • [   0% ] waiting        2m24.0s   
step_00800 • [   0% ] waiting        2m54.0s   

running (4m37.0s), 0001/0310 VUs, 70991 complete and 0 interrupted iterations
step_00050 ✓ [ 100% ] 000/020 VUs    30s        50.00 iters/s
step_00100 ✓ [ 100% ] 000/020 VUs    30s        100.00 iters/s
step_00150 ✓ [ 100% ] 000/030 VUs    30s        150.00 iters/s
step_00200 ✓ [ 100% ] 000/040 VUs    30s        200.00 iters/s
step_00250 ✓ [ 100% ] 000/050 VUs    30s        250.00 iters/s
step_00300 ✓ [ 100% ] 000/060 VUs    30s        300.00 iters/s
step_00350 ✓ [ 100% ] 0000/0070 VUs  30s        350.00 iters/s
step_00400 ✓ [ 100% ] 0000/0080 VUs  30s        400.00 iters/s
step_00450 ✓ [ 100% ] 0000/0090 VUs  30s        450.00 iters/s
step_00500   [  23% ] 0001/0100 VUs  07.0s/30s  500.00 iters/s
step_00550 • [   0% ] waiting        0m23.0s   
step_00600 • [   0% ] waiting        0m53.0s   
step_00650 • [   0% ] waiting        1m23.0s   
step_00700 • [   0% ] waiting        1m53.0s   
step_00750 • [   0% ] waiting        2m23.0s   
step_00800 • [   0% ] waiting        2m53.0s   

running (4m38.0s), 0001/0310 VUs, 71491 complete and 0 interrupted iterations
step_00050 ✓ [ 100% ] 000/020 VUs    30s        50.00 iters/s
step_00100 ✓ [ 100% ] 000/020 VUs    30s        100.00 iters/s
step_00150 ✓ [ 100% ] 000/030 VUs    30s        150.00 iters/s
step_00200 ✓ [ 100% ] 000/040 VUs    30s        200.00 iters/s
step_00250 ✓ [ 100% ] 000/050 VUs    30s        250.00 iters/s
step_00300 ✓ [ 100% ] 000/060 VUs    30s        300.00 iters/s
step_00350 ✓ [ 100% ] 0000/0070 VUs  30s        350.00 iters/s
step_00400 ✓ [ 100% ] 0000/0080 VUs  30s        400.00 iters/s
step_00450 ✓ [ 100% ] 0000/0090 VUs  30s        450.00 iters/s
step_00500   [  27% ] 0001/0100 VUs  08.0s/30s  500.00 iters/s
step_00550 • [   0% ] waiting        0m22.0s   
step_00600 • [   0% ] waiting        0m52.0s   
step_00650 • [   0% ] waiting        1m22.0s   
step_00700 • [   0% ] waiting        1m52.0s   
step_00750 • [   0% ] waiting        2m22.0s   
step_00800 • [   0% ] waiting        2m52.0s   

running (4m39.0s), 0001/0310 VUs, 71991 complete and 0 interrupted iterations
step_00050 ✓ [ 100% ] 000/020 VUs    30s        50.00 iters/s
step_00100 ✓ [ 100% ] 000/020 VUs    30s        100.00 iters/s
step_00150 ✓ [ 100% ] 000/030 VUs    30s        150.00 iters/s
step_00200 ✓ [ 100% ] 000/040 VUs    30s        200.00 iters/s
step_00250 ✓ [ 100% ] 000/050 VUs    30s        250.00 iters/s
step_00300 ✓ [ 100% ] 000/060 VUs    30s        300.00 iters/s
step_00350 ✓ [ 100% ] 0000/0070 VUs  30s        350.00 iters/s
step_00400 ✓ [ 100% ] 0000/0080 VUs  30s        400.00 iters/s
step_00450 ✓ [ 100% ] 0000/0090 VUs  30s        450.00 iters/s
step_00500   [  30% ] 0001/0100 VUs  09.0s/30s  500.00 iters/s
step_00550 • [   0% ] waiting        0m21.0s   
step_00600 • [   0% ] waiting        0m51.0s   
step_00650 • [   0% ] waiting        1m21.0s   
step_00700 • [   0% ] waiting        1m51.0s   
step_00750 • [   0% ] waiting        2m21.0s   
step_00800 • [   0% ] waiting        2m51.0s   

running (4m40.0s), 0001/0310 VUs, 72491 complete and 0 interrupted iterations
step_00050 ✓ [ 100% ] 000/020 VUs    30s        50.00 iters/s
step_00100 ✓ [ 100% ] 000/020 VUs    30s        100.00 iters/s
step_00150 ✓ [ 100% ] 000/030 VUs    30s        150.00 iters/s
step_00200 ✓ [ 100% ] 000/040 VUs    30s        200.00 iters/s
step_00250 ✓ [ 100% ] 000/050 VUs    30s        250.00 iters/s
step_00300 ✓ [ 100% ] 000/060 VUs    30s        300.00 iters/s
step_00350 ✓ [ 100% ] 0000/0070 VUs  30s        350.00 iters/s
step_00400 ✓ [ 100% ] 0000/0080 VUs  30s        400.00 iters/s
step_00450 ✓ [ 100% ] 0000/0090 VUs  30s        450.00 iters/s
step_00500   [  33% ] 0001/0100 VUs  10.0s/30s  500.00 iters/s
step_00550 • [   0% ] waiting        0m20.0s   
step_00600 • [   0% ] waiting        0m50.0s   
step_00650 • [   0% ] waiting        1m20.0s   
step_00700 • [   0% ] waiting        1m50.0s   
step_00750 • [   0% ] waiting        2m20.0s   
step_00800 • [   0% ] waiting        2m50.0s   

running (4m41.0s), 0001/0310 VUs, 72991 complete and 0 interrupted iterations
step_00050 ✓ [ 100% ] 000/020 VUs    30s        50.00 iters/s
step_00100 ✓ [ 100% ] 000/020 VUs    30s        100.00 iters/s
step_00150 ✓ [ 100% ] 000/030 VUs    30s        150.00 iters/s
step_00200 ✓ [ 100% ] 000/040 VUs    30s        200.00 iters/s
step_00250 ✓ [ 100% ] 000/050 VUs    30s        250.00 iters/s
step_00300 ✓ [ 100% ] 000/060 VUs    30s        300.00 iters/s
step_00350 ✓ [ 100% ] 0000/0070 VUs  30s        350.00 iters/s
step_00400 ✓ [ 100% ] 0000/0080 VUs  30s        400.00 iters/s
step_00450 ✓ [ 100% ] 0000/0090 VUs  30s        450.00 iters/s
step_00500   [  37% ] 0001/0100 VUs  11.0s/30s  500.00 iters/s
step_00550 • [   0% ] waiting        0m19.0s   
step_00600 • [   0% ] waiting        0m49.0s   
step_00650 • [   0% ] waiting        1m19.0s   
step_00700 • [   0% ] waiting        1m49.0s   
step_00750 • [   0% ] waiting        2m19.0s   
step_00800 • [   0% ] waiting        2m49.0s   

running (4m42.0s), 0001/0310 VUs, 73491 complete and 0 interrupted iterations
step_00050 ✓ [ 100% ] 000/020 VUs    30s        50.00 iters/s
step_00100 ✓ [ 100% ] 000/020 VUs    30s        100.00 iters/s
step_00150 ✓ [ 100% ] 000/030 VUs    30s        150.00 iters/s
step_00200 ✓ [ 100% ] 000/040 VUs    30s        200.00 iters/s
step_00250 ✓ [ 100% ] 000/050 VUs    30s        250.00 iters/s
step_00300 ✓ [ 100% ] 000/060 VUs    30s        300.00 iters/s
step_00350 ✓ [ 100% ] 0000/0070 VUs  30s        350.00 iters/s
step_00400 ✓ [ 100% ] 0000/0080 VUs  30s        400.00 iters/s
step_00450 ✓ [ 100% ] 0000/0090 VUs  30s        450.00 iters/s
step_00500   [  40% ] 0001/0100 VUs  12.0s/30s  500.00 iters/s
step_00550 • [   0% ] waiting        0m18.0s   
step_00600 • [   0% ] waiting        0m48.0s   
step_00650 • [   0% ] waiting        1m18.0s   
step_00700 • [   0% ] waiting        1m48.0s   
step_00750 • [   0% ] waiting        2m18.0s   
step_00800 • [   0% ] waiting        2m48.0s   

running (4m43.0s), 0001/0310 VUs, 73991 complete and 0 interrupted iterations
step_00050 ✓ [ 100% ] 000/020 VUs    30s        50.00 iters/s
step_00100 ✓ [ 100% ] 000/020 VUs    30s        100.00 iters/s
step_00150 ✓ [ 100% ] 000/030 VUs    30s        150.00 iters/s
step_00200 ✓ [ 100% ] 000/040 VUs    30s        200.00 iters/s
step_00250 ✓ [ 100% ] 000/050 VUs    30s        250.00 iters/s
step_00300 ✓ [ 100% ] 000/060 VUs    30s        300.00 iters/s
step_00350 ✓ [ 100% ] 0000/0070 VUs  30s        350.00 iters/s
step_00400 ✓ [ 100% ] 0000/0080 VUs  30s        400.00 iters/s
step_00450 ✓ [ 100% ] 0000/0090 VUs  30s        450.00 iters/s
step_00500   [  43% ] 0001/0100 VUs  13.0s/30s  500.00 iters/s
step_00550 • [   0% ] waiting        0m17.0s   
step_00600 • [   0% ] waiting        0m47.0s   
step_00650 • [   0% ] waiting        1m17.0s   
step_00700 • [   0% ] waiting        1m47.0s   
step_00750 • [   0% ] waiting        2m17.0s   
step_00800 • [   0% ] waiting        2m47.0s   

running (4m44.0s), 0001/0310 VUs, 74491 complete and 0 interrupted iterations
step_00050 ✓ [ 100% ] 000/020 VUs    30s        50.00 iters/s
step_00100 ✓ [ 100% ] 000/020 VUs    30s        100.00 iters/s
step_00150 ✓ [ 100% ] 000/030 VUs    30s        150.00 iters/s
step_00200 ✓ [ 100% ] 000/040 VUs    30s        200.00 iters/s
step_00250 ✓ [ 100% ] 000/050 VUs    30s        250.00 iters/s
step_00300 ✓ [ 100% ] 000/060 VUs    30s        300.00 iters/s
step_00350 ✓ [ 100% ] 0000/0070 VUs  30s        350.00 iters/s
step_00400 ✓ [ 100% ] 0000/0080 VUs  30s        400.00 iters/s
step_00450 ✓ [ 100% ] 0000/0090 VUs  30s        450.00 iters/s
step_00500   [  47% ] 0001/0100 VUs  14.0s/30s  500.00 iters/s
step_00550 • [   0% ] waiting        0m16.0s   
step_00600 • [   0% ] waiting        0m46.0s   
step_00650 • [   0% ] waiting        1m16.0s   
step_00700 • [   0% ] waiting        1m46.0s   
step_00750 • [   0% ] waiting        2m16.0s   
step_00800 • [   0% ] waiting        2m46.0s   

running (4m45.0s), 0001/0310 VUs, 74991 complete and 0 interrupted iterations
step_00050 ✓ [ 100% ] 000/020 VUs    30s        50.00 iters/s
step_00100 ✓ [ 100% ] 000/020 VUs    30s        100.00 iters/s
step_00150 ✓ [ 100% ] 000/030 VUs    30s        150.00 iters/s
step_00200 ✓ [ 100% ] 000/040 VUs    30s        200.00 iters/s
step_00250 ✓ [ 100% ] 000/050 VUs    30s        250.00 iters/s
step_00300 ✓ [ 100% ] 000/060 VUs    30s        300.00 iters/s
step_00350 ✓ [ 100% ] 0000/0070 VUs  30s        350.00 iters/s
step_00400 ✓ [ 100% ] 0000/0080 VUs  30s        400.00 iters/s
step_00450 ✓ [ 100% ] 0000/0090 VUs  30s        450.00 iters/s
step_00500   [  50% ] 0001/0100 VUs  15.0s/30s  500.00 iters/s
step_00550 • [   0% ] waiting        0m15.0s   
step_00600 • [   0% ] waiting        0m45.0s   
step_00650 • [   0% ] waiting        1m15.0s   
step_00700 • [   0% ] waiting        1m45.0s   
step_00750 • [   0% ] waiting        2m15.0s   
step_00800 • [   0% ] waiting        2m45.0s   

running (4m46.0s), 0001/0310 VUs, 75491 complete and 0 interrupted iterations
step_00050 ✓ [ 100% ] 000/020 VUs    30s        50.00 iters/s
step_00100 ✓ [ 100% ] 000/020 VUs    30s        100.00 iters/s
step_00150 ✓ [ 100% ] 000/030 VUs    30s        150.00 iters/s
step_00200 ✓ [ 100% ] 000/040 VUs    30s        200.00 iters/s
step_00250 ✓ [ 100% ] 000/050 VUs    30s        250.00 iters/s
step_00300 ✓ [ 100% ] 000/060 VUs    30s        300.00 iters/s
step_00350 ✓ [ 100% ] 0000/0070 VUs  30s        350.00 iters/s
step_00400 ✓ [ 100% ] 0000/0080 VUs  30s        400.00 iters/s
step_00450 ✓ [ 100% ] 0000/0090 VUs  30s        450.00 iters/s
step_00500   [  53% ] 0001/0100 VUs  16.0s/30s  500.00 iters/s
step_00550 • [   0% ] waiting        0m14.0s   
step_00600 • [   0% ] waiting        0m44.0s   
step_00650 • [   0% ] waiting        1m14.0s   
step_00700 • [   0% ] waiting        1m44.0s   
step_00750 • [   0% ] waiting        2m14.0s   
step_00800 • [   0% ] waiting        2m44.0s   

running (4m47.0s), 0001/0310 VUs, 75991 complete and 0 interrupted iterations
step_00050 ✓ [ 100% ] 000/020 VUs    30s        50.00 iters/s
step_00100 ✓ [ 100% ] 000/020 VUs    30s        100.00 iters/s
step_00150 ✓ [ 100% ] 000/030 VUs    30s        150.00 iters/s
step_00200 ✓ [ 100% ] 000/040 VUs    30s        200.00 iters/s
step_00250 ✓ [ 100% ] 000/050 VUs    30s        250.00 iters/s
step_00300 ✓ [ 100% ] 000/060 VUs    30s        300.00 iters/s
step_00350 ✓ [ 100% ] 0000/0070 VUs  30s        350.00 iters/s
step_00400 ✓ [ 100% ] 0000/0080 VUs  30s        400.00 iters/s
step_00450 ✓ [ 100% ] 0000/0090 VUs  30s        450.00 iters/s
step_00500   [  57% ] 0001/0100 VUs  17.0s/30s  500.00 iters/s
step_00550 • [   0% ] waiting        0m13.0s   
step_00600 • [   0% ] waiting        0m43.0s   
step_00650 • [   0% ] waiting        1m13.0s   
step_00700 • [   0% ] waiting        1m43.0s   
step_00750 • [   0% ] waiting        2m13.0s   
step_00800 • [   0% ] waiting        2m43.0s   

running (4m48.0s), 0001/0310 VUs, 76491 complete and 0 interrupted iterations
step_00050 ✓ [ 100% ] 000/020 VUs    30s        50.00 iters/s
step_00100 ✓ [ 100% ] 000/020 VUs    30s        100.00 iters/s
step_00150 ✓ [ 100% ] 000/030 VUs    30s        150.00 iters/s
step_00200 ✓ [ 100% ] 000/040 VUs    30s        200.00 iters/s
step_00250 ✓ [ 100% ] 000/050 VUs    30s        250.00 iters/s
step_00300 ✓ [ 100% ] 000/060 VUs    30s        300.00 iters/s
step_00350 ✓ [ 100% ] 0000/0070 VUs  30s        350.00 iters/s
step_00400 ✓ [ 100% ] 0000/0080 VUs  30s        400.00 iters/s
step_00450 ✓ [ 100% ] 0000/0090 VUs  30s        450.00 iters/s
step_00500   [  60% ] 0001/0100 VUs  18.0s/30s  500.00 iters/s
step_00550 • [   0% ] waiting        0m12.0s   
step_00600 • [   0% ] waiting        0m42.0s   
step_00650 • [   0% ] waiting        1m12.0s   
step_00700 • [   0% ] waiting        1m42.0s   
step_00750 • [   0% ] waiting        2m12.0s   
step_00800 • [   0% ] waiting        2m42.0s   

running (4m49.0s), 0001/0310 VUs, 76991 complete and 0 interrupted iterations
step_00050 ✓ [ 100% ] 000/020 VUs    30s        50.00 iters/s
step_00100 ✓ [ 100% ] 000/020 VUs    30s        100.00 iters/s
step_00150 ✓ [ 100% ] 000/030 VUs    30s        150.00 iters/s
step_00200 ✓ [ 100% ] 000/040 VUs    30s        200.00 iters/s
step_00250 ✓ [ 100% ] 000/050 VUs    30s        250.00 iters/s
step_00300 ✓ [ 100% ] 000/060 VUs    30s        300.00 iters/s
step_00350 ✓ [ 100% ] 0000/0070 VUs  30s        350.00 iters/s
step_00400 ✓ [ 100% ] 0000/0080 VUs  30s        400.00 iters/s
step_00450 ✓ [ 100% ] 0000/0090 VUs  30s        450.00 iters/s
step_00500   [  63% ] 0001/0100 VUs  19.0s/30s  500.00 iters/s
step_00550 • [   0% ] waiting        0m11.0s   
step_00600 • [   0% ] waiting        0m41.0s   
step_00650 • [   0% ] waiting        1m11.0s   
step_00700 • [   0% ] waiting        1m41.0s   
step_00750 • [   0% ] waiting        2m11.0s   
step_00800 • [   0% ] waiting        2m41.0s   

running (4m50.0s), 0001/0310 VUs, 77491 complete and 0 interrupted iterations
step_00050 ✓ [ 100% ] 000/020 VUs    30s        50.00 iters/s
step_00100 ✓ [ 100% ] 000/020 VUs    30s        100.00 iters/s
step_00150 ✓ [ 100% ] 000/030 VUs    30s        150.00 iters/s
step_00200 ✓ [ 100% ] 000/040 VUs    30s        200.00 iters/s
step_00250 ✓ [ 100% ] 000/050 VUs    30s        250.00 iters/s
step_00300 ✓ [ 100% ] 000/060 VUs    30s        300.00 iters/s
step_00350 ✓ [ 100% ] 0000/0070 VUs  30s        350.00 iters/s
step_00400 ✓ [ 100% ] 0000/0080 VUs  30s        400.00 iters/s
step_00450 ✓ [ 100% ] 0000/0090 VUs  30s        450.00 iters/s
step_00500   [  67% ] 0001/0100 VUs  20.0s/30s  500.00 iters/s
step_00550 • [   0% ] waiting        0m10.0s   
step_00600 • [   0% ] waiting        0m40.0s   
step_00650 • [   0% ] waiting        1m10.0s   
step_00700 • [   0% ] waiting        1m40.0s   
step_00750 • [   0% ] waiting        2m10.0s   
step_00800 • [   0% ] waiting        2m40.0s   

running (4m51.0s), 0001/0310 VUs, 77991 complete and 0 interrupted iterations
step_00050 ✓ [ 100% ] 000/020 VUs    30s        50.00 iters/s
step_00100 ✓ [ 100% ] 000/020 VUs    30s        100.00 iters/s
step_00150 ✓ [ 100% ] 000/030 VUs    30s        150.00 iters/s
step_00200 ✓ [ 100% ] 000/040 VUs    30s        200.00 iters/s
step_00250 ✓ [ 100% ] 000/050 VUs    30s        250.00 iters/s
step_00300 ✓ [ 100% ] 000/060 VUs    30s        300.00 iters/s
step_00350 ✓ [ 100% ] 0000/0070 VUs  30s        350.00 iters/s
step_00400 ✓ [ 100% ] 0000/0080 VUs  30s        400.00 iters/s
step_00450 ✓ [ 100% ] 0000/0090 VUs  30s        450.00 iters/s
step_00500   [  70% ] 0001/0100 VUs  21.0s/30s  500.00 iters/s
step_00550 • [   0% ] waiting        0m09.0s   
step_00600 • [   0% ] waiting        0m39.0s   
step_00650 • [   0% ] waiting        1m09.0s   
step_00700 • [   0% ] waiting        1m39.0s   
step_00750 • [   0% ] waiting        2m09.0s   
step_00800 • [   0% ] waiting        2m39.0s   

running (4m52.0s), 0001/0310 VUs, 78491 complete and 0 interrupted iterations
step_00050 ✓ [ 100% ] 000/020 VUs    30s        50.00 iters/s
step_00100 ✓ [ 100% ] 000/020 VUs    30s        100.00 iters/s
step_00150 ✓ [ 100% ] 000/030 VUs    30s        150.00 iters/s
step_00200 ✓ [ 100% ] 000/040 VUs    30s        200.00 iters/s
step_00250 ✓ [ 100% ] 000/050 VUs    30s        250.00 iters/s
step_00300 ✓ [ 100% ] 000/060 VUs    30s        300.00 iters/s
step_00350 ✓ [ 100% ] 0000/0070 VUs  30s        350.00 iters/s
step_00400 ✓ [ 100% ] 0000/0080 VUs  30s        400.00 iters/s
step_00450 ✓ [ 100% ] 0000/0090 VUs  30s        450.00 iters/s
step_00500   [  73% ] 0001/0100 VUs  22.0s/30s  500.00 iters/s
step_00550 • [   0% ] waiting        0m08.0s   
step_00600 • [   0% ] waiting        0m38.0s   
step_00650 • [   0% ] waiting        1m08.0s   
step_00700 • [   0% ] waiting        1m38.0s   
step_00750 • [   0% ] waiting        2m08.0s   
step_00800 • [   0% ] waiting        2m38.0s   

running (4m53.0s), 0001/0310 VUs, 78991 complete and 0 interrupted iterations
step_00050 ✓ [ 100% ] 000/020 VUs    30s        50.00 iters/s
step_00100 ✓ [ 100% ] 000/020 VUs    30s        100.00 iters/s
step_00150 ✓ [ 100% ] 000/030 VUs    30s        150.00 iters/s
step_00200 ✓ [ 100% ] 000/040 VUs    30s        200.00 iters/s
step_00250 ✓ [ 100% ] 000/050 VUs    30s        250.00 iters/s
step_00300 ✓ [ 100% ] 000/060 VUs    30s        300.00 iters/s
step_00350 ✓ [ 100% ] 0000/0070 VUs  30s        350.00 iters/s
step_00400 ✓ [ 100% ] 0000/0080 VUs  30s        400.00 iters/s
step_00450 ✓ [ 100% ] 0000/0090 VUs  30s        450.00 iters/s
step_00500   [  77% ] 0001/0100 VUs  23.0s/30s  500.00 iters/s
step_00550 • [   0% ] waiting        0m07.0s   
step_00600 • [   0% ] waiting        0m37.0s   
step_00650 • [   0% ] waiting        1m07.0s   
step_00700 • [   0% ] waiting        1m37.0s   
step_00750 • [   0% ] waiting        2m07.0s   
step_00800 • [   0% ] waiting        2m37.0s   

running (4m54.0s), 0001/0310 VUs, 79491 complete and 0 interrupted iterations
step_00050 ✓ [ 100% ] 000/020 VUs    30s        50.00 iters/s
step_00100 ✓ [ 100% ] 000/020 VUs    30s        100.00 iters/s
step_00150 ✓ [ 100% ] 000/030 VUs    30s        150.00 iters/s
step_00200 ✓ [ 100% ] 000/040 VUs    30s        200.00 iters/s
step_00250 ✓ [ 100% ] 000/050 VUs    30s        250.00 iters/s
step_00300 ✓ [ 100% ] 000/060 VUs    30s        300.00 iters/s
step_00350 ✓ [ 100% ] 0000/0070 VUs  30s        350.00 iters/s
step_00400 ✓ [ 100% ] 0000/0080 VUs  30s        400.00 iters/s
step_00450 ✓ [ 100% ] 0000/0090 VUs  30s        450.00 iters/s
step_00500   [  80% ] 0001/0100 VUs  24.0s/30s  500.00 iters/s
step_00550 • [   0% ] waiting        0m06.0s   
step_00600 • [   0% ] waiting        0m36.0s   
step_00650 • [   0% ] waiting        1m06.0s   
step_00700 • [   0% ] waiting        1m36.0s   
step_00750 • [   0% ] waiting        2m06.0s   
step_00800 • [   0% ] waiting        2m36.0s   

running (4m55.0s), 0001/0310 VUs, 79991 complete and 0 interrupted iterations
step_00050 ✓ [ 100% ] 000/020 VUs    30s        50.00 iters/s
step_00100 ✓ [ 100% ] 000/020 VUs    30s        100.00 iters/s
step_00150 ✓ [ 100% ] 000/030 VUs    30s        150.00 iters/s
step_00200 ✓ [ 100% ] 000/040 VUs    30s        200.00 iters/s
step_00250 ✓ [ 100% ] 000/050 VUs    30s        250.00 iters/s
step_00300 ✓ [ 100% ] 000/060 VUs    30s        300.00 iters/s
step_00350 ✓ [ 100% ] 0000/0070 VUs  30s        350.00 iters/s
step_00400 ✓ [ 100% ] 0000/0080 VUs  30s        400.00 iters/s
step_00450 ✓ [ 100% ] 0000/0090 VUs  30s        450.00 iters/s
step_00500   [  83% ] 0001/0100 VUs  25.0s/30s  500.00 iters/s
step_00550 • [   0% ] waiting        0m05.0s   
step_00600 • [   0% ] waiting        0m35.0s   
step_00650 • [   0% ] waiting        1m05.0s   
step_00700 • [   0% ] waiting        1m35.0s   
step_00750 • [   0% ] waiting        2m05.0s   
step_00800 • [   0% ] waiting        2m35.0s   

running (4m56.0s), 0001/0310 VUs, 80491 complete and 0 interrupted iterations
step_00050 ✓ [ 100% ] 000/020 VUs    30s        50.00 iters/s
step_00100 ✓ [ 100% ] 000/020 VUs    30s        100.00 iters/s
step_00150 ✓ [ 100% ] 000/030 VUs    30s        150.00 iters/s
step_00200 ✓ [ 100% ] 000/040 VUs    30s        200.00 iters/s
step_00250 ✓ [ 100% ] 000/050 VUs    30s        250.00 iters/s
step_00300 ✓ [ 100% ] 000/060 VUs    30s        300.00 iters/s
step_00350 ✓ [ 100% ] 0000/0070 VUs  30s        350.00 iters/s
step_00400 ✓ [ 100% ] 0000/0080 VUs  30s        400.00 iters/s
step_00450 ✓ [ 100% ] 0000/0090 VUs  30s        450.00 iters/s
step_00500   [  87% ] 0001/0100 VUs  26.0s/30s  500.00 iters/s
step_00550 • [   0% ] waiting        0m04.0s   
step_00600 • [   0% ] waiting        0m34.0s   
step_00650 • [   0% ] waiting        1m04.0s   
step_00700 • [   0% ] waiting        1m34.0s   
step_00750 • [   0% ] waiting        2m04.0s   
step_00800 • [   0% ] waiting        2m34.0s   

running (4m57.0s), 0001/0310 VUs, 80991 complete and 0 interrupted iterations
step_00050 ✓ [ 100% ] 000/020 VUs    30s        50.00 iters/s
step_00100 ✓ [ 100% ] 000/020 VUs    30s        100.00 iters/s
step_00150 ✓ [ 100% ] 000/030 VUs    30s        150.00 iters/s
step_00200 ✓ [ 100% ] 000/040 VUs    30s        200.00 iters/s
step_00250 ✓ [ 100% ] 000/050 VUs    30s        250.00 iters/s
step_00300 ✓ [ 100% ] 000/060 VUs    30s        300.00 iters/s
step_00350 ✓ [ 100% ] 0000/0070 VUs  30s        350.00 iters/s
step_00400 ✓ [ 100% ] 0000/0080 VUs  30s        400.00 iters/s
step_00450 ✓ [ 100% ] 0000/0090 VUs  30s        450.00 iters/s
step_00500   [  90% ] 0001/0100 VUs  27.0s/30s  500.00 iters/s
step_00550 • [   0% ] waiting        0m03.0s   
step_00600 • [   0% ] waiting        0m33.0s   
step_00650 • [   0% ] waiting        1m03.0s   
step_00700 • [   0% ] waiting        1m33.0s   
step_00750 • [   0% ] waiting        2m03.0s   
step_00800 • [   0% ] waiting        2m33.0s   

running (4m58.0s), 0001/0310 VUs, 81491 complete and 0 interrupted iterations
step_00050 ✓ [ 100% ] 000/020 VUs    30s        50.00 iters/s
step_00100 ✓ [ 100% ] 000/020 VUs    30s        100.00 iters/s
step_00150 ✓ [ 100% ] 000/030 VUs    30s        150.00 iters/s
step_00200 ✓ [ 100% ] 000/040 VUs    30s        200.00 iters/s
step_00250 ✓ [ 100% ] 000/050 VUs    30s        250.00 iters/s
step_00300 ✓ [ 100% ] 000/060 VUs    30s        300.00 iters/s
step_00350 ✓ [ 100% ] 0000/0070 VUs  30s        350.00 iters/s
step_00400 ✓ [ 100% ] 0000/0080 VUs  30s        400.00 iters/s
step_00450 ✓ [ 100% ] 0000/0090 VUs  30s        450.00 iters/s
step_00500   [  93% ] 0001/0100 VUs  28.0s/30s  500.00 iters/s
step_00550 • [   0% ] waiting        0m02.0s   
step_00600 • [   0% ] waiting        0m32.0s   
step_00650 • [   0% ] waiting        1m02.0s   
step_00700 • [   0% ] waiting        1m32.0s   
step_00750 • [   0% ] waiting        2m02.0s   
step_00800 • [   0% ] waiting        2m32.0s   

running (4m59.0s), 0001/0310 VUs, 81991 complete and 0 interrupted iterations
step_00050 ✓ [ 100% ] 000/020 VUs    30s        50.00 iters/s
step_00100 ✓ [ 100% ] 000/020 VUs    30s        100.00 iters/s
step_00150 ✓ [ 100% ] 000/030 VUs    30s        150.00 iters/s
step_00200 ✓ [ 100% ] 000/040 VUs    30s        200.00 iters/s
step_00250 ✓ [ 100% ] 000/050 VUs    30s        250.00 iters/s
step_00300 ✓ [ 100% ] 000/060 VUs    30s        300.00 iters/s
step_00350 ✓ [ 100% ] 0000/0070 VUs  30s        350.00 iters/s
step_00400 ✓ [ 100% ] 0000/0080 VUs  30s        400.00 iters/s
step_00450 ✓ [ 100% ] 0000/0090 VUs  30s        450.00 iters/s
step_00500   [  97% ] 0001/0100 VUs  29.0s/30s  500.00 iters/s
step_00550 • [   0% ] waiting        0m01.0s   
step_00600 • [   0% ] waiting        0m31.0s   
step_00650 • [   0% ] waiting        1m01.0s   
step_00700 • [   0% ] waiting        1m31.0s   
step_00750 • [   0% ] waiting        2m01.0s   
step_00800 • [   0% ] waiting        2m31.0s   

running (5m00.0s), 0001/0310 VUs, 82491 complete and 0 interrupted iterations
step_00050 ✓ [ 100% ] 000/020 VUs    30s        50.00 iters/s
step_00100 ✓ [ 100% ] 000/020 VUs    30s        100.00 iters/s
step_00150 ✓ [ 100% ] 000/030 VUs    30s        150.00 iters/s
step_00200 ✓ [ 100% ] 000/040 VUs    30s        200.00 iters/s
step_00250 ✓ [ 100% ] 000/050 VUs    30s        250.00 iters/s
step_00300 ✓ [ 100% ] 000/060 VUs    30s        300.00 iters/s
step_00350 ✓ [ 100% ] 0000/0070 VUs  30s        350.00 iters/s
step_00400 ✓ [ 100% ] 0000/0080 VUs  30s        400.00 iters/s
step_00450 ✓ [ 100% ] 0000/0090 VUs  30s        450.00 iters/s
step_00500   [ 100% ] 0001/0100 VUs  30.0s/30s  500.00 iters/s
step_00550 • [   0% ] waiting        0m00.0s   
step_00600 • [   0% ] waiting        0m30.0s   
step_00650 • [   0% ] waiting        1m00.0s   
step_00700 • [   0% ] waiting        1m30.0s   
step_00750 • [   0% ] waiting        2m00.0s   
step_00800 • [   0% ] waiting        2m30.0s   

running (5m01.0s), 0000/0310 VUs, 83041 complete and 0 interrupted iterations
step_00050 ✓ [ 100% ] 000/020 VUs    30s        50.00 iters/s
step_00100 ✓ [ 100% ] 000/020 VUs    30s        100.00 iters/s
step_00150 ✓ [ 100% ] 000/030 VUs    30s        150.00 iters/s
step_00200 ✓ [ 100% ] 000/040 VUs    30s        200.00 iters/s
step_00250 ✓ [ 100% ] 000/050 VUs    30s        250.00 iters/s
step_00300 ✓ [ 100% ] 000/060 VUs    30s        300.00 iters/s
step_00350 ✓ [ 100% ] 0000/0070 VUs  30s        350.00 iters/s
step_00400 ✓ [ 100% ] 0000/0080 VUs  30s        400.00 iters/s
step_00450 ✓ [ 100% ] 0000/0090 VUs  30s        450.00 iters/s
step_00500 ✓ [ 100% ] 0000/0100 VUs  30s        500.00 iters/s
step_00550   [   3% ] 0000/0110 VUs  01.0s/30s  550.00 iters/s
step_00600 • [   0% ] waiting        0m29.0s   
step_00650 • [   0% ] waiting        0m59.0s   
step_00700 • [   0% ] waiting        1m29.0s   
step_00750 • [   0% ] waiting        1m59.0s   
step_00800 • [   0% ] waiting        2m29.0s   

running (5m02.0s), 0000/0310 VUs, 83591 complete and 0 interrupted iterations
step_00050 ✓ [ 100% ] 000/020 VUs    30s        50.00 iters/s
step_00100 ✓ [ 100% ] 000/020 VUs    30s        100.00 iters/s
step_00150 ✓ [ 100% ] 000/030 VUs    30s        150.00 iters/s
step_00200 ✓ [ 100% ] 000/040 VUs    30s        200.00 iters/s
step_00250 ✓ [ 100% ] 000/050 VUs    30s        250.00 iters/s
step_00300 ✓ [ 100% ] 000/060 VUs    30s        300.00 iters/s
step_00350 ✓ [ 100% ] 0000/0070 VUs  30s        350.00 iters/s
step_00400 ✓ [ 100% ] 0000/0080 VUs  30s        400.00 iters/s
step_00450 ✓ [ 100% ] 0000/0090 VUs  30s        450.00 iters/s
step_00500 ✓ [ 100% ] 0000/0100 VUs  30s        500.00 iters/s
step_00550   [   7% ] 0000/0110 VUs  02.0s/30s  550.00 iters/s
step_00600 • [   0% ] waiting        0m28.0s   
step_00650 • [   0% ] waiting        0m58.0s   
step_00700 • [   0% ] waiting        1m28.0s   
step_00750 • [   0% ] waiting        1m58.0s   
step_00800 • [   0% ] waiting        2m28.0s   

running (5m03.0s), 0000/0310 VUs, 84141 complete and 0 interrupted iterations
step_00050 ✓ [ 100% ] 000/020 VUs    30s        50.00 iters/s
step_00100 ✓ [ 100% ] 000/020 VUs    30s        100.00 iters/s
step_00150 ✓ [ 100% ] 000/030 VUs    30s        150.00 iters/s
step_00200 ✓ [ 100% ] 000/040 VUs    30s        200.00 iters/s
step_00250 ✓ [ 100% ] 000/050 VUs    30s        250.00 iters/s
step_00300 ✓ [ 100% ] 000/060 VUs    30s        300.00 iters/s
step_00350 ✓ [ 100% ] 0000/0070 VUs  30s        350.00 iters/s
step_00400 ✓ [ 100% ] 0000/0080 VUs  30s        400.00 iters/s
step_00450 ✓ [ 100% ] 0000/0090 VUs  30s        450.00 iters/s
step_00500 ✓ [ 100% ] 0000/0100 VUs  30s        500.00 iters/s
step_00550   [  10% ] 0000/0110 VUs  03.0s/30s  550.00 iters/s
step_00600 • [   0% ] waiting        0m27.0s   
step_00650 • [   0% ] waiting        0m57.0s   
step_00700 • [   0% ] waiting        1m27.0s   
step_00750 • [   0% ] waiting        1m57.0s   
step_00800 • [   0% ] waiting        2m27.0s   

running (5m04.0s), 0001/0310 VUs, 84690 complete and 0 interrupted iterations
step_00050 ✓ [ 100% ] 000/020 VUs    30s        50.00 iters/s
step_00100 ✓ [ 100% ] 000/020 VUs    30s        100.00 iters/s
step_00150 ✓ [ 100% ] 000/030 VUs    30s        150.00 iters/s
step_00200 ✓ [ 100% ] 000/040 VUs    30s        200.00 iters/s
step_00250 ✓ [ 100% ] 000/050 VUs    30s        250.00 iters/s
step_00300 ✓ [ 100% ] 000/060 VUs    30s        300.00 iters/s
step_00350 ✓ [ 100% ] 0000/0070 VUs  30s        350.00 iters/s
step_00400 ✓ [ 100% ] 0000/0080 VUs  30s        400.00 iters/s
step_00450 ✓ [ 100% ] 0000/0090 VUs  30s        450.00 iters/s
step_00500 ✓ [ 100% ] 0000/0100 VUs  30s        500.00 iters/s
step_00550   [  13% ] 0001/0110 VUs  04.0s/30s  550.00 iters/s
step_00600 • [   0% ] waiting        0m26.0s   
step_00650 • [   0% ] waiting        0m56.0s   
step_00700 • [   0% ] waiting        1m26.0s   
step_00750 • [   0% ] waiting        1m56.0s   
step_00800 • [   0% ] waiting        2m26.0s   

running (5m05.0s), 0000/0310 VUs, 85241 complete and 0 interrupted iterations
step_00050 ✓ [ 100% ] 000/020 VUs    30s        50.00 iters/s
step_00100 ✓ [ 100% ] 000/020 VUs    30s        100.00 iters/s
step_00150 ✓ [ 100% ] 000/030 VUs    30s        150.00 iters/s
step_00200 ✓ [ 100% ] 000/040 VUs    30s        200.00 iters/s
step_00250 ✓ [ 100% ] 000/050 VUs    30s        250.00 iters/s
step_00300 ✓ [ 100% ] 000/060 VUs    30s        300.00 iters/s
step_00350 ✓ [ 100% ] 0000/0070 VUs  30s        350.00 iters/s
step_00400 ✓ [ 100% ] 0000/0080 VUs  30s        400.00 iters/s
step_00450 ✓ [ 100% ] 0000/0090 VUs  30s        450.00 iters/s
step_00500 ✓ [ 100% ] 0000/0100 VUs  30s        500.00 iters/s
step_00550   [  17% ] 0000/0110 VUs  05.0s/30s  550.00 iters/s
step_00600 • [   0% ] waiting        0m25.0s   
step_00650 • [   0% ] waiting        0m55.0s   
step_00700 • [   0% ] waiting        1m25.0s   
step_00750 • [   0% ] waiting        1m55.0s   
step_00800 • [   0% ] waiting        2m25.0s   

running (5m06.0s), 0001/0310 VUs, 85790 complete and 0 interrupted iterations
step_00050 ✓ [ 100% ] 000/020 VUs    30s        50.00 iters/s
step_00100 ✓ [ 100% ] 000/020 VUs    30s        100.00 iters/s
step_00150 ✓ [ 100% ] 000/030 VUs    30s        150.00 iters/s
step_00200 ✓ [ 100% ] 000/040 VUs    30s        200.00 iters/s
step_00250 ✓ [ 100% ] 000/050 VUs    30s        250.00 iters/s
step_00300 ✓ [ 100% ] 000/060 VUs    30s        300.00 iters/s
step_00350 ✓ [ 100% ] 0000/0070 VUs  30s        350.00 iters/s
step_00400 ✓ [ 100% ] 0000/0080 VUs  30s        400.00 iters/s
step_00450 ✓ [ 100% ] 0000/0090 VUs  30s        450.00 iters/s
step_00500 ✓ [ 100% ] 0000/0100 VUs  30s        500.00 iters/s
step_00550   [  20% ] 0001/0110 VUs  06.0s/30s  550.00 iters/s
step_00600 • [   0% ] waiting        0m24.0s   
step_00650 • [   0% ] waiting        0m54.0s   
step_00700 • [   0% ] waiting        1m24.0s   
step_00750 • [   0% ] waiting        1m54.0s   
step_00800 • [   0% ] waiting        2m24.0s   

running (5m07.0s), 0000/0310 VUs, 86341 complete and 0 interrupted iterations
step_00050 ✓ [ 100% ] 000/020 VUs    30s        50.00 iters/s
step_00100 ✓ [ 100% ] 000/020 VUs    30s        100.00 iters/s
step_00150 ✓ [ 100% ] 000/030 VUs    30s        150.00 iters/s
step_00200 ✓ [ 100% ] 000/040 VUs    30s        200.00 iters/s
step_00250 ✓ [ 100% ] 000/050 VUs    30s        250.00 iters/s
step_00300 ✓ [ 100% ] 000/060 VUs    30s        300.00 iters/s
step_00350 ✓ [ 100% ] 0000/0070 VUs  30s        350.00 iters/s
step_00400 ✓ [ 100% ] 0000/0080 VUs  30s        400.00 iters/s
step_00450 ✓ [ 100% ] 0000/0090 VUs  30s        450.00 iters/s
step_00500 ✓ [ 100% ] 0000/0100 VUs  30s        500.00 iters/s
step_00550   [  23% ] 0000/0110 VUs  07.0s/30s  550.00 iters/s
step_00600 • [   0% ] waiting        0m23.0s   
step_00650 • [   0% ] waiting        0m53.0s   
step_00700 • [   0% ] waiting        1m23.0s   
step_00750 • [   0% ] waiting        1m53.0s   
step_00800 • [   0% ] waiting        2m23.0s   

running (5m08.0s), 0000/0310 VUs, 86891 complete and 0 interrupted iterations
step_00050 ✓ [ 100% ] 000/020 VUs    30s        50.00 iters/s
step_00100 ✓ [ 100% ] 000/020 VUs    30s        100.00 iters/s
step_00150 ✓ [ 100% ] 000/030 VUs    30s        150.00 iters/s
step_00200 ✓ [ 100% ] 000/040 VUs    30s        200.00 iters/s
step_00250 ✓ [ 100% ] 000/050 VUs    30s        250.00 iters/s
step_00300 ✓ [ 100% ] 000/060 VUs    30s        300.00 iters/s
step_00350 ✓ [ 100% ] 0000/0070 VUs  30s        350.00 iters/s
step_00400 ✓ [ 100% ] 0000/0080 VUs  30s        400.00 iters/s
step_00450 ✓ [ 100% ] 0000/0090 VUs  30s        450.00 iters/s
step_00500 ✓ [ 100% ] 0000/0100 VUs  30s        500.00 iters/s
step_00550   [  27% ] 0000/0110 VUs  08.0s/30s  550.00 iters/s
step_00600 • [   0% ] waiting        0m22.0s   
step_00650 • [   0% ] waiting        0m52.0s   
step_00700 • [   0% ] waiting        1m22.0s   
step_00750 • [   0% ] waiting        1m52.0s   
step_00800 • [   0% ] waiting        2m22.0s   

running (5m09.0s), 0000/0310 VUs, 87441 complete and 0 interrupted iterations
step_00050 ✓ [ 100% ] 000/020 VUs    30s        50.00 iters/s
step_00100 ✓ [ 100% ] 000/020 VUs    30s        100.00 iters/s
step_00150 ✓ [ 100% ] 000/030 VUs    30s        150.00 iters/s
step_00200 ✓ [ 100% ] 000/040 VUs    30s        200.00 iters/s
step_00250 ✓ [ 100% ] 000/050 VUs    30s        250.00 iters/s
step_00300 ✓ [ 100% ] 000/060 VUs    30s        300.00 iters/s
step_00350 ✓ [ 100% ] 0000/0070 VUs  30s        350.00 iters/s
step_00400 ✓ [ 100% ] 0000/0080 VUs  30s        400.00 iters/s
step_00450 ✓ [ 100% ] 0000/0090 VUs  30s        450.00 iters/s
step_00500 ✓ [ 100% ] 0000/0100 VUs  30s        500.00 iters/s
step_00550   [  30% ] 0000/0110 VUs  09.0s/30s  550.00 iters/s
step_00600 • [   0% ] waiting        0m21.0s   
step_00650 • [   0% ] waiting        0m51.0s   
step_00700 • [   0% ] waiting        1m21.0s   
step_00750 • [   0% ] waiting        1m51.0s   
step_00800 • [   0% ] waiting        2m21.0s   

running (5m10.0s), 0000/0310 VUs, 87991 complete and 0 interrupted iterations
step_00050 ✓ [ 100% ] 000/020 VUs    30s        50.00 iters/s
step_00100 ✓ [ 100% ] 000/020 VUs    30s        100.00 iters/s
step_00150 ✓ [ 100% ] 000/030 VUs    30s        150.00 iters/s
step_00200 ✓ [ 100% ] 000/040 VUs    30s        200.00 iters/s
step_00250 ✓ [ 100% ] 000/050 VUs    30s        250.00 iters/s
step_00300 ✓ [ 100% ] 000/060 VUs    30s        300.00 iters/s
step_00350 ✓ [ 100% ] 0000/0070 VUs  30s        350.00 iters/s
step_00400 ✓ [ 100% ] 0000/0080 VUs  30s        400.00 iters/s
step_00450 ✓ [ 100% ] 0000/0090 VUs  30s        450.00 iters/s
step_00500 ✓ [ 100% ] 0000/0100 VUs  30s        500.00 iters/s
step_00550   [  33% ] 0000/0110 VUs  10.0s/30s  550.00 iters/s
step_00600 • [   0% ] waiting        0m20.0s   
step_00650 • [   0% ] waiting        0m50.0s   
step_00700 • [   0% ] waiting        1m20.0s   
step_00750 • [   0% ] waiting        1m50.0s   
step_00800 • [   0% ] waiting        2m20.0s   

running (5m11.0s), 0000/0310 VUs, 88541 complete and 0 interrupted iterations
step_00050 ✓ [ 100% ] 000/020 VUs    30s        50.00 iters/s
step_00100 ✓ [ 100% ] 000/020 VUs    30s        100.00 iters/s
step_00150 ✓ [ 100% ] 000/030 VUs    30s        150.00 iters/s
step_00200 ✓ [ 100% ] 000/040 VUs    30s        200.00 iters/s
step_00250 ✓ [ 100% ] 000/050 VUs    30s        250.00 iters/s
step_00300 ✓ [ 100% ] 000/060 VUs    30s        300.00 iters/s
step_00350 ✓ [ 100% ] 0000/0070 VUs  30s        350.00 iters/s
step_00400 ✓ [ 100% ] 0000/0080 VUs  30s        400.00 iters/s
step_00450 ✓ [ 100% ] 0000/0090 VUs  30s        450.00 iters/s
step_00500 ✓ [ 100% ] 0000/0100 VUs  30s        500.00 iters/s
step_00550   [  37% ] 0000/0110 VUs  11.0s/30s  550.00 iters/s
step_00600 • [   0% ] waiting        0m19.0s   
step_00650 • [   0% ] waiting        0m49.0s   
step_00700 • [   0% ] waiting        1m19.0s   
step_00750 • [   0% ] waiting        1m49.0s   
step_00800 • [   0% ] waiting        2m19.0s   

running (5m12.0s), 0000/0310 VUs, 89091 complete and 0 interrupted iterations
step_00050 ✓ [ 100% ] 000/020 VUs    30s        50.00 iters/s
step_00100 ✓ [ 100% ] 000/020 VUs    30s        100.00 iters/s
step_00150 ✓ [ 100% ] 000/030 VUs    30s        150.00 iters/s
step_00200 ✓ [ 100% ] 000/040 VUs    30s        200.00 iters/s
step_00250 ✓ [ 100% ] 000/050 VUs    30s        250.00 iters/s
step_00300 ✓ [ 100% ] 000/060 VUs    30s        300.00 iters/s
step_00350 ✓ [ 100% ] 0000/0070 VUs  30s        350.00 iters/s
step_00400 ✓ [ 100% ] 0000/0080 VUs  30s        400.00 iters/s
step_00450 ✓ [ 100% ] 0000/0090 VUs  30s        450.00 iters/s
step_00500 ✓ [ 100% ] 0000/0100 VUs  30s        500.00 iters/s
step_00550   [  40% ] 0000/0110 VUs  12.0s/30s  550.00 iters/s
step_00600 • [   0% ] waiting        0m18.0s   
step_00650 • [   0% ] waiting        0m48.0s   
step_00700 • [   0% ] waiting        1m18.0s   
step_00750 • [   0% ] waiting        1m48.0s   
step_00800 • [   0% ] waiting        2m18.0s   

running (5m13.0s), 0000/0310 VUs, 89641 complete and 0 interrupted iterations
step_00050 ✓ [ 100% ] 000/020 VUs    30s        50.00 iters/s
step_00100 ✓ [ 100% ] 000/020 VUs    30s        100.00 iters/s
step_00150 ✓ [ 100% ] 000/030 VUs    30s        150.00 iters/s
step_00200 ✓ [ 100% ] 000/040 VUs    30s        200.00 iters/s
step_00250 ✓ [ 100% ] 000/050 VUs    30s        250.00 iters/s
step_00300 ✓ [ 100% ] 000/060 VUs    30s        300.00 iters/s
step_00350 ✓ [ 100% ] 0000/0070 VUs  30s        350.00 iters/s
step_00400 ✓ [ 100% ] 0000/0080 VUs  30s        400.00 iters/s
step_00450 ✓ [ 100% ] 0000/0090 VUs  30s        450.00 iters/s
step_00500 ✓ [ 100% ] 0000/0100 VUs  30s        500.00 iters/s
step_00550   [  43% ] 0000/0110 VUs  13.0s/30s  550.00 iters/s
step_00600 • [   0% ] waiting        0m17.0s   
step_00650 • [   0% ] waiting        0m47.0s   
step_00700 • [   0% ] waiting        1m17.0s   
step_00750 • [   0% ] waiting        1m47.0s   
step_00800 • [   0% ] waiting        2m17.0s   

running (5m14.0s), 0000/0310 VUs, 90191 complete and 0 interrupted iterations
step_00050 ✓ [ 100% ] 000/020 VUs    30s        50.00 iters/s
step_00100 ✓ [ 100% ] 000/020 VUs    30s        100.00 iters/s
step_00150 ✓ [ 100% ] 000/030 VUs    30s        150.00 iters/s
step_00200 ✓ [ 100% ] 000/040 VUs    30s        200.00 iters/s
step_00250 ✓ [ 100% ] 000/050 VUs    30s        250.00 iters/s
step_00300 ✓ [ 100% ] 000/060 VUs    30s        300.00 iters/s
step_00350 ✓ [ 100% ] 0000/0070 VUs  30s        350.00 iters/s
step_00400 ✓ [ 100% ] 0000/0080 VUs  30s        400.00 iters/s
step_00450 ✓ [ 100% ] 0000/0090 VUs  30s        450.00 iters/s
step_00500 ✓ [ 100% ] 0000/0100 VUs  30s        500.00 iters/s
step_00550   [  47% ] 0000/0110 VUs  14.0s/30s  550.00 iters/s
step_00600 • [   0% ] waiting        0m16.0s   
step_00650 • [   0% ] waiting        0m46.0s   
step_00700 • [   0% ] waiting        1m16.0s   
step_00750 • [   0% ] waiting        1m46.0s   
step_00800 • [   0% ] waiting        2m16.0s   

running (5m15.0s), 0000/0310 VUs, 90741 complete and 0 interrupted iterations
step_00050 ✓ [ 100% ] 000/020 VUs    30s        50.00 iters/s
step_00100 ✓ [ 100% ] 000/020 VUs    30s        100.00 iters/s
step_00150 ✓ [ 100% ] 000/030 VUs    30s        150.00 iters/s
step_00200 ✓ [ 100% ] 000/040 VUs    30s        200.00 iters/s
step_00250 ✓ [ 100% ] 000/050 VUs    30s        250.00 iters/s
step_00300 ✓ [ 100% ] 000/060 VUs    30s        300.00 iters/s
step_00350 ✓ [ 100% ] 0000/0070 VUs  30s        350.00 iters/s
step_00400 ✓ [ 100% ] 0000/0080 VUs  30s        400.00 iters/s
step_00450 ✓ [ 100% ] 0000/0090 VUs  30s        450.00 iters/s
step_00500 ✓ [ 100% ] 0000/0100 VUs  30s        500.00 iters/s
step_00550   [  50% ] 0000/0110 VUs  15.0s/30s  550.00 iters/s
step_00600 • [   0% ] waiting        0m15.0s   
step_00650 • [   0% ] waiting        0m45.0s   
step_00700 • [   0% ] waiting        1m15.0s   
step_00750 • [   0% ] waiting        1m45.0s   
step_00800 • [   0% ] waiting        2m15.0s   

running (5m16.0s), 0002/0310 VUs, 91289 complete and 0 interrupted iterations
step_00050 ✓ [ 100% ] 000/020 VUs    30s        50.00 iters/s
step_00100 ✓ [ 100% ] 000/020 VUs    30s        100.00 iters/s
step_00150 ✓ [ 100% ] 000/030 VUs    30s        150.00 iters/s
step_00200 ✓ [ 100% ] 000/040 VUs    30s        200.00 iters/s
step_00250 ✓ [ 100% ] 000/050 VUs    30s        250.00 iters/s
step_00300 ✓ [ 100% ] 000/060 VUs    30s        300.00 iters/s
step_00350 ✓ [ 100% ] 0000/0070 VUs  30s        350.00 iters/s
step_00400 ✓ [ 100% ] 0000/0080 VUs  30s        400.00 iters/s
step_00450 ✓ [ 100% ] 0000/0090 VUs  30s        450.00 iters/s
step_00500 ✓ [ 100% ] 0000/0100 VUs  30s        500.00 iters/s
step_00550   [  53% ] 0002/0110 VUs  16.0s/30s  550.00 iters/s
step_00600 • [   0% ] waiting        0m14.0s   
step_00650 • [   0% ] waiting        0m44.0s   
step_00700 • [   0% ] waiting        1m14.0s   
step_00750 • [   0% ] waiting        1m44.0s   
step_00800 • [   0% ] waiting        2m14.0s   

running (5m17.0s), 0000/0310 VUs, 91841 complete and 0 interrupted iterations
step_00050 ✓ [ 100% ] 000/020 VUs    30s        50.00 iters/s
step_00100 ✓ [ 100% ] 000/020 VUs    30s        100.00 iters/s
step_00150 ✓ [ 100% ] 000/030 VUs    30s        150.00 iters/s
step_00200 ✓ [ 100% ] 000/040 VUs    30s        200.00 iters/s
step_00250 ✓ [ 100% ] 000/050 VUs    30s        250.00 iters/s
step_00300 ✓ [ 100% ] 000/060 VUs    30s        300.00 iters/s
step_00350 ✓ [ 100% ] 0000/0070 VUs  30s        350.00 iters/s
step_00400 ✓ [ 100% ] 0000/0080 VUs  30s        400.00 iters/s
step_00450 ✓ [ 100% ] 0000/0090 VUs  30s        450.00 iters/s
step_00500 ✓ [ 100% ] 0000/0100 VUs  30s        500.00 iters/s
step_00550   [  57% ] 0000/0110 VUs  17.0s/30s  550.00 iters/s
step_00600 • [   0% ] waiting        0m13.0s   
step_00650 • [   0% ] waiting        0m43.0s   
step_00700 • [   0% ] waiting        1m13.0s   
step_00750 • [   0% ] waiting        1m43.0s   
step_00800 • [   0% ] waiting        2m13.0s   

running (5m18.0s), 0001/0310 VUs, 92390 complete and 0 interrupted iterations
step_00050 ✓ [ 100% ] 000/020 VUs    30s        50.00 iters/s
step_00100 ✓ [ 100% ] 000/020 VUs    30s        100.00 iters/s
step_00150 ✓ [ 100% ] 000/030 VUs    30s        150.00 iters/s
step_00200 ✓ [ 100% ] 000/040 VUs    30s        200.00 iters/s
step_00250 ✓ [ 100% ] 000/050 VUs    30s        250.00 iters/s
step_00300 ✓ [ 100% ] 000/060 VUs    30s        300.00 iters/s
step_00350 ✓ [ 100% ] 0000/0070 VUs  30s        350.00 iters/s
step_00400 ✓ [ 100% ] 0000/0080 VUs  30s        400.00 iters/s
step_00450 ✓ [ 100% ] 0000/0090 VUs  30s        450.00 iters/s
step_00500 ✓ [ 100% ] 0000/0100 VUs  30s        500.00 iters/s
step_00550   [  60% ] 0001/0110 VUs  18.0s/30s  550.00 iters/s
step_00600 • [   0% ] waiting        0m12.0s   
step_00650 • [   0% ] waiting        0m42.0s   
step_00700 • [   0% ] waiting        1m12.0s   
step_00750 • [   0% ] waiting        1m42.0s   
step_00800 • [   0% ] waiting        2m12.0s   

running (5m19.0s), 0000/0310 VUs, 92941 complete and 0 interrupted iterations
step_00050 ✓ [ 100% ] 000/020 VUs    30s        50.00 iters/s
step_00100 ✓ [ 100% ] 000/020 VUs    30s        100.00 iters/s
step_00150 ✓ [ 100% ] 000/030 VUs    30s        150.00 iters/s
step_00200 ✓ [ 100% ] 000/040 VUs    30s        200.00 iters/s
step_00250 ✓ [ 100% ] 000/050 VUs    30s        250.00 iters/s
step_00300 ✓ [ 100% ] 000/060 VUs    30s        300.00 iters/s
step_00350 ✓ [ 100% ] 0000/0070 VUs  30s        350.00 iters/s
step_00400 ✓ [ 100% ] 0000/0080 VUs  30s        400.00 iters/s
step_00450 ✓ [ 100% ] 0000/0090 VUs  30s        450.00 iters/s
step_00500 ✓ [ 100% ] 0000/0100 VUs  30s        500.00 iters/s
step_00550   [  63% ] 0000/0110 VUs  19.0s/30s  550.00 iters/s
step_00600 • [   0% ] waiting        0m11.0s   
step_00650 • [   0% ] waiting        0m41.0s   
step_00700 • [   0% ] waiting        1m11.0s   
step_00750 • [   0% ] waiting        1m41.0s   
step_00800 • [   0% ] waiting        2m11.0s   

running (5m20.0s), 0000/0310 VUs, 93491 complete and 0 interrupted iterations
step_00050 ✓ [ 100% ] 000/020 VUs    30s        50.00 iters/s
step_00100 ✓ [ 100% ] 000/020 VUs    30s        100.00 iters/s
step_00150 ✓ [ 100% ] 000/030 VUs    30s        150.00 iters/s
step_00200 ✓ [ 100% ] 000/040 VUs    30s        200.00 iters/s
step_00250 ✓ [ 100% ] 000/050 VUs    30s        250.00 iters/s
step_00300 ✓ [ 100% ] 000/060 VUs    30s        300.00 iters/s
step_00350 ✓ [ 100% ] 0000/0070 VUs  30s        350.00 iters/s
step_00400 ✓ [ 100% ] 0000/0080 VUs  30s        400.00 iters/s
step_00450 ✓ [ 100% ] 0000/0090 VUs  30s        450.00 iters/s
step_00500 ✓ [ 100% ] 0000/0100 VUs  30s        500.00 iters/s
step_00550   [  67% ] 0000/0110 VUs  20.0s/30s  550.00 iters/s
step_00600 • [   0% ] waiting        0m10.0s   
step_00650 • [   0% ] waiting        0m40.0s   
step_00700 • [   0% ] waiting        1m10.0s   
step_00750 • [   0% ] waiting        1m40.0s   
step_00800 • [   0% ] waiting        2m10.0s   

running (5m21.0s), 0000/0310 VUs, 94041 complete and 0 interrupted iterations
step_00050 ✓ [ 100% ] 000/020 VUs    30s        50.00 iters/s
step_00100 ✓ [ 100% ] 000/020 VUs    30s        100.00 iters/s
step_00150 ✓ [ 100% ] 000/030 VUs    30s        150.00 iters/s
step_00200 ✓ [ 100% ] 000/040 VUs    30s        200.00 iters/s
step_00250 ✓ [ 100% ] 000/050 VUs    30s        250.00 iters/s
step_00300 ✓ [ 100% ] 000/060 VUs    30s        300.00 iters/s
step_00350 ✓ [ 100% ] 0000/0070 VUs  30s        350.00 iters/s
step_00400 ✓ [ 100% ] 0000/0080 VUs  30s        400.00 iters/s
step_00450 ✓ [ 100% ] 0000/0090 VUs  30s        450.00 iters/s
step_00500 ✓ [ 100% ] 0000/0100 VUs  30s        500.00 iters/s
step_00550   [  70% ] 0000/0110 VUs  21.0s/30s  550.00 iters/s
step_00600 • [   0% ] waiting        0m09.0s   
step_00650 • [   0% ] waiting        0m39.0s   
step_00700 • [   0% ] waiting        1m09.0s   
step_00750 • [   0% ] waiting        1m39.0s   
step_00800 • [   0% ] waiting        2m09.0s   

running (5m22.0s), 0000/0310 VUs, 94591 complete and 0 interrupted iterations
step_00050 ✓ [ 100% ] 000/020 VUs    30s        50.00 iters/s
step_00100 ✓ [ 100% ] 000/020 VUs    30s        100.00 iters/s
step_00150 ✓ [ 100% ] 000/030 VUs    30s        150.00 iters/s
step_00200 ✓ [ 100% ] 000/040 VUs    30s        200.00 iters/s
step_00250 ✓ [ 100% ] 000/050 VUs    30s        250.00 iters/s
step_00300 ✓ [ 100% ] 000/060 VUs    30s        300.00 iters/s
step_00350 ✓ [ 100% ] 0000/0070 VUs  30s        350.00 iters/s
step_00400 ✓ [ 100% ] 0000/0080 VUs  30s        400.00 iters/s
step_00450 ✓ [ 100% ] 0000/0090 VUs  30s        450.00 iters/s
step_00500 ✓ [ 100% ] 0000/0100 VUs  30s        500.00 iters/s
step_00550   [  73% ] 0000/0110 VUs  22.0s/30s  550.00 iters/s
step_00600 • [   0% ] waiting        0m08.0s   
step_00650 • [   0% ] waiting        0m38.0s   
step_00700 • [   0% ] waiting        1m08.0s   
step_00750 • [   0% ] waiting        1m38.0s   
step_00800 • [   0% ] waiting        2m08.0s   

running (5m23.0s), 0000/0310 VUs, 95141 complete and 0 interrupted iterations
step_00050 ✓ [ 100% ] 000/020 VUs    30s        50.00 iters/s
step_00100 ✓ [ 100% ] 000/020 VUs    30s        100.00 iters/s
step_00150 ✓ [ 100% ] 000/030 VUs    30s        150.00 iters/s
step_00200 ✓ [ 100% ] 000/040 VUs    30s        200.00 iters/s
step_00250 ✓ [ 100% ] 000/050 VUs    30s        250.00 iters/s
step_00300 ✓ [ 100% ] 000/060 VUs    30s        300.00 iters/s
step_00350 ✓ [ 100% ] 0000/0070 VUs  30s        350.00 iters/s
step_00400 ✓ [ 100% ] 0000/0080 VUs  30s        400.00 iters/s
step_00450 ✓ [ 100% ] 0000/0090 VUs  30s        450.00 iters/s
step_00500 ✓ [ 100% ] 0000/0100 VUs  30s        500.00 iters/s
step_00550   [  77% ] 0000/0110 VUs  23.0s/30s  550.00 iters/s
step_00600 • [   0% ] waiting        0m07.0s   
step_00650 • [   0% ] waiting        0m37.0s   
step_00700 • [   0% ] waiting        1m07.0s   
step_00750 • [   0% ] waiting        1m37.0s   
step_00800 • [   0% ] waiting        2m07.0s   

running (5m24.0s), 0000/0310 VUs, 95691 complete and 0 interrupted iterations
step_00050 ✓ [ 100% ] 000/020 VUs    30s        50.00 iters/s
step_00100 ✓ [ 100% ] 000/020 VUs    30s        100.00 iters/s
step_00150 ✓ [ 100% ] 000/030 VUs    30s        150.00 iters/s
step_00200 ✓ [ 100% ] 000/040 VUs    30s        200.00 iters/s
step_00250 ✓ [ 100% ] 000/050 VUs    30s        250.00 iters/s
step_00300 ✓ [ 100% ] 000/060 VUs    30s        300.00 iters/s
step_00350 ✓ [ 100% ] 0000/0070 VUs  30s        350.00 iters/s
step_00400 ✓ [ 100% ] 0000/0080 VUs  30s        400.00 iters/s
step_00450 ✓ [ 100% ] 0000/0090 VUs  30s        450.00 iters/s
step_00500 ✓ [ 100% ] 0000/0100 VUs  30s        500.00 iters/s
step_00550   [  80% ] 0000/0110 VUs  24.0s/30s  550.00 iters/s
step_00600 • [   0% ] waiting        0m06.0s   
step_00650 • [   0% ] waiting        0m36.0s   
step_00700 • [   0% ] waiting        1m06.0s   
step_00750 • [   0% ] waiting        1m36.0s   
step_00800 • [   0% ] waiting        2m06.0s   

running (5m25.0s), 0000/0310 VUs, 96241 complete and 0 interrupted iterations
step_00050 ✓ [ 100% ] 000/020 VUs    30s        50.00 iters/s
step_00100 ✓ [ 100% ] 000/020 VUs    30s        100.00 iters/s
step_00150 ✓ [ 100% ] 000/030 VUs    30s        150.00 iters/s
step_00200 ✓ [ 100% ] 000/040 VUs    30s        200.00 iters/s
step_00250 ✓ [ 100% ] 000/050 VUs    30s        250.00 iters/s
step_00300 ✓ [ 100% ] 000/060 VUs    30s        300.00 iters/s
step_00350 ✓ [ 100% ] 0000/0070 VUs  30s        350.00 iters/s
step_00400 ✓ [ 100% ] 0000/0080 VUs  30s        400.00 iters/s
step_00450 ✓ [ 100% ] 0000/0090 VUs  30s        450.00 iters/s
step_00500 ✓ [ 100% ] 0000/0100 VUs  30s        500.00 iters/s
step_00550   [  83% ] 0000/0110 VUs  25.0s/30s  550.00 iters/s
step_00600 • [   0% ] waiting        0m05.0s   
step_00650 • [   0% ] waiting        0m35.0s   
step_00700 • [   0% ] waiting        1m05.0s   
step_00750 • [   0% ] waiting        1m35.0s   
step_00800 • [   0% ] waiting        2m05.0s   

running (5m26.0s), 0000/0310 VUs, 96791 complete and 0 interrupted iterations
step_00050 ✓ [ 100% ] 000/020 VUs    30s        50.00 iters/s
step_00100 ✓ [ 100% ] 000/020 VUs    30s        100.00 iters/s
step_00150 ✓ [ 100% ] 000/030 VUs    30s        150.00 iters/s
step_00200 ✓ [ 100% ] 000/040 VUs    30s        200.00 iters/s
step_00250 ✓ [ 100% ] 000/050 VUs    30s        250.00 iters/s
step_00300 ✓ [ 100% ] 000/060 VUs    30s        300.00 iters/s
step_00350 ✓ [ 100% ] 0000/0070 VUs  30s        350.00 iters/s
step_00400 ✓ [ 100% ] 0000/0080 VUs  30s        400.00 iters/s
step_00450 ✓ [ 100% ] 0000/0090 VUs  30s        450.00 iters/s
step_00500 ✓ [ 100% ] 0000/0100 VUs  30s        500.00 iters/s
step_00550   [  87% ] 0000/0110 VUs  26.0s/30s  550.00 iters/s
step_00600 • [   0% ] waiting        0m04.0s   
step_00650 • [   0% ] waiting        0m34.0s   
step_00700 • [   0% ] waiting        1m04.0s   
step_00750 • [   0% ] waiting        1m34.0s   
step_00800 • [   0% ] waiting        2m04.0s   

running (5m27.0s), 0000/0310 VUs, 97341 complete and 0 interrupted iterations
step_00050 ✓ [ 100% ] 000/020 VUs    30s        50.00 iters/s
step_00100 ✓ [ 100% ] 000/020 VUs    30s        100.00 iters/s
step_00150 ✓ [ 100% ] 000/030 VUs    30s        150.00 iters/s
step_00200 ✓ [ 100% ] 000/040 VUs    30s        200.00 iters/s
step_00250 ✓ [ 100% ] 000/050 VUs    30s        250.00 iters/s
step_00300 ✓ [ 100% ] 000/060 VUs    30s        300.00 iters/s
step_00350 ✓ [ 100% ] 0000/0070 VUs  30s        350.00 iters/s
step_00400 ✓ [ 100% ] 0000/0080 VUs  30s        400.00 iters/s
step_00450 ✓ [ 100% ] 0000/0090 VUs  30s        450.00 iters/s
step_00500 ✓ [ 100% ] 0000/0100 VUs  30s        500.00 iters/s
step_00550   [  90% ] 0000/0110 VUs  27.0s/30s  550.00 iters/s
step_00600 • [   0% ] waiting        0m03.0s   
step_00650 • [   0% ] waiting        0m33.0s   
step_00700 • [   0% ] waiting        1m03.0s   
step_00750 • [   0% ] waiting        1m33.0s   
step_00800 • [   0% ] waiting        2m03.0s   

running (5m28.0s), 0001/0310 VUs, 97890 complete and 0 interrupted iterations
step_00050 ✓ [ 100% ] 000/020 VUs    30s        50.00 iters/s
step_00100 ✓ [ 100% ] 000/020 VUs    30s        100.00 iters/s
step_00150 ✓ [ 100% ] 000/030 VUs    30s        150.00 iters/s
step_00200 ✓ [ 100% ] 000/040 VUs    30s        200.00 iters/s
step_00250 ✓ [ 100% ] 000/050 VUs    30s        250.00 iters/s
step_00300 ✓ [ 100% ] 000/060 VUs    30s        300.00 iters/s
step_00350 ✓ [ 100% ] 0000/0070 VUs  30s        350.00 iters/s
step_00400 ✓ [ 100% ] 0000/0080 VUs  30s        400.00 iters/s
step_00450 ✓ [ 100% ] 0000/0090 VUs  30s        450.00 iters/s
step_00500 ✓ [ 100% ] 0000/0100 VUs  30s        500.00 iters/s
step_00550   [  93% ] 0001/0110 VUs  28.0s/30s  550.00 iters/s
step_00600 • [   0% ] waiting        0m02.0s   
step_00650 • [   0% ] waiting        0m32.0s   
step_00700 • [   0% ] waiting        1m02.0s   
step_00750 • [   0% ] waiting        1m32.0s   
step_00800 • [   0% ] waiting        2m02.0s   

running (5m29.0s), 0000/0310 VUs, 98441 complete and 0 interrupted iterations
step_00050 ✓ [ 100% ] 000/020 VUs    30s        50.00 iters/s
step_00100 ✓ [ 100% ] 000/020 VUs    30s        100.00 iters/s
step_00150 ✓ [ 100% ] 000/030 VUs    30s        150.00 iters/s
step_00200 ✓ [ 100% ] 000/040 VUs    30s        200.00 iters/s
step_00250 ✓ [ 100% ] 000/050 VUs    30s        250.00 iters/s
step_00300 ✓ [ 100% ] 000/060 VUs    30s        300.00 iters/s
step_00350 ✓ [ 100% ] 0000/0070 VUs  30s        350.00 iters/s
step_00400 ✓ [ 100% ] 0000/0080 VUs  30s        400.00 iters/s
step_00450 ✓ [ 100% ] 0000/0090 VUs  30s        450.00 iters/s
step_00500 ✓ [ 100% ] 0000/0100 VUs  30s        500.00 iters/s
step_00550   [  97% ] 0000/0110 VUs  29.0s/30s  550.00 iters/s
step_00600 • [   0% ] waiting        0m01.0s   
step_00650 • [   0% ] waiting        0m31.0s   
step_00700 • [   0% ] waiting        1m01.0s   
step_00750 • [   0% ] waiting        1m31.0s   
step_00800 • [   0% ] waiting        2m01.0s   

running (5m30.0s), 0000/0310 VUs, 98991 complete and 0 interrupted iterations
step_00050 ✓ [ 100% ] 000/020 VUs    30s        50.00 iters/s
step_00100 ✓ [ 100% ] 000/020 VUs    30s        100.00 iters/s
step_00150 ✓ [ 100% ] 000/030 VUs    30s        150.00 iters/s
step_00200 ✓ [ 100% ] 000/040 VUs    30s        200.00 iters/s
step_00250 ✓ [ 100% ] 000/050 VUs    30s        250.00 iters/s
step_00300 ✓ [ 100% ] 000/060 VUs    30s        300.00 iters/s
step_00350 ✓ [ 100% ] 0000/0070 VUs  30s        350.00 iters/s
step_00400 ✓ [ 100% ] 0000/0080 VUs  30s        400.00 iters/s
step_00450 ✓ [ 100% ] 0000/0090 VUs  30s        450.00 iters/s
step_00500 ✓ [ 100% ] 0000/0100 VUs  30s        500.00 iters/s
step_00550   [ 100% ] 0000/0110 VUs  30.0s/30s  550.00 iters/s
step_00600 • [   0% ] waiting        0m00.0s   
step_00650 • [   0% ] waiting        0m30.0s   
step_00700 • [   0% ] waiting        1m00.0s   
step_00750 • [   0% ] waiting        1m30.0s   
step_00800 • [   0% ] waiting        2m00.0s   

running (5m31.0s), 0001/0310 VUs, 99590 complete and 0 interrupted iterations
step_00050 ✓ [ 100% ] 000/020 VUs    30s        50.00 iters/s
step_00100 ✓ [ 100% ] 000/020 VUs    30s        100.00 iters/s
step_00150 ✓ [ 100% ] 000/030 VUs    30s        150.00 iters/s
step_00200 ✓ [ 100% ] 000/040 VUs    30s        200.00 iters/s
step_00250 ✓ [ 100% ] 000/050 VUs    30s        250.00 iters/s
step_00300 ✓ [ 100% ] 000/060 VUs    30s        300.00 iters/s
step_00350 ✓ [ 100% ] 0000/0070 VUs  30s        350.00 iters/s
step_00400 ✓ [ 100% ] 0000/0080 VUs  30s        400.00 iters/s
step_00450 ✓ [ 100% ] 0000/0090 VUs  30s        450.00 iters/s
step_00500 ✓ [ 100% ] 0000/0100 VUs  30s        500.00 iters/s
step_00550 ✓ [ 100% ] 0000/0110 VUs  30s        550.00 iters/s
step_00600   [   3% ] 0001/0120 VUs  01.0s/30s  600.00 iters/s
step_00650 • [   0% ] waiting        0m29.0s   
step_00700 • [   0% ] waiting        0m59.0s   
step_00750 • [   0% ] waiting        1m29.0s   
step_00800 • [   0% ] waiting        1m59.0s   

running (5m32.0s), 0001/0310 VUs, 100190 complete and 0 interrupted iterations
step_00050 ✓ [ 100% ] 000/020 VUs    30s        50.00 iters/s
step_00100 ✓ [ 100% ] 000/020 VUs    30s        100.00 iters/s
step_00150 ✓ [ 100% ] 000/030 VUs    30s        150.00 iters/s
step_00200 ✓ [ 100% ] 000/040 VUs    30s        200.00 iters/s
step_00250 ✓ [ 100% ] 000/050 VUs    30s        250.00 iters/s
step_00300 ✓ [ 100% ] 000/060 VUs    30s        300.00 iters/s
step_00350 ✓ [ 100% ] 0000/0070 VUs  30s        350.00 iters/s
step_00400 ✓ [ 100% ] 0000/0080 VUs  30s        400.00 iters/s
step_00450 ✓ [ 100% ] 0000/0090 VUs  30s        450.00 iters/s
step_00500 ✓ [ 100% ] 0000/0100 VUs  30s        500.00 iters/s
step_00550 ✓ [ 100% ] 0000/0110 VUs  30s        550.00 iters/s
step_00600   [   7% ] 0001/0120 VUs  02.0s/30s  600.00 iters/s
step_00650 • [   0% ] waiting        0m28.0s   
step_00700 • [   0% ] waiting        0m58.0s   
step_00750 • [   0% ] waiting        1m28.0s   
step_00800 • [   0% ] waiting        1m58.0s   

running (5m33.0s), 0001/0310 VUs, 100790 complete and 0 interrupted iterations
step_00050 ✓ [ 100% ] 000/020 VUs    30s        50.00 iters/s
step_00100 ✓ [ 100% ] 000/020 VUs    30s        100.00 iters/s
step_00150 ✓ [ 100% ] 000/030 VUs    30s        150.00 iters/s
step_00200 ✓ [ 100% ] 000/040 VUs    30s        200.00 iters/s
step_00250 ✓ [ 100% ] 000/050 VUs    30s        250.00 iters/s
step_00300 ✓ [ 100% ] 000/060 VUs    30s        300.00 iters/s
step_00350 ✓ [ 100% ] 0000/0070 VUs  30s        350.00 iters/s
step_00400 ✓ [ 100% ] 0000/0080 VUs  30s        400.00 iters/s
step_00450 ✓ [ 100% ] 0000/0090 VUs  30s        450.00 iters/s
step_00500 ✓ [ 100% ] 0000/0100 VUs  30s        500.00 iters/s
step_00550 ✓ [ 100% ] 0000/0110 VUs  30s        550.00 iters/s
step_00600   [  10% ] 0001/0120 VUs  03.0s/30s  600.00 iters/s
step_00650 • [   0% ] waiting        0m27.0s   
step_00700 • [   0% ] waiting        0m57.0s   
step_00750 • [   0% ] waiting        1m27.0s   
step_00800 • [   0% ] waiting        1m57.0s   

running (5m34.0s), 0001/0310 VUs, 101390 complete and 0 interrupted iterations
step_00050 ✓ [ 100% ] 000/020 VUs    30s        50.00 iters/s
step_00100 ✓ [ 100% ] 000/020 VUs    30s        100.00 iters/s
step_00150 ✓ [ 100% ] 000/030 VUs    30s        150.00 iters/s
step_00200 ✓ [ 100% ] 000/040 VUs    30s        200.00 iters/s
step_00250 ✓ [ 100% ] 000/050 VUs    30s        250.00 iters/s
step_00300 ✓ [ 100% ] 000/060 VUs    30s        300.00 iters/s
step_00350 ✓ [ 100% ] 0000/0070 VUs  30s        350.00 iters/s
step_00400 ✓ [ 100% ] 0000/0080 VUs  30s        400.00 iters/s
step_00450 ✓ [ 100% ] 0000/0090 VUs  30s        450.00 iters/s
step_00500 ✓ [ 100% ] 0000/0100 VUs  30s        500.00 iters/s
step_00550 ✓ [ 100% ] 0000/0110 VUs  30s        550.00 iters/s
step_00600   [  13% ] 0001/0120 VUs  04.0s/30s  600.00 iters/s
step_00650 • [   0% ] waiting        0m26.0s   
step_00700 • [   0% ] waiting        0m56.0s   
step_00750 • [   0% ] waiting        1m26.0s   
step_00800 • [   0% ] waiting        1m56.0s   

running (5m35.0s), 0001/0310 VUs, 101990 complete and 0 interrupted iterations
step_00050 ✓ [ 100% ] 000/020 VUs    30s        50.00 iters/s
step_00100 ✓ [ 100% ] 000/020 VUs    30s        100.00 iters/s
step_00150 ✓ [ 100% ] 000/030 VUs    30s        150.00 iters/s
step_00200 ✓ [ 100% ] 000/040 VUs    30s        200.00 iters/s
step_00250 ✓ [ 100% ] 000/050 VUs    30s        250.00 iters/s
step_00300 ✓ [ 100% ] 000/060 VUs    30s        300.00 iters/s
step_00350 ✓ [ 100% ] 0000/0070 VUs  30s        350.00 iters/s
step_00400 ✓ [ 100% ] 0000/0080 VUs  30s        400.00 iters/s
step_00450 ✓ [ 100% ] 0000/0090 VUs  30s        450.00 iters/s
step_00500 ✓ [ 100% ] 0000/0100 VUs  30s        500.00 iters/s
step_00550 ✓ [ 100% ] 0000/0110 VUs  30s        550.00 iters/s
step_00600   [  17% ] 0001/0120 VUs  05.0s/30s  600.00 iters/s
step_00650 • [   0% ] waiting        0m25.0s   
step_00700 • [   0% ] waiting        0m55.0s   
step_00750 • [   0% ] waiting        1m25.0s   
step_00800 • [   0% ] waiting        1m55.0s   

running (5m36.0s), 0001/0310 VUs, 102590 complete and 0 interrupted iterations
step_00050 ✓ [ 100% ] 000/020 VUs    30s        50.00 iters/s
step_00100 ✓ [ 100% ] 000/020 VUs    30s        100.00 iters/s
step_00150 ✓ [ 100% ] 000/030 VUs    30s        150.00 iters/s
step_00200 ✓ [ 100% ] 000/040 VUs    30s        200.00 iters/s
step_00250 ✓ [ 100% ] 000/050 VUs    30s        250.00 iters/s
step_00300 ✓ [ 100% ] 000/060 VUs    30s        300.00 iters/s
step_00350 ✓ [ 100% ] 0000/0070 VUs  30s        350.00 iters/s
step_00400 ✓ [ 100% ] 0000/0080 VUs  30s        400.00 iters/s
step_00450 ✓ [ 100% ] 0000/0090 VUs  30s        450.00 iters/s
step_00500 ✓ [ 100% ] 0000/0100 VUs  30s        500.00 iters/s
step_00550 ✓ [ 100% ] 0000/0110 VUs  30s        550.00 iters/s
step_00600   [  20% ] 0001/0120 VUs  06.0s/30s  600.00 iters/s
step_00650 • [   0% ] waiting        0m24.0s   
step_00700 • [   0% ] waiting        0m54.0s   
step_00750 • [   0% ] waiting        1m24.0s   
step_00800 • [   0% ] waiting        1m54.0s   

running (5m37.0s), 0001/0310 VUs, 103190 complete and 0 interrupted iterations
step_00050 ✓ [ 100% ] 000/020 VUs    30s        50.00 iters/s
step_00100 ✓ [ 100% ] 000/020 VUs    30s        100.00 iters/s
step_00150 ✓ [ 100% ] 000/030 VUs    30s        150.00 iters/s
step_00200 ✓ [ 100% ] 000/040 VUs    30s        200.00 iters/s
step_00250 ✓ [ 100% ] 000/050 VUs    30s        250.00 iters/s
step_00300 ✓ [ 100% ] 000/060 VUs    30s        300.00 iters/s
step_00350 ✓ [ 100% ] 0000/0070 VUs  30s        350.00 iters/s
step_00400 ✓ [ 100% ] 0000/0080 VUs  30s        400.00 iters/s
step_00450 ✓ [ 100% ] 0000/0090 VUs  30s        450.00 iters/s
step_00500 ✓ [ 100% ] 0000/0100 VUs  30s        500.00 iters/s
step_00550 ✓ [ 100% ] 0000/0110 VUs  30s        550.00 iters/s
step_00600   [  23% ] 0001/0120 VUs  07.0s/30s  600.00 iters/s
step_00650 • [   0% ] waiting        0m23.0s   
step_00700 • [   0% ] waiting        0m53.0s   
step_00750 • [   0% ] waiting        1m23.0s   
step_00800 • [   0% ] waiting        1m53.0s   

running (5m38.0s), 0001/0310 VUs, 103790 complete and 0 interrupted iterations
step_00050 ✓ [ 100% ] 000/020 VUs    30s        50.00 iters/s
step_00100 ✓ [ 100% ] 000/020 VUs    30s        100.00 iters/s
step_00150 ✓ [ 100% ] 000/030 VUs    30s        150.00 iters/s
step_00200 ✓ [ 100% ] 000/040 VUs    30s        200.00 iters/s
step_00250 ✓ [ 100% ] 000/050 VUs    30s        250.00 iters/s
step_00300 ✓ [ 100% ] 000/060 VUs    30s        300.00 iters/s
step_00350 ✓ [ 100% ] 0000/0070 VUs  30s        350.00 iters/s
step_00400 ✓ [ 100% ] 0000/0080 VUs  30s        400.00 iters/s
step_00450 ✓ [ 100% ] 0000/0090 VUs  30s        450.00 iters/s
step_00500 ✓ [ 100% ] 0000/0100 VUs  30s        500.00 iters/s
step_00550 ✓ [ 100% ] 0000/0110 VUs  30s        550.00 iters/s
step_00600   [  27% ] 0001/0120 VUs  08.0s/30s  600.00 iters/s
step_00650 • [   0% ] waiting        0m22.0s   
step_00700 • [   0% ] waiting        0m52.0s   
step_00750 • [   0% ] waiting        1m22.0s   
step_00800 • [   0% ] waiting        1m52.0s   

running (5m39.0s), 0001/0310 VUs, 104390 complete and 0 interrupted iterations
step_00050 ✓ [ 100% ] 000/020 VUs    30s        50.00 iters/s
step_00100 ✓ [ 100% ] 000/020 VUs    30s        100.00 iters/s
step_00150 ✓ [ 100% ] 000/030 VUs    30s        150.00 iters/s
step_00200 ✓ [ 100% ] 000/040 VUs    30s        200.00 iters/s
step_00250 ✓ [ 100% ] 000/050 VUs    30s        250.00 iters/s
step_00300 ✓ [ 100% ] 000/060 VUs    30s        300.00 iters/s
step_00350 ✓ [ 100% ] 0000/0070 VUs  30s        350.00 iters/s
step_00400 ✓ [ 100% ] 0000/0080 VUs  30s        400.00 iters/s
step_00450 ✓ [ 100% ] 0000/0090 VUs  30s        450.00 iters/s
step_00500 ✓ [ 100% ] 0000/0100 VUs  30s        500.00 iters/s
step_00550 ✓ [ 100% ] 0000/0110 VUs  30s        550.00 iters/s
step_00600   [  30% ] 0001/0120 VUs  09.0s/30s  600.00 iters/s
step_00650 • [   0% ] waiting        0m21.0s   
step_00700 • [   0% ] waiting        0m51.0s   
step_00750 • [   0% ] waiting        1m21.0s   
step_00800 • [   0% ] waiting        1m51.0s   

running (5m40.0s), 0001/0310 VUs, 104990 complete and 0 interrupted iterations
step_00050 ✓ [ 100% ] 000/020 VUs    30s        50.00 iters/s
step_00100 ✓ [ 100% ] 000/020 VUs    30s        100.00 iters/s
step_00150 ✓ [ 100% ] 000/030 VUs    30s        150.00 iters/s
step_00200 ✓ [ 100% ] 000/040 VUs    30s        200.00 iters/s
step_00250 ✓ [ 100% ] 000/050 VUs    30s        250.00 iters/s
step_00300 ✓ [ 100% ] 000/060 VUs    30s        300.00 iters/s
step_00350 ✓ [ 100% ] 0000/0070 VUs  30s        350.00 iters/s
step_00400 ✓ [ 100% ] 0000/0080 VUs  30s        400.00 iters/s
step_00450 ✓ [ 100% ] 0000/0090 VUs  30s        450.00 iters/s
step_00500 ✓ [ 100% ] 0000/0100 VUs  30s        500.00 iters/s
step_00550 ✓ [ 100% ] 0000/0110 VUs  30s        550.00 iters/s
step_00600   [  33% ] 0001/0120 VUs  10.0s/30s  600.00 iters/s
step_00650 • [   0% ] waiting        0m20.0s   
step_00700 • [   0% ] waiting        0m50.0s   
step_00750 • [   0% ] waiting        1m20.0s   
step_00800 • [   0% ] waiting        1m50.0s   

running (5m41.0s), 0001/0310 VUs, 105590 complete and 0 interrupted iterations
step_00050 ✓ [ 100% ] 000/020 VUs    30s        50.00 iters/s
step_00100 ✓ [ 100% ] 000/020 VUs    30s        100.00 iters/s
step_00150 ✓ [ 100% ] 000/030 VUs    30s        150.00 iters/s
step_00200 ✓ [ 100% ] 000/040 VUs    30s        200.00 iters/s
step_00250 ✓ [ 100% ] 000/050 VUs    30s        250.00 iters/s
step_00300 ✓ [ 100% ] 000/060 VUs    30s        300.00 iters/s
step_00350 ✓ [ 100% ] 0000/0070 VUs  30s        350.00 iters/s
step_00400 ✓ [ 100% ] 0000/0080 VUs  30s        400.00 iters/s
step_00450 ✓ [ 100% ] 0000/0090 VUs  30s        450.00 iters/s
step_00500 ✓ [ 100% ] 0000/0100 VUs  30s        500.00 iters/s
step_00550 ✓ [ 100% ] 0000/0110 VUs  30s        550.00 iters/s
step_00600   [  37% ] 0001/0120 VUs  11.0s/30s  600.00 iters/s
step_00650 • [   0% ] waiting        0m19.0s   
step_00700 • [   0% ] waiting        0m49.0s   
step_00750 • [   0% ] waiting        1m19.0s   
step_00800 • [   0% ] waiting        1m49.0s   

running (5m42.0s), 0001/0310 VUs, 106190 complete and 0 interrupted iterations
step_00050 ✓ [ 100% ] 000/020 VUs    30s        50.00 iters/s
step_00100 ✓ [ 100% ] 000/020 VUs    30s        100.00 iters/s
step_00150 ✓ [ 100% ] 000/030 VUs    30s        150.00 iters/s
step_00200 ✓ [ 100% ] 000/040 VUs    30s        200.00 iters/s
step_00250 ✓ [ 100% ] 000/050 VUs    30s        250.00 iters/s
step_00300 ✓ [ 100% ] 000/060 VUs    30s        300.00 iters/s
step_00350 ✓ [ 100% ] 0000/0070 VUs  30s        350.00 iters/s
step_00400 ✓ [ 100% ] 0000/0080 VUs  30s        400.00 iters/s
step_00450 ✓ [ 100% ] 0000/0090 VUs  30s        450.00 iters/s
step_00500 ✓ [ 100% ] 0000/0100 VUs  30s        500.00 iters/s
step_00550 ✓ [ 100% ] 0000/0110 VUs  30s        550.00 iters/s
step_00600   [  40% ] 0001/0120 VUs  12.0s/30s  600.00 iters/s
step_00650 • [   0% ] waiting        0m18.0s   
step_00700 • [   0% ] waiting        0m48.0s   
step_00750 • [   0% ] waiting        1m18.0s   
step_00800 • [   0% ] waiting        1m48.0s   

running (5m43.0s), 0001/0310 VUs, 106790 complete and 0 interrupted iterations
step_00050 ✓ [ 100% ] 000/020 VUs    30s        50.00 iters/s
step_00100 ✓ [ 100% ] 000/020 VUs    30s        100.00 iters/s
step_00150 ✓ [ 100% ] 000/030 VUs    30s        150.00 iters/s
step_00200 ✓ [ 100% ] 000/040 VUs    30s        200.00 iters/s
step_00250 ✓ [ 100% ] 000/050 VUs    30s        250.00 iters/s
step_00300 ✓ [ 100% ] 000/060 VUs    30s        300.00 iters/s
step_00350 ✓ [ 100% ] 0000/0070 VUs  30s        350.00 iters/s
step_00400 ✓ [ 100% ] 0000/0080 VUs  30s        400.00 iters/s
step_00450 ✓ [ 100% ] 0000/0090 VUs  30s        450.00 iters/s
step_00500 ✓ [ 100% ] 0000/0100 VUs  30s        500.00 iters/s
step_00550 ✓ [ 100% ] 0000/0110 VUs  30s        550.00 iters/s
step_00600   [  43% ] 0001/0120 VUs  13.0s/30s  600.00 iters/s
step_00650 • [   0% ] waiting        0m17.0s   
step_00700 • [   0% ] waiting        0m47.0s   
step_00750 • [   0% ] waiting        1m17.0s   
step_00800 • [   0% ] waiting        1m47.0s   

running (5m44.0s), 0001/0310 VUs, 107390 complete and 0 interrupted iterations
step_00050 ✓ [ 100% ] 000/020 VUs    30s        50.00 iters/s
step_00100 ✓ [ 100% ] 000/020 VUs    30s        100.00 iters/s
step_00150 ✓ [ 100% ] 000/030 VUs    30s        150.00 iters/s
step_00200 ✓ [ 100% ] 000/040 VUs    30s        200.00 iters/s
step_00250 ✓ [ 100% ] 000/050 VUs    30s        250.00 iters/s
step_00300 ✓ [ 100% ] 000/060 VUs    30s        300.00 iters/s
step_00350 ✓ [ 100% ] 0000/0070 VUs  30s        350.00 iters/s
step_00400 ✓ [ 100% ] 0000/0080 VUs  30s        400.00 iters/s
step_00450 ✓ [ 100% ] 0000/0090 VUs  30s        450.00 iters/s
step_00500 ✓ [ 100% ] 0000/0100 VUs  30s        500.00 iters/s
step_00550 ✓ [ 100% ] 0000/0110 VUs  30s        550.00 iters/s
step_00600   [  47% ] 0001/0120 VUs  14.0s/30s  600.00 iters/s
step_00650 • [   0% ] waiting        0m16.0s   
step_00700 • [   0% ] waiting        0m46.0s   
step_00750 • [   0% ] waiting        1m16.0s   
step_00800 • [   0% ] waiting        1m46.0s   

running (5m45.0s), 0001/0310 VUs, 107990 complete and 0 interrupted iterations
step_00050 ✓ [ 100% ] 000/020 VUs    30s        50.00 iters/s
step_00100 ✓ [ 100% ] 000/020 VUs    30s        100.00 iters/s
step_00150 ✓ [ 100% ] 000/030 VUs    30s        150.00 iters/s
step_00200 ✓ [ 100% ] 000/040 VUs    30s        200.00 iters/s
step_00250 ✓ [ 100% ] 000/050 VUs    30s        250.00 iters/s
step_00300 ✓ [ 100% ] 000/060 VUs    30s        300.00 iters/s
step_00350 ✓ [ 100% ] 0000/0070 VUs  30s        350.00 iters/s
step_00400 ✓ [ 100% ] 0000/0080 VUs  30s        400.00 iters/s
step_00450 ✓ [ 100% ] 0000/0090 VUs  30s        450.00 iters/s
step_00500 ✓ [ 100% ] 0000/0100 VUs  30s        500.00 iters/s
step_00550 ✓ [ 100% ] 0000/0110 VUs  30s        550.00 iters/s
step_00600   [  50% ] 0001/0120 VUs  15.0s/30s  600.00 iters/s
step_00650 • [   0% ] waiting        0m15.0s   
step_00700 • [   0% ] waiting        0m45.0s   
step_00750 • [   0% ] waiting        1m15.0s   
step_00800 • [   0% ] waiting        1m45.0s   

running (5m46.0s), 0001/0310 VUs, 108590 complete and 0 interrupted iterations
step_00050 ✓ [ 100% ] 000/020 VUs    30s        50.00 iters/s
step_00100 ✓ [ 100% ] 000/020 VUs    30s        100.00 iters/s
step_00150 ✓ [ 100% ] 000/030 VUs    30s        150.00 iters/s
step_00200 ✓ [ 100% ] 000/040 VUs    30s        200.00 iters/s
step_00250 ✓ [ 100% ] 000/050 VUs    30s        250.00 iters/s
step_00300 ✓ [ 100% ] 000/060 VUs    30s        300.00 iters/s
step_00350 ✓ [ 100% ] 0000/0070 VUs  30s        350.00 iters/s
step_00400 ✓ [ 100% ] 0000/0080 VUs  30s        400.00 iters/s
step_00450 ✓ [ 100% ] 0000/0090 VUs  30s        450.00 iters/s
step_00500 ✓ [ 100% ] 0000/0100 VUs  30s        500.00 iters/s
step_00550 ✓ [ 100% ] 0000/0110 VUs  30s        550.00 iters/s
step_00600   [  53% ] 0001/0120 VUs  16.0s/30s  600.00 iters/s
step_00650 • [   0% ] waiting        0m14.0s   
step_00700 • [   0% ] waiting        0m44.0s   
step_00750 • [   0% ] waiting        1m14.0s   
step_00800 • [   0% ] waiting        1m44.0s   

running (5m47.0s), 0001/0310 VUs, 109190 complete and 0 interrupted iterations
step_00050 ✓ [ 100% ] 000/020 VUs    30s        50.00 iters/s
step_00100 ✓ [ 100% ] 000/020 VUs    30s        100.00 iters/s
step_00150 ✓ [ 100% ] 000/030 VUs    30s        150.00 iters/s
step_00200 ✓ [ 100% ] 000/040 VUs    30s        200.00 iters/s
step_00250 ✓ [ 100% ] 000/050 VUs    30s        250.00 iters/s
step_00300 ✓ [ 100% ] 000/060 VUs    30s        300.00 iters/s
step_00350 ✓ [ 100% ] 0000/0070 VUs  30s        350.00 iters/s
step_00400 ✓ [ 100% ] 0000/0080 VUs  30s        400.00 iters/s
step_00450 ✓ [ 100% ] 0000/0090 VUs  30s        450.00 iters/s
step_00500 ✓ [ 100% ] 0000/0100 VUs  30s        500.00 iters/s
step_00550 ✓ [ 100% ] 0000/0110 VUs  30s        550.00 iters/s
step_00600   [  57% ] 0001/0120 VUs  17.0s/30s  600.00 iters/s
step_00650 • [   0% ] waiting        0m13.0s   
step_00700 • [   0% ] waiting        0m43.0s   
step_00750 • [   0% ] waiting        1m13.0s   
step_00800 • [   0% ] waiting        1m43.0s   

running (5m48.0s), 0001/0310 VUs, 109790 complete and 0 interrupted iterations
step_00050 ✓ [ 100% ] 000/020 VUs    30s        50.00 iters/s
step_00100 ✓ [ 100% ] 000/020 VUs    30s        100.00 iters/s
step_00150 ✓ [ 100% ] 000/030 VUs    30s        150.00 iters/s
step_00200 ✓ [ 100% ] 000/040 VUs    30s        200.00 iters/s
step_00250 ✓ [ 100% ] 000/050 VUs    30s        250.00 iters/s
step_00300 ✓ [ 100% ] 000/060 VUs    30s        300.00 iters/s
step_00350 ✓ [ 100% ] 0000/0070 VUs  30s        350.00 iters/s
step_00400 ✓ [ 100% ] 0000/0080 VUs  30s        400.00 iters/s
step_00450 ✓ [ 100% ] 0000/0090 VUs  30s        450.00 iters/s
step_00500 ✓ [ 100% ] 0000/0100 VUs  30s        500.00 iters/s
step_00550 ✓ [ 100% ] 0000/0110 VUs  30s        550.00 iters/s
step_00600   [  60% ] 0001/0120 VUs  18.0s/30s  600.00 iters/s
step_00650 • [   0% ] waiting        0m12.0s   
step_00700 • [   0% ] waiting        0m42.0s   
step_00750 • [   0% ] waiting        1m12.0s   
step_00800 • [   0% ] waiting        1m42.0s   

running (5m49.0s), 0001/0310 VUs, 110390 complete and 0 interrupted iterations
step_00050 ✓ [ 100% ] 000/020 VUs    30s        50.00 iters/s
step_00100 ✓ [ 100% ] 000/020 VUs    30s        100.00 iters/s
step_00150 ✓ [ 100% ] 000/030 VUs    30s        150.00 iters/s
step_00200 ✓ [ 100% ] 000/040 VUs    30s        200.00 iters/s
step_00250 ✓ [ 100% ] 000/050 VUs    30s        250.00 iters/s
step_00300 ✓ [ 100% ] 000/060 VUs    30s        300.00 iters/s
step_00350 ✓ [ 100% ] 0000/0070 VUs  30s        350.00 iters/s
step_00400 ✓ [ 100% ] 0000/0080 VUs  30s        400.00 iters/s
step_00450 ✓ [ 100% ] 0000/0090 VUs  30s        450.00 iters/s
step_00500 ✓ [ 100% ] 0000/0100 VUs  30s        500.00 iters/s
step_00550 ✓ [ 100% ] 0000/0110 VUs  30s        550.00 iters/s
step_00600   [  63% ] 0001/0120 VUs  19.0s/30s  600.00 iters/s
step_00650 • [   0% ] waiting        0m11.0s   
step_00700 • [   0% ] waiting        0m41.0s   
step_00750 • [   0% ] waiting        1m11.0s   
step_00800 • [   0% ] waiting        1m41.0s   

running (5m50.0s), 0001/0310 VUs, 110990 complete and 0 interrupted iterations
step_00050 ✓ [ 100% ] 000/020 VUs    30s        50.00 iters/s
step_00100 ✓ [ 100% ] 000/020 VUs    30s        100.00 iters/s
step_00150 ✓ [ 100% ] 000/030 VUs    30s        150.00 iters/s
step_00200 ✓ [ 100% ] 000/040 VUs    30s        200.00 iters/s
step_00250 ✓ [ 100% ] 000/050 VUs    30s        250.00 iters/s
step_00300 ✓ [ 100% ] 000/060 VUs    30s        300.00 iters/s
step_00350 ✓ [ 100% ] 0000/0070 VUs  30s        350.00 iters/s
step_00400 ✓ [ 100% ] 0000/0080 VUs  30s        400.00 iters/s
step_00450 ✓ [ 100% ] 0000/0090 VUs  30s        450.00 iters/s
step_00500 ✓ [ 100% ] 0000/0100 VUs  30s        500.00 iters/s
step_00550 ✓ [ 100% ] 0000/0110 VUs  30s        550.00 iters/s
step_00600   [  67% ] 0001/0120 VUs  20.0s/30s  600.00 iters/s
step_00650 • [   0% ] waiting        0m10.0s   
step_00700 • [   0% ] waiting        0m40.0s   
step_00750 • [   0% ] waiting        1m10.0s   
step_00800 • [   0% ] waiting        1m40.0s   

running (5m51.0s), 0001/0310 VUs, 111590 complete and 0 interrupted iterations
step_00050 ✓ [ 100% ] 000/020 VUs    30s        50.00 iters/s
step_00100 ✓ [ 100% ] 000/020 VUs    30s        100.00 iters/s
step_00150 ✓ [ 100% ] 000/030 VUs    30s        150.00 iters/s
step_00200 ✓ [ 100% ] 000/040 VUs    30s        200.00 iters/s
step_00250 ✓ [ 100% ] 000/050 VUs    30s        250.00 iters/s
step_00300 ✓ [ 100% ] 000/060 VUs    30s        300.00 iters/s
step_00350 ✓ [ 100% ] 0000/0070 VUs  30s        350.00 iters/s
step_00400 ✓ [ 100% ] 0000/0080 VUs  30s        400.00 iters/s
step_00450 ✓ [ 100% ] 0000/0090 VUs  30s        450.00 iters/s
step_00500 ✓ [ 100% ] 0000/0100 VUs  30s        500.00 iters/s
step_00550 ✓ [ 100% ] 0000/0110 VUs  30s        550.00 iters/s
step_00600   [  70% ] 0001/0120 VUs  21.0s/30s  600.00 iters/s
step_00650 • [   0% ] waiting        0m09.0s   
step_00700 • [   0% ] waiting        0m39.0s   
step_00750 • [   0% ] waiting        1m09.0s   
step_00800 • [   0% ] waiting        1m39.0s   

running (5m52.0s), 0001/0310 VUs, 112190 complete and 0 interrupted iterations
step_00050 ✓ [ 100% ] 000/020 VUs    30s        50.00 iters/s
step_00100 ✓ [ 100% ] 000/020 VUs    30s        100.00 iters/s
step_00150 ✓ [ 100% ] 000/030 VUs    30s        150.00 iters/s
step_00200 ✓ [ 100% ] 000/040 VUs    30s        200.00 iters/s
step_00250 ✓ [ 100% ] 000/050 VUs    30s        250.00 iters/s
step_00300 ✓ [ 100% ] 000/060 VUs    30s        300.00 iters/s
step_00350 ✓ [ 100% ] 0000/0070 VUs  30s        350.00 iters/s
step_00400 ✓ [ 100% ] 0000/0080 VUs  30s        400.00 iters/s
step_00450 ✓ [ 100% ] 0000/0090 VUs  30s        450.00 iters/s
step_00500 ✓ [ 100% ] 0000/0100 VUs  30s        500.00 iters/s
step_00550 ✓ [ 100% ] 0000/0110 VUs  30s        550.00 iters/s
step_00600   [  73% ] 0001/0120 VUs  22.0s/30s  600.00 iters/s
step_00650 • [   0% ] waiting        0m08.0s   
step_00700 • [   0% ] waiting        0m38.0s   
step_00750 • [   0% ] waiting        1m08.0s   
step_00800 • [   0% ] waiting        1m38.0s   

running (5m53.0s), 0001/0310 VUs, 112790 complete and 0 interrupted iterations
step_00050 ✓ [ 100% ] 000/020 VUs    30s        50.00 iters/s
step_00100 ✓ [ 100% ] 000/020 VUs    30s        100.00 iters/s
step_00150 ✓ [ 100% ] 000/030 VUs    30s        150.00 iters/s
step_00200 ✓ [ 100% ] 000/040 VUs    30s        200.00 iters/s
step_00250 ✓ [ 100% ] 000/050 VUs    30s        250.00 iters/s
step_00300 ✓ [ 100% ] 000/060 VUs    30s        300.00 iters/s
step_00350 ✓ [ 100% ] 0000/0070 VUs  30s        350.00 iters/s
step_00400 ✓ [ 100% ] 0000/0080 VUs  30s        400.00 iters/s
step_00450 ✓ [ 100% ] 0000/0090 VUs  30s        450.00 iters/s
step_00500 ✓ [ 100% ] 0000/0100 VUs  30s        500.00 iters/s
step_00550 ✓ [ 100% ] 0000/0110 VUs  30s        550.00 iters/s
step_00600   [  77% ] 0001/0120 VUs  23.0s/30s  600.00 iters/s
step_00650 • [   0% ] waiting        0m07.0s   
step_00700 • [   0% ] waiting        0m37.0s   
step_00750 • [   0% ] waiting        1m07.0s   
step_00800 • [   0% ] waiting        1m37.0s   

running (5m54.0s), 0001/0310 VUs, 113390 complete and 0 interrupted iterations
step_00050 ✓ [ 100% ] 000/020 VUs    30s        50.00 iters/s
step_00100 ✓ [ 100% ] 000/020 VUs    30s        100.00 iters/s
step_00150 ✓ [ 100% ] 000/030 VUs    30s        150.00 iters/s
step_00200 ✓ [ 100% ] 000/040 VUs    30s        200.00 iters/s
step_00250 ✓ [ 100% ] 000/050 VUs    30s        250.00 iters/s
step_00300 ✓ [ 100% ] 000/060 VUs    30s        300.00 iters/s
step_00350 ✓ [ 100% ] 0000/0070 VUs  30s        350.00 iters/s
step_00400 ✓ [ 100% ] 0000/0080 VUs  30s        400.00 iters/s
step_00450 ✓ [ 100% ] 0000/0090 VUs  30s        450.00 iters/s
step_00500 ✓ [ 100% ] 0000/0100 VUs  30s        500.00 iters/s
step_00550 ✓ [ 100% ] 0000/0110 VUs  30s        550.00 iters/s
step_00600   [  80% ] 0001/0120 VUs  24.0s/30s  600.00 iters/s
step_00650 • [   0% ] waiting        0m06.0s   
step_00700 • [   0% ] waiting        0m36.0s   
step_00750 • [   0% ] waiting        1m06.0s   
step_00800 • [   0% ] waiting        1m36.0s   

running (5m55.0s), 0001/0310 VUs, 113990 complete and 0 interrupted iterations
step_00050 ✓ [ 100% ] 000/020 VUs    30s        50.00 iters/s
step_00100 ✓ [ 100% ] 000/020 VUs    30s        100.00 iters/s
step_00150 ✓ [ 100% ] 000/030 VUs    30s        150.00 iters/s
step_00200 ✓ [ 100% ] 000/040 VUs    30s        200.00 iters/s
step_00250 ✓ [ 100% ] 000/050 VUs    30s        250.00 iters/s
step_00300 ✓ [ 100% ] 000/060 VUs    30s        300.00 iters/s
step_00350 ✓ [ 100% ] 0000/0070 VUs  30s        350.00 iters/s
step_00400 ✓ [ 100% ] 0000/0080 VUs  30s        400.00 iters/s
step_00450 ✓ [ 100% ] 0000/0090 VUs  30s        450.00 iters/s
step_00500 ✓ [ 100% ] 0000/0100 VUs  30s        500.00 iters/s
step_00550 ✓ [ 100% ] 0000/0110 VUs  30s        550.00 iters/s
step_00600   [  83% ] 0001/0120 VUs  25.0s/30s  600.00 iters/s
step_00650 • [   0% ] waiting        0m05.0s   
step_00700 • [   0% ] waiting        0m35.0s   
step_00750 • [   0% ] waiting        1m05.0s   
step_00800 • [   0% ] waiting        1m35.0s   

running (5m56.0s), 0001/0310 VUs, 114590 complete and 0 interrupted iterations
step_00050 ✓ [ 100% ] 000/020 VUs    30s        50.00 iters/s
step_00100 ✓ [ 100% ] 000/020 VUs    30s        100.00 iters/s
step_00150 ✓ [ 100% ] 000/030 VUs    30s        150.00 iters/s
step_00200 ✓ [ 100% ] 000/040 VUs    30s        200.00 iters/s
step_00250 ✓ [ 100% ] 000/050 VUs    30s        250.00 iters/s
step_00300 ✓ [ 100% ] 000/060 VUs    30s        300.00 iters/s
step_00350 ✓ [ 100% ] 0000/0070 VUs  30s        350.00 iters/s
step_00400 ✓ [ 100% ] 0000/0080 VUs  30s        400.00 iters/s
step_00450 ✓ [ 100% ] 0000/0090 VUs  30s        450.00 iters/s
step_00500 ✓ [ 100% ] 0000/0100 VUs  30s        500.00 iters/s
step_00550 ✓ [ 100% ] 0000/0110 VUs  30s        550.00 iters/s
step_00600   [  87% ] 0001/0120 VUs  26.0s/30s  600.00 iters/s
step_00650 • [   0% ] waiting        0m04.0s   
step_00700 • [   0% ] waiting        0m34.0s   
step_00750 • [   0% ] waiting        1m04.0s   
step_00800 • [   0% ] waiting        1m34.0s   

running (5m57.0s), 0001/0310 VUs, 115190 complete and 0 interrupted iterations
step_00050 ✓ [ 100% ] 000/020 VUs    30s        50.00 iters/s
step_00100 ✓ [ 100% ] 000/020 VUs    30s        100.00 iters/s
step_00150 ✓ [ 100% ] 000/030 VUs    30s        150.00 iters/s
step_00200 ✓ [ 100% ] 000/040 VUs    30s        200.00 iters/s
step_00250 ✓ [ 100% ] 000/050 VUs    30s        250.00 iters/s
step_00300 ✓ [ 100% ] 000/060 VUs    30s        300.00 iters/s
step_00350 ✓ [ 100% ] 0000/0070 VUs  30s        350.00 iters/s
step_00400 ✓ [ 100% ] 0000/0080 VUs  30s        400.00 iters/s
step_00450 ✓ [ 100% ] 0000/0090 VUs  30s        450.00 iters/s
step_00500 ✓ [ 100% ] 0000/0100 VUs  30s        500.00 iters/s
step_00550 ✓ [ 100% ] 0000/0110 VUs  30s        550.00 iters/s
step_00600   [  90% ] 0001/0120 VUs  27.0s/30s  600.00 iters/s
step_00650 • [   0% ] waiting        0m03.0s   
step_00700 • [   0% ] waiting        0m33.0s   
step_00750 • [   0% ] waiting        1m03.0s   
step_00800 • [   0% ] waiting        1m33.0s   

running (5m58.0s), 0001/0310 VUs, 115790 complete and 0 interrupted iterations
step_00050 ✓ [ 100% ] 000/020 VUs    30s        50.00 iters/s
step_00100 ✓ [ 100% ] 000/020 VUs    30s        100.00 iters/s
step_00150 ✓ [ 100% ] 000/030 VUs    30s        150.00 iters/s
step_00200 ✓ [ 100% ] 000/040 VUs    30s        200.00 iters/s
step_00250 ✓ [ 100% ] 000/050 VUs    30s        250.00 iters/s
step_00300 ✓ [ 100% ] 000/060 VUs    30s        300.00 iters/s
step_00350 ✓ [ 100% ] 0000/0070 VUs  30s        350.00 iters/s
step_00400 ✓ [ 100% ] 0000/0080 VUs  30s        400.00 iters/s
step_00450 ✓ [ 100% ] 0000/0090 VUs  30s        450.00 iters/s
step_00500 ✓ [ 100% ] 0000/0100 VUs  30s        500.00 iters/s
step_00550 ✓ [ 100% ] 0000/0110 VUs  30s        550.00 iters/s
step_00600   [  93% ] 0001/0120 VUs  28.0s/30s  600.00 iters/s
step_00650 • [   0% ] waiting        0m02.0s   
step_00700 • [   0% ] waiting        0m32.0s   
step_00750 • [   0% ] waiting        1m02.0s   
step_00800 • [   0% ] waiting        1m32.0s   

running (5m59.0s), 0001/0310 VUs, 116390 complete and 0 interrupted iterations
step_00050 ✓ [ 100% ] 000/020 VUs    30s        50.00 iters/s
step_00100 ✓ [ 100% ] 000/020 VUs    30s        100.00 iters/s
step_00150 ✓ [ 100% ] 000/030 VUs    30s        150.00 iters/s
step_00200 ✓ [ 100% ] 000/040 VUs    30s        200.00 iters/s
step_00250 ✓ [ 100% ] 000/050 VUs    30s        250.00 iters/s
step_00300 ✓ [ 100% ] 000/060 VUs    30s        300.00 iters/s
step_00350 ✓ [ 100% ] 0000/0070 VUs  30s        350.00 iters/s
step_00400 ✓ [ 100% ] 0000/0080 VUs  30s        400.00 iters/s
step_00450 ✓ [ 100% ] 0000/0090 VUs  30s        450.00 iters/s
step_00500 ✓ [ 100% ] 0000/0100 VUs  30s        500.00 iters/s
step_00550 ✓ [ 100% ] 0000/0110 VUs  30s        550.00 iters/s
step_00600   [  97% ] 0001/0120 VUs  29.0s/30s  600.00 iters/s
step_00650 • [   0% ] waiting        0m01.0s   
step_00700 • [   0% ] waiting        0m31.0s   
step_00750 • [   0% ] waiting        1m01.0s   
step_00800 • [   0% ] waiting        1m31.0s   

running (6m00.0s), 0001/0310 VUs, 116990 complete and 0 interrupted iterations
step_00050 ✓ [ 100% ] 000/020 VUs    30s        50.00 iters/s
step_00100 ✓ [ 100% ] 000/020 VUs    30s        100.00 iters/s
step_00150 ✓ [ 100% ] 000/030 VUs    30s        150.00 iters/s
step_00200 ✓ [ 100% ] 000/040 VUs    30s        200.00 iters/s
step_00250 ✓ [ 100% ] 000/050 VUs    30s        250.00 iters/s
step_00300 ✓ [ 100% ] 000/060 VUs    30s        300.00 iters/s
step_00350 ✓ [ 100% ] 0000/0070 VUs  30s        350.00 iters/s
step_00400 ✓ [ 100% ] 0000/0080 VUs  30s        400.00 iters/s
step_00450 ✓ [ 100% ] 0000/0090 VUs  30s        450.00 iters/s
step_00500 ✓ [ 100% ] 0000/0100 VUs  30s        500.00 iters/s
step_00550 ✓ [ 100% ] 0000/0110 VUs  30s        550.00 iters/s
step_00600   [ 100% ] 0001/0120 VUs  30.0s/30s  600.00 iters/s
step_00650 • [   0% ] waiting        0m00.0s   
step_00700 • [   0% ] waiting        0m30.0s   
step_00750 • [   0% ] waiting        1m00.0s   
step_00800 • [   0% ] waiting        1m30.0s   

running (6m01.0s), 0000/0310 VUs, 117640 complete and 0 interrupted iterations
step_00050 ✓ [ 100% ] 000/020 VUs    30s        50.00 iters/s
step_00100 ✓ [ 100% ] 000/020 VUs    30s        100.00 iters/s
step_00150 ✓ [ 100% ] 000/030 VUs    30s        150.00 iters/s
step_00200 ✓ [ 100% ] 000/040 VUs    30s        200.00 iters/s
step_00250 ✓ [ 100% ] 000/050 VUs    30s        250.00 iters/s
step_00300 ✓ [ 100% ] 000/060 VUs    30s        300.00 iters/s
step_00350 ✓ [ 100% ] 0000/0070 VUs  30s        350.00 iters/s
step_00400 ✓ [ 100% ] 0000/0080 VUs  30s        400.00 iters/s
step_00450 ✓ [ 100% ] 0000/0090 VUs  30s        450.00 iters/s
step_00500 ✓ [ 100% ] 0000/0100 VUs  30s        500.00 iters/s
step_00550 ✓ [ 100% ] 0000/0110 VUs  30s        550.00 iters/s
step_00600 ✓ [ 100% ] 0000/0120 VUs  30s        600.00 iters/s
step_00650   [   3% ] 0000/0130 VUs  01.0s/30s  650.00 iters/s
step_00700 • [   0% ] waiting        0m29.0s   
step_00750 • [   0% ] waiting        0m59.0s   
step_00800 • [   0% ] waiting        1m29.0s   

running (6m02.0s), 0000/0310 VUs, 118290 complete and 0 interrupted iterations
step_00050 ✓ [ 100% ] 000/020 VUs    30s        50.00 iters/s
step_00100 ✓ [ 100% ] 000/020 VUs    30s        100.00 iters/s
step_00150 ✓ [ 100% ] 000/030 VUs    30s        150.00 iters/s
step_00200 ✓ [ 100% ] 000/040 VUs    30s        200.00 iters/s
step_00250 ✓ [ 100% ] 000/050 VUs    30s        250.00 iters/s
step_00300 ✓ [ 100% ] 000/060 VUs    30s        300.00 iters/s
step_00350 ✓ [ 100% ] 0000/0070 VUs  30s        350.00 iters/s
step_00400 ✓ [ 100% ] 0000/0080 VUs  30s        400.00 iters/s
step_00450 ✓ [ 100% ] 0000/0090 VUs  30s        450.00 iters/s
step_00500 ✓ [ 100% ] 0000/0100 VUs  30s        500.00 iters/s
step_00550 ✓ [ 100% ] 0000/0110 VUs  30s        550.00 iters/s
step_00600 ✓ [ 100% ] 0000/0120 VUs  30s        600.00 iters/s
step_00650   [   7% ] 0000/0130 VUs  02.0s/30s  650.00 iters/s
step_00700 • [   0% ] waiting        0m28.0s   
step_00750 • [   0% ] waiting        0m58.0s   
step_00800 • [   0% ] waiting        1m28.0s   

running (6m03.0s), 0000/0310 VUs, 118940 complete and 0 interrupted iterations
step_00050 ✓ [ 100% ] 000/020 VUs    30s        50.00 iters/s
step_00100 ✓ [ 100% ] 000/020 VUs    30s        100.00 iters/s
step_00150 ✓ [ 100% ] 000/030 VUs    30s        150.00 iters/s
step_00200 ✓ [ 100% ] 000/040 VUs    30s        200.00 iters/s
step_00250 ✓ [ 100% ] 000/050 VUs    30s        250.00 iters/s
step_00300 ✓ [ 100% ] 000/060 VUs    30s        300.00 iters/s
step_00350 ✓ [ 100% ] 0000/0070 VUs  30s        350.00 iters/s
step_00400 ✓ [ 100% ] 0000/0080 VUs  30s        400.00 iters/s
step_00450 ✓ [ 100% ] 0000/0090 VUs  30s        450.00 iters/s
step_00500 ✓ [ 100% ] 0000/0100 VUs  30s        500.00 iters/s
step_00550 ✓ [ 100% ] 0000/0110 VUs  30s        550.00 iters/s
step_00600 ✓ [ 100% ] 0000/0120 VUs  30s        600.00 iters/s
step_00650   [  10% ] 0000/0130 VUs  03.0s/30s  650.00 iters/s
step_00700 • [   0% ] waiting        0m27.0s   
step_00750 • [   0% ] waiting        0m57.0s   
step_00800 • [   0% ] waiting        1m27.0s   

running (6m04.0s), 0001/0310 VUs, 119589 complete and 0 interrupted iterations
step_00050 ✓ [ 100% ] 000/020 VUs    30s        50.00 iters/s
step_00100 ✓ [ 100% ] 000/020 VUs    30s        100.00 iters/s
step_00150 ✓ [ 100% ] 000/030 VUs    30s        150.00 iters/s
step_00200 ✓ [ 100% ] 000/040 VUs    30s        200.00 iters/s
step_00250 ✓ [ 100% ] 000/050 VUs    30s        250.00 iters/s
step_00300 ✓ [ 100% ] 000/060 VUs    30s        300.00 iters/s
step_00350 ✓ [ 100% ] 0000/0070 VUs  30s        350.00 iters/s
step_00400 ✓ [ 100% ] 0000/0080 VUs  30s        400.00 iters/s
step_00450 ✓ [ 100% ] 0000/0090 VUs  30s        450.00 iters/s
step_00500 ✓ [ 100% ] 0000/0100 VUs  30s        500.00 iters/s
step_00550 ✓ [ 100% ] 0000/0110 VUs  30s        550.00 iters/s
step_00600 ✓ [ 100% ] 0000/0120 VUs  30s        600.00 iters/s
step_00650   [  13% ] 0001/0130 VUs  04.0s/30s  650.00 iters/s
step_00700 • [   0% ] waiting        0m26.0s   
step_00750 • [   0% ] waiting        0m56.0s   
step_00800 • [   0% ] waiting        1m26.0s   

running (6m05.0s), 0000/0310 VUs, 120240 complete and 0 interrupted iterations
step_00050 ✓ [ 100% ] 000/020 VUs    30s        50.00 iters/s
step_00100 ✓ [ 100% ] 000/020 VUs    30s        100.00 iters/s
step_00150 ✓ [ 100% ] 000/030 VUs    30s        150.00 iters/s
step_00200 ✓ [ 100% ] 000/040 VUs    30s        200.00 iters/s
step_00250 ✓ [ 100% ] 000/050 VUs    30s        250.00 iters/s
step_00300 ✓ [ 100% ] 000/060 VUs    30s        300.00 iters/s
step_00350 ✓ [ 100% ] 0000/0070 VUs  30s        350.00 iters/s
step_00400 ✓ [ 100% ] 0000/0080 VUs  30s        400.00 iters/s
step_00450 ✓ [ 100% ] 0000/0090 VUs  30s        450.00 iters/s
step_00500 ✓ [ 100% ] 0000/0100 VUs  30s        500.00 iters/s
step_00550 ✓ [ 100% ] 0000/0110 VUs  30s        550.00 iters/s
step_00600 ✓ [ 100% ] 0000/0120 VUs  30s        600.00 iters/s
step_00650   [  17% ] 0000/0130 VUs  05.0s/30s  650.00 iters/s
step_00700 • [   0% ] waiting        0m25.0s   
step_00750 • [   0% ] waiting        0m55.0s   
step_00800 • [   0% ] waiting        1m25.0s   

running (6m06.0s), 0000/0310 VUs, 120890 complete and 0 interrupted iterations
step_00050 ✓ [ 100% ] 000/020 VUs    30s        50.00 iters/s
step_00100 ✓ [ 100% ] 000/020 VUs    30s        100.00 iters/s
step_00150 ✓ [ 100% ] 000/030 VUs    30s        150.00 iters/s
step_00200 ✓ [ 100% ] 000/040 VUs    30s        200.00 iters/s
step_00250 ✓ [ 100% ] 000/050 VUs    30s        250.00 iters/s
step_00300 ✓ [ 100% ] 000/060 VUs    30s        300.00 iters/s
step_00350 ✓ [ 100% ] 0000/0070 VUs  30s        350.00 iters/s
step_00400 ✓ [ 100% ] 0000/0080 VUs  30s        400.00 iters/s
step_00450 ✓ [ 100% ] 0000/0090 VUs  30s        450.00 iters/s
step_00500 ✓ [ 100% ] 0000/0100 VUs  30s        500.00 iters/s
step_00550 ✓ [ 100% ] 0000/0110 VUs  30s        550.00 iters/s
step_00600 ✓ [ 100% ] 0000/0120 VUs  30s        600.00 iters/s
step_00650   [  20% ] 0000/0130 VUs  06.0s/30s  650.00 iters/s
step_00700 • [   0% ] waiting        0m24.0s   
step_00750 • [   0% ] waiting        0m54.0s   
step_00800 • [   0% ] waiting        1m24.0s   

running (6m07.0s), 0030/0310 VUs, 121510 complete and 0 interrupted iterations
step_00050 ✓ [ 100% ] 000/020 VUs    30s        50.00 iters/s
step_00100 ✓ [ 100% ] 000/020 VUs    30s        100.00 iters/s
step_00150 ✓ [ 100% ] 000/030 VUs    30s        150.00 iters/s
step_00200 ✓ [ 100% ] 000/040 VUs    30s        200.00 iters/s
step_00250 ✓ [ 100% ] 000/050 VUs    30s        250.00 iters/s
step_00300 ✓ [ 100% ] 000/060 VUs    30s        300.00 iters/s
step_00350 ✓ [ 100% ] 0000/0070 VUs  30s        350.00 iters/s
step_00400 ✓ [ 100% ] 0000/0080 VUs  30s        400.00 iters/s
step_00450 ✓ [ 100% ] 0000/0090 VUs  30s        450.00 iters/s
step_00500 ✓ [ 100% ] 0000/0100 VUs  30s        500.00 iters/s
step_00550 ✓ [ 100% ] 0000/0110 VUs  30s        550.00 iters/s
step_00600 ✓ [ 100% ] 0000/0120 VUs  30s        600.00 iters/s
step_00650   [  23% ] 0030/0130 VUs  07.0s/30s  650.00 iters/s
step_00700 • [   0% ] waiting        0m23.0s   
step_00750 • [   0% ] waiting        0m53.0s   
step_00800 • [   0% ] waiting        1m23.0s   

running (6m08.0s), 0000/0310 VUs, 122190 complete and 0 interrupted iterations
step_00050 ✓ [ 100% ] 000/020 VUs    30s        50.00 iters/s
step_00100 ✓ [ 100% ] 000/020 VUs    30s        100.00 iters/s
step_00150 ✓ [ 100% ] 000/030 VUs    30s        150.00 iters/s
step_00200 ✓ [ 100% ] 000/040 VUs    30s        200.00 iters/s
step_00250 ✓ [ 100% ] 000/050 VUs    30s        250.00 iters/s
step_00300 ✓ [ 100% ] 000/060 VUs    30s        300.00 iters/s
step_00350 ✓ [ 100% ] 0000/0070 VUs  30s        350.00 iters/s
step_00400 ✓ [ 100% ] 0000/0080 VUs  30s        400.00 iters/s
step_00450 ✓ [ 100% ] 0000/0090 VUs  30s        450.00 iters/s
step_00500 ✓ [ 100% ] 0000/0100 VUs  30s        500.00 iters/s
step_00550 ✓ [ 100% ] 0000/0110 VUs  30s        550.00 iters/s
step_00600 ✓ [ 100% ] 0000/0120 VUs  30s        600.00 iters/s
step_00650   [  27% ] 0000/0130 VUs  08.0s/30s  650.00 iters/s
step_00700 • [   0% ] waiting        0m22.0s   
step_00750 • [   0% ] waiting        0m52.0s   
step_00800 • [   0% ] waiting        1m22.0s   

running (6m09.0s), 0000/0310 VUs, 122840 complete and 0 interrupted iterations
step_00050 ✓ [ 100% ] 000/020 VUs    30s        50.00 iters/s
step_00100 ✓ [ 100% ] 000/020 VUs    30s        100.00 iters/s
step_00150 ✓ [ 100% ] 000/030 VUs    30s        150.00 iters/s
step_00200 ✓ [ 100% ] 000/040 VUs    30s        200.00 iters/s
step_00250 ✓ [ 100% ] 000/050 VUs    30s        250.00 iters/s
step_00300 ✓ [ 100% ] 000/060 VUs    30s        300.00 iters/s
step_00350 ✓ [ 100% ] 0000/0070 VUs  30s        350.00 iters/s
step_00400 ✓ [ 100% ] 0000/0080 VUs  30s        400.00 iters/s
step_00450 ✓ [ 100% ] 0000/0090 VUs  30s        450.00 iters/s
step_00500 ✓ [ 100% ] 0000/0100 VUs  30s        500.00 iters/s
step_00550 ✓ [ 100% ] 0000/0110 VUs  30s        550.00 iters/s
step_00600 ✓ [ 100% ] 0000/0120 VUs  30s        600.00 iters/s
step_00650   [  30% ] 0000/0130 VUs  09.0s/30s  650.00 iters/s
step_00700 • [   0% ] waiting        0m21.0s   
step_00750 • [   0% ] waiting        0m51.0s   
step_00800 • [   0% ] waiting        1m21.0s   

running (6m10.0s), 0000/0310 VUs, 123490 complete and 0 interrupted iterations
step_00050 ✓ [ 100% ] 000/020 VUs    30s        50.00 iters/s
step_00100 ✓ [ 100% ] 000/020 VUs    30s        100.00 iters/s
step_00150 ✓ [ 100% ] 000/030 VUs    30s        150.00 iters/s
step_00200 ✓ [ 100% ] 000/040 VUs    30s        200.00 iters/s
step_00250 ✓ [ 100% ] 000/050 VUs    30s        250.00 iters/s
step_00300 ✓ [ 100% ] 000/060 VUs    30s        300.00 iters/s
step_00350 ✓ [ 100% ] 0000/0070 VUs  30s        350.00 iters/s
step_00400 ✓ [ 100% ] 0000/0080 VUs  30s        400.00 iters/s
step_00450 ✓ [ 100% ] 0000/0090 VUs  30s        450.00 iters/s
step_00500 ✓ [ 100% ] 0000/0100 VUs  30s        500.00 iters/s
step_00550 ✓ [ 100% ] 0000/0110 VUs  30s        550.00 iters/s
step_00600 ✓ [ 100% ] 0000/0120 VUs  30s        600.00 iters/s
step_00650   [  33% ] 0000/0130 VUs  10.0s/30s  650.00 iters/s
step_00700 • [   0% ] waiting        0m20.0s   
step_00750 • [   0% ] waiting        0m50.0s   
step_00800 • [   0% ] waiting        1m20.0s   

running (6m11.0s), 0001/0310 VUs, 124139 complete and 0 interrupted iterations
step_00050 ✓ [ 100% ] 000/020 VUs    30s        50.00 iters/s
step_00100 ✓ [ 100% ] 000/020 VUs    30s        100.00 iters/s
step_00150 ✓ [ 100% ] 000/030 VUs    30s        150.00 iters/s
step_00200 ✓ [ 100% ] 000/040 VUs    30s        200.00 iters/s
step_00250 ✓ [ 100% ] 000/050 VUs    30s        250.00 iters/s
step_00300 ✓ [ 100% ] 000/060 VUs    30s        300.00 iters/s
step_00350 ✓ [ 100% ] 0000/0070 VUs  30s        350.00 iters/s
step_00400 ✓ [ 100% ] 0000/0080 VUs  30s        400.00 iters/s
step_00450 ✓ [ 100% ] 0000/0090 VUs  30s        450.00 iters/s
step_00500 ✓ [ 100% ] 0000/0100 VUs  30s        500.00 iters/s
step_00550 ✓ [ 100% ] 0000/0110 VUs  30s        550.00 iters/s
step_00600 ✓ [ 100% ] 0000/0120 VUs  30s        600.00 iters/s
step_00650   [  37% ] 0001/0130 VUs  11.0s/30s  650.00 iters/s
step_00700 • [   0% ] waiting        0m19.0s   
step_00750 • [   0% ] waiting        0m49.0s   
step_00800 • [   0% ] waiting        1m19.0s   

running (6m12.0s), 0000/0310 VUs, 124790 complete and 0 interrupted iterations
step_00050 ✓ [ 100% ] 000/020 VUs    30s        50.00 iters/s
step_00100 ✓ [ 100% ] 000/020 VUs    30s        100.00 iters/s
step_00150 ✓ [ 100% ] 000/030 VUs    30s        150.00 iters/s
step_00200 ✓ [ 100% ] 000/040 VUs    30s        200.00 iters/s
step_00250 ✓ [ 100% ] 000/050 VUs    30s        250.00 iters/s
step_00300 ✓ [ 100% ] 000/060 VUs    30s        300.00 iters/s
step_00350 ✓ [ 100% ] 0000/0070 VUs  30s        350.00 iters/s
step_00400 ✓ [ 100% ] 0000/0080 VUs  30s        400.00 iters/s
step_00450 ✓ [ 100% ] 0000/0090 VUs  30s        450.00 iters/s
step_00500 ✓ [ 100% ] 0000/0100 VUs  30s        500.00 iters/s
step_00550 ✓ [ 100% ] 0000/0110 VUs  30s        550.00 iters/s
step_00600 ✓ [ 100% ] 0000/0120 VUs  30s        600.00 iters/s
step_00650   [  40% ] 0000/0130 VUs  12.0s/30s  650.00 iters/s
step_00700 • [   0% ] waiting        0m18.0s   
step_00750 • [   0% ] waiting        0m48.0s   
step_00800 • [   0% ] waiting        1m18.0s   

running (6m13.0s), 0001/0310 VUs, 125439 complete and 0 interrupted iterations
step_00050 ✓ [ 100% ] 000/020 VUs    30s        50.00 iters/s
step_00100 ✓ [ 100% ] 000/020 VUs    30s        100.00 iters/s
step_00150 ✓ [ 100% ] 000/030 VUs    30s        150.00 iters/s
step_00200 ✓ [ 100% ] 000/040 VUs    30s        200.00 iters/s
step_00250 ✓ [ 100% ] 000/050 VUs    30s        250.00 iters/s
step_00300 ✓ [ 100% ] 000/060 VUs    30s        300.00 iters/s
step_00350 ✓ [ 100% ] 0000/0070 VUs  30s        350.00 iters/s
step_00400 ✓ [ 100% ] 0000/0080 VUs  30s        400.00 iters/s
step_00450 ✓ [ 100% ] 0000/0090 VUs  30s        450.00 iters/s
step_00500 ✓ [ 100% ] 0000/0100 VUs  30s        500.00 iters/s
step_00550 ✓ [ 100% ] 0000/0110 VUs  30s        550.00 iters/s
step_00600 ✓ [ 100% ] 0000/0120 VUs  30s        600.00 iters/s
step_00650   [  43% ] 0001/0130 VUs  13.0s/30s  650.00 iters/s
step_00700 • [   0% ] waiting        0m17.0s   
step_00750 • [   0% ] waiting        0m47.0s   
step_00800 • [   0% ] waiting        1m17.0s   

running (6m14.0s), 0001/0310 VUs, 126089 complete and 0 interrupted iterations
step_00050 ✓ [ 100% ] 000/020 VUs    30s        50.00 iters/s
step_00100 ✓ [ 100% ] 000/020 VUs    30s        100.00 iters/s
step_00150 ✓ [ 100% ] 000/030 VUs    30s        150.00 iters/s
step_00200 ✓ [ 100% ] 000/040 VUs    30s        200.00 iters/s
step_00250 ✓ [ 100% ] 000/050 VUs    30s        250.00 iters/s
step_00300 ✓ [ 100% ] 000/060 VUs    30s        300.00 iters/s
step_00350 ✓ [ 100% ] 0000/0070 VUs  30s        350.00 iters/s
step_00400 ✓ [ 100% ] 0000/0080 VUs  30s        400.00 iters/s
step_00450 ✓ [ 100% ] 0000/0090 VUs  30s        450.00 iters/s
step_00500 ✓ [ 100% ] 0000/0100 VUs  30s        500.00 iters/s
step_00550 ✓ [ 100% ] 0000/0110 VUs  30s        550.00 iters/s
step_00600 ✓ [ 100% ] 0000/0120 VUs  30s        600.00 iters/s
step_00650   [  47% ] 0001/0130 VUs  14.0s/30s  650.00 iters/s
step_00700 • [   0% ] waiting        0m16.0s   
step_00750 • [   0% ] waiting        0m46.0s   
step_00800 • [   0% ] waiting        1m16.0s   

running (6m15.0s), 0000/0310 VUs, 126740 complete and 0 interrupted iterations
step_00050 ✓ [ 100% ] 000/020 VUs    30s        50.00 iters/s
step_00100 ✓ [ 100% ] 000/020 VUs    30s        100.00 iters/s
step_00150 ✓ [ 100% ] 000/030 VUs    30s        150.00 iters/s
step_00200 ✓ [ 100% ] 000/040 VUs    30s        200.00 iters/s
step_00250 ✓ [ 100% ] 000/050 VUs    30s        250.00 iters/s
step_00300 ✓ [ 100% ] 000/060 VUs    30s        300.00 iters/s
step_00350 ✓ [ 100% ] 0000/0070 VUs  30s        350.00 iters/s
step_00400 ✓ [ 100% ] 0000/0080 VUs  30s        400.00 iters/s
step_00450 ✓ [ 100% ] 0000/0090 VUs  30s        450.00 iters/s
step_00500 ✓ [ 100% ] 0000/0100 VUs  30s        500.00 iters/s
step_00550 ✓ [ 100% ] 0000/0110 VUs  30s        550.00 iters/s
step_00600 ✓ [ 100% ] 0000/0120 VUs  30s        600.00 iters/s
step_00650   [  50% ] 0000/0130 VUs  15.0s/30s  650.00 iters/s
step_00700 • [   0% ] waiting        0m15.0s   
step_00750 • [   0% ] waiting        0m45.0s   
step_00800 • [   0% ] waiting        1m15.0s   

running (6m16.0s), 0000/0310 VUs, 127390 complete and 0 interrupted iterations
step_00050 ✓ [ 100% ] 000/020 VUs    30s        50.00 iters/s
step_00100 ✓ [ 100% ] 000/020 VUs    30s        100.00 iters/s
step_00150 ✓ [ 100% ] 000/030 VUs    30s        150.00 iters/s
step_00200 ✓ [ 100% ] 000/040 VUs    30s        200.00 iters/s
step_00250 ✓ [ 100% ] 000/050 VUs    30s        250.00 iters/s
step_00300 ✓ [ 100% ] 000/060 VUs    30s        300.00 iters/s
step_00350 ✓ [ 100% ] 0000/0070 VUs  30s        350.00 iters/s
step_00400 ✓ [ 100% ] 0000/0080 VUs  30s        400.00 iters/s
step_00450 ✓ [ 100% ] 0000/0090 VUs  30s        450.00 iters/s
step_00500 ✓ [ 100% ] 0000/0100 VUs  30s        500.00 iters/s
step_00550 ✓ [ 100% ] 0000/0110 VUs  30s        550.00 iters/s
step_00600 ✓ [ 100% ] 0000/0120 VUs  30s        600.00 iters/s
step_00650   [  53% ] 0000/0130 VUs  16.0s/30s  650.00 iters/s
step_00700 • [   0% ] waiting        0m14.0s   
step_00750 • [   0% ] waiting        0m44.0s   
step_00800 • [   0% ] waiting        1m14.0s   

running (6m17.0s), 0000/0310 VUs, 128040 complete and 0 interrupted iterations
step_00050 ✓ [ 100% ] 000/020 VUs    30s        50.00 iters/s
step_00100 ✓ [ 100% ] 000/020 VUs    30s        100.00 iters/s
step_00150 ✓ [ 100% ] 000/030 VUs    30s        150.00 iters/s
step_00200 ✓ [ 100% ] 000/040 VUs    30s        200.00 iters/s
step_00250 ✓ [ 100% ] 000/050 VUs    30s        250.00 iters/s
step_00300 ✓ [ 100% ] 000/060 VUs    30s        300.00 iters/s
step_00350 ✓ [ 100% ] 0000/0070 VUs  30s        350.00 iters/s
step_00400 ✓ [ 100% ] 0000/0080 VUs  30s        400.00 iters/s
step_00450 ✓ [ 100% ] 0000/0090 VUs  30s        450.00 iters/s
step_00500 ✓ [ 100% ] 0000/0100 VUs  30s        500.00 iters/s
step_00550 ✓ [ 100% ] 0000/0110 VUs  30s        550.00 iters/s
step_00600 ✓ [ 100% ] 0000/0120 VUs  30s        600.00 iters/s
step_00650   [  57% ] 0000/0130 VUs  17.0s/30s  650.00 iters/s
step_00700 • [   0% ] waiting        0m13.0s   
step_00750 • [   0% ] waiting        0m43.0s   
step_00800 • [   0% ] waiting        1m13.0s   

running (6m18.0s), 0000/0310 VUs, 128690 complete and 0 interrupted iterations
step_00050 ✓ [ 100% ] 000/020 VUs    30s        50.00 iters/s
step_00100 ✓ [ 100% ] 000/020 VUs    30s        100.00 iters/s
step_00150 ✓ [ 100% ] 000/030 VUs    30s        150.00 iters/s
step_00200 ✓ [ 100% ] 000/040 VUs    30s        200.00 iters/s
step_00250 ✓ [ 100% ] 000/050 VUs    30s        250.00 iters/s
step_00300 ✓ [ 100% ] 000/060 VUs    30s        300.00 iters/s
step_00350 ✓ [ 100% ] 0000/0070 VUs  30s        350.00 iters/s
step_00400 ✓ [ 100% ] 0000/0080 VUs  30s        400.00 iters/s
step_00450 ✓ [ 100% ] 0000/0090 VUs  30s        450.00 iters/s
step_00500 ✓ [ 100% ] 0000/0100 VUs  30s        500.00 iters/s
step_00550 ✓ [ 100% ] 0000/0110 VUs  30s        550.00 iters/s
step_00600 ✓ [ 100% ] 0000/0120 VUs  30s        600.00 iters/s
step_00650   [  60% ] 0000/0130 VUs  18.0s/30s  650.00 iters/s
step_00700 • [   0% ] waiting        0m12.0s   
step_00750 • [   0% ] waiting        0m42.0s   
step_00800 • [   0% ] waiting        1m12.0s   

running (6m19.0s), 0000/0310 VUs, 129340 complete and 0 interrupted iterations
step_00050 ✓ [ 100% ] 000/020 VUs    30s        50.00 iters/s
step_00100 ✓ [ 100% ] 000/020 VUs    30s        100.00 iters/s
step_00150 ✓ [ 100% ] 000/030 VUs    30s        150.00 iters/s
step_00200 ✓ [ 100% ] 000/040 VUs    30s        200.00 iters/s
step_00250 ✓ [ 100% ] 000/050 VUs    30s        250.00 iters/s
step_00300 ✓ [ 100% ] 000/060 VUs    30s        300.00 iters/s
step_00350 ✓ [ 100% ] 0000/0070 VUs  30s        350.00 iters/s
step_00400 ✓ [ 100% ] 0000/0080 VUs  30s        400.00 iters/s
step_00450 ✓ [ 100% ] 0000/0090 VUs  30s        450.00 iters/s
step_00500 ✓ [ 100% ] 0000/0100 VUs  30s        500.00 iters/s
step_00550 ✓ [ 100% ] 0000/0110 VUs  30s        550.00 iters/s
step_00600 ✓ [ 100% ] 0000/0120 VUs  30s        600.00 iters/s
step_00650   [  63% ] 0000/0130 VUs  19.0s/30s  650.00 iters/s
step_00700 • [   0% ] waiting        0m11.0s   
step_00750 • [   0% ] waiting        0m41.0s   
step_00800 • [   0% ] waiting        1m11.0s   

running (6m20.0s), 0000/0310 VUs, 129990 complete and 0 interrupted iterations
step_00050 ✓ [ 100% ] 000/020 VUs    30s        50.00 iters/s
step_00100 ✓ [ 100% ] 000/020 VUs    30s        100.00 iters/s
step_00150 ✓ [ 100% ] 000/030 VUs    30s        150.00 iters/s
step_00200 ✓ [ 100% ] 000/040 VUs    30s        200.00 iters/s
step_00250 ✓ [ 100% ] 000/050 VUs    30s        250.00 iters/s
step_00300 ✓ [ 100% ] 000/060 VUs    30s        300.00 iters/s
step_00350 ✓ [ 100% ] 0000/0070 VUs  30s        350.00 iters/s
step_00400 ✓ [ 100% ] 0000/0080 VUs  30s        400.00 iters/s
step_00450 ✓ [ 100% ] 0000/0090 VUs  30s        450.00 iters/s
step_00500 ✓ [ 100% ] 0000/0100 VUs  30s        500.00 iters/s
step_00550 ✓ [ 100% ] 0000/0110 VUs  30s        550.00 iters/s
step_00600 ✓ [ 100% ] 0000/0120 VUs  30s        600.00 iters/s
step_00650   [  67% ] 0000/0130 VUs  20.0s/30s  650.00 iters/s
step_00700 • [   0% ] waiting        0m10.0s   
step_00750 • [   0% ] waiting        0m40.0s   
step_00800 • [   0% ] waiting        1m10.0s   

running (6m21.0s), 0000/0310 VUs, 130640 complete and 0 interrupted iterations
step_00050 ✓ [ 100% ] 000/020 VUs    30s        50.00 iters/s
step_00100 ✓ [ 100% ] 000/020 VUs    30s        100.00 iters/s
step_00150 ✓ [ 100% ] 000/030 VUs    30s        150.00 iters/s
step_00200 ✓ [ 100% ] 000/040 VUs    30s        200.00 iters/s
step_00250 ✓ [ 100% ] 000/050 VUs    30s        250.00 iters/s
step_00300 ✓ [ 100% ] 000/060 VUs    30s        300.00 iters/s
step_00350 ✓ [ 100% ] 0000/0070 VUs  30s        350.00 iters/s
step_00400 ✓ [ 100% ] 0000/0080 VUs  30s        400.00 iters/s
step_00450 ✓ [ 100% ] 0000/0090 VUs  30s        450.00 iters/s
step_00500 ✓ [ 100% ] 0000/0100 VUs  30s        500.00 iters/s
step_00550 ✓ [ 100% ] 0000/0110 VUs  30s        550.00 iters/s
step_00600 ✓ [ 100% ] 0000/0120 VUs  30s        600.00 iters/s
step_00650   [  70% ] 0000/0130 VUs  21.0s/30s  650.00 iters/s
step_00700 • [   0% ] waiting        0m09.0s   
step_00750 • [   0% ] waiting        0m39.0s   
step_00800 • [   0% ] waiting        1m09.0s   

running (6m22.0s), 0000/0310 VUs, 131290 complete and 0 interrupted iterations
step_00050 ✓ [ 100% ] 000/020 VUs    30s        50.00 iters/s
step_00100 ✓ [ 100% ] 000/020 VUs    30s        100.00 iters/s
step_00150 ✓ [ 100% ] 000/030 VUs    30s        150.00 iters/s
step_00200 ✓ [ 100% ] 000/040 VUs    30s        200.00 iters/s
step_00250 ✓ [ 100% ] 000/050 VUs    30s        250.00 iters/s
step_00300 ✓ [ 100% ] 000/060 VUs    30s        300.00 iters/s
step_00350 ✓ [ 100% ] 0000/0070 VUs  30s        350.00 iters/s
step_00400 ✓ [ 100% ] 0000/0080 VUs  30s        400.00 iters/s
step_00450 ✓ [ 100% ] 0000/0090 VUs  30s        450.00 iters/s
step_00500 ✓ [ 100% ] 0000/0100 VUs  30s        500.00 iters/s
step_00550 ✓ [ 100% ] 0000/0110 VUs  30s        550.00 iters/s
step_00600 ✓ [ 100% ] 0000/0120 VUs  30s        600.00 iters/s
step_00650   [  73% ] 0000/0130 VUs  22.0s/30s  650.00 iters/s
step_00700 • [   0% ] waiting        0m08.0s   
step_00750 • [   0% ] waiting        0m38.0s   
step_00800 • [   0% ] waiting        1m08.0s   

running (6m23.0s), 0000/0310 VUs, 131940 complete and 0 interrupted iterations
step_00050 ✓ [ 100% ] 000/020 VUs    30s        50.00 iters/s
step_00100 ✓ [ 100% ] 000/020 VUs    30s        100.00 iters/s
step_00150 ✓ [ 100% ] 000/030 VUs    30s        150.00 iters/s
step_00200 ✓ [ 100% ] 000/040 VUs    30s        200.00 iters/s
step_00250 ✓ [ 100% ] 000/050 VUs    30s        250.00 iters/s
step_00300 ✓ [ 100% ] 000/060 VUs    30s        300.00 iters/s
step_00350 ✓ [ 100% ] 0000/0070 VUs  30s        350.00 iters/s
step_00400 ✓ [ 100% ] 0000/0080 VUs  30s        400.00 iters/s
step_00450 ✓ [ 100% ] 0000/0090 VUs  30s        450.00 iters/s
step_00500 ✓ [ 100% ] 0000/0100 VUs  30s        500.00 iters/s
step_00550 ✓ [ 100% ] 0000/0110 VUs  30s        550.00 iters/s
step_00600 ✓ [ 100% ] 0000/0120 VUs  30s        600.00 iters/s
step_00650   [  77% ] 0000/0130 VUs  23.0s/30s  650.00 iters/s
step_00700 • [   0% ] waiting        0m07.0s   
step_00750 • [   0% ] waiting        0m37.0s   
step_00800 • [   0% ] waiting        1m07.0s   

running (6m24.0s), 0000/0310 VUs, 132590 complete and 0 interrupted iterations
step_00050 ✓ [ 100% ] 000/020 VUs    30s        50.00 iters/s
step_00100 ✓ [ 100% ] 000/020 VUs    30s        100.00 iters/s
step_00150 ✓ [ 100% ] 000/030 VUs    30s        150.00 iters/s
step_00200 ✓ [ 100% ] 000/040 VUs    30s        200.00 iters/s
step_00250 ✓ [ 100% ] 000/050 VUs    30s        250.00 iters/s
step_00300 ✓ [ 100% ] 000/060 VUs    30s        300.00 iters/s
step_00350 ✓ [ 100% ] 0000/0070 VUs  30s        350.00 iters/s
step_00400 ✓ [ 100% ] 0000/0080 VUs  30s        400.00 iters/s
step_00450 ✓ [ 100% ] 0000/0090 VUs  30s        450.00 iters/s
step_00500 ✓ [ 100% ] 0000/0100 VUs  30s        500.00 iters/s
step_00550 ✓ [ 100% ] 0000/0110 VUs  30s        550.00 iters/s
step_00600 ✓ [ 100% ] 0000/0120 VUs  30s        600.00 iters/s
step_00650   [  80% ] 0000/0130 VUs  24.0s/30s  650.00 iters/s
step_00700 • [   0% ] waiting        0m06.0s   
step_00750 • [   0% ] waiting        0m36.0s   
step_00800 • [   0% ] waiting        1m06.0s   

running (6m25.0s), 0001/0310 VUs, 133239 complete and 0 interrupted iterations
step_00050 ✓ [ 100% ] 000/020 VUs    30s        50.00 iters/s
step_00100 ✓ [ 100% ] 000/020 VUs    30s        100.00 iters/s
step_00150 ✓ [ 100% ] 000/030 VUs    30s        150.00 iters/s
step_00200 ✓ [ 100% ] 000/040 VUs    30s        200.00 iters/s
step_00250 ✓ [ 100% ] 000/050 VUs    30s        250.00 iters/s
step_00300 ✓ [ 100% ] 000/060 VUs    30s        300.00 iters/s
step_00350 ✓ [ 100% ] 0000/0070 VUs  30s        350.00 iters/s
step_00400 ✓ [ 100% ] 0000/0080 VUs  30s        400.00 iters/s
step_00450 ✓ [ 100% ] 0000/0090 VUs  30s        450.00 iters/s
step_00500 ✓ [ 100% ] 0000/0100 VUs  30s        500.00 iters/s
step_00550 ✓ [ 100% ] 0000/0110 VUs  30s        550.00 iters/s
step_00600 ✓ [ 100% ] 0000/0120 VUs  30s        600.00 iters/s
step_00650   [  83% ] 0001/0130 VUs  25.0s/30s  650.00 iters/s
step_00700 • [   0% ] waiting        0m05.0s   
step_00750 • [   0% ] waiting        0m35.0s   
step_00800 • [   0% ] waiting        1m05.0s   

running (6m26.0s), 0000/0310 VUs, 133890 complete and 0 interrupted iterations
step_00050 ✓ [ 100% ] 000/020 VUs    30s        50.00 iters/s
step_00100 ✓ [ 100% ] 000/020 VUs    30s        100.00 iters/s
step_00150 ✓ [ 100% ] 000/030 VUs    30s        150.00 iters/s
step_00200 ✓ [ 100% ] 000/040 VUs    30s        200.00 iters/s
step_00250 ✓ [ 100% ] 000/050 VUs    30s        250.00 iters/s
step_00300 ✓ [ 100% ] 000/060 VUs    30s        300.00 iters/s
step_00350 ✓ [ 100% ] 0000/0070 VUs  30s        350.00 iters/s
step_00400 ✓ [ 100% ] 0000/0080 VUs  30s        400.00 iters/s
step_00450 ✓ [ 100% ] 0000/0090 VUs  30s        450.00 iters/s
step_00500 ✓ [ 100% ] 0000/0100 VUs  30s        500.00 iters/s
step_00550 ✓ [ 100% ] 0000/0110 VUs  30s        550.00 iters/s
step_00600 ✓ [ 100% ] 0000/0120 VUs  30s        600.00 iters/s
step_00650   [  87% ] 0000/0130 VUs  26.0s/30s  650.00 iters/s
step_00700 • [   0% ] waiting        0m04.0s   
step_00750 • [   0% ] waiting        0m34.0s   
step_00800 • [   0% ] waiting        1m04.0s   

running (6m27.0s), 0000/0310 VUs, 134540 complete and 0 interrupted iterations
step_00050 ✓ [ 100% ] 000/020 VUs    30s        50.00 iters/s
step_00100 ✓ [ 100% ] 000/020 VUs    30s        100.00 iters/s
step_00150 ✓ [ 100% ] 000/030 VUs    30s        150.00 iters/s
step_00200 ✓ [ 100% ] 000/040 VUs    30s        200.00 iters/s
step_00250 ✓ [ 100% ] 000/050 VUs    30s        250.00 iters/s
step_00300 ✓ [ 100% ] 000/060 VUs    30s        300.00 iters/s
step_00350 ✓ [ 100% ] 0000/0070 VUs  30s        350.00 iters/s
step_00400 ✓ [ 100% ] 0000/0080 VUs  30s        400.00 iters/s
step_00450 ✓ [ 100% ] 0000/0090 VUs  30s        450.00 iters/s
step_00500 ✓ [ 100% ] 0000/0100 VUs  30s        500.00 iters/s
step_00550 ✓ [ 100% ] 0000/0110 VUs  30s        550.00 iters/s
step_00600 ✓ [ 100% ] 0000/0120 VUs  30s        600.00 iters/s
step_00650   [  90% ] 0000/0130 VUs  27.0s/30s  650.00 iters/s
step_00700 • [   0% ] waiting        0m03.0s   
step_00750 • [   0% ] waiting        0m33.0s   
step_00800 • [   0% ] waiting        1m03.0s   

running (6m28.0s), 0000/0310 VUs, 135190 complete and 0 interrupted iterations
step_00050 ✓ [ 100% ] 000/020 VUs    30s        50.00 iters/s
step_00100 ✓ [ 100% ] 000/020 VUs    30s        100.00 iters/s
step_00150 ✓ [ 100% ] 000/030 VUs    30s        150.00 iters/s
step_00200 ✓ [ 100% ] 000/040 VUs    30s        200.00 iters/s
step_00250 ✓ [ 100% ] 000/050 VUs    30s        250.00 iters/s
step_00300 ✓ [ 100% ] 000/060 VUs    30s        300.00 iters/s
step_00350 ✓ [ 100% ] 0000/0070 VUs  30s        350.00 iters/s
step_00400 ✓ [ 100% ] 0000/0080 VUs  30s        400.00 iters/s
step_00450 ✓ [ 100% ] 0000/0090 VUs  30s        450.00 iters/s
step_00500 ✓ [ 100% ] 0000/0100 VUs  30s        500.00 iters/s
step_00550 ✓ [ 100% ] 0000/0110 VUs  30s        550.00 iters/s
step_00600 ✓ [ 100% ] 0000/0120 VUs  30s        600.00 iters/s
step_00650   [  93% ] 0000/0130 VUs  28.0s/30s  650.00 iters/s
step_00700 • [   0% ] waiting        0m02.0s   
step_00750 • [   0% ] waiting        0m32.0s   
step_00800 • [   0% ] waiting        1m02.0s   

running (6m29.0s), 0000/0310 VUs, 135840 complete and 0 interrupted iterations
step_00050 ✓ [ 100% ] 000/020 VUs    30s        50.00 iters/s
step_00100 ✓ [ 100% ] 000/020 VUs    30s        100.00 iters/s
step_00150 ✓ [ 100% ] 000/030 VUs    30s        150.00 iters/s
step_00200 ✓ [ 100% ] 000/040 VUs    30s        200.00 iters/s
step_00250 ✓ [ 100% ] 000/050 VUs    30s        250.00 iters/s
step_00300 ✓ [ 100% ] 000/060 VUs    30s        300.00 iters/s
step_00350 ✓ [ 100% ] 0000/0070 VUs  30s        350.00 iters/s
step_00400 ✓ [ 100% ] 0000/0080 VUs  30s        400.00 iters/s
step_00450 ✓ [ 100% ] 0000/0090 VUs  30s        450.00 iters/s
step_00500 ✓ [ 100% ] 0000/0100 VUs  30s        500.00 iters/s
step_00550 ✓ [ 100% ] 0000/0110 VUs  30s        550.00 iters/s
step_00600 ✓ [ 100% ] 0000/0120 VUs  30s        600.00 iters/s
step_00650   [  97% ] 0000/0130 VUs  29.0s/30s  650.00 iters/s
step_00700 • [   0% ] waiting        0m01.0s   
step_00750 • [   0% ] waiting        0m31.0s   
step_00800 • [   0% ] waiting        1m01.0s   

running (6m30.0s), 0000/0310 VUs, 136490 complete and 0 interrupted iterations
step_00050 ✓ [ 100% ] 000/020 VUs    30s        50.00 iters/s
step_00100 ✓ [ 100% ] 000/020 VUs    30s        100.00 iters/s
step_00150 ✓ [ 100% ] 000/030 VUs    30s        150.00 iters/s
step_00200 ✓ [ 100% ] 000/040 VUs    30s        200.00 iters/s
step_00250 ✓ [ 100% ] 000/050 VUs    30s        250.00 iters/s
step_00300 ✓ [ 100% ] 000/060 VUs    30s        300.00 iters/s
step_00350 ✓ [ 100% ] 0000/0070 VUs  30s        350.00 iters/s
step_00400 ✓ [ 100% ] 0000/0080 VUs  30s        400.00 iters/s
step_00450 ✓ [ 100% ] 0000/0090 VUs  30s        450.00 iters/s
step_00500 ✓ [ 100% ] 0000/0100 VUs  30s        500.00 iters/s
step_00550 ✓ [ 100% ] 0000/0110 VUs  30s        550.00 iters/s
step_00600 ✓ [ 100% ] 0000/0120 VUs  30s        600.00 iters/s
step_00650   [ 100% ] 0000/0130 VUs  30.0s/30s  650.00 iters/s
step_00700 • [   0% ] waiting        0m00.0s   
step_00750 • [   0% ] waiting        0m30.0s   
step_00800 • [   0% ] waiting        1m00.0s   

running (6m31.0s), 0001/0310 VUs, 137189 complete and 0 interrupted iterations
step_00050 ✓ [ 100% ] 000/020 VUs    30s        50.00 iters/s
step_00100 ✓ [ 100% ] 000/020 VUs    30s        100.00 iters/s
step_00150 ✓ [ 100% ] 000/030 VUs    30s        150.00 iters/s
step_00200 ✓ [ 100% ] 000/040 VUs    30s        200.00 iters/s
step_00250 ✓ [ 100% ] 000/050 VUs    30s        250.00 iters/s
step_00300 ✓ [ 100% ] 000/060 VUs    30s        300.00 iters/s
step_00350 ✓ [ 100% ] 0000/0070 VUs  30s        350.00 iters/s
step_00400 ✓ [ 100% ] 0000/0080 VUs  30s        400.00 iters/s
step_00450 ✓ [ 100% ] 0000/0090 VUs  30s        450.00 iters/s
step_00500 ✓ [ 100% ] 0000/0100 VUs  30s        500.00 iters/s
step_00550 ✓ [ 100% ] 0000/0110 VUs  30s        550.00 iters/s
step_00600 ✓ [ 100% ] 0000/0120 VUs  30s        600.00 iters/s
step_00650 ✓ [ 100% ] 0000/0130 VUs  30s        650.00 iters/s
step_00700   [   3% ] 0001/0140 VUs  01.0s/30s  700.00 iters/s
step_00750 • [   0% ] waiting        0m29.0s   
step_00800 • [   0% ] waiting        0m59.0s   

running (6m32.0s), 0001/0310 VUs, 137889 complete and 0 interrupted iterations
step_00050 ✓ [ 100% ] 000/020 VUs    30s        50.00 iters/s
step_00100 ✓ [ 100% ] 000/020 VUs    30s        100.00 iters/s
step_00150 ✓ [ 100% ] 000/030 VUs    30s        150.00 iters/s
step_00200 ✓ [ 100% ] 000/040 VUs    30s        200.00 iters/s
step_00250 ✓ [ 100% ] 000/050 VUs    30s        250.00 iters/s
step_00300 ✓ [ 100% ] 000/060 VUs    30s        300.00 iters/s
step_00350 ✓ [ 100% ] 0000/0070 VUs  30s        350.00 iters/s
step_00400 ✓ [ 100% ] 0000/0080 VUs  30s        400.00 iters/s
step_00450 ✓ [ 100% ] 0000/0090 VUs  30s        450.00 iters/s
step_00500 ✓ [ 100% ] 0000/0100 VUs  30s        500.00 iters/s
step_00550 ✓ [ 100% ] 0000/0110 VUs  30s        550.00 iters/s
step_00600 ✓ [ 100% ] 0000/0120 VUs  30s        600.00 iters/s
step_00650 ✓ [ 100% ] 0000/0130 VUs  30s        650.00 iters/s
step_00700   [   7% ] 0001/0140 VUs  02.0s/30s  700.00 iters/s
step_00750 • [   0% ] waiting        0m28.0s   
step_00800 • [   0% ] waiting        0m58.0s   

running (6m33.0s), 0001/0310 VUs, 138589 complete and 0 interrupted iterations
step_00050 ✓ [ 100% ] 000/020 VUs    30s        50.00 iters/s
step_00100 ✓ [ 100% ] 000/020 VUs    30s        100.00 iters/s
step_00150 ✓ [ 100% ] 000/030 VUs    30s        150.00 iters/s
step_00200 ✓ [ 100% ] 000/040 VUs    30s        200.00 iters/s
step_00250 ✓ [ 100% ] 000/050 VUs    30s        250.00 iters/s
step_00300 ✓ [ 100% ] 000/060 VUs    30s        300.00 iters/s
step_00350 ✓ [ 100% ] 0000/0070 VUs  30s        350.00 iters/s
step_00400 ✓ [ 100% ] 0000/0080 VUs  30s        400.00 iters/s
step_00450 ✓ [ 100% ] 0000/0090 VUs  30s        450.00 iters/s
step_00500 ✓ [ 100% ] 0000/0100 VUs  30s        500.00 iters/s
step_00550 ✓ [ 100% ] 0000/0110 VUs  30s        550.00 iters/s
step_00600 ✓ [ 100% ] 0000/0120 VUs  30s        600.00 iters/s
step_00650 ✓ [ 100% ] 0000/0130 VUs  30s        650.00 iters/s
step_00700   [  10% ] 0001/0140 VUs  03.0s/30s  700.00 iters/s
step_00750 • [   0% ] waiting        0m27.0s   
step_00800 • [   0% ] waiting        0m57.0s   

running (6m34.0s), 0001/0310 VUs, 139289 complete and 0 interrupted iterations
step_00050 ✓ [ 100% ] 000/020 VUs    30s        50.00 iters/s
step_00100 ✓ [ 100% ] 000/020 VUs    30s        100.00 iters/s
step_00150 ✓ [ 100% ] 000/030 VUs    30s        150.00 iters/s
step_00200 ✓ [ 100% ] 000/040 VUs    30s        200.00 iters/s
step_00250 ✓ [ 100% ] 000/050 VUs    30s        250.00 iters/s
step_00300 ✓ [ 100% ] 000/060 VUs    30s        300.00 iters/s
step_00350 ✓ [ 100% ] 0000/0070 VUs  30s        350.00 iters/s
step_00400 ✓ [ 100% ] 0000/0080 VUs  30s        400.00 iters/s
step_00450 ✓ [ 100% ] 0000/0090 VUs  30s        450.00 iters/s
step_00500 ✓ [ 100% ] 0000/0100 VUs  30s        500.00 iters/s
step_00550 ✓ [ 100% ] 0000/0110 VUs  30s        550.00 iters/s
step_00600 ✓ [ 100% ] 0000/0120 VUs  30s        600.00 iters/s
step_00650 ✓ [ 100% ] 0000/0130 VUs  30s        650.00 iters/s
step_00700   [  13% ] 0001/0140 VUs  04.0s/30s  700.00 iters/s
step_00750 • [   0% ] waiting        0m26.0s   
step_00800 • [   0% ] waiting        0m56.0s   

running (6m35.0s), 0001/0310 VUs, 139989 complete and 0 interrupted iterations
step_00050 ✓ [ 100% ] 000/020 VUs    30s        50.00 iters/s
step_00100 ✓ [ 100% ] 000/020 VUs    30s        100.00 iters/s
step_00150 ✓ [ 100% ] 000/030 VUs    30s        150.00 iters/s
step_00200 ✓ [ 100% ] 000/040 VUs    30s        200.00 iters/s
step_00250 ✓ [ 100% ] 000/050 VUs    30s        250.00 iters/s
step_00300 ✓ [ 100% ] 000/060 VUs    30s        300.00 iters/s
step_00350 ✓ [ 100% ] 0000/0070 VUs  30s        350.00 iters/s
step_00400 ✓ [ 100% ] 0000/0080 VUs  30s        400.00 iters/s
step_00450 ✓ [ 100% ] 0000/0090 VUs  30s        450.00 iters/s
step_00500 ✓ [ 100% ] 0000/0100 VUs  30s        500.00 iters/s
step_00550 ✓ [ 100% ] 0000/0110 VUs  30s        550.00 iters/s
step_00600 ✓ [ 100% ] 0000/0120 VUs  30s        600.00 iters/s
step_00650 ✓ [ 100% ] 0000/0130 VUs  30s        650.00 iters/s
step_00700   [  17% ] 0001/0140 VUs  05.0s/30s  700.00 iters/s
step_00750 • [   0% ] waiting        0m25.0s   
step_00800 • [   0% ] waiting        0m55.0s   

running (6m36.0s), 0001/0310 VUs, 140689 complete and 0 interrupted iterations
step_00050 ✓ [ 100% ] 000/020 VUs    30s        50.00 iters/s
step_00100 ✓ [ 100% ] 000/020 VUs    30s        100.00 iters/s
step_00150 ✓ [ 100% ] 000/030 VUs    30s        150.00 iters/s
step_00200 ✓ [ 100% ] 000/040 VUs    30s        200.00 iters/s
step_00250 ✓ [ 100% ] 000/050 VUs    30s        250.00 iters/s
step_00300 ✓ [ 100% ] 000/060 VUs    30s        300.00 iters/s
step_00350 ✓ [ 100% ] 0000/0070 VUs  30s        350.00 iters/s
step_00400 ✓ [ 100% ] 0000/0080 VUs  30s        400.00 iters/s
step_00450 ✓ [ 100% ] 0000/0090 VUs  30s        450.00 iters/s
step_00500 ✓ [ 100% ] 0000/0100 VUs  30s        500.00 iters/s
step_00550 ✓ [ 100% ] 0000/0110 VUs  30s        550.00 iters/s
step_00600 ✓ [ 100% ] 0000/0120 VUs  30s        600.00 iters/s
step_00650 ✓ [ 100% ] 0000/0130 VUs  30s        650.00 iters/s
step_00700   [  20% ] 0001/0140 VUs  06.0s/30s  700.00 iters/s
step_00750 • [   0% ] waiting        0m24.0s   
step_00800 • [   0% ] waiting        0m54.0s   

running (6m37.0s), 0001/0310 VUs, 141389 complete and 0 interrupted iterations
step_00050 ✓ [ 100% ] 000/020 VUs    30s        50.00 iters/s
step_00100 ✓ [ 100% ] 000/020 VUs    30s        100.00 iters/s
step_00150 ✓ [ 100% ] 000/030 VUs    30s        150.00 iters/s
step_00200 ✓ [ 100% ] 000/040 VUs    30s        200.00 iters/s
step_00250 ✓ [ 100% ] 000/050 VUs    30s        250.00 iters/s
step_00300 ✓ [ 100% ] 000/060 VUs    30s        300.00 iters/s
step_00350 ✓ [ 100% ] 0000/0070 VUs  30s        350.00 iters/s
step_00400 ✓ [ 100% ] 0000/0080 VUs  30s        400.00 iters/s
step_00450 ✓ [ 100% ] 0000/0090 VUs  30s        450.00 iters/s
step_00500 ✓ [ 100% ] 0000/0100 VUs  30s        500.00 iters/s
step_00550 ✓ [ 100% ] 0000/0110 VUs  30s        550.00 iters/s
step_00600 ✓ [ 100% ] 0000/0120 VUs  30s        600.00 iters/s
step_00650 ✓ [ 100% ] 0000/0130 VUs  30s        650.00 iters/s
step_00700   [  23% ] 0001/0140 VUs  07.0s/30s  700.00 iters/s
step_00750 • [   0% ] waiting        0m23.0s   
step_00800 • [   0% ] waiting        0m53.0s   

running (6m38.0s), 0001/0310 VUs, 142089 complete and 0 interrupted iterations
step_00050 ✓ [ 100% ] 000/020 VUs    30s        50.00 iters/s
step_00100 ✓ [ 100% ] 000/020 VUs    30s        100.00 iters/s
step_00150 ✓ [ 100% ] 000/030 VUs    30s        150.00 iters/s
step_00200 ✓ [ 100% ] 000/040 VUs    30s        200.00 iters/s
step_00250 ✓ [ 100% ] 000/050 VUs    30s        250.00 iters/s
step_00300 ✓ [ 100% ] 000/060 VUs    30s        300.00 iters/s
step_00350 ✓ [ 100% ] 0000/0070 VUs  30s        350.00 iters/s
step_00400 ✓ [ 100% ] 0000/0080 VUs  30s        400.00 iters/s
step_00450 ✓ [ 100% ] 0000/0090 VUs  30s        450.00 iters/s
step_00500 ✓ [ 100% ] 0000/0100 VUs  30s        500.00 iters/s
step_00550 ✓ [ 100% ] 0000/0110 VUs  30s        550.00 iters/s
step_00600 ✓ [ 100% ] 0000/0120 VUs  30s        600.00 iters/s
step_00650 ✓ [ 100% ] 0000/0130 VUs  30s        650.00 iters/s
step_00700   [  27% ] 0001/0140 VUs  08.0s/30s  700.00 iters/s
step_00750 • [   0% ] waiting        0m22.0s   
step_00800 • [   0% ] waiting        0m52.0s   

running (6m39.0s), 0001/0310 VUs, 142789 complete and 0 interrupted iterations
step_00050 ✓ [ 100% ] 000/020 VUs    30s        50.00 iters/s
step_00100 ✓ [ 100% ] 000/020 VUs    30s        100.00 iters/s
step_00150 ✓ [ 100% ] 000/030 VUs    30s        150.00 iters/s
step_00200 ✓ [ 100% ] 000/040 VUs    30s        200.00 iters/s
step_00250 ✓ [ 100% ] 000/050 VUs    30s        250.00 iters/s
step_00300 ✓ [ 100% ] 000/060 VUs    30s        300.00 iters/s
step_00350 ✓ [ 100% ] 0000/0070 VUs  30s        350.00 iters/s
step_00400 ✓ [ 100% ] 0000/0080 VUs  30s        400.00 iters/s
step_00450 ✓ [ 100% ] 0000/0090 VUs  30s        450.00 iters/s
step_00500 ✓ [ 100% ] 0000/0100 VUs  30s        500.00 iters/s
step_00550 ✓ [ 100% ] 0000/0110 VUs  30s        550.00 iters/s
step_00600 ✓ [ 100% ] 0000/0120 VUs  30s        600.00 iters/s
step_00650 ✓ [ 100% ] 0000/0130 VUs  30s        650.00 iters/s
step_00700   [  30% ] 0001/0140 VUs  09.0s/30s  700.00 iters/s
step_00750 • [   0% ] waiting        0m21.0s   
step_00800 • [   0% ] waiting        0m51.0s   

running (6m40.0s), 0001/0310 VUs, 143489 complete and 0 interrupted iterations
step_00050 ✓ [ 100% ] 000/020 VUs    30s        50.00 iters/s
step_00100 ✓ [ 100% ] 000/020 VUs    30s        100.00 iters/s
step_00150 ✓ [ 100% ] 000/030 VUs    30s        150.00 iters/s
step_00200 ✓ [ 100% ] 000/040 VUs    30s        200.00 iters/s
step_00250 ✓ [ 100% ] 000/050 VUs    30s        250.00 iters/s
step_00300 ✓ [ 100% ] 000/060 VUs    30s        300.00 iters/s
step_00350 ✓ [ 100% ] 0000/0070 VUs  30s        350.00 iters/s
step_00400 ✓ [ 100% ] 0000/0080 VUs  30s        400.00 iters/s
step_00450 ✓ [ 100% ] 0000/0090 VUs  30s        450.00 iters/s
step_00500 ✓ [ 100% ] 0000/0100 VUs  30s        500.00 iters/s
step_00550 ✓ [ 100% ] 0000/0110 VUs  30s        550.00 iters/s
step_00600 ✓ [ 100% ] 0000/0120 VUs  30s        600.00 iters/s
step_00650 ✓ [ 100% ] 0000/0130 VUs  30s        650.00 iters/s
step_00700   [  33% ] 0001/0140 VUs  10.0s/30s  700.00 iters/s
step_00750 • [   0% ] waiting        0m20.0s   
step_00800 • [   0% ] waiting        0m50.0s   

running (6m41.0s), 0001/0310 VUs, 144189 complete and 0 interrupted iterations
step_00050 ✓ [ 100% ] 000/020 VUs    30s        50.00 iters/s
step_00100 ✓ [ 100% ] 000/020 VUs    30s        100.00 iters/s
step_00150 ✓ [ 100% ] 000/030 VUs    30s        150.00 iters/s
step_00200 ✓ [ 100% ] 000/040 VUs    30s        200.00 iters/s
step_00250 ✓ [ 100% ] 000/050 VUs    30s        250.00 iters/s
step_00300 ✓ [ 100% ] 000/060 VUs    30s        300.00 iters/s
step_00350 ✓ [ 100% ] 0000/0070 VUs  30s        350.00 iters/s
step_00400 ✓ [ 100% ] 0000/0080 VUs  30s        400.00 iters/s
step_00450 ✓ [ 100% ] 0000/0090 VUs  30s        450.00 iters/s
step_00500 ✓ [ 100% ] 0000/0100 VUs  30s        500.00 iters/s
step_00550 ✓ [ 100% ] 0000/0110 VUs  30s        550.00 iters/s
step_00600 ✓ [ 100% ] 0000/0120 VUs  30s        600.00 iters/s
step_00650 ✓ [ 100% ] 0000/0130 VUs  30s        650.00 iters/s
step_00700   [  37% ] 0001/0140 VUs  11.0s/30s  700.00 iters/s
step_00750 • [   0% ] waiting        0m19.0s   
step_00800 • [   0% ] waiting        0m49.0s   

running (6m42.0s), 0001/0310 VUs, 144889 complete and 0 interrupted iterations
step_00050 ✓ [ 100% ] 000/020 VUs    30s        50.00 iters/s
step_00100 ✓ [ 100% ] 000/020 VUs    30s        100.00 iters/s
step_00150 ✓ [ 100% ] 000/030 VUs    30s        150.00 iters/s
step_00200 ✓ [ 100% ] 000/040 VUs    30s        200.00 iters/s
step_00250 ✓ [ 100% ] 000/050 VUs    30s        250.00 iters/s
step_00300 ✓ [ 100% ] 000/060 VUs    30s        300.00 iters/s
step_00350 ✓ [ 100% ] 0000/0070 VUs  30s        350.00 iters/s
step_00400 ✓ [ 100% ] 0000/0080 VUs  30s        400.00 iters/s
step_00450 ✓ [ 100% ] 0000/0090 VUs  30s        450.00 iters/s
step_00500 ✓ [ 100% ] 0000/0100 VUs  30s        500.00 iters/s
step_00550 ✓ [ 100% ] 0000/0110 VUs  30s        550.00 iters/s
step_00600 ✓ [ 100% ] 0000/0120 VUs  30s        600.00 iters/s
step_00650 ✓ [ 100% ] 0000/0130 VUs  30s        650.00 iters/s
step_00700   [  40% ] 0001/0140 VUs  12.0s/30s  700.00 iters/s
step_00750 • [   0% ] waiting        0m18.0s   
step_00800 • [   0% ] waiting        0m48.0s   

running (6m43.0s), 0001/0310 VUs, 145589 complete and 0 interrupted iterations
step_00050 ✓ [ 100% ] 000/020 VUs    30s        50.00 iters/s
step_00100 ✓ [ 100% ] 000/020 VUs    30s        100.00 iters/s
step_00150 ✓ [ 100% ] 000/030 VUs    30s        150.00 iters/s
step_00200 ✓ [ 100% ] 000/040 VUs    30s        200.00 iters/s
step_00250 ✓ [ 100% ] 000/050 VUs    30s        250.00 iters/s
step_00300 ✓ [ 100% ] 000/060 VUs    30s        300.00 iters/s
step_00350 ✓ [ 100% ] 0000/0070 VUs  30s        350.00 iters/s
step_00400 ✓ [ 100% ] 0000/0080 VUs  30s        400.00 iters/s
step_00450 ✓ [ 100% ] 0000/0090 VUs  30s        450.00 iters/s
step_00500 ✓ [ 100% ] 0000/0100 VUs  30s        500.00 iters/s
step_00550 ✓ [ 100% ] 0000/0110 VUs  30s        550.00 iters/s
step_00600 ✓ [ 100% ] 0000/0120 VUs  30s        600.00 iters/s
step_00650 ✓ [ 100% ] 0000/0130 VUs  30s        650.00 iters/s
step_00700   [  43% ] 0001/0140 VUs  13.0s/30s  700.00 iters/s
step_00750 • [   0% ] waiting        0m17.0s   
step_00800 • [   0% ] waiting        0m47.0s   

running (6m44.0s), 0001/0310 VUs, 146289 complete and 0 interrupted iterations
step_00050 ✓ [ 100% ] 000/020 VUs    30s        50.00 iters/s
step_00100 ✓ [ 100% ] 000/020 VUs    30s        100.00 iters/s
step_00150 ✓ [ 100% ] 000/030 VUs    30s        150.00 iters/s
step_00200 ✓ [ 100% ] 000/040 VUs    30s        200.00 iters/s
step_00250 ✓ [ 100% ] 000/050 VUs    30s        250.00 iters/s
step_00300 ✓ [ 100% ] 000/060 VUs    30s        300.00 iters/s
step_00350 ✓ [ 100% ] 0000/0070 VUs  30s        350.00 iters/s
step_00400 ✓ [ 100% ] 0000/0080 VUs  30s        400.00 iters/s
step_00450 ✓ [ 100% ] 0000/0090 VUs  30s        450.00 iters/s
step_00500 ✓ [ 100% ] 0000/0100 VUs  30s        500.00 iters/s
step_00550 ✓ [ 100% ] 0000/0110 VUs  30s        550.00 iters/s
step_00600 ✓ [ 100% ] 0000/0120 VUs  30s        600.00 iters/s
step_00650 ✓ [ 100% ] 0000/0130 VUs  30s        650.00 iters/s
step_00700   [  47% ] 0001/0140 VUs  14.0s/30s  700.00 iters/s
step_00750 • [   0% ] waiting        0m16.0s   
step_00800 • [   0% ] waiting        0m46.0s   

running (6m45.0s), 0001/0310 VUs, 146989 complete and 0 interrupted iterations
step_00050 ✓ [ 100% ] 000/020 VUs    30s        50.00 iters/s
step_00100 ✓ [ 100% ] 000/020 VUs    30s        100.00 iters/s
step_00150 ✓ [ 100% ] 000/030 VUs    30s        150.00 iters/s
step_00200 ✓ [ 100% ] 000/040 VUs    30s        200.00 iters/s
step_00250 ✓ [ 100% ] 000/050 VUs    30s        250.00 iters/s
step_00300 ✓ [ 100% ] 000/060 VUs    30s        300.00 iters/s
step_00350 ✓ [ 100% ] 0000/0070 VUs  30s        350.00 iters/s
step_00400 ✓ [ 100% ] 0000/0080 VUs  30s        400.00 iters/s
step_00450 ✓ [ 100% ] 0000/0090 VUs  30s        450.00 iters/s
step_00500 ✓ [ 100% ] 0000/0100 VUs  30s        500.00 iters/s
step_00550 ✓ [ 100% ] 0000/0110 VUs  30s        550.00 iters/s
step_00600 ✓ [ 100% ] 0000/0120 VUs  30s        600.00 iters/s
step_00650 ✓ [ 100% ] 0000/0130 VUs  30s        650.00 iters/s
step_00700   [  50% ] 0001/0140 VUs  15.0s/30s  700.00 iters/s
step_00750 • [   0% ] waiting        0m15.0s   
step_00800 • [   0% ] waiting        0m45.0s   

running (6m46.0s), 0002/0310 VUs, 147688 complete and 0 interrupted iterations
step_00050 ✓ [ 100% ] 000/020 VUs    30s        50.00 iters/s
step_00100 ✓ [ 100% ] 000/020 VUs    30s        100.00 iters/s
step_00150 ✓ [ 100% ] 000/030 VUs    30s        150.00 iters/s
step_00200 ✓ [ 100% ] 000/040 VUs    30s        200.00 iters/s
step_00250 ✓ [ 100% ] 000/050 VUs    30s        250.00 iters/s
step_00300 ✓ [ 100% ] 000/060 VUs    30s        300.00 iters/s
step_00350 ✓ [ 100% ] 0000/0070 VUs  30s        350.00 iters/s
step_00400 ✓ [ 100% ] 0000/0080 VUs  30s        400.00 iters/s
step_00450 ✓ [ 100% ] 0000/0090 VUs  30s        450.00 iters/s
step_00500 ✓ [ 100% ] 0000/0100 VUs  30s        500.00 iters/s
step_00550 ✓ [ 100% ] 0000/0110 VUs  30s        550.00 iters/s
step_00600 ✓ [ 100% ] 0000/0120 VUs  30s        600.00 iters/s
step_00650 ✓ [ 100% ] 0000/0130 VUs  30s        650.00 iters/s
step_00700   [  53% ] 0002/0140 VUs  16.0s/30s  700.00 iters/s
step_00750 • [   0% ] waiting        0m14.0s   
step_00800 • [   0% ] waiting        0m44.0s   

running (6m47.0s), 0001/0310 VUs, 148389 complete and 0 interrupted iterations
step_00050 ✓ [ 100% ] 000/020 VUs    30s        50.00 iters/s
step_00100 ✓ [ 100% ] 000/020 VUs    30s        100.00 iters/s
step_00150 ✓ [ 100% ] 000/030 VUs    30s        150.00 iters/s
step_00200 ✓ [ 100% ] 000/040 VUs    30s        200.00 iters/s
step_00250 ✓ [ 100% ] 000/050 VUs    30s        250.00 iters/s
step_00300 ✓ [ 100% ] 000/060 VUs    30s        300.00 iters/s
step_00350 ✓ [ 100% ] 0000/0070 VUs  30s        350.00 iters/s
step_00400 ✓ [ 100% ] 0000/0080 VUs  30s        400.00 iters/s
step_00450 ✓ [ 100% ] 0000/0090 VUs  30s        450.00 iters/s
step_00500 ✓ [ 100% ] 0000/0100 VUs  30s        500.00 iters/s
step_00550 ✓ [ 100% ] 0000/0110 VUs  30s        550.00 iters/s
step_00600 ✓ [ 100% ] 0000/0120 VUs  30s        600.00 iters/s
step_00650 ✓ [ 100% ] 0000/0130 VUs  30s        650.00 iters/s
step_00700   [  57% ] 0001/0140 VUs  17.0s/30s  700.00 iters/s
step_00750 • [   0% ] waiting        0m13.0s   
step_00800 • [   0% ] waiting        0m43.0s   

running (6m48.0s), 0001/0310 VUs, 149089 complete and 0 interrupted iterations
step_00050 ✓ [ 100% ] 000/020 VUs    30s        50.00 iters/s
step_00100 ✓ [ 100% ] 000/020 VUs    30s        100.00 iters/s
step_00150 ✓ [ 100% ] 000/030 VUs    30s        150.00 iters/s
step_00200 ✓ [ 100% ] 000/040 VUs    30s        200.00 iters/s
step_00250 ✓ [ 100% ] 000/050 VUs    30s        250.00 iters/s
step_00300 ✓ [ 100% ] 000/060 VUs    30s        300.00 iters/s
step_00350 ✓ [ 100% ] 0000/0070 VUs  30s        350.00 iters/s
step_00400 ✓ [ 100% ] 0000/0080 VUs  30s        400.00 iters/s
step_00450 ✓ [ 100% ] 0000/0090 VUs  30s        450.00 iters/s
step_00500 ✓ [ 100% ] 0000/0100 VUs  30s        500.00 iters/s
step_00550 ✓ [ 100% ] 0000/0110 VUs  30s        550.00 iters/s
step_00600 ✓ [ 100% ] 0000/0120 VUs  30s        600.00 iters/s
step_00650 ✓ [ 100% ] 0000/0130 VUs  30s        650.00 iters/s
step_00700   [  60% ] 0001/0140 VUs  18.0s/30s  700.00 iters/s
step_00750 • [   0% ] waiting        0m12.0s   
step_00800 • [   0% ] waiting        0m42.0s   

running (6m49.0s), 0001/0310 VUs, 149789 complete and 0 interrupted iterations
step_00050 ✓ [ 100% ] 000/020 VUs    30s        50.00 iters/s
step_00100 ✓ [ 100% ] 000/020 VUs    30s        100.00 iters/s
step_00150 ✓ [ 100% ] 000/030 VUs    30s        150.00 iters/s
step_00200 ✓ [ 100% ] 000/040 VUs    30s        200.00 iters/s
step_00250 ✓ [ 100% ] 000/050 VUs    30s        250.00 iters/s
step_00300 ✓ [ 100% ] 000/060 VUs    30s        300.00 iters/s
step_00350 ✓ [ 100% ] 0000/0070 VUs  30s        350.00 iters/s
step_00400 ✓ [ 100% ] 0000/0080 VUs  30s        400.00 iters/s
step_00450 ✓ [ 100% ] 0000/0090 VUs  30s        450.00 iters/s
step_00500 ✓ [ 100% ] 0000/0100 VUs  30s        500.00 iters/s
step_00550 ✓ [ 100% ] 0000/0110 VUs  30s        550.00 iters/s
step_00600 ✓ [ 100% ] 0000/0120 VUs  30s        600.00 iters/s
step_00650 ✓ [ 100% ] 0000/0130 VUs  30s        650.00 iters/s
step_00700   [  63% ] 0001/0140 VUs  19.0s/30s  700.00 iters/s
step_00750 • [   0% ] waiting        0m11.0s   
step_00800 • [   0% ] waiting        0m41.0s   

running (6m50.0s), 0001/0310 VUs, 150489 complete and 0 interrupted iterations
step_00050 ✓ [ 100% ] 000/020 VUs    30s        50.00 iters/s
step_00100 ✓ [ 100% ] 000/020 VUs    30s        100.00 iters/s
step_00150 ✓ [ 100% ] 000/030 VUs    30s        150.00 iters/s
step_00200 ✓ [ 100% ] 000/040 VUs    30s        200.00 iters/s
step_00250 ✓ [ 100% ] 000/050 VUs    30s        250.00 iters/s
step_00300 ✓ [ 100% ] 000/060 VUs    30s        300.00 iters/s
step_00350 ✓ [ 100% ] 0000/0070 VUs  30s        350.00 iters/s
step_00400 ✓ [ 100% ] 0000/0080 VUs  30s        400.00 iters/s
step_00450 ✓ [ 100% ] 0000/0090 VUs  30s        450.00 iters/s
step_00500 ✓ [ 100% ] 0000/0100 VUs  30s        500.00 iters/s
step_00550 ✓ [ 100% ] 0000/0110 VUs  30s        550.00 iters/s
step_00600 ✓ [ 100% ] 0000/0120 VUs  30s        600.00 iters/s
step_00650 ✓ [ 100% ] 0000/0130 VUs  30s        650.00 iters/s
step_00700   [  67% ] 0001/0140 VUs  20.0s/30s  700.00 iters/s
step_00750 • [   0% ] waiting        0m10.0s   
step_00800 • [   0% ] waiting        0m40.0s   

running (6m51.0s), 0001/0310 VUs, 151189 complete and 0 interrupted iterations
step_00050 ✓ [ 100% ] 000/020 VUs    30s        50.00 iters/s
step_00100 ✓ [ 100% ] 000/020 VUs    30s        100.00 iters/s
step_00150 ✓ [ 100% ] 000/030 VUs    30s        150.00 iters/s
step_00200 ✓ [ 100% ] 000/040 VUs    30s        200.00 iters/s
step_00250 ✓ [ 100% ] 000/050 VUs    30s        250.00 iters/s
step_00300 ✓ [ 100% ] 000/060 VUs    30s        300.00 iters/s
step_00350 ✓ [ 100% ] 0000/0070 VUs  30s        350.00 iters/s
step_00400 ✓ [ 100% ] 0000/0080 VUs  30s        400.00 iters/s
step_00450 ✓ [ 100% ] 0000/0090 VUs  30s        450.00 iters/s
step_00500 ✓ [ 100% ] 0000/0100 VUs  30s        500.00 iters/s
step_00550 ✓ [ 100% ] 0000/0110 VUs  30s        550.00 iters/s
step_00600 ✓ [ 100% ] 0000/0120 VUs  30s        600.00 iters/s
step_00650 ✓ [ 100% ] 0000/0130 VUs  30s        650.00 iters/s
step_00700   [  70% ] 0001/0140 VUs  21.0s/30s  700.00 iters/s
step_00750 • [   0% ] waiting        0m09.0s   
step_00800 • [   0% ] waiting        0m39.0s   

running (6m52.0s), 0001/0310 VUs, 151889 complete and 0 interrupted iterations
step_00050 ✓ [ 100% ] 000/020 VUs    30s        50.00 iters/s
step_00100 ✓ [ 100% ] 000/020 VUs    30s        100.00 iters/s
step_00150 ✓ [ 100% ] 000/030 VUs    30s        150.00 iters/s
step_00200 ✓ [ 100% ] 000/040 VUs    30s        200.00 iters/s
step_00250 ✓ [ 100% ] 000/050 VUs    30s        250.00 iters/s
step_00300 ✓ [ 100% ] 000/060 VUs    30s        300.00 iters/s
step_00350 ✓ [ 100% ] 0000/0070 VUs  30s        350.00 iters/s
step_00400 ✓ [ 100% ] 0000/0080 VUs  30s        400.00 iters/s
step_00450 ✓ [ 100% ] 0000/0090 VUs  30s        450.00 iters/s
step_00500 ✓ [ 100% ] 0000/0100 VUs  30s        500.00 iters/s
step_00550 ✓ [ 100% ] 0000/0110 VUs  30s        550.00 iters/s
step_00600 ✓ [ 100% ] 0000/0120 VUs  30s        600.00 iters/s
step_00650 ✓ [ 100% ] 0000/0130 VUs  30s        650.00 iters/s
step_00700   [  73% ] 0001/0140 VUs  22.0s/30s  700.00 iters/s
step_00750 • [   0% ] waiting        0m08.0s   
step_00800 • [   0% ] waiting        0m38.0s   

running (6m53.0s), 0001/0310 VUs, 152589 complete and 0 interrupted iterations
step_00050 ✓ [ 100% ] 000/020 VUs    30s        50.00 iters/s
step_00100 ✓ [ 100% ] 000/020 VUs    30s        100.00 iters/s
step_00150 ✓ [ 100% ] 000/030 VUs    30s        150.00 iters/s
step_00200 ✓ [ 100% ] 000/040 VUs    30s        200.00 iters/s
step_00250 ✓ [ 100% ] 000/050 VUs    30s        250.00 iters/s
step_00300 ✓ [ 100% ] 000/060 VUs    30s        300.00 iters/s
step_00350 ✓ [ 100% ] 0000/0070 VUs  30s        350.00 iters/s
step_00400 ✓ [ 100% ] 0000/0080 VUs  30s        400.00 iters/s
step_00450 ✓ [ 100% ] 0000/0090 VUs  30s        450.00 iters/s
step_00500 ✓ [ 100% ] 0000/0100 VUs  30s        500.00 iters/s
step_00550 ✓ [ 100% ] 0000/0110 VUs  30s        550.00 iters/s
step_00600 ✓ [ 100% ] 0000/0120 VUs  30s        600.00 iters/s
step_00650 ✓ [ 100% ] 0000/0130 VUs  30s        650.00 iters/s
step_00700   [  77% ] 0001/0140 VUs  23.0s/30s  700.00 iters/s
step_00750 • [   0% ] waiting        0m07.0s   
step_00800 • [   0% ] waiting        0m37.0s   

running (6m54.0s), 0001/0310 VUs, 153289 complete and 0 interrupted iterations
step_00050 ✓ [ 100% ] 000/020 VUs    30s        50.00 iters/s
step_00100 ✓ [ 100% ] 000/020 VUs    30s        100.00 iters/s
step_00150 ✓ [ 100% ] 000/030 VUs    30s        150.00 iters/s
step_00200 ✓ [ 100% ] 000/040 VUs    30s        200.00 iters/s
step_00250 ✓ [ 100% ] 000/050 VUs    30s        250.00 iters/s
step_00300 ✓ [ 100% ] 000/060 VUs    30s        300.00 iters/s
step_00350 ✓ [ 100% ] 0000/0070 VUs  30s        350.00 iters/s
step_00400 ✓ [ 100% ] 0000/0080 VUs  30s        400.00 iters/s
step_00450 ✓ [ 100% ] 0000/0090 VUs  30s        450.00 iters/s
step_00500 ✓ [ 100% ] 0000/0100 VUs  30s        500.00 iters/s
step_00550 ✓ [ 100% ] 0000/0110 VUs  30s        550.00 iters/s
step_00600 ✓ [ 100% ] 0000/0120 VUs  30s        600.00 iters/s
step_00650 ✓ [ 100% ] 0000/0130 VUs  30s        650.00 iters/s
step_00700   [  80% ] 0001/0140 VUs  24.0s/30s  700.00 iters/s
step_00750 • [   0% ] waiting        0m06.0s   
step_00800 • [   0% ] waiting        0m36.0s   

running (6m55.0s), 0001/0310 VUs, 153989 complete and 0 interrupted iterations
step_00050 ✓ [ 100% ] 000/020 VUs    30s        50.00 iters/s
step_00100 ✓ [ 100% ] 000/020 VUs    30s        100.00 iters/s
step_00150 ✓ [ 100% ] 000/030 VUs    30s        150.00 iters/s
step_00200 ✓ [ 100% ] 000/040 VUs    30s        200.00 iters/s
step_00250 ✓ [ 100% ] 000/050 VUs    30s        250.00 iters/s
step_00300 ✓ [ 100% ] 000/060 VUs    30s        300.00 iters/s
step_00350 ✓ [ 100% ] 0000/0070 VUs  30s        350.00 iters/s
step_00400 ✓ [ 100% ] 0000/0080 VUs  30s        400.00 iters/s
step_00450 ✓ [ 100% ] 0000/0090 VUs  30s        450.00 iters/s
step_00500 ✓ [ 100% ] 0000/0100 VUs  30s        500.00 iters/s
step_00550 ✓ [ 100% ] 0000/0110 VUs  30s        550.00 iters/s
step_00600 ✓ [ 100% ] 0000/0120 VUs  30s        600.00 iters/s
step_00650 ✓ [ 100% ] 0000/0130 VUs  30s        650.00 iters/s
step_00700   [  83% ] 0001/0140 VUs  25.0s/30s  700.00 iters/s
step_00750 • [   0% ] waiting        0m05.0s   
step_00800 • [   0% ] waiting        0m35.0s   

running (6m56.0s), 0002/0310 VUs, 154688 complete and 0 interrupted iterations
step_00050 ✓ [ 100% ] 000/020 VUs    30s        50.00 iters/s
step_00100 ✓ [ 100% ] 000/020 VUs    30s        100.00 iters/s
step_00150 ✓ [ 100% ] 000/030 VUs    30s        150.00 iters/s
step_00200 ✓ [ 100% ] 000/040 VUs    30s        200.00 iters/s
step_00250 ✓ [ 100% ] 000/050 VUs    30s        250.00 iters/s
step_00300 ✓ [ 100% ] 000/060 VUs    30s        300.00 iters/s
step_00350 ✓ [ 100% ] 0000/0070 VUs  30s        350.00 iters/s
step_00400 ✓ [ 100% ] 0000/0080 VUs  30s        400.00 iters/s
step_00450 ✓ [ 100% ] 0000/0090 VUs  30s        450.00 iters/s
step_00500 ✓ [ 100% ] 0000/0100 VUs  30s        500.00 iters/s
step_00550 ✓ [ 100% ] 0000/0110 VUs  30s        550.00 iters/s
step_00600 ✓ [ 100% ] 0000/0120 VUs  30s        600.00 iters/s
step_00650 ✓ [ 100% ] 0000/0130 VUs  30s        650.00 iters/s
step_00700   [  87% ] 0002/0140 VUs  26.0s/30s  700.00 iters/s
step_00750 • [   0% ] waiting        0m04.0s   
step_00800 • [   0% ] waiting        0m34.0s   

running (6m57.0s), 0001/0310 VUs, 155389 complete and 0 interrupted iterations
step_00050 ✓ [ 100% ] 000/020 VUs    30s        50.00 iters/s
step_00100 ✓ [ 100% ] 000/020 VUs    30s        100.00 iters/s
step_00150 ✓ [ 100% ] 000/030 VUs    30s        150.00 iters/s
step_00200 ✓ [ 100% ] 000/040 VUs    30s        200.00 iters/s
step_00250 ✓ [ 100% ] 000/050 VUs    30s        250.00 iters/s
step_00300 ✓ [ 100% ] 000/060 VUs    30s        300.00 iters/s
step_00350 ✓ [ 100% ] 0000/0070 VUs  30s        350.00 iters/s
step_00400 ✓ [ 100% ] 0000/0080 VUs  30s        400.00 iters/s
step_00450 ✓ [ 100% ] 0000/0090 VUs  30s        450.00 iters/s
step_00500 ✓ [ 100% ] 0000/0100 VUs  30s        500.00 iters/s
step_00550 ✓ [ 100% ] 0000/0110 VUs  30s        550.00 iters/s
step_00600 ✓ [ 100% ] 0000/0120 VUs  30s        600.00 iters/s
step_00650 ✓ [ 100% ] 0000/0130 VUs  30s        650.00 iters/s
step_00700   [  90% ] 0001/0140 VUs  27.0s/30s  700.00 iters/s
step_00750 • [   0% ] waiting        0m03.0s   
step_00800 • [   0% ] waiting        0m33.0s   

running (6m58.0s), 0001/0310 VUs, 156089 complete and 0 interrupted iterations
step_00050 ✓ [ 100% ] 000/020 VUs    30s        50.00 iters/s
step_00100 ✓ [ 100% ] 000/020 VUs    30s        100.00 iters/s
step_00150 ✓ [ 100% ] 000/030 VUs    30s        150.00 iters/s
step_00200 ✓ [ 100% ] 000/040 VUs    30s        200.00 iters/s
step_00250 ✓ [ 100% ] 000/050 VUs    30s        250.00 iters/s
step_00300 ✓ [ 100% ] 000/060 VUs    30s        300.00 iters/s
step_00350 ✓ [ 100% ] 0000/0070 VUs  30s        350.00 iters/s
step_00400 ✓ [ 100% ] 0000/0080 VUs  30s        400.00 iters/s
step_00450 ✓ [ 100% ] 0000/0090 VUs  30s        450.00 iters/s
step_00500 ✓ [ 100% ] 0000/0100 VUs  30s        500.00 iters/s
step_00550 ✓ [ 100% ] 0000/0110 VUs  30s        550.00 iters/s
step_00600 ✓ [ 100% ] 0000/0120 VUs  30s        600.00 iters/s
step_00650 ✓ [ 100% ] 0000/0130 VUs  30s        650.00 iters/s
step_00700   [  93% ] 0001/0140 VUs  28.0s/30s  700.00 iters/s
step_00750 • [   0% ] waiting        0m02.0s   
step_00800 • [   0% ] waiting        0m32.0s   

running (6m59.0s), 0001/0310 VUs, 156789 complete and 0 interrupted iterations
step_00050 ✓ [ 100% ] 000/020 VUs    30s        50.00 iters/s
step_00100 ✓ [ 100% ] 000/020 VUs    30s        100.00 iters/s
step_00150 ✓ [ 100% ] 000/030 VUs    30s        150.00 iters/s
step_00200 ✓ [ 100% ] 000/040 VUs    30s        200.00 iters/s
step_00250 ✓ [ 100% ] 000/050 VUs    30s        250.00 iters/s
step_00300 ✓ [ 100% ] 000/060 VUs    30s        300.00 iters/s
step_00350 ✓ [ 100% ] 0000/0070 VUs  30s        350.00 iters/s
step_00400 ✓ [ 100% ] 0000/0080 VUs  30s        400.00 iters/s
step_00450 ✓ [ 100% ] 0000/0090 VUs  30s        450.00 iters/s
step_00500 ✓ [ 100% ] 0000/0100 VUs  30s        500.00 iters/s
step_00550 ✓ [ 100% ] 0000/0110 VUs  30s        550.00 iters/s
step_00600 ✓ [ 100% ] 0000/0120 VUs  30s        600.00 iters/s
step_00650 ✓ [ 100% ] 0000/0130 VUs  30s        650.00 iters/s
step_00700   [  97% ] 0001/0140 VUs  29.0s/30s  700.00 iters/s
step_00750 • [   0% ] waiting        0m01.0s   
step_00800 • [   0% ] waiting        0m31.0s   

running (7m00.0s), 0001/0310 VUs, 157489 complete and 0 interrupted iterations
step_00050 ✓ [ 100% ] 000/020 VUs    30s        50.00 iters/s
step_00100 ✓ [ 100% ] 000/020 VUs    30s        100.00 iters/s
step_00150 ✓ [ 100% ] 000/030 VUs    30s        150.00 iters/s
step_00200 ✓ [ 100% ] 000/040 VUs    30s        200.00 iters/s
step_00250 ✓ [ 100% ] 000/050 VUs    30s        250.00 iters/s
step_00300 ✓ [ 100% ] 000/060 VUs    30s        300.00 iters/s
step_00350 ✓ [ 100% ] 0000/0070 VUs  30s        350.00 iters/s
step_00400 ✓ [ 100% ] 0000/0080 VUs  30s        400.00 iters/s
step_00450 ✓ [ 100% ] 0000/0090 VUs  30s        450.00 iters/s
step_00500 ✓ [ 100% ] 0000/0100 VUs  30s        500.00 iters/s
step_00550 ✓ [ 100% ] 0000/0110 VUs  30s        550.00 iters/s
step_00600 ✓ [ 100% ] 0000/0120 VUs  30s        600.00 iters/s
step_00650 ✓ [ 100% ] 0000/0130 VUs  30s        650.00 iters/s
step_00700   [ 100% ] 0001/0140 VUs  30.0s/30s  700.00 iters/s
step_00750 • [   0% ] waiting        0m00.0s   
step_00800 • [   0% ] waiting        0m30.0s   

running (7m01.0s), 0001/0310 VUs, 158237 complete and 0 interrupted iterations
step_00050 ✓ [ 100% ] 000/020 VUs    30s        50.00 iters/s
step_00100 ✓ [ 100% ] 000/020 VUs    30s        100.00 iters/s
step_00150 ✓ [ 100% ] 000/030 VUs    30s        150.00 iters/s
step_00200 ✓ [ 100% ] 000/040 VUs    30s        200.00 iters/s
step_00250 ✓ [ 100% ] 000/050 VUs    30s        250.00 iters/s
step_00300 ✓ [ 100% ] 000/060 VUs    30s        300.00 iters/s
step_00350 ✓ [ 100% ] 0000/0070 VUs  30s        350.00 iters/s
step_00400 ✓ [ 100% ] 0000/0080 VUs  30s        400.00 iters/s
step_00450 ✓ [ 100% ] 0000/0090 VUs  30s        450.00 iters/s
step_00500 ✓ [ 100% ] 0000/0100 VUs  30s        500.00 iters/s
step_00550 ✓ [ 100% ] 0000/0110 VUs  30s        550.00 iters/s
step_00600 ✓ [ 100% ] 0000/0120 VUs  30s        600.00 iters/s
step_00650 ✓ [ 100% ] 0000/0130 VUs  30s        650.00 iters/s
step_00700 ✓ [ 100% ] 0000/0140 VUs  30s        700.00 iters/s
step_00750   [   3% ] 0001/0150 VUs  01.0s/30s  750.00 iters/s
step_00800 • [   0% ] waiting        0m29.0s   

running (7m02.0s), 0001/0310 VUs, 158987 complete and 0 interrupted iterations
step_00050 ✓ [ 100% ] 000/020 VUs    30s        50.00 iters/s
step_00100 ✓ [ 100% ] 000/020 VUs    30s        100.00 iters/s
step_00150 ✓ [ 100% ] 000/030 VUs    30s        150.00 iters/s
step_00200 ✓ [ 100% ] 000/040 VUs    30s        200.00 iters/s
step_00250 ✓ [ 100% ] 000/050 VUs    30s        250.00 iters/s
step_00300 ✓ [ 100% ] 000/060 VUs    30s        300.00 iters/s
step_00350 ✓ [ 100% ] 0000/0070 VUs  30s        350.00 iters/s
step_00400 ✓ [ 100% ] 0000/0080 VUs  30s        400.00 iters/s
step_00450 ✓ [ 100% ] 0000/0090 VUs  30s        450.00 iters/s
step_00500 ✓ [ 100% ] 0000/0100 VUs  30s        500.00 iters/s
step_00550 ✓ [ 100% ] 0000/0110 VUs  30s        550.00 iters/s
step_00600 ✓ [ 100% ] 0000/0120 VUs  30s        600.00 iters/s
step_00650 ✓ [ 100% ] 0000/0130 VUs  30s        650.00 iters/s
step_00700 ✓ [ 100% ] 0000/0140 VUs  30s        700.00 iters/s
step_00750   [   7% ] 0001/0150 VUs  02.0s/30s  750.00 iters/s
step_00800 • [   0% ] waiting        0m28.0s   

running (7m03.0s), 0000/0310 VUs, 159738 complete and 0 interrupted iterations
step_00050 ✓ [ 100% ] 000/020 VUs    30s        50.00 iters/s
step_00100 ✓ [ 100% ] 000/020 VUs    30s        100.00 iters/s
step_00150 ✓ [ 100% ] 000/030 VUs    30s        150.00 iters/s
step_00200 ✓ [ 100% ] 000/040 VUs    30s        200.00 iters/s
step_00250 ✓ [ 100% ] 000/050 VUs    30s        250.00 iters/s
step_00300 ✓ [ 100% ] 000/060 VUs    30s        300.00 iters/s
step_00350 ✓ [ 100% ] 0000/0070 VUs  30s        350.00 iters/s
step_00400 ✓ [ 100% ] 0000/0080 VUs  30s        400.00 iters/s
step_00450 ✓ [ 100% ] 0000/0090 VUs  30s        450.00 iters/s
step_00500 ✓ [ 100% ] 0000/0100 VUs  30s        500.00 iters/s
step_00550 ✓ [ 100% ] 0000/0110 VUs  30s        550.00 iters/s
step_00600 ✓ [ 100% ] 0000/0120 VUs  30s        600.00 iters/s
step_00650 ✓ [ 100% ] 0000/0130 VUs  30s        650.00 iters/s
step_00700 ✓ [ 100% ] 0000/0140 VUs  30s        700.00 iters/s
step_00750   [  10% ] 0000/0150 VUs  03.0s/30s  750.00 iters/s
step_00800 • [   0% ] waiting        0m27.0s   

running (7m04.0s), 0002/0310 VUs, 160486 complete and 0 interrupted iterations
step_00050 ✓ [ 100% ] 000/020 VUs    30s        50.00 iters/s
step_00100 ✓ [ 100% ] 000/020 VUs    30s        100.00 iters/s
step_00150 ✓ [ 100% ] 000/030 VUs    30s        150.00 iters/s
step_00200 ✓ [ 100% ] 000/040 VUs    30s        200.00 iters/s
step_00250 ✓ [ 100% ] 000/050 VUs    30s        250.00 iters/s
step_00300 ✓ [ 100% ] 000/060 VUs    30s        300.00 iters/s
step_00350 ✓ [ 100% ] 0000/0070 VUs  30s        350.00 iters/s
step_00400 ✓ [ 100% ] 0000/0080 VUs  30s        400.00 iters/s
step_00450 ✓ [ 100% ] 0000/0090 VUs  30s        450.00 iters/s
step_00500 ✓ [ 100% ] 0000/0100 VUs  30s        500.00 iters/s
step_00550 ✓ [ 100% ] 0000/0110 VUs  30s        550.00 iters/s
step_00600 ✓ [ 100% ] 0000/0120 VUs  30s        600.00 iters/s
step_00650 ✓ [ 100% ] 0000/0130 VUs  30s        650.00 iters/s
step_00700 ✓ [ 100% ] 0000/0140 VUs  30s        700.00 iters/s
step_00750   [  13% ] 0002/0150 VUs  04.0s/30s  750.00 iters/s
step_00800 • [   0% ] waiting        0m26.0s   

running (7m05.0s), 0001/0310 VUs, 161237 complete and 0 interrupted iterations
step_00050 ✓ [ 100% ] 000/020 VUs    30s        50.00 iters/s
step_00100 ✓ [ 100% ] 000/020 VUs    30s        100.00 iters/s
step_00150 ✓ [ 100% ] 000/030 VUs    30s        150.00 iters/s
step_00200 ✓ [ 100% ] 000/040 VUs    30s        200.00 iters/s
step_00250 ✓ [ 100% ] 000/050 VUs    30s        250.00 iters/s
step_00300 ✓ [ 100% ] 000/060 VUs    30s        300.00 iters/s
step_00350 ✓ [ 100% ] 0000/0070 VUs  30s        350.00 iters/s
step_00400 ✓ [ 100% ] 0000/0080 VUs  30s        400.00 iters/s
step_00450 ✓ [ 100% ] 0000/0090 VUs  30s        450.00 iters/s
step_00500 ✓ [ 100% ] 0000/0100 VUs  30s        500.00 iters/s
step_00550 ✓ [ 100% ] 0000/0110 VUs  30s        550.00 iters/s
step_00600 ✓ [ 100% ] 0000/0120 VUs  30s        600.00 iters/s
step_00650 ✓ [ 100% ] 0000/0130 VUs  30s        650.00 iters/s
step_00700 ✓ [ 100% ] 0000/0140 VUs  30s        700.00 iters/s
step_00750   [  17% ] 0001/0150 VUs  05.0s/30s  750.00 iters/s
step_00800 • [   0% ] waiting        0m25.0s   

running (7m06.0s), 0001/0310 VUs, 161987 complete and 0 interrupted iterations
step_00050 ✓ [ 100% ] 000/020 VUs    30s        50.00 iters/s
step_00100 ✓ [ 100% ] 000/020 VUs    30s        100.00 iters/s
step_00150 ✓ [ 100% ] 000/030 VUs    30s        150.00 iters/s
step_00200 ✓ [ 100% ] 000/040 VUs    30s        200.00 iters/s
step_00250 ✓ [ 100% ] 000/050 VUs    30s        250.00 iters/s
step_00300 ✓ [ 100% ] 000/060 VUs    30s        300.00 iters/s
step_00350 ✓ [ 100% ] 0000/0070 VUs  30s        350.00 iters/s
step_00400 ✓ [ 100% ] 0000/0080 VUs  30s        400.00 iters/s
step_00450 ✓ [ 100% ] 0000/0090 VUs  30s        450.00 iters/s
step_00500 ✓ [ 100% ] 0000/0100 VUs  30s        500.00 iters/s
step_00550 ✓ [ 100% ] 0000/0110 VUs  30s        550.00 iters/s
step_00600 ✓ [ 100% ] 0000/0120 VUs  30s        600.00 iters/s
step_00650 ✓ [ 100% ] 0000/0130 VUs  30s        650.00 iters/s
step_00700 ✓ [ 100% ] 0000/0140 VUs  30s        700.00 iters/s
step_00750   [  20% ] 0001/0150 VUs  06.0s/30s  750.00 iters/s
step_00800 • [   0% ] waiting        0m24.0s   

running (7m07.0s), 0001/0310 VUs, 162737 complete and 0 interrupted iterations
step_00050 ✓ [ 100% ] 000/020 VUs    30s        50.00 iters/s
step_00100 ✓ [ 100% ] 000/020 VUs    30s        100.00 iters/s
step_00150 ✓ [ 100% ] 000/030 VUs    30s        150.00 iters/s
step_00200 ✓ [ 100% ] 000/040 VUs    30s        200.00 iters/s
step_00250 ✓ [ 100% ] 000/050 VUs    30s        250.00 iters/s
step_00300 ✓ [ 100% ] 000/060 VUs    30s        300.00 iters/s
step_00350 ✓ [ 100% ] 0000/0070 VUs  30s        350.00 iters/s
step_00400 ✓ [ 100% ] 0000/0080 VUs  30s        400.00 iters/s
step_00450 ✓ [ 100% ] 0000/0090 VUs  30s        450.00 iters/s
step_00500 ✓ [ 100% ] 0000/0100 VUs  30s        500.00 iters/s
step_00550 ✓ [ 100% ] 0000/0110 VUs  30s        550.00 iters/s
step_00600 ✓ [ 100% ] 0000/0120 VUs  30s        600.00 iters/s
step_00650 ✓ [ 100% ] 0000/0130 VUs  30s        650.00 iters/s
step_00700 ✓ [ 100% ] 0000/0140 VUs  30s        700.00 iters/s
step_00750   [  23% ] 0001/0150 VUs  07.0s/30s  750.00 iters/s
step_00800 • [   0% ] waiting        0m23.0s   

running (7m08.0s), 0001/0310 VUs, 163487 complete and 0 interrupted iterations
step_00050 ✓ [ 100% ] 000/020 VUs    30s        50.00 iters/s
step_00100 ✓ [ 100% ] 000/020 VUs    30s        100.00 iters/s
step_00150 ✓ [ 100% ] 000/030 VUs    30s        150.00 iters/s
step_00200 ✓ [ 100% ] 000/040 VUs    30s        200.00 iters/s
step_00250 ✓ [ 100% ] 000/050 VUs    30s        250.00 iters/s
step_00300 ✓ [ 100% ] 000/060 VUs    30s        300.00 iters/s
step_00350 ✓ [ 100% ] 0000/0070 VUs  30s        350.00 iters/s
step_00400 ✓ [ 100% ] 0000/0080 VUs  30s        400.00 iters/s
step_00450 ✓ [ 100% ] 0000/0090 VUs  30s        450.00 iters/s
step_00500 ✓ [ 100% ] 0000/0100 VUs  30s        500.00 iters/s
step_00550 ✓ [ 100% ] 0000/0110 VUs  30s        550.00 iters/s
step_00600 ✓ [ 100% ] 0000/0120 VUs  30s        600.00 iters/s
step_00650 ✓ [ 100% ] 0000/0130 VUs  30s        650.00 iters/s
step_00700 ✓ [ 100% ] 0000/0140 VUs  30s        700.00 iters/s
step_00750   [  27% ] 0001/0150 VUs  08.0s/30s  750.00 iters/s
step_00800 • [   0% ] waiting        0m22.0s   

running (7m09.0s), 0001/0310 VUs, 164237 complete and 0 interrupted iterations
step_00050 ✓ [ 100% ] 000/020 VUs    30s        50.00 iters/s
step_00100 ✓ [ 100% ] 000/020 VUs    30s        100.00 iters/s
step_00150 ✓ [ 100% ] 000/030 VUs    30s        150.00 iters/s
step_00200 ✓ [ 100% ] 000/040 VUs    30s        200.00 iters/s
step_00250 ✓ [ 100% ] 000/050 VUs    30s        250.00 iters/s
step_00300 ✓ [ 100% ] 000/060 VUs    30s        300.00 iters/s
step_00350 ✓ [ 100% ] 0000/0070 VUs  30s        350.00 iters/s
step_00400 ✓ [ 100% ] 0000/0080 VUs  30s        400.00 iters/s
step_00450 ✓ [ 100% ] 0000/0090 VUs  30s        450.00 iters/s
step_00500 ✓ [ 100% ] 0000/0100 VUs  30s        500.00 iters/s
step_00550 ✓ [ 100% ] 0000/0110 VUs  30s        550.00 iters/s
step_00600 ✓ [ 100% ] 0000/0120 VUs  30s        600.00 iters/s
step_00650 ✓ [ 100% ] 0000/0130 VUs  30s        650.00 iters/s
step_00700 ✓ [ 100% ] 0000/0140 VUs  30s        700.00 iters/s
step_00750   [  30% ] 0001/0150 VUs  09.0s/30s  750.00 iters/s
step_00800 • [   0% ] waiting        0m21.0s   

running (7m10.0s), 0001/0310 VUs, 164987 complete and 0 interrupted iterations
step_00050 ✓ [ 100% ] 000/020 VUs    30s        50.00 iters/s
step_00100 ✓ [ 100% ] 000/020 VUs    30s        100.00 iters/s
step_00150 ✓ [ 100% ] 000/030 VUs    30s        150.00 iters/s
step_00200 ✓ [ 100% ] 000/040 VUs    30s        200.00 iters/s
step_00250 ✓ [ 100% ] 000/050 VUs    30s        250.00 iters/s
step_00300 ✓ [ 100% ] 000/060 VUs    30s        300.00 iters/s
step_00350 ✓ [ 100% ] 0000/0070 VUs  30s        350.00 iters/s
step_00400 ✓ [ 100% ] 0000/0080 VUs  30s        400.00 iters/s
step_00450 ✓ [ 100% ] 0000/0090 VUs  30s        450.00 iters/s
step_00500 ✓ [ 100% ] 0000/0100 VUs  30s        500.00 iters/s
step_00550 ✓ [ 100% ] 0000/0110 VUs  30s        550.00 iters/s
step_00600 ✓ [ 100% ] 0000/0120 VUs  30s        600.00 iters/s
step_00650 ✓ [ 100% ] 0000/0130 VUs  30s        650.00 iters/s
step_00700 ✓ [ 100% ] 0000/0140 VUs  30s        700.00 iters/s
step_00750   [  33% ] 0001/0150 VUs  10.0s/30s  750.00 iters/s
step_00800 • [   0% ] waiting        0m20.0s   

running (7m11.0s), 0001/0310 VUs, 165737 complete and 0 interrupted iterations
step_00050 ✓ [ 100% ] 000/020 VUs    30s        50.00 iters/s
step_00100 ✓ [ 100% ] 000/020 VUs    30s        100.00 iters/s
step_00150 ✓ [ 100% ] 000/030 VUs    30s        150.00 iters/s
step_00200 ✓ [ 100% ] 000/040 VUs    30s        200.00 iters/s
step_00250 ✓ [ 100% ] 000/050 VUs    30s        250.00 iters/s
step_00300 ✓ [ 100% ] 000/060 VUs    30s        300.00 iters/s
step_00350 ✓ [ 100% ] 0000/0070 VUs  30s        350.00 iters/s
step_00400 ✓ [ 100% ] 0000/0080 VUs  30s        400.00 iters/s
step_00450 ✓ [ 100% ] 0000/0090 VUs  30s        450.00 iters/s
step_00500 ✓ [ 100% ] 0000/0100 VUs  30s        500.00 iters/s
step_00550 ✓ [ 100% ] 0000/0110 VUs  30s        550.00 iters/s
step_00600 ✓ [ 100% ] 0000/0120 VUs  30s        600.00 iters/s
step_00650 ✓ [ 100% ] 0000/0130 VUs  30s        650.00 iters/s
step_00700 ✓ [ 100% ] 0000/0140 VUs  30s        700.00 iters/s
step_00750   [  37% ] 0001/0150 VUs  11.0s/30s  750.00 iters/s
step_00800 • [   0% ] waiting        0m19.0s   

running (7m12.0s), 0001/0310 VUs, 166487 complete and 0 interrupted iterations
step_00050 ✓ [ 100% ] 000/020 VUs    30s        50.00 iters/s
step_00100 ✓ [ 100% ] 000/020 VUs    30s        100.00 iters/s
step_00150 ✓ [ 100% ] 000/030 VUs    30s        150.00 iters/s
step_00200 ✓ [ 100% ] 000/040 VUs    30s        200.00 iters/s
step_00250 ✓ [ 100% ] 000/050 VUs    30s        250.00 iters/s
step_00300 ✓ [ 100% ] 000/060 VUs    30s        300.00 iters/s
step_00350 ✓ [ 100% ] 0000/0070 VUs  30s        350.00 iters/s
step_00400 ✓ [ 100% ] 0000/0080 VUs  30s        400.00 iters/s
step_00450 ✓ [ 100% ] 0000/0090 VUs  30s        450.00 iters/s
step_00500 ✓ [ 100% ] 0000/0100 VUs  30s        500.00 iters/s
step_00550 ✓ [ 100% ] 0000/0110 VUs  30s        550.00 iters/s
step_00600 ✓ [ 100% ] 0000/0120 VUs  30s        600.00 iters/s
step_00650 ✓ [ 100% ] 0000/0130 VUs  30s        650.00 iters/s
step_00700 ✓ [ 100% ] 0000/0140 VUs  30s        700.00 iters/s
step_00750   [  40% ] 0001/0150 VUs  12.0s/30s  750.00 iters/s
step_00800 • [   0% ] waiting        0m18.0s   

running (7m13.0s), 0001/0310 VUs, 167237 complete and 0 interrupted iterations
step_00050 ✓ [ 100% ] 000/020 VUs    30s        50.00 iters/s
step_00100 ✓ [ 100% ] 000/020 VUs    30s        100.00 iters/s
step_00150 ✓ [ 100% ] 000/030 VUs    30s        150.00 iters/s
step_00200 ✓ [ 100% ] 000/040 VUs    30s        200.00 iters/s
step_00250 ✓ [ 100% ] 000/050 VUs    30s        250.00 iters/s
step_00300 ✓ [ 100% ] 000/060 VUs    30s        300.00 iters/s
step_00350 ✓ [ 100% ] 0000/0070 VUs  30s        350.00 iters/s
step_00400 ✓ [ 100% ] 0000/0080 VUs  30s        400.00 iters/s
step_00450 ✓ [ 100% ] 0000/0090 VUs  30s        450.00 iters/s
step_00500 ✓ [ 100% ] 0000/0100 VUs  30s        500.00 iters/s
step_00550 ✓ [ 100% ] 0000/0110 VUs  30s        550.00 iters/s
step_00600 ✓ [ 100% ] 0000/0120 VUs  30s        600.00 iters/s
step_00650 ✓ [ 100% ] 0000/0130 VUs  30s        650.00 iters/s
step_00700 ✓ [ 100% ] 0000/0140 VUs  30s        700.00 iters/s
step_00750   [  43% ] 0001/0150 VUs  13.0s/30s  750.00 iters/s
step_00800 • [   0% ] waiting        0m17.0s   

running (7m14.0s), 0001/0310 VUs, 167987 complete and 0 interrupted iterations
step_00050 ✓ [ 100% ] 000/020 VUs    30s        50.00 iters/s
step_00100 ✓ [ 100% ] 000/020 VUs    30s        100.00 iters/s
step_00150 ✓ [ 100% ] 000/030 VUs    30s        150.00 iters/s
step_00200 ✓ [ 100% ] 000/040 VUs    30s        200.00 iters/s
step_00250 ✓ [ 100% ] 000/050 VUs    30s        250.00 iters/s
step_00300 ✓ [ 100% ] 000/060 VUs    30s        300.00 iters/s
step_00350 ✓ [ 100% ] 0000/0070 VUs  30s        350.00 iters/s
step_00400 ✓ [ 100% ] 0000/0080 VUs  30s        400.00 iters/s
step_00450 ✓ [ 100% ] 0000/0090 VUs  30s        450.00 iters/s
step_00500 ✓ [ 100% ] 0000/0100 VUs  30s        500.00 iters/s
step_00550 ✓ [ 100% ] 0000/0110 VUs  30s        550.00 iters/s
step_00600 ✓ [ 100% ] 0000/0120 VUs  30s        600.00 iters/s
step_00650 ✓ [ 100% ] 0000/0130 VUs  30s        650.00 iters/s
step_00700 ✓ [ 100% ] 0000/0140 VUs  30s        700.00 iters/s
step_00750   [  47% ] 0001/0150 VUs  14.0s/30s  750.00 iters/s
step_00800 • [   0% ] waiting        0m16.0s   

running (7m15.0s), 0000/0310 VUs, 168738 complete and 0 interrupted iterations
step_00050 ✓ [ 100% ] 000/020 VUs    30s        50.00 iters/s
step_00100 ✓ [ 100% ] 000/020 VUs    30s        100.00 iters/s
step_00150 ✓ [ 100% ] 000/030 VUs    30s        150.00 iters/s
step_00200 ✓ [ 100% ] 000/040 VUs    30s        200.00 iters/s
step_00250 ✓ [ 100% ] 000/050 VUs    30s        250.00 iters/s
step_00300 ✓ [ 100% ] 000/060 VUs    30s        300.00 iters/s
step_00350 ✓ [ 100% ] 0000/0070 VUs  30s        350.00 iters/s
step_00400 ✓ [ 100% ] 0000/0080 VUs  30s        400.00 iters/s
step_00450 ✓ [ 100% ] 0000/0090 VUs  30s        450.00 iters/s
step_00500 ✓ [ 100% ] 0000/0100 VUs  30s        500.00 iters/s
step_00550 ✓ [ 100% ] 0000/0110 VUs  30s        550.00 iters/s
step_00600 ✓ [ 100% ] 0000/0120 VUs  30s        600.00 iters/s
step_00650 ✓ [ 100% ] 0000/0130 VUs  30s        650.00 iters/s
step_00700 ✓ [ 100% ] 0000/0140 VUs  30s        700.00 iters/s
step_00750   [  50% ] 0000/0150 VUs  15.0s/30s  750.00 iters/s
step_00800 • [   0% ] waiting        0m15.0s   

running (7m16.0s), 0000/0310 VUs, 169488 complete and 0 interrupted iterations
step_00050 ✓ [ 100% ] 000/020 VUs    30s        50.00 iters/s
step_00100 ✓ [ 100% ] 000/020 VUs    30s        100.00 iters/s
step_00150 ✓ [ 100% ] 000/030 VUs    30s        150.00 iters/s
step_00200 ✓ [ 100% ] 000/040 VUs    30s        200.00 iters/s
step_00250 ✓ [ 100% ] 000/050 VUs    30s        250.00 iters/s
step_00300 ✓ [ 100% ] 000/060 VUs    30s        300.00 iters/s
step_00350 ✓ [ 100% ] 0000/0070 VUs  30s        350.00 iters/s
step_00400 ✓ [ 100% ] 0000/0080 VUs  30s        400.00 iters/s
step_00450 ✓ [ 100% ] 0000/0090 VUs  30s        450.00 iters/s
step_00500 ✓ [ 100% ] 0000/0100 VUs  30s        500.00 iters/s
step_00550 ✓ [ 100% ] 0000/0110 VUs  30s        550.00 iters/s
step_00600 ✓ [ 100% ] 0000/0120 VUs  30s        600.00 iters/s
step_00650 ✓ [ 100% ] 0000/0130 VUs  30s        650.00 iters/s
step_00700 ✓ [ 100% ] 0000/0140 VUs  30s        700.00 iters/s
step_00750   [  53% ] 0000/0150 VUs  16.0s/30s  750.00 iters/s
step_00800 • [   0% ] waiting        0m14.0s   

running (7m17.0s), 0001/0310 VUs, 170237 complete and 0 interrupted iterations
step_00050 ✓ [ 100% ] 000/020 VUs    30s        50.00 iters/s
step_00100 ✓ [ 100% ] 000/020 VUs    30s        100.00 iters/s
step_00150 ✓ [ 100% ] 000/030 VUs    30s        150.00 iters/s
step_00200 ✓ [ 100% ] 000/040 VUs    30s        200.00 iters/s
step_00250 ✓ [ 100% ] 000/050 VUs    30s        250.00 iters/s
step_00300 ✓ [ 100% ] 000/060 VUs    30s        300.00 iters/s
step_00350 ✓ [ 100% ] 0000/0070 VUs  30s        350.00 iters/s
step_00400 ✓ [ 100% ] 0000/0080 VUs  30s        400.00 iters/s
step_00450 ✓ [ 100% ] 0000/0090 VUs  30s        450.00 iters/s
step_00500 ✓ [ 100% ] 0000/0100 VUs  30s        500.00 iters/s
step_00550 ✓ [ 100% ] 0000/0110 VUs  30s        550.00 iters/s
step_00600 ✓ [ 100% ] 0000/0120 VUs  30s        600.00 iters/s
step_00650 ✓ [ 100% ] 0000/0130 VUs  30s        650.00 iters/s
step_00700 ✓ [ 100% ] 0000/0140 VUs  30s        700.00 iters/s
step_00750   [  57% ] 0001/0150 VUs  17.0s/30s  750.00 iters/s
step_00800 • [   0% ] waiting        0m13.0s   

running (7m18.0s), 0001/0310 VUs, 170987 complete and 0 interrupted iterations
step_00050 ✓ [ 100% ] 000/020 VUs    30s        50.00 iters/s
step_00100 ✓ [ 100% ] 000/020 VUs    30s        100.00 iters/s
step_00150 ✓ [ 100% ] 000/030 VUs    30s        150.00 iters/s
step_00200 ✓ [ 100% ] 000/040 VUs    30s        200.00 iters/s
step_00250 ✓ [ 100% ] 000/050 VUs    30s        250.00 iters/s
step_00300 ✓ [ 100% ] 000/060 VUs    30s        300.00 iters/s
step_00350 ✓ [ 100% ] 0000/0070 VUs  30s        350.00 iters/s
step_00400 ✓ [ 100% ] 0000/0080 VUs  30s        400.00 iters/s
step_00450 ✓ [ 100% ] 0000/0090 VUs  30s        450.00 iters/s
step_00500 ✓ [ 100% ] 0000/0100 VUs  30s        500.00 iters/s
step_00550 ✓ [ 100% ] 0000/0110 VUs  30s        550.00 iters/s
step_00600 ✓ [ 100% ] 0000/0120 VUs  30s        600.00 iters/s
step_00650 ✓ [ 100% ] 0000/0130 VUs  30s        650.00 iters/s
step_00700 ✓ [ 100% ] 0000/0140 VUs  30s        700.00 iters/s
step_00750   [  60% ] 0001/0150 VUs  18.0s/30s  750.00 iters/s
step_00800 • [   0% ] waiting        0m12.0s   

running (7m19.0s), 0001/0310 VUs, 171737 complete and 0 interrupted iterations
step_00050 ✓ [ 100% ] 000/020 VUs    30s        50.00 iters/s
step_00100 ✓ [ 100% ] 000/020 VUs    30s        100.00 iters/s
step_00150 ✓ [ 100% ] 000/030 VUs    30s        150.00 iters/s
step_00200 ✓ [ 100% ] 000/040 VUs    30s        200.00 iters/s
step_00250 ✓ [ 100% ] 000/050 VUs    30s        250.00 iters/s
step_00300 ✓ [ 100% ] 000/060 VUs    30s        300.00 iters/s
step_00350 ✓ [ 100% ] 0000/0070 VUs  30s        350.00 iters/s
step_00400 ✓ [ 100% ] 0000/0080 VUs  30s        400.00 iters/s
step_00450 ✓ [ 100% ] 0000/0090 VUs  30s        450.00 iters/s
step_00500 ✓ [ 100% ] 0000/0100 VUs  30s        500.00 iters/s
step_00550 ✓ [ 100% ] 0000/0110 VUs  30s        550.00 iters/s
step_00600 ✓ [ 100% ] 0000/0120 VUs  30s        600.00 iters/s
step_00650 ✓ [ 100% ] 0000/0130 VUs  30s        650.00 iters/s
step_00700 ✓ [ 100% ] 0000/0140 VUs  30s        700.00 iters/s
step_00750   [  63% ] 0001/0150 VUs  19.0s/30s  750.00 iters/s
step_00800 • [   0% ] waiting        0m11.0s   

running (7m20.0s), 0001/0310 VUs, 172487 complete and 0 interrupted iterations
step_00050 ✓ [ 100% ] 000/020 VUs    30s        50.00 iters/s
step_00100 ✓ [ 100% ] 000/020 VUs    30s        100.00 iters/s
step_00150 ✓ [ 100% ] 000/030 VUs    30s        150.00 iters/s
step_00200 ✓ [ 100% ] 000/040 VUs    30s        200.00 iters/s
step_00250 ✓ [ 100% ] 000/050 VUs    30s        250.00 iters/s
step_00300 ✓ [ 100% ] 000/060 VUs    30s        300.00 iters/s
step_00350 ✓ [ 100% ] 0000/0070 VUs  30s        350.00 iters/s
step_00400 ✓ [ 100% ] 0000/0080 VUs  30s        400.00 iters/s
step_00450 ✓ [ 100% ] 0000/0090 VUs  30s        450.00 iters/s
step_00500 ✓ [ 100% ] 0000/0100 VUs  30s        500.00 iters/s
step_00550 ✓ [ 100% ] 0000/0110 VUs  30s        550.00 iters/s
step_00600 ✓ [ 100% ] 0000/0120 VUs  30s        600.00 iters/s
step_00650 ✓ [ 100% ] 0000/0130 VUs  30s        650.00 iters/s
step_00700 ✓ [ 100% ] 0000/0140 VUs  30s        700.00 iters/s
step_00750   [  67% ] 0001/0150 VUs  20.0s/30s  750.00 iters/s
step_00800 • [   0% ] waiting        0m10.0s   

running (7m21.0s), 0001/0310 VUs, 173237 complete and 0 interrupted iterations
step_00050 ✓ [ 100% ] 000/020 VUs    30s        50.00 iters/s
step_00100 ✓ [ 100% ] 000/020 VUs    30s        100.00 iters/s
step_00150 ✓ [ 100% ] 000/030 VUs    30s        150.00 iters/s
step_00200 ✓ [ 100% ] 000/040 VUs    30s        200.00 iters/s
step_00250 ✓ [ 100% ] 000/050 VUs    30s        250.00 iters/s
step_00300 ✓ [ 100% ] 000/060 VUs    30s        300.00 iters/s
step_00350 ✓ [ 100% ] 0000/0070 VUs  30s        350.00 iters/s
step_00400 ✓ [ 100% ] 0000/0080 VUs  30s        400.00 iters/s
step_00450 ✓ [ 100% ] 0000/0090 VUs  30s        450.00 iters/s
step_00500 ✓ [ 100% ] 0000/0100 VUs  30s        500.00 iters/s
step_00550 ✓ [ 100% ] 0000/0110 VUs  30s        550.00 iters/s
step_00600 ✓ [ 100% ] 0000/0120 VUs  30s        600.00 iters/s
step_00650 ✓ [ 100% ] 0000/0130 VUs  30s        650.00 iters/s
step_00700 ✓ [ 100% ] 0000/0140 VUs  30s        700.00 iters/s
step_00750   [  70% ] 0001/0150 VUs  21.0s/30s  750.00 iters/s
step_00800 • [   0% ] waiting        0m09.0s   

running (7m22.0s), 0001/0310 VUs, 173987 complete and 0 interrupted iterations
step_00050 ✓ [ 100% ] 000/020 VUs    30s        50.00 iters/s
step_00100 ✓ [ 100% ] 000/020 VUs    30s        100.00 iters/s
step_00150 ✓ [ 100% ] 000/030 VUs    30s        150.00 iters/s
step_00200 ✓ [ 100% ] 000/040 VUs    30s        200.00 iters/s
step_00250 ✓ [ 100% ] 000/050 VUs    30s        250.00 iters/s
step_00300 ✓ [ 100% ] 000/060 VUs    30s        300.00 iters/s
step_00350 ✓ [ 100% ] 0000/0070 VUs  30s        350.00 iters/s
step_00400 ✓ [ 100% ] 0000/0080 VUs  30s        400.00 iters/s
step_00450 ✓ [ 100% ] 0000/0090 VUs  30s        450.00 iters/s
step_00500 ✓ [ 100% ] 0000/0100 VUs  30s        500.00 iters/s
step_00550 ✓ [ 100% ] 0000/0110 VUs  30s        550.00 iters/s
step_00600 ✓ [ 100% ] 0000/0120 VUs  30s        600.00 iters/s
step_00650 ✓ [ 100% ] 0000/0130 VUs  30s        650.00 iters/s
step_00700 ✓ [ 100% ] 0000/0140 VUs  30s        700.00 iters/s
step_00750   [  73% ] 0000/0150 VUs  22.0s/30s  750.00 iters/s
step_00800 • [   0% ] waiting        0m08.0s   

running (7m23.0s), 0001/0310 VUs, 174737 complete and 0 interrupted iterations
step_00050 ✓ [ 100% ] 000/020 VUs    30s        50.00 iters/s
step_00100 ✓ [ 100% ] 000/020 VUs    30s        100.00 iters/s
step_00150 ✓ [ 100% ] 000/030 VUs    30s        150.00 iters/s
step_00200 ✓ [ 100% ] 000/040 VUs    30s        200.00 iters/s
step_00250 ✓ [ 100% ] 000/050 VUs    30s        250.00 iters/s
step_00300 ✓ [ 100% ] 000/060 VUs    30s        300.00 iters/s
step_00350 ✓ [ 100% ] 0000/0070 VUs  30s        350.00 iters/s
step_00400 ✓ [ 100% ] 0000/0080 VUs  30s        400.00 iters/s
step_00450 ✓ [ 100% ] 0000/0090 VUs  30s        450.00 iters/s
step_00500 ✓ [ 100% ] 0000/0100 VUs  30s        500.00 iters/s
step_00550 ✓ [ 100% ] 0000/0110 VUs  30s        550.00 iters/s
step_00600 ✓ [ 100% ] 0000/0120 VUs  30s        600.00 iters/s
step_00650 ✓ [ 100% ] 0000/0130 VUs  30s        650.00 iters/s
step_00700 ✓ [ 100% ] 0000/0140 VUs  30s        700.00 iters/s
step_00750   [  77% ] 0001/0150 VUs  23.0s/30s  750.00 iters/s
step_00800 • [   0% ] waiting        0m07.0s   

running (7m24.0s), 0000/0310 VUs, 175488 complete and 0 interrupted iterations
step_00050 ✓ [ 100% ] 000/020 VUs    30s        50.00 iters/s
step_00100 ✓ [ 100% ] 000/020 VUs    30s        100.00 iters/s
step_00150 ✓ [ 100% ] 000/030 VUs    30s        150.00 iters/s
step_00200 ✓ [ 100% ] 000/040 VUs    30s        200.00 iters/s
step_00250 ✓ [ 100% ] 000/050 VUs    30s        250.00 iters/s
step_00300 ✓ [ 100% ] 000/060 VUs    30s        300.00 iters/s
step_00350 ✓ [ 100% ] 0000/0070 VUs  30s        350.00 iters/s
step_00400 ✓ [ 100% ] 0000/0080 VUs  30s        400.00 iters/s
step_00450 ✓ [ 100% ] 0000/0090 VUs  30s        450.00 iters/s
step_00500 ✓ [ 100% ] 0000/0100 VUs  30s        500.00 iters/s
step_00550 ✓ [ 100% ] 0000/0110 VUs  30s        550.00 iters/s
step_00600 ✓ [ 100% ] 0000/0120 VUs  30s        600.00 iters/s
step_00650 ✓ [ 100% ] 0000/0130 VUs  30s        650.00 iters/s
step_00700 ✓ [ 100% ] 0000/0140 VUs  30s        700.00 iters/s
step_00750   [  80% ] 0000/0150 VUs  24.0s/30s  750.00 iters/s
step_00800 • [   0% ] waiting        0m06.0s   

running (7m25.0s), 0001/0310 VUs, 176237 complete and 0 interrupted iterations
step_00050 ✓ [ 100% ] 000/020 VUs    30s        50.00 iters/s
step_00100 ✓ [ 100% ] 000/020 VUs    30s        100.00 iters/s
step_00150 ✓ [ 100% ] 000/030 VUs    30s        150.00 iters/s
step_00200 ✓ [ 100% ] 000/040 VUs    30s        200.00 iters/s
step_00250 ✓ [ 100% ] 000/050 VUs    30s        250.00 iters/s
step_00300 ✓ [ 100% ] 000/060 VUs    30s        300.00 iters/s
step_00350 ✓ [ 100% ] 0000/0070 VUs  30s        350.00 iters/s
step_00400 ✓ [ 100% ] 0000/0080 VUs  30s        400.00 iters/s
step_00450 ✓ [ 100% ] 0000/0090 VUs  30s        450.00 iters/s
step_00500 ✓ [ 100% ] 0000/0100 VUs  30s        500.00 iters/s
step_00550 ✓ [ 100% ] 0000/0110 VUs  30s        550.00 iters/s
step_00600 ✓ [ 100% ] 0000/0120 VUs  30s        600.00 iters/s
step_00650 ✓ [ 100% ] 0000/0130 VUs  30s        650.00 iters/s
step_00700 ✓ [ 100% ] 0000/0140 VUs  30s        700.00 iters/s
step_00750   [  83% ] 0001/0150 VUs  25.0s/30s  750.00 iters/s
step_00800 • [   0% ] waiting        0m05.0s   

running (7m26.0s), 0001/0310 VUs, 176987 complete and 0 interrupted iterations
step_00050 ✓ [ 100% ] 000/020 VUs    30s        50.00 iters/s
step_00100 ✓ [ 100% ] 000/020 VUs    30s        100.00 iters/s
step_00150 ✓ [ 100% ] 000/030 VUs    30s        150.00 iters/s
step_00200 ✓ [ 100% ] 000/040 VUs    30s        200.00 iters/s
step_00250 ✓ [ 100% ] 000/050 VUs    30s        250.00 iters/s
step_00300 ✓ [ 100% ] 000/060 VUs    30s        300.00 iters/s
step_00350 ✓ [ 100% ] 0000/0070 VUs  30s        350.00 iters/s
step_00400 ✓ [ 100% ] 0000/0080 VUs  30s        400.00 iters/s
step_00450 ✓ [ 100% ] 0000/0090 VUs  30s        450.00 iters/s
step_00500 ✓ [ 100% ] 0000/0100 VUs  30s        500.00 iters/s
step_00550 ✓ [ 100% ] 0000/0110 VUs  30s        550.00 iters/s
step_00600 ✓ [ 100% ] 0000/0120 VUs  30s        600.00 iters/s
step_00650 ✓ [ 100% ] 0000/0130 VUs  30s        650.00 iters/s
step_00700 ✓ [ 100% ] 0000/0140 VUs  30s        700.00 iters/s
step_00750   [  87% ] 0001/0150 VUs  26.0s/30s  750.00 iters/s
step_00800 • [   0% ] waiting        0m04.0s   

running (7m27.0s), 0001/0310 VUs, 177737 complete and 0 interrupted iterations
step_00050 ✓ [ 100% ] 000/020 VUs    30s        50.00 iters/s
step_00100 ✓ [ 100% ] 000/020 VUs    30s        100.00 iters/s
step_00150 ✓ [ 100% ] 000/030 VUs    30s        150.00 iters/s
step_00200 ✓ [ 100% ] 000/040 VUs    30s        200.00 iters/s
step_00250 ✓ [ 100% ] 000/050 VUs    30s        250.00 iters/s
step_00300 ✓ [ 100% ] 000/060 VUs    30s        300.00 iters/s
step_00350 ✓ [ 100% ] 0000/0070 VUs  30s        350.00 iters/s
step_00400 ✓ [ 100% ] 0000/0080 VUs  30s        400.00 iters/s
step_00450 ✓ [ 100% ] 0000/0090 VUs  30s        450.00 iters/s
step_00500 ✓ [ 100% ] 0000/0100 VUs  30s        500.00 iters/s
step_00550 ✓ [ 100% ] 0000/0110 VUs  30s        550.00 iters/s
step_00600 ✓ [ 100% ] 0000/0120 VUs  30s        600.00 iters/s
step_00650 ✓ [ 100% ] 0000/0130 VUs  30s        650.00 iters/s
step_00700 ✓ [ 100% ] 0000/0140 VUs  30s        700.00 iters/s
step_00750   [  90% ] 0001/0150 VUs  27.0s/30s  750.00 iters/s
step_00800 • [   0% ] waiting        0m03.0s   

running (7m28.0s), 0000/0310 VUs, 178488 complete and 0 interrupted iterations
step_00050 ✓ [ 100% ] 000/020 VUs    30s        50.00 iters/s
step_00100 ✓ [ 100% ] 000/020 VUs    30s        100.00 iters/s
step_00150 ✓ [ 100% ] 000/030 VUs    30s        150.00 iters/s
step_00200 ✓ [ 100% ] 000/040 VUs    30s        200.00 iters/s
step_00250 ✓ [ 100% ] 000/050 VUs    30s        250.00 iters/s
step_00300 ✓ [ 100% ] 000/060 VUs    30s        300.00 iters/s
step_00350 ✓ [ 100% ] 0000/0070 VUs  30s        350.00 iters/s
step_00400 ✓ [ 100% ] 0000/0080 VUs  30s        400.00 iters/s
step_00450 ✓ [ 100% ] 0000/0090 VUs  30s        450.00 iters/s
step_00500 ✓ [ 100% ] 0000/0100 VUs  30s        500.00 iters/s
step_00550 ✓ [ 100% ] 0000/0110 VUs  30s        550.00 iters/s
step_00600 ✓ [ 100% ] 0000/0120 VUs  30s        600.00 iters/s
step_00650 ✓ [ 100% ] 0000/0130 VUs  30s        650.00 iters/s
step_00700 ✓ [ 100% ] 0000/0140 VUs  30s        700.00 iters/s
step_00750   [  93% ] 0000/0150 VUs  28.0s/30s  750.00 iters/s
step_00800 • [   0% ] waiting        0m02.0s   

running (7m29.0s), 0001/0310 VUs, 179237 complete and 0 interrupted iterations
step_00050 ✓ [ 100% ] 000/020 VUs    30s        50.00 iters/s
step_00100 ✓ [ 100% ] 000/020 VUs    30s        100.00 iters/s
step_00150 ✓ [ 100% ] 000/030 VUs    30s        150.00 iters/s
step_00200 ✓ [ 100% ] 000/040 VUs    30s        200.00 iters/s
step_00250 ✓ [ 100% ] 000/050 VUs    30s        250.00 iters/s
step_00300 ✓ [ 100% ] 000/060 VUs    30s        300.00 iters/s
step_00350 ✓ [ 100% ] 0000/0070 VUs  30s        350.00 iters/s
step_00400 ✓ [ 100% ] 0000/0080 VUs  30s        400.00 iters/s
step_00450 ✓ [ 100% ] 0000/0090 VUs  30s        450.00 iters/s
step_00500 ✓ [ 100% ] 0000/0100 VUs  30s        500.00 iters/s
step_00550 ✓ [ 100% ] 0000/0110 VUs  30s        550.00 iters/s
step_00600 ✓ [ 100% ] 0000/0120 VUs  30s        600.00 iters/s
step_00650 ✓ [ 100% ] 0000/0130 VUs  30s        650.00 iters/s
step_00700 ✓ [ 100% ] 0000/0140 VUs  30s        700.00 iters/s
step_00750   [  97% ] 0001/0150 VUs  29.0s/30s  750.00 iters/s
step_00800 • [   0% ] waiting        0m01.0s   

running (7m30.0s), 0001/0310 VUs, 179987 complete and 0 interrupted iterations
step_00050 ✓ [ 100% ] 000/020 VUs    30s        50.00 iters/s
step_00100 ✓ [ 100% ] 000/020 VUs    30s        100.00 iters/s
step_00150 ✓ [ 100% ] 000/030 VUs    30s        150.00 iters/s
step_00200 ✓ [ 100% ] 000/040 VUs    30s        200.00 iters/s
step_00250 ✓ [ 100% ] 000/050 VUs    30s        250.00 iters/s
step_00300 ✓ [ 100% ] 000/060 VUs    30s        300.00 iters/s
step_00350 ✓ [ 100% ] 0000/0070 VUs  30s        350.00 iters/s
step_00400 ✓ [ 100% ] 0000/0080 VUs  30s        400.00 iters/s
step_00450 ✓ [ 100% ] 0000/0090 VUs  30s        450.00 iters/s
step_00500 ✓ [ 100% ] 0000/0100 VUs  30s        500.00 iters/s
step_00550 ✓ [ 100% ] 0000/0110 VUs  30s        550.00 iters/s
step_00600 ✓ [ 100% ] 0000/0120 VUs  30s        600.00 iters/s
step_00650 ✓ [ 100% ] 0000/0130 VUs  30s        650.00 iters/s
step_00700 ✓ [ 100% ] 0000/0140 VUs  30s        700.00 iters/s
step_00750   [ 100% ] 0001/0150 VUs  30.0s/30s  750.00 iters/s
step_00800 • [   0% ] waiting        0m00.0s   

running (7m31.0s), 0001/0310 VUs, 180788 complete and 0 interrupted iterations
step_00050 ✓ [ 100% ] 000/020 VUs    30s        50.00 iters/s
step_00100 ✓ [ 100% ] 000/020 VUs    30s        100.00 iters/s
step_00150 ✓ [ 100% ] 000/030 VUs    30s        150.00 iters/s
step_00200 ✓ [ 100% ] 000/040 VUs    30s        200.00 iters/s
step_00250 ✓ [ 100% ] 000/050 VUs    30s        250.00 iters/s
step_00300 ✓ [ 100% ] 000/060 VUs    30s        300.00 iters/s
step_00350 ✓ [ 100% ] 0000/0070 VUs  30s        350.00 iters/s
step_00400 ✓ [ 100% ] 0000/0080 VUs  30s        400.00 iters/s
step_00450 ✓ [ 100% ] 0000/0090 VUs  30s        450.00 iters/s
step_00500 ✓ [ 100% ] 0000/0100 VUs  30s        500.00 iters/s
step_00550 ✓ [ 100% ] 0000/0110 VUs  30s        550.00 iters/s
step_00600 ✓ [ 100% ] 0000/0120 VUs  30s        600.00 iters/s
step_00650 ✓ [ 100% ] 0000/0130 VUs  30s        650.00 iters/s
step_00700 ✓ [ 100% ] 0000/0140 VUs  30s        700.00 iters/s
step_00750 ✓ [ 100% ] 0000/0150 VUs  30s        750.00 iters/s
step_00800   [   3% ] 0001/0160 VUs  01.0s/30s  800.00 iters/s

running (7m32.0s), 0001/0310 VUs, 181588 complete and 0 interrupted iterations
step_00050 ✓ [ 100% ] 000/020 VUs    30s        50.00 iters/s
step_00100 ✓ [ 100% ] 000/020 VUs    30s        100.00 iters/s
step_00150 ✓ [ 100% ] 000/030 VUs    30s        150.00 iters/s
step_00200 ✓ [ 100% ] 000/040 VUs    30s        200.00 iters/s
step_00250 ✓ [ 100% ] 000/050 VUs    30s        250.00 iters/s
step_00300 ✓ [ 100% ] 000/060 VUs    30s        300.00 iters/s
step_00350 ✓ [ 100% ] 0000/0070 VUs  30s        350.00 iters/s
step_00400 ✓ [ 100% ] 0000/0080 VUs  30s        400.00 iters/s
step_00450 ✓ [ 100% ] 0000/0090 VUs  30s        450.00 iters/s
step_00500 ✓ [ 100% ] 0000/0100 VUs  30s        500.00 iters/s
step_00550 ✓ [ 100% ] 0000/0110 VUs  30s        550.00 iters/s
step_00600 ✓ [ 100% ] 0000/0120 VUs  30s        600.00 iters/s
step_00650 ✓ [ 100% ] 0000/0130 VUs  30s        650.00 iters/s
step_00700 ✓ [ 100% ] 0000/0140 VUs  30s        700.00 iters/s
step_00750 ✓ [ 100% ] 0000/0150 VUs  30s        750.00 iters/s
step_00800   [   7% ] 0001/0160 VUs  02.0s/30s  800.00 iters/s

running (7m33.0s), 0001/0310 VUs, 182388 complete and 0 interrupted iterations
step_00050 ✓ [ 100% ] 000/020 VUs    30s        50.00 iters/s
step_00100 ✓ [ 100% ] 000/020 VUs    30s        100.00 iters/s
step_00150 ✓ [ 100% ] 000/030 VUs    30s        150.00 iters/s
step_00200 ✓ [ 100% ] 000/040 VUs    30s        200.00 iters/s
step_00250 ✓ [ 100% ] 000/050 VUs    30s        250.00 iters/s
step_00300 ✓ [ 100% ] 000/060 VUs    30s        300.00 iters/s
step_00350 ✓ [ 100% ] 0000/0070 VUs  30s        350.00 iters/s
step_00400 ✓ [ 100% ] 0000/0080 VUs  30s        400.00 iters/s
step_00450 ✓ [ 100% ] 0000/0090 VUs  30s        450.00 iters/s
step_00500 ✓ [ 100% ] 0000/0100 VUs  30s        500.00 iters/s
step_00550 ✓ [ 100% ] 0000/0110 VUs  30s        550.00 iters/s
step_00600 ✓ [ 100% ] 0000/0120 VUs  30s        600.00 iters/s
step_00650 ✓ [ 100% ] 0000/0130 VUs  30s        650.00 iters/s
step_00700 ✓ [ 100% ] 0000/0140 VUs  30s        700.00 iters/s
step_00750 ✓ [ 100% ] 0000/0150 VUs  30s        750.00 iters/s
step_00800   [  10% ] 0001/0160 VUs  03.0s/30s  800.00 iters/s

running (7m34.0s), 0001/0310 VUs, 183188 complete and 0 interrupted iterations
step_00050 ✓ [ 100% ] 000/020 VUs    30s        50.00 iters/s
step_00100 ✓ [ 100% ] 000/020 VUs    30s        100.00 iters/s
step_00150 ✓ [ 100% ] 000/030 VUs    30s        150.00 iters/s
step_00200 ✓ [ 100% ] 000/040 VUs    30s        200.00 iters/s
step_00250 ✓ [ 100% ] 000/050 VUs    30s        250.00 iters/s
step_00300 ✓ [ 100% ] 000/060 VUs    30s        300.00 iters/s
step_00350 ✓ [ 100% ] 0000/0070 VUs  30s        350.00 iters/s
step_00400 ✓ [ 100% ] 0000/0080 VUs  30s        400.00 iters/s
step_00450 ✓ [ 100% ] 0000/0090 VUs  30s        450.00 iters/s
step_00500 ✓ [ 100% ] 0000/0100 VUs  30s        500.00 iters/s
step_00550 ✓ [ 100% ] 0000/0110 VUs  30s        550.00 iters/s
step_00600 ✓ [ 100% ] 0000/0120 VUs  30s        600.00 iters/s
step_00650 ✓ [ 100% ] 0000/0130 VUs  30s        650.00 iters/s
step_00700 ✓ [ 100% ] 0000/0140 VUs  30s        700.00 iters/s
step_00750 ✓ [ 100% ] 0000/0150 VUs  30s        750.00 iters/s
step_00800   [  13% ] 0001/0160 VUs  04.0s/30s  800.00 iters/s

running (7m35.0s), 0001/0310 VUs, 183988 complete and 0 interrupted iterations
step_00050 ✓ [ 100% ] 000/020 VUs    30s        50.00 iters/s
step_00100 ✓ [ 100% ] 000/020 VUs    30s        100.00 iters/s
step_00150 ✓ [ 100% ] 000/030 VUs    30s        150.00 iters/s
step_00200 ✓ [ 100% ] 000/040 VUs    30s        200.00 iters/s
step_00250 ✓ [ 100% ] 000/050 VUs    30s        250.00 iters/s
step_00300 ✓ [ 100% ] 000/060 VUs    30s        300.00 iters/s
step_00350 ✓ [ 100% ] 0000/0070 VUs  30s        350.00 iters/s
step_00400 ✓ [ 100% ] 0000/0080 VUs  30s        400.00 iters/s
step_00450 ✓ [ 100% ] 0000/0090 VUs  30s        450.00 iters/s
step_00500 ✓ [ 100% ] 0000/0100 VUs  30s        500.00 iters/s
step_00550 ✓ [ 100% ] 0000/0110 VUs  30s        550.00 iters/s
step_00600 ✓ [ 100% ] 0000/0120 VUs  30s        600.00 iters/s
step_00650 ✓ [ 100% ] 0000/0130 VUs  30s        650.00 iters/s
step_00700 ✓ [ 100% ] 0000/0140 VUs  30s        700.00 iters/s
step_00750 ✓ [ 100% ] 0000/0150 VUs  30s        750.00 iters/s
step_00800   [  17% ] 0001/0160 VUs  05.0s/30s  800.00 iters/s

running (7m36.0s), 0001/0310 VUs, 184787 complete and 0 interrupted iterations
step_00050 ✓ [ 100% ] 000/020 VUs    30s        50.00 iters/s
step_00100 ✓ [ 100% ] 000/020 VUs    30s        100.00 iters/s
step_00150 ✓ [ 100% ] 000/030 VUs    30s        150.00 iters/s
step_00200 ✓ [ 100% ] 000/040 VUs    30s        200.00 iters/s
step_00250 ✓ [ 100% ] 000/050 VUs    30s        250.00 iters/s
step_00300 ✓ [ 100% ] 000/060 VUs    30s        300.00 iters/s
step_00350 ✓ [ 100% ] 0000/0070 VUs  30s        350.00 iters/s
step_00400 ✓ [ 100% ] 0000/0080 VUs  30s        400.00 iters/s
step_00450 ✓ [ 100% ] 0000/0090 VUs  30s        450.00 iters/s
step_00500 ✓ [ 100% ] 0000/0100 VUs  30s        500.00 iters/s
step_00550 ✓ [ 100% ] 0000/0110 VUs  30s        550.00 iters/s
step_00600 ✓ [ 100% ] 0000/0120 VUs  30s        600.00 iters/s
step_00650 ✓ [ 100% ] 0000/0130 VUs  30s        650.00 iters/s
step_00700 ✓ [ 100% ] 0000/0140 VUs  30s        700.00 iters/s
step_00750 ✓ [ 100% ] 0000/0150 VUs  30s        750.00 iters/s
step_00800   [  20% ] 0002/0160 VUs  06.0s/30s  800.00 iters/s

running (7m37.0s), 0001/0310 VUs, 185588 complete and 0 interrupted iterations
step_00050 ✓ [ 100% ] 000/020 VUs    30s        50.00 iters/s
step_00100 ✓ [ 100% ] 000/020 VUs    30s        100.00 iters/s
step_00150 ✓ [ 100% ] 000/030 VUs    30s        150.00 iters/s
step_00200 ✓ [ 100% ] 000/040 VUs    30s        200.00 iters/s
step_00250 ✓ [ 100% ] 000/050 VUs    30s        250.00 iters/s
step_00300 ✓ [ 100% ] 000/060 VUs    30s        300.00 iters/s
step_00350 ✓ [ 100% ] 0000/0070 VUs  30s        350.00 iters/s
step_00400 ✓ [ 100% ] 0000/0080 VUs  30s        400.00 iters/s
step_00450 ✓ [ 100% ] 0000/0090 VUs  30s        450.00 iters/s
step_00500 ✓ [ 100% ] 0000/0100 VUs  30s        500.00 iters/s
step_00550 ✓ [ 100% ] 0000/0110 VUs  30s        550.00 iters/s
step_00600 ✓ [ 100% ] 0000/0120 VUs  30s        600.00 iters/s
step_00650 ✓ [ 100% ] 0000/0130 VUs  30s        650.00 iters/s
step_00700 ✓ [ 100% ] 0000/0140 VUs  30s        700.00 iters/s
step_00750 ✓ [ 100% ] 0000/0150 VUs  30s        750.00 iters/s
step_00800   [  23% ] 0001/0160 VUs  07.0s/30s  800.00 iters/s

running (7m38.0s), 0002/0310 VUs, 186387 complete and 0 interrupted iterations
step_00050 ✓ [ 100% ] 000/020 VUs    30s        50.00 iters/s
step_00100 ✓ [ 100% ] 000/020 VUs    30s        100.00 iters/s
step_00150 ✓ [ 100% ] 000/030 VUs    30s        150.00 iters/s
step_00200 ✓ [ 100% ] 000/040 VUs    30s        200.00 iters/s
step_00250 ✓ [ 100% ] 000/050 VUs    30s        250.00 iters/s
step_00300 ✓ [ 100% ] 000/060 VUs    30s        300.00 iters/s
step_00350 ✓ [ 100% ] 0000/0070 VUs  30s        350.00 iters/s
step_00400 ✓ [ 100% ] 0000/0080 VUs  30s        400.00 iters/s
step_00450 ✓ [ 100% ] 0000/0090 VUs  30s        450.00 iters/s
step_00500 ✓ [ 100% ] 0000/0100 VUs  30s        500.00 iters/s
step_00550 ✓ [ 100% ] 0000/0110 VUs  30s        550.00 iters/s
step_00600 ✓ [ 100% ] 0000/0120 VUs  30s        600.00 iters/s
step_00650 ✓ [ 100% ] 0000/0130 VUs  30s        650.00 iters/s
step_00700 ✓ [ 100% ] 0000/0140 VUs  30s        700.00 iters/s
step_00750 ✓ [ 100% ] 0000/0150 VUs  30s        750.00 iters/s
step_00800   [  27% ] 0002/0160 VUs  08.0s/30s  800.00 iters/s

running (7m39.0s), 0001/0310 VUs, 187188 complete and 0 interrupted iterations
step_00050 ✓ [ 100% ] 000/020 VUs    30s        50.00 iters/s
step_00100 ✓ [ 100% ] 000/020 VUs    30s        100.00 iters/s
step_00150 ✓ [ 100% ] 000/030 VUs    30s        150.00 iters/s
step_00200 ✓ [ 100% ] 000/040 VUs    30s        200.00 iters/s
step_00250 ✓ [ 100% ] 000/050 VUs    30s        250.00 iters/s
step_00300 ✓ [ 100% ] 000/060 VUs    30s        300.00 iters/s
step_00350 ✓ [ 100% ] 0000/0070 VUs  30s        350.00 iters/s
step_00400 ✓ [ 100% ] 0000/0080 VUs  30s        400.00 iters/s
step_00450 ✓ [ 100% ] 0000/0090 VUs  30s        450.00 iters/s
step_00500 ✓ [ 100% ] 0000/0100 VUs  30s        500.00 iters/s
step_00550 ✓ [ 100% ] 0000/0110 VUs  30s        550.00 iters/s
step_00600 ✓ [ 100% ] 0000/0120 VUs  30s        600.00 iters/s
step_00650 ✓ [ 100% ] 0000/0130 VUs  30s        650.00 iters/s
step_00700 ✓ [ 100% ] 0000/0140 VUs  30s        700.00 iters/s
step_00750 ✓ [ 100% ] 0000/0150 VUs  30s        750.00 iters/s
step_00800   [  30% ] 0001/0160 VUs  09.0s/30s  800.00 iters/s

running (7m40.0s), 0001/0310 VUs, 187988 complete and 0 interrupted iterations
step_00050 ✓ [ 100% ] 000/020 VUs    30s        50.00 iters/s
step_00100 ✓ [ 100% ] 000/020 VUs    30s        100.00 iters/s
step_00150 ✓ [ 100% ] 000/030 VUs    30s        150.00 iters/s
step_00200 ✓ [ 100% ] 000/040 VUs    30s        200.00 iters/s
step_00250 ✓ [ 100% ] 000/050 VUs    30s        250.00 iters/s
step_00300 ✓ [ 100% ] 000/060 VUs    30s        300.00 iters/s
step_00350 ✓ [ 100% ] 0000/0070 VUs  30s        350.00 iters/s
step_00400 ✓ [ 100% ] 0000/0080 VUs  30s        400.00 iters/s
step_00450 ✓ [ 100% ] 0000/0090 VUs  30s        450.00 iters/s
step_00500 ✓ [ 100% ] 0000/0100 VUs  30s        500.00 iters/s
step_00550 ✓ [ 100% ] 0000/0110 VUs  30s        550.00 iters/s
step_00600 ✓ [ 100% ] 0000/0120 VUs  30s        600.00 iters/s
step_00650 ✓ [ 100% ] 0000/0130 VUs  30s        650.00 iters/s
step_00700 ✓ [ 100% ] 0000/0140 VUs  30s        700.00 iters/s
step_00750 ✓ [ 100% ] 0000/0150 VUs  30s        750.00 iters/s
step_00800   [  33% ] 0001/0160 VUs  10.0s/30s  800.00 iters/s

running (7m41.0s), 0015/0310 VUs, 188773 complete and 0 interrupted iterations
step_00050 ✓ [ 100% ] 000/020 VUs    30s        50.00 iters/s
step_00100 ✓ [ 100% ] 000/020 VUs    30s        100.00 iters/s
step_00150 ✓ [ 100% ] 000/030 VUs    30s        150.00 iters/s
step_00200 ✓ [ 100% ] 000/040 VUs    30s        200.00 iters/s
step_00250 ✓ [ 100% ] 000/050 VUs    30s        250.00 iters/s
step_00300 ✓ [ 100% ] 000/060 VUs    30s        300.00 iters/s
step_00350 ✓ [ 100% ] 0000/0070 VUs  30s        350.00 iters/s
step_00400 ✓ [ 100% ] 0000/0080 VUs  30s        400.00 iters/s
step_00450 ✓ [ 100% ] 0000/0090 VUs  30s        450.00 iters/s
step_00500 ✓ [ 100% ] 0000/0100 VUs  30s        500.00 iters/s
step_00550 ✓ [ 100% ] 0000/0110 VUs  30s        550.00 iters/s
step_00600 ✓ [ 100% ] 0000/0120 VUs  30s        600.00 iters/s
step_00650 ✓ [ 100% ] 0000/0130 VUs  30s        650.00 iters/s
step_00700 ✓ [ 100% ] 0000/0140 VUs  30s        700.00 iters/s
step_00750 ✓ [ 100% ] 0000/0150 VUs  30s        750.00 iters/s
step_00800   [  37% ] 0016/0160 VUs  11.0s/30s  800.00 iters/s

running (7m42.0s), 0001/0310 VUs, 189588 complete and 0 interrupted iterations
step_00050 ✓ [ 100% ] 000/020 VUs    30s        50.00 iters/s
step_00100 ✓ [ 100% ] 000/020 VUs    30s        100.00 iters/s
step_00150 ✓ [ 100% ] 000/030 VUs    30s        150.00 iters/s
step_00200 ✓ [ 100% ] 000/040 VUs    30s        200.00 iters/s
step_00250 ✓ [ 100% ] 000/050 VUs    30s        250.00 iters/s
step_00300 ✓ [ 100% ] 000/060 VUs    30s        300.00 iters/s
step_00350 ✓ [ 100% ] 0000/0070 VUs  30s        350.00 iters/s
step_00400 ✓ [ 100% ] 0000/0080 VUs  30s        400.00 iters/s
step_00450 ✓ [ 100% ] 0000/0090 VUs  30s        450.00 iters/s
step_00500 ✓ [ 100% ] 0000/0100 VUs  30s        500.00 iters/s
step_00550 ✓ [ 100% ] 0000/0110 VUs  30s        550.00 iters/s
step_00600 ✓ [ 100% ] 0000/0120 VUs  30s        600.00 iters/s
step_00650 ✓ [ 100% ] 0000/0130 VUs  30s        650.00 iters/s
step_00700 ✓ [ 100% ] 0000/0140 VUs  30s        700.00 iters/s
step_00750 ✓ [ 100% ] 0000/0150 VUs  30s        750.00 iters/s
step_00800   [  40% ] 0001/0160 VUs  12.0s/30s  800.00 iters/s

running (7m43.0s), 0001/0310 VUs, 190388 complete and 0 interrupted iterations
step_00050 ✓ [ 100% ] 000/020 VUs    30s        50.00 iters/s
step_00100 ✓ [ 100% ] 000/020 VUs    30s        100.00 iters/s
step_00150 ✓ [ 100% ] 000/030 VUs    30s        150.00 iters/s
step_00200 ✓ [ 100% ] 000/040 VUs    30s        200.00 iters/s
step_00250 ✓ [ 100% ] 000/050 VUs    30s        250.00 iters/s
step_00300 ✓ [ 100% ] 000/060 VUs    30s        300.00 iters/s
step_00350 ✓ [ 100% ] 0000/0070 VUs  30s        350.00 iters/s
step_00400 ✓ [ 100% ] 0000/0080 VUs  30s        400.00 iters/s
step_00450 ✓ [ 100% ] 0000/0090 VUs  30s        450.00 iters/s
step_00500 ✓ [ 100% ] 0000/0100 VUs  30s        500.00 iters/s
step_00550 ✓ [ 100% ] 0000/0110 VUs  30s        550.00 iters/s
step_00600 ✓ [ 100% ] 0000/0120 VUs  30s        600.00 iters/s
step_00650 ✓ [ 100% ] 0000/0130 VUs  30s        650.00 iters/s
step_00700 ✓ [ 100% ] 0000/0140 VUs  30s        700.00 iters/s
step_00750 ✓ [ 100% ] 0000/0150 VUs  30s        750.00 iters/s
step_00800   [  43% ] 0001/0160 VUs  13.0s/30s  800.00 iters/s

running (7m44.0s), 0001/0310 VUs, 191188 complete and 0 interrupted iterations
step_00050 ✓ [ 100% ] 000/020 VUs    30s        50.00 iters/s
step_00100 ✓ [ 100% ] 000/020 VUs    30s        100.00 iters/s
step_00150 ✓ [ 100% ] 000/030 VUs    30s        150.00 iters/s
step_00200 ✓ [ 100% ] 000/040 VUs    30s        200.00 iters/s
step_00250 ✓ [ 100% ] 000/050 VUs    30s        250.00 iters/s
step_00300 ✓ [ 100% ] 000/060 VUs    30s        300.00 iters/s
step_00350 ✓ [ 100% ] 0000/0070 VUs  30s        350.00 iters/s
step_00400 ✓ [ 100% ] 0000/0080 VUs  30s        400.00 iters/s
step_00450 ✓ [ 100% ] 0000/0090 VUs  30s        450.00 iters/s
step_00500 ✓ [ 100% ] 0000/0100 VUs  30s        500.00 iters/s
step_00550 ✓ [ 100% ] 0000/0110 VUs  30s        550.00 iters/s
step_00600 ✓ [ 100% ] 0000/0120 VUs  30s        600.00 iters/s
step_00650 ✓ [ 100% ] 0000/0130 VUs  30s        650.00 iters/s
step_00700 ✓ [ 100% ] 0000/0140 VUs  30s        700.00 iters/s
step_00750 ✓ [ 100% ] 0000/0150 VUs  30s        750.00 iters/s
step_00800   [  47% ] 0001/0160 VUs  14.0s/30s  800.00 iters/s

running (7m45.0s), 0001/0310 VUs, 191988 complete and 0 interrupted iterations
step_00050 ✓ [ 100% ] 000/020 VUs    30s        50.00 iters/s
step_00100 ✓ [ 100% ] 000/020 VUs    30s        100.00 iters/s
step_00150 ✓ [ 100% ] 000/030 VUs    30s        150.00 iters/s
step_00200 ✓ [ 100% ] 000/040 VUs    30s        200.00 iters/s
step_00250 ✓ [ 100% ] 000/050 VUs    30s        250.00 iters/s
step_00300 ✓ [ 100% ] 000/060 VUs    30s        300.00 iters/s
step_00350 ✓ [ 100% ] 0000/0070 VUs  30s        350.00 iters/s
step_00400 ✓ [ 100% ] 0000/0080 VUs  30s        400.00 iters/s
step_00450 ✓ [ 100% ] 0000/0090 VUs  30s        450.00 iters/s
step_00500 ✓ [ 100% ] 0000/0100 VUs  30s        500.00 iters/s
step_00550 ✓ [ 100% ] 0000/0110 VUs  30s        550.00 iters/s
step_00600 ✓ [ 100% ] 0000/0120 VUs  30s        600.00 iters/s
step_00650 ✓ [ 100% ] 0000/0130 VUs  30s        650.00 iters/s
step_00700 ✓ [ 100% ] 0000/0140 VUs  30s        700.00 iters/s
step_00750 ✓ [ 100% ] 0000/0150 VUs  30s        750.00 iters/s
step_00800   [  50% ] 0001/0160 VUs  15.0s/30s  800.00 iters/s

running (7m46.0s), 0001/0310 VUs, 192788 complete and 0 interrupted iterations
step_00050 ✓ [ 100% ] 000/020 VUs    30s        50.00 iters/s
step_00100 ✓ [ 100% ] 000/020 VUs    30s        100.00 iters/s
step_00150 ✓ [ 100% ] 000/030 VUs    30s        150.00 iters/s
step_00200 ✓ [ 100% ] 000/040 VUs    30s        200.00 iters/s
step_00250 ✓ [ 100% ] 000/050 VUs    30s        250.00 iters/s
step_00300 ✓ [ 100% ] 000/060 VUs    30s        300.00 iters/s
step_00350 ✓ [ 100% ] 0000/0070 VUs  30s        350.00 iters/s
step_00400 ✓ [ 100% ] 0000/0080 VUs  30s        400.00 iters/s
step_00450 ✓ [ 100% ] 0000/0090 VUs  30s        450.00 iters/s
step_00500 ✓ [ 100% ] 0000/0100 VUs  30s        500.00 iters/s
step_00550 ✓ [ 100% ] 0000/0110 VUs  30s        550.00 iters/s
step_00600 ✓ [ 100% ] 0000/0120 VUs  30s        600.00 iters/s
step_00650 ✓ [ 100% ] 0000/0130 VUs  30s        650.00 iters/s
step_00700 ✓ [ 100% ] 0000/0140 VUs  30s        700.00 iters/s
step_00750 ✓ [ 100% ] 0000/0150 VUs  30s        750.00 iters/s
step_00800   [  53% ] 0001/0160 VUs  16.0s/30s  800.00 iters/s

running (7m47.0s), 0001/0310 VUs, 193588 complete and 0 interrupted iterations
step_00050 ✓ [ 100% ] 000/020 VUs    30s        50.00 iters/s
step_00100 ✓ [ 100% ] 000/020 VUs    30s        100.00 iters/s
step_00150 ✓ [ 100% ] 000/030 VUs    30s        150.00 iters/s
step_00200 ✓ [ 100% ] 000/040 VUs    30s        200.00 iters/s
step_00250 ✓ [ 100% ] 000/050 VUs    30s        250.00 iters/s
step_00300 ✓ [ 100% ] 000/060 VUs    30s        300.00 iters/s
step_00350 ✓ [ 100% ] 0000/0070 VUs  30s        350.00 iters/s
step_00400 ✓ [ 100% ] 0000/0080 VUs  30s        400.00 iters/s
step_00450 ✓ [ 100% ] 0000/0090 VUs  30s        450.00 iters/s
step_00500 ✓ [ 100% ] 0000/0100 VUs  30s        500.00 iters/s
step_00550 ✓ [ 100% ] 0000/0110 VUs  30s        550.00 iters/s
step_00600 ✓ [ 100% ] 0000/0120 VUs  30s        600.00 iters/s
step_00650 ✓ [ 100% ] 0000/0130 VUs  30s        650.00 iters/s
step_00700 ✓ [ 100% ] 0000/0140 VUs  30s        700.00 iters/s
step_00750 ✓ [ 100% ] 0000/0150 VUs  30s        750.00 iters/s
step_00800   [  57% ] 0001/0160 VUs  17.0s/30s  800.00 iters/s

running (7m48.0s), 0001/0310 VUs, 194388 complete and 0 interrupted iterations
step_00050 ✓ [ 100% ] 000/020 VUs    30s        50.00 iters/s
step_00100 ✓ [ 100% ] 000/020 VUs    30s        100.00 iters/s
step_00150 ✓ [ 100% ] 000/030 VUs    30s        150.00 iters/s
step_00200 ✓ [ 100% ] 000/040 VUs    30s        200.00 iters/s
step_00250 ✓ [ 100% ] 000/050 VUs    30s        250.00 iters/s
step_00300 ✓ [ 100% ] 000/060 VUs    30s        300.00 iters/s
step_00350 ✓ [ 100% ] 0000/0070 VUs  30s        350.00 iters/s
step_00400 ✓ [ 100% ] 0000/0080 VUs  30s        400.00 iters/s
step_00450 ✓ [ 100% ] 0000/0090 VUs  30s        450.00 iters/s
step_00500 ✓ [ 100% ] 0000/0100 VUs  30s        500.00 iters/s
step_00550 ✓ [ 100% ] 0000/0110 VUs  30s        550.00 iters/s
step_00600 ✓ [ 100% ] 0000/0120 VUs  30s        600.00 iters/s
step_00650 ✓ [ 100% ] 0000/0130 VUs  30s        650.00 iters/s
step_00700 ✓ [ 100% ] 0000/0140 VUs  30s        700.00 iters/s
step_00750 ✓ [ 100% ] 0000/0150 VUs  30s        750.00 iters/s
step_00800   [  60% ] 0001/0160 VUs  18.0s/30s  800.00 iters/s

running (7m49.0s), 0001/0310 VUs, 195188 complete and 0 interrupted iterations
step_00050 ✓ [ 100% ] 000/020 VUs    30s        50.00 iters/s
step_00100 ✓ [ 100% ] 000/020 VUs    30s        100.00 iters/s
step_00150 ✓ [ 100% ] 000/030 VUs    30s        150.00 iters/s
step_00200 ✓ [ 100% ] 000/040 VUs    30s        200.00 iters/s
step_00250 ✓ [ 100% ] 000/050 VUs    30s        250.00 iters/s
step_00300 ✓ [ 100% ] 000/060 VUs    30s        300.00 iters/s
step_00350 ✓ [ 100% ] 0000/0070 VUs  30s        350.00 iters/s
step_00400 ✓ [ 100% ] 0000/0080 VUs  30s        400.00 iters/s
step_00450 ✓ [ 100% ] 0000/0090 VUs  30s        450.00 iters/s
step_00500 ✓ [ 100% ] 0000/0100 VUs  30s        500.00 iters/s
step_00550 ✓ [ 100% ] 0000/0110 VUs  30s        550.00 iters/s
step_00600 ✓ [ 100% ] 0000/0120 VUs  30s        600.00 iters/s
step_00650 ✓ [ 100% ] 0000/0130 VUs  30s        650.00 iters/s
step_00700 ✓ [ 100% ] 0000/0140 VUs  30s        700.00 iters/s
step_00750 ✓ [ 100% ] 0000/0150 VUs  30s        750.00 iters/s
step_00800   [  63% ] 0001/0160 VUs  19.0s/30s  800.00 iters/s

running (7m50.0s), 0001/0310 VUs, 195988 complete and 0 interrupted iterations
step_00050 ✓ [ 100% ] 000/020 VUs    30s        50.00 iters/s
step_00100 ✓ [ 100% ] 000/020 VUs    30s        100.00 iters/s
step_00150 ✓ [ 100% ] 000/030 VUs    30s        150.00 iters/s
step_00200 ✓ [ 100% ] 000/040 VUs    30s        200.00 iters/s
step_00250 ✓ [ 100% ] 000/050 VUs    30s        250.00 iters/s
step_00300 ✓ [ 100% ] 000/060 VUs    30s        300.00 iters/s
step_00350 ✓ [ 100% ] 0000/0070 VUs  30s        350.00 iters/s
step_00400 ✓ [ 100% ] 0000/0080 VUs  30s        400.00 iters/s
step_00450 ✓ [ 100% ] 0000/0090 VUs  30s        450.00 iters/s
step_00500 ✓ [ 100% ] 0000/0100 VUs  30s        500.00 iters/s
step_00550 ✓ [ 100% ] 0000/0110 VUs  30s        550.00 iters/s
step_00600 ✓ [ 100% ] 0000/0120 VUs  30s        600.00 iters/s
step_00650 ✓ [ 100% ] 0000/0130 VUs  30s        650.00 iters/s
step_00700 ✓ [ 100% ] 0000/0140 VUs  30s        700.00 iters/s
step_00750 ✓ [ 100% ] 0000/0150 VUs  30s        750.00 iters/s
step_00800   [  67% ] 0001/0160 VUs  20.0s/30s  800.00 iters/s

running (7m51.0s), 0001/0310 VUs, 196788 complete and 0 interrupted iterations
step_00050 ✓ [ 100% ] 000/020 VUs    30s        50.00 iters/s
step_00100 ✓ [ 100% ] 000/020 VUs    30s        100.00 iters/s
step_00150 ✓ [ 100% ] 000/030 VUs    30s        150.00 iters/s
step_00200 ✓ [ 100% ] 000/040 VUs    30s        200.00 iters/s
step_00250 ✓ [ 100% ] 000/050 VUs    30s        250.00 iters/s
step_00300 ✓ [ 100% ] 000/060 VUs    30s        300.00 iters/s
step_00350 ✓ [ 100% ] 0000/0070 VUs  30s        350.00 iters/s
step_00400 ✓ [ 100% ] 0000/0080 VUs  30s        400.00 iters/s
step_00450 ✓ [ 100% ] 0000/0090 VUs  30s        450.00 iters/s
step_00500 ✓ [ 100% ] 0000/0100 VUs  30s        500.00 iters/s
step_00550 ✓ [ 100% ] 0000/0110 VUs  30s        550.00 iters/s
step_00600 ✓ [ 100% ] 0000/0120 VUs  30s        600.00 iters/s
step_00650 ✓ [ 100% ] 0000/0130 VUs  30s        650.00 iters/s
step_00700 ✓ [ 100% ] 0000/0140 VUs  30s        700.00 iters/s
step_00750 ✓ [ 100% ] 0000/0150 VUs  30s        750.00 iters/s
step_00800   [  70% ] 0001/0160 VUs  21.0s/30s  800.00 iters/s

running (7m52.0s), 0001/0310 VUs, 197588 complete and 0 interrupted iterations
step_00050 ✓ [ 100% ] 000/020 VUs    30s        50.00 iters/s
step_00100 ✓ [ 100% ] 000/020 VUs    30s        100.00 iters/s
step_00150 ✓ [ 100% ] 000/030 VUs    30s        150.00 iters/s
step_00200 ✓ [ 100% ] 000/040 VUs    30s        200.00 iters/s
step_00250 ✓ [ 100% ] 000/050 VUs    30s        250.00 iters/s
step_00300 ✓ [ 100% ] 000/060 VUs    30s        300.00 iters/s
step_00350 ✓ [ 100% ] 0000/0070 VUs  30s        350.00 iters/s
step_00400 ✓ [ 100% ] 0000/0080 VUs  30s        400.00 iters/s
step_00450 ✓ [ 100% ] 0000/0090 VUs  30s        450.00 iters/s
step_00500 ✓ [ 100% ] 0000/0100 VUs  30s        500.00 iters/s
step_00550 ✓ [ 100% ] 0000/0110 VUs  30s        550.00 iters/s
step_00600 ✓ [ 100% ] 0000/0120 VUs  30s        600.00 iters/s
step_00650 ✓ [ 100% ] 0000/0130 VUs  30s        650.00 iters/s
step_00700 ✓ [ 100% ] 0000/0140 VUs  30s        700.00 iters/s
step_00750 ✓ [ 100% ] 0000/0150 VUs  30s        750.00 iters/s
step_00800   [  73% ] 0001/0160 VUs  22.0s/30s  800.00 iters/s

running (7m53.0s), 0001/0310 VUs, 198388 complete and 0 interrupted iterations
step_00050 ✓ [ 100% ] 000/020 VUs    30s        50.00 iters/s
step_00100 ✓ [ 100% ] 000/020 VUs    30s        100.00 iters/s
step_00150 ✓ [ 100% ] 000/030 VUs    30s        150.00 iters/s
step_00200 ✓ [ 100% ] 000/040 VUs    30s        200.00 iters/s
step_00250 ✓ [ 100% ] 000/050 VUs    30s        250.00 iters/s
step_00300 ✓ [ 100% ] 000/060 VUs    30s        300.00 iters/s
step_00350 ✓ [ 100% ] 0000/0070 VUs  30s        350.00 iters/s
step_00400 ✓ [ 100% ] 0000/0080 VUs  30s        400.00 iters/s
step_00450 ✓ [ 100% ] 0000/0090 VUs  30s        450.00 iters/s
step_00500 ✓ [ 100% ] 0000/0100 VUs  30s        500.00 iters/s
step_00550 ✓ [ 100% ] 0000/0110 VUs  30s        550.00 iters/s
step_00600 ✓ [ 100% ] 0000/0120 VUs  30s        600.00 iters/s
step_00650 ✓ [ 100% ] 0000/0130 VUs  30s        650.00 iters/s
step_00700 ✓ [ 100% ] 0000/0140 VUs  30s        700.00 iters/s
step_00750 ✓ [ 100% ] 0000/0150 VUs  30s        750.00 iters/s
step_00800   [  77% ] 0001/0160 VUs  23.0s/30s  800.00 iters/s

running (7m54.0s), 0001/0310 VUs, 199188 complete and 0 interrupted iterations
step_00050 ✓ [ 100% ] 000/020 VUs    30s        50.00 iters/s
step_00100 ✓ [ 100% ] 000/020 VUs    30s        100.00 iters/s
step_00150 ✓ [ 100% ] 000/030 VUs    30s        150.00 iters/s
step_00200 ✓ [ 100% ] 000/040 VUs    30s        200.00 iters/s
step_00250 ✓ [ 100% ] 000/050 VUs    30s        250.00 iters/s
step_00300 ✓ [ 100% ] 000/060 VUs    30s        300.00 iters/s
step_00350 ✓ [ 100% ] 0000/0070 VUs  30s        350.00 iters/s
step_00400 ✓ [ 100% ] 0000/0080 VUs  30s        400.00 iters/s
step_00450 ✓ [ 100% ] 0000/0090 VUs  30s        450.00 iters/s
step_00500 ✓ [ 100% ] 0000/0100 VUs  30s        500.00 iters/s
step_00550 ✓ [ 100% ] 0000/0110 VUs  30s        550.00 iters/s
step_00600 ✓ [ 100% ] 0000/0120 VUs  30s        600.00 iters/s
step_00650 ✓ [ 100% ] 0000/0130 VUs  30s        650.00 iters/s
step_00700 ✓ [ 100% ] 0000/0140 VUs  30s        700.00 iters/s
step_00750 ✓ [ 100% ] 0000/0150 VUs  30s        750.00 iters/s
step_00800   [  80% ] 0001/0160 VUs  24.0s/30s  800.00 iters/s

running (7m55.0s), 0001/0310 VUs, 199988 complete and 0 interrupted iterations
step_00050 ✓ [ 100% ] 000/020 VUs    30s        50.00 iters/s
step_00100 ✓ [ 100% ] 000/020 VUs    30s        100.00 iters/s
step_00150 ✓ [ 100% ] 000/030 VUs    30s        150.00 iters/s
step_00200 ✓ [ 100% ] 000/040 VUs    30s        200.00 iters/s
step_00250 ✓ [ 100% ] 000/050 VUs    30s        250.00 iters/s
step_00300 ✓ [ 100% ] 000/060 VUs    30s        300.00 iters/s
step_00350 ✓ [ 100% ] 0000/0070 VUs  30s        350.00 iters/s
step_00400 ✓ [ 100% ] 0000/0080 VUs  30s        400.00 iters/s
step_00450 ✓ [ 100% ] 0000/0090 VUs  30s        450.00 iters/s
step_00500 ✓ [ 100% ] 0000/0100 VUs  30s        500.00 iters/s
step_00550 ✓ [ 100% ] 0000/0110 VUs  30s        550.00 iters/s
step_00600 ✓ [ 100% ] 0000/0120 VUs  30s        600.00 iters/s
step_00650 ✓ [ 100% ] 0000/0130 VUs  30s        650.00 iters/s
step_00700 ✓ [ 100% ] 0000/0140 VUs  30s        700.00 iters/s
step_00750 ✓ [ 100% ] 0000/0150 VUs  30s        750.00 iters/s
step_00800   [  83% ] 0001/0160 VUs  25.0s/30s  800.00 iters/s

running (7m56.0s), 0002/0310 VUs, 200787 complete and 0 interrupted iterations
step_00050 ✓ [ 100% ] 000/020 VUs    30s        50.00 iters/s
step_00100 ✓ [ 100% ] 000/020 VUs    30s        100.00 iters/s
step_00150 ✓ [ 100% ] 000/030 VUs    30s        150.00 iters/s
step_00200 ✓ [ 100% ] 000/040 VUs    30s        200.00 iters/s
step_00250 ✓ [ 100% ] 000/050 VUs    30s        250.00 iters/s
step_00300 ✓ [ 100% ] 000/060 VUs    30s        300.00 iters/s
step_00350 ✓ [ 100% ] 0000/0070 VUs  30s        350.00 iters/s
step_00400 ✓ [ 100% ] 0000/0080 VUs  30s        400.00 iters/s
step_00450 ✓ [ 100% ] 0000/0090 VUs  30s        450.00 iters/s
step_00500 ✓ [ 100% ] 0000/0100 VUs  30s        500.00 iters/s
step_00550 ✓ [ 100% ] 0000/0110 VUs  30s        550.00 iters/s
step_00600 ✓ [ 100% ] 0000/0120 VUs  30s        600.00 iters/s
step_00650 ✓ [ 100% ] 0000/0130 VUs  30s        650.00 iters/s
step_00700 ✓ [ 100% ] 0000/0140 VUs  30s        700.00 iters/s
step_00750 ✓ [ 100% ] 0000/0150 VUs  30s        750.00 iters/s
step_00800   [  87% ] 0002/0160 VUs  26.0s/30s  800.00 iters/s

running (7m57.0s), 0001/0310 VUs, 201588 complete and 0 interrupted iterations
step_00050 ✓ [ 100% ] 000/020 VUs    30s        50.00 iters/s
step_00100 ✓ [ 100% ] 000/020 VUs    30s        100.00 iters/s
step_00150 ✓ [ 100% ] 000/030 VUs    30s        150.00 iters/s
step_00200 ✓ [ 100% ] 000/040 VUs    30s        200.00 iters/s
step_00250 ✓ [ 100% ] 000/050 VUs    30s        250.00 iters/s
step_00300 ✓ [ 100% ] 000/060 VUs    30s        300.00 iters/s
step_00350 ✓ [ 100% ] 0000/0070 VUs  30s        350.00 iters/s
step_00400 ✓ [ 100% ] 0000/0080 VUs  30s        400.00 iters/s
step_00450 ✓ [ 100% ] 0000/0090 VUs  30s        450.00 iters/s
step_00500 ✓ [ 100% ] 0000/0100 VUs  30s        500.00 iters/s
step_00550 ✓ [ 100% ] 0000/0110 VUs  30s        550.00 iters/s
step_00600 ✓ [ 100% ] 0000/0120 VUs  30s        600.00 iters/s
step_00650 ✓ [ 100% ] 0000/0130 VUs  30s        650.00 iters/s
step_00700 ✓ [ 100% ] 0000/0140 VUs  30s        700.00 iters/s
step_00750 ✓ [ 100% ] 0000/0150 VUs  30s        750.00 iters/s
step_00800   [  90% ] 0001/0160 VUs  27.0s/30s  800.00 iters/s

running (7m58.0s), 0004/0310 VUs, 202385 complete and 0 interrupted iterations
step_00050 ✓ [ 100% ] 000/020 VUs    30s        50.00 iters/s
step_00100 ✓ [ 100% ] 000/020 VUs    30s        100.00 iters/s
step_00150 ✓ [ 100% ] 000/030 VUs    30s        150.00 iters/s
step_00200 ✓ [ 100% ] 000/040 VUs    30s        200.00 iters/s
step_00250 ✓ [ 100% ] 000/050 VUs    30s        250.00 iters/s
step_00300 ✓ [ 100% ] 000/060 VUs    30s        300.00 iters/s
step_00350 ✓ [ 100% ] 0000/0070 VUs  30s        350.00 iters/s
step_00400 ✓ [ 100% ] 0000/0080 VUs  30s        400.00 iters/s
step_00450 ✓ [ 100% ] 0000/0090 VUs  30s        450.00 iters/s
step_00500 ✓ [ 100% ] 0000/0100 VUs  30s        500.00 iters/s
step_00550 ✓ [ 100% ] 0000/0110 VUs  30s        550.00 iters/s
step_00600 ✓ [ 100% ] 0000/0120 VUs  30s        600.00 iters/s
step_00650 ✓ [ 100% ] 0000/0130 VUs  30s        650.00 iters/s
step_00700 ✓ [ 100% ] 0000/0140 VUs  30s        700.00 iters/s
step_00750 ✓ [ 100% ] 0000/0150 VUs  30s        750.00 iters/s
step_00800   [  93% ] 0004/0160 VUs  28.0s/30s  800.00 iters/s

running (7m59.0s), 0001/0310 VUs, 203188 complete and 0 interrupted iterations
step_00050 ✓ [ 100% ] 000/020 VUs    30s        50.00 iters/s
step_00100 ✓ [ 100% ] 000/020 VUs    30s        100.00 iters/s
step_00150 ✓ [ 100% ] 000/030 VUs    30s        150.00 iters/s
step_00200 ✓ [ 100% ] 000/040 VUs    30s        200.00 iters/s
step_00250 ✓ [ 100% ] 000/050 VUs    30s        250.00 iters/s
step_00300 ✓ [ 100% ] 000/060 VUs    30s        300.00 iters/s
step_00350 ✓ [ 100% ] 0000/0070 VUs  30s        350.00 iters/s
step_00400 ✓ [ 100% ] 0000/0080 VUs  30s        400.00 iters/s
step_00450 ✓ [ 100% ] 0000/0090 VUs  30s        450.00 iters/s
step_00500 ✓ [ 100% ] 0000/0100 VUs  30s        500.00 iters/s
step_00550 ✓ [ 100% ] 0000/0110 VUs  30s        550.00 iters/s
step_00600 ✓ [ 100% ] 0000/0120 VUs  30s        600.00 iters/s
step_00650 ✓ [ 100% ] 0000/0130 VUs  30s        650.00 iters/s
step_00700 ✓ [ 100% ] 0000/0140 VUs  30s        700.00 iters/s
step_00750 ✓ [ 100% ] 0000/0150 VUs  30s        750.00 iters/s
step_00800   [  97% ] 0001/0160 VUs  29.0s/30s  800.00 iters/s

running (8m00.0s), 0002/0310 VUs, 203987 complete and 0 interrupted iterations
step_00050 ✓ [ 100% ] 000/020 VUs    30s        50.00 iters/s
step_00100 ✓ [ 100% ] 000/020 VUs    30s        100.00 iters/s
step_00150 ✓ [ 100% ] 000/030 VUs    30s        150.00 iters/s
step_00200 ✓ [ 100% ] 000/040 VUs    30s        200.00 iters/s
step_00250 ✓ [ 100% ] 000/050 VUs    30s        250.00 iters/s
step_00300 ✓ [ 100% ] 000/060 VUs    30s        300.00 iters/s
step_00350 ✓ [ 100% ] 0000/0070 VUs  30s        350.00 iters/s
step_00400 ✓ [ 100% ] 0000/0080 VUs  30s        400.00 iters/s
step_00450 ✓ [ 100% ] 0000/0090 VUs  30s        450.00 iters/s
step_00500 ✓ [ 100% ] 0000/0100 VUs  30s        500.00 iters/s
step_00550 ✓ [ 100% ] 0000/0110 VUs  30s        550.00 iters/s
step_00600 ✓ [ 100% ] 0000/0120 VUs  30s        600.00 iters/s
step_00650 ✓ [ 100% ] 0000/0130 VUs  30s        650.00 iters/s
step_00700 ✓ [ 100% ] 0000/0140 VUs  30s        700.00 iters/s
step_00750 ✓ [ 100% ] 0000/0150 VUs  30s        750.00 iters/s
step_00800   [ 100% ] 0002/0160 VUs  30.0s/30s  800.00 iters/s

open-loop ramp: 16 steps, 50..800 rps in 50 rps steps of 30s
dropped_iterations = 0
wrote /Users/katha/Desktop/EliteLabIndividual_Research/testbedForFinApiZTA/microservices-api/psao-artifact/data/runs/2026-09-13T18-06-33Z-controller/k6_steps.csv

running (8m00.0s), 0000/0310 VUs, 204012 complete and 0 interrupted iterations
step_00050 ✓ [ 100% ] 000/020 VUs    30s  50.00 iters/s
step_00100 ✓ [ 100% ] 000/020 VUs    30s  100.00 iters/s
step_00150 ✓ [ 100% ] 000/030 VUs    30s  150.00 iters/s
step_00200 ✓ [ 100% ] 000/040 VUs    30s  200.00 iters/s
step_00250 ✓ [ 100% ] 000/050 VUs    30s  250.00 iters/s
step_00300 ✓ [ 100% ] 000/060 VUs    30s  300.00 iters/s
step_00350 ✓ [ 100% ] 0000/0070 VUs  30s  350.00 iters/s
step_00400 ✓ [ 100% ] 0000/0080 VUs  30s  400.00 iters/s
step_00450 ✓ [ 100% ] 0000/0090 VUs  30s  450.00 iters/s
step_00500 ✓ [ 100% ] 0000/0100 VUs  30s  500.00 iters/s
step_00550 ✓ [ 100% ] 0000/0110 VUs  30s  550.00 iters/s
step_00600 ✓ [ 100% ] 0000/0120 VUs  30s  600.00 iters/s
step_00650 ✓ [ 100% ] 0000/0130 VUs  30s  650.00 iters/s
step_00700 ✓ [ 100% ] 0000/0140 VUs  30s  700.00 iters/s
step_00750 ✓ [ 100% ] 0000/0150 VUs  30s  750.00 iters/s
step_00800 ✓ [ 100% ] 0000/0160 VUs  30s  800.00 iters/s
