
         /\      Grafana   /‾‾/  
    /\  /  \     |\  __   /  /   
   /  \/    \    | |/ /  /   ‾‾\ 
  /          \   |   (  |  (‾)  |
 / __________ \  |_|\_\  \_____/ 


     execution: local
        script: /Users/katha/Desktop/EliteLabIndividual_Research/testbedForFinApiZTA/psao-artifact/experiments/k6/openloop-ramp.js
        output: csv (/Users/katha/Desktop/EliteLabIndividual_Research/testbedForFinApiZTA/psao-artifact/data/runs/2026-09-13T12-49-53Z-ramp-S8/k6_raw.csv)

     scenarios: (100.00%) 20 scenarios, 5850 max VUs, 10m10s max duration (incl. graceful stop):
              * step_00050: 50.00 iterations/s for 30s (maxVUs: 20-150, gracefulStop: 10s)
              * step_00100: 100.00 iterations/s for 30s (maxVUs: 20-300, startTime: 30s, gracefulStop: 10s)
              * step_00150: 150.00 iterations/s for 30s (maxVUs: 30-450, startTime: 1m0s, gracefulStop: 10s)
              * step_00200: 200.00 iterations/s for 30s (maxVUs: 40-600, startTime: 1m30s, gracefulStop: 10s)
              * step_00250: 250.00 iterations/s for 30s (maxVUs: 50-750, startTime: 2m0s, gracefulStop: 10s)
              * step_00300: 300.00 iterations/s for 30s (maxVUs: 60-900, startTime: 2m30s, gracefulStop: 10s)
              * step_00350: 350.00 iterations/s for 30s (maxVUs: 70-1050, startTime: 3m0s, gracefulStop: 10s)
              * step_00400: 400.00 iterations/s for 30s (maxVUs: 80-1200, startTime: 3m30s, gracefulStop: 10s)
              * step_00450: 450.00 iterations/s for 30s (maxVUs: 90-1350, startTime: 4m0s, gracefulStop: 10s)
              * step_00500: 500.00 iterations/s for 30s (maxVUs: 100-1500, startTime: 4m30s, gracefulStop: 10s)
              * step_00550: 550.00 iterations/s for 30s (maxVUs: 110-1650, startTime: 5m0s, gracefulStop: 10s)
              * step_00600: 600.00 iterations/s for 30s (maxVUs: 120-1800, startTime: 5m30s, gracefulStop: 10s)
              * step_00650: 650.00 iterations/s for 30s (maxVUs: 130-1950, startTime: 6m0s, gracefulStop: 10s)
              * step_00700: 700.00 iterations/s for 30s (maxVUs: 140-2100, startTime: 6m30s, gracefulStop: 10s)
              * step_00750: 750.00 iterations/s for 30s (maxVUs: 150-2250, startTime: 7m0s, gracefulStop: 10s)
              * step_00800: 800.00 iterations/s for 30s (maxVUs: 160-2400, startTime: 7m30s, gracefulStop: 10s)
              * step_00850: 850.00 iterations/s for 30s (maxVUs: 170-2550, startTime: 8m0s, gracefulStop: 10s)
              * step_00900: 900.00 iterations/s for 30s (maxVUs: 180-2700, startTime: 8m30s, gracefulStop: 10s)
              * step_00950: 950.00 iterations/s for 30s (maxVUs: 190-2850, startTime: 9m0s, gracefulStop: 10s)
              * step_01000: 1000.00 iterations/s for 30s (maxVUs: 200-3000, startTime: 9m30s, gracefulStop: 10s)


running (00m01.0s), 0000/0390 VUs, 48 complete and 0 interrupted iterations
step_00050   [   3% ] 000/020 VUs  01.0s/30s  50.00 iters/s
step_00100 • [   0% ] waiting      29.0s     
step_00150 • [   0% ] waiting      0m59.0s   
step_00200 • [   0% ] waiting      1m29.0s   
step_00250 • [   0% ] waiting      1m59.0s   
step_00300 • [   0% ] waiting      2m29.0s   
step_00350 • [   0% ] waiting      2m59.0s   
step_00400 • [   0% ] waiting      3m29.0s   
step_00450 • [   0% ] waiting      3m59.0s   
step_00500 • [   0% ] waiting      4m29.0s   
step_00550 • [   0% ] waiting      4m59.0s   
step_00600 • [   0% ] waiting      5m29.0s   
step_00650 • [   0% ] waiting      5m59.0s   
step_00700 • [   0% ] waiting      6m29.0s   
step_00750 • [   0% ] waiting      6m59.0s   
step_00800 • [   0% ] waiting      7m29.0s   
step_00850 • [   0% ] waiting      7m59.0s   
step_00900 • [   0% ] waiting      8m29.0s   
step_00950 • [   0% ] waiting      8m59.0s   
step_01000 • [   0% ] waiting      9m29.0s   

running (00m02.0s), 0000/0390 VUs, 98 complete and 0 interrupted iterations
step_00050   [   7% ] 000/020 VUs  02.0s/30s  50.00 iters/s
step_00100 • [   0% ] waiting      28.0s     
step_00150 • [   0% ] waiting      0m58.0s   
step_00200 • [   0% ] waiting      1m28.0s   
step_00250 • [   0% ] waiting      1m58.0s   
step_00300 • [   0% ] waiting      2m28.0s   
step_00350 • [   0% ] waiting      2m58.0s   
step_00400 • [   0% ] waiting      3m28.0s   
step_00450 • [   0% ] waiting      3m58.0s   
step_00500 • [   0% ] waiting      4m28.0s   
step_00550 • [   0% ] waiting      4m58.0s   
step_00600 • [   0% ] waiting      5m28.0s   
step_00650 • [   0% ] waiting      5m58.0s   
step_00700 • [   0% ] waiting      6m28.0s   
step_00750 • [   0% ] waiting      6m58.0s   
step_00800 • [   0% ] waiting      7m28.0s   
step_00850 • [   0% ] waiting      7m58.0s   
step_00900 • [   0% ] waiting      8m28.0s   
step_00950 • [   0% ] waiting      8m58.0s   
step_01000 • [   0% ] waiting      9m28.0s   

running (00m03.0s), 0000/0390 VUs, 148 complete and 0 interrupted iterations
step_00050   [  10% ] 000/020 VUs  03.0s/30s  50.00 iters/s
step_00100 • [   0% ] waiting      27.0s     
step_00150 • [   0% ] waiting      0m57.0s   
step_00200 • [   0% ] waiting      1m27.0s   
step_00250 • [   0% ] waiting      1m57.0s   
step_00300 • [   0% ] waiting      2m27.0s   
step_00350 • [   0% ] waiting      2m57.0s   
step_00400 • [   0% ] waiting      3m27.0s   
step_00450 • [   0% ] waiting      3m57.0s   
step_00500 • [   0% ] waiting      4m27.0s   
step_00550 • [   0% ] waiting      4m57.0s   
step_00600 • [   0% ] waiting      5m27.0s   
step_00650 • [   0% ] waiting      5m57.0s   
step_00700 • [   0% ] waiting      6m27.0s   
step_00750 • [   0% ] waiting      6m57.0s   
step_00800 • [   0% ] waiting      7m27.0s   
step_00850 • [   0% ] waiting      7m57.0s   
step_00900 • [   0% ] waiting      8m27.0s   
step_00950 • [   0% ] waiting      8m57.0s   
step_01000 • [   0% ] waiting      9m27.0s   

running (00m04.0s), 0000/0390 VUs, 198 complete and 0 interrupted iterations
step_00050   [  13% ] 000/020 VUs  04.0s/30s  50.00 iters/s
step_00100 • [   0% ] waiting      26.0s     
step_00150 • [   0% ] waiting      0m56.0s   
step_00200 • [   0% ] waiting      1m26.0s   
step_00250 • [   0% ] waiting      1m56.0s   
step_00300 • [   0% ] waiting      2m26.0s   
step_00350 • [   0% ] waiting      2m56.0s   
step_00400 • [   0% ] waiting      3m26.0s   
step_00450 • [   0% ] waiting      3m56.0s   
step_00500 • [   0% ] waiting      4m26.0s   
step_00550 • [   0% ] waiting      4m56.0s   
step_00600 • [   0% ] waiting      5m26.0s   
step_00650 • [   0% ] waiting      5m56.0s   
step_00700 • [   0% ] waiting      6m26.0s   
step_00750 • [   0% ] waiting      6m56.0s   
step_00800 • [   0% ] waiting      7m26.0s   
step_00850 • [   0% ] waiting      7m56.0s   
step_00900 • [   0% ] waiting      8m26.0s   
step_00950 • [   0% ] waiting      8m56.0s   
step_01000 • [   0% ] waiting      9m26.0s   

running (00m05.0s), 0000/0390 VUs, 248 complete and 0 interrupted iterations
step_00050   [  17% ] 000/020 VUs  05.0s/30s  50.00 iters/s
step_00100 • [   0% ] waiting      25.0s     
step_00150 • [   0% ] waiting      0m55.0s   
step_00200 • [   0% ] waiting      1m25.0s   
step_00250 • [   0% ] waiting      1m55.0s   
step_00300 • [   0% ] waiting      2m25.0s   
step_00350 • [   0% ] waiting      2m55.0s   
step_00400 • [   0% ] waiting      3m25.0s   
step_00450 • [   0% ] waiting      3m55.0s   
step_00500 • [   0% ] waiting      4m25.0s   
step_00550 • [   0% ] waiting      4m55.0s   
step_00600 • [   0% ] waiting      5m25.0s   
step_00650 • [   0% ] waiting      5m55.0s   
step_00700 • [   0% ] waiting      6m25.0s   
step_00750 • [   0% ] waiting      6m55.0s   
step_00800 • [   0% ] waiting      7m25.0s   
step_00850 • [   0% ] waiting      7m55.0s   
step_00900 • [   0% ] waiting      8m25.0s   
step_00950 • [   0% ] waiting      8m55.0s   
step_01000 • [   0% ] waiting      9m25.0s   

running (00m06.0s), 0000/0390 VUs, 298 complete and 0 interrupted iterations
step_00050   [  20% ] 000/020 VUs  06.0s/30s  50.00 iters/s
step_00100 • [   0% ] waiting      24.0s     
step_00150 • [   0% ] waiting      0m54.0s   
step_00200 • [   0% ] waiting      1m24.0s   
step_00250 • [   0% ] waiting      1m54.0s   
step_00300 • [   0% ] waiting      2m24.0s   
step_00350 • [   0% ] waiting      2m54.0s   
step_00400 • [   0% ] waiting      3m24.0s   
step_00450 • [   0% ] waiting      3m54.0s   
step_00500 • [   0% ] waiting      4m24.0s   
step_00550 • [   0% ] waiting      4m54.0s   
step_00600 • [   0% ] waiting      5m24.0s   
step_00650 • [   0% ] waiting      5m54.0s   
step_00700 • [   0% ] waiting      6m24.0s   
step_00750 • [   0% ] waiting      6m54.0s   
step_00800 • [   0% ] waiting      7m24.0s   
step_00850 • [   0% ] waiting      7m54.0s   
step_00900 • [   0% ] waiting      8m24.0s   
step_00950 • [   0% ] waiting      8m54.0s   
step_01000 • [   0% ] waiting      9m24.0s   

running (00m07.0s), 0000/0390 VUs, 348 complete and 0 interrupted iterations
step_00050   [  23% ] 000/020 VUs  07.0s/30s  50.00 iters/s
step_00100 • [   0% ] waiting      23.0s     
step_00150 • [   0% ] waiting      0m53.0s   
step_00200 • [   0% ] waiting      1m23.0s   
step_00250 • [   0% ] waiting      1m53.0s   
step_00300 • [   0% ] waiting      2m23.0s   
step_00350 • [   0% ] waiting      2m53.0s   
step_00400 • [   0% ] waiting      3m23.0s   
step_00450 • [   0% ] waiting      3m53.0s   
step_00500 • [   0% ] waiting      4m23.0s   
step_00550 • [   0% ] waiting      4m53.0s   
step_00600 • [   0% ] waiting      5m23.0s   
step_00650 • [   0% ] waiting      5m53.0s   
step_00700 • [   0% ] waiting      6m23.0s   
step_00750 • [   0% ] waiting      6m53.0s   
step_00800 • [   0% ] waiting      7m23.0s   
step_00850 • [   0% ] waiting      7m53.0s   
step_00900 • [   0% ] waiting      8m23.0s   
step_00950 • [   0% ] waiting      8m53.0s   
step_01000 • [   0% ] waiting      9m23.0s   

running (00m08.0s), 0000/0390 VUs, 398 complete and 0 interrupted iterations
step_00050   [  27% ] 000/020 VUs  08.0s/30s  50.00 iters/s
step_00100 • [   0% ] waiting      22.0s     
step_00150 • [   0% ] waiting      0m52.0s   
step_00200 • [   0% ] waiting      1m22.0s   
step_00250 • [   0% ] waiting      1m52.0s   
step_00300 • [   0% ] waiting      2m22.0s   
step_00350 • [   0% ] waiting      2m52.0s   
step_00400 • [   0% ] waiting      3m22.0s   
step_00450 • [   0% ] waiting      3m52.0s   
step_00500 • [   0% ] waiting      4m22.0s   
step_00550 • [   0% ] waiting      4m52.0s   
step_00600 • [   0% ] waiting      5m22.0s   
step_00650 • [   0% ] waiting      5m52.0s   
step_00700 • [   0% ] waiting      6m22.0s   
step_00750 • [   0% ] waiting      6m52.0s   
step_00800 • [   0% ] waiting      7m22.0s   
step_00850 • [   0% ] waiting      7m52.0s   
step_00900 • [   0% ] waiting      8m22.0s   
step_00950 • [   0% ] waiting      8m52.0s   
step_01000 • [   0% ] waiting      9m22.0s   

running (00m09.0s), 0000/0390 VUs, 448 complete and 0 interrupted iterations
step_00050   [  30% ] 000/020 VUs  09.0s/30s  50.00 iters/s
step_00100 • [   0% ] waiting      21.0s     
step_00150 • [   0% ] waiting      0m51.0s   
step_00200 • [   0% ] waiting      1m21.0s   
step_00250 • [   0% ] waiting      1m51.0s   
step_00300 • [   0% ] waiting      2m21.0s   
step_00350 • [   0% ] waiting      2m51.0s   
step_00400 • [   0% ] waiting      3m21.0s   
step_00450 • [   0% ] waiting      3m51.0s   
step_00500 • [   0% ] waiting      4m21.0s   
step_00550 • [   0% ] waiting      4m51.0s   
step_00600 • [   0% ] waiting      5m21.0s   
step_00650 • [   0% ] waiting      5m51.0s   
step_00700 • [   0% ] waiting      6m21.0s   
step_00750 • [   0% ] waiting      6m51.0s   
step_00800 • [   0% ] waiting      7m21.0s   
step_00850 • [   0% ] waiting      7m51.0s   
step_00900 • [   0% ] waiting      8m21.0s   
step_00950 • [   0% ] waiting      8m51.0s   
step_01000 • [   0% ] waiting      9m21.0s   

running (00m10.0s), 0000/0390 VUs, 498 complete and 0 interrupted iterations
step_00050   [  33% ] 000/020 VUs  10.0s/30s  50.00 iters/s
step_00100 • [   0% ] waiting      20.0s     
step_00150 • [   0% ] waiting      0m50.0s   
step_00200 • [   0% ] waiting      1m20.0s   
step_00250 • [   0% ] waiting      1m50.0s   
step_00300 • [   0% ] waiting      2m20.0s   
step_00350 • [   0% ] waiting      2m50.0s   
step_00400 • [   0% ] waiting      3m20.0s   
step_00450 • [   0% ] waiting      3m50.0s   
step_00500 • [   0% ] waiting      4m20.0s   
step_00550 • [   0% ] waiting      4m50.0s   
step_00600 • [   0% ] waiting      5m20.0s   
step_00650 • [   0% ] waiting      5m50.0s   
step_00700 • [   0% ] waiting      6m20.0s   
step_00750 • [   0% ] waiting      6m50.0s   
step_00800 • [   0% ] waiting      7m20.0s   
step_00850 • [   0% ] waiting      7m50.0s   
step_00900 • [   0% ] waiting      8m20.0s   
step_00950 • [   0% ] waiting      8m50.0s   
step_01000 • [   0% ] waiting      9m20.0s   

running (00m11.0s), 0000/0390 VUs, 548 complete and 0 interrupted iterations
step_00050   [  37% ] 000/020 VUs  11.0s/30s  50.00 iters/s
step_00100 • [   0% ] waiting      19.0s     
step_00150 • [   0% ] waiting      0m49.0s   
step_00200 • [   0% ] waiting      1m19.0s   
step_00250 • [   0% ] waiting      1m49.0s   
step_00300 • [   0% ] waiting      2m19.0s   
step_00350 • [   0% ] waiting      2m49.0s   
step_00400 • [   0% ] waiting      3m19.0s   
step_00450 • [   0% ] waiting      3m49.0s   
step_00500 • [   0% ] waiting      4m19.0s   
step_00550 • [   0% ] waiting      4m49.0s   
step_00600 • [   0% ] waiting      5m19.0s   
step_00650 • [   0% ] waiting      5m49.0s   
step_00700 • [   0% ] waiting      6m19.0s   
step_00750 • [   0% ] waiting      6m49.0s   
step_00800 • [   0% ] waiting      7m19.0s   
step_00850 • [   0% ] waiting      7m49.0s   
step_00900 • [   0% ] waiting      8m19.0s   
step_00950 • [   0% ] waiting      8m49.0s   
step_01000 • [   0% ] waiting      9m19.0s   

running (00m12.0s), 0000/0390 VUs, 598 complete and 0 interrupted iterations
step_00050   [  40% ] 000/020 VUs  12.0s/30s  50.00 iters/s
step_00100 • [   0% ] waiting      18.0s     
step_00150 • [   0% ] waiting      0m48.0s   
step_00200 • [   0% ] waiting      1m18.0s   
step_00250 • [   0% ] waiting      1m48.0s   
step_00300 • [   0% ] waiting      2m18.0s   
step_00350 • [   0% ] waiting      2m48.0s   
step_00400 • [   0% ] waiting      3m18.0s   
step_00450 • [   0% ] waiting      3m48.0s   
step_00500 • [   0% ] waiting      4m18.0s   
step_00550 • [   0% ] waiting      4m48.0s   
step_00600 • [   0% ] waiting      5m18.0s   
step_00650 • [   0% ] waiting      5m48.0s   
step_00700 • [   0% ] waiting      6m18.0s   
step_00750 • [   0% ] waiting      6m48.0s   
step_00800 • [   0% ] waiting      7m18.0s   
step_00850 • [   0% ] waiting      7m48.0s   
step_00900 • [   0% ] waiting      8m18.0s   
step_00950 • [   0% ] waiting      8m48.0s   
step_01000 • [   0% ] waiting      9m18.0s   

running (00m13.0s), 0000/0390 VUs, 648 complete and 0 interrupted iterations
step_00050   [  43% ] 000/020 VUs  13.0s/30s  50.00 iters/s
step_00100 • [   0% ] waiting      17.0s     
step_00150 • [   0% ] waiting      0m47.0s   
step_00200 • [   0% ] waiting      1m17.0s   
step_00250 • [   0% ] waiting      1m47.0s   
step_00300 • [   0% ] waiting      2m17.0s   
step_00350 • [   0% ] waiting      2m47.0s   
step_00400 • [   0% ] waiting      3m17.0s   
step_00450 • [   0% ] waiting      3m47.0s   
step_00500 • [   0% ] waiting      4m17.0s   
step_00550 • [   0% ] waiting      4m47.0s   
step_00600 • [   0% ] waiting      5m17.0s   
step_00650 • [   0% ] waiting      5m47.0s   
step_00700 • [   0% ] waiting      6m17.0s   
step_00750 • [   0% ] waiting      6m47.0s   
step_00800 • [   0% ] waiting      7m17.0s   
step_00850 • [   0% ] waiting      7m47.0s   
step_00900 • [   0% ] waiting      8m17.0s   
step_00950 • [   0% ] waiting      8m47.0s   
step_01000 • [   0% ] waiting      9m17.0s   

running (00m14.0s), 0000/0390 VUs, 698 complete and 0 interrupted iterations
step_00050   [  47% ] 000/020 VUs  14.0s/30s  50.00 iters/s
step_00100 • [   0% ] waiting      16.0s     
step_00150 • [   0% ] waiting      0m46.0s   
step_00200 • [   0% ] waiting      1m16.0s   
step_00250 • [   0% ] waiting      1m46.0s   
step_00300 • [   0% ] waiting      2m16.0s   
step_00350 • [   0% ] waiting      2m46.0s   
step_00400 • [   0% ] waiting      3m16.0s   
step_00450 • [   0% ] waiting      3m46.0s   
step_00500 • [   0% ] waiting      4m16.0s   
step_00550 • [   0% ] waiting      4m46.0s   
step_00600 • [   0% ] waiting      5m16.0s   
step_00650 • [   0% ] waiting      5m46.0s   
step_00700 • [   0% ] waiting      6m16.0s   
step_00750 • [   0% ] waiting      6m46.0s   
step_00800 • [   0% ] waiting      7m16.0s   
step_00850 • [   0% ] waiting      7m46.0s   
step_00900 • [   0% ] waiting      8m16.0s   
step_00950 • [   0% ] waiting      8m46.0s   
step_01000 • [   0% ] waiting      9m16.0s   

running (00m15.0s), 0000/0390 VUs, 748 complete and 0 interrupted iterations
step_00050   [  50% ] 000/020 VUs  15.0s/30s  50.00 iters/s
step_00100 • [   0% ] waiting      15.0s     
step_00150 • [   0% ] waiting      0m45.0s   
step_00200 • [   0% ] waiting      1m15.0s   
step_00250 • [   0% ] waiting      1m45.0s   
step_00300 • [   0% ] waiting      2m15.0s   
step_00350 • [   0% ] waiting      2m45.0s   
step_00400 • [   0% ] waiting      3m15.0s   
step_00450 • [   0% ] waiting      3m45.0s   
step_00500 • [   0% ] waiting      4m15.0s   
step_00550 • [   0% ] waiting      4m45.0s   
step_00600 • [   0% ] waiting      5m15.0s   
step_00650 • [   0% ] waiting      5m45.0s   
step_00700 • [   0% ] waiting      6m15.0s   
step_00750 • [   0% ] waiting      6m45.0s   
step_00800 • [   0% ] waiting      7m15.0s   
step_00850 • [   0% ] waiting      7m45.0s   
step_00900 • [   0% ] waiting      8m15.0s   
step_00950 • [   0% ] waiting      8m45.0s   
step_01000 • [   0% ] waiting      9m15.0s   

running (00m16.0s), 0000/0390 VUs, 798 complete and 0 interrupted iterations
step_00050   [  53% ] 000/020 VUs  16.0s/30s  50.00 iters/s
step_00100 • [   0% ] waiting      14.0s     
step_00150 • [   0% ] waiting      0m44.0s   
step_00200 • [   0% ] waiting      1m14.0s   
step_00250 • [   0% ] waiting      1m44.0s   
step_00300 • [   0% ] waiting      2m14.0s   
step_00350 • [   0% ] waiting      2m44.0s   
step_00400 • [   0% ] waiting      3m14.0s   
step_00450 • [   0% ] waiting      3m44.0s   
step_00500 • [   0% ] waiting      4m14.0s   
step_00550 • [   0% ] waiting      4m44.0s   
step_00600 • [   0% ] waiting      5m14.0s   
step_00650 • [   0% ] waiting      5m44.0s   
step_00700 • [   0% ] waiting      6m14.0s   
step_00750 • [   0% ] waiting      6m44.0s   
step_00800 • [   0% ] waiting      7m14.0s   
step_00850 • [   0% ] waiting      7m44.0s   
step_00900 • [   0% ] waiting      8m14.0s   
step_00950 • [   0% ] waiting      8m44.0s   
step_01000 • [   0% ] waiting      9m14.0s   

running (00m17.0s), 0000/0390 VUs, 848 complete and 0 interrupted iterations
step_00050   [  57% ] 000/020 VUs  17.0s/30s  50.00 iters/s
step_00100 • [   0% ] waiting      13.0s     
step_00150 • [   0% ] waiting      0m43.0s   
step_00200 • [   0% ] waiting      1m13.0s   
step_00250 • [   0% ] waiting      1m43.0s   
step_00300 • [   0% ] waiting      2m13.0s   
step_00350 • [   0% ] waiting      2m43.0s   
step_00400 • [   0% ] waiting      3m13.0s   
step_00450 • [   0% ] waiting      3m43.0s   
step_00500 • [   0% ] waiting      4m13.0s   
step_00550 • [   0% ] waiting      4m43.0s   
step_00600 • [   0% ] waiting      5m13.0s   
step_00650 • [   0% ] waiting      5m43.0s   
step_00700 • [   0% ] waiting      6m13.0s   
step_00750 • [   0% ] waiting      6m43.0s   
step_00800 • [   0% ] waiting      7m13.0s   
step_00850 • [   0% ] waiting      7m43.0s   
step_00900 • [   0% ] waiting      8m13.0s   
step_00950 • [   0% ] waiting      8m43.0s   
step_01000 • [   0% ] waiting      9m13.0s   

running (00m18.0s), 0000/0390 VUs, 898 complete and 0 interrupted iterations
step_00050   [  60% ] 000/020 VUs  18.0s/30s  50.00 iters/s
step_00100 • [   0% ] waiting      12.0s     
step_00150 • [   0% ] waiting      0m42.0s   
step_00200 • [   0% ] waiting      1m12.0s   
step_00250 • [   0% ] waiting      1m42.0s   
step_00300 • [   0% ] waiting      2m12.0s   
step_00350 • [   0% ] waiting      2m42.0s   
step_00400 • [   0% ] waiting      3m12.0s   
step_00450 • [   0% ] waiting      3m42.0s   
step_00500 • [   0% ] waiting      4m12.0s   
step_00550 • [   0% ] waiting      4m42.0s   
step_00600 • [   0% ] waiting      5m12.0s   
step_00650 • [   0% ] waiting      5m42.0s   
step_00700 • [   0% ] waiting      6m12.0s   
step_00750 • [   0% ] waiting      6m42.0s   
step_00800 • [   0% ] waiting      7m12.0s   
step_00850 • [   0% ] waiting      7m42.0s   
step_00900 • [   0% ] waiting      8m12.0s   
step_00950 • [   0% ] waiting      8m42.0s   
step_01000 • [   0% ] waiting      9m12.0s   

running (00m19.0s), 0000/0390 VUs, 948 complete and 0 interrupted iterations
step_00050   [  63% ] 000/020 VUs  19.0s/30s  50.00 iters/s
step_00100 • [   0% ] waiting      11.0s     
step_00150 • [   0% ] waiting      0m41.0s   
step_00200 • [   0% ] waiting      1m11.0s   
step_00250 • [   0% ] waiting      1m41.0s   
step_00300 • [   0% ] waiting      2m11.0s   
step_00350 • [   0% ] waiting      2m41.0s   
step_00400 • [   0% ] waiting      3m11.0s   
step_00450 • [   0% ] waiting      3m41.0s   
step_00500 • [   0% ] waiting      4m11.0s   
step_00550 • [   0% ] waiting      4m41.0s   
step_00600 • [   0% ] waiting      5m11.0s   
step_00650 • [   0% ] waiting      5m41.0s   
step_00700 • [   0% ] waiting      6m11.0s   
step_00750 • [   0% ] waiting      6m41.0s   
step_00800 • [   0% ] waiting      7m11.0s   
step_00850 • [   0% ] waiting      7m41.0s   
step_00900 • [   0% ] waiting      8m11.0s   
step_00950 • [   0% ] waiting      8m41.0s   
step_01000 • [   0% ] waiting      9m11.0s   

running (00m20.0s), 0000/0390 VUs, 998 complete and 0 interrupted iterations
step_00050   [  67% ] 000/020 VUs  20.0s/30s  50.00 iters/s
step_00100 • [   0% ] waiting      10.0s     
step_00150 • [   0% ] waiting      0m40.0s   
step_00200 • [   0% ] waiting      1m10.0s   
step_00250 • [   0% ] waiting      1m40.0s   
step_00300 • [   0% ] waiting      2m10.0s   
step_00350 • [   0% ] waiting      2m40.0s   
step_00400 • [   0% ] waiting      3m10.0s   
step_00450 • [   0% ] waiting      3m40.0s   
step_00500 • [   0% ] waiting      4m10.0s   
step_00550 • [   0% ] waiting      4m40.0s   
step_00600 • [   0% ] waiting      5m10.0s   
step_00650 • [   0% ] waiting      5m40.0s   
step_00700 • [   0% ] waiting      6m10.0s   
step_00750 • [   0% ] waiting      6m40.0s   
step_00800 • [   0% ] waiting      7m10.0s   
step_00850 • [   0% ] waiting      7m40.0s   
step_00900 • [   0% ] waiting      8m10.0s   
step_00950 • [   0% ] waiting      8m40.0s   
step_01000 • [   0% ] waiting      9m10.0s   

running (00m21.0s), 0000/0390 VUs, 1048 complete and 0 interrupted iterations
step_00050   [  70% ] 000/020 VUs  21.0s/30s  50.00 iters/s
step_00100 • [   0% ] waiting      09.0s     
step_00150 • [   0% ] waiting      0m39.0s   
step_00200 • [   0% ] waiting      1m09.0s   
step_00250 • [   0% ] waiting      1m39.0s   
step_00300 • [   0% ] waiting      2m09.0s   
step_00350 • [   0% ] waiting      2m39.0s   
step_00400 • [   0% ] waiting      3m09.0s   
step_00450 • [   0% ] waiting      3m39.0s   
step_00500 • [   0% ] waiting      4m09.0s   
step_00550 • [   0% ] waiting      4m39.0s   
step_00600 • [   0% ] waiting      5m09.0s   
step_00650 • [   0% ] waiting      5m39.0s   
step_00700 • [   0% ] waiting      6m09.0s   
step_00750 • [   0% ] waiting      6m39.0s   
step_00800 • [   0% ] waiting      7m09.0s   
step_00850 • [   0% ] waiting      7m39.0s   
step_00900 • [   0% ] waiting      8m09.0s   
step_00950 • [   0% ] waiting      8m39.0s   
step_01000 • [   0% ] waiting      9m09.0s   

running (00m22.0s), 0000/0390 VUs, 1098 complete and 0 interrupted iterations
step_00050   [  73% ] 000/020 VUs  22.0s/30s  50.00 iters/s
step_00100 • [   0% ] waiting      08.0s     
step_00150 • [   0% ] waiting      0m38.0s   
step_00200 • [   0% ] waiting      1m08.0s   
step_00250 • [   0% ] waiting      1m38.0s   
step_00300 • [   0% ] waiting      2m08.0s   
step_00350 • [   0% ] waiting      2m38.0s   
step_00400 • [   0% ] waiting      3m08.0s   
step_00450 • [   0% ] waiting      3m38.0s   
step_00500 • [   0% ] waiting      4m08.0s   
step_00550 • [   0% ] waiting      4m38.0s   
step_00600 • [   0% ] waiting      5m08.0s   
step_00650 • [   0% ] waiting      5m38.0s   
step_00700 • [   0% ] waiting      6m08.0s   
step_00750 • [   0% ] waiting      6m38.0s   
step_00800 • [   0% ] waiting      7m08.0s   
step_00850 • [   0% ] waiting      7m38.0s   
step_00900 • [   0% ] waiting      8m08.0s   
step_00950 • [   0% ] waiting      8m38.0s   
step_01000 • [   0% ] waiting      9m08.0s   

running (00m23.0s), 0000/0390 VUs, 1148 complete and 0 interrupted iterations
step_00050   [  77% ] 000/020 VUs  23.0s/30s  50.00 iters/s
step_00100 • [   0% ] waiting      07.0s     
step_00150 • [   0% ] waiting      0m37.0s   
step_00200 • [   0% ] waiting      1m07.0s   
step_00250 • [   0% ] waiting      1m37.0s   
step_00300 • [   0% ] waiting      2m07.0s   
step_00350 • [   0% ] waiting      2m37.0s   
step_00400 • [   0% ] waiting      3m07.0s   
step_00450 • [   0% ] waiting      3m37.0s   
step_00500 • [   0% ] waiting      4m07.0s   
step_00550 • [   0% ] waiting      4m37.0s   
step_00600 • [   0% ] waiting      5m07.0s   
step_00650 • [   0% ] waiting      5m37.0s   
step_00700 • [   0% ] waiting      6m07.0s   
step_00750 • [   0% ] waiting      6m37.0s   
step_00800 • [   0% ] waiting      7m07.0s   
step_00850 • [   0% ] waiting      7m37.0s   
step_00900 • [   0% ] waiting      8m07.0s   
step_00950 • [   0% ] waiting      8m37.0s   
step_01000 • [   0% ] waiting      9m07.0s   

running (00m24.0s), 0000/0390 VUs, 1198 complete and 0 interrupted iterations
step_00050   [  80% ] 000/020 VUs  24.0s/30s  50.00 iters/s
step_00100 • [   0% ] waiting      06.0s     
step_00150 • [   0% ] waiting      0m36.0s   
step_00200 • [   0% ] waiting      1m06.0s   
step_00250 • [   0% ] waiting      1m36.0s   
step_00300 • [   0% ] waiting      2m06.0s   
step_00350 • [   0% ] waiting      2m36.0s   
step_00400 • [   0% ] waiting      3m06.0s   
step_00450 • [   0% ] waiting      3m36.0s   
step_00500 • [   0% ] waiting      4m06.0s   
step_00550 • [   0% ] waiting      4m36.0s   
step_00600 • [   0% ] waiting      5m06.0s   
step_00650 • [   0% ] waiting      5m36.0s   
step_00700 • [   0% ] waiting      6m06.0s   
step_00750 • [   0% ] waiting      6m36.0s   
step_00800 • [   0% ] waiting      7m06.0s   
step_00850 • [   0% ] waiting      7m36.0s   
step_00900 • [   0% ] waiting      8m06.0s   
step_00950 • [   0% ] waiting      8m36.0s   
step_01000 • [   0% ] waiting      9m06.0s   

running (00m25.0s), 0000/0390 VUs, 1248 complete and 0 interrupted iterations
step_00050   [  83% ] 000/020 VUs  25.0s/30s  50.00 iters/s
step_00100 • [   0% ] waiting      05.0s     
step_00150 • [   0% ] waiting      0m35.0s   
step_00200 • [   0% ] waiting      1m05.0s   
step_00250 • [   0% ] waiting      1m35.0s   
step_00300 • [   0% ] waiting      2m05.0s   
step_00350 • [   0% ] waiting      2m35.0s   
step_00400 • [   0% ] waiting      3m05.0s   
step_00450 • [   0% ] waiting      3m35.0s   
step_00500 • [   0% ] waiting      4m05.0s   
step_00550 • [   0% ] waiting      4m35.0s   
step_00600 • [   0% ] waiting      5m05.0s   
step_00650 • [   0% ] waiting      5m35.0s   
step_00700 • [   0% ] waiting      6m05.0s   
step_00750 • [   0% ] waiting      6m35.0s   
step_00800 • [   0% ] waiting      7m05.0s   
step_00850 • [   0% ] waiting      7m35.0s   
step_00900 • [   0% ] waiting      8m05.0s   
step_00950 • [   0% ] waiting      8m35.0s   
step_01000 • [   0% ] waiting      9m05.0s   

running (00m26.0s), 0000/0390 VUs, 1298 complete and 0 interrupted iterations
step_00050   [  87% ] 000/020 VUs  26.0s/30s  50.00 iters/s
step_00100 • [   0% ] waiting      04.0s     
step_00150 • [   0% ] waiting      0m34.0s   
step_00200 • [   0% ] waiting      1m04.0s   
step_00250 • [   0% ] waiting      1m34.0s   
step_00300 • [   0% ] waiting      2m04.0s   
step_00350 • [   0% ] waiting      2m34.0s   
step_00400 • [   0% ] waiting      3m04.0s   
step_00450 • [   0% ] waiting      3m34.0s   
step_00500 • [   0% ] waiting      4m04.0s   
step_00550 • [   0% ] waiting      4m34.0s   
step_00600 • [   0% ] waiting      5m04.0s   
step_00650 • [   0% ] waiting      5m34.0s   
step_00700 • [   0% ] waiting      6m04.0s   
step_00750 • [   0% ] waiting      6m34.0s   
step_00800 • [   0% ] waiting      7m04.0s   
step_00850 • [   0% ] waiting      7m34.0s   
step_00900 • [   0% ] waiting      8m04.0s   
step_00950 • [   0% ] waiting      8m34.0s   
step_01000 • [   0% ] waiting      9m04.0s   

running (00m27.0s), 0000/0390 VUs, 1348 complete and 0 interrupted iterations
step_00050   [  90% ] 000/020 VUs  27.0s/30s  50.00 iters/s
step_00100 • [   0% ] waiting      03.0s     
step_00150 • [   0% ] waiting      0m33.0s   
step_00200 • [   0% ] waiting      1m03.0s   
step_00250 • [   0% ] waiting      1m33.0s   
step_00300 • [   0% ] waiting      2m03.0s   
step_00350 • [   0% ] waiting      2m33.0s   
step_00400 • [   0% ] waiting      3m03.0s   
step_00450 • [   0% ] waiting      3m33.0s   
step_00500 • [   0% ] waiting      4m03.0s   
step_00550 • [   0% ] waiting      4m33.0s   
step_00600 • [   0% ] waiting      5m03.0s   
step_00650 • [   0% ] waiting      5m33.0s   
step_00700 • [   0% ] waiting      6m03.0s   
step_00750 • [   0% ] waiting      6m33.0s   
step_00800 • [   0% ] waiting      7m03.0s   
step_00850 • [   0% ] waiting      7m33.0s   
step_00900 • [   0% ] waiting      8m03.0s   
step_00950 • [   0% ] waiting      8m33.0s   
step_01000 • [   0% ] waiting      9m03.0s   

running (00m28.0s), 0000/0390 VUs, 1398 complete and 0 interrupted iterations
step_00050   [  93% ] 000/020 VUs  28.0s/30s  50.00 iters/s
step_00100 • [   0% ] waiting      02.0s     
step_00150 • [   0% ] waiting      0m32.0s   
step_00200 • [   0% ] waiting      1m02.0s   
step_00250 • [   0% ] waiting      1m32.0s   
step_00300 • [   0% ] waiting      2m02.0s   
step_00350 • [   0% ] waiting      2m32.0s   
step_00400 • [   0% ] waiting      3m02.0s   
step_00450 • [   0% ] waiting      3m32.0s   
step_00500 • [   0% ] waiting      4m02.0s   
step_00550 • [   0% ] waiting      4m32.0s   
step_00600 • [   0% ] waiting      5m02.0s   
step_00650 • [   0% ] waiting      5m32.0s   
step_00700 • [   0% ] waiting      6m02.0s   
step_00750 • [   0% ] waiting      6m32.0s   
step_00800 • [   0% ] waiting      7m02.0s   
step_00850 • [   0% ] waiting      7m32.0s   
step_00900 • [   0% ] waiting      8m02.0s   
step_00950 • [   0% ] waiting      8m32.0s   
step_01000 • [   0% ] waiting      9m02.0s   

running (00m29.0s), 0000/0390 VUs, 1448 complete and 0 interrupted iterations
step_00050   [  97% ] 000/020 VUs  29.0s/30s  50.00 iters/s
step_00100 • [   0% ] waiting      01.0s     
step_00150 • [   0% ] waiting      0m31.0s   
step_00200 • [   0% ] waiting      1m01.0s   
step_00250 • [   0% ] waiting      1m31.0s   
step_00300 • [   0% ] waiting      2m01.0s   
step_00350 • [   0% ] waiting      2m31.0s   
step_00400 • [   0% ] waiting      3m01.0s   
step_00450 • [   0% ] waiting      3m31.0s   
step_00500 • [   0% ] waiting      4m01.0s   
step_00550 • [   0% ] waiting      4m31.0s   
step_00600 • [   0% ] waiting      5m01.0s   
step_00650 • [   0% ] waiting      5m31.0s   
step_00700 • [   0% ] waiting      6m01.0s   
step_00750 • [   0% ] waiting      6m31.0s   
step_00800 • [   0% ] waiting      7m01.0s   
step_00850 • [   0% ] waiting      7m31.0s   
step_00900 • [   0% ] waiting      8m01.0s   
step_00950 • [   0% ] waiting      8m31.0s   
step_01000 • [   0% ] waiting      9m01.0s   

running (00m30.0s), 0000/0390 VUs, 1498 complete and 0 interrupted iterations
step_00050   [ 100% ] 000/020 VUs  30.0s/30s  50.00 iters/s
step_00100 • [   0% ] waiting      00.0s     
step_00150 • [   0% ] waiting      0m30.0s   
step_00200 • [   0% ] waiting      1m00.0s   
step_00250 • [   0% ] waiting      1m30.0s   
step_00300 • [   0% ] waiting      2m00.0s   
step_00350 • [   0% ] waiting      2m30.0s   
step_00400 • [   0% ] waiting      3m00.0s   
step_00450 • [   0% ] waiting      3m30.0s   
step_00500 • [   0% ] waiting      4m00.0s   
step_00550 • [   0% ] waiting      4m30.0s   
step_00600 • [   0% ] waiting      5m00.0s   
step_00650 • [   0% ] waiting      5m30.0s   
step_00700 • [   0% ] waiting      6m00.0s   
step_00750 • [   0% ] waiting      6m30.0s   
step_00800 • [   0% ] waiting      7m00.0s   
step_00850 • [   0% ] waiting      7m30.0s   
step_00900 • [   0% ] waiting      8m00.0s   
step_00950 • [   0% ] waiting      8m30.0s   
step_01000 • [   0% ] waiting      9m00.0s   

running (00m31.0s), 0000/0390 VUs, 1597 complete and 0 interrupted iterations
step_00050 ✓ [ 100% ] 000/020 VUs  30s        50.00 iters/s
step_00100   [   3% ] 000/020 VUs  01.0s/30s  100.00 iters/s
step_00150 • [   0% ] waiting      0m29.0s   
step_00200 • [   0% ] waiting      0m59.0s   
step_00250 • [   0% ] waiting      1m29.0s   
step_00300 • [   0% ] waiting      1m59.0s   
step_00350 • [   0% ] waiting      2m29.0s   
step_00400 • [   0% ] waiting      2m59.0s   
step_00450 • [   0% ] waiting      3m29.0s   
step_00500 • [   0% ] waiting      3m59.0s   
step_00550 • [   0% ] waiting      4m29.0s   
step_00600 • [   0% ] waiting      4m59.0s   
step_00650 • [   0% ] waiting      5m29.0s   
step_00700 • [   0% ] waiting      5m59.0s   
step_00750 • [   0% ] waiting      6m29.0s   
step_00800 • [   0% ] waiting      6m59.0s   
step_00850 • [   0% ] waiting      7m29.0s   
step_00900 • [   0% ] waiting      7m59.0s   
step_00950 • [   0% ] waiting      8m29.0s   
step_01000 • [   0% ] waiting      8m59.0s   

running (00m32.0s), 0001/0390 VUs, 1696 complete and 0 interrupted iterations
step_00050 ✓ [ 100% ] 000/020 VUs  30s        50.00 iters/s
step_00100   [   7% ] 001/020 VUs  02.0s/30s  100.00 iters/s
step_00150 • [   0% ] waiting      0m28.0s   
step_00200 • [   0% ] waiting      0m58.0s   
step_00250 • [   0% ] waiting      1m28.0s   
step_00300 • [   0% ] waiting      1m58.0s   
step_00350 • [   0% ] waiting      2m28.0s   
step_00400 • [   0% ] waiting      2m58.0s   
step_00450 • [   0% ] waiting      3m28.0s   
step_00500 • [   0% ] waiting      3m58.0s   
step_00550 • [   0% ] waiting      4m28.0s   
step_00600 • [   0% ] waiting      4m58.0s   
step_00650 • [   0% ] waiting      5m28.0s   
step_00700 • [   0% ] waiting      5m58.0s   
step_00750 • [   0% ] waiting      6m28.0s   
step_00800 • [   0% ] waiting      6m58.0s   
step_00850 • [   0% ] waiting      7m28.0s   
step_00900 • [   0% ] waiting      7m58.0s   
step_00950 • [   0% ] waiting      8m28.0s   
step_01000 • [   0% ] waiting      8m58.0s   

running (00m33.0s), 0000/0390 VUs, 1797 complete and 0 interrupted iterations
step_00050 ✓ [ 100% ] 000/020 VUs  30s        50.00 iters/s
step_00100   [  10% ] 000/020 VUs  03.0s/30s  100.00 iters/s
step_00150 • [   0% ] waiting      0m27.0s   
step_00200 • [   0% ] waiting      0m57.0s   
step_00250 • [   0% ] waiting      1m27.0s   
step_00300 • [   0% ] waiting      1m57.0s   
step_00350 • [   0% ] waiting      2m27.0s   
step_00400 • [   0% ] waiting      2m57.0s   
step_00450 • [   0% ] waiting      3m27.0s   
step_00500 • [   0% ] waiting      3m57.0s   
step_00550 • [   0% ] waiting      4m27.0s   
step_00600 • [   0% ] waiting      4m57.0s   
step_00650 • [   0% ] waiting      5m27.0s   
step_00700 • [   0% ] waiting      5m57.0s   
step_00750 • [   0% ] waiting      6m27.0s   
step_00800 • [   0% ] waiting      6m57.0s   
step_00850 • [   0% ] waiting      7m27.0s   
step_00900 • [   0% ] waiting      7m57.0s   
step_00950 • [   0% ] waiting      8m27.0s   
step_01000 • [   0% ] waiting      8m57.0s   

running (00m34.0s), 0001/0390 VUs, 1896 complete and 0 interrupted iterations
step_00050 ✓ [ 100% ] 000/020 VUs  30s        50.00 iters/s
step_00100   [  13% ] 001/020 VUs  04.0s/30s  100.00 iters/s
step_00150 • [   0% ] waiting      0m26.0s   
step_00200 • [   0% ] waiting      0m56.0s   
step_00250 • [   0% ] waiting      1m26.0s   
step_00300 • [   0% ] waiting      1m56.0s   
step_00350 • [   0% ] waiting      2m26.0s   
step_00400 • [   0% ] waiting      2m56.0s   
step_00450 • [   0% ] waiting      3m26.0s   
step_00500 • [   0% ] waiting      3m56.0s   
step_00550 • [   0% ] waiting      4m26.0s   
step_00600 • [   0% ] waiting      4m56.0s   
step_00650 • [   0% ] waiting      5m26.0s   
step_00700 • [   0% ] waiting      5m56.0s   
step_00750 • [   0% ] waiting      6m26.0s   
step_00800 • [   0% ] waiting      6m56.0s   
step_00850 • [   0% ] waiting      7m26.0s   
step_00900 • [   0% ] waiting      7m56.0s   
step_00950 • [   0% ] waiting      8m26.0s   
step_01000 • [   0% ] waiting      8m56.0s   

running (00m35.0s), 0001/0390 VUs, 1996 complete and 0 interrupted iterations
step_00050 ✓ [ 100% ] 000/020 VUs  30s        50.00 iters/s
step_00100   [  17% ] 001/020 VUs  05.0s/30s  100.00 iters/s
step_00150 • [   0% ] waiting      0m25.0s   
step_00200 • [   0% ] waiting      0m55.0s   
step_00250 • [   0% ] waiting      1m25.0s   
step_00300 • [   0% ] waiting      1m55.0s   
step_00350 • [   0% ] waiting      2m25.0s   
step_00400 • [   0% ] waiting      2m55.0s   
step_00450 • [   0% ] waiting      3m25.0s   
step_00500 • [   0% ] waiting      3m55.0s   
step_00550 • [   0% ] waiting      4m25.0s   
step_00600 • [   0% ] waiting      4m55.0s   
step_00650 • [   0% ] waiting      5m25.0s   
step_00700 • [   0% ] waiting      5m55.0s   
step_00750 • [   0% ] waiting      6m25.0s   
step_00800 • [   0% ] waiting      6m55.0s   
step_00850 • [   0% ] waiting      7m25.0s   
step_00900 • [   0% ] waiting      7m55.0s   
step_00950 • [   0% ] waiting      8m25.0s   
step_01000 • [   0% ] waiting      8m55.0s   

running (00m36.0s), 0000/0390 VUs, 2097 complete and 0 interrupted iterations
step_00050 ✓ [ 100% ] 000/020 VUs  30s        50.00 iters/s
step_00100   [  20% ] 000/020 VUs  06.0s/30s  100.00 iters/s
step_00150 • [   0% ] waiting      0m24.0s   
step_00200 • [   0% ] waiting      0m54.0s   
step_00250 • [   0% ] waiting      1m24.0s   
step_00300 • [   0% ] waiting      1m54.0s   
step_00350 • [   0% ] waiting      2m24.0s   
step_00400 • [   0% ] waiting      2m54.0s   
step_00450 • [   0% ] waiting      3m24.0s   
step_00500 • [   0% ] waiting      3m54.0s   
step_00550 • [   0% ] waiting      4m24.0s   
step_00600 • [   0% ] waiting      4m54.0s   
step_00650 • [   0% ] waiting      5m24.0s   
step_00700 • [   0% ] waiting      5m54.0s   
step_00750 • [   0% ] waiting      6m24.0s   
step_00800 • [   0% ] waiting      6m54.0s   
step_00850 • [   0% ] waiting      7m24.0s   
step_00900 • [   0% ] waiting      7m54.0s   
step_00950 • [   0% ] waiting      8m24.0s   
step_01000 • [   0% ] waiting      8m54.0s   

running (00m37.0s), 0001/0390 VUs, 2196 complete and 0 interrupted iterations
step_00050 ✓ [ 100% ] 000/020 VUs  30s        50.00 iters/s
step_00100   [  23% ] 001/020 VUs  07.0s/30s  100.00 iters/s
step_00150 • [   0% ] waiting      0m23.0s   
step_00200 • [   0% ] waiting      0m53.0s   
step_00250 • [   0% ] waiting      1m23.0s   
step_00300 • [   0% ] waiting      1m53.0s   
step_00350 • [   0% ] waiting      2m23.0s   
step_00400 • [   0% ] waiting      2m53.0s   
step_00450 • [   0% ] waiting      3m23.0s   
step_00500 • [   0% ] waiting      3m53.0s   
step_00550 • [   0% ] waiting      4m23.0s   
step_00600 • [   0% ] waiting      4m53.0s   
step_00650 • [   0% ] waiting      5m23.0s   
step_00700 • [   0% ] waiting      5m53.0s   
step_00750 • [   0% ] waiting      6m23.0s   
step_00800 • [   0% ] waiting      6m53.0s   
step_00850 • [   0% ] waiting      7m23.0s   
step_00900 • [   0% ] waiting      7m53.0s   
step_00950 • [   0% ] waiting      8m23.0s   
step_01000 • [   0% ] waiting      8m53.0s   

running (00m38.0s), 0001/0390 VUs, 2296 complete and 0 interrupted iterations
step_00050 ✓ [ 100% ] 000/020 VUs  30s        50.00 iters/s
step_00100   [  27% ] 001/020 VUs  08.0s/30s  100.00 iters/s
step_00150 • [   0% ] waiting      0m22.0s   
step_00200 • [   0% ] waiting      0m52.0s   
step_00250 • [   0% ] waiting      1m22.0s   
step_00300 • [   0% ] waiting      1m52.0s   
step_00350 • [   0% ] waiting      2m22.0s   
step_00400 • [   0% ] waiting      2m52.0s   
step_00450 • [   0% ] waiting      3m22.0s   
step_00500 • [   0% ] waiting      3m52.0s   
step_00550 • [   0% ] waiting      4m22.0s   
step_00600 • [   0% ] waiting      4m52.0s   
step_00650 • [   0% ] waiting      5m22.0s   
step_00700 • [   0% ] waiting      5m52.0s   
step_00750 • [   0% ] waiting      6m22.0s   
step_00800 • [   0% ] waiting      6m52.0s   
step_00850 • [   0% ] waiting      7m22.0s   
step_00900 • [   0% ] waiting      7m52.0s   
step_00950 • [   0% ] waiting      8m22.0s   
step_01000 • [   0% ] waiting      8m52.0s   

running (00m39.0s), 0001/0390 VUs, 2396 complete and 0 interrupted iterations
step_00050 ✓ [ 100% ] 000/020 VUs  30s        50.00 iters/s
step_00100   [  30% ] 001/020 VUs  09.0s/30s  100.00 iters/s
step_00150 • [   0% ] waiting      0m21.0s   
step_00200 • [   0% ] waiting      0m51.0s   
step_00250 • [   0% ] waiting      1m21.0s   
step_00300 • [   0% ] waiting      1m51.0s   
step_00350 • [   0% ] waiting      2m21.0s   
step_00400 • [   0% ] waiting      2m51.0s   
step_00450 • [   0% ] waiting      3m21.0s   
step_00500 • [   0% ] waiting      3m51.0s   
step_00550 • [   0% ] waiting      4m21.0s   
step_00600 • [   0% ] waiting      4m51.0s   
step_00650 • [   0% ] waiting      5m21.0s   
step_00700 • [   0% ] waiting      5m51.0s   
step_00750 • [   0% ] waiting      6m21.0s   
step_00800 • [   0% ] waiting      6m51.0s   
step_00850 • [   0% ] waiting      7m21.0s   
step_00900 • [   0% ] waiting      7m51.0s   
step_00950 • [   0% ] waiting      8m21.0s   
step_01000 • [   0% ] waiting      8m51.0s   

running (00m40.0s), 0001/0390 VUs, 2496 complete and 0 interrupted iterations
step_00050 ✓ [ 100% ] 000/020 VUs  30s        50.00 iters/s
step_00100   [  33% ] 001/020 VUs  10.0s/30s  100.00 iters/s
step_00150 • [   0% ] waiting      0m20.0s   
step_00200 • [   0% ] waiting      0m50.0s   
step_00250 • [   0% ] waiting      1m20.0s   
step_00300 • [   0% ] waiting      1m50.0s   
step_00350 • [   0% ] waiting      2m20.0s   
step_00400 • [   0% ] waiting      2m50.0s   
step_00450 • [   0% ] waiting      3m20.0s   
step_00500 • [   0% ] waiting      3m50.0s   
step_00550 • [   0% ] waiting      4m20.0s   
step_00600 • [   0% ] waiting      4m50.0s   
step_00650 • [   0% ] waiting      5m20.0s   
step_00700 • [   0% ] waiting      5m50.0s   
step_00750 • [   0% ] waiting      6m20.0s   
step_00800 • [   0% ] waiting      6m50.0s   
step_00850 • [   0% ] waiting      7m20.0s   
step_00900 • [   0% ] waiting      7m50.0s   
step_00950 • [   0% ] waiting      8m20.0s   
step_01000 • [   0% ] waiting      8m50.0s   

running (00m41.0s), 0001/0390 VUs, 2596 complete and 0 interrupted iterations
step_00050 ✓ [ 100% ] 000/020 VUs  30s        50.00 iters/s
step_00100   [  37% ] 001/020 VUs  11.0s/30s  100.00 iters/s
step_00150 • [   0% ] waiting      0m19.0s   
step_00200 • [   0% ] waiting      0m49.0s   
step_00250 • [   0% ] waiting      1m19.0s   
step_00300 • [   0% ] waiting      1m49.0s   
step_00350 • [   0% ] waiting      2m19.0s   
step_00400 • [   0% ] waiting      2m49.0s   
step_00450 • [   0% ] waiting      3m19.0s   
step_00500 • [   0% ] waiting      3m49.0s   
step_00550 • [   0% ] waiting      4m19.0s   
step_00600 • [   0% ] waiting      4m49.0s   
step_00650 • [   0% ] waiting      5m19.0s   
step_00700 • [   0% ] waiting      5m49.0s   
step_00750 • [   0% ] waiting      6m19.0s   
step_00800 • [   0% ] waiting      6m49.0s   
step_00850 • [   0% ] waiting      7m19.0s   
step_00900 • [   0% ] waiting      7m49.0s   
step_00950 • [   0% ] waiting      8m19.0s   
step_01000 • [   0% ] waiting      8m49.0s   

running (00m42.0s), 0001/0390 VUs, 2696 complete and 0 interrupted iterations
step_00050 ✓ [ 100% ] 000/020 VUs  30s        50.00 iters/s
step_00100   [  40% ] 001/020 VUs  12.0s/30s  100.00 iters/s
step_00150 • [   0% ] waiting      0m18.0s   
step_00200 • [   0% ] waiting      0m48.0s   
step_00250 • [   0% ] waiting      1m18.0s   
step_00300 • [   0% ] waiting      1m48.0s   
step_00350 • [   0% ] waiting      2m18.0s   
step_00400 • [   0% ] waiting      2m48.0s   
step_00450 • [   0% ] waiting      3m18.0s   
step_00500 • [   0% ] waiting      3m48.0s   
step_00550 • [   0% ] waiting      4m18.0s   
step_00600 • [   0% ] waiting      4m48.0s   
step_00650 • [   0% ] waiting      5m18.0s   
step_00700 • [   0% ] waiting      5m48.0s   
step_00750 • [   0% ] waiting      6m18.0s   
step_00800 • [   0% ] waiting      6m48.0s   
step_00850 • [   0% ] waiting      7m18.0s   
step_00900 • [   0% ] waiting      7m48.0s   
step_00950 • [   0% ] waiting      8m18.0s   
step_01000 • [   0% ] waiting      8m48.0s   

running (00m43.0s), 0001/0390 VUs, 2796 complete and 0 interrupted iterations
step_00050 ✓ [ 100% ] 000/020 VUs  30s        50.00 iters/s
step_00100   [  43% ] 001/020 VUs  13.0s/30s  100.00 iters/s
step_00150 • [   0% ] waiting      0m17.0s   
step_00200 • [   0% ] waiting      0m47.0s   
step_00250 • [   0% ] waiting      1m17.0s   
step_00300 • [   0% ] waiting      1m47.0s   
step_00350 • [   0% ] waiting      2m17.0s   
step_00400 • [   0% ] waiting      2m47.0s   
step_00450 • [   0% ] waiting      3m17.0s   
step_00500 • [   0% ] waiting      3m47.0s   
step_00550 • [   0% ] waiting      4m17.0s   
step_00600 • [   0% ] waiting      4m47.0s   
step_00650 • [   0% ] waiting      5m17.0s   
step_00700 • [   0% ] waiting      5m47.0s   
step_00750 • [   0% ] waiting      6m17.0s   
step_00800 • [   0% ] waiting      6m47.0s   
step_00850 • [   0% ] waiting      7m17.0s   
step_00900 • [   0% ] waiting      7m47.0s   
step_00950 • [   0% ] waiting      8m17.0s   
step_01000 • [   0% ] waiting      8m47.0s   

running (00m44.0s), 0001/0390 VUs, 2896 complete and 0 interrupted iterations
step_00050 ✓ [ 100% ] 000/020 VUs  30s        50.00 iters/s
step_00100   [  47% ] 001/020 VUs  14.0s/30s  100.00 iters/s
step_00150 • [   0% ] waiting      0m16.0s   
step_00200 • [   0% ] waiting      0m46.0s   
step_00250 • [   0% ] waiting      1m16.0s   
step_00300 • [   0% ] waiting      1m46.0s   
step_00350 • [   0% ] waiting      2m16.0s   
step_00400 • [   0% ] waiting      2m46.0s   
step_00450 • [   0% ] waiting      3m16.0s   
step_00500 • [   0% ] waiting      3m46.0s   
step_00550 • [   0% ] waiting      4m16.0s   
step_00600 • [   0% ] waiting      4m46.0s   
step_00650 • [   0% ] waiting      5m16.0s   
step_00700 • [   0% ] waiting      5m46.0s   
step_00750 • [   0% ] waiting      6m16.0s   
step_00800 • [   0% ] waiting      6m46.0s   
step_00850 • [   0% ] waiting      7m16.0s   
step_00900 • [   0% ] waiting      7m46.0s   
step_00950 • [   0% ] waiting      8m16.0s   
step_01000 • [   0% ] waiting      8m46.0s   

running (00m45.0s), 0000/0390 VUs, 2997 complete and 0 interrupted iterations
step_00050 ✓ [ 100% ] 000/020 VUs  30s        50.00 iters/s
step_00100   [  50% ] 000/020 VUs  15.0s/30s  100.00 iters/s
step_00150 • [   0% ] waiting      0m15.0s   
step_00200 • [   0% ] waiting      0m45.0s   
step_00250 • [   0% ] waiting      1m15.0s   
step_00300 • [   0% ] waiting      1m45.0s   
step_00350 • [   0% ] waiting      2m15.0s   
step_00400 • [   0% ] waiting      2m45.0s   
step_00450 • [   0% ] waiting      3m15.0s   
step_00500 • [   0% ] waiting      3m45.0s   
step_00550 • [   0% ] waiting      4m15.0s   
step_00600 • [   0% ] waiting      4m45.0s   
step_00650 • [   0% ] waiting      5m15.0s   
step_00700 • [   0% ] waiting      5m45.0s   
step_00750 • [   0% ] waiting      6m15.0s   
step_00800 • [   0% ] waiting      6m45.0s   
step_00850 • [   0% ] waiting      7m15.0s   
step_00900 • [   0% ] waiting      7m45.0s   
step_00950 • [   0% ] waiting      8m15.0s   
step_01000 • [   0% ] waiting      8m45.0s   

running (00m46.0s), 0001/0390 VUs, 3096 complete and 0 interrupted iterations
step_00050 ✓ [ 100% ] 000/020 VUs  30s        50.00 iters/s
step_00100   [  53% ] 001/020 VUs  16.0s/30s  100.00 iters/s
step_00150 • [   0% ] waiting      0m14.0s   
step_00200 • [   0% ] waiting      0m44.0s   
step_00250 • [   0% ] waiting      1m14.0s   
step_00300 • [   0% ] waiting      1m44.0s   
step_00350 • [   0% ] waiting      2m14.0s   
step_00400 • [   0% ] waiting      2m44.0s   
step_00450 • [   0% ] waiting      3m14.0s   
step_00500 • [   0% ] waiting      3m44.0s   
step_00550 • [   0% ] waiting      4m14.0s   
step_00600 • [   0% ] waiting      4m44.0s   
step_00650 • [   0% ] waiting      5m14.0s   
step_00700 • [   0% ] waiting      5m44.0s   
step_00750 • [   0% ] waiting      6m14.0s   
step_00800 • [   0% ] waiting      6m44.0s   
step_00850 • [   0% ] waiting      7m14.0s   
step_00900 • [   0% ] waiting      7m44.0s   
step_00950 • [   0% ] waiting      8m14.0s   
step_01000 • [   0% ] waiting      8m44.0s   

running (00m47.0s), 0000/0390 VUs, 3197 complete and 0 interrupted iterations
step_00050 ✓ [ 100% ] 000/020 VUs  30s        50.00 iters/s
step_00100   [  57% ] 000/020 VUs  17.0s/30s  100.00 iters/s
step_00150 • [   0% ] waiting      0m13.0s   
step_00200 • [   0% ] waiting      0m43.0s   
step_00250 • [   0% ] waiting      1m13.0s   
step_00300 • [   0% ] waiting      1m43.0s   
step_00350 • [   0% ] waiting      2m13.0s   
step_00400 • [   0% ] waiting      2m43.0s   
step_00450 • [   0% ] waiting      3m13.0s   
step_00500 • [   0% ] waiting      3m43.0s   
step_00550 • [   0% ] waiting      4m13.0s   
step_00600 • [   0% ] waiting      4m43.0s   
step_00650 • [   0% ] waiting      5m13.0s   
step_00700 • [   0% ] waiting      5m43.0s   
step_00750 • [   0% ] waiting      6m13.0s   
step_00800 • [   0% ] waiting      6m43.0s   
step_00850 • [   0% ] waiting      7m13.0s   
step_00900 • [   0% ] waiting      7m43.0s   
step_00950 • [   0% ] waiting      8m13.0s   
step_01000 • [   0% ] waiting      8m43.0s   

running (00m48.0s), 0001/0390 VUs, 3296 complete and 0 interrupted iterations
step_00050 ✓ [ 100% ] 000/020 VUs  30s        50.00 iters/s
step_00100   [  60% ] 001/020 VUs  18.0s/30s  100.00 iters/s
step_00150 • [   0% ] waiting      0m12.0s   
step_00200 • [   0% ] waiting      0m42.0s   
step_00250 • [   0% ] waiting      1m12.0s   
step_00300 • [   0% ] waiting      1m42.0s   
step_00350 • [   0% ] waiting      2m12.0s   
step_00400 • [   0% ] waiting      2m42.0s   
step_00450 • [   0% ] waiting      3m12.0s   
step_00500 • [   0% ] waiting      3m42.0s   
step_00550 • [   0% ] waiting      4m12.0s   
step_00600 • [   0% ] waiting      4m42.0s   
step_00650 • [   0% ] waiting      5m12.0s   
step_00700 • [   0% ] waiting      5m42.0s   
step_00750 • [   0% ] waiting      6m12.0s   
step_00800 • [   0% ] waiting      6m42.0s   
step_00850 • [   0% ] waiting      7m12.0s   
step_00900 • [   0% ] waiting      7m42.0s   
step_00950 • [   0% ] waiting      8m12.0s   
step_01000 • [   0% ] waiting      8m42.0s   

running (00m49.0s), 0002/0390 VUs, 3395 complete and 0 interrupted iterations
step_00050 ✓ [ 100% ] 000/020 VUs  30s        50.00 iters/s
step_00100   [  63% ] 002/020 VUs  19.0s/30s  100.00 iters/s
step_00150 • [   0% ] waiting      0m11.0s   
step_00200 • [   0% ] waiting      0m41.0s   
step_00250 • [   0% ] waiting      1m11.0s   
step_00300 • [   0% ] waiting      1m41.0s   
step_00350 • [   0% ] waiting      2m11.0s   
step_00400 • [   0% ] waiting      2m41.0s   
step_00450 • [   0% ] waiting      3m11.0s   
step_00500 • [   0% ] waiting      3m41.0s   
step_00550 • [   0% ] waiting      4m11.0s   
step_00600 • [   0% ] waiting      4m41.0s   
step_00650 • [   0% ] waiting      5m11.0s   
step_00700 • [   0% ] waiting      5m41.0s   
step_00750 • [   0% ] waiting      6m11.0s   
step_00800 • [   0% ] waiting      6m41.0s   
step_00850 • [   0% ] waiting      7m11.0s   
step_00900 • [   0% ] waiting      7m41.0s   
step_00950 • [   0% ] waiting      8m11.0s   
step_01000 • [   0% ] waiting      8m41.0s   

running (00m50.0s), 0001/0390 VUs, 3496 complete and 0 interrupted iterations
step_00050 ✓ [ 100% ] 000/020 VUs  30s        50.00 iters/s
step_00100   [  67% ] 001/020 VUs  20.0s/30s  100.00 iters/s
step_00150 • [   0% ] waiting      0m10.0s   
step_00200 • [   0% ] waiting      0m40.0s   
step_00250 • [   0% ] waiting      1m10.0s   
step_00300 • [   0% ] waiting      1m40.0s   
step_00350 • [   0% ] waiting      2m10.0s   
step_00400 • [   0% ] waiting      2m40.0s   
step_00450 • [   0% ] waiting      3m10.0s   
step_00500 • [   0% ] waiting      3m40.0s   
step_00550 • [   0% ] waiting      4m10.0s   
step_00600 • [   0% ] waiting      4m40.0s   
step_00650 • [   0% ] waiting      5m10.0s   
step_00700 • [   0% ] waiting      5m40.0s   
step_00750 • [   0% ] waiting      6m10.0s   
step_00800 • [   0% ] waiting      6m40.0s   
step_00850 • [   0% ] waiting      7m10.0s   
step_00900 • [   0% ] waiting      7m40.0s   
step_00950 • [   0% ] waiting      8m10.0s   
step_01000 • [   0% ] waiting      8m40.0s   

running (00m51.0s), 0001/0390 VUs, 3596 complete and 0 interrupted iterations
step_00050 ✓ [ 100% ] 000/020 VUs  30s        50.00 iters/s
step_00100   [  70% ] 001/020 VUs  21.0s/30s  100.00 iters/s
step_00150 • [   0% ] waiting      0m09.0s   
step_00200 • [   0% ] waiting      0m39.0s   
step_00250 • [   0% ] waiting      1m09.0s   
step_00300 • [   0% ] waiting      1m39.0s   
step_00350 • [   0% ] waiting      2m09.0s   
step_00400 • [   0% ] waiting      2m39.0s   
step_00450 • [   0% ] waiting      3m09.0s   
step_00500 • [   0% ] waiting      3m39.0s   
step_00550 • [   0% ] waiting      4m09.0s   
step_00600 • [   0% ] waiting      4m39.0s   
step_00650 • [   0% ] waiting      5m09.0s   
step_00700 • [   0% ] waiting      5m39.0s   
step_00750 • [   0% ] waiting      6m09.0s   
step_00800 • [   0% ] waiting      6m39.0s   
step_00850 • [   0% ] waiting      7m09.0s   
step_00900 • [   0% ] waiting      7m39.0s   
step_00950 • [   0% ] waiting      8m09.0s   
step_01000 • [   0% ] waiting      8m39.0s   

running (00m52.0s), 0001/0390 VUs, 3696 complete and 0 interrupted iterations
step_00050 ✓ [ 100% ] 000/020 VUs  30s        50.00 iters/s
step_00100   [  73% ] 001/020 VUs  22.0s/30s  100.00 iters/s
step_00150 • [   0% ] waiting      0m08.0s   
step_00200 • [   0% ] waiting      0m38.0s   
step_00250 • [   0% ] waiting      1m08.0s   
step_00300 • [   0% ] waiting      1m38.0s   
step_00350 • [   0% ] waiting      2m08.0s   
step_00400 • [   0% ] waiting      2m38.0s   
step_00450 • [   0% ] waiting      3m08.0s   
step_00500 • [   0% ] waiting      3m38.0s   
step_00550 • [   0% ] waiting      4m08.0s   
step_00600 • [   0% ] waiting      4m38.0s   
step_00650 • [   0% ] waiting      5m08.0s   
step_00700 • [   0% ] waiting      5m38.0s   
step_00750 • [   0% ] waiting      6m08.0s   
step_00800 • [   0% ] waiting      6m38.0s   
step_00850 • [   0% ] waiting      7m08.0s   
step_00900 • [   0% ] waiting      7m38.0s   
step_00950 • [   0% ] waiting      8m08.0s   
step_01000 • [   0% ] waiting      8m38.0s   

running (00m53.0s), 0002/0390 VUs, 3795 complete and 0 interrupted iterations
step_00050 ✓ [ 100% ] 000/020 VUs  30s        50.00 iters/s
step_00100   [  77% ] 002/020 VUs  23.0s/30s  100.00 iters/s
step_00150 • [   0% ] waiting      0m07.0s   
step_00200 • [   0% ] waiting      0m37.0s   
step_00250 • [   0% ] waiting      1m07.0s   
step_00300 • [   0% ] waiting      1m37.0s   
step_00350 • [   0% ] waiting      2m07.0s   
step_00400 • [   0% ] waiting      2m37.0s   
step_00450 • [   0% ] waiting      3m07.0s   
step_00500 • [   0% ] waiting      3m37.0s   
step_00550 • [   0% ] waiting      4m07.0s   
step_00600 • [   0% ] waiting      4m37.0s   
step_00650 • [   0% ] waiting      5m07.0s   
step_00700 • [   0% ] waiting      5m37.0s   
step_00750 • [   0% ] waiting      6m07.0s   
step_00800 • [   0% ] waiting      6m37.0s   
step_00850 • [   0% ] waiting      7m07.0s   
step_00900 • [   0% ] waiting      7m37.0s   
step_00950 • [   0% ] waiting      8m07.0s   
step_01000 • [   0% ] waiting      8m37.0s   

running (00m54.0s), 0001/0390 VUs, 3896 complete and 0 interrupted iterations
step_00050 ✓ [ 100% ] 000/020 VUs  30s        50.00 iters/s
step_00100   [  80% ] 001/020 VUs  24.0s/30s  100.00 iters/s
step_00150 • [   0% ] waiting      0m06.0s   
step_00200 • [   0% ] waiting      0m36.0s   
step_00250 • [   0% ] waiting      1m06.0s   
step_00300 • [   0% ] waiting      1m36.0s   
step_00350 • [   0% ] waiting      2m06.0s   
step_00400 • [   0% ] waiting      2m36.0s   
step_00450 • [   0% ] waiting      3m06.0s   
step_00500 • [   0% ] waiting      3m36.0s   
step_00550 • [   0% ] waiting      4m06.0s   
step_00600 • [   0% ] waiting      4m36.0s   
step_00650 • [   0% ] waiting      5m06.0s   
step_00700 • [   0% ] waiting      5m36.0s   
step_00750 • [   0% ] waiting      6m06.0s   
step_00800 • [   0% ] waiting      6m36.0s   
step_00850 • [   0% ] waiting      7m06.0s   
step_00900 • [   0% ] waiting      7m36.0s   
step_00950 • [   0% ] waiting      8m06.0s   
step_01000 • [   0% ] waiting      8m36.0s   

running (00m55.0s), 0001/0390 VUs, 3996 complete and 0 interrupted iterations
step_00050 ✓ [ 100% ] 000/020 VUs  30s        50.00 iters/s
step_00100   [  83% ] 001/020 VUs  25.0s/30s  100.00 iters/s
step_00150 • [   0% ] waiting      0m05.0s   
step_00200 • [   0% ] waiting      0m35.0s   
step_00250 • [   0% ] waiting      1m05.0s   
step_00300 • [   0% ] waiting      1m35.0s   
step_00350 • [   0% ] waiting      2m05.0s   
step_00400 • [   0% ] waiting      2m35.0s   
step_00450 • [   0% ] waiting      3m05.0s   
step_00500 • [   0% ] waiting      3m35.0s   
step_00550 • [   0% ] waiting      4m05.0s   
step_00600 • [   0% ] waiting      4m35.0s   
step_00650 • [   0% ] waiting      5m05.0s   
step_00700 • [   0% ] waiting      5m35.0s   
step_00750 • [   0% ] waiting      6m05.0s   
step_00800 • [   0% ] waiting      6m35.0s   
step_00850 • [   0% ] waiting      7m05.0s   
step_00900 • [   0% ] waiting      7m35.0s   
step_00950 • [   0% ] waiting      8m05.0s   
step_01000 • [   0% ] waiting      8m35.0s   

running (00m56.0s), 0001/0390 VUs, 4096 complete and 0 interrupted iterations
step_00050 ✓ [ 100% ] 000/020 VUs  30s        50.00 iters/s
step_00100   [  87% ] 001/020 VUs  26.0s/30s  100.00 iters/s
step_00150 • [   0% ] waiting      0m04.0s   
step_00200 • [   0% ] waiting      0m34.0s   
step_00250 • [   0% ] waiting      1m04.0s   
step_00300 • [   0% ] waiting      1m34.0s   
step_00350 • [   0% ] waiting      2m04.0s   
step_00400 • [   0% ] waiting      2m34.0s   
step_00450 • [   0% ] waiting      3m04.0s   
step_00500 • [   0% ] waiting      3m34.0s   
step_00550 • [   0% ] waiting      4m04.0s   
step_00600 • [   0% ] waiting      4m34.0s   
step_00650 • [   0% ] waiting      5m04.0s   
step_00700 • [   0% ] waiting      5m34.0s   
step_00750 • [   0% ] waiting      6m04.0s   
step_00800 • [   0% ] waiting      6m34.0s   
step_00850 • [   0% ] waiting      7m04.0s   
step_00900 • [   0% ] waiting      7m34.0s   
step_00950 • [   0% ] waiting      8m04.0s   
step_01000 • [   0% ] waiting      8m34.0s   

running (00m57.0s), 0001/0390 VUs, 4196 complete and 0 interrupted iterations
step_00050 ✓ [ 100% ] 000/020 VUs  30s        50.00 iters/s
step_00100   [  90% ] 001/020 VUs  27.0s/30s  100.00 iters/s
step_00150 • [   0% ] waiting      0m03.0s   
step_00200 • [   0% ] waiting      0m33.0s   
step_00250 • [   0% ] waiting      1m03.0s   
step_00300 • [   0% ] waiting      1m33.0s   
step_00350 • [   0% ] waiting      2m03.0s   
step_00400 • [   0% ] waiting      2m33.0s   
step_00450 • [   0% ] waiting      3m03.0s   
step_00500 • [   0% ] waiting      3m33.0s   
step_00550 • [   0% ] waiting      4m03.0s   
step_00600 • [   0% ] waiting      4m33.0s   
step_00650 • [   0% ] waiting      5m03.0s   
step_00700 • [   0% ] waiting      5m33.0s   
step_00750 • [   0% ] waiting      6m03.0s   
step_00800 • [   0% ] waiting      6m33.0s   
step_00850 • [   0% ] waiting      7m03.0s   
step_00900 • [   0% ] waiting      7m33.0s   
step_00950 • [   0% ] waiting      8m03.0s   
step_01000 • [   0% ] waiting      8m33.0s   

running (00m58.0s), 0001/0390 VUs, 4296 complete and 0 interrupted iterations
step_00050 ✓ [ 100% ] 000/020 VUs  30s        50.00 iters/s
step_00100   [  93% ] 001/020 VUs  28.0s/30s  100.00 iters/s
step_00150 • [   0% ] waiting      0m02.0s   
step_00200 • [   0% ] waiting      0m32.0s   
step_00250 • [   0% ] waiting      1m02.0s   
step_00300 • [   0% ] waiting      1m32.0s   
step_00350 • [   0% ] waiting      2m02.0s   
step_00400 • [   0% ] waiting      2m32.0s   
step_00450 • [   0% ] waiting      3m02.0s   
step_00500 • [   0% ] waiting      3m32.0s   
step_00550 • [   0% ] waiting      4m02.0s   
step_00600 • [   0% ] waiting      4m32.0s   
step_00650 • [   0% ] waiting      5m02.0s   
step_00700 • [   0% ] waiting      5m32.0s   
step_00750 • [   0% ] waiting      6m02.0s   
step_00800 • [   0% ] waiting      6m32.0s   
step_00850 • [   0% ] waiting      7m02.0s   
step_00900 • [   0% ] waiting      7m32.0s   
step_00950 • [   0% ] waiting      8m02.0s   
step_01000 • [   0% ] waiting      8m32.0s   

running (00m59.0s), 0000/0390 VUs, 4397 complete and 0 interrupted iterations
step_00050 ✓ [ 100% ] 000/020 VUs  30s        50.00 iters/s
step_00100   [  97% ] 000/020 VUs  29.0s/30s  100.00 iters/s
step_00150 • [   0% ] waiting      0m01.0s   
step_00200 • [   0% ] waiting      0m31.0s   
step_00250 • [   0% ] waiting      1m01.0s   
step_00300 • [   0% ] waiting      1m31.0s   
step_00350 • [   0% ] waiting      2m01.0s   
step_00400 • [   0% ] waiting      2m31.0s   
step_00450 • [   0% ] waiting      3m01.0s   
step_00500 • [   0% ] waiting      3m31.0s   
step_00550 • [   0% ] waiting      4m01.0s   
step_00600 • [   0% ] waiting      4m31.0s   
step_00650 • [   0% ] waiting      5m01.0s   
step_00700 • [   0% ] waiting      5m31.0s   
step_00750 • [   0% ] waiting      6m01.0s   
step_00800 • [   0% ] waiting      6m31.0s   
step_00850 • [   0% ] waiting      7m01.0s   
step_00900 • [   0% ] waiting      7m31.0s   
step_00950 • [   0% ] waiting      8m01.0s   
step_01000 • [   0% ] waiting      8m31.0s   

running (01m00.0s), 0001/0390 VUs, 4496 complete and 0 interrupted iterations
step_00050 ✓ [ 100% ] 000/020 VUs  30s        50.00 iters/s
step_00100   [ 100% ] 001/020 VUs  30.0s/30s  100.00 iters/s
step_00150 • [   0% ] waiting      0m00.0s   
step_00200 • [   0% ] waiting      0m30.0s   
step_00250 • [   0% ] waiting      1m00.0s   
step_00300 • [   0% ] waiting      1m30.0s   
step_00350 • [   0% ] waiting      2m00.0s   
step_00400 • [   0% ] waiting      2m30.0s   
step_00450 • [   0% ] waiting      3m00.0s   
step_00500 • [   0% ] waiting      3m30.0s   
step_00550 • [   0% ] waiting      4m00.0s   
step_00600 • [   0% ] waiting      4m30.0s   
step_00650 • [   0% ] waiting      5m00.0s   
step_00700 • [   0% ] waiting      5m30.0s   
step_00750 • [   0% ] waiting      6m00.0s   
step_00800 • [   0% ] waiting      6m30.0s   
step_00850 • [   0% ] waiting      7m00.0s   
step_00900 • [   0% ] waiting      7m30.0s   
step_00950 • [   0% ] waiting      8m00.0s   
step_01000 • [   0% ] waiting      8m30.0s   

running (01m01.0s), 0001/0390 VUs, 4644 complete and 0 interrupted iterations
step_00050 ✓ [ 100% ] 000/020 VUs  30s        50.00 iters/s
step_00100 ✓ [ 100% ] 000/020 VUs  30s        100.00 iters/s
step_00150   [   3% ] 001/030 VUs  01.0s/30s  150.00 iters/s
step_00200 • [   0% ] waiting      0m29.0s   
step_00250 • [   0% ] waiting      0m59.0s   
step_00300 • [   0% ] waiting      1m29.0s   
step_00350 • [   0% ] waiting      1m59.0s   
step_00400 • [   0% ] waiting      2m29.0s   
step_00450 • [   0% ] waiting      2m59.0s   
step_00500 • [   0% ] waiting      3m29.0s   
step_00550 • [   0% ] waiting      3m59.0s   
step_00600 • [   0% ] waiting      4m29.0s   
step_00650 • [   0% ] waiting      4m59.0s   
step_00700 • [   0% ] waiting      5m29.0s   
step_00750 • [   0% ] waiting      5m59.0s   
step_00800 • [   0% ] waiting      6m29.0s   
step_00850 • [   0% ] waiting      6m59.0s   
step_00900 • [   0% ] waiting      7m29.0s   
step_00950 • [   0% ] waiting      7m59.0s   
step_01000 • [   0% ] waiting      8m29.0s   

running (01m02.0s), 0001/0390 VUs, 4794 complete and 0 interrupted iterations
step_00050 ✓ [ 100% ] 000/020 VUs  30s        50.00 iters/s
step_00100 ✓ [ 100% ] 000/020 VUs  30s        100.00 iters/s
step_00150   [   7% ] 001/030 VUs  02.0s/30s  150.00 iters/s
step_00200 • [   0% ] waiting      0m28.0s   
step_00250 • [   0% ] waiting      0m58.0s   
step_00300 • [   0% ] waiting      1m28.0s   
step_00350 • [   0% ] waiting      1m58.0s   
step_00400 • [   0% ] waiting      2m28.0s   
step_00450 • [   0% ] waiting      2m58.0s   
step_00500 • [   0% ] waiting      3m28.0s   
step_00550 • [   0% ] waiting      3m58.0s   
step_00600 • [   0% ] waiting      4m28.0s   
step_00650 • [   0% ] waiting      4m58.0s   
step_00700 • [   0% ] waiting      5m28.0s   
step_00750 • [   0% ] waiting      5m58.0s   
step_00800 • [   0% ] waiting      6m28.0s   
step_00850 • [   0% ] waiting      6m58.0s   
step_00900 • [   0% ] waiting      7m28.0s   
step_00950 • [   0% ] waiting      7m58.0s   
step_01000 • [   0% ] waiting      8m28.0s   

running (01m03.0s), 0001/0390 VUs, 4944 complete and 0 interrupted iterations
step_00050 ✓ [ 100% ] 000/020 VUs  30s        50.00 iters/s
step_00100 ✓ [ 100% ] 000/020 VUs  30s        100.00 iters/s
step_00150   [  10% ] 001/030 VUs  03.0s/30s  150.00 iters/s
step_00200 • [   0% ] waiting      0m27.0s   
step_00250 • [   0% ] waiting      0m57.0s   
step_00300 • [   0% ] waiting      1m27.0s   
step_00350 • [   0% ] waiting      1m57.0s   
step_00400 • [   0% ] waiting      2m27.0s   
step_00450 • [   0% ] waiting      2m57.0s   
step_00500 • [   0% ] waiting      3m27.0s   
step_00550 • [   0% ] waiting      3m57.0s   
step_00600 • [   0% ] waiting      4m27.0s   
step_00650 • [   0% ] waiting      4m57.0s   
step_00700 • [   0% ] waiting      5m27.0s   
step_00750 • [   0% ] waiting      5m57.0s   
step_00800 • [   0% ] waiting      6m27.0s   
step_00850 • [   0% ] waiting      6m57.0s   
step_00900 • [   0% ] waiting      7m27.0s   
step_00950 • [   0% ] waiting      7m57.0s   
step_01000 • [   0% ] waiting      8m27.0s   

running (01m04.0s), 0001/0390 VUs, 5094 complete and 0 interrupted iterations
step_00050 ✓ [ 100% ] 000/020 VUs  30s        50.00 iters/s
step_00100 ✓ [ 100% ] 000/020 VUs  30s        100.00 iters/s
step_00150   [  13% ] 001/030 VUs  04.0s/30s  150.00 iters/s
step_00200 • [   0% ] waiting      0m26.0s   
step_00250 • [   0% ] waiting      0m56.0s   
step_00300 • [   0% ] waiting      1m26.0s   
step_00350 • [   0% ] waiting      1m56.0s   
step_00400 • [   0% ] waiting      2m26.0s   
step_00450 • [   0% ] waiting      2m56.0s   
step_00500 • [   0% ] waiting      3m26.0s   
step_00550 • [   0% ] waiting      3m56.0s   
step_00600 • [   0% ] waiting      4m26.0s   
step_00650 • [   0% ] waiting      4m56.0s   
step_00700 • [   0% ] waiting      5m26.0s   
step_00750 • [   0% ] waiting      5m56.0s   
step_00800 • [   0% ] waiting      6m26.0s   
step_00850 • [   0% ] waiting      6m56.0s   
step_00900 • [   0% ] waiting      7m26.0s   
step_00950 • [   0% ] waiting      7m56.0s   
step_01000 • [   0% ] waiting      8m26.0s   

running (01m05.0s), 0003/0390 VUs, 5242 complete and 0 interrupted iterations
step_00050 ✓ [ 100% ] 000/020 VUs  30s        50.00 iters/s
step_00100 ✓ [ 100% ] 000/020 VUs  30s        100.00 iters/s
step_00150   [  17% ] 003/030 VUs  05.0s/30s  150.00 iters/s
step_00200 • [   0% ] waiting      0m25.0s   
step_00250 • [   0% ] waiting      0m55.0s   
step_00300 • [   0% ] waiting      1m25.0s   
step_00350 • [   0% ] waiting      1m55.0s   
step_00400 • [   0% ] waiting      2m25.0s   
step_00450 • [   0% ] waiting      2m55.0s   
step_00500 • [   0% ] waiting      3m25.0s   
step_00550 • [   0% ] waiting      3m55.0s   
step_00600 • [   0% ] waiting      4m25.0s   
step_00650 • [   0% ] waiting      4m55.0s   
step_00700 • [   0% ] waiting      5m25.0s   
step_00750 • [   0% ] waiting      5m55.0s   
step_00800 • [   0% ] waiting      6m25.0s   
step_00850 • [   0% ] waiting      6m55.0s   
step_00900 • [   0% ] waiting      7m25.0s   
step_00950 • [   0% ] waiting      7m55.0s   
step_01000 • [   0% ] waiting      8m25.0s   

running (01m06.0s), 0001/0390 VUs, 5394 complete and 0 interrupted iterations
step_00050 ✓ [ 100% ] 000/020 VUs  30s        50.00 iters/s
step_00100 ✓ [ 100% ] 000/020 VUs  30s        100.00 iters/s
step_00150   [  20% ] 001/030 VUs  06.0s/30s  150.00 iters/s
step_00200 • [   0% ] waiting      0m24.0s   
step_00250 • [   0% ] waiting      0m54.0s   
step_00300 • [   0% ] waiting      1m24.0s   
step_00350 • [   0% ] waiting      1m54.0s   
step_00400 • [   0% ] waiting      2m24.0s   
step_00450 • [   0% ] waiting      2m54.0s   
step_00500 • [   0% ] waiting      3m24.0s   
step_00550 • [   0% ] waiting      3m54.0s   
step_00600 • [   0% ] waiting      4m24.0s   
step_00650 • [   0% ] waiting      4m54.0s   
step_00700 • [   0% ] waiting      5m24.0s   
step_00750 • [   0% ] waiting      5m54.0s   
step_00800 • [   0% ] waiting      6m24.0s   
step_00850 • [   0% ] waiting      6m54.0s   
step_00900 • [   0% ] waiting      7m24.0s   
step_00950 • [   0% ] waiting      7m54.0s   
step_01000 • [   0% ] waiting      8m24.0s   

running (01m07.0s), 0001/0390 VUs, 5544 complete and 0 interrupted iterations
step_00050 ✓ [ 100% ] 000/020 VUs  30s        50.00 iters/s
step_00100 ✓ [ 100% ] 000/020 VUs  30s        100.00 iters/s
step_00150   [  23% ] 001/030 VUs  07.0s/30s  150.00 iters/s
step_00200 • [   0% ] waiting      0m23.0s   
step_00250 • [   0% ] waiting      0m53.0s   
step_00300 • [   0% ] waiting      1m23.0s   
step_00350 • [   0% ] waiting      1m53.0s   
step_00400 • [   0% ] waiting      2m23.0s   
step_00450 • [   0% ] waiting      2m53.0s   
step_00500 • [   0% ] waiting      3m23.0s   
step_00550 • [   0% ] waiting      3m53.0s   
step_00600 • [   0% ] waiting      4m23.0s   
step_00650 • [   0% ] waiting      4m53.0s   
step_00700 • [   0% ] waiting      5m23.0s   
step_00750 • [   0% ] waiting      5m53.0s   
step_00800 • [   0% ] waiting      6m23.0s   
step_00850 • [   0% ] waiting      6m53.0s   
step_00900 • [   0% ] waiting      7m23.0s   
step_00950 • [   0% ] waiting      7m53.0s   
step_01000 • [   0% ] waiting      8m23.0s   

running (01m08.0s), 0001/0390 VUs, 5694 complete and 0 interrupted iterations
step_00050 ✓ [ 100% ] 000/020 VUs  30s        50.00 iters/s
step_00100 ✓ [ 100% ] 000/020 VUs  30s        100.00 iters/s
step_00150   [  27% ] 001/030 VUs  08.0s/30s  150.00 iters/s
step_00200 • [   0% ] waiting      0m22.0s   
step_00250 • [   0% ] waiting      0m52.0s   
step_00300 • [   0% ] waiting      1m22.0s   
step_00350 • [   0% ] waiting      1m52.0s   
step_00400 • [   0% ] waiting      2m22.0s   
step_00450 • [   0% ] waiting      2m52.0s   
step_00500 • [   0% ] waiting      3m22.0s   
step_00550 • [   0% ] waiting      3m52.0s   
step_00600 • [   0% ] waiting      4m22.0s   
step_00650 • [   0% ] waiting      4m52.0s   
step_00700 • [   0% ] waiting      5m22.0s   
step_00750 • [   0% ] waiting      5m52.0s   
step_00800 • [   0% ] waiting      6m22.0s   
step_00850 • [   0% ] waiting      6m52.0s   
step_00900 • [   0% ] waiting      7m22.0s   
step_00950 • [   0% ] waiting      7m52.0s   
step_01000 • [   0% ] waiting      8m22.0s   

running (01m09.0s), 0001/0390 VUs, 5844 complete and 0 interrupted iterations
step_00050 ✓ [ 100% ] 000/020 VUs  30s        50.00 iters/s
step_00100 ✓ [ 100% ] 000/020 VUs  30s        100.00 iters/s
step_00150   [  30% ] 001/030 VUs  09.0s/30s  150.00 iters/s
step_00200 • [   0% ] waiting      0m21.0s   
step_00250 • [   0% ] waiting      0m51.0s   
step_00300 • [   0% ] waiting      1m21.0s   
step_00350 • [   0% ] waiting      1m51.0s   
step_00400 • [   0% ] waiting      2m21.0s   
step_00450 • [   0% ] waiting      2m51.0s   
step_00500 • [   0% ] waiting      3m21.0s   
step_00550 • [   0% ] waiting      3m51.0s   
step_00600 • [   0% ] waiting      4m21.0s   
step_00650 • [   0% ] waiting      4m51.0s   
step_00700 • [   0% ] waiting      5m21.0s   
step_00750 • [   0% ] waiting      5m51.0s   
step_00800 • [   0% ] waiting      6m21.0s   
step_00850 • [   0% ] waiting      6m51.0s   
step_00900 • [   0% ] waiting      7m21.0s   
step_00950 • [   0% ] waiting      7m51.0s   
step_01000 • [   0% ] waiting      8m21.0s   

running (01m10.0s), 0001/0390 VUs, 5994 complete and 0 interrupted iterations
step_00050 ✓ [ 100% ] 000/020 VUs  30s        50.00 iters/s
step_00100 ✓ [ 100% ] 000/020 VUs  30s        100.00 iters/s
step_00150   [  33% ] 001/030 VUs  10.0s/30s  150.00 iters/s
step_00200 • [   0% ] waiting      0m20.0s   
step_00250 • [   0% ] waiting      0m50.0s   
step_00300 • [   0% ] waiting      1m20.0s   
step_00350 • [   0% ] waiting      1m50.0s   
step_00400 • [   0% ] waiting      2m20.0s   
step_00450 • [   0% ] waiting      2m50.0s   
step_00500 • [   0% ] waiting      3m20.0s   
step_00550 • [   0% ] waiting      3m50.0s   
step_00600 • [   0% ] waiting      4m20.0s   
step_00650 • [   0% ] waiting      4m50.0s   
step_00700 • [   0% ] waiting      5m20.0s   
step_00750 • [   0% ] waiting      5m50.0s   
step_00800 • [   0% ] waiting      6m20.0s   
step_00850 • [   0% ] waiting      6m50.0s   
step_00900 • [   0% ] waiting      7m20.0s   
step_00950 • [   0% ] waiting      7m50.0s   
step_01000 • [   0% ] waiting      8m20.0s   

running (01m11.0s), 0001/0390 VUs, 6144 complete and 0 interrupted iterations
step_00050 ✓ [ 100% ] 000/020 VUs  30s        50.00 iters/s
step_00100 ✓ [ 100% ] 000/020 VUs  30s        100.00 iters/s
step_00150   [  37% ] 001/030 VUs  11.0s/30s  150.00 iters/s
step_00200 • [   0% ] waiting      0m19.0s   
step_00250 • [   0% ] waiting      0m49.0s   
step_00300 • [   0% ] waiting      1m19.0s   
step_00350 • [   0% ] waiting      1m49.0s   
step_00400 • [   0% ] waiting      2m19.0s   
step_00450 • [   0% ] waiting      2m49.0s   
step_00500 • [   0% ] waiting      3m19.0s   
step_00550 • [   0% ] waiting      3m49.0s   
step_00600 • [   0% ] waiting      4m19.0s   
step_00650 • [   0% ] waiting      4m49.0s   
step_00700 • [   0% ] waiting      5m19.0s   
step_00750 • [   0% ] waiting      5m49.0s   
step_00800 • [   0% ] waiting      6m19.0s   
step_00850 • [   0% ] waiting      6m49.0s   
step_00900 • [   0% ] waiting      7m19.0s   
step_00950 • [   0% ] waiting      7m49.0s   
step_01000 • [   0% ] waiting      8m19.0s   

running (01m12.0s), 0001/0390 VUs, 6294 complete and 0 interrupted iterations
step_00050 ✓ [ 100% ] 000/020 VUs  30s        50.00 iters/s
step_00100 ✓ [ 100% ] 000/020 VUs  30s        100.00 iters/s
step_00150   [  40% ] 001/030 VUs  12.0s/30s  150.00 iters/s
step_00200 • [   0% ] waiting      0m18.0s   
step_00250 • [   0% ] waiting      0m48.0s   
step_00300 • [   0% ] waiting      1m18.0s   
step_00350 • [   0% ] waiting      1m48.0s   
step_00400 • [   0% ] waiting      2m18.0s   
step_00450 • [   0% ] waiting      2m48.0s   
step_00500 • [   0% ] waiting      3m18.0s   
step_00550 • [   0% ] waiting      3m48.0s   
step_00600 • [   0% ] waiting      4m18.0s   
step_00650 • [   0% ] waiting      4m48.0s   
step_00700 • [   0% ] waiting      5m18.0s   
step_00750 • [   0% ] waiting      5m48.0s   
step_00800 • [   0% ] waiting      6m18.0s   
step_00850 • [   0% ] waiting      6m48.0s   
step_00900 • [   0% ] waiting      7m18.0s   
step_00950 • [   0% ] waiting      7m48.0s   
step_01000 • [   0% ] waiting      8m18.0s   

running (01m13.0s), 0001/0390 VUs, 6444 complete and 0 interrupted iterations
step_00050 ✓ [ 100% ] 000/020 VUs  30s        50.00 iters/s
step_00100 ✓ [ 100% ] 000/020 VUs  30s        100.00 iters/s
step_00150   [  43% ] 001/030 VUs  13.0s/30s  150.00 iters/s
step_00200 • [   0% ] waiting      0m17.0s   
step_00250 • [   0% ] waiting      0m47.0s   
step_00300 • [   0% ] waiting      1m17.0s   
step_00350 • [   0% ] waiting      1m47.0s   
step_00400 • [   0% ] waiting      2m17.0s   
step_00450 • [   0% ] waiting      2m47.0s   
step_00500 • [   0% ] waiting      3m17.0s   
step_00550 • [   0% ] waiting      3m47.0s   
step_00600 • [   0% ] waiting      4m17.0s   
step_00650 • [   0% ] waiting      4m47.0s   
step_00700 • [   0% ] waiting      5m17.0s   
step_00750 • [   0% ] waiting      5m47.0s   
step_00800 • [   0% ] waiting      6m17.0s   
step_00850 • [   0% ] waiting      6m47.0s   
step_00900 • [   0% ] waiting      7m17.0s   
step_00950 • [   0% ] waiting      7m47.0s   
step_01000 • [   0% ] waiting      8m17.0s   

running (01m14.0s), 0001/0390 VUs, 6594 complete and 0 interrupted iterations
step_00050 ✓ [ 100% ] 000/020 VUs  30s        50.00 iters/s
step_00100 ✓ [ 100% ] 000/020 VUs  30s        100.00 iters/s
step_00150   [  47% ] 001/030 VUs  14.0s/30s  150.00 iters/s
step_00200 • [   0% ] waiting      0m16.0s   
step_00250 • [   0% ] waiting      0m46.0s   
step_00300 • [   0% ] waiting      1m16.0s   
step_00350 • [   0% ] waiting      1m46.0s   
step_00400 • [   0% ] waiting      2m16.0s   
step_00450 • [   0% ] waiting      2m46.0s   
step_00500 • [   0% ] waiting      3m16.0s   
step_00550 • [   0% ] waiting      3m46.0s   
step_00600 • [   0% ] waiting      4m16.0s   
step_00650 • [   0% ] waiting      4m46.0s   
step_00700 • [   0% ] waiting      5m16.0s   
step_00750 • [   0% ] waiting      5m46.0s   
step_00800 • [   0% ] waiting      6m16.0s   
step_00850 • [   0% ] waiting      6m46.0s   
step_00900 • [   0% ] waiting      7m16.0s   
step_00950 • [   0% ] waiting      7m46.0s   
step_01000 • [   0% ] waiting      8m16.0s   

running (01m15.0s), 0001/0390 VUs, 6744 complete and 0 interrupted iterations
step_00050 ✓ [ 100% ] 000/020 VUs  30s        50.00 iters/s
step_00100 ✓ [ 100% ] 000/020 VUs  30s        100.00 iters/s
step_00150   [  50% ] 001/030 VUs  15.0s/30s  150.00 iters/s
step_00200 • [   0% ] waiting      0m15.0s   
step_00250 • [   0% ] waiting      0m45.0s   
step_00300 • [   0% ] waiting      1m15.0s   
step_00350 • [   0% ] waiting      1m45.0s   
step_00400 • [   0% ] waiting      2m15.0s   
step_00450 • [   0% ] waiting      2m45.0s   
step_00500 • [   0% ] waiting      3m15.0s   
step_00550 • [   0% ] waiting      3m45.0s   
step_00600 • [   0% ] waiting      4m15.0s   
step_00650 • [   0% ] waiting      4m45.0s   
step_00700 • [   0% ] waiting      5m15.0s   
step_00750 • [   0% ] waiting      5m45.0s   
step_00800 • [   0% ] waiting      6m15.0s   
step_00850 • [   0% ] waiting      6m45.0s   
step_00900 • [   0% ] waiting      7m15.0s   
step_00950 • [   0% ] waiting      7m45.0s   
step_01000 • [   0% ] waiting      8m15.0s   

running (01m16.0s), 0001/0390 VUs, 6894 complete and 0 interrupted iterations
step_00050 ✓ [ 100% ] 000/020 VUs  30s        50.00 iters/s
step_00100 ✓ [ 100% ] 000/020 VUs  30s        100.00 iters/s
step_00150   [  53% ] 001/030 VUs  16.0s/30s  150.00 iters/s
step_00200 • [   0% ] waiting      0m14.0s   
step_00250 • [   0% ] waiting      0m44.0s   
step_00300 • [   0% ] waiting      1m14.0s   
step_00350 • [   0% ] waiting      1m44.0s   
step_00400 • [   0% ] waiting      2m14.0s   
step_00450 • [   0% ] waiting      2m44.0s   
step_00500 • [   0% ] waiting      3m14.0s   
step_00550 • [   0% ] waiting      3m44.0s   
step_00600 • [   0% ] waiting      4m14.0s   
step_00650 • [   0% ] waiting      4m44.0s   
step_00700 • [   0% ] waiting      5m14.0s   
step_00750 • [   0% ] waiting      5m44.0s   
step_00800 • [   0% ] waiting      6m14.0s   
step_00850 • [   0% ] waiting      6m44.0s   
step_00900 • [   0% ] waiting      7m14.0s   
step_00950 • [   0% ] waiting      7m44.0s   
step_01000 • [   0% ] waiting      8m14.0s   

running (01m17.0s), 0001/0390 VUs, 7044 complete and 0 interrupted iterations
step_00050 ✓ [ 100% ] 000/020 VUs  30s        50.00 iters/s
step_00100 ✓ [ 100% ] 000/020 VUs  30s        100.00 iters/s
step_00150   [  57% ] 001/030 VUs  17.0s/30s  150.00 iters/s
step_00200 • [   0% ] waiting      0m13.0s   
step_00250 • [   0% ] waiting      0m43.0s   
step_00300 • [   0% ] waiting      1m13.0s   
step_00350 • [   0% ] waiting      1m43.0s   
step_00400 • [   0% ] waiting      2m13.0s   
step_00450 • [   0% ] waiting      2m43.0s   
step_00500 • [   0% ] waiting      3m13.0s   
step_00550 • [   0% ] waiting      3m43.0s   
step_00600 • [   0% ] waiting      4m13.0s   
step_00650 • [   0% ] waiting      4m43.0s   
step_00700 • [   0% ] waiting      5m13.0s   
step_00750 • [   0% ] waiting      5m43.0s   
step_00800 • [   0% ] waiting      6m13.0s   
step_00850 • [   0% ] waiting      6m43.0s   
step_00900 • [   0% ] waiting      7m13.0s   
step_00950 • [   0% ] waiting      7m43.0s   
step_01000 • [   0% ] waiting      8m13.0s   

running (01m18.0s), 0001/0390 VUs, 7194 complete and 0 interrupted iterations
step_00050 ✓ [ 100% ] 000/020 VUs  30s        50.00 iters/s
step_00100 ✓ [ 100% ] 000/020 VUs  30s        100.00 iters/s
step_00150   [  60% ] 001/030 VUs  18.0s/30s  150.00 iters/s
step_00200 • [   0% ] waiting      0m12.0s   
step_00250 • [   0% ] waiting      0m42.0s   
step_00300 • [   0% ] waiting      1m12.0s   
step_00350 • [   0% ] waiting      1m42.0s   
step_00400 • [   0% ] waiting      2m12.0s   
step_00450 • [   0% ] waiting      2m42.0s   
step_00500 • [   0% ] waiting      3m12.0s   
step_00550 • [   0% ] waiting      3m42.0s   
step_00600 • [   0% ] waiting      4m12.0s   
step_00650 • [   0% ] waiting      4m42.0s   
step_00700 • [   0% ] waiting      5m12.0s   
step_00750 • [   0% ] waiting      5m42.0s   
step_00800 • [   0% ] waiting      6m12.0s   
step_00850 • [   0% ] waiting      6m42.0s   
step_00900 • [   0% ] waiting      7m12.0s   
step_00950 • [   0% ] waiting      7m42.0s   
step_01000 • [   0% ] waiting      8m12.0s   

running (01m19.0s), 0001/0390 VUs, 7344 complete and 0 interrupted iterations
step_00050 ✓ [ 100% ] 000/020 VUs  30s        50.00 iters/s
step_00100 ✓ [ 100% ] 000/020 VUs  30s        100.00 iters/s
step_00150   [  63% ] 001/030 VUs  19.0s/30s  150.00 iters/s
step_00200 • [   0% ] waiting      0m11.0s   
step_00250 • [   0% ] waiting      0m41.0s   
step_00300 • [   0% ] waiting      1m11.0s   
step_00350 • [   0% ] waiting      1m41.0s   
step_00400 • [   0% ] waiting      2m11.0s   
step_00450 • [   0% ] waiting      2m41.0s   
step_00500 • [   0% ] waiting      3m11.0s   
step_00550 • [   0% ] waiting      3m41.0s   
step_00600 • [   0% ] waiting      4m11.0s   
step_00650 • [   0% ] waiting      4m41.0s   
step_00700 • [   0% ] waiting      5m11.0s   
step_00750 • [   0% ] waiting      5m41.0s   
step_00800 • [   0% ] waiting      6m11.0s   
step_00850 • [   0% ] waiting      6m41.0s   
step_00900 • [   0% ] waiting      7m11.0s   
step_00950 • [   0% ] waiting      7m41.0s   
step_01000 • [   0% ] waiting      8m11.0s   

running (01m20.0s), 0001/0390 VUs, 7494 complete and 0 interrupted iterations
step_00050 ✓ [ 100% ] 000/020 VUs  30s        50.00 iters/s
step_00100 ✓ [ 100% ] 000/020 VUs  30s        100.00 iters/s
step_00150   [  67% ] 001/030 VUs  20.0s/30s  150.00 iters/s
step_00200 • [   0% ] waiting      0m10.0s   
step_00250 • [   0% ] waiting      0m40.0s   
step_00300 • [   0% ] waiting      1m10.0s   
step_00350 • [   0% ] waiting      1m40.0s   
step_00400 • [   0% ] waiting      2m10.0s   
step_00450 • [   0% ] waiting      2m40.0s   
step_00500 • [   0% ] waiting      3m10.0s   
step_00550 • [   0% ] waiting      3m40.0s   
step_00600 • [   0% ] waiting      4m10.0s   
step_00650 • [   0% ] waiting      4m40.0s   
step_00700 • [   0% ] waiting      5m10.0s   
step_00750 • [   0% ] waiting      5m40.0s   
step_00800 • [   0% ] waiting      6m10.0s   
step_00850 • [   0% ] waiting      6m40.0s   
step_00900 • [   0% ] waiting      7m10.0s   
step_00950 • [   0% ] waiting      7m40.0s   
step_01000 • [   0% ] waiting      8m10.0s   

running (01m21.0s), 0001/0390 VUs, 7644 complete and 0 interrupted iterations
step_00050 ✓ [ 100% ] 000/020 VUs  30s        50.00 iters/s
step_00100 ✓ [ 100% ] 000/020 VUs  30s        100.00 iters/s
step_00150   [  70% ] 001/030 VUs  21.0s/30s  150.00 iters/s
step_00200 • [   0% ] waiting      0m09.0s   
step_00250 • [   0% ] waiting      0m39.0s   
step_00300 • [   0% ] waiting      1m09.0s   
step_00350 • [   0% ] waiting      1m39.0s   
step_00400 • [   0% ] waiting      2m09.0s   
step_00450 • [   0% ] waiting      2m39.0s   
step_00500 • [   0% ] waiting      3m09.0s   
step_00550 • [   0% ] waiting      3m39.0s   
step_00600 • [   0% ] waiting      4m09.0s   
step_00650 • [   0% ] waiting      4m39.0s   
step_00700 • [   0% ] waiting      5m09.0s   
step_00750 • [   0% ] waiting      5m39.0s   
step_00800 • [   0% ] waiting      6m09.0s   
step_00850 • [   0% ] waiting      6m39.0s   
step_00900 • [   0% ] waiting      7m09.0s   
step_00950 • [   0% ] waiting      7m39.0s   
step_01000 • [   0% ] waiting      8m09.0s   

running (01m22.0s), 0001/0390 VUs, 7794 complete and 0 interrupted iterations
step_00050 ✓ [ 100% ] 000/020 VUs  30s        50.00 iters/s
step_00100 ✓ [ 100% ] 000/020 VUs  30s        100.00 iters/s
step_00150   [  73% ] 001/030 VUs  22.0s/30s  150.00 iters/s
step_00200 • [   0% ] waiting      0m08.0s   
step_00250 • [   0% ] waiting      0m38.0s   
step_00300 • [   0% ] waiting      1m08.0s   
step_00350 • [   0% ] waiting      1m38.0s   
step_00400 • [   0% ] waiting      2m08.0s   
step_00450 • [   0% ] waiting      2m38.0s   
step_00500 • [   0% ] waiting      3m08.0s   
step_00550 • [   0% ] waiting      3m38.0s   
step_00600 • [   0% ] waiting      4m08.0s   
step_00650 • [   0% ] waiting      4m38.0s   
step_00700 • [   0% ] waiting      5m08.0s   
step_00750 • [   0% ] waiting      5m38.0s   
step_00800 • [   0% ] waiting      6m08.0s   
step_00850 • [   0% ] waiting      6m38.0s   
step_00900 • [   0% ] waiting      7m08.0s   
step_00950 • [   0% ] waiting      7m38.0s   
step_01000 • [   0% ] waiting      8m08.0s   

running (01m23.0s), 0002/0390 VUs, 7943 complete and 0 interrupted iterations
step_00050 ✓ [ 100% ] 000/020 VUs  30s        50.00 iters/s
step_00100 ✓ [ 100% ] 000/020 VUs  30s        100.00 iters/s
step_00150   [  77% ] 002/030 VUs  23.0s/30s  150.00 iters/s
step_00200 • [   0% ] waiting      0m07.0s   
step_00250 • [   0% ] waiting      0m37.0s   
step_00300 • [   0% ] waiting      1m07.0s   
step_00350 • [   0% ] waiting      1m37.0s   
step_00400 • [   0% ] waiting      2m07.0s   
step_00450 • [   0% ] waiting      2m37.0s   
step_00500 • [   0% ] waiting      3m07.0s   
step_00550 • [   0% ] waiting      3m37.0s   
step_00600 • [   0% ] waiting      4m07.0s   
step_00650 • [   0% ] waiting      4m37.0s   
step_00700 • [   0% ] waiting      5m07.0s   
step_00750 • [   0% ] waiting      5m37.0s   
step_00800 • [   0% ] waiting      6m07.0s   
step_00850 • [   0% ] waiting      6m37.0s   
step_00900 • [   0% ] waiting      7m07.0s   
step_00950 • [   0% ] waiting      7m37.0s   
step_01000 • [   0% ] waiting      8m07.0s   

running (01m24.0s), 0001/0390 VUs, 8094 complete and 0 interrupted iterations
step_00050 ✓ [ 100% ] 000/020 VUs  30s        50.00 iters/s
step_00100 ✓ [ 100% ] 000/020 VUs  30s        100.00 iters/s
step_00150   [  80% ] 001/030 VUs  24.0s/30s  150.00 iters/s
step_00200 • [   0% ] waiting      0m06.0s   
step_00250 • [   0% ] waiting      0m36.0s   
step_00300 • [   0% ] waiting      1m06.0s   
step_00350 • [   0% ] waiting      1m36.0s   
step_00400 • [   0% ] waiting      2m06.0s   
step_00450 • [   0% ] waiting      2m36.0s   
step_00500 • [   0% ] waiting      3m06.0s   
step_00550 • [   0% ] waiting      3m36.0s   
step_00600 • [   0% ] waiting      4m06.0s   
step_00650 • [   0% ] waiting      4m36.0s   
step_00700 • [   0% ] waiting      5m06.0s   
step_00750 • [   0% ] waiting      5m36.0s   
step_00800 • [   0% ] waiting      6m06.0s   
step_00850 • [   0% ] waiting      6m36.0s   
step_00900 • [   0% ] waiting      7m06.0s   
step_00950 • [   0% ] waiting      7m36.0s   
step_01000 • [   0% ] waiting      8m06.0s   

running (01m25.0s), 0001/0390 VUs, 8244 complete and 0 interrupted iterations
step_00050 ✓ [ 100% ] 000/020 VUs  30s        50.00 iters/s
step_00100 ✓ [ 100% ] 000/020 VUs  30s        100.00 iters/s
step_00150   [  83% ] 001/030 VUs  25.0s/30s  150.00 iters/s
step_00200 • [   0% ] waiting      0m05.0s   
step_00250 • [   0% ] waiting      0m35.0s   
step_00300 • [   0% ] waiting      1m05.0s   
step_00350 • [   0% ] waiting      1m35.0s   
step_00400 • [   0% ] waiting      2m05.0s   
step_00450 • [   0% ] waiting      2m35.0s   
step_00500 • [   0% ] waiting      3m05.0s   
step_00550 • [   0% ] waiting      3m35.0s   
step_00600 • [   0% ] waiting      4m05.0s   
step_00650 • [   0% ] waiting      4m35.0s   
step_00700 • [   0% ] waiting      5m05.0s   
step_00750 • [   0% ] waiting      5m35.0s   
step_00800 • [   0% ] waiting      6m05.0s   
step_00850 • [   0% ] waiting      6m35.0s   
step_00900 • [   0% ] waiting      7m05.0s   
step_00950 • [   0% ] waiting      7m35.0s   
step_01000 • [   0% ] waiting      8m05.0s   

running (01m26.0s), 0002/0390 VUs, 8393 complete and 0 interrupted iterations
step_00050 ✓ [ 100% ] 000/020 VUs  30s        50.00 iters/s
step_00100 ✓ [ 100% ] 000/020 VUs  30s        100.00 iters/s
step_00150   [  87% ] 002/030 VUs  26.0s/30s  150.00 iters/s
step_00200 • [   0% ] waiting      0m04.0s   
step_00250 • [   0% ] waiting      0m34.0s   
step_00300 • [   0% ] waiting      1m04.0s   
step_00350 • [   0% ] waiting      1m34.0s   
step_00400 • [   0% ] waiting      2m04.0s   
step_00450 • [   0% ] waiting      2m34.0s   
step_00500 • [   0% ] waiting      3m04.0s   
step_00550 • [   0% ] waiting      3m34.0s   
step_00600 • [   0% ] waiting      4m04.0s   
step_00650 • [   0% ] waiting      4m34.0s   
step_00700 • [   0% ] waiting      5m04.0s   
step_00750 • [   0% ] waiting      5m34.0s   
step_00800 • [   0% ] waiting      6m04.0s   
step_00850 • [   0% ] waiting      6m34.0s   
step_00900 • [   0% ] waiting      7m04.0s   
step_00950 • [   0% ] waiting      7m34.0s   
step_01000 • [   0% ] waiting      8m04.0s   

running (01m27.0s), 0002/0390 VUs, 8543 complete and 0 interrupted iterations
step_00050 ✓ [ 100% ] 000/020 VUs  30s        50.00 iters/s
step_00100 ✓ [ 100% ] 000/020 VUs  30s        100.00 iters/s
step_00150   [  90% ] 002/030 VUs  27.0s/30s  150.00 iters/s
step_00200 • [   0% ] waiting      0m03.0s   
step_00250 • [   0% ] waiting      0m33.0s   
step_00300 • [   0% ] waiting      1m03.0s   
step_00350 • [   0% ] waiting      1m33.0s   
step_00400 • [   0% ] waiting      2m03.0s   
step_00450 • [   0% ] waiting      2m33.0s   
step_00500 • [   0% ] waiting      3m03.0s   
step_00550 • [   0% ] waiting      3m33.0s   
step_00600 • [   0% ] waiting      4m03.0s   
step_00650 • [   0% ] waiting      4m33.0s   
step_00700 • [   0% ] waiting      5m03.0s   
step_00750 • [   0% ] waiting      5m33.0s   
step_00800 • [   0% ] waiting      6m03.0s   
step_00850 • [   0% ] waiting      6m33.0s   
step_00900 • [   0% ] waiting      7m03.0s   
step_00950 • [   0% ] waiting      7m33.0s   
step_01000 • [   0% ] waiting      8m03.0s   

running (01m28.0s), 0001/0390 VUs, 8694 complete and 0 interrupted iterations
step_00050 ✓ [ 100% ] 000/020 VUs  30s        50.00 iters/s
step_00100 ✓ [ 100% ] 000/020 VUs  30s        100.00 iters/s
step_00150   [  93% ] 001/030 VUs  28.0s/30s  150.00 iters/s
step_00200 • [   0% ] waiting      0m02.0s   
step_00250 • [   0% ] waiting      0m32.0s   
step_00300 • [   0% ] waiting      1m02.0s   
step_00350 • [   0% ] waiting      1m32.0s   
step_00400 • [   0% ] waiting      2m02.0s   
step_00450 • [   0% ] waiting      2m32.0s   
step_00500 • [   0% ] waiting      3m02.0s   
step_00550 • [   0% ] waiting      3m32.0s   
step_00600 • [   0% ] waiting      4m02.0s   
step_00650 • [   0% ] waiting      4m32.0s   
step_00700 • [   0% ] waiting      5m02.0s   
step_00750 • [   0% ] waiting      5m32.0s   
step_00800 • [   0% ] waiting      6m02.0s   
step_00850 • [   0% ] waiting      6m32.0s   
step_00900 • [   0% ] waiting      7m02.0s   
step_00950 • [   0% ] waiting      7m32.0s   
step_01000 • [   0% ] waiting      8m02.0s   

running (01m29.0s), 0003/0390 VUs, 8842 complete and 0 interrupted iterations
step_00050 ✓ [ 100% ] 000/020 VUs  30s        50.00 iters/s
step_00100 ✓ [ 100% ] 000/020 VUs  30s        100.00 iters/s
step_00150   [  97% ] 003/030 VUs  29.0s/30s  150.00 iters/s
step_00200 • [   0% ] waiting      0m01.0s   
step_00250 • [   0% ] waiting      0m31.0s   
step_00300 • [   0% ] waiting      1m01.0s   
step_00350 • [   0% ] waiting      1m31.0s   
step_00400 • [   0% ] waiting      2m01.0s   
step_00450 • [   0% ] waiting      2m31.0s   
step_00500 • [   0% ] waiting      3m01.0s   
step_00550 • [   0% ] waiting      3m31.0s   
step_00600 • [   0% ] waiting      4m01.0s   
step_00650 • [   0% ] waiting      4m31.0s   
step_00700 • [   0% ] waiting      5m01.0s   
step_00750 • [   0% ] waiting      5m31.0s   
step_00800 • [   0% ] waiting      6m01.0s   
step_00850 • [   0% ] waiting      6m31.0s   
step_00900 • [   0% ] waiting      7m01.0s   
step_00950 • [   0% ] waiting      7m31.0s   
step_01000 • [   0% ] waiting      8m01.0s   

running (01m30.0s), 0001/0390 VUs, 8994 complete and 0 interrupted iterations
step_00050 ✓ [ 100% ] 000/020 VUs  30s        50.00 iters/s
step_00100 ✓ [ 100% ] 000/020 VUs  30s        100.00 iters/s
step_00150   [ 100% ] 001/030 VUs  30.0s/30s  150.00 iters/s
step_00200 • [   0% ] waiting      0m00.0s   
step_00250 • [   0% ] waiting      0m30.0s   
step_00300 • [   0% ] waiting      1m00.0s   
step_00350 • [   0% ] waiting      1m30.0s   
step_00400 • [   0% ] waiting      2m00.0s   
step_00450 • [   0% ] waiting      2m30.0s   
step_00500 • [   0% ] waiting      3m00.0s   
step_00550 • [   0% ] waiting      3m30.0s   
step_00600 • [   0% ] waiting      4m00.0s   
step_00650 • [   0% ] waiting      4m30.0s   
step_00700 • [   0% ] waiting      5m00.0s   
step_00750 • [   0% ] waiting      5m30.0s   
step_00800 • [   0% ] waiting      6m00.0s   
step_00850 • [   0% ] waiting      6m30.0s   
step_00900 • [   0% ] waiting      7m00.0s   
step_00950 • [   0% ] waiting      7m30.0s   
step_01000 • [   0% ] waiting      8m00.0s   

running (01m31.0s), 0002/0390 VUs, 9191 complete and 0 interrupted iterations
step_00050 ✓ [ 100% ] 000/020 VUs  30s        50.00 iters/s
step_00100 ✓ [ 100% ] 000/020 VUs  30s        100.00 iters/s
step_00150 ✓ [ 100% ] 000/030 VUs  30s        150.00 iters/s
step_00200   [   3% ] 002/040 VUs  01.0s/30s  200.00 iters/s
step_00250 • [   0% ] waiting      0m29.0s   
step_00300 • [   0% ] waiting      0m59.0s   
step_00350 • [   0% ] waiting      1m29.0s   
step_00400 • [   0% ] waiting      1m59.0s   
step_00450 • [   0% ] waiting      2m29.0s   
step_00500 • [   0% ] waiting      2m59.0s   
step_00550 • [   0% ] waiting      3m29.0s   
step_00600 • [   0% ] waiting      3m59.0s   
step_00650 • [   0% ] waiting      4m29.0s   
step_00700 • [   0% ] waiting      4m59.0s   
step_00750 • [   0% ] waiting      5m29.0s   
step_00800 • [   0% ] waiting      5m59.0s   
step_00850 • [   0% ] waiting      6m29.0s   
step_00900 • [   0% ] waiting      6m59.0s   
step_00950 • [   0% ] waiting      7m29.0s   
step_01000 • [   0% ] waiting      7m59.0s   

running (01m32.0s), 0001/0390 VUs, 9392 complete and 0 interrupted iterations
step_00050 ✓ [ 100% ] 000/020 VUs  30s        50.00 iters/s
step_00100 ✓ [ 100% ] 000/020 VUs  30s        100.00 iters/s
step_00150 ✓ [ 100% ] 000/030 VUs  30s        150.00 iters/s
step_00200   [   7% ] 001/040 VUs  02.0s/30s  200.00 iters/s
step_00250 • [   0% ] waiting      0m28.0s   
step_00300 • [   0% ] waiting      0m58.0s   
step_00350 • [   0% ] waiting      1m28.0s   
step_00400 • [   0% ] waiting      1m58.0s   
step_00450 • [   0% ] waiting      2m28.0s   
step_00500 • [   0% ] waiting      2m58.0s   
step_00550 • [   0% ] waiting      3m28.0s   
step_00600 • [   0% ] waiting      3m58.0s   
step_00650 • [   0% ] waiting      4m28.0s   
step_00700 • [   0% ] waiting      4m58.0s   
step_00750 • [   0% ] waiting      5m28.0s   
step_00800 • [   0% ] waiting      5m58.0s   
step_00850 • [   0% ] waiting      6m28.0s   
step_00900 • [   0% ] waiting      6m58.0s   
step_00950 • [   0% ] waiting      7m28.0s   
step_01000 • [   0% ] waiting      7m58.0s   

running (01m33.0s), 0002/0390 VUs, 9591 complete and 0 interrupted iterations
step_00050 ✓ [ 100% ] 000/020 VUs  30s        50.00 iters/s
step_00100 ✓ [ 100% ] 000/020 VUs  30s        100.00 iters/s
step_00150 ✓ [ 100% ] 000/030 VUs  30s        150.00 iters/s
step_00200   [  10% ] 002/040 VUs  03.0s/30s  200.00 iters/s
step_00250 • [   0% ] waiting      0m27.0s   
step_00300 • [   0% ] waiting      0m57.0s   
step_00350 • [   0% ] waiting      1m27.0s   
step_00400 • [   0% ] waiting      1m57.0s   
step_00450 • [   0% ] waiting      2m27.0s   
step_00500 • [   0% ] waiting      2m57.0s   
step_00550 • [   0% ] waiting      3m27.0s   
step_00600 • [   0% ] waiting      3m57.0s   
step_00650 • [   0% ] waiting      4m27.0s   
step_00700 • [   0% ] waiting      4m57.0s   
step_00750 • [   0% ] waiting      5m27.0s   
step_00800 • [   0% ] waiting      5m57.0s   
step_00850 • [   0% ] waiting      6m27.0s   
step_00900 • [   0% ] waiting      6m57.0s   
step_00950 • [   0% ] waiting      7m27.0s   
step_01000 • [   0% ] waiting      7m57.0s   

running (01m34.0s), 0001/0390 VUs, 9792 complete and 0 interrupted iterations
step_00050 ✓ [ 100% ] 000/020 VUs  30s        50.00 iters/s
step_00100 ✓ [ 100% ] 000/020 VUs  30s        100.00 iters/s
step_00150 ✓ [ 100% ] 000/030 VUs  30s        150.00 iters/s
step_00200   [  13% ] 001/040 VUs  04.0s/30s  200.00 iters/s
step_00250 • [   0% ] waiting      0m26.0s   
step_00300 • [   0% ] waiting      0m56.0s   
step_00350 • [   0% ] waiting      1m26.0s   
step_00400 • [   0% ] waiting      1m56.0s   
step_00450 • [   0% ] waiting      2m26.0s   
step_00500 • [   0% ] waiting      2m56.0s   
step_00550 • [   0% ] waiting      3m26.0s   
step_00600 • [   0% ] waiting      3m56.0s   
step_00650 • [   0% ] waiting      4m26.0s   
step_00700 • [   0% ] waiting      4m56.0s   
step_00750 • [   0% ] waiting      5m26.0s   
step_00800 • [   0% ] waiting      5m56.0s   
step_00850 • [   0% ] waiting      6m26.0s   
step_00900 • [   0% ] waiting      6m56.0s   
step_00950 • [   0% ] waiting      7m26.0s   
step_01000 • [   0% ] waiting      7m56.0s   

running (01m35.0s), 0000/0390 VUs, 9992 complete and 0 interrupted iterations
step_00050 ✓ [ 100% ] 000/020 VUs  30s        50.00 iters/s
step_00100 ✓ [ 100% ] 000/020 VUs  30s        100.00 iters/s
step_00150 ✓ [ 100% ] 000/030 VUs  30s        150.00 iters/s
step_00200   [  17% ] 000/040 VUs  05.0s/30s  200.00 iters/s
step_00250 • [   0% ] waiting      0m25.0s   
step_00300 • [   0% ] waiting      0m55.0s   
step_00350 • [   0% ] waiting      1m25.0s   
step_00400 • [   0% ] waiting      1m55.0s   
step_00450 • [   0% ] waiting      2m25.0s   
step_00500 • [   0% ] waiting      2m55.0s   
step_00550 • [   0% ] waiting      3m25.0s   
step_00600 • [   0% ] waiting      3m55.0s   
step_00650 • [   0% ] waiting      4m25.0s   
step_00700 • [   0% ] waiting      4m55.0s   
step_00750 • [   0% ] waiting      5m25.0s   
step_00800 • [   0% ] waiting      5m55.0s   
step_00850 • [   0% ] waiting      6m25.0s   
step_00900 • [   0% ] waiting      6m55.0s   
step_00950 • [   0% ] waiting      7m25.0s   
step_01000 • [   0% ] waiting      7m55.0s   

running (01m36.0s), 0001/0390 VUs, 10192 complete and 0 interrupted iterations
step_00050 ✓ [ 100% ] 000/020 VUs  30s        50.00 iters/s
step_00100 ✓ [ 100% ] 000/020 VUs  30s        100.00 iters/s
step_00150 ✓ [ 100% ] 000/030 VUs  30s        150.00 iters/s
step_00200   [  20% ] 001/040 VUs  06.0s/30s  200.00 iters/s
step_00250 • [   0% ] waiting      0m24.0s   
step_00300 • [   0% ] waiting      0m54.0s   
step_00350 • [   0% ] waiting      1m24.0s   
step_00400 • [   0% ] waiting      1m54.0s   
step_00450 • [   0% ] waiting      2m24.0s   
step_00500 • [   0% ] waiting      2m54.0s   
step_00550 • [   0% ] waiting      3m24.0s   
step_00600 • [   0% ] waiting      3m54.0s   
step_00650 • [   0% ] waiting      4m24.0s   
step_00700 • [   0% ] waiting      4m54.0s   
step_00750 • [   0% ] waiting      5m24.0s   
step_00800 • [   0% ] waiting      5m54.0s   
step_00850 • [   0% ] waiting      6m24.0s   
step_00900 • [   0% ] waiting      6m54.0s   
step_00950 • [   0% ] waiting      7m24.0s   
step_01000 • [   0% ] waiting      7m54.0s   

running (01m37.0s), 0000/0390 VUs, 10392 complete and 0 interrupted iterations
step_00050 ✓ [ 100% ] 000/020 VUs  30s        50.00 iters/s
step_00100 ✓ [ 100% ] 000/020 VUs  30s        100.00 iters/s
step_00150 ✓ [ 100% ] 000/030 VUs  30s        150.00 iters/s
step_00200   [  23% ] 000/040 VUs  07.0s/30s  200.00 iters/s
step_00250 • [   0% ] waiting      0m23.0s   
step_00300 • [   0% ] waiting      0m53.0s   
step_00350 • [   0% ] waiting      1m23.0s   
step_00400 • [   0% ] waiting      1m53.0s   
step_00450 • [   0% ] waiting      2m23.0s   
step_00500 • [   0% ] waiting      2m53.0s   
step_00550 • [   0% ] waiting      3m23.0s   
step_00600 • [   0% ] waiting      3m53.0s   
step_00650 • [   0% ] waiting      4m23.0s   
step_00700 • [   0% ] waiting      4m53.0s   
step_00750 • [   0% ] waiting      5m23.0s   
step_00800 • [   0% ] waiting      5m53.0s   
step_00850 • [   0% ] waiting      6m23.0s   
step_00900 • [   0% ] waiting      6m53.0s   
step_00950 • [   0% ] waiting      7m23.0s   
step_01000 • [   0% ] waiting      7m53.0s   

running (01m38.0s), 0001/0390 VUs, 10592 complete and 0 interrupted iterations
step_00050 ✓ [ 100% ] 000/020 VUs  30s        50.00 iters/s
step_00100 ✓ [ 100% ] 000/020 VUs  30s        100.00 iters/s
step_00150 ✓ [ 100% ] 000/030 VUs  30s        150.00 iters/s
step_00200   [  27% ] 001/040 VUs  08.0s/30s  200.00 iters/s
step_00250 • [   0% ] waiting      0m22.0s   
step_00300 • [   0% ] waiting      0m52.0s   
step_00350 • [   0% ] waiting      1m22.0s   
step_00400 • [   0% ] waiting      1m52.0s   
step_00450 • [   0% ] waiting      2m22.0s   
step_00500 • [   0% ] waiting      2m52.0s   
step_00550 • [   0% ] waiting      3m22.0s   
step_00600 • [   0% ] waiting      3m52.0s   
step_00650 • [   0% ] waiting      4m22.0s   
step_00700 • [   0% ] waiting      4m52.0s   
step_00750 • [   0% ] waiting      5m22.0s   
step_00800 • [   0% ] waiting      5m52.0s   
step_00850 • [   0% ] waiting      6m22.0s   
step_00900 • [   0% ] waiting      6m52.0s   
step_00950 • [   0% ] waiting      7m22.0s   
step_01000 • [   0% ] waiting      7m52.0s   

running (01m39.0s), 0000/0390 VUs, 10792 complete and 0 interrupted iterations
step_00050 ✓ [ 100% ] 000/020 VUs  30s        50.00 iters/s
step_00100 ✓ [ 100% ] 000/020 VUs  30s        100.00 iters/s
step_00150 ✓ [ 100% ] 000/030 VUs  30s        150.00 iters/s
step_00200   [  30% ] 000/040 VUs  09.0s/30s  200.00 iters/s
step_00250 • [   0% ] waiting      0m21.0s   
step_00300 • [   0% ] waiting      0m51.0s   
step_00350 • [   0% ] waiting      1m21.0s   
step_00400 • [   0% ] waiting      1m51.0s   
step_00450 • [   0% ] waiting      2m21.0s   
step_00500 • [   0% ] waiting      2m51.0s   
step_00550 • [   0% ] waiting      3m21.0s   
step_00600 • [   0% ] waiting      3m51.0s   
step_00650 • [   0% ] waiting      4m21.0s   
step_00700 • [   0% ] waiting      4m51.0s   
step_00750 • [   0% ] waiting      5m21.0s   
step_00800 • [   0% ] waiting      5m51.0s   
step_00850 • [   0% ] waiting      6m21.0s   
step_00900 • [   0% ] waiting      6m51.0s   
step_00950 • [   0% ] waiting      7m21.0s   
step_01000 • [   0% ] waiting      7m51.0s   

running (01m40.0s), 0000/0390 VUs, 10992 complete and 0 interrupted iterations
step_00050 ✓ [ 100% ] 000/020 VUs  30s        50.00 iters/s
step_00100 ✓ [ 100% ] 000/020 VUs  30s        100.00 iters/s
step_00150 ✓ [ 100% ] 000/030 VUs  30s        150.00 iters/s
step_00200   [  33% ] 000/040 VUs  10.0s/30s  200.00 iters/s
step_00250 • [   0% ] waiting      0m20.0s   
step_00300 • [   0% ] waiting      0m50.0s   
step_00350 • [   0% ] waiting      1m20.0s   
step_00400 • [   0% ] waiting      1m50.0s   
step_00450 • [   0% ] waiting      2m20.0s   
step_00500 • [   0% ] waiting      2m50.0s   
step_00550 • [   0% ] waiting      3m20.0s   
step_00600 • [   0% ] waiting      3m50.0s   
step_00650 • [   0% ] waiting      4m20.0s   
step_00700 • [   0% ] waiting      4m50.0s   
step_00750 • [   0% ] waiting      5m20.0s   
step_00800 • [   0% ] waiting      5m50.0s   
step_00850 • [   0% ] waiting      6m20.0s   
step_00900 • [   0% ] waiting      6m50.0s   
step_00950 • [   0% ] waiting      7m20.0s   
step_01000 • [   0% ] waiting      7m50.0s   

running (01m41.0s), 0001/0390 VUs, 11192 complete and 0 interrupted iterations
step_00050 ✓ [ 100% ] 000/020 VUs  30s        50.00 iters/s
step_00100 ✓ [ 100% ] 000/020 VUs  30s        100.00 iters/s
step_00150 ✓ [ 100% ] 000/030 VUs  30s        150.00 iters/s
step_00200   [  37% ] 001/040 VUs  11.0s/30s  200.00 iters/s
step_00250 • [   0% ] waiting      0m19.0s   
step_00300 • [   0% ] waiting      0m49.0s   
step_00350 • [   0% ] waiting      1m19.0s   
step_00400 • [   0% ] waiting      1m49.0s   
step_00450 • [   0% ] waiting      2m19.0s   
step_00500 • [   0% ] waiting      2m49.0s   
step_00550 • [   0% ] waiting      3m19.0s   
step_00600 • [   0% ] waiting      3m49.0s   
step_00650 • [   0% ] waiting      4m19.0s   
step_00700 • [   0% ] waiting      4m49.0s   
step_00750 • [   0% ] waiting      5m19.0s   
step_00800 • [   0% ] waiting      5m49.0s   
step_00850 • [   0% ] waiting      6m19.0s   
step_00900 • [   0% ] waiting      6m49.0s   
step_00950 • [   0% ] waiting      7m19.0s   
step_01000 • [   0% ] waiting      7m49.0s   

running (01m42.0s), 0001/0390 VUs, 11392 complete and 0 interrupted iterations
step_00050 ✓ [ 100% ] 000/020 VUs  30s        50.00 iters/s
step_00100 ✓ [ 100% ] 000/020 VUs  30s        100.00 iters/s
step_00150 ✓ [ 100% ] 000/030 VUs  30s        150.00 iters/s
step_00200   [  40% ] 001/040 VUs  12.0s/30s  200.00 iters/s
step_00250 • [   0% ] waiting      0m18.0s   
step_00300 • [   0% ] waiting      0m48.0s   
step_00350 • [   0% ] waiting      1m18.0s   
step_00400 • [   0% ] waiting      1m48.0s   
step_00450 • [   0% ] waiting      2m18.0s   
step_00500 • [   0% ] waiting      2m48.0s   
step_00550 • [   0% ] waiting      3m18.0s   
step_00600 • [   0% ] waiting      3m48.0s   
step_00650 • [   0% ] waiting      4m18.0s   
step_00700 • [   0% ] waiting      4m48.0s   
step_00750 • [   0% ] waiting      5m18.0s   
step_00800 • [   0% ] waiting      5m48.0s   
step_00850 • [   0% ] waiting      6m18.0s   
step_00900 • [   0% ] waiting      6m48.0s   
step_00950 • [   0% ] waiting      7m18.0s   
step_01000 • [   0% ] waiting      7m48.0s   

running (01m43.0s), 0001/0390 VUs, 11592 complete and 0 interrupted iterations
step_00050 ✓ [ 100% ] 000/020 VUs  30s        50.00 iters/s
step_00100 ✓ [ 100% ] 000/020 VUs  30s        100.00 iters/s
step_00150 ✓ [ 100% ] 000/030 VUs  30s        150.00 iters/s
step_00200   [  43% ] 001/040 VUs  13.0s/30s  200.00 iters/s
step_00250 • [   0% ] waiting      0m17.0s   
step_00300 • [   0% ] waiting      0m47.0s   
step_00350 • [   0% ] waiting      1m17.0s   
step_00400 • [   0% ] waiting      1m47.0s   
step_00450 • [   0% ] waiting      2m17.0s   
step_00500 • [   0% ] waiting      2m47.0s   
step_00550 • [   0% ] waiting      3m17.0s   
step_00600 • [   0% ] waiting      3m47.0s   
step_00650 • [   0% ] waiting      4m17.0s   
step_00700 • [   0% ] waiting      4m47.0s   
step_00750 • [   0% ] waiting      5m17.0s   
step_00800 • [   0% ] waiting      5m47.0s   
step_00850 • [   0% ] waiting      6m17.0s   
step_00900 • [   0% ] waiting      6m47.0s   
step_00950 • [   0% ] waiting      7m17.0s   
step_01000 • [   0% ] waiting      7m47.0s   

running (01m44.0s), 0001/0390 VUs, 11792 complete and 0 interrupted iterations
step_00050 ✓ [ 100% ] 000/020 VUs  30s        50.00 iters/s
step_00100 ✓ [ 100% ] 000/020 VUs  30s        100.00 iters/s
step_00150 ✓ [ 100% ] 000/030 VUs  30s        150.00 iters/s
step_00200   [  47% ] 001/040 VUs  14.0s/30s  200.00 iters/s
step_00250 • [   0% ] waiting      0m16.0s   
step_00300 • [   0% ] waiting      0m46.0s   
step_00350 • [   0% ] waiting      1m16.0s   
step_00400 • [   0% ] waiting      1m46.0s   
step_00450 • [   0% ] waiting      2m16.0s   
step_00500 • [   0% ] waiting      2m46.0s   
step_00550 • [   0% ] waiting      3m16.0s   
step_00600 • [   0% ] waiting      3m46.0s   
step_00650 • [   0% ] waiting      4m16.0s   
step_00700 • [   0% ] waiting      4m46.0s   
step_00750 • [   0% ] waiting      5m16.0s   
step_00800 • [   0% ] waiting      5m46.0s   
step_00850 • [   0% ] waiting      6m16.0s   
step_00900 • [   0% ] waiting      6m46.0s   
step_00950 • [   0% ] waiting      7m16.0s   
step_01000 • [   0% ] waiting      7m46.0s   

running (01m45.0s), 0001/0390 VUs, 11992 complete and 0 interrupted iterations
step_00050 ✓ [ 100% ] 000/020 VUs  30s        50.00 iters/s
step_00100 ✓ [ 100% ] 000/020 VUs  30s        100.00 iters/s
step_00150 ✓ [ 100% ] 000/030 VUs  30s        150.00 iters/s
step_00200   [  50% ] 001/040 VUs  15.0s/30s  200.00 iters/s
step_00250 • [   0% ] waiting      0m15.0s   
step_00300 • [   0% ] waiting      0m45.0s   
step_00350 • [   0% ] waiting      1m15.0s   
step_00400 • [   0% ] waiting      1m45.0s   
step_00450 • [   0% ] waiting      2m15.0s   
step_00500 • [   0% ] waiting      2m45.0s   
step_00550 • [   0% ] waiting      3m15.0s   
step_00600 • [   0% ] waiting      3m45.0s   
step_00650 • [   0% ] waiting      4m15.0s   
step_00700 • [   0% ] waiting      4m45.0s   
step_00750 • [   0% ] waiting      5m15.0s   
step_00800 • [   0% ] waiting      5m45.0s   
step_00850 • [   0% ] waiting      6m15.0s   
step_00900 • [   0% ] waiting      6m45.0s   
step_00950 • [   0% ] waiting      7m15.0s   
step_01000 • [   0% ] waiting      7m45.0s   

running (01m46.0s), 0001/0390 VUs, 12192 complete and 0 interrupted iterations
step_00050 ✓ [ 100% ] 000/020 VUs  30s        50.00 iters/s
step_00100 ✓ [ 100% ] 000/020 VUs  30s        100.00 iters/s
step_00150 ✓ [ 100% ] 000/030 VUs  30s        150.00 iters/s
step_00200   [  53% ] 001/040 VUs  16.0s/30s  200.00 iters/s
step_00250 • [   0% ] waiting      0m14.0s   
step_00300 • [   0% ] waiting      0m44.0s   
step_00350 • [   0% ] waiting      1m14.0s   
step_00400 • [   0% ] waiting      1m44.0s   
step_00450 • [   0% ] waiting      2m14.0s   
step_00500 • [   0% ] waiting      2m44.0s   
step_00550 • [   0% ] waiting      3m14.0s   
step_00600 • [   0% ] waiting      3m44.0s   
step_00650 • [   0% ] waiting      4m14.0s   
step_00700 • [   0% ] waiting      4m44.0s   
step_00750 • [   0% ] waiting      5m14.0s   
step_00800 • [   0% ] waiting      5m44.0s   
step_00850 • [   0% ] waiting      6m14.0s   
step_00900 • [   0% ] waiting      6m44.0s   
step_00950 • [   0% ] waiting      7m14.0s   
step_01000 • [   0% ] waiting      7m44.0s   

running (01m47.0s), 0001/0390 VUs, 12392 complete and 0 interrupted iterations
step_00050 ✓ [ 100% ] 000/020 VUs  30s        50.00 iters/s
step_00100 ✓ [ 100% ] 000/020 VUs  30s        100.00 iters/s
step_00150 ✓ [ 100% ] 000/030 VUs  30s        150.00 iters/s
step_00200   [  57% ] 001/040 VUs  17.0s/30s  200.00 iters/s
step_00250 • [   0% ] waiting      0m13.0s   
step_00300 • [   0% ] waiting      0m43.0s   
step_00350 • [   0% ] waiting      1m13.0s   
step_00400 • [   0% ] waiting      1m43.0s   
step_00450 • [   0% ] waiting      2m13.0s   
step_00500 • [   0% ] waiting      2m43.0s   
step_00550 • [   0% ] waiting      3m13.0s   
step_00600 • [   0% ] waiting      3m43.0s   
step_00650 • [   0% ] waiting      4m13.0s   
step_00700 • [   0% ] waiting      4m43.0s   
step_00750 • [   0% ] waiting      5m13.0s   
step_00800 • [   0% ] waiting      5m43.0s   
step_00850 • [   0% ] waiting      6m13.0s   
step_00900 • [   0% ] waiting      6m43.0s   
step_00950 • [   0% ] waiting      7m13.0s   
step_01000 • [   0% ] waiting      7m43.0s   

running (01m48.0s), 0000/0390 VUs, 12592 complete and 0 interrupted iterations
step_00050 ✓ [ 100% ] 000/020 VUs  30s        50.00 iters/s
step_00100 ✓ [ 100% ] 000/020 VUs  30s        100.00 iters/s
step_00150 ✓ [ 100% ] 000/030 VUs  30s        150.00 iters/s
step_00200   [  60% ] 001/040 VUs  18.0s/30s  200.00 iters/s
step_00250 • [   0% ] waiting      0m12.0s   
step_00300 • [   0% ] waiting      0m42.0s   
step_00350 • [   0% ] waiting      1m12.0s   
step_00400 • [   0% ] waiting      1m42.0s   
step_00450 • [   0% ] waiting      2m12.0s   
step_00500 • [   0% ] waiting      2m42.0s   
step_00550 • [   0% ] waiting      3m12.0s   
step_00600 • [   0% ] waiting      3m42.0s   
step_00650 • [   0% ] waiting      4m12.0s   
step_00700 • [   0% ] waiting      4m42.0s   
step_00750 • [   0% ] waiting      5m12.0s   
step_00800 • [   0% ] waiting      5m42.0s   
step_00850 • [   0% ] waiting      6m12.0s   
step_00900 • [   0% ] waiting      6m42.0s   
step_00950 • [   0% ] waiting      7m12.0s   
step_01000 • [   0% ] waiting      7m42.0s   

running (01m49.0s), 0002/0390 VUs, 12791 complete and 0 interrupted iterations
step_00050 ✓ [ 100% ] 000/020 VUs  30s        50.00 iters/s
step_00100 ✓ [ 100% ] 000/020 VUs  30s        100.00 iters/s
step_00150 ✓ [ 100% ] 000/030 VUs  30s        150.00 iters/s
step_00200   [  63% ] 002/040 VUs  19.0s/30s  200.00 iters/s
step_00250 • [   0% ] waiting      0m11.0s   
step_00300 • [   0% ] waiting      0m41.0s   
step_00350 • [   0% ] waiting      1m11.0s   
step_00400 • [   0% ] waiting      1m41.0s   
step_00450 • [   0% ] waiting      2m11.0s   
step_00500 • [   0% ] waiting      2m41.0s   
step_00550 • [   0% ] waiting      3m11.0s   
step_00600 • [   0% ] waiting      3m41.0s   
step_00650 • [   0% ] waiting      4m11.0s   
step_00700 • [   0% ] waiting      4m41.0s   
step_00750 • [   0% ] waiting      5m11.0s   
step_00800 • [   0% ] waiting      5m41.0s   
step_00850 • [   0% ] waiting      6m11.0s   
step_00900 • [   0% ] waiting      6m41.0s   
step_00950 • [   0% ] waiting      7m11.0s   
step_01000 • [   0% ] waiting      7m41.0s   

running (01m50.0s), 0001/0390 VUs, 12992 complete and 0 interrupted iterations
step_00050 ✓ [ 100% ] 000/020 VUs  30s        50.00 iters/s
step_00100 ✓ [ 100% ] 000/020 VUs  30s        100.00 iters/s
step_00150 ✓ [ 100% ] 000/030 VUs  30s        150.00 iters/s
step_00200   [  67% ] 001/040 VUs  20.0s/30s  200.00 iters/s
step_00250 • [   0% ] waiting      0m10.0s   
step_00300 • [   0% ] waiting      0m40.0s   
step_00350 • [   0% ] waiting      1m10.0s   
step_00400 • [   0% ] waiting      1m40.0s   
step_00450 • [   0% ] waiting      2m10.0s   
step_00500 • [   0% ] waiting      2m40.0s   
step_00550 • [   0% ] waiting      3m10.0s   
step_00600 • [   0% ] waiting      3m40.0s   
step_00650 • [   0% ] waiting      4m10.0s   
step_00700 • [   0% ] waiting      4m40.0s   
step_00750 • [   0% ] waiting      5m10.0s   
step_00800 • [   0% ] waiting      5m40.0s   
step_00850 • [   0% ] waiting      6m10.0s   
step_00900 • [   0% ] waiting      6m40.0s   
step_00950 • [   0% ] waiting      7m10.0s   
step_01000 • [   0% ] waiting      7m40.0s   

running (01m51.0s), 0001/0390 VUs, 13192 complete and 0 interrupted iterations
step_00050 ✓ [ 100% ] 000/020 VUs  30s        50.00 iters/s
step_00100 ✓ [ 100% ] 000/020 VUs  30s        100.00 iters/s
step_00150 ✓ [ 100% ] 000/030 VUs  30s        150.00 iters/s
step_00200   [  70% ] 001/040 VUs  21.0s/30s  200.00 iters/s
step_00250 • [   0% ] waiting      0m09.0s   
step_00300 • [   0% ] waiting      0m39.0s   
step_00350 • [   0% ] waiting      1m09.0s   
step_00400 • [   0% ] waiting      1m39.0s   
step_00450 • [   0% ] waiting      2m09.0s   
step_00500 • [   0% ] waiting      2m39.0s   
step_00550 • [   0% ] waiting      3m09.0s   
step_00600 • [   0% ] waiting      3m39.0s   
step_00650 • [   0% ] waiting      4m09.0s   
step_00700 • [   0% ] waiting      4m39.0s   
step_00750 • [   0% ] waiting      5m09.0s   
step_00800 • [   0% ] waiting      5m39.0s   
step_00850 • [   0% ] waiting      6m09.0s   
step_00900 • [   0% ] waiting      6m39.0s   
step_00950 • [   0% ] waiting      7m09.0s   
step_01000 • [   0% ] waiting      7m39.0s   

running (01m52.0s), 0001/0390 VUs, 13392 complete and 0 interrupted iterations
step_00050 ✓ [ 100% ] 000/020 VUs  30s        50.00 iters/s
step_00100 ✓ [ 100% ] 000/020 VUs  30s        100.00 iters/s
step_00150 ✓ [ 100% ] 000/030 VUs  30s        150.00 iters/s
step_00200   [  73% ] 001/040 VUs  22.0s/30s  200.00 iters/s
step_00250 • [   0% ] waiting      0m08.0s   
step_00300 • [   0% ] waiting      0m38.0s   
step_00350 • [   0% ] waiting      1m08.0s   
step_00400 • [   0% ] waiting      1m38.0s   
step_00450 • [   0% ] waiting      2m08.0s   
step_00500 • [   0% ] waiting      2m38.0s   
step_00550 • [   0% ] waiting      3m08.0s   
step_00600 • [   0% ] waiting      3m38.0s   
step_00650 • [   0% ] waiting      4m08.0s   
step_00700 • [   0% ] waiting      4m38.0s   
step_00750 • [   0% ] waiting      5m08.0s   
step_00800 • [   0% ] waiting      5m38.0s   
step_00850 • [   0% ] waiting      6m08.0s   
step_00900 • [   0% ] waiting      6m38.0s   
step_00950 • [   0% ] waiting      7m08.0s   
step_01000 • [   0% ] waiting      7m38.0s   

running (01m53.0s), 0001/0390 VUs, 13592 complete and 0 interrupted iterations
step_00050 ✓ [ 100% ] 000/020 VUs  30s        50.00 iters/s
step_00100 ✓ [ 100% ] 000/020 VUs  30s        100.00 iters/s
step_00150 ✓ [ 100% ] 000/030 VUs  30s        150.00 iters/s
step_00200   [  77% ] 001/040 VUs  23.0s/30s  200.00 iters/s
step_00250 • [   0% ] waiting      0m07.0s   
step_00300 • [   0% ] waiting      0m37.0s   
step_00350 • [   0% ] waiting      1m07.0s   
step_00400 • [   0% ] waiting      1m37.0s   
step_00450 • [   0% ] waiting      2m07.0s   
step_00500 • [   0% ] waiting      2m37.0s   
step_00550 • [   0% ] waiting      3m07.0s   
step_00600 • [   0% ] waiting      3m37.0s   
step_00650 • [   0% ] waiting      4m07.0s   
step_00700 • [   0% ] waiting      4m37.0s   
step_00750 • [   0% ] waiting      5m07.0s   
step_00800 • [   0% ] waiting      5m37.0s   
step_00850 • [   0% ] waiting      6m07.0s   
step_00900 • [   0% ] waiting      6m37.0s   
step_00950 • [   0% ] waiting      7m07.0s   
step_01000 • [   0% ] waiting      7m37.0s   

running (01m54.0s), 0001/0390 VUs, 13792 complete and 0 interrupted iterations
step_00050 ✓ [ 100% ] 000/020 VUs  30s        50.00 iters/s
step_00100 ✓ [ 100% ] 000/020 VUs  30s        100.00 iters/s
step_00150 ✓ [ 100% ] 000/030 VUs  30s        150.00 iters/s
step_00200   [  80% ] 001/040 VUs  24.0s/30s  200.00 iters/s
step_00250 • [   0% ] waiting      0m06.0s   
step_00300 • [   0% ] waiting      0m36.0s   
step_00350 • [   0% ] waiting      1m06.0s   
step_00400 • [   0% ] waiting      1m36.0s   
step_00450 • [   0% ] waiting      2m06.0s   
step_00500 • [   0% ] waiting      2m36.0s   
step_00550 • [   0% ] waiting      3m06.0s   
step_00600 • [   0% ] waiting      3m36.0s   
step_00650 • [   0% ] waiting      4m06.0s   
step_00700 • [   0% ] waiting      4m36.0s   
step_00750 • [   0% ] waiting      5m06.0s   
step_00800 • [   0% ] waiting      5m36.0s   
step_00850 • [   0% ] waiting      6m06.0s   
step_00900 • [   0% ] waiting      6m36.0s   
step_00950 • [   0% ] waiting      7m06.0s   
step_01000 • [   0% ] waiting      7m36.0s   

running (01m55.0s), 0001/0390 VUs, 13992 complete and 0 interrupted iterations
step_00050 ✓ [ 100% ] 000/020 VUs  30s        50.00 iters/s
step_00100 ✓ [ 100% ] 000/020 VUs  30s        100.00 iters/s
step_00150 ✓ [ 100% ] 000/030 VUs  30s        150.00 iters/s
step_00200   [  83% ] 001/040 VUs  25.0s/30s  200.00 iters/s
step_00250 • [   0% ] waiting      0m05.0s   
step_00300 • [   0% ] waiting      0m35.0s   
step_00350 • [   0% ] waiting      1m05.0s   
step_00400 • [   0% ] waiting      1m35.0s   
step_00450 • [   0% ] waiting      2m05.0s   
step_00500 • [   0% ] waiting      2m35.0s   
step_00550 • [   0% ] waiting      3m05.0s   
step_00600 • [   0% ] waiting      3m35.0s   
step_00650 • [   0% ] waiting      4m05.0s   
step_00700 • [   0% ] waiting      4m35.0s   
step_00750 • [   0% ] waiting      5m05.0s   
step_00800 • [   0% ] waiting      5m35.0s   
step_00850 • [   0% ] waiting      6m05.0s   
step_00900 • [   0% ] waiting      6m35.0s   
step_00950 • [   0% ] waiting      7m05.0s   
step_01000 • [   0% ] waiting      7m35.0s   

running (01m56.0s), 0001/0390 VUs, 14192 complete and 0 interrupted iterations
step_00050 ✓ [ 100% ] 000/020 VUs  30s        50.00 iters/s
step_00100 ✓ [ 100% ] 000/020 VUs  30s        100.00 iters/s
step_00150 ✓ [ 100% ] 000/030 VUs  30s        150.00 iters/s
step_00200   [  87% ] 001/040 VUs  26.0s/30s  200.00 iters/s
step_00250 • [   0% ] waiting      0m04.0s   
step_00300 • [   0% ] waiting      0m34.0s   
step_00350 • [   0% ] waiting      1m04.0s   
step_00400 • [   0% ] waiting      1m34.0s   
step_00450 • [   0% ] waiting      2m04.0s   
step_00500 • [   0% ] waiting      2m34.0s   
step_00550 • [   0% ] waiting      3m04.0s   
step_00600 • [   0% ] waiting      3m34.0s   
step_00650 • [   0% ] waiting      4m04.0s   
step_00700 • [   0% ] waiting      4m34.0s   
step_00750 • [   0% ] waiting      5m04.0s   
step_00800 • [   0% ] waiting      5m34.0s   
step_00850 • [   0% ] waiting      6m04.0s   
step_00900 • [   0% ] waiting      6m34.0s   
step_00950 • [   0% ] waiting      7m04.0s   
step_01000 • [   0% ] waiting      7m34.0s   

running (01m57.0s), 0003/0390 VUs, 14390 complete and 0 interrupted iterations
step_00050 ✓ [ 100% ] 000/020 VUs  30s        50.00 iters/s
step_00100 ✓ [ 100% ] 000/020 VUs  30s        100.00 iters/s
step_00150 ✓ [ 100% ] 000/030 VUs  30s        150.00 iters/s
step_00200   [  90% ] 003/040 VUs  27.0s/30s  200.00 iters/s
step_00250 • [   0% ] waiting      0m03.0s   
step_00300 • [   0% ] waiting      0m33.0s   
step_00350 • [   0% ] waiting      1m03.0s   
step_00400 • [   0% ] waiting      1m33.0s   
step_00450 • [   0% ] waiting      2m03.0s   
step_00500 • [   0% ] waiting      2m33.0s   
step_00550 • [   0% ] waiting      3m03.0s   
step_00600 • [   0% ] waiting      3m33.0s   
step_00650 • [   0% ] waiting      4m03.0s   
step_00700 • [   0% ] waiting      4m33.0s   
step_00750 • [   0% ] waiting      5m03.0s   
step_00800 • [   0% ] waiting      5m33.0s   
step_00850 • [   0% ] waiting      6m03.0s   
step_00900 • [   0% ] waiting      6m33.0s   
step_00950 • [   0% ] waiting      7m03.0s   
step_01000 • [   0% ] waiting      7m33.0s   

running (01m58.0s), 0001/0390 VUs, 14592 complete and 0 interrupted iterations
step_00050 ✓ [ 100% ] 000/020 VUs  30s        50.00 iters/s
step_00100 ✓ [ 100% ] 000/020 VUs  30s        100.00 iters/s
step_00150 ✓ [ 100% ] 000/030 VUs  30s        150.00 iters/s
step_00200   [  93% ] 001/040 VUs  28.0s/30s  200.00 iters/s
step_00250 • [   0% ] waiting      0m02.0s   
step_00300 • [   0% ] waiting      0m32.0s   
step_00350 • [   0% ] waiting      1m02.0s   
step_00400 • [   0% ] waiting      1m32.0s   
step_00450 • [   0% ] waiting      2m02.0s   
step_00500 • [   0% ] waiting      2m32.0s   
step_00550 • [   0% ] waiting      3m02.0s   
step_00600 • [   0% ] waiting      3m32.0s   
step_00650 • [   0% ] waiting      4m02.0s   
step_00700 • [   0% ] waiting      4m32.0s   
step_00750 • [   0% ] waiting      5m02.0s   
step_00800 • [   0% ] waiting      5m32.0s   
step_00850 • [   0% ] waiting      6m02.0s   
step_00900 • [   0% ] waiting      6m32.0s   
step_00950 • [   0% ] waiting      7m02.0s   
step_01000 • [   0% ] waiting      7m32.0s   

running (01m59.0s), 0001/0390 VUs, 14792 complete and 0 interrupted iterations
step_00050 ✓ [ 100% ] 000/020 VUs  30s        50.00 iters/s
step_00100 ✓ [ 100% ] 000/020 VUs  30s        100.00 iters/s
step_00150 ✓ [ 100% ] 000/030 VUs  30s        150.00 iters/s
step_00200   [  97% ] 001/040 VUs  29.0s/30s  200.00 iters/s
step_00250 • [   0% ] waiting      0m01.0s   
step_00300 • [   0% ] waiting      0m31.0s   
step_00350 • [   0% ] waiting      1m01.0s   
step_00400 • [   0% ] waiting      1m31.0s   
step_00450 • [   0% ] waiting      2m01.0s   
step_00500 • [   0% ] waiting      2m31.0s   
step_00550 • [   0% ] waiting      3m01.0s   
step_00600 • [   0% ] waiting      3m31.0s   
step_00650 • [   0% ] waiting      4m01.0s   
step_00700 • [   0% ] waiting      4m31.0s   
step_00750 • [   0% ] waiting      5m01.0s   
step_00800 • [   0% ] waiting      5m31.0s   
step_00850 • [   0% ] waiting      6m01.0s   
step_00900 • [   0% ] waiting      6m31.0s   
step_00950 • [   0% ] waiting      7m01.0s   
step_01000 • [   0% ] waiting      7m31.0s   

running (02m00.0s), 0001/0390 VUs, 14992 complete and 0 interrupted iterations
step_00050 ✓ [ 100% ] 000/020 VUs  30s        50.00 iters/s
step_00100 ✓ [ 100% ] 000/020 VUs  30s        100.00 iters/s
step_00150 ✓ [ 100% ] 000/030 VUs  30s        150.00 iters/s
step_00200   [ 100% ] 001/040 VUs  30.0s/30s  200.00 iters/s
step_00250 • [   0% ] waiting      0m00.0s   
step_00300 • [   0% ] waiting      0m30.0s   
step_00350 • [   0% ] waiting      1m00.0s   
step_00400 • [   0% ] waiting      1m30.0s   
step_00450 • [   0% ] waiting      2m00.0s   
step_00500 • [   0% ] waiting      2m30.0s   
step_00550 • [   0% ] waiting      3m00.0s   
step_00600 • [   0% ] waiting      3m30.0s   
step_00650 • [   0% ] waiting      4m00.0s   
step_00700 • [   0% ] waiting      4m30.0s   
step_00750 • [   0% ] waiting      5m00.0s   
step_00800 • [   0% ] waiting      5m30.0s   
step_00850 • [   0% ] waiting      6m00.0s   
step_00900 • [   0% ] waiting      6m30.0s   
step_00950 • [   0% ] waiting      7m00.0s   
step_01000 • [   0% ] waiting      7m30.0s   

running (02m01.0s), 0001/0390 VUs, 15240 complete and 0 interrupted iterations
step_00050 ✓ [ 100% ] 000/020 VUs  30s        50.00 iters/s
step_00100 ✓ [ 100% ] 000/020 VUs  30s        100.00 iters/s
step_00150 ✓ [ 100% ] 000/030 VUs  30s        150.00 iters/s
step_00200 ✓ [ 100% ] 000/040 VUs  30s        200.00 iters/s
step_00250   [   3% ] 000/050 VUs  01.0s/30s  250.00 iters/s
step_00300 • [   0% ] waiting      0m29.0s   
step_00350 • [   0% ] waiting      0m59.0s   
step_00400 • [   0% ] waiting      1m29.0s   
step_00450 • [   0% ] waiting      1m59.0s   
step_00500 • [   0% ] waiting      2m29.0s   
step_00550 • [   0% ] waiting      2m59.0s   
step_00600 • [   0% ] waiting      3m29.0s   
step_00650 • [   0% ] waiting      3m59.0s   
step_00700 • [   0% ] waiting      4m29.0s   
step_00750 • [   0% ] waiting      4m59.0s   
step_00800 • [   0% ] waiting      5m29.0s   
step_00850 • [   0% ] waiting      5m59.0s   
step_00900 • [   0% ] waiting      6m29.0s   
step_00950 • [   0% ] waiting      6m59.0s   
step_01000 • [   0% ] waiting      7m29.0s   

running (02m02.0s), 0000/0390 VUs, 15491 complete and 0 interrupted iterations
step_00050 ✓ [ 100% ] 000/020 VUs  30s        50.00 iters/s
step_00100 ✓ [ 100% ] 000/020 VUs  30s        100.00 iters/s
step_00150 ✓ [ 100% ] 000/030 VUs  30s        150.00 iters/s
step_00200 ✓ [ 100% ] 000/040 VUs  30s        200.00 iters/s
step_00250   [   7% ] 000/050 VUs  02.0s/30s  250.00 iters/s
step_00300 • [   0% ] waiting      0m28.0s   
step_00350 • [   0% ] waiting      0m58.0s   
step_00400 • [   0% ] waiting      1m28.0s   
step_00450 • [   0% ] waiting      1m58.0s   
step_00500 • [   0% ] waiting      2m28.0s   
step_00550 • [   0% ] waiting      2m58.0s   
step_00600 • [   0% ] waiting      3m28.0s   
step_00650 • [   0% ] waiting      3m58.0s   
step_00700 • [   0% ] waiting      4m28.0s   
step_00750 • [   0% ] waiting      4m58.0s   
step_00800 • [   0% ] waiting      5m28.0s   
step_00850 • [   0% ] waiting      5m58.0s   
step_00900 • [   0% ] waiting      6m28.0s   
step_00950 • [   0% ] waiting      6m58.0s   
step_01000 • [   0% ] waiting      7m28.0s   

running (02m03.0s), 0000/0390 VUs, 15741 complete and 0 interrupted iterations
step_00050 ✓ [ 100% ] 000/020 VUs  30s        50.00 iters/s
step_00100 ✓ [ 100% ] 000/020 VUs  30s        100.00 iters/s
step_00150 ✓ [ 100% ] 000/030 VUs  30s        150.00 iters/s
step_00200 ✓ [ 100% ] 000/040 VUs  30s        200.00 iters/s
step_00250   [  10% ] 000/050 VUs  03.0s/30s  250.00 iters/s
step_00300 • [   0% ] waiting      0m27.0s   
step_00350 • [   0% ] waiting      0m57.0s   
step_00400 • [   0% ] waiting      1m27.0s   
step_00450 • [   0% ] waiting      1m57.0s   
step_00500 • [   0% ] waiting      2m27.0s   
step_00550 • [   0% ] waiting      2m57.0s   
step_00600 • [   0% ] waiting      3m27.0s   
step_00650 • [   0% ] waiting      3m57.0s   
step_00700 • [   0% ] waiting      4m27.0s   
step_00750 • [   0% ] waiting      4m57.0s   
step_00800 • [   0% ] waiting      5m27.0s   
step_00850 • [   0% ] waiting      5m57.0s   
step_00900 • [   0% ] waiting      6m27.0s   
step_00950 • [   0% ] waiting      6m57.0s   
step_01000 • [   0% ] waiting      7m27.0s   

running (02m04.0s), 0000/0390 VUs, 15991 complete and 0 interrupted iterations
step_00050 ✓ [ 100% ] 000/020 VUs  30s        50.00 iters/s
step_00100 ✓ [ 100% ] 000/020 VUs  30s        100.00 iters/s
step_00150 ✓ [ 100% ] 000/030 VUs  30s        150.00 iters/s
step_00200 ✓ [ 100% ] 000/040 VUs  30s        200.00 iters/s
step_00250   [  13% ] 000/050 VUs  04.0s/30s  250.00 iters/s
step_00300 • [   0% ] waiting      0m26.0s   
step_00350 • [   0% ] waiting      0m56.0s   
step_00400 • [   0% ] waiting      1m26.0s   
step_00450 • [   0% ] waiting      1m56.0s   
step_00500 • [   0% ] waiting      2m26.0s   
step_00550 • [   0% ] waiting      2m56.0s   
step_00600 • [   0% ] waiting      3m26.0s   
step_00650 • [   0% ] waiting      3m56.0s   
step_00700 • [   0% ] waiting      4m26.0s   
step_00750 • [   0% ] waiting      4m56.0s   
step_00800 • [   0% ] waiting      5m26.0s   
step_00850 • [   0% ] waiting      5m56.0s   
step_00900 • [   0% ] waiting      6m26.0s   
step_00950 • [   0% ] waiting      6m56.0s   
step_01000 • [   0% ] waiting      7m26.0s   

running (02m05.0s), 0000/0390 VUs, 16241 complete and 0 interrupted iterations
step_00050 ✓ [ 100% ] 000/020 VUs  30s        50.00 iters/s
step_00100 ✓ [ 100% ] 000/020 VUs  30s        100.00 iters/s
step_00150 ✓ [ 100% ] 000/030 VUs  30s        150.00 iters/s
step_00200 ✓ [ 100% ] 000/040 VUs  30s        200.00 iters/s
step_00250   [  17% ] 000/050 VUs  05.0s/30s  250.00 iters/s
step_00300 • [   0% ] waiting      0m25.0s   
step_00350 • [   0% ] waiting      0m55.0s   
step_00400 • [   0% ] waiting      1m25.0s   
step_00450 • [   0% ] waiting      1m55.0s   
step_00500 • [   0% ] waiting      2m25.0s   
step_00550 • [   0% ] waiting      2m55.0s   
step_00600 • [   0% ] waiting      3m25.0s   
step_00650 • [   0% ] waiting      3m55.0s   
step_00700 • [   0% ] waiting      4m25.0s   
step_00750 • [   0% ] waiting      4m55.0s   
step_00800 • [   0% ] waiting      5m25.0s   
step_00850 • [   0% ] waiting      5m55.0s   
step_00900 • [   0% ] waiting      6m25.0s   
step_00950 • [   0% ] waiting      6m55.0s   
step_01000 • [   0% ] waiting      7m25.0s   

running (02m06.0s), 0000/0390 VUs, 16491 complete and 0 interrupted iterations
step_00050 ✓ [ 100% ] 000/020 VUs  30s        50.00 iters/s
step_00100 ✓ [ 100% ] 000/020 VUs  30s        100.00 iters/s
step_00150 ✓ [ 100% ] 000/030 VUs  30s        150.00 iters/s
step_00200 ✓ [ 100% ] 000/040 VUs  30s        200.00 iters/s
step_00250   [  20% ] 000/050 VUs  06.0s/30s  250.00 iters/s
step_00300 • [   0% ] waiting      0m24.0s   
step_00350 • [   0% ] waiting      0m54.0s   
step_00400 • [   0% ] waiting      1m24.0s   
step_00450 • [   0% ] waiting      1m54.0s   
step_00500 • [   0% ] waiting      2m24.0s   
step_00550 • [   0% ] waiting      2m54.0s   
step_00600 • [   0% ] waiting      3m24.0s   
step_00650 • [   0% ] waiting      3m54.0s   
step_00700 • [   0% ] waiting      4m24.0s   
step_00750 • [   0% ] waiting      4m54.0s   
step_00800 • [   0% ] waiting      5m24.0s   
step_00850 • [   0% ] waiting      5m54.0s   
step_00900 • [   0% ] waiting      6m24.0s   
step_00950 • [   0% ] waiting      6m54.0s   
step_01000 • [   0% ] waiting      7m24.0s   

running (02m07.0s), 0000/0390 VUs, 16741 complete and 0 interrupted iterations
step_00050 ✓ [ 100% ] 000/020 VUs  30s        50.00 iters/s
step_00100 ✓ [ 100% ] 000/020 VUs  30s        100.00 iters/s
step_00150 ✓ [ 100% ] 000/030 VUs  30s        150.00 iters/s
step_00200 ✓ [ 100% ] 000/040 VUs  30s        200.00 iters/s
step_00250   [  23% ] 000/050 VUs  07.0s/30s  250.00 iters/s
step_00300 • [   0% ] waiting      0m23.0s   
step_00350 • [   0% ] waiting      0m53.0s   
step_00400 • [   0% ] waiting      1m23.0s   
step_00450 • [   0% ] waiting      1m53.0s   
step_00500 • [   0% ] waiting      2m23.0s   
step_00550 • [   0% ] waiting      2m53.0s   
step_00600 • [   0% ] waiting      3m23.0s   
step_00650 • [   0% ] waiting      3m53.0s   
step_00700 • [   0% ] waiting      4m23.0s   
step_00750 • [   0% ] waiting      4m53.0s   
step_00800 • [   0% ] waiting      5m23.0s   
step_00850 • [   0% ] waiting      5m53.0s   
step_00900 • [   0% ] waiting      6m23.0s   
step_00950 • [   0% ] waiting      6m53.0s   
step_01000 • [   0% ] waiting      7m23.0s   

running (02m08.0s), 0001/0390 VUs, 16990 complete and 0 interrupted iterations
step_00050 ✓ [ 100% ] 000/020 VUs  30s        50.00 iters/s
step_00100 ✓ [ 100% ] 000/020 VUs  30s        100.00 iters/s
step_00150 ✓ [ 100% ] 000/030 VUs  30s        150.00 iters/s
step_00200 ✓ [ 100% ] 000/040 VUs  30s        200.00 iters/s
step_00250   [  27% ] 001/050 VUs  08.0s/30s  250.00 iters/s
step_00300 • [   0% ] waiting      0m22.0s   
step_00350 • [   0% ] waiting      0m52.0s   
step_00400 • [   0% ] waiting      1m22.0s   
step_00450 • [   0% ] waiting      1m52.0s   
step_00500 • [   0% ] waiting      2m22.0s   
step_00550 • [   0% ] waiting      2m52.0s   
step_00600 • [   0% ] waiting      3m22.0s   
step_00650 • [   0% ] waiting      3m52.0s   
step_00700 • [   0% ] waiting      4m22.0s   
step_00750 • [   0% ] waiting      4m52.0s   
step_00800 • [   0% ] waiting      5m22.0s   
step_00850 • [   0% ] waiting      5m52.0s   
step_00900 • [   0% ] waiting      6m22.0s   
step_00950 • [   0% ] waiting      6m52.0s   
step_01000 • [   0% ] waiting      7m22.0s   

running (02m09.0s), 0000/0390 VUs, 17241 complete and 0 interrupted iterations
step_00050 ✓ [ 100% ] 000/020 VUs  30s        50.00 iters/s
step_00100 ✓ [ 100% ] 000/020 VUs  30s        100.00 iters/s
step_00150 ✓ [ 100% ] 000/030 VUs  30s        150.00 iters/s
step_00200 ✓ [ 100% ] 000/040 VUs  30s        200.00 iters/s
step_00250   [  30% ] 000/050 VUs  09.0s/30s  250.00 iters/s
step_00300 • [   0% ] waiting      0m21.0s   
step_00350 • [   0% ] waiting      0m51.0s   
step_00400 • [   0% ] waiting      1m21.0s   
step_00450 • [   0% ] waiting      1m51.0s   
step_00500 • [   0% ] waiting      2m21.0s   
step_00550 • [   0% ] waiting      2m51.0s   
step_00600 • [   0% ] waiting      3m21.0s   
step_00650 • [   0% ] waiting      3m51.0s   
step_00700 • [   0% ] waiting      4m21.0s   
step_00750 • [   0% ] waiting      4m51.0s   
step_00800 • [   0% ] waiting      5m21.0s   
step_00850 • [   0% ] waiting      5m51.0s   
step_00900 • [   0% ] waiting      6m21.0s   
step_00950 • [   0% ] waiting      6m51.0s   
step_01000 • [   0% ] waiting      7m21.0s   

running (02m10.0s), 0000/0390 VUs, 17491 complete and 0 interrupted iterations
step_00050 ✓ [ 100% ] 000/020 VUs  30s        50.00 iters/s
step_00100 ✓ [ 100% ] 000/020 VUs  30s        100.00 iters/s
step_00150 ✓ [ 100% ] 000/030 VUs  30s        150.00 iters/s
step_00200 ✓ [ 100% ] 000/040 VUs  30s        200.00 iters/s
step_00250   [  33% ] 000/050 VUs  10.0s/30s  250.00 iters/s
step_00300 • [   0% ] waiting      0m20.0s   
step_00350 • [   0% ] waiting      0m50.0s   
step_00400 • [   0% ] waiting      1m20.0s   
step_00450 • [   0% ] waiting      1m50.0s   
step_00500 • [   0% ] waiting      2m20.0s   
step_00550 • [   0% ] waiting      2m50.0s   
step_00600 • [   0% ] waiting      3m20.0s   
step_00650 • [   0% ] waiting      3m50.0s   
step_00700 • [   0% ] waiting      4m20.0s   
step_00750 • [   0% ] waiting      4m50.0s   
step_00800 • [   0% ] waiting      5m20.0s   
step_00850 • [   0% ] waiting      5m50.0s   
step_00900 • [   0% ] waiting      6m20.0s   
step_00950 • [   0% ] waiting      6m50.0s   
step_01000 • [   0% ] waiting      7m20.0s   

running (02m11.0s), 0000/0390 VUs, 17741 complete and 0 interrupted iterations
step_00050 ✓ [ 100% ] 000/020 VUs  30s        50.00 iters/s
step_00100 ✓ [ 100% ] 000/020 VUs  30s        100.00 iters/s
step_00150 ✓ [ 100% ] 000/030 VUs  30s        150.00 iters/s
step_00200 ✓ [ 100% ] 000/040 VUs  30s        200.00 iters/s
step_00250   [  37% ] 000/050 VUs  11.0s/30s  250.00 iters/s
step_00300 • [   0% ] waiting      0m19.0s   
step_00350 • [   0% ] waiting      0m49.0s   
step_00400 • [   0% ] waiting      1m19.0s   
step_00450 • [   0% ] waiting      1m49.0s   
step_00500 • [   0% ] waiting      2m19.0s   
step_00550 • [   0% ] waiting      2m49.0s   
step_00600 • [   0% ] waiting      3m19.0s   
step_00650 • [   0% ] waiting      3m49.0s   
step_00700 • [   0% ] waiting      4m19.0s   
step_00750 • [   0% ] waiting      4m49.0s   
step_00800 • [   0% ] waiting      5m19.0s   
step_00850 • [   0% ] waiting      5m49.0s   
step_00900 • [   0% ] waiting      6m19.0s   
step_00950 • [   0% ] waiting      6m49.0s   
step_01000 • [   0% ] waiting      7m19.0s   

running (02m12.0s), 0000/0390 VUs, 17991 complete and 0 interrupted iterations
step_00050 ✓ [ 100% ] 000/020 VUs  30s        50.00 iters/s
step_00100 ✓ [ 100% ] 000/020 VUs  30s        100.00 iters/s
step_00150 ✓ [ 100% ] 000/030 VUs  30s        150.00 iters/s
step_00200 ✓ [ 100% ] 000/040 VUs  30s        200.00 iters/s
step_00250   [  40% ] 000/050 VUs  12.0s/30s  250.00 iters/s
step_00300 • [   0% ] waiting      0m18.0s   
step_00350 • [   0% ] waiting      0m48.0s   
step_00400 • [   0% ] waiting      1m18.0s   
step_00450 • [   0% ] waiting      1m48.0s   
step_00500 • [   0% ] waiting      2m18.0s   
step_00550 • [   0% ] waiting      2m48.0s   
step_00600 • [   0% ] waiting      3m18.0s   
step_00650 • [   0% ] waiting      3m48.0s   
step_00700 • [   0% ] waiting      4m18.0s   
step_00750 • [   0% ] waiting      4m48.0s   
step_00800 • [   0% ] waiting      5m18.0s   
step_00850 • [   0% ] waiting      5m48.0s   
step_00900 • [   0% ] waiting      6m18.0s   
step_00950 • [   0% ] waiting      6m48.0s   
step_01000 • [   0% ] waiting      7m18.0s   

running (02m13.0s), 0000/0390 VUs, 18241 complete and 0 interrupted iterations
step_00050 ✓ [ 100% ] 000/020 VUs  30s        50.00 iters/s
step_00100 ✓ [ 100% ] 000/020 VUs  30s        100.00 iters/s
step_00150 ✓ [ 100% ] 000/030 VUs  30s        150.00 iters/s
step_00200 ✓ [ 100% ] 000/040 VUs  30s        200.00 iters/s
step_00250   [  43% ] 000/050 VUs  13.0s/30s  250.00 iters/s
step_00300 • [   0% ] waiting      0m17.0s   
step_00350 • [   0% ] waiting      0m47.0s   
step_00400 • [   0% ] waiting      1m17.0s   
step_00450 • [   0% ] waiting      1m47.0s   
step_00500 • [   0% ] waiting      2m17.0s   
step_00550 • [   0% ] waiting      2m47.0s   
step_00600 • [   0% ] waiting      3m17.0s   
step_00650 • [   0% ] waiting      3m47.0s   
step_00700 • [   0% ] waiting      4m17.0s   
step_00750 • [   0% ] waiting      4m47.0s   
step_00800 • [   0% ] waiting      5m17.0s   
step_00850 • [   0% ] waiting      5m47.0s   
step_00900 • [   0% ] waiting      6m17.0s   
step_00950 • [   0% ] waiting      6m47.0s   
step_01000 • [   0% ] waiting      7m17.0s   

running (02m14.0s), 0000/0390 VUs, 18491 complete and 0 interrupted iterations
step_00050 ✓ [ 100% ] 000/020 VUs  30s        50.00 iters/s
step_00100 ✓ [ 100% ] 000/020 VUs  30s        100.00 iters/s
step_00150 ✓ [ 100% ] 000/030 VUs  30s        150.00 iters/s
step_00200 ✓ [ 100% ] 000/040 VUs  30s        200.00 iters/s
step_00250   [  47% ] 000/050 VUs  14.0s/30s  250.00 iters/s
step_00300 • [   0% ] waiting      0m16.0s   
step_00350 • [   0% ] waiting      0m46.0s   
step_00400 • [   0% ] waiting      1m16.0s   
step_00450 • [   0% ] waiting      1m46.0s   
step_00500 • [   0% ] waiting      2m16.0s   
step_00550 • [   0% ] waiting      2m46.0s   
step_00600 • [   0% ] waiting      3m16.0s   
step_00650 • [   0% ] waiting      3m46.0s   
step_00700 • [   0% ] waiting      4m16.0s   
step_00750 • [   0% ] waiting      4m46.0s   
step_00800 • [   0% ] waiting      5m16.0s   
step_00850 • [   0% ] waiting      5m46.0s   
step_00900 • [   0% ] waiting      6m16.0s   
step_00950 • [   0% ] waiting      6m46.0s   
step_01000 • [   0% ] waiting      7m16.0s   

running (02m15.0s), 0001/0390 VUs, 18740 complete and 0 interrupted iterations
step_00050 ✓ [ 100% ] 000/020 VUs  30s        50.00 iters/s
step_00100 ✓ [ 100% ] 000/020 VUs  30s        100.00 iters/s
step_00150 ✓ [ 100% ] 000/030 VUs  30s        150.00 iters/s
step_00200 ✓ [ 100% ] 000/040 VUs  30s        200.00 iters/s
step_00250   [  50% ] 001/050 VUs  15.0s/30s  250.00 iters/s
step_00300 • [   0% ] waiting      0m15.0s   
step_00350 • [   0% ] waiting      0m45.0s   
step_00400 • [   0% ] waiting      1m15.0s   
step_00450 • [   0% ] waiting      1m45.0s   
step_00500 • [   0% ] waiting      2m15.0s   
step_00550 • [   0% ] waiting      2m45.0s   
step_00600 • [   0% ] waiting      3m15.0s   
step_00650 • [   0% ] waiting      3m45.0s   
step_00700 • [   0% ] waiting      4m15.0s   
step_00750 • [   0% ] waiting      4m45.0s   
step_00800 • [   0% ] waiting      5m15.0s   
step_00850 • [   0% ] waiting      5m45.0s   
step_00900 • [   0% ] waiting      6m15.0s   
step_00950 • [   0% ] waiting      6m45.0s   
step_01000 • [   0% ] waiting      7m15.0s   

running (02m16.0s), 0006/0390 VUs, 18985 complete and 0 interrupted iterations
step_00050 ✓ [ 100% ] 000/020 VUs  30s        50.00 iters/s
step_00100 ✓ [ 100% ] 000/020 VUs  30s        100.00 iters/s
step_00150 ✓ [ 100% ] 000/030 VUs  30s        150.00 iters/s
step_00200 ✓ [ 100% ] 000/040 VUs  30s        200.00 iters/s
step_00250   [  53% ] 006/050 VUs  16.0s/30s  250.00 iters/s
step_00300 • [   0% ] waiting      0m14.0s   
step_00350 • [   0% ] waiting      0m44.0s   
step_00400 • [   0% ] waiting      1m14.0s   
step_00450 • [   0% ] waiting      1m44.0s   
step_00500 • [   0% ] waiting      2m14.0s   
step_00550 • [   0% ] waiting      2m44.0s   
step_00600 • [   0% ] waiting      3m14.0s   
step_00650 • [   0% ] waiting      3m44.0s   
step_00700 • [   0% ] waiting      4m14.0s   
step_00750 • [   0% ] waiting      4m44.0s   
step_00800 • [   0% ] waiting      5m14.0s   
step_00850 • [   0% ] waiting      5m44.0s   
step_00900 • [   0% ] waiting      6m14.0s   
step_00950 • [   0% ] waiting      6m44.0s   
step_01000 • [   0% ] waiting      7m14.0s   

running (02m17.0s), 0002/0390 VUs, 19239 complete and 0 interrupted iterations
step_00050 ✓ [ 100% ] 000/020 VUs  30s        50.00 iters/s
step_00100 ✓ [ 100% ] 000/020 VUs  30s        100.00 iters/s
step_00150 ✓ [ 100% ] 000/030 VUs  30s        150.00 iters/s
step_00200 ✓ [ 100% ] 000/040 VUs  30s        200.00 iters/s
step_00250   [  57% ] 002/050 VUs  17.0s/30s  250.00 iters/s
step_00300 • [   0% ] waiting      0m13.0s   
step_00350 • [   0% ] waiting      0m43.0s   
step_00400 • [   0% ] waiting      1m13.0s   
step_00450 • [   0% ] waiting      1m43.0s   
step_00500 • [   0% ] waiting      2m13.0s   
step_00550 • [   0% ] waiting      2m43.0s   
step_00600 • [   0% ] waiting      3m13.0s   
step_00650 • [   0% ] waiting      3m43.0s   
step_00700 • [   0% ] waiting      4m13.0s   
step_00750 • [   0% ] waiting      4m43.0s   
step_00800 • [   0% ] waiting      5m13.0s   
step_00850 • [   0% ] waiting      5m43.0s   
step_00900 • [   0% ] waiting      6m13.0s   
step_00950 • [   0% ] waiting      6m43.0s   
step_01000 • [   0% ] waiting      7m13.0s   

running (02m18.0s), 0000/0390 VUs, 19491 complete and 0 interrupted iterations
step_00050 ✓ [ 100% ] 000/020 VUs  30s        50.00 iters/s
step_00100 ✓ [ 100% ] 000/020 VUs  30s        100.00 iters/s
step_00150 ✓ [ 100% ] 000/030 VUs  30s        150.00 iters/s
step_00200 ✓ [ 100% ] 000/040 VUs  30s        200.00 iters/s
step_00250   [  60% ] 000/050 VUs  18.0s/30s  250.00 iters/s
step_00300 • [   0% ] waiting      0m12.0s   
step_00350 • [   0% ] waiting      0m42.0s   
step_00400 • [   0% ] waiting      1m12.0s   
step_00450 • [   0% ] waiting      1m42.0s   
step_00500 • [   0% ] waiting      2m12.0s   
step_00550 • [   0% ] waiting      2m42.0s   
step_00600 • [   0% ] waiting      3m12.0s   
step_00650 • [   0% ] waiting      3m42.0s   
step_00700 • [   0% ] waiting      4m12.0s   
step_00750 • [   0% ] waiting      4m42.0s   
step_00800 • [   0% ] waiting      5m12.0s   
step_00850 • [   0% ] waiting      5m42.0s   
step_00900 • [   0% ] waiting      6m12.0s   
step_00950 • [   0% ] waiting      6m42.0s   
step_01000 • [   0% ] waiting      7m12.0s   

running (02m19.0s), 0000/0390 VUs, 19741 complete and 0 interrupted iterations
step_00050 ✓ [ 100% ] 000/020 VUs  30s        50.00 iters/s
step_00100 ✓ [ 100% ] 000/020 VUs  30s        100.00 iters/s
step_00150 ✓ [ 100% ] 000/030 VUs  30s        150.00 iters/s
step_00200 ✓ [ 100% ] 000/040 VUs  30s        200.00 iters/s
step_00250   [  63% ] 000/050 VUs  19.0s/30s  250.00 iters/s
step_00300 • [   0% ] waiting      0m11.0s   
step_00350 • [   0% ] waiting      0m41.0s   
step_00400 • [   0% ] waiting      1m11.0s   
step_00450 • [   0% ] waiting      1m41.0s   
step_00500 • [   0% ] waiting      2m11.0s   
step_00550 • [   0% ] waiting      2m41.0s   
step_00600 • [   0% ] waiting      3m11.0s   
step_00650 • [   0% ] waiting      3m41.0s   
step_00700 • [   0% ] waiting      4m11.0s   
step_00750 • [   0% ] waiting      4m41.0s   
step_00800 • [   0% ] waiting      5m11.0s   
step_00850 • [   0% ] waiting      5m41.0s   
step_00900 • [   0% ] waiting      6m11.0s   
step_00950 • [   0% ] waiting      6m41.0s   
step_01000 • [   0% ] waiting      7m11.0s   

running (02m20.0s), 0000/0390 VUs, 19991 complete and 0 interrupted iterations
step_00050 ✓ [ 100% ] 000/020 VUs  30s        50.00 iters/s
step_00100 ✓ [ 100% ] 000/020 VUs  30s        100.00 iters/s
step_00150 ✓ [ 100% ] 000/030 VUs  30s        150.00 iters/s
step_00200 ✓ [ 100% ] 000/040 VUs  30s        200.00 iters/s
step_00250   [  67% ] 000/050 VUs  20.0s/30s  250.00 iters/s
step_00300 • [   0% ] waiting      0m10.0s   
step_00350 • [   0% ] waiting      0m40.0s   
step_00400 • [   0% ] waiting      1m10.0s   
step_00450 • [   0% ] waiting      1m40.0s   
step_00500 • [   0% ] waiting      2m10.0s   
step_00550 • [   0% ] waiting      2m40.0s   
step_00600 • [   0% ] waiting      3m10.0s   
step_00650 • [   0% ] waiting      3m40.0s   
step_00700 • [   0% ] waiting      4m10.0s   
step_00750 • [   0% ] waiting      4m40.0s   
step_00800 • [   0% ] waiting      5m10.0s   
step_00850 • [   0% ] waiting      5m40.0s   
step_00900 • [   0% ] waiting      6m10.0s   
step_00950 • [   0% ] waiting      6m40.0s   
step_01000 • [   0% ] waiting      7m10.0s   

running (02m21.0s), 0000/0390 VUs, 20241 complete and 0 interrupted iterations
step_00050 ✓ [ 100% ] 000/020 VUs  30s        50.00 iters/s
step_00100 ✓ [ 100% ] 000/020 VUs  30s        100.00 iters/s
step_00150 ✓ [ 100% ] 000/030 VUs  30s        150.00 iters/s
step_00200 ✓ [ 100% ] 000/040 VUs  30s        200.00 iters/s
step_00250   [  70% ] 000/050 VUs  21.0s/30s  250.00 iters/s
step_00300 • [   0% ] waiting      0m09.0s   
step_00350 • [   0% ] waiting      0m39.0s   
step_00400 • [   0% ] waiting      1m09.0s   
step_00450 • [   0% ] waiting      1m39.0s   
step_00500 • [   0% ] waiting      2m09.0s   
step_00550 • [   0% ] waiting      2m39.0s   
step_00600 • [   0% ] waiting      3m09.0s   
step_00650 • [   0% ] waiting      3m39.0s   
step_00700 • [   0% ] waiting      4m09.0s   
step_00750 • [   0% ] waiting      4m39.0s   
step_00800 • [   0% ] waiting      5m09.0s   
step_00850 • [   0% ] waiting      5m39.0s   
step_00900 • [   0% ] waiting      6m09.0s   
step_00950 • [   0% ] waiting      6m39.0s   
step_01000 • [   0% ] waiting      7m09.0s   

running (02m22.0s), 0000/0390 VUs, 20491 complete and 0 interrupted iterations
step_00050 ✓ [ 100% ] 000/020 VUs  30s        50.00 iters/s
step_00100 ✓ [ 100% ] 000/020 VUs  30s        100.00 iters/s
step_00150 ✓ [ 100% ] 000/030 VUs  30s        150.00 iters/s
step_00200 ✓ [ 100% ] 000/040 VUs  30s        200.00 iters/s
step_00250   [  73% ] 000/050 VUs  22.0s/30s  250.00 iters/s
step_00300 • [   0% ] waiting      0m08.0s   
step_00350 • [   0% ] waiting      0m38.0s   
step_00400 • [   0% ] waiting      1m08.0s   
step_00450 • [   0% ] waiting      1m38.0s   
step_00500 • [   0% ] waiting      2m08.0s   
step_00550 • [   0% ] waiting      2m38.0s   
step_00600 • [   0% ] waiting      3m08.0s   
step_00650 • [   0% ] waiting      3m38.0s   
step_00700 • [   0% ] waiting      4m08.0s   
step_00750 • [   0% ] waiting      4m38.0s   
step_00800 • [   0% ] waiting      5m08.0s   
step_00850 • [   0% ] waiting      5m38.0s   
step_00900 • [   0% ] waiting      6m08.0s   
step_00950 • [   0% ] waiting      6m38.0s   
step_01000 • [   0% ] waiting      7m08.0s   

running (02m23.0s), 0000/0390 VUs, 20741 complete and 0 interrupted iterations
step_00050 ✓ [ 100% ] 000/020 VUs  30s        50.00 iters/s
step_00100 ✓ [ 100% ] 000/020 VUs  30s        100.00 iters/s
step_00150 ✓ [ 100% ] 000/030 VUs  30s        150.00 iters/s
step_00200 ✓ [ 100% ] 000/040 VUs  30s        200.00 iters/s
step_00250   [  77% ] 000/050 VUs  23.0s/30s  250.00 iters/s
step_00300 • [   0% ] waiting      0m07.0s   
step_00350 • [   0% ] waiting      0m37.0s   
step_00400 • [   0% ] waiting      1m07.0s   
step_00450 • [   0% ] waiting      1m37.0s   
step_00500 • [   0% ] waiting      2m07.0s   
step_00550 • [   0% ] waiting      2m37.0s   
step_00600 • [   0% ] waiting      3m07.0s   
step_00650 • [   0% ] waiting      3m37.0s   
step_00700 • [   0% ] waiting      4m07.0s   
step_00750 • [   0% ] waiting      4m37.0s   
step_00800 • [   0% ] waiting      5m07.0s   
step_00850 • [   0% ] waiting      5m37.0s   
step_00900 • [   0% ] waiting      6m07.0s   
step_00950 • [   0% ] waiting      6m37.0s   
step_01000 • [   0% ] waiting      7m07.0s   

running (02m24.0s), 0001/0390 VUs, 20990 complete and 0 interrupted iterations
step_00050 ✓ [ 100% ] 000/020 VUs  30s        50.00 iters/s
step_00100 ✓ [ 100% ] 000/020 VUs  30s        100.00 iters/s
step_00150 ✓ [ 100% ] 000/030 VUs  30s        150.00 iters/s
step_00200 ✓ [ 100% ] 000/040 VUs  30s        200.00 iters/s
step_00250   [  80% ] 001/050 VUs  24.0s/30s  250.00 iters/s
step_00300 • [   0% ] waiting      0m06.0s   
step_00350 • [   0% ] waiting      0m36.0s   
step_00400 • [   0% ] waiting      1m06.0s   
step_00450 • [   0% ] waiting      1m36.0s   
step_00500 • [   0% ] waiting      2m06.0s   
step_00550 • [   0% ] waiting      2m36.0s   
step_00600 • [   0% ] waiting      3m06.0s   
step_00650 • [   0% ] waiting      3m36.0s   
step_00700 • [   0% ] waiting      4m06.0s   
step_00750 • [   0% ] waiting      4m36.0s   
step_00800 • [   0% ] waiting      5m06.0s   
step_00850 • [   0% ] waiting      5m36.0s   
step_00900 • [   0% ] waiting      6m06.0s   
step_00950 • [   0% ] waiting      6m36.0s   
step_01000 • [   0% ] waiting      7m06.0s   

running (02m25.0s), 0002/0390 VUs, 21239 complete and 0 interrupted iterations
step_00050 ✓ [ 100% ] 000/020 VUs  30s        50.00 iters/s
step_00100 ✓ [ 100% ] 000/020 VUs  30s        100.00 iters/s
step_00150 ✓ [ 100% ] 000/030 VUs  30s        150.00 iters/s
step_00200 ✓ [ 100% ] 000/040 VUs  30s        200.00 iters/s
step_00250   [  83% ] 002/050 VUs  25.0s/30s  250.00 iters/s
step_00300 • [   0% ] waiting      0m05.0s   
step_00350 • [   0% ] waiting      0m35.0s   
step_00400 • [   0% ] waiting      1m05.0s   
step_00450 • [   0% ] waiting      1m35.0s   
step_00500 • [   0% ] waiting      2m05.0s   
step_00550 • [   0% ] waiting      2m35.0s   
step_00600 • [   0% ] waiting      3m05.0s   
step_00650 • [   0% ] waiting      3m35.0s   
step_00700 • [   0% ] waiting      4m05.0s   
step_00750 • [   0% ] waiting      4m35.0s   
step_00800 • [   0% ] waiting      5m05.0s   
step_00850 • [   0% ] waiting      5m35.0s   
step_00900 • [   0% ] waiting      6m05.0s   
step_00950 • [   0% ] waiting      6m35.0s   
step_01000 • [   0% ] waiting      7m05.0s   

running (02m26.0s), 0001/0390 VUs, 21490 complete and 0 interrupted iterations
step_00050 ✓ [ 100% ] 000/020 VUs  30s        50.00 iters/s
step_00100 ✓ [ 100% ] 000/020 VUs  30s        100.00 iters/s
step_00150 ✓ [ 100% ] 000/030 VUs  30s        150.00 iters/s
step_00200 ✓ [ 100% ] 000/040 VUs  30s        200.00 iters/s
step_00250   [  87% ] 001/050 VUs  26.0s/30s  250.00 iters/s
step_00300 • [   0% ] waiting      0m04.0s   
step_00350 • [   0% ] waiting      0m34.0s   
step_00400 • [   0% ] waiting      1m04.0s   
step_00450 • [   0% ] waiting      1m34.0s   
step_00500 • [   0% ] waiting      2m04.0s   
step_00550 • [   0% ] waiting      2m34.0s   
step_00600 • [   0% ] waiting      3m04.0s   
step_00650 • [   0% ] waiting      3m34.0s   
step_00700 • [   0% ] waiting      4m04.0s   
step_00750 • [   0% ] waiting      4m34.0s   
step_00800 • [   0% ] waiting      5m04.0s   
step_00850 • [   0% ] waiting      5m34.0s   
step_00900 • [   0% ] waiting      6m04.0s   
step_00950 • [   0% ] waiting      6m34.0s   
step_01000 • [   0% ] waiting      7m04.0s   

running (02m27.0s), 0001/0390 VUs, 21740 complete and 0 interrupted iterations
step_00050 ✓ [ 100% ] 000/020 VUs  30s        50.00 iters/s
step_00100 ✓ [ 100% ] 000/020 VUs  30s        100.00 iters/s
step_00150 ✓ [ 100% ] 000/030 VUs  30s        150.00 iters/s
step_00200 ✓ [ 100% ] 000/040 VUs  30s        200.00 iters/s
step_00250   [  90% ] 001/050 VUs  27.0s/30s  250.00 iters/s
step_00300 • [   0% ] waiting      0m03.0s   
step_00350 • [   0% ] waiting      0m33.0s   
step_00400 • [   0% ] waiting      1m03.0s   
step_00450 • [   0% ] waiting      1m33.0s   
step_00500 • [   0% ] waiting      2m03.0s   
step_00550 • [   0% ] waiting      2m33.0s   
step_00600 • [   0% ] waiting      3m03.0s   
step_00650 • [   0% ] waiting      3m33.0s   
step_00700 • [   0% ] waiting      4m03.0s   
step_00750 • [   0% ] waiting      4m33.0s   
step_00800 • [   0% ] waiting      5m03.0s   
step_00850 • [   0% ] waiting      5m33.0s   
step_00900 • [   0% ] waiting      6m03.0s   
step_00950 • [   0% ] waiting      6m33.0s   
step_01000 • [   0% ] waiting      7m03.0s   

running (02m28.0s), 0000/0390 VUs, 21991 complete and 0 interrupted iterations
step_00050 ✓ [ 100% ] 000/020 VUs  30s        50.00 iters/s
step_00100 ✓ [ 100% ] 000/020 VUs  30s        100.00 iters/s
step_00150 ✓ [ 100% ] 000/030 VUs  30s        150.00 iters/s
step_00200 ✓ [ 100% ] 000/040 VUs  30s        200.00 iters/s
step_00250   [  93% ] 000/050 VUs  28.0s/30s  250.00 iters/s
step_00300 • [   0% ] waiting      0m02.0s   
step_00350 • [   0% ] waiting      0m32.0s   
step_00400 • [   0% ] waiting      1m02.0s   
step_00450 • [   0% ] waiting      1m32.0s   
step_00500 • [   0% ] waiting      2m02.0s   
step_00550 • [   0% ] waiting      2m32.0s   
step_00600 • [   0% ] waiting      3m02.0s   
step_00650 • [   0% ] waiting      3m32.0s   
step_00700 • [   0% ] waiting      4m02.0s   
step_00750 • [   0% ] waiting      4m32.0s   
step_00800 • [   0% ] waiting      5m02.0s   
step_00850 • [   0% ] waiting      5m32.0s   
step_00900 • [   0% ] waiting      6m02.0s   
step_00950 • [   0% ] waiting      6m32.0s   
step_01000 • [   0% ] waiting      7m02.0s   

running (02m29.0s), 0000/0390 VUs, 22241 complete and 0 interrupted iterations
step_00050 ✓ [ 100% ] 000/020 VUs  30s        50.00 iters/s
step_00100 ✓ [ 100% ] 000/020 VUs  30s        100.00 iters/s
step_00150 ✓ [ 100% ] 000/030 VUs  30s        150.00 iters/s
step_00200 ✓ [ 100% ] 000/040 VUs  30s        200.00 iters/s
step_00250   [  97% ] 000/050 VUs  29.0s/30s  250.00 iters/s
step_00300 • [   0% ] waiting      0m01.0s   
step_00350 • [   0% ] waiting      0m31.0s   
step_00400 • [   0% ] waiting      1m01.0s   
step_00450 • [   0% ] waiting      1m31.0s   
step_00500 • [   0% ] waiting      2m01.0s   
step_00550 • [   0% ] waiting      2m31.0s   
step_00600 • [   0% ] waiting      3m01.0s   
step_00650 • [   0% ] waiting      3m31.0s   
step_00700 • [   0% ] waiting      4m01.0s   
step_00750 • [   0% ] waiting      4m31.0s   
step_00800 • [   0% ] waiting      5m01.0s   
step_00850 • [   0% ] waiting      5m31.0s   
step_00900 • [   0% ] waiting      6m01.0s   
step_00950 • [   0% ] waiting      6m31.0s   
step_01000 • [   0% ] waiting      7m01.0s   

running (02m30.0s), 0000/0390 VUs, 22491 complete and 0 interrupted iterations
step_00050 ✓ [ 100% ] 000/020 VUs  30s        50.00 iters/s
step_00100 ✓ [ 100% ] 000/020 VUs  30s        100.00 iters/s
step_00150 ✓ [ 100% ] 000/030 VUs  30s        150.00 iters/s
step_00200 ✓ [ 100% ] 000/040 VUs  30s        200.00 iters/s
step_00250   [ 100% ] 000/050 VUs  30.0s/30s  250.00 iters/s
step_00300 • [   0% ] waiting      0m00.0s   
step_00350 • [   0% ] waiting      0m30.0s   
step_00400 • [   0% ] waiting      1m00.0s   
step_00450 • [   0% ] waiting      1m30.0s   
step_00500 • [   0% ] waiting      2m00.0s   
step_00550 • [   0% ] waiting      2m30.0s   
step_00600 • [   0% ] waiting      3m00.0s   
step_00650 • [   0% ] waiting      3m30.0s   
step_00700 • [   0% ] waiting      4m00.0s   
step_00750 • [   0% ] waiting      4m30.0s   
step_00800 • [   0% ] waiting      5m00.0s   
step_00850 • [   0% ] waiting      5m30.0s   
step_00900 • [   0% ] waiting      6m00.0s   
step_00950 • [   0% ] waiting      6m30.0s   
step_01000 • [   0% ] waiting      7m00.0s   

running (02m31.0s), 0001/0390 VUs, 22789 complete and 0 interrupted iterations
step_00050 ✓ [ 100% ] 000/020 VUs  30s        50.00 iters/s
step_00100 ✓ [ 100% ] 000/020 VUs  30s        100.00 iters/s
step_00150 ✓ [ 100% ] 000/030 VUs  30s        150.00 iters/s
step_00200 ✓ [ 100% ] 000/040 VUs  30s        200.00 iters/s
step_00250 ✓ [ 100% ] 000/050 VUs  30s        250.00 iters/s
step_00300   [   3% ] 001/060 VUs  01.0s/30s  300.00 iters/s
step_00350 • [   0% ] waiting      0m29.0s   
step_00400 • [   0% ] waiting      0m59.0s   
step_00450 • [   0% ] waiting      1m29.0s   
step_00500 • [   0% ] waiting      1m59.0s   
step_00550 • [   0% ] waiting      2m29.0s   
step_00600 • [   0% ] waiting      2m59.0s   
step_00650 • [   0% ] waiting      3m29.0s   
step_00700 • [   0% ] waiting      3m59.0s   
step_00750 • [   0% ] waiting      4m29.0s   
step_00800 • [   0% ] waiting      4m59.0s   
step_00850 • [   0% ] waiting      5m29.0s   
step_00900 • [   0% ] waiting      5m59.0s   
step_00950 • [   0% ] waiting      6m29.0s   
step_01000 • [   0% ] waiting      6m59.0s   

running (02m32.0s), 0001/0390 VUs, 23089 complete and 0 interrupted iterations
step_00050 ✓ [ 100% ] 000/020 VUs  30s        50.00 iters/s
step_00100 ✓ [ 100% ] 000/020 VUs  30s        100.00 iters/s
step_00150 ✓ [ 100% ] 000/030 VUs  30s        150.00 iters/s
step_00200 ✓ [ 100% ] 000/040 VUs  30s        200.00 iters/s
step_00250 ✓ [ 100% ] 000/050 VUs  30s        250.00 iters/s
step_00300   [   7% ] 001/060 VUs  02.0s/30s  300.00 iters/s
step_00350 • [   0% ] waiting      0m28.0s   
step_00400 • [   0% ] waiting      0m58.0s   
step_00450 • [   0% ] waiting      1m28.0s   
step_00500 • [   0% ] waiting      1m58.0s   
step_00550 • [   0% ] waiting      2m28.0s   
step_00600 • [   0% ] waiting      2m58.0s   
step_00650 • [   0% ] waiting      3m28.0s   
step_00700 • [   0% ] waiting      3m58.0s   
step_00750 • [   0% ] waiting      4m28.0s   
step_00800 • [   0% ] waiting      4m58.0s   
step_00850 • [   0% ] waiting      5m28.0s   
step_00900 • [   0% ] waiting      5m58.0s   
step_00950 • [   0% ] waiting      6m28.0s   
step_01000 • [   0% ] waiting      6m58.0s   

running (02m33.0s), 0000/0390 VUs, 23390 complete and 0 interrupted iterations
step_00050 ✓ [ 100% ] 000/020 VUs  30s        50.00 iters/s
step_00100 ✓ [ 100% ] 000/020 VUs  30s        100.00 iters/s
step_00150 ✓ [ 100% ] 000/030 VUs  30s        150.00 iters/s
step_00200 ✓ [ 100% ] 000/040 VUs  30s        200.00 iters/s
step_00250 ✓ [ 100% ] 000/050 VUs  30s        250.00 iters/s
step_00300   [  10% ] 000/060 VUs  03.0s/30s  300.00 iters/s
step_00350 • [   0% ] waiting      0m27.0s   
step_00400 • [   0% ] waiting      0m57.0s   
step_00450 • [   0% ] waiting      1m27.0s   
step_00500 • [   0% ] waiting      1m57.0s   
step_00550 • [   0% ] waiting      2m27.0s   
step_00600 • [   0% ] waiting      2m57.0s   
step_00650 • [   0% ] waiting      3m27.0s   
step_00700 • [   0% ] waiting      3m57.0s   
step_00750 • [   0% ] waiting      4m27.0s   
step_00800 • [   0% ] waiting      4m57.0s   
step_00850 • [   0% ] waiting      5m27.0s   
step_00900 • [   0% ] waiting      5m57.0s   
step_00950 • [   0% ] waiting      6m27.0s   
step_01000 • [   0% ] waiting      6m57.0s   

running (02m34.0s), 0001/0390 VUs, 23689 complete and 0 interrupted iterations
step_00050 ✓ [ 100% ] 000/020 VUs  30s        50.00 iters/s
step_00100 ✓ [ 100% ] 000/020 VUs  30s        100.00 iters/s
step_00150 ✓ [ 100% ] 000/030 VUs  30s        150.00 iters/s
step_00200 ✓ [ 100% ] 000/040 VUs  30s        200.00 iters/s
step_00250 ✓ [ 100% ] 000/050 VUs  30s        250.00 iters/s
step_00300   [  13% ] 001/060 VUs  04.0s/30s  300.00 iters/s
step_00350 • [   0% ] waiting      0m26.0s   
step_00400 • [   0% ] waiting      0m56.0s   
step_00450 • [   0% ] waiting      1m26.0s   
step_00500 • [   0% ] waiting      1m56.0s   
step_00550 • [   0% ] waiting      2m26.0s   
step_00600 • [   0% ] waiting      2m56.0s   
step_00650 • [   0% ] waiting      3m26.0s   
step_00700 • [   0% ] waiting      3m56.0s   
step_00750 • [   0% ] waiting      4m26.0s   
step_00800 • [   0% ] waiting      4m56.0s   
step_00850 • [   0% ] waiting      5m26.0s   
step_00900 • [   0% ] waiting      5m56.0s   
step_00950 • [   0% ] waiting      6m26.0s   
step_01000 • [   0% ] waiting      6m56.0s   

running (02m35.0s), 0000/0390 VUs, 23990 complete and 0 interrupted iterations
step_00050 ✓ [ 100% ] 000/020 VUs  30s        50.00 iters/s
step_00100 ✓ [ 100% ] 000/020 VUs  30s        100.00 iters/s
step_00150 ✓ [ 100% ] 000/030 VUs  30s        150.00 iters/s
step_00200 ✓ [ 100% ] 000/040 VUs  30s        200.00 iters/s
step_00250 ✓ [ 100% ] 000/050 VUs  30s        250.00 iters/s
step_00300   [  17% ] 000/060 VUs  05.0s/30s  300.00 iters/s
step_00350 • [   0% ] waiting      0m25.0s   
step_00400 • [   0% ] waiting      0m55.0s   
step_00450 • [   0% ] waiting      1m25.0s   
step_00500 • [   0% ] waiting      1m55.0s   
step_00550 • [   0% ] waiting      2m25.0s   
step_00600 • [   0% ] waiting      2m55.0s   
step_00650 • [   0% ] waiting      3m25.0s   
step_00700 • [   0% ] waiting      3m55.0s   
step_00750 • [   0% ] waiting      4m25.0s   
step_00800 • [   0% ] waiting      4m55.0s   
step_00850 • [   0% ] waiting      5m25.0s   
step_00900 • [   0% ] waiting      5m55.0s   
step_00950 • [   0% ] waiting      6m25.0s   
step_01000 • [   0% ] waiting      6m55.0s   

running (02m36.0s), 0001/0390 VUs, 24289 complete and 0 interrupted iterations
step_00050 ✓ [ 100% ] 000/020 VUs  30s        50.00 iters/s
step_00100 ✓ [ 100% ] 000/020 VUs  30s        100.00 iters/s
step_00150 ✓ [ 100% ] 000/030 VUs  30s        150.00 iters/s
step_00200 ✓ [ 100% ] 000/040 VUs  30s        200.00 iters/s
step_00250 ✓ [ 100% ] 000/050 VUs  30s        250.00 iters/s
step_00300   [  20% ] 001/060 VUs  06.0s/30s  300.00 iters/s
step_00350 • [   0% ] waiting      0m24.0s   
step_00400 • [   0% ] waiting      0m54.0s   
step_00450 • [   0% ] waiting      1m24.0s   
step_00500 • [   0% ] waiting      1m54.0s   
step_00550 • [   0% ] waiting      2m24.0s   
step_00600 • [   0% ] waiting      2m54.0s   
step_00650 • [   0% ] waiting      3m24.0s   
step_00700 • [   0% ] waiting      3m54.0s   
step_00750 • [   0% ] waiting      4m24.0s   
step_00800 • [   0% ] waiting      4m54.0s   
step_00850 • [   0% ] waiting      5m24.0s   
step_00900 • [   0% ] waiting      5m54.0s   
step_00950 • [   0% ] waiting      6m24.0s   
step_01000 • [   0% ] waiting      6m54.0s   

running (02m37.0s), 0001/0390 VUs, 24589 complete and 0 interrupted iterations
step_00050 ✓ [ 100% ] 000/020 VUs  30s        50.00 iters/s
step_00100 ✓ [ 100% ] 000/020 VUs  30s        100.00 iters/s
step_00150 ✓ [ 100% ] 000/030 VUs  30s        150.00 iters/s
step_00200 ✓ [ 100% ] 000/040 VUs  30s        200.00 iters/s
step_00250 ✓ [ 100% ] 000/050 VUs  30s        250.00 iters/s
step_00300   [  23% ] 001/060 VUs  07.0s/30s  300.00 iters/s
step_00350 • [   0% ] waiting      0m23.0s   
step_00400 • [   0% ] waiting      0m53.0s   
step_00450 • [   0% ] waiting      1m23.0s   
step_00500 • [   0% ] waiting      1m53.0s   
step_00550 • [   0% ] waiting      2m23.0s   
step_00600 • [   0% ] waiting      2m53.0s   
step_00650 • [   0% ] waiting      3m23.0s   
step_00700 • [   0% ] waiting      3m53.0s   
step_00750 • [   0% ] waiting      4m23.0s   
step_00800 • [   0% ] waiting      4m53.0s   
step_00850 • [   0% ] waiting      5m23.0s   
step_00900 • [   0% ] waiting      5m53.0s   
step_00950 • [   0% ] waiting      6m23.0s   
step_01000 • [   0% ] waiting      6m53.0s   

running (02m38.0s), 0001/0390 VUs, 24889 complete and 0 interrupted iterations
step_00050 ✓ [ 100% ] 000/020 VUs  30s        50.00 iters/s
step_00100 ✓ [ 100% ] 000/020 VUs  30s        100.00 iters/s
step_00150 ✓ [ 100% ] 000/030 VUs  30s        150.00 iters/s
step_00200 ✓ [ 100% ] 000/040 VUs  30s        200.00 iters/s
step_00250 ✓ [ 100% ] 000/050 VUs  30s        250.00 iters/s
step_00300   [  27% ] 001/060 VUs  08.0s/30s  300.00 iters/s
step_00350 • [   0% ] waiting      0m22.0s   
step_00400 • [   0% ] waiting      0m52.0s   
step_00450 • [   0% ] waiting      1m22.0s   
step_00500 • [   0% ] waiting      1m52.0s   
step_00550 • [   0% ] waiting      2m22.0s   
step_00600 • [   0% ] waiting      2m52.0s   
step_00650 • [   0% ] waiting      3m22.0s   
step_00700 • [   0% ] waiting      3m52.0s   
step_00750 • [   0% ] waiting      4m22.0s   
step_00800 • [   0% ] waiting      4m52.0s   
step_00850 • [   0% ] waiting      5m22.0s   
step_00900 • [   0% ] waiting      5m52.0s   
step_00950 • [   0% ] waiting      6m22.0s   
step_01000 • [   0% ] waiting      6m52.0s   

running (02m39.0s), 0001/0390 VUs, 25189 complete and 0 interrupted iterations
step_00050 ✓ [ 100% ] 000/020 VUs  30s        50.00 iters/s
step_00100 ✓ [ 100% ] 000/020 VUs  30s        100.00 iters/s
step_00150 ✓ [ 100% ] 000/030 VUs  30s        150.00 iters/s
step_00200 ✓ [ 100% ] 000/040 VUs  30s        200.00 iters/s
step_00250 ✓ [ 100% ] 000/050 VUs  30s        250.00 iters/s
step_00300   [  30% ] 001/060 VUs  09.0s/30s  300.00 iters/s
step_00350 • [   0% ] waiting      0m21.0s   
step_00400 • [   0% ] waiting      0m51.0s   
step_00450 • [   0% ] waiting      1m21.0s   
step_00500 • [   0% ] waiting      1m51.0s   
step_00550 • [   0% ] waiting      2m21.0s   
step_00600 • [   0% ] waiting      2m51.0s   
step_00650 • [   0% ] waiting      3m21.0s   
step_00700 • [   0% ] waiting      3m51.0s   
step_00750 • [   0% ] waiting      4m21.0s   
step_00800 • [   0% ] waiting      4m51.0s   
step_00850 • [   0% ] waiting      5m21.0s   
step_00900 • [   0% ] waiting      5m51.0s   
step_00950 • [   0% ] waiting      6m21.0s   
step_01000 • [   0% ] waiting      6m51.0s   

running (02m40.0s), 0001/0390 VUs, 25489 complete and 0 interrupted iterations
step_00050 ✓ [ 100% ] 000/020 VUs  30s        50.00 iters/s
step_00100 ✓ [ 100% ] 000/020 VUs  30s        100.00 iters/s
step_00150 ✓ [ 100% ] 000/030 VUs  30s        150.00 iters/s
step_00200 ✓ [ 100% ] 000/040 VUs  30s        200.00 iters/s
step_00250 ✓ [ 100% ] 000/050 VUs  30s        250.00 iters/s
step_00300   [  33% ] 001/060 VUs  10.0s/30s  300.00 iters/s
step_00350 • [   0% ] waiting      0m20.0s   
step_00400 • [   0% ] waiting      0m50.0s   
step_00450 • [   0% ] waiting      1m20.0s   
step_00500 • [   0% ] waiting      1m50.0s   
step_00550 • [   0% ] waiting      2m20.0s   
step_00600 • [   0% ] waiting      2m50.0s   
step_00650 • [   0% ] waiting      3m20.0s   
step_00700 • [   0% ] waiting      3m50.0s   
step_00750 • [   0% ] waiting      4m20.0s   
step_00800 • [   0% ] waiting      4m50.0s   
step_00850 • [   0% ] waiting      5m20.0s   
step_00900 • [   0% ] waiting      5m50.0s   
step_00950 • [   0% ] waiting      6m20.0s   
step_01000 • [   0% ] waiting      6m50.0s   

running (02m41.0s), 0000/0390 VUs, 25790 complete and 0 interrupted iterations
step_00050 ✓ [ 100% ] 000/020 VUs  30s        50.00 iters/s
step_00100 ✓ [ 100% ] 000/020 VUs  30s        100.00 iters/s
step_00150 ✓ [ 100% ] 000/030 VUs  30s        150.00 iters/s
step_00200 ✓ [ 100% ] 000/040 VUs  30s        200.00 iters/s
step_00250 ✓ [ 100% ] 000/050 VUs  30s        250.00 iters/s
step_00300   [  37% ] 000/060 VUs  11.0s/30s  300.00 iters/s
step_00350 • [   0% ] waiting      0m19.0s   
step_00400 • [   0% ] waiting      0m49.0s   
step_00450 • [   0% ] waiting      1m19.0s   
step_00500 • [   0% ] waiting      1m49.0s   
step_00550 • [   0% ] waiting      2m19.0s   
step_00600 • [   0% ] waiting      2m49.0s   
step_00650 • [   0% ] waiting      3m19.0s   
step_00700 • [   0% ] waiting      3m49.0s   
step_00750 • [   0% ] waiting      4m19.0s   
step_00800 • [   0% ] waiting      4m49.0s   
step_00850 • [   0% ] waiting      5m19.0s   
step_00900 • [   0% ] waiting      5m49.0s   
step_00950 • [   0% ] waiting      6m19.0s   
step_01000 • [   0% ] waiting      6m49.0s   

running (02m42.0s), 0001/0390 VUs, 26089 complete and 0 interrupted iterations
step_00050 ✓ [ 100% ] 000/020 VUs  30s        50.00 iters/s
step_00100 ✓ [ 100% ] 000/020 VUs  30s        100.00 iters/s
step_00150 ✓ [ 100% ] 000/030 VUs  30s        150.00 iters/s
step_00200 ✓ [ 100% ] 000/040 VUs  30s        200.00 iters/s
step_00250 ✓ [ 100% ] 000/050 VUs  30s        250.00 iters/s
step_00300   [  40% ] 001/060 VUs  12.0s/30s  300.00 iters/s
step_00350 • [   0% ] waiting      0m18.0s   
step_00400 • [   0% ] waiting      0m48.0s   
step_00450 • [   0% ] waiting      1m18.0s   
step_00500 • [   0% ] waiting      1m48.0s   
step_00550 • [   0% ] waiting      2m18.0s   
step_00600 • [   0% ] waiting      2m48.0s   
step_00650 • [   0% ] waiting      3m18.0s   
step_00700 • [   0% ] waiting      3m48.0s   
step_00750 • [   0% ] waiting      4m18.0s   
step_00800 • [   0% ] waiting      4m48.0s   
step_00850 • [   0% ] waiting      5m18.0s   
step_00900 • [   0% ] waiting      5m48.0s   
step_00950 • [   0% ] waiting      6m18.0s   
step_01000 • [   0% ] waiting      6m48.0s   

running (02m43.0s), 0001/0390 VUs, 26389 complete and 0 interrupted iterations
step_00050 ✓ [ 100% ] 000/020 VUs  30s        50.00 iters/s
step_00100 ✓ [ 100% ] 000/020 VUs  30s        100.00 iters/s
step_00150 ✓ [ 100% ] 000/030 VUs  30s        150.00 iters/s
step_00200 ✓ [ 100% ] 000/040 VUs  30s        200.00 iters/s
step_00250 ✓ [ 100% ] 000/050 VUs  30s        250.00 iters/s
step_00300   [  43% ] 001/060 VUs  13.0s/30s  300.00 iters/s
step_00350 • [   0% ] waiting      0m17.0s   
step_00400 • [   0% ] waiting      0m47.0s   
step_00450 • [   0% ] waiting      1m17.0s   
step_00500 • [   0% ] waiting      1m47.0s   
step_00550 • [   0% ] waiting      2m17.0s   
step_00600 • [   0% ] waiting      2m47.0s   
step_00650 • [   0% ] waiting      3m17.0s   
step_00700 • [   0% ] waiting      3m47.0s   
step_00750 • [   0% ] waiting      4m17.0s   
step_00800 • [   0% ] waiting      4m47.0s   
step_00850 • [   0% ] waiting      5m17.0s   
step_00900 • [   0% ] waiting      5m47.0s   
step_00950 • [   0% ] waiting      6m17.0s   
step_01000 • [   0% ] waiting      6m47.0s   

running (02m44.0s), 0001/0390 VUs, 26689 complete and 0 interrupted iterations
step_00050 ✓ [ 100% ] 000/020 VUs  30s        50.00 iters/s
step_00100 ✓ [ 100% ] 000/020 VUs  30s        100.00 iters/s
step_00150 ✓ [ 100% ] 000/030 VUs  30s        150.00 iters/s
step_00200 ✓ [ 100% ] 000/040 VUs  30s        200.00 iters/s
step_00250 ✓ [ 100% ] 000/050 VUs  30s        250.00 iters/s
step_00300   [  47% ] 001/060 VUs  14.0s/30s  300.00 iters/s
step_00350 • [   0% ] waiting      0m16.0s   
step_00400 • [   0% ] waiting      0m46.0s   
step_00450 • [   0% ] waiting      1m16.0s   
step_00500 • [   0% ] waiting      1m46.0s   
step_00550 • [   0% ] waiting      2m16.0s   
step_00600 • [   0% ] waiting      2m46.0s   
step_00650 • [   0% ] waiting      3m16.0s   
step_00700 • [   0% ] waiting      3m46.0s   
step_00750 • [   0% ] waiting      4m16.0s   
step_00800 • [   0% ] waiting      4m46.0s   
step_00850 • [   0% ] waiting      5m16.0s   
step_00900 • [   0% ] waiting      5m46.0s   
step_00950 • [   0% ] waiting      6m16.0s   
step_01000 • [   0% ] waiting      6m46.0s   

running (02m45.0s), 0001/0390 VUs, 26989 complete and 0 interrupted iterations
step_00050 ✓ [ 100% ] 000/020 VUs  30s        50.00 iters/s
step_00100 ✓ [ 100% ] 000/020 VUs  30s        100.00 iters/s
step_00150 ✓ [ 100% ] 000/030 VUs  30s        150.00 iters/s
step_00200 ✓ [ 100% ] 000/040 VUs  30s        200.00 iters/s
step_00250 ✓ [ 100% ] 000/050 VUs  30s        250.00 iters/s
step_00300   [  50% ] 001/060 VUs  15.0s/30s  300.00 iters/s
step_00350 • [   0% ] waiting      0m15.0s   
step_00400 • [   0% ] waiting      0m45.0s   
step_00450 • [   0% ] waiting      1m15.0s   
step_00500 • [   0% ] waiting      1m45.0s   
step_00550 • [   0% ] waiting      2m15.0s   
step_00600 • [   0% ] waiting      2m45.0s   
step_00650 • [   0% ] waiting      3m15.0s   
step_00700 • [   0% ] waiting      3m45.0s   
step_00750 • [   0% ] waiting      4m15.0s   
step_00800 • [   0% ] waiting      4m45.0s   
step_00850 • [   0% ] waiting      5m15.0s   
step_00900 • [   0% ] waiting      5m45.0s   
step_00950 • [   0% ] waiting      6m15.0s   
step_01000 • [   0% ] waiting      6m45.0s   

running (02m46.0s), 0001/0390 VUs, 27289 complete and 0 interrupted iterations
step_00050 ✓ [ 100% ] 000/020 VUs  30s        50.00 iters/s
step_00100 ✓ [ 100% ] 000/020 VUs  30s        100.00 iters/s
step_00150 ✓ [ 100% ] 000/030 VUs  30s        150.00 iters/s
step_00200 ✓ [ 100% ] 000/040 VUs  30s        200.00 iters/s
step_00250 ✓ [ 100% ] 000/050 VUs  30s        250.00 iters/s
step_00300   [  53% ] 001/060 VUs  16.0s/30s  300.00 iters/s
step_00350 • [   0% ] waiting      0m14.0s   
step_00400 • [   0% ] waiting      0m44.0s   
step_00450 • [   0% ] waiting      1m14.0s   
step_00500 • [   0% ] waiting      1m44.0s   
step_00550 • [   0% ] waiting      2m14.0s   
step_00600 • [   0% ] waiting      2m44.0s   
step_00650 • [   0% ] waiting      3m14.0s   
step_00700 • [   0% ] waiting      3m44.0s   
step_00750 • [   0% ] waiting      4m14.0s   
step_00800 • [   0% ] waiting      4m44.0s   
step_00850 • [   0% ] waiting      5m14.0s   
step_00900 • [   0% ] waiting      5m44.0s   
step_00950 • [   0% ] waiting      6m14.0s   
step_01000 • [   0% ] waiting      6m44.0s   

running (02m47.0s), 0001/0390 VUs, 27589 complete and 0 interrupted iterations
step_00050 ✓ [ 100% ] 000/020 VUs  30s        50.00 iters/s
step_00100 ✓ [ 100% ] 000/020 VUs  30s        100.00 iters/s
step_00150 ✓ [ 100% ] 000/030 VUs  30s        150.00 iters/s
step_00200 ✓ [ 100% ] 000/040 VUs  30s        200.00 iters/s
step_00250 ✓ [ 100% ] 000/050 VUs  30s        250.00 iters/s
step_00300   [  57% ] 001/060 VUs  17.0s/30s  300.00 iters/s
step_00350 • [   0% ] waiting      0m13.0s   
step_00400 • [   0% ] waiting      0m43.0s   
step_00450 • [   0% ] waiting      1m13.0s   
step_00500 • [   0% ] waiting      1m43.0s   
step_00550 • [   0% ] waiting      2m13.0s   
step_00600 • [   0% ] waiting      2m43.0s   
step_00650 • [   0% ] waiting      3m13.0s   
step_00700 • [   0% ] waiting      3m43.0s   
step_00750 • [   0% ] waiting      4m13.0s   
step_00800 • [   0% ] waiting      4m43.0s   
step_00850 • [   0% ] waiting      5m13.0s   
step_00900 • [   0% ] waiting      5m43.0s   
step_00950 • [   0% ] waiting      6m13.0s   
step_01000 • [   0% ] waiting      6m43.0s   

running (02m48.0s), 0001/0390 VUs, 27889 complete and 0 interrupted iterations
step_00050 ✓ [ 100% ] 000/020 VUs  30s        50.00 iters/s
step_00100 ✓ [ 100% ] 000/020 VUs  30s        100.00 iters/s
step_00150 ✓ [ 100% ] 000/030 VUs  30s        150.00 iters/s
step_00200 ✓ [ 100% ] 000/040 VUs  30s        200.00 iters/s
step_00250 ✓ [ 100% ] 000/050 VUs  30s        250.00 iters/s
step_00300   [  60% ] 001/060 VUs  18.0s/30s  300.00 iters/s
step_00350 • [   0% ] waiting      0m12.0s   
step_00400 • [   0% ] waiting      0m42.0s   
step_00450 • [   0% ] waiting      1m12.0s   
step_00500 • [   0% ] waiting      1m42.0s   
step_00550 • [   0% ] waiting      2m12.0s   
step_00600 • [   0% ] waiting      2m42.0s   
step_00650 • [   0% ] waiting      3m12.0s   
step_00700 • [   0% ] waiting      3m42.0s   
step_00750 • [   0% ] waiting      4m12.0s   
step_00800 • [   0% ] waiting      4m42.0s   
step_00850 • [   0% ] waiting      5m12.0s   
step_00900 • [   0% ] waiting      5m42.0s   
step_00950 • [   0% ] waiting      6m12.0s   
step_01000 • [   0% ] waiting      6m42.0s   

running (02m49.0s), 0001/0390 VUs, 28189 complete and 0 interrupted iterations
step_00050 ✓ [ 100% ] 000/020 VUs  30s        50.00 iters/s
step_00100 ✓ [ 100% ] 000/020 VUs  30s        100.00 iters/s
step_00150 ✓ [ 100% ] 000/030 VUs  30s        150.00 iters/s
step_00200 ✓ [ 100% ] 000/040 VUs  30s        200.00 iters/s
step_00250 ✓ [ 100% ] 000/050 VUs  30s        250.00 iters/s
step_00300   [  63% ] 001/060 VUs  19.0s/30s  300.00 iters/s
step_00350 • [   0% ] waiting      0m11.0s   
step_00400 • [   0% ] waiting      0m41.0s   
step_00450 • [   0% ] waiting      1m11.0s   
step_00500 • [   0% ] waiting      1m41.0s   
step_00550 • [   0% ] waiting      2m11.0s   
step_00600 • [   0% ] waiting      2m41.0s   
step_00650 • [   0% ] waiting      3m11.0s   
step_00700 • [   0% ] waiting      3m41.0s   
step_00750 • [   0% ] waiting      4m11.0s   
step_00800 • [   0% ] waiting      4m41.0s   
step_00850 • [   0% ] waiting      5m11.0s   
step_00900 • [   0% ] waiting      5m41.0s   
step_00950 • [   0% ] waiting      6m11.0s   
step_01000 • [   0% ] waiting      6m41.0s   

running (02m50.0s), 0000/0390 VUs, 28490 complete and 0 interrupted iterations
step_00050 ✓ [ 100% ] 000/020 VUs  30s        50.00 iters/s
step_00100 ✓ [ 100% ] 000/020 VUs  30s        100.00 iters/s
step_00150 ✓ [ 100% ] 000/030 VUs  30s        150.00 iters/s
step_00200 ✓ [ 100% ] 000/040 VUs  30s        200.00 iters/s
step_00250 ✓ [ 100% ] 000/050 VUs  30s        250.00 iters/s
step_00300   [  67% ] 000/060 VUs  20.0s/30s  300.00 iters/s
step_00350 • [   0% ] waiting      0m10.0s   
step_00400 • [   0% ] waiting      0m40.0s   
step_00450 • [   0% ] waiting      1m10.0s   
step_00500 • [   0% ] waiting      1m40.0s   
step_00550 • [   0% ] waiting      2m10.0s   
step_00600 • [   0% ] waiting      2m40.0s   
step_00650 • [   0% ] waiting      3m10.0s   
step_00700 • [   0% ] waiting      3m40.0s   
step_00750 • [   0% ] waiting      4m10.0s   
step_00800 • [   0% ] waiting      4m40.0s   
step_00850 • [   0% ] waiting      5m10.0s   
step_00900 • [   0% ] waiting      5m40.0s   
step_00950 • [   0% ] waiting      6m10.0s   
step_01000 • [   0% ] waiting      6m40.0s   

running (02m51.0s), 0000/0390 VUs, 28790 complete and 0 interrupted iterations
step_00050 ✓ [ 100% ] 000/020 VUs  30s        50.00 iters/s
step_00100 ✓ [ 100% ] 000/020 VUs  30s        100.00 iters/s
step_00150 ✓ [ 100% ] 000/030 VUs  30s        150.00 iters/s
step_00200 ✓ [ 100% ] 000/040 VUs  30s        200.00 iters/s
step_00250 ✓ [ 100% ] 000/050 VUs  30s        250.00 iters/s
step_00300   [  70% ] 000/060 VUs  21.0s/30s  300.00 iters/s
step_00350 • [   0% ] waiting      0m09.0s   
step_00400 • [   0% ] waiting      0m39.0s   
step_00450 • [   0% ] waiting      1m09.0s   
step_00500 • [   0% ] waiting      1m39.0s   
step_00550 • [   0% ] waiting      2m09.0s   
step_00600 • [   0% ] waiting      2m39.0s   
step_00650 • [   0% ] waiting      3m09.0s   
step_00700 • [   0% ] waiting      3m39.0s   
step_00750 • [   0% ] waiting      4m09.0s   
step_00800 • [   0% ] waiting      4m39.0s   
step_00850 • [   0% ] waiting      5m09.0s   
step_00900 • [   0% ] waiting      5m39.0s   
step_00950 • [   0% ] waiting      6m09.0s   
step_01000 • [   0% ] waiting      6m39.0s   

running (02m52.0s), 0001/0390 VUs, 29089 complete and 0 interrupted iterations
step_00050 ✓ [ 100% ] 000/020 VUs  30s        50.00 iters/s
step_00100 ✓ [ 100% ] 000/020 VUs  30s        100.00 iters/s
step_00150 ✓ [ 100% ] 000/030 VUs  30s        150.00 iters/s
step_00200 ✓ [ 100% ] 000/040 VUs  30s        200.00 iters/s
step_00250 ✓ [ 100% ] 000/050 VUs  30s        250.00 iters/s
step_00300   [  73% ] 001/060 VUs  22.0s/30s  300.00 iters/s
step_00350 • [   0% ] waiting      0m08.0s   
step_00400 • [   0% ] waiting      0m38.0s   
step_00450 • [   0% ] waiting      1m08.0s   
step_00500 • [   0% ] waiting      1m38.0s   
step_00550 • [   0% ] waiting      2m08.0s   
step_00600 • [   0% ] waiting      2m38.0s   
step_00650 • [   0% ] waiting      3m08.0s   
step_00700 • [   0% ] waiting      3m38.0s   
step_00750 • [   0% ] waiting      4m08.0s   
step_00800 • [   0% ] waiting      4m38.0s   
step_00850 • [   0% ] waiting      5m08.0s   
step_00900 • [   0% ] waiting      5m38.0s   
step_00950 • [   0% ] waiting      6m08.0s   
step_01000 • [   0% ] waiting      6m38.0s   

running (02m53.0s), 0001/0390 VUs, 29389 complete and 0 interrupted iterations
step_00050 ✓ [ 100% ] 000/020 VUs  30s        50.00 iters/s
step_00100 ✓ [ 100% ] 000/020 VUs  30s        100.00 iters/s
step_00150 ✓ [ 100% ] 000/030 VUs  30s        150.00 iters/s
step_00200 ✓ [ 100% ] 000/040 VUs  30s        200.00 iters/s
step_00250 ✓ [ 100% ] 000/050 VUs  30s        250.00 iters/s
step_00300   [  77% ] 001/060 VUs  23.0s/30s  300.00 iters/s
step_00350 • [   0% ] waiting      0m07.0s   
step_00400 • [   0% ] waiting      0m37.0s   
step_00450 • [   0% ] waiting      1m07.0s   
step_00500 • [   0% ] waiting      1m37.0s   
step_00550 • [   0% ] waiting      2m07.0s   
step_00600 • [   0% ] waiting      2m37.0s   
step_00650 • [   0% ] waiting      3m07.0s   
step_00700 • [   0% ] waiting      3m37.0s   
step_00750 • [   0% ] waiting      4m07.0s   
step_00800 • [   0% ] waiting      4m37.0s   
step_00850 • [   0% ] waiting      5m07.0s   
step_00900 • [   0% ] waiting      5m37.0s   
step_00950 • [   0% ] waiting      6m07.0s   
step_01000 • [   0% ] waiting      6m37.0s   

running (02m54.0s), 0000/0390 VUs, 29690 complete and 0 interrupted iterations
step_00050 ✓ [ 100% ] 000/020 VUs  30s        50.00 iters/s
step_00100 ✓ [ 100% ] 000/020 VUs  30s        100.00 iters/s
step_00150 ✓ [ 100% ] 000/030 VUs  30s        150.00 iters/s
step_00200 ✓ [ 100% ] 000/040 VUs  30s        200.00 iters/s
step_00250 ✓ [ 100% ] 000/050 VUs  30s        250.00 iters/s
step_00300   [  80% ] 000/060 VUs  24.0s/30s  300.00 iters/s
step_00350 • [   0% ] waiting      0m06.0s   
step_00400 • [   0% ] waiting      0m36.0s   
step_00450 • [   0% ] waiting      1m06.0s   
step_00500 • [   0% ] waiting      1m36.0s   
step_00550 • [   0% ] waiting      2m06.0s   
step_00600 • [   0% ] waiting      2m36.0s   
step_00650 • [   0% ] waiting      3m06.0s   
step_00700 • [   0% ] waiting      3m36.0s   
step_00750 • [   0% ] waiting      4m06.0s   
step_00800 • [   0% ] waiting      4m36.0s   
step_00850 • [   0% ] waiting      5m06.0s   
step_00900 • [   0% ] waiting      5m36.0s   
step_00950 • [   0% ] waiting      6m06.0s   
step_01000 • [   0% ] waiting      6m36.0s   

running (02m55.0s), 0001/0390 VUs, 29989 complete and 0 interrupted iterations
step_00050 ✓ [ 100% ] 000/020 VUs  30s        50.00 iters/s
step_00100 ✓ [ 100% ] 000/020 VUs  30s        100.00 iters/s
step_00150 ✓ [ 100% ] 000/030 VUs  30s        150.00 iters/s
step_00200 ✓ [ 100% ] 000/040 VUs  30s        200.00 iters/s
step_00250 ✓ [ 100% ] 000/050 VUs  30s        250.00 iters/s
step_00300   [  83% ] 001/060 VUs  25.0s/30s  300.00 iters/s
step_00350 • [   0% ] waiting      0m05.0s   
step_00400 • [   0% ] waiting      0m35.0s   
step_00450 • [   0% ] waiting      1m05.0s   
step_00500 • [   0% ] waiting      1m35.0s   
step_00550 • [   0% ] waiting      2m05.0s   
step_00600 • [   0% ] waiting      2m35.0s   
step_00650 • [   0% ] waiting      3m05.0s   
step_00700 • [   0% ] waiting      3m35.0s   
step_00750 • [   0% ] waiting      4m05.0s   
step_00800 • [   0% ] waiting      4m35.0s   
step_00850 • [   0% ] waiting      5m05.0s   
step_00900 • [   0% ] waiting      5m35.0s   
step_00950 • [   0% ] waiting      6m05.0s   
step_01000 • [   0% ] waiting      6m35.0s   

running (02m56.0s), 0002/0390 VUs, 30288 complete and 0 interrupted iterations
step_00050 ✓ [ 100% ] 000/020 VUs  30s        50.00 iters/s
step_00100 ✓ [ 100% ] 000/020 VUs  30s        100.00 iters/s
step_00150 ✓ [ 100% ] 000/030 VUs  30s        150.00 iters/s
step_00200 ✓ [ 100% ] 000/040 VUs  30s        200.00 iters/s
step_00250 ✓ [ 100% ] 000/050 VUs  30s        250.00 iters/s
step_00300   [  87% ] 002/060 VUs  26.0s/30s  300.00 iters/s
step_00350 • [   0% ] waiting      0m04.0s   
step_00400 • [   0% ] waiting      0m34.0s   
step_00450 • [   0% ] waiting      1m04.0s   
step_00500 • [   0% ] waiting      1m34.0s   
step_00550 • [   0% ] waiting      2m04.0s   
step_00600 • [   0% ] waiting      2m34.0s   
step_00650 • [   0% ] waiting      3m04.0s   
step_00700 • [   0% ] waiting      3m34.0s   
step_00750 • [   0% ] waiting      4m04.0s   
step_00800 • [   0% ] waiting      4m34.0s   
step_00850 • [   0% ] waiting      5m04.0s   
step_00900 • [   0% ] waiting      5m34.0s   
step_00950 • [   0% ] waiting      6m04.0s   
step_01000 • [   0% ] waiting      6m34.0s   

running (02m57.0s), 0062/0392 VUs, 30526 complete and 0 interrupted iterations
step_00050 ✓ [ 100% ] 000/020 VUs  30s        50.00 iters/s
step_00100 ✓ [ 100% ] 000/020 VUs  30s        100.00 iters/s
step_00150 ✓ [ 100% ] 000/030 VUs  30s        150.00 iters/s
step_00200 ✓ [ 100% ] 000/040 VUs  30s        200.00 iters/s
step_00250 ✓ [ 100% ] 000/050 VUs  30s        250.00 iters/s
step_00300   [  90% ] 062/062 VUs  27.0s/30s  300.00 iters/s
step_00350 • [   0% ] waiting      0m03.0s   
step_00400 • [   0% ] waiting      0m33.0s   
step_00450 • [   0% ] waiting      1m03.0s   
step_00500 • [   0% ] waiting      1m33.0s   
step_00550 • [   0% ] waiting      2m03.0s   
step_00600 • [   0% ] waiting      2m33.0s   
step_00650 • [   0% ] waiting      3m03.0s   
step_00700 • [   0% ] waiting      3m33.0s   
step_00750 • [   0% ] waiting      4m03.0s   
step_00800 • [   0% ] waiting      4m33.0s   
step_00850 • [   0% ] waiting      5m03.0s   
step_00900 • [   0% ] waiting      5m33.0s   
step_00950 • [   0% ] waiting      6m03.0s   
step_01000 • [   0% ] waiting      6m33.0s   

running (02m58.0s), 0002/0394 VUs, 30884 complete and 0 interrupted iterations
step_00050 ✓ [ 100% ] 000/020 VUs  30s        50.00 iters/s
step_00100 ✓ [ 100% ] 000/020 VUs  30s        100.00 iters/s
step_00150 ✓ [ 100% ] 000/030 VUs  30s        150.00 iters/s
step_00200 ✓ [ 100% ] 000/040 VUs  30s        200.00 iters/s
step_00250 ✓ [ 100% ] 000/050 VUs  30s        250.00 iters/s
step_00300   [  93% ] 002/064 VUs  28.0s/30s  300.00 iters/s
step_00350 • [   0% ] waiting      0m02.0s   
step_00400 • [   0% ] waiting      0m32.0s   
step_00450 • [   0% ] waiting      1m02.0s   
step_00500 • [   0% ] waiting      1m32.0s   
step_00550 • [   0% ] waiting      2m02.0s   
step_00600 • [   0% ] waiting      2m32.0s   
step_00650 • [   0% ] waiting      3m02.0s   
step_00700 • [   0% ] waiting      3m32.0s   
step_00750 • [   0% ] waiting      4m02.0s   
step_00800 • [   0% ] waiting      4m32.0s   
step_00850 • [   0% ] waiting      5m02.0s   
step_00900 • [   0% ] waiting      5m32.0s   
step_00950 • [   0% ] waiting      6m02.0s   
step_01000 • [   0% ] waiting      6m32.0s   

running (02m59.0s), 0001/0394 VUs, 31185 complete and 0 interrupted iterations
step_00050 ✓ [ 100% ] 000/020 VUs  30s        50.00 iters/s
step_00100 ✓ [ 100% ] 000/020 VUs  30s        100.00 iters/s
step_00150 ✓ [ 100% ] 000/030 VUs  30s        150.00 iters/s
step_00200 ✓ [ 100% ] 000/040 VUs  30s        200.00 iters/s
step_00250 ✓ [ 100% ] 000/050 VUs  30s        250.00 iters/s
step_00300   [  97% ] 001/064 VUs  29.0s/30s  300.00 iters/s
step_00350 • [   0% ] waiting      0m01.0s   
step_00400 • [   0% ] waiting      0m31.0s   
step_00450 • [   0% ] waiting      1m01.0s   
step_00500 • [   0% ] waiting      1m31.0s   
step_00550 • [   0% ] waiting      2m01.0s   
step_00600 • [   0% ] waiting      2m31.0s   
step_00650 • [   0% ] waiting      3m01.0s   
step_00700 • [   0% ] waiting      3m31.0s   
step_00750 • [   0% ] waiting      4m01.0s   
step_00800 • [   0% ] waiting      4m31.0s   
step_00850 • [   0% ] waiting      5m01.0s   
step_00900 • [   0% ] waiting      5m31.0s   
step_00950 • [   0% ] waiting      6m01.0s   
step_01000 • [   0% ] waiting      6m31.0s   

running (03m00.0s), 0001/0394 VUs, 31485 complete and 0 interrupted iterations
step_00050 ✓ [ 100% ] 000/020 VUs  30s        50.00 iters/s
step_00100 ✓ [ 100% ] 000/020 VUs  30s        100.00 iters/s
step_00150 ✓ [ 100% ] 000/030 VUs  30s        150.00 iters/s
step_00200 ✓ [ 100% ] 000/040 VUs  30s        200.00 iters/s
step_00250 ✓ [ 100% ] 000/050 VUs  30s        250.00 iters/s
step_00300   [ 100% ] 001/064 VUs  30.0s/30s  300.00 iters/s
step_00350 • [   0% ] waiting      0m00.0s   
step_00400 • [   0% ] waiting      0m30.0s   
step_00450 • [   0% ] waiting      1m00.0s   
step_00500 • [   0% ] waiting      1m30.0s   
step_00550 • [   0% ] waiting      2m00.0s   
step_00600 • [   0% ] waiting      2m30.0s   
step_00650 • [   0% ] waiting      3m00.0s   
step_00700 • [   0% ] waiting      3m30.0s   
step_00750 • [   0% ] waiting      4m00.0s   
step_00800 • [   0% ] waiting      4m30.0s   
step_00850 • [   0% ] waiting      5m00.0s   
step_00900 • [   0% ] waiting      5m30.0s   
step_00950 • [   0% ] waiting      6m00.0s   
step_01000 • [   0% ] waiting      6m30.0s   

running (03m01.0s), 0001/0394 VUs, 31834 complete and 0 interrupted iterations
step_00050 ✓ [ 100% ] 000/020 VUs    30s        50.00 iters/s
step_00100 ✓ [ 100% ] 000/020 VUs    30s        100.00 iters/s
step_00150 ✓ [ 100% ] 000/030 VUs    30s        150.00 iters/s
step_00200 ✓ [ 100% ] 000/040 VUs    30s        200.00 iters/s
step_00250 ✓ [ 100% ] 000/050 VUs    30s        250.00 iters/s
step_00300 ✓ [ 100% ] 000/064 VUs    30s        300.00 iters/s
step_00350   [   3% ] 0001/0070 VUs  01.0s/30s  350.00 iters/s
step_00400 • [   0% ] waiting        0m29.0s   
step_00450 • [   0% ] waiting        0m59.0s   
step_00500 • [   0% ] waiting        1m29.0s   
step_00550 • [   0% ] waiting        1m59.0s   
step_00600 • [   0% ] waiting        2m29.0s   
step_00650 • [   0% ] waiting        2m59.0s   
step_00700 • [   0% ] waiting        3m29.0s   
step_00750 • [   0% ] waiting        3m59.0s   
step_00800 • [   0% ] waiting        4m29.0s   
step_00850 • [   0% ] waiting        4m59.0s   
step_00900 • [   0% ] waiting        5m29.0s   
step_00950 • [   0% ] waiting        5m59.0s   
step_01000 • [   0% ] waiting        6m29.0s   

running (03m02.0s), 0001/0394 VUs, 32184 complete and 0 interrupted iterations
step_00050 ✓ [ 100% ] 000/020 VUs    30s        50.00 iters/s
step_00100 ✓ [ 100% ] 000/020 VUs    30s        100.00 iters/s
step_00150 ✓ [ 100% ] 000/030 VUs    30s        150.00 iters/s
step_00200 ✓ [ 100% ] 000/040 VUs    30s        200.00 iters/s
step_00250 ✓ [ 100% ] 000/050 VUs    30s        250.00 iters/s
step_00300 ✓ [ 100% ] 000/064 VUs    30s        300.00 iters/s
step_00350   [   7% ] 0001/0070 VUs  02.0s/30s  350.00 iters/s
step_00400 • [   0% ] waiting        0m28.0s   
step_00450 • [   0% ] waiting        0m58.0s   
step_00500 • [   0% ] waiting        1m28.0s   
step_00550 • [   0% ] waiting        1m58.0s   
step_00600 • [   0% ] waiting        2m28.0s   
step_00650 • [   0% ] waiting        2m58.0s   
step_00700 • [   0% ] waiting        3m28.0s   
step_00750 • [   0% ] waiting        3m58.0s   
step_00800 • [   0% ] waiting        4m28.0s   
step_00850 • [   0% ] waiting        4m58.0s   
step_00900 • [   0% ] waiting        5m28.0s   
step_00950 • [   0% ] waiting        5m58.0s   
step_01000 • [   0% ] waiting        6m28.0s   

running (03m03.0s), 0001/0394 VUs, 32534 complete and 0 interrupted iterations
step_00050 ✓ [ 100% ] 000/020 VUs    30s        50.00 iters/s
step_00100 ✓ [ 100% ] 000/020 VUs    30s        100.00 iters/s
step_00150 ✓ [ 100% ] 000/030 VUs    30s        150.00 iters/s
step_00200 ✓ [ 100% ] 000/040 VUs    30s        200.00 iters/s
step_00250 ✓ [ 100% ] 000/050 VUs    30s        250.00 iters/s
step_00300 ✓ [ 100% ] 000/064 VUs    30s        300.00 iters/s
step_00350   [  10% ] 0001/0070 VUs  03.0s/30s  350.00 iters/s
step_00400 • [   0% ] waiting        0m27.0s   
step_00450 • [   0% ] waiting        0m57.0s   
step_00500 • [   0% ] waiting        1m27.0s   
step_00550 • [   0% ] waiting        1m57.0s   
step_00600 • [   0% ] waiting        2m27.0s   
step_00650 • [   0% ] waiting        2m57.0s   
step_00700 • [   0% ] waiting        3m27.0s   
step_00750 • [   0% ] waiting        3m57.0s   
step_00800 • [   0% ] waiting        4m27.0s   
step_00850 • [   0% ] waiting        4m57.0s   
step_00900 • [   0% ] waiting        5m27.0s   
step_00950 • [   0% ] waiting        5m57.0s   
step_01000 • [   0% ] waiting        6m27.0s   

running (03m04.0s), 0001/0394 VUs, 32884 complete and 0 interrupted iterations
step_00050 ✓ [ 100% ] 000/020 VUs    30s        50.00 iters/s
step_00100 ✓ [ 100% ] 000/020 VUs    30s        100.00 iters/s
step_00150 ✓ [ 100% ] 000/030 VUs    30s        150.00 iters/s
step_00200 ✓ [ 100% ] 000/040 VUs    30s        200.00 iters/s
step_00250 ✓ [ 100% ] 000/050 VUs    30s        250.00 iters/s
step_00300 ✓ [ 100% ] 000/064 VUs    30s        300.00 iters/s
step_00350   [  13% ] 0001/0070 VUs  04.0s/30s  350.00 iters/s
step_00400 • [   0% ] waiting        0m26.0s   
step_00450 • [   0% ] waiting        0m56.0s   
step_00500 • [   0% ] waiting        1m26.0s   
step_00550 • [   0% ] waiting        1m56.0s   
step_00600 • [   0% ] waiting        2m26.0s   
step_00650 • [   0% ] waiting        2m56.0s   
step_00700 • [   0% ] waiting        3m26.0s   
step_00750 • [   0% ] waiting        3m56.0s   
step_00800 • [   0% ] waiting        4m26.0s   
step_00850 • [   0% ] waiting        4m56.0s   
step_00900 • [   0% ] waiting        5m26.0s   
step_00950 • [   0% ] waiting        5m56.0s   
step_01000 • [   0% ] waiting        6m26.0s   

running (03m05.0s), 0001/0394 VUs, 33234 complete and 0 interrupted iterations
step_00050 ✓ [ 100% ] 000/020 VUs    30s        50.00 iters/s
step_00100 ✓ [ 100% ] 000/020 VUs    30s        100.00 iters/s
step_00150 ✓ [ 100% ] 000/030 VUs    30s        150.00 iters/s
step_00200 ✓ [ 100% ] 000/040 VUs    30s        200.00 iters/s
step_00250 ✓ [ 100% ] 000/050 VUs    30s        250.00 iters/s
step_00300 ✓ [ 100% ] 000/064 VUs    30s        300.00 iters/s
step_00350   [  17% ] 0001/0070 VUs  05.0s/30s  350.00 iters/s
step_00400 • [   0% ] waiting        0m25.0s   
step_00450 • [   0% ] waiting        0m55.0s   
step_00500 • [   0% ] waiting        1m25.0s   
step_00550 • [   0% ] waiting        1m55.0s   
step_00600 • [   0% ] waiting        2m25.0s   
step_00650 • [   0% ] waiting        2m55.0s   
step_00700 • [   0% ] waiting        3m25.0s   
step_00750 • [   0% ] waiting        3m55.0s   
step_00800 • [   0% ] waiting        4m25.0s   
step_00850 • [   0% ] waiting        4m55.0s   
step_00900 • [   0% ] waiting        5m25.0s   
step_00950 • [   0% ] waiting        5m55.0s   
step_01000 • [   0% ] waiting        6m25.0s   

running (03m06.0s), 0001/0394 VUs, 33584 complete and 0 interrupted iterations
step_00050 ✓ [ 100% ] 000/020 VUs    30s        50.00 iters/s
step_00100 ✓ [ 100% ] 000/020 VUs    30s        100.00 iters/s
step_00150 ✓ [ 100% ] 000/030 VUs    30s        150.00 iters/s
step_00200 ✓ [ 100% ] 000/040 VUs    30s        200.00 iters/s
step_00250 ✓ [ 100% ] 000/050 VUs    30s        250.00 iters/s
step_00300 ✓ [ 100% ] 000/064 VUs    30s        300.00 iters/s
step_00350   [  20% ] 0001/0070 VUs  06.0s/30s  350.00 iters/s
step_00400 • [   0% ] waiting        0m24.0s   
step_00450 • [   0% ] waiting        0m54.0s   
step_00500 • [   0% ] waiting        1m24.0s   
step_00550 • [   0% ] waiting        1m54.0s   
step_00600 • [   0% ] waiting        2m24.0s   
step_00650 • [   0% ] waiting        2m54.0s   
step_00700 • [   0% ] waiting        3m24.0s   
step_00750 • [   0% ] waiting        3m54.0s   
step_00800 • [   0% ] waiting        4m24.0s   
step_00850 • [   0% ] waiting        4m54.0s   
step_00900 • [   0% ] waiting        5m24.0s   
step_00950 • [   0% ] waiting        5m54.0s   
step_01000 • [   0% ] waiting        6m24.0s   

running (03m07.0s), 0001/0394 VUs, 33934 complete and 0 interrupted iterations
step_00050 ✓ [ 100% ] 000/020 VUs    30s        50.00 iters/s
step_00100 ✓ [ 100% ] 000/020 VUs    30s        100.00 iters/s
step_00150 ✓ [ 100% ] 000/030 VUs    30s        150.00 iters/s
step_00200 ✓ [ 100% ] 000/040 VUs    30s        200.00 iters/s
step_00250 ✓ [ 100% ] 000/050 VUs    30s        250.00 iters/s
step_00300 ✓ [ 100% ] 000/064 VUs    30s        300.00 iters/s
step_00350   [  23% ] 0001/0070 VUs  07.0s/30s  350.00 iters/s
step_00400 • [   0% ] waiting        0m23.0s   
step_00450 • [   0% ] waiting        0m53.0s   
step_00500 • [   0% ] waiting        1m23.0s   
step_00550 • [   0% ] waiting        1m53.0s   
step_00600 • [   0% ] waiting        2m23.0s   
step_00650 • [   0% ] waiting        2m53.0s   
step_00700 • [   0% ] waiting        3m23.0s   
step_00750 • [   0% ] waiting        3m53.0s   
step_00800 • [   0% ] waiting        4m23.0s   
step_00850 • [   0% ] waiting        4m53.0s   
step_00900 • [   0% ] waiting        5m23.0s   
step_00950 • [   0% ] waiting        5m53.0s   
step_01000 • [   0% ] waiting        6m23.0s   

running (03m08.0s), 0001/0394 VUs, 34284 complete and 0 interrupted iterations
step_00050 ✓ [ 100% ] 000/020 VUs    30s        50.00 iters/s
step_00100 ✓ [ 100% ] 000/020 VUs    30s        100.00 iters/s
step_00150 ✓ [ 100% ] 000/030 VUs    30s        150.00 iters/s
step_00200 ✓ [ 100% ] 000/040 VUs    30s        200.00 iters/s
step_00250 ✓ [ 100% ] 000/050 VUs    30s        250.00 iters/s
step_00300 ✓ [ 100% ] 000/064 VUs    30s        300.00 iters/s
step_00350   [  27% ] 0001/0070 VUs  08.0s/30s  350.00 iters/s
step_00400 • [   0% ] waiting        0m22.0s   
step_00450 • [   0% ] waiting        0m52.0s   
step_00500 • [   0% ] waiting        1m22.0s   
step_00550 • [   0% ] waiting        1m52.0s   
step_00600 • [   0% ] waiting        2m22.0s   
step_00650 • [   0% ] waiting        2m52.0s   
step_00700 • [   0% ] waiting        3m22.0s   
step_00750 • [   0% ] waiting        3m52.0s   
step_00800 • [   0% ] waiting        4m22.0s   
step_00850 • [   0% ] waiting        4m52.0s   
step_00900 • [   0% ] waiting        5m22.0s   
step_00950 • [   0% ] waiting        5m52.0s   
step_01000 • [   0% ] waiting        6m22.0s   

running (03m09.0s), 0001/0394 VUs, 34634 complete and 0 interrupted iterations
step_00050 ✓ [ 100% ] 000/020 VUs    30s        50.00 iters/s
step_00100 ✓ [ 100% ] 000/020 VUs    30s        100.00 iters/s
step_00150 ✓ [ 100% ] 000/030 VUs    30s        150.00 iters/s
step_00200 ✓ [ 100% ] 000/040 VUs    30s        200.00 iters/s
step_00250 ✓ [ 100% ] 000/050 VUs    30s        250.00 iters/s
step_00300 ✓ [ 100% ] 000/064 VUs    30s        300.00 iters/s
step_00350   [  30% ] 0001/0070 VUs  09.0s/30s  350.00 iters/s
step_00400 • [   0% ] waiting        0m21.0s   
step_00450 • [   0% ] waiting        0m51.0s   
step_00500 • [   0% ] waiting        1m21.0s   
step_00550 • [   0% ] waiting        1m51.0s   
step_00600 • [   0% ] waiting        2m21.0s   
step_00650 • [   0% ] waiting        2m51.0s   
step_00700 • [   0% ] waiting        3m21.0s   
step_00750 • [   0% ] waiting        3m51.0s   
step_00800 • [   0% ] waiting        4m21.0s   
step_00850 • [   0% ] waiting        4m51.0s   
step_00900 • [   0% ] waiting        5m21.0s   
step_00950 • [   0% ] waiting        5m51.0s   
step_01000 • [   0% ] waiting        6m21.0s   

running (03m10.0s), 0001/0394 VUs, 34984 complete and 0 interrupted iterations
step_00050 ✓ [ 100% ] 000/020 VUs    30s        50.00 iters/s
step_00100 ✓ [ 100% ] 000/020 VUs    30s        100.00 iters/s
step_00150 ✓ [ 100% ] 000/030 VUs    30s        150.00 iters/s
step_00200 ✓ [ 100% ] 000/040 VUs    30s        200.00 iters/s
step_00250 ✓ [ 100% ] 000/050 VUs    30s        250.00 iters/s
step_00300 ✓ [ 100% ] 000/064 VUs    30s        300.00 iters/s
step_00350   [  33% ] 0001/0070 VUs  10.0s/30s  350.00 iters/s
step_00400 • [   0% ] waiting        0m20.0s   
step_00450 • [   0% ] waiting        0m50.0s   
step_00500 • [   0% ] waiting        1m20.0s   
step_00550 • [   0% ] waiting        1m50.0s   
step_00600 • [   0% ] waiting        2m20.0s   
step_00650 • [   0% ] waiting        2m50.0s   
step_00700 • [   0% ] waiting        3m20.0s   
step_00750 • [   0% ] waiting        3m50.0s   
step_00800 • [   0% ] waiting        4m20.0s   
step_00850 • [   0% ] waiting        4m50.0s   
step_00900 • [   0% ] waiting        5m20.0s   
step_00950 • [   0% ] waiting        5m50.0s   
step_01000 • [   0% ] waiting        6m20.0s   

running (03m11.0s), 0001/0394 VUs, 35334 complete and 0 interrupted iterations
step_00050 ✓ [ 100% ] 000/020 VUs    30s        50.00 iters/s
step_00100 ✓ [ 100% ] 000/020 VUs    30s        100.00 iters/s
step_00150 ✓ [ 100% ] 000/030 VUs    30s        150.00 iters/s
step_00200 ✓ [ 100% ] 000/040 VUs    30s        200.00 iters/s
step_00250 ✓ [ 100% ] 000/050 VUs    30s        250.00 iters/s
step_00300 ✓ [ 100% ] 000/064 VUs    30s        300.00 iters/s
step_00350   [  37% ] 0001/0070 VUs  11.0s/30s  350.00 iters/s
step_00400 • [   0% ] waiting        0m19.0s   
step_00450 • [   0% ] waiting        0m49.0s   
step_00500 • [   0% ] waiting        1m19.0s   
step_00550 • [   0% ] waiting        1m49.0s   
step_00600 • [   0% ] waiting        2m19.0s   
step_00650 • [   0% ] waiting        2m49.0s   
step_00700 • [   0% ] waiting        3m19.0s   
step_00750 • [   0% ] waiting        3m49.0s   
step_00800 • [   0% ] waiting        4m19.0s   
step_00850 • [   0% ] waiting        4m49.0s   
step_00900 • [   0% ] waiting        5m19.0s   
step_00950 • [   0% ] waiting        5m49.0s   
step_01000 • [   0% ] waiting        6m19.0s   

running (03m12.0s), 0001/0394 VUs, 35684 complete and 0 interrupted iterations
step_00050 ✓ [ 100% ] 000/020 VUs    30s        50.00 iters/s
step_00100 ✓ [ 100% ] 000/020 VUs    30s        100.00 iters/s
step_00150 ✓ [ 100% ] 000/030 VUs    30s        150.00 iters/s
step_00200 ✓ [ 100% ] 000/040 VUs    30s        200.00 iters/s
step_00250 ✓ [ 100% ] 000/050 VUs    30s        250.00 iters/s
step_00300 ✓ [ 100% ] 000/064 VUs    30s        300.00 iters/s
step_00350   [  40% ] 0001/0070 VUs  12.0s/30s  350.00 iters/s
step_00400 • [   0% ] waiting        0m18.0s   
step_00450 • [   0% ] waiting        0m48.0s   
step_00500 • [   0% ] waiting        1m18.0s   
step_00550 • [   0% ] waiting        1m48.0s   
step_00600 • [   0% ] waiting        2m18.0s   
step_00650 • [   0% ] waiting        2m48.0s   
step_00700 • [   0% ] waiting        3m18.0s   
step_00750 • [   0% ] waiting        3m48.0s   
step_00800 • [   0% ] waiting        4m18.0s   
step_00850 • [   0% ] waiting        4m48.0s   
step_00900 • [   0% ] waiting        5m18.0s   
step_00950 • [   0% ] waiting        5m48.0s   
step_01000 • [   0% ] waiting        6m18.0s   

running (03m13.0s), 0001/0394 VUs, 36034 complete and 0 interrupted iterations
step_00050 ✓ [ 100% ] 000/020 VUs    30s        50.00 iters/s
step_00100 ✓ [ 100% ] 000/020 VUs    30s        100.00 iters/s
step_00150 ✓ [ 100% ] 000/030 VUs    30s        150.00 iters/s
step_00200 ✓ [ 100% ] 000/040 VUs    30s        200.00 iters/s
step_00250 ✓ [ 100% ] 000/050 VUs    30s        250.00 iters/s
step_00300 ✓ [ 100% ] 000/064 VUs    30s        300.00 iters/s
step_00350   [  43% ] 0001/0070 VUs  13.0s/30s  350.00 iters/s
step_00400 • [   0% ] waiting        0m17.0s   
step_00450 • [   0% ] waiting        0m47.0s   
step_00500 • [   0% ] waiting        1m17.0s   
step_00550 • [   0% ] waiting        1m47.0s   
step_00600 • [   0% ] waiting        2m17.0s   
step_00650 • [   0% ] waiting        2m47.0s   
step_00700 • [   0% ] waiting        3m17.0s   
step_00750 • [   0% ] waiting        3m47.0s   
step_00800 • [   0% ] waiting        4m17.0s   
step_00850 • [   0% ] waiting        4m47.0s   
step_00900 • [   0% ] waiting        5m17.0s   
step_00950 • [   0% ] waiting        5m47.0s   
step_01000 • [   0% ] waiting        6m17.0s   

running (03m14.0s), 0001/0394 VUs, 36384 complete and 0 interrupted iterations
step_00050 ✓ [ 100% ] 000/020 VUs    30s        50.00 iters/s
step_00100 ✓ [ 100% ] 000/020 VUs    30s        100.00 iters/s
step_00150 ✓ [ 100% ] 000/030 VUs    30s        150.00 iters/s
step_00200 ✓ [ 100% ] 000/040 VUs    30s        200.00 iters/s
step_00250 ✓ [ 100% ] 000/050 VUs    30s        250.00 iters/s
step_00300 ✓ [ 100% ] 000/064 VUs    30s        300.00 iters/s
step_00350   [  47% ] 0001/0070 VUs  14.0s/30s  350.00 iters/s
step_00400 • [   0% ] waiting        0m16.0s   
step_00450 • [   0% ] waiting        0m46.0s   
step_00500 • [   0% ] waiting        1m16.0s   
step_00550 • [   0% ] waiting        1m46.0s   
step_00600 • [   0% ] waiting        2m16.0s   
step_00650 • [   0% ] waiting        2m46.0s   
step_00700 • [   0% ] waiting        3m16.0s   
step_00750 • [   0% ] waiting        3m46.0s   
step_00800 • [   0% ] waiting        4m16.0s   
step_00850 • [   0% ] waiting        4m46.0s   
step_00900 • [   0% ] waiting        5m16.0s   
step_00950 • [   0% ] waiting        5m46.0s   
step_01000 • [   0% ] waiting        6m16.0s   

running (03m15.0s), 0001/0394 VUs, 36734 complete and 0 interrupted iterations
step_00050 ✓ [ 100% ] 000/020 VUs    30s        50.00 iters/s
step_00100 ✓ [ 100% ] 000/020 VUs    30s        100.00 iters/s
step_00150 ✓ [ 100% ] 000/030 VUs    30s        150.00 iters/s
step_00200 ✓ [ 100% ] 000/040 VUs    30s        200.00 iters/s
step_00250 ✓ [ 100% ] 000/050 VUs    30s        250.00 iters/s
step_00300 ✓ [ 100% ] 000/064 VUs    30s        300.00 iters/s
step_00350   [  50% ] 0001/0070 VUs  15.0s/30s  350.00 iters/s
step_00400 • [   0% ] waiting        0m15.0s   
step_00450 • [   0% ] waiting        0m45.0s   
step_00500 • [   0% ] waiting        1m15.0s   
step_00550 • [   0% ] waiting        1m45.0s   
step_00600 • [   0% ] waiting        2m15.0s   
step_00650 • [   0% ] waiting        2m45.0s   
step_00700 • [   0% ] waiting        3m15.0s   
step_00750 • [   0% ] waiting        3m45.0s   
step_00800 • [   0% ] waiting        4m15.0s   
step_00850 • [   0% ] waiting        4m45.0s   
step_00900 • [   0% ] waiting        5m15.0s   
step_00950 • [   0% ] waiting        5m45.0s   
step_01000 • [   0% ] waiting        6m15.0s   

running (03m16.0s), 0002/0394 VUs, 37083 complete and 0 interrupted iterations
step_00050 ✓ [ 100% ] 000/020 VUs    30s        50.00 iters/s
step_00100 ✓ [ 100% ] 000/020 VUs    30s        100.00 iters/s
step_00150 ✓ [ 100% ] 000/030 VUs    30s        150.00 iters/s
step_00200 ✓ [ 100% ] 000/040 VUs    30s        200.00 iters/s
step_00250 ✓ [ 100% ] 000/050 VUs    30s        250.00 iters/s
step_00300 ✓ [ 100% ] 000/064 VUs    30s        300.00 iters/s
step_00350   [  53% ] 0002/0070 VUs  16.0s/30s  350.00 iters/s
step_00400 • [   0% ] waiting        0m14.0s   
step_00450 • [   0% ] waiting        0m44.0s   
step_00500 • [   0% ] waiting        1m14.0s   
step_00550 • [   0% ] waiting        1m44.0s   
step_00600 • [   0% ] waiting        2m14.0s   
step_00650 • [   0% ] waiting        2m44.0s   
step_00700 • [   0% ] waiting        3m14.0s   
step_00750 • [   0% ] waiting        3m44.0s   
step_00800 • [   0% ] waiting        4m14.0s   
step_00850 • [   0% ] waiting        4m44.0s   
step_00900 • [   0% ] waiting        5m14.0s   
step_00950 • [   0% ] waiting        5m44.0s   
step_01000 • [   0% ] waiting        6m14.0s   

running (03m17.0s), 0001/0394 VUs, 37434 complete and 0 interrupted iterations
step_00050 ✓ [ 100% ] 000/020 VUs    30s        50.00 iters/s
step_00100 ✓ [ 100% ] 000/020 VUs    30s        100.00 iters/s
step_00150 ✓ [ 100% ] 000/030 VUs    30s        150.00 iters/s
step_00200 ✓ [ 100% ] 000/040 VUs    30s        200.00 iters/s
step_00250 ✓ [ 100% ] 000/050 VUs    30s        250.00 iters/s
step_00300 ✓ [ 100% ] 000/064 VUs    30s        300.00 iters/s
step_00350   [  57% ] 0001/0070 VUs  17.0s/30s  350.00 iters/s
step_00400 • [   0% ] waiting        0m13.0s   
step_00450 • [   0% ] waiting        0m43.0s   
step_00500 • [   0% ] waiting        1m13.0s   
step_00550 • [   0% ] waiting        1m43.0s   
step_00600 • [   0% ] waiting        2m13.0s   
step_00650 • [   0% ] waiting        2m43.0s   
step_00700 • [   0% ] waiting        3m13.0s   
step_00750 • [   0% ] waiting        3m43.0s   
step_00800 • [   0% ] waiting        4m13.0s   
step_00850 • [   0% ] waiting        4m43.0s   
step_00900 • [   0% ] waiting        5m13.0s   
step_00950 • [   0% ] waiting        5m43.0s   
step_01000 • [   0% ] waiting        6m13.0s   

running (03m18.0s), 0001/0394 VUs, 37784 complete and 0 interrupted iterations
step_00050 ✓ [ 100% ] 000/020 VUs    30s        50.00 iters/s
step_00100 ✓ [ 100% ] 000/020 VUs    30s        100.00 iters/s
step_00150 ✓ [ 100% ] 000/030 VUs    30s        150.00 iters/s
step_00200 ✓ [ 100% ] 000/040 VUs    30s        200.00 iters/s
step_00250 ✓ [ 100% ] 000/050 VUs    30s        250.00 iters/s
step_00300 ✓ [ 100% ] 000/064 VUs    30s        300.00 iters/s
step_00350   [  60% ] 0001/0070 VUs  18.0s/30s  350.00 iters/s
step_00400 • [   0% ] waiting        0m12.0s   
step_00450 • [   0% ] waiting        0m42.0s   
step_00500 • [   0% ] waiting        1m12.0s   
step_00550 • [   0% ] waiting        1m42.0s   
step_00600 • [   0% ] waiting        2m12.0s   
step_00650 • [   0% ] waiting        2m42.0s   
step_00700 • [   0% ] waiting        3m12.0s   
step_00750 • [   0% ] waiting        3m42.0s   
step_00800 • [   0% ] waiting        4m12.0s   
step_00850 • [   0% ] waiting        4m42.0s   
step_00900 • [   0% ] waiting        5m12.0s   
step_00950 • [   0% ] waiting        5m42.0s   
step_01000 • [   0% ] waiting        6m12.0s   

running (03m19.0s), 0001/0394 VUs, 38134 complete and 0 interrupted iterations
step_00050 ✓ [ 100% ] 000/020 VUs    30s        50.00 iters/s
step_00100 ✓ [ 100% ] 000/020 VUs    30s        100.00 iters/s
step_00150 ✓ [ 100% ] 000/030 VUs    30s        150.00 iters/s
step_00200 ✓ [ 100% ] 000/040 VUs    30s        200.00 iters/s
step_00250 ✓ [ 100% ] 000/050 VUs    30s        250.00 iters/s
step_00300 ✓ [ 100% ] 000/064 VUs    30s        300.00 iters/s
step_00350   [  63% ] 0001/0070 VUs  19.0s/30s  350.00 iters/s
step_00400 • [   0% ] waiting        0m11.0s   
step_00450 • [   0% ] waiting        0m41.0s   
step_00500 • [   0% ] waiting        1m11.0s   
step_00550 • [   0% ] waiting        1m41.0s   
step_00600 • [   0% ] waiting        2m11.0s   
step_00650 • [   0% ] waiting        2m41.0s   
step_00700 • [   0% ] waiting        3m11.0s   
step_00750 • [   0% ] waiting        3m41.0s   
step_00800 • [   0% ] waiting        4m11.0s   
step_00850 • [   0% ] waiting        4m41.0s   
step_00900 • [   0% ] waiting        5m11.0s   
step_00950 • [   0% ] waiting        5m41.0s   
step_01000 • [   0% ] waiting        6m11.0s   

running (03m20.0s), 0001/0394 VUs, 38484 complete and 0 interrupted iterations
step_00050 ✓ [ 100% ] 000/020 VUs    30s        50.00 iters/s
step_00100 ✓ [ 100% ] 000/020 VUs    30s        100.00 iters/s
step_00150 ✓ [ 100% ] 000/030 VUs    30s        150.00 iters/s
step_00200 ✓ [ 100% ] 000/040 VUs    30s        200.00 iters/s
step_00250 ✓ [ 100% ] 000/050 VUs    30s        250.00 iters/s
step_00300 ✓ [ 100% ] 000/064 VUs    30s        300.00 iters/s
step_00350   [  67% ] 0001/0070 VUs  20.0s/30s  350.00 iters/s
step_00400 • [   0% ] waiting        0m10.0s   
step_00450 • [   0% ] waiting        0m40.0s   
step_00500 • [   0% ] waiting        1m10.0s   
step_00550 • [   0% ] waiting        1m40.0s   
step_00600 • [   0% ] waiting        2m10.0s   
step_00650 • [   0% ] waiting        2m40.0s   
step_00700 • [   0% ] waiting        3m10.0s   
step_00750 • [   0% ] waiting        3m40.0s   
step_00800 • [   0% ] waiting        4m10.0s   
step_00850 • [   0% ] waiting        4m40.0s   
step_00900 • [   0% ] waiting        5m10.0s   
step_00950 • [   0% ] waiting        5m40.0s   
step_01000 • [   0% ] waiting        6m10.0s   

running (03m21.0s), 0001/0394 VUs, 38834 complete and 0 interrupted iterations
step_00050 ✓ [ 100% ] 000/020 VUs    30s        50.00 iters/s
step_00100 ✓ [ 100% ] 000/020 VUs    30s        100.00 iters/s
step_00150 ✓ [ 100% ] 000/030 VUs    30s        150.00 iters/s
step_00200 ✓ [ 100% ] 000/040 VUs    30s        200.00 iters/s
step_00250 ✓ [ 100% ] 000/050 VUs    30s        250.00 iters/s
step_00300 ✓ [ 100% ] 000/064 VUs    30s        300.00 iters/s
step_00350   [  70% ] 0001/0070 VUs  21.0s/30s  350.00 iters/s
step_00400 • [   0% ] waiting        0m09.0s   
step_00450 • [   0% ] waiting        0m39.0s   
step_00500 • [   0% ] waiting        1m09.0s   
step_00550 • [   0% ] waiting        1m39.0s   
step_00600 • [   0% ] waiting        2m09.0s   
step_00650 • [   0% ] waiting        2m39.0s   
step_00700 • [   0% ] waiting        3m09.0s   
step_00750 • [   0% ] waiting        3m39.0s   
step_00800 • [   0% ] waiting        4m09.0s   
step_00850 • [   0% ] waiting        4m39.0s   
step_00900 • [   0% ] waiting        5m09.0s   
step_00950 • [   0% ] waiting        5m39.0s   
step_01000 • [   0% ] waiting        6m09.0s   

running (03m22.0s), 0001/0394 VUs, 39184 complete and 0 interrupted iterations
step_00050 ✓ [ 100% ] 000/020 VUs    30s        50.00 iters/s
step_00100 ✓ [ 100% ] 000/020 VUs    30s        100.00 iters/s
step_00150 ✓ [ 100% ] 000/030 VUs    30s        150.00 iters/s
step_00200 ✓ [ 100% ] 000/040 VUs    30s        200.00 iters/s
step_00250 ✓ [ 100% ] 000/050 VUs    30s        250.00 iters/s
step_00300 ✓ [ 100% ] 000/064 VUs    30s        300.00 iters/s
step_00350   [  73% ] 0001/0070 VUs  22.0s/30s  350.00 iters/s
step_00400 • [   0% ] waiting        0m08.0s   
step_00450 • [   0% ] waiting        0m38.0s   
step_00500 • [   0% ] waiting        1m08.0s   
step_00550 • [   0% ] waiting        1m38.0s   
step_00600 • [   0% ] waiting        2m08.0s   
step_00650 • [   0% ] waiting        2m38.0s   
step_00700 • [   0% ] waiting        3m08.0s   
step_00750 • [   0% ] waiting        3m38.0s   
step_00800 • [   0% ] waiting        4m08.0s   
step_00850 • [   0% ] waiting        4m38.0s   
step_00900 • [   0% ] waiting        5m08.0s   
step_00950 • [   0% ] waiting        5m38.0s   
step_01000 • [   0% ] waiting        6m08.0s   

running (03m23.0s), 0001/0394 VUs, 39534 complete and 0 interrupted iterations
step_00050 ✓ [ 100% ] 000/020 VUs    30s        50.00 iters/s
step_00100 ✓ [ 100% ] 000/020 VUs    30s        100.00 iters/s
step_00150 ✓ [ 100% ] 000/030 VUs    30s        150.00 iters/s
step_00200 ✓ [ 100% ] 000/040 VUs    30s        200.00 iters/s
step_00250 ✓ [ 100% ] 000/050 VUs    30s        250.00 iters/s
step_00300 ✓ [ 100% ] 000/064 VUs    30s        300.00 iters/s
step_00350   [  77% ] 0001/0070 VUs  23.0s/30s  350.00 iters/s
step_00400 • [   0% ] waiting        0m07.0s   
step_00450 • [   0% ] waiting        0m37.0s   
step_00500 • [   0% ] waiting        1m07.0s   
step_00550 • [   0% ] waiting        1m37.0s   
step_00600 • [   0% ] waiting        2m07.0s   
step_00650 • [   0% ] waiting        2m37.0s   
step_00700 • [   0% ] waiting        3m07.0s   
step_00750 • [   0% ] waiting        3m37.0s   
step_00800 • [   0% ] waiting        4m07.0s   
step_00850 • [   0% ] waiting        4m37.0s   
step_00900 • [   0% ] waiting        5m07.0s   
step_00950 • [   0% ] waiting        5m37.0s   
step_01000 • [   0% ] waiting        6m07.0s   

running (03m24.0s), 0001/0394 VUs, 39884 complete and 0 interrupted iterations
step_00050 ✓ [ 100% ] 000/020 VUs    30s        50.00 iters/s
step_00100 ✓ [ 100% ] 000/020 VUs    30s        100.00 iters/s
step_00150 ✓ [ 100% ] 000/030 VUs    30s        150.00 iters/s
step_00200 ✓ [ 100% ] 000/040 VUs    30s        200.00 iters/s
step_00250 ✓ [ 100% ] 000/050 VUs    30s        250.00 iters/s
step_00300 ✓ [ 100% ] 000/064 VUs    30s        300.00 iters/s
step_00350   [  80% ] 0001/0070 VUs  24.0s/30s  350.00 iters/s
step_00400 • [   0% ] waiting        0m06.0s   
step_00450 • [   0% ] waiting        0m36.0s   
step_00500 • [   0% ] waiting        1m06.0s   
step_00550 • [   0% ] waiting        1m36.0s   
step_00600 • [   0% ] waiting        2m06.0s   
step_00650 • [   0% ] waiting        2m36.0s   
step_00700 • [   0% ] waiting        3m06.0s   
step_00750 • [   0% ] waiting        3m36.0s   
step_00800 • [   0% ] waiting        4m06.0s   
step_00850 • [   0% ] waiting        4m36.0s   
step_00900 • [   0% ] waiting        5m06.0s   
step_00950 • [   0% ] waiting        5m36.0s   
step_01000 • [   0% ] waiting        6m06.0s   

running (03m25.0s), 0001/0394 VUs, 40234 complete and 0 interrupted iterations
step_00050 ✓ [ 100% ] 000/020 VUs    30s        50.00 iters/s
step_00100 ✓ [ 100% ] 000/020 VUs    30s        100.00 iters/s
step_00150 ✓ [ 100% ] 000/030 VUs    30s        150.00 iters/s
step_00200 ✓ [ 100% ] 000/040 VUs    30s        200.00 iters/s
step_00250 ✓ [ 100% ] 000/050 VUs    30s        250.00 iters/s
step_00300 ✓ [ 100% ] 000/064 VUs    30s        300.00 iters/s
step_00350   [  83% ] 0001/0070 VUs  25.0s/30s  350.00 iters/s
step_00400 • [   0% ] waiting        0m05.0s   
step_00450 • [   0% ] waiting        0m35.0s   
step_00500 • [   0% ] waiting        1m05.0s   
step_00550 • [   0% ] waiting        1m35.0s   
step_00600 • [   0% ] waiting        2m05.0s   
step_00650 • [   0% ] waiting        2m35.0s   
step_00700 • [   0% ] waiting        3m05.0s   
step_00750 • [   0% ] waiting        3m35.0s   
step_00800 • [   0% ] waiting        4m05.0s   
step_00850 • [   0% ] waiting        4m35.0s   
step_00900 • [   0% ] waiting        5m05.0s   
step_00950 • [   0% ] waiting        5m35.0s   
step_01000 • [   0% ] waiting        6m05.0s   

running (03m26.0s), 0001/0394 VUs, 40584 complete and 0 interrupted iterations
step_00050 ✓ [ 100% ] 000/020 VUs    30s        50.00 iters/s
step_00100 ✓ [ 100% ] 000/020 VUs    30s        100.00 iters/s
step_00150 ✓ [ 100% ] 000/030 VUs    30s        150.00 iters/s
step_00200 ✓ [ 100% ] 000/040 VUs    30s        200.00 iters/s
step_00250 ✓ [ 100% ] 000/050 VUs    30s        250.00 iters/s
step_00300 ✓ [ 100% ] 000/064 VUs    30s        300.00 iters/s
step_00350   [  87% ] 0001/0070 VUs  26.0s/30s  350.00 iters/s
step_00400 • [   0% ] waiting        0m04.0s   
step_00450 • [   0% ] waiting        0m34.0s   
step_00500 • [   0% ] waiting        1m04.0s   
step_00550 • [   0% ] waiting        1m34.0s   
step_00600 • [   0% ] waiting        2m04.0s   
step_00650 • [   0% ] waiting        2m34.0s   
step_00700 • [   0% ] waiting        3m04.0s   
step_00750 • [   0% ] waiting        3m34.0s   
step_00800 • [   0% ] waiting        4m04.0s   
step_00850 • [   0% ] waiting        4m34.0s   
step_00900 • [   0% ] waiting        5m04.0s   
step_00950 • [   0% ] waiting        5m34.0s   
step_01000 • [   0% ] waiting        6m04.0s   

running (03m27.0s), 0003/0394 VUs, 40932 complete and 0 interrupted iterations
step_00050 ✓ [ 100% ] 000/020 VUs    30s        50.00 iters/s
step_00100 ✓ [ 100% ] 000/020 VUs    30s        100.00 iters/s
step_00150 ✓ [ 100% ] 000/030 VUs    30s        150.00 iters/s
step_00200 ✓ [ 100% ] 000/040 VUs    30s        200.00 iters/s
step_00250 ✓ [ 100% ] 000/050 VUs    30s        250.00 iters/s
step_00300 ✓ [ 100% ] 000/064 VUs    30s        300.00 iters/s
step_00350   [  90% ] 0003/0070 VUs  27.0s/30s  350.00 iters/s
step_00400 • [   0% ] waiting        0m03.0s   
step_00450 • [   0% ] waiting        0m33.0s   
step_00500 • [   0% ] waiting        1m03.0s   
step_00550 • [   0% ] waiting        1m33.0s   
step_00600 • [   0% ] waiting        2m03.0s   
step_00650 • [   0% ] waiting        2m33.0s   
step_00700 • [   0% ] waiting        3m03.0s   
step_00750 • [   0% ] waiting        3m33.0s   
step_00800 • [   0% ] waiting        4m03.0s   
step_00850 • [   0% ] waiting        4m33.0s   
step_00900 • [   0% ] waiting        5m03.0s   
step_00950 • [   0% ] waiting        5m33.0s   
step_01000 • [   0% ] waiting        6m03.0s   

running (03m28.0s), 0001/0394 VUs, 41284 complete and 0 interrupted iterations
step_00050 ✓ [ 100% ] 000/020 VUs    30s        50.00 iters/s
step_00100 ✓ [ 100% ] 000/020 VUs    30s        100.00 iters/s
step_00150 ✓ [ 100% ] 000/030 VUs    30s        150.00 iters/s
step_00200 ✓ [ 100% ] 000/040 VUs    30s        200.00 iters/s
step_00250 ✓ [ 100% ] 000/050 VUs    30s        250.00 iters/s
step_00300 ✓ [ 100% ] 000/064 VUs    30s        300.00 iters/s
step_00350   [  93% ] 0001/0070 VUs  28.0s/30s  350.00 iters/s
step_00400 • [   0% ] waiting        0m02.0s   
step_00450 • [   0% ] waiting        0m32.0s   
step_00500 • [   0% ] waiting        1m02.0s   
step_00550 • [   0% ] waiting        1m32.0s   
step_00600 • [   0% ] waiting        2m02.0s   
step_00650 • [   0% ] waiting        2m32.0s   
step_00700 • [   0% ] waiting        3m02.0s   
step_00750 • [   0% ] waiting        3m32.0s   
step_00800 • [   0% ] waiting        4m02.0s   
step_00850 • [   0% ] waiting        4m32.0s   
step_00900 • [   0% ] waiting        5m02.0s   
step_00950 • [   0% ] waiting        5m32.0s   
step_01000 • [   0% ] waiting        6m02.0s   

running (03m29.0s), 0001/0394 VUs, 41634 complete and 0 interrupted iterations
step_00050 ✓ [ 100% ] 000/020 VUs    30s        50.00 iters/s
step_00100 ✓ [ 100% ] 000/020 VUs    30s        100.00 iters/s
step_00150 ✓ [ 100% ] 000/030 VUs    30s        150.00 iters/s
step_00200 ✓ [ 100% ] 000/040 VUs    30s        200.00 iters/s
step_00250 ✓ [ 100% ] 000/050 VUs    30s        250.00 iters/s
step_00300 ✓ [ 100% ] 000/064 VUs    30s        300.00 iters/s
step_00350   [  97% ] 0001/0070 VUs  29.0s/30s  350.00 iters/s
step_00400 • [   0% ] waiting        0m01.0s   
step_00450 • [   0% ] waiting        0m31.0s   
step_00500 • [   0% ] waiting        1m01.0s   
step_00550 • [   0% ] waiting        1m31.0s   
step_00600 • [   0% ] waiting        2m01.0s   
step_00650 • [   0% ] waiting        2m31.0s   
step_00700 • [   0% ] waiting        3m01.0s   
step_00750 • [   0% ] waiting        3m31.0s   
step_00800 • [   0% ] waiting        4m01.0s   
step_00850 • [   0% ] waiting        4m31.0s   
step_00900 • [   0% ] waiting        5m01.0s   
step_00950 • [   0% ] waiting        5m31.0s   
step_01000 • [   0% ] waiting        6m01.0s   

running (03m30.0s), 0001/0394 VUs, 41984 complete and 0 interrupted iterations
step_00050 ✓ [ 100% ] 000/020 VUs    30s        50.00 iters/s
step_00100 ✓ [ 100% ] 000/020 VUs    30s        100.00 iters/s
step_00150 ✓ [ 100% ] 000/030 VUs    30s        150.00 iters/s
step_00200 ✓ [ 100% ] 000/040 VUs    30s        200.00 iters/s
step_00250 ✓ [ 100% ] 000/050 VUs    30s        250.00 iters/s
step_00300 ✓ [ 100% ] 000/064 VUs    30s        300.00 iters/s
step_00350   [ 100% ] 0001/0070 VUs  30.0s/30s  350.00 iters/s
step_00400 • [   0% ] waiting        0m00.0s   
step_00450 • [   0% ] waiting        0m30.0s   
step_00500 • [   0% ] waiting        1m00.0s   
step_00550 • [   0% ] waiting        1m30.0s   
step_00600 • [   0% ] waiting        2m00.0s   
step_00650 • [   0% ] waiting        2m30.0s   
step_00700 • [   0% ] waiting        3m00.0s   
step_00750 • [   0% ] waiting        3m30.0s   
step_00800 • [   0% ] waiting        4m00.0s   
step_00850 • [   0% ] waiting        4m30.0s   
step_00900 • [   0% ] waiting        5m00.0s   
step_00950 • [   0% ] waiting        5m30.0s   
step_01000 • [   0% ] waiting        6m00.0s   

running (03m31.0s), 0001/0394 VUs, 42382 complete and 0 interrupted iterations
step_00050 ✓ [ 100% ] 000/020 VUs    30s        50.00 iters/s
step_00100 ✓ [ 100% ] 000/020 VUs    30s        100.00 iters/s
step_00150 ✓ [ 100% ] 000/030 VUs    30s        150.00 iters/s
step_00200 ✓ [ 100% ] 000/040 VUs    30s        200.00 iters/s
step_00250 ✓ [ 100% ] 000/050 VUs    30s        250.00 iters/s
step_00300 ✓ [ 100% ] 000/064 VUs    30s        300.00 iters/s
step_00350 ✓ [ 100% ] 0000/0070 VUs  30s        350.00 iters/s
step_00400   [   3% ] 0001/0080 VUs  01.0s/30s  400.00 iters/s
step_00450 • [   0% ] waiting        0m29.0s   
step_00500 • [   0% ] waiting        0m59.0s   
step_00550 • [   0% ] waiting        1m29.0s   
step_00600 • [   0% ] waiting        1m59.0s   
step_00650 • [   0% ] waiting        2m29.0s   
step_00700 • [   0% ] waiting        2m59.0s   
step_00750 • [   0% ] waiting        3m29.0s   
step_00800 • [   0% ] waiting        3m59.0s   
step_00850 • [   0% ] waiting        4m29.0s   
step_00900 • [   0% ] waiting        4m59.0s   
step_00950 • [   0% ] waiting        5m29.0s   
step_01000 • [   0% ] waiting        5m59.0s   

running (03m32.0s), 0005/0394 VUs, 42778 complete and 0 interrupted iterations
step_00050 ✓ [ 100% ] 000/020 VUs    30s        50.00 iters/s
step_00100 ✓ [ 100% ] 000/020 VUs    30s        100.00 iters/s
step_00150 ✓ [ 100% ] 000/030 VUs    30s        150.00 iters/s
step_00200 ✓ [ 100% ] 000/040 VUs    30s        200.00 iters/s
step_00250 ✓ [ 100% ] 000/050 VUs    30s        250.00 iters/s
step_00300 ✓ [ 100% ] 000/064 VUs    30s        300.00 iters/s
step_00350 ✓ [ 100% ] 0000/0070 VUs  30s        350.00 iters/s
step_00400   [   7% ] 0005/0080 VUs  02.0s/30s  400.00 iters/s
step_00450 • [   0% ] waiting        0m28.0s   
step_00500 • [   0% ] waiting        0m58.0s   
step_00550 • [   0% ] waiting        1m28.0s   
step_00600 • [   0% ] waiting        1m58.0s   
step_00650 • [   0% ] waiting        2m28.0s   
step_00700 • [   0% ] waiting        2m58.0s   
step_00750 • [   0% ] waiting        3m28.0s   
step_00800 • [   0% ] waiting        3m58.0s   
step_00850 • [   0% ] waiting        4m28.0s   
step_00900 • [   0% ] waiting        4m58.0s   
step_00950 • [   0% ] waiting        5m28.0s   
step_01000 • [   0% ] waiting        5m58.0s   

running (03m33.0s), 0001/0394 VUs, 43182 complete and 0 interrupted iterations
step_00050 ✓ [ 100% ] 000/020 VUs    30s        50.00 iters/s
step_00100 ✓ [ 100% ] 000/020 VUs    30s        100.00 iters/s
step_00150 ✓ [ 100% ] 000/030 VUs    30s        150.00 iters/s
step_00200 ✓ [ 100% ] 000/040 VUs    30s        200.00 iters/s
step_00250 ✓ [ 100% ] 000/050 VUs    30s        250.00 iters/s
step_00300 ✓ [ 100% ] 000/064 VUs    30s        300.00 iters/s
step_00350 ✓ [ 100% ] 0000/0070 VUs  30s        350.00 iters/s
step_00400   [  10% ] 0001/0080 VUs  03.0s/30s  400.00 iters/s
step_00450 • [   0% ] waiting        0m27.0s   
step_00500 • [   0% ] waiting        0m57.0s   
step_00550 • [   0% ] waiting        1m27.0s   
step_00600 • [   0% ] waiting        1m57.0s   
step_00650 • [   0% ] waiting        2m27.0s   
step_00700 • [   0% ] waiting        2m57.0s   
step_00750 • [   0% ] waiting        3m27.0s   
step_00800 • [   0% ] waiting        3m57.0s   
step_00850 • [   0% ] waiting        4m27.0s   
step_00900 • [   0% ] waiting        4m57.0s   
step_00950 • [   0% ] waiting        5m27.0s   
step_01000 • [   0% ] waiting        5m57.0s   

running (03m34.0s), 0001/0394 VUs, 43582 complete and 0 interrupted iterations
step_00050 ✓ [ 100% ] 000/020 VUs    30s        50.00 iters/s
step_00100 ✓ [ 100% ] 000/020 VUs    30s        100.00 iters/s
step_00150 ✓ [ 100% ] 000/030 VUs    30s        150.00 iters/s
step_00200 ✓ [ 100% ] 000/040 VUs    30s        200.00 iters/s
step_00250 ✓ [ 100% ] 000/050 VUs    30s        250.00 iters/s
step_00300 ✓ [ 100% ] 000/064 VUs    30s        300.00 iters/s
step_00350 ✓ [ 100% ] 0000/0070 VUs  30s        350.00 iters/s
step_00400   [  13% ] 0001/0080 VUs  04.0s/30s  400.00 iters/s
step_00450 • [   0% ] waiting        0m26.0s   
step_00500 • [   0% ] waiting        0m56.0s   
step_00550 • [   0% ] waiting        1m26.0s   
step_00600 • [   0% ] waiting        1m56.0s   
step_00650 • [   0% ] waiting        2m26.0s   
step_00700 • [   0% ] waiting        2m56.0s   
step_00750 • [   0% ] waiting        3m26.0s   
step_00800 • [   0% ] waiting        3m56.0s   
step_00850 • [   0% ] waiting        4m26.0s   
step_00900 • [   0% ] waiting        4m56.0s   
step_00950 • [   0% ] waiting        5m26.0s   
step_01000 • [   0% ] waiting        5m56.0s   

running (03m35.0s), 0002/0394 VUs, 43981 complete and 0 interrupted iterations
step_00050 ✓ [ 100% ] 000/020 VUs    30s        50.00 iters/s
step_00100 ✓ [ 100% ] 000/020 VUs    30s        100.00 iters/s
step_00150 ✓ [ 100% ] 000/030 VUs    30s        150.00 iters/s
step_00200 ✓ [ 100% ] 000/040 VUs    30s        200.00 iters/s
step_00250 ✓ [ 100% ] 000/050 VUs    30s        250.00 iters/s
step_00300 ✓ [ 100% ] 000/064 VUs    30s        300.00 iters/s
step_00350 ✓ [ 100% ] 0000/0070 VUs  30s        350.00 iters/s
step_00400   [  17% ] 0002/0080 VUs  05.0s/30s  400.00 iters/s
step_00450 • [   0% ] waiting        0m25.0s   
step_00500 • [   0% ] waiting        0m55.0s   
step_00550 • [   0% ] waiting        1m25.0s   
step_00600 • [   0% ] waiting        1m55.0s   
step_00650 • [   0% ] waiting        2m25.0s   
step_00700 • [   0% ] waiting        2m55.0s   
step_00750 • [   0% ] waiting        3m25.0s   
step_00800 • [   0% ] waiting        3m55.0s   
step_00850 • [   0% ] waiting        4m25.0s   
step_00900 • [   0% ] waiting        4m55.0s   
step_00950 • [   0% ] waiting        5m25.0s   
step_01000 • [   0% ] waiting        5m55.0s   

running (03m36.0s), 0001/0394 VUs, 44382 complete and 0 interrupted iterations
step_00050 ✓ [ 100% ] 000/020 VUs    30s        50.00 iters/s
step_00100 ✓ [ 100% ] 000/020 VUs    30s        100.00 iters/s
step_00150 ✓ [ 100% ] 000/030 VUs    30s        150.00 iters/s
step_00200 ✓ [ 100% ] 000/040 VUs    30s        200.00 iters/s
step_00250 ✓ [ 100% ] 000/050 VUs    30s        250.00 iters/s
step_00300 ✓ [ 100% ] 000/064 VUs    30s        300.00 iters/s
step_00350 ✓ [ 100% ] 0000/0070 VUs  30s        350.00 iters/s
step_00400   [  20% ] 0001/0080 VUs  06.0s/30s  400.00 iters/s
step_00450 • [   0% ] waiting        0m24.0s   
step_00500 • [   0% ] waiting        0m54.0s   
step_00550 • [   0% ] waiting        1m24.0s   
step_00600 • [   0% ] waiting        1m54.0s   
step_00650 • [   0% ] waiting        2m24.0s   
step_00700 • [   0% ] waiting        2m54.0s   
step_00750 • [   0% ] waiting        3m24.0s   
step_00800 • [   0% ] waiting        3m54.0s   
step_00850 • [   0% ] waiting        4m24.0s   
step_00900 • [   0% ] waiting        4m54.0s   
step_00950 • [   0% ] waiting        5m24.0s   
step_01000 • [   0% ] waiting        5m54.0s   

running (03m37.0s), 0001/0394 VUs, 44782 complete and 0 interrupted iterations
step_00050 ✓ [ 100% ] 000/020 VUs    30s        50.00 iters/s
step_00100 ✓ [ 100% ] 000/020 VUs    30s        100.00 iters/s
step_00150 ✓ [ 100% ] 000/030 VUs    30s        150.00 iters/s
step_00200 ✓ [ 100% ] 000/040 VUs    30s        200.00 iters/s
step_00250 ✓ [ 100% ] 000/050 VUs    30s        250.00 iters/s
step_00300 ✓ [ 100% ] 000/064 VUs    30s        300.00 iters/s
step_00350 ✓ [ 100% ] 0000/0070 VUs  30s        350.00 iters/s
step_00400   [  23% ] 0001/0080 VUs  07.0s/30s  400.00 iters/s
step_00450 • [   0% ] waiting        0m23.0s   
step_00500 • [   0% ] waiting        0m53.0s   
step_00550 • [   0% ] waiting        1m23.0s   
step_00600 • [   0% ] waiting        1m53.0s   
step_00650 • [   0% ] waiting        2m23.0s   
step_00700 • [   0% ] waiting        2m53.0s   
step_00750 • [   0% ] waiting        3m23.0s   
step_00800 • [   0% ] waiting        3m53.0s   
step_00850 • [   0% ] waiting        4m23.0s   
step_00900 • [   0% ] waiting        4m53.0s   
step_00950 • [   0% ] waiting        5m23.0s   
step_01000 • [   0% ] waiting        5m53.0s   

running (03m38.0s), 0001/0394 VUs, 45182 complete and 0 interrupted iterations
step_00050 ✓ [ 100% ] 000/020 VUs    30s        50.00 iters/s
step_00100 ✓ [ 100% ] 000/020 VUs    30s        100.00 iters/s
step_00150 ✓ [ 100% ] 000/030 VUs    30s        150.00 iters/s
step_00200 ✓ [ 100% ] 000/040 VUs    30s        200.00 iters/s
step_00250 ✓ [ 100% ] 000/050 VUs    30s        250.00 iters/s
step_00300 ✓ [ 100% ] 000/064 VUs    30s        300.00 iters/s
step_00350 ✓ [ 100% ] 0000/0070 VUs  30s        350.00 iters/s
step_00400   [  27% ] 0001/0080 VUs  08.0s/30s  400.00 iters/s
step_00450 • [   0% ] waiting        0m22.0s   
step_00500 • [   0% ] waiting        0m52.0s   
step_00550 • [   0% ] waiting        1m22.0s   
step_00600 • [   0% ] waiting        1m52.0s   
step_00650 • [   0% ] waiting        2m22.0s   
step_00700 • [   0% ] waiting        2m52.0s   
step_00750 • [   0% ] waiting        3m22.0s   
step_00800 • [   0% ] waiting        3m52.0s   
step_00850 • [   0% ] waiting        4m22.0s   
step_00900 • [   0% ] waiting        4m52.0s   
step_00950 • [   0% ] waiting        5m22.0s   
step_01000 • [   0% ] waiting        5m52.0s   

running (03m39.0s), 0007/0394 VUs, 45576 complete and 0 interrupted iterations
step_00050 ✓ [ 100% ] 000/020 VUs    30s        50.00 iters/s
step_00100 ✓ [ 100% ] 000/020 VUs    30s        100.00 iters/s
step_00150 ✓ [ 100% ] 000/030 VUs    30s        150.00 iters/s
step_00200 ✓ [ 100% ] 000/040 VUs    30s        200.00 iters/s
step_00250 ✓ [ 100% ] 000/050 VUs    30s        250.00 iters/s
step_00300 ✓ [ 100% ] 000/064 VUs    30s        300.00 iters/s
step_00350 ✓ [ 100% ] 0000/0070 VUs  30s        350.00 iters/s
step_00400   [  30% ] 0007/0080 VUs  09.0s/30s  400.00 iters/s
step_00450 • [   0% ] waiting        0m21.0s   
step_00500 • [   0% ] waiting        0m51.0s   
step_00550 • [   0% ] waiting        1m21.0s   
step_00600 • [   0% ] waiting        1m51.0s   
step_00650 • [   0% ] waiting        2m21.0s   
step_00700 • [   0% ] waiting        2m51.0s   
step_00750 • [   0% ] waiting        3m21.0s   
step_00800 • [   0% ] waiting        3m51.0s   
step_00850 • [   0% ] waiting        4m21.0s   
step_00900 • [   0% ] waiting        4m51.0s   
step_00950 • [   0% ] waiting        5m21.0s   
step_01000 • [   0% ] waiting        5m51.0s   

running (03m40.0s), 0001/0394 VUs, 45982 complete and 0 interrupted iterations
step_00050 ✓ [ 100% ] 000/020 VUs    30s        50.00 iters/s
step_00100 ✓ [ 100% ] 000/020 VUs    30s        100.00 iters/s
step_00150 ✓ [ 100% ] 000/030 VUs    30s        150.00 iters/s
step_00200 ✓ [ 100% ] 000/040 VUs    30s        200.00 iters/s
step_00250 ✓ [ 100% ] 000/050 VUs    30s        250.00 iters/s
step_00300 ✓ [ 100% ] 000/064 VUs    30s        300.00 iters/s
step_00350 ✓ [ 100% ] 0000/0070 VUs  30s        350.00 iters/s
step_00400   [  33% ] 0001/0080 VUs  10.0s/30s  400.00 iters/s
step_00450 • [   0% ] waiting        0m20.0s   
step_00500 • [   0% ] waiting        0m50.0s   
step_00550 • [   0% ] waiting        1m20.0s   
step_00600 • [   0% ] waiting        1m50.0s   
step_00650 • [   0% ] waiting        2m20.0s   
step_00700 • [   0% ] waiting        2m50.0s   
step_00750 • [   0% ] waiting        3m20.0s   
step_00800 • [   0% ] waiting        3m50.0s   
step_00850 • [   0% ] waiting        4m20.0s   
step_00900 • [   0% ] waiting        4m50.0s   
step_00950 • [   0% ] waiting        5m20.0s   
step_01000 • [   0% ] waiting        5m50.0s   

running (03m41.0s), 0001/0394 VUs, 46382 complete and 0 interrupted iterations
step_00050 ✓ [ 100% ] 000/020 VUs    30s        50.00 iters/s
step_00100 ✓ [ 100% ] 000/020 VUs    30s        100.00 iters/s
step_00150 ✓ [ 100% ] 000/030 VUs    30s        150.00 iters/s
step_00200 ✓ [ 100% ] 000/040 VUs    30s        200.00 iters/s
step_00250 ✓ [ 100% ] 000/050 VUs    30s        250.00 iters/s
step_00300 ✓ [ 100% ] 000/064 VUs    30s        300.00 iters/s
step_00350 ✓ [ 100% ] 0000/0070 VUs  30s        350.00 iters/s
step_00400   [  37% ] 0001/0080 VUs  11.0s/30s  400.00 iters/s
step_00450 • [   0% ] waiting        0m19.0s   
step_00500 • [   0% ] waiting        0m49.0s   
step_00550 • [   0% ] waiting        1m19.0s   
step_00600 • [   0% ] waiting        1m49.0s   
step_00650 • [   0% ] waiting        2m19.0s   
step_00700 • [   0% ] waiting        2m49.0s   
step_00750 • [   0% ] waiting        3m19.0s   
step_00800 • [   0% ] waiting        3m49.0s   
step_00850 • [   0% ] waiting        4m19.0s   
step_00900 • [   0% ] waiting        4m49.0s   
step_00950 • [   0% ] waiting        5m19.0s   
step_01000 • [   0% ] waiting        5m49.0s   

running (03m42.0s), 0001/0394 VUs, 46782 complete and 0 interrupted iterations
step_00050 ✓ [ 100% ] 000/020 VUs    30s        50.00 iters/s
step_00100 ✓ [ 100% ] 000/020 VUs    30s        100.00 iters/s
step_00150 ✓ [ 100% ] 000/030 VUs    30s        150.00 iters/s
step_00200 ✓ [ 100% ] 000/040 VUs    30s        200.00 iters/s
step_00250 ✓ [ 100% ] 000/050 VUs    30s        250.00 iters/s
step_00300 ✓ [ 100% ] 000/064 VUs    30s        300.00 iters/s
step_00350 ✓ [ 100% ] 0000/0070 VUs  30s        350.00 iters/s
step_00400   [  40% ] 0001/0080 VUs  12.0s/30s  400.00 iters/s
step_00450 • [   0% ] waiting        0m18.0s   
step_00500 • [   0% ] waiting        0m48.0s   
step_00550 • [   0% ] waiting        1m18.0s   
step_00600 • [   0% ] waiting        1m48.0s   
step_00650 • [   0% ] waiting        2m18.0s   
step_00700 • [   0% ] waiting        2m48.0s   
step_00750 • [   0% ] waiting        3m18.0s   
step_00800 • [   0% ] waiting        3m48.0s   
step_00850 • [   0% ] waiting        4m18.0s   
step_00900 • [   0% ] waiting        4m48.0s   
step_00950 • [   0% ] waiting        5m18.0s   
step_01000 • [   0% ] waiting        5m48.0s   

running (03m43.0s), 0003/0394 VUs, 47178 complete and 0 interrupted iterations
step_00050 ✓ [ 100% ] 000/020 VUs    30s        50.00 iters/s
step_00100 ✓ [ 100% ] 000/020 VUs    30s        100.00 iters/s
step_00150 ✓ [ 100% ] 000/030 VUs    30s        150.00 iters/s
step_00200 ✓ [ 100% ] 000/040 VUs    30s        200.00 iters/s
step_00250 ✓ [ 100% ] 000/050 VUs    30s        250.00 iters/s
step_00300 ✓ [ 100% ] 000/064 VUs    30s        300.00 iters/s
step_00350 ✓ [ 100% ] 0000/0070 VUs  30s        350.00 iters/s
step_00400   [  43% ] 0003/0080 VUs  13.0s/30s  400.00 iters/s
step_00450 • [   0% ] waiting        0m17.0s   
step_00500 • [   0% ] waiting        0m47.0s   
step_00550 • [   0% ] waiting        1m17.0s   
step_00600 • [   0% ] waiting        1m47.0s   
step_00650 • [   0% ] waiting        2m17.0s   
step_00700 • [   0% ] waiting        2m47.0s   
step_00750 • [   0% ] waiting        3m17.0s   
step_00800 • [   0% ] waiting        3m47.0s   
step_00850 • [   0% ] waiting        4m17.0s   
step_00900 • [   0% ] waiting        4m47.0s   
step_00950 • [   0% ] waiting        5m17.0s   
step_01000 • [   0% ] waiting        5m47.0s   

running (03m44.0s), 0002/0394 VUs, 47581 complete and 0 interrupted iterations
step_00050 ✓ [ 100% ] 000/020 VUs    30s        50.00 iters/s
step_00100 ✓ [ 100% ] 000/020 VUs    30s        100.00 iters/s
step_00150 ✓ [ 100% ] 000/030 VUs    30s        150.00 iters/s
step_00200 ✓ [ 100% ] 000/040 VUs    30s        200.00 iters/s
step_00250 ✓ [ 100% ] 000/050 VUs    30s        250.00 iters/s
step_00300 ✓ [ 100% ] 000/064 VUs    30s        300.00 iters/s
step_00350 ✓ [ 100% ] 0000/0070 VUs  30s        350.00 iters/s
step_00400   [  47% ] 0002/0080 VUs  14.0s/30s  400.00 iters/s
step_00450 • [   0% ] waiting        0m16.0s   
step_00500 • [   0% ] waiting        0m46.0s   
step_00550 • [   0% ] waiting        1m16.0s   
step_00600 • [   0% ] waiting        1m46.0s   
step_00650 • [   0% ] waiting        2m16.0s   
step_00700 • [   0% ] waiting        2m46.0s   
step_00750 • [   0% ] waiting        3m16.0s   
step_00800 • [   0% ] waiting        3m46.0s   
step_00850 • [   0% ] waiting        4m16.0s   
step_00900 • [   0% ] waiting        4m46.0s   
step_00950 • [   0% ] waiting        5m16.0s   
step_01000 • [   0% ] waiting        5m46.0s   

running (03m45.0s), 0003/0394 VUs, 47980 complete and 0 interrupted iterations
step_00050 ✓ [ 100% ] 000/020 VUs    30s        50.00 iters/s
step_00100 ✓ [ 100% ] 000/020 VUs    30s        100.00 iters/s
step_00150 ✓ [ 100% ] 000/030 VUs    30s        150.00 iters/s
step_00200 ✓ [ 100% ] 000/040 VUs    30s        200.00 iters/s
step_00250 ✓ [ 100% ] 000/050 VUs    30s        250.00 iters/s
step_00300 ✓ [ 100% ] 000/064 VUs    30s        300.00 iters/s
step_00350 ✓ [ 100% ] 0000/0070 VUs  30s        350.00 iters/s
step_00400   [  50% ] 0003/0080 VUs  15.0s/30s  400.00 iters/s
step_00450 • [   0% ] waiting        0m15.0s   
step_00500 • [   0% ] waiting        0m45.0s   
step_00550 • [   0% ] waiting        1m15.0s   
step_00600 • [   0% ] waiting        1m45.0s   
step_00650 • [   0% ] waiting        2m15.0s   
step_00700 • [   0% ] waiting        2m45.0s   
step_00750 • [   0% ] waiting        3m15.0s   
step_00800 • [   0% ] waiting        3m45.0s   
step_00850 • [   0% ] waiting        4m15.0s   
step_00900 • [   0% ] waiting        4m45.0s   
step_00950 • [   0% ] waiting        5m15.0s   
step_01000 • [   0% ] waiting        5m45.0s   

running (03m46.0s), 0004/0394 VUs, 48379 complete and 0 interrupted iterations
step_00050 ✓ [ 100% ] 000/020 VUs    30s        50.00 iters/s
step_00100 ✓ [ 100% ] 000/020 VUs    30s        100.00 iters/s
step_00150 ✓ [ 100% ] 000/030 VUs    30s        150.00 iters/s
step_00200 ✓ [ 100% ] 000/040 VUs    30s        200.00 iters/s
step_00250 ✓ [ 100% ] 000/050 VUs    30s        250.00 iters/s
step_00300 ✓ [ 100% ] 000/064 VUs    30s        300.00 iters/s
step_00350 ✓ [ 100% ] 0000/0070 VUs  30s        350.00 iters/s
step_00400   [  53% ] 0004/0080 VUs  16.0s/30s  400.00 iters/s
step_00450 • [   0% ] waiting        0m14.0s   
step_00500 • [   0% ] waiting        0m44.0s   
step_00550 • [   0% ] waiting        1m14.0s   
step_00600 • [   0% ] waiting        1m44.0s   
step_00650 • [   0% ] waiting        2m14.0s   
step_00700 • [   0% ] waiting        2m44.0s   
step_00750 • [   0% ] waiting        3m14.0s   
step_00800 • [   0% ] waiting        3m44.0s   
step_00850 • [   0% ] waiting        4m14.0s   
step_00900 • [   0% ] waiting        4m44.0s   
step_00950 • [   0% ] waiting        5m14.0s   
step_01000 • [   0% ] waiting        5m44.0s   

running (03m47.0s), 0003/0394 VUs, 48780 complete and 0 interrupted iterations
step_00050 ✓ [ 100% ] 000/020 VUs    30s        50.00 iters/s
step_00100 ✓ [ 100% ] 000/020 VUs    30s        100.00 iters/s
step_00150 ✓ [ 100% ] 000/030 VUs    30s        150.00 iters/s
step_00200 ✓ [ 100% ] 000/040 VUs    30s        200.00 iters/s
step_00250 ✓ [ 100% ] 000/050 VUs    30s        250.00 iters/s
step_00300 ✓ [ 100% ] 000/064 VUs    30s        300.00 iters/s
step_00350 ✓ [ 100% ] 0000/0070 VUs  30s        350.00 iters/s
step_00400   [  57% ] 0003/0080 VUs  17.0s/30s  400.00 iters/s
step_00450 • [   0% ] waiting        0m13.0s   
step_00500 • [   0% ] waiting        0m43.0s   
step_00550 • [   0% ] waiting        1m13.0s   
step_00600 • [   0% ] waiting        1m43.0s   
step_00650 • [   0% ] waiting        2m13.0s   
step_00700 • [   0% ] waiting        2m43.0s   
step_00750 • [   0% ] waiting        3m13.0s   
step_00800 • [   0% ] waiting        3m43.0s   
step_00850 • [   0% ] waiting        4m13.0s   
step_00900 • [   0% ] waiting        4m43.0s   
step_00950 • [   0% ] waiting        5m13.0s   
step_01000 • [   0% ] waiting        5m43.0s   

running (03m48.0s), 0002/0394 VUs, 49181 complete and 0 interrupted iterations
step_00050 ✓ [ 100% ] 000/020 VUs    30s        50.00 iters/s
step_00100 ✓ [ 100% ] 000/020 VUs    30s        100.00 iters/s
step_00150 ✓ [ 100% ] 000/030 VUs    30s        150.00 iters/s
step_00200 ✓ [ 100% ] 000/040 VUs    30s        200.00 iters/s
step_00250 ✓ [ 100% ] 000/050 VUs    30s        250.00 iters/s
step_00300 ✓ [ 100% ] 000/064 VUs    30s        300.00 iters/s
step_00350 ✓ [ 100% ] 0000/0070 VUs  30s        350.00 iters/s
step_00400   [  60% ] 0002/0080 VUs  18.0s/30s  400.00 iters/s
step_00450 • [   0% ] waiting        0m12.0s   
step_00500 • [   0% ] waiting        0m42.0s   
step_00550 • [   0% ] waiting        1m12.0s   
step_00600 • [   0% ] waiting        1m42.0s   
step_00650 • [   0% ] waiting        2m12.0s   
step_00700 • [   0% ] waiting        2m42.0s   
step_00750 • [   0% ] waiting        3m12.0s   
step_00800 • [   0% ] waiting        3m42.0s   
step_00850 • [   0% ] waiting        4m12.0s   
step_00900 • [   0% ] waiting        4m42.0s   
step_00950 • [   0% ] waiting        5m12.0s   
step_01000 • [   0% ] waiting        5m42.0s   

running (03m49.0s), 0001/0394 VUs, 49582 complete and 0 interrupted iterations
step_00050 ✓ [ 100% ] 000/020 VUs    30s        50.00 iters/s
step_00100 ✓ [ 100% ] 000/020 VUs    30s        100.00 iters/s
step_00150 ✓ [ 100% ] 000/030 VUs    30s        150.00 iters/s
step_00200 ✓ [ 100% ] 000/040 VUs    30s        200.00 iters/s
step_00250 ✓ [ 100% ] 000/050 VUs    30s        250.00 iters/s
step_00300 ✓ [ 100% ] 000/064 VUs    30s        300.00 iters/s
step_00350 ✓ [ 100% ] 0000/0070 VUs  30s        350.00 iters/s
step_00400   [  63% ] 0001/0080 VUs  19.0s/30s  400.00 iters/s
step_00450 • [   0% ] waiting        0m11.0s   
step_00500 • [   0% ] waiting        0m41.0s   
step_00550 • [   0% ] waiting        1m11.0s   
step_00600 • [   0% ] waiting        1m41.0s   
step_00650 • [   0% ] waiting        2m11.0s   
step_00700 • [   0% ] waiting        2m41.0s   
step_00750 • [   0% ] waiting        3m11.0s   
step_00800 • [   0% ] waiting        3m41.0s   
step_00850 • [   0% ] waiting        4m11.0s   
step_00900 • [   0% ] waiting        4m41.0s   
step_00950 • [   0% ] waiting        5m11.0s   
step_01000 • [   0% ] waiting        5m41.0s   

running (03m50.0s), 0003/0394 VUs, 49980 complete and 0 interrupted iterations
step_00050 ✓ [ 100% ] 000/020 VUs    30s        50.00 iters/s
step_00100 ✓ [ 100% ] 000/020 VUs    30s        100.00 iters/s
step_00150 ✓ [ 100% ] 000/030 VUs    30s        150.00 iters/s
step_00200 ✓ [ 100% ] 000/040 VUs    30s        200.00 iters/s
step_00250 ✓ [ 100% ] 000/050 VUs    30s        250.00 iters/s
step_00300 ✓ [ 100% ] 000/064 VUs    30s        300.00 iters/s
step_00350 ✓ [ 100% ] 0000/0070 VUs  30s        350.00 iters/s
step_00400   [  67% ] 0003/0080 VUs  20.0s/30s  400.00 iters/s
step_00450 • [   0% ] waiting        0m10.0s   
step_00500 • [   0% ] waiting        0m40.0s   
step_00550 • [   0% ] waiting        1m10.0s   
step_00600 • [   0% ] waiting        1m40.0s   
step_00650 • [   0% ] waiting        2m10.0s   
step_00700 • [   0% ] waiting        2m40.0s   
step_00750 • [   0% ] waiting        3m10.0s   
step_00800 • [   0% ] waiting        3m40.0s   
step_00850 • [   0% ] waiting        4m10.0s   
step_00900 • [   0% ] waiting        4m40.0s   
step_00950 • [   0% ] waiting        5m10.0s   
step_01000 • [   0% ] waiting        5m40.0s   

running (03m51.0s), 0001/0394 VUs, 50382 complete and 0 interrupted iterations
step_00050 ✓ [ 100% ] 000/020 VUs    30s        50.00 iters/s
step_00100 ✓ [ 100% ] 000/020 VUs    30s        100.00 iters/s
step_00150 ✓ [ 100% ] 000/030 VUs    30s        150.00 iters/s
step_00200 ✓ [ 100% ] 000/040 VUs    30s        200.00 iters/s
step_00250 ✓ [ 100% ] 000/050 VUs    30s        250.00 iters/s
step_00300 ✓ [ 100% ] 000/064 VUs    30s        300.00 iters/s
step_00350 ✓ [ 100% ] 0000/0070 VUs  30s        350.00 iters/s
step_00400   [  70% ] 0001/0080 VUs  21.0s/30s  400.00 iters/s
step_00450 • [   0% ] waiting        0m09.0s   
step_00500 • [   0% ] waiting        0m39.0s   
step_00550 • [   0% ] waiting        1m09.0s   
step_00600 • [   0% ] waiting        1m39.0s   
step_00650 • [   0% ] waiting        2m09.0s   
step_00700 • [   0% ] waiting        2m39.0s   
step_00750 • [   0% ] waiting        3m09.0s   
step_00800 • [   0% ] waiting        3m39.0s   
step_00850 • [   0% ] waiting        4m09.0s   
step_00900 • [   0% ] waiting        4m39.0s   
step_00950 • [   0% ] waiting        5m09.0s   
step_01000 • [   0% ] waiting        5m39.0s   

running (03m52.0s), 0003/0394 VUs, 50780 complete and 0 interrupted iterations
step_00050 ✓ [ 100% ] 000/020 VUs    30s        50.00 iters/s
step_00100 ✓ [ 100% ] 000/020 VUs    30s        100.00 iters/s
step_00150 ✓ [ 100% ] 000/030 VUs    30s        150.00 iters/s
step_00200 ✓ [ 100% ] 000/040 VUs    30s        200.00 iters/s
step_00250 ✓ [ 100% ] 000/050 VUs    30s        250.00 iters/s
step_00300 ✓ [ 100% ] 000/064 VUs    30s        300.00 iters/s
step_00350 ✓ [ 100% ] 0000/0070 VUs  30s        350.00 iters/s
step_00400   [  73% ] 0003/0080 VUs  22.0s/30s  400.00 iters/s
step_00450 • [   0% ] waiting        0m08.0s   
step_00500 • [   0% ] waiting        0m38.0s   
step_00550 • [   0% ] waiting        1m08.0s   
step_00600 • [   0% ] waiting        1m38.0s   
step_00650 • [   0% ] waiting        2m08.0s   
step_00700 • [   0% ] waiting        2m38.0s   
step_00750 • [   0% ] waiting        3m08.0s   
step_00800 • [   0% ] waiting        3m38.0s   
step_00850 • [   0% ] waiting        4m08.0s   
step_00900 • [   0% ] waiting        4m38.0s   
step_00950 • [   0% ] waiting        5m08.0s   
step_01000 • [   0% ] waiting        5m38.0s   

running (03m53.0s), 0004/0394 VUs, 51179 complete and 0 interrupted iterations
step_00050 ✓ [ 100% ] 000/020 VUs    30s        50.00 iters/s
step_00100 ✓ [ 100% ] 000/020 VUs    30s        100.00 iters/s
step_00150 ✓ [ 100% ] 000/030 VUs    30s        150.00 iters/s
step_00200 ✓ [ 100% ] 000/040 VUs    30s        200.00 iters/s
step_00250 ✓ [ 100% ] 000/050 VUs    30s        250.00 iters/s
step_00300 ✓ [ 100% ] 000/064 VUs    30s        300.00 iters/s
step_00350 ✓ [ 100% ] 0000/0070 VUs  30s        350.00 iters/s
step_00400   [  77% ] 0004/0080 VUs  23.0s/30s  400.00 iters/s
step_00450 • [   0% ] waiting        0m07.0s   
step_00500 • [   0% ] waiting        0m37.0s   
step_00550 • [   0% ] waiting        1m07.0s   
step_00600 • [   0% ] waiting        1m37.0s   
step_00650 • [   0% ] waiting        2m07.0s   
step_00700 • [   0% ] waiting        2m37.0s   
step_00750 • [   0% ] waiting        3m07.0s   
step_00800 • [   0% ] waiting        3m37.0s   
step_00850 • [   0% ] waiting        4m07.0s   
step_00900 • [   0% ] waiting        4m37.0s   
step_00950 • [   0% ] waiting        5m07.0s   
step_01000 • [   0% ] waiting        5m37.0s   

running (03m54.0s), 0002/0394 VUs, 51581 complete and 0 interrupted iterations
step_00050 ✓ [ 100% ] 000/020 VUs    30s        50.00 iters/s
step_00100 ✓ [ 100% ] 000/020 VUs    30s        100.00 iters/s
step_00150 ✓ [ 100% ] 000/030 VUs    30s        150.00 iters/s
step_00200 ✓ [ 100% ] 000/040 VUs    30s        200.00 iters/s
step_00250 ✓ [ 100% ] 000/050 VUs    30s        250.00 iters/s
step_00300 ✓ [ 100% ] 000/064 VUs    30s        300.00 iters/s
step_00350 ✓ [ 100% ] 0000/0070 VUs  30s        350.00 iters/s
step_00400   [  80% ] 0002/0080 VUs  24.0s/30s  400.00 iters/s
step_00450 • [   0% ] waiting        0m06.0s   
step_00500 • [   0% ] waiting        0m36.0s   
step_00550 • [   0% ] waiting        1m06.0s   
step_00600 • [   0% ] waiting        1m36.0s   
step_00650 • [   0% ] waiting        2m06.0s   
step_00700 • [   0% ] waiting        2m36.0s   
step_00750 • [   0% ] waiting        3m06.0s   
step_00800 • [   0% ] waiting        3m36.0s   
step_00850 • [   0% ] waiting        4m06.0s   
step_00900 • [   0% ] waiting        4m36.0s   
step_00950 • [   0% ] waiting        5m06.0s   
step_01000 • [   0% ] waiting        5m36.0s   

running (03m55.0s), 0001/0394 VUs, 51982 complete and 0 interrupted iterations
step_00050 ✓ [ 100% ] 000/020 VUs    30s        50.00 iters/s
step_00100 ✓ [ 100% ] 000/020 VUs    30s        100.00 iters/s
step_00150 ✓ [ 100% ] 000/030 VUs    30s        150.00 iters/s
step_00200 ✓ [ 100% ] 000/040 VUs    30s        200.00 iters/s
step_00250 ✓ [ 100% ] 000/050 VUs    30s        250.00 iters/s
step_00300 ✓ [ 100% ] 000/064 VUs    30s        300.00 iters/s
step_00350 ✓ [ 100% ] 0000/0070 VUs  30s        350.00 iters/s
step_00400   [  83% ] 0001/0080 VUs  25.0s/30s  400.00 iters/s
step_00450 • [   0% ] waiting        0m05.0s   
step_00500 • [   0% ] waiting        0m35.0s   
step_00550 • [   0% ] waiting        1m05.0s   
step_00600 • [   0% ] waiting        1m35.0s   
step_00650 • [   0% ] waiting        2m05.0s   
step_00700 • [   0% ] waiting        2m35.0s   
step_00750 • [   0% ] waiting        3m05.0s   
step_00800 • [   0% ] waiting        3m35.0s   
step_00850 • [   0% ] waiting        4m05.0s   
step_00900 • [   0% ] waiting        4m35.0s   
step_00950 • [   0% ] waiting        5m05.0s   
step_01000 • [   0% ] waiting        5m35.0s   

running (03m56.0s), 0001/0394 VUs, 52382 complete and 0 interrupted iterations
step_00050 ✓ [ 100% ] 000/020 VUs    30s        50.00 iters/s
step_00100 ✓ [ 100% ] 000/020 VUs    30s        100.00 iters/s
step_00150 ✓ [ 100% ] 000/030 VUs    30s        150.00 iters/s
step_00200 ✓ [ 100% ] 000/040 VUs    30s        200.00 iters/s
step_00250 ✓ [ 100% ] 000/050 VUs    30s        250.00 iters/s
step_00300 ✓ [ 100% ] 000/064 VUs    30s        300.00 iters/s
step_00350 ✓ [ 100% ] 0000/0070 VUs  30s        350.00 iters/s
step_00400   [  87% ] 0001/0080 VUs  26.0s/30s  400.00 iters/s
step_00450 • [   0% ] waiting        0m04.0s   
step_00500 • [   0% ] waiting        0m34.0s   
step_00550 • [   0% ] waiting        1m04.0s   
step_00600 • [   0% ] waiting        1m34.0s   
step_00650 • [   0% ] waiting        2m04.0s   
step_00700 • [   0% ] waiting        2m34.0s   
step_00750 • [   0% ] waiting        3m04.0s   
step_00800 • [   0% ] waiting        3m34.0s   
step_00850 • [   0% ] waiting        4m04.0s   
step_00900 • [   0% ] waiting        4m34.0s   
step_00950 • [   0% ] waiting        5m04.0s   
step_01000 • [   0% ] waiting        5m34.0s   

running (03m57.0s), 0004/0394 VUs, 52779 complete and 0 interrupted iterations
step_00050 ✓ [ 100% ] 000/020 VUs    30s        50.00 iters/s
step_00100 ✓ [ 100% ] 000/020 VUs    30s        100.00 iters/s
step_00150 ✓ [ 100% ] 000/030 VUs    30s        150.00 iters/s
step_00200 ✓ [ 100% ] 000/040 VUs    30s        200.00 iters/s
step_00250 ✓ [ 100% ] 000/050 VUs    30s        250.00 iters/s
step_00300 ✓ [ 100% ] 000/064 VUs    30s        300.00 iters/s
step_00350 ✓ [ 100% ] 0000/0070 VUs  30s        350.00 iters/s
step_00400   [  90% ] 0004/0080 VUs  27.0s/30s  400.00 iters/s
step_00450 • [   0% ] waiting        0m03.0s   
step_00500 • [   0% ] waiting        0m33.0s   
step_00550 • [   0% ] waiting        1m03.0s   
step_00600 • [   0% ] waiting        1m33.0s   
step_00650 • [   0% ] waiting        2m03.0s   
step_00700 • [   0% ] waiting        2m33.0s   
step_00750 • [   0% ] waiting        3m03.0s   
step_00800 • [   0% ] waiting        3m33.0s   
step_00850 • [   0% ] waiting        4m03.0s   
step_00900 • [   0% ] waiting        4m33.0s   
step_00950 • [   0% ] waiting        5m03.0s   
step_01000 • [   0% ] waiting        5m33.0s   

running (03m58.0s), 0002/0394 VUs, 53181 complete and 0 interrupted iterations
step_00050 ✓ [ 100% ] 000/020 VUs    30s        50.00 iters/s
step_00100 ✓ [ 100% ] 000/020 VUs    30s        100.00 iters/s
step_00150 ✓ [ 100% ] 000/030 VUs    30s        150.00 iters/s
step_00200 ✓ [ 100% ] 000/040 VUs    30s        200.00 iters/s
step_00250 ✓ [ 100% ] 000/050 VUs    30s        250.00 iters/s
step_00300 ✓ [ 100% ] 000/064 VUs    30s        300.00 iters/s
step_00350 ✓ [ 100% ] 0000/0070 VUs  30s        350.00 iters/s
step_00400   [  93% ] 0002/0080 VUs  28.0s/30s  400.00 iters/s
step_00450 • [   0% ] waiting        0m02.0s   
step_00500 • [   0% ] waiting        0m32.0s   
step_00550 • [   0% ] waiting        1m02.0s   
step_00600 • [   0% ] waiting        1m32.0s   
step_00650 • [   0% ] waiting        2m02.0s   
step_00700 • [   0% ] waiting        2m32.0s   
step_00750 • [   0% ] waiting        3m02.0s   
step_00800 • [   0% ] waiting        3m32.0s   
step_00850 • [   0% ] waiting        4m02.0s   
step_00900 • [   0% ] waiting        4m32.0s   
step_00950 • [   0% ] waiting        5m02.0s   
step_01000 • [   0% ] waiting        5m32.0s   

running (03m59.0s), 0002/0394 VUs, 53581 complete and 0 interrupted iterations
step_00050 ✓ [ 100% ] 000/020 VUs    30s        50.00 iters/s
step_00100 ✓ [ 100% ] 000/020 VUs    30s        100.00 iters/s
step_00150 ✓ [ 100% ] 000/030 VUs    30s        150.00 iters/s
step_00200 ✓ [ 100% ] 000/040 VUs    30s        200.00 iters/s
step_00250 ✓ [ 100% ] 000/050 VUs    30s        250.00 iters/s
step_00300 ✓ [ 100% ] 000/064 VUs    30s        300.00 iters/s
step_00350 ✓ [ 100% ] 0000/0070 VUs  30s        350.00 iters/s
step_00400   [  97% ] 0002/0080 VUs  29.0s/30s  400.00 iters/s
step_00450 • [   0% ] waiting        0m01.0s   
step_00500 • [   0% ] waiting        0m31.0s   
step_00550 • [   0% ] waiting        1m01.0s   
step_00600 • [   0% ] waiting        1m31.0s   
step_00650 • [   0% ] waiting        2m01.0s   
step_00700 • [   0% ] waiting        2m31.0s   
step_00750 • [   0% ] waiting        3m01.0s   
step_00800 • [   0% ] waiting        3m31.0s   
step_00850 • [   0% ] waiting        4m01.0s   
step_00900 • [   0% ] waiting        4m31.0s   
step_00950 • [   0% ] waiting        5m01.0s   
step_01000 • [   0% ] waiting        5m31.0s   

running (04m00.0s), 0001/0394 VUs, 53982 complete and 0 interrupted iterations
step_00050 ✓ [ 100% ] 000/020 VUs    30s        50.00 iters/s
step_00100 ✓ [ 100% ] 000/020 VUs    30s        100.00 iters/s
step_00150 ✓ [ 100% ] 000/030 VUs    30s        150.00 iters/s
step_00200 ✓ [ 100% ] 000/040 VUs    30s        200.00 iters/s
step_00250 ✓ [ 100% ] 000/050 VUs    30s        250.00 iters/s
step_00300 ✓ [ 100% ] 000/064 VUs    30s        300.00 iters/s
step_00350 ✓ [ 100% ] 0000/0070 VUs  30s        350.00 iters/s
step_00400   [ 100% ] 0001/0080 VUs  30.0s/30s  400.00 iters/s
step_00450 • [   0% ] waiting        0m00.0s   
step_00500 • [   0% ] waiting        0m30.0s   
step_00550 • [   0% ] waiting        1m00.0s   
step_00600 • [   0% ] waiting        1m30.0s   
step_00650 • [   0% ] waiting        2m00.0s   
step_00700 • [   0% ] waiting        2m30.0s   
step_00750 • [   0% ] waiting        3m00.0s   
step_00800 • [   0% ] waiting        3m30.0s   
step_00850 • [   0% ] waiting        4m00.0s   
step_00900 • [   0% ] waiting        4m30.0s   
step_00950 • [   0% ] waiting        5m00.0s   
step_01000 • [   0% ] waiting        5m30.0s   

running (04m01.0s), 0001/0394 VUs, 54431 complete and 0 interrupted iterations
step_00050 ✓ [ 100% ] 000/020 VUs    30s        50.00 iters/s
step_00100 ✓ [ 100% ] 000/020 VUs    30s        100.00 iters/s
step_00150 ✓ [ 100% ] 000/030 VUs    30s        150.00 iters/s
step_00200 ✓ [ 100% ] 000/040 VUs    30s        200.00 iters/s
step_00250 ✓ [ 100% ] 000/050 VUs    30s        250.00 iters/s
step_00300 ✓ [ 100% ] 000/064 VUs    30s        300.00 iters/s
step_00350 ✓ [ 100% ] 0000/0070 VUs  30s        350.00 iters/s
step_00400 ✓ [ 100% ] 0000/0080 VUs  30s        400.00 iters/s
step_00450   [   3% ] 0001/0090 VUs  01.0s/30s  450.00 iters/s
step_00500 • [   0% ] waiting        0m29.0s   
step_00550 • [   0% ] waiting        0m59.0s   
step_00600 • [   0% ] waiting        1m29.0s   
step_00650 • [   0% ] waiting        1m59.0s   
step_00700 • [   0% ] waiting        2m29.0s   
step_00750 • [   0% ] waiting        2m59.0s   
step_00800 • [   0% ] waiting        3m29.0s   
step_00850 • [   0% ] waiting        3m59.0s   
step_00900 • [   0% ] waiting        4m29.0s   
step_00950 • [   0% ] waiting        4m59.0s   
step_01000 • [   0% ] waiting        5m29.0s   

running (04m02.0s), 0001/0394 VUs, 54881 complete and 0 interrupted iterations
step_00050 ✓ [ 100% ] 000/020 VUs    30s        50.00 iters/s
step_00100 ✓ [ 100% ] 000/020 VUs    30s        100.00 iters/s
step_00150 ✓ [ 100% ] 000/030 VUs    30s        150.00 iters/s
step_00200 ✓ [ 100% ] 000/040 VUs    30s        200.00 iters/s
step_00250 ✓ [ 100% ] 000/050 VUs    30s        250.00 iters/s
step_00300 ✓ [ 100% ] 000/064 VUs    30s        300.00 iters/s
step_00350 ✓ [ 100% ] 0000/0070 VUs  30s        350.00 iters/s
step_00400 ✓ [ 100% ] 0000/0080 VUs  30s        400.00 iters/s
step_00450   [   7% ] 0001/0090 VUs  02.0s/30s  450.00 iters/s
step_00500 • [   0% ] waiting        0m28.0s   
step_00550 • [   0% ] waiting        0m58.0s   
step_00600 • [   0% ] waiting        1m28.0s   
step_00650 • [   0% ] waiting        1m58.0s   
step_00700 • [   0% ] waiting        2m28.0s   
step_00750 • [   0% ] waiting        2m58.0s   
step_00800 • [   0% ] waiting        3m28.0s   
step_00850 • [   0% ] waiting        3m58.0s   
step_00900 • [   0% ] waiting        4m28.0s   
step_00950 • [   0% ] waiting        4m58.0s   
step_01000 • [   0% ] waiting        5m28.0s   

running (04m03.0s), 0000/0394 VUs, 55331 complete and 0 interrupted iterations
step_00050 ✓ [ 100% ] 000/020 VUs    30s        50.00 iters/s
step_00100 ✓ [ 100% ] 000/020 VUs    30s        100.00 iters/s
step_00150 ✓ [ 100% ] 000/030 VUs    30s        150.00 iters/s
step_00200 ✓ [ 100% ] 000/040 VUs    30s        200.00 iters/s
step_00250 ✓ [ 100% ] 000/050 VUs    30s        250.00 iters/s
step_00300 ✓ [ 100% ] 000/064 VUs    30s        300.00 iters/s
step_00350 ✓ [ 100% ] 0000/0070 VUs  30s        350.00 iters/s
step_00400 ✓ [ 100% ] 0000/0080 VUs  30s        400.00 iters/s
step_00450   [  10% ] 0000/0090 VUs  03.0s/30s  450.00 iters/s
step_00500 • [   0% ] waiting        0m27.0s   
step_00550 • [   0% ] waiting        0m57.0s   
step_00600 • [   0% ] waiting        1m27.0s   
step_00650 • [   0% ] waiting        1m57.0s   
step_00700 • [   0% ] waiting        2m27.0s   
step_00750 • [   0% ] waiting        2m57.0s   
step_00800 • [   0% ] waiting        3m27.0s   
step_00850 • [   0% ] waiting        3m57.0s   
step_00900 • [   0% ] waiting        4m27.0s   
step_00950 • [   0% ] waiting        4m57.0s   
step_01000 • [   0% ] waiting        5m27.0s   

running (04m04.0s), 0000/0394 VUs, 55781 complete and 0 interrupted iterations
step_00050 ✓ [ 100% ] 000/020 VUs    30s        50.00 iters/s
step_00100 ✓ [ 100% ] 000/020 VUs    30s        100.00 iters/s
step_00150 ✓ [ 100% ] 000/030 VUs    30s        150.00 iters/s
step_00200 ✓ [ 100% ] 000/040 VUs    30s        200.00 iters/s
step_00250 ✓ [ 100% ] 000/050 VUs    30s        250.00 iters/s
step_00300 ✓ [ 100% ] 000/064 VUs    30s        300.00 iters/s
step_00350 ✓ [ 100% ] 0000/0070 VUs  30s        350.00 iters/s
step_00400 ✓ [ 100% ] 0000/0080 VUs  30s        400.00 iters/s
step_00450   [  13% ] 0000/0090 VUs  04.0s/30s  450.00 iters/s
step_00500 • [   0% ] waiting        0m26.0s   
step_00550 • [   0% ] waiting        0m56.0s   
step_00600 • [   0% ] waiting        1m26.0s   
step_00650 • [   0% ] waiting        1m56.0s   
step_00700 • [   0% ] waiting        2m26.0s   
step_00750 • [   0% ] waiting        2m56.0s   
step_00800 • [   0% ] waiting        3m26.0s   
step_00850 • [   0% ] waiting        3m56.0s   
step_00900 • [   0% ] waiting        4m26.0s   
step_00950 • [   0% ] waiting        4m56.0s   
step_01000 • [   0% ] waiting        5m26.0s   

running (04m05.0s), 0002/0394 VUs, 56229 complete and 0 interrupted iterations
step_00050 ✓ [ 100% ] 000/020 VUs    30s        50.00 iters/s
step_00100 ✓ [ 100% ] 000/020 VUs    30s        100.00 iters/s
step_00150 ✓ [ 100% ] 000/030 VUs    30s        150.00 iters/s
step_00200 ✓ [ 100% ] 000/040 VUs    30s        200.00 iters/s
step_00250 ✓ [ 100% ] 000/050 VUs    30s        250.00 iters/s
step_00300 ✓ [ 100% ] 000/064 VUs    30s        300.00 iters/s
step_00350 ✓ [ 100% ] 0000/0070 VUs  30s        350.00 iters/s
step_00400 ✓ [ 100% ] 0000/0080 VUs  30s        400.00 iters/s
step_00450   [  17% ] 0002/0090 VUs  05.0s/30s  450.00 iters/s
step_00500 • [   0% ] waiting        0m25.0s   
step_00550 • [   0% ] waiting        0m55.0s   
step_00600 • [   0% ] waiting        1m25.0s   
step_00650 • [   0% ] waiting        1m55.0s   
step_00700 • [   0% ] waiting        2m25.0s   
step_00750 • [   0% ] waiting        2m55.0s   
step_00800 • [   0% ] waiting        3m25.0s   
step_00850 • [   0% ] waiting        3m55.0s   
step_00900 • [   0% ] waiting        4m25.0s   
step_00950 • [   0% ] waiting        4m55.0s   
step_01000 • [   0% ] waiting        5m25.0s   

running (04m06.0s), 0001/0394 VUs, 56680 complete and 0 interrupted iterations
step_00050 ✓ [ 100% ] 000/020 VUs    30s        50.00 iters/s
step_00100 ✓ [ 100% ] 000/020 VUs    30s        100.00 iters/s
step_00150 ✓ [ 100% ] 000/030 VUs    30s        150.00 iters/s
step_00200 ✓ [ 100% ] 000/040 VUs    30s        200.00 iters/s
step_00250 ✓ [ 100% ] 000/050 VUs    30s        250.00 iters/s
step_00300 ✓ [ 100% ] 000/064 VUs    30s        300.00 iters/s
step_00350 ✓ [ 100% ] 0000/0070 VUs  30s        350.00 iters/s
step_00400 ✓ [ 100% ] 0000/0080 VUs  30s        400.00 iters/s
step_00450   [  20% ] 0001/0090 VUs  06.0s/30s  450.00 iters/s
step_00500 • [   0% ] waiting        0m24.0s   
step_00550 • [   0% ] waiting        0m54.0s   
step_00600 • [   0% ] waiting        1m24.0s   
step_00650 • [   0% ] waiting        1m54.0s   
step_00700 • [   0% ] waiting        2m24.0s   
step_00750 • [   0% ] waiting        2m54.0s   
step_00800 • [   0% ] waiting        3m24.0s   
step_00850 • [   0% ] waiting        3m54.0s   
step_00900 • [   0% ] waiting        4m24.0s   
step_00950 • [   0% ] waiting        4m54.0s   
step_01000 • [   0% ] waiting        5m24.0s   

running (04m07.0s), 0002/0394 VUs, 57130 complete and 0 interrupted iterations
step_00050 ✓ [ 100% ] 000/020 VUs    30s        50.00 iters/s
step_00100 ✓ [ 100% ] 000/020 VUs    30s        100.00 iters/s
step_00150 ✓ [ 100% ] 000/030 VUs    30s        150.00 iters/s
step_00200 ✓ [ 100% ] 000/040 VUs    30s        200.00 iters/s
step_00250 ✓ [ 100% ] 000/050 VUs    30s        250.00 iters/s
step_00300 ✓ [ 100% ] 000/064 VUs    30s        300.00 iters/s
step_00350 ✓ [ 100% ] 0000/0070 VUs  30s        350.00 iters/s
step_00400 ✓ [ 100% ] 0000/0080 VUs  30s        400.00 iters/s
step_00450   [  23% ] 0002/0090 VUs  07.0s/30s  450.00 iters/s
step_00500 • [   0% ] waiting        0m23.0s   
step_00550 • [   0% ] waiting        0m53.0s   
step_00600 • [   0% ] waiting        1m23.0s   
step_00650 • [   0% ] waiting        1m53.0s   
step_00700 • [   0% ] waiting        2m23.0s   
step_00750 • [   0% ] waiting        2m53.0s   
step_00800 • [   0% ] waiting        3m23.0s   
step_00850 • [   0% ] waiting        3m53.0s   
step_00900 • [   0% ] waiting        4m23.0s   
step_00950 • [   0% ] waiting        4m53.0s   
step_01000 • [   0% ] waiting        5m23.0s   

running (04m08.0s), 0000/0394 VUs, 57581 complete and 0 interrupted iterations
step_00050 ✓ [ 100% ] 000/020 VUs    30s        50.00 iters/s
step_00100 ✓ [ 100% ] 000/020 VUs    30s        100.00 iters/s
step_00150 ✓ [ 100% ] 000/030 VUs    30s        150.00 iters/s
step_00200 ✓ [ 100% ] 000/040 VUs    30s        200.00 iters/s
step_00250 ✓ [ 100% ] 000/050 VUs    30s        250.00 iters/s
step_00300 ✓ [ 100% ] 000/064 VUs    30s        300.00 iters/s
step_00350 ✓ [ 100% ] 0000/0070 VUs  30s        350.00 iters/s
step_00400 ✓ [ 100% ] 0000/0080 VUs  30s        400.00 iters/s
step_00450   [  27% ] 0000/0090 VUs  08.0s/30s  450.00 iters/s
step_00500 • [   0% ] waiting        0m22.0s   
step_00550 • [   0% ] waiting        0m52.0s   
step_00600 • [   0% ] waiting        1m22.0s   
step_00650 • [   0% ] waiting        1m52.0s   
step_00700 • [   0% ] waiting        2m22.0s   
step_00750 • [   0% ] waiting        2m52.0s   
step_00800 • [   0% ] waiting        3m22.0s   
step_00850 • [   0% ] waiting        3m52.0s   
step_00900 • [   0% ] waiting        4m22.0s   
step_00950 • [   0% ] waiting        4m52.0s   
step_01000 • [   0% ] waiting        5m22.0s   

running (04m09.0s), 0001/0394 VUs, 58031 complete and 0 interrupted iterations
step_00050 ✓ [ 100% ] 000/020 VUs    30s        50.00 iters/s
step_00100 ✓ [ 100% ] 000/020 VUs    30s        100.00 iters/s
step_00150 ✓ [ 100% ] 000/030 VUs    30s        150.00 iters/s
step_00200 ✓ [ 100% ] 000/040 VUs    30s        200.00 iters/s
step_00250 ✓ [ 100% ] 000/050 VUs    30s        250.00 iters/s
step_00300 ✓ [ 100% ] 000/064 VUs    30s        300.00 iters/s
step_00350 ✓ [ 100% ] 0000/0070 VUs  30s        350.00 iters/s
step_00400 ✓ [ 100% ] 0000/0080 VUs  30s        400.00 iters/s
step_00450   [  30% ] 0001/0090 VUs  09.0s/30s  450.00 iters/s
step_00500 • [   0% ] waiting        0m21.0s   
step_00550 • [   0% ] waiting        0m51.0s   
step_00600 • [   0% ] waiting        1m21.0s   
step_00650 • [   0% ] waiting        1m51.0s   
step_00700 • [   0% ] waiting        2m21.0s   
step_00750 • [   0% ] waiting        2m51.0s   
step_00800 • [   0% ] waiting        3m21.0s   
step_00850 • [   0% ] waiting        3m51.0s   
step_00900 • [   0% ] waiting        4m21.0s   
step_00950 • [   0% ] waiting        4m51.0s   
step_01000 • [   0% ] waiting        5m21.0s   

running (04m10.0s), 0002/0394 VUs, 58479 complete and 0 interrupted iterations
step_00050 ✓ [ 100% ] 000/020 VUs    30s        50.00 iters/s
step_00100 ✓ [ 100% ] 000/020 VUs    30s        100.00 iters/s
step_00150 ✓ [ 100% ] 000/030 VUs    30s        150.00 iters/s
step_00200 ✓ [ 100% ] 000/040 VUs    30s        200.00 iters/s
step_00250 ✓ [ 100% ] 000/050 VUs    30s        250.00 iters/s
step_00300 ✓ [ 100% ] 000/064 VUs    30s        300.00 iters/s
step_00350 ✓ [ 100% ] 0000/0070 VUs  30s        350.00 iters/s
step_00400 ✓ [ 100% ] 0000/0080 VUs  30s        400.00 iters/s
step_00450   [  33% ] 0002/0090 VUs  10.0s/30s  450.00 iters/s
step_00500 • [   0% ] waiting        0m20.0s   
step_00550 • [   0% ] waiting        0m50.0s   
step_00600 • [   0% ] waiting        1m20.0s   
step_00650 • [   0% ] waiting        1m50.0s   
step_00700 • [   0% ] waiting        2m20.0s   
step_00750 • [   0% ] waiting        2m50.0s   
step_00800 • [   0% ] waiting        3m20.0s   
step_00850 • [   0% ] waiting        3m50.0s   
step_00900 • [   0% ] waiting        4m20.0s   
step_00950 • [   0% ] waiting        4m50.0s   
step_01000 • [   0% ] waiting        5m20.0s   

running (04m11.0s), 0000/0394 VUs, 58931 complete and 0 interrupted iterations
step_00050 ✓ [ 100% ] 000/020 VUs    30s        50.00 iters/s
step_00100 ✓ [ 100% ] 000/020 VUs    30s        100.00 iters/s
step_00150 ✓ [ 100% ] 000/030 VUs    30s        150.00 iters/s
step_00200 ✓ [ 100% ] 000/040 VUs    30s        200.00 iters/s
step_00250 ✓ [ 100% ] 000/050 VUs    30s        250.00 iters/s
step_00300 ✓ [ 100% ] 000/064 VUs    30s        300.00 iters/s
step_00350 ✓ [ 100% ] 0000/0070 VUs  30s        350.00 iters/s
step_00400 ✓ [ 100% ] 0000/0080 VUs  30s        400.00 iters/s
step_00450   [  37% ] 0000/0090 VUs  11.0s/30s  450.00 iters/s
step_00500 • [   0% ] waiting        0m19.0s   
step_00550 • [   0% ] waiting        0m49.0s   
step_00600 • [   0% ] waiting        1m19.0s   
step_00650 • [   0% ] waiting        1m49.0s   
step_00700 • [   0% ] waiting        2m19.0s   
step_00750 • [   0% ] waiting        2m49.0s   
step_00800 • [   0% ] waiting        3m19.0s   
step_00850 • [   0% ] waiting        3m49.0s   
step_00900 • [   0% ] waiting        4m19.0s   
step_00950 • [   0% ] waiting        4m49.0s   
step_01000 • [   0% ] waiting        5m19.0s   

running (04m12.0s), 0002/0394 VUs, 59380 complete and 0 interrupted iterations
step_00050 ✓ [ 100% ] 000/020 VUs    30s        50.00 iters/s
step_00100 ✓ [ 100% ] 000/020 VUs    30s        100.00 iters/s
step_00150 ✓ [ 100% ] 000/030 VUs    30s        150.00 iters/s
step_00200 ✓ [ 100% ] 000/040 VUs    30s        200.00 iters/s
step_00250 ✓ [ 100% ] 000/050 VUs    30s        250.00 iters/s
step_00300 ✓ [ 100% ] 000/064 VUs    30s        300.00 iters/s
step_00350 ✓ [ 100% ] 0000/0070 VUs  30s        350.00 iters/s
step_00400 ✓ [ 100% ] 0000/0080 VUs  30s        400.00 iters/s
step_00450   [  40% ] 0002/0090 VUs  12.0s/30s  450.00 iters/s
step_00500 • [   0% ] waiting        0m18.0s   
step_00550 • [   0% ] waiting        0m48.0s   
step_00600 • [   0% ] waiting        1m18.0s   
step_00650 • [   0% ] waiting        1m48.0s   
step_00700 • [   0% ] waiting        2m18.0s   
step_00750 • [   0% ] waiting        2m48.0s   
step_00800 • [   0% ] waiting        3m18.0s   
step_00850 • [   0% ] waiting        3m48.0s   
step_00900 • [   0% ] waiting        4m18.0s   
step_00950 • [   0% ] waiting        4m48.0s   
step_01000 • [   0% ] waiting        5m18.0s   

running (04m13.0s), 0000/0394 VUs, 59831 complete and 0 interrupted iterations
step_00050 ✓ [ 100% ] 000/020 VUs    30s        50.00 iters/s
step_00100 ✓ [ 100% ] 000/020 VUs    30s        100.00 iters/s
step_00150 ✓ [ 100% ] 000/030 VUs    30s        150.00 iters/s
step_00200 ✓ [ 100% ] 000/040 VUs    30s        200.00 iters/s
step_00250 ✓ [ 100% ] 000/050 VUs    30s        250.00 iters/s
step_00300 ✓ [ 100% ] 000/064 VUs    30s        300.00 iters/s
step_00350 ✓ [ 100% ] 0000/0070 VUs  30s        350.00 iters/s
step_00400 ✓ [ 100% ] 0000/0080 VUs  30s        400.00 iters/s
step_00450   [  43% ] 0001/0090 VUs  13.0s/30s  450.00 iters/s
step_00500 • [   0% ] waiting        0m17.0s   
step_00550 • [   0% ] waiting        0m47.0s   
step_00600 • [   0% ] waiting        1m17.0s   
step_00650 • [   0% ] waiting        1m47.0s   
step_00700 • [   0% ] waiting        2m17.0s   
step_00750 • [   0% ] waiting        2m47.0s   
step_00800 • [   0% ] waiting        3m17.0s   
step_00850 • [   0% ] waiting        3m47.0s   
step_00900 • [   0% ] waiting        4m17.0s   
step_00950 • [   0% ] waiting        4m47.0s   
step_01000 • [   0% ] waiting        5m17.0s   

running (04m14.0s), 0001/0394 VUs, 60280 complete and 0 interrupted iterations
step_00050 ✓ [ 100% ] 000/020 VUs    30s        50.00 iters/s
step_00100 ✓ [ 100% ] 000/020 VUs    30s        100.00 iters/s
step_00150 ✓ [ 100% ] 000/030 VUs    30s        150.00 iters/s
step_00200 ✓ [ 100% ] 000/040 VUs    30s        200.00 iters/s
step_00250 ✓ [ 100% ] 000/050 VUs    30s        250.00 iters/s
step_00300 ✓ [ 100% ] 000/064 VUs    30s        300.00 iters/s
step_00350 ✓ [ 100% ] 0000/0070 VUs  30s        350.00 iters/s
step_00400 ✓ [ 100% ] 0000/0080 VUs  30s        400.00 iters/s
step_00450   [  47% ] 0001/0090 VUs  14.0s/30s  450.00 iters/s
step_00500 • [   0% ] waiting        0m16.0s   
step_00550 • [   0% ] waiting        0m46.0s   
step_00600 • [   0% ] waiting        1m16.0s   
step_00650 • [   0% ] waiting        1m46.0s   
step_00700 • [   0% ] waiting        2m16.0s   
step_00750 • [   0% ] waiting        2m46.0s   
step_00800 • [   0% ] waiting        3m16.0s   
step_00850 • [   0% ] waiting        3m46.0s   
step_00900 • [   0% ] waiting        4m16.0s   
step_00950 • [   0% ] waiting        4m46.0s   
step_01000 • [   0% ] waiting        5m16.0s   

running (04m15.0s), 0002/0394 VUs, 60730 complete and 0 interrupted iterations
step_00050 ✓ [ 100% ] 000/020 VUs    30s        50.00 iters/s
step_00100 ✓ [ 100% ] 000/020 VUs    30s        100.00 iters/s
step_00150 ✓ [ 100% ] 000/030 VUs    30s        150.00 iters/s
step_00200 ✓ [ 100% ] 000/040 VUs    30s        200.00 iters/s
step_00250 ✓ [ 100% ] 000/050 VUs    30s        250.00 iters/s
step_00300 ✓ [ 100% ] 000/064 VUs    30s        300.00 iters/s
step_00350 ✓ [ 100% ] 0000/0070 VUs  30s        350.00 iters/s
step_00400 ✓ [ 100% ] 0000/0080 VUs  30s        400.00 iters/s
step_00450   [  50% ] 0002/0090 VUs  15.0s/30s  450.00 iters/s
step_00500 • [   0% ] waiting        0m15.0s   
step_00550 • [   0% ] waiting        0m45.0s   
step_00600 • [   0% ] waiting        1m15.0s   
step_00650 • [   0% ] waiting        1m45.0s   
step_00700 • [   0% ] waiting        2m15.0s   
step_00750 • [   0% ] waiting        2m45.0s   
step_00800 • [   0% ] waiting        3m15.0s   
step_00850 • [   0% ] waiting        3m45.0s   
step_00900 • [   0% ] waiting        4m15.0s   
step_00950 • [   0% ] waiting        4m45.0s   
step_01000 • [   0% ] waiting        5m15.0s   

running (04m16.0s), 0006/0394 VUs, 61176 complete and 0 interrupted iterations
step_00050 ✓ [ 100% ] 000/020 VUs    30s        50.00 iters/s
step_00100 ✓ [ 100% ] 000/020 VUs    30s        100.00 iters/s
step_00150 ✓ [ 100% ] 000/030 VUs    30s        150.00 iters/s
step_00200 ✓ [ 100% ] 000/040 VUs    30s        200.00 iters/s
step_00250 ✓ [ 100% ] 000/050 VUs    30s        250.00 iters/s
step_00300 ✓ [ 100% ] 000/064 VUs    30s        300.00 iters/s
step_00350 ✓ [ 100% ] 0000/0070 VUs  30s        350.00 iters/s
step_00400 ✓ [ 100% ] 0000/0080 VUs  30s        400.00 iters/s
step_00450   [  53% ] 0006/0090 VUs  16.0s/30s  450.00 iters/s
step_00500 • [   0% ] waiting        0m14.0s   
step_00550 • [   0% ] waiting        0m44.0s   
step_00600 • [   0% ] waiting        1m14.0s   
step_00650 • [   0% ] waiting        1m44.0s   
step_00700 • [   0% ] waiting        2m14.0s   
step_00750 • [   0% ] waiting        2m44.0s   
step_00800 • [   0% ] waiting        3m14.0s   
step_00850 • [   0% ] waiting        3m44.0s   
step_00900 • [   0% ] waiting        4m14.0s   
step_00950 • [   0% ] waiting        4m44.0s   
step_01000 • [   0% ] waiting        5m14.0s   

running (04m17.0s), 0000/0394 VUs, 61631 complete and 0 interrupted iterations
step_00050 ✓ [ 100% ] 000/020 VUs    30s        50.00 iters/s
step_00100 ✓ [ 100% ] 000/020 VUs    30s        100.00 iters/s
step_00150 ✓ [ 100% ] 000/030 VUs    30s        150.00 iters/s
step_00200 ✓ [ 100% ] 000/040 VUs    30s        200.00 iters/s
step_00250 ✓ [ 100% ] 000/050 VUs    30s        250.00 iters/s
step_00300 ✓ [ 100% ] 000/064 VUs    30s        300.00 iters/s
step_00350 ✓ [ 100% ] 0000/0070 VUs  30s        350.00 iters/s
step_00400 ✓ [ 100% ] 0000/0080 VUs  30s        400.00 iters/s
step_00450   [  57% ] 0001/0090 VUs  17.0s/30s  450.00 iters/s
step_00500 • [   0% ] waiting        0m13.0s   
step_00550 • [   0% ] waiting        0m43.0s   
step_00600 • [   0% ] waiting        1m13.0s   
step_00650 • [   0% ] waiting        1m43.0s   
step_00700 • [   0% ] waiting        2m13.0s   
step_00750 • [   0% ] waiting        2m43.0s   
step_00800 • [   0% ] waiting        3m13.0s   
step_00850 • [   0% ] waiting        3m43.0s   
step_00900 • [   0% ] waiting        4m13.0s   
step_00950 • [   0% ] waiting        4m43.0s   
step_01000 • [   0% ] waiting        5m13.0s   

running (04m18.0s), 0001/0394 VUs, 62080 complete and 0 interrupted iterations
step_00050 ✓ [ 100% ] 000/020 VUs    30s        50.00 iters/s
step_00100 ✓ [ 100% ] 000/020 VUs    30s        100.00 iters/s
step_00150 ✓ [ 100% ] 000/030 VUs    30s        150.00 iters/s
step_00200 ✓ [ 100% ] 000/040 VUs    30s        200.00 iters/s
step_00250 ✓ [ 100% ] 000/050 VUs    30s        250.00 iters/s
step_00300 ✓ [ 100% ] 000/064 VUs    30s        300.00 iters/s
step_00350 ✓ [ 100% ] 0000/0070 VUs  30s        350.00 iters/s
step_00400 ✓ [ 100% ] 0000/0080 VUs  30s        400.00 iters/s
step_00450   [  60% ] 0002/0090 VUs  18.0s/30s  450.00 iters/s
step_00500 • [   0% ] waiting        0m12.0s   
step_00550 • [   0% ] waiting        0m42.0s   
step_00600 • [   0% ] waiting        1m12.0s   
step_00650 • [   0% ] waiting        1m42.0s   
step_00700 • [   0% ] waiting        2m12.0s   
step_00750 • [   0% ] waiting        2m42.0s   
step_00800 • [   0% ] waiting        3m12.0s   
step_00850 • [   0% ] waiting        3m42.0s   
step_00900 • [   0% ] waiting        4m12.0s   
step_00950 • [   0% ] waiting        4m42.0s   
step_01000 • [   0% ] waiting        5m12.0s   

running (04m19.0s), 0001/0394 VUs, 62531 complete and 0 interrupted iterations
step_00050 ✓ [ 100% ] 000/020 VUs    30s        50.00 iters/s
step_00100 ✓ [ 100% ] 000/020 VUs    30s        100.00 iters/s
step_00150 ✓ [ 100% ] 000/030 VUs    30s        150.00 iters/s
step_00200 ✓ [ 100% ] 000/040 VUs    30s        200.00 iters/s
step_00250 ✓ [ 100% ] 000/050 VUs    30s        250.00 iters/s
step_00300 ✓ [ 100% ] 000/064 VUs    30s        300.00 iters/s
step_00350 ✓ [ 100% ] 0000/0070 VUs  30s        350.00 iters/s
step_00400 ✓ [ 100% ] 0000/0080 VUs  30s        400.00 iters/s
step_00450   [  63% ] 0001/0090 VUs  19.0s/30s  450.00 iters/s
step_00500 • [   0% ] waiting        0m11.0s   
step_00550 • [   0% ] waiting        0m41.0s   
step_00600 • [   0% ] waiting        1m11.0s   
step_00650 • [   0% ] waiting        1m41.0s   
step_00700 • [   0% ] waiting        2m11.0s   
step_00750 • [   0% ] waiting        2m41.0s   
step_00800 • [   0% ] waiting        3m11.0s   
step_00850 • [   0% ] waiting        3m41.0s   
step_00900 • [   0% ] waiting        4m11.0s   
step_00950 • [   0% ] waiting        4m41.0s   
step_01000 • [   0% ] waiting        5m11.0s   

running (04m20.0s), 0000/0394 VUs, 62981 complete and 0 interrupted iterations
step_00050 ✓ [ 100% ] 000/020 VUs    30s        50.00 iters/s
step_00100 ✓ [ 100% ] 000/020 VUs    30s        100.00 iters/s
step_00150 ✓ [ 100% ] 000/030 VUs    30s        150.00 iters/s
step_00200 ✓ [ 100% ] 000/040 VUs    30s        200.00 iters/s
step_00250 ✓ [ 100% ] 000/050 VUs    30s        250.00 iters/s
step_00300 ✓ [ 100% ] 000/064 VUs    30s        300.00 iters/s
step_00350 ✓ [ 100% ] 0000/0070 VUs  30s        350.00 iters/s
step_00400 ✓ [ 100% ] 0000/0080 VUs  30s        400.00 iters/s
step_00450   [  67% ] 0001/0090 VUs  20.0s/30s  450.00 iters/s
step_00500 • [   0% ] waiting        0m10.0s   
step_00550 • [   0% ] waiting        0m40.0s   
step_00600 • [   0% ] waiting        1m10.0s   
step_00650 • [   0% ] waiting        1m40.0s   
step_00700 • [   0% ] waiting        2m10.0s   
step_00750 • [   0% ] waiting        2m40.0s   
step_00800 • [   0% ] waiting        3m10.0s   
step_00850 • [   0% ] waiting        3m40.0s   
step_00900 • [   0% ] waiting        4m10.0s   
step_00950 • [   0% ] waiting        4m40.0s   
step_01000 • [   0% ] waiting        5m10.0s   

running (04m21.0s), 0001/0394 VUs, 63430 complete and 0 interrupted iterations
step_00050 ✓ [ 100% ] 000/020 VUs    30s        50.00 iters/s
step_00100 ✓ [ 100% ] 000/020 VUs    30s        100.00 iters/s
step_00150 ✓ [ 100% ] 000/030 VUs    30s        150.00 iters/s
step_00200 ✓ [ 100% ] 000/040 VUs    30s        200.00 iters/s
step_00250 ✓ [ 100% ] 000/050 VUs    30s        250.00 iters/s
step_00300 ✓ [ 100% ] 000/064 VUs    30s        300.00 iters/s
step_00350 ✓ [ 100% ] 0000/0070 VUs  30s        350.00 iters/s
step_00400 ✓ [ 100% ] 0000/0080 VUs  30s        400.00 iters/s
step_00450   [  70% ] 0000/0090 VUs  21.0s/30s  450.00 iters/s
step_00500 • [   0% ] waiting        0m09.0s   
step_00550 • [   0% ] waiting        0m39.0s   
step_00600 • [   0% ] waiting        1m09.0s   
step_00650 • [   0% ] waiting        1m39.0s   
step_00700 • [   0% ] waiting        2m09.0s   
step_00750 • [   0% ] waiting        2m39.0s   
step_00800 • [   0% ] waiting        3m09.0s   
step_00850 • [   0% ] waiting        3m39.0s   
step_00900 • [   0% ] waiting        4m09.0s   
step_00950 • [   0% ] waiting        4m39.0s   
step_01000 • [   0% ] waiting        5m09.0s   

running (04m22.0s), 0001/0394 VUs, 63881 complete and 0 interrupted iterations
step_00050 ✓ [ 100% ] 000/020 VUs    30s        50.00 iters/s
step_00100 ✓ [ 100% ] 000/020 VUs    30s        100.00 iters/s
step_00150 ✓ [ 100% ] 000/030 VUs    30s        150.00 iters/s
step_00200 ✓ [ 100% ] 000/040 VUs    30s        200.00 iters/s
step_00250 ✓ [ 100% ] 000/050 VUs    30s        250.00 iters/s
step_00300 ✓ [ 100% ] 000/064 VUs    30s        300.00 iters/s
step_00350 ✓ [ 100% ] 0000/0070 VUs  30s        350.00 iters/s
step_00400 ✓ [ 100% ] 0000/0080 VUs  30s        400.00 iters/s
step_00450   [  73% ] 0001/0090 VUs  22.0s/30s  450.00 iters/s
step_00500 • [   0% ] waiting        0m08.0s   
step_00550 • [   0% ] waiting        0m38.0s   
step_00600 • [   0% ] waiting        1m08.0s   
step_00650 • [   0% ] waiting        1m38.0s   
step_00700 • [   0% ] waiting        2m08.0s   
step_00750 • [   0% ] waiting        2m38.0s   
step_00800 • [   0% ] waiting        3m08.0s   
step_00850 • [   0% ] waiting        3m38.0s   
step_00900 • [   0% ] waiting        4m08.0s   
step_00950 • [   0% ] waiting        4m38.0s   
step_01000 • [   0% ] waiting        5m08.0s   

running (04m23.0s), 0005/0394 VUs, 64327 complete and 0 interrupted iterations
step_00050 ✓ [ 100% ] 000/020 VUs    30s        50.00 iters/s
step_00100 ✓ [ 100% ] 000/020 VUs    30s        100.00 iters/s
step_00150 ✓ [ 100% ] 000/030 VUs    30s        150.00 iters/s
step_00200 ✓ [ 100% ] 000/040 VUs    30s        200.00 iters/s
step_00250 ✓ [ 100% ] 000/050 VUs    30s        250.00 iters/s
step_00300 ✓ [ 100% ] 000/064 VUs    30s        300.00 iters/s
step_00350 ✓ [ 100% ] 0000/0070 VUs  30s        350.00 iters/s
step_00400 ✓ [ 100% ] 0000/0080 VUs  30s        400.00 iters/s
step_00450   [  77% ] 0005/0090 VUs  23.0s/30s  450.00 iters/s
step_00500 • [   0% ] waiting        0m07.0s   
step_00550 • [   0% ] waiting        0m37.0s   
step_00600 • [   0% ] waiting        1m07.0s   
step_00650 • [   0% ] waiting        1m37.0s   
step_00700 • [   0% ] waiting        2m07.0s   
step_00750 • [   0% ] waiting        2m37.0s   
step_00800 • [   0% ] waiting        3m07.0s   
step_00850 • [   0% ] waiting        3m37.0s   
step_00900 • [   0% ] waiting        4m07.0s   
step_00950 • [   0% ] waiting        4m37.0s   
step_01000 • [   0% ] waiting        5m07.0s   

running (04m24.0s), 0000/0394 VUs, 64781 complete and 0 interrupted iterations
step_00050 ✓ [ 100% ] 000/020 VUs    30s        50.00 iters/s
step_00100 ✓ [ 100% ] 000/020 VUs    30s        100.00 iters/s
step_00150 ✓ [ 100% ] 000/030 VUs    30s        150.00 iters/s
step_00200 ✓ [ 100% ] 000/040 VUs    30s        200.00 iters/s
step_00250 ✓ [ 100% ] 000/050 VUs    30s        250.00 iters/s
step_00300 ✓ [ 100% ] 000/064 VUs    30s        300.00 iters/s
step_00350 ✓ [ 100% ] 0000/0070 VUs  30s        350.00 iters/s
step_00400 ✓ [ 100% ] 0000/0080 VUs  30s        400.00 iters/s
step_00450   [  80% ] 0001/0090 VUs  24.0s/30s  450.00 iters/s
step_00500 • [   0% ] waiting        0m06.0s   
step_00550 • [   0% ] waiting        0m36.0s   
step_00600 • [   0% ] waiting        1m06.0s   
step_00650 • [   0% ] waiting        1m36.0s   
step_00700 • [   0% ] waiting        2m06.0s   
step_00750 • [   0% ] waiting        2m36.0s   
step_00800 • [   0% ] waiting        3m06.0s   
step_00850 • [   0% ] waiting        3m36.0s   
step_00900 • [   0% ] waiting        4m06.0s   
step_00950 • [   0% ] waiting        4m36.0s   
step_01000 • [   0% ] waiting        5m06.0s   

running (04m25.0s), 0001/0394 VUs, 65230 complete and 0 interrupted iterations
step_00050 ✓ [ 100% ] 000/020 VUs    30s        50.00 iters/s
step_00100 ✓ [ 100% ] 000/020 VUs    30s        100.00 iters/s
step_00150 ✓ [ 100% ] 000/030 VUs    30s        150.00 iters/s
step_00200 ✓ [ 100% ] 000/040 VUs    30s        200.00 iters/s
step_00250 ✓ [ 100% ] 000/050 VUs    30s        250.00 iters/s
step_00300 ✓ [ 100% ] 000/064 VUs    30s        300.00 iters/s
step_00350 ✓ [ 100% ] 0000/0070 VUs  30s        350.00 iters/s
step_00400 ✓ [ 100% ] 0000/0080 VUs  30s        400.00 iters/s
step_00450   [  83% ] 0001/0090 VUs  25.0s/30s  450.00 iters/s
step_00500 • [   0% ] waiting        0m05.0s   
step_00550 • [   0% ] waiting        0m35.0s   
step_00600 • [   0% ] waiting        1m05.0s   
step_00650 • [   0% ] waiting        1m35.0s   
step_00700 • [   0% ] waiting        2m05.0s   
step_00750 • [   0% ] waiting        2m35.0s   
step_00800 • [   0% ] waiting        3m05.0s   
step_00850 • [   0% ] waiting        3m35.0s   
step_00900 • [   0% ] waiting        4m05.0s   
step_00950 • [   0% ] waiting        4m35.0s   
step_01000 • [   0% ] waiting        5m05.0s   

running (04m26.0s), 0001/0394 VUs, 65680 complete and 0 interrupted iterations
step_00050 ✓ [ 100% ] 000/020 VUs    30s        50.00 iters/s
step_00100 ✓ [ 100% ] 000/020 VUs    30s        100.00 iters/s
step_00150 ✓ [ 100% ] 000/030 VUs    30s        150.00 iters/s
step_00200 ✓ [ 100% ] 000/040 VUs    30s        200.00 iters/s
step_00250 ✓ [ 100% ] 000/050 VUs    30s        250.00 iters/s
step_00300 ✓ [ 100% ] 000/064 VUs    30s        300.00 iters/s
step_00350 ✓ [ 100% ] 0000/0070 VUs  30s        350.00 iters/s
step_00400 ✓ [ 100% ] 0000/0080 VUs  30s        400.00 iters/s
step_00450   [  87% ] 0001/0090 VUs  26.0s/30s  450.00 iters/s
step_00500 • [   0% ] waiting        0m04.0s   
step_00550 • [   0% ] waiting        0m34.0s   
step_00600 • [   0% ] waiting        1m04.0s   
step_00650 • [   0% ] waiting        1m34.0s   
step_00700 • [   0% ] waiting        2m04.0s   
step_00750 • [   0% ] waiting        2m34.0s   
step_00800 • [   0% ] waiting        3m04.0s   
step_00850 • [   0% ] waiting        3m34.0s   
step_00900 • [   0% ] waiting        4m04.0s   
step_00950 • [   0% ] waiting        4m34.0s   
step_01000 • [   0% ] waiting        5m04.0s   

running (04m27.0s), 0003/0394 VUs, 66128 complete and 0 interrupted iterations
step_00050 ✓ [ 100% ] 000/020 VUs    30s        50.00 iters/s
step_00100 ✓ [ 100% ] 000/020 VUs    30s        100.00 iters/s
step_00150 ✓ [ 100% ] 000/030 VUs    30s        150.00 iters/s
step_00200 ✓ [ 100% ] 000/040 VUs    30s        200.00 iters/s
step_00250 ✓ [ 100% ] 000/050 VUs    30s        250.00 iters/s
step_00300 ✓ [ 100% ] 000/064 VUs    30s        300.00 iters/s
step_00350 ✓ [ 100% ] 0000/0070 VUs  30s        350.00 iters/s
step_00400 ✓ [ 100% ] 0000/0080 VUs  30s        400.00 iters/s
step_00450   [  90% ] 0003/0090 VUs  27.0s/30s  450.00 iters/s
step_00500 • [   0% ] waiting        0m03.0s   
step_00550 • [   0% ] waiting        0m33.0s   
step_00600 • [   0% ] waiting        1m03.0s   
step_00650 • [   0% ] waiting        1m33.0s   
step_00700 • [   0% ] waiting        2m03.0s   
step_00750 • [   0% ] waiting        2m33.0s   
step_00800 • [   0% ] waiting        3m03.0s   
step_00850 • [   0% ] waiting        3m33.0s   
step_00900 • [   0% ] waiting        4m03.0s   
step_00950 • [   0% ] waiting        4m33.0s   
step_01000 • [   0% ] waiting        5m03.0s   

running (04m28.0s), 0000/0394 VUs, 66581 complete and 0 interrupted iterations
step_00050 ✓ [ 100% ] 000/020 VUs    30s        50.00 iters/s
step_00100 ✓ [ 100% ] 000/020 VUs    30s        100.00 iters/s
step_00150 ✓ [ 100% ] 000/030 VUs    30s        150.00 iters/s
step_00200 ✓ [ 100% ] 000/040 VUs    30s        200.00 iters/s
step_00250 ✓ [ 100% ] 000/050 VUs    30s        250.00 iters/s
step_00300 ✓ [ 100% ] 000/064 VUs    30s        300.00 iters/s
step_00350 ✓ [ 100% ] 0000/0070 VUs  30s        350.00 iters/s
step_00400 ✓ [ 100% ] 0000/0080 VUs  30s        400.00 iters/s
step_00450   [  93% ] 0001/0090 VUs  28.0s/30s  450.00 iters/s
step_00500 • [   0% ] waiting        0m02.0s   
step_00550 • [   0% ] waiting        0m32.0s   
step_00600 • [   0% ] waiting        1m02.0s   
step_00650 • [   0% ] waiting        1m32.0s   
step_00700 • [   0% ] waiting        2m02.0s   
step_00750 • [   0% ] waiting        2m32.0s   
step_00800 • [   0% ] waiting        3m02.0s   
step_00850 • [   0% ] waiting        3m32.0s   
step_00900 • [   0% ] waiting        4m02.0s   
step_00950 • [   0% ] waiting        4m32.0s   
step_01000 • [   0% ] waiting        5m02.0s   

running (04m29.0s), 0000/0394 VUs, 67031 complete and 0 interrupted iterations
step_00050 ✓ [ 100% ] 000/020 VUs    30s        50.00 iters/s
step_00100 ✓ [ 100% ] 000/020 VUs    30s        100.00 iters/s
step_00150 ✓ [ 100% ] 000/030 VUs    30s        150.00 iters/s
step_00200 ✓ [ 100% ] 000/040 VUs    30s        200.00 iters/s
step_00250 ✓ [ 100% ] 000/050 VUs    30s        250.00 iters/s
step_00300 ✓ [ 100% ] 000/064 VUs    30s        300.00 iters/s
step_00350 ✓ [ 100% ] 0000/0070 VUs  30s        350.00 iters/s
step_00400 ✓ [ 100% ] 0000/0080 VUs  30s        400.00 iters/s
step_00450   [  97% ] 0000/0090 VUs  29.0s/30s  450.00 iters/s
step_00500 • [   0% ] waiting        0m01.0s   
step_00550 • [   0% ] waiting        0m31.0s   
step_00600 • [   0% ] waiting        1m01.0s   
step_00650 • [   0% ] waiting        1m31.0s   
step_00700 • [   0% ] waiting        2m01.0s   
step_00750 • [   0% ] waiting        2m31.0s   
step_00800 • [   0% ] waiting        3m01.0s   
step_00850 • [   0% ] waiting        3m31.0s   
step_00900 • [   0% ] waiting        4m01.0s   
step_00950 • [   0% ] waiting        4m31.0s   
step_01000 • [   0% ] waiting        5m01.0s   

running (04m30.0s), 0001/0394 VUs, 67481 complete and 0 interrupted iterations
step_00050 ✓ [ 100% ] 000/020 VUs    30s        50.00 iters/s
step_00100 ✓ [ 100% ] 000/020 VUs    30s        100.00 iters/s
step_00150 ✓ [ 100% ] 000/030 VUs    30s        150.00 iters/s
step_00200 ✓ [ 100% ] 000/040 VUs    30s        200.00 iters/s
step_00250 ✓ [ 100% ] 000/050 VUs    30s        250.00 iters/s
step_00300 ✓ [ 100% ] 000/064 VUs    30s        300.00 iters/s
step_00350 ✓ [ 100% ] 0000/0070 VUs  30s        350.00 iters/s
step_00400 ✓ [ 100% ] 0000/0080 VUs  30s        400.00 iters/s
step_00450   [ 100% ] 0001/0090 VUs  30.0s/30s  450.00 iters/s
step_00500 • [   0% ] waiting        0m00.0s   
step_00550 • [   0% ] waiting        0m30.0s   
step_00600 • [   0% ] waiting        1m00.0s   
step_00650 • [   0% ] waiting        1m30.0s   
step_00700 • [   0% ] waiting        2m00.0s   
step_00750 • [   0% ] waiting        2m30.0s   
step_00800 • [   0% ] waiting        3m00.0s   
step_00850 • [   0% ] waiting        3m30.0s   
step_00900 • [   0% ] waiting        4m00.0s   
step_00950 • [   0% ] waiting        4m30.0s   
step_01000 • [   0% ] waiting        5m00.0s   

running (04m31.0s), 0001/0394 VUs, 67979 complete and 0 interrupted iterations
step_00050 ✓ [ 100% ] 000/020 VUs    30s        50.00 iters/s
step_00100 ✓ [ 100% ] 000/020 VUs    30s        100.00 iters/s
step_00150 ✓ [ 100% ] 000/030 VUs    30s        150.00 iters/s
step_00200 ✓ [ 100% ] 000/040 VUs    30s        200.00 iters/s
step_00250 ✓ [ 100% ] 000/050 VUs    30s        250.00 iters/s
step_00300 ✓ [ 100% ] 000/064 VUs    30s        300.00 iters/s
step_00350 ✓ [ 100% ] 0000/0070 VUs  30s        350.00 iters/s
step_00400 ✓ [ 100% ] 0000/0080 VUs  30s        400.00 iters/s
step_00450 ✓ [ 100% ] 0000/0090 VUs  30s        450.00 iters/s
step_00500   [   3% ] 0001/0100 VUs  01.0s/30s  500.00 iters/s
step_00550 • [   0% ] waiting        0m29.0s   
step_00600 • [   0% ] waiting        0m59.0s   
step_00650 • [   0% ] waiting        1m29.0s   
step_00700 • [   0% ] waiting        1m59.0s   
step_00750 • [   0% ] waiting        2m29.0s   
step_00800 • [   0% ] waiting        2m59.0s   
step_00850 • [   0% ] waiting        3m29.0s   
step_00900 • [   0% ] waiting        3m59.0s   
step_00950 • [   0% ] waiting        4m29.0s   
step_01000 • [   0% ] waiting        4m59.0s   

running (04m32.0s), 0000/0394 VUs, 68480 complete and 0 interrupted iterations
step_00050 ✓ [ 100% ] 000/020 VUs    30s        50.00 iters/s
step_00100 ✓ [ 100% ] 000/020 VUs    30s        100.00 iters/s
step_00150 ✓ [ 100% ] 000/030 VUs    30s        150.00 iters/s
step_00200 ✓ [ 100% ] 000/040 VUs    30s        200.00 iters/s
step_00250 ✓ [ 100% ] 000/050 VUs    30s        250.00 iters/s
step_00300 ✓ [ 100% ] 000/064 VUs    30s        300.00 iters/s
step_00350 ✓ [ 100% ] 0000/0070 VUs  30s        350.00 iters/s
step_00400 ✓ [ 100% ] 0000/0080 VUs  30s        400.00 iters/s
step_00450 ✓ [ 100% ] 0000/0090 VUs  30s        450.00 iters/s
step_00500   [   7% ] 0000/0100 VUs  02.0s/30s  500.00 iters/s
step_00550 • [   0% ] waiting        0m28.0s   
step_00600 • [   0% ] waiting        0m58.0s   
step_00650 • [   0% ] waiting        1m28.0s   
step_00700 • [   0% ] waiting        1m58.0s   
step_00750 • [   0% ] waiting        2m28.0s   
step_00800 • [   0% ] waiting        2m58.0s   
step_00850 • [   0% ] waiting        3m28.0s   
step_00900 • [   0% ] waiting        3m58.0s   
step_00950 • [   0% ] waiting        4m28.0s   
step_01000 • [   0% ] waiting        4m58.0s   

running (04m33.0s), 0001/0394 VUs, 68979 complete and 0 interrupted iterations
step_00050 ✓ [ 100% ] 000/020 VUs    30s        50.00 iters/s
step_00100 ✓ [ 100% ] 000/020 VUs    30s        100.00 iters/s
step_00150 ✓ [ 100% ] 000/030 VUs    30s        150.00 iters/s
step_00200 ✓ [ 100% ] 000/040 VUs    30s        200.00 iters/s
step_00250 ✓ [ 100% ] 000/050 VUs    30s        250.00 iters/s
step_00300 ✓ [ 100% ] 000/064 VUs    30s        300.00 iters/s
step_00350 ✓ [ 100% ] 0000/0070 VUs  30s        350.00 iters/s
step_00400 ✓ [ 100% ] 0000/0080 VUs  30s        400.00 iters/s
step_00450 ✓ [ 100% ] 0000/0090 VUs  30s        450.00 iters/s
step_00500   [  10% ] 0000/0100 VUs  03.0s/30s  500.00 iters/s
step_00550 • [   0% ] waiting        0m27.0s   
step_00600 • [   0% ] waiting        0m57.0s   
step_00650 • [   0% ] waiting        1m27.0s   
step_00700 • [   0% ] waiting        1m57.0s   
step_00750 • [   0% ] waiting        2m27.0s   
step_00800 • [   0% ] waiting        2m57.0s   
step_00850 • [   0% ] waiting        3m27.0s   
step_00900 • [   0% ] waiting        3m57.0s   
step_00950 • [   0% ] waiting        4m27.0s   
step_01000 • [   0% ] waiting        4m57.0s   

running (04m34.0s), 0001/0394 VUs, 69479 complete and 0 interrupted iterations
step_00050 ✓ [ 100% ] 000/020 VUs    30s        50.00 iters/s
step_00100 ✓ [ 100% ] 000/020 VUs    30s        100.00 iters/s
step_00150 ✓ [ 100% ] 000/030 VUs    30s        150.00 iters/s
step_00200 ✓ [ 100% ] 000/040 VUs    30s        200.00 iters/s
step_00250 ✓ [ 100% ] 000/050 VUs    30s        250.00 iters/s
step_00300 ✓ [ 100% ] 000/064 VUs    30s        300.00 iters/s
step_00350 ✓ [ 100% ] 0000/0070 VUs  30s        350.00 iters/s
step_00400 ✓ [ 100% ] 0000/0080 VUs  30s        400.00 iters/s
step_00450 ✓ [ 100% ] 0000/0090 VUs  30s        450.00 iters/s
step_00500   [  13% ] 0001/0100 VUs  04.0s/30s  500.00 iters/s
step_00550 • [   0% ] waiting        0m26.0s   
step_00600 • [   0% ] waiting        0m56.0s   
step_00650 • [   0% ] waiting        1m26.0s   
step_00700 • [   0% ] waiting        1m56.0s   
step_00750 • [   0% ] waiting        2m26.0s   
step_00800 • [   0% ] waiting        2m56.0s   
step_00850 • [   0% ] waiting        3m26.0s   
step_00900 • [   0% ] waiting        3m56.0s   
step_00950 • [   0% ] waiting        4m26.0s   
step_01000 • [   0% ] waiting        4m56.0s   

running (04m35.0s), 0002/0394 VUs, 69978 complete and 0 interrupted iterations
step_00050 ✓ [ 100% ] 000/020 VUs    30s        50.00 iters/s
step_00100 ✓ [ 100% ] 000/020 VUs    30s        100.00 iters/s
step_00150 ✓ [ 100% ] 000/030 VUs    30s        150.00 iters/s
step_00200 ✓ [ 100% ] 000/040 VUs    30s        200.00 iters/s
step_00250 ✓ [ 100% ] 000/050 VUs    30s        250.00 iters/s
step_00300 ✓ [ 100% ] 000/064 VUs    30s        300.00 iters/s
step_00350 ✓ [ 100% ] 0000/0070 VUs  30s        350.00 iters/s
step_00400 ✓ [ 100% ] 0000/0080 VUs  30s        400.00 iters/s
step_00450 ✓ [ 100% ] 0000/0090 VUs  30s        450.00 iters/s
step_00500   [  17% ] 0002/0100 VUs  05.0s/30s  500.00 iters/s
step_00550 • [   0% ] waiting        0m25.0s   
step_00600 • [   0% ] waiting        0m55.0s   
step_00650 • [   0% ] waiting        1m25.0s   
step_00700 • [   0% ] waiting        1m55.0s   
step_00750 • [   0% ] waiting        2m25.0s   
step_00800 • [   0% ] waiting        2m55.0s   
step_00850 • [   0% ] waiting        3m25.0s   
step_00900 • [   0% ] waiting        3m55.0s   
step_00950 • [   0% ] waiting        4m25.0s   
step_01000 • [   0% ] waiting        4m55.0s   

running (04m36.0s), 0002/0394 VUs, 70478 complete and 0 interrupted iterations
step_00050 ✓ [ 100% ] 000/020 VUs    30s        50.00 iters/s
step_00100 ✓ [ 100% ] 000/020 VUs    30s        100.00 iters/s
step_00150 ✓ [ 100% ] 000/030 VUs    30s        150.00 iters/s
step_00200 ✓ [ 100% ] 000/040 VUs    30s        200.00 iters/s
step_00250 ✓ [ 100% ] 000/050 VUs    30s        250.00 iters/s
step_00300 ✓ [ 100% ] 000/064 VUs    30s        300.00 iters/s
step_00350 ✓ [ 100% ] 0000/0070 VUs  30s        350.00 iters/s
step_00400 ✓ [ 100% ] 0000/0080 VUs  30s        400.00 iters/s
step_00450 ✓ [ 100% ] 0000/0090 VUs  30s        450.00 iters/s
step_00500   [  20% ] 0002/0100 VUs  06.0s/30s  500.00 iters/s
step_00550 • [   0% ] waiting        0m24.0s   
step_00600 • [   0% ] waiting        0m54.0s   
step_00650 • [   0% ] waiting        1m24.0s   
step_00700 • [   0% ] waiting        1m54.0s   
step_00750 • [   0% ] waiting        2m24.0s   
step_00800 • [   0% ] waiting        2m54.0s   
step_00850 • [   0% ] waiting        3m24.0s   
step_00900 • [   0% ] waiting        3m54.0s   
step_00950 • [   0% ] waiting        4m24.0s   
step_01000 • [   0% ] waiting        4m54.0s   

running (04m37.0s), 0001/0394 VUs, 70979 complete and 0 interrupted iterations
step_00050 ✓ [ 100% ] 000/020 VUs    30s        50.00 iters/s
step_00100 ✓ [ 100% ] 000/020 VUs    30s        100.00 iters/s
step_00150 ✓ [ 100% ] 000/030 VUs    30s        150.00 iters/s
step_00200 ✓ [ 100% ] 000/040 VUs    30s        200.00 iters/s
step_00250 ✓ [ 100% ] 000/050 VUs    30s        250.00 iters/s
step_00300 ✓ [ 100% ] 000/064 VUs    30s        300.00 iters/s
step_00350 ✓ [ 100% ] 0000/0070 VUs  30s        350.00 iters/s
step_00400 ✓ [ 100% ] 0000/0080 VUs  30s        400.00 iters/s
step_00450 ✓ [ 100% ] 0000/0090 VUs  30s        450.00 iters/s
step_00500   [  23% ] 0001/0100 VUs  07.0s/30s  500.00 iters/s
step_00550 • [   0% ] waiting        0m23.0s   
step_00600 • [   0% ] waiting        0m53.0s   
step_00650 • [   0% ] waiting        1m23.0s   
step_00700 • [   0% ] waiting        1m53.0s   
step_00750 • [   0% ] waiting        2m23.0s   
step_00800 • [   0% ] waiting        2m53.0s   
step_00850 • [   0% ] waiting        3m23.0s   
step_00900 • [   0% ] waiting        3m53.0s   
step_00950 • [   0% ] waiting        4m23.0s   
step_01000 • [   0% ] waiting        4m53.0s   

running (04m38.0s), 0001/0394 VUs, 71479 complete and 0 interrupted iterations
step_00050 ✓ [ 100% ] 000/020 VUs    30s        50.00 iters/s
step_00100 ✓ [ 100% ] 000/020 VUs    30s        100.00 iters/s
step_00150 ✓ [ 100% ] 000/030 VUs    30s        150.00 iters/s
step_00200 ✓ [ 100% ] 000/040 VUs    30s        200.00 iters/s
step_00250 ✓ [ 100% ] 000/050 VUs    30s        250.00 iters/s
step_00300 ✓ [ 100% ] 000/064 VUs    30s        300.00 iters/s
step_00350 ✓ [ 100% ] 0000/0070 VUs  30s        350.00 iters/s
step_00400 ✓ [ 100% ] 0000/0080 VUs  30s        400.00 iters/s
step_00450 ✓ [ 100% ] 0000/0090 VUs  30s        450.00 iters/s
step_00500   [  27% ] 0001/0100 VUs  08.0s/30s  500.00 iters/s
step_00550 • [   0% ] waiting        0m22.0s   
step_00600 • [   0% ] waiting        0m52.0s   
step_00650 • [   0% ] waiting        1m22.0s   
step_00700 • [   0% ] waiting        1m52.0s   
step_00750 • [   0% ] waiting        2m22.0s   
step_00800 • [   0% ] waiting        2m52.0s   
step_00850 • [   0% ] waiting        3m22.0s   
step_00900 • [   0% ] waiting        3m52.0s   
step_00950 • [   0% ] waiting        4m22.0s   
step_01000 • [   0% ] waiting        4m52.0s   

running (04m39.0s), 0001/0394 VUs, 71979 complete and 0 interrupted iterations
step_00050 ✓ [ 100% ] 000/020 VUs    30s        50.00 iters/s
step_00100 ✓ [ 100% ] 000/020 VUs    30s        100.00 iters/s
step_00150 ✓ [ 100% ] 000/030 VUs    30s        150.00 iters/s
step_00200 ✓ [ 100% ] 000/040 VUs    30s        200.00 iters/s
step_00250 ✓ [ 100% ] 000/050 VUs    30s        250.00 iters/s
step_00300 ✓ [ 100% ] 000/064 VUs    30s        300.00 iters/s
step_00350 ✓ [ 100% ] 0000/0070 VUs  30s        350.00 iters/s
step_00400 ✓ [ 100% ] 0000/0080 VUs  30s        400.00 iters/s
step_00450 ✓ [ 100% ] 0000/0090 VUs  30s        450.00 iters/s
step_00500   [  30% ] 0001/0100 VUs  09.0s/30s  500.00 iters/s
step_00550 • [   0% ] waiting        0m21.0s   
step_00600 • [   0% ] waiting        0m51.0s   
step_00650 • [   0% ] waiting        1m21.0s   
step_00700 • [   0% ] waiting        1m51.0s   
step_00750 • [   0% ] waiting        2m21.0s   
step_00800 • [   0% ] waiting        2m51.0s   
step_00850 • [   0% ] waiting        3m21.0s   
step_00900 • [   0% ] waiting        3m51.0s   
step_00950 • [   0% ] waiting        4m21.0s   
step_01000 • [   0% ] waiting        4m51.0s   

running (04m40.0s), 0001/0394 VUs, 72479 complete and 0 interrupted iterations
step_00050 ✓ [ 100% ] 000/020 VUs    30s        50.00 iters/s
step_00100 ✓ [ 100% ] 000/020 VUs    30s        100.00 iters/s
step_00150 ✓ [ 100% ] 000/030 VUs    30s        150.00 iters/s
step_00200 ✓ [ 100% ] 000/040 VUs    30s        200.00 iters/s
step_00250 ✓ [ 100% ] 000/050 VUs    30s        250.00 iters/s
step_00300 ✓ [ 100% ] 000/064 VUs    30s        300.00 iters/s
step_00350 ✓ [ 100% ] 0000/0070 VUs  30s        350.00 iters/s
step_00400 ✓ [ 100% ] 0000/0080 VUs  30s        400.00 iters/s
step_00450 ✓ [ 100% ] 0000/0090 VUs  30s        450.00 iters/s
step_00500   [  33% ] 0000/0100 VUs  10.0s/30s  500.00 iters/s
step_00550 • [   0% ] waiting        0m20.0s   
step_00600 • [   0% ] waiting        0m50.0s   
step_00650 • [   0% ] waiting        1m20.0s   
step_00700 • [   0% ] waiting        1m50.0s   
step_00750 • [   0% ] waiting        2m20.0s   
step_00800 • [   0% ] waiting        2m50.0s   
step_00850 • [   0% ] waiting        3m20.0s   
step_00900 • [   0% ] waiting        3m50.0s   
step_00950 • [   0% ] waiting        4m20.0s   
step_01000 • [   0% ] waiting        4m50.0s   

running (04m41.0s), 0001/0394 VUs, 72979 complete and 0 interrupted iterations
step_00050 ✓ [ 100% ] 000/020 VUs    30s        50.00 iters/s
step_00100 ✓ [ 100% ] 000/020 VUs    30s        100.00 iters/s
step_00150 ✓ [ 100% ] 000/030 VUs    30s        150.00 iters/s
step_00200 ✓ [ 100% ] 000/040 VUs    30s        200.00 iters/s
step_00250 ✓ [ 100% ] 000/050 VUs    30s        250.00 iters/s
step_00300 ✓ [ 100% ] 000/064 VUs    30s        300.00 iters/s
step_00350 ✓ [ 100% ] 0000/0070 VUs  30s        350.00 iters/s
step_00400 ✓ [ 100% ] 0000/0080 VUs  30s        400.00 iters/s
step_00450 ✓ [ 100% ] 0000/0090 VUs  30s        450.00 iters/s
step_00500   [  37% ] 0001/0100 VUs  11.0s/30s  500.00 iters/s
step_00550 • [   0% ] waiting        0m19.0s   
step_00600 • [   0% ] waiting        0m49.0s   
step_00650 • [   0% ] waiting        1m19.0s   
step_00700 • [   0% ] waiting        1m49.0s   
step_00750 • [   0% ] waiting        2m19.0s   
step_00800 • [   0% ] waiting        2m49.0s   
step_00850 • [   0% ] waiting        3m19.0s   
step_00900 • [   0% ] waiting        3m49.0s   
step_00950 • [   0% ] waiting        4m19.0s   
step_01000 • [   0% ] waiting        4m49.0s   

running (04m42.0s), 0001/0394 VUs, 73479 complete and 0 interrupted iterations
step_00050 ✓ [ 100% ] 000/020 VUs    30s        50.00 iters/s
step_00100 ✓ [ 100% ] 000/020 VUs    30s        100.00 iters/s
step_00150 ✓ [ 100% ] 000/030 VUs    30s        150.00 iters/s
step_00200 ✓ [ 100% ] 000/040 VUs    30s        200.00 iters/s
step_00250 ✓ [ 100% ] 000/050 VUs    30s        250.00 iters/s
step_00300 ✓ [ 100% ] 000/064 VUs    30s        300.00 iters/s
step_00350 ✓ [ 100% ] 0000/0070 VUs  30s        350.00 iters/s
step_00400 ✓ [ 100% ] 0000/0080 VUs  30s        400.00 iters/s
step_00450 ✓ [ 100% ] 0000/0090 VUs  30s        450.00 iters/s
step_00500   [  40% ] 0001/0100 VUs  12.0s/30s  500.00 iters/s
step_00550 • [   0% ] waiting        0m18.0s   
step_00600 • [   0% ] waiting        0m48.0s   
step_00650 • [   0% ] waiting        1m18.0s   
step_00700 • [   0% ] waiting        1m48.0s   
step_00750 • [   0% ] waiting        2m18.0s   
step_00800 • [   0% ] waiting        2m48.0s   
step_00850 • [   0% ] waiting        3m18.0s   
step_00900 • [   0% ] waiting        3m48.0s   
step_00950 • [   0% ] waiting        4m18.0s   
step_01000 • [   0% ] waiting        4m48.0s   

running (04m43.0s), 0003/0394 VUs, 73977 complete and 0 interrupted iterations
step_00050 ✓ [ 100% ] 000/020 VUs    30s        50.00 iters/s
step_00100 ✓ [ 100% ] 000/020 VUs    30s        100.00 iters/s
step_00150 ✓ [ 100% ] 000/030 VUs    30s        150.00 iters/s
step_00200 ✓ [ 100% ] 000/040 VUs    30s        200.00 iters/s
step_00250 ✓ [ 100% ] 000/050 VUs    30s        250.00 iters/s
step_00300 ✓ [ 100% ] 000/064 VUs    30s        300.00 iters/s
step_00350 ✓ [ 100% ] 0000/0070 VUs  30s        350.00 iters/s
step_00400 ✓ [ 100% ] 0000/0080 VUs  30s        400.00 iters/s
step_00450 ✓ [ 100% ] 0000/0090 VUs  30s        450.00 iters/s
step_00500   [  43% ] 0003/0100 VUs  13.0s/30s  500.00 iters/s
step_00550 • [   0% ] waiting        0m17.0s   
step_00600 • [   0% ] waiting        0m47.0s   
step_00650 • [   0% ] waiting        1m17.0s   
step_00700 • [   0% ] waiting        1m47.0s   
step_00750 • [   0% ] waiting        2m17.0s   
step_00800 • [   0% ] waiting        2m47.0s   
step_00850 • [   0% ] waiting        3m17.0s   
step_00900 • [   0% ] waiting        3m47.0s   
step_00950 • [   0% ] waiting        4m17.0s   
step_01000 • [   0% ] waiting        4m47.0s   

running (04m44.0s), 0001/0394 VUs, 74479 complete and 0 interrupted iterations
step_00050 ✓ [ 100% ] 000/020 VUs    30s        50.00 iters/s
step_00100 ✓ [ 100% ] 000/020 VUs    30s        100.00 iters/s
step_00150 ✓ [ 100% ] 000/030 VUs    30s        150.00 iters/s
step_00200 ✓ [ 100% ] 000/040 VUs    30s        200.00 iters/s
step_00250 ✓ [ 100% ] 000/050 VUs    30s        250.00 iters/s
step_00300 ✓ [ 100% ] 000/064 VUs    30s        300.00 iters/s
step_00350 ✓ [ 100% ] 0000/0070 VUs  30s        350.00 iters/s
step_00400 ✓ [ 100% ] 0000/0080 VUs  30s        400.00 iters/s
step_00450 ✓ [ 100% ] 0000/0090 VUs  30s        450.00 iters/s
step_00500   [  47% ] 0001/0100 VUs  14.0s/30s  500.00 iters/s
step_00550 • [   0% ] waiting        0m16.0s   
step_00600 • [   0% ] waiting        0m46.0s   
step_00650 • [   0% ] waiting        1m16.0s   
step_00700 • [   0% ] waiting        1m46.0s   
step_00750 • [   0% ] waiting        2m16.0s   
step_00800 • [   0% ] waiting        2m46.0s   
step_00850 • [   0% ] waiting        3m16.0s   
step_00900 • [   0% ] waiting        3m46.0s   
step_00950 • [   0% ] waiting        4m16.0s   
step_01000 • [   0% ] waiting        4m46.0s   

running (04m45.0s), 0001/0394 VUs, 74979 complete and 0 interrupted iterations
step_00050 ✓ [ 100% ] 000/020 VUs    30s        50.00 iters/s
step_00100 ✓ [ 100% ] 000/020 VUs    30s        100.00 iters/s
step_00150 ✓ [ 100% ] 000/030 VUs    30s        150.00 iters/s
step_00200 ✓ [ 100% ] 000/040 VUs    30s        200.00 iters/s
step_00250 ✓ [ 100% ] 000/050 VUs    30s        250.00 iters/s
step_00300 ✓ [ 100% ] 000/064 VUs    30s        300.00 iters/s
step_00350 ✓ [ 100% ] 0000/0070 VUs  30s        350.00 iters/s
step_00400 ✓ [ 100% ] 0000/0080 VUs  30s        400.00 iters/s
step_00450 ✓ [ 100% ] 0000/0090 VUs  30s        450.00 iters/s
step_00500   [  50% ] 0001/0100 VUs  15.0s/30s  500.00 iters/s
step_00550 • [   0% ] waiting        0m15.0s   
step_00600 • [   0% ] waiting        0m45.0s   
step_00650 • [   0% ] waiting        1m15.0s   
step_00700 • [   0% ] waiting        1m45.0s   
step_00750 • [   0% ] waiting        2m15.0s   
step_00800 • [   0% ] waiting        2m45.0s   
step_00850 • [   0% ] waiting        3m15.0s   
step_00900 • [   0% ] waiting        3m45.0s   
step_00950 • [   0% ] waiting        4m15.0s   
step_01000 • [   0% ] waiting        4m45.0s   

running (04m46.0s), 0002/0394 VUs, 75478 complete and 0 interrupted iterations
step_00050 ✓ [ 100% ] 000/020 VUs    30s        50.00 iters/s
step_00100 ✓ [ 100% ] 000/020 VUs    30s        100.00 iters/s
step_00150 ✓ [ 100% ] 000/030 VUs    30s        150.00 iters/s
step_00200 ✓ [ 100% ] 000/040 VUs    30s        200.00 iters/s
step_00250 ✓ [ 100% ] 000/050 VUs    30s        250.00 iters/s
step_00300 ✓ [ 100% ] 000/064 VUs    30s        300.00 iters/s
step_00350 ✓ [ 100% ] 0000/0070 VUs  30s        350.00 iters/s
step_00400 ✓ [ 100% ] 0000/0080 VUs  30s        400.00 iters/s
step_00450 ✓ [ 100% ] 0000/0090 VUs  30s        450.00 iters/s
step_00500   [  53% ] 0002/0100 VUs  16.0s/30s  500.00 iters/s
step_00550 • [   0% ] waiting        0m14.0s   
step_00600 • [   0% ] waiting        0m44.0s   
step_00650 • [   0% ] waiting        1m14.0s   
step_00700 • [   0% ] waiting        1m44.0s   
step_00750 • [   0% ] waiting        2m14.0s   
step_00800 • [   0% ] waiting        2m44.0s   
step_00850 • [   0% ] waiting        3m14.0s   
step_00900 • [   0% ] waiting        3m44.0s   
step_00950 • [   0% ] waiting        4m14.0s   
step_01000 • [   0% ] waiting        4m44.0s   

running (04m47.0s), 0001/0394 VUs, 75979 complete and 0 interrupted iterations
step_00050 ✓ [ 100% ] 000/020 VUs    30s        50.00 iters/s
step_00100 ✓ [ 100% ] 000/020 VUs    30s        100.00 iters/s
step_00150 ✓ [ 100% ] 000/030 VUs    30s        150.00 iters/s
step_00200 ✓ [ 100% ] 000/040 VUs    30s        200.00 iters/s
step_00250 ✓ [ 100% ] 000/050 VUs    30s        250.00 iters/s
step_00300 ✓ [ 100% ] 000/064 VUs    30s        300.00 iters/s
step_00350 ✓ [ 100% ] 0000/0070 VUs  30s        350.00 iters/s
step_00400 ✓ [ 100% ] 0000/0080 VUs  30s        400.00 iters/s
step_00450 ✓ [ 100% ] 0000/0090 VUs  30s        450.00 iters/s
step_00500   [  57% ] 0001/0100 VUs  17.0s/30s  500.00 iters/s
step_00550 • [   0% ] waiting        0m13.0s   
step_00600 • [   0% ] waiting        0m43.0s   
step_00650 • [   0% ] waiting        1m13.0s   
step_00700 • [   0% ] waiting        1m43.0s   
step_00750 • [   0% ] waiting        2m13.0s   
step_00800 • [   0% ] waiting        2m43.0s   
step_00850 • [   0% ] waiting        3m13.0s   
step_00900 • [   0% ] waiting        3m43.0s   
step_00950 • [   0% ] waiting        4m13.0s   
step_01000 • [   0% ] waiting        4m43.0s   

running (04m48.0s), 0001/0394 VUs, 76479 complete and 0 interrupted iterations
step_00050 ✓ [ 100% ] 000/020 VUs    30s        50.00 iters/s
step_00100 ✓ [ 100% ] 000/020 VUs    30s        100.00 iters/s
step_00150 ✓ [ 100% ] 000/030 VUs    30s        150.00 iters/s
step_00200 ✓ [ 100% ] 000/040 VUs    30s        200.00 iters/s
step_00250 ✓ [ 100% ] 000/050 VUs    30s        250.00 iters/s
step_00300 ✓ [ 100% ] 000/064 VUs    30s        300.00 iters/s
step_00350 ✓ [ 100% ] 0000/0070 VUs  30s        350.00 iters/s
step_00400 ✓ [ 100% ] 0000/0080 VUs  30s        400.00 iters/s
step_00450 ✓ [ 100% ] 0000/0090 VUs  30s        450.00 iters/s
step_00500   [  60% ] 0001/0100 VUs  18.0s/30s  500.00 iters/s
step_00550 • [   0% ] waiting        0m12.0s   
step_00600 • [   0% ] waiting        0m42.0s   
step_00650 • [   0% ] waiting        1m12.0s   
step_00700 • [   0% ] waiting        1m42.0s   
step_00750 • [   0% ] waiting        2m12.0s   
step_00800 • [   0% ] waiting        2m42.0s   
step_00850 • [   0% ] waiting        3m12.0s   
step_00900 • [   0% ] waiting        3m42.0s   
step_00950 • [   0% ] waiting        4m12.0s   
step_01000 • [   0% ] waiting        4m42.0s   

running (04m49.0s), 0001/0394 VUs, 76979 complete and 0 interrupted iterations
step_00050 ✓ [ 100% ] 000/020 VUs    30s        50.00 iters/s
step_00100 ✓ [ 100% ] 000/020 VUs    30s        100.00 iters/s
step_00150 ✓ [ 100% ] 000/030 VUs    30s        150.00 iters/s
step_00200 ✓ [ 100% ] 000/040 VUs    30s        200.00 iters/s
step_00250 ✓ [ 100% ] 000/050 VUs    30s        250.00 iters/s
step_00300 ✓ [ 100% ] 000/064 VUs    30s        300.00 iters/s
step_00350 ✓ [ 100% ] 0000/0070 VUs  30s        350.00 iters/s
step_00400 ✓ [ 100% ] 0000/0080 VUs  30s        400.00 iters/s
step_00450 ✓ [ 100% ] 0000/0090 VUs  30s        450.00 iters/s
step_00500   [  63% ] 0001/0100 VUs  19.0s/30s  500.00 iters/s
step_00550 • [   0% ] waiting        0m11.0s   
step_00600 • [   0% ] waiting        0m41.0s   
step_00650 • [   0% ] waiting        1m11.0s   
step_00700 • [   0% ] waiting        1m41.0s   
step_00750 • [   0% ] waiting        2m11.0s   
step_00800 • [   0% ] waiting        2m41.0s   
step_00850 • [   0% ] waiting        3m11.0s   
step_00900 • [   0% ] waiting        3m41.0s   
step_00950 • [   0% ] waiting        4m11.0s   
step_01000 • [   0% ] waiting        4m41.0s   

running (04m50.0s), 0001/0394 VUs, 77479 complete and 0 interrupted iterations
step_00050 ✓ [ 100% ] 000/020 VUs    30s        50.00 iters/s
step_00100 ✓ [ 100% ] 000/020 VUs    30s        100.00 iters/s
step_00150 ✓ [ 100% ] 000/030 VUs    30s        150.00 iters/s
step_00200 ✓ [ 100% ] 000/040 VUs    30s        200.00 iters/s
step_00250 ✓ [ 100% ] 000/050 VUs    30s        250.00 iters/s
step_00300 ✓ [ 100% ] 000/064 VUs    30s        300.00 iters/s
step_00350 ✓ [ 100% ] 0000/0070 VUs  30s        350.00 iters/s
step_00400 ✓ [ 100% ] 0000/0080 VUs  30s        400.00 iters/s
step_00450 ✓ [ 100% ] 0000/0090 VUs  30s        450.00 iters/s
step_00500   [  67% ] 0001/0100 VUs  20.0s/30s  500.00 iters/s
step_00550 • [   0% ] waiting        0m10.0s   
step_00600 • [   0% ] waiting        0m40.0s   
step_00650 • [   0% ] waiting        1m10.0s   
step_00700 • [   0% ] waiting        1m40.0s   
step_00750 • [   0% ] waiting        2m10.0s   
step_00800 • [   0% ] waiting        2m40.0s   
step_00850 • [   0% ] waiting        3m10.0s   
step_00900 • [   0% ] waiting        3m40.0s   
step_00950 • [   0% ] waiting        4m10.0s   
step_01000 • [   0% ] waiting        4m40.0s   

running (04m51.0s), 0001/0394 VUs, 77979 complete and 0 interrupted iterations
step_00050 ✓ [ 100% ] 000/020 VUs    30s        50.00 iters/s
step_00100 ✓ [ 100% ] 000/020 VUs    30s        100.00 iters/s
step_00150 ✓ [ 100% ] 000/030 VUs    30s        150.00 iters/s
step_00200 ✓ [ 100% ] 000/040 VUs    30s        200.00 iters/s
step_00250 ✓ [ 100% ] 000/050 VUs    30s        250.00 iters/s
step_00300 ✓ [ 100% ] 000/064 VUs    30s        300.00 iters/s
step_00350 ✓ [ 100% ] 0000/0070 VUs  30s        350.00 iters/s
step_00400 ✓ [ 100% ] 0000/0080 VUs  30s        400.00 iters/s
step_00450 ✓ [ 100% ] 0000/0090 VUs  30s        450.00 iters/s
step_00500   [  70% ] 0001/0100 VUs  21.0s/30s  500.00 iters/s
step_00550 • [   0% ] waiting        0m09.0s   
step_00600 • [   0% ] waiting        0m39.0s   
step_00650 • [   0% ] waiting        1m09.0s   
step_00700 • [   0% ] waiting        1m39.0s   
step_00750 • [   0% ] waiting        2m09.0s   
step_00800 • [   0% ] waiting        2m39.0s   
step_00850 • [   0% ] waiting        3m09.0s   
step_00900 • [   0% ] waiting        3m39.0s   
step_00950 • [   0% ] waiting        4m09.0s   
step_01000 • [   0% ] waiting        4m39.0s   

running (04m52.0s), 0000/0394 VUs, 78480 complete and 0 interrupted iterations
step_00050 ✓ [ 100% ] 000/020 VUs    30s        50.00 iters/s
step_00100 ✓ [ 100% ] 000/020 VUs    30s        100.00 iters/s
step_00150 ✓ [ 100% ] 000/030 VUs    30s        150.00 iters/s
step_00200 ✓ [ 100% ] 000/040 VUs    30s        200.00 iters/s
step_00250 ✓ [ 100% ] 000/050 VUs    30s        250.00 iters/s
step_00300 ✓ [ 100% ] 000/064 VUs    30s        300.00 iters/s
step_00350 ✓ [ 100% ] 0000/0070 VUs  30s        350.00 iters/s
step_00400 ✓ [ 100% ] 0000/0080 VUs  30s        400.00 iters/s
step_00450 ✓ [ 100% ] 0000/0090 VUs  30s        450.00 iters/s
step_00500   [  73% ] 0000/0100 VUs  22.0s/30s  500.00 iters/s
step_00550 • [   0% ] waiting        0m08.0s   
step_00600 • [   0% ] waiting        0m38.0s   
step_00650 • [   0% ] waiting        1m08.0s   
step_00700 • [   0% ] waiting        1m38.0s   
step_00750 • [   0% ] waiting        2m08.0s   
step_00800 • [   0% ] waiting        2m38.0s   
step_00850 • [   0% ] waiting        3m08.0s   
step_00900 • [   0% ] waiting        3m38.0s   
step_00950 • [   0% ] waiting        4m08.0s   
step_01000 • [   0% ] waiting        4m38.0s   

running (04m53.0s), 0003/0394 VUs, 78977 complete and 0 interrupted iterations
step_00050 ✓ [ 100% ] 000/020 VUs    30s        50.00 iters/s
step_00100 ✓ [ 100% ] 000/020 VUs    30s        100.00 iters/s
step_00150 ✓ [ 100% ] 000/030 VUs    30s        150.00 iters/s
step_00200 ✓ [ 100% ] 000/040 VUs    30s        200.00 iters/s
step_00250 ✓ [ 100% ] 000/050 VUs    30s        250.00 iters/s
step_00300 ✓ [ 100% ] 000/064 VUs    30s        300.00 iters/s
step_00350 ✓ [ 100% ] 0000/0070 VUs  30s        350.00 iters/s
step_00400 ✓ [ 100% ] 0000/0080 VUs  30s        400.00 iters/s
step_00450 ✓ [ 100% ] 0000/0090 VUs  30s        450.00 iters/s
step_00500   [  77% ] 0003/0100 VUs  23.0s/30s  500.00 iters/s
step_00550 • [   0% ] waiting        0m07.0s   
step_00600 • [   0% ] waiting        0m37.0s   
step_00650 • [   0% ] waiting        1m07.0s   
step_00700 • [   0% ] waiting        1m37.0s   
step_00750 • [   0% ] waiting        2m07.0s   
step_00800 • [   0% ] waiting        2m37.0s   
step_00850 • [   0% ] waiting        3m07.0s   
step_00900 • [   0% ] waiting        3m37.0s   
step_00950 • [   0% ] waiting        4m07.0s   
step_01000 • [   0% ] waiting        4m37.0s   

running (04m54.0s), 0001/0394 VUs, 79479 complete and 0 interrupted iterations
step_00050 ✓ [ 100% ] 000/020 VUs    30s        50.00 iters/s
step_00100 ✓ [ 100% ] 000/020 VUs    30s        100.00 iters/s
step_00150 ✓ [ 100% ] 000/030 VUs    30s        150.00 iters/s
step_00200 ✓ [ 100% ] 000/040 VUs    30s        200.00 iters/s
step_00250 ✓ [ 100% ] 000/050 VUs    30s        250.00 iters/s
step_00300 ✓ [ 100% ] 000/064 VUs    30s        300.00 iters/s
step_00350 ✓ [ 100% ] 0000/0070 VUs  30s        350.00 iters/s
step_00400 ✓ [ 100% ] 0000/0080 VUs  30s        400.00 iters/s
step_00450 ✓ [ 100% ] 0000/0090 VUs  30s        450.00 iters/s
step_00500   [  80% ] 0001/0100 VUs  24.0s/30s  500.00 iters/s
step_00550 • [   0% ] waiting        0m06.0s   
step_00600 • [   0% ] waiting        0m36.0s   
step_00650 • [   0% ] waiting        1m06.0s   
step_00700 • [   0% ] waiting        1m36.0s   
step_00750 • [   0% ] waiting        2m06.0s   
step_00800 • [   0% ] waiting        2m36.0s   
step_00850 • [   0% ] waiting        3m06.0s   
step_00900 • [   0% ] waiting        3m36.0s   
step_00950 • [   0% ] waiting        4m06.0s   
step_01000 • [   0% ] waiting        4m36.0s   

running (04m55.0s), 0001/0394 VUs, 79979 complete and 0 interrupted iterations
step_00050 ✓ [ 100% ] 000/020 VUs    30s        50.00 iters/s
step_00100 ✓ [ 100% ] 000/020 VUs    30s        100.00 iters/s
step_00150 ✓ [ 100% ] 000/030 VUs    30s        150.00 iters/s
step_00200 ✓ [ 100% ] 000/040 VUs    30s        200.00 iters/s
step_00250 ✓ [ 100% ] 000/050 VUs    30s        250.00 iters/s
step_00300 ✓ [ 100% ] 000/064 VUs    30s        300.00 iters/s
step_00350 ✓ [ 100% ] 0000/0070 VUs  30s        350.00 iters/s
step_00400 ✓ [ 100% ] 0000/0080 VUs  30s        400.00 iters/s
step_00450 ✓ [ 100% ] 0000/0090 VUs  30s        450.00 iters/s
step_00500   [  83% ] 0001/0100 VUs  25.0s/30s  500.00 iters/s
step_00550 • [   0% ] waiting        0m05.0s   
step_00600 • [   0% ] waiting        0m35.0s   
step_00650 • [   0% ] waiting        1m05.0s   
step_00700 • [   0% ] waiting        1m35.0s   
step_00750 • [   0% ] waiting        2m05.0s   
step_00800 • [   0% ] waiting        2m35.0s   
step_00850 • [   0% ] waiting        3m05.0s   
step_00900 • [   0% ] waiting        3m35.0s   
step_00950 • [   0% ] waiting        4m05.0s   
step_01000 • [   0% ] waiting        4m35.0s   

running (04m56.0s), 0007/0394 VUs, 80473 complete and 0 interrupted iterations
step_00050 ✓ [ 100% ] 000/020 VUs    30s        50.00 iters/s
step_00100 ✓ [ 100% ] 000/020 VUs    30s        100.00 iters/s
step_00150 ✓ [ 100% ] 000/030 VUs    30s        150.00 iters/s
step_00200 ✓ [ 100% ] 000/040 VUs    30s        200.00 iters/s
step_00250 ✓ [ 100% ] 000/050 VUs    30s        250.00 iters/s
step_00300 ✓ [ 100% ] 000/064 VUs    30s        300.00 iters/s
step_00350 ✓ [ 100% ] 0000/0070 VUs  30s        350.00 iters/s
step_00400 ✓ [ 100% ] 0000/0080 VUs  30s        400.00 iters/s
step_00450 ✓ [ 100% ] 0000/0090 VUs  30s        450.00 iters/s
step_00500   [  87% ] 0007/0100 VUs  26.0s/30s  500.00 iters/s
step_00550 • [   0% ] waiting        0m04.0s   
step_00600 • [   0% ] waiting        0m34.0s   
step_00650 • [   0% ] waiting        1m04.0s   
step_00700 • [   0% ] waiting        1m34.0s   
step_00750 • [   0% ] waiting        2m04.0s   
step_00800 • [   0% ] waiting        2m34.0s   
step_00850 • [   0% ] waiting        3m04.0s   
step_00900 • [   0% ] waiting        3m34.0s   
step_00950 • [   0% ] waiting        4m04.0s   
step_01000 • [   0% ] waiting        4m34.0s   

running (04m57.0s), 0047/0394 VUs, 80933 complete and 0 interrupted iterations
step_00050 ✓ [ 100% ] 000/020 VUs    30s        50.00 iters/s
step_00100 ✓ [ 100% ] 000/020 VUs    30s        100.00 iters/s
step_00150 ✓ [ 100% ] 000/030 VUs    30s        150.00 iters/s
step_00200 ✓ [ 100% ] 000/040 VUs    30s        200.00 iters/s
step_00250 ✓ [ 100% ] 000/050 VUs    30s        250.00 iters/s
step_00300 ✓ [ 100% ] 000/064 VUs    30s        300.00 iters/s
step_00350 ✓ [ 100% ] 0000/0070 VUs  30s        350.00 iters/s
step_00400 ✓ [ 100% ] 0000/0080 VUs  30s        400.00 iters/s
step_00450 ✓ [ 100% ] 0000/0090 VUs  30s        450.00 iters/s
step_00500   [  90% ] 0047/0100 VUs  27.0s/30s  500.00 iters/s
step_00550 • [   0% ] waiting        0m03.0s   
step_00600 • [   0% ] waiting        0m33.0s   
step_00650 • [   0% ] waiting        1m03.0s   
step_00700 • [   0% ] waiting        1m33.0s   
step_00750 • [   0% ] waiting        2m03.0s   
step_00800 • [   0% ] waiting        2m33.0s   
step_00850 • [   0% ] waiting        3m03.0s   
step_00900 • [   0% ] waiting        3m33.0s   
step_00950 • [   0% ] waiting        4m03.0s   
step_01000 • [   0% ] waiting        4m33.0s   

running (04m58.0s), 0001/0394 VUs, 81479 complete and 0 interrupted iterations
step_00050 ✓ [ 100% ] 000/020 VUs    30s        50.00 iters/s
step_00100 ✓ [ 100% ] 000/020 VUs    30s        100.00 iters/s
step_00150 ✓ [ 100% ] 000/030 VUs    30s        150.00 iters/s
step_00200 ✓ [ 100% ] 000/040 VUs    30s        200.00 iters/s
step_00250 ✓ [ 100% ] 000/050 VUs    30s        250.00 iters/s
step_00300 ✓ [ 100% ] 000/064 VUs    30s        300.00 iters/s
step_00350 ✓ [ 100% ] 0000/0070 VUs  30s        350.00 iters/s
step_00400 ✓ [ 100% ] 0000/0080 VUs  30s        400.00 iters/s
step_00450 ✓ [ 100% ] 0000/0090 VUs  30s        450.00 iters/s
step_00500   [  93% ] 0001/0100 VUs  28.0s/30s  500.00 iters/s
step_00550 • [   0% ] waiting        0m02.0s   
step_00600 • [   0% ] waiting        0m32.0s   
step_00650 • [   0% ] waiting        1m02.0s   
step_00700 • [   0% ] waiting        1m32.0s   
step_00750 • [   0% ] waiting        2m02.0s   
step_00800 • [   0% ] waiting        2m32.0s   
step_00850 • [   0% ] waiting        3m02.0s   
step_00900 • [   0% ] waiting        3m32.0s   
step_00950 • [   0% ] waiting        4m02.0s   
step_01000 • [   0% ] waiting        4m32.0s   

running (04m59.0s), 0001/0394 VUs, 81979 complete and 0 interrupted iterations
step_00050 ✓ [ 100% ] 000/020 VUs    30s        50.00 iters/s
step_00100 ✓ [ 100% ] 000/020 VUs    30s        100.00 iters/s
step_00150 ✓ [ 100% ] 000/030 VUs    30s        150.00 iters/s
step_00200 ✓ [ 100% ] 000/040 VUs    30s        200.00 iters/s
step_00250 ✓ [ 100% ] 000/050 VUs    30s        250.00 iters/s
step_00300 ✓ [ 100% ] 000/064 VUs    30s        300.00 iters/s
step_00350 ✓ [ 100% ] 0000/0070 VUs  30s        350.00 iters/s
step_00400 ✓ [ 100% ] 0000/0080 VUs  30s        400.00 iters/s
step_00450 ✓ [ 100% ] 0000/0090 VUs  30s        450.00 iters/s
step_00500   [  97% ] 0001/0100 VUs  29.0s/30s  500.00 iters/s
step_00550 • [   0% ] waiting        0m01.0s   
step_00600 • [   0% ] waiting        0m31.0s   
step_00650 • [   0% ] waiting        1m01.0s   
step_00700 • [   0% ] waiting        1m31.0s   
step_00750 • [   0% ] waiting        2m01.0s   
step_00800 • [   0% ] waiting        2m31.0s   
step_00850 • [   0% ] waiting        3m01.0s   
step_00900 • [   0% ] waiting        3m31.0s   
step_00950 • [   0% ] waiting        4m01.0s   
step_01000 • [   0% ] waiting        4m31.0s   

running (05m00.0s), 0001/0394 VUs, 82479 complete and 0 interrupted iterations
step_00050 ✓ [ 100% ] 000/020 VUs    30s        50.00 iters/s
step_00100 ✓ [ 100% ] 000/020 VUs    30s        100.00 iters/s
step_00150 ✓ [ 100% ] 000/030 VUs    30s        150.00 iters/s
step_00200 ✓ [ 100% ] 000/040 VUs    30s        200.00 iters/s
step_00250 ✓ [ 100% ] 000/050 VUs    30s        250.00 iters/s
step_00300 ✓ [ 100% ] 000/064 VUs    30s        300.00 iters/s
step_00350 ✓ [ 100% ] 0000/0070 VUs  30s        350.00 iters/s
step_00400 ✓ [ 100% ] 0000/0080 VUs  30s        400.00 iters/s
step_00450 ✓ [ 100% ] 0000/0090 VUs  30s        450.00 iters/s
step_00500   [ 100% ] 0001/0100 VUs  30.0s/30s  500.00 iters/s
step_00550 • [   0% ] waiting        0m00.0s   
step_00600 • [   0% ] waiting        0m30.0s   
step_00650 • [   0% ] waiting        1m00.0s   
step_00700 • [   0% ] waiting        1m30.0s   
step_00750 • [   0% ] waiting        2m00.0s   
step_00800 • [   0% ] waiting        2m30.0s   
step_00850 • [   0% ] waiting        3m00.0s   
step_00900 • [   0% ] waiting        3m30.0s   
step_00950 • [   0% ] waiting        4m00.0s   
step_01000 • [   0% ] waiting        4m30.0s   

running (05m01.0s), 0003/0394 VUs, 83026 complete and 0 interrupted iterations
step_00050 ✓ [ 100% ] 000/020 VUs    30s        50.00 iters/s
step_00100 ✓ [ 100% ] 000/020 VUs    30s        100.00 iters/s
step_00150 ✓ [ 100% ] 000/030 VUs    30s        150.00 iters/s
step_00200 ✓ [ 100% ] 000/040 VUs    30s        200.00 iters/s
step_00250 ✓ [ 100% ] 000/050 VUs    30s        250.00 iters/s
step_00300 ✓ [ 100% ] 000/064 VUs    30s        300.00 iters/s
step_00350 ✓ [ 100% ] 0000/0070 VUs  30s        350.00 iters/s
step_00400 ✓ [ 100% ] 0000/0080 VUs  30s        400.00 iters/s
step_00450 ✓ [ 100% ] 0000/0090 VUs  30s        450.00 iters/s
step_00500 ✓ [ 100% ] 0000/0100 VUs  30s        500.00 iters/s
step_00550   [   3% ] 0003/0110 VUs  01.0s/30s  550.00 iters/s
step_00600 • [   0% ] waiting        0m29.0s   
step_00650 • [   0% ] waiting        0m59.0s   
step_00700 • [   0% ] waiting        1m29.0s   
step_00750 • [   0% ] waiting        1m59.0s   
step_00800 • [   0% ] waiting        2m29.0s   
step_00850 • [   0% ] waiting        2m59.0s   
step_00900 • [   0% ] waiting        3m29.0s   
step_00950 • [   0% ] waiting        3m59.0s   
step_01000 • [   0% ] waiting        4m29.0s   

running (05m02.0s), 0001/0394 VUs, 83578 complete and 0 interrupted iterations
step_00050 ✓ [ 100% ] 000/020 VUs    30s        50.00 iters/s
step_00100 ✓ [ 100% ] 000/020 VUs    30s        100.00 iters/s
step_00150 ✓ [ 100% ] 000/030 VUs    30s        150.00 iters/s
step_00200 ✓ [ 100% ] 000/040 VUs    30s        200.00 iters/s
step_00250 ✓ [ 100% ] 000/050 VUs    30s        250.00 iters/s
step_00300 ✓ [ 100% ] 000/064 VUs    30s        300.00 iters/s
step_00350 ✓ [ 100% ] 0000/0070 VUs  30s        350.00 iters/s
step_00400 ✓ [ 100% ] 0000/0080 VUs  30s        400.00 iters/s
step_00450 ✓ [ 100% ] 0000/0090 VUs  30s        450.00 iters/s
step_00500 ✓ [ 100% ] 0000/0100 VUs  30s        500.00 iters/s
step_00550   [   7% ] 0001/0110 VUs  02.0s/30s  550.00 iters/s
step_00600 • [   0% ] waiting        0m28.0s   
step_00650 • [   0% ] waiting        0m58.0s   
step_00700 • [   0% ] waiting        1m28.0s   
step_00750 • [   0% ] waiting        1m58.0s   
step_00800 • [   0% ] waiting        2m28.0s   
step_00850 • [   0% ] waiting        2m58.0s   
step_00900 • [   0% ] waiting        3m28.0s   
step_00950 • [   0% ] waiting        3m58.0s   
step_01000 • [   0% ] waiting        4m28.0s   

running (05m03.0s), 0003/0394 VUs, 84126 complete and 0 interrupted iterations
step_00050 ✓ [ 100% ] 000/020 VUs    30s        50.00 iters/s
step_00100 ✓ [ 100% ] 000/020 VUs    30s        100.00 iters/s
step_00150 ✓ [ 100% ] 000/030 VUs    30s        150.00 iters/s
step_00200 ✓ [ 100% ] 000/040 VUs    30s        200.00 iters/s
step_00250 ✓ [ 100% ] 000/050 VUs    30s        250.00 iters/s
step_00300 ✓ [ 100% ] 000/064 VUs    30s        300.00 iters/s
step_00350 ✓ [ 100% ] 0000/0070 VUs  30s        350.00 iters/s
step_00400 ✓ [ 100% ] 0000/0080 VUs  30s        400.00 iters/s
step_00450 ✓ [ 100% ] 0000/0090 VUs  30s        450.00 iters/s
step_00500 ✓ [ 100% ] 0000/0100 VUs  30s        500.00 iters/s
step_00550   [  10% ] 0003/0110 VUs  03.0s/30s  550.00 iters/s
step_00600 • [   0% ] waiting        0m27.0s   
step_00650 • [   0% ] waiting        0m57.0s   
step_00700 • [   0% ] waiting        1m27.0s   
step_00750 • [   0% ] waiting        1m57.0s   
step_00800 • [   0% ] waiting        2m27.0s   
step_00850 • [   0% ] waiting        2m57.0s   
step_00900 • [   0% ] waiting        3m27.0s   
step_00950 • [   0% ] waiting        3m57.0s   
step_01000 • [   0% ] waiting        4m27.0s   

running (05m04.0s), 0001/0394 VUs, 84678 complete and 0 interrupted iterations
step_00050 ✓ [ 100% ] 000/020 VUs    30s        50.00 iters/s
step_00100 ✓ [ 100% ] 000/020 VUs    30s        100.00 iters/s
step_00150 ✓ [ 100% ] 000/030 VUs    30s        150.00 iters/s
step_00200 ✓ [ 100% ] 000/040 VUs    30s        200.00 iters/s
step_00250 ✓ [ 100% ] 000/050 VUs    30s        250.00 iters/s
step_00300 ✓ [ 100% ] 000/064 VUs    30s        300.00 iters/s
step_00350 ✓ [ 100% ] 0000/0070 VUs  30s        350.00 iters/s
step_00400 ✓ [ 100% ] 0000/0080 VUs  30s        400.00 iters/s
step_00450 ✓ [ 100% ] 0000/0090 VUs  30s        450.00 iters/s
step_00500 ✓ [ 100% ] 0000/0100 VUs  30s        500.00 iters/s
step_00550   [  13% ] 0001/0110 VUs  04.0s/30s  550.00 iters/s
step_00600 • [   0% ] waiting        0m26.0s   
step_00650 • [   0% ] waiting        0m56.0s   
step_00700 • [   0% ] waiting        1m26.0s   
step_00750 • [   0% ] waiting        1m56.0s   
step_00800 • [   0% ] waiting        2m26.0s   
step_00850 • [   0% ] waiting        2m56.0s   
step_00900 • [   0% ] waiting        3m26.0s   
step_00950 • [   0% ] waiting        3m56.0s   
step_01000 • [   0% ] waiting        4m26.0s   

running (05m05.0s), 0001/0394 VUs, 85228 complete and 0 interrupted iterations
step_00050 ✓ [ 100% ] 000/020 VUs    30s        50.00 iters/s
step_00100 ✓ [ 100% ] 000/020 VUs    30s        100.00 iters/s
step_00150 ✓ [ 100% ] 000/030 VUs    30s        150.00 iters/s
step_00200 ✓ [ 100% ] 000/040 VUs    30s        200.00 iters/s
step_00250 ✓ [ 100% ] 000/050 VUs    30s        250.00 iters/s
step_00300 ✓ [ 100% ] 000/064 VUs    30s        300.00 iters/s
step_00350 ✓ [ 100% ] 0000/0070 VUs  30s        350.00 iters/s
step_00400 ✓ [ 100% ] 0000/0080 VUs  30s        400.00 iters/s
step_00450 ✓ [ 100% ] 0000/0090 VUs  30s        450.00 iters/s
step_00500 ✓ [ 100% ] 0000/0100 VUs  30s        500.00 iters/s
step_00550   [  17% ] 0001/0110 VUs  05.0s/30s  550.00 iters/s
step_00600 • [   0% ] waiting        0m25.0s   
step_00650 • [   0% ] waiting        0m55.0s   
step_00700 • [   0% ] waiting        1m25.0s   
step_00750 • [   0% ] waiting        1m55.0s   
step_00800 • [   0% ] waiting        2m25.0s   
step_00850 • [   0% ] waiting        2m55.0s   
step_00900 • [   0% ] waiting        3m25.0s   
step_00950 • [   0% ] waiting        3m55.0s   
step_01000 • [   0% ] waiting        4m25.0s   

running (05m06.0s), 0002/0394 VUs, 85777 complete and 0 interrupted iterations
step_00050 ✓ [ 100% ] 000/020 VUs    30s        50.00 iters/s
step_00100 ✓ [ 100% ] 000/020 VUs    30s        100.00 iters/s
step_00150 ✓ [ 100% ] 000/030 VUs    30s        150.00 iters/s
step_00200 ✓ [ 100% ] 000/040 VUs    30s        200.00 iters/s
step_00250 ✓ [ 100% ] 000/050 VUs    30s        250.00 iters/s
step_00300 ✓ [ 100% ] 000/064 VUs    30s        300.00 iters/s
step_00350 ✓ [ 100% ] 0000/0070 VUs  30s        350.00 iters/s
step_00400 ✓ [ 100% ] 0000/0080 VUs  30s        400.00 iters/s
step_00450 ✓ [ 100% ] 0000/0090 VUs  30s        450.00 iters/s
step_00500 ✓ [ 100% ] 0000/0100 VUs  30s        500.00 iters/s
step_00550   [  20% ] 0002/0110 VUs  06.0s/30s  550.00 iters/s
step_00600 • [   0% ] waiting        0m24.0s   
step_00650 • [   0% ] waiting        0m54.0s   
step_00700 • [   0% ] waiting        1m24.0s   
step_00750 • [   0% ] waiting        1m54.0s   
step_00800 • [   0% ] waiting        2m24.0s   
step_00850 • [   0% ] waiting        2m54.0s   
step_00900 • [   0% ] waiting        3m24.0s   
step_00950 • [   0% ] waiting        3m54.0s   
step_01000 • [   0% ] waiting        4m24.0s   

running (05m07.0s), 0002/0394 VUs, 86327 complete and 0 interrupted iterations
step_00050 ✓ [ 100% ] 000/020 VUs    30s        50.00 iters/s
step_00100 ✓ [ 100% ] 000/020 VUs    30s        100.00 iters/s
step_00150 ✓ [ 100% ] 000/030 VUs    30s        150.00 iters/s
step_00200 ✓ [ 100% ] 000/040 VUs    30s        200.00 iters/s
step_00250 ✓ [ 100% ] 000/050 VUs    30s        250.00 iters/s
step_00300 ✓ [ 100% ] 000/064 VUs    30s        300.00 iters/s
step_00350 ✓ [ 100% ] 0000/0070 VUs  30s        350.00 iters/s
step_00400 ✓ [ 100% ] 0000/0080 VUs  30s        400.00 iters/s
step_00450 ✓ [ 100% ] 0000/0090 VUs  30s        450.00 iters/s
step_00500 ✓ [ 100% ] 0000/0100 VUs  30s        500.00 iters/s
step_00550   [  23% ] 0002/0110 VUs  07.0s/30s  550.00 iters/s
step_00600 • [   0% ] waiting        0m23.0s   
step_00650 • [   0% ] waiting        0m53.0s   
step_00700 • [   0% ] waiting        1m23.0s   
step_00750 • [   0% ] waiting        1m53.0s   
step_00800 • [   0% ] waiting        2m23.0s   
step_00850 • [   0% ] waiting        2m53.0s   
step_00900 • [   0% ] waiting        3m23.0s   
step_00950 • [   0% ] waiting        3m53.0s   
step_01000 • [   0% ] waiting        4m23.0s   

running (05m08.0s), 0001/0394 VUs, 86878 complete and 0 interrupted iterations
step_00050 ✓ [ 100% ] 000/020 VUs    30s        50.00 iters/s
step_00100 ✓ [ 100% ] 000/020 VUs    30s        100.00 iters/s
step_00150 ✓ [ 100% ] 000/030 VUs    30s        150.00 iters/s
step_00200 ✓ [ 100% ] 000/040 VUs    30s        200.00 iters/s
step_00250 ✓ [ 100% ] 000/050 VUs    30s        250.00 iters/s
step_00300 ✓ [ 100% ] 000/064 VUs    30s        300.00 iters/s
step_00350 ✓ [ 100% ] 0000/0070 VUs  30s        350.00 iters/s
step_00400 ✓ [ 100% ] 0000/0080 VUs  30s        400.00 iters/s
step_00450 ✓ [ 100% ] 0000/0090 VUs  30s        450.00 iters/s
step_00500 ✓ [ 100% ] 0000/0100 VUs  30s        500.00 iters/s
step_00550   [  27% ] 0001/0110 VUs  08.0s/30s  550.00 iters/s
step_00600 • [   0% ] waiting        0m22.0s   
step_00650 • [   0% ] waiting        0m52.0s   
step_00700 • [   0% ] waiting        1m22.0s   
step_00750 • [   0% ] waiting        1m52.0s   
step_00800 • [   0% ] waiting        2m22.0s   
step_00850 • [   0% ] waiting        2m52.0s   
step_00900 • [   0% ] waiting        3m22.0s   
step_00950 • [   0% ] waiting        3m52.0s   
step_01000 • [   0% ] waiting        4m22.0s   

running (05m09.0s), 0001/0394 VUs, 87428 complete and 0 interrupted iterations
step_00050 ✓ [ 100% ] 000/020 VUs    30s        50.00 iters/s
step_00100 ✓ [ 100% ] 000/020 VUs    30s        100.00 iters/s
step_00150 ✓ [ 100% ] 000/030 VUs    30s        150.00 iters/s
step_00200 ✓ [ 100% ] 000/040 VUs    30s        200.00 iters/s
step_00250 ✓ [ 100% ] 000/050 VUs    30s        250.00 iters/s
step_00300 ✓ [ 100% ] 000/064 VUs    30s        300.00 iters/s
step_00350 ✓ [ 100% ] 0000/0070 VUs  30s        350.00 iters/s
step_00400 ✓ [ 100% ] 0000/0080 VUs  30s        400.00 iters/s
step_00450 ✓ [ 100% ] 0000/0090 VUs  30s        450.00 iters/s
step_00500 ✓ [ 100% ] 0000/0100 VUs  30s        500.00 iters/s
step_00550   [  30% ] 0001/0110 VUs  09.0s/30s  550.00 iters/s
step_00600 • [   0% ] waiting        0m21.0s   
step_00650 • [   0% ] waiting        0m51.0s   
step_00700 • [   0% ] waiting        1m21.0s   
step_00750 • [   0% ] waiting        1m51.0s   
step_00800 • [   0% ] waiting        2m21.0s   
step_00850 • [   0% ] waiting        2m51.0s   
step_00900 • [   0% ] waiting        3m21.0s   
step_00950 • [   0% ] waiting        3m51.0s   
step_01000 • [   0% ] waiting        4m21.0s   

running (05m10.0s), 0001/0394 VUs, 87978 complete and 0 interrupted iterations
step_00050 ✓ [ 100% ] 000/020 VUs    30s        50.00 iters/s
step_00100 ✓ [ 100% ] 000/020 VUs    30s        100.00 iters/s
step_00150 ✓ [ 100% ] 000/030 VUs    30s        150.00 iters/s
step_00200 ✓ [ 100% ] 000/040 VUs    30s        200.00 iters/s
step_00250 ✓ [ 100% ] 000/050 VUs    30s        250.00 iters/s
step_00300 ✓ [ 100% ] 000/064 VUs    30s        300.00 iters/s
step_00350 ✓ [ 100% ] 0000/0070 VUs  30s        350.00 iters/s
step_00400 ✓ [ 100% ] 0000/0080 VUs  30s        400.00 iters/s
step_00450 ✓ [ 100% ] 0000/0090 VUs  30s        450.00 iters/s
step_00500 ✓ [ 100% ] 0000/0100 VUs  30s        500.00 iters/s
step_00550   [  33% ] 0001/0110 VUs  10.0s/30s  550.00 iters/s
step_00600 • [   0% ] waiting        0m20.0s   
step_00650 • [   0% ] waiting        0m50.0s   
step_00700 • [   0% ] waiting        1m20.0s   
step_00750 • [   0% ] waiting        1m50.0s   
step_00800 • [   0% ] waiting        2m20.0s   
step_00850 • [   0% ] waiting        2m50.0s   
step_00900 • [   0% ] waiting        3m20.0s   
step_00950 • [   0% ] waiting        3m50.0s   
step_01000 • [   0% ] waiting        4m20.0s   

running (05m11.0s), 0001/0394 VUs, 88528 complete and 0 interrupted iterations
step_00050 ✓ [ 100% ] 000/020 VUs    30s        50.00 iters/s
step_00100 ✓ [ 100% ] 000/020 VUs    30s        100.00 iters/s
step_00150 ✓ [ 100% ] 000/030 VUs    30s        150.00 iters/s
step_00200 ✓ [ 100% ] 000/040 VUs    30s        200.00 iters/s
step_00250 ✓ [ 100% ] 000/050 VUs    30s        250.00 iters/s
step_00300 ✓ [ 100% ] 000/064 VUs    30s        300.00 iters/s
step_00350 ✓ [ 100% ] 0000/0070 VUs  30s        350.00 iters/s
step_00400 ✓ [ 100% ] 0000/0080 VUs  30s        400.00 iters/s
step_00450 ✓ [ 100% ] 0000/0090 VUs  30s        450.00 iters/s
step_00500 ✓ [ 100% ] 0000/0100 VUs  30s        500.00 iters/s
step_00550   [  37% ] 0001/0110 VUs  11.0s/30s  550.00 iters/s
step_00600 • [   0% ] waiting        0m19.0s   
step_00650 • [   0% ] waiting        0m49.0s   
step_00700 • [   0% ] waiting        1m19.0s   
step_00750 • [   0% ] waiting        1m49.0s   
step_00800 • [   0% ] waiting        2m19.0s   
step_00850 • [   0% ] waiting        2m49.0s   
step_00900 • [   0% ] waiting        3m19.0s   
step_00950 • [   0% ] waiting        3m49.0s   
step_01000 • [   0% ] waiting        4m19.0s   

running (05m12.0s), 0002/0394 VUs, 89077 complete and 0 interrupted iterations
step_00050 ✓ [ 100% ] 000/020 VUs    30s        50.00 iters/s
step_00100 ✓ [ 100% ] 000/020 VUs    30s        100.00 iters/s
step_00150 ✓ [ 100% ] 000/030 VUs    30s        150.00 iters/s
step_00200 ✓ [ 100% ] 000/040 VUs    30s        200.00 iters/s
step_00250 ✓ [ 100% ] 000/050 VUs    30s        250.00 iters/s
step_00300 ✓ [ 100% ] 000/064 VUs    30s        300.00 iters/s
step_00350 ✓ [ 100% ] 0000/0070 VUs  30s        350.00 iters/s
step_00400 ✓ [ 100% ] 0000/0080 VUs  30s        400.00 iters/s
step_00450 ✓ [ 100% ] 0000/0090 VUs  30s        450.00 iters/s
step_00500 ✓ [ 100% ] 0000/0100 VUs  30s        500.00 iters/s
step_00550   [  40% ] 0002/0110 VUs  12.0s/30s  550.00 iters/s
step_00600 • [   0% ] waiting        0m18.0s   
step_00650 • [   0% ] waiting        0m48.0s   
step_00700 • [   0% ] waiting        1m18.0s   
step_00750 • [   0% ] waiting        1m48.0s   
step_00800 • [   0% ] waiting        2m18.0s   
step_00850 • [   0% ] waiting        2m48.0s   
step_00900 • [   0% ] waiting        3m18.0s   
step_00950 • [   0% ] waiting        3m48.0s   
step_01000 • [   0% ] waiting        4m18.0s   

running (05m13.0s), 0003/0394 VUs, 89626 complete and 0 interrupted iterations
step_00050 ✓ [ 100% ] 000/020 VUs    30s        50.00 iters/s
step_00100 ✓ [ 100% ] 000/020 VUs    30s        100.00 iters/s
step_00150 ✓ [ 100% ] 000/030 VUs    30s        150.00 iters/s
step_00200 ✓ [ 100% ] 000/040 VUs    30s        200.00 iters/s
step_00250 ✓ [ 100% ] 000/050 VUs    30s        250.00 iters/s
step_00300 ✓ [ 100% ] 000/064 VUs    30s        300.00 iters/s
step_00350 ✓ [ 100% ] 0000/0070 VUs  30s        350.00 iters/s
step_00400 ✓ [ 100% ] 0000/0080 VUs  30s        400.00 iters/s
step_00450 ✓ [ 100% ] 0000/0090 VUs  30s        450.00 iters/s
step_00500 ✓ [ 100% ] 0000/0100 VUs  30s        500.00 iters/s
step_00550   [  43% ] 0003/0110 VUs  13.0s/30s  550.00 iters/s
step_00600 • [   0% ] waiting        0m17.0s   
step_00650 • [   0% ] waiting        0m47.0s   
step_00700 • [   0% ] waiting        1m17.0s   
step_00750 • [   0% ] waiting        1m47.0s   
step_00800 • [   0% ] waiting        2m17.0s   
step_00850 • [   0% ] waiting        2m47.0s   
step_00900 • [   0% ] waiting        3m17.0s   
step_00950 • [   0% ] waiting        3m47.0s   
step_01000 • [   0% ] waiting        4m17.0s   

running (05m14.0s), 0001/0394 VUs, 90178 complete and 0 interrupted iterations
step_00050 ✓ [ 100% ] 000/020 VUs    30s        50.00 iters/s
step_00100 ✓ [ 100% ] 000/020 VUs    30s        100.00 iters/s
step_00150 ✓ [ 100% ] 000/030 VUs    30s        150.00 iters/s
step_00200 ✓ [ 100% ] 000/040 VUs    30s        200.00 iters/s
step_00250 ✓ [ 100% ] 000/050 VUs    30s        250.00 iters/s
step_00300 ✓ [ 100% ] 000/064 VUs    30s        300.00 iters/s
step_00350 ✓ [ 100% ] 0000/0070 VUs  30s        350.00 iters/s
step_00400 ✓ [ 100% ] 0000/0080 VUs  30s        400.00 iters/s
step_00450 ✓ [ 100% ] 0000/0090 VUs  30s        450.00 iters/s
step_00500 ✓ [ 100% ] 0000/0100 VUs  30s        500.00 iters/s
step_00550   [  47% ] 0001/0110 VUs  14.0s/30s  550.00 iters/s
step_00600 • [   0% ] waiting        0m16.0s   
step_00650 • [   0% ] waiting        0m46.0s   
step_00700 • [   0% ] waiting        1m16.0s   
step_00750 • [   0% ] waiting        1m46.0s   
step_00800 • [   0% ] waiting        2m16.0s   
step_00850 • [   0% ] waiting        2m46.0s   
step_00900 • [   0% ] waiting        3m16.0s   
step_00950 • [   0% ] waiting        3m46.0s   
step_01000 • [   0% ] waiting        4m16.0s   

running (05m15.0s), 0002/0394 VUs, 90727 complete and 0 interrupted iterations
step_00050 ✓ [ 100% ] 000/020 VUs    30s        50.00 iters/s
step_00100 ✓ [ 100% ] 000/020 VUs    30s        100.00 iters/s
step_00150 ✓ [ 100% ] 000/030 VUs    30s        150.00 iters/s
step_00200 ✓ [ 100% ] 000/040 VUs    30s        200.00 iters/s
step_00250 ✓ [ 100% ] 000/050 VUs    30s        250.00 iters/s
step_00300 ✓ [ 100% ] 000/064 VUs    30s        300.00 iters/s
step_00350 ✓ [ 100% ] 0000/0070 VUs  30s        350.00 iters/s
step_00400 ✓ [ 100% ] 0000/0080 VUs  30s        400.00 iters/s
step_00450 ✓ [ 100% ] 0000/0090 VUs  30s        450.00 iters/s
step_00500 ✓ [ 100% ] 0000/0100 VUs  30s        500.00 iters/s
step_00550   [  50% ] 0002/0110 VUs  15.0s/30s  550.00 iters/s
step_00600 • [   0% ] waiting        0m15.0s   
step_00650 • [   0% ] waiting        0m45.0s   
step_00700 • [   0% ] waiting        1m15.0s   
step_00750 • [   0% ] waiting        1m45.0s   
step_00800 • [   0% ] waiting        2m15.0s   
step_00850 • [   0% ] waiting        2m45.0s   
step_00900 • [   0% ] waiting        3m15.0s   
step_00950 • [   0% ] waiting        3m45.0s   
step_01000 • [   0% ] waiting        4m15.0s   

running (05m16.0s), 0004/0394 VUs, 91275 complete and 0 interrupted iterations
step_00050 ✓ [ 100% ] 000/020 VUs    30s        50.00 iters/s
step_00100 ✓ [ 100% ] 000/020 VUs    30s        100.00 iters/s
step_00150 ✓ [ 100% ] 000/030 VUs    30s        150.00 iters/s
step_00200 ✓ [ 100% ] 000/040 VUs    30s        200.00 iters/s
step_00250 ✓ [ 100% ] 000/050 VUs    30s        250.00 iters/s
step_00300 ✓ [ 100% ] 000/064 VUs    30s        300.00 iters/s
step_00350 ✓ [ 100% ] 0000/0070 VUs  30s        350.00 iters/s
step_00400 ✓ [ 100% ] 0000/0080 VUs  30s        400.00 iters/s
step_00450 ✓ [ 100% ] 0000/0090 VUs  30s        450.00 iters/s
step_00500 ✓ [ 100% ] 0000/0100 VUs  30s        500.00 iters/s
step_00550   [  53% ] 0004/0110 VUs  16.0s/30s  550.00 iters/s
step_00600 • [   0% ] waiting        0m14.0s   
step_00650 • [   0% ] waiting        0m44.0s   
step_00700 • [   0% ] waiting        1m14.0s   
step_00750 • [   0% ] waiting        1m44.0s   
step_00800 • [   0% ] waiting        2m14.0s   
step_00850 • [   0% ] waiting        2m44.0s   
step_00900 • [   0% ] waiting        3m14.0s   
step_00950 • [   0% ] waiting        3m44.0s   
step_01000 • [   0% ] waiting        4m14.0s   

running (05m17.0s), 0001/0394 VUs, 91828 complete and 0 interrupted iterations
step_00050 ✓ [ 100% ] 000/020 VUs    30s        50.00 iters/s
step_00100 ✓ [ 100% ] 000/020 VUs    30s        100.00 iters/s
step_00150 ✓ [ 100% ] 000/030 VUs    30s        150.00 iters/s
step_00200 ✓ [ 100% ] 000/040 VUs    30s        200.00 iters/s
step_00250 ✓ [ 100% ] 000/050 VUs    30s        250.00 iters/s
step_00300 ✓ [ 100% ] 000/064 VUs    30s        300.00 iters/s
step_00350 ✓ [ 100% ] 0000/0070 VUs  30s        350.00 iters/s
step_00400 ✓ [ 100% ] 0000/0080 VUs  30s        400.00 iters/s
step_00450 ✓ [ 100% ] 0000/0090 VUs  30s        450.00 iters/s
step_00500 ✓ [ 100% ] 0000/0100 VUs  30s        500.00 iters/s
step_00550   [  57% ] 0001/0110 VUs  17.0s/30s  550.00 iters/s
step_00600 • [   0% ] waiting        0m13.0s   
step_00650 • [   0% ] waiting        0m43.0s   
step_00700 • [   0% ] waiting        1m13.0s   
step_00750 • [   0% ] waiting        1m43.0s   
step_00800 • [   0% ] waiting        2m13.0s   
step_00850 • [   0% ] waiting        2m43.0s   
step_00900 • [   0% ] waiting        3m13.0s   
step_00950 • [   0% ] waiting        3m43.0s   
step_01000 • [   0% ] waiting        4m13.0s   

running (05m18.0s), 0001/0394 VUs, 92378 complete and 0 interrupted iterations
step_00050 ✓ [ 100% ] 000/020 VUs    30s        50.00 iters/s
step_00100 ✓ [ 100% ] 000/020 VUs    30s        100.00 iters/s
step_00150 ✓ [ 100% ] 000/030 VUs    30s        150.00 iters/s
step_00200 ✓ [ 100% ] 000/040 VUs    30s        200.00 iters/s
step_00250 ✓ [ 100% ] 000/050 VUs    30s        250.00 iters/s
step_00300 ✓ [ 100% ] 000/064 VUs    30s        300.00 iters/s
step_00350 ✓ [ 100% ] 0000/0070 VUs  30s        350.00 iters/s
step_00400 ✓ [ 100% ] 0000/0080 VUs  30s        400.00 iters/s
step_00450 ✓ [ 100% ] 0000/0090 VUs  30s        450.00 iters/s
step_00500 ✓ [ 100% ] 0000/0100 VUs  30s        500.00 iters/s
step_00550   [  60% ] 0001/0110 VUs  18.0s/30s  550.00 iters/s
step_00600 • [   0% ] waiting        0m12.0s   
step_00650 • [   0% ] waiting        0m42.0s   
step_00700 • [   0% ] waiting        1m12.0s   
step_00750 • [   0% ] waiting        1m42.0s   
step_00800 • [   0% ] waiting        2m12.0s   
step_00850 • [   0% ] waiting        2m42.0s   
step_00900 • [   0% ] waiting        3m12.0s   
step_00950 • [   0% ] waiting        3m42.0s   
step_01000 • [   0% ] waiting        4m12.0s   

running (05m19.0s), 0001/0394 VUs, 92928 complete and 0 interrupted iterations
step_00050 ✓ [ 100% ] 000/020 VUs    30s        50.00 iters/s
step_00100 ✓ [ 100% ] 000/020 VUs    30s        100.00 iters/s
step_00150 ✓ [ 100% ] 000/030 VUs    30s        150.00 iters/s
step_00200 ✓ [ 100% ] 000/040 VUs    30s        200.00 iters/s
step_00250 ✓ [ 100% ] 000/050 VUs    30s        250.00 iters/s
step_00300 ✓ [ 100% ] 000/064 VUs    30s        300.00 iters/s
step_00350 ✓ [ 100% ] 0000/0070 VUs  30s        350.00 iters/s
step_00400 ✓ [ 100% ] 0000/0080 VUs  30s        400.00 iters/s
step_00450 ✓ [ 100% ] 0000/0090 VUs  30s        450.00 iters/s
step_00500 ✓ [ 100% ] 0000/0100 VUs  30s        500.00 iters/s
step_00550   [  63% ] 0001/0110 VUs  19.0s/30s  550.00 iters/s
step_00600 • [   0% ] waiting        0m11.0s   
step_00650 • [   0% ] waiting        0m41.0s   
step_00700 • [   0% ] waiting        1m11.0s   
step_00750 • [   0% ] waiting        1m41.0s   
step_00800 • [   0% ] waiting        2m11.0s   
step_00850 • [   0% ] waiting        2m41.0s   
step_00900 • [   0% ] waiting        3m11.0s   
step_00950 • [   0% ] waiting        3m41.0s   
step_01000 • [   0% ] waiting        4m11.0s   

running (05m20.0s), 0001/0394 VUs, 93478 complete and 0 interrupted iterations
step_00050 ✓ [ 100% ] 000/020 VUs    30s        50.00 iters/s
step_00100 ✓ [ 100% ] 000/020 VUs    30s        100.00 iters/s
step_00150 ✓ [ 100% ] 000/030 VUs    30s        150.00 iters/s
step_00200 ✓ [ 100% ] 000/040 VUs    30s        200.00 iters/s
step_00250 ✓ [ 100% ] 000/050 VUs    30s        250.00 iters/s
step_00300 ✓ [ 100% ] 000/064 VUs    30s        300.00 iters/s
step_00350 ✓ [ 100% ] 0000/0070 VUs  30s        350.00 iters/s
step_00400 ✓ [ 100% ] 0000/0080 VUs  30s        400.00 iters/s
step_00450 ✓ [ 100% ] 0000/0090 VUs  30s        450.00 iters/s
step_00500 ✓ [ 100% ] 0000/0100 VUs  30s        500.00 iters/s
step_00550   [  67% ] 0001/0110 VUs  20.0s/30s  550.00 iters/s
step_00600 • [   0% ] waiting        0m10.0s   
step_00650 • [   0% ] waiting        0m40.0s   
step_00700 • [   0% ] waiting        1m10.0s   
step_00750 • [   0% ] waiting        1m40.0s   
step_00800 • [   0% ] waiting        2m10.0s   
step_00850 • [   0% ] waiting        2m40.0s   
step_00900 • [   0% ] waiting        3m10.0s   
step_00950 • [   0% ] waiting        3m40.0s   
step_01000 • [   0% ] waiting        4m10.0s   

running (05m21.0s), 0001/0394 VUs, 94028 complete and 0 interrupted iterations
step_00050 ✓ [ 100% ] 000/020 VUs    30s        50.00 iters/s
step_00100 ✓ [ 100% ] 000/020 VUs    30s        100.00 iters/s
step_00150 ✓ [ 100% ] 000/030 VUs    30s        150.00 iters/s
step_00200 ✓ [ 100% ] 000/040 VUs    30s        200.00 iters/s
step_00250 ✓ [ 100% ] 000/050 VUs    30s        250.00 iters/s
step_00300 ✓ [ 100% ] 000/064 VUs    30s        300.00 iters/s
step_00350 ✓ [ 100% ] 0000/0070 VUs  30s        350.00 iters/s
step_00400 ✓ [ 100% ] 0000/0080 VUs  30s        400.00 iters/s
step_00450 ✓ [ 100% ] 0000/0090 VUs  30s        450.00 iters/s
step_00500 ✓ [ 100% ] 0000/0100 VUs  30s        500.00 iters/s
step_00550   [  70% ] 0001/0110 VUs  21.0s/30s  550.00 iters/s
step_00600 • [   0% ] waiting        0m09.0s   
step_00650 • [   0% ] waiting        0m39.0s   
step_00700 • [   0% ] waiting        1m09.0s   
step_00750 • [   0% ] waiting        1m39.0s   
step_00800 • [   0% ] waiting        2m09.0s   
step_00850 • [   0% ] waiting        2m39.0s   
step_00900 • [   0% ] waiting        3m09.0s   
step_00950 • [   0% ] waiting        3m39.0s   
step_01000 • [   0% ] waiting        4m09.0s   

running (05m22.0s), 0001/0394 VUs, 94578 complete and 0 interrupted iterations
step_00050 ✓ [ 100% ] 000/020 VUs    30s        50.00 iters/s
step_00100 ✓ [ 100% ] 000/020 VUs    30s        100.00 iters/s
step_00150 ✓ [ 100% ] 000/030 VUs    30s        150.00 iters/s
step_00200 ✓ [ 100% ] 000/040 VUs    30s        200.00 iters/s
step_00250 ✓ [ 100% ] 000/050 VUs    30s        250.00 iters/s
step_00300 ✓ [ 100% ] 000/064 VUs    30s        300.00 iters/s
step_00350 ✓ [ 100% ] 0000/0070 VUs  30s        350.00 iters/s
step_00400 ✓ [ 100% ] 0000/0080 VUs  30s        400.00 iters/s
step_00450 ✓ [ 100% ] 0000/0090 VUs  30s        450.00 iters/s
step_00500 ✓ [ 100% ] 0000/0100 VUs  30s        500.00 iters/s
step_00550   [  73% ] 0001/0110 VUs  22.0s/30s  550.00 iters/s
step_00600 • [   0% ] waiting        0m08.0s   
step_00650 • [   0% ] waiting        0m38.0s   
step_00700 • [   0% ] waiting        1m08.0s   
step_00750 • [   0% ] waiting        1m38.0s   
step_00800 • [   0% ] waiting        2m08.0s   
step_00850 • [   0% ] waiting        2m38.0s   
step_00900 • [   0% ] waiting        3m08.0s   
step_00950 • [   0% ] waiting        3m38.0s   
step_01000 • [   0% ] waiting        4m08.0s   

running (05m23.0s), 0002/0394 VUs, 95127 complete and 0 interrupted iterations
step_00050 ✓ [ 100% ] 000/020 VUs    30s        50.00 iters/s
step_00100 ✓ [ 100% ] 000/020 VUs    30s        100.00 iters/s
step_00150 ✓ [ 100% ] 000/030 VUs    30s        150.00 iters/s
step_00200 ✓ [ 100% ] 000/040 VUs    30s        200.00 iters/s
step_00250 ✓ [ 100% ] 000/050 VUs    30s        250.00 iters/s
step_00300 ✓ [ 100% ] 000/064 VUs    30s        300.00 iters/s
step_00350 ✓ [ 100% ] 0000/0070 VUs  30s        350.00 iters/s
step_00400 ✓ [ 100% ] 0000/0080 VUs  30s        400.00 iters/s
step_00450 ✓ [ 100% ] 0000/0090 VUs  30s        450.00 iters/s
step_00500 ✓ [ 100% ] 0000/0100 VUs  30s        500.00 iters/s
step_00550   [  77% ] 0002/0110 VUs  23.0s/30s  550.00 iters/s
step_00600 • [   0% ] waiting        0m07.0s   
step_00650 • [   0% ] waiting        0m37.0s   
step_00700 • [   0% ] waiting        1m07.0s   
step_00750 • [   0% ] waiting        1m37.0s   
step_00800 • [   0% ] waiting        2m07.0s   
step_00850 • [   0% ] waiting        2m37.0s   
step_00900 • [   0% ] waiting        3m07.0s   
step_00950 • [   0% ] waiting        3m37.0s   
step_01000 • [   0% ] waiting        4m07.0s   

running (05m24.0s), 0002/0394 VUs, 95677 complete and 0 interrupted iterations
step_00050 ✓ [ 100% ] 000/020 VUs    30s        50.00 iters/s
step_00100 ✓ [ 100% ] 000/020 VUs    30s        100.00 iters/s
step_00150 ✓ [ 100% ] 000/030 VUs    30s        150.00 iters/s
step_00200 ✓ [ 100% ] 000/040 VUs    30s        200.00 iters/s
step_00250 ✓ [ 100% ] 000/050 VUs    30s        250.00 iters/s
step_00300 ✓ [ 100% ] 000/064 VUs    30s        300.00 iters/s
step_00350 ✓ [ 100% ] 0000/0070 VUs  30s        350.00 iters/s
step_00400 ✓ [ 100% ] 0000/0080 VUs  30s        400.00 iters/s
step_00450 ✓ [ 100% ] 0000/0090 VUs  30s        450.00 iters/s
step_00500 ✓ [ 100% ] 0000/0100 VUs  30s        500.00 iters/s
step_00550   [  80% ] 0002/0110 VUs  24.0s/30s  550.00 iters/s
step_00600 • [   0% ] waiting        0m06.0s   
step_00650 • [   0% ] waiting        0m36.0s   
step_00700 • [   0% ] waiting        1m06.0s   
step_00750 • [   0% ] waiting        1m36.0s   
step_00800 • [   0% ] waiting        2m06.0s   
step_00850 • [   0% ] waiting        2m36.0s   
step_00900 • [   0% ] waiting        3m06.0s   
step_00950 • [   0% ] waiting        3m36.0s   
step_01000 • [   0% ] waiting        4m06.0s   

running (05m25.0s), 0004/0394 VUs, 96225 complete and 0 interrupted iterations
step_00050 ✓ [ 100% ] 000/020 VUs    30s        50.00 iters/s
step_00100 ✓ [ 100% ] 000/020 VUs    30s        100.00 iters/s
step_00150 ✓ [ 100% ] 000/030 VUs    30s        150.00 iters/s
step_00200 ✓ [ 100% ] 000/040 VUs    30s        200.00 iters/s
step_00250 ✓ [ 100% ] 000/050 VUs    30s        250.00 iters/s
step_00300 ✓ [ 100% ] 000/064 VUs    30s        300.00 iters/s
step_00350 ✓ [ 100% ] 0000/0070 VUs  30s        350.00 iters/s
step_00400 ✓ [ 100% ] 0000/0080 VUs  30s        400.00 iters/s
step_00450 ✓ [ 100% ] 0000/0090 VUs  30s        450.00 iters/s
step_00500 ✓ [ 100% ] 0000/0100 VUs  30s        500.00 iters/s
step_00550   [  83% ] 0004/0110 VUs  25.0s/30s  550.00 iters/s
step_00600 • [   0% ] waiting        0m05.0s   
step_00650 • [   0% ] waiting        0m35.0s   
step_00700 • [   0% ] waiting        1m05.0s   
step_00750 • [   0% ] waiting        1m35.0s   
step_00800 • [   0% ] waiting        2m05.0s   
step_00850 • [   0% ] waiting        2m35.0s   
step_00900 • [   0% ] waiting        3m05.0s   
step_00950 • [   0% ] waiting        3m35.0s   
step_01000 • [   0% ] waiting        4m05.0s   

running (05m26.0s), 0002/0394 VUs, 96777 complete and 0 interrupted iterations
step_00050 ✓ [ 100% ] 000/020 VUs    30s        50.00 iters/s
step_00100 ✓ [ 100% ] 000/020 VUs    30s        100.00 iters/s
step_00150 ✓ [ 100% ] 000/030 VUs    30s        150.00 iters/s
step_00200 ✓ [ 100% ] 000/040 VUs    30s        200.00 iters/s
step_00250 ✓ [ 100% ] 000/050 VUs    30s        250.00 iters/s
step_00300 ✓ [ 100% ] 000/064 VUs    30s        300.00 iters/s
step_00350 ✓ [ 100% ] 0000/0070 VUs  30s        350.00 iters/s
step_00400 ✓ [ 100% ] 0000/0080 VUs  30s        400.00 iters/s
step_00450 ✓ [ 100% ] 0000/0090 VUs  30s        450.00 iters/s
step_00500 ✓ [ 100% ] 0000/0100 VUs  30s        500.00 iters/s
step_00550   [  87% ] 0002/0110 VUs  26.0s/30s  550.00 iters/s
step_00600 • [   0% ] waiting        0m04.0s   
step_00650 • [   0% ] waiting        0m34.0s   
step_00700 • [   0% ] waiting        1m04.0s   
step_00750 • [   0% ] waiting        1m34.0s   
step_00800 • [   0% ] waiting        2m04.0s   
step_00850 • [   0% ] waiting        2m34.0s   
step_00900 • [   0% ] waiting        3m04.0s   
step_00950 • [   0% ] waiting        3m34.0s   
step_01000 • [   0% ] waiting        4m04.0s   

running (05m27.0s), 0002/0394 VUs, 97327 complete and 0 interrupted iterations
step_00050 ✓ [ 100% ] 000/020 VUs    30s        50.00 iters/s
step_00100 ✓ [ 100% ] 000/020 VUs    30s        100.00 iters/s
step_00150 ✓ [ 100% ] 000/030 VUs    30s        150.00 iters/s
step_00200 ✓ [ 100% ] 000/040 VUs    30s        200.00 iters/s
step_00250 ✓ [ 100% ] 000/050 VUs    30s        250.00 iters/s
step_00300 ✓ [ 100% ] 000/064 VUs    30s        300.00 iters/s
step_00350 ✓ [ 100% ] 0000/0070 VUs  30s        350.00 iters/s
step_00400 ✓ [ 100% ] 0000/0080 VUs  30s        400.00 iters/s
step_00450 ✓ [ 100% ] 0000/0090 VUs  30s        450.00 iters/s
step_00500 ✓ [ 100% ] 0000/0100 VUs  30s        500.00 iters/s
step_00550   [  90% ] 0002/0110 VUs  27.0s/30s  550.00 iters/s
step_00600 • [   0% ] waiting        0m03.0s   
step_00650 • [   0% ] waiting        0m33.0s   
step_00700 • [   0% ] waiting        1m03.0s   
step_00750 • [   0% ] waiting        1m33.0s   
step_00800 • [   0% ] waiting        2m03.0s   
step_00850 • [   0% ] waiting        2m33.0s   
step_00900 • [   0% ] waiting        3m03.0s   
step_00950 • [   0% ] waiting        3m33.0s   
step_01000 • [   0% ] waiting        4m03.0s   

running (05m28.0s), 0002/0394 VUs, 97877 complete and 0 interrupted iterations
step_00050 ✓ [ 100% ] 000/020 VUs    30s        50.00 iters/s
step_00100 ✓ [ 100% ] 000/020 VUs    30s        100.00 iters/s
step_00150 ✓ [ 100% ] 000/030 VUs    30s        150.00 iters/s
step_00200 ✓ [ 100% ] 000/040 VUs    30s        200.00 iters/s
step_00250 ✓ [ 100% ] 000/050 VUs    30s        250.00 iters/s
step_00300 ✓ [ 100% ] 000/064 VUs    30s        300.00 iters/s
step_00350 ✓ [ 100% ] 0000/0070 VUs  30s        350.00 iters/s
step_00400 ✓ [ 100% ] 0000/0080 VUs  30s        400.00 iters/s
step_00450 ✓ [ 100% ] 0000/0090 VUs  30s        450.00 iters/s
step_00500 ✓ [ 100% ] 0000/0100 VUs  30s        500.00 iters/s
step_00550   [  93% ] 0002/0110 VUs  28.0s/30s  550.00 iters/s
step_00600 • [   0% ] waiting        0m02.0s   
step_00650 • [   0% ] waiting        0m32.0s   
step_00700 • [   0% ] waiting        1m02.0s   
step_00750 • [   0% ] waiting        1m32.0s   
step_00800 • [   0% ] waiting        2m02.0s   
step_00850 • [   0% ] waiting        2m32.0s   
step_00900 • [   0% ] waiting        3m02.0s   
step_00950 • [   0% ] waiting        3m32.0s   
step_01000 • [   0% ] waiting        4m02.0s   

running (05m29.0s), 0001/0394 VUs, 98428 complete and 0 interrupted iterations
step_00050 ✓ [ 100% ] 000/020 VUs    30s        50.00 iters/s
step_00100 ✓ [ 100% ] 000/020 VUs    30s        100.00 iters/s
step_00150 ✓ [ 100% ] 000/030 VUs    30s        150.00 iters/s
step_00200 ✓ [ 100% ] 000/040 VUs    30s        200.00 iters/s
step_00250 ✓ [ 100% ] 000/050 VUs    30s        250.00 iters/s
step_00300 ✓ [ 100% ] 000/064 VUs    30s        300.00 iters/s
step_00350 ✓ [ 100% ] 0000/0070 VUs  30s        350.00 iters/s
step_00400 ✓ [ 100% ] 0000/0080 VUs  30s        400.00 iters/s
step_00450 ✓ [ 100% ] 0000/0090 VUs  30s        450.00 iters/s
step_00500 ✓ [ 100% ] 0000/0100 VUs  30s        500.00 iters/s
step_00550   [  97% ] 0001/0110 VUs  29.0s/30s  550.00 iters/s
step_00600 • [   0% ] waiting        0m01.0s   
step_00650 • [   0% ] waiting        0m31.0s   
step_00700 • [   0% ] waiting        1m01.0s   
step_00750 • [   0% ] waiting        1m31.0s   
step_00800 • [   0% ] waiting        2m01.0s   
step_00850 • [   0% ] waiting        2m31.0s   
step_00900 • [   0% ] waiting        3m01.0s   
step_00950 • [   0% ] waiting        3m31.0s   
step_01000 • [   0% ] waiting        4m01.0s   

running (05m30.0s), 0001/0394 VUs, 98978 complete and 0 interrupted iterations
step_00050 ✓ [ 100% ] 000/020 VUs    30s        50.00 iters/s
step_00100 ✓ [ 100% ] 000/020 VUs    30s        100.00 iters/s
step_00150 ✓ [ 100% ] 000/030 VUs    30s        150.00 iters/s
step_00200 ✓ [ 100% ] 000/040 VUs    30s        200.00 iters/s
step_00250 ✓ [ 100% ] 000/050 VUs    30s        250.00 iters/s
step_00300 ✓ [ 100% ] 000/064 VUs    30s        300.00 iters/s
step_00350 ✓ [ 100% ] 0000/0070 VUs  30s        350.00 iters/s
step_00400 ✓ [ 100% ] 0000/0080 VUs  30s        400.00 iters/s
step_00450 ✓ [ 100% ] 0000/0090 VUs  30s        450.00 iters/s
step_00500 ✓ [ 100% ] 0000/0100 VUs  30s        500.00 iters/s
step_00550   [ 100% ] 0001/0110 VUs  30.0s/30s  550.00 iters/s
step_00600 • [   0% ] waiting        0m00.0s   
step_00650 • [   0% ] waiting        0m30.0s   
step_00700 • [   0% ] waiting        1m00.0s   
step_00750 • [   0% ] waiting        1m30.0s   
step_00800 • [   0% ] waiting        2m00.0s   
step_00850 • [   0% ] waiting        2m30.0s   
step_00900 • [   0% ] waiting        3m00.0s   
step_00950 • [   0% ] waiting        3m30.0s   
step_01000 • [   0% ] waiting        4m00.0s   

running (05m31.0s), 0002/0394 VUs, 99576 complete and 0 interrupted iterations
step_00050 ✓ [ 100% ] 000/020 VUs    30s        50.00 iters/s
step_00100 ✓ [ 100% ] 000/020 VUs    30s        100.00 iters/s
step_00150 ✓ [ 100% ] 000/030 VUs    30s        150.00 iters/s
step_00200 ✓ [ 100% ] 000/040 VUs    30s        200.00 iters/s
step_00250 ✓ [ 100% ] 000/050 VUs    30s        250.00 iters/s
step_00300 ✓ [ 100% ] 000/064 VUs    30s        300.00 iters/s
step_00350 ✓ [ 100% ] 0000/0070 VUs  30s        350.00 iters/s
step_00400 ✓ [ 100% ] 0000/0080 VUs  30s        400.00 iters/s
step_00450 ✓ [ 100% ] 0000/0090 VUs  30s        450.00 iters/s
step_00500 ✓ [ 100% ] 0000/0100 VUs  30s        500.00 iters/s
step_00550 ✓ [ 100% ] 0000/0110 VUs  30s        550.00 iters/s
step_00600   [   3% ] 0002/0120 VUs  01.0s/30s  600.00 iters/s
step_00650 • [   0% ] waiting        0m29.0s   
step_00700 • [   0% ] waiting        0m59.0s   
step_00750 • [   0% ] waiting        1m29.0s   
step_00800 • [   0% ] waiting        1m59.0s   
step_00850 • [   0% ] waiting        2m29.0s   
step_00900 • [   0% ] waiting        2m59.0s   
step_00950 • [   0% ] waiting        3m29.0s   
step_01000 • [   0% ] waiting        3m59.0s   

running (05m32.0s), 0006/0394 VUs, 100172 complete and 0 interrupted iterations
step_00050 ✓ [ 100% ] 000/020 VUs    30s        50.00 iters/s
step_00100 ✓ [ 100% ] 000/020 VUs    30s        100.00 iters/s
step_00150 ✓ [ 100% ] 000/030 VUs    30s        150.00 iters/s
step_00200 ✓ [ 100% ] 000/040 VUs    30s        200.00 iters/s
step_00250 ✓ [ 100% ] 000/050 VUs    30s        250.00 iters/s
step_00300 ✓ [ 100% ] 000/064 VUs    30s        300.00 iters/s
step_00350 ✓ [ 100% ] 0000/0070 VUs  30s        350.00 iters/s
step_00400 ✓ [ 100% ] 0000/0080 VUs  30s        400.00 iters/s
step_00450 ✓ [ 100% ] 0000/0090 VUs  30s        450.00 iters/s
step_00500 ✓ [ 100% ] 0000/0100 VUs  30s        500.00 iters/s
step_00550 ✓ [ 100% ] 0000/0110 VUs  30s        550.00 iters/s
step_00600   [   7% ] 0006/0120 VUs  02.0s/30s  600.00 iters/s
step_00650 • [   0% ] waiting        0m28.0s   
step_00700 • [   0% ] waiting        0m58.0s   
step_00750 • [   0% ] waiting        1m28.0s   
step_00800 • [   0% ] waiting        1m58.0s   
step_00850 • [   0% ] waiting        2m28.0s   
step_00900 • [   0% ] waiting        2m58.0s   
step_00950 • [   0% ] waiting        3m28.0s   
step_01000 • [   0% ] waiting        3m58.0s   

running (05m33.0s), 0003/0394 VUs, 100775 complete and 0 interrupted iterations
step_00050 ✓ [ 100% ] 000/020 VUs    30s        50.00 iters/s
step_00100 ✓ [ 100% ] 000/020 VUs    30s        100.00 iters/s
step_00150 ✓ [ 100% ] 000/030 VUs    30s        150.00 iters/s
step_00200 ✓ [ 100% ] 000/040 VUs    30s        200.00 iters/s
step_00250 ✓ [ 100% ] 000/050 VUs    30s        250.00 iters/s
step_00300 ✓ [ 100% ] 000/064 VUs    30s        300.00 iters/s
step_00350 ✓ [ 100% ] 0000/0070 VUs  30s        350.00 iters/s
step_00400 ✓ [ 100% ] 0000/0080 VUs  30s        400.00 iters/s
step_00450 ✓ [ 100% ] 0000/0090 VUs  30s        450.00 iters/s
step_00500 ✓ [ 100% ] 0000/0100 VUs  30s        500.00 iters/s
step_00550 ✓ [ 100% ] 0000/0110 VUs  30s        550.00 iters/s
step_00600   [  10% ] 0003/0120 VUs  03.0s/30s  600.00 iters/s
step_00650 • [   0% ] waiting        0m27.0s   
step_00700 • [   0% ] waiting        0m57.0s   
step_00750 • [   0% ] waiting        1m27.0s   
step_00800 • [   0% ] waiting        1m57.0s   
step_00850 • [   0% ] waiting        2m27.0s   
step_00900 • [   0% ] waiting        2m57.0s   
step_00950 • [   0% ] waiting        3m27.0s   
step_01000 • [   0% ] waiting        3m57.0s   

running (05m34.0s), 0005/0394 VUs, 101373 complete and 0 interrupted iterations
step_00050 ✓ [ 100% ] 000/020 VUs    30s        50.00 iters/s
step_00100 ✓ [ 100% ] 000/020 VUs    30s        100.00 iters/s
step_00150 ✓ [ 100% ] 000/030 VUs    30s        150.00 iters/s
step_00200 ✓ [ 100% ] 000/040 VUs    30s        200.00 iters/s
step_00250 ✓ [ 100% ] 000/050 VUs    30s        250.00 iters/s
step_00300 ✓ [ 100% ] 000/064 VUs    30s        300.00 iters/s
step_00350 ✓ [ 100% ] 0000/0070 VUs  30s        350.00 iters/s
step_00400 ✓ [ 100% ] 0000/0080 VUs  30s        400.00 iters/s
step_00450 ✓ [ 100% ] 0000/0090 VUs  30s        450.00 iters/s
step_00500 ✓ [ 100% ] 0000/0100 VUs  30s        500.00 iters/s
step_00550 ✓ [ 100% ] 0000/0110 VUs  30s        550.00 iters/s
step_00600   [  13% ] 0005/0120 VUs  04.0s/30s  600.00 iters/s
step_00650 • [   0% ] waiting        0m26.0s   
step_00700 • [   0% ] waiting        0m56.0s   
step_00750 • [   0% ] waiting        1m26.0s   
step_00800 • [   0% ] waiting        1m56.0s   
step_00850 • [   0% ] waiting        2m26.0s   
step_00900 • [   0% ] waiting        2m56.0s   
step_00950 • [   0% ] waiting        3m26.0s   
step_01000 • [   0% ] waiting        3m56.0s   

running (05m35.0s), 0002/0394 VUs, 101976 complete and 0 interrupted iterations
step_00050 ✓ [ 100% ] 000/020 VUs    30s        50.00 iters/s
step_00100 ✓ [ 100% ] 000/020 VUs    30s        100.00 iters/s
step_00150 ✓ [ 100% ] 000/030 VUs    30s        150.00 iters/s
step_00200 ✓ [ 100% ] 000/040 VUs    30s        200.00 iters/s
step_00250 ✓ [ 100% ] 000/050 VUs    30s        250.00 iters/s
step_00300 ✓ [ 100% ] 000/064 VUs    30s        300.00 iters/s
step_00350 ✓ [ 100% ] 0000/0070 VUs  30s        350.00 iters/s
step_00400 ✓ [ 100% ] 0000/0080 VUs  30s        400.00 iters/s
step_00450 ✓ [ 100% ] 0000/0090 VUs  30s        450.00 iters/s
step_00500 ✓ [ 100% ] 0000/0100 VUs  30s        500.00 iters/s
step_00550 ✓ [ 100% ] 0000/0110 VUs  30s        550.00 iters/s
step_00600   [  17% ] 0002/0120 VUs  05.0s/30s  600.00 iters/s
step_00650 • [   0% ] waiting        0m25.0s   
step_00700 • [   0% ] waiting        0m55.0s   
step_00750 • [   0% ] waiting        1m25.0s   
step_00800 • [   0% ] waiting        1m55.0s   
step_00850 • [   0% ] waiting        2m25.0s   
step_00900 • [   0% ] waiting        2m55.0s   
step_00950 • [   0% ] waiting        3m25.0s   
step_01000 • [   0% ] waiting        3m55.0s   

running (05m36.0s), 0004/0394 VUs, 102574 complete and 0 interrupted iterations
step_00050 ✓ [ 100% ] 000/020 VUs    30s        50.00 iters/s
step_00100 ✓ [ 100% ] 000/020 VUs    30s        100.00 iters/s
step_00150 ✓ [ 100% ] 000/030 VUs    30s        150.00 iters/s
step_00200 ✓ [ 100% ] 000/040 VUs    30s        200.00 iters/s
step_00250 ✓ [ 100% ] 000/050 VUs    30s        250.00 iters/s
step_00300 ✓ [ 100% ] 000/064 VUs    30s        300.00 iters/s
step_00350 ✓ [ 100% ] 0000/0070 VUs  30s        350.00 iters/s
step_00400 ✓ [ 100% ] 0000/0080 VUs  30s        400.00 iters/s
step_00450 ✓ [ 100% ] 0000/0090 VUs  30s        450.00 iters/s
step_00500 ✓ [ 100% ] 0000/0100 VUs  30s        500.00 iters/s
step_00550 ✓ [ 100% ] 0000/0110 VUs  30s        550.00 iters/s
step_00600   [  20% ] 0004/0120 VUs  06.0s/30s  600.00 iters/s
step_00650 • [   0% ] waiting        0m24.0s   
step_00700 • [   0% ] waiting        0m54.0s   
step_00750 • [   0% ] waiting        1m24.0s   
step_00800 • [   0% ] waiting        1m54.0s   
step_00850 • [   0% ] waiting        2m24.0s   
step_00900 • [   0% ] waiting        2m54.0s   
step_00950 • [   0% ] waiting        3m24.0s   
step_01000 • [   0% ] waiting        3m54.0s   

running (05m37.0s), 0002/0394 VUs, 103175 complete and 0 interrupted iterations
step_00050 ✓ [ 100% ] 000/020 VUs    30s        50.00 iters/s
step_00100 ✓ [ 100% ] 000/020 VUs    30s        100.00 iters/s
step_00150 ✓ [ 100% ] 000/030 VUs    30s        150.00 iters/s
step_00200 ✓ [ 100% ] 000/040 VUs    30s        200.00 iters/s
step_00250 ✓ [ 100% ] 000/050 VUs    30s        250.00 iters/s
step_00300 ✓ [ 100% ] 000/064 VUs    30s        300.00 iters/s
step_00350 ✓ [ 100% ] 0000/0070 VUs  30s        350.00 iters/s
step_00400 ✓ [ 100% ] 0000/0080 VUs  30s        400.00 iters/s
step_00450 ✓ [ 100% ] 0000/0090 VUs  30s        450.00 iters/s
step_00500 ✓ [ 100% ] 0000/0100 VUs  30s        500.00 iters/s
step_00550 ✓ [ 100% ] 0000/0110 VUs  30s        550.00 iters/s
step_00600   [  23% ] 0002/0120 VUs  07.0s/30s  600.00 iters/s
step_00650 • [   0% ] waiting        0m23.0s   
step_00700 • [   0% ] waiting        0m53.0s   
step_00750 • [   0% ] waiting        1m23.0s   
step_00800 • [   0% ] waiting        1m53.0s   
step_00850 • [   0% ] waiting        2m23.0s   
step_00900 • [   0% ] waiting        2m53.0s   
step_00950 • [   0% ] waiting        3m23.0s   
step_01000 • [   0% ] waiting        3m53.0s   

running (05m38.0s), 0003/0394 VUs, 103775 complete and 0 interrupted iterations
step_00050 ✓ [ 100% ] 000/020 VUs    30s        50.00 iters/s
step_00100 ✓ [ 100% ] 000/020 VUs    30s        100.00 iters/s
step_00150 ✓ [ 100% ] 000/030 VUs    30s        150.00 iters/s
step_00200 ✓ [ 100% ] 000/040 VUs    30s        200.00 iters/s
step_00250 ✓ [ 100% ] 000/050 VUs    30s        250.00 iters/s
step_00300 ✓ [ 100% ] 000/064 VUs    30s        300.00 iters/s
step_00350 ✓ [ 100% ] 0000/0070 VUs  30s        350.00 iters/s
step_00400 ✓ [ 100% ] 0000/0080 VUs  30s        400.00 iters/s
step_00450 ✓ [ 100% ] 0000/0090 VUs  30s        450.00 iters/s
step_00500 ✓ [ 100% ] 0000/0100 VUs  30s        500.00 iters/s
step_00550 ✓ [ 100% ] 0000/0110 VUs  30s        550.00 iters/s
step_00600   [  27% ] 0003/0120 VUs  08.0s/30s  600.00 iters/s
step_00650 • [   0% ] waiting        0m22.0s   
step_00700 • [   0% ] waiting        0m52.0s   
step_00750 • [   0% ] waiting        1m22.0s   
step_00800 • [   0% ] waiting        1m52.0s   
step_00850 • [   0% ] waiting        2m22.0s   
step_00900 • [   0% ] waiting        2m52.0s   
step_00950 • [   0% ] waiting        3m22.0s   
step_01000 • [   0% ] waiting        3m52.0s   

running (05m39.0s), 0003/0394 VUs, 104375 complete and 0 interrupted iterations
step_00050 ✓ [ 100% ] 000/020 VUs    30s        50.00 iters/s
step_00100 ✓ [ 100% ] 000/020 VUs    30s        100.00 iters/s
step_00150 ✓ [ 100% ] 000/030 VUs    30s        150.00 iters/s
step_00200 ✓ [ 100% ] 000/040 VUs    30s        200.00 iters/s
step_00250 ✓ [ 100% ] 000/050 VUs    30s        250.00 iters/s
step_00300 ✓ [ 100% ] 000/064 VUs    30s        300.00 iters/s
step_00350 ✓ [ 100% ] 0000/0070 VUs  30s        350.00 iters/s
step_00400 ✓ [ 100% ] 0000/0080 VUs  30s        400.00 iters/s
step_00450 ✓ [ 100% ] 0000/0090 VUs  30s        450.00 iters/s
step_00500 ✓ [ 100% ] 0000/0100 VUs  30s        500.00 iters/s
step_00550 ✓ [ 100% ] 0000/0110 VUs  30s        550.00 iters/s
step_00600   [  30% ] 0003/0120 VUs  09.0s/30s  600.00 iters/s
step_00650 • [   0% ] waiting        0m21.0s   
step_00700 • [   0% ] waiting        0m51.0s   
step_00750 • [   0% ] waiting        1m21.0s   
step_00800 • [   0% ] waiting        1m51.0s   
step_00850 • [   0% ] waiting        2m21.0s   
step_00900 • [   0% ] waiting        2m51.0s   
step_00950 • [   0% ] waiting        3m21.0s   
step_01000 • [   0% ] waiting        3m51.0s   

running (05m40.0s), 0002/0394 VUs, 104976 complete and 0 interrupted iterations
step_00050 ✓ [ 100% ] 000/020 VUs    30s        50.00 iters/s
step_00100 ✓ [ 100% ] 000/020 VUs    30s        100.00 iters/s
step_00150 ✓ [ 100% ] 000/030 VUs    30s        150.00 iters/s
step_00200 ✓ [ 100% ] 000/040 VUs    30s        200.00 iters/s
step_00250 ✓ [ 100% ] 000/050 VUs    30s        250.00 iters/s
step_00300 ✓ [ 100% ] 000/064 VUs    30s        300.00 iters/s
step_00350 ✓ [ 100% ] 0000/0070 VUs  30s        350.00 iters/s
step_00400 ✓ [ 100% ] 0000/0080 VUs  30s        400.00 iters/s
step_00450 ✓ [ 100% ] 0000/0090 VUs  30s        450.00 iters/s
step_00500 ✓ [ 100% ] 0000/0100 VUs  30s        500.00 iters/s
step_00550 ✓ [ 100% ] 0000/0110 VUs  30s        550.00 iters/s
step_00600   [  33% ] 0001/0120 VUs  10.0s/30s  600.00 iters/s
step_00650 • [   0% ] waiting        0m20.0s   
step_00700 • [   0% ] waiting        0m50.0s   
step_00750 • [   0% ] waiting        1m20.0s   
step_00800 • [   0% ] waiting        1m50.0s   
step_00850 • [   0% ] waiting        2m20.0s   
step_00900 • [   0% ] waiting        2m50.0s   
step_00950 • [   0% ] waiting        3m20.0s   
step_01000 • [   0% ] waiting        3m50.0s   

running (05m41.0s), 0003/0394 VUs, 105575 complete and 0 interrupted iterations
step_00050 ✓ [ 100% ] 000/020 VUs    30s        50.00 iters/s
step_00100 ✓ [ 100% ] 000/020 VUs    30s        100.00 iters/s
step_00150 ✓ [ 100% ] 000/030 VUs    30s        150.00 iters/s
step_00200 ✓ [ 100% ] 000/040 VUs    30s        200.00 iters/s
step_00250 ✓ [ 100% ] 000/050 VUs    30s        250.00 iters/s
step_00300 ✓ [ 100% ] 000/064 VUs    30s        300.00 iters/s
step_00350 ✓ [ 100% ] 0000/0070 VUs  30s        350.00 iters/s
step_00400 ✓ [ 100% ] 0000/0080 VUs  30s        400.00 iters/s
step_00450 ✓ [ 100% ] 0000/0090 VUs  30s        450.00 iters/s
step_00500 ✓ [ 100% ] 0000/0100 VUs  30s        500.00 iters/s
step_00550 ✓ [ 100% ] 0000/0110 VUs  30s        550.00 iters/s
step_00600   [  37% ] 0003/0120 VUs  11.0s/30s  600.00 iters/s
step_00650 • [   0% ] waiting        0m19.0s   
step_00700 • [   0% ] waiting        0m49.0s   
step_00750 • [   0% ] waiting        1m19.0s   
step_00800 • [   0% ] waiting        1m49.0s   
step_00850 • [   0% ] waiting        2m19.0s   
step_00900 • [   0% ] waiting        2m49.0s   
step_00950 • [   0% ] waiting        3m19.0s   
step_01000 • [   0% ] waiting        3m49.0s   

running (05m42.0s), 0002/0394 VUs, 106176 complete and 0 interrupted iterations
step_00050 ✓ [ 100% ] 000/020 VUs    30s        50.00 iters/s
step_00100 ✓ [ 100% ] 000/020 VUs    30s        100.00 iters/s
step_00150 ✓ [ 100% ] 000/030 VUs    30s        150.00 iters/s
step_00200 ✓ [ 100% ] 000/040 VUs    30s        200.00 iters/s
step_00250 ✓ [ 100% ] 000/050 VUs    30s        250.00 iters/s
step_00300 ✓ [ 100% ] 000/064 VUs    30s        300.00 iters/s
step_00350 ✓ [ 100% ] 0000/0070 VUs  30s        350.00 iters/s
step_00400 ✓ [ 100% ] 0000/0080 VUs  30s        400.00 iters/s
step_00450 ✓ [ 100% ] 0000/0090 VUs  30s        450.00 iters/s
step_00500 ✓ [ 100% ] 0000/0100 VUs  30s        500.00 iters/s
step_00550 ✓ [ 100% ] 0000/0110 VUs  30s        550.00 iters/s
step_00600   [  40% ] 0002/0120 VUs  12.0s/30s  600.00 iters/s
step_00650 • [   0% ] waiting        0m18.0s   
step_00700 • [   0% ] waiting        0m48.0s   
step_00750 • [   0% ] waiting        1m18.0s   
step_00800 • [   0% ] waiting        1m48.0s   
step_00850 • [   0% ] waiting        2m18.0s   
step_00900 • [   0% ] waiting        2m48.0s   
step_00950 • [   0% ] waiting        3m18.0s   
step_01000 • [   0% ] waiting        3m48.0s   

running (05m43.0s), 0026/0394 VUs, 106751 complete and 0 interrupted iterations
step_00050 ✓ [ 100% ] 000/020 VUs    30s        50.00 iters/s
step_00100 ✓ [ 100% ] 000/020 VUs    30s        100.00 iters/s
step_00150 ✓ [ 100% ] 000/030 VUs    30s        150.00 iters/s
step_00200 ✓ [ 100% ] 000/040 VUs    30s        200.00 iters/s
step_00250 ✓ [ 100% ] 000/050 VUs    30s        250.00 iters/s
step_00300 ✓ [ 100% ] 000/064 VUs    30s        300.00 iters/s
step_00350 ✓ [ 100% ] 0000/0070 VUs  30s        350.00 iters/s
step_00400 ✓ [ 100% ] 0000/0080 VUs  30s        400.00 iters/s
step_00450 ✓ [ 100% ] 0000/0090 VUs  30s        450.00 iters/s
step_00500 ✓ [ 100% ] 0000/0100 VUs  30s        500.00 iters/s
step_00550 ✓ [ 100% ] 0000/0110 VUs  30s        550.00 iters/s
step_00600   [  43% ] 0026/0120 VUs  13.0s/30s  600.00 iters/s
step_00650 • [   0% ] waiting        0m17.0s   
step_00700 • [   0% ] waiting        0m47.0s   
step_00750 • [   0% ] waiting        1m17.0s   
step_00800 • [   0% ] waiting        1m47.0s   
step_00850 • [   0% ] waiting        2m17.0s   
step_00900 • [   0% ] waiting        2m47.0s   
step_00950 • [   0% ] waiting        3m17.0s   
step_01000 • [   0% ] waiting        3m47.0s   

running (05m44.0s), 0002/0394 VUs, 107376 complete and 0 interrupted iterations
step_00050 ✓ [ 100% ] 000/020 VUs    30s        50.00 iters/s
step_00100 ✓ [ 100% ] 000/020 VUs    30s        100.00 iters/s
step_00150 ✓ [ 100% ] 000/030 VUs    30s        150.00 iters/s
step_00200 ✓ [ 100% ] 000/040 VUs    30s        200.00 iters/s
step_00250 ✓ [ 100% ] 000/050 VUs    30s        250.00 iters/s
step_00300 ✓ [ 100% ] 000/064 VUs    30s        300.00 iters/s
step_00350 ✓ [ 100% ] 0000/0070 VUs  30s        350.00 iters/s
step_00400 ✓ [ 100% ] 0000/0080 VUs  30s        400.00 iters/s
step_00450 ✓ [ 100% ] 0000/0090 VUs  30s        450.00 iters/s
step_00500 ✓ [ 100% ] 0000/0100 VUs  30s        500.00 iters/s
step_00550 ✓ [ 100% ] 0000/0110 VUs  30s        550.00 iters/s
step_00600   [  47% ] 0002/0120 VUs  14.0s/30s  600.00 iters/s
step_00650 • [   0% ] waiting        0m16.0s   
step_00700 • [   0% ] waiting        0m46.0s   
step_00750 • [   0% ] waiting        1m16.0s   
step_00800 • [   0% ] waiting        1m46.0s   
step_00850 • [   0% ] waiting        2m16.0s   
step_00900 • [   0% ] waiting        2m46.0s   
step_00950 • [   0% ] waiting        3m16.0s   
step_01000 • [   0% ] waiting        3m46.0s   

running (05m45.0s), 0005/0394 VUs, 107973 complete and 0 interrupted iterations
step_00050 ✓ [ 100% ] 000/020 VUs    30s        50.00 iters/s
step_00100 ✓ [ 100% ] 000/020 VUs    30s        100.00 iters/s
step_00150 ✓ [ 100% ] 000/030 VUs    30s        150.00 iters/s
step_00200 ✓ [ 100% ] 000/040 VUs    30s        200.00 iters/s
step_00250 ✓ [ 100% ] 000/050 VUs    30s        250.00 iters/s
step_00300 ✓ [ 100% ] 000/064 VUs    30s        300.00 iters/s
step_00350 ✓ [ 100% ] 0000/0070 VUs  30s        350.00 iters/s
step_00400 ✓ [ 100% ] 0000/0080 VUs  30s        400.00 iters/s
step_00450 ✓ [ 100% ] 0000/0090 VUs  30s        450.00 iters/s
step_00500 ✓ [ 100% ] 0000/0100 VUs  30s        500.00 iters/s
step_00550 ✓ [ 100% ] 0000/0110 VUs  30s        550.00 iters/s
step_00600   [  50% ] 0005/0120 VUs  15.0s/30s  600.00 iters/s
step_00650 • [   0% ] waiting        0m15.0s   
step_00700 • [   0% ] waiting        0m45.0s   
step_00750 • [   0% ] waiting        1m15.0s   
step_00800 • [   0% ] waiting        1m45.0s   
step_00850 • [   0% ] waiting        2m15.0s   
step_00900 • [   0% ] waiting        2m45.0s   
step_00950 • [   0% ] waiting        3m15.0s   
step_01000 • [   0% ] waiting        3m45.0s   

running (05m46.0s), 0012/0394 VUs, 108566 complete and 0 interrupted iterations
step_00050 ✓ [ 100% ] 000/020 VUs    30s        50.00 iters/s
step_00100 ✓ [ 100% ] 000/020 VUs    30s        100.00 iters/s
step_00150 ✓ [ 100% ] 000/030 VUs    30s        150.00 iters/s
step_00200 ✓ [ 100% ] 000/040 VUs    30s        200.00 iters/s
step_00250 ✓ [ 100% ] 000/050 VUs    30s        250.00 iters/s
step_00300 ✓ [ 100% ] 000/064 VUs    30s        300.00 iters/s
step_00350 ✓ [ 100% ] 0000/0070 VUs  30s        350.00 iters/s
step_00400 ✓ [ 100% ] 0000/0080 VUs  30s        400.00 iters/s
step_00450 ✓ [ 100% ] 0000/0090 VUs  30s        450.00 iters/s
step_00500 ✓ [ 100% ] 0000/0100 VUs  30s        500.00 iters/s
step_00550 ✓ [ 100% ] 0000/0110 VUs  30s        550.00 iters/s
step_00600   [  53% ] 0012/0120 VUs  16.0s/30s  600.00 iters/s
step_00650 • [   0% ] waiting        0m14.0s   
step_00700 • [   0% ] waiting        0m44.0s   
step_00750 • [   0% ] waiting        1m14.0s   
step_00800 • [   0% ] waiting        1m44.0s   
step_00850 • [   0% ] waiting        2m14.0s   
step_00900 • [   0% ] waiting        2m44.0s   
step_00950 • [   0% ] waiting        3m14.0s   
step_01000 • [   0% ] waiting        3m44.0s   

running (05m47.0s), 0009/0394 VUs, 109169 complete and 0 interrupted iterations
step_00050 ✓ [ 100% ] 000/020 VUs    30s        50.00 iters/s
step_00100 ✓ [ 100% ] 000/020 VUs    30s        100.00 iters/s
step_00150 ✓ [ 100% ] 000/030 VUs    30s        150.00 iters/s
step_00200 ✓ [ 100% ] 000/040 VUs    30s        200.00 iters/s
step_00250 ✓ [ 100% ] 000/050 VUs    30s        250.00 iters/s
step_00300 ✓ [ 100% ] 000/064 VUs    30s        300.00 iters/s
step_00350 ✓ [ 100% ] 0000/0070 VUs  30s        350.00 iters/s
step_00400 ✓ [ 100% ] 0000/0080 VUs  30s        400.00 iters/s
step_00450 ✓ [ 100% ] 0000/0090 VUs  30s        450.00 iters/s
step_00500 ✓ [ 100% ] 0000/0100 VUs  30s        500.00 iters/s
step_00550 ✓ [ 100% ] 0000/0110 VUs  30s        550.00 iters/s
step_00600   [  57% ] 0008/0120 VUs  17.0s/30s  600.00 iters/s
step_00650 • [   0% ] waiting        0m13.0s   
step_00700 • [   0% ] waiting        0m43.0s   
step_00750 • [   0% ] waiting        1m13.0s   
step_00800 • [   0% ] waiting        1m43.0s   
step_00850 • [   0% ] waiting        2m13.0s   
step_00900 • [   0% ] waiting        2m43.0s   
step_00950 • [   0% ] waiting        3m13.0s   
step_01000 • [   0% ] waiting        3m43.0s   

running (05m48.0s), 0003/0394 VUs, 109775 complete and 0 interrupted iterations
step_00050 ✓ [ 100% ] 000/020 VUs    30s        50.00 iters/s
step_00100 ✓ [ 100% ] 000/020 VUs    30s        100.00 iters/s
step_00150 ✓ [ 100% ] 000/030 VUs    30s        150.00 iters/s
step_00200 ✓ [ 100% ] 000/040 VUs    30s        200.00 iters/s
step_00250 ✓ [ 100% ] 000/050 VUs    30s        250.00 iters/s
step_00300 ✓ [ 100% ] 000/064 VUs    30s        300.00 iters/s
step_00350 ✓ [ 100% ] 0000/0070 VUs  30s        350.00 iters/s
step_00400 ✓ [ 100% ] 0000/0080 VUs  30s        400.00 iters/s
step_00450 ✓ [ 100% ] 0000/0090 VUs  30s        450.00 iters/s
step_00500 ✓ [ 100% ] 0000/0100 VUs  30s        500.00 iters/s
step_00550 ✓ [ 100% ] 0000/0110 VUs  30s        550.00 iters/s
step_00600   [  60% ] 0003/0120 VUs  18.0s/30s  600.00 iters/s
step_00650 • [   0% ] waiting        0m12.0s   
step_00700 • [   0% ] waiting        0m42.0s   
step_00750 • [   0% ] waiting        1m12.0s   
step_00800 • [   0% ] waiting        1m42.0s   
step_00850 • [   0% ] waiting        2m12.0s   
step_00900 • [   0% ] waiting        2m42.0s   
step_00950 • [   0% ] waiting        3m12.0s   
step_01000 • [   0% ] waiting        3m42.0s   

running (05m49.0s), 0006/0394 VUs, 110372 complete and 0 interrupted iterations
step_00050 ✓ [ 100% ] 000/020 VUs    30s        50.00 iters/s
step_00100 ✓ [ 100% ] 000/020 VUs    30s        100.00 iters/s
step_00150 ✓ [ 100% ] 000/030 VUs    30s        150.00 iters/s
step_00200 ✓ [ 100% ] 000/040 VUs    30s        200.00 iters/s
step_00250 ✓ [ 100% ] 000/050 VUs    30s        250.00 iters/s
step_00300 ✓ [ 100% ] 000/064 VUs    30s        300.00 iters/s
step_00350 ✓ [ 100% ] 0000/0070 VUs  30s        350.00 iters/s
step_00400 ✓ [ 100% ] 0000/0080 VUs  30s        400.00 iters/s
step_00450 ✓ [ 100% ] 0000/0090 VUs  30s        450.00 iters/s
step_00500 ✓ [ 100% ] 0000/0100 VUs  30s        500.00 iters/s
step_00550 ✓ [ 100% ] 0000/0110 VUs  30s        550.00 iters/s
step_00600   [  63% ] 0006/0120 VUs  19.0s/30s  600.00 iters/s
step_00650 • [   0% ] waiting        0m11.0s   
step_00700 • [   0% ] waiting        0m41.0s   
step_00750 • [   0% ] waiting        1m11.0s   
step_00800 • [   0% ] waiting        1m41.0s   
step_00850 • [   0% ] waiting        2m11.0s   
step_00900 • [   0% ] waiting        2m41.0s   
step_00950 • [   0% ] waiting        3m11.0s   
step_01000 • [   0% ] waiting        3m41.0s   

running (05m50.0s), 0004/0394 VUs, 110974 complete and 0 interrupted iterations
step_00050 ✓ [ 100% ] 000/020 VUs    30s        50.00 iters/s
step_00100 ✓ [ 100% ] 000/020 VUs    30s        100.00 iters/s
step_00150 ✓ [ 100% ] 000/030 VUs    30s        150.00 iters/s
step_00200 ✓ [ 100% ] 000/040 VUs    30s        200.00 iters/s
step_00250 ✓ [ 100% ] 000/050 VUs    30s        250.00 iters/s
step_00300 ✓ [ 100% ] 000/064 VUs    30s        300.00 iters/s
step_00350 ✓ [ 100% ] 0000/0070 VUs  30s        350.00 iters/s
step_00400 ✓ [ 100% ] 0000/0080 VUs  30s        400.00 iters/s
step_00450 ✓ [ 100% ] 0000/0090 VUs  30s        450.00 iters/s
step_00500 ✓ [ 100% ] 0000/0100 VUs  30s        500.00 iters/s
step_00550 ✓ [ 100% ] 0000/0110 VUs  30s        550.00 iters/s
step_00600   [  67% ] 0004/0120 VUs  20.0s/30s  600.00 iters/s
step_00650 • [   0% ] waiting        0m10.0s   
step_00700 • [   0% ] waiting        0m40.0s   
step_00750 • [   0% ] waiting        1m10.0s   
step_00800 • [   0% ] waiting        1m40.0s   
step_00850 • [   0% ] waiting        2m10.0s   
step_00900 • [   0% ] waiting        2m40.0s   
step_00950 • [   0% ] waiting        3m10.0s   
step_01000 • [   0% ] waiting        3m40.0s   

running (05m51.0s), 0005/0394 VUs, 111573 complete and 0 interrupted iterations
step_00050 ✓ [ 100% ] 000/020 VUs    30s        50.00 iters/s
step_00100 ✓ [ 100% ] 000/020 VUs    30s        100.00 iters/s
step_00150 ✓ [ 100% ] 000/030 VUs    30s        150.00 iters/s
step_00200 ✓ [ 100% ] 000/040 VUs    30s        200.00 iters/s
step_00250 ✓ [ 100% ] 000/050 VUs    30s        250.00 iters/s
step_00300 ✓ [ 100% ] 000/064 VUs    30s        300.00 iters/s
step_00350 ✓ [ 100% ] 0000/0070 VUs  30s        350.00 iters/s
step_00400 ✓ [ 100% ] 0000/0080 VUs  30s        400.00 iters/s
step_00450 ✓ [ 100% ] 0000/0090 VUs  30s        450.00 iters/s
step_00500 ✓ [ 100% ] 0000/0100 VUs  30s        500.00 iters/s
step_00550 ✓ [ 100% ] 0000/0110 VUs  30s        550.00 iters/s
step_00600   [  70% ] 0005/0120 VUs  21.0s/30s  600.00 iters/s
step_00650 • [   0% ] waiting        0m09.0s   
step_00700 • [   0% ] waiting        0m39.0s   
step_00750 • [   0% ] waiting        1m09.0s   
step_00800 • [   0% ] waiting        1m39.0s   
step_00850 • [   0% ] waiting        2m09.0s   
step_00900 • [   0% ] waiting        2m39.0s   
step_00950 • [   0% ] waiting        3m09.0s   
step_01000 • [   0% ] waiting        3m39.0s   

running (05m52.0s), 0004/0394 VUs, 112174 complete and 0 interrupted iterations
step_00050 ✓ [ 100% ] 000/020 VUs    30s        50.00 iters/s
step_00100 ✓ [ 100% ] 000/020 VUs    30s        100.00 iters/s
step_00150 ✓ [ 100% ] 000/030 VUs    30s        150.00 iters/s
step_00200 ✓ [ 100% ] 000/040 VUs    30s        200.00 iters/s
step_00250 ✓ [ 100% ] 000/050 VUs    30s        250.00 iters/s
step_00300 ✓ [ 100% ] 000/064 VUs    30s        300.00 iters/s
step_00350 ✓ [ 100% ] 0000/0070 VUs  30s        350.00 iters/s
step_00400 ✓ [ 100% ] 0000/0080 VUs  30s        400.00 iters/s
step_00450 ✓ [ 100% ] 0000/0090 VUs  30s        450.00 iters/s
step_00500 ✓ [ 100% ] 0000/0100 VUs  30s        500.00 iters/s
step_00550 ✓ [ 100% ] 0000/0110 VUs  30s        550.00 iters/s
step_00600   [  73% ] 0004/0120 VUs  22.0s/30s  600.00 iters/s
step_00650 • [   0% ] waiting        0m08.0s   
step_00700 • [   0% ] waiting        0m38.0s   
step_00750 • [   0% ] waiting        1m08.0s   
step_00800 • [   0% ] waiting        1m38.0s   
step_00850 • [   0% ] waiting        2m08.0s   
step_00900 • [   0% ] waiting        2m38.0s   
step_00950 • [   0% ] waiting        3m08.0s   
step_01000 • [   0% ] waiting        3m38.0s   

running (05m53.0s), 0003/0394 VUs, 112775 complete and 0 interrupted iterations
step_00050 ✓ [ 100% ] 000/020 VUs    30s        50.00 iters/s
step_00100 ✓ [ 100% ] 000/020 VUs    30s        100.00 iters/s
step_00150 ✓ [ 100% ] 000/030 VUs    30s        150.00 iters/s
step_00200 ✓ [ 100% ] 000/040 VUs    30s        200.00 iters/s
step_00250 ✓ [ 100% ] 000/050 VUs    30s        250.00 iters/s
step_00300 ✓ [ 100% ] 000/064 VUs    30s        300.00 iters/s
step_00350 ✓ [ 100% ] 0000/0070 VUs  30s        350.00 iters/s
step_00400 ✓ [ 100% ] 0000/0080 VUs  30s        400.00 iters/s
step_00450 ✓ [ 100% ] 0000/0090 VUs  30s        450.00 iters/s
step_00500 ✓ [ 100% ] 0000/0100 VUs  30s        500.00 iters/s
step_00550 ✓ [ 100% ] 0000/0110 VUs  30s        550.00 iters/s
step_00600   [  77% ] 0003/0120 VUs  23.0s/30s  600.00 iters/s
step_00650 • [   0% ] waiting        0m07.0s   
step_00700 • [   0% ] waiting        0m37.0s   
step_00750 • [   0% ] waiting        1m07.0s   
step_00800 • [   0% ] waiting        1m37.0s   
step_00850 • [   0% ] waiting        2m07.0s   
step_00900 • [   0% ] waiting        2m37.0s   
step_00950 • [   0% ] waiting        3m07.0s   
step_01000 • [   0% ] waiting        3m37.0s   

running (05m54.0s), 0003/0394 VUs, 113375 complete and 0 interrupted iterations
step_00050 ✓ [ 100% ] 000/020 VUs    30s        50.00 iters/s
step_00100 ✓ [ 100% ] 000/020 VUs    30s        100.00 iters/s
step_00150 ✓ [ 100% ] 000/030 VUs    30s        150.00 iters/s
step_00200 ✓ [ 100% ] 000/040 VUs    30s        200.00 iters/s
step_00250 ✓ [ 100% ] 000/050 VUs    30s        250.00 iters/s
step_00300 ✓ [ 100% ] 000/064 VUs    30s        300.00 iters/s
step_00350 ✓ [ 100% ] 0000/0070 VUs  30s        350.00 iters/s
step_00400 ✓ [ 100% ] 0000/0080 VUs  30s        400.00 iters/s
step_00450 ✓ [ 100% ] 0000/0090 VUs  30s        450.00 iters/s
step_00500 ✓ [ 100% ] 0000/0100 VUs  30s        500.00 iters/s
step_00550 ✓ [ 100% ] 0000/0110 VUs  30s        550.00 iters/s
step_00600   [  80% ] 0003/0120 VUs  24.0s/30s  600.00 iters/s
step_00650 • [   0% ] waiting        0m06.0s   
step_00700 • [   0% ] waiting        0m36.0s   
step_00750 • [   0% ] waiting        1m06.0s   
step_00800 • [   0% ] waiting        1m36.0s   
step_00850 • [   0% ] waiting        2m06.0s   
step_00900 • [   0% ] waiting        2m36.0s   
step_00950 • [   0% ] waiting        3m06.0s   
step_01000 • [   0% ] waiting        3m36.0s   

running (05m55.0s), 0004/0394 VUs, 113974 complete and 0 interrupted iterations
step_00050 ✓ [ 100% ] 000/020 VUs    30s        50.00 iters/s
step_00100 ✓ [ 100% ] 000/020 VUs    30s        100.00 iters/s
step_00150 ✓ [ 100% ] 000/030 VUs    30s        150.00 iters/s
step_00200 ✓ [ 100% ] 000/040 VUs    30s        200.00 iters/s
step_00250 ✓ [ 100% ] 000/050 VUs    30s        250.00 iters/s
step_00300 ✓ [ 100% ] 000/064 VUs    30s        300.00 iters/s
step_00350 ✓ [ 100% ] 0000/0070 VUs  30s        350.00 iters/s
step_00400 ✓ [ 100% ] 0000/0080 VUs  30s        400.00 iters/s
step_00450 ✓ [ 100% ] 0000/0090 VUs  30s        450.00 iters/s
step_00500 ✓ [ 100% ] 0000/0100 VUs  30s        500.00 iters/s
step_00550 ✓ [ 100% ] 0000/0110 VUs  30s        550.00 iters/s
step_00600   [  83% ] 0004/0120 VUs  25.0s/30s  600.00 iters/s
step_00650 • [   0% ] waiting        0m05.0s   
step_00700 • [   0% ] waiting        0m35.0s   
step_00750 • [   0% ] waiting        1m05.0s   
step_00800 • [   0% ] waiting        1m35.0s   
step_00850 • [   0% ] waiting        2m05.0s   
step_00900 • [   0% ] waiting        2m35.0s   
step_00950 • [   0% ] waiting        3m05.0s   
step_01000 • [   0% ] waiting        3m35.0s   

running (05m56.0s), 0014/0394 VUs, 114564 complete and 0 interrupted iterations
step_00050 ✓ [ 100% ] 000/020 VUs    30s        50.00 iters/s
step_00100 ✓ [ 100% ] 000/020 VUs    30s        100.00 iters/s
step_00150 ✓ [ 100% ] 000/030 VUs    30s        150.00 iters/s
step_00200 ✓ [ 100% ] 000/040 VUs    30s        200.00 iters/s
step_00250 ✓ [ 100% ] 000/050 VUs    30s        250.00 iters/s
step_00300 ✓ [ 100% ] 000/064 VUs    30s        300.00 iters/s
step_00350 ✓ [ 100% ] 0000/0070 VUs  30s        350.00 iters/s
step_00400 ✓ [ 100% ] 0000/0080 VUs  30s        400.00 iters/s
step_00450 ✓ [ 100% ] 0000/0090 VUs  30s        450.00 iters/s
step_00500 ✓ [ 100% ] 0000/0100 VUs  30s        500.00 iters/s
step_00550 ✓ [ 100% ] 0000/0110 VUs  30s        550.00 iters/s
step_00600   [  87% ] 0014/0120 VUs  26.0s/30s  600.00 iters/s
step_00650 • [   0% ] waiting        0m04.0s   
step_00700 • [   0% ] waiting        0m34.0s   
step_00750 • [   0% ] waiting        1m04.0s   
step_00800 • [   0% ] waiting        1m34.0s   
step_00850 • [   0% ] waiting        2m04.0s   
step_00900 • [   0% ] waiting        2m34.0s   
step_00950 • [   0% ] waiting        3m04.0s   
step_01000 • [   0% ] waiting        3m34.0s   

running (05m57.0s), 0006/0394 VUs, 115172 complete and 0 interrupted iterations
step_00050 ✓ [ 100% ] 000/020 VUs    30s        50.00 iters/s
step_00100 ✓ [ 100% ] 000/020 VUs    30s        100.00 iters/s
step_00150 ✓ [ 100% ] 000/030 VUs    30s        150.00 iters/s
step_00200 ✓ [ 100% ] 000/040 VUs    30s        200.00 iters/s
step_00250 ✓ [ 100% ] 000/050 VUs    30s        250.00 iters/s
step_00300 ✓ [ 100% ] 000/064 VUs    30s        300.00 iters/s
step_00350 ✓ [ 100% ] 0000/0070 VUs  30s        350.00 iters/s
step_00400 ✓ [ 100% ] 0000/0080 VUs  30s        400.00 iters/s
step_00450 ✓ [ 100% ] 0000/0090 VUs  30s        450.00 iters/s
step_00500 ✓ [ 100% ] 0000/0100 VUs  30s        500.00 iters/s
step_00550 ✓ [ 100% ] 0000/0110 VUs  30s        550.00 iters/s
step_00600   [  90% ] 0006/0120 VUs  27.0s/30s  600.00 iters/s
step_00650 • [   0% ] waiting        0m03.0s   
step_00700 • [   0% ] waiting        0m33.0s   
step_00750 • [   0% ] waiting        1m03.0s   
step_00800 • [   0% ] waiting        1m33.0s   
step_00850 • [   0% ] waiting        2m03.0s   
step_00900 • [   0% ] waiting        2m33.0s   
step_00950 • [   0% ] waiting        3m03.0s   
step_01000 • [   0% ] waiting        3m33.0s   

running (05m58.0s), 0002/0394 VUs, 115776 complete and 0 interrupted iterations
step_00050 ✓ [ 100% ] 000/020 VUs    30s        50.00 iters/s
step_00100 ✓ [ 100% ] 000/020 VUs    30s        100.00 iters/s
step_00150 ✓ [ 100% ] 000/030 VUs    30s        150.00 iters/s
step_00200 ✓ [ 100% ] 000/040 VUs    30s        200.00 iters/s
step_00250 ✓ [ 100% ] 000/050 VUs    30s        250.00 iters/s
step_00300 ✓ [ 100% ] 000/064 VUs    30s        300.00 iters/s
step_00350 ✓ [ 100% ] 0000/0070 VUs  30s        350.00 iters/s
step_00400 ✓ [ 100% ] 0000/0080 VUs  30s        400.00 iters/s
step_00450 ✓ [ 100% ] 0000/0090 VUs  30s        450.00 iters/s
step_00500 ✓ [ 100% ] 0000/0100 VUs  30s        500.00 iters/s
step_00550 ✓ [ 100% ] 0000/0110 VUs  30s        550.00 iters/s
step_00600   [  93% ] 0002/0120 VUs  28.0s/30s  600.00 iters/s
step_00650 • [   0% ] waiting        0m02.0s   
step_00700 • [   0% ] waiting        0m32.0s   
step_00750 • [   0% ] waiting        1m02.0s   
step_00800 • [   0% ] waiting        1m32.0s   
step_00850 • [   0% ] waiting        2m02.0s   
step_00900 • [   0% ] waiting        2m32.0s   
step_00950 • [   0% ] waiting        3m02.0s   
step_01000 • [   0% ] waiting        3m32.0s   

running (05m59.0s), 0003/0394 VUs, 116375 complete and 0 interrupted iterations
step_00050 ✓ [ 100% ] 000/020 VUs    30s        50.00 iters/s
step_00100 ✓ [ 100% ] 000/020 VUs    30s        100.00 iters/s
step_00150 ✓ [ 100% ] 000/030 VUs    30s        150.00 iters/s
step_00200 ✓ [ 100% ] 000/040 VUs    30s        200.00 iters/s
step_00250 ✓ [ 100% ] 000/050 VUs    30s        250.00 iters/s
step_00300 ✓ [ 100% ] 000/064 VUs    30s        300.00 iters/s
step_00350 ✓ [ 100% ] 0000/0070 VUs  30s        350.00 iters/s
step_00400 ✓ [ 100% ] 0000/0080 VUs  30s        400.00 iters/s
step_00450 ✓ [ 100% ] 0000/0090 VUs  30s        450.00 iters/s
step_00500 ✓ [ 100% ] 0000/0100 VUs  30s        500.00 iters/s
step_00550 ✓ [ 100% ] 0000/0110 VUs  30s        550.00 iters/s
step_00600   [  97% ] 0002/0120 VUs  29.0s/30s  600.00 iters/s
step_00650 • [   0% ] waiting        0m01.0s   
step_00700 • [   0% ] waiting        0m31.0s   
step_00750 • [   0% ] waiting        1m01.0s   
step_00800 • [   0% ] waiting        1m31.0s   
step_00850 • [   0% ] waiting        2m01.0s   
step_00900 • [   0% ] waiting        2m31.0s   
step_00950 • [   0% ] waiting        3m01.0s   
step_01000 • [   0% ] waiting        3m31.0s   

running (06m00.0s), 0001/0394 VUs, 116977 complete and 0 interrupted iterations
step_00050 ✓ [ 100% ] 000/020 VUs    30s        50.00 iters/s
step_00100 ✓ [ 100% ] 000/020 VUs    30s        100.00 iters/s
step_00150 ✓ [ 100% ] 000/030 VUs    30s        150.00 iters/s
step_00200 ✓ [ 100% ] 000/040 VUs    30s        200.00 iters/s
step_00250 ✓ [ 100% ] 000/050 VUs    30s        250.00 iters/s
step_00300 ✓ [ 100% ] 000/064 VUs    30s        300.00 iters/s
step_00350 ✓ [ 100% ] 0000/0070 VUs  30s        350.00 iters/s
step_00400 ✓ [ 100% ] 0000/0080 VUs  30s        400.00 iters/s
step_00450 ✓ [ 100% ] 0000/0090 VUs  30s        450.00 iters/s
step_00500 ✓ [ 100% ] 0000/0100 VUs  30s        500.00 iters/s
step_00550 ✓ [ 100% ] 0000/0110 VUs  30s        550.00 iters/s
step_00600   [ 100% ] 0001/0120 VUs  30.0s/30s  600.00 iters/s
step_00650 • [   0% ] waiting        0m00.0s   
step_00700 • [   0% ] waiting        0m30.0s   
step_00750 • [   0% ] waiting        1m00.0s   
step_00800 • [   0% ] waiting        1m30.0s   
step_00850 • [   0% ] waiting        2m00.0s   
step_00900 • [   0% ] waiting        2m30.0s   
step_00950 • [   0% ] waiting        3m00.0s   
step_01000 • [   0% ] waiting        3m30.0s   

running (06m01.0s), 0008/0394 VUs, 117619 complete and 0 interrupted iterations
step_00050 ✓ [ 100% ] 000/020 VUs    30s        50.00 iters/s
step_00100 ✓ [ 100% ] 000/020 VUs    30s        100.00 iters/s
step_00150 ✓ [ 100% ] 000/030 VUs    30s        150.00 iters/s
step_00200 ✓ [ 100% ] 000/040 VUs    30s        200.00 iters/s
step_00250 ✓ [ 100% ] 000/050 VUs    30s        250.00 iters/s
step_00300 ✓ [ 100% ] 000/064 VUs    30s        300.00 iters/s
step_00350 ✓ [ 100% ] 0000/0070 VUs  30s        350.00 iters/s
step_00400 ✓ [ 100% ] 0000/0080 VUs  30s        400.00 iters/s
step_00450 ✓ [ 100% ] 0000/0090 VUs  30s        450.00 iters/s
step_00500 ✓ [ 100% ] 0000/0100 VUs  30s        500.00 iters/s
step_00550 ✓ [ 100% ] 0000/0110 VUs  30s        550.00 iters/s
step_00600 ✓ [ 100% ] 0000/0120 VUs  30s        600.00 iters/s
step_00650   [   3% ] 0008/0130 VUs  01.0s/30s  650.00 iters/s
step_00700 • [   0% ] waiting        0m29.0s   
step_00750 • [   0% ] waiting        0m59.0s   
step_00800 • [   0% ] waiting        1m29.0s   
step_00850 • [   0% ] waiting        1m59.0s   
step_00900 • [   0% ] waiting        2m29.0s   
step_00950 • [   0% ] waiting        2m59.0s   
step_01000 • [   0% ] waiting        3m29.0s   

running (06m02.0s), 0004/0394 VUs, 118273 complete and 0 interrupted iterations
step_00050 ✓ [ 100% ] 000/020 VUs    30s        50.00 iters/s
step_00100 ✓ [ 100% ] 000/020 VUs    30s        100.00 iters/s
step_00150 ✓ [ 100% ] 000/030 VUs    30s        150.00 iters/s
step_00200 ✓ [ 100% ] 000/040 VUs    30s        200.00 iters/s
step_00250 ✓ [ 100% ] 000/050 VUs    30s        250.00 iters/s
step_00300 ✓ [ 100% ] 000/064 VUs    30s        300.00 iters/s
step_00350 ✓ [ 100% ] 0000/0070 VUs  30s        350.00 iters/s
step_00400 ✓ [ 100% ] 0000/0080 VUs  30s        400.00 iters/s
step_00450 ✓ [ 100% ] 0000/0090 VUs  30s        450.00 iters/s
step_00500 ✓ [ 100% ] 0000/0100 VUs  30s        500.00 iters/s
step_00550 ✓ [ 100% ] 0000/0110 VUs  30s        550.00 iters/s
step_00600 ✓ [ 100% ] 0000/0120 VUs  30s        600.00 iters/s
step_00650   [   7% ] 0004/0130 VUs  02.0s/30s  650.00 iters/s
step_00700 • [   0% ] waiting        0m28.0s   
step_00750 • [   0% ] waiting        0m58.0s   
step_00800 • [   0% ] waiting        1m28.0s   
step_00850 • [   0% ] waiting        1m58.0s   
step_00900 • [   0% ] waiting        2m28.0s   
step_00950 • [   0% ] waiting        2m58.0s   
step_01000 • [   0% ] waiting        3m28.0s   

running (06m03.0s), 0004/0394 VUs, 118923 complete and 0 interrupted iterations
step_00050 ✓ [ 100% ] 000/020 VUs    30s        50.00 iters/s
step_00100 ✓ [ 100% ] 000/020 VUs    30s        100.00 iters/s
step_00150 ✓ [ 100% ] 000/030 VUs    30s        150.00 iters/s
step_00200 ✓ [ 100% ] 000/040 VUs    30s        200.00 iters/s
step_00250 ✓ [ 100% ] 000/050 VUs    30s        250.00 iters/s
step_00300 ✓ [ 100% ] 000/064 VUs    30s        300.00 iters/s
step_00350 ✓ [ 100% ] 0000/0070 VUs  30s        350.00 iters/s
step_00400 ✓ [ 100% ] 0000/0080 VUs  30s        400.00 iters/s
step_00450 ✓ [ 100% ] 0000/0090 VUs  30s        450.00 iters/s
step_00500 ✓ [ 100% ] 0000/0100 VUs  30s        500.00 iters/s
step_00550 ✓ [ 100% ] 0000/0110 VUs  30s        550.00 iters/s
step_00600 ✓ [ 100% ] 0000/0120 VUs  30s        600.00 iters/s
step_00650   [  10% ] 0004/0130 VUs  03.0s/30s  650.00 iters/s
step_00700 • [   0% ] waiting        0m27.0s   
step_00750 • [   0% ] waiting        0m57.0s   
step_00800 • [   0% ] waiting        1m27.0s   
step_00850 • [   0% ] waiting        1m57.0s   
step_00900 • [   0% ] waiting        2m27.0s   
step_00950 • [   0% ] waiting        2m57.0s   
step_01000 • [   0% ] waiting        3m27.0s   

running (06m04.0s), 0002/0407 VUs, 119562 complete and 0 interrupted iterations
step_00050 ✓ [ 100% ] 000/020 VUs    30s        50.00 iters/s
step_00100 ✓ [ 100% ] 000/020 VUs    30s        100.00 iters/s
step_00150 ✓ [ 100% ] 000/030 VUs    30s        150.00 iters/s
step_00200 ✓ [ 100% ] 000/040 VUs    30s        200.00 iters/s
step_00250 ✓ [ 100% ] 000/050 VUs    30s        250.00 iters/s
step_00300 ✓ [ 100% ] 000/064 VUs    30s        300.00 iters/s
step_00350 ✓ [ 100% ] 0000/0070 VUs  30s        350.00 iters/s
step_00400 ✓ [ 100% ] 0000/0080 VUs  30s        400.00 iters/s
step_00450 ✓ [ 100% ] 0000/0090 VUs  30s        450.00 iters/s
step_00500 ✓ [ 100% ] 0000/0100 VUs  30s        500.00 iters/s
step_00550 ✓ [ 100% ] 0000/0110 VUs  30s        550.00 iters/s
step_00600 ✓ [ 100% ] 0000/0120 VUs  30s        600.00 iters/s
step_00650   [  13% ] 0002/0143 VUs  04.0s/30s  650.00 iters/s
step_00700 • [   0% ] waiting        0m26.0s   
step_00750 • [   0% ] waiting        0m56.0s   
step_00800 • [   0% ] waiting        1m26.0s   
step_00850 • [   0% ] waiting        1m56.0s   
step_00900 • [   0% ] waiting        2m26.0s   
step_00950 • [   0% ] waiting        2m56.0s   
step_01000 • [   0% ] waiting        3m26.0s   

running (06m05.0s), 0002/0407 VUs, 120211 complete and 0 interrupted iterations
step_00050 ✓ [ 100% ] 000/020 VUs    30s        50.00 iters/s
step_00100 ✓ [ 100% ] 000/020 VUs    30s        100.00 iters/s
step_00150 ✓ [ 100% ] 000/030 VUs    30s        150.00 iters/s
step_00200 ✓ [ 100% ] 000/040 VUs    30s        200.00 iters/s
step_00250 ✓ [ 100% ] 000/050 VUs    30s        250.00 iters/s
step_00300 ✓ [ 100% ] 000/064 VUs    30s        300.00 iters/s
step_00350 ✓ [ 100% ] 0000/0070 VUs  30s        350.00 iters/s
step_00400 ✓ [ 100% ] 0000/0080 VUs  30s        400.00 iters/s
step_00450 ✓ [ 100% ] 0000/0090 VUs  30s        450.00 iters/s
step_00500 ✓ [ 100% ] 0000/0100 VUs  30s        500.00 iters/s
step_00550 ✓ [ 100% ] 0000/0110 VUs  30s        550.00 iters/s
step_00600 ✓ [ 100% ] 0000/0120 VUs  30s        600.00 iters/s
step_00650   [  17% ] 0003/0143 VUs  05.0s/30s  650.00 iters/s
step_00700 • [   0% ] waiting        0m25.0s   
step_00750 • [   0% ] waiting        0m55.0s   
step_00800 • [   0% ] waiting        1m25.0s   
step_00850 • [   0% ] waiting        1m55.0s   
step_00900 • [   0% ] waiting        2m25.0s   
step_00950 • [   0% ] waiting        2m55.0s   
step_01000 • [   0% ] waiting        3m25.0s   

running (06m06.0s), 0007/0407 VUs, 120857 complete and 0 interrupted iterations
step_00050 ✓ [ 100% ] 000/020 VUs    30s        50.00 iters/s
step_00100 ✓ [ 100% ] 000/020 VUs    30s        100.00 iters/s
step_00150 ✓ [ 100% ] 000/030 VUs    30s        150.00 iters/s
step_00200 ✓ [ 100% ] 000/040 VUs    30s        200.00 iters/s
step_00250 ✓ [ 100% ] 000/050 VUs    30s        250.00 iters/s
step_00300 ✓ [ 100% ] 000/064 VUs    30s        300.00 iters/s
step_00350 ✓ [ 100% ] 0000/0070 VUs  30s        350.00 iters/s
step_00400 ✓ [ 100% ] 0000/0080 VUs  30s        400.00 iters/s
step_00450 ✓ [ 100% ] 0000/0090 VUs  30s        450.00 iters/s
step_00500 ✓ [ 100% ] 0000/0100 VUs  30s        500.00 iters/s
step_00550 ✓ [ 100% ] 0000/0110 VUs  30s        550.00 iters/s
step_00600 ✓ [ 100% ] 0000/0120 VUs  30s        600.00 iters/s
step_00650   [  20% ] 0007/0143 VUs  06.0s/30s  650.00 iters/s
step_00700 • [   0% ] waiting        0m24.0s   
step_00750 • [   0% ] waiting        0m54.0s   
step_00800 • [   0% ] waiting        1m24.0s   
step_00850 • [   0% ] waiting        1m54.0s   
step_00900 • [   0% ] waiting        2m24.0s   
step_00950 • [   0% ] waiting        2m54.0s   
step_01000 • [   0% ] waiting        3m24.0s   

running (06m07.0s), 0002/0407 VUs, 121511 complete and 0 interrupted iterations
step_00050 ✓ [ 100% ] 000/020 VUs    30s        50.00 iters/s
step_00100 ✓ [ 100% ] 000/020 VUs    30s        100.00 iters/s
step_00150 ✓ [ 100% ] 000/030 VUs    30s        150.00 iters/s
step_00200 ✓ [ 100% ] 000/040 VUs    30s        200.00 iters/s
step_00250 ✓ [ 100% ] 000/050 VUs    30s        250.00 iters/s
step_00300 ✓ [ 100% ] 000/064 VUs    30s        300.00 iters/s
step_00350 ✓ [ 100% ] 0000/0070 VUs  30s        350.00 iters/s
step_00400 ✓ [ 100% ] 0000/0080 VUs  30s        400.00 iters/s
step_00450 ✓ [ 100% ] 0000/0090 VUs  30s        450.00 iters/s
step_00500 ✓ [ 100% ] 0000/0100 VUs  30s        500.00 iters/s
step_00550 ✓ [ 100% ] 0000/0110 VUs  30s        550.00 iters/s
step_00600 ✓ [ 100% ] 0000/0120 VUs  30s        600.00 iters/s
step_00650   [  23% ] 0003/0143 VUs  07.0s/30s  650.00 iters/s
step_00700 • [   0% ] waiting        0m23.0s   
step_00750 • [   0% ] waiting        0m53.0s   
step_00800 • [   0% ] waiting        1m23.0s   
step_00850 • [   0% ] waiting        1m53.0s   
step_00900 • [   0% ] waiting        2m23.0s   
step_00950 • [   0% ] waiting        2m53.0s   
step_01000 • [   0% ] waiting        3m23.0s   

running (06m08.0s), 0013/0407 VUs, 122150 complete and 0 interrupted iterations
step_00050 ✓ [ 100% ] 000/020 VUs    30s        50.00 iters/s
step_00100 ✓ [ 100% ] 000/020 VUs    30s        100.00 iters/s
step_00150 ✓ [ 100% ] 000/030 VUs    30s        150.00 iters/s
step_00200 ✓ [ 100% ] 000/040 VUs    30s        200.00 iters/s
step_00250 ✓ [ 100% ] 000/050 VUs    30s        250.00 iters/s
step_00300 ✓ [ 100% ] 000/064 VUs    30s        300.00 iters/s
step_00350 ✓ [ 100% ] 0000/0070 VUs  30s        350.00 iters/s
step_00400 ✓ [ 100% ] 0000/0080 VUs  30s        400.00 iters/s
step_00450 ✓ [ 100% ] 0000/0090 VUs  30s        450.00 iters/s
step_00500 ✓ [ 100% ] 0000/0100 VUs  30s        500.00 iters/s
step_00550 ✓ [ 100% ] 0000/0110 VUs  30s        550.00 iters/s
step_00600 ✓ [ 100% ] 0000/0120 VUs  30s        600.00 iters/s
step_00650   [  27% ] 0013/0143 VUs  08.0s/30s  650.00 iters/s
step_00700 • [   0% ] waiting        0m22.0s   
step_00750 • [   0% ] waiting        0m52.0s   
step_00800 • [   0% ] waiting        1m22.0s   
step_00850 • [   0% ] waiting        1m52.0s   
step_00900 • [   0% ] waiting        2m22.0s   
step_00950 • [   0% ] waiting        2m52.0s   
step_01000 • [   0% ] waiting        3m22.0s   

running (06m09.0s), 0002/0407 VUs, 122812 complete and 0 interrupted iterations
step_00050 ✓ [ 100% ] 000/020 VUs    30s        50.00 iters/s
step_00100 ✓ [ 100% ] 000/020 VUs    30s        100.00 iters/s
step_00150 ✓ [ 100% ] 000/030 VUs    30s        150.00 iters/s
step_00200 ✓ [ 100% ] 000/040 VUs    30s        200.00 iters/s
step_00250 ✓ [ 100% ] 000/050 VUs    30s        250.00 iters/s
step_00300 ✓ [ 100% ] 000/064 VUs    30s        300.00 iters/s
step_00350 ✓ [ 100% ] 0000/0070 VUs  30s        350.00 iters/s
step_00400 ✓ [ 100% ] 0000/0080 VUs  30s        400.00 iters/s
step_00450 ✓ [ 100% ] 0000/0090 VUs  30s        450.00 iters/s
step_00500 ✓ [ 100% ] 0000/0100 VUs  30s        500.00 iters/s
step_00550 ✓ [ 100% ] 0000/0110 VUs  30s        550.00 iters/s
step_00600 ✓ [ 100% ] 0000/0120 VUs  30s        600.00 iters/s
step_00650   [  30% ] 0002/0143 VUs  09.0s/30s  650.00 iters/s
step_00700 • [   0% ] waiting        0m21.0s   
step_00750 • [   0% ] waiting        0m51.0s   
step_00800 • [   0% ] waiting        1m21.0s   
step_00850 • [   0% ] waiting        1m51.0s   
step_00900 • [   0% ] waiting        2m21.0s   
step_00950 • [   0% ] waiting        2m51.0s   
step_01000 • [   0% ] waiting        3m21.0s   

running (06m10.0s), 0002/0407 VUs, 123461 complete and 0 interrupted iterations
step_00050 ✓ [ 100% ] 000/020 VUs    30s        50.00 iters/s
step_00100 ✓ [ 100% ] 000/020 VUs    30s        100.00 iters/s
step_00150 ✓ [ 100% ] 000/030 VUs    30s        150.00 iters/s
step_00200 ✓ [ 100% ] 000/040 VUs    30s        200.00 iters/s
step_00250 ✓ [ 100% ] 000/050 VUs    30s        250.00 iters/s
step_00300 ✓ [ 100% ] 000/064 VUs    30s        300.00 iters/s
step_00350 ✓ [ 100% ] 0000/0070 VUs  30s        350.00 iters/s
step_00400 ✓ [ 100% ] 0000/0080 VUs  30s        400.00 iters/s
step_00450 ✓ [ 100% ] 0000/0090 VUs  30s        450.00 iters/s
step_00500 ✓ [ 100% ] 0000/0100 VUs  30s        500.00 iters/s
step_00550 ✓ [ 100% ] 0000/0110 VUs  30s        550.00 iters/s
step_00600 ✓ [ 100% ] 0000/0120 VUs  30s        600.00 iters/s
step_00650   [  33% ] 0002/0143 VUs  10.0s/30s  650.00 iters/s
step_00700 • [   0% ] waiting        0m20.0s   
step_00750 • [   0% ] waiting        0m50.0s   
step_00800 • [   0% ] waiting        1m20.0s   
step_00850 • [   0% ] waiting        1m50.0s   
step_00900 • [   0% ] waiting        2m20.0s   
step_00950 • [   0% ] waiting        2m50.0s   
step_01000 • [   0% ] waiting        3m20.0s   

running (06m11.0s), 0002/0407 VUs, 124112 complete and 0 interrupted iterations
step_00050 ✓ [ 100% ] 000/020 VUs    30s        50.00 iters/s
step_00100 ✓ [ 100% ] 000/020 VUs    30s        100.00 iters/s
step_00150 ✓ [ 100% ] 000/030 VUs    30s        150.00 iters/s
step_00200 ✓ [ 100% ] 000/040 VUs    30s        200.00 iters/s
step_00250 ✓ [ 100% ] 000/050 VUs    30s        250.00 iters/s
step_00300 ✓ [ 100% ] 000/064 VUs    30s        300.00 iters/s
step_00350 ✓ [ 100% ] 0000/0070 VUs  30s        350.00 iters/s
step_00400 ✓ [ 100% ] 0000/0080 VUs  30s        400.00 iters/s
step_00450 ✓ [ 100% ] 0000/0090 VUs  30s        450.00 iters/s
step_00500 ✓ [ 100% ] 0000/0100 VUs  30s        500.00 iters/s
step_00550 ✓ [ 100% ] 0000/0110 VUs  30s        550.00 iters/s
step_00600 ✓ [ 100% ] 0000/0120 VUs  30s        600.00 iters/s
step_00650   [  37% ] 0002/0143 VUs  11.0s/30s  650.00 iters/s
step_00700 • [   0% ] waiting        0m19.0s   
step_00750 • [   0% ] waiting        0m49.0s   
step_00800 • [   0% ] waiting        1m19.0s   
step_00850 • [   0% ] waiting        1m49.0s   
step_00900 • [   0% ] waiting        2m19.0s   
step_00950 • [   0% ] waiting        2m49.0s   
step_01000 • [   0% ] waiting        3m19.0s   

running (06m12.0s), 0030/0407 VUs, 124734 complete and 0 interrupted iterations
step_00050 ✓ [ 100% ] 000/020 VUs    30s        50.00 iters/s
step_00100 ✓ [ 100% ] 000/020 VUs    30s        100.00 iters/s
step_00150 ✓ [ 100% ] 000/030 VUs    30s        150.00 iters/s
step_00200 ✓ [ 100% ] 000/040 VUs    30s        200.00 iters/s
step_00250 ✓ [ 100% ] 000/050 VUs    30s        250.00 iters/s
step_00300 ✓ [ 100% ] 000/064 VUs    30s        300.00 iters/s
step_00350 ✓ [ 100% ] 0000/0070 VUs  30s        350.00 iters/s
step_00400 ✓ [ 100% ] 0000/0080 VUs  30s        400.00 iters/s
step_00450 ✓ [ 100% ] 0000/0090 VUs  30s        450.00 iters/s
step_00500 ✓ [ 100% ] 0000/0100 VUs  30s        500.00 iters/s
step_00550 ✓ [ 100% ] 0000/0110 VUs  30s        550.00 iters/s
step_00600 ✓ [ 100% ] 0000/0120 VUs  30s        600.00 iters/s
step_00650   [  40% ] 0030/0143 VUs  12.0s/30s  650.00 iters/s
step_00700 • [   0% ] waiting        0m18.0s   
step_00750 • [   0% ] waiting        0m48.0s   
step_00800 • [   0% ] waiting        1m18.0s   
step_00850 • [   0% ] waiting        1m48.0s   
step_00900 • [   0% ] waiting        2m18.0s   
step_00950 • [   0% ] waiting        2m48.0s   
step_01000 • [   0% ] waiting        3m18.0s   

running (06m13.0s), 0003/0407 VUs, 125410 complete and 0 interrupted iterations
step_00050 ✓ [ 100% ] 000/020 VUs    30s        50.00 iters/s
step_00100 ✓ [ 100% ] 000/020 VUs    30s        100.00 iters/s
step_00150 ✓ [ 100% ] 000/030 VUs    30s        150.00 iters/s
step_00200 ✓ [ 100% ] 000/040 VUs    30s        200.00 iters/s
step_00250 ✓ [ 100% ] 000/050 VUs    30s        250.00 iters/s
step_00300 ✓ [ 100% ] 000/064 VUs    30s        300.00 iters/s
step_00350 ✓ [ 100% ] 0000/0070 VUs  30s        350.00 iters/s
step_00400 ✓ [ 100% ] 0000/0080 VUs  30s        400.00 iters/s
step_00450 ✓ [ 100% ] 0000/0090 VUs  30s        450.00 iters/s
step_00500 ✓ [ 100% ] 0000/0100 VUs  30s        500.00 iters/s
step_00550 ✓ [ 100% ] 0000/0110 VUs  30s        550.00 iters/s
step_00600 ✓ [ 100% ] 0000/0120 VUs  30s        600.00 iters/s
step_00650   [  43% ] 0004/0143 VUs  13.0s/30s  650.00 iters/s
step_00700 • [   0% ] waiting        0m17.0s   
step_00750 • [   0% ] waiting        0m47.0s   
step_00800 • [   0% ] waiting        1m17.0s   
step_00850 • [   0% ] waiting        1m47.0s   
step_00900 • [   0% ] waiting        2m17.0s   
step_00950 • [   0% ] waiting        2m47.0s   
step_01000 • [   0% ] waiting        3m17.0s   

running (06m14.0s), 0007/0407 VUs, 126057 complete and 0 interrupted iterations
step_00050 ✓ [ 100% ] 000/020 VUs    30s        50.00 iters/s
step_00100 ✓ [ 100% ] 000/020 VUs    30s        100.00 iters/s
step_00150 ✓ [ 100% ] 000/030 VUs    30s        150.00 iters/s
step_00200 ✓ [ 100% ] 000/040 VUs    30s        200.00 iters/s
step_00250 ✓ [ 100% ] 000/050 VUs    30s        250.00 iters/s
step_00300 ✓ [ 100% ] 000/064 VUs    30s        300.00 iters/s
step_00350 ✓ [ 100% ] 0000/0070 VUs  30s        350.00 iters/s
step_00400 ✓ [ 100% ] 0000/0080 VUs  30s        400.00 iters/s
step_00450 ✓ [ 100% ] 0000/0090 VUs  30s        450.00 iters/s
step_00500 ✓ [ 100% ] 0000/0100 VUs  30s        500.00 iters/s
step_00550 ✓ [ 100% ] 0000/0110 VUs  30s        550.00 iters/s
step_00600 ✓ [ 100% ] 0000/0120 VUs  30s        600.00 iters/s
step_00650   [  47% ] 0007/0143 VUs  14.0s/30s  650.00 iters/s
step_00700 • [   0% ] waiting        0m16.0s   
step_00750 • [   0% ] waiting        0m46.0s   
step_00800 • [   0% ] waiting        1m16.0s   
step_00850 • [   0% ] waiting        1m46.0s   
step_00900 • [   0% ] waiting        2m16.0s   
step_00950 • [   0% ] waiting        2m46.0s   
step_01000 • [   0% ] waiting        3m16.0s   

running (06m15.0s), 0002/0407 VUs, 126712 complete and 0 interrupted iterations
step_00050 ✓ [ 100% ] 000/020 VUs    30s        50.00 iters/s
step_00100 ✓ [ 100% ] 000/020 VUs    30s        100.00 iters/s
step_00150 ✓ [ 100% ] 000/030 VUs    30s        150.00 iters/s
step_00200 ✓ [ 100% ] 000/040 VUs    30s        200.00 iters/s
step_00250 ✓ [ 100% ] 000/050 VUs    30s        250.00 iters/s
step_00300 ✓ [ 100% ] 000/064 VUs    30s        300.00 iters/s
step_00350 ✓ [ 100% ] 0000/0070 VUs  30s        350.00 iters/s
step_00400 ✓ [ 100% ] 0000/0080 VUs  30s        400.00 iters/s
step_00450 ✓ [ 100% ] 0000/0090 VUs  30s        450.00 iters/s
step_00500 ✓ [ 100% ] 0000/0100 VUs  30s        500.00 iters/s
step_00550 ✓ [ 100% ] 0000/0110 VUs  30s        550.00 iters/s
step_00600 ✓ [ 100% ] 0000/0120 VUs  30s        600.00 iters/s
step_00650   [  50% ] 0002/0143 VUs  15.0s/30s  650.00 iters/s
step_00700 • [   0% ] waiting        0m15.0s   
step_00750 • [   0% ] waiting        0m45.0s   
step_00800 • [   0% ] waiting        1m15.0s   
step_00850 • [   0% ] waiting        1m45.0s   
step_00900 • [   0% ] waiting        2m15.0s   
step_00950 • [   0% ] waiting        2m45.0s   
step_01000 • [   0% ] waiting        3m15.0s   

running (06m16.0s), 0009/0407 VUs, 127355 complete and 0 interrupted iterations
step_00050 ✓ [ 100% ] 000/020 VUs    30s        50.00 iters/s
step_00100 ✓ [ 100% ] 000/020 VUs    30s        100.00 iters/s
step_00150 ✓ [ 100% ] 000/030 VUs    30s        150.00 iters/s
step_00200 ✓ [ 100% ] 000/040 VUs    30s        200.00 iters/s
step_00250 ✓ [ 100% ] 000/050 VUs    30s        250.00 iters/s
step_00300 ✓ [ 100% ] 000/064 VUs    30s        300.00 iters/s
step_00350 ✓ [ 100% ] 0000/0070 VUs  30s        350.00 iters/s
step_00400 ✓ [ 100% ] 0000/0080 VUs  30s        400.00 iters/s
step_00450 ✓ [ 100% ] 0000/0090 VUs  30s        450.00 iters/s
step_00500 ✓ [ 100% ] 0000/0100 VUs  30s        500.00 iters/s
step_00550 ✓ [ 100% ] 0000/0110 VUs  30s        550.00 iters/s
step_00600 ✓ [ 100% ] 0000/0120 VUs  30s        600.00 iters/s
step_00650   [  53% ] 0009/0143 VUs  16.0s/30s  650.00 iters/s
step_00700 • [   0% ] waiting        0m14.0s   
step_00750 • [   0% ] waiting        0m44.0s   
step_00800 • [   0% ] waiting        1m14.0s   
step_00850 • [   0% ] waiting        1m44.0s   
step_00900 • [   0% ] waiting        2m14.0s   
step_00950 • [   0% ] waiting        2m44.0s   
step_01000 • [   0% ] waiting        3m14.0s   

running (06m17.0s), 0007/0407 VUs, 128007 complete and 0 interrupted iterations
step_00050 ✓ [ 100% ] 000/020 VUs    30s        50.00 iters/s
step_00100 ✓ [ 100% ] 000/020 VUs    30s        100.00 iters/s
step_00150 ✓ [ 100% ] 000/030 VUs    30s        150.00 iters/s
step_00200 ✓ [ 100% ] 000/040 VUs    30s        200.00 iters/s
step_00250 ✓ [ 100% ] 000/050 VUs    30s        250.00 iters/s
step_00300 ✓ [ 100% ] 000/064 VUs    30s        300.00 iters/s
step_00350 ✓ [ 100% ] 0000/0070 VUs  30s        350.00 iters/s
step_00400 ✓ [ 100% ] 0000/0080 VUs  30s        400.00 iters/s
step_00450 ✓ [ 100% ] 0000/0090 VUs  30s        450.00 iters/s
step_00500 ✓ [ 100% ] 0000/0100 VUs  30s        500.00 iters/s
step_00550 ✓ [ 100% ] 0000/0110 VUs  30s        550.00 iters/s
step_00600 ✓ [ 100% ] 0000/0120 VUs  30s        600.00 iters/s
step_00650   [  57% ] 0007/0143 VUs  17.0s/30s  650.00 iters/s
step_00700 • [   0% ] waiting        0m13.0s   
step_00750 • [   0% ] waiting        0m43.0s   
step_00800 • [   0% ] waiting        1m13.0s   
step_00850 • [   0% ] waiting        1m43.0s   
step_00900 • [   0% ] waiting        2m13.0s   
step_00950 • [   0% ] waiting        2m43.0s   
step_01000 • [   0% ] waiting        3m13.0s   

running (06m18.0s), 0002/0407 VUs, 128662 complete and 0 interrupted iterations
step_00050 ✓ [ 100% ] 000/020 VUs    30s        50.00 iters/s
step_00100 ✓ [ 100% ] 000/020 VUs    30s        100.00 iters/s
step_00150 ✓ [ 100% ] 000/030 VUs    30s        150.00 iters/s
step_00200 ✓ [ 100% ] 000/040 VUs    30s        200.00 iters/s
step_00250 ✓ [ 100% ] 000/050 VUs    30s        250.00 iters/s
step_00300 ✓ [ 100% ] 000/064 VUs    30s        300.00 iters/s
step_00350 ✓ [ 100% ] 0000/0070 VUs  30s        350.00 iters/s
step_00400 ✓ [ 100% ] 0000/0080 VUs  30s        400.00 iters/s
step_00450 ✓ [ 100% ] 0000/0090 VUs  30s        450.00 iters/s
step_00500 ✓ [ 100% ] 0000/0100 VUs  30s        500.00 iters/s
step_00550 ✓ [ 100% ] 0000/0110 VUs  30s        550.00 iters/s
step_00600 ✓ [ 100% ] 0000/0120 VUs  30s        600.00 iters/s
step_00650   [  60% ] 0002/0143 VUs  18.0s/30s  650.00 iters/s
step_00700 • [   0% ] waiting        0m12.0s   
step_00750 • [   0% ] waiting        0m42.0s   
step_00800 • [   0% ] waiting        1m12.0s   
step_00850 • [   0% ] waiting        1m42.0s   
step_00900 • [   0% ] waiting        2m12.0s   
step_00950 • [   0% ] waiting        2m42.0s   
step_01000 • [   0% ] waiting        3m12.0s   

running (06m19.0s), 0003/0407 VUs, 129311 complete and 0 interrupted iterations
step_00050 ✓ [ 100% ] 000/020 VUs    30s        50.00 iters/s
step_00100 ✓ [ 100% ] 000/020 VUs    30s        100.00 iters/s
step_00150 ✓ [ 100% ] 000/030 VUs    30s        150.00 iters/s
step_00200 ✓ [ 100% ] 000/040 VUs    30s        200.00 iters/s
step_00250 ✓ [ 100% ] 000/050 VUs    30s        250.00 iters/s
step_00300 ✓ [ 100% ] 000/064 VUs    30s        300.00 iters/s
step_00350 ✓ [ 100% ] 0000/0070 VUs  30s        350.00 iters/s
step_00400 ✓ [ 100% ] 0000/0080 VUs  30s        400.00 iters/s
step_00450 ✓ [ 100% ] 0000/0090 VUs  30s        450.00 iters/s
step_00500 ✓ [ 100% ] 0000/0100 VUs  30s        500.00 iters/s
step_00550 ✓ [ 100% ] 0000/0110 VUs  30s        550.00 iters/s
step_00600 ✓ [ 100% ] 0000/0120 VUs  30s        600.00 iters/s
step_00650   [  63% ] 0003/0143 VUs  19.0s/30s  650.00 iters/s
step_00700 • [   0% ] waiting        0m11.0s   
step_00750 • [   0% ] waiting        0m41.0s   
step_00800 • [   0% ] waiting        1m11.0s   
step_00850 • [   0% ] waiting        1m41.0s   
step_00900 • [   0% ] waiting        2m11.0s   
step_00950 • [   0% ] waiting        2m41.0s   
step_01000 • [   0% ] waiting        3m11.0s   

running (06m20.0s), 0002/0407 VUs, 129962 complete and 0 interrupted iterations
step_00050 ✓ [ 100% ] 000/020 VUs    30s        50.00 iters/s
step_00100 ✓ [ 100% ] 000/020 VUs    30s        100.00 iters/s
step_00150 ✓ [ 100% ] 000/030 VUs    30s        150.00 iters/s
step_00200 ✓ [ 100% ] 000/040 VUs    30s        200.00 iters/s
step_00250 ✓ [ 100% ] 000/050 VUs    30s        250.00 iters/s
step_00300 ✓ [ 100% ] 000/064 VUs    30s        300.00 iters/s
step_00350 ✓ [ 100% ] 0000/0070 VUs  30s        350.00 iters/s
step_00400 ✓ [ 100% ] 0000/0080 VUs  30s        400.00 iters/s
step_00450 ✓ [ 100% ] 0000/0090 VUs  30s        450.00 iters/s
step_00500 ✓ [ 100% ] 0000/0100 VUs  30s        500.00 iters/s
step_00550 ✓ [ 100% ] 0000/0110 VUs  30s        550.00 iters/s
step_00600 ✓ [ 100% ] 0000/0120 VUs  30s        600.00 iters/s
step_00650   [  67% ] 0002/0143 VUs  20.0s/30s  650.00 iters/s
step_00700 • [   0% ] waiting        0m10.0s   
step_00750 • [   0% ] waiting        0m40.0s   
step_00800 • [   0% ] waiting        1m10.0s   
step_00850 • [   0% ] waiting        1m40.0s   
step_00900 • [   0% ] waiting        2m10.0s   
step_00950 • [   0% ] waiting        2m40.0s   
step_01000 • [   0% ] waiting        3m10.0s   

running (06m21.0s), 0003/0407 VUs, 130611 complete and 0 interrupted iterations
step_00050 ✓ [ 100% ] 000/020 VUs    30s        50.00 iters/s
step_00100 ✓ [ 100% ] 000/020 VUs    30s        100.00 iters/s
step_00150 ✓ [ 100% ] 000/030 VUs    30s        150.00 iters/s
step_00200 ✓ [ 100% ] 000/040 VUs    30s        200.00 iters/s
step_00250 ✓ [ 100% ] 000/050 VUs    30s        250.00 iters/s
step_00300 ✓ [ 100% ] 000/064 VUs    30s        300.00 iters/s
step_00350 ✓ [ 100% ] 0000/0070 VUs  30s        350.00 iters/s
step_00400 ✓ [ 100% ] 0000/0080 VUs  30s        400.00 iters/s
step_00450 ✓ [ 100% ] 0000/0090 VUs  30s        450.00 iters/s
step_00500 ✓ [ 100% ] 0000/0100 VUs  30s        500.00 iters/s
step_00550 ✓ [ 100% ] 0000/0110 VUs  30s        550.00 iters/s
step_00600 ✓ [ 100% ] 0000/0120 VUs  30s        600.00 iters/s
step_00650   [  70% ] 0003/0143 VUs  21.0s/30s  650.00 iters/s
step_00700 • [   0% ] waiting        0m09.0s   
step_00750 • [   0% ] waiting        0m39.0s   
step_00800 • [   0% ] waiting        1m09.0s   
step_00850 • [   0% ] waiting        1m39.0s   
step_00900 • [   0% ] waiting        2m09.0s   
step_00950 • [   0% ] waiting        2m39.0s   
step_01000 • [   0% ] waiting        3m09.0s   

running (06m22.0s), 0002/0407 VUs, 131262 complete and 0 interrupted iterations
step_00050 ✓ [ 100% ] 000/020 VUs    30s        50.00 iters/s
step_00100 ✓ [ 100% ] 000/020 VUs    30s        100.00 iters/s
step_00150 ✓ [ 100% ] 000/030 VUs    30s        150.00 iters/s
step_00200 ✓ [ 100% ] 000/040 VUs    30s        200.00 iters/s
step_00250 ✓ [ 100% ] 000/050 VUs    30s        250.00 iters/s
step_00300 ✓ [ 100% ] 000/064 VUs    30s        300.00 iters/s
step_00350 ✓ [ 100% ] 0000/0070 VUs  30s        350.00 iters/s
step_00400 ✓ [ 100% ] 0000/0080 VUs  30s        400.00 iters/s
step_00450 ✓ [ 100% ] 0000/0090 VUs  30s        450.00 iters/s
step_00500 ✓ [ 100% ] 0000/0100 VUs  30s        500.00 iters/s
step_00550 ✓ [ 100% ] 0000/0110 VUs  30s        550.00 iters/s
step_00600 ✓ [ 100% ] 0000/0120 VUs  30s        600.00 iters/s
step_00650   [  73% ] 0002/0143 VUs  22.0s/30s  650.00 iters/s
step_00700 • [   0% ] waiting        0m08.0s   
step_00750 • [   0% ] waiting        0m38.0s   
step_00800 • [   0% ] waiting        1m08.0s   
step_00850 • [   0% ] waiting        1m38.0s   
step_00900 • [   0% ] waiting        2m08.0s   
step_00950 • [   0% ] waiting        2m38.0s   
step_01000 • [   0% ] waiting        3m08.0s   

running (06m23.0s), 0014/0407 VUs, 131900 complete and 0 interrupted iterations
step_00050 ✓ [ 100% ] 000/020 VUs    30s        50.00 iters/s
step_00100 ✓ [ 100% ] 000/020 VUs    30s        100.00 iters/s
step_00150 ✓ [ 100% ] 000/030 VUs    30s        150.00 iters/s
step_00200 ✓ [ 100% ] 000/040 VUs    30s        200.00 iters/s
step_00250 ✓ [ 100% ] 000/050 VUs    30s        250.00 iters/s
step_00300 ✓ [ 100% ] 000/064 VUs    30s        300.00 iters/s
step_00350 ✓ [ 100% ] 0000/0070 VUs  30s        350.00 iters/s
step_00400 ✓ [ 100% ] 0000/0080 VUs  30s        400.00 iters/s
step_00450 ✓ [ 100% ] 0000/0090 VUs  30s        450.00 iters/s
step_00500 ✓ [ 100% ] 0000/0100 VUs  30s        500.00 iters/s
step_00550 ✓ [ 100% ] 0000/0110 VUs  30s        550.00 iters/s
step_00600 ✓ [ 100% ] 0000/0120 VUs  30s        600.00 iters/s
step_00650   [  77% ] 0014/0143 VUs  23.0s/30s  650.00 iters/s
step_00700 • [   0% ] waiting        0m07.0s   
step_00750 • [   0% ] waiting        0m37.0s   
step_00800 • [   0% ] waiting        1m07.0s   
step_00850 • [   0% ] waiting        1m37.0s   
step_00900 • [   0% ] waiting        2m07.0s   
step_00950 • [   0% ] waiting        2m37.0s   
step_01000 • [   0% ] waiting        3m07.0s   

running (06m24.0s), 0002/0407 VUs, 132562 complete and 0 interrupted iterations
step_00050 ✓ [ 100% ] 000/020 VUs    30s        50.00 iters/s
step_00100 ✓ [ 100% ] 000/020 VUs    30s        100.00 iters/s
step_00150 ✓ [ 100% ] 000/030 VUs    30s        150.00 iters/s
step_00200 ✓ [ 100% ] 000/040 VUs    30s        200.00 iters/s
step_00250 ✓ [ 100% ] 000/050 VUs    30s        250.00 iters/s
step_00300 ✓ [ 100% ] 000/064 VUs    30s        300.00 iters/s
step_00350 ✓ [ 100% ] 0000/0070 VUs  30s        350.00 iters/s
step_00400 ✓ [ 100% ] 0000/0080 VUs  30s        400.00 iters/s
step_00450 ✓ [ 100% ] 0000/0090 VUs  30s        450.00 iters/s
step_00500 ✓ [ 100% ] 0000/0100 VUs  30s        500.00 iters/s
step_00550 ✓ [ 100% ] 0000/0110 VUs  30s        550.00 iters/s
step_00600 ✓ [ 100% ] 0000/0120 VUs  30s        600.00 iters/s
step_00650   [  80% ] 0002/0143 VUs  24.0s/30s  650.00 iters/s
step_00700 • [   0% ] waiting        0m06.0s   
step_00750 • [   0% ] waiting        0m36.0s   
step_00800 • [   0% ] waiting        1m06.0s   
step_00850 • [   0% ] waiting        1m36.0s   
step_00900 • [   0% ] waiting        2m06.0s   
step_00950 • [   0% ] waiting        2m36.0s   
step_01000 • [   0% ] waiting        3m06.0s   

running (06m25.0s), 0003/0407 VUs, 133211 complete and 0 interrupted iterations
step_00050 ✓ [ 100% ] 000/020 VUs    30s        50.00 iters/s
step_00100 ✓ [ 100% ] 000/020 VUs    30s        100.00 iters/s
step_00150 ✓ [ 100% ] 000/030 VUs    30s        150.00 iters/s
step_00200 ✓ [ 100% ] 000/040 VUs    30s        200.00 iters/s
step_00250 ✓ [ 100% ] 000/050 VUs    30s        250.00 iters/s
step_00300 ✓ [ 100% ] 000/064 VUs    30s        300.00 iters/s
step_00350 ✓ [ 100% ] 0000/0070 VUs  30s        350.00 iters/s
step_00400 ✓ [ 100% ] 0000/0080 VUs  30s        400.00 iters/s
step_00450 ✓ [ 100% ] 0000/0090 VUs  30s        450.00 iters/s
step_00500 ✓ [ 100% ] 0000/0100 VUs  30s        500.00 iters/s
step_00550 ✓ [ 100% ] 0000/0110 VUs  30s        550.00 iters/s
step_00600 ✓ [ 100% ] 0000/0120 VUs  30s        600.00 iters/s
step_00650   [  83% ] 0003/0143 VUs  25.0s/30s  650.00 iters/s
step_00700 • [   0% ] waiting        0m05.0s   
step_00750 • [   0% ] waiting        0m35.0s   
step_00800 • [   0% ] waiting        1m05.0s   
step_00850 • [   0% ] waiting        1m35.0s   
step_00900 • [   0% ] waiting        2m05.0s   
step_00950 • [   0% ] waiting        2m35.0s   
step_01000 • [   0% ] waiting        3m05.0s   

running (06m26.0s), 0003/0407 VUs, 133860 complete and 0 interrupted iterations
step_00050 ✓ [ 100% ] 000/020 VUs    30s        50.00 iters/s
step_00100 ✓ [ 100% ] 000/020 VUs    30s        100.00 iters/s
step_00150 ✓ [ 100% ] 000/030 VUs    30s        150.00 iters/s
step_00200 ✓ [ 100% ] 000/040 VUs    30s        200.00 iters/s
step_00250 ✓ [ 100% ] 000/050 VUs    30s        250.00 iters/s
step_00300 ✓ [ 100% ] 000/064 VUs    30s        300.00 iters/s
step_00350 ✓ [ 100% ] 0000/0070 VUs  30s        350.00 iters/s
step_00400 ✓ [ 100% ] 0000/0080 VUs  30s        400.00 iters/s
step_00450 ✓ [ 100% ] 0000/0090 VUs  30s        450.00 iters/s
step_00500 ✓ [ 100% ] 0000/0100 VUs  30s        500.00 iters/s
step_00550 ✓ [ 100% ] 0000/0110 VUs  30s        550.00 iters/s
step_00600 ✓ [ 100% ] 0000/0120 VUs  30s        600.00 iters/s
step_00650   [  87% ] 0003/0143 VUs  26.0s/30s  650.00 iters/s
step_00700 • [   0% ] waiting        0m04.0s   
step_00750 • [   0% ] waiting        0m34.0s   
step_00800 • [   0% ] waiting        1m04.0s   
step_00850 • [   0% ] waiting        1m34.0s   
step_00900 • [   0% ] waiting        2m04.0s   
step_00950 • [   0% ] waiting        2m34.0s   
step_01000 • [   0% ] waiting        3m04.0s   

running (06m27.0s), 0028/0407 VUs, 134486 complete and 0 interrupted iterations
step_00050 ✓ [ 100% ] 000/020 VUs    30s        50.00 iters/s
step_00100 ✓ [ 100% ] 000/020 VUs    30s        100.00 iters/s
step_00150 ✓ [ 100% ] 000/030 VUs    30s        150.00 iters/s
step_00200 ✓ [ 100% ] 000/040 VUs    30s        200.00 iters/s
step_00250 ✓ [ 100% ] 000/050 VUs    30s        250.00 iters/s
step_00300 ✓ [ 100% ] 000/064 VUs    30s        300.00 iters/s
step_00350 ✓ [ 100% ] 0000/0070 VUs  30s        350.00 iters/s
step_00400 ✓ [ 100% ] 0000/0080 VUs  30s        400.00 iters/s
step_00450 ✓ [ 100% ] 0000/0090 VUs  30s        450.00 iters/s
step_00500 ✓ [ 100% ] 0000/0100 VUs  30s        500.00 iters/s
step_00550 ✓ [ 100% ] 0000/0110 VUs  30s        550.00 iters/s
step_00600 ✓ [ 100% ] 0000/0120 VUs  30s        600.00 iters/s
step_00650   [  90% ] 0028/0143 VUs  27.0s/30s  650.00 iters/s
step_00700 • [   0% ] waiting        0m03.0s   
step_00750 • [   0% ] waiting        0m33.0s   
step_00800 • [   0% ] waiting        1m03.0s   
step_00850 • [   0% ] waiting        1m33.0s   
step_00900 • [   0% ] waiting        2m03.0s   
step_00950 • [   0% ] waiting        2m33.0s   
step_01000 • [   0% ] waiting        3m03.0s   

running (06m28.0s), 0002/0407 VUs, 135162 complete and 0 interrupted iterations
step_00050 ✓ [ 100% ] 000/020 VUs    30s        50.00 iters/s
step_00100 ✓ [ 100% ] 000/020 VUs    30s        100.00 iters/s
step_00150 ✓ [ 100% ] 000/030 VUs    30s        150.00 iters/s
step_00200 ✓ [ 100% ] 000/040 VUs    30s        200.00 iters/s
step_00250 ✓ [ 100% ] 000/050 VUs    30s        250.00 iters/s
step_00300 ✓ [ 100% ] 000/064 VUs    30s        300.00 iters/s
step_00350 ✓ [ 100% ] 0000/0070 VUs  30s        350.00 iters/s
step_00400 ✓ [ 100% ] 0000/0080 VUs  30s        400.00 iters/s
step_00450 ✓ [ 100% ] 0000/0090 VUs  30s        450.00 iters/s
step_00500 ✓ [ 100% ] 0000/0100 VUs  30s        500.00 iters/s
step_00550 ✓ [ 100% ] 0000/0110 VUs  30s        550.00 iters/s
step_00600 ✓ [ 100% ] 0000/0120 VUs  30s        600.00 iters/s
step_00650   [  93% ] 0002/0143 VUs  28.0s/30s  650.00 iters/s
step_00700 • [   0% ] waiting        0m02.0s   
step_00750 • [   0% ] waiting        0m32.0s   
step_00800 • [   0% ] waiting        1m02.0s   
step_00850 • [   0% ] waiting        1m32.0s   
step_00900 • [   0% ] waiting        2m02.0s   
step_00950 • [   0% ] waiting        2m32.0s   
step_01000 • [   0% ] waiting        3m02.0s   

running (06m29.0s), 0003/0407 VUs, 135811 complete and 0 interrupted iterations
step_00050 ✓ [ 100% ] 000/020 VUs    30s        50.00 iters/s
step_00100 ✓ [ 100% ] 000/020 VUs    30s        100.00 iters/s
step_00150 ✓ [ 100% ] 000/030 VUs    30s        150.00 iters/s
step_00200 ✓ [ 100% ] 000/040 VUs    30s        200.00 iters/s
step_00250 ✓ [ 100% ] 000/050 VUs    30s        250.00 iters/s
step_00300 ✓ [ 100% ] 000/064 VUs    30s        300.00 iters/s
step_00350 ✓ [ 100% ] 0000/0070 VUs  30s        350.00 iters/s
step_00400 ✓ [ 100% ] 0000/0080 VUs  30s        400.00 iters/s
step_00450 ✓ [ 100% ] 0000/0090 VUs  30s        450.00 iters/s
step_00500 ✓ [ 100% ] 0000/0100 VUs  30s        500.00 iters/s
step_00550 ✓ [ 100% ] 0000/0110 VUs  30s        550.00 iters/s
step_00600 ✓ [ 100% ] 0000/0120 VUs  30s        600.00 iters/s
step_00650   [  97% ] 0003/0143 VUs  29.0s/30s  650.00 iters/s
step_00700 • [   0% ] waiting        0m01.0s   
step_00750 • [   0% ] waiting        0m31.0s   
step_00800 • [   0% ] waiting        1m01.0s   
step_00850 • [   0% ] waiting        1m31.0s   
step_00900 • [   0% ] waiting        2m01.0s   
step_00950 • [   0% ] waiting        2m31.0s   
step_01000 • [   0% ] waiting        3m01.0s   

running (06m30.0s), 0002/0407 VUs, 136462 complete and 0 interrupted iterations
step_00050 ✓ [ 100% ] 000/020 VUs    30s        50.00 iters/s
step_00100 ✓ [ 100% ] 000/020 VUs    30s        100.00 iters/s
step_00150 ✓ [ 100% ] 000/030 VUs    30s        150.00 iters/s
step_00200 ✓ [ 100% ] 000/040 VUs    30s        200.00 iters/s
step_00250 ✓ [ 100% ] 000/050 VUs    30s        250.00 iters/s
step_00300 ✓ [ 100% ] 000/064 VUs    30s        300.00 iters/s
step_00350 ✓ [ 100% ] 0000/0070 VUs  30s        350.00 iters/s
step_00400 ✓ [ 100% ] 0000/0080 VUs  30s        400.00 iters/s
step_00450 ✓ [ 100% ] 0000/0090 VUs  30s        450.00 iters/s
step_00500 ✓ [ 100% ] 0000/0100 VUs  30s        500.00 iters/s
step_00550 ✓ [ 100% ] 0000/0110 VUs  30s        550.00 iters/s
step_00600 ✓ [ 100% ] 0000/0120 VUs  30s        600.00 iters/s
step_00650   [ 100% ] 0002/0143 VUs  30.0s/30s  650.00 iters/s
step_00700 • [   0% ] waiting        0m00.0s   
step_00750 • [   0% ] waiting        0m30.0s   
step_00800 • [   0% ] waiting        1m00.0s   
step_00850 • [   0% ] waiting        1m30.0s   
step_00900 • [   0% ] waiting        2m00.0s   
step_00950 • [   0% ] waiting        2m30.0s   
step_01000 • [   0% ] waiting        3m00.0s   

running (06m31.0s), 0003/0407 VUs, 137160 complete and 0 interrupted iterations
step_00050 ✓ [ 100% ] 000/020 VUs    30s        50.00 iters/s
step_00100 ✓ [ 100% ] 000/020 VUs    30s        100.00 iters/s
step_00150 ✓ [ 100% ] 000/030 VUs    30s        150.00 iters/s
step_00200 ✓ [ 100% ] 000/040 VUs    30s        200.00 iters/s
step_00250 ✓ [ 100% ] 000/050 VUs    30s        250.00 iters/s
step_00300 ✓ [ 100% ] 000/064 VUs    30s        300.00 iters/s
step_00350 ✓ [ 100% ] 0000/0070 VUs  30s        350.00 iters/s
step_00400 ✓ [ 100% ] 0000/0080 VUs  30s        400.00 iters/s
step_00450 ✓ [ 100% ] 0000/0090 VUs  30s        450.00 iters/s
step_00500 ✓ [ 100% ] 0000/0100 VUs  30s        500.00 iters/s
step_00550 ✓ [ 100% ] 0000/0110 VUs  30s        550.00 iters/s
step_00600 ✓ [ 100% ] 0000/0120 VUs  30s        600.00 iters/s
step_00650 ✓ [ 100% ] 0000/0143 VUs  30s        650.00 iters/s
step_00700   [   3% ] 0003/0140 VUs  01.0s/30s  700.00 iters/s
step_00750 • [   0% ] waiting        0m29.0s   
step_00800 • [   0% ] waiting        0m59.0s   
step_00850 • [   0% ] waiting        1m29.0s   
step_00900 • [   0% ] waiting        1m59.0s   
step_00950 • [   0% ] waiting        2m29.0s   
step_01000 • [   0% ] waiting        2m59.0s   

running (06m32.0s), 0007/0407 VUs, 137856 complete and 0 interrupted iterations
step_00050 ✓ [ 100% ] 000/020 VUs    30s        50.00 iters/s
step_00100 ✓ [ 100% ] 000/020 VUs    30s        100.00 iters/s
step_00150 ✓ [ 100% ] 000/030 VUs    30s        150.00 iters/s
step_00200 ✓ [ 100% ] 000/040 VUs    30s        200.00 iters/s
step_00250 ✓ [ 100% ] 000/050 VUs    30s        250.00 iters/s
step_00300 ✓ [ 100% ] 000/064 VUs    30s        300.00 iters/s
step_00350 ✓ [ 100% ] 0000/0070 VUs  30s        350.00 iters/s
step_00400 ✓ [ 100% ] 0000/0080 VUs  30s        400.00 iters/s
step_00450 ✓ [ 100% ] 0000/0090 VUs  30s        450.00 iters/s
step_00500 ✓ [ 100% ] 0000/0100 VUs  30s        500.00 iters/s
step_00550 ✓ [ 100% ] 0000/0110 VUs  30s        550.00 iters/s
step_00600 ✓ [ 100% ] 0000/0120 VUs  30s        600.00 iters/s
step_00650 ✓ [ 100% ] 0000/0143 VUs  30s        650.00 iters/s
step_00700   [   7% ] 0007/0140 VUs  02.0s/30s  700.00 iters/s
step_00750 • [   0% ] waiting        0m28.0s   
step_00800 • [   0% ] waiting        0m58.0s   
step_00850 • [   0% ] waiting        1m28.0s   
step_00900 • [   0% ] waiting        1m58.0s   
step_00950 • [   0% ] waiting        2m28.0s   
step_01000 • [   0% ] waiting        2m58.0s   

running (06m33.0s), 0002/0407 VUs, 138560 complete and 0 interrupted iterations
step_00050 ✓ [ 100% ] 000/020 VUs    30s        50.00 iters/s
step_00100 ✓ [ 100% ] 000/020 VUs    30s        100.00 iters/s
step_00150 ✓ [ 100% ] 000/030 VUs    30s        150.00 iters/s
step_00200 ✓ [ 100% ] 000/040 VUs    30s        200.00 iters/s
step_00250 ✓ [ 100% ] 000/050 VUs    30s        250.00 iters/s
step_00300 ✓ [ 100% ] 000/064 VUs    30s        300.00 iters/s
step_00350 ✓ [ 100% ] 0000/0070 VUs  30s        350.00 iters/s
step_00400 ✓ [ 100% ] 0000/0080 VUs  30s        400.00 iters/s
step_00450 ✓ [ 100% ] 0000/0090 VUs  30s        450.00 iters/s
step_00500 ✓ [ 100% ] 0000/0100 VUs  30s        500.00 iters/s
step_00550 ✓ [ 100% ] 0000/0110 VUs  30s        550.00 iters/s
step_00600 ✓ [ 100% ] 0000/0120 VUs  30s        600.00 iters/s
step_00650 ✓ [ 100% ] 0000/0143 VUs  30s        650.00 iters/s
step_00700   [  10% ] 0003/0140 VUs  03.0s/30s  700.00 iters/s
step_00750 • [   0% ] waiting        0m27.0s   
step_00800 • [   0% ] waiting        0m57.0s   
step_00850 • [   0% ] waiting        1m27.0s   
step_00900 • [   0% ] waiting        1m57.0s   
step_00950 • [   0% ] waiting        2m27.0s   
step_01000 • [   0% ] waiting        2m57.0s   

running (06m34.0s), 0003/0407 VUs, 139260 complete and 0 interrupted iterations
step_00050 ✓ [ 100% ] 000/020 VUs    30s        50.00 iters/s
step_00100 ✓ [ 100% ] 000/020 VUs    30s        100.00 iters/s
step_00150 ✓ [ 100% ] 000/030 VUs    30s        150.00 iters/s
step_00200 ✓ [ 100% ] 000/040 VUs    30s        200.00 iters/s
step_00250 ✓ [ 100% ] 000/050 VUs    30s        250.00 iters/s
step_00300 ✓ [ 100% ] 000/064 VUs    30s        300.00 iters/s
step_00350 ✓ [ 100% ] 0000/0070 VUs  30s        350.00 iters/s
step_00400 ✓ [ 100% ] 0000/0080 VUs  30s        400.00 iters/s
step_00450 ✓ [ 100% ] 0000/0090 VUs  30s        450.00 iters/s
step_00500 ✓ [ 100% ] 0000/0100 VUs  30s        500.00 iters/s
step_00550 ✓ [ 100% ] 0000/0110 VUs  30s        550.00 iters/s
step_00600 ✓ [ 100% ] 0000/0120 VUs  30s        600.00 iters/s
step_00650 ✓ [ 100% ] 0000/0143 VUs  30s        650.00 iters/s
step_00700   [  13% ] 0003/0140 VUs  04.0s/30s  700.00 iters/s
step_00750 • [   0% ] waiting        0m26.0s   
step_00800 • [   0% ] waiting        0m56.0s   
step_00850 • [   0% ] waiting        1m26.0s   
step_00900 • [   0% ] waiting        1m56.0s   
step_00950 • [   0% ] waiting        2m26.0s   
step_01000 • [   0% ] waiting        2m56.0s   

running (06m35.0s), 0008/0407 VUs, 139955 complete and 0 interrupted iterations
step_00050 ✓ [ 100% ] 000/020 VUs    30s        50.00 iters/s
step_00100 ✓ [ 100% ] 000/020 VUs    30s        100.00 iters/s
step_00150 ✓ [ 100% ] 000/030 VUs    30s        150.00 iters/s
step_00200 ✓ [ 100% ] 000/040 VUs    30s        200.00 iters/s
step_00250 ✓ [ 100% ] 000/050 VUs    30s        250.00 iters/s
step_00300 ✓ [ 100% ] 000/064 VUs    30s        300.00 iters/s
step_00350 ✓ [ 100% ] 0000/0070 VUs  30s        350.00 iters/s
step_00400 ✓ [ 100% ] 0000/0080 VUs  30s        400.00 iters/s
step_00450 ✓ [ 100% ] 0000/0090 VUs  30s        450.00 iters/s
step_00500 ✓ [ 100% ] 0000/0100 VUs  30s        500.00 iters/s
step_00550 ✓ [ 100% ] 0000/0110 VUs  30s        550.00 iters/s
step_00600 ✓ [ 100% ] 0000/0120 VUs  30s        600.00 iters/s
step_00650 ✓ [ 100% ] 0000/0143 VUs  30s        650.00 iters/s
step_00700   [  17% ] 0008/0140 VUs  05.0s/30s  700.00 iters/s
step_00750 • [   0% ] waiting        0m25.0s   
step_00800 • [   0% ] waiting        0m55.0s   
step_00850 • [   0% ] waiting        1m25.0s   
step_00900 • [   0% ] waiting        1m55.0s   
step_00950 • [   0% ] waiting        2m25.0s   
step_01000 • [   0% ] waiting        2m55.0s   

running (06m36.0s), 0020/0407 VUs, 140643 complete and 0 interrupted iterations
step_00050 ✓ [ 100% ] 000/020 VUs    30s        50.00 iters/s
step_00100 ✓ [ 100% ] 000/020 VUs    30s        100.00 iters/s
step_00150 ✓ [ 100% ] 000/030 VUs    30s        150.00 iters/s
step_00200 ✓ [ 100% ] 000/040 VUs    30s        200.00 iters/s
step_00250 ✓ [ 100% ] 000/050 VUs    30s        250.00 iters/s
step_00300 ✓ [ 100% ] 000/064 VUs    30s        300.00 iters/s
step_00350 ✓ [ 100% ] 0000/0070 VUs  30s        350.00 iters/s
step_00400 ✓ [ 100% ] 0000/0080 VUs  30s        400.00 iters/s
step_00450 ✓ [ 100% ] 0000/0090 VUs  30s        450.00 iters/s
step_00500 ✓ [ 100% ] 0000/0100 VUs  30s        500.00 iters/s
step_00550 ✓ [ 100% ] 0000/0110 VUs  30s        550.00 iters/s
step_00600 ✓ [ 100% ] 0000/0120 VUs  30s        600.00 iters/s
step_00650 ✓ [ 100% ] 0000/0143 VUs  30s        650.00 iters/s
step_00700   [  20% ] 0020/0140 VUs  06.0s/30s  700.00 iters/s
step_00750 • [   0% ] waiting        0m24.0s   
step_00800 • [   0% ] waiting        0m54.0s   
step_00850 • [   0% ] waiting        1m24.0s   
step_00900 • [   0% ] waiting        1m54.0s   
step_00950 • [   0% ] waiting        2m24.0s   
step_01000 • [   0% ] waiting        2m54.0s   

running (06m37.0s), 0002/0407 VUs, 141360 complete and 0 interrupted iterations
step_00050 ✓ [ 100% ] 000/020 VUs    30s        50.00 iters/s
step_00100 ✓ [ 100% ] 000/020 VUs    30s        100.00 iters/s
step_00150 ✓ [ 100% ] 000/030 VUs    30s        150.00 iters/s
step_00200 ✓ [ 100% ] 000/040 VUs    30s        200.00 iters/s
step_00250 ✓ [ 100% ] 000/050 VUs    30s        250.00 iters/s
step_00300 ✓ [ 100% ] 000/064 VUs    30s        300.00 iters/s
step_00350 ✓ [ 100% ] 0000/0070 VUs  30s        350.00 iters/s
step_00400 ✓ [ 100% ] 0000/0080 VUs  30s        400.00 iters/s
step_00450 ✓ [ 100% ] 0000/0090 VUs  30s        450.00 iters/s
step_00500 ✓ [ 100% ] 0000/0100 VUs  30s        500.00 iters/s
step_00550 ✓ [ 100% ] 0000/0110 VUs  30s        550.00 iters/s
step_00600 ✓ [ 100% ] 0000/0120 VUs  30s        600.00 iters/s
step_00650 ✓ [ 100% ] 0000/0143 VUs  30s        650.00 iters/s
step_00700   [  23% ] 0002/0140 VUs  07.0s/30s  700.00 iters/s
step_00750 • [   0% ] waiting        0m23.0s   
step_00800 • [   0% ] waiting        0m53.0s   
step_00850 • [   0% ] waiting        1m23.0s   
step_00900 • [   0% ] waiting        1m53.0s   
step_00950 • [   0% ] waiting        2m23.0s   
step_01000 • [   0% ] waiting        2m53.0s   

running (06m38.0s), 0008/0407 VUs, 142055 complete and 0 interrupted iterations
step_00050 ✓ [ 100% ] 000/020 VUs    30s        50.00 iters/s
step_00100 ✓ [ 100% ] 000/020 VUs    30s        100.00 iters/s
step_00150 ✓ [ 100% ] 000/030 VUs    30s        150.00 iters/s
step_00200 ✓ [ 100% ] 000/040 VUs    30s        200.00 iters/s
step_00250 ✓ [ 100% ] 000/050 VUs    30s        250.00 iters/s
step_00300 ✓ [ 100% ] 000/064 VUs    30s        300.00 iters/s
step_00350 ✓ [ 100% ] 0000/0070 VUs  30s        350.00 iters/s
step_00400 ✓ [ 100% ] 0000/0080 VUs  30s        400.00 iters/s
step_00450 ✓ [ 100% ] 0000/0090 VUs  30s        450.00 iters/s
step_00500 ✓ [ 100% ] 0000/0100 VUs  30s        500.00 iters/s
step_00550 ✓ [ 100% ] 0000/0110 VUs  30s        550.00 iters/s
step_00600 ✓ [ 100% ] 0000/0120 VUs  30s        600.00 iters/s
step_00650 ✓ [ 100% ] 0000/0143 VUs  30s        650.00 iters/s
step_00700   [  27% ] 0008/0140 VUs  08.0s/30s  700.00 iters/s
step_00750 • [   0% ] waiting        0m22.0s   
step_00800 • [   0% ] waiting        0m52.0s   
step_00850 • [   0% ] waiting        1m22.0s   
step_00900 • [   0% ] waiting        1m52.0s   
step_00950 • [   0% ] waiting        2m22.0s   
step_01000 • [   0% ] waiting        2m52.0s   

running (06m39.0s), 0001/0407 VUs, 142761 complete and 0 interrupted iterations
step_00050 ✓ [ 100% ] 000/020 VUs    30s        50.00 iters/s
step_00100 ✓ [ 100% ] 000/020 VUs    30s        100.00 iters/s
step_00150 ✓ [ 100% ] 000/030 VUs    30s        150.00 iters/s
step_00200 ✓ [ 100% ] 000/040 VUs    30s        200.00 iters/s
step_00250 ✓ [ 100% ] 000/050 VUs    30s        250.00 iters/s
step_00300 ✓ [ 100% ] 000/064 VUs    30s        300.00 iters/s
step_00350 ✓ [ 100% ] 0000/0070 VUs  30s        350.00 iters/s
step_00400 ✓ [ 100% ] 0000/0080 VUs  30s        400.00 iters/s
step_00450 ✓ [ 100% ] 0000/0090 VUs  30s        450.00 iters/s
step_00500 ✓ [ 100% ] 0000/0100 VUs  30s        500.00 iters/s
step_00550 ✓ [ 100% ] 0000/0110 VUs  30s        550.00 iters/s
step_00600 ✓ [ 100% ] 0000/0120 VUs  30s        600.00 iters/s
step_00650 ✓ [ 100% ] 0000/0143 VUs  30s        650.00 iters/s
step_00700   [  30% ] 0001/0140 VUs  09.0s/30s  700.00 iters/s
step_00750 • [   0% ] waiting        0m21.0s   
step_00800 • [   0% ] waiting        0m51.0s   
step_00850 • [   0% ] waiting        1m21.0s   
step_00900 • [   0% ] waiting        1m51.0s   
step_00950 • [   0% ] waiting        2m21.0s   
step_01000 • [   0% ] waiting        2m51.0s   

running (06m40.0s), 0001/0407 VUs, 143461 complete and 0 interrupted iterations
step_00050 ✓ [ 100% ] 000/020 VUs    30s        50.00 iters/s
step_00100 ✓ [ 100% ] 000/020 VUs    30s        100.00 iters/s
step_00150 ✓ [ 100% ] 000/030 VUs    30s        150.00 iters/s
step_00200 ✓ [ 100% ] 000/040 VUs    30s        200.00 iters/s
step_00250 ✓ [ 100% ] 000/050 VUs    30s        250.00 iters/s
step_00300 ✓ [ 100% ] 000/064 VUs    30s        300.00 iters/s
step_00350 ✓ [ 100% ] 0000/0070 VUs  30s        350.00 iters/s
step_00400 ✓ [ 100% ] 0000/0080 VUs  30s        400.00 iters/s
step_00450 ✓ [ 100% ] 0000/0090 VUs  30s        450.00 iters/s
step_00500 ✓ [ 100% ] 0000/0100 VUs  30s        500.00 iters/s
step_00550 ✓ [ 100% ] 0000/0110 VUs  30s        550.00 iters/s
step_00600 ✓ [ 100% ] 0000/0120 VUs  30s        600.00 iters/s
step_00650 ✓ [ 100% ] 0000/0143 VUs  30s        650.00 iters/s
step_00700   [  33% ] 0001/0140 VUs  10.0s/30s  700.00 iters/s
step_00750 • [   0% ] waiting        0m20.0s   
step_00800 • [   0% ] waiting        0m50.0s   
step_00850 • [   0% ] waiting        1m20.0s   
step_00900 • [   0% ] waiting        1m50.0s   
step_00950 • [   0% ] waiting        2m20.0s   
step_01000 • [   0% ] waiting        2m50.0s   

running (06m41.0s), 0002/0407 VUs, 144161 complete and 0 interrupted iterations
step_00050 ✓ [ 100% ] 000/020 VUs    30s        50.00 iters/s
step_00100 ✓ [ 100% ] 000/020 VUs    30s        100.00 iters/s
step_00150 ✓ [ 100% ] 000/030 VUs    30s        150.00 iters/s
step_00200 ✓ [ 100% ] 000/040 VUs    30s        200.00 iters/s
step_00250 ✓ [ 100% ] 000/050 VUs    30s        250.00 iters/s
step_00300 ✓ [ 100% ] 000/064 VUs    30s        300.00 iters/s
step_00350 ✓ [ 100% ] 0000/0070 VUs  30s        350.00 iters/s
step_00400 ✓ [ 100% ] 0000/0080 VUs  30s        400.00 iters/s
step_00450 ✓ [ 100% ] 0000/0090 VUs  30s        450.00 iters/s
step_00500 ✓ [ 100% ] 0000/0100 VUs  30s        500.00 iters/s
step_00550 ✓ [ 100% ] 0000/0110 VUs  30s        550.00 iters/s
step_00600 ✓ [ 100% ] 0000/0120 VUs  30s        600.00 iters/s
step_00650 ✓ [ 100% ] 0000/0143 VUs  30s        650.00 iters/s
step_00700   [  37% ] 0002/0140 VUs  11.0s/30s  700.00 iters/s
step_00750 • [   0% ] waiting        0m19.0s   
step_00800 • [   0% ] waiting        0m49.0s   
step_00850 • [   0% ] waiting        1m19.0s   
step_00900 • [   0% ] waiting        1m49.0s   
step_00950 • [   0% ] waiting        2m19.0s   
step_01000 • [   0% ] waiting        2m49.0s   

running (06m42.0s), 0019/0407 VUs, 144844 complete and 0 interrupted iterations
step_00050 ✓ [ 100% ] 000/020 VUs    30s        50.00 iters/s
step_00100 ✓ [ 100% ] 000/020 VUs    30s        100.00 iters/s
step_00150 ✓ [ 100% ] 000/030 VUs    30s        150.00 iters/s
step_00200 ✓ [ 100% ] 000/040 VUs    30s        200.00 iters/s
step_00250 ✓ [ 100% ] 000/050 VUs    30s        250.00 iters/s
step_00300 ✓ [ 100% ] 000/064 VUs    30s        300.00 iters/s
step_00350 ✓ [ 100% ] 0000/0070 VUs  30s        350.00 iters/s
step_00400 ✓ [ 100% ] 0000/0080 VUs  30s        400.00 iters/s
step_00450 ✓ [ 100% ] 0000/0090 VUs  30s        450.00 iters/s
step_00500 ✓ [ 100% ] 0000/0100 VUs  30s        500.00 iters/s
step_00550 ✓ [ 100% ] 0000/0110 VUs  30s        550.00 iters/s
step_00600 ✓ [ 100% ] 0000/0120 VUs  30s        600.00 iters/s
step_00650 ✓ [ 100% ] 0000/0143 VUs  30s        650.00 iters/s
step_00700   [  40% ] 0019/0140 VUs  12.0s/30s  700.00 iters/s
step_00750 • [   0% ] waiting        0m18.0s   
step_00800 • [   0% ] waiting        0m48.0s   
step_00850 • [   0% ] waiting        1m18.0s   
step_00900 • [   0% ] waiting        1m48.0s   
step_00950 • [   0% ] waiting        2m18.0s   
step_01000 • [   0% ] waiting        2m48.0s   

running (06m43.0s), 0004/0407 VUs, 145559 complete and 0 interrupted iterations
step_00050 ✓ [ 100% ] 000/020 VUs    30s        50.00 iters/s
step_00100 ✓ [ 100% ] 000/020 VUs    30s        100.00 iters/s
step_00150 ✓ [ 100% ] 000/030 VUs    30s        150.00 iters/s
step_00200 ✓ [ 100% ] 000/040 VUs    30s        200.00 iters/s
step_00250 ✓ [ 100% ] 000/050 VUs    30s        250.00 iters/s
step_00300 ✓ [ 100% ] 000/064 VUs    30s        300.00 iters/s
step_00350 ✓ [ 100% ] 0000/0070 VUs  30s        350.00 iters/s
step_00400 ✓ [ 100% ] 0000/0080 VUs  30s        400.00 iters/s
step_00450 ✓ [ 100% ] 0000/0090 VUs  30s        450.00 iters/s
step_00500 ✓ [ 100% ] 0000/0100 VUs  30s        500.00 iters/s
step_00550 ✓ [ 100% ] 0000/0110 VUs  30s        550.00 iters/s
step_00600 ✓ [ 100% ] 0000/0120 VUs  30s        600.00 iters/s
step_00650 ✓ [ 100% ] 0000/0143 VUs  30s        650.00 iters/s
step_00700   [  43% ] 0004/0140 VUs  13.0s/30s  700.00 iters/s
step_00750 • [   0% ] waiting        0m17.0s   
step_00800 • [   0% ] waiting        0m47.0s   
step_00850 • [   0% ] waiting        1m17.0s   
step_00900 • [   0% ] waiting        1m47.0s   
step_00950 • [   0% ] waiting        2m17.0s   
step_01000 • [   0% ] waiting        2m47.0s   

running (06m44.0s), 0003/0407 VUs, 146260 complete and 0 interrupted iterations
step_00050 ✓ [ 100% ] 000/020 VUs    30s        50.00 iters/s
step_00100 ✓ [ 100% ] 000/020 VUs    30s        100.00 iters/s
step_00150 ✓ [ 100% ] 000/030 VUs    30s        150.00 iters/s
step_00200 ✓ [ 100% ] 000/040 VUs    30s        200.00 iters/s
step_00250 ✓ [ 100% ] 000/050 VUs    30s        250.00 iters/s
step_00300 ✓ [ 100% ] 000/064 VUs    30s        300.00 iters/s
step_00350 ✓ [ 100% ] 0000/0070 VUs  30s        350.00 iters/s
step_00400 ✓ [ 100% ] 0000/0080 VUs  30s        400.00 iters/s
step_00450 ✓ [ 100% ] 0000/0090 VUs  30s        450.00 iters/s
step_00500 ✓ [ 100% ] 0000/0100 VUs  30s        500.00 iters/s
step_00550 ✓ [ 100% ] 0000/0110 VUs  30s        550.00 iters/s
step_00600 ✓ [ 100% ] 0000/0120 VUs  30s        600.00 iters/s
step_00650 ✓ [ 100% ] 0000/0143 VUs  30s        650.00 iters/s
step_00700   [  47% ] 0003/0140 VUs  14.0s/30s  700.00 iters/s
step_00750 • [   0% ] waiting        0m16.0s   
step_00800 • [   0% ] waiting        0m46.0s   
step_00850 • [   0% ] waiting        1m16.0s   
step_00900 • [   0% ] waiting        1m46.0s   
step_00950 • [   0% ] waiting        2m16.0s   
step_01000 • [   0% ] waiting        2m46.0s   

running (06m45.0s), 0004/0407 VUs, 146958 complete and 0 interrupted iterations
step_00050 ✓ [ 100% ] 000/020 VUs    30s        50.00 iters/s
step_00100 ✓ [ 100% ] 000/020 VUs    30s        100.00 iters/s
step_00150 ✓ [ 100% ] 000/030 VUs    30s        150.00 iters/s
step_00200 ✓ [ 100% ] 000/040 VUs    30s        200.00 iters/s
step_00250 ✓ [ 100% ] 000/050 VUs    30s        250.00 iters/s
step_00300 ✓ [ 100% ] 000/064 VUs    30s        300.00 iters/s
step_00350 ✓ [ 100% ] 0000/0070 VUs  30s        350.00 iters/s
step_00400 ✓ [ 100% ] 0000/0080 VUs  30s        400.00 iters/s
step_00450 ✓ [ 100% ] 0000/0090 VUs  30s        450.00 iters/s
step_00500 ✓ [ 100% ] 0000/0100 VUs  30s        500.00 iters/s
step_00550 ✓ [ 100% ] 0000/0110 VUs  30s        550.00 iters/s
step_00600 ✓ [ 100% ] 0000/0120 VUs  30s        600.00 iters/s
step_00650 ✓ [ 100% ] 0000/0143 VUs  30s        650.00 iters/s
step_00700   [  50% ] 0004/0140 VUs  15.0s/30s  700.00 iters/s
step_00750 • [   0% ] waiting        0m15.0s   
step_00800 • [   0% ] waiting        0m45.0s   
step_00850 • [   0% ] waiting        1m15.0s   
step_00900 • [   0% ] waiting        1m45.0s   
step_00950 • [   0% ] waiting        2m15.0s   
step_01000 • [   0% ] waiting        2m45.0s   

running (06m46.0s), 0005/0407 VUs, 147657 complete and 0 interrupted iterations
step_00050 ✓ [ 100% ] 000/020 VUs    30s        50.00 iters/s
step_00100 ✓ [ 100% ] 000/020 VUs    30s        100.00 iters/s
step_00150 ✓ [ 100% ] 000/030 VUs    30s        150.00 iters/s
step_00200 ✓ [ 100% ] 000/040 VUs    30s        200.00 iters/s
step_00250 ✓ [ 100% ] 000/050 VUs    30s        250.00 iters/s
step_00300 ✓ [ 100% ] 000/064 VUs    30s        300.00 iters/s
step_00350 ✓ [ 100% ] 0000/0070 VUs  30s        350.00 iters/s
step_00400 ✓ [ 100% ] 0000/0080 VUs  30s        400.00 iters/s
step_00450 ✓ [ 100% ] 0000/0090 VUs  30s        450.00 iters/s
step_00500 ✓ [ 100% ] 0000/0100 VUs  30s        500.00 iters/s
step_00550 ✓ [ 100% ] 0000/0110 VUs  30s        550.00 iters/s
step_00600 ✓ [ 100% ] 0000/0120 VUs  30s        600.00 iters/s
step_00650 ✓ [ 100% ] 0000/0143 VUs  30s        650.00 iters/s
step_00700   [  53% ] 0005/0140 VUs  16.0s/30s  700.00 iters/s
step_00750 • [   0% ] waiting        0m14.0s   
step_00800 • [   0% ] waiting        0m44.0s   
step_00850 • [   0% ] waiting        1m14.0s   
step_00900 • [   0% ] waiting        1m44.0s   
step_00950 • [   0% ] waiting        2m14.0s   
step_01000 • [   0% ] waiting        2m44.0s   

running (06m47.0s), 0001/0407 VUs, 148361 complete and 0 interrupted iterations
step_00050 ✓ [ 100% ] 000/020 VUs    30s        50.00 iters/s
step_00100 ✓ [ 100% ] 000/020 VUs    30s        100.00 iters/s
step_00150 ✓ [ 100% ] 000/030 VUs    30s        150.00 iters/s
step_00200 ✓ [ 100% ] 000/040 VUs    30s        200.00 iters/s
step_00250 ✓ [ 100% ] 000/050 VUs    30s        250.00 iters/s
step_00300 ✓ [ 100% ] 000/064 VUs    30s        300.00 iters/s
step_00350 ✓ [ 100% ] 0000/0070 VUs  30s        350.00 iters/s
step_00400 ✓ [ 100% ] 0000/0080 VUs  30s        400.00 iters/s
step_00450 ✓ [ 100% ] 0000/0090 VUs  30s        450.00 iters/s
step_00500 ✓ [ 100% ] 0000/0100 VUs  30s        500.00 iters/s
step_00550 ✓ [ 100% ] 0000/0110 VUs  30s        550.00 iters/s
step_00600 ✓ [ 100% ] 0000/0120 VUs  30s        600.00 iters/s
step_00650 ✓ [ 100% ] 0000/0143 VUs  30s        650.00 iters/s
step_00700   [  57% ] 0001/0140 VUs  17.0s/30s  700.00 iters/s
step_00750 • [   0% ] waiting        0m13.0s   
step_00800 • [   0% ] waiting        0m43.0s   
step_00850 • [   0% ] waiting        1m13.0s   
step_00900 • [   0% ] waiting        1m43.0s   
step_00950 • [   0% ] waiting        2m13.0s   
step_01000 • [   0% ] waiting        2m43.0s   

running (06m48.0s), 0002/0407 VUs, 149060 complete and 0 interrupted iterations
step_00050 ✓ [ 100% ] 000/020 VUs    30s        50.00 iters/s
step_00100 ✓ [ 100% ] 000/020 VUs    30s        100.00 iters/s
step_00150 ✓ [ 100% ] 000/030 VUs    30s        150.00 iters/s
step_00200 ✓ [ 100% ] 000/040 VUs    30s        200.00 iters/s
step_00250 ✓ [ 100% ] 000/050 VUs    30s        250.00 iters/s
step_00300 ✓ [ 100% ] 000/064 VUs    30s        300.00 iters/s
step_00350 ✓ [ 100% ] 0000/0070 VUs  30s        350.00 iters/s
step_00400 ✓ [ 100% ] 0000/0080 VUs  30s        400.00 iters/s
step_00450 ✓ [ 100% ] 0000/0090 VUs  30s        450.00 iters/s
step_00500 ✓ [ 100% ] 0000/0100 VUs  30s        500.00 iters/s
step_00550 ✓ [ 100% ] 0000/0110 VUs  30s        550.00 iters/s
step_00600 ✓ [ 100% ] 0000/0120 VUs  30s        600.00 iters/s
step_00650 ✓ [ 100% ] 0000/0143 VUs  30s        650.00 iters/s
step_00700   [  60% ] 0002/0140 VUs  18.0s/30s  700.00 iters/s
step_00750 • [   0% ] waiting        0m12.0s   
step_00800 • [   0% ] waiting        0m42.0s   
step_00850 • [   0% ] waiting        1m12.0s   
step_00900 • [   0% ] waiting        1m42.0s   
step_00950 • [   0% ] waiting        2m12.0s   
step_01000 • [   0% ] waiting        2m42.0s   

running (06m49.0s), 0004/0407 VUs, 149758 complete and 0 interrupted iterations
step_00050 ✓ [ 100% ] 000/020 VUs    30s        50.00 iters/s
step_00100 ✓ [ 100% ] 000/020 VUs    30s        100.00 iters/s
step_00150 ✓ [ 100% ] 000/030 VUs    30s        150.00 iters/s
step_00200 ✓ [ 100% ] 000/040 VUs    30s        200.00 iters/s
step_00250 ✓ [ 100% ] 000/050 VUs    30s        250.00 iters/s
step_00300 ✓ [ 100% ] 000/064 VUs    30s        300.00 iters/s
step_00350 ✓ [ 100% ] 0000/0070 VUs  30s        350.00 iters/s
step_00400 ✓ [ 100% ] 0000/0080 VUs  30s        400.00 iters/s
step_00450 ✓ [ 100% ] 0000/0090 VUs  30s        450.00 iters/s
step_00500 ✓ [ 100% ] 0000/0100 VUs  30s        500.00 iters/s
step_00550 ✓ [ 100% ] 0000/0110 VUs  30s        550.00 iters/s
step_00600 ✓ [ 100% ] 0000/0120 VUs  30s        600.00 iters/s
step_00650 ✓ [ 100% ] 0000/0143 VUs  30s        650.00 iters/s
step_00700   [  63% ] 0004/0140 VUs  19.0s/30s  700.00 iters/s
step_00750 • [   0% ] waiting        0m11.0s   
step_00800 • [   0% ] waiting        0m41.0s   
step_00850 • [   0% ] waiting        1m11.0s   
step_00900 • [   0% ] waiting        1m41.0s   
step_00950 • [   0% ] waiting        2m11.0s   
step_01000 • [   0% ] waiting        2m41.0s   

running (06m50.0s), 0002/0407 VUs, 150461 complete and 0 interrupted iterations
step_00050 ✓ [ 100% ] 000/020 VUs    30s        50.00 iters/s
step_00100 ✓ [ 100% ] 000/020 VUs    30s        100.00 iters/s
step_00150 ✓ [ 100% ] 000/030 VUs    30s        150.00 iters/s
step_00200 ✓ [ 100% ] 000/040 VUs    30s        200.00 iters/s
step_00250 ✓ [ 100% ] 000/050 VUs    30s        250.00 iters/s
step_00300 ✓ [ 100% ] 000/064 VUs    30s        300.00 iters/s
step_00350 ✓ [ 100% ] 0000/0070 VUs  30s        350.00 iters/s
step_00400 ✓ [ 100% ] 0000/0080 VUs  30s        400.00 iters/s
step_00450 ✓ [ 100% ] 0000/0090 VUs  30s        450.00 iters/s
step_00500 ✓ [ 100% ] 0000/0100 VUs  30s        500.00 iters/s
step_00550 ✓ [ 100% ] 0000/0110 VUs  30s        550.00 iters/s
step_00600 ✓ [ 100% ] 0000/0120 VUs  30s        600.00 iters/s
step_00650 ✓ [ 100% ] 0000/0143 VUs  30s        650.00 iters/s
step_00700   [  67% ] 0002/0140 VUs  20.0s/30s  700.00 iters/s
step_00750 • [   0% ] waiting        0m10.0s   
step_00800 • [   0% ] waiting        0m40.0s   
step_00850 • [   0% ] waiting        1m10.0s   
step_00900 • [   0% ] waiting        1m40.0s   
step_00950 • [   0% ] waiting        2m10.0s   
step_01000 • [   0% ] waiting        2m40.0s   

running (06m51.0s), 0007/0407 VUs, 151156 complete and 0 interrupted iterations
step_00050 ✓ [ 100% ] 000/020 VUs    30s        50.00 iters/s
step_00100 ✓ [ 100% ] 000/020 VUs    30s        100.00 iters/s
step_00150 ✓ [ 100% ] 000/030 VUs    30s        150.00 iters/s
step_00200 ✓ [ 100% ] 000/040 VUs    30s        200.00 iters/s
step_00250 ✓ [ 100% ] 000/050 VUs    30s        250.00 iters/s
step_00300 ✓ [ 100% ] 000/064 VUs    30s        300.00 iters/s
step_00350 ✓ [ 100% ] 0000/0070 VUs  30s        350.00 iters/s
step_00400 ✓ [ 100% ] 0000/0080 VUs  30s        400.00 iters/s
step_00450 ✓ [ 100% ] 0000/0090 VUs  30s        450.00 iters/s
step_00500 ✓ [ 100% ] 0000/0100 VUs  30s        500.00 iters/s
step_00550 ✓ [ 100% ] 0000/0110 VUs  30s        550.00 iters/s
step_00600 ✓ [ 100% ] 0000/0120 VUs  30s        600.00 iters/s
step_00650 ✓ [ 100% ] 0000/0143 VUs  30s        650.00 iters/s
step_00700   [  70% ] 0007/0140 VUs  21.0s/30s  700.00 iters/s
step_00750 • [   0% ] waiting        0m09.0s   
step_00800 • [   0% ] waiting        0m39.0s   
step_00850 • [   0% ] waiting        1m09.0s   
step_00900 • [   0% ] waiting        1m39.0s   
step_00950 • [   0% ] waiting        2m09.0s   
step_01000 • [   0% ] waiting        2m39.0s   

running (06m52.0s), 0001/0407 VUs, 151861 complete and 0 interrupted iterations
step_00050 ✓ [ 100% ] 000/020 VUs    30s        50.00 iters/s
step_00100 ✓ [ 100% ] 000/020 VUs    30s        100.00 iters/s
step_00150 ✓ [ 100% ] 000/030 VUs    30s        150.00 iters/s
step_00200 ✓ [ 100% ] 000/040 VUs    30s        200.00 iters/s
step_00250 ✓ [ 100% ] 000/050 VUs    30s        250.00 iters/s
step_00300 ✓ [ 100% ] 000/064 VUs    30s        300.00 iters/s
step_00350 ✓ [ 100% ] 0000/0070 VUs  30s        350.00 iters/s
step_00400 ✓ [ 100% ] 0000/0080 VUs  30s        400.00 iters/s
step_00450 ✓ [ 100% ] 0000/0090 VUs  30s        450.00 iters/s
step_00500 ✓ [ 100% ] 0000/0100 VUs  30s        500.00 iters/s
step_00550 ✓ [ 100% ] 0000/0110 VUs  30s        550.00 iters/s
step_00600 ✓ [ 100% ] 0000/0120 VUs  30s        600.00 iters/s
step_00650 ✓ [ 100% ] 0000/0143 VUs  30s        650.00 iters/s
step_00700   [  73% ] 0002/0140 VUs  22.0s/30s  700.00 iters/s
step_00750 • [   0% ] waiting        0m08.0s   
step_00800 • [   0% ] waiting        0m38.0s   
step_00850 • [   0% ] waiting        1m08.0s   
step_00900 • [   0% ] waiting        1m38.0s   
step_00950 • [   0% ] waiting        2m08.0s   
step_01000 • [   0% ] waiting        2m38.0s   

running (06m53.0s), 0018/0407 VUs, 152545 complete and 0 interrupted iterations
step_00050 ✓ [ 100% ] 000/020 VUs    30s        50.00 iters/s
step_00100 ✓ [ 100% ] 000/020 VUs    30s        100.00 iters/s
step_00150 ✓ [ 100% ] 000/030 VUs    30s        150.00 iters/s
step_00200 ✓ [ 100% ] 000/040 VUs    30s        200.00 iters/s
step_00250 ✓ [ 100% ] 000/050 VUs    30s        250.00 iters/s
step_00300 ✓ [ 100% ] 000/064 VUs    30s        300.00 iters/s
step_00350 ✓ [ 100% ] 0000/0070 VUs  30s        350.00 iters/s
step_00400 ✓ [ 100% ] 0000/0080 VUs  30s        400.00 iters/s
step_00450 ✓ [ 100% ] 0000/0090 VUs  30s        450.00 iters/s
step_00500 ✓ [ 100% ] 0000/0100 VUs  30s        500.00 iters/s
step_00550 ✓ [ 100% ] 0000/0110 VUs  30s        550.00 iters/s
step_00600 ✓ [ 100% ] 0000/0120 VUs  30s        600.00 iters/s
step_00650 ✓ [ 100% ] 0000/0143 VUs  30s        650.00 iters/s
step_00700   [  77% ] 0018/0140 VUs  23.0s/30s  700.00 iters/s
step_00750 • [   0% ] waiting        0m07.0s   
step_00800 • [   0% ] waiting        0m37.0s   
step_00850 • [   0% ] waiting        1m07.0s   
step_00900 • [   0% ] waiting        1m37.0s   
step_00950 • [   0% ] waiting        2m07.0s   
step_01000 • [   0% ] waiting        2m37.0s   

running (06m54.0s), 0002/0407 VUs, 153261 complete and 0 interrupted iterations
step_00050 ✓ [ 100% ] 000/020 VUs    30s        50.00 iters/s
step_00100 ✓ [ 100% ] 000/020 VUs    30s        100.00 iters/s
step_00150 ✓ [ 100% ] 000/030 VUs    30s        150.00 iters/s
step_00200 ✓ [ 100% ] 000/040 VUs    30s        200.00 iters/s
step_00250 ✓ [ 100% ] 000/050 VUs    30s        250.00 iters/s
step_00300 ✓ [ 100% ] 000/064 VUs    30s        300.00 iters/s
step_00350 ✓ [ 100% ] 0000/0070 VUs  30s        350.00 iters/s
step_00400 ✓ [ 100% ] 0000/0080 VUs  30s        400.00 iters/s
step_00450 ✓ [ 100% ] 0000/0090 VUs  30s        450.00 iters/s
step_00500 ✓ [ 100% ] 0000/0100 VUs  30s        500.00 iters/s
step_00550 ✓ [ 100% ] 0000/0110 VUs  30s        550.00 iters/s
step_00600 ✓ [ 100% ] 0000/0120 VUs  30s        600.00 iters/s
step_00650 ✓ [ 100% ] 0000/0143 VUs  30s        650.00 iters/s
step_00700   [  80% ] 0002/0140 VUs  24.0s/30s  700.00 iters/s
step_00750 • [   0% ] waiting        0m06.0s   
step_00800 • [   0% ] waiting        0m36.0s   
step_00850 • [   0% ] waiting        1m06.0s   
step_00900 • [   0% ] waiting        1m36.0s   
step_00950 • [   0% ] waiting        2m06.0s   
step_01000 • [   0% ] waiting        2m36.0s   

running (06m55.0s), 0002/0407 VUs, 153960 complete and 0 interrupted iterations
step_00050 ✓ [ 100% ] 000/020 VUs    30s        50.00 iters/s
step_00100 ✓ [ 100% ] 000/020 VUs    30s        100.00 iters/s
step_00150 ✓ [ 100% ] 000/030 VUs    30s        150.00 iters/s
step_00200 ✓ [ 100% ] 000/040 VUs    30s        200.00 iters/s
step_00250 ✓ [ 100% ] 000/050 VUs    30s        250.00 iters/s
step_00300 ✓ [ 100% ] 000/064 VUs    30s        300.00 iters/s
step_00350 ✓ [ 100% ] 0000/0070 VUs  30s        350.00 iters/s
step_00400 ✓ [ 100% ] 0000/0080 VUs  30s        400.00 iters/s
step_00450 ✓ [ 100% ] 0000/0090 VUs  30s        450.00 iters/s
step_00500 ✓ [ 100% ] 0000/0100 VUs  30s        500.00 iters/s
step_00550 ✓ [ 100% ] 0000/0110 VUs  30s        550.00 iters/s
step_00600 ✓ [ 100% ] 0000/0120 VUs  30s        600.00 iters/s
step_00650 ✓ [ 100% ] 0000/0143 VUs  30s        650.00 iters/s
step_00700   [  83% ] 0002/0140 VUs  25.0s/30s  700.00 iters/s
step_00750 • [   0% ] waiting        0m05.0s   
step_00800 • [   0% ] waiting        0m35.0s   
step_00850 • [   0% ] waiting        1m05.0s   
step_00900 • [   0% ] waiting        1m35.0s   
step_00950 • [   0% ] waiting        2m05.0s   
step_01000 • [   0% ] waiting        2m35.0s   

running (06m56.0s), 0003/0407 VUs, 154659 complete and 0 interrupted iterations
step_00050 ✓ [ 100% ] 000/020 VUs    30s        50.00 iters/s
step_00100 ✓ [ 100% ] 000/020 VUs    30s        100.00 iters/s
step_00150 ✓ [ 100% ] 000/030 VUs    30s        150.00 iters/s
step_00200 ✓ [ 100% ] 000/040 VUs    30s        200.00 iters/s
step_00250 ✓ [ 100% ] 000/050 VUs    30s        250.00 iters/s
step_00300 ✓ [ 100% ] 000/064 VUs    30s        300.00 iters/s
step_00350 ✓ [ 100% ] 0000/0070 VUs  30s        350.00 iters/s
step_00400 ✓ [ 100% ] 0000/0080 VUs  30s        400.00 iters/s
step_00450 ✓ [ 100% ] 0000/0090 VUs  30s        450.00 iters/s
step_00500 ✓ [ 100% ] 0000/0100 VUs  30s        500.00 iters/s
step_00550 ✓ [ 100% ] 0000/0110 VUs  30s        550.00 iters/s
step_00600 ✓ [ 100% ] 0000/0120 VUs  30s        600.00 iters/s
step_00650 ✓ [ 100% ] 0000/0143 VUs  30s        650.00 iters/s
step_00700   [  87% ] 0004/0140 VUs  26.0s/30s  700.00 iters/s
step_00750 • [   0% ] waiting        0m04.0s   
step_00800 • [   0% ] waiting        0m34.0s   
step_00850 • [   0% ] waiting        1m04.0s   
step_00900 • [   0% ] waiting        1m34.0s   
step_00950 • [   0% ] waiting        2m04.0s   
step_01000 • [   0% ] waiting        2m34.0s   

running (06m57.0s), 0054/0407 VUs, 155309 complete and 0 interrupted iterations
step_00050 ✓ [ 100% ] 000/020 VUs    30s        50.00 iters/s
step_00100 ✓ [ 100% ] 000/020 VUs    30s        100.00 iters/s
step_00150 ✓ [ 100% ] 000/030 VUs    30s        150.00 iters/s
step_00200 ✓ [ 100% ] 000/040 VUs    30s        200.00 iters/s
step_00250 ✓ [ 100% ] 000/050 VUs    30s        250.00 iters/s
step_00300 ✓ [ 100% ] 000/064 VUs    30s        300.00 iters/s
step_00350 ✓ [ 100% ] 0000/0070 VUs  30s        350.00 iters/s
step_00400 ✓ [ 100% ] 0000/0080 VUs  30s        400.00 iters/s
step_00450 ✓ [ 100% ] 0000/0090 VUs  30s        450.00 iters/s
step_00500 ✓ [ 100% ] 0000/0100 VUs  30s        500.00 iters/s
step_00550 ✓ [ 100% ] 0000/0110 VUs  30s        550.00 iters/s
step_00600 ✓ [ 100% ] 0000/0120 VUs  30s        600.00 iters/s
step_00650 ✓ [ 100% ] 0000/0143 VUs  30s        650.00 iters/s
step_00700   [  90% ] 0054/0140 VUs  27.0s/30s  700.00 iters/s
step_00750 • [   0% ] waiting        0m03.0s   
step_00800 • [   0% ] waiting        0m33.0s   
step_00850 • [   0% ] waiting        1m03.0s   
step_00900 • [   0% ] waiting        1m33.0s   
step_00950 • [   0% ] waiting        2m03.0s   
step_01000 • [   0% ] waiting        2m33.0s   

running (06m58.0s), 0001/0412 VUs, 156051 complete and 0 interrupted iterations
step_00050 ✓ [ 100% ] 000/020 VUs    30s        50.00 iters/s
step_00100 ✓ [ 100% ] 000/020 VUs    30s        100.00 iters/s
step_00150 ✓ [ 100% ] 000/030 VUs    30s        150.00 iters/s
step_00200 ✓ [ 100% ] 000/040 VUs    30s        200.00 iters/s
step_00250 ✓ [ 100% ] 000/050 VUs    30s        250.00 iters/s
step_00300 ✓ [ 100% ] 000/064 VUs    30s        300.00 iters/s
step_00350 ✓ [ 100% ] 0000/0070 VUs  30s        350.00 iters/s
step_00400 ✓ [ 100% ] 0000/0080 VUs  30s        400.00 iters/s
step_00450 ✓ [ 100% ] 0000/0090 VUs  30s        450.00 iters/s
step_00500 ✓ [ 100% ] 0000/0100 VUs  30s        500.00 iters/s
step_00550 ✓ [ 100% ] 0000/0110 VUs  30s        550.00 iters/s
step_00600 ✓ [ 100% ] 0000/0120 VUs  30s        600.00 iters/s
step_00650 ✓ [ 100% ] 0000/0143 VUs  30s        650.00 iters/s
step_00700   [  93% ] 0001/0145 VUs  28.0s/30s  700.00 iters/s
step_00750 • [   0% ] waiting        0m02.0s   
step_00800 • [   0% ] waiting        0m32.0s   
step_00850 • [   0% ] waiting        1m02.0s   
step_00900 • [   0% ] waiting        1m32.0s   
step_00950 • [   0% ] waiting        2m02.0s   
step_01000 • [   0% ] waiting        2m32.0s   

running (06m59.0s), 0003/0412 VUs, 156750 complete and 0 interrupted iterations
step_00050 ✓ [ 100% ] 000/020 VUs    30s        50.00 iters/s
step_00100 ✓ [ 100% ] 000/020 VUs    30s        100.00 iters/s
step_00150 ✓ [ 100% ] 000/030 VUs    30s        150.00 iters/s
step_00200 ✓ [ 100% ] 000/040 VUs    30s        200.00 iters/s
step_00250 ✓ [ 100% ] 000/050 VUs    30s        250.00 iters/s
step_00300 ✓ [ 100% ] 000/064 VUs    30s        300.00 iters/s
step_00350 ✓ [ 100% ] 0000/0070 VUs  30s        350.00 iters/s
step_00400 ✓ [ 100% ] 0000/0080 VUs  30s        400.00 iters/s
step_00450 ✓ [ 100% ] 0000/0090 VUs  30s        450.00 iters/s
step_00500 ✓ [ 100% ] 0000/0100 VUs  30s        500.00 iters/s
step_00550 ✓ [ 100% ] 0000/0110 VUs  30s        550.00 iters/s
step_00600 ✓ [ 100% ] 0000/0120 VUs  30s        600.00 iters/s
step_00650 ✓ [ 100% ] 0000/0143 VUs  30s        650.00 iters/s
step_00700   [  97% ] 0003/0145 VUs  29.0s/30s  700.00 iters/s
step_00750 • [   0% ] waiting        0m01.0s   
step_00800 • [   0% ] waiting        0m31.0s   
step_00850 • [   0% ] waiting        1m01.0s   
step_00900 • [   0% ] waiting        1m31.0s   
step_00950 • [   0% ] waiting        2m01.0s   
step_01000 • [   0% ] waiting        2m31.0s   

running (07m00.0s), 0002/0412 VUs, 157450 complete and 0 interrupted iterations
step_00050 ✓ [ 100% ] 000/020 VUs    30s        50.00 iters/s
step_00100 ✓ [ 100% ] 000/020 VUs    30s        100.00 iters/s
step_00150 ✓ [ 100% ] 000/030 VUs    30s        150.00 iters/s
step_00200 ✓ [ 100% ] 000/040 VUs    30s        200.00 iters/s
step_00250 ✓ [ 100% ] 000/050 VUs    30s        250.00 iters/s
step_00300 ✓ [ 100% ] 000/064 VUs    30s        300.00 iters/s
step_00350 ✓ [ 100% ] 0000/0070 VUs  30s        350.00 iters/s
step_00400 ✓ [ 100% ] 0000/0080 VUs  30s        400.00 iters/s
step_00450 ✓ [ 100% ] 0000/0090 VUs  30s        450.00 iters/s
step_00500 ✓ [ 100% ] 0000/0100 VUs  30s        500.00 iters/s
step_00550 ✓ [ 100% ] 0000/0110 VUs  30s        550.00 iters/s
step_00600 ✓ [ 100% ] 0000/0120 VUs  30s        600.00 iters/s
step_00650 ✓ [ 100% ] 0000/0143 VUs  30s        650.00 iters/s
step_00700   [ 100% ] 0002/0145 VUs  30.0s/30s  700.00 iters/s
step_00750 • [   0% ] waiting        0m00.0s   
step_00800 • [   0% ] waiting        0m30.0s   
step_00850 • [   0% ] waiting        1m00.0s   
step_00900 • [   0% ] waiting        1m30.0s   
step_00950 • [   0% ] waiting        2m00.0s   
step_01000 • [   0% ] waiting        2m30.0s   

running (07m01.0s), 0012/0412 VUs, 158189 complete and 0 interrupted iterations
step_00050 ✓ [ 100% ] 000/020 VUs    30s        50.00 iters/s
step_00100 ✓ [ 100% ] 000/020 VUs    30s        100.00 iters/s
step_00150 ✓ [ 100% ] 000/030 VUs    30s        150.00 iters/s
step_00200 ✓ [ 100% ] 000/040 VUs    30s        200.00 iters/s
step_00250 ✓ [ 100% ] 000/050 VUs    30s        250.00 iters/s
step_00300 ✓ [ 100% ] 000/064 VUs    30s        300.00 iters/s
step_00350 ✓ [ 100% ] 0000/0070 VUs  30s        350.00 iters/s
step_00400 ✓ [ 100% ] 0000/0080 VUs  30s        400.00 iters/s
step_00450 ✓ [ 100% ] 0000/0090 VUs  30s        450.00 iters/s
step_00500 ✓ [ 100% ] 0000/0100 VUs  30s        500.00 iters/s
step_00550 ✓ [ 100% ] 0000/0110 VUs  30s        550.00 iters/s
step_00600 ✓ [ 100% ] 0000/0120 VUs  30s        600.00 iters/s
step_00650 ✓ [ 100% ] 0000/0143 VUs  30s        650.00 iters/s
step_00700 ✓ [ 100% ] 0000/0145 VUs  30s        700.00 iters/s
step_00750   [   3% ] 0012/0150 VUs  01.0s/30s  750.00 iters/s
step_00800 • [   0% ] waiting        0m29.0s   
step_00850 • [   0% ] waiting        0m59.0s   
step_00900 • [   0% ] waiting        1m29.0s   
step_00950 • [   0% ] waiting        1m59.0s   
step_01000 • [   0% ] waiting        2m29.0s   

running (07m02.0s), 0009/0412 VUs, 158942 complete and 0 interrupted iterations
step_00050 ✓ [ 100% ] 000/020 VUs    30s        50.00 iters/s
step_00100 ✓ [ 100% ] 000/020 VUs    30s        100.00 iters/s
step_00150 ✓ [ 100% ] 000/030 VUs    30s        150.00 iters/s
step_00200 ✓ [ 100% ] 000/040 VUs    30s        200.00 iters/s
step_00250 ✓ [ 100% ] 000/050 VUs    30s        250.00 iters/s
step_00300 ✓ [ 100% ] 000/064 VUs    30s        300.00 iters/s
step_00350 ✓ [ 100% ] 0000/0070 VUs  30s        350.00 iters/s
step_00400 ✓ [ 100% ] 0000/0080 VUs  30s        400.00 iters/s
step_00450 ✓ [ 100% ] 0000/0090 VUs  30s        450.00 iters/s
step_00500 ✓ [ 100% ] 0000/0100 VUs  30s        500.00 iters/s
step_00550 ✓ [ 100% ] 0000/0110 VUs  30s        550.00 iters/s
step_00600 ✓ [ 100% ] 0000/0120 VUs  30s        600.00 iters/s
step_00650 ✓ [ 100% ] 0000/0143 VUs  30s        650.00 iters/s
step_00700 ✓ [ 100% ] 0000/0145 VUs  30s        700.00 iters/s
step_00750   [   7% ] 0009/0150 VUs  02.0s/30s  750.00 iters/s
step_00800 • [   0% ] waiting        0m28.0s   
step_00850 • [   0% ] waiting        0m58.0s   
step_00900 • [   0% ] waiting        1m28.0s   
step_00950 • [   0% ] waiting        1m58.0s   
step_01000 • [   0% ] waiting        2m28.0s   

running (07m03.0s), 0005/0412 VUs, 159696 complete and 0 interrupted iterations
step_00050 ✓ [ 100% ] 000/020 VUs    30s        50.00 iters/s
step_00100 ✓ [ 100% ] 000/020 VUs    30s        100.00 iters/s
step_00150 ✓ [ 100% ] 000/030 VUs    30s        150.00 iters/s
step_00200 ✓ [ 100% ] 000/040 VUs    30s        200.00 iters/s
step_00250 ✓ [ 100% ] 000/050 VUs    30s        250.00 iters/s
step_00300 ✓ [ 100% ] 000/064 VUs    30s        300.00 iters/s
step_00350 ✓ [ 100% ] 0000/0070 VUs  30s        350.00 iters/s
step_00400 ✓ [ 100% ] 0000/0080 VUs  30s        400.00 iters/s
step_00450 ✓ [ 100% ] 0000/0090 VUs  30s        450.00 iters/s
step_00500 ✓ [ 100% ] 0000/0100 VUs  30s        500.00 iters/s
step_00550 ✓ [ 100% ] 0000/0110 VUs  30s        550.00 iters/s
step_00600 ✓ [ 100% ] 0000/0120 VUs  30s        600.00 iters/s
step_00650 ✓ [ 100% ] 0000/0143 VUs  30s        650.00 iters/s
step_00700 ✓ [ 100% ] 0000/0145 VUs  30s        700.00 iters/s
step_00750   [  10% ] 0005/0150 VUs  03.0s/30s  750.00 iters/s
step_00800 • [   0% ] waiting        0m27.0s   
step_00850 • [   0% ] waiting        0m57.0s   
step_00900 • [   0% ] waiting        1m27.0s   
step_00950 • [   0% ] waiting        1m57.0s   
step_01000 • [   0% ] waiting        2m27.0s   

running (07m04.0s), 0008/0412 VUs, 160443 complete and 0 interrupted iterations
step_00050 ✓ [ 100% ] 000/020 VUs    30s        50.00 iters/s
step_00100 ✓ [ 100% ] 000/020 VUs    30s        100.00 iters/s
step_00150 ✓ [ 100% ] 000/030 VUs    30s        150.00 iters/s
step_00200 ✓ [ 100% ] 000/040 VUs    30s        200.00 iters/s
step_00250 ✓ [ 100% ] 000/050 VUs    30s        250.00 iters/s
step_00300 ✓ [ 100% ] 000/064 VUs    30s        300.00 iters/s
step_00350 ✓ [ 100% ] 0000/0070 VUs  30s        350.00 iters/s
step_00400 ✓ [ 100% ] 0000/0080 VUs  30s        400.00 iters/s
step_00450 ✓ [ 100% ] 0000/0090 VUs  30s        450.00 iters/s
step_00500 ✓ [ 100% ] 0000/0100 VUs  30s        500.00 iters/s
step_00550 ✓ [ 100% ] 0000/0110 VUs  30s        550.00 iters/s
step_00600 ✓ [ 100% ] 0000/0120 VUs  30s        600.00 iters/s
step_00650 ✓ [ 100% ] 0000/0143 VUs  30s        650.00 iters/s
step_00700 ✓ [ 100% ] 0000/0145 VUs  30s        700.00 iters/s
step_00750   [  13% ] 0008/0150 VUs  04.0s/30s  750.00 iters/s
step_00800 • [   0% ] waiting        0m26.0s   
step_00850 • [   0% ] waiting        0m56.0s   
step_00900 • [   0% ] waiting        1m26.0s   
step_00950 • [   0% ] waiting        1m56.0s   
step_01000 • [   0% ] waiting        2m26.0s   

running (07m05.0s), 0002/0412 VUs, 161199 complete and 0 interrupted iterations
step_00050 ✓ [ 100% ] 000/020 VUs    30s        50.00 iters/s
step_00100 ✓ [ 100% ] 000/020 VUs    30s        100.00 iters/s
step_00150 ✓ [ 100% ] 000/030 VUs    30s        150.00 iters/s
step_00200 ✓ [ 100% ] 000/040 VUs    30s        200.00 iters/s
step_00250 ✓ [ 100% ] 000/050 VUs    30s        250.00 iters/s
step_00300 ✓ [ 100% ] 000/064 VUs    30s        300.00 iters/s
step_00350 ✓ [ 100% ] 0000/0070 VUs  30s        350.00 iters/s
step_00400 ✓ [ 100% ] 0000/0080 VUs  30s        400.00 iters/s
step_00450 ✓ [ 100% ] 0000/0090 VUs  30s        450.00 iters/s
step_00500 ✓ [ 100% ] 0000/0100 VUs  30s        500.00 iters/s
step_00550 ✓ [ 100% ] 0000/0110 VUs  30s        550.00 iters/s
step_00600 ✓ [ 100% ] 0000/0120 VUs  30s        600.00 iters/s
step_00650 ✓ [ 100% ] 0000/0143 VUs  30s        650.00 iters/s
step_00700 ✓ [ 100% ] 0000/0145 VUs  30s        700.00 iters/s
step_00750   [  17% ] 0002/0150 VUs  05.0s/30s  750.00 iters/s
step_00800 • [   0% ] waiting        0m25.0s   
step_00850 • [   0% ] waiting        0m55.0s   
step_00900 • [   0% ] waiting        1m25.0s   
step_00950 • [   0% ] waiting        1m55.0s   
step_01000 • [   0% ] waiting        2m25.0s   

running (07m06.0s), 0007/0412 VUs, 161944 complete and 0 interrupted iterations
step_00050 ✓ [ 100% ] 000/020 VUs    30s        50.00 iters/s
step_00100 ✓ [ 100% ] 000/020 VUs    30s        100.00 iters/s
step_00150 ✓ [ 100% ] 000/030 VUs    30s        150.00 iters/s
step_00200 ✓ [ 100% ] 000/040 VUs    30s        200.00 iters/s
step_00250 ✓ [ 100% ] 000/050 VUs    30s        250.00 iters/s
step_00300 ✓ [ 100% ] 000/064 VUs    30s        300.00 iters/s
step_00350 ✓ [ 100% ] 0000/0070 VUs  30s        350.00 iters/s
step_00400 ✓ [ 100% ] 0000/0080 VUs  30s        400.00 iters/s
step_00450 ✓ [ 100% ] 0000/0090 VUs  30s        450.00 iters/s
step_00500 ✓ [ 100% ] 0000/0100 VUs  30s        500.00 iters/s
step_00550 ✓ [ 100% ] 0000/0110 VUs  30s        550.00 iters/s
step_00600 ✓ [ 100% ] 0000/0120 VUs  30s        600.00 iters/s
step_00650 ✓ [ 100% ] 0000/0143 VUs  30s        650.00 iters/s
step_00700 ✓ [ 100% ] 0000/0145 VUs  30s        700.00 iters/s
step_00750   [  20% ] 0007/0150 VUs  06.0s/30s  750.00 iters/s
step_00800 • [   0% ] waiting        0m24.0s   
step_00850 • [   0% ] waiting        0m54.0s   
step_00900 • [   0% ] waiting        1m24.0s   
step_00950 • [   0% ] waiting        1m54.0s   
step_01000 • [   0% ] waiting        2m24.0s   

running (07m07.0s), 0006/0412 VUs, 162695 complete and 0 interrupted iterations
step_00050 ✓ [ 100% ] 000/020 VUs    30s        50.00 iters/s
step_00100 ✓ [ 100% ] 000/020 VUs    30s        100.00 iters/s
step_00150 ✓ [ 100% ] 000/030 VUs    30s        150.00 iters/s
step_00200 ✓ [ 100% ] 000/040 VUs    30s        200.00 iters/s
step_00250 ✓ [ 100% ] 000/050 VUs    30s        250.00 iters/s
step_00300 ✓ [ 100% ] 000/064 VUs    30s        300.00 iters/s
step_00350 ✓ [ 100% ] 0000/0070 VUs  30s        350.00 iters/s
step_00400 ✓ [ 100% ] 0000/0080 VUs  30s        400.00 iters/s
step_00450 ✓ [ 100% ] 0000/0090 VUs  30s        450.00 iters/s
step_00500 ✓ [ 100% ] 0000/0100 VUs  30s        500.00 iters/s
step_00550 ✓ [ 100% ] 0000/0110 VUs  30s        550.00 iters/s
step_00600 ✓ [ 100% ] 0000/0120 VUs  30s        600.00 iters/s
step_00650 ✓ [ 100% ] 0000/0143 VUs  30s        650.00 iters/s
step_00700 ✓ [ 100% ] 0000/0145 VUs  30s        700.00 iters/s
step_00750   [  23% ] 0006/0150 VUs  07.0s/30s  750.00 iters/s
step_00800 • [   0% ] waiting        0m23.0s   
step_00850 • [   0% ] waiting        0m53.0s   
step_00900 • [   0% ] waiting        1m23.0s   
step_00950 • [   0% ] waiting        1m53.0s   
step_01000 • [   0% ] waiting        2m23.0s   

running (07m08.0s), 0008/0412 VUs, 163443 complete and 0 interrupted iterations
step_00050 ✓ [ 100% ] 000/020 VUs    30s        50.00 iters/s
step_00100 ✓ [ 100% ] 000/020 VUs    30s        100.00 iters/s
step_00150 ✓ [ 100% ] 000/030 VUs    30s        150.00 iters/s
step_00200 ✓ [ 100% ] 000/040 VUs    30s        200.00 iters/s
step_00250 ✓ [ 100% ] 000/050 VUs    30s        250.00 iters/s
step_00300 ✓ [ 100% ] 000/064 VUs    30s        300.00 iters/s
step_00350 ✓ [ 100% ] 0000/0070 VUs  30s        350.00 iters/s
step_00400 ✓ [ 100% ] 0000/0080 VUs  30s        400.00 iters/s
step_00450 ✓ [ 100% ] 0000/0090 VUs  30s        450.00 iters/s
step_00500 ✓ [ 100% ] 0000/0100 VUs  30s        500.00 iters/s
step_00550 ✓ [ 100% ] 0000/0110 VUs  30s        550.00 iters/s
step_00600 ✓ [ 100% ] 0000/0120 VUs  30s        600.00 iters/s
step_00650 ✓ [ 100% ] 0000/0143 VUs  30s        650.00 iters/s
step_00700 ✓ [ 100% ] 0000/0145 VUs  30s        700.00 iters/s
step_00750   [  27% ] 0008/0150 VUs  08.0s/30s  750.00 iters/s
step_00800 • [   0% ] waiting        0m22.0s   
step_00850 • [   0% ] waiting        0m52.0s   
step_00900 • [   0% ] waiting        1m22.0s   
step_00950 • [   0% ] waiting        1m52.0s   
step_01000 • [   0% ] waiting        2m22.0s   

running (07m09.0s), 0011/0412 VUs, 164197 complete and 0 interrupted iterations
step_00050 ✓ [ 100% ] 000/020 VUs    30s        50.00 iters/s
step_00100 ✓ [ 100% ] 000/020 VUs    30s        100.00 iters/s
step_00150 ✓ [ 100% ] 000/030 VUs    30s        150.00 iters/s
step_00200 ✓ [ 100% ] 000/040 VUs    30s        200.00 iters/s
step_00250 ✓ [ 100% ] 000/050 VUs    30s        250.00 iters/s
step_00300 ✓ [ 100% ] 000/064 VUs    30s        300.00 iters/s
step_00350 ✓ [ 100% ] 0000/0070 VUs  30s        350.00 iters/s
step_00400 ✓ [ 100% ] 0000/0080 VUs  30s        400.00 iters/s
step_00450 ✓ [ 100% ] 0000/0090 VUs  30s        450.00 iters/s
step_00500 ✓ [ 100% ] 0000/0100 VUs  30s        500.00 iters/s
step_00550 ✓ [ 100% ] 0000/0110 VUs  30s        550.00 iters/s
step_00600 ✓ [ 100% ] 0000/0120 VUs  30s        600.00 iters/s
step_00650 ✓ [ 100% ] 0000/0143 VUs  30s        650.00 iters/s
step_00700 ✓ [ 100% ] 0000/0145 VUs  30s        700.00 iters/s
step_00750   [  30% ] 0011/0150 VUs  09.0s/30s  750.00 iters/s
step_00800 • [   0% ] waiting        0m21.0s   
step_00850 • [   0% ] waiting        0m51.0s   
step_00900 • [   0% ] waiting        1m21.0s   
step_00950 • [   0% ] waiting        1m51.0s   
step_01000 • [   0% ] waiting        2m21.0s   

running (07m10.0s), 0003/0412 VUs, 164948 complete and 0 interrupted iterations
step_00050 ✓ [ 100% ] 000/020 VUs    30s        50.00 iters/s
step_00100 ✓ [ 100% ] 000/020 VUs    30s        100.00 iters/s
step_00150 ✓ [ 100% ] 000/030 VUs    30s        150.00 iters/s
step_00200 ✓ [ 100% ] 000/040 VUs    30s        200.00 iters/s
step_00250 ✓ [ 100% ] 000/050 VUs    30s        250.00 iters/s
step_00300 ✓ [ 100% ] 000/064 VUs    30s        300.00 iters/s
step_00350 ✓ [ 100% ] 0000/0070 VUs  30s        350.00 iters/s
step_00400 ✓ [ 100% ] 0000/0080 VUs  30s        400.00 iters/s
step_00450 ✓ [ 100% ] 0000/0090 VUs  30s        450.00 iters/s
step_00500 ✓ [ 100% ] 0000/0100 VUs  30s        500.00 iters/s
step_00550 ✓ [ 100% ] 0000/0110 VUs  30s        550.00 iters/s
step_00600 ✓ [ 100% ] 0000/0120 VUs  30s        600.00 iters/s
step_00650 ✓ [ 100% ] 0000/0143 VUs  30s        650.00 iters/s
step_00700 ✓ [ 100% ] 0000/0145 VUs  30s        700.00 iters/s
step_00750   [  33% ] 0003/0150 VUs  10.0s/30s  750.00 iters/s
step_00800 • [   0% ] waiting        0m20.0s   
step_00850 • [   0% ] waiting        0m50.0s   
step_00900 • [   0% ] waiting        1m20.0s   
step_00950 • [   0% ] waiting        1m50.0s   
step_01000 • [   0% ] waiting        2m20.0s   

running (07m11.0s), 0004/0412 VUs, 165697 complete and 0 interrupted iterations
step_00050 ✓ [ 100% ] 000/020 VUs    30s        50.00 iters/s
step_00100 ✓ [ 100% ] 000/020 VUs    30s        100.00 iters/s
step_00150 ✓ [ 100% ] 000/030 VUs    30s        150.00 iters/s
step_00200 ✓ [ 100% ] 000/040 VUs    30s        200.00 iters/s
step_00250 ✓ [ 100% ] 000/050 VUs    30s        250.00 iters/s
step_00300 ✓ [ 100% ] 000/064 VUs    30s        300.00 iters/s
step_00350 ✓ [ 100% ] 0000/0070 VUs  30s        350.00 iters/s
step_00400 ✓ [ 100% ] 0000/0080 VUs  30s        400.00 iters/s
step_00450 ✓ [ 100% ] 0000/0090 VUs  30s        450.00 iters/s
step_00500 ✓ [ 100% ] 0000/0100 VUs  30s        500.00 iters/s
step_00550 ✓ [ 100% ] 0000/0110 VUs  30s        550.00 iters/s
step_00600 ✓ [ 100% ] 0000/0120 VUs  30s        600.00 iters/s
step_00650 ✓ [ 100% ] 0000/0143 VUs  30s        650.00 iters/s
step_00700 ✓ [ 100% ] 0000/0145 VUs  30s        700.00 iters/s
step_00750   [  37% ] 0004/0150 VUs  11.0s/30s  750.00 iters/s
step_00800 • [   0% ] waiting        0m19.0s   
step_00850 • [   0% ] waiting        0m49.0s   
step_00900 • [   0% ] waiting        1m19.0s   
step_00950 • [   0% ] waiting        1m49.0s   
step_01000 • [   0% ] waiting        2m19.0s   

running (07m12.0s), 0024/0412 VUs, 166427 complete and 0 interrupted iterations
step_00050 ✓ [ 100% ] 000/020 VUs    30s        50.00 iters/s
step_00100 ✓ [ 100% ] 000/020 VUs    30s        100.00 iters/s
step_00150 ✓ [ 100% ] 000/030 VUs    30s        150.00 iters/s
step_00200 ✓ [ 100% ] 000/040 VUs    30s        200.00 iters/s
step_00250 ✓ [ 100% ] 000/050 VUs    30s        250.00 iters/s
step_00300 ✓ [ 100% ] 000/064 VUs    30s        300.00 iters/s
step_00350 ✓ [ 100% ] 0000/0070 VUs  30s        350.00 iters/s
step_00400 ✓ [ 100% ] 0000/0080 VUs  30s        400.00 iters/s
step_00450 ✓ [ 100% ] 0000/0090 VUs  30s        450.00 iters/s
step_00500 ✓ [ 100% ] 0000/0100 VUs  30s        500.00 iters/s
step_00550 ✓ [ 100% ] 0000/0110 VUs  30s        550.00 iters/s
step_00600 ✓ [ 100% ] 0000/0120 VUs  30s        600.00 iters/s
step_00650 ✓ [ 100% ] 0000/0143 VUs  30s        650.00 iters/s
step_00700 ✓ [ 100% ] 0000/0145 VUs  30s        700.00 iters/s
step_00750   [  40% ] 0024/0150 VUs  12.0s/30s  750.00 iters/s
step_00800 • [   0% ] waiting        0m18.0s   
step_00850 • [   0% ] waiting        0m48.0s   
step_00900 • [   0% ] waiting        1m18.0s   
step_00950 • [   0% ] waiting        1m48.0s   
step_01000 • [   0% ] waiting        2m18.0s   

running (07m13.0s), 0008/0412 VUs, 167193 complete and 0 interrupted iterations
step_00050 ✓ [ 100% ] 000/020 VUs    30s        50.00 iters/s
step_00100 ✓ [ 100% ] 000/020 VUs    30s        100.00 iters/s
step_00150 ✓ [ 100% ] 000/030 VUs    30s        150.00 iters/s
step_00200 ✓ [ 100% ] 000/040 VUs    30s        200.00 iters/s
step_00250 ✓ [ 100% ] 000/050 VUs    30s        250.00 iters/s
step_00300 ✓ [ 100% ] 000/064 VUs    30s        300.00 iters/s
step_00350 ✓ [ 100% ] 0000/0070 VUs  30s        350.00 iters/s
step_00400 ✓ [ 100% ] 0000/0080 VUs  30s        400.00 iters/s
step_00450 ✓ [ 100% ] 0000/0090 VUs  30s        450.00 iters/s
step_00500 ✓ [ 100% ] 0000/0100 VUs  30s        500.00 iters/s
step_00550 ✓ [ 100% ] 0000/0110 VUs  30s        550.00 iters/s
step_00600 ✓ [ 100% ] 0000/0120 VUs  30s        600.00 iters/s
step_00650 ✓ [ 100% ] 0000/0143 VUs  30s        650.00 iters/s
step_00700 ✓ [ 100% ] 0000/0145 VUs  30s        700.00 iters/s
step_00750   [  43% ] 0008/0150 VUs  13.0s/30s  750.00 iters/s
step_00800 • [   0% ] waiting        0m17.0s   
step_00850 • [   0% ] waiting        0m47.0s   
step_00900 • [   0% ] waiting        1m17.0s   
step_00950 • [   0% ] waiting        1m47.0s   
step_01000 • [   0% ] waiting        2m17.0s   

running (07m14.0s), 0001/0412 VUs, 167950 complete and 0 interrupted iterations
step_00050 ✓ [ 100% ] 000/020 VUs    30s        50.00 iters/s
step_00100 ✓ [ 100% ] 000/020 VUs    30s        100.00 iters/s
step_00150 ✓ [ 100% ] 000/030 VUs    30s        150.00 iters/s
step_00200 ✓ [ 100% ] 000/040 VUs    30s        200.00 iters/s
step_00250 ✓ [ 100% ] 000/050 VUs    30s        250.00 iters/s
step_00300 ✓ [ 100% ] 000/064 VUs    30s        300.00 iters/s
step_00350 ✓ [ 100% ] 0000/0070 VUs  30s        350.00 iters/s
step_00400 ✓ [ 100% ] 0000/0080 VUs  30s        400.00 iters/s
step_00450 ✓ [ 100% ] 0000/0090 VUs  30s        450.00 iters/s
step_00500 ✓ [ 100% ] 0000/0100 VUs  30s        500.00 iters/s
step_00550 ✓ [ 100% ] 0000/0110 VUs  30s        550.00 iters/s
step_00600 ✓ [ 100% ] 0000/0120 VUs  30s        600.00 iters/s
step_00650 ✓ [ 100% ] 0000/0143 VUs  30s        650.00 iters/s
step_00700 ✓ [ 100% ] 0000/0145 VUs  30s        700.00 iters/s
step_00750   [  47% ] 0001/0150 VUs  14.0s/30s  750.00 iters/s
step_00800 • [   0% ] waiting        0m16.0s   
step_00850 • [   0% ] waiting        0m46.0s   
step_00900 • [   0% ] waiting        1m16.0s   
step_00950 • [   0% ] waiting        1m46.0s   
step_01000 • [   0% ] waiting        2m16.0s   

running (07m15.0s), 0004/0412 VUs, 168697 complete and 0 interrupted iterations
step_00050 ✓ [ 100% ] 000/020 VUs    30s        50.00 iters/s
step_00100 ✓ [ 100% ] 000/020 VUs    30s        100.00 iters/s
step_00150 ✓ [ 100% ] 000/030 VUs    30s        150.00 iters/s
step_00200 ✓ [ 100% ] 000/040 VUs    30s        200.00 iters/s
step_00250 ✓ [ 100% ] 000/050 VUs    30s        250.00 iters/s
step_00300 ✓ [ 100% ] 000/064 VUs    30s        300.00 iters/s
step_00350 ✓ [ 100% ] 0000/0070 VUs  30s        350.00 iters/s
step_00400 ✓ [ 100% ] 0000/0080 VUs  30s        400.00 iters/s
step_00450 ✓ [ 100% ] 0000/0090 VUs  30s        450.00 iters/s
step_00500 ✓ [ 100% ] 0000/0100 VUs  30s        500.00 iters/s
step_00550 ✓ [ 100% ] 0000/0110 VUs  30s        550.00 iters/s
step_00600 ✓ [ 100% ] 0000/0120 VUs  30s        600.00 iters/s
step_00650 ✓ [ 100% ] 0000/0143 VUs  30s        650.00 iters/s
step_00700 ✓ [ 100% ] 0000/0145 VUs  30s        700.00 iters/s
step_00750   [  50% ] 0003/0150 VUs  15.0s/30s  750.00 iters/s
step_00800 • [   0% ] waiting        0m15.0s   
step_00850 • [   0% ] waiting        0m45.0s   
step_00900 • [   0% ] waiting        1m15.0s   
step_00950 • [   0% ] waiting        1m45.0s   
step_01000 • [   0% ] waiting        2m15.0s   

running (07m16.0s), 0004/0412 VUs, 169447 complete and 0 interrupted iterations
step_00050 ✓ [ 100% ] 000/020 VUs    30s        50.00 iters/s
step_00100 ✓ [ 100% ] 000/020 VUs    30s        100.00 iters/s
step_00150 ✓ [ 100% ] 000/030 VUs    30s        150.00 iters/s
step_00200 ✓ [ 100% ] 000/040 VUs    30s        200.00 iters/s
step_00250 ✓ [ 100% ] 000/050 VUs    30s        250.00 iters/s
step_00300 ✓ [ 100% ] 000/064 VUs    30s        300.00 iters/s
step_00350 ✓ [ 100% ] 0000/0070 VUs  30s        350.00 iters/s
step_00400 ✓ [ 100% ] 0000/0080 VUs  30s        400.00 iters/s
step_00450 ✓ [ 100% ] 0000/0090 VUs  30s        450.00 iters/s
step_00500 ✓ [ 100% ] 0000/0100 VUs  30s        500.00 iters/s
step_00550 ✓ [ 100% ] 0000/0110 VUs  30s        550.00 iters/s
step_00600 ✓ [ 100% ] 0000/0120 VUs  30s        600.00 iters/s
step_00650 ✓ [ 100% ] 0000/0143 VUs  30s        650.00 iters/s
step_00700 ✓ [ 100% ] 0000/0145 VUs  30s        700.00 iters/s
step_00750   [  53% ] 0004/0150 VUs  16.0s/30s  750.00 iters/s
step_00800 • [   0% ] waiting        0m14.0s   
step_00850 • [   0% ] waiting        0m44.0s   
step_00900 • [   0% ] waiting        1m14.0s   
step_00950 • [   0% ] waiting        1m44.0s   
step_01000 • [   0% ] waiting        2m14.0s   

running (07m17.0s), 0006/0412 VUs, 170195 complete and 0 interrupted iterations
step_00050 ✓ [ 100% ] 000/020 VUs    30s        50.00 iters/s
step_00100 ✓ [ 100% ] 000/020 VUs    30s        100.00 iters/s
step_00150 ✓ [ 100% ] 000/030 VUs    30s        150.00 iters/s
step_00200 ✓ [ 100% ] 000/040 VUs    30s        200.00 iters/s
step_00250 ✓ [ 100% ] 000/050 VUs    30s        250.00 iters/s
step_00300 ✓ [ 100% ] 000/064 VUs    30s        300.00 iters/s
step_00350 ✓ [ 100% ] 0000/0070 VUs  30s        350.00 iters/s
step_00400 ✓ [ 100% ] 0000/0080 VUs  30s        400.00 iters/s
step_00450 ✓ [ 100% ] 0000/0090 VUs  30s        450.00 iters/s
step_00500 ✓ [ 100% ] 0000/0100 VUs  30s        500.00 iters/s
step_00550 ✓ [ 100% ] 0000/0110 VUs  30s        550.00 iters/s
step_00600 ✓ [ 100% ] 0000/0120 VUs  30s        600.00 iters/s
step_00650 ✓ [ 100% ] 0000/0143 VUs  30s        650.00 iters/s
step_00700 ✓ [ 100% ] 0000/0145 VUs  30s        700.00 iters/s
step_00750   [  57% ] 0006/0150 VUs  17.0s/30s  750.00 iters/s
step_00800 • [   0% ] waiting        0m13.0s   
step_00850 • [   0% ] waiting        0m43.0s   
step_00900 • [   0% ] waiting        1m13.0s   
step_00950 • [   0% ] waiting        1m43.0s   
step_01000 • [   0% ] waiting        2m13.0s   

running (07m18.0s), 0005/0412 VUs, 170946 complete and 0 interrupted iterations
step_00050 ✓ [ 100% ] 000/020 VUs    30s        50.00 iters/s
step_00100 ✓ [ 100% ] 000/020 VUs    30s        100.00 iters/s
step_00150 ✓ [ 100% ] 000/030 VUs    30s        150.00 iters/s
step_00200 ✓ [ 100% ] 000/040 VUs    30s        200.00 iters/s
step_00250 ✓ [ 100% ] 000/050 VUs    30s        250.00 iters/s
step_00300 ✓ [ 100% ] 000/064 VUs    30s        300.00 iters/s
step_00350 ✓ [ 100% ] 0000/0070 VUs  30s        350.00 iters/s
step_00400 ✓ [ 100% ] 0000/0080 VUs  30s        400.00 iters/s
step_00450 ✓ [ 100% ] 0000/0090 VUs  30s        450.00 iters/s
step_00500 ✓ [ 100% ] 0000/0100 VUs  30s        500.00 iters/s
step_00550 ✓ [ 100% ] 0000/0110 VUs  30s        550.00 iters/s
step_00600 ✓ [ 100% ] 0000/0120 VUs  30s        600.00 iters/s
step_00650 ✓ [ 100% ] 0000/0143 VUs  30s        650.00 iters/s
step_00700 ✓ [ 100% ] 0000/0145 VUs  30s        700.00 iters/s
step_00750   [  60% ] 0005/0150 VUs  18.0s/30s  750.00 iters/s
step_00800 • [   0% ] waiting        0m12.0s   
step_00850 • [   0% ] waiting        0m42.0s   
step_00900 • [   0% ] waiting        1m12.0s   
step_00950 • [   0% ] waiting        1m42.0s   
step_01000 • [   0% ] waiting        2m12.0s   

running (07m19.0s), 0002/0412 VUs, 171699 complete and 0 interrupted iterations
step_00050 ✓ [ 100% ] 000/020 VUs    30s        50.00 iters/s
step_00100 ✓ [ 100% ] 000/020 VUs    30s        100.00 iters/s
step_00150 ✓ [ 100% ] 000/030 VUs    30s        150.00 iters/s
step_00200 ✓ [ 100% ] 000/040 VUs    30s        200.00 iters/s
step_00250 ✓ [ 100% ] 000/050 VUs    30s        250.00 iters/s
step_00300 ✓ [ 100% ] 000/064 VUs    30s        300.00 iters/s
step_00350 ✓ [ 100% ] 0000/0070 VUs  30s        350.00 iters/s
step_00400 ✓ [ 100% ] 0000/0080 VUs  30s        400.00 iters/s
step_00450 ✓ [ 100% ] 0000/0090 VUs  30s        450.00 iters/s
step_00500 ✓ [ 100% ] 0000/0100 VUs  30s        500.00 iters/s
step_00550 ✓ [ 100% ] 0000/0110 VUs  30s        550.00 iters/s
step_00600 ✓ [ 100% ] 0000/0120 VUs  30s        600.00 iters/s
step_00650 ✓ [ 100% ] 0000/0143 VUs  30s        650.00 iters/s
step_00700 ✓ [ 100% ] 0000/0145 VUs  30s        700.00 iters/s
step_00750   [  63% ] 0002/0150 VUs  19.0s/30s  750.00 iters/s
step_00800 • [   0% ] waiting        0m11.0s   
step_00850 • [   0% ] waiting        0m41.0s   
step_00900 • [   0% ] waiting        1m11.0s   
step_00950 • [   0% ] waiting        1m41.0s   
step_01000 • [   0% ] waiting        2m11.0s   

running (07m20.0s), 0001/0412 VUs, 172450 complete and 0 interrupted iterations
step_00050 ✓ [ 100% ] 000/020 VUs    30s        50.00 iters/s
step_00100 ✓ [ 100% ] 000/020 VUs    30s        100.00 iters/s
step_00150 ✓ [ 100% ] 000/030 VUs    30s        150.00 iters/s
step_00200 ✓ [ 100% ] 000/040 VUs    30s        200.00 iters/s
step_00250 ✓ [ 100% ] 000/050 VUs    30s        250.00 iters/s
step_00300 ✓ [ 100% ] 000/064 VUs    30s        300.00 iters/s
step_00350 ✓ [ 100% ] 0000/0070 VUs  30s        350.00 iters/s
step_00400 ✓ [ 100% ] 0000/0080 VUs  30s        400.00 iters/s
step_00450 ✓ [ 100% ] 0000/0090 VUs  30s        450.00 iters/s
step_00500 ✓ [ 100% ] 0000/0100 VUs  30s        500.00 iters/s
step_00550 ✓ [ 100% ] 0000/0110 VUs  30s        550.00 iters/s
step_00600 ✓ [ 100% ] 0000/0120 VUs  30s        600.00 iters/s
step_00650 ✓ [ 100% ] 0000/0143 VUs  30s        650.00 iters/s
step_00700 ✓ [ 100% ] 0000/0145 VUs  30s        700.00 iters/s
step_00750   [  67% ] 0001/0150 VUs  20.0s/30s  750.00 iters/s
step_00800 • [   0% ] waiting        0m10.0s   
step_00850 • [   0% ] waiting        0m40.0s   
step_00900 • [   0% ] waiting        1m10.0s   
step_00950 • [   0% ] waiting        1m40.0s   
step_01000 • [   0% ] waiting        2m10.0s   

running (07m21.0s), 0002/0412 VUs, 173199 complete and 0 interrupted iterations
step_00050 ✓ [ 100% ] 000/020 VUs    30s        50.00 iters/s
step_00100 ✓ [ 100% ] 000/020 VUs    30s        100.00 iters/s
step_00150 ✓ [ 100% ] 000/030 VUs    30s        150.00 iters/s
step_00200 ✓ [ 100% ] 000/040 VUs    30s        200.00 iters/s
step_00250 ✓ [ 100% ] 000/050 VUs    30s        250.00 iters/s
step_00300 ✓ [ 100% ] 000/064 VUs    30s        300.00 iters/s
step_00350 ✓ [ 100% ] 0000/0070 VUs  30s        350.00 iters/s
step_00400 ✓ [ 100% ] 0000/0080 VUs  30s        400.00 iters/s
step_00450 ✓ [ 100% ] 0000/0090 VUs  30s        450.00 iters/s
step_00500 ✓ [ 100% ] 0000/0100 VUs  30s        500.00 iters/s
step_00550 ✓ [ 100% ] 0000/0110 VUs  30s        550.00 iters/s
step_00600 ✓ [ 100% ] 0000/0120 VUs  30s        600.00 iters/s
step_00650 ✓ [ 100% ] 0000/0143 VUs  30s        650.00 iters/s
step_00700 ✓ [ 100% ] 0000/0145 VUs  30s        700.00 iters/s
step_00750   [  70% ] 0002/0150 VUs  21.0s/30s  750.00 iters/s
step_00800 • [   0% ] waiting        0m09.0s   
step_00850 • [   0% ] waiting        0m39.0s   
step_00900 • [   0% ] waiting        1m09.0s   
step_00950 • [   0% ] waiting        1m39.0s   
step_01000 • [   0% ] waiting        2m09.0s   

running (07m22.0s), 0002/0412 VUs, 173949 complete and 0 interrupted iterations
step_00050 ✓ [ 100% ] 000/020 VUs    30s        50.00 iters/s
step_00100 ✓ [ 100% ] 000/020 VUs    30s        100.00 iters/s
step_00150 ✓ [ 100% ] 000/030 VUs    30s        150.00 iters/s
step_00200 ✓ [ 100% ] 000/040 VUs    30s        200.00 iters/s
step_00250 ✓ [ 100% ] 000/050 VUs    30s        250.00 iters/s
step_00300 ✓ [ 100% ] 000/064 VUs    30s        300.00 iters/s
step_00350 ✓ [ 100% ] 0000/0070 VUs  30s        350.00 iters/s
step_00400 ✓ [ 100% ] 0000/0080 VUs  30s        400.00 iters/s
step_00450 ✓ [ 100% ] 0000/0090 VUs  30s        450.00 iters/s
step_00500 ✓ [ 100% ] 0000/0100 VUs  30s        500.00 iters/s
step_00550 ✓ [ 100% ] 0000/0110 VUs  30s        550.00 iters/s
step_00600 ✓ [ 100% ] 0000/0120 VUs  30s        600.00 iters/s
step_00650 ✓ [ 100% ] 0000/0143 VUs  30s        650.00 iters/s
step_00700 ✓ [ 100% ] 0000/0145 VUs  30s        700.00 iters/s
step_00750   [  73% ] 0002/0150 VUs  22.0s/30s  750.00 iters/s
step_00800 • [   0% ] waiting        0m08.0s   
step_00850 • [   0% ] waiting        0m38.0s   
step_00900 • [   0% ] waiting        1m08.0s   
step_00950 • [   0% ] waiting        1m38.0s   
step_01000 • [   0% ] waiting        2m08.0s   

running (07m23.0s), 0056/0412 VUs, 174645 complete and 0 interrupted iterations
step_00050 ✓ [ 100% ] 000/020 VUs    30s        50.00 iters/s
step_00100 ✓ [ 100% ] 000/020 VUs    30s        100.00 iters/s
step_00150 ✓ [ 100% ] 000/030 VUs    30s        150.00 iters/s
step_00200 ✓ [ 100% ] 000/040 VUs    30s        200.00 iters/s
step_00250 ✓ [ 100% ] 000/050 VUs    30s        250.00 iters/s
step_00300 ✓ [ 100% ] 000/064 VUs    30s        300.00 iters/s
step_00350 ✓ [ 100% ] 0000/0070 VUs  30s        350.00 iters/s
step_00400 ✓ [ 100% ] 0000/0080 VUs  30s        400.00 iters/s
step_00450 ✓ [ 100% ] 0000/0090 VUs  30s        450.00 iters/s
step_00500 ✓ [ 100% ] 0000/0100 VUs  30s        500.00 iters/s
step_00550 ✓ [ 100% ] 0000/0110 VUs  30s        550.00 iters/s
step_00600 ✓ [ 100% ] 0000/0120 VUs  30s        600.00 iters/s
step_00650 ✓ [ 100% ] 0000/0143 VUs  30s        650.00 iters/s
step_00700 ✓ [ 100% ] 0000/0145 VUs  30s        700.00 iters/s
step_00750   [  77% ] 0056/0150 VUs  23.0s/30s  750.00 iters/s
step_00800 • [   0% ] waiting        0m07.0s   
step_00850 • [   0% ] waiting        0m37.0s   
step_00900 • [   0% ] waiting        1m07.0s   
step_00950 • [   0% ] waiting        1m37.0s   
step_01000 • [   0% ] waiting        2m07.0s   

running (07m24.0s), 0013/0412 VUs, 175438 complete and 0 interrupted iterations
step_00050 ✓ [ 100% ] 000/020 VUs    30s        50.00 iters/s
step_00100 ✓ [ 100% ] 000/020 VUs    30s        100.00 iters/s
step_00150 ✓ [ 100% ] 000/030 VUs    30s        150.00 iters/s
step_00200 ✓ [ 100% ] 000/040 VUs    30s        200.00 iters/s
step_00250 ✓ [ 100% ] 000/050 VUs    30s        250.00 iters/s
step_00300 ✓ [ 100% ] 000/064 VUs    30s        300.00 iters/s
step_00350 ✓ [ 100% ] 0000/0070 VUs  30s        350.00 iters/s
step_00400 ✓ [ 100% ] 0000/0080 VUs  30s        400.00 iters/s
step_00450 ✓ [ 100% ] 0000/0090 VUs  30s        450.00 iters/s
step_00500 ✓ [ 100% ] 0000/0100 VUs  30s        500.00 iters/s
step_00550 ✓ [ 100% ] 0000/0110 VUs  30s        550.00 iters/s
step_00600 ✓ [ 100% ] 0000/0120 VUs  30s        600.00 iters/s
step_00650 ✓ [ 100% ] 0000/0143 VUs  30s        650.00 iters/s
step_00700 ✓ [ 100% ] 0000/0145 VUs  30s        700.00 iters/s
step_00750   [  80% ] 0013/0150 VUs  24.0s/30s  750.00 iters/s
step_00800 • [   0% ] waiting        0m06.0s   
step_00850 • [   0% ] waiting        0m36.0s   
step_00900 • [   0% ] waiting        1m06.0s   
step_00950 • [   0% ] waiting        1m36.0s   
step_01000 • [   0% ] waiting        2m06.0s   

running (07m25.0s), 0003/0412 VUs, 176198 complete and 0 interrupted iterations
step_00050 ✓ [ 100% ] 000/020 VUs    30s        50.00 iters/s
step_00100 ✓ [ 100% ] 000/020 VUs    30s        100.00 iters/s
step_00150 ✓ [ 100% ] 000/030 VUs    30s        150.00 iters/s
step_00200 ✓ [ 100% ] 000/040 VUs    30s        200.00 iters/s
step_00250 ✓ [ 100% ] 000/050 VUs    30s        250.00 iters/s
step_00300 ✓ [ 100% ] 000/064 VUs    30s        300.00 iters/s
step_00350 ✓ [ 100% ] 0000/0070 VUs  30s        350.00 iters/s
step_00400 ✓ [ 100% ] 0000/0080 VUs  30s        400.00 iters/s
step_00450 ✓ [ 100% ] 0000/0090 VUs  30s        450.00 iters/s
step_00500 ✓ [ 100% ] 0000/0100 VUs  30s        500.00 iters/s
step_00550 ✓ [ 100% ] 0000/0110 VUs  30s        550.00 iters/s
step_00600 ✓ [ 100% ] 0000/0120 VUs  30s        600.00 iters/s
step_00650 ✓ [ 100% ] 0000/0143 VUs  30s        650.00 iters/s
step_00700 ✓ [ 100% ] 0000/0145 VUs  30s        700.00 iters/s
step_00750   [  83% ] 0003/0150 VUs  25.0s/30s  750.00 iters/s
step_00800 • [   0% ] waiting        0m05.0s   
step_00850 • [   0% ] waiting        0m35.0s   
step_00900 • [   0% ] waiting        1m05.0s   
step_00950 • [   0% ] waiting        1m35.0s   
step_01000 • [   0% ] waiting        2m05.0s   

running (07m26.0s), 0005/0412 VUs, 176946 complete and 0 interrupted iterations
step_00050 ✓ [ 100% ] 000/020 VUs    30s        50.00 iters/s
step_00100 ✓ [ 100% ] 000/020 VUs    30s        100.00 iters/s
step_00150 ✓ [ 100% ] 000/030 VUs    30s        150.00 iters/s
step_00200 ✓ [ 100% ] 000/040 VUs    30s        200.00 iters/s
step_00250 ✓ [ 100% ] 000/050 VUs    30s        250.00 iters/s
step_00300 ✓ [ 100% ] 000/064 VUs    30s        300.00 iters/s
step_00350 ✓ [ 100% ] 0000/0070 VUs  30s        350.00 iters/s
step_00400 ✓ [ 100% ] 0000/0080 VUs  30s        400.00 iters/s
step_00450 ✓ [ 100% ] 0000/0090 VUs  30s        450.00 iters/s
step_00500 ✓ [ 100% ] 0000/0100 VUs  30s        500.00 iters/s
step_00550 ✓ [ 100% ] 0000/0110 VUs  30s        550.00 iters/s
step_00600 ✓ [ 100% ] 0000/0120 VUs  30s        600.00 iters/s
step_00650 ✓ [ 100% ] 0000/0143 VUs  30s        650.00 iters/s
step_00700 ✓ [ 100% ] 0000/0145 VUs  30s        700.00 iters/s
step_00750   [  87% ] 0005/0150 VUs  26.0s/30s  750.00 iters/s
step_00800 • [   0% ] waiting        0m04.0s   
step_00850 • [   0% ] waiting        0m34.0s   
step_00900 • [   0% ] waiting        1m04.0s   
step_00950 • [   0% ] waiting        1m34.0s   
step_01000 • [   0% ] waiting        2m04.0s   

running (07m27.0s), 0006/0412 VUs, 177695 complete and 0 interrupted iterations
step_00050 ✓ [ 100% ] 000/020 VUs    30s        50.00 iters/s
step_00100 ✓ [ 100% ] 000/020 VUs    30s        100.00 iters/s
step_00150 ✓ [ 100% ] 000/030 VUs    30s        150.00 iters/s
step_00200 ✓ [ 100% ] 000/040 VUs    30s        200.00 iters/s
step_00250 ✓ [ 100% ] 000/050 VUs    30s        250.00 iters/s
step_00300 ✓ [ 100% ] 000/064 VUs    30s        300.00 iters/s
step_00350 ✓ [ 100% ] 0000/0070 VUs  30s        350.00 iters/s
step_00400 ✓ [ 100% ] 0000/0080 VUs  30s        400.00 iters/s
step_00450 ✓ [ 100% ] 0000/0090 VUs  30s        450.00 iters/s
step_00500 ✓ [ 100% ] 0000/0100 VUs  30s        500.00 iters/s
step_00550 ✓ [ 100% ] 0000/0110 VUs  30s        550.00 iters/s
step_00600 ✓ [ 100% ] 0000/0120 VUs  30s        600.00 iters/s
step_00650 ✓ [ 100% ] 0000/0143 VUs  30s        650.00 iters/s
step_00700 ✓ [ 100% ] 0000/0145 VUs  30s        700.00 iters/s
step_00750   [  90% ] 0006/0150 VUs  27.0s/30s  750.00 iters/s
step_00800 • [   0% ] waiting        0m03.0s   
step_00850 • [   0% ] waiting        0m33.0s   
step_00900 • [   0% ] waiting        1m03.0s   
step_00950 • [   0% ] waiting        1m33.0s   
step_01000 • [   0% ] waiting        2m03.0s   

running (07m28.0s), 0003/0412 VUs, 178448 complete and 0 interrupted iterations
step_00050 ✓ [ 100% ] 000/020 VUs    30s        50.00 iters/s
step_00100 ✓ [ 100% ] 000/020 VUs    30s        100.00 iters/s
step_00150 ✓ [ 100% ] 000/030 VUs    30s        150.00 iters/s
step_00200 ✓ [ 100% ] 000/040 VUs    30s        200.00 iters/s
step_00250 ✓ [ 100% ] 000/050 VUs    30s        250.00 iters/s
step_00300 ✓ [ 100% ] 000/064 VUs    30s        300.00 iters/s
step_00350 ✓ [ 100% ] 0000/0070 VUs  30s        350.00 iters/s
step_00400 ✓ [ 100% ] 0000/0080 VUs  30s        400.00 iters/s
step_00450 ✓ [ 100% ] 0000/0090 VUs  30s        450.00 iters/s
step_00500 ✓ [ 100% ] 0000/0100 VUs  30s        500.00 iters/s
step_00550 ✓ [ 100% ] 0000/0110 VUs  30s        550.00 iters/s
step_00600 ✓ [ 100% ] 0000/0120 VUs  30s        600.00 iters/s
step_00650 ✓ [ 100% ] 0000/0143 VUs  30s        650.00 iters/s
step_00700 ✓ [ 100% ] 0000/0145 VUs  30s        700.00 iters/s
step_00750   [  93% ] 0003/0150 VUs  28.0s/30s  750.00 iters/s
step_00800 • [   0% ] waiting        0m02.0s   
step_00850 • [   0% ] waiting        0m32.0s   
step_00900 • [   0% ] waiting        1m02.0s   
step_00950 • [   0% ] waiting        1m32.0s   
step_01000 • [   0% ] waiting        2m02.0s   

running (07m29.0s), 0002/0412 VUs, 179199 complete and 0 interrupted iterations
step_00050 ✓ [ 100% ] 000/020 VUs    30s        50.00 iters/s
step_00100 ✓ [ 100% ] 000/020 VUs    30s        100.00 iters/s
step_00150 ✓ [ 100% ] 000/030 VUs    30s        150.00 iters/s
step_00200 ✓ [ 100% ] 000/040 VUs    30s        200.00 iters/s
step_00250 ✓ [ 100% ] 000/050 VUs    30s        250.00 iters/s
step_00300 ✓ [ 100% ] 000/064 VUs    30s        300.00 iters/s
step_00350 ✓ [ 100% ] 0000/0070 VUs  30s        350.00 iters/s
step_00400 ✓ [ 100% ] 0000/0080 VUs  30s        400.00 iters/s
step_00450 ✓ [ 100% ] 0000/0090 VUs  30s        450.00 iters/s
step_00500 ✓ [ 100% ] 0000/0100 VUs  30s        500.00 iters/s
step_00550 ✓ [ 100% ] 0000/0110 VUs  30s        550.00 iters/s
step_00600 ✓ [ 100% ] 0000/0120 VUs  30s        600.00 iters/s
step_00650 ✓ [ 100% ] 0000/0143 VUs  30s        650.00 iters/s
step_00700 ✓ [ 100% ] 0000/0145 VUs  30s        700.00 iters/s
step_00750   [  97% ] 0002/0150 VUs  29.0s/30s  750.00 iters/s
step_00800 • [   0% ] waiting        0m01.0s   
step_00850 • [   0% ] waiting        0m31.0s   
step_00900 • [   0% ] waiting        1m01.0s   
step_00950 • [   0% ] waiting        1m31.0s   
step_01000 • [   0% ] waiting        2m01.0s   

running (07m30.0s), 0002/0412 VUs, 179949 complete and 0 interrupted iterations
step_00050 ✓ [ 100% ] 000/020 VUs    30s        50.00 iters/s
step_00100 ✓ [ 100% ] 000/020 VUs    30s        100.00 iters/s
step_00150 ✓ [ 100% ] 000/030 VUs    30s        150.00 iters/s
step_00200 ✓ [ 100% ] 000/040 VUs    30s        200.00 iters/s
step_00250 ✓ [ 100% ] 000/050 VUs    30s        250.00 iters/s
step_00300 ✓ [ 100% ] 000/064 VUs    30s        300.00 iters/s
step_00350 ✓ [ 100% ] 0000/0070 VUs  30s        350.00 iters/s
step_00400 ✓ [ 100% ] 0000/0080 VUs  30s        400.00 iters/s
step_00450 ✓ [ 100% ] 0000/0090 VUs  30s        450.00 iters/s
step_00500 ✓ [ 100% ] 0000/0100 VUs  30s        500.00 iters/s
step_00550 ✓ [ 100% ] 0000/0110 VUs  30s        550.00 iters/s
step_00600 ✓ [ 100% ] 0000/0120 VUs  30s        600.00 iters/s
step_00650 ✓ [ 100% ] 0000/0143 VUs  30s        650.00 iters/s
step_00700 ✓ [ 100% ] 0000/0145 VUs  30s        700.00 iters/s
step_00750   [ 100% ] 0002/0150 VUs  30.0s/30s  750.00 iters/s
step_00800 • [   0% ] waiting        0m00.0s   
step_00850 • [   0% ] waiting        0m30.0s   
step_00900 • [   0% ] waiting        1m00.0s   
step_00950 • [   0% ] waiting        1m30.0s   
step_01000 • [   0% ] waiting        2m00.0s   

running (07m31.0s), 0006/0412 VUs, 180744 complete and 0 interrupted iterations
step_00050 ✓ [ 100% ] 000/020 VUs    30s        50.00 iters/s
step_00100 ✓ [ 100% ] 000/020 VUs    30s        100.00 iters/s
step_00150 ✓ [ 100% ] 000/030 VUs    30s        150.00 iters/s
step_00200 ✓ [ 100% ] 000/040 VUs    30s        200.00 iters/s
step_00250 ✓ [ 100% ] 000/050 VUs    30s        250.00 iters/s
step_00300 ✓ [ 100% ] 000/064 VUs    30s        300.00 iters/s
step_00350 ✓ [ 100% ] 0000/0070 VUs  30s        350.00 iters/s
step_00400 ✓ [ 100% ] 0000/0080 VUs  30s        400.00 iters/s
step_00450 ✓ [ 100% ] 0000/0090 VUs  30s        450.00 iters/s
step_00500 ✓ [ 100% ] 0000/0100 VUs  30s        500.00 iters/s
step_00550 ✓ [ 100% ] 0000/0110 VUs  30s        550.00 iters/s
step_00600 ✓ [ 100% ] 0000/0120 VUs  30s        600.00 iters/s
step_00650 ✓ [ 100% ] 0000/0143 VUs  30s        650.00 iters/s
step_00700 ✓ [ 100% ] 0000/0145 VUs  30s        700.00 iters/s
step_00750 ✓ [ 100% ] 0000/0150 VUs  30s        750.00 iters/s
step_00800   [   3% ] 0006/0160 VUs  01.0s/30s  800.00 iters/s
step_00850 • [   0% ] waiting        0m29.0s   
step_00900 • [   0% ] waiting        0m59.0s   
step_00950 • [   0% ] waiting        1m29.0s   
step_01000 • [   0% ] waiting        1m59.0s   

running (07m32.0s), 0004/0412 VUs, 181546 complete and 0 interrupted iterations
step_00050 ✓ [ 100% ] 000/020 VUs    30s        50.00 iters/s
step_00100 ✓ [ 100% ] 000/020 VUs    30s        100.00 iters/s
step_00150 ✓ [ 100% ] 000/030 VUs    30s        150.00 iters/s
step_00200 ✓ [ 100% ] 000/040 VUs    30s        200.00 iters/s
step_00250 ✓ [ 100% ] 000/050 VUs    30s        250.00 iters/s
step_00300 ✓ [ 100% ] 000/064 VUs    30s        300.00 iters/s
step_00350 ✓ [ 100% ] 0000/0070 VUs  30s        350.00 iters/s
step_00400 ✓ [ 100% ] 0000/0080 VUs  30s        400.00 iters/s
step_00450 ✓ [ 100% ] 0000/0090 VUs  30s        450.00 iters/s
step_00500 ✓ [ 100% ] 0000/0100 VUs  30s        500.00 iters/s
step_00550 ✓ [ 100% ] 0000/0110 VUs  30s        550.00 iters/s
step_00600 ✓ [ 100% ] 0000/0120 VUs  30s        600.00 iters/s
step_00650 ✓ [ 100% ] 0000/0143 VUs  30s        650.00 iters/s
step_00700 ✓ [ 100% ] 0000/0145 VUs  30s        700.00 iters/s
step_00750 ✓ [ 100% ] 0000/0150 VUs  30s        750.00 iters/s
step_00800   [   7% ] 0004/0160 VUs  02.0s/30s  800.00 iters/s
step_00850 • [   0% ] waiting        0m28.0s   
step_00900 • [   0% ] waiting        0m58.0s   
step_00950 • [   0% ] waiting        1m28.0s   
step_01000 • [   0% ] waiting        1m58.0s   

running (07m33.0s), 0005/0412 VUs, 182345 complete and 0 interrupted iterations
step_00050 ✓ [ 100% ] 000/020 VUs    30s        50.00 iters/s
step_00100 ✓ [ 100% ] 000/020 VUs    30s        100.00 iters/s
step_00150 ✓ [ 100% ] 000/030 VUs    30s        150.00 iters/s
step_00200 ✓ [ 100% ] 000/040 VUs    30s        200.00 iters/s
step_00250 ✓ [ 100% ] 000/050 VUs    30s        250.00 iters/s
step_00300 ✓ [ 100% ] 000/064 VUs    30s        300.00 iters/s
step_00350 ✓ [ 100% ] 0000/0070 VUs  30s        350.00 iters/s
step_00400 ✓ [ 100% ] 0000/0080 VUs  30s        400.00 iters/s
step_00450 ✓ [ 100% ] 0000/0090 VUs  30s        450.00 iters/s
step_00500 ✓ [ 100% ] 0000/0100 VUs  30s        500.00 iters/s
step_00550 ✓ [ 100% ] 0000/0110 VUs  30s        550.00 iters/s
step_00600 ✓ [ 100% ] 0000/0120 VUs  30s        600.00 iters/s
step_00650 ✓ [ 100% ] 0000/0143 VUs  30s        650.00 iters/s
step_00700 ✓ [ 100% ] 0000/0145 VUs  30s        700.00 iters/s
step_00750 ✓ [ 100% ] 0000/0150 VUs  30s        750.00 iters/s
step_00800   [  10% ] 0005/0160 VUs  03.0s/30s  800.00 iters/s
step_00850 • [   0% ] waiting        0m27.0s   
step_00900 • [   0% ] waiting        0m57.0s   
step_00950 • [   0% ] waiting        1m27.0s   
step_01000 • [   0% ] waiting        1m57.0s   

running (07m34.0s), 0018/0412 VUs, 183132 complete and 0 interrupted iterations
step_00050 ✓ [ 100% ] 000/020 VUs    30s        50.00 iters/s
step_00100 ✓ [ 100% ] 000/020 VUs    30s        100.00 iters/s
step_00150 ✓ [ 100% ] 000/030 VUs    30s        150.00 iters/s
step_00200 ✓ [ 100% ] 000/040 VUs    30s        200.00 iters/s
step_00250 ✓ [ 100% ] 000/050 VUs    30s        250.00 iters/s
step_00300 ✓ [ 100% ] 000/064 VUs    30s        300.00 iters/s
step_00350 ✓ [ 100% ] 0000/0070 VUs  30s        350.00 iters/s
step_00400 ✓ [ 100% ] 0000/0080 VUs  30s        400.00 iters/s
step_00450 ✓ [ 100% ] 0000/0090 VUs  30s        450.00 iters/s
step_00500 ✓ [ 100% ] 0000/0100 VUs  30s        500.00 iters/s
step_00550 ✓ [ 100% ] 0000/0110 VUs  30s        550.00 iters/s
step_00600 ✓ [ 100% ] 0000/0120 VUs  30s        600.00 iters/s
step_00650 ✓ [ 100% ] 0000/0143 VUs  30s        650.00 iters/s
step_00700 ✓ [ 100% ] 0000/0145 VUs  30s        700.00 iters/s
step_00750 ✓ [ 100% ] 0000/0150 VUs  30s        750.00 iters/s
step_00800   [  13% ] 0018/0160 VUs  04.0s/30s  800.00 iters/s
step_00850 • [   0% ] waiting        0m26.0s   
step_00900 • [   0% ] waiting        0m56.0s   
step_00950 • [   0% ] waiting        1m26.0s   
step_01000 • [   0% ] waiting        1m56.0s   

running (07m35.0s), 0007/0412 VUs, 183943 complete and 0 interrupted iterations
step_00050 ✓ [ 100% ] 000/020 VUs    30s        50.00 iters/s
step_00100 ✓ [ 100% ] 000/020 VUs    30s        100.00 iters/s
step_00150 ✓ [ 100% ] 000/030 VUs    30s        150.00 iters/s
step_00200 ✓ [ 100% ] 000/040 VUs    30s        200.00 iters/s
step_00250 ✓ [ 100% ] 000/050 VUs    30s        250.00 iters/s
step_00300 ✓ [ 100% ] 000/064 VUs    30s        300.00 iters/s
step_00350 ✓ [ 100% ] 0000/0070 VUs  30s        350.00 iters/s
step_00400 ✓ [ 100% ] 0000/0080 VUs  30s        400.00 iters/s
step_00450 ✓ [ 100% ] 0000/0090 VUs  30s        450.00 iters/s
step_00500 ✓ [ 100% ] 0000/0100 VUs  30s        500.00 iters/s
step_00550 ✓ [ 100% ] 0000/0110 VUs  30s        550.00 iters/s
step_00600 ✓ [ 100% ] 0000/0120 VUs  30s        600.00 iters/s
step_00650 ✓ [ 100% ] 0000/0143 VUs  30s        650.00 iters/s
step_00700 ✓ [ 100% ] 0000/0145 VUs  30s        700.00 iters/s
step_00750 ✓ [ 100% ] 0000/0150 VUs  30s        750.00 iters/s
step_00800   [  17% ] 0007/0160 VUs  05.0s/30s  800.00 iters/s
step_00850 • [   0% ] waiting        0m25.0s   
step_00900 • [   0% ] waiting        0m55.0s   
step_00950 • [   0% ] waiting        1m25.0s   
step_01000 • [   0% ] waiting        1m55.0s   

running (07m36.0s), 0012/0412 VUs, 184738 complete and 0 interrupted iterations
step_00050 ✓ [ 100% ] 000/020 VUs    30s        50.00 iters/s
step_00100 ✓ [ 100% ] 000/020 VUs    30s        100.00 iters/s
step_00150 ✓ [ 100% ] 000/030 VUs    30s        150.00 iters/s
step_00200 ✓ [ 100% ] 000/040 VUs    30s        200.00 iters/s
step_00250 ✓ [ 100% ] 000/050 VUs    30s        250.00 iters/s
step_00300 ✓ [ 100% ] 000/064 VUs    30s        300.00 iters/s
step_00350 ✓ [ 100% ] 0000/0070 VUs  30s        350.00 iters/s
step_00400 ✓ [ 100% ] 0000/0080 VUs  30s        400.00 iters/s
step_00450 ✓ [ 100% ] 0000/0090 VUs  30s        450.00 iters/s
step_00500 ✓ [ 100% ] 0000/0100 VUs  30s        500.00 iters/s
step_00550 ✓ [ 100% ] 0000/0110 VUs  30s        550.00 iters/s
step_00600 ✓ [ 100% ] 0000/0120 VUs  30s        600.00 iters/s
step_00650 ✓ [ 100% ] 0000/0143 VUs  30s        650.00 iters/s
step_00700 ✓ [ 100% ] 0000/0145 VUs  30s        700.00 iters/s
step_00750 ✓ [ 100% ] 0000/0150 VUs  30s        750.00 iters/s
step_00800   [  20% ] 0012/0160 VUs  06.0s/30s  800.00 iters/s
step_00850 • [   0% ] waiting        0m24.0s   
step_00900 • [   0% ] waiting        0m54.0s   
step_00950 • [   0% ] waiting        1m24.0s   
step_01000 • [   0% ] waiting        1m54.0s   

running (07m37.0s), 0005/0412 VUs, 185545 complete and 0 interrupted iterations
step_00050 ✓ [ 100% ] 000/020 VUs    30s        50.00 iters/s
step_00100 ✓ [ 100% ] 000/020 VUs    30s        100.00 iters/s
step_00150 ✓ [ 100% ] 000/030 VUs    30s        150.00 iters/s
step_00200 ✓ [ 100% ] 000/040 VUs    30s        200.00 iters/s
step_00250 ✓ [ 100% ] 000/050 VUs    30s        250.00 iters/s
step_00300 ✓ [ 100% ] 000/064 VUs    30s        300.00 iters/s
step_00350 ✓ [ 100% ] 0000/0070 VUs  30s        350.00 iters/s
step_00400 ✓ [ 100% ] 0000/0080 VUs  30s        400.00 iters/s
step_00450 ✓ [ 100% ] 0000/0090 VUs  30s        450.00 iters/s
step_00500 ✓ [ 100% ] 0000/0100 VUs  30s        500.00 iters/s
step_00550 ✓ [ 100% ] 0000/0110 VUs  30s        550.00 iters/s
step_00600 ✓ [ 100% ] 0000/0120 VUs  30s        600.00 iters/s
step_00650 ✓ [ 100% ] 0000/0143 VUs  30s        650.00 iters/s
step_00700 ✓ [ 100% ] 0000/0145 VUs  30s        700.00 iters/s
step_00750 ✓ [ 100% ] 0000/0150 VUs  30s        750.00 iters/s
step_00800   [  23% ] 0005/0160 VUs  07.0s/30s  800.00 iters/s
step_00850 • [   0% ] waiting        0m23.0s   
step_00900 • [   0% ] waiting        0m53.0s   
step_00950 • [   0% ] waiting        1m23.0s   
step_01000 • [   0% ] waiting        1m53.0s   

running (07m38.0s), 0037/0412 VUs, 186313 complete and 0 interrupted iterations
step_00050 ✓ [ 100% ] 000/020 VUs    30s        50.00 iters/s
step_00100 ✓ [ 100% ] 000/020 VUs    30s        100.00 iters/s
step_00150 ✓ [ 100% ] 000/030 VUs    30s        150.00 iters/s
step_00200 ✓ [ 100% ] 000/040 VUs    30s        200.00 iters/s
step_00250 ✓ [ 100% ] 000/050 VUs    30s        250.00 iters/s
step_00300 ✓ [ 100% ] 000/064 VUs    30s        300.00 iters/s
step_00350 ✓ [ 100% ] 0000/0070 VUs  30s        350.00 iters/s
step_00400 ✓ [ 100% ] 0000/0080 VUs  30s        400.00 iters/s
step_00450 ✓ [ 100% ] 0000/0090 VUs  30s        450.00 iters/s
step_00500 ✓ [ 100% ] 0000/0100 VUs  30s        500.00 iters/s
step_00550 ✓ [ 100% ] 0000/0110 VUs  30s        550.00 iters/s
step_00600 ✓ [ 100% ] 0000/0120 VUs  30s        600.00 iters/s
step_00650 ✓ [ 100% ] 0000/0143 VUs  30s        650.00 iters/s
step_00700 ✓ [ 100% ] 0000/0145 VUs  30s        700.00 iters/s
step_00750 ✓ [ 100% ] 0000/0150 VUs  30s        750.00 iters/s
step_00800   [  27% ] 0037/0160 VUs  08.0s/30s  800.00 iters/s
step_00850 • [   0% ] waiting        0m22.0s   
step_00900 • [   0% ] waiting        0m52.0s   
step_00950 • [   0% ] waiting        1m22.0s   
step_01000 • [   0% ] waiting        1m52.0s   

running (07m39.0s), 0007/0412 VUs, 187143 complete and 0 interrupted iterations
step_00050 ✓ [ 100% ] 000/020 VUs    30s        50.00 iters/s
step_00100 ✓ [ 100% ] 000/020 VUs    30s        100.00 iters/s
step_00150 ✓ [ 100% ] 000/030 VUs    30s        150.00 iters/s
step_00200 ✓ [ 100% ] 000/040 VUs    30s        200.00 iters/s
step_00250 ✓ [ 100% ] 000/050 VUs    30s        250.00 iters/s
step_00300 ✓ [ 100% ] 000/064 VUs    30s        300.00 iters/s
step_00350 ✓ [ 100% ] 0000/0070 VUs  30s        350.00 iters/s
step_00400 ✓ [ 100% ] 0000/0080 VUs  30s        400.00 iters/s
step_00450 ✓ [ 100% ] 0000/0090 VUs  30s        450.00 iters/s
step_00500 ✓ [ 100% ] 0000/0100 VUs  30s        500.00 iters/s
step_00550 ✓ [ 100% ] 0000/0110 VUs  30s        550.00 iters/s
step_00600 ✓ [ 100% ] 0000/0120 VUs  30s        600.00 iters/s
step_00650 ✓ [ 100% ] 0000/0143 VUs  30s        650.00 iters/s
step_00700 ✓ [ 100% ] 0000/0145 VUs  30s        700.00 iters/s
step_00750 ✓ [ 100% ] 0000/0150 VUs  30s        750.00 iters/s
step_00800   [  30% ] 0007/0160 VUs  09.0s/30s  800.00 iters/s
step_00850 • [   0% ] waiting        0m21.0s   
step_00900 • [   0% ] waiting        0m51.0s   
step_00950 • [   0% ] waiting        1m21.0s   
step_01000 • [   0% ] waiting        1m51.0s   

running (07m40.0s), 0002/0412 VUs, 187948 complete and 0 interrupted iterations
step_00050 ✓ [ 100% ] 000/020 VUs    30s        50.00 iters/s
step_00100 ✓ [ 100% ] 000/020 VUs    30s        100.00 iters/s
step_00150 ✓ [ 100% ] 000/030 VUs    30s        150.00 iters/s
step_00200 ✓ [ 100% ] 000/040 VUs    30s        200.00 iters/s
step_00250 ✓ [ 100% ] 000/050 VUs    30s        250.00 iters/s
step_00300 ✓ [ 100% ] 000/064 VUs    30s        300.00 iters/s
step_00350 ✓ [ 100% ] 0000/0070 VUs  30s        350.00 iters/s
step_00400 ✓ [ 100% ] 0000/0080 VUs  30s        400.00 iters/s
step_00450 ✓ [ 100% ] 0000/0090 VUs  30s        450.00 iters/s
step_00500 ✓ [ 100% ] 0000/0100 VUs  30s        500.00 iters/s
step_00550 ✓ [ 100% ] 0000/0110 VUs  30s        550.00 iters/s
step_00600 ✓ [ 100% ] 0000/0120 VUs  30s        600.00 iters/s
step_00650 ✓ [ 100% ] 0000/0143 VUs  30s        650.00 iters/s
step_00700 ✓ [ 100% ] 0000/0145 VUs  30s        700.00 iters/s
step_00750 ✓ [ 100% ] 0000/0150 VUs  30s        750.00 iters/s
step_00800   [  33% ] 0002/0160 VUs  10.0s/30s  800.00 iters/s
step_00850 • [   0% ] waiting        0m20.0s   
step_00900 • [   0% ] waiting        0m50.0s   
step_00950 • [   0% ] waiting        1m20.0s   
step_01000 • [   0% ] waiting        1m50.0s   

running (07m41.0s), 0023/0412 VUs, 188727 complete and 0 interrupted iterations
step_00050 ✓ [ 100% ] 000/020 VUs    30s        50.00 iters/s
step_00100 ✓ [ 100% ] 000/020 VUs    30s        100.00 iters/s
step_00150 ✓ [ 100% ] 000/030 VUs    30s        150.00 iters/s
step_00200 ✓ [ 100% ] 000/040 VUs    30s        200.00 iters/s
step_00250 ✓ [ 100% ] 000/050 VUs    30s        250.00 iters/s
step_00300 ✓ [ 100% ] 000/064 VUs    30s        300.00 iters/s
step_00350 ✓ [ 100% ] 0000/0070 VUs  30s        350.00 iters/s
step_00400 ✓ [ 100% ] 0000/0080 VUs  30s        400.00 iters/s
step_00450 ✓ [ 100% ] 0000/0090 VUs  30s        450.00 iters/s
step_00500 ✓ [ 100% ] 0000/0100 VUs  30s        500.00 iters/s
step_00550 ✓ [ 100% ] 0000/0110 VUs  30s        550.00 iters/s
step_00600 ✓ [ 100% ] 0000/0120 VUs  30s        600.00 iters/s
step_00650 ✓ [ 100% ] 0000/0143 VUs  30s        650.00 iters/s
step_00700 ✓ [ 100% ] 0000/0145 VUs  30s        700.00 iters/s
step_00750 ✓ [ 100% ] 0000/0150 VUs  30s        750.00 iters/s
step_00800   [  37% ] 0023/0160 VUs  11.0s/30s  800.00 iters/s
step_00850 • [   0% ] waiting        0m19.0s   
step_00900 • [   0% ] waiting        0m49.0s   
step_00950 • [   0% ] waiting        1m19.0s   
step_01000 • [   0% ] waiting        1m49.0s   

running (07m42.0s), 0003/0412 VUs, 189547 complete and 0 interrupted iterations
step_00050 ✓ [ 100% ] 000/020 VUs    30s        50.00 iters/s
step_00100 ✓ [ 100% ] 000/020 VUs    30s        100.00 iters/s
step_00150 ✓ [ 100% ] 000/030 VUs    30s        150.00 iters/s
step_00200 ✓ [ 100% ] 000/040 VUs    30s        200.00 iters/s
step_00250 ✓ [ 100% ] 000/050 VUs    30s        250.00 iters/s
step_00300 ✓ [ 100% ] 000/064 VUs    30s        300.00 iters/s
step_00350 ✓ [ 100% ] 0000/0070 VUs  30s        350.00 iters/s
step_00400 ✓ [ 100% ] 0000/0080 VUs  30s        400.00 iters/s
step_00450 ✓ [ 100% ] 0000/0090 VUs  30s        450.00 iters/s
step_00500 ✓ [ 100% ] 0000/0100 VUs  30s        500.00 iters/s
step_00550 ✓ [ 100% ] 0000/0110 VUs  30s        550.00 iters/s
step_00600 ✓ [ 100% ] 0000/0120 VUs  30s        600.00 iters/s
step_00650 ✓ [ 100% ] 0000/0143 VUs  30s        650.00 iters/s
step_00700 ✓ [ 100% ] 0000/0145 VUs  30s        700.00 iters/s
step_00750 ✓ [ 100% ] 0000/0150 VUs  30s        750.00 iters/s
step_00800   [  40% ] 0003/0160 VUs  12.0s/30s  800.00 iters/s
step_00850 • [   0% ] waiting        0m18.0s   
step_00900 • [   0% ] waiting        0m48.0s   
step_00950 • [   0% ] waiting        1m18.0s   
step_01000 • [   0% ] waiting        1m48.0s   

running (07m43.0s), 0032/0412 VUs, 190318 complete and 0 interrupted iterations
step_00050 ✓ [ 100% ] 000/020 VUs    30s        50.00 iters/s
step_00100 ✓ [ 100% ] 000/020 VUs    30s        100.00 iters/s
step_00150 ✓ [ 100% ] 000/030 VUs    30s        150.00 iters/s
step_00200 ✓ [ 100% ] 000/040 VUs    30s        200.00 iters/s
step_00250 ✓ [ 100% ] 000/050 VUs    30s        250.00 iters/s
step_00300 ✓ [ 100% ] 000/064 VUs    30s        300.00 iters/s
step_00350 ✓ [ 100% ] 0000/0070 VUs  30s        350.00 iters/s
step_00400 ✓ [ 100% ] 0000/0080 VUs  30s        400.00 iters/s
step_00450 ✓ [ 100% ] 0000/0090 VUs  30s        450.00 iters/s
step_00500 ✓ [ 100% ] 0000/0100 VUs  30s        500.00 iters/s
step_00550 ✓ [ 100% ] 0000/0110 VUs  30s        550.00 iters/s
step_00600 ✓ [ 100% ] 0000/0120 VUs  30s        600.00 iters/s
step_00650 ✓ [ 100% ] 0000/0143 VUs  30s        650.00 iters/s
step_00700 ✓ [ 100% ] 0000/0145 VUs  30s        700.00 iters/s
step_00750 ✓ [ 100% ] 0000/0150 VUs  30s        750.00 iters/s
step_00800   [  43% ] 0032/0160 VUs  13.0s/30s  800.00 iters/s
step_00850 • [   0% ] waiting        0m17.0s   
step_00900 • [   0% ] waiting        0m47.0s   
step_00950 • [   0% ] waiting        1m17.0s   
step_01000 • [   0% ] waiting        1m47.0s   

running (07m44.0s), 0002/0412 VUs, 191148 complete and 0 interrupted iterations
step_00050 ✓ [ 100% ] 000/020 VUs    30s        50.00 iters/s
step_00100 ✓ [ 100% ] 000/020 VUs    30s        100.00 iters/s
step_00150 ✓ [ 100% ] 000/030 VUs    30s        150.00 iters/s
step_00200 ✓ [ 100% ] 000/040 VUs    30s        200.00 iters/s
step_00250 ✓ [ 100% ] 000/050 VUs    30s        250.00 iters/s
step_00300 ✓ [ 100% ] 000/064 VUs    30s        300.00 iters/s
step_00350 ✓ [ 100% ] 0000/0070 VUs  30s        350.00 iters/s
step_00400 ✓ [ 100% ] 0000/0080 VUs  30s        400.00 iters/s
step_00450 ✓ [ 100% ] 0000/0090 VUs  30s        450.00 iters/s
step_00500 ✓ [ 100% ] 0000/0100 VUs  30s        500.00 iters/s
step_00550 ✓ [ 100% ] 0000/0110 VUs  30s        550.00 iters/s
step_00600 ✓ [ 100% ] 0000/0120 VUs  30s        600.00 iters/s
step_00650 ✓ [ 100% ] 0000/0143 VUs  30s        650.00 iters/s
step_00700 ✓ [ 100% ] 0000/0145 VUs  30s        700.00 iters/s
step_00750 ✓ [ 100% ] 0000/0150 VUs  30s        750.00 iters/s
step_00800   [  47% ] 0002/0160 VUs  14.0s/30s  800.00 iters/s
step_00850 • [   0% ] waiting        0m16.0s   
step_00900 • [   0% ] waiting        0m46.0s   
step_00950 • [   0% ] waiting        1m16.0s   
step_01000 • [   0% ] waiting        1m46.0s   

running (07m45.0s), 0003/0412 VUs, 191947 complete and 0 interrupted iterations
step_00050 ✓ [ 100% ] 000/020 VUs    30s        50.00 iters/s
step_00100 ✓ [ 100% ] 000/020 VUs    30s        100.00 iters/s
step_00150 ✓ [ 100% ] 000/030 VUs    30s        150.00 iters/s
step_00200 ✓ [ 100% ] 000/040 VUs    30s        200.00 iters/s
step_00250 ✓ [ 100% ] 000/050 VUs    30s        250.00 iters/s
step_00300 ✓ [ 100% ] 000/064 VUs    30s        300.00 iters/s
step_00350 ✓ [ 100% ] 0000/0070 VUs  30s        350.00 iters/s
step_00400 ✓ [ 100% ] 0000/0080 VUs  30s        400.00 iters/s
step_00450 ✓ [ 100% ] 0000/0090 VUs  30s        450.00 iters/s
step_00500 ✓ [ 100% ] 0000/0100 VUs  30s        500.00 iters/s
step_00550 ✓ [ 100% ] 0000/0110 VUs  30s        550.00 iters/s
step_00600 ✓ [ 100% ] 0000/0120 VUs  30s        600.00 iters/s
step_00650 ✓ [ 100% ] 0000/0143 VUs  30s        650.00 iters/s
step_00700 ✓ [ 100% ] 0000/0145 VUs  30s        700.00 iters/s
step_00750 ✓ [ 100% ] 0000/0150 VUs  30s        750.00 iters/s
step_00800   [  50% ] 0003/0160 VUs  15.0s/30s  800.00 iters/s
step_00850 • [   0% ] waiting        0m15.0s   
step_00900 • [   0% ] waiting        0m45.0s   
step_00950 • [   0% ] waiting        1m15.0s   
step_01000 • [   0% ] waiting        1m45.0s   

running (07m46.0s), 0004/0412 VUs, 192746 complete and 0 interrupted iterations
step_00050 ✓ [ 100% ] 000/020 VUs    30s        50.00 iters/s
step_00100 ✓ [ 100% ] 000/020 VUs    30s        100.00 iters/s
step_00150 ✓ [ 100% ] 000/030 VUs    30s        150.00 iters/s
step_00200 ✓ [ 100% ] 000/040 VUs    30s        200.00 iters/s
step_00250 ✓ [ 100% ] 000/050 VUs    30s        250.00 iters/s
step_00300 ✓ [ 100% ] 000/064 VUs    30s        300.00 iters/s
step_00350 ✓ [ 100% ] 0000/0070 VUs  30s        350.00 iters/s
step_00400 ✓ [ 100% ] 0000/0080 VUs  30s        400.00 iters/s
step_00450 ✓ [ 100% ] 0000/0090 VUs  30s        450.00 iters/s
step_00500 ✓ [ 100% ] 0000/0100 VUs  30s        500.00 iters/s
step_00550 ✓ [ 100% ] 0000/0110 VUs  30s        550.00 iters/s
step_00600 ✓ [ 100% ] 0000/0120 VUs  30s        600.00 iters/s
step_00650 ✓ [ 100% ] 0000/0143 VUs  30s        650.00 iters/s
step_00700 ✓ [ 100% ] 0000/0145 VUs  30s        700.00 iters/s
step_00750 ✓ [ 100% ] 0000/0150 VUs  30s        750.00 iters/s
step_00800   [  53% ] 0004/0160 VUs  16.0s/30s  800.00 iters/s
step_00850 • [   0% ] waiting        0m14.0s   
step_00900 • [   0% ] waiting        0m44.0s   
step_00950 • [   0% ] waiting        1m14.0s   
step_01000 • [   0% ] waiting        1m44.0s   

running (07m47.0s), 0005/0412 VUs, 193545 complete and 0 interrupted iterations
step_00050 ✓ [ 100% ] 000/020 VUs    30s        50.00 iters/s
step_00100 ✓ [ 100% ] 000/020 VUs    30s        100.00 iters/s
step_00150 ✓ [ 100% ] 000/030 VUs    30s        150.00 iters/s
step_00200 ✓ [ 100% ] 000/040 VUs    30s        200.00 iters/s
step_00250 ✓ [ 100% ] 000/050 VUs    30s        250.00 iters/s
step_00300 ✓ [ 100% ] 000/064 VUs    30s        300.00 iters/s
step_00350 ✓ [ 100% ] 0000/0070 VUs  30s        350.00 iters/s
step_00400 ✓ [ 100% ] 0000/0080 VUs  30s        400.00 iters/s
step_00450 ✓ [ 100% ] 0000/0090 VUs  30s        450.00 iters/s
step_00500 ✓ [ 100% ] 0000/0100 VUs  30s        500.00 iters/s
step_00550 ✓ [ 100% ] 0000/0110 VUs  30s        550.00 iters/s
step_00600 ✓ [ 100% ] 0000/0120 VUs  30s        600.00 iters/s
step_00650 ✓ [ 100% ] 0000/0143 VUs  30s        650.00 iters/s
step_00700 ✓ [ 100% ] 0000/0145 VUs  30s        700.00 iters/s
step_00750 ✓ [ 100% ] 0000/0150 VUs  30s        750.00 iters/s
step_00800   [  57% ] 0005/0160 VUs  17.0s/30s  800.00 iters/s
step_00850 • [   0% ] waiting        0m13.0s   
step_00900 • [   0% ] waiting        0m43.0s   
step_00950 • [   0% ] waiting        1m13.0s   
step_01000 • [   0% ] waiting        1m43.0s   

running (07m48.0s), 0009/0412 VUs, 194341 complete and 0 interrupted iterations
step_00050 ✓ [ 100% ] 000/020 VUs    30s        50.00 iters/s
step_00100 ✓ [ 100% ] 000/020 VUs    30s        100.00 iters/s
step_00150 ✓ [ 100% ] 000/030 VUs    30s        150.00 iters/s
step_00200 ✓ [ 100% ] 000/040 VUs    30s        200.00 iters/s
step_00250 ✓ [ 100% ] 000/050 VUs    30s        250.00 iters/s
step_00300 ✓ [ 100% ] 000/064 VUs    30s        300.00 iters/s
step_00350 ✓ [ 100% ] 0000/0070 VUs  30s        350.00 iters/s
step_00400 ✓ [ 100% ] 0000/0080 VUs  30s        400.00 iters/s
step_00450 ✓ [ 100% ] 0000/0090 VUs  30s        450.00 iters/s
step_00500 ✓ [ 100% ] 0000/0100 VUs  30s        500.00 iters/s
step_00550 ✓ [ 100% ] 0000/0110 VUs  30s        550.00 iters/s
step_00600 ✓ [ 100% ] 0000/0120 VUs  30s        600.00 iters/s
step_00650 ✓ [ 100% ] 0000/0143 VUs  30s        650.00 iters/s
step_00700 ✓ [ 100% ] 0000/0145 VUs  30s        700.00 iters/s
step_00750 ✓ [ 100% ] 0000/0150 VUs  30s        750.00 iters/s
step_00800   [  60% ] 0008/0160 VUs  18.0s/30s  800.00 iters/s
step_00850 • [   0% ] waiting        0m12.0s   
step_00900 • [   0% ] waiting        0m42.0s   
step_00950 • [   0% ] waiting        1m12.0s   
step_01000 • [   0% ] waiting        1m42.0s   

running (07m49.0s), 0003/0412 VUs, 195147 complete and 0 interrupted iterations
step_00050 ✓ [ 100% ] 000/020 VUs    30s        50.00 iters/s
step_00100 ✓ [ 100% ] 000/020 VUs    30s        100.00 iters/s
step_00150 ✓ [ 100% ] 000/030 VUs    30s        150.00 iters/s
step_00200 ✓ [ 100% ] 000/040 VUs    30s        200.00 iters/s
step_00250 ✓ [ 100% ] 000/050 VUs    30s        250.00 iters/s
step_00300 ✓ [ 100% ] 000/064 VUs    30s        300.00 iters/s
step_00350 ✓ [ 100% ] 0000/0070 VUs  30s        350.00 iters/s
step_00400 ✓ [ 100% ] 0000/0080 VUs  30s        400.00 iters/s
step_00450 ✓ [ 100% ] 0000/0090 VUs  30s        450.00 iters/s
step_00500 ✓ [ 100% ] 0000/0100 VUs  30s        500.00 iters/s
step_00550 ✓ [ 100% ] 0000/0110 VUs  30s        550.00 iters/s
step_00600 ✓ [ 100% ] 0000/0120 VUs  30s        600.00 iters/s
step_00650 ✓ [ 100% ] 0000/0143 VUs  30s        650.00 iters/s
step_00700 ✓ [ 100% ] 0000/0145 VUs  30s        700.00 iters/s
step_00750 ✓ [ 100% ] 0000/0150 VUs  30s        750.00 iters/s
step_00800   [  63% ] 0003/0160 VUs  19.0s/30s  800.00 iters/s
step_00850 • [   0% ] waiting        0m11.0s   
step_00900 • [   0% ] waiting        0m41.0s   
step_00950 • [   0% ] waiting        1m11.0s   
step_01000 • [   0% ] waiting        1m41.0s   

running (07m50.0s), 0002/0412 VUs, 195948 complete and 0 interrupted iterations
step_00050 ✓ [ 100% ] 000/020 VUs    30s        50.00 iters/s
step_00100 ✓ [ 100% ] 000/020 VUs    30s        100.00 iters/s
step_00150 ✓ [ 100% ] 000/030 VUs    30s        150.00 iters/s
step_00200 ✓ [ 100% ] 000/040 VUs    30s        200.00 iters/s
step_00250 ✓ [ 100% ] 000/050 VUs    30s        250.00 iters/s
step_00300 ✓ [ 100% ] 000/064 VUs    30s        300.00 iters/s
step_00350 ✓ [ 100% ] 0000/0070 VUs  30s        350.00 iters/s
step_00400 ✓ [ 100% ] 0000/0080 VUs  30s        400.00 iters/s
step_00450 ✓ [ 100% ] 0000/0090 VUs  30s        450.00 iters/s
step_00500 ✓ [ 100% ] 0000/0100 VUs  30s        500.00 iters/s
step_00550 ✓ [ 100% ] 0000/0110 VUs  30s        550.00 iters/s
step_00600 ✓ [ 100% ] 0000/0120 VUs  30s        600.00 iters/s
step_00650 ✓ [ 100% ] 0000/0143 VUs  30s        650.00 iters/s
step_00700 ✓ [ 100% ] 0000/0145 VUs  30s        700.00 iters/s
step_00750 ✓ [ 100% ] 0000/0150 VUs  30s        750.00 iters/s
step_00800   [  67% ] 0002/0160 VUs  20.0s/30s  800.00 iters/s
step_00850 • [   0% ] waiting        0m10.0s   
step_00900 • [   0% ] waiting        0m40.0s   
step_00950 • [   0% ] waiting        1m10.0s   
step_01000 • [   0% ] waiting        1m40.0s   

running (07m51.0s), 0004/0412 VUs, 196746 complete and 0 interrupted iterations
step_00050 ✓ [ 100% ] 000/020 VUs    30s        50.00 iters/s
step_00100 ✓ [ 100% ] 000/020 VUs    30s        100.00 iters/s
step_00150 ✓ [ 100% ] 000/030 VUs    30s        150.00 iters/s
step_00200 ✓ [ 100% ] 000/040 VUs    30s        200.00 iters/s
step_00250 ✓ [ 100% ] 000/050 VUs    30s        250.00 iters/s
step_00300 ✓ [ 100% ] 000/064 VUs    30s        300.00 iters/s
step_00350 ✓ [ 100% ] 0000/0070 VUs  30s        350.00 iters/s
step_00400 ✓ [ 100% ] 0000/0080 VUs  30s        400.00 iters/s
step_00450 ✓ [ 100% ] 0000/0090 VUs  30s        450.00 iters/s
step_00500 ✓ [ 100% ] 0000/0100 VUs  30s        500.00 iters/s
step_00550 ✓ [ 100% ] 0000/0110 VUs  30s        550.00 iters/s
step_00600 ✓ [ 100% ] 0000/0120 VUs  30s        600.00 iters/s
step_00650 ✓ [ 100% ] 0000/0143 VUs  30s        650.00 iters/s
step_00700 ✓ [ 100% ] 0000/0145 VUs  30s        700.00 iters/s
step_00750 ✓ [ 100% ] 0000/0150 VUs  30s        750.00 iters/s
step_00800   [  70% ] 0004/0160 VUs  21.0s/30s  800.00 iters/s
step_00850 • [   0% ] waiting        0m09.0s   
step_00900 • [   0% ] waiting        0m39.0s   
step_00950 • [   0% ] waiting        1m09.0s   
step_01000 • [   0% ] waiting        1m39.0s   

running (07m52.0s), 0003/0412 VUs, 197547 complete and 0 interrupted iterations
step_00050 ✓ [ 100% ] 000/020 VUs    30s        50.00 iters/s
step_00100 ✓ [ 100% ] 000/020 VUs    30s        100.00 iters/s
step_00150 ✓ [ 100% ] 000/030 VUs    30s        150.00 iters/s
step_00200 ✓ [ 100% ] 000/040 VUs    30s        200.00 iters/s
step_00250 ✓ [ 100% ] 000/050 VUs    30s        250.00 iters/s
step_00300 ✓ [ 100% ] 000/064 VUs    30s        300.00 iters/s
step_00350 ✓ [ 100% ] 0000/0070 VUs  30s        350.00 iters/s
step_00400 ✓ [ 100% ] 0000/0080 VUs  30s        400.00 iters/s
step_00450 ✓ [ 100% ] 0000/0090 VUs  30s        450.00 iters/s
step_00500 ✓ [ 100% ] 0000/0100 VUs  30s        500.00 iters/s
step_00550 ✓ [ 100% ] 0000/0110 VUs  30s        550.00 iters/s
step_00600 ✓ [ 100% ] 0000/0120 VUs  30s        600.00 iters/s
step_00650 ✓ [ 100% ] 0000/0143 VUs  30s        650.00 iters/s
step_00700 ✓ [ 100% ] 0000/0145 VUs  30s        700.00 iters/s
step_00750 ✓ [ 100% ] 0000/0150 VUs  30s        750.00 iters/s
step_00800   [  73% ] 0003/0160 VUs  22.0s/30s  800.00 iters/s
step_00850 • [   0% ] waiting        0m08.0s   
step_00900 • [   0% ] waiting        0m38.0s   
step_00950 • [   0% ] waiting        1m08.0s   
step_01000 • [   0% ] waiting        1m38.0s   

running (07m53.0s), 0010/0412 VUs, 198340 complete and 0 interrupted iterations
step_00050 ✓ [ 100% ] 000/020 VUs    30s        50.00 iters/s
step_00100 ✓ [ 100% ] 000/020 VUs    30s        100.00 iters/s
step_00150 ✓ [ 100% ] 000/030 VUs    30s        150.00 iters/s
step_00200 ✓ [ 100% ] 000/040 VUs    30s        200.00 iters/s
step_00250 ✓ [ 100% ] 000/050 VUs    30s        250.00 iters/s
step_00300 ✓ [ 100% ] 000/064 VUs    30s        300.00 iters/s
step_00350 ✓ [ 100% ] 0000/0070 VUs  30s        350.00 iters/s
step_00400 ✓ [ 100% ] 0000/0080 VUs  30s        400.00 iters/s
step_00450 ✓ [ 100% ] 0000/0090 VUs  30s        450.00 iters/s
step_00500 ✓ [ 100% ] 0000/0100 VUs  30s        500.00 iters/s
step_00550 ✓ [ 100% ] 0000/0110 VUs  30s        550.00 iters/s
step_00600 ✓ [ 100% ] 0000/0120 VUs  30s        600.00 iters/s
step_00650 ✓ [ 100% ] 0000/0143 VUs  30s        650.00 iters/s
step_00700 ✓ [ 100% ] 0000/0145 VUs  30s        700.00 iters/s
step_00750 ✓ [ 100% ] 0000/0150 VUs  30s        750.00 iters/s
step_00800   [  77% ] 0010/0160 VUs  23.0s/30s  800.00 iters/s
step_00850 • [   0% ] waiting        0m07.0s   
step_00900 • [   0% ] waiting        0m37.0s   
step_00950 • [   0% ] waiting        1m07.0s   
step_01000 • [   0% ] waiting        1m37.0s   

running (07m54.0s), 0008/0429 VUs, 199124 complete and 0 interrupted iterations
step_00050 ✓ [ 100% ] 000/020 VUs    30s        50.00 iters/s
step_00100 ✓ [ 100% ] 000/020 VUs    30s        100.00 iters/s
step_00150 ✓ [ 100% ] 000/030 VUs    30s        150.00 iters/s
step_00200 ✓ [ 100% ] 000/040 VUs    30s        200.00 iters/s
step_00250 ✓ [ 100% ] 000/050 VUs    30s        250.00 iters/s
step_00300 ✓ [ 100% ] 000/064 VUs    30s        300.00 iters/s
step_00350 ✓ [ 100% ] 0000/0070 VUs  30s        350.00 iters/s
step_00400 ✓ [ 100% ] 0000/0080 VUs  30s        400.00 iters/s
step_00450 ✓ [ 100% ] 0000/0090 VUs  30s        450.00 iters/s
step_00500 ✓ [ 100% ] 0000/0100 VUs  30s        500.00 iters/s
step_00550 ✓ [ 100% ] 0000/0110 VUs  30s        550.00 iters/s
step_00600 ✓ [ 100% ] 0000/0120 VUs  30s        600.00 iters/s
step_00650 ✓ [ 100% ] 0000/0143 VUs  30s        650.00 iters/s
step_00700 ✓ [ 100% ] 0000/0145 VUs  30s        700.00 iters/s
step_00750 ✓ [ 100% ] 0000/0150 VUs  30s        750.00 iters/s
step_00800   [  80% ] 0008/0177 VUs  24.0s/30s  800.00 iters/s
step_00850 • [   0% ] waiting        0m06.0s   
step_00900 • [   0% ] waiting        0m36.0s   
step_00950 • [   0% ] waiting        1m06.0s   
step_01000 • [   0% ] waiting        1m36.0s   

running (07m55.0s), 0039/0429 VUs, 199893 complete and 0 interrupted iterations
step_00050 ✓ [ 100% ] 000/020 VUs    30s        50.00 iters/s
step_00100 ✓ [ 100% ] 000/020 VUs    30s        100.00 iters/s
step_00150 ✓ [ 100% ] 000/030 VUs    30s        150.00 iters/s
step_00200 ✓ [ 100% ] 000/040 VUs    30s        200.00 iters/s
step_00250 ✓ [ 100% ] 000/050 VUs    30s        250.00 iters/s
step_00300 ✓ [ 100% ] 000/064 VUs    30s        300.00 iters/s
step_00350 ✓ [ 100% ] 0000/0070 VUs  30s        350.00 iters/s
step_00400 ✓ [ 100% ] 0000/0080 VUs  30s        400.00 iters/s
step_00450 ✓ [ 100% ] 0000/0090 VUs  30s        450.00 iters/s
step_00500 ✓ [ 100% ] 0000/0100 VUs  30s        500.00 iters/s
step_00550 ✓ [ 100% ] 0000/0110 VUs  30s        550.00 iters/s
step_00600 ✓ [ 100% ] 0000/0120 VUs  30s        600.00 iters/s
step_00650 ✓ [ 100% ] 0000/0143 VUs  30s        650.00 iters/s
step_00700 ✓ [ 100% ] 0000/0145 VUs  30s        700.00 iters/s
step_00750 ✓ [ 100% ] 0000/0150 VUs  30s        750.00 iters/s
step_00800   [  83% ] 0039/0177 VUs  25.0s/30s  800.00 iters/s
step_00850 • [   0% ] waiting        0m05.0s   
step_00900 • [   0% ] waiting        0m35.0s   
step_00950 • [   0% ] waiting        1m05.0s   
step_01000 • [   0% ] waiting        1m35.0s   

running (07m56.0s), 0010/0429 VUs, 200722 complete and 0 interrupted iterations
step_00050 ✓ [ 100% ] 000/020 VUs    30s        50.00 iters/s
step_00100 ✓ [ 100% ] 000/020 VUs    30s        100.00 iters/s
step_00150 ✓ [ 100% ] 000/030 VUs    30s        150.00 iters/s
step_00200 ✓ [ 100% ] 000/040 VUs    30s        200.00 iters/s
step_00250 ✓ [ 100% ] 000/050 VUs    30s        250.00 iters/s
step_00300 ✓ [ 100% ] 000/064 VUs    30s        300.00 iters/s
step_00350 ✓ [ 100% ] 0000/0070 VUs  30s        350.00 iters/s
step_00400 ✓ [ 100% ] 0000/0080 VUs  30s        400.00 iters/s
step_00450 ✓ [ 100% ] 0000/0090 VUs  30s        450.00 iters/s
step_00500 ✓ [ 100% ] 0000/0100 VUs  30s        500.00 iters/s
step_00550 ✓ [ 100% ] 0000/0110 VUs  30s        550.00 iters/s
step_00600 ✓ [ 100% ] 0000/0120 VUs  30s        600.00 iters/s
step_00650 ✓ [ 100% ] 0000/0143 VUs  30s        650.00 iters/s
step_00700 ✓ [ 100% ] 0000/0145 VUs  30s        700.00 iters/s
step_00750 ✓ [ 100% ] 0000/0150 VUs  30s        750.00 iters/s
step_00800   [  87% ] 0010/0177 VUs  26.0s/30s  800.00 iters/s
step_00850 • [   0% ] waiting        0m04.0s   
step_00900 • [   0% ] waiting        0m34.0s   
step_00950 • [   0% ] waiting        1m04.0s   
step_01000 • [   0% ] waiting        1m34.0s   

running (07m57.0s), 0005/0429 VUs, 201527 complete and 0 interrupted iterations
step_00050 ✓ [ 100% ] 000/020 VUs    30s        50.00 iters/s
step_00100 ✓ [ 100% ] 000/020 VUs    30s        100.00 iters/s
step_00150 ✓ [ 100% ] 000/030 VUs    30s        150.00 iters/s
step_00200 ✓ [ 100% ] 000/040 VUs    30s        200.00 iters/s
step_00250 ✓ [ 100% ] 000/050 VUs    30s        250.00 iters/s
step_00300 ✓ [ 100% ] 000/064 VUs    30s        300.00 iters/s
step_00350 ✓ [ 100% ] 0000/0070 VUs  30s        350.00 iters/s
step_00400 ✓ [ 100% ] 0000/0080 VUs  30s        400.00 iters/s
step_00450 ✓ [ 100% ] 0000/0090 VUs  30s        450.00 iters/s
step_00500 ✓ [ 100% ] 0000/0100 VUs  30s        500.00 iters/s
step_00550 ✓ [ 100% ] 0000/0110 VUs  30s        550.00 iters/s
step_00600 ✓ [ 100% ] 0000/0120 VUs  30s        600.00 iters/s
step_00650 ✓ [ 100% ] 0000/0143 VUs  30s        650.00 iters/s
step_00700 ✓ [ 100% ] 0000/0145 VUs  30s        700.00 iters/s
step_00750 ✓ [ 100% ] 0000/0150 VUs  30s        750.00 iters/s
step_00800   [  90% ] 0005/0177 VUs  27.0s/30s  800.00 iters/s
step_00850 • [   0% ] waiting        0m03.0s   
step_00900 • [   0% ] waiting        0m33.0s   
step_00950 • [   0% ] waiting        1m03.0s   
step_01000 • [   0% ] waiting        1m33.0s   

running (07m58.0s), 0002/0429 VUs, 202330 complete and 0 interrupted iterations
step_00050 ✓ [ 100% ] 000/020 VUs    30s        50.00 iters/s
step_00100 ✓ [ 100% ] 000/020 VUs    30s        100.00 iters/s
step_00150 ✓ [ 100% ] 000/030 VUs    30s        150.00 iters/s
step_00200 ✓ [ 100% ] 000/040 VUs    30s        200.00 iters/s
step_00250 ✓ [ 100% ] 000/050 VUs    30s        250.00 iters/s
step_00300 ✓ [ 100% ] 000/064 VUs    30s        300.00 iters/s
step_00350 ✓ [ 100% ] 0000/0070 VUs  30s        350.00 iters/s
step_00400 ✓ [ 100% ] 0000/0080 VUs  30s        400.00 iters/s
step_00450 ✓ [ 100% ] 0000/0090 VUs  30s        450.00 iters/s
step_00500 ✓ [ 100% ] 0000/0100 VUs  30s        500.00 iters/s
step_00550 ✓ [ 100% ] 0000/0110 VUs  30s        550.00 iters/s
step_00600 ✓ [ 100% ] 0000/0120 VUs  30s        600.00 iters/s
step_00650 ✓ [ 100% ] 0000/0143 VUs  30s        650.00 iters/s
step_00700 ✓ [ 100% ] 0000/0145 VUs  30s        700.00 iters/s
step_00750 ✓ [ 100% ] 0000/0150 VUs  30s        750.00 iters/s
step_00800   [  93% ] 0002/0177 VUs  28.0s/30s  800.00 iters/s
step_00850 • [   0% ] waiting        0m02.0s   
step_00900 • [   0% ] waiting        0m32.0s   
step_00950 • [   0% ] waiting        1m02.0s   
step_01000 • [   0% ] waiting        1m32.0s   

running (07m59.0s), 0003/0429 VUs, 203129 complete and 0 interrupted iterations
step_00050 ✓ [ 100% ] 000/020 VUs    30s        50.00 iters/s
step_00100 ✓ [ 100% ] 000/020 VUs    30s        100.00 iters/s
step_00150 ✓ [ 100% ] 000/030 VUs    30s        150.00 iters/s
step_00200 ✓ [ 100% ] 000/040 VUs    30s        200.00 iters/s
step_00250 ✓ [ 100% ] 000/050 VUs    30s        250.00 iters/s
step_00300 ✓ [ 100% ] 000/064 VUs    30s        300.00 iters/s
step_00350 ✓ [ 100% ] 0000/0070 VUs  30s        350.00 iters/s
step_00400 ✓ [ 100% ] 0000/0080 VUs  30s        400.00 iters/s
step_00450 ✓ [ 100% ] 0000/0090 VUs  30s        450.00 iters/s
step_00500 ✓ [ 100% ] 0000/0100 VUs  30s        500.00 iters/s
step_00550 ✓ [ 100% ] 0000/0110 VUs  30s        550.00 iters/s
step_00600 ✓ [ 100% ] 0000/0120 VUs  30s        600.00 iters/s
step_00650 ✓ [ 100% ] 0000/0143 VUs  30s        650.00 iters/s
step_00700 ✓ [ 100% ] 0000/0145 VUs  30s        700.00 iters/s
step_00750 ✓ [ 100% ] 0000/0150 VUs  30s        750.00 iters/s
step_00800   [  97% ] 0003/0177 VUs  29.0s/30s  800.00 iters/s
step_00850 • [   0% ] waiting        0m01.0s   
step_00900 • [   0% ] waiting        0m31.0s   
step_00950 • [   0% ] waiting        1m01.0s   
step_01000 • [   0% ] waiting        1m31.0s   

running (08m00.0s), 0003/0429 VUs, 203929 complete and 0 interrupted iterations
step_00050 ✓ [ 100% ] 000/020 VUs    30s        50.00 iters/s
step_00100 ✓ [ 100% ] 000/020 VUs    30s        100.00 iters/s
step_00150 ✓ [ 100% ] 000/030 VUs    30s        150.00 iters/s
step_00200 ✓ [ 100% ] 000/040 VUs    30s        200.00 iters/s
step_00250 ✓ [ 100% ] 000/050 VUs    30s        250.00 iters/s
step_00300 ✓ [ 100% ] 000/064 VUs    30s        300.00 iters/s
step_00350 ✓ [ 100% ] 0000/0070 VUs  30s        350.00 iters/s
step_00400 ✓ [ 100% ] 0000/0080 VUs  30s        400.00 iters/s
step_00450 ✓ [ 100% ] 0000/0090 VUs  30s        450.00 iters/s
step_00500 ✓ [ 100% ] 0000/0100 VUs  30s        500.00 iters/s
step_00550 ✓ [ 100% ] 0000/0110 VUs  30s        550.00 iters/s
step_00600 ✓ [ 100% ] 0000/0120 VUs  30s        600.00 iters/s
step_00650 ✓ [ 100% ] 0000/0143 VUs  30s        650.00 iters/s
step_00700 ✓ [ 100% ] 0000/0145 VUs  30s        700.00 iters/s
step_00750 ✓ [ 100% ] 0000/0150 VUs  30s        750.00 iters/s
step_00800   [ 100% ] 0003/0177 VUs  30.0s/30s  800.00 iters/s
step_00850 • [   0% ] waiting        0m00.0s   
step_00900 • [   0% ] waiting        0m30.0s   
step_00950 • [   0% ] waiting        1m00.0s   
step_01000 • [   0% ] waiting        1m30.0s   

running (08m01.0s), 0005/0429 VUs, 204776 complete and 0 interrupted iterations
step_00050 ✓ [ 100% ] 000/020 VUs    30s        50.00 iters/s
step_00100 ✓ [ 100% ] 000/020 VUs    30s        100.00 iters/s
step_00150 ✓ [ 100% ] 000/030 VUs    30s        150.00 iters/s
step_00200 ✓ [ 100% ] 000/040 VUs    30s        200.00 iters/s
step_00250 ✓ [ 100% ] 000/050 VUs    30s        250.00 iters/s
step_00300 ✓ [ 100% ] 000/064 VUs    30s        300.00 iters/s
step_00350 ✓ [ 100% ] 0000/0070 VUs  30s        350.00 iters/s
step_00400 ✓ [ 100% ] 0000/0080 VUs  30s        400.00 iters/s
step_00450 ✓ [ 100% ] 0000/0090 VUs  30s        450.00 iters/s
step_00500 ✓ [ 100% ] 0000/0100 VUs  30s        500.00 iters/s
step_00550 ✓ [ 100% ] 0000/0110 VUs  30s        550.00 iters/s
step_00600 ✓ [ 100% ] 0000/0120 VUs  30s        600.00 iters/s
step_00650 ✓ [ 100% ] 0000/0143 VUs  30s        650.00 iters/s
step_00700 ✓ [ 100% ] 0000/0145 VUs  30s        700.00 iters/s
step_00750 ✓ [ 100% ] 0000/0150 VUs  30s        750.00 iters/s
step_00800 ✓ [ 100% ] 0000/0177 VUs  30s        800.00 iters/s
step_00850   [   3% ] 0005/0170 VUs  01.0s/30s  850.00 iters/s
step_00900 • [   0% ] waiting        0m29.0s   
step_00950 • [   0% ] waiting        0m59.0s   
step_01000 • [   0% ] waiting        1m29.0s   

running (08m02.0s), 0006/0429 VUs, 205625 complete and 0 interrupted iterations
step_00050 ✓ [ 100% ] 000/020 VUs    30s        50.00 iters/s
step_00100 ✓ [ 100% ] 000/020 VUs    30s        100.00 iters/s
step_00150 ✓ [ 100% ] 000/030 VUs    30s        150.00 iters/s
step_00200 ✓ [ 100% ] 000/040 VUs    30s        200.00 iters/s
step_00250 ✓ [ 100% ] 000/050 VUs    30s        250.00 iters/s
step_00300 ✓ [ 100% ] 000/064 VUs    30s        300.00 iters/s
step_00350 ✓ [ 100% ] 0000/0070 VUs  30s        350.00 iters/s
step_00400 ✓ [ 100% ] 0000/0080 VUs  30s        400.00 iters/s
step_00450 ✓ [ 100% ] 0000/0090 VUs  30s        450.00 iters/s
step_00500 ✓ [ 100% ] 0000/0100 VUs  30s        500.00 iters/s
step_00550 ✓ [ 100% ] 0000/0110 VUs  30s        550.00 iters/s
step_00600 ✓ [ 100% ] 0000/0120 VUs  30s        600.00 iters/s
step_00650 ✓ [ 100% ] 0000/0143 VUs  30s        650.00 iters/s
step_00700 ✓ [ 100% ] 0000/0145 VUs  30s        700.00 iters/s
step_00750 ✓ [ 100% ] 0000/0150 VUs  30s        750.00 iters/s
step_00800 ✓ [ 100% ] 0000/0177 VUs  30s        800.00 iters/s
step_00850   [   7% ] 0006/0170 VUs  02.0s/30s  850.00 iters/s
step_00900 • [   0% ] waiting        0m28.0s   
step_00950 • [   0% ] waiting        0m58.0s   
step_01000 • [   0% ] waiting        1m28.0s   

running (08m03.0s), 0027/0429 VUs, 206454 complete and 0 interrupted iterations
step_00050 ✓ [ 100% ] 000/020 VUs    30s        50.00 iters/s
step_00100 ✓ [ 100% ] 000/020 VUs    30s        100.00 iters/s
step_00150 ✓ [ 100% ] 000/030 VUs    30s        150.00 iters/s
step_00200 ✓ [ 100% ] 000/040 VUs    30s        200.00 iters/s
step_00250 ✓ [ 100% ] 000/050 VUs    30s        250.00 iters/s
step_00300 ✓ [ 100% ] 000/064 VUs    30s        300.00 iters/s
step_00350 ✓ [ 100% ] 0000/0070 VUs  30s        350.00 iters/s
step_00400 ✓ [ 100% ] 0000/0080 VUs  30s        400.00 iters/s
step_00450 ✓ [ 100% ] 0000/0090 VUs  30s        450.00 iters/s
step_00500 ✓ [ 100% ] 0000/0100 VUs  30s        500.00 iters/s
step_00550 ✓ [ 100% ] 0000/0110 VUs  30s        550.00 iters/s
step_00600 ✓ [ 100% ] 0000/0120 VUs  30s        600.00 iters/s
step_00650 ✓ [ 100% ] 0000/0143 VUs  30s        650.00 iters/s
step_00700 ✓ [ 100% ] 0000/0145 VUs  30s        700.00 iters/s
step_00750 ✓ [ 100% ] 0000/0150 VUs  30s        750.00 iters/s
step_00800 ✓ [ 100% ] 0000/0177 VUs  30s        800.00 iters/s
step_00850   [  10% ] 0027/0170 VUs  03.0s/30s  850.00 iters/s
step_00900 • [   0% ] waiting        0m27.0s   
step_00950 • [   0% ] waiting        0m57.0s   
step_01000 • [   0% ] waiting        1m27.0s   

running (08m04.0s), 0003/0429 VUs, 207327 complete and 0 interrupted iterations
step_00050 ✓ [ 100% ] 000/020 VUs    30s        50.00 iters/s
step_00100 ✓ [ 100% ] 000/020 VUs    30s        100.00 iters/s
step_00150 ✓ [ 100% ] 000/030 VUs    30s        150.00 iters/s
step_00200 ✓ [ 100% ] 000/040 VUs    30s        200.00 iters/s
step_00250 ✓ [ 100% ] 000/050 VUs    30s        250.00 iters/s
step_00300 ✓ [ 100% ] 000/064 VUs    30s        300.00 iters/s
step_00350 ✓ [ 100% ] 0000/0070 VUs  30s        350.00 iters/s
step_00400 ✓ [ 100% ] 0000/0080 VUs  30s        400.00 iters/s
step_00450 ✓ [ 100% ] 0000/0090 VUs  30s        450.00 iters/s
step_00500 ✓ [ 100% ] 0000/0100 VUs  30s        500.00 iters/s
step_00550 ✓ [ 100% ] 0000/0110 VUs  30s        550.00 iters/s
step_00600 ✓ [ 100% ] 0000/0120 VUs  30s        600.00 iters/s
step_00650 ✓ [ 100% ] 0000/0143 VUs  30s        650.00 iters/s
step_00700 ✓ [ 100% ] 0000/0145 VUs  30s        700.00 iters/s
step_00750 ✓ [ 100% ] 0000/0150 VUs  30s        750.00 iters/s
step_00800 ✓ [ 100% ] 0000/0177 VUs  30s        800.00 iters/s
step_00850   [  13% ] 0003/0170 VUs  04.0s/30s  850.00 iters/s
step_00900 • [   0% ] waiting        0m26.0s   
step_00950 • [   0% ] waiting        0m56.0s   
step_01000 • [   0% ] waiting        1m26.0s   

running (08m05.0s), 0004/0429 VUs, 208177 complete and 0 interrupted iterations
step_00050 ✓ [ 100% ] 000/020 VUs    30s        50.00 iters/s
step_00100 ✓ [ 100% ] 000/020 VUs    30s        100.00 iters/s
step_00150 ✓ [ 100% ] 000/030 VUs    30s        150.00 iters/s
step_00200 ✓ [ 100% ] 000/040 VUs    30s        200.00 iters/s
step_00250 ✓ [ 100% ] 000/050 VUs    30s        250.00 iters/s
step_00300 ✓ [ 100% ] 000/064 VUs    30s        300.00 iters/s
step_00350 ✓ [ 100% ] 0000/0070 VUs  30s        350.00 iters/s
step_00400 ✓ [ 100% ] 0000/0080 VUs  30s        400.00 iters/s
step_00450 ✓ [ 100% ] 0000/0090 VUs  30s        450.00 iters/s
step_00500 ✓ [ 100% ] 0000/0100 VUs  30s        500.00 iters/s
step_00550 ✓ [ 100% ] 0000/0110 VUs  30s        550.00 iters/s
step_00600 ✓ [ 100% ] 0000/0120 VUs  30s        600.00 iters/s
step_00650 ✓ [ 100% ] 0000/0143 VUs  30s        650.00 iters/s
step_00700 ✓ [ 100% ] 0000/0145 VUs  30s        700.00 iters/s
step_00750 ✓ [ 100% ] 0000/0150 VUs  30s        750.00 iters/s
step_00800 ✓ [ 100% ] 0000/0177 VUs  30s        800.00 iters/s
step_00850   [  17% ] 0004/0170 VUs  05.0s/30s  850.00 iters/s
step_00900 • [   0% ] waiting        0m25.0s   
step_00950 • [   0% ] waiting        0m55.0s   
step_01000 • [   0% ] waiting        1m25.0s   

running (08m06.0s), 0004/0429 VUs, 209027 complete and 0 interrupted iterations
step_00050 ✓ [ 100% ] 000/020 VUs    30s        50.00 iters/s
step_00100 ✓ [ 100% ] 000/020 VUs    30s        100.00 iters/s
step_00150 ✓ [ 100% ] 000/030 VUs    30s        150.00 iters/s
step_00200 ✓ [ 100% ] 000/040 VUs    30s        200.00 iters/s
step_00250 ✓ [ 100% ] 000/050 VUs    30s        250.00 iters/s
step_00300 ✓ [ 100% ] 000/064 VUs    30s        300.00 iters/s
step_00350 ✓ [ 100% ] 0000/0070 VUs  30s        350.00 iters/s
step_00400 ✓ [ 100% ] 0000/0080 VUs  30s        400.00 iters/s
step_00450 ✓ [ 100% ] 0000/0090 VUs  30s        450.00 iters/s
step_00500 ✓ [ 100% ] 0000/0100 VUs  30s        500.00 iters/s
step_00550 ✓ [ 100% ] 0000/0110 VUs  30s        550.00 iters/s
step_00600 ✓ [ 100% ] 0000/0120 VUs  30s        600.00 iters/s
step_00650 ✓ [ 100% ] 0000/0143 VUs  30s        650.00 iters/s
step_00700 ✓ [ 100% ] 0000/0145 VUs  30s        700.00 iters/s
step_00750 ✓ [ 100% ] 0000/0150 VUs  30s        750.00 iters/s
step_00800 ✓ [ 100% ] 0000/0177 VUs  30s        800.00 iters/s
step_00850   [  20% ] 0004/0170 VUs  06.0s/30s  850.00 iters/s
step_00900 • [   0% ] waiting        0m24.0s   
step_00950 • [   0% ] waiting        0m54.0s   
step_01000 • [   0% ] waiting        1m24.0s   

running (08m07.0s), 0031/0429 VUs, 209850 complete and 0 interrupted iterations
step_00050 ✓ [ 100% ] 000/020 VUs    30s        50.00 iters/s
step_00100 ✓ [ 100% ] 000/020 VUs    30s        100.00 iters/s
step_00150 ✓ [ 100% ] 000/030 VUs    30s        150.00 iters/s
step_00200 ✓ [ 100% ] 000/040 VUs    30s        200.00 iters/s
step_00250 ✓ [ 100% ] 000/050 VUs    30s        250.00 iters/s
step_00300 ✓ [ 100% ] 000/064 VUs    30s        300.00 iters/s
step_00350 ✓ [ 100% ] 0000/0070 VUs  30s        350.00 iters/s
step_00400 ✓ [ 100% ] 0000/0080 VUs  30s        400.00 iters/s
step_00450 ✓ [ 100% ] 0000/0090 VUs  30s        450.00 iters/s
step_00500 ✓ [ 100% ] 0000/0100 VUs  30s        500.00 iters/s
step_00550 ✓ [ 100% ] 0000/0110 VUs  30s        550.00 iters/s
step_00600 ✓ [ 100% ] 0000/0120 VUs  30s        600.00 iters/s
step_00650 ✓ [ 100% ] 0000/0143 VUs  30s        650.00 iters/s
step_00700 ✓ [ 100% ] 0000/0145 VUs  30s        700.00 iters/s
step_00750 ✓ [ 100% ] 0000/0150 VUs  30s        750.00 iters/s
step_00800 ✓ [ 100% ] 0000/0177 VUs  30s        800.00 iters/s
step_00850   [  23% ] 0031/0170 VUs  07.0s/30s  850.00 iters/s
step_00900 • [   0% ] waiting        0m23.0s   
step_00950 • [   0% ] waiting        0m53.0s   
step_01000 • [   0% ] waiting        1m23.0s   

running (08m08.0s), 0018/0429 VUs, 210713 complete and 0 interrupted iterations
step_00050 ✓ [ 100% ] 000/020 VUs    30s        50.00 iters/s
step_00100 ✓ [ 100% ] 000/020 VUs    30s        100.00 iters/s
step_00150 ✓ [ 100% ] 000/030 VUs    30s        150.00 iters/s
step_00200 ✓ [ 100% ] 000/040 VUs    30s        200.00 iters/s
step_00250 ✓ [ 100% ] 000/050 VUs    30s        250.00 iters/s
step_00300 ✓ [ 100% ] 000/064 VUs    30s        300.00 iters/s
step_00350 ✓ [ 100% ] 0000/0070 VUs  30s        350.00 iters/s
step_00400 ✓ [ 100% ] 0000/0080 VUs  30s        400.00 iters/s
step_00450 ✓ [ 100% ] 0000/0090 VUs  30s        450.00 iters/s
step_00500 ✓ [ 100% ] 0000/0100 VUs  30s        500.00 iters/s
step_00550 ✓ [ 100% ] 0000/0110 VUs  30s        550.00 iters/s
step_00600 ✓ [ 100% ] 0000/0120 VUs  30s        600.00 iters/s
step_00650 ✓ [ 100% ] 0000/0143 VUs  30s        650.00 iters/s
step_00700 ✓ [ 100% ] 0000/0145 VUs  30s        700.00 iters/s
step_00750 ✓ [ 100% ] 0000/0150 VUs  30s        750.00 iters/s
step_00800 ✓ [ 100% ] 0000/0177 VUs  30s        800.00 iters/s
step_00850   [  27% ] 0018/0170 VUs  08.0s/30s  850.00 iters/s
step_00900 • [   0% ] waiting        0m22.0s   
step_00950 • [   0% ] waiting        0m52.0s   
step_01000 • [   0% ] waiting        1m22.0s   

running (08m09.0s), 0003/0429 VUs, 211578 complete and 0 interrupted iterations
step_00050 ✓ [ 100% ] 000/020 VUs    30s        50.00 iters/s
step_00100 ✓ [ 100% ] 000/020 VUs    30s        100.00 iters/s
step_00150 ✓ [ 100% ] 000/030 VUs    30s        150.00 iters/s
step_00200 ✓ [ 100% ] 000/040 VUs    30s        200.00 iters/s
step_00250 ✓ [ 100% ] 000/050 VUs    30s        250.00 iters/s
step_00300 ✓ [ 100% ] 000/064 VUs    30s        300.00 iters/s
step_00350 ✓ [ 100% ] 0000/0070 VUs  30s        350.00 iters/s
step_00400 ✓ [ 100% ] 0000/0080 VUs  30s        400.00 iters/s
step_00450 ✓ [ 100% ] 0000/0090 VUs  30s        450.00 iters/s
step_00500 ✓ [ 100% ] 0000/0100 VUs  30s        500.00 iters/s
step_00550 ✓ [ 100% ] 0000/0110 VUs  30s        550.00 iters/s
step_00600 ✓ [ 100% ] 0000/0120 VUs  30s        600.00 iters/s
step_00650 ✓ [ 100% ] 0000/0143 VUs  30s        650.00 iters/s
step_00700 ✓ [ 100% ] 0000/0145 VUs  30s        700.00 iters/s
step_00750 ✓ [ 100% ] 0000/0150 VUs  30s        750.00 iters/s
step_00800 ✓ [ 100% ] 0000/0177 VUs  30s        800.00 iters/s
step_00850   [  30% ] 0003/0170 VUs  09.0s/30s  850.00 iters/s
step_00900 • [   0% ] waiting        0m21.0s   
step_00950 • [   0% ] waiting        0m51.0s   
step_01000 • [   0% ] waiting        1m21.0s   

running (08m10.0s), 0002/0429 VUs, 212429 complete and 0 interrupted iterations
step_00050 ✓ [ 100% ] 000/020 VUs    30s        50.00 iters/s
step_00100 ✓ [ 100% ] 000/020 VUs    30s        100.00 iters/s
step_00150 ✓ [ 100% ] 000/030 VUs    30s        150.00 iters/s
step_00200 ✓ [ 100% ] 000/040 VUs    30s        200.00 iters/s
step_00250 ✓ [ 100% ] 000/050 VUs    30s        250.00 iters/s
step_00300 ✓ [ 100% ] 000/064 VUs    30s        300.00 iters/s
step_00350 ✓ [ 100% ] 0000/0070 VUs  30s        350.00 iters/s
step_00400 ✓ [ 100% ] 0000/0080 VUs  30s        400.00 iters/s
step_00450 ✓ [ 100% ] 0000/0090 VUs  30s        450.00 iters/s
step_00500 ✓ [ 100% ] 0000/0100 VUs  30s        500.00 iters/s
step_00550 ✓ [ 100% ] 0000/0110 VUs  30s        550.00 iters/s
step_00600 ✓ [ 100% ] 0000/0120 VUs  30s        600.00 iters/s
step_00650 ✓ [ 100% ] 0000/0143 VUs  30s        650.00 iters/s
step_00700 ✓ [ 100% ] 0000/0145 VUs  30s        700.00 iters/s
step_00750 ✓ [ 100% ] 0000/0150 VUs  30s        750.00 iters/s
step_00800 ✓ [ 100% ] 0000/0177 VUs  30s        800.00 iters/s
step_00850   [  33% ] 0002/0170 VUs  10.0s/30s  850.00 iters/s
step_00900 • [   0% ] waiting        0m20.0s   
step_00950 • [   0% ] waiting        0m50.0s   
step_01000 • [   0% ] waiting        1m20.0s   

running (08m11.0s), 0010/0429 VUs, 213271 complete and 0 interrupted iterations
step_00050 ✓ [ 100% ] 000/020 VUs    30s        50.00 iters/s
step_00100 ✓ [ 100% ] 000/020 VUs    30s        100.00 iters/s
step_00150 ✓ [ 100% ] 000/030 VUs    30s        150.00 iters/s
step_00200 ✓ [ 100% ] 000/040 VUs    30s        200.00 iters/s
step_00250 ✓ [ 100% ] 000/050 VUs    30s        250.00 iters/s
step_00300 ✓ [ 100% ] 000/064 VUs    30s        300.00 iters/s
step_00350 ✓ [ 100% ] 0000/0070 VUs  30s        350.00 iters/s
step_00400 ✓ [ 100% ] 0000/0080 VUs  30s        400.00 iters/s
step_00450 ✓ [ 100% ] 0000/0090 VUs  30s        450.00 iters/s
step_00500 ✓ [ 100% ] 0000/0100 VUs  30s        500.00 iters/s
step_00550 ✓ [ 100% ] 0000/0110 VUs  30s        550.00 iters/s
step_00600 ✓ [ 100% ] 0000/0120 VUs  30s        600.00 iters/s
step_00650 ✓ [ 100% ] 0000/0143 VUs  30s        650.00 iters/s
step_00700 ✓ [ 100% ] 0000/0145 VUs  30s        700.00 iters/s
step_00750 ✓ [ 100% ] 0000/0150 VUs  30s        750.00 iters/s
step_00800 ✓ [ 100% ] 0000/0177 VUs  30s        800.00 iters/s
step_00850   [  37% ] 0010/0170 VUs  11.0s/30s  850.00 iters/s
step_00900 • [   0% ] waiting        0m19.0s   
step_00950 • [   0% ] waiting        0m49.0s   
step_01000 • [   0% ] waiting        1m19.0s   

running (08m12.0s), 0063/0429 VUs, 214068 complete and 0 interrupted iterations
step_00050 ✓ [ 100% ] 000/020 VUs    30s        50.00 iters/s
step_00100 ✓ [ 100% ] 000/020 VUs    30s        100.00 iters/s
step_00150 ✓ [ 100% ] 000/030 VUs    30s        150.00 iters/s
step_00200 ✓ [ 100% ] 000/040 VUs    30s        200.00 iters/s
step_00250 ✓ [ 100% ] 000/050 VUs    30s        250.00 iters/s
step_00300 ✓ [ 100% ] 000/064 VUs    30s        300.00 iters/s
step_00350 ✓ [ 100% ] 0000/0070 VUs  30s        350.00 iters/s
step_00400 ✓ [ 100% ] 0000/0080 VUs  30s        400.00 iters/s
step_00450 ✓ [ 100% ] 0000/0090 VUs  30s        450.00 iters/s
step_00500 ✓ [ 100% ] 0000/0100 VUs  30s        500.00 iters/s
step_00550 ✓ [ 100% ] 0000/0110 VUs  30s        550.00 iters/s
step_00600 ✓ [ 100% ] 0000/0120 VUs  30s        600.00 iters/s
step_00650 ✓ [ 100% ] 0000/0143 VUs  30s        650.00 iters/s
step_00700 ✓ [ 100% ] 0000/0145 VUs  30s        700.00 iters/s
step_00750 ✓ [ 100% ] 0000/0150 VUs  30s        750.00 iters/s
step_00800 ✓ [ 100% ] 0000/0177 VUs  30s        800.00 iters/s
step_00850   [  40% ] 0063/0170 VUs  12.0s/30s  850.00 iters/s
step_00900 • [   0% ] waiting        0m18.0s   
step_00950 • [   0% ] waiting        0m48.0s   
step_01000 • [   0% ] waiting        1m18.0s   

running (08m13.0s), 0003/0429 VUs, 214978 complete and 0 interrupted iterations
step_00050 ✓ [ 100% ] 000/020 VUs    30s        50.00 iters/s
step_00100 ✓ [ 100% ] 000/020 VUs    30s        100.00 iters/s
step_00150 ✓ [ 100% ] 000/030 VUs    30s        150.00 iters/s
step_00200 ✓ [ 100% ] 000/040 VUs    30s        200.00 iters/s
step_00250 ✓ [ 100% ] 000/050 VUs    30s        250.00 iters/s
step_00300 ✓ [ 100% ] 000/064 VUs    30s        300.00 iters/s
step_00350 ✓ [ 100% ] 0000/0070 VUs  30s        350.00 iters/s
step_00400 ✓ [ 100% ] 0000/0080 VUs  30s        400.00 iters/s
step_00450 ✓ [ 100% ] 0000/0090 VUs  30s        450.00 iters/s
step_00500 ✓ [ 100% ] 0000/0100 VUs  30s        500.00 iters/s
step_00550 ✓ [ 100% ] 0000/0110 VUs  30s        550.00 iters/s
step_00600 ✓ [ 100% ] 0000/0120 VUs  30s        600.00 iters/s
step_00650 ✓ [ 100% ] 0000/0143 VUs  30s        650.00 iters/s
step_00700 ✓ [ 100% ] 0000/0145 VUs  30s        700.00 iters/s
step_00750 ✓ [ 100% ] 0000/0150 VUs  30s        750.00 iters/s
step_00800 ✓ [ 100% ] 0000/0177 VUs  30s        800.00 iters/s
step_00850   [  43% ] 0003/0170 VUs  13.0s/30s  850.00 iters/s
step_00900 • [   0% ] waiting        0m17.0s   
step_00950 • [   0% ] waiting        0m47.0s   
step_01000 • [   0% ] waiting        1m17.0s   

running (08m14.0s), 0002/0429 VUs, 215829 complete and 0 interrupted iterations
step_00050 ✓ [ 100% ] 000/020 VUs    30s        50.00 iters/s
step_00100 ✓ [ 100% ] 000/020 VUs    30s        100.00 iters/s
step_00150 ✓ [ 100% ] 000/030 VUs    30s        150.00 iters/s
step_00200 ✓ [ 100% ] 000/040 VUs    30s        200.00 iters/s
step_00250 ✓ [ 100% ] 000/050 VUs    30s        250.00 iters/s
step_00300 ✓ [ 100% ] 000/064 VUs    30s        300.00 iters/s
step_00350 ✓ [ 100% ] 0000/0070 VUs  30s        350.00 iters/s
step_00400 ✓ [ 100% ] 0000/0080 VUs  30s        400.00 iters/s
step_00450 ✓ [ 100% ] 0000/0090 VUs  30s        450.00 iters/s
step_00500 ✓ [ 100% ] 0000/0100 VUs  30s        500.00 iters/s
step_00550 ✓ [ 100% ] 0000/0110 VUs  30s        550.00 iters/s
step_00600 ✓ [ 100% ] 0000/0120 VUs  30s        600.00 iters/s
step_00650 ✓ [ 100% ] 0000/0143 VUs  30s        650.00 iters/s
step_00700 ✓ [ 100% ] 0000/0145 VUs  30s        700.00 iters/s
step_00750 ✓ [ 100% ] 0000/0150 VUs  30s        750.00 iters/s
step_00800 ✓ [ 100% ] 0000/0177 VUs  30s        800.00 iters/s
step_00850   [  47% ] 0002/0170 VUs  14.0s/30s  850.00 iters/s
step_00900 • [   0% ] waiting        0m16.0s   
step_00950 • [   0% ] waiting        0m46.0s   
step_01000 • [   0% ] waiting        1m16.0s   

running (08m15.0s), 0002/0429 VUs, 216679 complete and 0 interrupted iterations
step_00050 ✓ [ 100% ] 000/020 VUs    30s        50.00 iters/s
step_00100 ✓ [ 100% ] 000/020 VUs    30s        100.00 iters/s
step_00150 ✓ [ 100% ] 000/030 VUs    30s        150.00 iters/s
step_00200 ✓ [ 100% ] 000/040 VUs    30s        200.00 iters/s
step_00250 ✓ [ 100% ] 000/050 VUs    30s        250.00 iters/s
step_00300 ✓ [ 100% ] 000/064 VUs    30s        300.00 iters/s
step_00350 ✓ [ 100% ] 0000/0070 VUs  30s        350.00 iters/s
step_00400 ✓ [ 100% ] 0000/0080 VUs  30s        400.00 iters/s
step_00450 ✓ [ 100% ] 0000/0090 VUs  30s        450.00 iters/s
step_00500 ✓ [ 100% ] 0000/0100 VUs  30s        500.00 iters/s
step_00550 ✓ [ 100% ] 0000/0110 VUs  30s        550.00 iters/s
step_00600 ✓ [ 100% ] 0000/0120 VUs  30s        600.00 iters/s
step_00650 ✓ [ 100% ] 0000/0143 VUs  30s        650.00 iters/s
step_00700 ✓ [ 100% ] 0000/0145 VUs  30s        700.00 iters/s
step_00750 ✓ [ 100% ] 0000/0150 VUs  30s        750.00 iters/s
step_00800 ✓ [ 100% ] 0000/0177 VUs  30s        800.00 iters/s
step_00850   [  50% ] 0002/0170 VUs  15.0s/30s  850.00 iters/s
step_00900 • [   0% ] waiting        0m15.0s   
step_00950 • [   0% ] waiting        0m45.0s   
step_01000 • [   0% ] waiting        1m15.0s   

running (08m16.0s), 0029/0429 VUs, 217502 complete and 0 interrupted iterations
step_00050 ✓ [ 100% ] 000/020 VUs    30s        50.00 iters/s
step_00100 ✓ [ 100% ] 000/020 VUs    30s        100.00 iters/s
step_00150 ✓ [ 100% ] 000/030 VUs    30s        150.00 iters/s
step_00200 ✓ [ 100% ] 000/040 VUs    30s        200.00 iters/s
step_00250 ✓ [ 100% ] 000/050 VUs    30s        250.00 iters/s
step_00300 ✓ [ 100% ] 000/064 VUs    30s        300.00 iters/s
step_00350 ✓ [ 100% ] 0000/0070 VUs  30s        350.00 iters/s
step_00400 ✓ [ 100% ] 0000/0080 VUs  30s        400.00 iters/s
step_00450 ✓ [ 100% ] 0000/0090 VUs  30s        450.00 iters/s
step_00500 ✓ [ 100% ] 0000/0100 VUs  30s        500.00 iters/s
step_00550 ✓ [ 100% ] 0000/0110 VUs  30s        550.00 iters/s
step_00600 ✓ [ 100% ] 0000/0120 VUs  30s        600.00 iters/s
step_00650 ✓ [ 100% ] 0000/0143 VUs  30s        650.00 iters/s
step_00700 ✓ [ 100% ] 0000/0145 VUs  30s        700.00 iters/s
step_00750 ✓ [ 100% ] 0000/0150 VUs  30s        750.00 iters/s
step_00800 ✓ [ 100% ] 0000/0177 VUs  30s        800.00 iters/s
step_00850   [  53% ] 0029/0170 VUs  16.0s/30s  850.00 iters/s
step_00900 • [   0% ] waiting        0m14.0s   
step_00950 • [   0% ] waiting        0m44.0s   
step_01000 • [   0% ] waiting        1m14.0s   

running (08m17.0s), 0009/0429 VUs, 218372 complete and 0 interrupted iterations
step_00050 ✓ [ 100% ] 000/020 VUs    30s        50.00 iters/s
step_00100 ✓ [ 100% ] 000/020 VUs    30s        100.00 iters/s
step_00150 ✓ [ 100% ] 000/030 VUs    30s        150.00 iters/s
step_00200 ✓ [ 100% ] 000/040 VUs    30s        200.00 iters/s
step_00250 ✓ [ 100% ] 000/050 VUs    30s        250.00 iters/s
step_00300 ✓ [ 100% ] 000/064 VUs    30s        300.00 iters/s
step_00350 ✓ [ 100% ] 0000/0070 VUs  30s        350.00 iters/s
step_00400 ✓ [ 100% ] 0000/0080 VUs  30s        400.00 iters/s
step_00450 ✓ [ 100% ] 0000/0090 VUs  30s        450.00 iters/s
step_00500 ✓ [ 100% ] 0000/0100 VUs  30s        500.00 iters/s
step_00550 ✓ [ 100% ] 0000/0110 VUs  30s        550.00 iters/s
step_00600 ✓ [ 100% ] 0000/0120 VUs  30s        600.00 iters/s
step_00650 ✓ [ 100% ] 0000/0143 VUs  30s        650.00 iters/s
step_00700 ✓ [ 100% ] 0000/0145 VUs  30s        700.00 iters/s
step_00750 ✓ [ 100% ] 0000/0150 VUs  30s        750.00 iters/s
step_00800 ✓ [ 100% ] 0000/0177 VUs  30s        800.00 iters/s
step_00850   [  57% ] 0009/0170 VUs  17.0s/30s  850.00 iters/s
step_00900 • [   0% ] waiting        0m13.0s   
step_00950 • [   0% ] waiting        0m43.0s   
step_01000 • [   0% ] waiting        1m13.0s   

running (08m18.0s), 0014/0429 VUs, 219217 complete and 0 interrupted iterations
step_00050 ✓ [ 100% ] 000/020 VUs    30s        50.00 iters/s
step_00100 ✓ [ 100% ] 000/020 VUs    30s        100.00 iters/s
step_00150 ✓ [ 100% ] 000/030 VUs    30s        150.00 iters/s
step_00200 ✓ [ 100% ] 000/040 VUs    30s        200.00 iters/s
step_00250 ✓ [ 100% ] 000/050 VUs    30s        250.00 iters/s
step_00300 ✓ [ 100% ] 000/064 VUs    30s        300.00 iters/s
step_00350 ✓ [ 100% ] 0000/0070 VUs  30s        350.00 iters/s
step_00400 ✓ [ 100% ] 0000/0080 VUs  30s        400.00 iters/s
step_00450 ✓ [ 100% ] 0000/0090 VUs  30s        450.00 iters/s
step_00500 ✓ [ 100% ] 0000/0100 VUs  30s        500.00 iters/s
step_00550 ✓ [ 100% ] 0000/0110 VUs  30s        550.00 iters/s
step_00600 ✓ [ 100% ] 0000/0120 VUs  30s        600.00 iters/s
step_00650 ✓ [ 100% ] 0000/0143 VUs  30s        650.00 iters/s
step_00700 ✓ [ 100% ] 0000/0145 VUs  30s        700.00 iters/s
step_00750 ✓ [ 100% ] 0000/0150 VUs  30s        750.00 iters/s
step_00800 ✓ [ 100% ] 0000/0177 VUs  30s        800.00 iters/s
step_00850   [  60% ] 0014/0170 VUs  18.0s/30s  850.00 iters/s
step_00900 • [   0% ] waiting        0m12.0s   
step_00950 • [   0% ] waiting        0m42.0s   
step_01000 • [   0% ] waiting        1m12.0s   

running (08m19.0s), 0002/0429 VUs, 220079 complete and 0 interrupted iterations
step_00050 ✓ [ 100% ] 000/020 VUs    30s        50.00 iters/s
step_00100 ✓ [ 100% ] 000/020 VUs    30s        100.00 iters/s
step_00150 ✓ [ 100% ] 000/030 VUs    30s        150.00 iters/s
step_00200 ✓ [ 100% ] 000/040 VUs    30s        200.00 iters/s
step_00250 ✓ [ 100% ] 000/050 VUs    30s        250.00 iters/s
step_00300 ✓ [ 100% ] 000/064 VUs    30s        300.00 iters/s
step_00350 ✓ [ 100% ] 0000/0070 VUs  30s        350.00 iters/s
step_00400 ✓ [ 100% ] 0000/0080 VUs  30s        400.00 iters/s
step_00450 ✓ [ 100% ] 0000/0090 VUs  30s        450.00 iters/s
step_00500 ✓ [ 100% ] 0000/0100 VUs  30s        500.00 iters/s
step_00550 ✓ [ 100% ] 0000/0110 VUs  30s        550.00 iters/s
step_00600 ✓ [ 100% ] 0000/0120 VUs  30s        600.00 iters/s
step_00650 ✓ [ 100% ] 0000/0143 VUs  30s        650.00 iters/s
step_00700 ✓ [ 100% ] 0000/0145 VUs  30s        700.00 iters/s
step_00750 ✓ [ 100% ] 0000/0150 VUs  30s        750.00 iters/s
step_00800 ✓ [ 100% ] 0000/0177 VUs  30s        800.00 iters/s
step_00850   [  63% ] 0002/0170 VUs  19.0s/30s  850.00 iters/s
step_00900 • [   0% ] waiting        0m11.0s   
step_00950 • [   0% ] waiting        0m41.0s   
step_01000 • [   0% ] waiting        1m11.0s   

running (08m20.0s), 0006/0429 VUs, 220924 complete and 0 interrupted iterations
step_00050 ✓ [ 100% ] 000/020 VUs    30s        50.00 iters/s
step_00100 ✓ [ 100% ] 000/020 VUs    30s        100.00 iters/s
step_00150 ✓ [ 100% ] 000/030 VUs    30s        150.00 iters/s
step_00200 ✓ [ 100% ] 000/040 VUs    30s        200.00 iters/s
step_00250 ✓ [ 100% ] 000/050 VUs    30s        250.00 iters/s
step_00300 ✓ [ 100% ] 000/064 VUs    30s        300.00 iters/s
step_00350 ✓ [ 100% ] 0000/0070 VUs  30s        350.00 iters/s
step_00400 ✓ [ 100% ] 0000/0080 VUs  30s        400.00 iters/s
step_00450 ✓ [ 100% ] 0000/0090 VUs  30s        450.00 iters/s
step_00500 ✓ [ 100% ] 0000/0100 VUs  30s        500.00 iters/s
step_00550 ✓ [ 100% ] 0000/0110 VUs  30s        550.00 iters/s
step_00600 ✓ [ 100% ] 0000/0120 VUs  30s        600.00 iters/s
step_00650 ✓ [ 100% ] 0000/0143 VUs  30s        650.00 iters/s
step_00700 ✓ [ 100% ] 0000/0145 VUs  30s        700.00 iters/s
step_00750 ✓ [ 100% ] 0000/0150 VUs  30s        750.00 iters/s
step_00800 ✓ [ 100% ] 0000/0177 VUs  30s        800.00 iters/s
step_00850   [  67% ] 0006/0170 VUs  20.0s/30s  850.00 iters/s
step_00900 • [   0% ] waiting        0m10.0s   
step_00950 • [   0% ] waiting        0m40.0s   
step_01000 • [   0% ] waiting        1m10.0s   

running (08m21.0s), 0002/0429 VUs, 221779 complete and 0 interrupted iterations
step_00050 ✓ [ 100% ] 000/020 VUs    30s        50.00 iters/s
step_00100 ✓ [ 100% ] 000/020 VUs    30s        100.00 iters/s
step_00150 ✓ [ 100% ] 000/030 VUs    30s        150.00 iters/s
step_00200 ✓ [ 100% ] 000/040 VUs    30s        200.00 iters/s
step_00250 ✓ [ 100% ] 000/050 VUs    30s        250.00 iters/s
step_00300 ✓ [ 100% ] 000/064 VUs    30s        300.00 iters/s
step_00350 ✓ [ 100% ] 0000/0070 VUs  30s        350.00 iters/s
step_00400 ✓ [ 100% ] 0000/0080 VUs  30s        400.00 iters/s
step_00450 ✓ [ 100% ] 0000/0090 VUs  30s        450.00 iters/s
step_00500 ✓ [ 100% ] 0000/0100 VUs  30s        500.00 iters/s
step_00550 ✓ [ 100% ] 0000/0110 VUs  30s        550.00 iters/s
step_00600 ✓ [ 100% ] 0000/0120 VUs  30s        600.00 iters/s
step_00650 ✓ [ 100% ] 0000/0143 VUs  30s        650.00 iters/s
step_00700 ✓ [ 100% ] 0000/0145 VUs  30s        700.00 iters/s
step_00750 ✓ [ 100% ] 0000/0150 VUs  30s        750.00 iters/s
step_00800 ✓ [ 100% ] 0000/0177 VUs  30s        800.00 iters/s
step_00850   [  70% ] 0002/0170 VUs  21.0s/30s  850.00 iters/s
step_00900 • [   0% ] waiting        0m09.0s   
step_00950 • [   0% ] waiting        0m39.0s   
step_01000 • [   0% ] waiting        1m09.0s   

running (08m22.0s), 0005/0429 VUs, 222626 complete and 0 interrupted iterations
step_00050 ✓ [ 100% ] 000/020 VUs    30s        50.00 iters/s
step_00100 ✓ [ 100% ] 000/020 VUs    30s        100.00 iters/s
step_00150 ✓ [ 100% ] 000/030 VUs    30s        150.00 iters/s
step_00200 ✓ [ 100% ] 000/040 VUs    30s        200.00 iters/s
step_00250 ✓ [ 100% ] 000/050 VUs    30s        250.00 iters/s
step_00300 ✓ [ 100% ] 000/064 VUs    30s        300.00 iters/s
step_00350 ✓ [ 100% ] 0000/0070 VUs  30s        350.00 iters/s
step_00400 ✓ [ 100% ] 0000/0080 VUs  30s        400.00 iters/s
step_00450 ✓ [ 100% ] 0000/0090 VUs  30s        450.00 iters/s
step_00500 ✓ [ 100% ] 0000/0100 VUs  30s        500.00 iters/s
step_00550 ✓ [ 100% ] 0000/0110 VUs  30s        550.00 iters/s
step_00600 ✓ [ 100% ] 0000/0120 VUs  30s        600.00 iters/s
step_00650 ✓ [ 100% ] 0000/0143 VUs  30s        650.00 iters/s
step_00700 ✓ [ 100% ] 0000/0145 VUs  30s        700.00 iters/s
step_00750 ✓ [ 100% ] 0000/0150 VUs  30s        750.00 iters/s
step_00800 ✓ [ 100% ] 0000/0177 VUs  30s        800.00 iters/s
step_00850   [  73% ] 0005/0170 VUs  22.0s/30s  850.00 iters/s
step_00900 • [   0% ] waiting        0m08.0s   
step_00950 • [   0% ] waiting        0m38.0s   
step_01000 • [   0% ] waiting        1m08.0s   

running (08m23.0s), 0019/0429 VUs, 223461 complete and 0 interrupted iterations
step_00050 ✓ [ 100% ] 000/020 VUs    30s        50.00 iters/s
step_00100 ✓ [ 100% ] 000/020 VUs    30s        100.00 iters/s
step_00150 ✓ [ 100% ] 000/030 VUs    30s        150.00 iters/s
step_00200 ✓ [ 100% ] 000/040 VUs    30s        200.00 iters/s
step_00250 ✓ [ 100% ] 000/050 VUs    30s        250.00 iters/s
step_00300 ✓ [ 100% ] 000/064 VUs    30s        300.00 iters/s
step_00350 ✓ [ 100% ] 0000/0070 VUs  30s        350.00 iters/s
step_00400 ✓ [ 100% ] 0000/0080 VUs  30s        400.00 iters/s
step_00450 ✓ [ 100% ] 0000/0090 VUs  30s        450.00 iters/s
step_00500 ✓ [ 100% ] 0000/0100 VUs  30s        500.00 iters/s
step_00550 ✓ [ 100% ] 0000/0110 VUs  30s        550.00 iters/s
step_00600 ✓ [ 100% ] 0000/0120 VUs  30s        600.00 iters/s
step_00650 ✓ [ 100% ] 0000/0143 VUs  30s        650.00 iters/s
step_00700 ✓ [ 100% ] 0000/0145 VUs  30s        700.00 iters/s
step_00750 ✓ [ 100% ] 0000/0150 VUs  30s        750.00 iters/s
step_00800 ✓ [ 100% ] 0000/0177 VUs  30s        800.00 iters/s
step_00850   [  77% ] 0020/0170 VUs  23.0s/30s  850.00 iters/s
step_00900 • [   0% ] waiting        0m07.0s   
step_00950 • [   0% ] waiting        0m37.0s   
step_01000 • [   0% ] waiting        1m07.0s   

running (08m24.0s), 0007/0429 VUs, 224324 complete and 0 interrupted iterations
step_00050 ✓ [ 100% ] 000/020 VUs    30s        50.00 iters/s
step_00100 ✓ [ 100% ] 000/020 VUs    30s        100.00 iters/s
step_00150 ✓ [ 100% ] 000/030 VUs    30s        150.00 iters/s
step_00200 ✓ [ 100% ] 000/040 VUs    30s        200.00 iters/s
step_00250 ✓ [ 100% ] 000/050 VUs    30s        250.00 iters/s
step_00300 ✓ [ 100% ] 000/064 VUs    30s        300.00 iters/s
step_00350 ✓ [ 100% ] 0000/0070 VUs  30s        350.00 iters/s
step_00400 ✓ [ 100% ] 0000/0080 VUs  30s        400.00 iters/s
step_00450 ✓ [ 100% ] 0000/0090 VUs  30s        450.00 iters/s
step_00500 ✓ [ 100% ] 0000/0100 VUs  30s        500.00 iters/s
step_00550 ✓ [ 100% ] 0000/0110 VUs  30s        550.00 iters/s
step_00600 ✓ [ 100% ] 0000/0120 VUs  30s        600.00 iters/s
step_00650 ✓ [ 100% ] 0000/0143 VUs  30s        650.00 iters/s
step_00700 ✓ [ 100% ] 0000/0145 VUs  30s        700.00 iters/s
step_00750 ✓ [ 100% ] 0000/0150 VUs  30s        750.00 iters/s
step_00800 ✓ [ 100% ] 0000/0177 VUs  30s        800.00 iters/s
step_00850   [  80% ] 0007/0170 VUs  24.0s/30s  850.00 iters/s
step_00900 • [   0% ] waiting        0m06.0s   
step_00950 • [   0% ] waiting        0m36.0s   
step_01000 • [   0% ] waiting        1m06.0s   

running (08m25.0s), 0003/0429 VUs, 225178 complete and 0 interrupted iterations
step_00050 ✓ [ 100% ] 000/020 VUs    30s        50.00 iters/s
step_00100 ✓ [ 100% ] 000/020 VUs    30s        100.00 iters/s
step_00150 ✓ [ 100% ] 000/030 VUs    30s        150.00 iters/s
step_00200 ✓ [ 100% ] 000/040 VUs    30s        200.00 iters/s
step_00250 ✓ [ 100% ] 000/050 VUs    30s        250.00 iters/s
step_00300 ✓ [ 100% ] 000/064 VUs    30s        300.00 iters/s
step_00350 ✓ [ 100% ] 0000/0070 VUs  30s        350.00 iters/s
step_00400 ✓ [ 100% ] 0000/0080 VUs  30s        400.00 iters/s
step_00450 ✓ [ 100% ] 0000/0090 VUs  30s        450.00 iters/s
step_00500 ✓ [ 100% ] 0000/0100 VUs  30s        500.00 iters/s
step_00550 ✓ [ 100% ] 0000/0110 VUs  30s        550.00 iters/s
step_00600 ✓ [ 100% ] 0000/0120 VUs  30s        600.00 iters/s
step_00650 ✓ [ 100% ] 0000/0143 VUs  30s        650.00 iters/s
step_00700 ✓ [ 100% ] 0000/0145 VUs  30s        700.00 iters/s
step_00750 ✓ [ 100% ] 0000/0150 VUs  30s        750.00 iters/s
step_00800 ✓ [ 100% ] 0000/0177 VUs  30s        800.00 iters/s
step_00850   [  83% ] 0003/0170 VUs  25.0s/30s  850.00 iters/s
step_00900 • [   0% ] waiting        0m05.0s   
step_00950 • [   0% ] waiting        0m35.0s   
step_01000 • [   0% ] waiting        1m05.0s   

running (08m26.0s), 0013/0429 VUs, 226018 complete and 0 interrupted iterations
step_00050 ✓ [ 100% ] 000/020 VUs    30s        50.00 iters/s
step_00100 ✓ [ 100% ] 000/020 VUs    30s        100.00 iters/s
step_00150 ✓ [ 100% ] 000/030 VUs    30s        150.00 iters/s
step_00200 ✓ [ 100% ] 000/040 VUs    30s        200.00 iters/s
step_00250 ✓ [ 100% ] 000/050 VUs    30s        250.00 iters/s
step_00300 ✓ [ 100% ] 000/064 VUs    30s        300.00 iters/s
step_00350 ✓ [ 100% ] 0000/0070 VUs  30s        350.00 iters/s
step_00400 ✓ [ 100% ] 0000/0080 VUs  30s        400.00 iters/s
step_00450 ✓ [ 100% ] 0000/0090 VUs  30s        450.00 iters/s
step_00500 ✓ [ 100% ] 0000/0100 VUs  30s        500.00 iters/s
step_00550 ✓ [ 100% ] 0000/0110 VUs  30s        550.00 iters/s
step_00600 ✓ [ 100% ] 0000/0120 VUs  30s        600.00 iters/s
step_00650 ✓ [ 100% ] 0000/0143 VUs  30s        650.00 iters/s
step_00700 ✓ [ 100% ] 0000/0145 VUs  30s        700.00 iters/s
step_00750 ✓ [ 100% ] 0000/0150 VUs  30s        750.00 iters/s
step_00800 ✓ [ 100% ] 0000/0177 VUs  30s        800.00 iters/s
step_00850   [  87% ] 0013/0170 VUs  26.0s/30s  850.00 iters/s
step_00900 • [   0% ] waiting        0m04.0s   
step_00950 • [   0% ] waiting        0m34.0s   
step_01000 • [   0% ] waiting        1m04.0s   

running (08m27.0s), 0072/0429 VUs, 226809 complete and 0 interrupted iterations
step_00050 ✓ [ 100% ] 000/020 VUs    30s        50.00 iters/s
step_00100 ✓ [ 100% ] 000/020 VUs    30s        100.00 iters/s
step_00150 ✓ [ 100% ] 000/030 VUs    30s        150.00 iters/s
step_00200 ✓ [ 100% ] 000/040 VUs    30s        200.00 iters/s
step_00250 ✓ [ 100% ] 000/050 VUs    30s        250.00 iters/s
step_00300 ✓ [ 100% ] 000/064 VUs    30s        300.00 iters/s
step_00350 ✓ [ 100% ] 0000/0070 VUs  30s        350.00 iters/s
step_00400 ✓ [ 100% ] 0000/0080 VUs  30s        400.00 iters/s
step_00450 ✓ [ 100% ] 0000/0090 VUs  30s        450.00 iters/s
step_00500 ✓ [ 100% ] 0000/0100 VUs  30s        500.00 iters/s
step_00550 ✓ [ 100% ] 0000/0110 VUs  30s        550.00 iters/s
step_00600 ✓ [ 100% ] 0000/0120 VUs  30s        600.00 iters/s
step_00650 ✓ [ 100% ] 0000/0143 VUs  30s        650.00 iters/s
step_00700 ✓ [ 100% ] 0000/0145 VUs  30s        700.00 iters/s
step_00750 ✓ [ 100% ] 0000/0150 VUs  30s        750.00 iters/s
step_00800 ✓ [ 100% ] 0000/0177 VUs  30s        800.00 iters/s
step_00850   [  90% ] 0072/0170 VUs  27.0s/30s  850.00 iters/s
step_00900 • [   0% ] waiting        0m03.0s   
step_00950 • [   0% ] waiting        0m33.0s   
step_01000 • [   0% ] waiting        1m03.0s   

running (08m28.0s), 0004/0429 VUs, 227727 complete and 0 interrupted iterations
step_00050 ✓ [ 100% ] 000/020 VUs    30s        50.00 iters/s
step_00100 ✓ [ 100% ] 000/020 VUs    30s        100.00 iters/s
step_00150 ✓ [ 100% ] 000/030 VUs    30s        150.00 iters/s
step_00200 ✓ [ 100% ] 000/040 VUs    30s        200.00 iters/s
step_00250 ✓ [ 100% ] 000/050 VUs    30s        250.00 iters/s
step_00300 ✓ [ 100% ] 000/064 VUs    30s        300.00 iters/s
step_00350 ✓ [ 100% ] 0000/0070 VUs  30s        350.00 iters/s
step_00400 ✓ [ 100% ] 0000/0080 VUs  30s        400.00 iters/s
step_00450 ✓ [ 100% ] 0000/0090 VUs  30s        450.00 iters/s
step_00500 ✓ [ 100% ] 0000/0100 VUs  30s        500.00 iters/s
step_00550 ✓ [ 100% ] 0000/0110 VUs  30s        550.00 iters/s
step_00600 ✓ [ 100% ] 0000/0120 VUs  30s        600.00 iters/s
step_00650 ✓ [ 100% ] 0000/0143 VUs  30s        650.00 iters/s
step_00700 ✓ [ 100% ] 0000/0145 VUs  30s        700.00 iters/s
step_00750 ✓ [ 100% ] 0000/0150 VUs  30s        750.00 iters/s
step_00800 ✓ [ 100% ] 0000/0177 VUs  30s        800.00 iters/s
step_00850   [  93% ] 0004/0170 VUs  28.0s/30s  850.00 iters/s
step_00900 • [   0% ] waiting        0m02.0s   
step_00950 • [   0% ] waiting        0m32.0s   
step_01000 • [   0% ] waiting        1m02.0s   

running (08m29.0s), 0004/0429 VUs, 228577 complete and 0 interrupted iterations
step_00050 ✓ [ 100% ] 000/020 VUs    30s        50.00 iters/s
step_00100 ✓ [ 100% ] 000/020 VUs    30s        100.00 iters/s
step_00150 ✓ [ 100% ] 000/030 VUs    30s        150.00 iters/s
step_00200 ✓ [ 100% ] 000/040 VUs    30s        200.00 iters/s
step_00250 ✓ [ 100% ] 000/050 VUs    30s        250.00 iters/s
step_00300 ✓ [ 100% ] 000/064 VUs    30s        300.00 iters/s
step_00350 ✓ [ 100% ] 0000/0070 VUs  30s        350.00 iters/s
step_00400 ✓ [ 100% ] 0000/0080 VUs  30s        400.00 iters/s
step_00450 ✓ [ 100% ] 0000/0090 VUs  30s        450.00 iters/s
step_00500 ✓ [ 100% ] 0000/0100 VUs  30s        500.00 iters/s
step_00550 ✓ [ 100% ] 0000/0110 VUs  30s        550.00 iters/s
step_00600 ✓ [ 100% ] 0000/0120 VUs  30s        600.00 iters/s
step_00650 ✓ [ 100% ] 0000/0143 VUs  30s        650.00 iters/s
step_00700 ✓ [ 100% ] 0000/0145 VUs  30s        700.00 iters/s
step_00750 ✓ [ 100% ] 0000/0150 VUs  30s        750.00 iters/s
step_00800 ✓ [ 100% ] 0000/0177 VUs  30s        800.00 iters/s
step_00850   [  97% ] 0004/0170 VUs  29.0s/30s  850.00 iters/s
step_00900 • [   0% ] waiting        0m01.0s   
step_00950 • [   0% ] waiting        0m31.0s   
step_01000 • [   0% ] waiting        1m01.0s   

running (08m30.0s), 0002/0429 VUs, 229429 complete and 0 interrupted iterations
step_00050 ✓ [ 100% ] 000/020 VUs    30s        50.00 iters/s
step_00100 ✓ [ 100% ] 000/020 VUs    30s        100.00 iters/s
step_00150 ✓ [ 100% ] 000/030 VUs    30s        150.00 iters/s
step_00200 ✓ [ 100% ] 000/040 VUs    30s        200.00 iters/s
step_00250 ✓ [ 100% ] 000/050 VUs    30s        250.00 iters/s
step_00300 ✓ [ 100% ] 000/064 VUs    30s        300.00 iters/s
step_00350 ✓ [ 100% ] 0000/0070 VUs  30s        350.00 iters/s
step_00400 ✓ [ 100% ] 0000/0080 VUs  30s        400.00 iters/s
step_00450 ✓ [ 100% ] 0000/0090 VUs  30s        450.00 iters/s
step_00500 ✓ [ 100% ] 0000/0100 VUs  30s        500.00 iters/s
step_00550 ✓ [ 100% ] 0000/0110 VUs  30s        550.00 iters/s
step_00600 ✓ [ 100% ] 0000/0120 VUs  30s        600.00 iters/s
step_00650 ✓ [ 100% ] 0000/0143 VUs  30s        650.00 iters/s
step_00700 ✓ [ 100% ] 0000/0145 VUs  30s        700.00 iters/s
step_00750 ✓ [ 100% ] 0000/0150 VUs  30s        750.00 iters/s
step_00800 ✓ [ 100% ] 0000/0177 VUs  30s        800.00 iters/s
step_00850   [ 100% ] 0002/0170 VUs  30.0s/30s  850.00 iters/s
step_00900 • [   0% ] waiting        0m00.0s   
step_00950 • [   0% ] waiting        0m30.0s   
step_01000 • [   0% ] waiting        1m00.0s   

running (08m31.0s), 0006/0429 VUs, 230323 complete and 0 interrupted iterations
step_00050 ✓ [ 100% ] 000/020 VUs    30s        50.00 iters/s
step_00100 ✓ [ 100% ] 000/020 VUs    30s        100.00 iters/s
step_00150 ✓ [ 100% ] 000/030 VUs    30s        150.00 iters/s
step_00200 ✓ [ 100% ] 000/040 VUs    30s        200.00 iters/s
step_00250 ✓ [ 100% ] 000/050 VUs    30s        250.00 iters/s
step_00300 ✓ [ 100% ] 000/064 VUs    30s        300.00 iters/s
step_00350 ✓ [ 100% ] 0000/0070 VUs  30s        350.00 iters/s
step_00400 ✓ [ 100% ] 0000/0080 VUs  30s        400.00 iters/s
step_00450 ✓ [ 100% ] 0000/0090 VUs  30s        450.00 iters/s
step_00500 ✓ [ 100% ] 0000/0100 VUs  30s        500.00 iters/s
step_00550 ✓ [ 100% ] 0000/0110 VUs  30s        550.00 iters/s
step_00600 ✓ [ 100% ] 0000/0120 VUs  30s        600.00 iters/s
step_00650 ✓ [ 100% ] 0000/0143 VUs  30s        650.00 iters/s
step_00700 ✓ [ 100% ] 0000/0145 VUs  30s        700.00 iters/s
step_00750 ✓ [ 100% ] 0000/0150 VUs  30s        750.00 iters/s
step_00800 ✓ [ 100% ] 0000/0177 VUs  30s        800.00 iters/s
step_00850 ✓ [ 100% ] 0000/0170 VUs  30s        850.00 iters/s
step_00900   [   3% ] 0006/0180 VUs  01.0s/30s  900.00 iters/s
step_00950 • [   0% ] waiting        0m29.0s   
step_01000 • [   0% ] waiting        0m59.0s   

running (08m32.0s), 0009/0429 VUs, 231220 complete and 0 interrupted iterations
step_00050 ✓ [ 100% ] 000/020 VUs    30s        50.00 iters/s
step_00100 ✓ [ 100% ] 000/020 VUs    30s        100.00 iters/s
step_00150 ✓ [ 100% ] 000/030 VUs    30s        150.00 iters/s
step_00200 ✓ [ 100% ] 000/040 VUs    30s        200.00 iters/s
step_00250 ✓ [ 100% ] 000/050 VUs    30s        250.00 iters/s
step_00300 ✓ [ 100% ] 000/064 VUs    30s        300.00 iters/s
step_00350 ✓ [ 100% ] 0000/0070 VUs  30s        350.00 iters/s
step_00400 ✓ [ 100% ] 0000/0080 VUs  30s        400.00 iters/s
step_00450 ✓ [ 100% ] 0000/0090 VUs  30s        450.00 iters/s
step_00500 ✓ [ 100% ] 0000/0100 VUs  30s        500.00 iters/s
step_00550 ✓ [ 100% ] 0000/0110 VUs  30s        550.00 iters/s
step_00600 ✓ [ 100% ] 0000/0120 VUs  30s        600.00 iters/s
step_00650 ✓ [ 100% ] 0000/0143 VUs  30s        650.00 iters/s
step_00700 ✓ [ 100% ] 0000/0145 VUs  30s        700.00 iters/s
step_00750 ✓ [ 100% ] 0000/0150 VUs  30s        750.00 iters/s
step_00800 ✓ [ 100% ] 0000/0177 VUs  30s        800.00 iters/s
step_00850 ✓ [ 100% ] 0000/0170 VUs  30s        850.00 iters/s
step_00900   [   7% ] 0010/0180 VUs  02.0s/30s  900.00 iters/s
step_00950 • [   0% ] waiting        0m28.0s   
step_01000 • [   0% ] waiting        0m58.0s   

running (08m33.0s), 0066/0429 VUs, 232063 complete and 0 interrupted iterations
step_00050 ✓ [ 100% ] 000/020 VUs    30s        50.00 iters/s
step_00100 ✓ [ 100% ] 000/020 VUs    30s        100.00 iters/s
step_00150 ✓ [ 100% ] 000/030 VUs    30s        150.00 iters/s
step_00200 ✓ [ 100% ] 000/040 VUs    30s        200.00 iters/s
step_00250 ✓ [ 100% ] 000/050 VUs    30s        250.00 iters/s
step_00300 ✓ [ 100% ] 000/064 VUs    30s        300.00 iters/s
step_00350 ✓ [ 100% ] 0000/0070 VUs  30s        350.00 iters/s
step_00400 ✓ [ 100% ] 0000/0080 VUs  30s        400.00 iters/s
step_00450 ✓ [ 100% ] 0000/0090 VUs  30s        450.00 iters/s
step_00500 ✓ [ 100% ] 0000/0100 VUs  30s        500.00 iters/s
step_00550 ✓ [ 100% ] 0000/0110 VUs  30s        550.00 iters/s
step_00600 ✓ [ 100% ] 0000/0120 VUs  30s        600.00 iters/s
step_00650 ✓ [ 100% ] 0000/0143 VUs  30s        650.00 iters/s
step_00700 ✓ [ 100% ] 0000/0145 VUs  30s        700.00 iters/s
step_00750 ✓ [ 100% ] 0000/0150 VUs  30s        750.00 iters/s
step_00800 ✓ [ 100% ] 0000/0177 VUs  30s        800.00 iters/s
step_00850 ✓ [ 100% ] 0000/0170 VUs  30s        850.00 iters/s
step_00900   [  10% ] 0066/0180 VUs  03.0s/30s  900.00 iters/s
step_00950 • [   0% ] waiting        0m27.0s   
step_01000 • [   0% ] waiting        0m57.0s   

running (08m34.0s), 0002/0429 VUs, 233027 complete and 0 interrupted iterations
step_00050 ✓ [ 100% ] 000/020 VUs    30s        50.00 iters/s
step_00100 ✓ [ 100% ] 000/020 VUs    30s        100.00 iters/s
step_00150 ✓ [ 100% ] 000/030 VUs    30s        150.00 iters/s
step_00200 ✓ [ 100% ] 000/040 VUs    30s        200.00 iters/s
step_00250 ✓ [ 100% ] 000/050 VUs    30s        250.00 iters/s
step_00300 ✓ [ 100% ] 000/064 VUs    30s        300.00 iters/s
step_00350 ✓ [ 100% ] 0000/0070 VUs  30s        350.00 iters/s
step_00400 ✓ [ 100% ] 0000/0080 VUs  30s        400.00 iters/s
step_00450 ✓ [ 100% ] 0000/0090 VUs  30s        450.00 iters/s
step_00500 ✓ [ 100% ] 0000/0100 VUs  30s        500.00 iters/s
step_00550 ✓ [ 100% ] 0000/0110 VUs  30s        550.00 iters/s
step_00600 ✓ [ 100% ] 0000/0120 VUs  30s        600.00 iters/s
step_00650 ✓ [ 100% ] 0000/0143 VUs  30s        650.00 iters/s
step_00700 ✓ [ 100% ] 0000/0145 VUs  30s        700.00 iters/s
step_00750 ✓ [ 100% ] 0000/0150 VUs  30s        750.00 iters/s
step_00800 ✓ [ 100% ] 0000/0177 VUs  30s        800.00 iters/s
step_00850 ✓ [ 100% ] 0000/0170 VUs  30s        850.00 iters/s
step_00900   [  13% ] 0002/0180 VUs  04.0s/30s  900.00 iters/s
step_00950 • [   0% ] waiting        0m26.0s   
step_01000 • [   0% ] waiting        0m56.0s   

running (08m35.0s), 0006/0429 VUs, 233924 complete and 0 interrupted iterations
step_00050 ✓ [ 100% ] 000/020 VUs    30s        50.00 iters/s
step_00100 ✓ [ 100% ] 000/020 VUs    30s        100.00 iters/s
step_00150 ✓ [ 100% ] 000/030 VUs    30s        150.00 iters/s
step_00200 ✓ [ 100% ] 000/040 VUs    30s        200.00 iters/s
step_00250 ✓ [ 100% ] 000/050 VUs    30s        250.00 iters/s
step_00300 ✓ [ 100% ] 000/064 VUs    30s        300.00 iters/s
step_00350 ✓ [ 100% ] 0000/0070 VUs  30s        350.00 iters/s
step_00400 ✓ [ 100% ] 0000/0080 VUs  30s        400.00 iters/s
step_00450 ✓ [ 100% ] 0000/0090 VUs  30s        450.00 iters/s
step_00500 ✓ [ 100% ] 0000/0100 VUs  30s        500.00 iters/s
step_00550 ✓ [ 100% ] 0000/0110 VUs  30s        550.00 iters/s
step_00600 ✓ [ 100% ] 0000/0120 VUs  30s        600.00 iters/s
step_00650 ✓ [ 100% ] 0000/0143 VUs  30s        650.00 iters/s
step_00700 ✓ [ 100% ] 0000/0145 VUs  30s        700.00 iters/s
step_00750 ✓ [ 100% ] 0000/0150 VUs  30s        750.00 iters/s
step_00800 ✓ [ 100% ] 0000/0177 VUs  30s        800.00 iters/s
step_00850 ✓ [ 100% ] 0000/0170 VUs  30s        850.00 iters/s
step_00900   [  17% ] 0005/0180 VUs  05.0s/30s  900.00 iters/s
step_00950 • [   0% ] waiting        0m25.0s   
step_01000 • [   0% ] waiting        0m55.0s   

running (08m36.0s), 0012/0429 VUs, 234818 complete and 0 interrupted iterations
step_00050 ✓ [ 100% ] 000/020 VUs    30s        50.00 iters/s
step_00100 ✓ [ 100% ] 000/020 VUs    30s        100.00 iters/s
step_00150 ✓ [ 100% ] 000/030 VUs    30s        150.00 iters/s
step_00200 ✓ [ 100% ] 000/040 VUs    30s        200.00 iters/s
step_00250 ✓ [ 100% ] 000/050 VUs    30s        250.00 iters/s
step_00300 ✓ [ 100% ] 000/064 VUs    30s        300.00 iters/s
step_00350 ✓ [ 100% ] 0000/0070 VUs  30s        350.00 iters/s
step_00400 ✓ [ 100% ] 0000/0080 VUs  30s        400.00 iters/s
step_00450 ✓ [ 100% ] 0000/0090 VUs  30s        450.00 iters/s
step_00500 ✓ [ 100% ] 0000/0100 VUs  30s        500.00 iters/s
step_00550 ✓ [ 100% ] 0000/0110 VUs  30s        550.00 iters/s
step_00600 ✓ [ 100% ] 0000/0120 VUs  30s        600.00 iters/s
step_00650 ✓ [ 100% ] 0000/0143 VUs  30s        650.00 iters/s
step_00700 ✓ [ 100% ] 0000/0145 VUs  30s        700.00 iters/s
step_00750 ✓ [ 100% ] 0000/0150 VUs  30s        750.00 iters/s
step_00800 ✓ [ 100% ] 0000/0177 VUs  30s        800.00 iters/s
step_00850 ✓ [ 100% ] 0000/0170 VUs  30s        850.00 iters/s
step_00900   [  20% ] 0012/0180 VUs  06.0s/30s  900.00 iters/s
step_00950 • [   0% ] waiting        0m24.0s   
step_01000 • [   0% ] waiting        0m54.0s   

running (08m37.0s), 0005/0429 VUs, 235725 complete and 0 interrupted iterations
step_00050 ✓ [ 100% ] 000/020 VUs    30s        50.00 iters/s
step_00100 ✓ [ 100% ] 000/020 VUs    30s        100.00 iters/s
step_00150 ✓ [ 100% ] 000/030 VUs    30s        150.00 iters/s
step_00200 ✓ [ 100% ] 000/040 VUs    30s        200.00 iters/s
step_00250 ✓ [ 100% ] 000/050 VUs    30s        250.00 iters/s
step_00300 ✓ [ 100% ] 000/064 VUs    30s        300.00 iters/s
step_00350 ✓ [ 100% ] 0000/0070 VUs  30s        350.00 iters/s
step_00400 ✓ [ 100% ] 0000/0080 VUs  30s        400.00 iters/s
step_00450 ✓ [ 100% ] 0000/0090 VUs  30s        450.00 iters/s
step_00500 ✓ [ 100% ] 0000/0100 VUs  30s        500.00 iters/s
step_00550 ✓ [ 100% ] 0000/0110 VUs  30s        550.00 iters/s
step_00600 ✓ [ 100% ] 0000/0120 VUs  30s        600.00 iters/s
step_00650 ✓ [ 100% ] 0000/0143 VUs  30s        650.00 iters/s
step_00700 ✓ [ 100% ] 0000/0145 VUs  30s        700.00 iters/s
step_00750 ✓ [ 100% ] 0000/0150 VUs  30s        750.00 iters/s
step_00800 ✓ [ 100% ] 0000/0177 VUs  30s        800.00 iters/s
step_00850 ✓ [ 100% ] 0000/0170 VUs  30s        850.00 iters/s
step_00900   [  23% ] 0005/0180 VUs  07.0s/30s  900.00 iters/s
step_00950 • [   0% ] waiting        0m23.0s   
step_01000 • [   0% ] waiting        0m53.0s   

running (08m38.0s), 0018/0429 VUs, 236612 complete and 0 interrupted iterations
step_00050 ✓ [ 100% ] 000/020 VUs    30s        50.00 iters/s
step_00100 ✓ [ 100% ] 000/020 VUs    30s        100.00 iters/s
step_00150 ✓ [ 100% ] 000/030 VUs    30s        150.00 iters/s
step_00200 ✓ [ 100% ] 000/040 VUs    30s        200.00 iters/s
step_00250 ✓ [ 100% ] 000/050 VUs    30s        250.00 iters/s
step_00300 ✓ [ 100% ] 000/064 VUs    30s        300.00 iters/s
step_00350 ✓ [ 100% ] 0000/0070 VUs  30s        350.00 iters/s
step_00400 ✓ [ 100% ] 0000/0080 VUs  30s        400.00 iters/s
step_00450 ✓ [ 100% ] 0000/0090 VUs  30s        450.00 iters/s
step_00500 ✓ [ 100% ] 0000/0100 VUs  30s        500.00 iters/s
step_00550 ✓ [ 100% ] 0000/0110 VUs  30s        550.00 iters/s
step_00600 ✓ [ 100% ] 0000/0120 VUs  30s        600.00 iters/s
step_00650 ✓ [ 100% ] 0000/0143 VUs  30s        650.00 iters/s
step_00700 ✓ [ 100% ] 0000/0145 VUs  30s        700.00 iters/s
step_00750 ✓ [ 100% ] 0000/0150 VUs  30s        750.00 iters/s
step_00800 ✓ [ 100% ] 0000/0177 VUs  30s        800.00 iters/s
step_00850 ✓ [ 100% ] 0000/0170 VUs  30s        850.00 iters/s
step_00900   [  27% ] 0018/0180 VUs  08.0s/30s  900.00 iters/s
step_00950 • [   0% ] waiting        0m22.0s   
step_01000 • [   0% ] waiting        0m52.0s   

running (08m39.0s), 0001/0429 VUs, 237528 complete and 0 interrupted iterations
step_00050 ✓ [ 100% ] 000/020 VUs    30s        50.00 iters/s
step_00100 ✓ [ 100% ] 000/020 VUs    30s        100.00 iters/s
step_00150 ✓ [ 100% ] 000/030 VUs    30s        150.00 iters/s
step_00200 ✓ [ 100% ] 000/040 VUs    30s        200.00 iters/s
step_00250 ✓ [ 100% ] 000/050 VUs    30s        250.00 iters/s
step_00300 ✓ [ 100% ] 000/064 VUs    30s        300.00 iters/s
step_00350 ✓ [ 100% ] 0000/0070 VUs  30s        350.00 iters/s
step_00400 ✓ [ 100% ] 0000/0080 VUs  30s        400.00 iters/s
step_00450 ✓ [ 100% ] 0000/0090 VUs  30s        450.00 iters/s
step_00500 ✓ [ 100% ] 0000/0100 VUs  30s        500.00 iters/s
step_00550 ✓ [ 100% ] 0000/0110 VUs  30s        550.00 iters/s
step_00600 ✓ [ 100% ] 0000/0120 VUs  30s        600.00 iters/s
step_00650 ✓ [ 100% ] 0000/0143 VUs  30s        650.00 iters/s
step_00700 ✓ [ 100% ] 0000/0145 VUs  30s        700.00 iters/s
step_00750 ✓ [ 100% ] 0000/0150 VUs  30s        750.00 iters/s
step_00800 ✓ [ 100% ] 0000/0177 VUs  30s        800.00 iters/s
step_00850 ✓ [ 100% ] 0000/0170 VUs  30s        850.00 iters/s
step_00900   [  30% ] 0002/0180 VUs  09.0s/30s  900.00 iters/s
step_00950 • [   0% ] waiting        0m21.0s   
step_01000 • [   0% ] waiting        0m51.0s   

running (08m40.0s), 0006/0429 VUs, 238424 complete and 0 interrupted iterations
step_00050 ✓ [ 100% ] 000/020 VUs    30s        50.00 iters/s
step_00100 ✓ [ 100% ] 000/020 VUs    30s        100.00 iters/s
step_00150 ✓ [ 100% ] 000/030 VUs    30s        150.00 iters/s
step_00200 ✓ [ 100% ] 000/040 VUs    30s        200.00 iters/s
step_00250 ✓ [ 100% ] 000/050 VUs    30s        250.00 iters/s
step_00300 ✓ [ 100% ] 000/064 VUs    30s        300.00 iters/s
step_00350 ✓ [ 100% ] 0000/0070 VUs  30s        350.00 iters/s
step_00400 ✓ [ 100% ] 0000/0080 VUs  30s        400.00 iters/s
step_00450 ✓ [ 100% ] 0000/0090 VUs  30s        450.00 iters/s
step_00500 ✓ [ 100% ] 0000/0100 VUs  30s        500.00 iters/s
step_00550 ✓ [ 100% ] 0000/0110 VUs  30s        550.00 iters/s
step_00600 ✓ [ 100% ] 0000/0120 VUs  30s        600.00 iters/s
step_00650 ✓ [ 100% ] 0000/0143 VUs  30s        650.00 iters/s
step_00700 ✓ [ 100% ] 0000/0145 VUs  30s        700.00 iters/s
step_00750 ✓ [ 100% ] 0000/0150 VUs  30s        750.00 iters/s
step_00800 ✓ [ 100% ] 0000/0177 VUs  30s        800.00 iters/s
step_00850 ✓ [ 100% ] 0000/0170 VUs  30s        850.00 iters/s
step_00900   [  33% ] 0006/0180 VUs  10.0s/30s  900.00 iters/s
step_00950 • [   0% ] waiting        0m20.0s   
step_01000 • [   0% ] waiting        0m50.0s   

running (08m41.0s), 0003/0429 VUs, 239327 complete and 0 interrupted iterations
step_00050 ✓ [ 100% ] 000/020 VUs    30s        50.00 iters/s
step_00100 ✓ [ 100% ] 000/020 VUs    30s        100.00 iters/s
step_00150 ✓ [ 100% ] 000/030 VUs    30s        150.00 iters/s
step_00200 ✓ [ 100% ] 000/040 VUs    30s        200.00 iters/s
step_00250 ✓ [ 100% ] 000/050 VUs    30s        250.00 iters/s
step_00300 ✓ [ 100% ] 000/064 VUs    30s        300.00 iters/s
step_00350 ✓ [ 100% ] 0000/0070 VUs  30s        350.00 iters/s
step_00400 ✓ [ 100% ] 0000/0080 VUs  30s        400.00 iters/s
step_00450 ✓ [ 100% ] 0000/0090 VUs  30s        450.00 iters/s
step_00500 ✓ [ 100% ] 0000/0100 VUs  30s        500.00 iters/s
step_00550 ✓ [ 100% ] 0000/0110 VUs  30s        550.00 iters/s
step_00600 ✓ [ 100% ] 0000/0120 VUs  30s        600.00 iters/s
step_00650 ✓ [ 100% ] 0000/0143 VUs  30s        650.00 iters/s
step_00700 ✓ [ 100% ] 0000/0145 VUs  30s        700.00 iters/s
step_00750 ✓ [ 100% ] 0000/0150 VUs  30s        750.00 iters/s
step_00800 ✓ [ 100% ] 0000/0177 VUs  30s        800.00 iters/s
step_00850 ✓ [ 100% ] 0000/0170 VUs  30s        850.00 iters/s
step_00900   [  37% ] 0003/0180 VUs  11.0s/30s  900.00 iters/s
step_00950 • [   0% ] waiting        0m19.0s   
step_01000 • [   0% ] waiting        0m49.0s   

running (08m42.0s), 0006/0429 VUs, 240223 complete and 0 interrupted iterations
step_00050 ✓ [ 100% ] 000/020 VUs    30s        50.00 iters/s
step_00100 ✓ [ 100% ] 000/020 VUs    30s        100.00 iters/s
step_00150 ✓ [ 100% ] 000/030 VUs    30s        150.00 iters/s
step_00200 ✓ [ 100% ] 000/040 VUs    30s        200.00 iters/s
step_00250 ✓ [ 100% ] 000/050 VUs    30s        250.00 iters/s
step_00300 ✓ [ 100% ] 000/064 VUs    30s        300.00 iters/s
step_00350 ✓ [ 100% ] 0000/0070 VUs  30s        350.00 iters/s
step_00400 ✓ [ 100% ] 0000/0080 VUs  30s        400.00 iters/s
step_00450 ✓ [ 100% ] 0000/0090 VUs  30s        450.00 iters/s
step_00500 ✓ [ 100% ] 0000/0100 VUs  30s        500.00 iters/s
step_00550 ✓ [ 100% ] 0000/0110 VUs  30s        550.00 iters/s
step_00600 ✓ [ 100% ] 0000/0120 VUs  30s        600.00 iters/s
step_00650 ✓ [ 100% ] 0000/0143 VUs  30s        650.00 iters/s
step_00700 ✓ [ 100% ] 0000/0145 VUs  30s        700.00 iters/s
step_00750 ✓ [ 100% ] 0000/0150 VUs  30s        750.00 iters/s
step_00800 ✓ [ 100% ] 0000/0177 VUs  30s        800.00 iters/s
step_00850 ✓ [ 100% ] 0000/0170 VUs  30s        850.00 iters/s
step_00900   [  40% ] 0006/0180 VUs  12.0s/30s  900.00 iters/s
step_00950 • [   0% ] waiting        0m18.0s   
step_01000 • [   0% ] waiting        0m48.0s   

running (08m43.0s), 0002/0429 VUs, 241127 complete and 0 interrupted iterations
step_00050 ✓ [ 100% ] 000/020 VUs    30s        50.00 iters/s
step_00100 ✓ [ 100% ] 000/020 VUs    30s        100.00 iters/s
step_00150 ✓ [ 100% ] 000/030 VUs    30s        150.00 iters/s
step_00200 ✓ [ 100% ] 000/040 VUs    30s        200.00 iters/s
step_00250 ✓ [ 100% ] 000/050 VUs    30s        250.00 iters/s
step_00300 ✓ [ 100% ] 000/064 VUs    30s        300.00 iters/s
step_00350 ✓ [ 100% ] 0000/0070 VUs  30s        350.00 iters/s
step_00400 ✓ [ 100% ] 0000/0080 VUs  30s        400.00 iters/s
step_00450 ✓ [ 100% ] 0000/0090 VUs  30s        450.00 iters/s
step_00500 ✓ [ 100% ] 0000/0100 VUs  30s        500.00 iters/s
step_00550 ✓ [ 100% ] 0000/0110 VUs  30s        550.00 iters/s
step_00600 ✓ [ 100% ] 0000/0120 VUs  30s        600.00 iters/s
step_00650 ✓ [ 100% ] 0000/0143 VUs  30s        650.00 iters/s
step_00700 ✓ [ 100% ] 0000/0145 VUs  30s        700.00 iters/s
step_00750 ✓ [ 100% ] 0000/0150 VUs  30s        750.00 iters/s
step_00800 ✓ [ 100% ] 0000/0177 VUs  30s        800.00 iters/s
step_00850 ✓ [ 100% ] 0000/0170 VUs  30s        850.00 iters/s
step_00900   [  43% ] 0003/0180 VUs  13.0s/30s  900.00 iters/s
step_00950 • [   0% ] waiting        0m17.0s   
step_01000 • [   0% ] waiting        0m47.0s   

running (08m44.0s), 0003/0429 VUs, 242026 complete and 0 interrupted iterations
step_00050 ✓ [ 100% ] 000/020 VUs    30s        50.00 iters/s
step_00100 ✓ [ 100% ] 000/020 VUs    30s        100.00 iters/s
step_00150 ✓ [ 100% ] 000/030 VUs    30s        150.00 iters/s
step_00200 ✓ [ 100% ] 000/040 VUs    30s        200.00 iters/s
step_00250 ✓ [ 100% ] 000/050 VUs    30s        250.00 iters/s
step_00300 ✓ [ 100% ] 000/064 VUs    30s        300.00 iters/s
step_00350 ✓ [ 100% ] 0000/0070 VUs  30s        350.00 iters/s
step_00400 ✓ [ 100% ] 0000/0080 VUs  30s        400.00 iters/s
step_00450 ✓ [ 100% ] 0000/0090 VUs  30s        450.00 iters/s
step_00500 ✓ [ 100% ] 0000/0100 VUs  30s        500.00 iters/s
step_00550 ✓ [ 100% ] 0000/0110 VUs  30s        550.00 iters/s
step_00600 ✓ [ 100% ] 0000/0120 VUs  30s        600.00 iters/s
step_00650 ✓ [ 100% ] 0000/0143 VUs  30s        650.00 iters/s
step_00700 ✓ [ 100% ] 0000/0145 VUs  30s        700.00 iters/s
step_00750 ✓ [ 100% ] 0000/0150 VUs  30s        750.00 iters/s
step_00800 ✓ [ 100% ] 0000/0177 VUs  30s        800.00 iters/s
step_00850 ✓ [ 100% ] 0000/0170 VUs  30s        850.00 iters/s
step_00900   [  47% ] 0003/0180 VUs  14.0s/30s  900.00 iters/s
step_00950 • [   0% ] waiting        0m16.0s   
step_01000 • [   0% ] waiting        0m46.0s   

running (08m45.0s), 0005/0429 VUs, 242925 complete and 0 interrupted iterations
step_00050 ✓ [ 100% ] 000/020 VUs    30s        50.00 iters/s
step_00100 ✓ [ 100% ] 000/020 VUs    30s        100.00 iters/s
step_00150 ✓ [ 100% ] 000/030 VUs    30s        150.00 iters/s
step_00200 ✓ [ 100% ] 000/040 VUs    30s        200.00 iters/s
step_00250 ✓ [ 100% ] 000/050 VUs    30s        250.00 iters/s
step_00300 ✓ [ 100% ] 000/064 VUs    30s        300.00 iters/s
step_00350 ✓ [ 100% ] 0000/0070 VUs  30s        350.00 iters/s
step_00400 ✓ [ 100% ] 0000/0080 VUs  30s        400.00 iters/s
step_00450 ✓ [ 100% ] 0000/0090 VUs  30s        450.00 iters/s
step_00500 ✓ [ 100% ] 0000/0100 VUs  30s        500.00 iters/s
step_00550 ✓ [ 100% ] 0000/0110 VUs  30s        550.00 iters/s
step_00600 ✓ [ 100% ] 0000/0120 VUs  30s        600.00 iters/s
step_00650 ✓ [ 100% ] 0000/0143 VUs  30s        650.00 iters/s
step_00700 ✓ [ 100% ] 0000/0145 VUs  30s        700.00 iters/s
step_00750 ✓ [ 100% ] 0000/0150 VUs  30s        750.00 iters/s
step_00800 ✓ [ 100% ] 0000/0177 VUs  30s        800.00 iters/s
step_00850 ✓ [ 100% ] 0000/0170 VUs  30s        850.00 iters/s
step_00900   [  50% ] 0005/0180 VUs  15.0s/30s  900.00 iters/s
step_00950 • [   0% ] waiting        0m15.0s   
step_01000 • [   0% ] waiting        0m45.0s   

running (08m46.0s), 0118/0429 VUs, 243712 complete and 0 interrupted iterations
step_00050 ✓ [ 100% ] 000/020 VUs    30s        50.00 iters/s
step_00100 ✓ [ 100% ] 000/020 VUs    30s        100.00 iters/s
step_00150 ✓ [ 100% ] 000/030 VUs    30s        150.00 iters/s
step_00200 ✓ [ 100% ] 000/040 VUs    30s        200.00 iters/s
step_00250 ✓ [ 100% ] 000/050 VUs    30s        250.00 iters/s
step_00300 ✓ [ 100% ] 000/064 VUs    30s        300.00 iters/s
step_00350 ✓ [ 100% ] 0000/0070 VUs  30s        350.00 iters/s
step_00400 ✓ [ 100% ] 0000/0080 VUs  30s        400.00 iters/s
step_00450 ✓ [ 100% ] 0000/0090 VUs  30s        450.00 iters/s
step_00500 ✓ [ 100% ] 0000/0100 VUs  30s        500.00 iters/s
step_00550 ✓ [ 100% ] 0000/0110 VUs  30s        550.00 iters/s
step_00600 ✓ [ 100% ] 0000/0120 VUs  30s        600.00 iters/s
step_00650 ✓ [ 100% ] 0000/0143 VUs  30s        650.00 iters/s
step_00700 ✓ [ 100% ] 0000/0145 VUs  30s        700.00 iters/s
step_00750 ✓ [ 100% ] 0000/0150 VUs  30s        750.00 iters/s
step_00800 ✓ [ 100% ] 0000/0177 VUs  30s        800.00 iters/s
step_00850 ✓ [ 100% ] 0000/0170 VUs  30s        850.00 iters/s
step_00900   [  53% ] 0118/0180 VUs  16.0s/30s  900.00 iters/s
step_00950 • [   0% ] waiting        0m14.0s   
step_01000 • [   0% ] waiting        0m44.0s   

running (08m47.0s), 0008/0485 VUs, 244650 complete and 0 interrupted iterations
step_00050 ✓ [ 100% ] 000/020 VUs    30s        50.00 iters/s
step_00100 ✓ [ 100% ] 000/020 VUs    30s        100.00 iters/s
step_00150 ✓ [ 100% ] 000/030 VUs    30s        150.00 iters/s
step_00200 ✓ [ 100% ] 000/040 VUs    30s        200.00 iters/s
step_00250 ✓ [ 100% ] 000/050 VUs    30s        250.00 iters/s
step_00300 ✓ [ 100% ] 000/064 VUs    30s        300.00 iters/s
step_00350 ✓ [ 100% ] 0000/0070 VUs  30s        350.00 iters/s
step_00400 ✓ [ 100% ] 0000/0080 VUs  30s        400.00 iters/s
step_00450 ✓ [ 100% ] 0000/0090 VUs  30s        450.00 iters/s
step_00500 ✓ [ 100% ] 0000/0100 VUs  30s        500.00 iters/s
step_00550 ✓ [ 100% ] 0000/0110 VUs  30s        550.00 iters/s
step_00600 ✓ [ 100% ] 0000/0120 VUs  30s        600.00 iters/s
step_00650 ✓ [ 100% ] 0000/0143 VUs  30s        650.00 iters/s
step_00700 ✓ [ 100% ] 0000/0145 VUs  30s        700.00 iters/s
step_00750 ✓ [ 100% ] 0000/0150 VUs  30s        750.00 iters/s
step_00800 ✓ [ 100% ] 0000/0177 VUs  30s        800.00 iters/s
step_00850 ✓ [ 100% ] 0000/0170 VUs  30s        850.00 iters/s
step_00900   [  57% ] 0008/0236 VUs  17.0s/30s  900.00 iters/s
step_00950 • [   0% ] waiting        0m13.0s   
step_01000 • [   0% ] waiting        0m43.0s   

running (08m48.0s), 0003/0485 VUs, 245555 complete and 0 interrupted iterations
step_00050 ✓ [ 100% ] 000/020 VUs    30s        50.00 iters/s
step_00100 ✓ [ 100% ] 000/020 VUs    30s        100.00 iters/s
step_00150 ✓ [ 100% ] 000/030 VUs    30s        150.00 iters/s
step_00200 ✓ [ 100% ] 000/040 VUs    30s        200.00 iters/s
step_00250 ✓ [ 100% ] 000/050 VUs    30s        250.00 iters/s
step_00300 ✓ [ 100% ] 000/064 VUs    30s        300.00 iters/s
step_00350 ✓ [ 100% ] 0000/0070 VUs  30s        350.00 iters/s
step_00400 ✓ [ 100% ] 0000/0080 VUs  30s        400.00 iters/s
step_00450 ✓ [ 100% ] 0000/0090 VUs  30s        450.00 iters/s
step_00500 ✓ [ 100% ] 0000/0100 VUs  30s        500.00 iters/s
step_00550 ✓ [ 100% ] 0000/0110 VUs  30s        550.00 iters/s
step_00600 ✓ [ 100% ] 0000/0120 VUs  30s        600.00 iters/s
step_00650 ✓ [ 100% ] 0000/0143 VUs  30s        650.00 iters/s
step_00700 ✓ [ 100% ] 0000/0145 VUs  30s        700.00 iters/s
step_00750 ✓ [ 100% ] 0000/0150 VUs  30s        750.00 iters/s
step_00800 ✓ [ 100% ] 0000/0177 VUs  30s        800.00 iters/s
step_00850 ✓ [ 100% ] 0000/0170 VUs  30s        850.00 iters/s
step_00900   [  60% ] 0003/0236 VUs  18.0s/30s  900.00 iters/s
step_00950 • [   0% ] waiting        0m12.0s   
step_01000 • [   0% ] waiting        0m42.0s   

running (08m49.0s), 0005/0485 VUs, 246453 complete and 0 interrupted iterations
step_00050 ✓ [ 100% ] 000/020 VUs    30s        50.00 iters/s
step_00100 ✓ [ 100% ] 000/020 VUs    30s        100.00 iters/s
step_00150 ✓ [ 100% ] 000/030 VUs    30s        150.00 iters/s
step_00200 ✓ [ 100% ] 000/040 VUs    30s        200.00 iters/s
step_00250 ✓ [ 100% ] 000/050 VUs    30s        250.00 iters/s
step_00300 ✓ [ 100% ] 000/064 VUs    30s        300.00 iters/s
step_00350 ✓ [ 100% ] 0000/0070 VUs  30s        350.00 iters/s
step_00400 ✓ [ 100% ] 0000/0080 VUs  30s        400.00 iters/s
step_00450 ✓ [ 100% ] 0000/0090 VUs  30s        450.00 iters/s
step_00500 ✓ [ 100% ] 0000/0100 VUs  30s        500.00 iters/s
step_00550 ✓ [ 100% ] 0000/0110 VUs  30s        550.00 iters/s
step_00600 ✓ [ 100% ] 0000/0120 VUs  30s        600.00 iters/s
step_00650 ✓ [ 100% ] 0000/0143 VUs  30s        650.00 iters/s
step_00700 ✓ [ 100% ] 0000/0145 VUs  30s        700.00 iters/s
step_00750 ✓ [ 100% ] 0000/0150 VUs  30s        750.00 iters/s
step_00800 ✓ [ 100% ] 0000/0177 VUs  30s        800.00 iters/s
step_00850 ✓ [ 100% ] 0000/0170 VUs  30s        850.00 iters/s
step_00900   [  63% ] 0005/0236 VUs  19.0s/30s  900.00 iters/s
step_00950 • [   0% ] waiting        0m11.0s   
step_01000 • [   0% ] waiting        0m41.0s   

running (08m50.0s), 0004/0485 VUs, 247354 complete and 0 interrupted iterations
step_00050 ✓ [ 100% ] 000/020 VUs    30s        50.00 iters/s
step_00100 ✓ [ 100% ] 000/020 VUs    30s        100.00 iters/s
step_00150 ✓ [ 100% ] 000/030 VUs    30s        150.00 iters/s
step_00200 ✓ [ 100% ] 000/040 VUs    30s        200.00 iters/s
step_00250 ✓ [ 100% ] 000/050 VUs    30s        250.00 iters/s
step_00300 ✓ [ 100% ] 000/064 VUs    30s        300.00 iters/s
step_00350 ✓ [ 100% ] 0000/0070 VUs  30s        350.00 iters/s
step_00400 ✓ [ 100% ] 0000/0080 VUs  30s        400.00 iters/s
step_00450 ✓ [ 100% ] 0000/0090 VUs  30s        450.00 iters/s
step_00500 ✓ [ 100% ] 0000/0100 VUs  30s        500.00 iters/s
step_00550 ✓ [ 100% ] 0000/0110 VUs  30s        550.00 iters/s
step_00600 ✓ [ 100% ] 0000/0120 VUs  30s        600.00 iters/s
step_00650 ✓ [ 100% ] 0000/0143 VUs  30s        650.00 iters/s
step_00700 ✓ [ 100% ] 0000/0145 VUs  30s        700.00 iters/s
step_00750 ✓ [ 100% ] 0000/0150 VUs  30s        750.00 iters/s
step_00800 ✓ [ 100% ] 0000/0177 VUs  30s        800.00 iters/s
step_00850 ✓ [ 100% ] 0000/0170 VUs  30s        850.00 iters/s
step_00900   [  67% ] 0004/0236 VUs  20.0s/30s  900.00 iters/s
step_00950 • [   0% ] waiting        0m10.0s   
step_01000 • [   0% ] waiting        0m40.0s   

running (08m51.0s), 0010/0485 VUs, 248247 complete and 0 interrupted iterations
step_00050 ✓ [ 100% ] 000/020 VUs    30s        50.00 iters/s
step_00100 ✓ [ 100% ] 000/020 VUs    30s        100.00 iters/s
step_00150 ✓ [ 100% ] 000/030 VUs    30s        150.00 iters/s
step_00200 ✓ [ 100% ] 000/040 VUs    30s        200.00 iters/s
step_00250 ✓ [ 100% ] 000/050 VUs    30s        250.00 iters/s
step_00300 ✓ [ 100% ] 000/064 VUs    30s        300.00 iters/s
step_00350 ✓ [ 100% ] 0000/0070 VUs  30s        350.00 iters/s
step_00400 ✓ [ 100% ] 0000/0080 VUs  30s        400.00 iters/s
step_00450 ✓ [ 100% ] 0000/0090 VUs  30s        450.00 iters/s
step_00500 ✓ [ 100% ] 0000/0100 VUs  30s        500.00 iters/s
step_00550 ✓ [ 100% ] 0000/0110 VUs  30s        550.00 iters/s
step_00600 ✓ [ 100% ] 0000/0120 VUs  30s        600.00 iters/s
step_00650 ✓ [ 100% ] 0000/0143 VUs  30s        650.00 iters/s
step_00700 ✓ [ 100% ] 0000/0145 VUs  30s        700.00 iters/s
step_00750 ✓ [ 100% ] 0000/0150 VUs  30s        750.00 iters/s
step_00800 ✓ [ 100% ] 0000/0177 VUs  30s        800.00 iters/s
step_00850 ✓ [ 100% ] 0000/0170 VUs  30s        850.00 iters/s
step_00900   [  70% ] 0011/0236 VUs  21.0s/30s  900.00 iters/s
step_00950 • [   0% ] waiting        0m09.0s   
step_01000 • [   0% ] waiting        0m39.0s   

running (08m52.0s), 0010/0485 VUs, 249147 complete and 0 interrupted iterations
step_00050 ✓ [ 100% ] 000/020 VUs    30s        50.00 iters/s
step_00100 ✓ [ 100% ] 000/020 VUs    30s        100.00 iters/s
step_00150 ✓ [ 100% ] 000/030 VUs    30s        150.00 iters/s
step_00200 ✓ [ 100% ] 000/040 VUs    30s        200.00 iters/s
step_00250 ✓ [ 100% ] 000/050 VUs    30s        250.00 iters/s
step_00300 ✓ [ 100% ] 000/064 VUs    30s        300.00 iters/s
step_00350 ✓ [ 100% ] 0000/0070 VUs  30s        350.00 iters/s
step_00400 ✓ [ 100% ] 0000/0080 VUs  30s        400.00 iters/s
step_00450 ✓ [ 100% ] 0000/0090 VUs  30s        450.00 iters/s
step_00500 ✓ [ 100% ] 0000/0100 VUs  30s        500.00 iters/s
step_00550 ✓ [ 100% ] 0000/0110 VUs  30s        550.00 iters/s
step_00600 ✓ [ 100% ] 0000/0120 VUs  30s        600.00 iters/s
step_00650 ✓ [ 100% ] 0000/0143 VUs  30s        650.00 iters/s
step_00700 ✓ [ 100% ] 0000/0145 VUs  30s        700.00 iters/s
step_00750 ✓ [ 100% ] 0000/0150 VUs  30s        750.00 iters/s
step_00800 ✓ [ 100% ] 0000/0177 VUs  30s        800.00 iters/s
step_00850 ✓ [ 100% ] 0000/0170 VUs  30s        850.00 iters/s
step_00900   [  73% ] 0010/0236 VUs  22.0s/30s  900.00 iters/s
step_00950 • [   0% ] waiting        0m08.0s   
step_01000 • [   0% ] waiting        0m38.0s   

running (08m53.0s), 0036/0485 VUs, 250021 complete and 0 interrupted iterations
step_00050 ✓ [ 100% ] 000/020 VUs    30s        50.00 iters/s
step_00100 ✓ [ 100% ] 000/020 VUs    30s        100.00 iters/s
step_00150 ✓ [ 100% ] 000/030 VUs    30s        150.00 iters/s
step_00200 ✓ [ 100% ] 000/040 VUs    30s        200.00 iters/s
step_00250 ✓ [ 100% ] 000/050 VUs    30s        250.00 iters/s
step_00300 ✓ [ 100% ] 000/064 VUs    30s        300.00 iters/s
step_00350 ✓ [ 100% ] 0000/0070 VUs  30s        350.00 iters/s
step_00400 ✓ [ 100% ] 0000/0080 VUs  30s        400.00 iters/s
step_00450 ✓ [ 100% ] 0000/0090 VUs  30s        450.00 iters/s
step_00500 ✓ [ 100% ] 0000/0100 VUs  30s        500.00 iters/s
step_00550 ✓ [ 100% ] 0000/0110 VUs  30s        550.00 iters/s
step_00600 ✓ [ 100% ] 0000/0120 VUs  30s        600.00 iters/s
step_00650 ✓ [ 100% ] 0000/0143 VUs  30s        650.00 iters/s
step_00700 ✓ [ 100% ] 0000/0145 VUs  30s        700.00 iters/s
step_00750 ✓ [ 100% ] 0000/0150 VUs  30s        750.00 iters/s
step_00800 ✓ [ 100% ] 0000/0177 VUs  30s        800.00 iters/s
step_00850 ✓ [ 100% ] 0000/0170 VUs  30s        850.00 iters/s
step_00900   [  77% ] 0036/0236 VUs  23.0s/30s  900.00 iters/s
step_00950 • [   0% ] waiting        0m07.0s   
step_01000 • [   0% ] waiting        0m37.0s   

running (08m54.0s), 0013/0485 VUs, 250945 complete and 0 interrupted iterations
step_00050 ✓ [ 100% ] 000/020 VUs    30s        50.00 iters/s
step_00100 ✓ [ 100% ] 000/020 VUs    30s        100.00 iters/s
step_00150 ✓ [ 100% ] 000/030 VUs    30s        150.00 iters/s
step_00200 ✓ [ 100% ] 000/040 VUs    30s        200.00 iters/s
step_00250 ✓ [ 100% ] 000/050 VUs    30s        250.00 iters/s
step_00300 ✓ [ 100% ] 000/064 VUs    30s        300.00 iters/s
step_00350 ✓ [ 100% ] 0000/0070 VUs  30s        350.00 iters/s
step_00400 ✓ [ 100% ] 0000/0080 VUs  30s        400.00 iters/s
step_00450 ✓ [ 100% ] 0000/0090 VUs  30s        450.00 iters/s
step_00500 ✓ [ 100% ] 0000/0100 VUs  30s        500.00 iters/s
step_00550 ✓ [ 100% ] 0000/0110 VUs  30s        550.00 iters/s
step_00600 ✓ [ 100% ] 0000/0120 VUs  30s        600.00 iters/s
step_00650 ✓ [ 100% ] 0000/0143 VUs  30s        650.00 iters/s
step_00700 ✓ [ 100% ] 0000/0145 VUs  30s        700.00 iters/s
step_00750 ✓ [ 100% ] 0000/0150 VUs  30s        750.00 iters/s
step_00800 ✓ [ 100% ] 0000/0177 VUs  30s        800.00 iters/s
step_00850 ✓ [ 100% ] 0000/0170 VUs  30s        850.00 iters/s
step_00900   [  80% ] 0013/0236 VUs  24.0s/30s  900.00 iters/s
step_00950 • [   0% ] waiting        0m06.0s   
step_01000 • [   0% ] waiting        0m36.0s   

running (08m55.0s), 0003/0485 VUs, 251854 complete and 0 interrupted iterations
step_00050 ✓ [ 100% ] 000/020 VUs    30s        50.00 iters/s
step_00100 ✓ [ 100% ] 000/020 VUs    30s        100.00 iters/s
step_00150 ✓ [ 100% ] 000/030 VUs    30s        150.00 iters/s
step_00200 ✓ [ 100% ] 000/040 VUs    30s        200.00 iters/s
step_00250 ✓ [ 100% ] 000/050 VUs    30s        250.00 iters/s
step_00300 ✓ [ 100% ] 000/064 VUs    30s        300.00 iters/s
step_00350 ✓ [ 100% ] 0000/0070 VUs  30s        350.00 iters/s
step_00400 ✓ [ 100% ] 0000/0080 VUs  30s        400.00 iters/s
step_00450 ✓ [ 100% ] 0000/0090 VUs  30s        450.00 iters/s
step_00500 ✓ [ 100% ] 0000/0100 VUs  30s        500.00 iters/s
step_00550 ✓ [ 100% ] 0000/0110 VUs  30s        550.00 iters/s
step_00600 ✓ [ 100% ] 0000/0120 VUs  30s        600.00 iters/s
step_00650 ✓ [ 100% ] 0000/0143 VUs  30s        650.00 iters/s
step_00700 ✓ [ 100% ] 0000/0145 VUs  30s        700.00 iters/s
step_00750 ✓ [ 100% ] 0000/0150 VUs  30s        750.00 iters/s
step_00800 ✓ [ 100% ] 0000/0177 VUs  30s        800.00 iters/s
step_00850 ✓ [ 100% ] 0000/0170 VUs  30s        850.00 iters/s
step_00900   [  83% ] 0004/0236 VUs  25.0s/30s  900.00 iters/s
step_00950 • [   0% ] waiting        0m05.0s   
step_01000 • [   0% ] waiting        0m35.0s   

running (08m56.0s), 0028/0485 VUs, 252730 complete and 0 interrupted iterations
step_00050 ✓ [ 100% ] 000/020 VUs    30s        50.00 iters/s
step_00100 ✓ [ 100% ] 000/020 VUs    30s        100.00 iters/s
step_00150 ✓ [ 100% ] 000/030 VUs    30s        150.00 iters/s
step_00200 ✓ [ 100% ] 000/040 VUs    30s        200.00 iters/s
step_00250 ✓ [ 100% ] 000/050 VUs    30s        250.00 iters/s
step_00300 ✓ [ 100% ] 000/064 VUs    30s        300.00 iters/s
step_00350 ✓ [ 100% ] 0000/0070 VUs  30s        350.00 iters/s
step_00400 ✓ [ 100% ] 0000/0080 VUs  30s        400.00 iters/s
step_00450 ✓ [ 100% ] 0000/0090 VUs  30s        450.00 iters/s
step_00500 ✓ [ 100% ] 0000/0100 VUs  30s        500.00 iters/s
step_00550 ✓ [ 100% ] 0000/0110 VUs  30s        550.00 iters/s
step_00600 ✓ [ 100% ] 0000/0120 VUs  30s        600.00 iters/s
step_00650 ✓ [ 100% ] 0000/0143 VUs  30s        650.00 iters/s
step_00700 ✓ [ 100% ] 0000/0145 VUs  30s        700.00 iters/s
step_00750 ✓ [ 100% ] 0000/0150 VUs  30s        750.00 iters/s
step_00800 ✓ [ 100% ] 0000/0177 VUs  30s        800.00 iters/s
step_00850 ✓ [ 100% ] 0000/0170 VUs  30s        850.00 iters/s
step_00900   [  87% ] 0028/0236 VUs  26.0s/30s  900.00 iters/s
step_00950 • [   0% ] waiting        0m04.0s   
step_01000 • [   0% ] waiting        0m34.0s   

running (08m57.0s), 0021/0485 VUs, 253637 complete and 0 interrupted iterations
step_00050 ✓ [ 100% ] 000/020 VUs    30s        50.00 iters/s
step_00100 ✓ [ 100% ] 000/020 VUs    30s        100.00 iters/s
step_00150 ✓ [ 100% ] 000/030 VUs    30s        150.00 iters/s
step_00200 ✓ [ 100% ] 000/040 VUs    30s        200.00 iters/s
step_00250 ✓ [ 100% ] 000/050 VUs    30s        250.00 iters/s
step_00300 ✓ [ 100% ] 000/064 VUs    30s        300.00 iters/s
step_00350 ✓ [ 100% ] 0000/0070 VUs  30s        350.00 iters/s
step_00400 ✓ [ 100% ] 0000/0080 VUs  30s        400.00 iters/s
step_00450 ✓ [ 100% ] 0000/0090 VUs  30s        450.00 iters/s
step_00500 ✓ [ 100% ] 0000/0100 VUs  30s        500.00 iters/s
step_00550 ✓ [ 100% ] 0000/0110 VUs  30s        550.00 iters/s
step_00600 ✓ [ 100% ] 0000/0120 VUs  30s        600.00 iters/s
step_00650 ✓ [ 100% ] 0000/0143 VUs  30s        650.00 iters/s
step_00700 ✓ [ 100% ] 0000/0145 VUs  30s        700.00 iters/s
step_00750 ✓ [ 100% ] 0000/0150 VUs  30s        750.00 iters/s
step_00800 ✓ [ 100% ] 0000/0177 VUs  30s        800.00 iters/s
step_00850 ✓ [ 100% ] 0000/0170 VUs  30s        850.00 iters/s
step_00900   [  90% ] 0021/0236 VUs  27.0s/30s  900.00 iters/s
step_00950 • [   0% ] waiting        0m03.0s   
step_01000 • [   0% ] waiting        0m33.0s   

running (08m58.0s), 0010/0485 VUs, 254547 complete and 0 interrupted iterations
step_00050 ✓ [ 100% ] 000/020 VUs    30s        50.00 iters/s
step_00100 ✓ [ 100% ] 000/020 VUs    30s        100.00 iters/s
step_00150 ✓ [ 100% ] 000/030 VUs    30s        150.00 iters/s
step_00200 ✓ [ 100% ] 000/040 VUs    30s        200.00 iters/s
step_00250 ✓ [ 100% ] 000/050 VUs    30s        250.00 iters/s
step_00300 ✓ [ 100% ] 000/064 VUs    30s        300.00 iters/s
step_00350 ✓ [ 100% ] 0000/0070 VUs  30s        350.00 iters/s
step_00400 ✓ [ 100% ] 0000/0080 VUs  30s        400.00 iters/s
step_00450 ✓ [ 100% ] 0000/0090 VUs  30s        450.00 iters/s
step_00500 ✓ [ 100% ] 0000/0100 VUs  30s        500.00 iters/s
step_00550 ✓ [ 100% ] 0000/0110 VUs  30s        550.00 iters/s
step_00600 ✓ [ 100% ] 0000/0120 VUs  30s        600.00 iters/s
step_00650 ✓ [ 100% ] 0000/0143 VUs  30s        650.00 iters/s
step_00700 ✓ [ 100% ] 0000/0145 VUs  30s        700.00 iters/s
step_00750 ✓ [ 100% ] 0000/0150 VUs  30s        750.00 iters/s
step_00800 ✓ [ 100% ] 0000/0177 VUs  30s        800.00 iters/s
step_00850 ✓ [ 100% ] 0000/0170 VUs  30s        850.00 iters/s
step_00900   [  93% ] 0011/0236 VUs  28.0s/30s  900.00 iters/s
step_00950 • [   0% ] waiting        0m02.0s   
step_01000 • [   0% ] waiting        0m32.0s   

running (08m59.0s), 0159/0485 VUs, 255299 complete and 0 interrupted iterations
step_00050 ✓ [ 100% ] 000/020 VUs    30s        50.00 iters/s
step_00100 ✓ [ 100% ] 000/020 VUs    30s        100.00 iters/s
step_00150 ✓ [ 100% ] 000/030 VUs    30s        150.00 iters/s
step_00200 ✓ [ 100% ] 000/040 VUs    30s        200.00 iters/s
step_00250 ✓ [ 100% ] 000/050 VUs    30s        250.00 iters/s
step_00300 ✓ [ 100% ] 000/064 VUs    30s        300.00 iters/s
step_00350 ✓ [ 100% ] 0000/0070 VUs  30s        350.00 iters/s
step_00400 ✓ [ 100% ] 0000/0080 VUs  30s        400.00 iters/s
step_00450 ✓ [ 100% ] 0000/0090 VUs  30s        450.00 iters/s
step_00500 ✓ [ 100% ] 0000/0100 VUs  30s        500.00 iters/s
step_00550 ✓ [ 100% ] 0000/0110 VUs  30s        550.00 iters/s
step_00600 ✓ [ 100% ] 0000/0120 VUs  30s        600.00 iters/s
step_00650 ✓ [ 100% ] 0000/0143 VUs  30s        650.00 iters/s
step_00700 ✓ [ 100% ] 0000/0145 VUs  30s        700.00 iters/s
step_00750 ✓ [ 100% ] 0000/0150 VUs  30s        750.00 iters/s
step_00800 ✓ [ 100% ] 0000/0177 VUs  30s        800.00 iters/s
step_00850 ✓ [ 100% ] 0000/0170 VUs  30s        850.00 iters/s
step_00900   [  97% ] 0159/0236 VUs  29.0s/30s  900.00 iters/s
step_00950 • [   0% ] waiting        0m01.0s   
step_01000 • [   0% ] waiting        0m31.0s   

running (09m00.0s), 0004/0485 VUs, 256354 complete and 0 interrupted iterations
step_00050 ✓ [ 100% ] 000/020 VUs    30s        50.00 iters/s
step_00100 ✓ [ 100% ] 000/020 VUs    30s        100.00 iters/s
step_00150 ✓ [ 100% ] 000/030 VUs    30s        150.00 iters/s
step_00200 ✓ [ 100% ] 000/040 VUs    30s        200.00 iters/s
step_00250 ✓ [ 100% ] 000/050 VUs    30s        250.00 iters/s
step_00300 ✓ [ 100% ] 000/064 VUs    30s        300.00 iters/s
step_00350 ✓ [ 100% ] 0000/0070 VUs  30s        350.00 iters/s
step_00400 ✓ [ 100% ] 0000/0080 VUs  30s        400.00 iters/s
step_00450 ✓ [ 100% ] 0000/0090 VUs  30s        450.00 iters/s
step_00500 ✓ [ 100% ] 0000/0100 VUs  30s        500.00 iters/s
step_00550 ✓ [ 100% ] 0000/0110 VUs  30s        550.00 iters/s
step_00600 ✓ [ 100% ] 0000/0120 VUs  30s        600.00 iters/s
step_00650 ✓ [ 100% ] 0000/0143 VUs  30s        650.00 iters/s
step_00700 ✓ [ 100% ] 0000/0145 VUs  30s        700.00 iters/s
step_00750 ✓ [ 100% ] 0000/0150 VUs  30s        750.00 iters/s
step_00800 ✓ [ 100% ] 0000/0177 VUs  30s        800.00 iters/s
step_00850 ✓ [ 100% ] 0000/0170 VUs  30s        850.00 iters/s
step_00900   [ 100% ] 0004/0236 VUs  30.0s/30s  900.00 iters/s
step_00950 • [   0% ] waiting        0m00.0s   
step_01000 • [   0% ] waiting        0m30.0s   

running (09m01.0s), 0007/0485 VUs, 257299 complete and 0 interrupted iterations
step_00050 ✓ [ 100% ] 000/020 VUs    30s        50.00 iters/s
step_00100 ✓ [ 100% ] 000/020 VUs    30s        100.00 iters/s
step_00150 ✓ [ 100% ] 000/030 VUs    30s        150.00 iters/s
step_00200 ✓ [ 100% ] 000/040 VUs    30s        200.00 iters/s
step_00250 ✓ [ 100% ] 000/050 VUs    30s        250.00 iters/s
step_00300 ✓ [ 100% ] 000/064 VUs    30s        300.00 iters/s
step_00350 ✓ [ 100% ] 0000/0070 VUs  30s        350.00 iters/s
step_00400 ✓ [ 100% ] 0000/0080 VUs  30s        400.00 iters/s
step_00450 ✓ [ 100% ] 0000/0090 VUs  30s        450.00 iters/s
step_00500 ✓ [ 100% ] 0000/0100 VUs  30s        500.00 iters/s
step_00550 ✓ [ 100% ] 0000/0110 VUs  30s        550.00 iters/s
step_00600 ✓ [ 100% ] 0000/0120 VUs  30s        600.00 iters/s
step_00650 ✓ [ 100% ] 0000/0143 VUs  30s        650.00 iters/s
step_00700 ✓ [ 100% ] 0000/0145 VUs  30s        700.00 iters/s
step_00750 ✓ [ 100% ] 0000/0150 VUs  30s        750.00 iters/s
step_00800 ✓ [ 100% ] 0000/0177 VUs  30s        800.00 iters/s
step_00850 ✓ [ 100% ] 0000/0170 VUs  30s        850.00 iters/s
step_00900 ✓ [ 100% ] 0000/0236 VUs  30s        900.00 iters/s
step_00950   [   3% ] 0007/0190 VUs  01.0s/30s  950.00 iters/s
step_01000 • [   0% ] waiting        0m29.0s   

running (09m02.0s), 0009/0485 VUs, 258247 complete and 0 interrupted iterations
step_00050 ✓ [ 100% ] 000/020 VUs    30s        50.00 iters/s
step_00100 ✓ [ 100% ] 000/020 VUs    30s        100.00 iters/s
step_00150 ✓ [ 100% ] 000/030 VUs    30s        150.00 iters/s
step_00200 ✓ [ 100% ] 000/040 VUs    30s        200.00 iters/s
step_00250 ✓ [ 100% ] 000/050 VUs    30s        250.00 iters/s
step_00300 ✓ [ 100% ] 000/064 VUs    30s        300.00 iters/s
step_00350 ✓ [ 100% ] 0000/0070 VUs  30s        350.00 iters/s
step_00400 ✓ [ 100% ] 0000/0080 VUs  30s        400.00 iters/s
step_00450 ✓ [ 100% ] 0000/0090 VUs  30s        450.00 iters/s
step_00500 ✓ [ 100% ] 0000/0100 VUs  30s        500.00 iters/s
step_00550 ✓ [ 100% ] 0000/0110 VUs  30s        550.00 iters/s
step_00600 ✓ [ 100% ] 0000/0120 VUs  30s        600.00 iters/s
step_00650 ✓ [ 100% ] 0000/0143 VUs  30s        650.00 iters/s
step_00700 ✓ [ 100% ] 0000/0145 VUs  30s        700.00 iters/s
step_00750 ✓ [ 100% ] 0000/0150 VUs  30s        750.00 iters/s
step_00800 ✓ [ 100% ] 0000/0177 VUs  30s        800.00 iters/s
step_00850 ✓ [ 100% ] 0000/0170 VUs  30s        850.00 iters/s
step_00900 ✓ [ 100% ] 0000/0236 VUs  30s        900.00 iters/s
step_00950   [   7% ] 0009/0190 VUs  02.0s/30s  950.00 iters/s
step_01000 • [   0% ] waiting        0m28.0s   

running (09m03.0s), 0047/0485 VUs, 259159 complete and 0 interrupted iterations
step_00050 ✓ [ 100% ] 000/020 VUs    30s        50.00 iters/s
step_00100 ✓ [ 100% ] 000/020 VUs    30s        100.00 iters/s
step_00150 ✓ [ 100% ] 000/030 VUs    30s        150.00 iters/s
step_00200 ✓ [ 100% ] 000/040 VUs    30s        200.00 iters/s
step_00250 ✓ [ 100% ] 000/050 VUs    30s        250.00 iters/s
step_00300 ✓ [ 100% ] 000/064 VUs    30s        300.00 iters/s
step_00350 ✓ [ 100% ] 0000/0070 VUs  30s        350.00 iters/s
step_00400 ✓ [ 100% ] 0000/0080 VUs  30s        400.00 iters/s
step_00450 ✓ [ 100% ] 0000/0090 VUs  30s        450.00 iters/s
step_00500 ✓ [ 100% ] 0000/0100 VUs  30s        500.00 iters/s
step_00550 ✓ [ 100% ] 0000/0110 VUs  30s        550.00 iters/s
step_00600 ✓ [ 100% ] 0000/0120 VUs  30s        600.00 iters/s
step_00650 ✓ [ 100% ] 0000/0143 VUs  30s        650.00 iters/s
step_00700 ✓ [ 100% ] 0000/0145 VUs  30s        700.00 iters/s
step_00750 ✓ [ 100% ] 0000/0150 VUs  30s        750.00 iters/s
step_00800 ✓ [ 100% ] 0000/0177 VUs  30s        800.00 iters/s
step_00850 ✓ [ 100% ] 0000/0170 VUs  30s        850.00 iters/s
step_00900 ✓ [ 100% ] 0000/0236 VUs  30s        900.00 iters/s
step_00950   [  10% ] 0044/0190 VUs  03.0s/30s  950.00 iters/s
step_01000 • [   0% ] waiting        0m27.0s   

running (09m04.0s), 0005/0485 VUs, 260151 complete and 0 interrupted iterations
step_00050 ✓ [ 100% ] 000/020 VUs    30s        50.00 iters/s
step_00100 ✓ [ 100% ] 000/020 VUs    30s        100.00 iters/s
step_00150 ✓ [ 100% ] 000/030 VUs    30s        150.00 iters/s
step_00200 ✓ [ 100% ] 000/040 VUs    30s        200.00 iters/s
step_00250 ✓ [ 100% ] 000/050 VUs    30s        250.00 iters/s
step_00300 ✓ [ 100% ] 000/064 VUs    30s        300.00 iters/s
step_00350 ✓ [ 100% ] 0000/0070 VUs  30s        350.00 iters/s
step_00400 ✓ [ 100% ] 0000/0080 VUs  30s        400.00 iters/s
step_00450 ✓ [ 100% ] 0000/0090 VUs  30s        450.00 iters/s
step_00500 ✓ [ 100% ] 0000/0100 VUs  30s        500.00 iters/s
step_00550 ✓ [ 100% ] 0000/0110 VUs  30s        550.00 iters/s
step_00600 ✓ [ 100% ] 0000/0120 VUs  30s        600.00 iters/s
step_00650 ✓ [ 100% ] 0000/0143 VUs  30s        650.00 iters/s
step_00700 ✓ [ 100% ] 0000/0145 VUs  30s        700.00 iters/s
step_00750 ✓ [ 100% ] 0000/0150 VUs  30s        750.00 iters/s
step_00800 ✓ [ 100% ] 0000/0177 VUs  30s        800.00 iters/s
step_00850 ✓ [ 100% ] 0000/0170 VUs  30s        850.00 iters/s
step_00900 ✓ [ 100% ] 0000/0236 VUs  30s        900.00 iters/s
step_00950   [  13% ] 0005/0190 VUs  04.0s/30s  950.00 iters/s
step_01000 • [   0% ] waiting        0m26.0s   

running (09m05.0s), 0002/0485 VUs, 261104 complete and 0 interrupted iterations
step_00050 ✓ [ 100% ] 000/020 VUs    30s        50.00 iters/s
step_00100 ✓ [ 100% ] 000/020 VUs    30s        100.00 iters/s
step_00150 ✓ [ 100% ] 000/030 VUs    30s        150.00 iters/s
step_00200 ✓ [ 100% ] 000/040 VUs    30s        200.00 iters/s
step_00250 ✓ [ 100% ] 000/050 VUs    30s        250.00 iters/s
step_00300 ✓ [ 100% ] 000/064 VUs    30s        300.00 iters/s
step_00350 ✓ [ 100% ] 0000/0070 VUs  30s        350.00 iters/s
step_00400 ✓ [ 100% ] 0000/0080 VUs  30s        400.00 iters/s
step_00450 ✓ [ 100% ] 0000/0090 VUs  30s        450.00 iters/s
step_00500 ✓ [ 100% ] 0000/0100 VUs  30s        500.00 iters/s
step_00550 ✓ [ 100% ] 0000/0110 VUs  30s        550.00 iters/s
step_00600 ✓ [ 100% ] 0000/0120 VUs  30s        600.00 iters/s
step_00650 ✓ [ 100% ] 0000/0143 VUs  30s        650.00 iters/s
step_00700 ✓ [ 100% ] 0000/0145 VUs  30s        700.00 iters/s
step_00750 ✓ [ 100% ] 0000/0150 VUs  30s        750.00 iters/s
step_00800 ✓ [ 100% ] 0000/0177 VUs  30s        800.00 iters/s
step_00850 ✓ [ 100% ] 0000/0170 VUs  30s        850.00 iters/s
step_00900 ✓ [ 100% ] 0000/0236 VUs  30s        900.00 iters/s
step_00950   [  17% ] 0002/0190 VUs  05.0s/30s  950.00 iters/s
step_01000 • [   0% ] waiting        0m25.0s   

running (09m06.0s), 0003/0485 VUs, 262053 complete and 0 interrupted iterations
step_00050 ✓ [ 100% ] 000/020 VUs    30s        50.00 iters/s
step_00100 ✓ [ 100% ] 000/020 VUs    30s        100.00 iters/s
step_00150 ✓ [ 100% ] 000/030 VUs    30s        150.00 iters/s
step_00200 ✓ [ 100% ] 000/040 VUs    30s        200.00 iters/s
step_00250 ✓ [ 100% ] 000/050 VUs    30s        250.00 iters/s
step_00300 ✓ [ 100% ] 000/064 VUs    30s        300.00 iters/s
step_00350 ✓ [ 100% ] 0000/0070 VUs  30s        350.00 iters/s
step_00400 ✓ [ 100% ] 0000/0080 VUs  30s        400.00 iters/s
step_00450 ✓ [ 100% ] 0000/0090 VUs  30s        450.00 iters/s
step_00500 ✓ [ 100% ] 0000/0100 VUs  30s        500.00 iters/s
step_00550 ✓ [ 100% ] 0000/0110 VUs  30s        550.00 iters/s
step_00600 ✓ [ 100% ] 0000/0120 VUs  30s        600.00 iters/s
step_00650 ✓ [ 100% ] 0000/0143 VUs  30s        650.00 iters/s
step_00700 ✓ [ 100% ] 0000/0145 VUs  30s        700.00 iters/s
step_00750 ✓ [ 100% ] 0000/0150 VUs  30s        750.00 iters/s
step_00800 ✓ [ 100% ] 0000/0177 VUs  30s        800.00 iters/s
step_00850 ✓ [ 100% ] 0000/0170 VUs  30s        850.00 iters/s
step_00900 ✓ [ 100% ] 0000/0236 VUs  30s        900.00 iters/s
step_00950   [  20% ] 0003/0190 VUs  06.0s/30s  950.00 iters/s
step_01000 • [   0% ] waiting        0m24.0s   

running (09m07.0s), 0003/0485 VUs, 263003 complete and 0 interrupted iterations
step_00050 ✓ [ 100% ] 000/020 VUs    30s        50.00 iters/s
step_00100 ✓ [ 100% ] 000/020 VUs    30s        100.00 iters/s
step_00150 ✓ [ 100% ] 000/030 VUs    30s        150.00 iters/s
step_00200 ✓ [ 100% ] 000/040 VUs    30s        200.00 iters/s
step_00250 ✓ [ 100% ] 000/050 VUs    30s        250.00 iters/s
step_00300 ✓ [ 100% ] 000/064 VUs    30s        300.00 iters/s
step_00350 ✓ [ 100% ] 0000/0070 VUs  30s        350.00 iters/s
step_00400 ✓ [ 100% ] 0000/0080 VUs  30s        400.00 iters/s
step_00450 ✓ [ 100% ] 0000/0090 VUs  30s        450.00 iters/s
step_00500 ✓ [ 100% ] 0000/0100 VUs  30s        500.00 iters/s
step_00550 ✓ [ 100% ] 0000/0110 VUs  30s        550.00 iters/s
step_00600 ✓ [ 100% ] 0000/0120 VUs  30s        600.00 iters/s
step_00650 ✓ [ 100% ] 0000/0143 VUs  30s        650.00 iters/s
step_00700 ✓ [ 100% ] 0000/0145 VUs  30s        700.00 iters/s
step_00750 ✓ [ 100% ] 0000/0150 VUs  30s        750.00 iters/s
step_00800 ✓ [ 100% ] 0000/0177 VUs  30s        800.00 iters/s
step_00850 ✓ [ 100% ] 0000/0170 VUs  30s        850.00 iters/s
step_00900 ✓ [ 100% ] 0000/0236 VUs  30s        900.00 iters/s
step_00950   [  23% ] 0003/0190 VUs  07.0s/30s  950.00 iters/s
step_01000 • [   0% ] waiting        0m23.0s   

running (09m08.0s), 0007/0485 VUs, 263949 complete and 0 interrupted iterations
step_00050 ✓ [ 100% ] 000/020 VUs    30s        50.00 iters/s
step_00100 ✓ [ 100% ] 000/020 VUs    30s        100.00 iters/s
step_00150 ✓ [ 100% ] 000/030 VUs    30s        150.00 iters/s
step_00200 ✓ [ 100% ] 000/040 VUs    30s        200.00 iters/s
step_00250 ✓ [ 100% ] 000/050 VUs    30s        250.00 iters/s
step_00300 ✓ [ 100% ] 000/064 VUs    30s        300.00 iters/s
step_00350 ✓ [ 100% ] 0000/0070 VUs  30s        350.00 iters/s
step_00400 ✓ [ 100% ] 0000/0080 VUs  30s        400.00 iters/s
step_00450 ✓ [ 100% ] 0000/0090 VUs  30s        450.00 iters/s
step_00500 ✓ [ 100% ] 0000/0100 VUs  30s        500.00 iters/s
step_00550 ✓ [ 100% ] 0000/0110 VUs  30s        550.00 iters/s
step_00600 ✓ [ 100% ] 0000/0120 VUs  30s        600.00 iters/s
step_00650 ✓ [ 100% ] 0000/0143 VUs  30s        650.00 iters/s
step_00700 ✓ [ 100% ] 0000/0145 VUs  30s        700.00 iters/s
step_00750 ✓ [ 100% ] 0000/0150 VUs  30s        750.00 iters/s
step_00800 ✓ [ 100% ] 0000/0177 VUs  30s        800.00 iters/s
step_00850 ✓ [ 100% ] 0000/0170 VUs  30s        850.00 iters/s
step_00900 ✓ [ 100% ] 0000/0236 VUs  30s        900.00 iters/s
step_00950   [  27% ] 0007/0190 VUs  08.0s/30s  950.00 iters/s
step_01000 • [   0% ] waiting        0m22.0s   

running (09m09.0s), 0046/0485 VUs, 264860 complete and 0 interrupted iterations
step_00050 ✓ [ 100% ] 000/020 VUs    30s        50.00 iters/s
step_00100 ✓ [ 100% ] 000/020 VUs    30s        100.00 iters/s
step_00150 ✓ [ 100% ] 000/030 VUs    30s        150.00 iters/s
step_00200 ✓ [ 100% ] 000/040 VUs    30s        200.00 iters/s
step_00250 ✓ [ 100% ] 000/050 VUs    30s        250.00 iters/s
step_00300 ✓ [ 100% ] 000/064 VUs    30s        300.00 iters/s
step_00350 ✓ [ 100% ] 0000/0070 VUs  30s        350.00 iters/s
step_00400 ✓ [ 100% ] 0000/0080 VUs  30s        400.00 iters/s
step_00450 ✓ [ 100% ] 0000/0090 VUs  30s        450.00 iters/s
step_00500 ✓ [ 100% ] 0000/0100 VUs  30s        500.00 iters/s
step_00550 ✓ [ 100% ] 0000/0110 VUs  30s        550.00 iters/s
step_00600 ✓ [ 100% ] 0000/0120 VUs  30s        600.00 iters/s
step_00650 ✓ [ 100% ] 0000/0143 VUs  30s        650.00 iters/s
step_00700 ✓ [ 100% ] 0000/0145 VUs  30s        700.00 iters/s
step_00750 ✓ [ 100% ] 0000/0150 VUs  30s        750.00 iters/s
step_00800 ✓ [ 100% ] 0000/0177 VUs  30s        800.00 iters/s
step_00850 ✓ [ 100% ] 0000/0170 VUs  30s        850.00 iters/s
step_00900 ✓ [ 100% ] 0000/0236 VUs  30s        900.00 iters/s
step_00950   [  30% ] 0045/0190 VUs  09.0s/30s  950.00 iters/s
step_01000 • [   0% ] waiting        0m21.0s   

running (09m10.0s), 0002/0485 VUs, 265854 complete and 0 interrupted iterations
step_00050 ✓ [ 100% ] 000/020 VUs    30s        50.00 iters/s
step_00100 ✓ [ 100% ] 000/020 VUs    30s        100.00 iters/s
step_00150 ✓ [ 100% ] 000/030 VUs    30s        150.00 iters/s
step_00200 ✓ [ 100% ] 000/040 VUs    30s        200.00 iters/s
step_00250 ✓ [ 100% ] 000/050 VUs    30s        250.00 iters/s
step_00300 ✓ [ 100% ] 000/064 VUs    30s        300.00 iters/s
step_00350 ✓ [ 100% ] 0000/0070 VUs  30s        350.00 iters/s
step_00400 ✓ [ 100% ] 0000/0080 VUs  30s        400.00 iters/s
step_00450 ✓ [ 100% ] 0000/0090 VUs  30s        450.00 iters/s
step_00500 ✓ [ 100% ] 0000/0100 VUs  30s        500.00 iters/s
step_00550 ✓ [ 100% ] 0000/0110 VUs  30s        550.00 iters/s
step_00600 ✓ [ 100% ] 0000/0120 VUs  30s        600.00 iters/s
step_00650 ✓ [ 100% ] 0000/0143 VUs  30s        650.00 iters/s
step_00700 ✓ [ 100% ] 0000/0145 VUs  30s        700.00 iters/s
step_00750 ✓ [ 100% ] 0000/0150 VUs  30s        750.00 iters/s
step_00800 ✓ [ 100% ] 0000/0177 VUs  30s        800.00 iters/s
step_00850 ✓ [ 100% ] 0000/0170 VUs  30s        850.00 iters/s
step_00900 ✓ [ 100% ] 0000/0236 VUs  30s        900.00 iters/s
step_00950   [  33% ] 0002/0190 VUs  10.0s/30s  950.00 iters/s
step_01000 • [   0% ] waiting        0m20.0s   

running (09m11.0s), 0015/0485 VUs, 266791 complete and 0 interrupted iterations
step_00050 ✓ [ 100% ] 000/020 VUs    30s        50.00 iters/s
step_00100 ✓ [ 100% ] 000/020 VUs    30s        100.00 iters/s
step_00150 ✓ [ 100% ] 000/030 VUs    30s        150.00 iters/s
step_00200 ✓ [ 100% ] 000/040 VUs    30s        200.00 iters/s
step_00250 ✓ [ 100% ] 000/050 VUs    30s        250.00 iters/s
step_00300 ✓ [ 100% ] 000/064 VUs    30s        300.00 iters/s
step_00350 ✓ [ 100% ] 0000/0070 VUs  30s        350.00 iters/s
step_00400 ✓ [ 100% ] 0000/0080 VUs  30s        400.00 iters/s
step_00450 ✓ [ 100% ] 0000/0090 VUs  30s        450.00 iters/s
step_00500 ✓ [ 100% ] 0000/0100 VUs  30s        500.00 iters/s
step_00550 ✓ [ 100% ] 0000/0110 VUs  30s        550.00 iters/s
step_00600 ✓ [ 100% ] 0000/0120 VUs  30s        600.00 iters/s
step_00650 ✓ [ 100% ] 0000/0143 VUs  30s        650.00 iters/s
step_00700 ✓ [ 100% ] 0000/0145 VUs  30s        700.00 iters/s
step_00750 ✓ [ 100% ] 0000/0150 VUs  30s        750.00 iters/s
step_00800 ✓ [ 100% ] 0000/0177 VUs  30s        800.00 iters/s
step_00850 ✓ [ 100% ] 0000/0170 VUs  30s        850.00 iters/s
step_00900 ✓ [ 100% ] 0000/0236 VUs  30s        900.00 iters/s
step_00950   [  37% ] 0015/0190 VUs  11.0s/30s  950.00 iters/s
step_01000 • [   0% ] waiting        0m19.0s   

running (09m12.0s), 0003/0485 VUs, 267753 complete and 0 interrupted iterations
step_00050 ✓ [ 100% ] 000/020 VUs    30s        50.00 iters/s
step_00100 ✓ [ 100% ] 000/020 VUs    30s        100.00 iters/s
step_00150 ✓ [ 100% ] 000/030 VUs    30s        150.00 iters/s
step_00200 ✓ [ 100% ] 000/040 VUs    30s        200.00 iters/s
step_00250 ✓ [ 100% ] 000/050 VUs    30s        250.00 iters/s
step_00300 ✓ [ 100% ] 000/064 VUs    30s        300.00 iters/s
step_00350 ✓ [ 100% ] 0000/0070 VUs  30s        350.00 iters/s
step_00400 ✓ [ 100% ] 0000/0080 VUs  30s        400.00 iters/s
step_00450 ✓ [ 100% ] 0000/0090 VUs  30s        450.00 iters/s
step_00500 ✓ [ 100% ] 0000/0100 VUs  30s        500.00 iters/s
step_00550 ✓ [ 100% ] 0000/0110 VUs  30s        550.00 iters/s
step_00600 ✓ [ 100% ] 0000/0120 VUs  30s        600.00 iters/s
step_00650 ✓ [ 100% ] 0000/0143 VUs  30s        650.00 iters/s
step_00700 ✓ [ 100% ] 0000/0145 VUs  30s        700.00 iters/s
step_00750 ✓ [ 100% ] 0000/0150 VUs  30s        750.00 iters/s
step_00800 ✓ [ 100% ] 0000/0177 VUs  30s        800.00 iters/s
step_00850 ✓ [ 100% ] 0000/0170 VUs  30s        850.00 iters/s
step_00900 ✓ [ 100% ] 0000/0236 VUs  30s        900.00 iters/s
step_00950   [  40% ] 0003/0190 VUs  12.0s/30s  950.00 iters/s
step_01000 • [   0% ] waiting        0m18.0s   

running (09m13.0s), 0054/0485 VUs, 268652 complete and 0 interrupted iterations
step_00050 ✓ [ 100% ] 000/020 VUs    30s        50.00 iters/s
step_00100 ✓ [ 100% ] 000/020 VUs    30s        100.00 iters/s
step_00150 ✓ [ 100% ] 000/030 VUs    30s        150.00 iters/s
step_00200 ✓ [ 100% ] 000/040 VUs    30s        200.00 iters/s
step_00250 ✓ [ 100% ] 000/050 VUs    30s        250.00 iters/s
step_00300 ✓ [ 100% ] 000/064 VUs    30s        300.00 iters/s
step_00350 ✓ [ 100% ] 0000/0070 VUs  30s        350.00 iters/s
step_00400 ✓ [ 100% ] 0000/0080 VUs  30s        400.00 iters/s
step_00450 ✓ [ 100% ] 0000/0090 VUs  30s        450.00 iters/s
step_00500 ✓ [ 100% ] 0000/0100 VUs  30s        500.00 iters/s
step_00550 ✓ [ 100% ] 0000/0110 VUs  30s        550.00 iters/s
step_00600 ✓ [ 100% ] 0000/0120 VUs  30s        600.00 iters/s
step_00650 ✓ [ 100% ] 0000/0143 VUs  30s        650.00 iters/s
step_00700 ✓ [ 100% ] 0000/0145 VUs  30s        700.00 iters/s
step_00750 ✓ [ 100% ] 0000/0150 VUs  30s        750.00 iters/s
step_00800 ✓ [ 100% ] 0000/0177 VUs  30s        800.00 iters/s
step_00850 ✓ [ 100% ] 0000/0170 VUs  30s        850.00 iters/s
step_00900 ✓ [ 100% ] 0000/0236 VUs  30s        900.00 iters/s
step_00950   [  43% ] 0054/0190 VUs  13.0s/30s  950.00 iters/s
step_01000 • [   0% ] waiting        0m17.0s   

running (09m14.0s), 0005/0485 VUs, 269651 complete and 0 interrupted iterations
step_00050 ✓ [ 100% ] 000/020 VUs    30s        50.00 iters/s
step_00100 ✓ [ 100% ] 000/020 VUs    30s        100.00 iters/s
step_00150 ✓ [ 100% ] 000/030 VUs    30s        150.00 iters/s
step_00200 ✓ [ 100% ] 000/040 VUs    30s        200.00 iters/s
step_00250 ✓ [ 100% ] 000/050 VUs    30s        250.00 iters/s
step_00300 ✓ [ 100% ] 000/064 VUs    30s        300.00 iters/s
step_00350 ✓ [ 100% ] 0000/0070 VUs  30s        350.00 iters/s
step_00400 ✓ [ 100% ] 0000/0080 VUs  30s        400.00 iters/s
step_00450 ✓ [ 100% ] 0000/0090 VUs  30s        450.00 iters/s
step_00500 ✓ [ 100% ] 0000/0100 VUs  30s        500.00 iters/s
step_00550 ✓ [ 100% ] 0000/0110 VUs  30s        550.00 iters/s
step_00600 ✓ [ 100% ] 0000/0120 VUs  30s        600.00 iters/s
step_00650 ✓ [ 100% ] 0000/0143 VUs  30s        650.00 iters/s
step_00700 ✓ [ 100% ] 0000/0145 VUs  30s        700.00 iters/s
step_00750 ✓ [ 100% ] 0000/0150 VUs  30s        750.00 iters/s
step_00800 ✓ [ 100% ] 0000/0177 VUs  30s        800.00 iters/s
step_00850 ✓ [ 100% ] 0000/0170 VUs  30s        850.00 iters/s
step_00900 ✓ [ 100% ] 0000/0236 VUs  30s        900.00 iters/s
step_00950   [  47% ] 0005/0190 VUs  14.0s/30s  950.00 iters/s
step_01000 • [   0% ] waiting        0m16.0s   

running (09m15.0s), 0002/0485 VUs, 270604 complete and 0 interrupted iterations
step_00050 ✓ [ 100% ] 000/020 VUs    30s        50.00 iters/s
step_00100 ✓ [ 100% ] 000/020 VUs    30s        100.00 iters/s
step_00150 ✓ [ 100% ] 000/030 VUs    30s        150.00 iters/s
step_00200 ✓ [ 100% ] 000/040 VUs    30s        200.00 iters/s
step_00250 ✓ [ 100% ] 000/050 VUs    30s        250.00 iters/s
step_00300 ✓ [ 100% ] 000/064 VUs    30s        300.00 iters/s
step_00350 ✓ [ 100% ] 0000/0070 VUs  30s        350.00 iters/s
step_00400 ✓ [ 100% ] 0000/0080 VUs  30s        400.00 iters/s
step_00450 ✓ [ 100% ] 0000/0090 VUs  30s        450.00 iters/s
step_00500 ✓ [ 100% ] 0000/0100 VUs  30s        500.00 iters/s
step_00550 ✓ [ 100% ] 0000/0110 VUs  30s        550.00 iters/s
step_00600 ✓ [ 100% ] 0000/0120 VUs  30s        600.00 iters/s
step_00650 ✓ [ 100% ] 0000/0143 VUs  30s        650.00 iters/s
step_00700 ✓ [ 100% ] 0000/0145 VUs  30s        700.00 iters/s
step_00750 ✓ [ 100% ] 0000/0150 VUs  30s        750.00 iters/s
step_00800 ✓ [ 100% ] 0000/0177 VUs  30s        800.00 iters/s
step_00850 ✓ [ 100% ] 0000/0170 VUs  30s        850.00 iters/s
step_00900 ✓ [ 100% ] 0000/0236 VUs  30s        900.00 iters/s
step_00950   [  50% ] 0002/0190 VUs  15.0s/30s  950.00 iters/s
step_01000 • [   0% ] waiting        0m15.0s   

running (09m16.0s), 0012/0485 VUs, 271544 complete and 0 interrupted iterations
step_00050 ✓ [ 100% ] 000/020 VUs    30s        50.00 iters/s
step_00100 ✓ [ 100% ] 000/020 VUs    30s        100.00 iters/s
step_00150 ✓ [ 100% ] 000/030 VUs    30s        150.00 iters/s
step_00200 ✓ [ 100% ] 000/040 VUs    30s        200.00 iters/s
step_00250 ✓ [ 100% ] 000/050 VUs    30s        250.00 iters/s
step_00300 ✓ [ 100% ] 000/064 VUs    30s        300.00 iters/s
step_00350 ✓ [ 100% ] 0000/0070 VUs  30s        350.00 iters/s
step_00400 ✓ [ 100% ] 0000/0080 VUs  30s        400.00 iters/s
step_00450 ✓ [ 100% ] 0000/0090 VUs  30s        450.00 iters/s
step_00500 ✓ [ 100% ] 0000/0100 VUs  30s        500.00 iters/s
step_00550 ✓ [ 100% ] 0000/0110 VUs  30s        550.00 iters/s
step_00600 ✓ [ 100% ] 0000/0120 VUs  30s        600.00 iters/s
step_00650 ✓ [ 100% ] 0000/0143 VUs  30s        650.00 iters/s
step_00700 ✓ [ 100% ] 0000/0145 VUs  30s        700.00 iters/s
step_00750 ✓ [ 100% ] 0000/0150 VUs  30s        750.00 iters/s
step_00800 ✓ [ 100% ] 0000/0177 VUs  30s        800.00 iters/s
step_00850 ✓ [ 100% ] 0000/0170 VUs  30s        850.00 iters/s
step_00900 ✓ [ 100% ] 0000/0236 VUs  30s        900.00 iters/s
step_00950   [  53% ] 0011/0190 VUs  16.0s/30s  950.00 iters/s
step_01000 • [   0% ] waiting        0m14.0s   

running (09m17.0s), 0010/0485 VUs, 272496 complete and 0 interrupted iterations
step_00050 ✓ [ 100% ] 000/020 VUs    30s        50.00 iters/s
step_00100 ✓ [ 100% ] 000/020 VUs    30s        100.00 iters/s
step_00150 ✓ [ 100% ] 000/030 VUs    30s        150.00 iters/s
step_00200 ✓ [ 100% ] 000/040 VUs    30s        200.00 iters/s
step_00250 ✓ [ 100% ] 000/050 VUs    30s        250.00 iters/s
step_00300 ✓ [ 100% ] 000/064 VUs    30s        300.00 iters/s
step_00350 ✓ [ 100% ] 0000/0070 VUs  30s        350.00 iters/s
step_00400 ✓ [ 100% ] 0000/0080 VUs  30s        400.00 iters/s
step_00450 ✓ [ 100% ] 0000/0090 VUs  30s        450.00 iters/s
step_00500 ✓ [ 100% ] 0000/0100 VUs  30s        500.00 iters/s
step_00550 ✓ [ 100% ] 0000/0110 VUs  30s        550.00 iters/s
step_00600 ✓ [ 100% ] 0000/0120 VUs  30s        600.00 iters/s
step_00650 ✓ [ 100% ] 0000/0143 VUs  30s        650.00 iters/s
step_00700 ✓ [ 100% ] 0000/0145 VUs  30s        700.00 iters/s
step_00750 ✓ [ 100% ] 0000/0150 VUs  30s        750.00 iters/s
step_00800 ✓ [ 100% ] 0000/0177 VUs  30s        800.00 iters/s
step_00850 ✓ [ 100% ] 0000/0170 VUs  30s        850.00 iters/s
step_00900 ✓ [ 100% ] 0000/0236 VUs  30s        900.00 iters/s
step_00950   [  57% ] 0010/0190 VUs  17.0s/30s  950.00 iters/s
step_01000 • [   0% ] waiting        0m13.0s   

running (09m18.0s), 0035/0485 VUs, 273421 complete and 0 interrupted iterations
step_00050 ✓ [ 100% ] 000/020 VUs    30s        50.00 iters/s
step_00100 ✓ [ 100% ] 000/020 VUs    30s        100.00 iters/s
step_00150 ✓ [ 100% ] 000/030 VUs    30s        150.00 iters/s
step_00200 ✓ [ 100% ] 000/040 VUs    30s        200.00 iters/s
step_00250 ✓ [ 100% ] 000/050 VUs    30s        250.00 iters/s
step_00300 ✓ [ 100% ] 000/064 VUs    30s        300.00 iters/s
step_00350 ✓ [ 100% ] 0000/0070 VUs  30s        350.00 iters/s
step_00400 ✓ [ 100% ] 0000/0080 VUs  30s        400.00 iters/s
step_00450 ✓ [ 100% ] 0000/0090 VUs  30s        450.00 iters/s
step_00500 ✓ [ 100% ] 0000/0100 VUs  30s        500.00 iters/s
step_00550 ✓ [ 100% ] 0000/0110 VUs  30s        550.00 iters/s
step_00600 ✓ [ 100% ] 0000/0120 VUs  30s        600.00 iters/s
step_00650 ✓ [ 100% ] 0000/0143 VUs  30s        650.00 iters/s
step_00700 ✓ [ 100% ] 0000/0145 VUs  30s        700.00 iters/s
step_00750 ✓ [ 100% ] 0000/0150 VUs  30s        750.00 iters/s
step_00800 ✓ [ 100% ] 0000/0177 VUs  30s        800.00 iters/s
step_00850 ✓ [ 100% ] 0000/0170 VUs  30s        850.00 iters/s
step_00900 ✓ [ 100% ] 0000/0236 VUs  30s        900.00 iters/s
step_00950   [  60% ] 0035/0190 VUs  18.0s/30s  950.00 iters/s
step_01000 • [   0% ] waiting        0m12.0s   

running (09m19.0s), 0007/0485 VUs, 274399 complete and 0 interrupted iterations
step_00050 ✓ [ 100% ] 000/020 VUs    30s        50.00 iters/s
step_00100 ✓ [ 100% ] 000/020 VUs    30s        100.00 iters/s
step_00150 ✓ [ 100% ] 000/030 VUs    30s        150.00 iters/s
step_00200 ✓ [ 100% ] 000/040 VUs    30s        200.00 iters/s
step_00250 ✓ [ 100% ] 000/050 VUs    30s        250.00 iters/s
step_00300 ✓ [ 100% ] 000/064 VUs    30s        300.00 iters/s
step_00350 ✓ [ 100% ] 0000/0070 VUs  30s        350.00 iters/s
step_00400 ✓ [ 100% ] 0000/0080 VUs  30s        400.00 iters/s
step_00450 ✓ [ 100% ] 0000/0090 VUs  30s        450.00 iters/s
step_00500 ✓ [ 100% ] 0000/0100 VUs  30s        500.00 iters/s
step_00550 ✓ [ 100% ] 0000/0110 VUs  30s        550.00 iters/s
step_00600 ✓ [ 100% ] 0000/0120 VUs  30s        600.00 iters/s
step_00650 ✓ [ 100% ] 0000/0143 VUs  30s        650.00 iters/s
step_00700 ✓ [ 100% ] 0000/0145 VUs  30s        700.00 iters/s
step_00750 ✓ [ 100% ] 0000/0150 VUs  30s        750.00 iters/s
step_00800 ✓ [ 100% ] 0000/0177 VUs  30s        800.00 iters/s
step_00850 ✓ [ 100% ] 0000/0170 VUs  30s        850.00 iters/s
step_00900 ✓ [ 100% ] 0000/0236 VUs  30s        900.00 iters/s
step_00950   [  63% ] 0007/0190 VUs  19.0s/30s  950.00 iters/s
step_01000 • [   0% ] waiting        0m11.0s   

running (09m20.0s), 0008/0485 VUs, 275348 complete and 0 interrupted iterations
step_00050 ✓ [ 100% ] 000/020 VUs    30s        50.00 iters/s
step_00100 ✓ [ 100% ] 000/020 VUs    30s        100.00 iters/s
step_00150 ✓ [ 100% ] 000/030 VUs    30s        150.00 iters/s
step_00200 ✓ [ 100% ] 000/040 VUs    30s        200.00 iters/s
step_00250 ✓ [ 100% ] 000/050 VUs    30s        250.00 iters/s
step_00300 ✓ [ 100% ] 000/064 VUs    30s        300.00 iters/s
step_00350 ✓ [ 100% ] 0000/0070 VUs  30s        350.00 iters/s
step_00400 ✓ [ 100% ] 0000/0080 VUs  30s        400.00 iters/s
step_00450 ✓ [ 100% ] 0000/0090 VUs  30s        450.00 iters/s
step_00500 ✓ [ 100% ] 0000/0100 VUs  30s        500.00 iters/s
step_00550 ✓ [ 100% ] 0000/0110 VUs  30s        550.00 iters/s
step_00600 ✓ [ 100% ] 0000/0120 VUs  30s        600.00 iters/s
step_00650 ✓ [ 100% ] 0000/0143 VUs  30s        650.00 iters/s
step_00700 ✓ [ 100% ] 0000/0145 VUs  30s        700.00 iters/s
step_00750 ✓ [ 100% ] 0000/0150 VUs  30s        750.00 iters/s
step_00800 ✓ [ 100% ] 0000/0177 VUs  30s        800.00 iters/s
step_00850 ✓ [ 100% ] 0000/0170 VUs  30s        850.00 iters/s
step_00900 ✓ [ 100% ] 0000/0236 VUs  30s        900.00 iters/s
step_00950   [  67% ] 0008/0190 VUs  20.0s/30s  950.00 iters/s
step_01000 • [   0% ] waiting        0m10.0s   

running (09m21.0s), 0012/0485 VUs, 276294 complete and 0 interrupted iterations
step_00050 ✓ [ 100% ] 000/020 VUs    30s        50.00 iters/s
step_00100 ✓ [ 100% ] 000/020 VUs    30s        100.00 iters/s
step_00150 ✓ [ 100% ] 000/030 VUs    30s        150.00 iters/s
step_00200 ✓ [ 100% ] 000/040 VUs    30s        200.00 iters/s
step_00250 ✓ [ 100% ] 000/050 VUs    30s        250.00 iters/s
step_00300 ✓ [ 100% ] 000/064 VUs    30s        300.00 iters/s
step_00350 ✓ [ 100% ] 0000/0070 VUs  30s        350.00 iters/s
step_00400 ✓ [ 100% ] 0000/0080 VUs  30s        400.00 iters/s
step_00450 ✓ [ 100% ] 0000/0090 VUs  30s        450.00 iters/s
step_00500 ✓ [ 100% ] 0000/0100 VUs  30s        500.00 iters/s
step_00550 ✓ [ 100% ] 0000/0110 VUs  30s        550.00 iters/s
step_00600 ✓ [ 100% ] 0000/0120 VUs  30s        600.00 iters/s
step_00650 ✓ [ 100% ] 0000/0143 VUs  30s        650.00 iters/s
step_00700 ✓ [ 100% ] 0000/0145 VUs  30s        700.00 iters/s
step_00750 ✓ [ 100% ] 0000/0150 VUs  30s        750.00 iters/s
step_00800 ✓ [ 100% ] 0000/0177 VUs  30s        800.00 iters/s
step_00850 ✓ [ 100% ] 0000/0170 VUs  30s        850.00 iters/s
step_00900 ✓ [ 100% ] 0000/0236 VUs  30s        900.00 iters/s
step_00950   [  70% ] 0012/0190 VUs  21.0s/30s  950.00 iters/s
step_01000 • [   0% ] waiting        0m09.0s   

running (09m22.0s), 0007/0485 VUs, 277249 complete and 0 interrupted iterations
step_00050 ✓ [ 100% ] 000/020 VUs    30s        50.00 iters/s
step_00100 ✓ [ 100% ] 000/020 VUs    30s        100.00 iters/s
step_00150 ✓ [ 100% ] 000/030 VUs    30s        150.00 iters/s
step_00200 ✓ [ 100% ] 000/040 VUs    30s        200.00 iters/s
step_00250 ✓ [ 100% ] 000/050 VUs    30s        250.00 iters/s
step_00300 ✓ [ 100% ] 000/064 VUs    30s        300.00 iters/s
step_00350 ✓ [ 100% ] 0000/0070 VUs  30s        350.00 iters/s
step_00400 ✓ [ 100% ] 0000/0080 VUs  30s        400.00 iters/s
step_00450 ✓ [ 100% ] 0000/0090 VUs  30s        450.00 iters/s
step_00500 ✓ [ 100% ] 0000/0100 VUs  30s        500.00 iters/s
step_00550 ✓ [ 100% ] 0000/0110 VUs  30s        550.00 iters/s
step_00600 ✓ [ 100% ] 0000/0120 VUs  30s        600.00 iters/s
step_00650 ✓ [ 100% ] 0000/0143 VUs  30s        650.00 iters/s
step_00700 ✓ [ 100% ] 0000/0145 VUs  30s        700.00 iters/s
step_00750 ✓ [ 100% ] 0000/0150 VUs  30s        750.00 iters/s
step_00800 ✓ [ 100% ] 0000/0177 VUs  30s        800.00 iters/s
step_00850 ✓ [ 100% ] 0000/0170 VUs  30s        850.00 iters/s
step_00900 ✓ [ 100% ] 0000/0236 VUs  30s        900.00 iters/s
step_00950   [  73% ] 0007/0190 VUs  22.0s/30s  950.00 iters/s
step_01000 • [   0% ] waiting        0m08.0s   

running (09m23.0s), 0047/0485 VUs, 278159 complete and 0 interrupted iterations
step_00050 ✓ [ 100% ] 000/020 VUs    30s        50.00 iters/s
step_00100 ✓ [ 100% ] 000/020 VUs    30s        100.00 iters/s
step_00150 ✓ [ 100% ] 000/030 VUs    30s        150.00 iters/s
step_00200 ✓ [ 100% ] 000/040 VUs    30s        200.00 iters/s
step_00250 ✓ [ 100% ] 000/050 VUs    30s        250.00 iters/s
step_00300 ✓ [ 100% ] 000/064 VUs    30s        300.00 iters/s
step_00350 ✓ [ 100% ] 0000/0070 VUs  30s        350.00 iters/s
step_00400 ✓ [ 100% ] 0000/0080 VUs  30s        400.00 iters/s
step_00450 ✓ [ 100% ] 0000/0090 VUs  30s        450.00 iters/s
step_00500 ✓ [ 100% ] 0000/0100 VUs  30s        500.00 iters/s
step_00550 ✓ [ 100% ] 0000/0110 VUs  30s        550.00 iters/s
step_00600 ✓ [ 100% ] 0000/0120 VUs  30s        600.00 iters/s
step_00650 ✓ [ 100% ] 0000/0143 VUs  30s        650.00 iters/s
step_00700 ✓ [ 100% ] 0000/0145 VUs  30s        700.00 iters/s
step_00750 ✓ [ 100% ] 0000/0150 VUs  30s        750.00 iters/s
step_00800 ✓ [ 100% ] 0000/0177 VUs  30s        800.00 iters/s
step_00850 ✓ [ 100% ] 0000/0170 VUs  30s        850.00 iters/s
step_00900 ✓ [ 100% ] 0000/0236 VUs  30s        900.00 iters/s
step_00950   [  77% ] 0047/0190 VUs  23.0s/30s  950.00 iters/s
step_01000 • [   0% ] waiting        0m07.0s   

running (09m24.0s), 0017/0485 VUs, 279139 complete and 0 interrupted iterations
step_00050 ✓ [ 100% ] 000/020 VUs    30s        50.00 iters/s
step_00100 ✓ [ 100% ] 000/020 VUs    30s        100.00 iters/s
step_00150 ✓ [ 100% ] 000/030 VUs    30s        150.00 iters/s
step_00200 ✓ [ 100% ] 000/040 VUs    30s        200.00 iters/s
step_00250 ✓ [ 100% ] 000/050 VUs    30s        250.00 iters/s
step_00300 ✓ [ 100% ] 000/064 VUs    30s        300.00 iters/s
step_00350 ✓ [ 100% ] 0000/0070 VUs  30s        350.00 iters/s
step_00400 ✓ [ 100% ] 0000/0080 VUs  30s        400.00 iters/s
step_00450 ✓ [ 100% ] 0000/0090 VUs  30s        450.00 iters/s
step_00500 ✓ [ 100% ] 0000/0100 VUs  30s        500.00 iters/s
step_00550 ✓ [ 100% ] 0000/0110 VUs  30s        550.00 iters/s
step_00600 ✓ [ 100% ] 0000/0120 VUs  30s        600.00 iters/s
step_00650 ✓ [ 100% ] 0000/0143 VUs  30s        650.00 iters/s
step_00700 ✓ [ 100% ] 0000/0145 VUs  30s        700.00 iters/s
step_00750 ✓ [ 100% ] 0000/0150 VUs  30s        750.00 iters/s
step_00800 ✓ [ 100% ] 0000/0177 VUs  30s        800.00 iters/s
step_00850 ✓ [ 100% ] 0000/0170 VUs  30s        850.00 iters/s
step_00900 ✓ [ 100% ] 0000/0236 VUs  30s        900.00 iters/s
step_00950   [  80% ] 0017/0190 VUs  24.0s/30s  950.00 iters/s
step_01000 • [   0% ] waiting        0m06.0s   

running (09m25.0s), 0008/0485 VUs, 280099 complete and 0 interrupted iterations
step_00050 ✓ [ 100% ] 000/020 VUs    30s        50.00 iters/s
step_00100 ✓ [ 100% ] 000/020 VUs    30s        100.00 iters/s
step_00150 ✓ [ 100% ] 000/030 VUs    30s        150.00 iters/s
step_00200 ✓ [ 100% ] 000/040 VUs    30s        200.00 iters/s
step_00250 ✓ [ 100% ] 000/050 VUs    30s        250.00 iters/s
step_00300 ✓ [ 100% ] 000/064 VUs    30s        300.00 iters/s
step_00350 ✓ [ 100% ] 0000/0070 VUs  30s        350.00 iters/s
step_00400 ✓ [ 100% ] 0000/0080 VUs  30s        400.00 iters/s
step_00450 ✓ [ 100% ] 0000/0090 VUs  30s        450.00 iters/s
step_00500 ✓ [ 100% ] 0000/0100 VUs  30s        500.00 iters/s
step_00550 ✓ [ 100% ] 0000/0110 VUs  30s        550.00 iters/s
step_00600 ✓ [ 100% ] 0000/0120 VUs  30s        600.00 iters/s
step_00650 ✓ [ 100% ] 0000/0143 VUs  30s        650.00 iters/s
step_00700 ✓ [ 100% ] 0000/0145 VUs  30s        700.00 iters/s
step_00750 ✓ [ 100% ] 0000/0150 VUs  30s        750.00 iters/s
step_00800 ✓ [ 100% ] 0000/0177 VUs  30s        800.00 iters/s
step_00850 ✓ [ 100% ] 0000/0170 VUs  30s        850.00 iters/s
step_00900 ✓ [ 100% ] 0000/0236 VUs  30s        900.00 iters/s
step_00950   [  83% ] 0008/0190 VUs  25.0s/30s  950.00 iters/s
step_01000 • [   0% ] waiting        0m05.0s   

running (09m26.0s), 0005/0485 VUs, 281051 complete and 0 interrupted iterations
step_00050 ✓ [ 100% ] 000/020 VUs    30s        50.00 iters/s
step_00100 ✓ [ 100% ] 000/020 VUs    30s        100.00 iters/s
step_00150 ✓ [ 100% ] 000/030 VUs    30s        150.00 iters/s
step_00200 ✓ [ 100% ] 000/040 VUs    30s        200.00 iters/s
step_00250 ✓ [ 100% ] 000/050 VUs    30s        250.00 iters/s
step_00300 ✓ [ 100% ] 000/064 VUs    30s        300.00 iters/s
step_00350 ✓ [ 100% ] 0000/0070 VUs  30s        350.00 iters/s
step_00400 ✓ [ 100% ] 0000/0080 VUs  30s        400.00 iters/s
step_00450 ✓ [ 100% ] 0000/0090 VUs  30s        450.00 iters/s
step_00500 ✓ [ 100% ] 0000/0100 VUs  30s        500.00 iters/s
step_00550 ✓ [ 100% ] 0000/0110 VUs  30s        550.00 iters/s
step_00600 ✓ [ 100% ] 0000/0120 VUs  30s        600.00 iters/s
step_00650 ✓ [ 100% ] 0000/0143 VUs  30s        650.00 iters/s
step_00700 ✓ [ 100% ] 0000/0145 VUs  30s        700.00 iters/s
step_00750 ✓ [ 100% ] 0000/0150 VUs  30s        750.00 iters/s
step_00800 ✓ [ 100% ] 0000/0177 VUs  30s        800.00 iters/s
step_00850 ✓ [ 100% ] 0000/0170 VUs  30s        850.00 iters/s
step_00900 ✓ [ 100% ] 0000/0236 VUs  30s        900.00 iters/s
step_00950   [  87% ] 0005/0190 VUs  26.0s/30s  950.00 iters/s
step_01000 • [   0% ] waiting        0m04.0s   

running (09m27.0s), 0055/0485 VUs, 281951 complete and 0 interrupted iterations
step_00050 ✓ [ 100% ] 000/020 VUs    30s        50.00 iters/s
step_00100 ✓ [ 100% ] 000/020 VUs    30s        100.00 iters/s
step_00150 ✓ [ 100% ] 000/030 VUs    30s        150.00 iters/s
step_00200 ✓ [ 100% ] 000/040 VUs    30s        200.00 iters/s
step_00250 ✓ [ 100% ] 000/050 VUs    30s        250.00 iters/s
step_00300 ✓ [ 100% ] 000/064 VUs    30s        300.00 iters/s
step_00350 ✓ [ 100% ] 0000/0070 VUs  30s        350.00 iters/s
step_00400 ✓ [ 100% ] 0000/0080 VUs  30s        400.00 iters/s
step_00450 ✓ [ 100% ] 0000/0090 VUs  30s        450.00 iters/s
step_00500 ✓ [ 100% ] 0000/0100 VUs  30s        500.00 iters/s
step_00550 ✓ [ 100% ] 0000/0110 VUs  30s        550.00 iters/s
step_00600 ✓ [ 100% ] 0000/0120 VUs  30s        600.00 iters/s
step_00650 ✓ [ 100% ] 0000/0143 VUs  30s        650.00 iters/s
step_00700 ✓ [ 100% ] 0000/0145 VUs  30s        700.00 iters/s
step_00750 ✓ [ 100% ] 0000/0150 VUs  30s        750.00 iters/s
step_00800 ✓ [ 100% ] 0000/0177 VUs  30s        800.00 iters/s
step_00850 ✓ [ 100% ] 0000/0170 VUs  30s        850.00 iters/s
step_00900 ✓ [ 100% ] 0000/0236 VUs  30s        900.00 iters/s
step_00950   [  90% ] 0055/0190 VUs  27.0s/30s  950.00 iters/s
step_01000 • [   0% ] waiting        0m03.0s   

running (09m28.0s), 0067/0485 VUs, 282889 complete and 0 interrupted iterations
step_00050 ✓ [ 100% ] 000/020 VUs    30s        50.00 iters/s
step_00100 ✓ [ 100% ] 000/020 VUs    30s        100.00 iters/s
step_00150 ✓ [ 100% ] 000/030 VUs    30s        150.00 iters/s
step_00200 ✓ [ 100% ] 000/040 VUs    30s        200.00 iters/s
step_00250 ✓ [ 100% ] 000/050 VUs    30s        250.00 iters/s
step_00300 ✓ [ 100% ] 000/064 VUs    30s        300.00 iters/s
step_00350 ✓ [ 100% ] 0000/0070 VUs  30s        350.00 iters/s
step_00400 ✓ [ 100% ] 0000/0080 VUs  30s        400.00 iters/s
step_00450 ✓ [ 100% ] 0000/0090 VUs  30s        450.00 iters/s
step_00500 ✓ [ 100% ] 0000/0100 VUs  30s        500.00 iters/s
step_00550 ✓ [ 100% ] 0000/0110 VUs  30s        550.00 iters/s
step_00600 ✓ [ 100% ] 0000/0120 VUs  30s        600.00 iters/s
step_00650 ✓ [ 100% ] 0000/0143 VUs  30s        650.00 iters/s
step_00700 ✓ [ 100% ] 0000/0145 VUs  30s        700.00 iters/s
step_00750 ✓ [ 100% ] 0000/0150 VUs  30s        750.00 iters/s
step_00800 ✓ [ 100% ] 0000/0177 VUs  30s        800.00 iters/s
step_00850 ✓ [ 100% ] 0000/0170 VUs  30s        850.00 iters/s
step_00900 ✓ [ 100% ] 0000/0236 VUs  30s        900.00 iters/s
step_00950   [  93% ] 0067/0190 VUs  28.0s/30s  950.00 iters/s
step_01000 • [   0% ] waiting        0m02.0s   

running (09m29.0s), 0005/0485 VUs, 283901 complete and 0 interrupted iterations
step_00050 ✓ [ 100% ] 000/020 VUs    30s        50.00 iters/s
step_00100 ✓ [ 100% ] 000/020 VUs    30s        100.00 iters/s
step_00150 ✓ [ 100% ] 000/030 VUs    30s        150.00 iters/s
step_00200 ✓ [ 100% ] 000/040 VUs    30s        200.00 iters/s
step_00250 ✓ [ 100% ] 000/050 VUs    30s        250.00 iters/s
step_00300 ✓ [ 100% ] 000/064 VUs    30s        300.00 iters/s
step_00350 ✓ [ 100% ] 0000/0070 VUs  30s        350.00 iters/s
step_00400 ✓ [ 100% ] 0000/0080 VUs  30s        400.00 iters/s
step_00450 ✓ [ 100% ] 0000/0090 VUs  30s        450.00 iters/s
step_00500 ✓ [ 100% ] 0000/0100 VUs  30s        500.00 iters/s
step_00550 ✓ [ 100% ] 0000/0110 VUs  30s        550.00 iters/s
step_00600 ✓ [ 100% ] 0000/0120 VUs  30s        600.00 iters/s
step_00650 ✓ [ 100% ] 0000/0143 VUs  30s        650.00 iters/s
step_00700 ✓ [ 100% ] 0000/0145 VUs  30s        700.00 iters/s
step_00750 ✓ [ 100% ] 0000/0150 VUs  30s        750.00 iters/s
step_00800 ✓ [ 100% ] 0000/0177 VUs  30s        800.00 iters/s
step_00850 ✓ [ 100% ] 0000/0170 VUs  30s        850.00 iters/s
step_00900 ✓ [ 100% ] 0000/0236 VUs  30s        900.00 iters/s
step_00950   [  97% ] 0005/0190 VUs  29.0s/30s  950.00 iters/s
step_01000 • [   0% ] waiting        0m01.0s   

running (09m30.0s), 0002/0485 VUs, 284854 complete and 0 interrupted iterations
step_00050 ✓ [ 100% ] 000/020 VUs    30s        50.00 iters/s
step_00100 ✓ [ 100% ] 000/020 VUs    30s        100.00 iters/s
step_00150 ✓ [ 100% ] 000/030 VUs    30s        150.00 iters/s
step_00200 ✓ [ 100% ] 000/040 VUs    30s        200.00 iters/s
step_00250 ✓ [ 100% ] 000/050 VUs    30s        250.00 iters/s
step_00300 ✓ [ 100% ] 000/064 VUs    30s        300.00 iters/s
step_00350 ✓ [ 100% ] 0000/0070 VUs  30s        350.00 iters/s
step_00400 ✓ [ 100% ] 0000/0080 VUs  30s        400.00 iters/s
step_00450 ✓ [ 100% ] 0000/0090 VUs  30s        450.00 iters/s
step_00500 ✓ [ 100% ] 0000/0100 VUs  30s        500.00 iters/s
step_00550 ✓ [ 100% ] 0000/0110 VUs  30s        550.00 iters/s
step_00600 ✓ [ 100% ] 0000/0120 VUs  30s        600.00 iters/s
step_00650 ✓ [ 100% ] 0000/0143 VUs  30s        650.00 iters/s
step_00700 ✓ [ 100% ] 0000/0145 VUs  30s        700.00 iters/s
step_00750 ✓ [ 100% ] 0000/0150 VUs  30s        750.00 iters/s
step_00800 ✓ [ 100% ] 0000/0177 VUs  30s        800.00 iters/s
step_00850 ✓ [ 100% ] 0000/0170 VUs  30s        850.00 iters/s
step_00900 ✓ [ 100% ] 0000/0236 VUs  30s        900.00 iters/s
step_00950   [ 100% ] 0002/0190 VUs  30.0s/30s  950.00 iters/s
step_01000 • [   0% ] waiting        0m00.0s   

running (09m31.0s), 0006/0485 VUs, 285848 complete and 0 interrupted iterations
step_00050 ✓ [ 100% ] 000/020 VUs    30s        50.00 iters/s
step_00100 ✓ [ 100% ] 000/020 VUs    30s        100.00 iters/s
step_00150 ✓ [ 100% ] 000/030 VUs    30s        150.00 iters/s
step_00200 ✓ [ 100% ] 000/040 VUs    30s        200.00 iters/s
step_00250 ✓ [ 100% ] 000/050 VUs    30s        250.00 iters/s
step_00300 ✓ [ 100% ] 000/064 VUs    30s        300.00 iters/s
step_00350 ✓ [ 100% ] 0000/0070 VUs  30s        350.00 iters/s
step_00400 ✓ [ 100% ] 0000/0080 VUs  30s        400.00 iters/s
step_00450 ✓ [ 100% ] 0000/0090 VUs  30s        450.00 iters/s
step_00500 ✓ [ 100% ] 0000/0100 VUs  30s        500.00 iters/s
step_00550 ✓ [ 100% ] 0000/0110 VUs  30s        550.00 iters/s
step_00600 ✓ [ 100% ] 0000/0120 VUs  30s        600.00 iters/s
step_00650 ✓ [ 100% ] 0000/0143 VUs  30s        650.00 iters/s
step_00700 ✓ [ 100% ] 0000/0145 VUs  30s        700.00 iters/s
step_00750 ✓ [ 100% ] 0000/0150 VUs  30s        750.00 iters/s
step_00800 ✓ [ 100% ] 0000/0177 VUs  30s        800.00 iters/s
step_00850 ✓ [ 100% ] 0000/0170 VUs  30s        850.00 iters/s
step_00900 ✓ [ 100% ] 0000/0236 VUs  30s        900.00 iters/s
step_00950 ✓ [ 100% ] 0000/0190 VUs  30s        950.00 iters/s
step_01000   [   3% ] 0006/0200 VUs  01.0s/30s  1000.00 iters/s

running (09m32.0s), 0002/0485 VUs, 286852 complete and 0 interrupted iterations
step_00050 ✓ [ 100% ] 000/020 VUs    30s        50.00 iters/s
step_00100 ✓ [ 100% ] 000/020 VUs    30s        100.00 iters/s
step_00150 ✓ [ 100% ] 000/030 VUs    30s        150.00 iters/s
step_00200 ✓ [ 100% ] 000/040 VUs    30s        200.00 iters/s
step_00250 ✓ [ 100% ] 000/050 VUs    30s        250.00 iters/s
step_00300 ✓ [ 100% ] 000/064 VUs    30s        300.00 iters/s
step_00350 ✓ [ 100% ] 0000/0070 VUs  30s        350.00 iters/s
step_00400 ✓ [ 100% ] 0000/0080 VUs  30s        400.00 iters/s
step_00450 ✓ [ 100% ] 0000/0090 VUs  30s        450.00 iters/s
step_00500 ✓ [ 100% ] 0000/0100 VUs  30s        500.00 iters/s
step_00550 ✓ [ 100% ] 0000/0110 VUs  30s        550.00 iters/s
step_00600 ✓ [ 100% ] 0000/0120 VUs  30s        600.00 iters/s
step_00650 ✓ [ 100% ] 0000/0143 VUs  30s        650.00 iters/s
step_00700 ✓ [ 100% ] 0000/0145 VUs  30s        700.00 iters/s
step_00750 ✓ [ 100% ] 0000/0150 VUs  30s        750.00 iters/s
step_00800 ✓ [ 100% ] 0000/0177 VUs  30s        800.00 iters/s
step_00850 ✓ [ 100% ] 0000/0170 VUs  30s        850.00 iters/s
step_00900 ✓ [ 100% ] 0000/0236 VUs  30s        900.00 iters/s
step_00950 ✓ [ 100% ] 0000/0190 VUs  30s        950.00 iters/s
step_01000   [   7% ] 0002/0200 VUs  02.0s/30s  1000.00 iters/s

running (09m33.0s), 0019/0485 VUs, 287835 complete and 0 interrupted iterations
step_00050 ✓ [ 100% ] 000/020 VUs    30s        50.00 iters/s
step_00100 ✓ [ 100% ] 000/020 VUs    30s        100.00 iters/s
step_00150 ✓ [ 100% ] 000/030 VUs    30s        150.00 iters/s
step_00200 ✓ [ 100% ] 000/040 VUs    30s        200.00 iters/s
step_00250 ✓ [ 100% ] 000/050 VUs    30s        250.00 iters/s
step_00300 ✓ [ 100% ] 000/064 VUs    30s        300.00 iters/s
step_00350 ✓ [ 100% ] 0000/0070 VUs  30s        350.00 iters/s
step_00400 ✓ [ 100% ] 0000/0080 VUs  30s        400.00 iters/s
step_00450 ✓ [ 100% ] 0000/0090 VUs  30s        450.00 iters/s
step_00500 ✓ [ 100% ] 0000/0100 VUs  30s        500.00 iters/s
step_00550 ✓ [ 100% ] 0000/0110 VUs  30s        550.00 iters/s
step_00600 ✓ [ 100% ] 0000/0120 VUs  30s        600.00 iters/s
step_00650 ✓ [ 100% ] 0000/0143 VUs  30s        650.00 iters/s
step_00700 ✓ [ 100% ] 0000/0145 VUs  30s        700.00 iters/s
step_00750 ✓ [ 100% ] 0000/0150 VUs  30s        750.00 iters/s
step_00800 ✓ [ 100% ] 0000/0177 VUs  30s        800.00 iters/s
step_00850 ✓ [ 100% ] 0000/0170 VUs  30s        850.00 iters/s
step_00900 ✓ [ 100% ] 0000/0236 VUs  30s        900.00 iters/s
step_00950 ✓ [ 100% ] 0000/0190 VUs  30s        950.00 iters/s
step_01000   [  10% ] 0019/0200 VUs  03.0s/30s  1000.00 iters/s

running (09m34.0s), 0003/0485 VUs, 288851 complete and 0 interrupted iterations
step_00050 ✓ [ 100% ] 000/020 VUs    30s        50.00 iters/s
step_00100 ✓ [ 100% ] 000/020 VUs    30s        100.00 iters/s
step_00150 ✓ [ 100% ] 000/030 VUs    30s        150.00 iters/s
step_00200 ✓ [ 100% ] 000/040 VUs    30s        200.00 iters/s
step_00250 ✓ [ 100% ] 000/050 VUs    30s        250.00 iters/s
step_00300 ✓ [ 100% ] 000/064 VUs    30s        300.00 iters/s
step_00350 ✓ [ 100% ] 0000/0070 VUs  30s        350.00 iters/s
step_00400 ✓ [ 100% ] 0000/0080 VUs  30s        400.00 iters/s
step_00450 ✓ [ 100% ] 0000/0090 VUs  30s        450.00 iters/s
step_00500 ✓ [ 100% ] 0000/0100 VUs  30s        500.00 iters/s
step_00550 ✓ [ 100% ] 0000/0110 VUs  30s        550.00 iters/s
step_00600 ✓ [ 100% ] 0000/0120 VUs  30s        600.00 iters/s
step_00650 ✓ [ 100% ] 0000/0143 VUs  30s        650.00 iters/s
step_00700 ✓ [ 100% ] 0000/0145 VUs  30s        700.00 iters/s
step_00750 ✓ [ 100% ] 0000/0150 VUs  30s        750.00 iters/s
step_00800 ✓ [ 100% ] 0000/0177 VUs  30s        800.00 iters/s
step_00850 ✓ [ 100% ] 0000/0170 VUs  30s        850.00 iters/s
step_00900 ✓ [ 100% ] 0000/0236 VUs  30s        900.00 iters/s
step_00950 ✓ [ 100% ] 0000/0190 VUs  30s        950.00 iters/s
step_01000   [  13% ] 0003/0200 VUs  04.0s/30s  1000.00 iters/s

running (09m35.0s), 0006/0485 VUs, 289848 complete and 0 interrupted iterations
step_00050 ✓ [ 100% ] 000/020 VUs    30s        50.00 iters/s
step_00100 ✓ [ 100% ] 000/020 VUs    30s        100.00 iters/s
step_00150 ✓ [ 100% ] 000/030 VUs    30s        150.00 iters/s
step_00200 ✓ [ 100% ] 000/040 VUs    30s        200.00 iters/s
step_00250 ✓ [ 100% ] 000/050 VUs    30s        250.00 iters/s
step_00300 ✓ [ 100% ] 000/064 VUs    30s        300.00 iters/s
step_00350 ✓ [ 100% ] 0000/0070 VUs  30s        350.00 iters/s
step_00400 ✓ [ 100% ] 0000/0080 VUs  30s        400.00 iters/s
step_00450 ✓ [ 100% ] 0000/0090 VUs  30s        450.00 iters/s
step_00500 ✓ [ 100% ] 0000/0100 VUs  30s        500.00 iters/s
step_00550 ✓ [ 100% ] 0000/0110 VUs  30s        550.00 iters/s
step_00600 ✓ [ 100% ] 0000/0120 VUs  30s        600.00 iters/s
step_00650 ✓ [ 100% ] 0000/0143 VUs  30s        650.00 iters/s
step_00700 ✓ [ 100% ] 0000/0145 VUs  30s        700.00 iters/s
step_00750 ✓ [ 100% ] 0000/0150 VUs  30s        750.00 iters/s
step_00800 ✓ [ 100% ] 0000/0177 VUs  30s        800.00 iters/s
step_00850 ✓ [ 100% ] 0000/0170 VUs  30s        850.00 iters/s
step_00900 ✓ [ 100% ] 0000/0236 VUs  30s        900.00 iters/s
step_00950 ✓ [ 100% ] 0000/0190 VUs  30s        950.00 iters/s
step_01000   [  17% ] 0006/0200 VUs  05.0s/30s  1000.00 iters/s

running (09m36.0s), 0048/0485 VUs, 290806 complete and 0 interrupted iterations
step_00050 ✓ [ 100% ] 000/020 VUs    30s        50.00 iters/s
step_00100 ✓ [ 100% ] 000/020 VUs    30s        100.00 iters/s
step_00150 ✓ [ 100% ] 000/030 VUs    30s        150.00 iters/s
step_00200 ✓ [ 100% ] 000/040 VUs    30s        200.00 iters/s
step_00250 ✓ [ 100% ] 000/050 VUs    30s        250.00 iters/s
step_00300 ✓ [ 100% ] 000/064 VUs    30s        300.00 iters/s
step_00350 ✓ [ 100% ] 0000/0070 VUs  30s        350.00 iters/s
step_00400 ✓ [ 100% ] 0000/0080 VUs  30s        400.00 iters/s
step_00450 ✓ [ 100% ] 0000/0090 VUs  30s        450.00 iters/s
step_00500 ✓ [ 100% ] 0000/0100 VUs  30s        500.00 iters/s
step_00550 ✓ [ 100% ] 0000/0110 VUs  30s        550.00 iters/s
step_00600 ✓ [ 100% ] 0000/0120 VUs  30s        600.00 iters/s
step_00650 ✓ [ 100% ] 0000/0143 VUs  30s        650.00 iters/s
step_00700 ✓ [ 100% ] 0000/0145 VUs  30s        700.00 iters/s
step_00750 ✓ [ 100% ] 0000/0150 VUs  30s        750.00 iters/s
step_00800 ✓ [ 100% ] 0000/0177 VUs  30s        800.00 iters/s
step_00850 ✓ [ 100% ] 0000/0170 VUs  30s        850.00 iters/s
step_00900 ✓ [ 100% ] 0000/0236 VUs  30s        900.00 iters/s
step_00950 ✓ [ 100% ] 0000/0190 VUs  30s        950.00 iters/s
step_01000   [  20% ] 0048/0200 VUs  06.0s/30s  1000.00 iters/s

running (09m37.0s), 0004/0485 VUs, 291850 complete and 0 interrupted iterations
step_00050 ✓ [ 100% ] 000/020 VUs    30s        50.00 iters/s
step_00100 ✓ [ 100% ] 000/020 VUs    30s        100.00 iters/s
step_00150 ✓ [ 100% ] 000/030 VUs    30s        150.00 iters/s
step_00200 ✓ [ 100% ] 000/040 VUs    30s        200.00 iters/s
step_00250 ✓ [ 100% ] 000/050 VUs    30s        250.00 iters/s
step_00300 ✓ [ 100% ] 000/064 VUs    30s        300.00 iters/s
step_00350 ✓ [ 100% ] 0000/0070 VUs  30s        350.00 iters/s
step_00400 ✓ [ 100% ] 0000/0080 VUs  30s        400.00 iters/s
step_00450 ✓ [ 100% ] 0000/0090 VUs  30s        450.00 iters/s
step_00500 ✓ [ 100% ] 0000/0100 VUs  30s        500.00 iters/s
step_00550 ✓ [ 100% ] 0000/0110 VUs  30s        550.00 iters/s
step_00600 ✓ [ 100% ] 0000/0120 VUs  30s        600.00 iters/s
step_00650 ✓ [ 100% ] 0000/0143 VUs  30s        650.00 iters/s
step_00700 ✓ [ 100% ] 0000/0145 VUs  30s        700.00 iters/s
step_00750 ✓ [ 100% ] 0000/0150 VUs  30s        750.00 iters/s
step_00800 ✓ [ 100% ] 0000/0177 VUs  30s        800.00 iters/s
step_00850 ✓ [ 100% ] 0000/0170 VUs  30s        850.00 iters/s
step_00900 ✓ [ 100% ] 0000/0236 VUs  30s        900.00 iters/s
step_00950 ✓ [ 100% ] 0000/0190 VUs  30s        950.00 iters/s
step_01000   [  23% ] 0004/0200 VUs  07.0s/30s  1000.00 iters/s

running (09m38.0s), 0020/0485 VUs, 292834 complete and 0 interrupted iterations
step_00050 ✓ [ 100% ] 000/020 VUs    30s        50.00 iters/s
step_00100 ✓ [ 100% ] 000/020 VUs    30s        100.00 iters/s
step_00150 ✓ [ 100% ] 000/030 VUs    30s        150.00 iters/s
step_00200 ✓ [ 100% ] 000/040 VUs    30s        200.00 iters/s
step_00250 ✓ [ 100% ] 000/050 VUs    30s        250.00 iters/s
step_00300 ✓ [ 100% ] 000/064 VUs    30s        300.00 iters/s
step_00350 ✓ [ 100% ] 0000/0070 VUs  30s        350.00 iters/s
step_00400 ✓ [ 100% ] 0000/0080 VUs  30s        400.00 iters/s
step_00450 ✓ [ 100% ] 0000/0090 VUs  30s        450.00 iters/s
step_00500 ✓ [ 100% ] 0000/0100 VUs  30s        500.00 iters/s
step_00550 ✓ [ 100% ] 0000/0110 VUs  30s        550.00 iters/s
step_00600 ✓ [ 100% ] 0000/0120 VUs  30s        600.00 iters/s
step_00650 ✓ [ 100% ] 0000/0143 VUs  30s        650.00 iters/s
step_00700 ✓ [ 100% ] 0000/0145 VUs  30s        700.00 iters/s
step_00750 ✓ [ 100% ] 0000/0150 VUs  30s        750.00 iters/s
step_00800 ✓ [ 100% ] 0000/0177 VUs  30s        800.00 iters/s
step_00850 ✓ [ 100% ] 0000/0170 VUs  30s        850.00 iters/s
step_00900 ✓ [ 100% ] 0000/0236 VUs  30s        900.00 iters/s
step_00950 ✓ [ 100% ] 0000/0190 VUs  30s        950.00 iters/s
step_01000   [  27% ] 0020/0200 VUs  08.0s/30s  1000.00 iters/s

running (09m39.0s), 0003/0485 VUs, 293851 complete and 0 interrupted iterations
step_00050 ✓ [ 100% ] 000/020 VUs    30s        50.00 iters/s
step_00100 ✓ [ 100% ] 000/020 VUs    30s        100.00 iters/s
step_00150 ✓ [ 100% ] 000/030 VUs    30s        150.00 iters/s
step_00200 ✓ [ 100% ] 000/040 VUs    30s        200.00 iters/s
step_00250 ✓ [ 100% ] 000/050 VUs    30s        250.00 iters/s
step_00300 ✓ [ 100% ] 000/064 VUs    30s        300.00 iters/s
step_00350 ✓ [ 100% ] 0000/0070 VUs  30s        350.00 iters/s
step_00400 ✓ [ 100% ] 0000/0080 VUs  30s        400.00 iters/s
step_00450 ✓ [ 100% ] 0000/0090 VUs  30s        450.00 iters/s
step_00500 ✓ [ 100% ] 0000/0100 VUs  30s        500.00 iters/s
step_00550 ✓ [ 100% ] 0000/0110 VUs  30s        550.00 iters/s
step_00600 ✓ [ 100% ] 0000/0120 VUs  30s        600.00 iters/s
step_00650 ✓ [ 100% ] 0000/0143 VUs  30s        650.00 iters/s
step_00700 ✓ [ 100% ] 0000/0145 VUs  30s        700.00 iters/s
step_00750 ✓ [ 100% ] 0000/0150 VUs  30s        750.00 iters/s
step_00800 ✓ [ 100% ] 0000/0177 VUs  30s        800.00 iters/s
step_00850 ✓ [ 100% ] 0000/0170 VUs  30s        850.00 iters/s
step_00900 ✓ [ 100% ] 0000/0236 VUs  30s        900.00 iters/s
step_00950 ✓ [ 100% ] 0000/0190 VUs  30s        950.00 iters/s
step_01000   [  30% ] 0003/0200 VUs  09.0s/30s  1000.00 iters/s

running (09m40.0s), 0007/0485 VUs, 294847 complete and 0 interrupted iterations
step_00050 ✓ [ 100% ] 000/020 VUs    30s        50.00 iters/s
step_00100 ✓ [ 100% ] 000/020 VUs    30s        100.00 iters/s
step_00150 ✓ [ 100% ] 000/030 VUs    30s        150.00 iters/s
step_00200 ✓ [ 100% ] 000/040 VUs    30s        200.00 iters/s
step_00250 ✓ [ 100% ] 000/050 VUs    30s        250.00 iters/s
step_00300 ✓ [ 100% ] 000/064 VUs    30s        300.00 iters/s
step_00350 ✓ [ 100% ] 0000/0070 VUs  30s        350.00 iters/s
step_00400 ✓ [ 100% ] 0000/0080 VUs  30s        400.00 iters/s
step_00450 ✓ [ 100% ] 0000/0090 VUs  30s        450.00 iters/s
step_00500 ✓ [ 100% ] 0000/0100 VUs  30s        500.00 iters/s
step_00550 ✓ [ 100% ] 0000/0110 VUs  30s        550.00 iters/s
step_00600 ✓ [ 100% ] 0000/0120 VUs  30s        600.00 iters/s
step_00650 ✓ [ 100% ] 0000/0143 VUs  30s        650.00 iters/s
step_00700 ✓ [ 100% ] 0000/0145 VUs  30s        700.00 iters/s
step_00750 ✓ [ 100% ] 0000/0150 VUs  30s        750.00 iters/s
step_00800 ✓ [ 100% ] 0000/0177 VUs  30s        800.00 iters/s
step_00850 ✓ [ 100% ] 0000/0170 VUs  30s        850.00 iters/s
step_00900 ✓ [ 100% ] 0000/0236 VUs  30s        900.00 iters/s
step_00950 ✓ [ 100% ] 0000/0190 VUs  30s        950.00 iters/s
step_01000   [  33% ] 0006/0200 VUs  10.0s/30s  1000.00 iters/s

running (09m41.0s), 0070/0485 VUs, 295784 complete and 0 interrupted iterations
step_00050 ✓ [ 100% ] 000/020 VUs    30s        50.00 iters/s
step_00100 ✓ [ 100% ] 000/020 VUs    30s        100.00 iters/s
step_00150 ✓ [ 100% ] 000/030 VUs    30s        150.00 iters/s
step_00200 ✓ [ 100% ] 000/040 VUs    30s        200.00 iters/s
step_00250 ✓ [ 100% ] 000/050 VUs    30s        250.00 iters/s
step_00300 ✓ [ 100% ] 000/064 VUs    30s        300.00 iters/s
step_00350 ✓ [ 100% ] 0000/0070 VUs  30s        350.00 iters/s
step_00400 ✓ [ 100% ] 0000/0080 VUs  30s        400.00 iters/s
step_00450 ✓ [ 100% ] 0000/0090 VUs  30s        450.00 iters/s
step_00500 ✓ [ 100% ] 0000/0100 VUs  30s        500.00 iters/s
step_00550 ✓ [ 100% ] 0000/0110 VUs  30s        550.00 iters/s
step_00600 ✓ [ 100% ] 0000/0120 VUs  30s        600.00 iters/s
step_00650 ✓ [ 100% ] 0000/0143 VUs  30s        650.00 iters/s
step_00700 ✓ [ 100% ] 0000/0145 VUs  30s        700.00 iters/s
step_00750 ✓ [ 100% ] 0000/0150 VUs  30s        750.00 iters/s
step_00800 ✓ [ 100% ] 0000/0177 VUs  30s        800.00 iters/s
step_00850 ✓ [ 100% ] 0000/0170 VUs  30s        850.00 iters/s
step_00900 ✓ [ 100% ] 0000/0236 VUs  30s        900.00 iters/s
step_00950 ✓ [ 100% ] 0000/0190 VUs  30s        950.00 iters/s
step_01000   [  37% ] 0070/0200 VUs  11.0s/30s  1000.00 iters/s

running (09m42.0s), 0019/0485 VUs, 296835 complete and 0 interrupted iterations
step_00050 ✓ [ 100% ] 000/020 VUs    30s        50.00 iters/s
step_00100 ✓ [ 100% ] 000/020 VUs    30s        100.00 iters/s
step_00150 ✓ [ 100% ] 000/030 VUs    30s        150.00 iters/s
step_00200 ✓ [ 100% ] 000/040 VUs    30s        200.00 iters/s
step_00250 ✓ [ 100% ] 000/050 VUs    30s        250.00 iters/s
step_00300 ✓ [ 100% ] 000/064 VUs    30s        300.00 iters/s
step_00350 ✓ [ 100% ] 0000/0070 VUs  30s        350.00 iters/s
step_00400 ✓ [ 100% ] 0000/0080 VUs  30s        400.00 iters/s
step_00450 ✓ [ 100% ] 0000/0090 VUs  30s        450.00 iters/s
step_00500 ✓ [ 100% ] 0000/0100 VUs  30s        500.00 iters/s
step_00550 ✓ [ 100% ] 0000/0110 VUs  30s        550.00 iters/s
step_00600 ✓ [ 100% ] 0000/0120 VUs  30s        600.00 iters/s
step_00650 ✓ [ 100% ] 0000/0143 VUs  30s        650.00 iters/s
step_00700 ✓ [ 100% ] 0000/0145 VUs  30s        700.00 iters/s
step_00750 ✓ [ 100% ] 0000/0150 VUs  30s        750.00 iters/s
step_00800 ✓ [ 100% ] 0000/0177 VUs  30s        800.00 iters/s
step_00850 ✓ [ 100% ] 0000/0170 VUs  30s        850.00 iters/s
step_00900 ✓ [ 100% ] 0000/0236 VUs  30s        900.00 iters/s
step_00950 ✓ [ 100% ] 0000/0190 VUs  30s        950.00 iters/s
step_01000   [  40% ] 0018/0200 VUs  12.0s/30s  1000.00 iters/s

running (09m43.0s), 0010/0485 VUs, 297844 complete and 0 interrupted iterations
step_00050 ✓ [ 100% ] 000/020 VUs    30s        50.00 iters/s
step_00100 ✓ [ 100% ] 000/020 VUs    30s        100.00 iters/s
step_00150 ✓ [ 100% ] 000/030 VUs    30s        150.00 iters/s
step_00200 ✓ [ 100% ] 000/040 VUs    30s        200.00 iters/s
step_00250 ✓ [ 100% ] 000/050 VUs    30s        250.00 iters/s
step_00300 ✓ [ 100% ] 000/064 VUs    30s        300.00 iters/s
step_00350 ✓ [ 100% ] 0000/0070 VUs  30s        350.00 iters/s
step_00400 ✓ [ 100% ] 0000/0080 VUs  30s        400.00 iters/s
step_00450 ✓ [ 100% ] 0000/0090 VUs  30s        450.00 iters/s
step_00500 ✓ [ 100% ] 0000/0100 VUs  30s        500.00 iters/s
step_00550 ✓ [ 100% ] 0000/0110 VUs  30s        550.00 iters/s
step_00600 ✓ [ 100% ] 0000/0120 VUs  30s        600.00 iters/s
step_00650 ✓ [ 100% ] 0000/0143 VUs  30s        650.00 iters/s
step_00700 ✓ [ 100% ] 0000/0145 VUs  30s        700.00 iters/s
step_00750 ✓ [ 100% ] 0000/0150 VUs  30s        750.00 iters/s
step_00800 ✓ [ 100% ] 0000/0177 VUs  30s        800.00 iters/s
step_00850 ✓ [ 100% ] 0000/0170 VUs  30s        850.00 iters/s
step_00900 ✓ [ 100% ] 0000/0236 VUs  30s        900.00 iters/s
step_00950 ✓ [ 100% ] 0000/0190 VUs  30s        950.00 iters/s
step_01000   [  43% ] 0010/0200 VUs  13.0s/30s  1000.00 iters/s

running (09m44.0s), 0011/0485 VUs, 298843 complete and 0 interrupted iterations
step_00050 ✓ [ 100% ] 000/020 VUs    30s        50.00 iters/s
step_00100 ✓ [ 100% ] 000/020 VUs    30s        100.00 iters/s
step_00150 ✓ [ 100% ] 000/030 VUs    30s        150.00 iters/s
step_00200 ✓ [ 100% ] 000/040 VUs    30s        200.00 iters/s
step_00250 ✓ [ 100% ] 000/050 VUs    30s        250.00 iters/s
step_00300 ✓ [ 100% ] 000/064 VUs    30s        300.00 iters/s
step_00350 ✓ [ 100% ] 0000/0070 VUs  30s        350.00 iters/s
step_00400 ✓ [ 100% ] 0000/0080 VUs  30s        400.00 iters/s
step_00450 ✓ [ 100% ] 0000/0090 VUs  30s        450.00 iters/s
step_00500 ✓ [ 100% ] 0000/0100 VUs  30s        500.00 iters/s
step_00550 ✓ [ 100% ] 0000/0110 VUs  30s        550.00 iters/s
step_00600 ✓ [ 100% ] 0000/0120 VUs  30s        600.00 iters/s
step_00650 ✓ [ 100% ] 0000/0143 VUs  30s        650.00 iters/s
step_00700 ✓ [ 100% ] 0000/0145 VUs  30s        700.00 iters/s
step_00750 ✓ [ 100% ] 0000/0150 VUs  30s        750.00 iters/s
step_00800 ✓ [ 100% ] 0000/0177 VUs  30s        800.00 iters/s
step_00850 ✓ [ 100% ] 0000/0170 VUs  30s        850.00 iters/s
step_00900 ✓ [ 100% ] 0000/0236 VUs  30s        900.00 iters/s
step_00950 ✓ [ 100% ] 0000/0190 VUs  30s        950.00 iters/s
step_01000   [  47% ] 0011/0200 VUs  14.0s/30s  1000.00 iters/s

running (09m45.0s), 0009/0485 VUs, 299845 complete and 0 interrupted iterations
step_00050 ✓ [ 100% ] 000/020 VUs    30s        50.00 iters/s
step_00100 ✓ [ 100% ] 000/020 VUs    30s        100.00 iters/s
step_00150 ✓ [ 100% ] 000/030 VUs    30s        150.00 iters/s
step_00200 ✓ [ 100% ] 000/040 VUs    30s        200.00 iters/s
step_00250 ✓ [ 100% ] 000/050 VUs    30s        250.00 iters/s
step_00300 ✓ [ 100% ] 000/064 VUs    30s        300.00 iters/s
step_00350 ✓ [ 100% ] 0000/0070 VUs  30s        350.00 iters/s
step_00400 ✓ [ 100% ] 0000/0080 VUs  30s        400.00 iters/s
step_00450 ✓ [ 100% ] 0000/0090 VUs  30s        450.00 iters/s
step_00500 ✓ [ 100% ] 0000/0100 VUs  30s        500.00 iters/s
step_00550 ✓ [ 100% ] 0000/0110 VUs  30s        550.00 iters/s
step_00600 ✓ [ 100% ] 0000/0120 VUs  30s        600.00 iters/s
step_00650 ✓ [ 100% ] 0000/0143 VUs  30s        650.00 iters/s
step_00700 ✓ [ 100% ] 0000/0145 VUs  30s        700.00 iters/s
step_00750 ✓ [ 100% ] 0000/0150 VUs  30s        750.00 iters/s
step_00800 ✓ [ 100% ] 0000/0177 VUs  30s        800.00 iters/s
step_00850 ✓ [ 100% ] 0000/0170 VUs  30s        850.00 iters/s
step_00900 ✓ [ 100% ] 0000/0236 VUs  30s        900.00 iters/s
step_00950 ✓ [ 100% ] 0000/0190 VUs  30s        950.00 iters/s
step_01000   [  50% ] 0009/0200 VUs  15.0s/30s  1000.00 iters/s

running (09m46.0s), 0013/0485 VUs, 300841 complete and 0 interrupted iterations
step_00050 ✓ [ 100% ] 000/020 VUs    30s        50.00 iters/s
step_00100 ✓ [ 100% ] 000/020 VUs    30s        100.00 iters/s
step_00150 ✓ [ 100% ] 000/030 VUs    30s        150.00 iters/s
step_00200 ✓ [ 100% ] 000/040 VUs    30s        200.00 iters/s
step_00250 ✓ [ 100% ] 000/050 VUs    30s        250.00 iters/s
step_00300 ✓ [ 100% ] 000/064 VUs    30s        300.00 iters/s
step_00350 ✓ [ 100% ] 0000/0070 VUs  30s        350.00 iters/s
step_00400 ✓ [ 100% ] 0000/0080 VUs  30s        400.00 iters/s
step_00450 ✓ [ 100% ] 0000/0090 VUs  30s        450.00 iters/s
step_00500 ✓ [ 100% ] 0000/0100 VUs  30s        500.00 iters/s
step_00550 ✓ [ 100% ] 0000/0110 VUs  30s        550.00 iters/s
step_00600 ✓ [ 100% ] 0000/0120 VUs  30s        600.00 iters/s
step_00650 ✓ [ 100% ] 0000/0143 VUs  30s        650.00 iters/s
step_00700 ✓ [ 100% ] 0000/0145 VUs  30s        700.00 iters/s
step_00750 ✓ [ 100% ] 0000/0150 VUs  30s        750.00 iters/s
step_00800 ✓ [ 100% ] 0000/0177 VUs  30s        800.00 iters/s
step_00850 ✓ [ 100% ] 0000/0170 VUs  30s        850.00 iters/s
step_00900 ✓ [ 100% ] 0000/0236 VUs  30s        900.00 iters/s
step_00950 ✓ [ 100% ] 0000/0190 VUs  30s        950.00 iters/s
step_01000   [  53% ] 0013/0200 VUs  16.0s/30s  1000.00 iters/s

running (09m47.0s), 0006/0485 VUs, 301848 complete and 0 interrupted iterations
step_00050 ✓ [ 100% ] 000/020 VUs    30s        50.00 iters/s
step_00100 ✓ [ 100% ] 000/020 VUs    30s        100.00 iters/s
step_00150 ✓ [ 100% ] 000/030 VUs    30s        150.00 iters/s
step_00200 ✓ [ 100% ] 000/040 VUs    30s        200.00 iters/s
step_00250 ✓ [ 100% ] 000/050 VUs    30s        250.00 iters/s
step_00300 ✓ [ 100% ] 000/064 VUs    30s        300.00 iters/s
step_00350 ✓ [ 100% ] 0000/0070 VUs  30s        350.00 iters/s
step_00400 ✓ [ 100% ] 0000/0080 VUs  30s        400.00 iters/s
step_00450 ✓ [ 100% ] 0000/0090 VUs  30s        450.00 iters/s
step_00500 ✓ [ 100% ] 0000/0100 VUs  30s        500.00 iters/s
step_00550 ✓ [ 100% ] 0000/0110 VUs  30s        550.00 iters/s
step_00600 ✓ [ 100% ] 0000/0120 VUs  30s        600.00 iters/s
step_00650 ✓ [ 100% ] 0000/0143 VUs  30s        650.00 iters/s
step_00700 ✓ [ 100% ] 0000/0145 VUs  30s        700.00 iters/s
step_00750 ✓ [ 100% ] 0000/0150 VUs  30s        750.00 iters/s
step_00800 ✓ [ 100% ] 0000/0177 VUs  30s        800.00 iters/s
step_00850 ✓ [ 100% ] 0000/0170 VUs  30s        850.00 iters/s
step_00900 ✓ [ 100% ] 0000/0236 VUs  30s        900.00 iters/s
step_00950 ✓ [ 100% ] 0000/0190 VUs  30s        950.00 iters/s
step_01000   [  57% ] 0006/0200 VUs  17.0s/30s  1000.00 iters/s

running (09m48.0s), 0008/0485 VUs, 302846 complete and 0 interrupted iterations
step_00050 ✓ [ 100% ] 000/020 VUs    30s        50.00 iters/s
step_00100 ✓ [ 100% ] 000/020 VUs    30s        100.00 iters/s
step_00150 ✓ [ 100% ] 000/030 VUs    30s        150.00 iters/s
step_00200 ✓ [ 100% ] 000/040 VUs    30s        200.00 iters/s
step_00250 ✓ [ 100% ] 000/050 VUs    30s        250.00 iters/s
step_00300 ✓ [ 100% ] 000/064 VUs    30s        300.00 iters/s
step_00350 ✓ [ 100% ] 0000/0070 VUs  30s        350.00 iters/s
step_00400 ✓ [ 100% ] 0000/0080 VUs  30s        400.00 iters/s
step_00450 ✓ [ 100% ] 0000/0090 VUs  30s        450.00 iters/s
step_00500 ✓ [ 100% ] 0000/0100 VUs  30s        500.00 iters/s
step_00550 ✓ [ 100% ] 0000/0110 VUs  30s        550.00 iters/s
step_00600 ✓ [ 100% ] 0000/0120 VUs  30s        600.00 iters/s
step_00650 ✓ [ 100% ] 0000/0143 VUs  30s        650.00 iters/s
step_00700 ✓ [ 100% ] 0000/0145 VUs  30s        700.00 iters/s
step_00750 ✓ [ 100% ] 0000/0150 VUs  30s        750.00 iters/s
step_00800 ✓ [ 100% ] 0000/0177 VUs  30s        800.00 iters/s
step_00850 ✓ [ 100% ] 0000/0170 VUs  30s        850.00 iters/s
step_00900 ✓ [ 100% ] 0000/0236 VUs  30s        900.00 iters/s
step_00950 ✓ [ 100% ] 0000/0190 VUs  30s        950.00 iters/s
step_01000   [  60% ] 0008/0200 VUs  18.0s/30s  1000.00 iters/s

running (09m49.0s), 0020/0485 VUs, 303834 complete and 0 interrupted iterations
step_00050 ✓ [ 100% ] 000/020 VUs    30s        50.00 iters/s
step_00100 ✓ [ 100% ] 000/020 VUs    30s        100.00 iters/s
step_00150 ✓ [ 100% ] 000/030 VUs    30s        150.00 iters/s
step_00200 ✓ [ 100% ] 000/040 VUs    30s        200.00 iters/s
step_00250 ✓ [ 100% ] 000/050 VUs    30s        250.00 iters/s
step_00300 ✓ [ 100% ] 000/064 VUs    30s        300.00 iters/s
step_00350 ✓ [ 100% ] 0000/0070 VUs  30s        350.00 iters/s
step_00400 ✓ [ 100% ] 0000/0080 VUs  30s        400.00 iters/s
step_00450 ✓ [ 100% ] 0000/0090 VUs  30s        450.00 iters/s
step_00500 ✓ [ 100% ] 0000/0100 VUs  30s        500.00 iters/s
step_00550 ✓ [ 100% ] 0000/0110 VUs  30s        550.00 iters/s
step_00600 ✓ [ 100% ] 0000/0120 VUs  30s        600.00 iters/s
step_00650 ✓ [ 100% ] 0000/0143 VUs  30s        650.00 iters/s
step_00700 ✓ [ 100% ] 0000/0145 VUs  30s        700.00 iters/s
step_00750 ✓ [ 100% ] 0000/0150 VUs  30s        750.00 iters/s
step_00800 ✓ [ 100% ] 0000/0177 VUs  30s        800.00 iters/s
step_00850 ✓ [ 100% ] 0000/0170 VUs  30s        850.00 iters/s
step_00900 ✓ [ 100% ] 0000/0236 VUs  30s        900.00 iters/s
step_00950 ✓ [ 100% ] 0000/0190 VUs  30s        950.00 iters/s
step_01000   [  63% ] 0020/0200 VUs  19.0s/30s  1000.00 iters/s

running (09m50.0s), 0027/0485 VUs, 304827 complete and 0 interrupted iterations
step_00050 ✓ [ 100% ] 000/020 VUs    30s        50.00 iters/s
step_00100 ✓ [ 100% ] 000/020 VUs    30s        100.00 iters/s
step_00150 ✓ [ 100% ] 000/030 VUs    30s        150.00 iters/s
step_00200 ✓ [ 100% ] 000/040 VUs    30s        200.00 iters/s
step_00250 ✓ [ 100% ] 000/050 VUs    30s        250.00 iters/s
step_00300 ✓ [ 100% ] 000/064 VUs    30s        300.00 iters/s
step_00350 ✓ [ 100% ] 0000/0070 VUs  30s        350.00 iters/s
step_00400 ✓ [ 100% ] 0000/0080 VUs  30s        400.00 iters/s
step_00450 ✓ [ 100% ] 0000/0090 VUs  30s        450.00 iters/s
step_00500 ✓ [ 100% ] 0000/0100 VUs  30s        500.00 iters/s
step_00550 ✓ [ 100% ] 0000/0110 VUs  30s        550.00 iters/s
step_00600 ✓ [ 100% ] 0000/0120 VUs  30s        600.00 iters/s
step_00650 ✓ [ 100% ] 0000/0143 VUs  30s        650.00 iters/s
step_00700 ✓ [ 100% ] 0000/0145 VUs  30s        700.00 iters/s
step_00750 ✓ [ 100% ] 0000/0150 VUs  30s        750.00 iters/s
step_00800 ✓ [ 100% ] 0000/0177 VUs  30s        800.00 iters/s
step_00850 ✓ [ 100% ] 0000/0170 VUs  30s        850.00 iters/s
step_00900 ✓ [ 100% ] 0000/0236 VUs  30s        900.00 iters/s
step_00950 ✓ [ 100% ] 0000/0190 VUs  30s        950.00 iters/s
step_01000   [  67% ] 0027/0200 VUs  20.0s/30s  1000.00 iters/s

running (09m51.0s), 0014/0485 VUs, 305840 complete and 0 interrupted iterations
step_00050 ✓ [ 100% ] 000/020 VUs    30s        50.00 iters/s
step_00100 ✓ [ 100% ] 000/020 VUs    30s        100.00 iters/s
step_00150 ✓ [ 100% ] 000/030 VUs    30s        150.00 iters/s
step_00200 ✓ [ 100% ] 000/040 VUs    30s        200.00 iters/s
step_00250 ✓ [ 100% ] 000/050 VUs    30s        250.00 iters/s
step_00300 ✓ [ 100% ] 000/064 VUs    30s        300.00 iters/s
step_00350 ✓ [ 100% ] 0000/0070 VUs  30s        350.00 iters/s
step_00400 ✓ [ 100% ] 0000/0080 VUs  30s        400.00 iters/s
step_00450 ✓ [ 100% ] 0000/0090 VUs  30s        450.00 iters/s
step_00500 ✓ [ 100% ] 0000/0100 VUs  30s        500.00 iters/s
step_00550 ✓ [ 100% ] 0000/0110 VUs  30s        550.00 iters/s
step_00600 ✓ [ 100% ] 0000/0120 VUs  30s        600.00 iters/s
step_00650 ✓ [ 100% ] 0000/0143 VUs  30s        650.00 iters/s
step_00700 ✓ [ 100% ] 0000/0145 VUs  30s        700.00 iters/s
step_00750 ✓ [ 100% ] 0000/0150 VUs  30s        750.00 iters/s
step_00800 ✓ [ 100% ] 0000/0177 VUs  30s        800.00 iters/s
step_00850 ✓ [ 100% ] 0000/0170 VUs  30s        850.00 iters/s
step_00900 ✓ [ 100% ] 0000/0236 VUs  30s        900.00 iters/s
step_00950 ✓ [ 100% ] 0000/0190 VUs  30s        950.00 iters/s
step_01000   [  70% ] 0014/0200 VUs  21.0s/30s  1000.00 iters/s

running (09m52.0s), 0004/0485 VUs, 306850 complete and 0 interrupted iterations
step_00050 ✓ [ 100% ] 000/020 VUs    30s        50.00 iters/s
step_00100 ✓ [ 100% ] 000/020 VUs    30s        100.00 iters/s
step_00150 ✓ [ 100% ] 000/030 VUs    30s        150.00 iters/s
step_00200 ✓ [ 100% ] 000/040 VUs    30s        200.00 iters/s
step_00250 ✓ [ 100% ] 000/050 VUs    30s        250.00 iters/s
step_00300 ✓ [ 100% ] 000/064 VUs    30s        300.00 iters/s
step_00350 ✓ [ 100% ] 0000/0070 VUs  30s        350.00 iters/s
step_00400 ✓ [ 100% ] 0000/0080 VUs  30s        400.00 iters/s
step_00450 ✓ [ 100% ] 0000/0090 VUs  30s        450.00 iters/s
step_00500 ✓ [ 100% ] 0000/0100 VUs  30s        500.00 iters/s
step_00550 ✓ [ 100% ] 0000/0110 VUs  30s        550.00 iters/s
step_00600 ✓ [ 100% ] 0000/0120 VUs  30s        600.00 iters/s
step_00650 ✓ [ 100% ] 0000/0143 VUs  30s        650.00 iters/s
step_00700 ✓ [ 100% ] 0000/0145 VUs  30s        700.00 iters/s
step_00750 ✓ [ 100% ] 0000/0150 VUs  30s        750.00 iters/s
step_00800 ✓ [ 100% ] 0000/0177 VUs  30s        800.00 iters/s
step_00850 ✓ [ 100% ] 0000/0170 VUs  30s        850.00 iters/s
step_00900 ✓ [ 100% ] 0000/0236 VUs  30s        900.00 iters/s
step_00950 ✓ [ 100% ] 0000/0190 VUs  30s        950.00 iters/s
step_01000   [  73% ] 0004/0200 VUs  22.0s/30s  1000.00 iters/s

running (09m53.0s), 0133/0485 VUs, 307721 complete and 0 interrupted iterations
step_00050 ✓ [ 100% ] 000/020 VUs    30s        50.00 iters/s
step_00100 ✓ [ 100% ] 000/020 VUs    30s        100.00 iters/s
step_00150 ✓ [ 100% ] 000/030 VUs    30s        150.00 iters/s
step_00200 ✓ [ 100% ] 000/040 VUs    30s        200.00 iters/s
step_00250 ✓ [ 100% ] 000/050 VUs    30s        250.00 iters/s
step_00300 ✓ [ 100% ] 000/064 VUs    30s        300.00 iters/s
step_00350 ✓ [ 100% ] 0000/0070 VUs  30s        350.00 iters/s
step_00400 ✓ [ 100% ] 0000/0080 VUs  30s        400.00 iters/s
step_00450 ✓ [ 100% ] 0000/0090 VUs  30s        450.00 iters/s
step_00500 ✓ [ 100% ] 0000/0100 VUs  30s        500.00 iters/s
step_00550 ✓ [ 100% ] 0000/0110 VUs  30s        550.00 iters/s
step_00600 ✓ [ 100% ] 0000/0120 VUs  30s        600.00 iters/s
step_00650 ✓ [ 100% ] 0000/0143 VUs  30s        650.00 iters/s
step_00700 ✓ [ 100% ] 0000/0145 VUs  30s        700.00 iters/s
step_00750 ✓ [ 100% ] 0000/0150 VUs  30s        750.00 iters/s
step_00800 ✓ [ 100% ] 0000/0177 VUs  30s        800.00 iters/s
step_00850 ✓ [ 100% ] 0000/0170 VUs  30s        850.00 iters/s
step_00900 ✓ [ 100% ] 0000/0236 VUs  30s        900.00 iters/s
step_00950 ✓ [ 100% ] 0000/0190 VUs  30s        950.00 iters/s
step_01000   [  77% ] 0133/0200 VUs  23.0s/30s  1000.00 iters/s

running (09m54.0s), 0004/0524 VUs, 308787 complete and 0 interrupted iterations
step_00050 ✓ [ 100% ] 000/020 VUs    30s        50.00 iters/s
step_00100 ✓ [ 100% ] 000/020 VUs    30s        100.00 iters/s
step_00150 ✓ [ 100% ] 000/030 VUs    30s        150.00 iters/s
step_00200 ✓ [ 100% ] 000/040 VUs    30s        200.00 iters/s
step_00250 ✓ [ 100% ] 000/050 VUs    30s        250.00 iters/s
step_00300 ✓ [ 100% ] 000/064 VUs    30s        300.00 iters/s
step_00350 ✓ [ 100% ] 0000/0070 VUs  30s        350.00 iters/s
step_00400 ✓ [ 100% ] 0000/0080 VUs  30s        400.00 iters/s
step_00450 ✓ [ 100% ] 0000/0090 VUs  30s        450.00 iters/s
step_00500 ✓ [ 100% ] 0000/0100 VUs  30s        500.00 iters/s
step_00550 ✓ [ 100% ] 0000/0110 VUs  30s        550.00 iters/s
step_00600 ✓ [ 100% ] 0000/0120 VUs  30s        600.00 iters/s
step_00650 ✓ [ 100% ] 0000/0143 VUs  30s        650.00 iters/s
step_00700 ✓ [ 100% ] 0000/0145 VUs  30s        700.00 iters/s
step_00750 ✓ [ 100% ] 0000/0150 VUs  30s        750.00 iters/s
step_00800 ✓ [ 100% ] 0000/0177 VUs  30s        800.00 iters/s
step_00850 ✓ [ 100% ] 0000/0170 VUs  30s        850.00 iters/s
step_00900 ✓ [ 100% ] 0000/0236 VUs  30s        900.00 iters/s
step_00950 ✓ [ 100% ] 0000/0190 VUs  30s        950.00 iters/s
step_01000   [  80% ] 0004/0239 VUs  24.0s/30s  1000.00 iters/s

running (09m55.0s), 0008/0524 VUs, 309783 complete and 0 interrupted iterations
step_00050 ✓ [ 100% ] 000/020 VUs    30s        50.00 iters/s
step_00100 ✓ [ 100% ] 000/020 VUs    30s        100.00 iters/s
step_00150 ✓ [ 100% ] 000/030 VUs    30s        150.00 iters/s
step_00200 ✓ [ 100% ] 000/040 VUs    30s        200.00 iters/s
step_00250 ✓ [ 100% ] 000/050 VUs    30s        250.00 iters/s
step_00300 ✓ [ 100% ] 000/064 VUs    30s        300.00 iters/s
step_00350 ✓ [ 100% ] 0000/0070 VUs  30s        350.00 iters/s
step_00400 ✓ [ 100% ] 0000/0080 VUs  30s        400.00 iters/s
step_00450 ✓ [ 100% ] 0000/0090 VUs  30s        450.00 iters/s
step_00500 ✓ [ 100% ] 0000/0100 VUs  30s        500.00 iters/s
step_00550 ✓ [ 100% ] 0000/0110 VUs  30s        550.00 iters/s
step_00600 ✓ [ 100% ] 0000/0120 VUs  30s        600.00 iters/s
step_00650 ✓ [ 100% ] 0000/0143 VUs  30s        650.00 iters/s
step_00700 ✓ [ 100% ] 0000/0145 VUs  30s        700.00 iters/s
step_00750 ✓ [ 100% ] 0000/0150 VUs  30s        750.00 iters/s
step_00800 ✓ [ 100% ] 0000/0177 VUs  30s        800.00 iters/s
step_00850 ✓ [ 100% ] 0000/0170 VUs  30s        850.00 iters/s
step_00900 ✓ [ 100% ] 0000/0236 VUs  30s        900.00 iters/s
step_00950 ✓ [ 100% ] 0000/0190 VUs  30s        950.00 iters/s
step_01000   [  83% ] 0008/0239 VUs  25.0s/30s  1000.00 iters/s

running (09m56.0s), 0221/0524 VUs, 310570 complete and 0 interrupted iterations
step_00050 ✓ [ 100% ] 000/020 VUs    30s        50.00 iters/s
step_00100 ✓ [ 100% ] 000/020 VUs    30s        100.00 iters/s
step_00150 ✓ [ 100% ] 000/030 VUs    30s        150.00 iters/s
step_00200 ✓ [ 100% ] 000/040 VUs    30s        200.00 iters/s
step_00250 ✓ [ 100% ] 000/050 VUs    30s        250.00 iters/s
step_00300 ✓ [ 100% ] 000/064 VUs    30s        300.00 iters/s
step_00350 ✓ [ 100% ] 0000/0070 VUs  30s        350.00 iters/s
step_00400 ✓ [ 100% ] 0000/0080 VUs  30s        400.00 iters/s
step_00450 ✓ [ 100% ] 0000/0090 VUs  30s        450.00 iters/s
step_00500 ✓ [ 100% ] 0000/0100 VUs  30s        500.00 iters/s
step_00550 ✓ [ 100% ] 0000/0110 VUs  30s        550.00 iters/s
step_00600 ✓ [ 100% ] 0000/0120 VUs  30s        600.00 iters/s
step_00650 ✓ [ 100% ] 0000/0143 VUs  30s        650.00 iters/s
step_00700 ✓ [ 100% ] 0000/0145 VUs  30s        700.00 iters/s
step_00750 ✓ [ 100% ] 0000/0150 VUs  30s        750.00 iters/s
step_00800 ✓ [ 100% ] 0000/0177 VUs  30s        800.00 iters/s
step_00850 ✓ [ 100% ] 0000/0170 VUs  30s        850.00 iters/s
step_00900 ✓ [ 100% ] 0000/0236 VUs  30s        900.00 iters/s
step_00950 ✓ [ 100% ] 0000/0190 VUs  30s        950.00 iters/s
step_01000   [  87% ] 0221/0239 VUs  26.0s/30s  1000.00 iters/s

running (09m57.0s), 0020/0524 VUs, 311771 complete and 0 interrupted iterations
step_00050 ✓ [ 100% ] 000/020 VUs    30s        50.00 iters/s
step_00100 ✓ [ 100% ] 000/020 VUs    30s        100.00 iters/s
step_00150 ✓ [ 100% ] 000/030 VUs    30s        150.00 iters/s
step_00200 ✓ [ 100% ] 000/040 VUs    30s        200.00 iters/s
step_00250 ✓ [ 100% ] 000/050 VUs    30s        250.00 iters/s
step_00300 ✓ [ 100% ] 000/064 VUs    30s        300.00 iters/s
step_00350 ✓ [ 100% ] 0000/0070 VUs  30s        350.00 iters/s
step_00400 ✓ [ 100% ] 0000/0080 VUs  30s        400.00 iters/s
step_00450 ✓ [ 100% ] 0000/0090 VUs  30s        450.00 iters/s
step_00500 ✓ [ 100% ] 0000/0100 VUs  30s        500.00 iters/s
step_00550 ✓ [ 100% ] 0000/0110 VUs  30s        550.00 iters/s
step_00600 ✓ [ 100% ] 0000/0120 VUs  30s        600.00 iters/s
step_00650 ✓ [ 100% ] 0000/0143 VUs  30s        650.00 iters/s
step_00700 ✓ [ 100% ] 0000/0145 VUs  30s        700.00 iters/s
step_00750 ✓ [ 100% ] 0000/0150 VUs  30s        750.00 iters/s
step_00800 ✓ [ 100% ] 0000/0177 VUs  30s        800.00 iters/s
step_00850 ✓ [ 100% ] 0000/0170 VUs  30s        850.00 iters/s
step_00900 ✓ [ 100% ] 0000/0236 VUs  30s        900.00 iters/s
step_00950 ✓ [ 100% ] 0000/0190 VUs  30s        950.00 iters/s
step_01000   [  90% ] 0020/0239 VUs  27.0s/30s  1000.00 iters/s

running (09m58.0s), 0005/0524 VUs, 312786 complete and 0 interrupted iterations
step_00050 ✓ [ 100% ] 000/020 VUs    30s        50.00 iters/s
step_00100 ✓ [ 100% ] 000/020 VUs    30s        100.00 iters/s
step_00150 ✓ [ 100% ] 000/030 VUs    30s        150.00 iters/s
step_00200 ✓ [ 100% ] 000/040 VUs    30s        200.00 iters/s
step_00250 ✓ [ 100% ] 000/050 VUs    30s        250.00 iters/s
step_00300 ✓ [ 100% ] 000/064 VUs    30s        300.00 iters/s
step_00350 ✓ [ 100% ] 0000/0070 VUs  30s        350.00 iters/s
step_00400 ✓ [ 100% ] 0000/0080 VUs  30s        400.00 iters/s
step_00450 ✓ [ 100% ] 0000/0090 VUs  30s        450.00 iters/s
step_00500 ✓ [ 100% ] 0000/0100 VUs  30s        500.00 iters/s
step_00550 ✓ [ 100% ] 0000/0110 VUs  30s        550.00 iters/s
step_00600 ✓ [ 100% ] 0000/0120 VUs  30s        600.00 iters/s
step_00650 ✓ [ 100% ] 0000/0143 VUs  30s        650.00 iters/s
step_00700 ✓ [ 100% ] 0000/0145 VUs  30s        700.00 iters/s
step_00750 ✓ [ 100% ] 0000/0150 VUs  30s        750.00 iters/s
step_00800 ✓ [ 100% ] 0000/0177 VUs  30s        800.00 iters/s
step_00850 ✓ [ 100% ] 0000/0170 VUs  30s        850.00 iters/s
step_00900 ✓ [ 100% ] 0000/0236 VUs  30s        900.00 iters/s
step_00950 ✓ [ 100% ] 0000/0190 VUs  30s        950.00 iters/s
step_01000   [  93% ] 0005/0239 VUs  28.0s/30s  1000.00 iters/s

running (09m59.0s), 0019/0524 VUs, 313772 complete and 0 interrupted iterations
step_00050 ✓ [ 100% ] 000/020 VUs    30s        50.00 iters/s
step_00100 ✓ [ 100% ] 000/020 VUs    30s        100.00 iters/s
step_00150 ✓ [ 100% ] 000/030 VUs    30s        150.00 iters/s
step_00200 ✓ [ 100% ] 000/040 VUs    30s        200.00 iters/s
step_00250 ✓ [ 100% ] 000/050 VUs    30s        250.00 iters/s
step_00300 ✓ [ 100% ] 000/064 VUs    30s        300.00 iters/s
step_00350 ✓ [ 100% ] 0000/0070 VUs  30s        350.00 iters/s
step_00400 ✓ [ 100% ] 0000/0080 VUs  30s        400.00 iters/s
step_00450 ✓ [ 100% ] 0000/0090 VUs  30s        450.00 iters/s
step_00500 ✓ [ 100% ] 0000/0100 VUs  30s        500.00 iters/s
step_00550 ✓ [ 100% ] 0000/0110 VUs  30s        550.00 iters/s
step_00600 ✓ [ 100% ] 0000/0120 VUs  30s        600.00 iters/s
step_00650 ✓ [ 100% ] 0000/0143 VUs  30s        650.00 iters/s
step_00700 ✓ [ 100% ] 0000/0145 VUs  30s        700.00 iters/s
step_00750 ✓ [ 100% ] 0000/0150 VUs  30s        750.00 iters/s
step_00800 ✓ [ 100% ] 0000/0177 VUs  30s        800.00 iters/s
step_00850 ✓ [ 100% ] 0000/0170 VUs  30s        850.00 iters/s
step_00900 ✓ [ 100% ] 0000/0236 VUs  30s        900.00 iters/s
step_00950 ✓ [ 100% ] 0000/0190 VUs  30s        950.00 iters/s
step_01000   [  97% ] 0019/0239 VUs  29.0s/30s  1000.00 iters/s

running (10m00.0s), 0003/0524 VUs, 314788 complete and 0 interrupted iterations
step_00050 ✓ [ 100% ] 000/020 VUs    30s        50.00 iters/s
step_00100 ✓ [ 100% ] 000/020 VUs    30s        100.00 iters/s
step_00150 ✓ [ 100% ] 000/030 VUs    30s        150.00 iters/s
step_00200 ✓ [ 100% ] 000/040 VUs    30s        200.00 iters/s
step_00250 ✓ [ 100% ] 000/050 VUs    30s        250.00 iters/s
step_00300 ✓ [ 100% ] 000/064 VUs    30s        300.00 iters/s
step_00350 ✓ [ 100% ] 0000/0070 VUs  30s        350.00 iters/s
step_00400 ✓ [ 100% ] 0000/0080 VUs  30s        400.00 iters/s
step_00450 ✓ [ 100% ] 0000/0090 VUs  30s        450.00 iters/s
step_00500 ✓ [ 100% ] 0000/0100 VUs  30s        500.00 iters/s
step_00550 ✓ [ 100% ] 0000/0110 VUs  30s        550.00 iters/s
step_00600 ✓ [ 100% ] 0000/0120 VUs  30s        600.00 iters/s
step_00650 ✓ [ 100% ] 0000/0143 VUs  30s        650.00 iters/s
step_00700 ✓ [ 100% ] 0000/0145 VUs  30s        700.00 iters/s
step_00750 ✓ [ 100% ] 0000/0150 VUs  30s        750.00 iters/s
step_00800 ✓ [ 100% ] 0000/0177 VUs  30s        800.00 iters/s
step_00850 ✓ [ 100% ] 0000/0170 VUs  30s        850.00 iters/s
step_00900 ✓ [ 100% ] 0000/0236 VUs  30s        900.00 iters/s
step_00950 ✓ [ 100% ] 0000/0190 VUs  30s        950.00 iters/s
step_01000   [ 100% ] 0003/0239 VUs  30.0s/30s  1000.00 iters/s

open-loop ramp: 20 steps, 50..1000 rps in 50 rps steps of 30s
dropped_iterations = 180  <-- offered load fell short of target on at least one step
wrote /Users/katha/Desktop/EliteLabIndividual_Research/testbedForFinApiZTA/psao-artifact/data/runs/2026-09-13T12-49-53Z-ramp-S8/k6_steps.csv

running (10m00.0s), 0000/0524 VUs, 314836 complete and 0 interrupted iterations
step_00050 ✓ [ 100% ] 000/020 VUs    30s  50.00 iters/s
step_00100 ✓ [ 100% ] 000/020 VUs    30s  100.00 iters/s
step_00150 ✓ [ 100% ] 000/030 VUs    30s  150.00 iters/s
step_00200 ✓ [ 100% ] 000/040 VUs    30s  200.00 iters/s
step_00250 ✓ [ 100% ] 000/050 VUs    30s  250.00 iters/s
step_00300 ✓ [ 100% ] 000/064 VUs    30s  300.00 iters/s
step_00350 ✓ [ 100% ] 0000/0070 VUs  30s  350.00 iters/s
step_00400 ✓ [ 100% ] 0000/0080 VUs  30s  400.00 iters/s
step_00450 ✓ [ 100% ] 0000/0090 VUs  30s  450.00 iters/s
step_00500 ✓ [ 100% ] 0000/0100 VUs  30s  500.00 iters/s
step_00550 ✓ [ 100% ] 0000/0110 VUs  30s  550.00 iters/s
step_00600 ✓ [ 100% ] 0000/0120 VUs  30s  600.00 iters/s
step_00650 ✓ [ 100% ] 0000/0143 VUs  30s  650.00 iters/s
step_00700 ✓ [ 100% ] 0000/0145 VUs  30s  700.00 iters/s
step_00750 ✓ [ 100% ] 0000/0150 VUs  30s  750.00 iters/s
step_00800 ✓ [ 100% ] 0000/0177 VUs  30s  800.00 iters/s
step_00850 ✓ [ 100% ] 0000/0170 VUs  30s  850.00 iters/s
step_00900 ✓ [ 100% ] 0000/0236 VUs  30s  900.00 iters/s
step_00950 ✓ [ 100% ] 0000/0190 VUs  30s  950.00 iters/s
step_01000 ✓ [ 100% ] 0000/0239 VUs  30s  1000.00 iters/s
