
         /\      Grafana   /‾‾/  
    /\  /  \     |\  __   /  /   
   /  \/    \    | |/ /  /   ‾‾\ 
  /          \   |   (  |  (‾)  |
 / __________ \  |_|\_\  \_____/ 


     execution: local
        script: /Users/katha/Desktop/EliteLabIndividual_Research/testbedForFinApiZTA/microservices-api/psao-artifact/experiments/k6/openloop-ramp.js
        output: csv (/Users/katha/Desktop/EliteLabIndividual_Research/testbedForFinApiZTA/microservices-api/psao-artifact/data/runs/2026-09-13T17-08-27Z-ramp-S1/k6_raw.csv)

     scenarios: (100.00%) 20 scenarios, 5850 max VUs, 10m10s max duration (incl. graceful stop):
              * step_00050: 50.00 iterations/s for 30s (maxVUs: 20-150, gracefulStop: 10s)
              * step_00100: 100.00 iterations/s for 30s (maxVUs: 20-300, startTime: 30s, gracefulStop: 10s)
              * step_00150: 150.00 iterations/s for 30s (maxVUs: 30-450, startTime: 1m0s, gracefulStop: 10s)
              * step_00200: 200.00 iterations/s for 30s (maxVUs: 40-600, startTime: 1m30s, gracefulStop: 10s)
              * step_00250: 250.00 iterations/s for 30s (maxVUs: 50-750, startTime: 2m0s, gracefulStop: 10s)
              * step_00300: 300.00 iterations/s for 30s (maxVUs: 60-900, startTime: 2m30s, gracefulStop: 10s)
              * step_00350: 350.00 iterations/s for 30s (maxVUs: 70-1050, startTime: 3m0s, gracefulStop: 10s)
              * step_00400: 400.00 iterations/s for 30s (maxVUs: 80-1200, startTime: 3m30s, gracefulStop: 10s)
              * step_00450: 450.00 iterations/s for 30s (maxVUs: 90-1350, startTime: 4m0s, gracefulStop: 10s)
              * step_00500: 500.00 iterations/s for 30s (maxVUs: 100-1500, startTime: 4m30s, gracefulStop: 10s)
              * step_00550: 550.00 iterations/s for 30s (maxVUs: 110-1650, startTime: 5m0s, gracefulStop: 10s)
              * step_00600: 600.00 iterations/s for 30s (maxVUs: 120-1800, startTime: 5m30s, gracefulStop: 10s)
              * step_00650: 650.00 iterations/s for 30s (maxVUs: 130-1950, startTime: 6m0s, gracefulStop: 10s)
              * step_00700: 700.00 iterations/s for 30s (maxVUs: 140-2100, startTime: 6m30s, gracefulStop: 10s)
              * step_00750: 750.00 iterations/s for 30s (maxVUs: 150-2250, startTime: 7m0s, gracefulStop: 10s)
              * step_00800: 800.00 iterations/s for 30s (maxVUs: 160-2400, startTime: 7m30s, gracefulStop: 10s)
              * step_00850: 850.00 iterations/s for 30s (maxVUs: 170-2550, startTime: 8m0s, gracefulStop: 10s)
              * step_00900: 900.00 iterations/s for 30s (maxVUs: 180-2700, startTime: 8m30s, gracefulStop: 10s)
              * step_00950: 950.00 iterations/s for 30s (maxVUs: 190-2850, startTime: 9m0s, gracefulStop: 10s)
              * step_01000: 1000.00 iterations/s for 30s (maxVUs: 200-3000, startTime: 9m30s, gracefulStop: 10s)


running (00m01.0s), 0000/0390 VUs, 48 complete and 0 interrupted iterations
step_00050   [   3% ] 000/020 VUs  00.9s/30s  50.00 iters/s
step_00100 • [   0% ] waiting      29.0s     
step_00150 • [   0% ] waiting      0m59.0s   
step_00200 • [   0% ] waiting      1m29.0s   
step_00250 • [   0% ] waiting      1m59.0s   
step_00300 • [   0% ] waiting      2m29.0s   
step_00350 • [   0% ] waiting      2m59.0s   
step_00400 • [   0% ] waiting      3m29.0s   
step_00450 • [   0% ] waiting      3m59.0s   
step_00500 • [   0% ] waiting      4m29.0s   
step_00550 • [   0% ] waiting      4m59.0s   
step_00600 • [   0% ] waiting      5m29.0s   
step_00650 • [   0% ] waiting      5m59.0s   
step_00700 • [   0% ] waiting      6m29.0s   
step_00750 • [   0% ] waiting      6m59.0s   
step_00800 • [   0% ] waiting      7m29.0s   
step_00850 • [   0% ] waiting      7m59.0s   
step_00900 • [   0% ] waiting      8m29.0s   
step_00950 • [   0% ] waiting      8m59.0s   
step_01000 • [   0% ] waiting      9m29.0s   

running (00m02.0s), 0000/0390 VUs, 98 complete and 0 interrupted iterations
step_00050   [   6% ] 000/020 VUs  01.9s/30s  50.00 iters/s
step_00100 • [   0% ] waiting      28.0s     
step_00150 • [   0% ] waiting      0m58.0s   
step_00200 • [   0% ] waiting      1m28.0s   
step_00250 • [   0% ] waiting      1m58.0s   
step_00300 • [   0% ] waiting      2m28.0s   
step_00350 • [   0% ] waiting      2m58.0s   
step_00400 • [   0% ] waiting      3m28.0s   
step_00450 • [   0% ] waiting      3m58.0s   
step_00500 • [   0% ] waiting      4m28.0s   
step_00550 • [   0% ] waiting      4m58.0s   
step_00600 • [   0% ] waiting      5m28.0s   
step_00650 • [   0% ] waiting      5m58.0s   
step_00700 • [   0% ] waiting      6m28.0s   
step_00750 • [   0% ] waiting      6m58.0s   
step_00800 • [   0% ] waiting      7m28.0s   
step_00850 • [   0% ] waiting      7m58.0s   
step_00900 • [   0% ] waiting      8m28.0s   
step_00950 • [   0% ] waiting      8m58.0s   
step_01000 • [   0% ] waiting      9m28.0s   

running (00m03.0s), 0000/0390 VUs, 148 complete and 0 interrupted iterations
step_00050   [  10% ] 000/020 VUs  02.9s/30s  50.00 iters/s
step_00100 • [   0% ] waiting      27.0s     
step_00150 • [   0% ] waiting      0m57.0s   
step_00200 • [   0% ] waiting      1m27.0s   
step_00250 • [   0% ] waiting      1m57.0s   
step_00300 • [   0% ] waiting      2m27.0s   
step_00350 • [   0% ] waiting      2m57.0s   
step_00400 • [   0% ] waiting      3m27.0s   
step_00450 • [   0% ] waiting      3m57.0s   
step_00500 • [   0% ] waiting      4m27.0s   
step_00550 • [   0% ] waiting      4m57.0s   
step_00600 • [   0% ] waiting      5m27.0s   
step_00650 • [   0% ] waiting      5m57.0s   
step_00700 • [   0% ] waiting      6m27.0s   
step_00750 • [   0% ] waiting      6m57.0s   
step_00800 • [   0% ] waiting      7m27.0s   
step_00850 • [   0% ] waiting      7m57.0s   
step_00900 • [   0% ] waiting      8m27.0s   
step_00950 • [   0% ] waiting      8m57.0s   
step_01000 • [   0% ] waiting      9m27.0s   

running (00m04.0s), 0000/0390 VUs, 198 complete and 0 interrupted iterations
step_00050   [  13% ] 000/020 VUs  03.9s/30s  50.00 iters/s
step_00100 • [   0% ] waiting      26.0s     
step_00150 • [   0% ] waiting      0m56.0s   
step_00200 • [   0% ] waiting      1m26.0s   
step_00250 • [   0% ] waiting      1m56.0s   
step_00300 • [   0% ] waiting      2m26.0s   
step_00350 • [   0% ] waiting      2m56.0s   
step_00400 • [   0% ] waiting      3m26.0s   
step_00450 • [   0% ] waiting      3m56.0s   
step_00500 • [   0% ] waiting      4m26.0s   
step_00550 • [   0% ] waiting      4m56.0s   
step_00600 • [   0% ] waiting      5m26.0s   
step_00650 • [   0% ] waiting      5m56.0s   
step_00700 • [   0% ] waiting      6m26.0s   
step_00750 • [   0% ] waiting      6m56.0s   
step_00800 • [   0% ] waiting      7m26.0s   
step_00850 • [   0% ] waiting      7m56.0s   
step_00900 • [   0% ] waiting      8m26.0s   
step_00950 • [   0% ] waiting      8m56.0s   
step_01000 • [   0% ] waiting      9m26.0s   

running (00m05.0s), 0000/0390 VUs, 248 complete and 0 interrupted iterations
step_00050   [  16% ] 000/020 VUs  04.9s/30s  50.00 iters/s
step_00100 • [   0% ] waiting      25.0s     
step_00150 • [   0% ] waiting      0m55.0s   
step_00200 • [   0% ] waiting      1m25.0s   
step_00250 • [   0% ] waiting      1m55.0s   
step_00300 • [   0% ] waiting      2m25.0s   
step_00350 • [   0% ] waiting      2m55.0s   
step_00400 • [   0% ] waiting      3m25.0s   
step_00450 • [   0% ] waiting      3m55.0s   
step_00500 • [   0% ] waiting      4m25.0s   
step_00550 • [   0% ] waiting      4m55.0s   
step_00600 • [   0% ] waiting      5m25.0s   
step_00650 • [   0% ] waiting      5m55.0s   
step_00700 • [   0% ] waiting      6m25.0s   
step_00750 • [   0% ] waiting      6m55.0s   
step_00800 • [   0% ] waiting      7m25.0s   
step_00850 • [   0% ] waiting      7m55.0s   
step_00900 • [   0% ] waiting      8m25.0s   
step_00950 • [   0% ] waiting      8m55.0s   
step_01000 • [   0% ] waiting      9m25.0s   

running (00m06.0s), 0000/0390 VUs, 298 complete and 0 interrupted iterations
step_00050   [  20% ] 000/020 VUs  05.9s/30s  50.00 iters/s
step_00100 • [   0% ] waiting      24.0s     
step_00150 • [   0% ] waiting      0m54.0s   
step_00200 • [   0% ] waiting      1m24.0s   
step_00250 • [   0% ] waiting      1m54.0s   
step_00300 • [   0% ] waiting      2m24.0s   
step_00350 • [   0% ] waiting      2m54.0s   
step_00400 • [   0% ] waiting      3m24.0s   
step_00450 • [   0% ] waiting      3m54.0s   
step_00500 • [   0% ] waiting      4m24.0s   
step_00550 • [   0% ] waiting      4m54.0s   
step_00600 • [   0% ] waiting      5m24.0s   
step_00650 • [   0% ] waiting      5m54.0s   
step_00700 • [   0% ] waiting      6m24.0s   
step_00750 • [   0% ] waiting      6m54.0s   
step_00800 • [   0% ] waiting      7m24.0s   
step_00850 • [   0% ] waiting      7m54.0s   
step_00900 • [   0% ] waiting      8m24.0s   
step_00950 • [   0% ] waiting      8m54.0s   
step_01000 • [   0% ] waiting      9m24.0s   

running (00m07.0s), 0000/0390 VUs, 348 complete and 0 interrupted iterations
step_00050   [  23% ] 000/020 VUs  06.9s/30s  50.00 iters/s
step_00100 • [   0% ] waiting      23.0s     
step_00150 • [   0% ] waiting      0m53.0s   
step_00200 • [   0% ] waiting      1m23.0s   
step_00250 • [   0% ] waiting      1m53.0s   
step_00300 • [   0% ] waiting      2m23.0s   
step_00350 • [   0% ] waiting      2m53.0s   
step_00400 • [   0% ] waiting      3m23.0s   
step_00450 • [   0% ] waiting      3m53.0s   
step_00500 • [   0% ] waiting      4m23.0s   
step_00550 • [   0% ] waiting      4m53.0s   
step_00600 • [   0% ] waiting      5m23.0s   
step_00650 • [   0% ] waiting      5m53.0s   
step_00700 • [   0% ] waiting      6m23.0s   
step_00750 • [   0% ] waiting      6m53.0s   
step_00800 • [   0% ] waiting      7m23.0s   
step_00850 • [   0% ] waiting      7m53.0s   
step_00900 • [   0% ] waiting      8m23.0s   
step_00950 • [   0% ] waiting      8m53.0s   
step_01000 • [   0% ] waiting      9m23.0s   

running (00m08.0s), 0001/0390 VUs, 397 complete and 0 interrupted iterations
step_00050   [  26% ] 001/020 VUs  07.9s/30s  50.00 iters/s
step_00100 • [   0% ] waiting      22.0s     
step_00150 • [   0% ] waiting      0m52.0s   
step_00200 • [   0% ] waiting      1m22.0s   
step_00250 • [   0% ] waiting      1m52.0s   
step_00300 • [   0% ] waiting      2m22.0s   
step_00350 • [   0% ] waiting      2m52.0s   
step_00400 • [   0% ] waiting      3m22.0s   
step_00450 • [   0% ] waiting      3m52.0s   
step_00500 • [   0% ] waiting      4m22.0s   
step_00550 • [   0% ] waiting      4m52.0s   
step_00600 • [   0% ] waiting      5m22.0s   
step_00650 • [   0% ] waiting      5m52.0s   
step_00700 • [   0% ] waiting      6m22.0s   
step_00750 • [   0% ] waiting      6m52.0s   
step_00800 • [   0% ] waiting      7m22.0s   
step_00850 • [   0% ] waiting      7m52.0s   
step_00900 • [   0% ] waiting      8m22.0s   
step_00950 • [   0% ] waiting      8m52.0s   
step_01000 • [   0% ] waiting      9m22.0s   

running (00m09.0s), 0000/0390 VUs, 448 complete and 0 interrupted iterations
step_00050   [  30% ] 000/020 VUs  08.9s/30s  50.00 iters/s
step_00100 • [   0% ] waiting      21.0s     
step_00150 • [   0% ] waiting      0m51.0s   
step_00200 • [   0% ] waiting      1m21.0s   
step_00250 • [   0% ] waiting      1m51.0s   
step_00300 • [   0% ] waiting      2m21.0s   
step_00350 • [   0% ] waiting      2m51.0s   
step_00400 • [   0% ] waiting      3m21.0s   
step_00450 • [   0% ] waiting      3m51.0s   
step_00500 • [   0% ] waiting      4m21.0s   
step_00550 • [   0% ] waiting      4m51.0s   
step_00600 • [   0% ] waiting      5m21.0s   
step_00650 • [   0% ] waiting      5m51.0s   
step_00700 • [   0% ] waiting      6m21.0s   
step_00750 • [   0% ] waiting      6m51.0s   
step_00800 • [   0% ] waiting      7m21.0s   
step_00850 • [   0% ] waiting      7m51.0s   
step_00900 • [   0% ] waiting      8m21.0s   
step_00950 • [   0% ] waiting      8m51.0s   
step_01000 • [   0% ] waiting      9m21.0s   

running (00m10.0s), 0000/0390 VUs, 498 complete and 0 interrupted iterations
step_00050   [  33% ] 000/020 VUs  09.9s/30s  50.00 iters/s
step_00100 • [   0% ] waiting      20.0s     
step_00150 • [   0% ] waiting      0m50.0s   
step_00200 • [   0% ] waiting      1m20.0s   
step_00250 • [   0% ] waiting      1m50.0s   
step_00300 • [   0% ] waiting      2m20.0s   
step_00350 • [   0% ] waiting      2m50.0s   
step_00400 • [   0% ] waiting      3m20.0s   
step_00450 • [   0% ] waiting      3m50.0s   
step_00500 • [   0% ] waiting      4m20.0s   
step_00550 • [   0% ] waiting      4m50.0s   
step_00600 • [   0% ] waiting      5m20.0s   
step_00650 • [   0% ] waiting      5m50.0s   
step_00700 • [   0% ] waiting      6m20.0s   
step_00750 • [   0% ] waiting      6m50.0s   
step_00800 • [   0% ] waiting      7m20.0s   
step_00850 • [   0% ] waiting      7m50.0s   
step_00900 • [   0% ] waiting      8m20.0s   
step_00950 • [   0% ] waiting      8m50.0s   
step_01000 • [   0% ] waiting      9m20.0s   

running (00m11.0s), 0000/0390 VUs, 548 complete and 0 interrupted iterations
step_00050   [  36% ] 000/020 VUs  10.9s/30s  50.00 iters/s
step_00100 • [   0% ] waiting      19.1s     
step_00150 • [   0% ] waiting      0m49.1s   
step_00200 • [   0% ] waiting      1m19.1s   
step_00250 • [   0% ] waiting      1m49.0s   
step_00300 • [   0% ] waiting      2m19.1s   
step_00350 • [   0% ] waiting      2m49.1s   
step_00400 • [   0% ] waiting      3m19.1s   
step_00450 • [   0% ] waiting      3m49.0s   
step_00500 • [   0% ] waiting      4m19.0s   
step_00550 • [   0% ] waiting      4m49.0s   
step_00600 • [   0% ] waiting      5m19.0s   
step_00650 • [   0% ] waiting      5m49.0s   
step_00700 • [   0% ] waiting      6m19.0s   
step_00750 • [   0% ] waiting      6m49.0s   
step_00800 • [   0% ] waiting      7m19.0s   
step_00850 • [   0% ] waiting      7m49.0s   
step_00900 • [   0% ] waiting      8m19.0s   
step_00950 • [   0% ] waiting      8m49.0s   
step_01000 • [   0% ] waiting      9m19.0s   

running (00m12.0s), 0000/0390 VUs, 598 complete and 0 interrupted iterations
step_00050   [  40% ] 000/020 VUs  11.9s/30s  50.00 iters/s
step_00100 • [   0% ] waiting      18.0s     
step_00150 • [   0% ] waiting      0m48.0s   
step_00200 • [   0% ] waiting      1m18.0s   
step_00250 • [   0% ] waiting      1m48.0s   
step_00300 • [   0% ] waiting      2m18.0s   
step_00350 • [   0% ] waiting      2m48.0s   
step_00400 • [   0% ] waiting      3m18.0s   
step_00450 • [   0% ] waiting      3m48.0s   
step_00500 • [   0% ] waiting      4m18.0s   
step_00550 • [   0% ] waiting      4m48.0s   
step_00600 • [   0% ] waiting      5m18.0s   
step_00650 • [   0% ] waiting      5m48.0s   
step_00700 • [   0% ] waiting      6m18.0s   
step_00750 • [   0% ] waiting      6m48.0s   
step_00800 • [   0% ] waiting      7m18.0s   
step_00850 • [   0% ] waiting      7m48.0s   
step_00900 • [   0% ] waiting      8m18.0s   
step_00950 • [   0% ] waiting      8m48.0s   
step_01000 • [   0% ] waiting      9m18.0s   

running (00m13.0s), 0000/0390 VUs, 648 complete and 0 interrupted iterations
step_00050   [  43% ] 000/020 VUs  12.9s/30s  50.00 iters/s
step_00100 • [   0% ] waiting      17.0s     
step_00150 • [   0% ] waiting      0m47.0s   
step_00200 • [   0% ] waiting      1m17.0s   
step_00250 • [   0% ] waiting      1m47.0s   
step_00300 • [   0% ] waiting      2m17.0s   
step_00350 • [   0% ] waiting      2m47.0s   
step_00400 • [   0% ] waiting      3m17.0s   
step_00450 • [   0% ] waiting      3m47.0s   
step_00500 • [   0% ] waiting      4m17.0s   
step_00550 • [   0% ] waiting      4m47.0s   
step_00600 • [   0% ] waiting      5m17.0s   
step_00650 • [   0% ] waiting      5m47.0s   
step_00700 • [   0% ] waiting      6m17.0s   
step_00750 • [   0% ] waiting      6m47.0s   
step_00800 • [   0% ] waiting      7m17.0s   
step_00850 • [   0% ] waiting      7m47.0s   
step_00900 • [   0% ] waiting      8m17.0s   
step_00950 • [   0% ] waiting      8m47.0s   
step_01000 • [   0% ] waiting      9m17.0s   

running (00m14.0s), 0000/0390 VUs, 698 complete and 0 interrupted iterations
step_00050   [  46% ] 000/020 VUs  13.9s/30s  50.00 iters/s
step_00100 • [   0% ] waiting      16.1s     
step_00150 • [   0% ] waiting      0m46.1s   
step_00200 • [   0% ] waiting      1m16.1s   
step_00250 • [   0% ] waiting      1m46.1s   
step_00300 • [   0% ] waiting      2m16.1s   
step_00350 • [   0% ] waiting      2m46.1s   
step_00400 • [   0% ] waiting      3m16.1s   
step_00450 • [   0% ] waiting      3m46.0s   
step_00500 • [   0% ] waiting      4m16.0s   
step_00550 • [   0% ] waiting      4m46.0s   
step_00600 • [   0% ] waiting      5m16.1s   
step_00650 • [   0% ] waiting      5m46.1s   
step_00700 • [   0% ] waiting      6m16.1s   
step_00750 • [   0% ] waiting      6m46.1s   
step_00800 • [   0% ] waiting      7m16.1s   
step_00850 • [   0% ] waiting      7m46.1s   
step_00900 • [   0% ] waiting      8m16.1s   
step_00950 • [   0% ] waiting      8m46.1s   
step_01000 • [   0% ] waiting      9m16.0s   

running (00m15.0s), 0001/0390 VUs, 747 complete and 0 interrupted iterations
step_00050   [  50% ] 001/020 VUs  14.9s/30s  50.00 iters/s
step_00100 • [   0% ] waiting      15.0s     
step_00150 • [   0% ] waiting      0m45.0s   
step_00200 • [   0% ] waiting      1m15.0s   
step_00250 • [   0% ] waiting      1m45.0s   
step_00300 • [   0% ] waiting      2m15.0s   
step_00350 • [   0% ] waiting      2m45.0s   
step_00400 • [   0% ] waiting      3m15.0s   
step_00450 • [   0% ] waiting      3m45.0s   
step_00500 • [   0% ] waiting      4m15.0s   
step_00550 • [   0% ] waiting      4m45.0s   
step_00600 • [   0% ] waiting      5m15.0s   
step_00650 • [   0% ] waiting      5m45.0s   
step_00700 • [   0% ] waiting      6m15.0s   
step_00750 • [   0% ] waiting      6m45.0s   
step_00800 • [   0% ] waiting      7m15.0s   
step_00850 • [   0% ] waiting      7m45.0s   
step_00900 • [   0% ] waiting      8m15.0s   
step_00950 • [   0% ] waiting      8m45.0s   
step_01000 • [   0% ] waiting      9m15.0s   

running (00m16.0s), 0000/0390 VUs, 798 complete and 0 interrupted iterations
step_00050   [  53% ] 000/020 VUs  15.9s/30s  50.00 iters/s
step_00100 • [   0% ] waiting      14.0s     
step_00150 • [   0% ] waiting      0m44.0s   
step_00200 • [   0% ] waiting      1m14.0s   
step_00250 • [   0% ] waiting      1m44.0s   
step_00300 • [   0% ] waiting      2m14.0s   
step_00350 • [   0% ] waiting      2m44.0s   
step_00400 • [   0% ] waiting      3m14.0s   
step_00450 • [   0% ] waiting      3m44.0s   
step_00500 • [   0% ] waiting      4m14.0s   
step_00550 • [   0% ] waiting      4m44.0s   
step_00600 • [   0% ] waiting      5m14.0s   
step_00650 • [   0% ] waiting      5m44.0s   
step_00700 • [   0% ] waiting      6m14.0s   
step_00750 • [   0% ] waiting      6m44.0s   
step_00800 • [   0% ] waiting      7m14.0s   
step_00850 • [   0% ] waiting      7m44.0s   
step_00900 • [   0% ] waiting      8m14.0s   
step_00950 • [   0% ] waiting      8m44.0s   
step_01000 • [   0% ] waiting      9m14.0s   

running (00m17.0s), 0000/0390 VUs, 848 complete and 0 interrupted iterations
step_00050   [  56% ] 000/020 VUs  16.9s/30s  50.00 iters/s
step_00100 • [   0% ] waiting      13.0s     
step_00150 • [   0% ] waiting      0m43.0s   
step_00200 • [   0% ] waiting      1m13.0s   
step_00250 • [   0% ] waiting      1m43.0s   
step_00300 • [   0% ] waiting      2m13.0s   
step_00350 • [   0% ] waiting      2m43.0s   
step_00400 • [   0% ] waiting      3m13.0s   
step_00450 • [   0% ] waiting      3m43.0s   
step_00500 • [   0% ] waiting      4m13.0s   
step_00550 • [   0% ] waiting      4m43.0s   
step_00600 • [   0% ] waiting      5m13.0s   
step_00650 • [   0% ] waiting      5m43.0s   
step_00700 • [   0% ] waiting      6m13.0s   
step_00750 • [   0% ] waiting      6m43.0s   
step_00800 • [   0% ] waiting      7m13.0s   
step_00850 • [   0% ] waiting      7m43.0s   
step_00900 • [   0% ] waiting      8m13.0s   
step_00950 • [   0% ] waiting      8m43.0s   
step_01000 • [   0% ] waiting      9m13.0s   

running (00m18.0s), 0000/0390 VUs, 898 complete and 0 interrupted iterations
step_00050   [  60% ] 000/020 VUs  17.9s/30s  50.00 iters/s
step_00100 • [   0% ] waiting      12.1s     
step_00150 • [   0% ] waiting      0m42.1s   
step_00200 • [   0% ] waiting      1m12.1s   
step_00250 • [   0% ] waiting      1m42.1s   
step_00300 • [   0% ] waiting      2m12.1s   
step_00350 • [   0% ] waiting      2m42.1s   
step_00400 • [   0% ] waiting      3m12.1s   
step_00450 • [   0% ] waiting      3m42.0s   
step_00500 • [   0% ] waiting      4m12.1s   
step_00550 • [   0% ] waiting      4m42.1s   
step_00600 • [   0% ] waiting      5m12.1s   
step_00650 • [   0% ] waiting      5m42.1s   
step_00700 • [   0% ] waiting      6m12.1s   
step_00750 • [   0% ] waiting      6m42.1s   
step_00800 • [   0% ] waiting      7m12.1s   
step_00850 • [   0% ] waiting      7m42.1s   
step_00900 • [   0% ] waiting      8m12.1s   
step_00950 • [   0% ] waiting      8m42.1s   
step_01000 • [   0% ] waiting      9m12.1s   

running (00m19.0s), 0000/0390 VUs, 948 complete and 0 interrupted iterations
step_00050   [  63% ] 000/020 VUs  18.9s/30s  50.00 iters/s
step_00100 • [   0% ] waiting      11.1s     
step_00150 • [   0% ] waiting      0m41.1s   
step_00200 • [   0% ] waiting      1m11.1s   
step_00250 • [   0% ] waiting      1m41.1s   
step_00300 • [   0% ] waiting      2m11.1s   
step_00350 • [   0% ] waiting      2m41.1s   
step_00400 • [   0% ] waiting      3m11.1s   
step_00450 • [   0% ] waiting      3m41.0s   
step_00500 • [   0% ] waiting      4m11.0s   
step_00550 • [   0% ] waiting      4m41.1s   
step_00600 • [   0% ] waiting      5m11.1s   
step_00650 • [   0% ] waiting      5m41.1s   
step_00700 • [   0% ] waiting      6m11.1s   
step_00750 • [   0% ] waiting      6m41.1s   
step_00800 • [   0% ] waiting      7m11.1s   
step_00850 • [   0% ] waiting      7m41.1s   
step_00900 • [   0% ] waiting      8m11.1s   
step_00950 • [   0% ] waiting      8m41.1s   
step_01000 • [   0% ] waiting      9m11.0s   

running (00m20.0s), 0000/0390 VUs, 998 complete and 0 interrupted iterations
step_00050   [  66% ] 000/020 VUs  19.9s/30s  50.00 iters/s
step_00100 • [   0% ] waiting      10.0s     
step_00150 • [   0% ] waiting      0m40.0s   
step_00200 • [   0% ] waiting      1m10.0s   
step_00250 • [   0% ] waiting      1m40.0s   
step_00300 • [   0% ] waiting      2m10.0s   
step_00350 • [   0% ] waiting      2m40.0s   
step_00400 • [   0% ] waiting      3m10.0s   
step_00450 • [   0% ] waiting      3m40.0s   
step_00500 • [   0% ] waiting      4m10.0s   
step_00550 • [   0% ] waiting      4m40.0s   
step_00600 • [   0% ] waiting      5m10.0s   
step_00650 • [   0% ] waiting      5m40.0s   
step_00700 • [   0% ] waiting      6m10.0s   
step_00750 • [   0% ] waiting      6m40.0s   
step_00800 • [   0% ] waiting      7m10.0s   
step_00850 • [   0% ] waiting      7m40.0s   
step_00900 • [   0% ] waiting      8m10.0s   
step_00950 • [   0% ] waiting      8m40.0s   
step_01000 • [   0% ] waiting      9m10.0s   

running (00m21.0s), 0000/0390 VUs, 1048 complete and 0 interrupted iterations
step_00050   [  70% ] 000/020 VUs  20.9s/30s  50.00 iters/s
step_00100 • [   0% ] waiting      09.0s     
step_00150 • [   0% ] waiting      0m39.0s   
step_00200 • [   0% ] waiting      1m09.0s   
step_00250 • [   0% ] waiting      1m39.0s   
step_00300 • [   0% ] waiting      2m09.0s   
step_00350 • [   0% ] waiting      2m39.0s   
step_00400 • [   0% ] waiting      3m09.0s   
step_00450 • [   0% ] waiting      3m39.0s   
step_00500 • [   0% ] waiting      4m09.0s   
step_00550 • [   0% ] waiting      4m39.0s   
step_00600 • [   0% ] waiting      5m09.0s   
step_00650 • [   0% ] waiting      5m39.0s   
step_00700 • [   0% ] waiting      6m09.0s   
step_00750 • [   0% ] waiting      6m39.0s   
step_00800 • [   0% ] waiting      7m09.0s   
step_00850 • [   0% ] waiting      7m39.0s   
step_00900 • [   0% ] waiting      8m09.0s   
step_00950 • [   0% ] waiting      8m39.0s   
step_01000 • [   0% ] waiting      9m09.0s   

running (00m22.0s), 0000/0390 VUs, 1098 complete and 0 interrupted iterations
step_00050   [  73% ] 000/020 VUs  21.9s/30s  50.00 iters/s
step_00100 • [   0% ] waiting      08.0s     
step_00150 • [   0% ] waiting      0m38.0s   
step_00200 • [   0% ] waiting      1m08.0s   
step_00250 • [   0% ] waiting      1m38.0s   
step_00300 • [   0% ] waiting      2m08.0s   
step_00350 • [   0% ] waiting      2m38.0s   
step_00400 • [   0% ] waiting      3m08.0s   
step_00450 • [   0% ] waiting      3m38.0s   
step_00500 • [   0% ] waiting      4m08.0s   
step_00550 • [   0% ] waiting      4m38.0s   
step_00600 • [   0% ] waiting      5m08.0s   
step_00650 • [   0% ] waiting      5m38.0s   
step_00700 • [   0% ] waiting      6m08.0s   
step_00750 • [   0% ] waiting      6m38.0s   
step_00800 • [   0% ] waiting      7m08.0s   
step_00850 • [   0% ] waiting      7m38.0s   
step_00900 • [   0% ] waiting      8m08.0s   
step_00950 • [   0% ] waiting      8m38.0s   
step_01000 • [   0% ] waiting      9m08.0s   

running (00m23.0s), 0000/0390 VUs, 1148 complete and 0 interrupted iterations
step_00050   [  76% ] 000/020 VUs  22.9s/30s  50.00 iters/s
step_00100 • [   0% ] waiting      07.0s     
step_00150 • [   0% ] waiting      0m37.0s   
step_00200 • [   0% ] waiting      1m07.0s   
step_00250 • [   0% ] waiting      1m37.0s   
step_00300 • [   0% ] waiting      2m07.0s   
step_00350 • [   0% ] waiting      2m37.0s   
step_00400 • [   0% ] waiting      3m07.0s   
step_00450 • [   0% ] waiting      3m37.0s   
step_00500 • [   0% ] waiting      4m07.0s   
step_00550 • [   0% ] waiting      4m37.0s   
step_00600 • [   0% ] waiting      5m07.0s   
step_00650 • [   0% ] waiting      5m37.0s   
step_00700 • [   0% ] waiting      6m07.0s   
step_00750 • [   0% ] waiting      6m37.0s   
step_00800 • [   0% ] waiting      7m07.0s   
step_00850 • [   0% ] waiting      7m37.0s   
step_00900 • [   0% ] waiting      8m07.0s   
step_00950 • [   0% ] waiting      8m37.0s   
step_01000 • [   0% ] waiting      9m07.0s   

running (00m24.0s), 0000/0390 VUs, 1198 complete and 0 interrupted iterations
step_00050   [  80% ] 000/020 VUs  23.9s/30s  50.00 iters/s
step_00100 • [   0% ] waiting      06.1s     
step_00150 • [   0% ] waiting      0m36.1s   
step_00200 • [   0% ] waiting      1m06.1s   
step_00250 • [   0% ] waiting      1m36.1s   
step_00300 • [   0% ] waiting      2m06.1s   
step_00350 • [   0% ] waiting      2m36.1s   
step_00400 • [   0% ] waiting      3m06.1s   
step_00450 • [   0% ] waiting      3m36.0s   
step_00500 • [   0% ] waiting      4m06.1s   
step_00550 • [   0% ] waiting      4m36.1s   
step_00600 • [   0% ] waiting      5m06.1s   
step_00650 • [   0% ] waiting      5m36.1s   
step_00700 • [   0% ] waiting      6m06.1s   
step_00750 • [   0% ] waiting      6m36.1s   
step_00800 • [   0% ] waiting      7m06.1s   
step_00850 • [   0% ] waiting      7m36.1s   
step_00900 • [   0% ] waiting      8m06.1s   
step_00950 • [   0% ] waiting      8m36.1s   
step_01000 • [   0% ] waiting      9m06.0s   

running (00m25.0s), 0000/0390 VUs, 1248 complete and 0 interrupted iterations
step_00050   [  83% ] 000/020 VUs  24.9s/30s  50.00 iters/s
step_00100 • [   0% ] waiting      05.0s     
step_00150 • [   0% ] waiting      0m35.0s   
step_00200 • [   0% ] waiting      1m05.0s   
step_00250 • [   0% ] waiting      1m35.0s   
step_00300 • [   0% ] waiting      2m05.0s   
step_00350 • [   0% ] waiting      2m35.0s   
step_00400 • [   0% ] waiting      3m05.0s   
step_00450 • [   0% ] waiting      3m35.0s   
step_00500 • [   0% ] waiting      4m05.0s   
step_00550 • [   0% ] waiting      4m35.0s   
step_00600 • [   0% ] waiting      5m05.0s   
step_00650 • [   0% ] waiting      5m35.0s   
step_00700 • [   0% ] waiting      6m05.0s   
step_00750 • [   0% ] waiting      6m35.0s   
step_00800 • [   0% ] waiting      7m05.0s   
step_00850 • [   0% ] waiting      7m35.0s   
step_00900 • [   0% ] waiting      8m05.0s   
step_00950 • [   0% ] waiting      8m35.0s   
step_01000 • [   0% ] waiting      9m05.0s   

running (00m26.0s), 0000/0390 VUs, 1298 complete and 0 interrupted iterations
step_00050   [  86% ] 000/020 VUs  25.9s/30s  50.00 iters/s
step_00100 • [   0% ] waiting      04.0s     
step_00150 • [   0% ] waiting      0m34.0s   
step_00200 • [   0% ] waiting      1m04.0s   
step_00250 • [   0% ] waiting      1m34.0s   
step_00300 • [   0% ] waiting      2m04.0s   
step_00350 • [   0% ] waiting      2m34.0s   
step_00400 • [   0% ] waiting      3m04.0s   
step_00450 • [   0% ] waiting      3m34.0s   
step_00500 • [   0% ] waiting      4m04.0s   
step_00550 • [   0% ] waiting      4m34.0s   
step_00600 • [   0% ] waiting      5m04.0s   
step_00650 • [   0% ] waiting      5m34.0s   
step_00700 • [   0% ] waiting      6m04.0s   
step_00750 • [   0% ] waiting      6m34.0s   
step_00800 • [   0% ] waiting      7m04.0s   
step_00850 • [   0% ] waiting      7m34.0s   
step_00900 • [   0% ] waiting      8m04.0s   
step_00950 • [   0% ] waiting      8m34.0s   
step_01000 • [   0% ] waiting      9m04.0s   

running (00m27.0s), 0000/0390 VUs, 1348 complete and 0 interrupted iterations
step_00050   [  90% ] 000/020 VUs  26.9s/30s  50.00 iters/s
step_00100 • [   0% ] waiting      03.0s     
step_00150 • [   0% ] waiting      0m33.0s   
step_00200 • [   0% ] waiting      1m03.0s   
step_00250 • [   0% ] waiting      1m33.0s   
step_00300 • [   0% ] waiting      2m03.0s   
step_00350 • [   0% ] waiting      2m33.0s   
step_00400 • [   0% ] waiting      3m03.0s   
step_00450 • [   0% ] waiting      3m33.0s   
step_00500 • [   0% ] waiting      4m03.0s   
step_00550 • [   0% ] waiting      4m33.0s   
step_00600 • [   0% ] waiting      5m03.0s   
step_00650 • [   0% ] waiting      5m33.0s   
step_00700 • [   0% ] waiting      6m03.0s   
step_00750 • [   0% ] waiting      6m33.0s   
step_00800 • [   0% ] waiting      7m03.0s   
step_00850 • [   0% ] waiting      7m33.0s   
step_00900 • [   0% ] waiting      8m03.0s   
step_00950 • [   0% ] waiting      8m33.0s   
step_01000 • [   0% ] waiting      9m03.0s   

running (00m28.0s), 0000/0390 VUs, 1398 complete and 0 interrupted iterations
step_00050   [  93% ] 000/020 VUs  27.9s/30s  50.00 iters/s
step_00100 • [   0% ] waiting      02.0s     
step_00150 • [   0% ] waiting      0m32.0s   
step_00200 • [   0% ] waiting      1m02.0s   
step_00250 • [   0% ] waiting      1m32.0s   
step_00300 • [   0% ] waiting      2m02.0s   
step_00350 • [   0% ] waiting      2m32.0s   
step_00400 • [   0% ] waiting      3m02.0s   
step_00450 • [   0% ] waiting      3m32.0s   
step_00500 • [   0% ] waiting      4m02.0s   
step_00550 • [   0% ] waiting      4m32.0s   
step_00600 • [   0% ] waiting      5m02.0s   
step_00650 • [   0% ] waiting      5m32.0s   
step_00700 • [   0% ] waiting      6m02.0s   
step_00750 • [   0% ] waiting      6m32.0s   
step_00800 • [   0% ] waiting      7m02.0s   
step_00850 • [   0% ] waiting      7m32.0s   
step_00900 • [   0% ] waiting      8m02.0s   
step_00950 • [   0% ] waiting      8m32.0s   
step_01000 • [   0% ] waiting      9m02.0s   

running (00m29.0s), 0000/0390 VUs, 1448 complete and 0 interrupted iterations
step_00050   [  96% ] 000/020 VUs  28.9s/30s  50.00 iters/s
step_00100 • [   0% ] waiting      01.0s     
step_00150 • [   0% ] waiting      0m31.0s   
step_00200 • [   0% ] waiting      1m01.0s   
step_00250 • [   0% ] waiting      1m31.0s   
step_00300 • [   0% ] waiting      2m01.0s   
step_00350 • [   0% ] waiting      2m31.0s   
step_00400 • [   0% ] waiting      3m01.0s   
step_00450 • [   0% ] waiting      3m31.0s   
step_00500 • [   0% ] waiting      4m01.0s   
step_00550 • [   0% ] waiting      4m31.0s   
step_00600 • [   0% ] waiting      5m01.0s   
step_00650 • [   0% ] waiting      5m31.0s   
step_00700 • [   0% ] waiting      6m01.0s   
step_00750 • [   0% ] waiting      6m31.0s   
step_00800 • [   0% ] waiting      7m01.0s   
step_00850 • [   0% ] waiting      7m31.0s   
step_00900 • [   0% ] waiting      8m01.0s   
step_00950 • [   0% ] waiting      8m31.0s   
step_01000 • [   0% ] waiting      9m01.0s   

running (00m30.0s), 0000/0390 VUs, 1498 complete and 0 interrupted iterations
step_00050   [ 100% ] 000/020 VUs  29.9s/30s  50.00 iters/s
step_00100 • [   0% ] waiting      00.0s     
step_00150 • [   0% ] waiting      0m30.0s   
step_00200 • [   0% ] waiting      1m00.0s   
step_00250 • [   0% ] waiting      1m30.0s   
step_00300 • [   0% ] waiting      2m00.0s   
step_00350 • [   0% ] waiting      2m30.0s   
step_00400 • [   0% ] waiting      3m00.0s   
step_00450 • [   0% ] waiting      3m30.0s   
step_00500 • [   0% ] waiting      4m00.0s   
step_00550 • [   0% ] waiting      4m30.0s   
step_00600 • [   0% ] waiting      5m00.0s   
step_00650 • [   0% ] waiting      5m30.0s   
step_00700 • [   0% ] waiting      6m00.0s   
step_00750 • [   0% ] waiting      6m30.0s   
step_00800 • [   0% ] waiting      7m00.0s   
step_00850 • [   0% ] waiting      7m30.0s   
step_00900 • [   0% ] waiting      8m00.0s   
step_00950 • [   0% ] waiting      8m30.0s   
step_01000 • [   0% ] waiting      9m00.0s   

running (00m31.0s), 0000/0390 VUs, 1596 complete and 0 interrupted iterations
step_00050 ✓ [ 100% ] 000/020 VUs  30s        50.00 iters/s
step_00100   [   3% ] 000/020 VUs  00.9s/30s  100.00 iters/s
step_00150 • [   0% ] waiting      0m29.0s   
step_00200 • [   0% ] waiting      0m59.0s   
step_00250 • [   0% ] waiting      1m29.0s   
step_00300 • [   0% ] waiting      1m59.0s   
step_00350 • [   0% ] waiting      2m29.0s   
step_00400 • [   0% ] waiting      2m59.0s   
step_00450 • [   0% ] waiting      3m29.0s   
step_00500 • [   0% ] waiting      3m59.0s   
step_00550 • [   0% ] waiting      4m29.0s   
step_00600 • [   0% ] waiting      4m59.0s   
step_00650 • [   0% ] waiting      5m29.0s   
step_00700 • [   0% ] waiting      5m59.0s   
step_00750 • [   0% ] waiting      6m29.0s   
step_00800 • [   0% ] waiting      6m59.0s   
step_00850 • [   0% ] waiting      7m29.0s   
step_00900 • [   0% ] waiting      7m59.0s   
step_00950 • [   0% ] waiting      8m29.0s   
step_01000 • [   0% ] waiting      8m59.0s   

running (00m32.0s), 0000/0390 VUs, 1696 complete and 0 interrupted iterations
step_00050 ✓ [ 100% ] 000/020 VUs  30s        50.00 iters/s
step_00100   [   6% ] 000/020 VUs  01.9s/30s  100.00 iters/s
step_00150 • [   0% ] waiting      0m28.0s   
step_00200 • [   0% ] waiting      0m58.0s   
step_00250 • [   0% ] waiting      1m28.0s   
step_00300 • [   0% ] waiting      1m58.0s   
step_00350 • [   0% ] waiting      2m28.0s   
step_00400 • [   0% ] waiting      2m58.0s   
step_00450 • [   0% ] waiting      3m28.0s   
step_00500 • [   0% ] waiting      3m58.0s   
step_00550 • [   0% ] waiting      4m28.0s   
step_00600 • [   0% ] waiting      4m58.0s   
step_00650 • [   0% ] waiting      5m28.0s   
step_00700 • [   0% ] waiting      5m58.0s   
step_00750 • [   0% ] waiting      6m28.0s   
step_00800 • [   0% ] waiting      6m58.0s   
step_00850 • [   0% ] waiting      7m28.0s   
step_00900 • [   0% ] waiting      7m58.0s   
step_00950 • [   0% ] waiting      8m28.0s   
step_01000 • [   0% ] waiting      8m58.0s   

running (00m33.0s), 0000/0390 VUs, 1796 complete and 0 interrupted iterations
step_00050 ✓ [ 100% ] 000/020 VUs  30s        50.00 iters/s
step_00100   [  10% ] 000/020 VUs  02.9s/30s  100.00 iters/s
step_00150 • [   0% ] waiting      0m27.0s   
step_00200 • [   0% ] waiting      0m57.0s   
step_00250 • [   0% ] waiting      1m27.0s   
step_00300 • [   0% ] waiting      1m57.0s   
step_00350 • [   0% ] waiting      2m27.0s   
step_00400 • [   0% ] waiting      2m57.0s   
step_00450 • [   0% ] waiting      3m27.0s   
step_00500 • [   0% ] waiting      3m57.0s   
step_00550 • [   0% ] waiting      4m27.0s   
step_00600 • [   0% ] waiting      4m57.0s   
step_00650 • [   0% ] waiting      5m27.0s   
step_00700 • [   0% ] waiting      5m57.0s   
step_00750 • [   0% ] waiting      6m27.0s   
step_00800 • [   0% ] waiting      6m57.0s   
step_00850 • [   0% ] waiting      7m27.0s   
step_00900 • [   0% ] waiting      7m57.0s   
step_00950 • [   0% ] waiting      8m27.0s   
step_01000 • [   0% ] waiting      8m57.0s   

running (00m34.0s), 0000/0390 VUs, 1896 complete and 0 interrupted iterations
step_00050 ✓ [ 100% ] 000/020 VUs  30s        50.00 iters/s
step_00100   [  13% ] 000/020 VUs  03.9s/30s  100.00 iters/s
step_00150 • [   0% ] waiting      0m26.0s   
step_00200 • [   0% ] waiting      0m56.0s   
step_00250 • [   0% ] waiting      1m26.0s   
step_00300 • [   0% ] waiting      1m56.0s   
step_00350 • [   0% ] waiting      2m26.0s   
step_00400 • [   0% ] waiting      2m56.0s   
step_00450 • [   0% ] waiting      3m26.0s   
step_00500 • [   0% ] waiting      3m56.0s   
step_00550 • [   0% ] waiting      4m26.0s   
step_00600 • [   0% ] waiting      4m56.0s   
step_00650 • [   0% ] waiting      5m26.0s   
step_00700 • [   0% ] waiting      5m56.0s   
step_00750 • [   0% ] waiting      6m26.0s   
step_00800 • [   0% ] waiting      6m56.0s   
step_00850 • [   0% ] waiting      7m26.0s   
step_00900 • [   0% ] waiting      7m56.0s   
step_00950 • [   0% ] waiting      8m26.0s   
step_01000 • [   0% ] waiting      8m56.0s   

running (00m35.0s), 0000/0390 VUs, 1996 complete and 0 interrupted iterations
step_00050 ✓ [ 100% ] 000/020 VUs  30s        50.00 iters/s
step_00100   [  16% ] 000/020 VUs  04.9s/30s  100.00 iters/s
step_00150 • [   0% ] waiting      0m25.0s   
step_00200 • [   0% ] waiting      0m55.0s   
step_00250 • [   0% ] waiting      1m25.0s   
step_00300 • [   0% ] waiting      1m55.0s   
step_00350 • [   0% ] waiting      2m25.0s   
step_00400 • [   0% ] waiting      2m55.0s   
step_00450 • [   0% ] waiting      3m25.0s   
step_00500 • [   0% ] waiting      3m55.0s   
step_00550 • [   0% ] waiting      4m25.0s   
step_00600 • [   0% ] waiting      4m55.0s   
step_00650 • [   0% ] waiting      5m25.0s   
step_00700 • [   0% ] waiting      5m55.0s   
step_00750 • [   0% ] waiting      6m25.0s   
step_00800 • [   0% ] waiting      6m55.0s   
step_00850 • [   0% ] waiting      7m25.0s   
step_00900 • [   0% ] waiting      7m55.0s   
step_00950 • [   0% ] waiting      8m25.0s   
step_01000 • [   0% ] waiting      8m55.0s   

running (00m36.0s), 0000/0390 VUs, 2096 complete and 0 interrupted iterations
step_00050 ✓ [ 100% ] 000/020 VUs  30s        50.00 iters/s
step_00100   [  20% ] 000/020 VUs  05.9s/30s  100.00 iters/s
step_00150 • [   0% ] waiting      0m24.0s   
step_00200 • [   0% ] waiting      0m54.0s   
step_00250 • [   0% ] waiting      1m24.0s   
step_00300 • [   0% ] waiting      1m54.0s   
step_00350 • [   0% ] waiting      2m24.0s   
step_00400 • [   0% ] waiting      2m54.0s   
step_00450 • [   0% ] waiting      3m24.0s   
step_00500 • [   0% ] waiting      3m54.0s   
step_00550 • [   0% ] waiting      4m24.0s   
step_00600 • [   0% ] waiting      4m54.0s   
step_00650 • [   0% ] waiting      5m24.0s   
step_00700 • [   0% ] waiting      5m54.0s   
step_00750 • [   0% ] waiting      6m24.0s   
step_00800 • [   0% ] waiting      6m54.0s   
step_00850 • [   0% ] waiting      7m24.0s   
step_00900 • [   0% ] waiting      7m54.0s   
step_00950 • [   0% ] waiting      8m24.0s   
step_01000 • [   0% ] waiting      8m54.0s   

running (00m37.0s), 0000/0390 VUs, 2196 complete and 0 interrupted iterations
step_00050 ✓ [ 100% ] 000/020 VUs  30s        50.00 iters/s
step_00100   [  23% ] 000/020 VUs  06.9s/30s  100.00 iters/s
step_00150 • [   0% ] waiting      0m23.0s   
step_00200 • [   0% ] waiting      0m53.0s   
step_00250 • [   0% ] waiting      1m23.0s   
step_00300 • [   0% ] waiting      1m53.0s   
step_00350 • [   0% ] waiting      2m23.0s   
step_00400 • [   0% ] waiting      2m53.0s   
step_00450 • [   0% ] waiting      3m23.0s   
step_00500 • [   0% ] waiting      3m53.0s   
step_00550 • [   0% ] waiting      4m23.0s   
step_00600 • [   0% ] waiting      4m53.0s   
step_00650 • [   0% ] waiting      5m23.0s   
step_00700 • [   0% ] waiting      5m53.0s   
step_00750 • [   0% ] waiting      6m23.0s   
step_00800 • [   0% ] waiting      6m53.0s   
step_00850 • [   0% ] waiting      7m23.0s   
step_00900 • [   0% ] waiting      7m53.0s   
step_00950 • [   0% ] waiting      8m23.0s   
step_01000 • [   0% ] waiting      8m53.0s   

running (00m38.0s), 0000/0390 VUs, 2296 complete and 0 interrupted iterations
step_00050 ✓ [ 100% ] 000/020 VUs  30s        50.00 iters/s
step_00100   [  26% ] 000/020 VUs  07.9s/30s  100.00 iters/s
step_00150 • [   0% ] waiting      0m22.0s   
step_00200 • [   0% ] waiting      0m52.0s   
step_00250 • [   0% ] waiting      1m22.0s   
step_00300 • [   0% ] waiting      1m52.0s   
step_00350 • [   0% ] waiting      2m22.0s   
step_00400 • [   0% ] waiting      2m52.0s   
step_00450 • [   0% ] waiting      3m22.0s   
step_00500 • [   0% ] waiting      3m52.0s   
step_00550 • [   0% ] waiting      4m22.0s   
step_00600 • [   0% ] waiting      4m52.0s   
step_00650 • [   0% ] waiting      5m22.0s   
step_00700 • [   0% ] waiting      5m52.0s   
step_00750 • [   0% ] waiting      6m22.0s   
step_00800 • [   0% ] waiting      6m52.0s   
step_00850 • [   0% ] waiting      7m22.0s   
step_00900 • [   0% ] waiting      7m52.0s   
step_00950 • [   0% ] waiting      8m22.0s   
step_01000 • [   0% ] waiting      8m52.0s   

running (00m39.0s), 0000/0390 VUs, 2396 complete and 0 interrupted iterations
step_00050 ✓ [ 100% ] 000/020 VUs  30s        50.00 iters/s
step_00100   [  30% ] 000/020 VUs  08.9s/30s  100.00 iters/s
step_00150 • [   0% ] waiting      0m21.0s   
step_00200 • [   0% ] waiting      0m51.0s   
step_00250 • [   0% ] waiting      1m21.0s   
step_00300 • [   0% ] waiting      1m51.0s   
step_00350 • [   0% ] waiting      2m21.0s   
step_00400 • [   0% ] waiting      2m51.0s   
step_00450 • [   0% ] waiting      3m21.0s   
step_00500 • [   0% ] waiting      3m51.0s   
step_00550 • [   0% ] waiting      4m21.0s   
step_00600 • [   0% ] waiting      4m51.0s   
step_00650 • [   0% ] waiting      5m21.0s   
step_00700 • [   0% ] waiting      5m51.0s   
step_00750 • [   0% ] waiting      6m21.0s   
step_00800 • [   0% ] waiting      6m51.0s   
step_00850 • [   0% ] waiting      7m21.0s   
step_00900 • [   0% ] waiting      7m51.0s   
step_00950 • [   0% ] waiting      8m21.0s   
step_01000 • [   0% ] waiting      8m51.0s   

running (00m40.0s), 0000/0390 VUs, 2496 complete and 0 interrupted iterations
step_00050 ✓ [ 100% ] 000/020 VUs  30s        50.00 iters/s
step_00100   [  33% ] 000/020 VUs  09.9s/30s  100.00 iters/s
step_00150 • [   0% ] waiting      0m20.0s   
step_00200 • [   0% ] waiting      0m50.0s   
step_00250 • [   0% ] waiting      1m20.0s   
step_00300 • [   0% ] waiting      1m50.0s   
step_00350 • [   0% ] waiting      2m20.0s   
step_00400 • [   0% ] waiting      2m50.0s   
step_00450 • [   0% ] waiting      3m20.0s   
step_00500 • [   0% ] waiting      3m50.0s   
step_00550 • [   0% ] waiting      4m20.0s   
step_00600 • [   0% ] waiting      4m50.0s   
step_00650 • [   0% ] waiting      5m20.0s   
step_00700 • [   0% ] waiting      5m50.0s   
step_00750 • [   0% ] waiting      6m20.0s   
step_00800 • [   0% ] waiting      6m50.0s   
step_00850 • [   0% ] waiting      7m20.0s   
step_00900 • [   0% ] waiting      7m50.0s   
step_00950 • [   0% ] waiting      8m20.0s   
step_01000 • [   0% ] waiting      8m50.0s   

running (00m41.0s), 0000/0390 VUs, 2596 complete and 0 interrupted iterations
step_00050 ✓ [ 100% ] 000/020 VUs  30s        50.00 iters/s
step_00100   [  36% ] 000/020 VUs  10.9s/30s  100.00 iters/s
step_00150 • [   0% ] waiting      0m19.0s   
step_00200 • [   0% ] waiting      0m49.0s   
step_00250 • [   0% ] waiting      1m19.0s   
step_00300 • [   0% ] waiting      1m49.0s   
step_00350 • [   0% ] waiting      2m19.0s   
step_00400 • [   0% ] waiting      2m49.0s   
step_00450 • [   0% ] waiting      3m19.0s   
step_00500 • [   0% ] waiting      3m49.0s   
step_00550 • [   0% ] waiting      4m19.0s   
step_00600 • [   0% ] waiting      4m49.0s   
step_00650 • [   0% ] waiting      5m19.0s   
step_00700 • [   0% ] waiting      5m49.0s   
step_00750 • [   0% ] waiting      6m19.0s   
step_00800 • [   0% ] waiting      6m49.0s   
step_00850 • [   0% ] waiting      7m19.0s   
step_00900 • [   0% ] waiting      7m49.0s   
step_00950 • [   0% ] waiting      8m19.0s   
step_01000 • [   0% ] waiting      8m49.0s   

running (00m42.0s), 0000/0390 VUs, 2696 complete and 0 interrupted iterations
step_00050 ✓ [ 100% ] 000/020 VUs  30s        50.00 iters/s
step_00100   [  40% ] 000/020 VUs  11.9s/30s  100.00 iters/s
step_00150 • [   0% ] waiting      0m18.0s   
step_00200 • [   0% ] waiting      0m48.0s   
step_00250 • [   0% ] waiting      1m18.0s   
step_00300 • [   0% ] waiting      1m48.0s   
step_00350 • [   0% ] waiting      2m18.0s   
step_00400 • [   0% ] waiting      2m48.0s   
step_00450 • [   0% ] waiting      3m18.0s   
step_00500 • [   0% ] waiting      3m48.0s   
step_00550 • [   0% ] waiting      4m18.0s   
step_00600 • [   0% ] waiting      4m48.0s   
step_00650 • [   0% ] waiting      5m18.0s   
step_00700 • [   0% ] waiting      5m48.0s   
step_00750 • [   0% ] waiting      6m18.0s   
step_00800 • [   0% ] waiting      6m48.0s   
step_00850 • [   0% ] waiting      7m18.0s   
step_00900 • [   0% ] waiting      7m48.0s   
step_00950 • [   0% ] waiting      8m18.0s   
step_01000 • [   0% ] waiting      8m48.0s   

running (00m43.0s), 0000/0390 VUs, 2796 complete and 0 interrupted iterations
step_00050 ✓ [ 100% ] 000/020 VUs  30s        50.00 iters/s
step_00100   [  43% ] 000/020 VUs  12.9s/30s  100.00 iters/s
step_00150 • [   0% ] waiting      0m17.0s   
step_00200 • [   0% ] waiting      0m47.0s   
step_00250 • [   0% ] waiting      1m17.0s   
step_00300 • [   0% ] waiting      1m47.0s   
step_00350 • [   0% ] waiting      2m17.0s   
step_00400 • [   0% ] waiting      2m47.0s   
step_00450 • [   0% ] waiting      3m17.0s   
step_00500 • [   0% ] waiting      3m47.0s   
step_00550 • [   0% ] waiting      4m17.0s   
step_00600 • [   0% ] waiting      4m47.0s   
step_00650 • [   0% ] waiting      5m17.0s   
step_00700 • [   0% ] waiting      5m47.0s   
step_00750 • [   0% ] waiting      6m17.0s   
step_00800 • [   0% ] waiting      6m47.0s   
step_00850 • [   0% ] waiting      7m17.0s   
step_00900 • [   0% ] waiting      7m47.0s   
step_00950 • [   0% ] waiting      8m17.0s   
step_01000 • [   0% ] waiting      8m47.0s   

running (00m44.0s), 0000/0390 VUs, 2896 complete and 0 interrupted iterations
step_00050 ✓ [ 100% ] 000/020 VUs  30s        50.00 iters/s
step_00100   [  46% ] 000/020 VUs  13.9s/30s  100.00 iters/s
step_00150 • [   0% ] waiting      0m16.0s   
step_00200 • [   0% ] waiting      0m46.0s   
step_00250 • [   0% ] waiting      1m16.0s   
step_00300 • [   0% ] waiting      1m46.0s   
step_00350 • [   0% ] waiting      2m16.0s   
step_00400 • [   0% ] waiting      2m46.0s   
step_00450 • [   0% ] waiting      3m16.0s   
step_00500 • [   0% ] waiting      3m46.0s   
step_00550 • [   0% ] waiting      4m16.0s   
step_00600 • [   0% ] waiting      4m46.0s   
step_00650 • [   0% ] waiting      5m16.0s   
step_00700 • [   0% ] waiting      5m46.0s   
step_00750 • [   0% ] waiting      6m16.0s   
step_00800 • [   0% ] waiting      6m46.0s   
step_00850 • [   0% ] waiting      7m16.0s   
step_00900 • [   0% ] waiting      7m46.0s   
step_00950 • [   0% ] waiting      8m16.0s   
step_01000 • [   0% ] waiting      8m46.0s   

running (00m45.0s), 0000/0390 VUs, 2996 complete and 0 interrupted iterations
step_00050 ✓ [ 100% ] 000/020 VUs  30s        50.00 iters/s
step_00100   [  50% ] 000/020 VUs  14.9s/30s  100.00 iters/s
step_00150 • [   0% ] waiting      0m15.0s   
step_00200 • [   0% ] waiting      0m45.0s   
step_00250 • [   0% ] waiting      1m15.0s   
step_00300 • [   0% ] waiting      1m45.0s   
step_00350 • [   0% ] waiting      2m15.0s   
step_00400 • [   0% ] waiting      2m45.0s   
step_00450 • [   0% ] waiting      3m15.0s   
step_00500 • [   0% ] waiting      3m45.0s   
step_00550 • [   0% ] waiting      4m15.0s   
step_00600 • [   0% ] waiting      4m45.0s   
step_00650 • [   0% ] waiting      5m15.0s   
step_00700 • [   0% ] waiting      5m45.0s   
step_00750 • [   0% ] waiting      6m15.0s   
step_00800 • [   0% ] waiting      6m45.0s   
step_00850 • [   0% ] waiting      7m15.0s   
step_00900 • [   0% ] waiting      7m45.0s   
step_00950 • [   0% ] waiting      8m15.0s   
step_01000 • [   0% ] waiting      8m45.0s   

running (00m46.0s), 0000/0390 VUs, 3096 complete and 0 interrupted iterations
step_00050 ✓ [ 100% ] 000/020 VUs  30s        50.00 iters/s
step_00100   [  53% ] 000/020 VUs  15.9s/30s  100.00 iters/s
step_00150 • [   0% ] waiting      0m14.0s   
step_00200 • [   0% ] waiting      0m44.0s   
step_00250 • [   0% ] waiting      1m14.0s   
step_00300 • [   0% ] waiting      1m44.0s   
step_00350 • [   0% ] waiting      2m14.0s   
step_00400 • [   0% ] waiting      2m44.0s   
step_00450 • [   0% ] waiting      3m14.0s   
step_00500 • [   0% ] waiting      3m44.0s   
step_00550 • [   0% ] waiting      4m14.0s   
step_00600 • [   0% ] waiting      4m44.0s   
step_00650 • [   0% ] waiting      5m14.0s   
step_00700 • [   0% ] waiting      5m44.0s   
step_00750 • [   0% ] waiting      6m14.0s   
step_00800 • [   0% ] waiting      6m44.0s   
step_00850 • [   0% ] waiting      7m14.0s   
step_00900 • [   0% ] waiting      7m44.0s   
step_00950 • [   0% ] waiting      8m14.0s   
step_01000 • [   0% ] waiting      8m44.0s   

running (00m47.0s), 0000/0390 VUs, 3196 complete and 0 interrupted iterations
step_00050 ✓ [ 100% ] 000/020 VUs  30s        50.00 iters/s
step_00100   [  56% ] 000/020 VUs  16.9s/30s  100.00 iters/s
step_00150 • [   0% ] waiting      0m13.0s   
step_00200 • [   0% ] waiting      0m43.0s   
step_00250 • [   0% ] waiting      1m13.0s   
step_00300 • [   0% ] waiting      1m43.0s   
step_00350 • [   0% ] waiting      2m13.0s   
step_00400 • [   0% ] waiting      2m43.0s   
step_00450 • [   0% ] waiting      3m13.0s   
step_00500 • [   0% ] waiting      3m43.0s   
step_00550 • [   0% ] waiting      4m13.0s   
step_00600 • [   0% ] waiting      4m43.0s   
step_00650 • [   0% ] waiting      5m13.0s   
step_00700 • [   0% ] waiting      5m43.0s   
step_00750 • [   0% ] waiting      6m13.0s   
step_00800 • [   0% ] waiting      6m43.0s   
step_00850 • [   0% ] waiting      7m13.0s   
step_00900 • [   0% ] waiting      7m43.0s   
step_00950 • [   0% ] waiting      8m13.0s   
step_01000 • [   0% ] waiting      8m43.0s   

running (00m48.0s), 0000/0390 VUs, 3296 complete and 0 interrupted iterations
step_00050 ✓ [ 100% ] 000/020 VUs  30s        50.00 iters/s
step_00100   [  60% ] 000/020 VUs  17.9s/30s  100.00 iters/s
step_00150 • [   0% ] waiting      0m12.0s   
step_00200 • [   0% ] waiting      0m42.0s   
step_00250 • [   0% ] waiting      1m12.0s   
step_00300 • [   0% ] waiting      1m42.0s   
step_00350 • [   0% ] waiting      2m12.0s   
step_00400 • [   0% ] waiting      2m42.0s   
step_00450 • [   0% ] waiting      3m12.0s   
step_00500 • [   0% ] waiting      3m42.0s   
step_00550 • [   0% ] waiting      4m12.0s   
step_00600 • [   0% ] waiting      4m42.0s   
step_00650 • [   0% ] waiting      5m12.0s   
step_00700 • [   0% ] waiting      5m42.0s   
step_00750 • [   0% ] waiting      6m12.0s   
step_00800 • [   0% ] waiting      6m42.0s   
step_00850 • [   0% ] waiting      7m12.0s   
step_00900 • [   0% ] waiting      7m42.0s   
step_00950 • [   0% ] waiting      8m12.0s   
step_01000 • [   0% ] waiting      8m42.0s   

running (00m49.0s), 0000/0390 VUs, 3396 complete and 0 interrupted iterations
step_00050 ✓ [ 100% ] 000/020 VUs  30s        50.00 iters/s
step_00100   [  63% ] 000/020 VUs  18.9s/30s  100.00 iters/s
step_00150 • [   0% ] waiting      0m11.1s   
step_00200 • [   0% ] waiting      0m41.1s   
step_00250 • [   0% ] waiting      1m11.1s   
step_00300 • [   0% ] waiting      1m41.1s   
step_00350 • [   0% ] waiting      2m11.1s   
step_00400 • [   0% ] waiting      2m41.1s   
step_00450 • [   0% ] waiting      3m11.0s   
step_00500 • [   0% ] waiting      3m41.0s   
step_00550 • [   0% ] waiting      4m11.1s   
step_00600 • [   0% ] waiting      4m41.1s   
step_00650 • [   0% ] waiting      5m11.1s   
step_00700 • [   0% ] waiting      5m41.1s   
step_00750 • [   0% ] waiting      6m11.1s   
step_00800 • [   0% ] waiting      6m41.1s   
step_00850 • [   0% ] waiting      7m11.1s   
step_00900 • [   0% ] waiting      7m41.1s   
step_00950 • [   0% ] waiting      8m11.1s   
step_01000 • [   0% ] waiting      8m41.0s   

running (00m50.0s), 0000/0390 VUs, 3496 complete and 0 interrupted iterations
step_00050 ✓ [ 100% ] 000/020 VUs  30s        50.00 iters/s
step_00100   [  66% ] 000/020 VUs  19.9s/30s  100.00 iters/s
step_00150 • [   0% ] waiting      0m10.0s   
step_00200 • [   0% ] waiting      0m40.0s   
step_00250 • [   0% ] waiting      1m10.0s   
step_00300 • [   0% ] waiting      1m40.0s   
step_00350 • [   0% ] waiting      2m10.0s   
step_00400 • [   0% ] waiting      2m40.0s   
step_00450 • [   0% ] waiting      3m10.0s   
step_00500 • [   0% ] waiting      3m40.0s   
step_00550 • [   0% ] waiting      4m10.0s   
step_00600 • [   0% ] waiting      4m40.0s   
step_00650 • [   0% ] waiting      5m10.0s   
step_00700 • [   0% ] waiting      5m40.0s   
step_00750 • [   0% ] waiting      6m10.0s   
step_00800 • [   0% ] waiting      6m40.0s   
step_00850 • [   0% ] waiting      7m10.0s   
step_00900 • [   0% ] waiting      7m40.0s   
step_00950 • [   0% ] waiting      8m10.0s   
step_01000 • [   0% ] waiting      8m40.0s   

running (00m51.0s), 0000/0390 VUs, 3596 complete and 0 interrupted iterations
step_00050 ✓ [ 100% ] 000/020 VUs  30s        50.00 iters/s
step_00100   [  70% ] 000/020 VUs  20.9s/30s  100.00 iters/s
step_00150 • [   0% ] waiting      0m09.0s   
step_00200 • [   0% ] waiting      0m39.0s   
step_00250 • [   0% ] waiting      1m09.0s   
step_00300 • [   0% ] waiting      1m39.0s   
step_00350 • [   0% ] waiting      2m09.0s   
step_00400 • [   0% ] waiting      2m39.0s   
step_00450 • [   0% ] waiting      3m09.0s   
step_00500 • [   0% ] waiting      3m39.0s   
step_00550 • [   0% ] waiting      4m09.0s   
step_00600 • [   0% ] waiting      4m39.0s   
step_00650 • [   0% ] waiting      5m09.0s   
step_00700 • [   0% ] waiting      5m39.0s   
step_00750 • [   0% ] waiting      6m09.0s   
step_00800 • [   0% ] waiting      6m39.0s   
step_00850 • [   0% ] waiting      7m09.0s   
step_00900 • [   0% ] waiting      7m39.0s   
step_00950 • [   0% ] waiting      8m09.0s   
step_01000 • [   0% ] waiting      8m39.0s   

running (00m52.0s), 0000/0390 VUs, 3696 complete and 0 interrupted iterations
step_00050 ✓ [ 100% ] 000/020 VUs  30s        50.00 iters/s
step_00100   [  73% ] 000/020 VUs  21.9s/30s  100.00 iters/s
step_00150 • [   0% ] waiting      0m08.0s   
step_00200 • [   0% ] waiting      0m38.0s   
step_00250 • [   0% ] waiting      1m08.0s   
step_00300 • [   0% ] waiting      1m38.0s   
step_00350 • [   0% ] waiting      2m08.0s   
step_00400 • [   0% ] waiting      2m38.0s   
step_00450 • [   0% ] waiting      3m08.0s   
step_00500 • [   0% ] waiting      3m38.0s   
step_00550 • [   0% ] waiting      4m08.0s   
step_00600 • [   0% ] waiting      4m38.0s   
step_00650 • [   0% ] waiting      5m08.0s   
step_00700 • [   0% ] waiting      5m38.0s   
step_00750 • [   0% ] waiting      6m08.0s   
step_00800 • [   0% ] waiting      6m38.0s   
step_00850 • [   0% ] waiting      7m08.0s   
step_00900 • [   0% ] waiting      7m38.0s   
step_00950 • [   0% ] waiting      8m08.0s   
step_01000 • [   0% ] waiting      8m38.0s   

running (00m53.0s), 0000/0390 VUs, 3796 complete and 0 interrupted iterations
step_00050 ✓ [ 100% ] 000/020 VUs  30s        50.00 iters/s
step_00100   [  76% ] 000/020 VUs  22.9s/30s  100.00 iters/s
step_00150 • [   0% ] waiting      0m07.0s   
step_00200 • [   0% ] waiting      0m37.0s   
step_00250 • [   0% ] waiting      1m07.0s   
step_00300 • [   0% ] waiting      1m37.0s   
step_00350 • [   0% ] waiting      2m07.0s   
step_00400 • [   0% ] waiting      2m37.0s   
step_00450 • [   0% ] waiting      3m07.0s   
step_00500 • [   0% ] waiting      3m37.0s   
step_00550 • [   0% ] waiting      4m07.0s   
step_00600 • [   0% ] waiting      4m37.0s   
step_00650 • [   0% ] waiting      5m07.0s   
step_00700 • [   0% ] waiting      5m37.0s   
step_00750 • [   0% ] waiting      6m07.0s   
step_00800 • [   0% ] waiting      6m37.0s   
step_00850 • [   0% ] waiting      7m07.0s   
step_00900 • [   0% ] waiting      7m37.0s   
step_00950 • [   0% ] waiting      8m07.0s   
step_01000 • [   0% ] waiting      8m37.0s   

running (00m54.0s), 0000/0390 VUs, 3896 complete and 0 interrupted iterations
step_00050 ✓ [ 100% ] 000/020 VUs  30s        50.00 iters/s
step_00100   [  80% ] 000/020 VUs  23.9s/30s  100.00 iters/s
step_00150 • [   0% ] waiting      0m06.1s   
step_00200 • [   0% ] waiting      0m36.1s   
step_00250 • [   0% ] waiting      1m06.1s   
step_00300 • [   0% ] waiting      1m36.1s   
step_00350 • [   0% ] waiting      2m06.1s   
step_00400 • [   0% ] waiting      2m36.1s   
step_00450 • [   0% ] waiting      3m06.0s   
step_00500 • [   0% ] waiting      3m36.1s   
step_00550 • [   0% ] waiting      4m06.1s   
step_00600 • [   0% ] waiting      4m36.1s   
step_00650 • [   0% ] waiting      5m06.1s   
step_00700 • [   0% ] waiting      5m36.1s   
step_00750 • [   0% ] waiting      6m06.1s   
step_00800 • [   0% ] waiting      6m36.1s   
step_00850 • [   0% ] waiting      7m06.1s   
step_00900 • [   0% ] waiting      7m36.1s   
step_00950 • [   0% ] waiting      8m06.1s   
step_01000 • [   0% ] waiting      8m36.0s   

running (00m55.0s), 0000/0390 VUs, 3996 complete and 0 interrupted iterations
step_00050 ✓ [ 100% ] 000/020 VUs  30s        50.00 iters/s
step_00100   [  83% ] 000/020 VUs  24.9s/30s  100.00 iters/s
step_00150 • [   0% ] waiting      0m05.0s   
step_00200 • [   0% ] waiting      0m35.0s   
step_00250 • [   0% ] waiting      1m05.0s   
step_00300 • [   0% ] waiting      1m35.0s   
step_00350 • [   0% ] waiting      2m05.0s   
step_00400 • [   0% ] waiting      2m35.0s   
step_00450 • [   0% ] waiting      3m05.0s   
step_00500 • [   0% ] waiting      3m35.0s   
step_00550 • [   0% ] waiting      4m05.0s   
step_00600 • [   0% ] waiting      4m35.0s   
step_00650 • [   0% ] waiting      5m05.0s   
step_00700 • [   0% ] waiting      5m35.0s   
step_00750 • [   0% ] waiting      6m05.0s   
step_00800 • [   0% ] waiting      6m35.0s   
step_00850 • [   0% ] waiting      7m05.0s   
step_00900 • [   0% ] waiting      7m35.0s   
step_00950 • [   0% ] waiting      8m05.0s   
step_01000 • [   0% ] waiting      8m35.0s   

running (00m56.0s), 0000/0390 VUs, 4096 complete and 0 interrupted iterations
step_00050 ✓ [ 100% ] 000/020 VUs  30s        50.00 iters/s
step_00100   [  86% ] 000/020 VUs  25.9s/30s  100.00 iters/s
step_00150 • [   0% ] waiting      0m04.0s   
step_00200 • [   0% ] waiting      0m34.0s   
step_00250 • [   0% ] waiting      1m04.0s   
step_00300 • [   0% ] waiting      1m34.0s   
step_00350 • [   0% ] waiting      2m04.0s   
step_00400 • [   0% ] waiting      2m34.0s   
step_00450 • [   0% ] waiting      3m04.0s   
step_00500 • [   0% ] waiting      3m34.0s   
step_00550 • [   0% ] waiting      4m04.0s   
step_00600 • [   0% ] waiting      4m34.0s   
step_00650 • [   0% ] waiting      5m04.0s   
step_00700 • [   0% ] waiting      5m34.0s   
step_00750 • [   0% ] waiting      6m04.0s   
step_00800 • [   0% ] waiting      6m34.0s   
step_00850 • [   0% ] waiting      7m04.0s   
step_00900 • [   0% ] waiting      7m34.0s   
step_00950 • [   0% ] waiting      8m04.0s   
step_01000 • [   0% ] waiting      8m34.0s   

running (00m57.0s), 0000/0390 VUs, 4196 complete and 0 interrupted iterations
step_00050 ✓ [ 100% ] 000/020 VUs  30s        50.00 iters/s
step_00100   [  90% ] 000/020 VUs  26.9s/30s  100.00 iters/s
step_00150 • [   0% ] waiting      0m03.0s   
step_00200 • [   0% ] waiting      0m33.0s   
step_00250 • [   0% ] waiting      1m03.0s   
step_00300 • [   0% ] waiting      1m33.0s   
step_00350 • [   0% ] waiting      2m03.0s   
step_00400 • [   0% ] waiting      2m33.0s   
step_00450 • [   0% ] waiting      3m03.0s   
step_00500 • [   0% ] waiting      3m33.0s   
step_00550 • [   0% ] waiting      4m03.0s   
step_00600 • [   0% ] waiting      4m33.0s   
step_00650 • [   0% ] waiting      5m03.0s   
step_00700 • [   0% ] waiting      5m33.0s   
step_00750 • [   0% ] waiting      6m03.0s   
step_00800 • [   0% ] waiting      6m33.0s   
step_00850 • [   0% ] waiting      7m03.0s   
step_00900 • [   0% ] waiting      7m33.0s   
step_00950 • [   0% ] waiting      8m03.0s   
step_01000 • [   0% ] waiting      8m33.0s   

running (00m58.0s), 0000/0390 VUs, 4296 complete and 0 interrupted iterations
step_00050 ✓ [ 100% ] 000/020 VUs  30s        50.00 iters/s
step_00100   [  93% ] 000/020 VUs  27.9s/30s  100.00 iters/s
step_00150 • [   0% ] waiting      0m02.1s   
step_00200 • [   0% ] waiting      0m32.1s   
step_00250 • [   0% ] waiting      1m02.1s   
step_00300 • [   0% ] waiting      1m32.1s   
step_00350 • [   0% ] waiting      2m02.1s   
step_00400 • [   0% ] waiting      2m32.1s   
step_00450 • [   0% ] waiting      3m02.0s   
step_00500 • [   0% ] waiting      3m32.1s   
step_00550 • [   0% ] waiting      4m02.1s   
step_00600 • [   0% ] waiting      4m32.1s   
step_00650 • [   0% ] waiting      5m02.1s   
step_00700 • [   0% ] waiting      5m32.1s   
step_00750 • [   0% ] waiting      6m02.1s   
step_00800 • [   0% ] waiting      6m32.1s   
step_00850 • [   0% ] waiting      7m02.1s   
step_00900 • [   0% ] waiting      7m32.1s   
step_00950 • [   0% ] waiting      8m02.1s   
step_01000 • [   0% ] waiting      8m32.1s   

running (00m59.0s), 0000/0390 VUs, 4396 complete and 0 interrupted iterations
step_00050 ✓ [ 100% ] 000/020 VUs  30s        50.00 iters/s
step_00100   [  96% ] 000/020 VUs  28.9s/30s  100.00 iters/s
step_00150 • [   0% ] waiting      0m01.0s   
step_00200 • [   0% ] waiting      0m31.0s   
step_00250 • [   0% ] waiting      1m01.0s   
step_00300 • [   0% ] waiting      1m31.0s   
step_00350 • [   0% ] waiting      2m01.0s   
step_00400 • [   0% ] waiting      2m31.0s   
step_00450 • [   0% ] waiting      3m01.0s   
step_00500 • [   0% ] waiting      3m31.0s   
step_00550 • [   0% ] waiting      4m01.0s   
step_00600 • [   0% ] waiting      4m31.0s   
step_00650 • [   0% ] waiting      5m01.0s   
step_00700 • [   0% ] waiting      5m31.0s   
step_00750 • [   0% ] waiting      6m01.0s   
step_00800 • [   0% ] waiting      6m31.0s   
step_00850 • [   0% ] waiting      7m01.0s   
step_00900 • [   0% ] waiting      7m31.0s   
step_00950 • [   0% ] waiting      8m01.0s   
step_01000 • [   0% ] waiting      8m31.0s   

running (01m00.0s), 0000/0390 VUs, 4496 complete and 0 interrupted iterations
step_00050 ✓ [ 100% ] 000/020 VUs  30s        50.00 iters/s
step_00100   [ 100% ] 000/020 VUs  29.9s/30s  100.00 iters/s
step_00150 • [   0% ] waiting      0m00.0s   
step_00200 • [   0% ] waiting      0m30.0s   
step_00250 • [   0% ] waiting      1m00.0s   
step_00300 • [   0% ] waiting      1m30.0s   
step_00350 • [   0% ] waiting      2m00.0s   
step_00400 • [   0% ] waiting      2m30.0s   
step_00450 • [   0% ] waiting      3m00.0s   
step_00500 • [   0% ] waiting      3m30.0s   
step_00550 • [   0% ] waiting      4m00.0s   
step_00600 • [   0% ] waiting      4m30.0s   
step_00650 • [   0% ] waiting      5m00.0s   
step_00700 • [   0% ] waiting      5m30.0s   
step_00750 • [   0% ] waiting      6m00.0s   
step_00800 • [   0% ] waiting      6m30.0s   
step_00850 • [   0% ] waiting      7m00.0s   
step_00900 • [   0% ] waiting      7m30.0s   
step_00950 • [   0% ] waiting      8m00.0s   
step_01000 • [   0% ] waiting      8m30.0s   

running (01m01.0s), 0000/0390 VUs, 4645 complete and 0 interrupted iterations
step_00050 ✓ [ 100% ] 000/020 VUs  30s        50.00 iters/s
step_00100 ✓ [ 100% ] 000/020 VUs  30s        100.00 iters/s
step_00150   [   3% ] 000/030 VUs  00.9s/30s  150.00 iters/s
step_00200 • [   0% ] waiting      0m29.1s   
step_00250 • [   0% ] waiting      0m59.1s   
step_00300 • [   0% ] waiting      1m29.1s   
step_00350 • [   0% ] waiting      1m59.1s   
step_00400 • [   0% ] waiting      2m29.1s   
step_00450 • [   0% ] waiting      2m59.0s   
step_00500 • [   0% ] waiting      3m29.1s   
step_00550 • [   0% ] waiting      3m59.1s   
step_00600 • [   0% ] waiting      4m29.1s   
step_00650 • [   0% ] waiting      4m59.1s   
step_00700 • [   0% ] waiting      5m29.1s   
step_00750 • [   0% ] waiting      5m59.1s   
step_00800 • [   0% ] waiting      6m29.1s   
step_00850 • [   0% ] waiting      6m59.1s   
step_00900 • [   0% ] waiting      7m29.1s   
step_00950 • [   0% ] waiting      7m59.1s   
step_01000 • [   0% ] waiting      8m29.1s   

running (01m02.0s), 0001/0390 VUs, 4794 complete and 0 interrupted iterations
step_00050 ✓ [ 100% ] 000/020 VUs  30s        50.00 iters/s
step_00100 ✓ [ 100% ] 000/020 VUs  30s        100.00 iters/s
step_00150   [   6% ] 001/030 VUs  01.9s/30s  150.00 iters/s
step_00200 • [   0% ] waiting      0m28.0s   
step_00250 • [   0% ] waiting      0m58.0s   
step_00300 • [   0% ] waiting      1m28.0s   
step_00350 • [   0% ] waiting      1m58.0s   
step_00400 • [   0% ] waiting      2m28.1s   
step_00450 • [   0% ] waiting      2m58.0s   
step_00500 • [   0% ] waiting      3m28.0s   
step_00550 • [   0% ] waiting      3m58.0s   
step_00600 • [   0% ] waiting      4m28.0s   
step_00650 • [   0% ] waiting      4m58.0s   
step_00700 • [   0% ] waiting      5m28.0s   
step_00750 • [   0% ] waiting      5m58.0s   
step_00800 • [   0% ] waiting      6m28.0s   
step_00850 • [   0% ] waiting      6m58.0s   
step_00900 • [   0% ] waiting      7m28.0s   
step_00950 • [   0% ] waiting      7m58.0s   
step_01000 • [   0% ] waiting      8m28.0s   

running (01m03.0s), 0001/0390 VUs, 4944 complete and 0 interrupted iterations
step_00050 ✓ [ 100% ] 000/020 VUs  30s        50.00 iters/s
step_00100 ✓ [ 100% ] 000/020 VUs  30s        100.00 iters/s
step_00150   [  10% ] 001/030 VUs  02.9s/30s  150.00 iters/s
step_00200 • [   0% ] waiting      0m27.1s   
step_00250 • [   0% ] waiting      0m57.1s   
step_00300 • [   0% ] waiting      1m27.1s   
step_00350 • [   0% ] waiting      1m57.1s   
step_00400 • [   0% ] waiting      2m27.1s   
step_00450 • [   0% ] waiting      2m57.0s   
step_00500 • [   0% ] waiting      3m27.1s   
step_00550 • [   0% ] waiting      3m57.1s   
step_00600 • [   0% ] waiting      4m27.1s   
step_00650 • [   0% ] waiting      4m57.1s   
step_00700 • [   0% ] waiting      5m27.1s   
step_00750 • [   0% ] waiting      5m57.1s   
step_00800 • [   0% ] waiting      6m27.1s   
step_00850 • [   0% ] waiting      6m57.1s   
step_00900 • [   0% ] waiting      7m27.1s   
step_00950 • [   0% ] waiting      7m57.1s   
step_01000 • [   0% ] waiting      8m27.0s   

running (01m04.0s), 0001/0390 VUs, 5094 complete and 0 interrupted iterations
step_00050 ✓ [ 100% ] 000/020 VUs  30s        50.00 iters/s
step_00100 ✓ [ 100% ] 000/020 VUs  30s        100.00 iters/s
step_00150   [  13% ] 001/030 VUs  03.9s/30s  150.00 iters/s
step_00200 • [   0% ] waiting      0m26.0s   
step_00250 • [   0% ] waiting      0m56.0s   
step_00300 • [   0% ] waiting      1m26.1s   
step_00350 • [   0% ] waiting      1m56.0s   
step_00400 • [   0% ] waiting      2m26.1s   
step_00450 • [   0% ] waiting      2m56.0s   
step_00500 • [   0% ] waiting      3m26.0s   
step_00550 • [   0% ] waiting      3m56.0s   
step_00600 • [   0% ] waiting      4m26.0s   
step_00650 • [   0% ] waiting      4m56.0s   
step_00700 • [   0% ] waiting      5m26.0s   
step_00750 • [   0% ] waiting      5m56.0s   
step_00800 • [   0% ] waiting      6m26.0s   
step_00850 • [   0% ] waiting      6m56.0s   
step_00900 • [   0% ] waiting      7m26.0s   
step_00950 • [   0% ] waiting      7m56.0s   
step_01000 • [   0% ] waiting      8m26.0s   

running (01m05.0s), 0001/0390 VUs, 5244 complete and 0 interrupted iterations
step_00050 ✓ [ 100% ] 000/020 VUs  30s        50.00 iters/s
step_00100 ✓ [ 100% ] 000/020 VUs  30s        100.00 iters/s
step_00150   [  16% ] 001/030 VUs  04.9s/30s  150.00 iters/s
step_00200 • [   0% ] waiting      0m25.1s   
step_00250 • [   0% ] waiting      0m55.0s   
step_00300 • [   0% ] waiting      1m25.1s   
step_00350 • [   0% ] waiting      1m55.1s   
step_00400 • [   0% ] waiting      2m25.1s   
step_00450 • [   0% ] waiting      2m55.0s   
step_00500 • [   0% ] waiting      3m25.0s   
step_00550 • [   0% ] waiting      3m55.0s   
step_00600 • [   0% ] waiting      4m25.0s   
step_00650 • [   0% ] waiting      4m55.0s   
step_00700 • [   0% ] waiting      5m25.0s   
step_00750 • [   0% ] waiting      5m55.0s   
step_00800 • [   0% ] waiting      6m25.0s   
step_00850 • [   0% ] waiting      6m55.0s   
step_00900 • [   0% ] waiting      7m25.0s   
step_00950 • [   0% ] waiting      7m55.0s   
step_01000 • [   0% ] waiting      8m25.0s   

running (01m06.0s), 0001/0390 VUs, 5394 complete and 0 interrupted iterations
step_00050 ✓ [ 100% ] 000/020 VUs  30s        50.00 iters/s
step_00100 ✓ [ 100% ] 000/020 VUs  30s        100.00 iters/s
step_00150   [  20% ] 001/030 VUs  05.9s/30s  150.00 iters/s
step_00200 • [   0% ] waiting      0m24.1s   
step_00250 • [   0% ] waiting      0m54.0s   
step_00300 • [   0% ] waiting      1m24.1s   
step_00350 • [   0% ] waiting      1m54.1s   
step_00400 • [   0% ] waiting      2m24.1s   
step_00450 • [   0% ] waiting      2m54.0s   
step_00500 • [   0% ] waiting      3m24.0s   
step_00550 • [   0% ] waiting      3m54.0s   
step_00600 • [   0% ] waiting      4m24.0s   
step_00650 • [   0% ] waiting      4m54.0s   
step_00700 • [   0% ] waiting      5m24.0s   
step_00750 • [   0% ] waiting      5m54.0s   
step_00800 • [   0% ] waiting      6m24.0s   
step_00850 • [   0% ] waiting      6m54.0s   
step_00900 • [   0% ] waiting      7m24.0s   
step_00950 • [   0% ] waiting      7m54.0s   
step_01000 • [   0% ] waiting      8m24.0s   

running (01m07.0s), 0000/0390 VUs, 5545 complete and 0 interrupted iterations
step_00050 ✓ [ 100% ] 000/020 VUs  30s        50.00 iters/s
step_00100 ✓ [ 100% ] 000/020 VUs  30s        100.00 iters/s
step_00150   [  23% ] 000/030 VUs  06.9s/30s  150.00 iters/s
step_00200 • [   0% ] waiting      0m23.1s   
step_00250 • [   0% ] waiting      0m53.1s   
step_00300 • [   0% ] waiting      1m23.1s   
step_00350 • [   0% ] waiting      1m53.1s   
step_00400 • [   0% ] waiting      2m23.1s   
step_00450 • [   0% ] waiting      2m53.0s   
step_00500 • [   0% ] waiting      3m23.1s   
step_00550 • [   0% ] waiting      3m53.1s   
step_00600 • [   0% ] waiting      4m23.1s   
step_00650 • [   0% ] waiting      4m53.1s   
step_00700 • [   0% ] waiting      5m23.1s   
step_00750 • [   0% ] waiting      5m53.1s   
step_00800 • [   0% ] waiting      6m23.1s   
step_00850 • [   0% ] waiting      6m53.1s   
step_00900 • [   0% ] waiting      7m23.1s   
step_00950 • [   0% ] waiting      7m53.1s   
step_01000 • [   0% ] waiting      8m23.1s   

running (01m08.0s), 0000/0390 VUs, 5695 complete and 0 interrupted iterations
step_00050 ✓ [ 100% ] 000/020 VUs  30s        50.00 iters/s
step_00100 ✓ [ 100% ] 000/020 VUs  30s        100.00 iters/s
step_00150   [  26% ] 000/030 VUs  07.9s/30s  150.00 iters/s
step_00200 • [   0% ] waiting      0m22.1s   
step_00250 • [   0% ] waiting      0m52.1s   
step_00300 • [   0% ] waiting      1m22.1s   
step_00350 • [   0% ] waiting      1m52.1s   
step_00400 • [   0% ] waiting      2m22.1s   
step_00450 • [   0% ] waiting      2m52.0s   
step_00500 • [   0% ] waiting      3m22.1s   
step_00550 • [   0% ] waiting      3m52.1s   
step_00600 • [   0% ] waiting      4m22.1s   
step_00650 • [   0% ] waiting      4m52.1s   
step_00700 • [   0% ] waiting      5m22.1s   
step_00750 • [   0% ] waiting      5m52.1s   
step_00800 • [   0% ] waiting      6m22.1s   
step_00850 • [   0% ] waiting      6m52.1s   
step_00900 • [   0% ] waiting      7m22.1s   
step_00950 • [   0% ] waiting      7m52.1s   
step_01000 • [   0% ] waiting      8m22.1s   

running (01m09.0s), 0000/0390 VUs, 5845 complete and 0 interrupted iterations
step_00050 ✓ [ 100% ] 000/020 VUs  30s        50.00 iters/s
step_00100 ✓ [ 100% ] 000/020 VUs  30s        100.00 iters/s
step_00150   [  30% ] 000/030 VUs  08.9s/30s  150.00 iters/s
step_00200 • [   0% ] waiting      0m21.1s   
step_00250 • [   0% ] waiting      0m51.1s   
step_00300 • [   0% ] waiting      1m21.1s   
step_00350 • [   0% ] waiting      1m51.1s   
step_00400 • [   0% ] waiting      2m21.1s   
step_00450 • [   0% ] waiting      2m51.0s   
step_00500 • [   0% ] waiting      3m21.1s   
step_00550 • [   0% ] waiting      3m51.1s   
step_00600 • [   0% ] waiting      4m21.1s   
step_00650 • [   0% ] waiting      4m51.1s   
step_00700 • [   0% ] waiting      5m21.1s   
step_00750 • [   0% ] waiting      5m51.1s   
step_00800 • [   0% ] waiting      6m21.1s   
step_00850 • [   0% ] waiting      6m51.1s   
step_00900 • [   0% ] waiting      7m21.1s   
step_00950 • [   0% ] waiting      7m51.1s   
step_01000 • [   0% ] waiting      8m21.1s   

running (01m10.0s), 0000/0390 VUs, 5995 complete and 0 interrupted iterations
step_00050 ✓ [ 100% ] 000/020 VUs  30s        50.00 iters/s
step_00100 ✓ [ 100% ] 000/020 VUs  30s        100.00 iters/s
step_00150   [  33% ] 000/030 VUs  09.9s/30s  150.00 iters/s
step_00200 • [   0% ] waiting      0m20.1s   
step_00250 • [   0% ] waiting      0m50.1s   
step_00300 • [   0% ] waiting      1m20.1s   
step_00350 • [   0% ] waiting      1m50.1s   
step_00400 • [   0% ] waiting      2m20.1s   
step_00450 • [   0% ] waiting      2m50.0s   
step_00500 • [   0% ] waiting      3m20.1s   
step_00550 • [   0% ] waiting      3m50.1s   
step_00600 • [   0% ] waiting      4m20.1s   
step_00650 • [   0% ] waiting      4m50.1s   
step_00700 • [   0% ] waiting      5m20.1s   
step_00750 • [   0% ] waiting      5m50.1s   
step_00800 • [   0% ] waiting      6m20.1s   
step_00850 • [   0% ] waiting      6m50.1s   
step_00900 • [   0% ] waiting      7m20.1s   
step_00950 • [   0% ] waiting      7m50.1s   
step_01000 • [   0% ] waiting      8m20.1s   

running (01m11.0s), 0000/0390 VUs, 6145 complete and 0 interrupted iterations
step_00050 ✓ [ 100% ] 000/020 VUs  30s        50.00 iters/s
step_00100 ✓ [ 100% ] 000/020 VUs  30s        100.00 iters/s
step_00150   [  36% ] 000/030 VUs  10.9s/30s  150.00 iters/s
step_00200 • [   0% ] waiting      0m19.1s   
step_00250 • [   0% ] waiting      0m49.1s   
step_00300 • [   0% ] waiting      1m19.1s   
step_00350 • [   0% ] waiting      1m49.1s   
step_00400 • [   0% ] waiting      2m19.1s   
step_00450 • [   0% ] waiting      2m49.0s   
step_00500 • [   0% ] waiting      3m19.1s   
step_00550 • [   0% ] waiting      3m49.1s   
step_00600 • [   0% ] waiting      4m19.1s   
step_00650 • [   0% ] waiting      4m49.1s   
step_00700 • [   0% ] waiting      5m19.1s   
step_00750 • [   0% ] waiting      5m49.1s   
step_00800 • [   0% ] waiting      6m19.1s   
step_00850 • [   0% ] waiting      6m49.1s   
step_00900 • [   0% ] waiting      7m19.1s   
step_00950 • [   0% ] waiting      7m49.1s   
step_01000 • [   0% ] waiting      8m19.0s   

running (01m12.0s), 0001/0390 VUs, 6294 complete and 0 interrupted iterations
step_00050 ✓ [ 100% ] 000/020 VUs  30s        50.00 iters/s
step_00100 ✓ [ 100% ] 000/020 VUs  30s        100.00 iters/s
step_00150   [  40% ] 001/030 VUs  11.9s/30s  150.00 iters/s
step_00200 • [   0% ] waiting      0m18.1s   
step_00250 • [   0% ] waiting      0m48.1s   
step_00300 • [   0% ] waiting      1m18.1s   
step_00350 • [   0% ] waiting      1m48.1s   
step_00400 • [   0% ] waiting      2m18.1s   
step_00450 • [   0% ] waiting      2m48.0s   
step_00500 • [   0% ] waiting      3m18.1s   
step_00550 • [   0% ] waiting      3m48.1s   
step_00600 • [   0% ] waiting      4m18.1s   
step_00650 • [   0% ] waiting      4m48.1s   
step_00700 • [   0% ] waiting      5m18.1s   
step_00750 • [   0% ] waiting      5m48.1s   
step_00800 • [   0% ] waiting      6m18.1s   
step_00850 • [   0% ] waiting      6m48.1s   
step_00900 • [   0% ] waiting      7m18.1s   
step_00950 • [   0% ] waiting      7m48.1s   
step_01000 • [   0% ] waiting      8m18.1s   

running (01m13.0s), 0000/0390 VUs, 6445 complete and 0 interrupted iterations
step_00050 ✓ [ 100% ] 000/020 VUs  30s        50.00 iters/s
step_00100 ✓ [ 100% ] 000/020 VUs  30s        100.00 iters/s
step_00150   [  43% ] 000/030 VUs  12.9s/30s  150.00 iters/s
step_00200 • [   0% ] waiting      0m17.1s   
step_00250 • [   0% ] waiting      0m47.1s   
step_00300 • [   0% ] waiting      1m17.1s   
step_00350 • [   0% ] waiting      1m47.1s   
step_00400 • [   0% ] waiting      2m17.1s   
step_00450 • [   0% ] waiting      2m47.0s   
step_00500 • [   0% ] waiting      3m17.1s   
step_00550 • [   0% ] waiting      3m47.1s   
step_00600 • [   0% ] waiting      4m17.1s   
step_00650 • [   0% ] waiting      4m47.1s   
step_00700 • [   0% ] waiting      5m17.1s   
step_00750 • [   0% ] waiting      5m47.1s   
step_00800 • [   0% ] waiting      6m17.1s   
step_00850 • [   0% ] waiting      6m47.1s   
step_00900 • [   0% ] waiting      7m17.1s   
step_00950 • [   0% ] waiting      7m47.1s   
step_01000 • [   0% ] waiting      8m17.1s   

running (01m14.0s), 0000/0390 VUs, 6595 complete and 0 interrupted iterations
step_00050 ✓ [ 100% ] 000/020 VUs  30s        50.00 iters/s
step_00100 ✓ [ 100% ] 000/020 VUs  30s        100.00 iters/s
step_00150   [  46% ] 000/030 VUs  13.9s/30s  150.00 iters/s
step_00200 • [   0% ] waiting      0m16.0s   
step_00250 • [   0% ] waiting      0m46.0s   
step_00300 • [   0% ] waiting      1m16.0s   
step_00350 • [   0% ] waiting      1m46.0s   
step_00400 • [   0% ] waiting      2m16.0s   
step_00450 • [   0% ] waiting      2m46.0s   
step_00500 • [   0% ] waiting      3m16.0s   
step_00550 • [   0% ] waiting      3m46.0s   
step_00600 • [   0% ] waiting      4m16.0s   
step_00650 • [   0% ] waiting      4m46.0s   
step_00700 • [   0% ] waiting      5m16.0s   
step_00750 • [   0% ] waiting      5m46.0s   
step_00800 • [   0% ] waiting      6m16.0s   
step_00850 • [   0% ] waiting      6m46.0s   
step_00900 • [   0% ] waiting      7m16.0s   
step_00950 • [   0% ] waiting      7m46.0s   
step_01000 • [   0% ] waiting      8m16.0s   

running (01m15.0s), 0000/0390 VUs, 6745 complete and 0 interrupted iterations
step_00050 ✓ [ 100% ] 000/020 VUs  30s        50.00 iters/s
step_00100 ✓ [ 100% ] 000/020 VUs  30s        100.00 iters/s
step_00150   [  50% ] 000/030 VUs  14.9s/30s  150.00 iters/s
step_00200 • [   0% ] waiting      0m15.1s   
step_00250 • [   0% ] waiting      0m45.1s   
step_00300 • [   0% ] waiting      1m15.1s   
step_00350 • [   0% ] waiting      1m45.1s   
step_00400 • [   0% ] waiting      2m15.1s   
step_00450 • [   0% ] waiting      2m45.0s   
step_00500 • [   0% ] waiting      3m15.1s   
step_00550 • [   0% ] waiting      3m45.1s   
step_00600 • [   0% ] waiting      4m15.1s   
step_00650 • [   0% ] waiting      4m45.1s   
step_00700 • [   0% ] waiting      5m15.1s   
step_00750 • [   0% ] waiting      5m45.1s   
step_00800 • [   0% ] waiting      6m15.1s   
step_00850 • [   0% ] waiting      6m45.1s   
step_00900 • [   0% ] waiting      7m15.1s   
step_00950 • [   0% ] waiting      7m45.1s   
step_01000 • [   0% ] waiting      8m15.1s   

running (01m16.0s), 0001/0390 VUs, 6894 complete and 0 interrupted iterations
step_00050 ✓ [ 100% ] 000/020 VUs  30s        50.00 iters/s
step_00100 ✓ [ 100% ] 000/020 VUs  30s        100.00 iters/s
step_00150   [  53% ] 001/030 VUs  15.9s/30s  150.00 iters/s
step_00200 • [   0% ] waiting      0m14.0s   
step_00250 • [   0% ] waiting      0m44.0s   
step_00300 • [   0% ] waiting      1m14.0s   
step_00350 • [   0% ] waiting      1m44.0s   
step_00400 • [   0% ] waiting      2m14.0s   
step_00450 • [   0% ] waiting      2m44.0s   
step_00500 • [   0% ] waiting      3m14.0s   
step_00550 • [   0% ] waiting      3m44.0s   
step_00600 • [   0% ] waiting      4m14.0s   
step_00650 • [   0% ] waiting      4m44.0s   
step_00700 • [   0% ] waiting      5m14.0s   
step_00750 • [   0% ] waiting      5m44.0s   
step_00800 • [   0% ] waiting      6m14.0s   
step_00850 • [   0% ] waiting      6m44.0s   
step_00900 • [   0% ] waiting      7m14.0s   
step_00950 • [   0% ] waiting      7m44.0s   
step_01000 • [   0% ] waiting      8m14.0s   

running (01m17.0s), 0001/0390 VUs, 7044 complete and 0 interrupted iterations
step_00050 ✓ [ 100% ] 000/020 VUs  30s        50.00 iters/s
step_00100 ✓ [ 100% ] 000/020 VUs  30s        100.00 iters/s
step_00150   [  56% ] 001/030 VUs  16.9s/30s  150.00 iters/s
step_00200 • [   0% ] waiting      0m13.1s   
step_00250 • [   0% ] waiting      0m43.1s   
step_00300 • [   0% ] waiting      1m13.1s   
step_00350 • [   0% ] waiting      1m43.1s   
step_00400 • [   0% ] waiting      2m13.1s   
step_00450 • [   0% ] waiting      2m43.0s   
step_00500 • [   0% ] waiting      3m13.0s   
step_00550 • [   0% ] waiting      3m43.0s   
step_00600 • [   0% ] waiting      4m13.0s   
step_00650 • [   0% ] waiting      4m43.0s   
step_00700 • [   0% ] waiting      5m13.1s   
step_00750 • [   0% ] waiting      5m43.1s   
step_00800 • [   0% ] waiting      6m13.1s   
step_00850 • [   0% ] waiting      6m43.1s   
step_00900 • [   0% ] waiting      7m13.1s   
step_00950 • [   0% ] waiting      7m43.1s   
step_01000 • [   0% ] waiting      8m13.0s   

running (01m18.0s), 0001/0390 VUs, 7194 complete and 0 interrupted iterations
step_00050 ✓ [ 100% ] 000/020 VUs  30s        50.00 iters/s
step_00100 ✓ [ 100% ] 000/020 VUs  30s        100.00 iters/s
step_00150   [  60% ] 001/030 VUs  17.9s/30s  150.00 iters/s
step_00200 • [   0% ] waiting      0m12.0s   
step_00250 • [   0% ] waiting      0m42.0s   
step_00300 • [   0% ] waiting      1m12.0s   
step_00350 • [   0% ] waiting      1m42.0s   
step_00400 • [   0% ] waiting      2m12.0s   
step_00450 • [   0% ] waiting      2m42.0s   
step_00500 • [   0% ] waiting      3m12.0s   
step_00550 • [   0% ] waiting      3m42.0s   
step_00600 • [   0% ] waiting      4m12.0s   
step_00650 • [   0% ] waiting      4m42.0s   
step_00700 • [   0% ] waiting      5m12.0s   
step_00750 • [   0% ] waiting      5m42.0s   
step_00800 • [   0% ] waiting      6m12.0s   
step_00850 • [   0% ] waiting      6m42.0s   
step_00900 • [   0% ] waiting      7m12.0s   
step_00950 • [   0% ] waiting      7m42.0s   
step_01000 • [   0% ] waiting      8m12.0s   

running (01m19.0s), 0000/0390 VUs, 7345 complete and 0 interrupted iterations
step_00050 ✓ [ 100% ] 000/020 VUs  30s        50.00 iters/s
step_00100 ✓ [ 100% ] 000/020 VUs  30s        100.00 iters/s
step_00150   [  63% ] 000/030 VUs  18.9s/30s  150.00 iters/s
step_00200 • [   0% ] waiting      0m11.1s   
step_00250 • [   0% ] waiting      0m41.1s   
step_00300 • [   0% ] waiting      1m11.1s   
step_00350 • [   0% ] waiting      1m41.1s   
step_00400 • [   0% ] waiting      2m11.1s   
step_00450 • [   0% ] waiting      2m41.0s   
step_00500 • [   0% ] waiting      3m11.1s   
step_00550 • [   0% ] waiting      3m41.1s   
step_00600 • [   0% ] waiting      4m11.1s   
step_00650 • [   0% ] waiting      4m41.1s   
step_00700 • [   0% ] waiting      5m11.1s   
step_00750 • [   0% ] waiting      5m41.1s   
step_00800 • [   0% ] waiting      6m11.1s   
step_00850 • [   0% ] waiting      6m41.1s   
step_00900 • [   0% ] waiting      7m11.1s   
step_00950 • [   0% ] waiting      7m41.1s   
step_01000 • [   0% ] waiting      8m11.1s   

running (01m20.0s), 0001/0390 VUs, 7494 complete and 0 interrupted iterations
step_00050 ✓ [ 100% ] 000/020 VUs  30s        50.00 iters/s
step_00100 ✓ [ 100% ] 000/020 VUs  30s        100.00 iters/s
step_00150   [  66% ] 001/030 VUs  19.9s/30s  150.00 iters/s
step_00200 • [   0% ] waiting      0m10.0s   
step_00250 • [   0% ] waiting      0m40.0s   
step_00300 • [   0% ] waiting      1m10.0s   
step_00350 • [   0% ] waiting      1m40.0s   
step_00400 • [   0% ] waiting      2m10.0s   
step_00450 • [   0% ] waiting      2m40.0s   
step_00500 • [   0% ] waiting      3m10.0s   
step_00550 • [   0% ] waiting      3m40.0s   
step_00600 • [   0% ] waiting      4m10.0s   
step_00650 • [   0% ] waiting      4m40.0s   
step_00700 • [   0% ] waiting      5m10.0s   
step_00750 • [   0% ] waiting      5m40.0s   
step_00800 • [   0% ] waiting      6m10.0s   
step_00850 • [   0% ] waiting      6m40.0s   
step_00900 • [   0% ] waiting      7m10.0s   
step_00950 • [   0% ] waiting      7m40.0s   
step_01000 • [   0% ] waiting      8m10.0s   

running (01m21.0s), 0001/0390 VUs, 7644 complete and 0 interrupted iterations
step_00050 ✓ [ 100% ] 000/020 VUs  30s        50.00 iters/s
step_00100 ✓ [ 100% ] 000/020 VUs  30s        100.00 iters/s
step_00150   [  70% ] 000/030 VUs  20.9s/30s  150.00 iters/s
step_00200 • [   0% ] waiting      0m09.1s   
step_00250 • [   0% ] waiting      0m39.1s   
step_00300 • [   0% ] waiting      1m09.1s   
step_00350 • [   0% ] waiting      1m39.1s   
step_00400 • [   0% ] waiting      2m09.1s   
step_00450 • [   0% ] waiting      2m39.0s   
step_00500 • [   0% ] waiting      3m09.1s   
step_00550 • [   0% ] waiting      3m39.1s   
step_00600 • [   0% ] waiting      4m09.1s   
step_00650 • [   0% ] waiting      4m39.1s   
step_00700 • [   0% ] waiting      5m09.1s   
step_00750 • [   0% ] waiting      5m39.1s   
step_00800 • [   0% ] waiting      6m09.1s   
step_00850 • [   0% ] waiting      6m39.1s   
step_00900 • [   0% ] waiting      7m09.1s   
step_00950 • [   0% ] waiting      7m39.1s   
step_01000 • [   0% ] waiting      8m09.1s   

running (01m22.0s), 0001/0390 VUs, 7794 complete and 0 interrupted iterations
step_00050 ✓ [ 100% ] 000/020 VUs  30s        50.00 iters/s
step_00100 ✓ [ 100% ] 000/020 VUs  30s        100.00 iters/s
step_00150   [  73% ] 001/030 VUs  21.9s/30s  150.00 iters/s
step_00200 • [   0% ] waiting      0m08.0s   
step_00250 • [   0% ] waiting      0m38.0s   
step_00300 • [   0% ] waiting      1m08.1s   
step_00350 • [   0% ] waiting      1m38.0s   
step_00400 • [   0% ] waiting      2m08.1s   
step_00450 • [   0% ] waiting      2m38.0s   
step_00500 • [   0% ] waiting      3m08.0s   
step_00550 • [   0% ] waiting      3m38.0s   
step_00600 • [   0% ] waiting      4m08.0s   
step_00650 • [   0% ] waiting      4m38.0s   
step_00700 • [   0% ] waiting      5m08.0s   
step_00750 • [   0% ] waiting      5m38.0s   
step_00800 • [   0% ] waiting      6m08.0s   
step_00850 • [   0% ] waiting      6m38.0s   
step_00900 • [   0% ] waiting      7m08.0s   
step_00950 • [   0% ] waiting      7m38.0s   
step_01000 • [   0% ] waiting      8m08.0s   

running (01m23.0s), 0001/0390 VUs, 7944 complete and 0 interrupted iterations
step_00050 ✓ [ 100% ] 000/020 VUs  30s        50.00 iters/s
step_00100 ✓ [ 100% ] 000/020 VUs  30s        100.00 iters/s
step_00150   [  76% ] 001/030 VUs  22.9s/30s  150.00 iters/s
step_00200 • [   0% ] waiting      0m07.0s   
step_00250 • [   0% ] waiting      0m37.0s   
step_00300 • [   0% ] waiting      1m07.0s   
step_00350 • [   0% ] waiting      1m37.0s   
step_00400 • [   0% ] waiting      2m07.0s   
step_00450 • [   0% ] waiting      2m37.0s   
step_00500 • [   0% ] waiting      3m07.0s   
step_00550 • [   0% ] waiting      3m37.0s   
step_00600 • [   0% ] waiting      4m07.0s   
step_00650 • [   0% ] waiting      4m37.0s   
step_00700 • [   0% ] waiting      5m07.0s   
step_00750 • [   0% ] waiting      5m37.0s   
step_00800 • [   0% ] waiting      6m07.0s   
step_00850 • [   0% ] waiting      6m37.0s   
step_00900 • [   0% ] waiting      7m07.0s   
step_00950 • [   0% ] waiting      7m37.0s   
step_01000 • [   0% ] waiting      8m07.0s   

running (01m24.0s), 0001/0390 VUs, 8094 complete and 0 interrupted iterations
step_00050 ✓ [ 100% ] 000/020 VUs  30s        50.00 iters/s
step_00100 ✓ [ 100% ] 000/020 VUs  30s        100.00 iters/s
step_00150   [  80% ] 001/030 VUs  23.9s/30s  150.00 iters/s
step_00200 • [   0% ] waiting      0m06.0s   
step_00250 • [   0% ] waiting      0m36.0s   
step_00300 • [   0% ] waiting      1m06.0s   
step_00350 • [   0% ] waiting      1m36.0s   
step_00400 • [   0% ] waiting      2m06.0s   
step_00450 • [   0% ] waiting      2m36.0s   
step_00500 • [   0% ] waiting      3m06.0s   
step_00550 • [   0% ] waiting      3m36.0s   
step_00600 • [   0% ] waiting      4m06.0s   
step_00650 • [   0% ] waiting      4m36.0s   
step_00700 • [   0% ] waiting      5m06.0s   
step_00750 • [   0% ] waiting      5m36.0s   
step_00800 • [   0% ] waiting      6m06.0s   
step_00850 • [   0% ] waiting      6m36.0s   
step_00900 • [   0% ] waiting      7m06.0s   
step_00950 • [   0% ] waiting      7m36.0s   
step_01000 • [   0% ] waiting      8m06.0s   

running (01m25.0s), 0001/0390 VUs, 8244 complete and 0 interrupted iterations
step_00050 ✓ [ 100% ] 000/020 VUs  30s        50.00 iters/s
step_00100 ✓ [ 100% ] 000/020 VUs  30s        100.00 iters/s
step_00150   [  83% ] 001/030 VUs  24.9s/30s  150.00 iters/s
step_00200 • [   0% ] waiting      0m05.1s   
step_00250 • [   0% ] waiting      0m35.1s   
step_00300 • [   0% ] waiting      1m05.1s   
step_00350 • [   0% ] waiting      1m35.1s   
step_00400 • [   0% ] waiting      2m05.1s   
step_00450 • [   0% ] waiting      2m35.0s   
step_00500 • [   0% ] waiting      3m05.1s   
step_00550 • [   0% ] waiting      3m35.1s   
step_00600 • [   0% ] waiting      4m05.1s   
step_00650 • [   0% ] waiting      4m35.1s   
step_00700 • [   0% ] waiting      5m05.1s   
step_00750 • [   0% ] waiting      5m35.1s   
step_00800 • [   0% ] waiting      6m05.1s   
step_00850 • [   0% ] waiting      6m35.1s   
step_00900 • [   0% ] waiting      7m05.1s   
step_00950 • [   0% ] waiting      7m35.1s   
step_01000 • [   0% ] waiting      8m05.0s   

running (01m26.0s), 0000/0390 VUs, 8395 complete and 0 interrupted iterations
step_00050 ✓ [ 100% ] 000/020 VUs  30s        50.00 iters/s
step_00100 ✓ [ 100% ] 000/020 VUs  30s        100.00 iters/s
step_00150   [  86% ] 000/030 VUs  25.9s/30s  150.00 iters/s
step_00200 • [   0% ] waiting      0m04.1s   
step_00250 • [   0% ] waiting      0m34.1s   
step_00300 • [   0% ] waiting      1m04.1s   
step_00350 • [   0% ] waiting      1m34.1s   
step_00400 • [   0% ] waiting      2m04.1s   
step_00450 • [   0% ] waiting      2m34.0s   
step_00500 • [   0% ] waiting      3m04.1s   
step_00550 • [   0% ] waiting      3m34.1s   
step_00600 • [   0% ] waiting      4m04.1s   
step_00650 • [   0% ] waiting      4m34.1s   
step_00700 • [   0% ] waiting      5m04.1s   
step_00750 • [   0% ] waiting      5m34.1s   
step_00800 • [   0% ] waiting      6m04.1s   
step_00850 • [   0% ] waiting      6m34.1s   
step_00900 • [   0% ] waiting      7m04.1s   
step_00950 • [   0% ] waiting      7m34.1s   
step_01000 • [   0% ] waiting      8m04.1s   

running (01m27.0s), 0001/0390 VUs, 8544 complete and 0 interrupted iterations
step_00050 ✓ [ 100% ] 000/020 VUs  30s        50.00 iters/s
step_00100 ✓ [ 100% ] 000/020 VUs  30s        100.00 iters/s
step_00150   [  90% ] 001/030 VUs  26.9s/30s  150.00 iters/s
step_00200 • [   0% ] waiting      0m03.0s   
step_00250 • [   0% ] waiting      0m33.0s   
step_00300 • [   0% ] waiting      1m03.1s   
step_00350 • [   0% ] waiting      1m33.0s   
step_00400 • [   0% ] waiting      2m03.1s   
step_00450 • [   0% ] waiting      2m33.0s   
step_00500 • [   0% ] waiting      3m03.0s   
step_00550 • [   0% ] waiting      3m33.0s   
step_00600 • [   0% ] waiting      4m03.0s   
step_00650 • [   0% ] waiting      4m33.0s   
step_00700 • [   0% ] waiting      5m03.0s   
step_00750 • [   0% ] waiting      5m33.0s   
step_00800 • [   0% ] waiting      6m03.0s   
step_00850 • [   0% ] waiting      6m33.0s   
step_00900 • [   0% ] waiting      7m03.0s   
step_00950 • [   0% ] waiting      7m33.0s   
step_01000 • [   0% ] waiting      8m03.0s   

running (01m28.0s), 0000/0390 VUs, 8695 complete and 0 interrupted iterations
step_00050 ✓ [ 100% ] 000/020 VUs  30s        50.00 iters/s
step_00100 ✓ [ 100% ] 000/020 VUs  30s        100.00 iters/s
step_00150   [  93% ] 000/030 VUs  27.9s/30s  150.00 iters/s
step_00200 • [   0% ] waiting      0m02.1s   
step_00250 • [   0% ] waiting      0m32.1s   
step_00300 • [   0% ] waiting      1m02.1s   
step_00350 • [   0% ] waiting      1m32.1s   
step_00400 • [   0% ] waiting      2m02.1s   
step_00450 • [   0% ] waiting      2m32.0s   
step_00500 • [   0% ] waiting      3m02.1s   
step_00550 • [   0% ] waiting      3m32.1s   
step_00600 • [   0% ] waiting      4m02.1s   
step_00650 • [   0% ] waiting      4m32.1s   
step_00700 • [   0% ] waiting      5m02.1s   
step_00750 • [   0% ] waiting      5m32.1s   
step_00800 • [   0% ] waiting      6m02.1s   
step_00850 • [   0% ] waiting      6m32.1s   
step_00900 • [   0% ] waiting      7m02.1s   
step_00950 • [   0% ] waiting      7m32.1s   
step_01000 • [   0% ] waiting      8m02.1s   

running (01m29.0s), 0001/0390 VUs, 8844 complete and 0 interrupted iterations
step_00050 ✓ [ 100% ] 000/020 VUs  30s        50.00 iters/s
step_00100 ✓ [ 100% ] 000/020 VUs  30s        100.00 iters/s
step_00150   [  96% ] 001/030 VUs  28.9s/30s  150.00 iters/s
step_00200 • [   0% ] waiting      0m01.0s   
step_00250 • [   0% ] waiting      0m31.0s   
step_00300 • [   0% ] waiting      1m01.0s   
step_00350 • [   0% ] waiting      1m31.0s   
step_00400 • [   0% ] waiting      2m01.0s   
step_00450 • [   0% ] waiting      2m31.0s   
step_00500 • [   0% ] waiting      3m01.0s   
step_00550 • [   0% ] waiting      3m31.0s   
step_00600 • [   0% ] waiting      4m01.0s   
step_00650 • [   0% ] waiting      4m31.0s   
step_00700 • [   0% ] waiting      5m01.0s   
step_00750 • [   0% ] waiting      5m31.0s   
step_00800 • [   0% ] waiting      6m01.0s   
step_00850 • [   0% ] waiting      6m31.0s   
step_00900 • [   0% ] waiting      7m01.0s   
step_00950 • [   0% ] waiting      7m31.0s   
step_01000 • [   0% ] waiting      8m01.0s   

running (01m30.0s), 0001/0390 VUs, 8994 complete and 0 interrupted iterations
step_00050 ✓ [ 100% ] 000/020 VUs  30s        50.00 iters/s
step_00100 ✓ [ 100% ] 000/020 VUs  30s        100.00 iters/s
step_00150   [ 100% ] 001/030 VUs  29.9s/30s  150.00 iters/s
step_00200 • [   0% ] waiting      0m00.1s   
step_00250 • [   0% ] waiting      0m30.0s   
step_00300 • [   0% ] waiting      1m00.1s   
step_00350 • [   0% ] waiting      1m30.1s   
step_00400 • [   0% ] waiting      2m00.1s   
step_00450 • [   0% ] waiting      2m30.0s   
step_00500 • [   0% ] waiting      3m00.0s   
step_00550 • [   0% ] waiting      3m30.0s   
step_00600 • [   0% ] waiting      4m00.0s   
step_00650 • [   0% ] waiting      4m30.0s   
step_00700 • [   0% ] waiting      5m00.0s   
step_00750 • [   0% ] waiting      5m30.0s   
step_00800 • [   0% ] waiting      6m00.0s   
step_00850 • [   0% ] waiting      6m30.0s   
step_00900 • [   0% ] waiting      7m00.0s   
step_00950 • [   0% ] waiting      7m30.0s   
step_01000 • [   0% ] waiting      8m00.0s   

running (01m31.0s), 0000/0390 VUs, 9192 complete and 0 interrupted iterations
step_00050 ✓ [ 100% ] 000/020 VUs  30s        50.00 iters/s
step_00100 ✓ [ 100% ] 000/020 VUs  30s        100.00 iters/s
step_00150 ✓ [ 100% ] 000/030 VUs  30s        150.00 iters/s
step_00200   [   3% ] 000/040 VUs  00.9s/30s  200.00 iters/s
step_00250 • [   0% ] waiting      0m29.0s   
step_00300 • [   0% ] waiting      0m59.0s   
step_00350 • [   0% ] waiting      1m29.0s   
step_00400 • [   0% ] waiting      1m59.0s   
step_00450 • [   0% ] waiting      2m29.0s   
step_00500 • [   0% ] waiting      2m59.0s   
step_00550 • [   0% ] waiting      3m29.0s   
step_00600 • [   0% ] waiting      3m59.0s   
step_00650 • [   0% ] waiting      4m29.0s   
step_00700 • [   0% ] waiting      4m59.0s   
step_00750 • [   0% ] waiting      5m29.0s   
step_00800 • [   0% ] waiting      5m59.0s   
step_00850 • [   0% ] waiting      6m29.0s   
step_00900 • [   0% ] waiting      6m59.0s   
step_00950 • [   0% ] waiting      7m29.0s   
step_01000 • [   0% ] waiting      7m59.0s   

running (01m32.0s), 0000/0390 VUs, 9392 complete and 0 interrupted iterations
step_00050 ✓ [ 100% ] 000/020 VUs  30s        50.00 iters/s
step_00100 ✓ [ 100% ] 000/020 VUs  30s        100.00 iters/s
step_00150 ✓ [ 100% ] 000/030 VUs  30s        150.00 iters/s
step_00200   [   6% ] 000/040 VUs  01.9s/30s  200.00 iters/s
step_00250 • [   0% ] waiting      0m28.0s   
step_00300 • [   0% ] waiting      0m58.0s   
step_00350 • [   0% ] waiting      1m28.0s   
step_00400 • [   0% ] waiting      1m58.0s   
step_00450 • [   0% ] waiting      2m28.0s   
step_00500 • [   0% ] waiting      2m58.0s   
step_00550 • [   0% ] waiting      3m28.0s   
step_00600 • [   0% ] waiting      3m58.0s   
step_00650 • [   0% ] waiting      4m28.0s   
step_00700 • [   0% ] waiting      4m58.0s   
step_00750 • [   0% ] waiting      5m28.0s   
step_00800 • [   0% ] waiting      5m58.0s   
step_00850 • [   0% ] waiting      6m28.0s   
step_00900 • [   0% ] waiting      6m58.0s   
step_00950 • [   0% ] waiting      7m28.0s   
step_01000 • [   0% ] waiting      7m58.0s   

running (01m33.0s), 0000/0390 VUs, 9592 complete and 0 interrupted iterations
step_00050 ✓ [ 100% ] 000/020 VUs  30s        50.00 iters/s
step_00100 ✓ [ 100% ] 000/020 VUs  30s        100.00 iters/s
step_00150 ✓ [ 100% ] 000/030 VUs  30s        150.00 iters/s
step_00200   [  10% ] 000/040 VUs  02.9s/30s  200.00 iters/s
step_00250 • [   0% ] waiting      0m27.0s   
step_00300 • [   0% ] waiting      0m57.0s   
step_00350 • [   0% ] waiting      1m27.0s   
step_00400 • [   0% ] waiting      1m57.0s   
step_00450 • [   0% ] waiting      2m27.0s   
step_00500 • [   0% ] waiting      2m57.0s   
step_00550 • [   0% ] waiting      3m27.0s   
step_00600 • [   0% ] waiting      3m57.0s   
step_00650 • [   0% ] waiting      4m27.0s   
step_00700 • [   0% ] waiting      4m57.0s   
step_00750 • [   0% ] waiting      5m27.0s   
step_00800 • [   0% ] waiting      5m57.0s   
step_00850 • [   0% ] waiting      6m27.0s   
step_00900 • [   0% ] waiting      6m57.0s   
step_00950 • [   0% ] waiting      7m27.0s   
step_01000 • [   0% ] waiting      7m57.0s   

running (01m34.0s), 0000/0390 VUs, 9792 complete and 0 interrupted iterations
step_00050 ✓ [ 100% ] 000/020 VUs  30s        50.00 iters/s
step_00100 ✓ [ 100% ] 000/020 VUs  30s        100.00 iters/s
step_00150 ✓ [ 100% ] 000/030 VUs  30s        150.00 iters/s
step_00200   [  13% ] 000/040 VUs  03.9s/30s  200.00 iters/s
step_00250 • [   0% ] waiting      0m26.0s   
step_00300 • [   0% ] waiting      0m56.1s   
step_00350 • [   0% ] waiting      1m26.0s   
step_00400 • [   0% ] waiting      1m56.1s   
step_00450 • [   0% ] waiting      2m26.0s   
step_00500 • [   0% ] waiting      2m56.0s   
step_00550 • [   0% ] waiting      3m26.0s   
step_00600 • [   0% ] waiting      3m56.0s   
step_00650 • [   0% ] waiting      4m26.0s   
step_00700 • [   0% ] waiting      4m56.0s   
step_00750 • [   0% ] waiting      5m26.0s   
step_00800 • [   0% ] waiting      5m56.0s   
step_00850 • [   0% ] waiting      6m26.0s   
step_00900 • [   0% ] waiting      6m56.0s   
step_00950 • [   0% ] waiting      7m26.0s   
step_01000 • [   0% ] waiting      7m56.0s   

running (01m35.0s), 0000/0390 VUs, 9992 complete and 0 interrupted iterations
step_00050 ✓ [ 100% ] 000/020 VUs  30s        50.00 iters/s
step_00100 ✓ [ 100% ] 000/020 VUs  30s        100.00 iters/s
step_00150 ✓ [ 100% ] 000/030 VUs  30s        150.00 iters/s
step_00200   [  16% ] 000/040 VUs  04.9s/30s  200.00 iters/s
step_00250 • [   0% ] waiting      0m25.0s   
step_00300 • [   0% ] waiting      0m55.0s   
step_00350 • [   0% ] waiting      1m25.0s   
step_00400 • [   0% ] waiting      1m55.0s   
step_00450 • [   0% ] waiting      2m25.0s   
step_00500 • [   0% ] waiting      2m55.0s   
step_00550 • [   0% ] waiting      3m25.0s   
step_00600 • [   0% ] waiting      3m55.0s   
step_00650 • [   0% ] waiting      4m25.0s   
step_00700 • [   0% ] waiting      4m55.0s   
step_00750 • [   0% ] waiting      5m25.0s   
step_00800 • [   0% ] waiting      5m55.0s   
step_00850 • [   0% ] waiting      6m25.0s   
step_00900 • [   0% ] waiting      6m55.0s   
step_00950 • [   0% ] waiting      7m25.0s   
step_01000 • [   0% ] waiting      7m55.0s   

running (01m36.0s), 0000/0390 VUs, 10192 complete and 0 interrupted iterations
step_00050 ✓ [ 100% ] 000/020 VUs  30s        50.00 iters/s
step_00100 ✓ [ 100% ] 000/020 VUs  30s        100.00 iters/s
step_00150 ✓ [ 100% ] 000/030 VUs  30s        150.00 iters/s
step_00200   [  20% ] 000/040 VUs  05.9s/30s  200.00 iters/s
step_00250 • [   0% ] waiting      0m24.0s   
step_00300 • [   0% ] waiting      0m54.0s   
step_00350 • [   0% ] waiting      1m24.0s   
step_00400 • [   0% ] waiting      1m54.0s   
step_00450 • [   0% ] waiting      2m24.0s   
step_00500 • [   0% ] waiting      2m54.0s   
step_00550 • [   0% ] waiting      3m24.0s   
step_00600 • [   0% ] waiting      3m54.0s   
step_00650 • [   0% ] waiting      4m24.0s   
step_00700 • [   0% ] waiting      4m54.0s   
step_00750 • [   0% ] waiting      5m24.0s   
step_00800 • [   0% ] waiting      5m54.0s   
step_00850 • [   0% ] waiting      6m24.0s   
step_00900 • [   0% ] waiting      6m54.0s   
step_00950 • [   0% ] waiting      7m24.0s   
step_01000 • [   0% ] waiting      7m54.0s   

running (01m37.0s), 0000/0390 VUs, 10392 complete and 0 interrupted iterations
step_00050 ✓ [ 100% ] 000/020 VUs  30s        50.00 iters/s
step_00100 ✓ [ 100% ] 000/020 VUs  30s        100.00 iters/s
step_00150 ✓ [ 100% ] 000/030 VUs  30s        150.00 iters/s
step_00200   [  23% ] 000/040 VUs  06.9s/30s  200.00 iters/s
step_00250 • [   0% ] waiting      0m23.1s   
step_00300 • [   0% ] waiting      0m53.1s   
step_00350 • [   0% ] waiting      1m23.1s   
step_00400 • [   0% ] waiting      1m53.1s   
step_00450 • [   0% ] waiting      2m23.0s   
step_00500 • [   0% ] waiting      2m53.1s   
step_00550 • [   0% ] waiting      3m23.1s   
step_00600 • [   0% ] waiting      3m53.1s   
step_00650 • [   0% ] waiting      4m23.1s   
step_00700 • [   0% ] waiting      4m53.1s   
step_00750 • [   0% ] waiting      5m23.1s   
step_00800 • [   0% ] waiting      5m53.1s   
step_00850 • [   0% ] waiting      6m23.1s   
step_00900 • [   0% ] waiting      6m53.1s   
step_00950 • [   0% ] waiting      7m23.1s   
step_01000 • [   0% ] waiting      7m53.1s   

running (01m38.0s), 0000/0390 VUs, 10592 complete and 0 interrupted iterations
step_00050 ✓ [ 100% ] 000/020 VUs  30s        50.00 iters/s
step_00100 ✓ [ 100% ] 000/020 VUs  30s        100.00 iters/s
step_00150 ✓ [ 100% ] 000/030 VUs  30s        150.00 iters/s
step_00200   [  26% ] 000/040 VUs  07.9s/30s  200.00 iters/s
step_00250 • [   0% ] waiting      0m22.0s   
step_00300 • [   0% ] waiting      0m52.0s   
step_00350 • [   0% ] waiting      1m22.0s   
step_00400 • [   0% ] waiting      1m52.0s   
step_00450 • [   0% ] waiting      2m22.0s   
step_00500 • [   0% ] waiting      2m52.0s   
step_00550 • [   0% ] waiting      3m22.0s   
step_00600 • [   0% ] waiting      3m52.0s   
step_00650 • [   0% ] waiting      4m22.0s   
step_00700 • [   0% ] waiting      4m52.0s   
step_00750 • [   0% ] waiting      5m22.0s   
step_00800 • [   0% ] waiting      5m52.0s   
step_00850 • [   0% ] waiting      6m22.0s   
step_00900 • [   0% ] waiting      6m52.0s   
step_00950 • [   0% ] waiting      7m22.0s   
step_01000 • [   0% ] waiting      7m52.0s   

running (01m39.0s), 0000/0390 VUs, 10792 complete and 0 interrupted iterations
step_00050 ✓ [ 100% ] 000/020 VUs  30s        50.00 iters/s
step_00100 ✓ [ 100% ] 000/020 VUs  30s        100.00 iters/s
step_00150 ✓ [ 100% ] 000/030 VUs  30s        150.00 iters/s
step_00200   [  30% ] 000/040 VUs  08.9s/30s  200.00 iters/s
step_00250 • [   0% ] waiting      0m21.0s   
step_00300 • [   0% ] waiting      0m51.0s   
step_00350 • [   0% ] waiting      1m21.0s   
step_00400 • [   0% ] waiting      1m51.0s   
step_00450 • [   0% ] waiting      2m21.0s   
step_00500 • [   0% ] waiting      2m51.0s   
step_00550 • [   0% ] waiting      3m21.0s   
step_00600 • [   0% ] waiting      3m51.0s   
step_00650 • [   0% ] waiting      4m21.0s   
step_00700 • [   0% ] waiting      4m51.0s   
step_00750 • [   0% ] waiting      5m21.0s   
step_00800 • [   0% ] waiting      5m51.0s   
step_00850 • [   0% ] waiting      6m21.0s   
step_00900 • [   0% ] waiting      6m51.0s   
step_00950 • [   0% ] waiting      7m21.0s   
step_01000 • [   0% ] waiting      7m51.0s   

running (01m40.0s), 0000/0390 VUs, 10992 complete and 0 interrupted iterations
step_00050 ✓ [ 100% ] 000/020 VUs  30s        50.00 iters/s
step_00100 ✓ [ 100% ] 000/020 VUs  30s        100.00 iters/s
step_00150 ✓ [ 100% ] 000/030 VUs  30s        150.00 iters/s
step_00200   [  33% ] 000/040 VUs  09.9s/30s  200.00 iters/s
step_00250 • [   0% ] waiting      0m20.0s   
step_00300 • [   0% ] waiting      0m50.0s   
step_00350 • [   0% ] waiting      1m20.0s   
step_00400 • [   0% ] waiting      1m50.0s   
step_00450 • [   0% ] waiting      2m20.0s   
step_00500 • [   0% ] waiting      2m50.0s   
step_00550 • [   0% ] waiting      3m20.0s   
step_00600 • [   0% ] waiting      3m50.0s   
step_00650 • [   0% ] waiting      4m20.0s   
step_00700 • [   0% ] waiting      4m50.0s   
step_00750 • [   0% ] waiting      5m20.0s   
step_00800 • [   0% ] waiting      5m50.0s   
step_00850 • [   0% ] waiting      6m20.0s   
step_00900 • [   0% ] waiting      6m50.0s   
step_00950 • [   0% ] waiting      7m20.0s   
step_01000 • [   0% ] waiting      7m50.0s   

open-loop ramp: 20 steps, 50..1000 rps in 50 rps steps of 30s
dropped_iterations = 0
wrote /Users/katha/Desktop/EliteLabIndividual_Research/testbedForFinApiZTA/microservices-api/psao-artifact/data/runs/2026-09-13T17-08-27Z-ramp-S1/k6_steps.csv

running (01m40.2s), 0000/0390 VUs, 11039 complete and 1 interrupted iterations
step_00050 ✓ [ 100% ] 000/020 VUs  30s        50.00 iters/s
step_00100 ✓ [ 100% ] 000/020 VUs  30s        100.00 iters/s
step_00150 ✓ [ 100% ] 000/030 VUs  30s        150.00 iters/s
step_00200 ✗ [  34% ] 001/040 VUs  10.2s/30s  200.00 iters/s
step_00250 • [   0% ] waiting      0m19.8s   
step_00300 • [   0% ] waiting      0m49.8s   
step_00350 • [   0% ] waiting      1m19.8s   
step_00400 • [   0% ] waiting      1m49.8s   
step_00450 • [   0% ] waiting      2m19.8s   
step_00500 • [   0% ] waiting      2m49.8s   
step_00550 • [   0% ] waiting      3m19.8s   
step_00600 • [   0% ] waiting      3m49.8s   
step_00650 • [   0% ] waiting      4m19.8s   
step_00700 • [   0% ] waiting      4m49.8s   
step_00750 • [   0% ] waiting      5m19.8s   
step_00800 • [   0% ] waiting      5m49.8s   
step_00850 • [   0% ] waiting      6m19.8s   
step_00900 • [   0% ] waiting      6m49.8s   
step_00950 • [   0% ] waiting      7m19.8s   
step_01000 • [   0% ] waiting      7m49.8s   
time="2026-09-13T23:10:11+06:00" level=error msg="test run was aborted because k6 received a 'terminated' signal"
